clean build: wiped sky130hd/d_nw01_cand_chat_scored (results, logs, objects, reports)
constraining to CLK_PERIOD_NS=7.5000 (SDC + synthesis)
OPENROAD: /OpenROAD-flow-scripts/tools/OpenROAD
mkdir -p results/sky130hd/d_nw01_cand_chat_scored/base/
echo 7500 > results/sky130hd/d_nw01_cand_chat_scored/base/clock_period.txt
/OpenROAD-flow-scripts/flow/scripts/synth.sh /OpenROAD-flow-scripts/flow/scripts/synth_canonicalize.tcl ./logs/sky130hd/d_nw01_cand_chat_scored/base/1_1_yosys_canonicalize.log
Using ABC speed script.
Extracting clock period from SDC file: ./results/sky130hd/d_nw01_cand_chat_scored/base/clock_period.txt
Setting clock period to 7500
1. Executing Liberty frontend: /OpenROAD-flow-scripts/flow/platforms/sky130hd/lib/sky130_fd_sc_hd__tt_025C_1v80.lib
2. Executing Liberty frontend: /OpenROAD-flow-scripts/flow/platforms/sky130hd/lib/sky130_fd_sc_hd__tt_025C_1v80.lib
3. Executing SLANG frontend.
3.1. Executing PROC_CLEAN pass (remove empty switches from decision trees).
3.2. Executing TRIBUF pass.
3.3. Executing PROC_RMDEAD pass (remove dead branches from decision trees).
3.4. Executing PROC_PRUNE pass (remove redundant assignments in processes).
3.5. Executing PROC_INIT pass (extract init attributes).
3.6. Executing PROC_ROM pass (convert switches to ROMs).
3.7. Executing PROC_MUX pass (convert decision trees to multiplexers).
3.8. Executing PROC_CLEAN pass (remove empty switches from decision trees).
3.9. Executing OPT_EXPR pass (perform const folding).
4. Executing HIERARCHY pass (managing design hierarchy).
4.1. Analyzing design hierarchy..
4.2. Analyzing design hierarchy..
5. Executing OPT_CLEAN pass (remove unused cells and wires).
6. Executing RTLIL backend.
End of script. Logfile hash: a462f99212, time: 0.65s, user: 0.54s, system: 0.04s, MEM: 115.59 MB peak
Yosys 0.68+post (git sha1 UNKNOWN, Release, GNU /usr/local/bin/wrapped-cc/g++ 11.4.0)
Time spent: 32% 1x opt_clean (0 sec), 28% 2x read_slang (0 sec), ...
Elapsed time: 0:00.72[h:]min:sec. CPU time: user 0.64 sys 0.05 (95%). Peak memory: 120592KB.
Log                       Ext     Elapsed/s Peak Memory/MB sha1sum result [0:20)
1_1_yosys_canonicalize    .rtlil          0            117 32a68f75536c3a91399d
/OpenROAD-flow-scripts/flow/scripts/synth.sh /OpenROAD-flow-scripts/flow/scripts/synth.tcl ./logs/sky130hd/d_nw01_cand_chat_scored/base/1_2_yosys.log
Using ABC speed script.
Extracting clock period from SDC file: ./results/sky130hd/d_nw01_cand_chat_scored/base/clock_period.txt
Setting clock period to 7500
1. Executing RTLIL frontend.
2. Executing HIERARCHY pass (managing design hierarchy).
2.1. Analyzing design hierarchy..
2.2. Analyzing design hierarchy..
3. Executing SYNTH pass.
3.1. Executing HIERARCHY pass (managing design hierarchy).
3.1.1. Analyzing design hierarchy..
3.1.2. Analyzing design hierarchy..
3.2. Executing PROC pass (convert processes to netlists).
3.2.1. Executing PROC_CLEAN pass (remove empty switches from decision trees).
3.2.2. Executing PROC_RMDEAD pass (remove dead branches from decision trees).
3.2.3. Executing PROC_PRUNE pass (remove redundant assignments in processes).
3.2.4. Executing PROC_INIT pass (extract init attributes).
3.2.5. Executing PROC_ARST pass (detect async resets in processes).
3.2.6. Executing PROC_ROM pass (convert switches to ROMs).
3.2.7. Executing PROC_MUX pass (convert decision trees to multiplexers).
3.2.8. Executing PROC_DLATCH pass (convert process syncs to latches).
3.2.9. Executing PROC_DFF pass (convert process syncs to FFs).
3.2.10. Executing PROC_MEMWR pass (convert process memory writes to cells).
3.2.11. Executing PROC_CLEAN pass (remove empty switches from decision trees).
3.2.12. Executing OPT_EXPR pass (perform const folding).
3.3. Executing CHECK pass (checking for obvious problems).
3.4. Executing FLATTEN pass (flatten design).
3.5. Executing OPT_EXPR pass (perform const folding).
3.6. Executing OPT_CLEAN pass (remove unused cells and wires).
3.7. Executing CHECK pass (checking for obvious problems).
3.8. Executing OPT pass (performing simple optimizations).
3.8.1. Executing OPT_EXPR pass (perform const folding).
3.8.2. Executing OPT_MERGE pass (detect identical cells).
3.8.3. Executing OPT_MUXTREE pass (detect dead branches in mux trees).
3.8.4. Executing OPT_REDUCE pass (consolidate $*mux and $reduce_* inputs).
3.8.5. Executing OPT_MERGE pass (detect identical cells).
3.8.6. Executing OPT_DFF pass (perform DFF optimizations).
3.8.7. Executing OPT_CLEAN pass (remove unused cells and wires).
3.8.8. Executing OPT_EXPR pass (perform const folding).
3.8.9. Rerunning OPT passes. (Maybe there is more to do..)
3.8.10. Executing OPT_MUXTREE pass (detect dead branches in mux trees).
3.8.11. Executing OPT_REDUCE pass (consolidate $*mux and $reduce_* inputs).
3.8.12. Executing OPT_MERGE pass (detect identical cells).
3.8.13. Executing OPT_DFF pass (perform DFF optimizations).
3.8.14. Executing OPT_CLEAN pass (remove unused cells and wires).
3.8.15. Executing OPT_EXPR pass (perform const folding).
3.8.16. Finished fast OPT passes. (There is nothing left to do.)
3.9. Executing FSM pass (extract and optimize FSM).
3.9.1. Executing FSM_DETECT pass (finding FSMs in design).
3.9.2. Executing FSM_EXTRACT pass (extracting FSM from design).
3.9.3. Executing FSM_OPT pass (simple optimizations of FSMs).
3.9.4. Executing OPT_CLEAN pass (remove unused cells and wires).
3.9.5. Executing FSM_OPT pass (simple optimizations of FSMs).
3.9.6. Executing FSM_RECODE pass (re-assigning FSM state encoding).
3.9.7. Executing FSM_INFO pass (dumping all available information on FSM cells).
3.9.8. Executing FSM_MAP pass (mapping FSMs to basic logic).
3.10. Executing OPT pass (performing simple optimizations).
3.10.1. Executing OPT_EXPR pass (perform const folding).
3.10.2. Executing OPT_MERGE pass (detect identical cells).
3.10.3. Executing OPT_MUXTREE pass (detect dead branches in mux trees).
3.10.4. Executing OPT_REDUCE pass (consolidate $*mux and $reduce_* inputs).
3.10.5. Executing OPT_MERGE pass (detect identical cells).
3.10.6. Executing OPT_DFF pass (perform DFF optimizations).
3.10.7. Executing OPT_CLEAN pass (remove unused cells and wires).
3.10.8. Executing OPT_EXPR pass (perform const folding).
3.10.9. Finished fast OPT passes. (There is nothing left to do.)
3.11. Executing WREDUCE pass (reducing word size of cells).
3.12. Executing PEEPOPT pass (run peephole optimizers).
3.13. Executing OPT_CLEAN pass (remove unused cells and wires).
3.14. Executing ALUMACC pass (create $alu and $macc cells).
3.15. Executing SHARE pass (SAT-based resource sharing).
3.16. Executing OPT pass (performing simple optimizations).
3.16.1. Executing OPT_EXPR pass (perform const folding).
3.16.2. Executing OPT_MERGE pass (detect identical cells).
3.16.3. Executing OPT_MUXTREE pass (detect dead branches in mux trees).
3.16.4. Executing OPT_REDUCE pass (consolidate $*mux and $reduce_* inputs).
3.16.5. Executing OPT_MERGE pass (detect identical cells).
3.16.6. Executing OPT_DFF pass (perform DFF optimizations).
3.16.7. Executing OPT_CLEAN pass (remove unused cells and wires).
3.16.8. Executing OPT_EXPR pass (perform const folding).
3.16.9. Rerunning OPT passes. (Maybe there is more to do..)
3.16.10. Executing OPT_MUXTREE pass (detect dead branches in mux trees).
3.16.11. Executing OPT_REDUCE pass (consolidate $*mux and $reduce_* inputs).
3.16.12. Executing OPT_MERGE pass (detect identical cells).
3.16.13. Executing OPT_DFF pass (perform DFF optimizations).
3.16.14. Executing OPT_CLEAN pass (remove unused cells and wires).
3.16.15. Executing OPT_EXPR pass (perform const folding).
3.16.16. Finished fast OPT passes. (There is nothing left to do.)
3.17. Executing MEMORY pass.
3.17.1. Executing OPT_MEM pass (optimize memories).
3.17.2. Executing OPT_MEM_PRIORITY pass (removing unnecessary memory write priority relations).
3.17.3. Executing OPT_MEM_FEEDBACK pass (finding memory read-to-write feedback paths).
3.17.4. Executing MEMORY_BMUX2ROM pass (converting muxes to ROMs).
3.17.5. Executing MEMORY_DFF pass (merging $dff cells to $memrd).
3.17.6. Executing OPT_CLEAN pass (remove unused cells and wires).
3.17.7. Executing MEMORY_SHARE pass (consolidating $memrd/$memwr cells).
3.17.8. Executing OPT_MEM_WIDEN pass (optimize memories where all ports are wide).
3.17.9. Executing OPT_CLEAN pass (remove unused cells and wires).
3.17.10. Executing MEMORY_COLLECT pass (generating $mem cells).
3.18. Executing OPT_CLEAN pass (remove unused cells and wires).
4. Executing SYNTH pass.
4.1. Executing OPT pass (performing simple optimizations).
4.1.1. Executing OPT_EXPR pass (perform const folding).
4.1.2. Executing OPT_MERGE pass (detect identical cells).
4.1.3. Executing OPT_DFF pass (perform DFF optimizations).
4.1.4. Executing OPT_CLEAN pass (remove unused cells and wires).
4.1.5. Finished fast OPT passes.
4.2. Executing MEMORY_MAP pass (converting memories to logic and flip-flops).
4.3. Executing OPT pass (performing simple optimizations).
4.3.1. Executing OPT_EXPR pass (perform const folding).
4.3.2. Executing OPT_MERGE pass (detect identical cells).
4.3.3. Executing OPT_MUXTREE pass (detect dead branches in mux trees).
4.3.4. Executing OPT_REDUCE pass (consolidate $*mux and $reduce_* inputs).
4.3.5. Executing OPT_MERGE pass (detect identical cells).
4.3.6. Executing OPT_SHARE pass.
4.3.7. Executing OPT_DFF pass (perform DFF optimizations).
4.3.8. Executing OPT_CLEAN pass (remove unused cells and wires).
4.3.9. Executing OPT_EXPR pass (perform const folding).
4.3.10. Rerunning OPT passes. (Maybe there is more to do..)
4.3.11. Executing OPT_MUXTREE pass (detect dead branches in mux trees).
4.3.12. Executing OPT_REDUCE pass (consolidate $*mux and $reduce_* inputs).
4.3.13. Executing OPT_MERGE pass (detect identical cells).
4.3.14. Executing OPT_SHARE pass.
4.3.15. Executing OPT_DFF pass (perform DFF optimizations).
4.3.16. Executing OPT_CLEAN pass (remove unused cells and wires).
4.3.17. Executing OPT_EXPR pass (perform const folding).
4.3.18. Rerunning OPT passes. (Maybe there is more to do..)
4.3.19. Executing OPT_MUXTREE pass (detect dead branches in mux trees).
4.3.20. Executing OPT_REDUCE pass (consolidate $*mux and $reduce_* inputs).
4.3.21. Executing OPT_MERGE pass (detect identical cells).
4.3.22. Executing OPT_SHARE pass.
4.3.23. Executing OPT_DFF pass (perform DFF optimizations).
4.3.24. Executing OPT_CLEAN pass (remove unused cells and wires).
4.3.25. Executing OPT_EXPR pass (perform const folding).
4.3.26. Rerunning OPT passes. (Maybe there is more to do..)
4.3.27. Executing OPT_MUXTREE pass (detect dead branches in mux trees).
4.3.28. Executing OPT_REDUCE pass (consolidate $*mux and $reduce_* inputs).
4.3.29. Executing OPT_MERGE pass (detect identical cells).
4.3.30. Executing OPT_SHARE pass.
4.3.31. Executing OPT_DFF pass (perform DFF optimizations).
4.3.32. Executing OPT_CLEAN pass (remove unused cells and wires).
4.3.33. Executing OPT_EXPR pass (perform const folding).
4.3.34. Rerunning OPT passes. (Maybe there is more to do..)
4.3.35. Executing OPT_MUXTREE pass (detect dead branches in mux trees).
4.3.36. Executing OPT_REDUCE pass (consolidate $*mux and $reduce_* inputs).
4.3.37. Executing OPT_MERGE pass (detect identical cells).
4.3.38. Executing OPT_SHARE pass.
4.3.39. Executing OPT_DFF pass (perform DFF optimizations).
4.3.40. Executing OPT_CLEAN pass (remove unused cells and wires).
4.3.41. Executing OPT_EXPR pass (perform const folding).
4.3.42. Rerunning OPT passes. (Maybe there is more to do..)
4.3.43. Executing OPT_MUXTREE pass (detect dead branches in mux trees).
4.3.44. Executing OPT_REDUCE pass (consolidate $*mux and $reduce_* inputs).
4.3.45. Executing OPT_MERGE pass (detect identical cells).
4.3.46. Executing OPT_SHARE pass.
4.3.47. Executing OPT_DFF pass (perform DFF optimizations).
4.3.48. Executing OPT_CLEAN pass (remove unused cells and wires).
4.3.49. Executing OPT_EXPR pass (perform const folding).
4.3.50. Finished fast OPT passes. (There is nothing left to do.)
4.4. Executing TECHMAP pass (map to technology primitives).
4.4.1. Executing Verilog-2005 frontend: /OpenROAD-flow-scripts/tools/install/yosys/bin/../share/yosys/techmap.v
4.4.2. Executing Verilog-2005 frontend: /OpenROAD-flow-scripts/flow/platforms/common/lcu_kogge_stone.v
4.4.3. Continuing TECHMAP pass.
4.5. Executing OPT pass (performing simple optimizations).
4.5.1. Executing OPT_EXPR pass (perform const folding).
4.5.2. Executing OPT_MERGE pass (detect identical cells).
4.5.3. Executing OPT_DFF pass (perform DFF optimizations).
4.5.4. Executing OPT_CLEAN pass (remove unused cells and wires).
4.5.5. Finished fast OPT passes.
4.6. Executing HIERARCHY pass (managing design hierarchy).
4.6.1. Analyzing design hierarchy..
4.6.2. Analyzing design hierarchy..
4.7. Printing statistics.
4.8. Executing CHECK pass (checking for obvious problems).
5. Executing OPT pass (performing simple optimizations).
5.1. Executing OPT_EXPR pass (perform const folding).
5.2. Executing OPT_MERGE pass (detect identical cells).
5.3. Executing OPT_MUXTREE pass (detect dead branches in mux trees).
5.4. Executing OPT_REDUCE pass (consolidate $*mux and $reduce_* inputs).
5.5. Executing OPT_MERGE pass (detect identical cells).
5.6. Executing OPT_DFF pass (perform DFF optimizations).
5.7. Executing OPT_CLEAN pass (remove unused cells and wires).
5.8. Executing OPT_EXPR pass (perform const folding).
5.9. Rerunning OPT passes. (Maybe there is more to do..)
5.10. Executing OPT_MUXTREE pass (detect dead branches in mux trees).
5.11. Executing OPT_REDUCE pass (consolidate $*mux and $reduce_* inputs).
5.12. Executing OPT_MERGE pass (detect identical cells).
5.13. Executing OPT_DFF pass (perform DFF optimizations).
5.14. Executing OPT_CLEAN pass (remove unused cells and wires).
5.15. Executing OPT_EXPR pass (perform const folding).
5.16. Finished fast OPT passes. (There is nothing left to do.)
6. Executing EXTRACT_FA pass (find and extract full/half adders).
7. Executing TECHMAP pass (map to technology primitives).
7.1. Executing Verilog-2005 frontend: /OpenROAD-flow-scripts/flow/platforms/sky130hd/cells_adders_hd.v
7.2. Continuing TECHMAP pass.
8. Executing TECHMAP pass (map to technology primitives).
8.1. Executing Verilog-2005 frontend: /OpenROAD-flow-scripts/tools/install/yosys/bin/../share/yosys/techmap.v
8.2. Continuing TECHMAP pass.
9. Executing OPT pass (performing simple optimizations).
9.1. Executing OPT_EXPR pass (perform const folding).
9.2. Executing OPT_MERGE pass (detect identical cells).
9.3. Executing OPT_DFF pass (perform DFF optimizations).
9.4. Executing OPT_CLEAN pass (remove unused cells and wires).
9.5. Finished fast OPT passes.
10. Executing DFFLEGALIZE pass (convert FFs to types supported by the target).
11. Executing TECHMAP pass (map to technology primitives).
11.1. Executing Verilog-2005 frontend: /OpenROAD-flow-scripts/flow/platforms/sky130hd/cells_latch_hd.v
11.2. Continuing TECHMAP pass.
12. Executing DFFLIBMAP pass (mapping DFF cells to sequential cells from liberty file).
12.1. Executing DFFLEGALIZE pass (convert FFs to types supported by the target).
13. Executing OPT pass (performing simple optimizations).
13.1. Executing OPT_EXPR pass (perform const folding).
13.2. Executing OPT_MERGE pass (detect identical cells).
13.3. Executing OPT_MUXTREE pass (detect dead branches in mux trees).
13.4. Executing OPT_REDUCE pass (consolidate $*mux and $reduce_* inputs).
13.5. Executing OPT_MERGE pass (detect identical cells).
13.6. Executing OPT_DFF pass (perform DFF optimizations).
13.7. Executing OPT_CLEAN pass (remove unused cells and wires).
13.8. Executing OPT_EXPR pass (perform const folding).
13.9. Finished fast OPT passes. (There is nothing left to do.)
14. Executing SETUNDEF pass (replace undef values with defined constants).
abc -script /OpenROAD-flow-scripts/flow/scripts/abc_speed.script -liberty /OpenROAD-flow-scripts/flow/platforms/sky130hd/lib/sky130_fd_sc_hd__tt_025C_1v80.lib -dont_use sky130_fd_sc_hd__probe_p_8 -dont_use sky130_fd_sc_hd__probec_p_8 -dont_use sky130_fd_sc_hd__lpflow_bleeder_1 -dont_use sky130_fd_sc_hd__lpflow_clkbufkapwr_1 -dont_use sky130_fd_sc_hd__lpflow_clkbufkapwr_16 -dont_use sky130_fd_sc_hd__lpflow_clkbufkapwr_2 -dont_use sky130_fd_sc_hd__lpflow_clkbufkapwr_4 -dont_use sky130_fd_sc_hd__lpflow_clkbufkapwr_8 -dont_use sky130_fd_sc_hd__lpflow_clkinvkapwr_1 -dont_use sky130_fd_sc_hd__lpflow_clkinvkapwr_16 -dont_use sky130_fd_sc_hd__lpflow_clkinvkapwr_2 -dont_use sky130_fd_sc_hd__lpflow_clkinvkapwr_4 -dont_use sky130_fd_sc_hd__lpflow_clkinvkapwr_8 -dont_use sky130_fd_sc_hd__lpflow_decapkapwr_12 -dont_use sky130_fd_sc_hd__lpflow_decapkapwr_3 -dont_use sky130_fd_sc_hd__lpflow_decapkapwr_4 -dont_use sky130_fd_sc_hd__lpflow_decapkapwr_6 -dont_use sky130_fd_sc_hd__lpflow_decapkapwr_8 -dont_use sky130_fd_sc_hd__lpflow_inputiso0n_1 -dont_use sky130_fd_sc_hd__lpflow_inputiso0p_1 -dont_use sky130_fd_sc_hd__lpflow_inputiso1n_1 -dont_use sky130_fd_sc_hd__lpflow_inputiso1p_1 -dont_use sky130_fd_sc_hd__lpflow_inputisolatch_1 -dont_use sky130_fd_sc_hd__lpflow_isobufsrc_1 -dont_use sky130_fd_sc_hd__lpflow_isobufsrc_16 -dont_use sky130_fd_sc_hd__lpflow_isobufsrc_2 -dont_use sky130_fd_sc_hd__lpflow_isobufsrc_4 -dont_use sky130_fd_sc_hd__lpflow_isobufsrc_8 -dont_use sky130_fd_sc_hd__lpflow_isobufsrckapwr_16 -dont_use sky130_fd_sc_hd__lpflow_lsbuf_lh_hl_isowell_tap_1 -dont_use sky130_fd_sc_hd__lpflow_lsbuf_lh_hl_isowell_tap_2 -dont_use sky130_fd_sc_hd__lpflow_lsbuf_lh_hl_isowell_tap_4 -dont_use sky130_fd_sc_hd__lpflow_lsbuf_lh_isowell_4 -dont_use sky130_fd_sc_hd__lpflow_lsbuf_lh_isowell_tap_1 -dont_use sky130_fd_sc_hd__lpflow_lsbuf_lh_isowell_tap_2 -dont_use sky130_fd_sc_hd__lpflow_lsbuf_lh_isowell_tap_4 -constr ./objects/sky130hd/d_nw01_cand_chat_scored/base/abc.constr -D 7500
15. Executing ABC pass (technology mapping using ABC).
15.1. Extracting gate netlist of module `\axi4_xbar' to `<abc-temp-dir>/input.blif'..
15.1.1. Executed ABC.
15.1.2. Re-integrating ABC results.
Took 51 seconds: abc -script /OpenROAD-flow-scripts/flow/scripts/abc_speed.script -liberty /OpenROAD-flow-scripts/flow/platforms/sky130hd/lib/sky130_fd_sc_hd__tt_025C_1v80.lib -dont_use sky130_fd_sc_hd__probe_p_8 -dont_use sky130_fd_sc_hd__probec_p_8 -dont_use sky130_fd_sc_hd__lpflow_bleeder_1 -dont_use sky130_fd_sc_hd__lpflow_clkbufkapwr_1 -dont_use sky130_fd_sc_hd__lpflow_clkbufkapwr_16 -dont_use sky130_fd_sc_hd__lpflow_clkbufkapwr_2 -dont_use sky130_fd_sc_hd__lpflow_clkbufkapwr_4 -dont_use sky130_fd_sc_hd__lpflow_clkbufkapwr_8 -dont_use sky130_fd_sc_hd__lpflow_clkinvkapwr_1 -dont_use sky130_fd_sc_hd__lpflow_clkinvkapwr_16 -dont_use sky130_fd_sc_hd__lpflow_clkinvkapwr_2 -dont_use sky130_fd_sc_hd__lpflow_clkinvkapwr_4 -dont_use sky130_fd_sc_hd__lpflow_clkinvkapwr_8 -dont_use sky130_fd_sc_hd__lpflow_decapkapwr_12 -dont_use sky130_fd_sc_hd__lpflow_decapkapwr_3 -dont_use sky130_fd_sc_hd__lpflow_decapkapwr_4 -dont_use sky130_fd_sc_hd__lpflow_decapkapwr_6 -dont_use sky130_fd_sc_hd__lpflow_decapkapwr_8 -dont_use sky130_fd_sc_hd__lpflow_inputiso0n_1 -dont_use sky130_fd_sc_hd__lpflow_inputiso0p_1 -dont_use sky130_fd_sc_hd__lpflow_inputiso1n_1 -dont_use sky130_fd_sc_hd__lpflow_inputiso1p_1 -dont_use sky130_fd_sc_hd__lpflow_inputisolatch_1 -dont_use sky130_fd_sc_hd__lpflow_isobufsrc_1 -dont_use sky130_fd_sc_hd__lpflow_isobufsrc_16 -dont_use sky130_fd_sc_hd__lpflow_isobufsrc_2 -dont_use sky130_fd_sc_hd__lpflow_isobufsrc_4 -dont_use sky130_fd_sc_hd__lpflow_isobufsrc_8 -dont_use sky130_fd_sc_hd__lpflow_isobufsrckapwr_16 -dont_use sky130_fd_sc_hd__lpflow_lsbuf_lh_hl_isowell_tap_1 -dont_use sky130_fd_sc_hd__lpflow_lsbuf_lh_hl_isowell_tap_2 -dont_use sky130_fd_sc_hd__lpflow_lsbuf_lh_hl_isowell_tap_4 -dont_use sky130_fd_sc_hd__lpflow_lsbuf_lh_isowell_4 -dont_use sky130_fd_sc_hd__lpflow_lsbuf_lh_isowell_tap_1 -dont_use sky130_fd_sc_hd__lpflow_lsbuf_lh_isowell_tap_2 -dont_use sky130_fd_sc_hd__lpflow_lsbuf_lh_isowell_tap_4 -constr ./objects/sky130hd/d_nw01_cand_chat_scored/base/abc.constr -D 7500
16. Executing SPLITNETS pass (splitting up multi-bit signals).
17. Executing OPT_CLEAN pass (remove unused cells and wires).
18. Executing HILOMAP pass (mapping to constant drivers).
19. Executing INSBUF pass (insert buffer cells for connected wires).
20. Executing CHECK pass (checking for obvious problems).
21. Printing statistics.
22. Executing CHECK pass (checking for obvious problems).
23. Executing Verilog backend.
23.1. Executing BMUXMAP pass.
23.2. Executing DEMUXMAP pass.
End of script. Logfile hash: 24da77b552, time: 242.87s, user: 196.44s, system: 0.44s, MEM: 636.56 MB peak
Yosys 0.68+post (git sha1 UNKNOWN, Release, GNU /usr/local/bin/wrapped-cc/g++ 11.4.0)
Time spent: 52% 5x check (129 sec), 20% 1x abc (50 sec), ...
Elapsed time: 4:03.03[h:]min:sec. CPU time: user 246.14 sys 0.58 (101%). Peak memory: 653540KB.
Log                       Ext     Elapsed/s Peak Memory/MB sha1sum result [0:20)
1_2_yosys                 .v            243            638 85b96487e662b1c5c945
cp /work/domains/networking/design/d_nw01_axi4_xbar/orfs/constraint.sdc ./results/sky130hd/d_nw01_cand_chat_scored/base/1_2_yosys.sdc
OpenROAD 26Q3-1080-gab6fd26351 
Features included (+) or not (-): +GPU +GUI +Python
This program is licensed under the BSD-3 license. See the LICENSE file for details.
Components of this program may be licensed under more restrictive licenses which must be honored.
[INFO ORD-0030] Using 10 thread(s).
mkdir -p ./objects/sky130hd/d_nw01_cand_chat_scored/base
/OpenROAD-flow-scripts/flow/scripts/flow.sh 1_synth synth_odb
Running synth_odb.tcl, stage 1_synth
read_liberty /OpenROAD-flow-scripts/flow/platforms/sky130hd/lib/sky130_fd_sc_hd__tt_025C_1v80.lib
[INFO ODB-0227] LEF file: /OpenROAD-flow-scripts/flow/platforms/sky130hd/lef/sky130_fd_sc_hd.tlef, created 13 layers, 25 vias
[INFO ODB-0227] LEF file: /OpenROAD-flow-scripts/flow/platforms/sky130hd/lef/sky130_fd_sc_hd_merged.lef, created 441 library cells
link_design axi4_xbar
read_sdc ./results/sky130hd/d_nw01_cand_chat_scored/base/1_2_yosys.sdc
source /OpenROAD-flow-scripts/flow/platforms/sky130hd/setRC.tcl
eliminate_dead_logic
Removed 0 unused instances and 0 unused nets.
Design area 1540648 um^2 100% utilization.
write_db ./results/sky130hd/d_nw01_cand_chat_scored/base/1_synth.odb
write_sdc -no_timestamp ./results/sky130hd/d_nw01_cand_chat_scored/base/1_synth.sdc
Elapsed time: 0:02.22[h:]min:sec. CPU time: user 1.95 sys 0.10 (92%). Peak memory: 348544KB.
Log                       Ext     Elapsed/s Peak Memory/MB sha1sum result [0:20)
1_synth                   .odb            2            340 8a7a57adfd0a954d5947
1_synth                   .sdc                             50049dde2843831da7a8
/OpenROAD-flow-scripts/flow/scripts/flow.sh 2_1_floorplan floorplan
Running floorplan.tcl, stage 2_1_floorplan
read_liberty /OpenROAD-flow-scripts/flow/platforms/sky130hd/lib/sky130_fd_sc_hd__tt_025C_1v80.lib
read_db ./results/sky130hd/d_nw01_cand_chat_scored/base/1_synth.odb
read_sdc ./results/sky130hd/d_nw01_cand_chat_scored/base/1_synth.sdc
source /OpenROAD-flow-scripts/flow/platforms/sky130hd/setRC.tcl
Master sky130_ef_sc_hd__decap_12 is loaded but not used in the design

==========================================================================
Floorplan check_setup
--------------------------------------------------------------------------
number instances in verilog is 63591
[INFO IFP-0107] Defining die area using utilization: 10.00% and aspect ratio: 1.
[WARNING IFP-0028] Core area lower left (1.000, 1.000) snapped to (1.380, 2.720).
[INFO IFP-0001] Added 1442 rows of 8532 site unithd.
[INFO IFP-0100] Die BBox:  (  0.000  0.000 ) ( 3927.110 3927.110 ) um
[INFO IFP-0101] Core BBox: (  1.380  2.720 ) ( 3926.100 3924.960 ) um
[INFO IFP-0102] Core area:                     15393693.773 um^2
[INFO IFP-0103] Total instances area:           1540647.603 um^2
[INFO IFP-0104] Effective utilization:                0.100
[INFO IFP-0105] Number of instances:                  63591
source /OpenROAD-flow-scripts/flow/platforms/sky130hd/make_tracks.tcl
source /OpenROAD-flow-scripts/flow/platforms/sky130hd/fastroute.tcl
Repair tie lo fanout...
[INFO RSZ-0042] Inserted 4 tie sky130_fd_sc_hd__conb_1 instances.
Repair tie hi fanout...
repair_timing -setup_margin 0 -hold_margin 0 -repair_tns 100 -match_cell_footprint -setup -skip_last_gasp -sequence unbuffer,sizeup,swap,vt_swap -verbose
[WARNING EST-0027] no estimated parasitics. Using wire load models.
[INFO RSZ-0100] Repair move sequence: UnbufferMove SizeUpMove SwapPinsMove 
[INFO RSZ-0094] Found 74604 endpoints with setup violations.
[INFO RSZ-0099] Repairing 74604 out of 74604 (100.00%) violating endpoints...
   Iter   | Removed | Resized | Inserted | Cloned |  Pin  |   Area   |    WNS   |   StTNS    |   EnTNS    |  Viol  |  Worst  
          | Buffers |  Gates  | Buffers  |  Gates | Swaps |          |          |            |            | Endpts | St/EnPt 
------------------------------------------------------------------------------------------------------------------------------
       0* |       0 |       0 |        0 |      0 |     0 |    +0.0% |   -2.188 |      -17.7 |   -45658.4 |  74604 | wr_aw_q\[1\]\[0\]$_DFFE_PP_/DE
       2* |       0 |       1 |        0 |      0 |     0 |    +0.0% |   -2.188 |      -12.8 |   -45499.8 |  74604 | wr_aw_q\[0\]\[0\]$_DFFE_PP_/DE
       3* |       0 |       1 |        0 |      0 |     0 |    +0.0% |   -2.188 |      -12.8 |   -45499.8 |  74604 | wr_aw_q\[0\]\[0\]$_DFFE_PP_/DE
       4* |       0 |       1 |        0 |      0 |     0 |    +0.0% |   -2.188 |      -12.8 |   -45499.8 |  74604 | wr_aw_q\[0\]\[0\]$_DFFE_PP_/DE
       5* |       0 |       1 |        0 |      0 |     0 |    +0.0% |   -2.188 |      -12.8 |   -45499.8 |  74604 | wr_aw_q\[0\]\[0\]$_DFFE_PP_/DE
       6* |       0 |       1 |        0 |      0 |     0 |    +0.0% |   -2.188 |      -12.8 |   -45499.8 |  74604 | wr_aw_q\[0\]\[0\]$_DFFE_PP_/DE
       7* |       0 |       1 |        0 |      0 |     0 |    +0.0% |   -2.188 |      -12.8 |   -45499.8 |  74604 | wr_aw_q\[0\]\[0\]$_DFFE_PP_/DE
       8* |       0 |       1 |        0 |      0 |     0 |    +0.0% |   -2.188 |      -12.8 |   -45499.8 |  74604 | wr_aw_q\[0\]\[0\]$_DFFE_PP_/DE
       9* |       0 |       1 |        0 |      0 |     0 |    +0.0% |   -2.188 |      -12.8 |   -45499.8 |  74604 | wr_aw_q\[0\]\[0\]$_DFFE_PP_/DE
      10* |       0 |       1 |        0 |      0 |     0 |    +0.0% |   -2.188 |      -12.8 |   -45499.8 |  74604 | wr_aw_q\[0\]\[0\]$_DFFE_PP_/DE
      10* |       0 |       1 |        0 |      0 |     0 |    +0.0% |   -2.188 |      -12.8 |   -45499.8 |  74604 | wr_aw_q\[0\]\[0\]$_DFFE_PP_/DE
      11* |       0 |       1 |        0 |      0 |     0 |    +0.0% |   -2.188 |      -12.8 |   -45499.8 |  74604 | wr_aw_q\[0\]\[0\]$_DFFE_PP_/DE
      12* |       0 |       1 |        0 |      0 |     0 |    +0.0% |   -2.188 |      -12.8 |   -45499.8 |  74604 | wr_aw_q\[0\]\[0\]$_DFFE_PP_/DE
      13* |       0 |       1 |        0 |      0 |     0 |    +0.0% |   -2.188 |      -12.8 |   -45499.8 |  74604 | wr_aw_q\[0\]\[0\]$_DFFE_PP_/DE
      14* |       0 |       1 |        0 |      0 |     0 |    +0.0% |   -2.188 |      -12.8 |   -45499.8 |  74604 | wr_aw_q\[0\]\[0\]$_DFFE_PP_/DE
      15* |       0 |       1 |        0 |      0 |     0 |    +0.0% |   -2.188 |      -12.8 |   -45499.8 |  74604 | wr_aw_q\[0\]\[0\]$_DFFE_PP_/DE
      16* |       0 |       1 |        0 |      0 |     0 |    +0.0% |   -2.188 |      -12.8 |   -45499.8 |  74604 | wr_aw_q\[0\]\[0\]$_DFFE_PP_/DE
      17* |       0 |       1 |        0 |      0 |     0 |    +0.0% |   -2.188 |      -12.8 |   -45499.8 |  74604 | wr_aw_q\[0\]\[0\]$_DFFE_PP_/DE
      18* |       0 |       1 |        0 |      0 |     0 |    +0.0% |   -2.188 |      -12.8 |   -45499.8 |  74604 | wr_aw_q\[0\]\[0\]$_DFFE_PP_/DE
      19* |       0 |       1 |        0 |      0 |     0 |    +0.0% |   -2.188 |      -12.8 |   -45499.8 |  74604 | wr_aw_q\[0\]\[0\]$_DFFE_PP_/DE
      20* |       0 |       1 |        0 |      0 |     0 |    +0.0% |   -2.188 |      -12.8 |   -45499.8 |  74604 | wr_aw_q\[0\]\[0\]$_DFFE_PP_/DE
      20* |       0 |       1 |        0 |      0 |     0 |    +0.0% |   -2.188 |      -12.8 |   -45499.8 |  74604 | wr_aw_q\[0\]\[0\]$_DFFE_PP_/DE
      21* |       0 |       1 |        0 |      0 |     0 |    +0.0% |   -2.188 |      -12.8 |   -45499.8 |  74604 | wr_aw_q\[0\]\[0\]$_DFFE_PP_/DE
      22* |       0 |       1 |        0 |      0 |     0 |    +0.0% |   -2.188 |      -12.8 |   -45499.8 |  74604 | wr_aw_q\[0\]\[0\]$_DFFE_PP_/DE
      23* |       0 |       1 |        0 |      0 |     0 |    +0.0% |   -2.188 |      -12.8 |   -45499.8 |  74604 | wr_aw_q\[0\]\[0\]$_DFFE_PP_/DE
      24* |       0 |       1 |        0 |      0 |     0 |    +0.0% |   -2.188 |      -12.8 |   -45499.8 |  74604 | wr_aw_q\[0\]\[0\]$_DFFE_PP_/DE
      25* |       0 |       1 |        0 |      0 |     0 |    +0.0% |   -2.188 |      -12.8 |   -45499.8 |  74604 | wr_aw_q\[0\]\[0\]$_DFFE_PP_/DE
      26* |       0 |       1 |        0 |      0 |     0 |    +0.0% |   -2.188 |      -12.8 |   -45499.8 |  74604 | wr_aw_q\[0\]\[0\]$_DFFE_PP_/DE
      27* |       0 |       1 |        0 |      0 |     0 |    +0.0% |   -2.188 |      -12.8 |   -45499.8 |  74604 | wr_aw_q\[0\]\[0\]$_DFFE_PP_/DE
      28* |       0 |       1 |        0 |      0 |     0 |    +0.0% |   -2.188 |      -12.8 |   -45499.8 |  74604 | wr_aw_q\[0\]\[0\]$_DFFE_PP_/DE
      29* |       0 |       1 |        0 |      0 |     0 |    +0.0% |   -2.188 |      -12.8 |   -45499.8 |  74604 | wr_aw_q\[0\]\[0\]$_DFFE_PP_/DE
      30* |       0 |       1 |        0 |      0 |     0 |    +0.0% |   -2.188 |      -12.8 |   -45499.8 |  74604 | wr_aw_q\[0\]\[0\]$_DFFE_PP_/DE
      30* |       0 |       1 |        0 |      0 |     0 |    +0.0% |   -2.188 |      -12.8 |   -45499.8 |  74604 | wr_aw_q\[0\]\[0\]$_DFFE_PP_/DE
      31* |       0 |       1 |        0 |      0 |     0 |    +0.0% |   -2.188 |      -12.8 |   -45499.8 |  74604 | wr_aw_q\[0\]\[0\]$_DFFE_PP_/DE
      32* |       0 |       1 |        0 |      0 |     0 |    +0.0% |   -2.188 |      -12.8 |   -45499.8 |  74604 | wr_aw_q\[0\]\[0\]$_DFFE_PP_/DE
      33* |       0 |       1 |        0 |      0 |     0 |    +0.0% |   -2.188 |      -12.8 |   -45499.8 |  74604 | wr_aw_q\[0\]\[0\]$_DFFE_PP_/DE
      34* |       0 |       1 |        0 |      0 |     0 |    +0.0% |   -2.188 |      -12.8 |   -45499.8 |  74604 | wr_aw_q\[0\]\[0\]$_DFFE_PP_/DE
      35* |       0 |       1 |        0 |      0 |     0 |    +0.0% |   -2.188 |      -12.8 |   -45499.8 |  74604 | wr_aw_q\[0\]\[0\]$_DFFE_PP_/DE
      36* |       0 |       1 |        0 |      0 |     0 |    +0.0% |   -2.188 |      -12.8 |   -45499.8 |  74604 | wr_aw_q\[0\]\[0\]$_DFFE_PP_/DE
      37* |       0 |       1 |        0 |      0 |     0 |    +0.0% |   -2.188 |      -12.8 |   -45499.8 |  74604 | wr_aw_q\[0\]\[0\]$_DFFE_PP_/DE
      38* |       0 |       1 |        0 |      0 |     0 |    +0.0% |   -2.188 |      -12.8 |   -45499.8 |  74604 | wr_aw_q\[0\]\[0\]$_DFFE_PP_/DE
      39* |       0 |       1 |        0 |      0 |     0 |    +0.0% |   -2.188 |      -12.8 |   -45499.8 |  74604 | wr_aw_q\[0\]\[0\]$_DFFE_PP_/DE
      40* |       0 |       1 |        0 |      0 |     0 |    +0.0% |   -2.188 |      -12.8 |   -45499.8 |  74604 | wr_aw_q\[0\]\[0\]$_DFFE_PP_/DE
      40* |       0 |       1 |        0 |      0 |     0 |    +0.0% |   -2.188 |      -12.8 |   -45499.8 |  74604 | wr_aw_q\[0\]\[0\]$_DFFE_PP_/DE
      41* |       0 |       1 |        0 |      0 |     0 |    +0.0% |   -2.188 |      -12.8 |   -45499.8 |  74604 | wr_aw_q\[0\]\[0\]$_DFFE_PP_/DE
      42* |       0 |       1 |        0 |      0 |     0 |    +0.0% |   -2.188 |      -12.8 |   -45499.8 |  74604 | wr_aw_q\[0\]\[0\]$_DFFE_PP_/DE
      43* |       0 |       1 |        0 |      0 |     0 |    +0.0% |   -2.188 |      -12.8 |   -45499.8 |  74604 | wr_aw_q\[0\]\[0\]$_DFFE_PP_/DE
      44* |       0 |       1 |        0 |      0 |     0 |    +0.0% |   -2.188 |      -12.8 |   -45499.8 |  74604 | wr_aw_q\[0\]\[0\]$_DFFE_PP_/DE
      45* |       0 |       1 |        0 |      0 |     0 |    +0.0% |   -2.188 |      -12.8 |   -45499.8 |  74604 | wr_aw_q\[0\]\[0\]$_DFFE_PP_/DE
      46* |       0 |       1 |        0 |      0 |     0 |    +0.0% |   -2.188 |      -12.8 |   -45499.8 |  74604 | wr_aw_q\[0\]\[0\]$_DFFE_PP_/DE
      47* |       0 |       1 |        0 |      0 |     0 |    +0.0% |   -2.188 |      -12.8 |   -45499.8 |  74604 | wr_aw_q\[0\]\[0\]$_DFFE_PP_/DE
      48* |       0 |       1 |        0 |      0 |     0 |    +0.0% |   -2.188 |      -12.8 |   -45499.8 |  74604 | wr_aw_q\[0\]\[0\]$_DFFE_PP_/DE
      49* |       0 |       1 |        0 |      0 |     0 |    +0.0% |   -2.188 |      -12.8 |   -45499.8 |  74604 | wr_aw_q\[0\]\[0\]$_DFFE_PP_/DE
      50* |       0 |       1 |        0 |      0 |     0 |    +0.0% |   -2.188 |      -12.8 |   -45499.8 |  74604 | wr_aw_q\[0\]\[0\]$_DFFE_PP_/DE
      50* |       0 |       1 |        0 |      0 |     0 |    +0.0% |   -2.188 |      -12.8 |   -45499.8 |  74604 | wr_aw_q\[0\]\[0\]$_DFFE_PP_/DE
      51* |       0 |       1 |        0 |      0 |     0 |    +0.0% |   -2.188 |      -12.8 |   -45499.8 |  74604 | wr_aw_q\[0\]\[0\]$_DFFE_PP_/DE
      52* |       0 |       1 |        0 |      0 |     0 |    +0.0% |   -2.188 |      -12.8 |   -45499.8 |  74604 | wr_aw_q\[0\]\[0\]$_DFFE_PP_/DE
      53* |       0 |       1 |        0 |      0 |     0 |    +0.0% |   -2.188 |      -12.8 |   -45499.8 |  74604 | wr_aw_q\[0\]\[0\]$_DFFE_PP_/DE
      54* |       0 |       1 |        0 |      0 |     0 |    +0.0% |   -2.188 |      -12.8 |   -45499.8 |  74604 | wr_aw_q\[0\]\[0\]$_DFFE_PP_/DE
      55* |       0 |       1 |        0 |      0 |     0 |    +0.0% |   -2.188 |      -12.8 |   -45499.8 |  74604 | wr_aw_q\[0\]\[0\]$_DFFE_PP_/DE
      56* |       0 |       1 |        0 |      0 |     0 |    +0.0% |   -2.188 |      -12.8 |   -45499.8 |  74604 | wr_aw_q\[0\]\[0\]$_DFFE_PP_/DE
      57* |       0 |       1 |        0 |      0 |     0 |    +0.0% |   -2.188 |      -12.8 |   -45499.8 |  74604 | wr_aw_q\[0\]\[0\]$_DFFE_PP_/DE
      58* |       0 |       1 |        0 |      0 |     0 |    +0.0% |   -2.188 |      -12.8 |   -45499.8 |  74604 | wr_aw_q\[0\]\[0\]$_DFFE_PP_/DE
      59* |       0 |       1 |        0 |      0 |     0 |    +0.0% |   -2.188 |      -12.8 |   -45499.8 |  74604 | wr_aw_q\[0\]\[0\]$_DFFE_PP_/DE
      60* |       0 |       1 |        0 |      0 |     0 |    +0.0% |   -2.188 |      -12.8 |   -45499.8 |  74604 | wr_aw_q\[0\]\[0\]$_DFFE_PP_/DE
      60* |       0 |       1 |        0 |      0 |     0 |    +0.0% |   -2.188 |      -12.8 |   -45499.8 |  74604 | wr_aw_q\[0\]\[0\]$_DFFE_PP_/DE
      61* |       0 |       1 |        0 |      0 |     0 |    +0.0% |   -2.188 |      -12.8 |   -45499.8 |  74604 | wr_aw_q\[0\]\[0\]$_DFFE_PP_/DE
      62* |       0 |       1 |        0 |      0 |     0 |    +0.0% |   -2.188 |      -12.8 |   -45499.8 |  74604 | wr_aw_q\[0\]\[0\]$_DFFE_PP_/DE
      63* |       0 |       1 |        0 |      0 |     0 |    +0.0% |   -2.188 |      -12.8 |   -45499.8 |  74604 | wr_aw_q\[0\]\[0\]$_DFFE_PP_/DE
      64* |       0 |       1 |        0 |      0 |     0 |    +0.0% |   -2.188 |      -12.8 |   -45499.8 |  74604 | wr_aw_q\[0\]\[0\]$_DFFE_PP_/DE
      65* |       0 |       1 |        0 |      0 |     0 |    +0.0% |   -2.188 |      -12.8 |   -45499.8 |  74604 | wr_aw_q\[0\]\[0\]$_DFFE_PP_/DE
      66* |       0 |       1 |        0 |      0 |     0 |    +0.0% |   -2.188 |      -12.8 |   -45499.8 |  74604 | wr_aw_q\[0\]\[0\]$_DFFE_PP_/DE
      67* |       0 |       1 |        0 |      0 |     0 |    +0.0% |   -2.188 |      -12.8 |   -45499.8 |  74604 | wr_aw_q\[0\]\[0\]$_DFFE_PP_/DE
      68* |       0 |       1 |        0 |      0 |     0 |    +0.0% |   -2.188 |      -12.8 |   -45499.8 |  74604 | wr_aw_q\[0\]\[0\]$_DFFE_PP_/DE
      69* |       0 |       1 |        0 |      0 |     0 |    +0.0% |   -2.188 |      -12.8 |   -45499.8 |  74604 | wr_aw_q\[0\]\[0\]$_DFFE_PP_/DE
      70* |       0 |       1 |        0 |      0 |     0 |    +0.0% |   -2.188 |      -12.8 |   -45499.8 |  74604 | wr_aw_q\[0\]\[0\]$_DFFE_PP_/DE
      70* |       0 |       1 |        0 |      0 |     0 |    +0.0% |   -2.188 |      -12.8 |   -45499.8 |  74604 | wr_aw_q\[0\]\[0\]$_DFFE_PP_/DE
      71* |       0 |       1 |        0 |      0 |     0 |    +0.0% |   -2.188 |      -12.8 |   -45499.8 |  74604 | wr_aw_q\[0\]\[0\]$_DFFE_PP_/DE
      72* |       0 |       1 |        0 |      0 |     0 |    +0.0% |   -2.188 |      -12.8 |   -45499.8 |  74604 | wr_aw_q\[0\]\[0\]$_DFFE_PP_/DE
      73* |       0 |       1 |        0 |      0 |     0 |    +0.0% |   -2.188 |      -12.8 |   -45499.8 |  74604 | wr_aw_q\[0\]\[0\]$_DFFE_PP_/DE
      74* |       0 |       1 |        0 |      0 |     0 |    +0.0% |   -2.188 |      -12.8 |   -45499.8 |  74604 | wr_aw_q\[0\]\[0\]$_DFFE_PP_/DE
      75* |       0 |       1 |        0 |      0 |     0 |    +0.0% |   -2.188 |      -12.8 |   -45499.8 |  74604 | wr_aw_q\[0\]\[0\]$_DFFE_PP_/DE
      77* |       0 |       2 |        0 |      0 |     0 |    +0.0% |   -1.600 |       -7.3 |   -45341.1 |  74604 | rd_ar_q\[0\]\[0\]$_DFFE_PP_/DE
      78* |       0 |       2 |        0 |      0 |     0 |    +0.0% |   -1.600 |       -7.3 |   -45341.1 |  74604 | rd_ar_q\[0\]\[0\]$_DFFE_PP_/DE
      79* |       0 |       2 |        0 |      0 |     0 |    +0.0% |   -1.600 |       -7.3 |   -45341.1 |  74604 | rd_ar_q\[0\]\[0\]$_DFFE_PP_/DE
      80* |       0 |       2 |        0 |      0 |     0 |    +0.0% |   -1.600 |       -7.3 |   -45341.1 |  74604 | rd_ar_q\[0\]\[0\]$_DFFE_PP_/DE
      80* |       0 |       2 |        0 |      0 |     0 |    +0.0% |   -1.600 |       -7.3 |   -45341.1 |  74604 | rd_ar_q\[0\]\[0\]$_DFFE_PP_/DE
      81* |       0 |       2 |        0 |      0 |     0 |    +0.0% |   -1.600 |       -7.3 |   -45341.1 |  74604 | rd_ar_q\[0\]\[0\]$_DFFE_PP_/DE
      82* |       0 |       2 |        0 |      0 |     0 |    +0.0% |   -1.600 |       -7.3 |   -45341.1 |  74604 | rd_ar_q\[0\]\[0\]$_DFFE_PP_/DE
      83* |       0 |       2 |        0 |      0 |     0 |    +0.0% |   -1.600 |       -7.3 |   -45341.1 |  74604 | rd_ar_q\[0\]\[0\]$_DFFE_PP_/DE
      84* |       0 |       2 |        0 |      0 |     0 |    +0.0% |   -1.600 |       -7.3 |   -45341.1 |  74604 | rd_ar_q\[0\]\[0\]$_DFFE_PP_/DE
      85* |       0 |       2 |        0 |      0 |     0 |    +0.0% |   -1.600 |       -7.3 |   -45341.1 |  74604 | rd_ar_q\[0\]\[0\]$_DFFE_PP_/DE
      86* |       0 |       2 |        0 |      0 |     0 |    +0.0% |   -1.600 |       -7.3 |   -45341.1 |  74604 | rd_ar_q\[0\]\[0\]$_DFFE_PP_/DE
      87* |       0 |       2 |        0 |      0 |     0 |    +0.0% |   -1.600 |       -7.3 |   -45341.1 |  74604 | rd_ar_q\[0\]\[0\]$_DFFE_PP_/DE
      88* |       0 |       2 |        0 |      0 |     0 |    +0.0% |   -1.600 |       -7.3 |   -45341.1 |  74604 | rd_ar_q\[0\]\[0\]$_DFFE_PP_/DE
      89* |       0 |       2 |        0 |      0 |     0 |    +0.0% |   -1.600 |       -7.3 |   -45341.1 |  74604 | rd_ar_q\[0\]\[0\]$_DFFE_PP_/DE
      90* |       0 |       2 |        0 |      0 |     0 |    +0.0% |   -1.600 |       -7.3 |   -45341.1 |  74604 | rd_ar_q\[0\]\[0\]$_DFFE_PP_/DE
      90* |       0 |       2 |        0 |      0 |     0 |    +0.0% |   -1.600 |       -7.3 |   -45341.1 |  74604 | rd_ar_q\[0\]\[0\]$_DFFE_PP_/DE
      91* |       0 |       2 |        0 |      0 |     0 |    +0.0% |   -1.600 |       -7.3 |   -45341.1 |  74604 | rd_ar_q\[0\]\[0\]$_DFFE_PP_/DE
      92* |       0 |       2 |        0 |      0 |     0 |    +0.0% |   -1.600 |       -7.3 |   -45341.1 |  74604 | rd_ar_q\[0\]\[0\]$_DFFE_PP_/DE
      93* |       0 |       2 |        0 |      0 |     0 |    +0.0% |   -1.600 |       -7.3 |   -45341.1 |  74604 | rd_ar_q\[0\]\[0\]$_DFFE_PP_/DE
      94* |       0 |       2 |        0 |      0 |     0 |    +0.0% |   -1.600 |       -7.3 |   -45341.1 |  74604 | rd_ar_q\[0\]\[0\]$_DFFE_PP_/DE
      95* |       0 |       2 |        0 |      0 |     0 |    +0.0% |   -1.600 |       -7.3 |   -45341.1 |  74604 | rd_ar_q\[0\]\[0\]$_DFFE_PP_/DE
      96* |       0 |       2 |        0 |      0 |     0 |    +0.0% |   -1.600 |       -7.3 |   -45341.1 |  74604 | rd_ar_q\[0\]\[0\]$_DFFE_PP_/DE
      97* |       0 |       2 |        0 |      0 |     0 |    +0.0% |   -1.600 |       -7.3 |   -45341.1 |  74604 | rd_ar_q\[0\]\[0\]$_DFFE_PP_/DE
      98* |       0 |       2 |        0 |      0 |     0 |    +0.0% |   -1.600 |       -7.3 |   -45341.1 |  74604 | rd_ar_q\[0\]\[0\]$_DFFE_PP_/DE
      99* |       0 |       2 |        0 |      0 |     0 |    +0.0% |   -1.600 |       -7.3 |   -45341.1 |  74604 | rd_ar_q\[0\]\[0\]$_DFFE_PP_/DE
     100* |       0 |       2 |        0 |      0 |     0 |    +0.0% |   -1.600 |       -7.3 |   -45341.1 |  74604 | rd_ar_q\[0\]\[0\]$_DFFE_PP_/DE
     100* |       0 |       2 |        0 |      0 |     0 |    +0.0% |   -1.600 |       -7.3 |   -45341.1 |  74604 | rd_ar_q\[0\]\[0\]$_DFFE_PP_/DE
     101* |       0 |       2 |        0 |      0 |     0 |    +0.0% |   -1.600 |       -7.3 |   -45341.1 |  74604 | rd_ar_q\[0\]\[0\]$_DFFE_PP_/DE
     102* |       0 |       2 |        0 |      0 |     0 |    +0.0% |   -1.600 |       -7.3 |   -45341.1 |  74604 | rd_ar_q\[0\]\[0\]$_DFFE_PP_/DE
     103* |       0 |       2 |        0 |      0 |     0 |    +0.0% |   -1.600 |       -7.3 |   -45341.1 |  74604 | rd_ar_q\[0\]\[0\]$_DFFE_PP_/DE
     104* |       0 |       2 |        0 |      0 |     0 |    +0.0% |   -1.600 |       -7.3 |   -45341.1 |  74604 | rd_ar_q\[0\]\[0\]$_DFFE_PP_/DE
     105* |       0 |       2 |        0 |      0 |     0 |    +0.0% |   -1.600 |       -7.3 |   -45341.1 |  74604 | rd_ar_q\[0\]\[0\]$_DFFE_PP_/DE
     106* |       0 |       2 |        0 |      0 |     0 |    +0.0% |   -1.600 |       -7.3 |   -45341.1 |  74604 | rd_ar_q\[0\]\[0\]$_DFFE_PP_/DE
     107* |       0 |       2 |        0 |      0 |     0 |    +0.0% |   -1.600 |       -7.3 |   -45341.1 |  74604 | rd_ar_q\[0\]\[0\]$_DFFE_PP_/DE
     108* |       0 |       2 |        0 |      0 |     0 |    +0.0% |   -1.600 |       -7.3 |   -45341.1 |  74604 | rd_ar_q\[0\]\[0\]$_DFFE_PP_/DE
     109* |       0 |       2 |        0 |      0 |     0 |    +0.0% |   -1.600 |       -7.3 |   -45341.1 |  74604 | rd_ar_q\[0\]\[0\]$_DFFE_PP_/DE
     110* |       0 |       2 |        0 |      0 |     0 |    +0.0% |   -1.600 |       -7.3 |   -45341.1 |  74604 | rd_ar_q\[0\]\[0\]$_DFFE_PP_/DE
     110* |       0 |       2 |        0 |      0 |     0 |    +0.0% |   -1.600 |       -7.3 |   -45341.1 |  74604 | rd_ar_q\[0\]\[0\]$_DFFE_PP_/DE
     111* |       0 |       2 |        0 |      0 |     0 |    +0.0% |   -1.600 |       -7.3 |   -45341.1 |  74604 | rd_ar_q\[0\]\[0\]$_DFFE_PP_/DE
     112* |       0 |       2 |        0 |      0 |     0 |    +0.0% |   -1.600 |       -7.3 |   -45341.1 |  74604 | rd_ar_q\[0\]\[0\]$_DFFE_PP_/DE
     113* |       0 |       2 |        0 |      0 |     0 |    +0.0% |   -1.600 |       -7.3 |   -45341.1 |  74604 | rd_ar_q\[0\]\[0\]$_DFFE_PP_/DE
     114* |       0 |       2 |        0 |      0 |     0 |    +0.0% |   -1.600 |       -7.3 |   -45341.1 |  74604 | rd_ar_q\[0\]\[0\]$_DFFE_PP_/DE
     115* |       0 |       2 |        0 |      0 |     0 |    +0.0% |   -1.600 |       -7.3 |   -45341.1 |  74604 | rd_ar_q\[0\]\[0\]$_DFFE_PP_/DE
     116* |       0 |       2 |        0 |      0 |     0 |    +0.0% |   -1.600 |       -7.3 |   -45341.1 |  74604 | rd_ar_q\[0\]\[0\]$_DFFE_PP_/DE
     117* |       0 |       2 |        0 |      0 |     0 |    +0.0% |   -1.600 |       -7.3 |   -45341.1 |  74604 | rd_ar_q\[0\]\[0\]$_DFFE_PP_/DE
     118* |       0 |       2 |        0 |      0 |     0 |    +0.0% |   -1.600 |       -7.3 |   -45341.1 |  74604 | rd_ar_q\[0\]\[0\]$_DFFE_PP_/DE
     119* |       0 |       2 |        0 |      0 |     0 |    +0.0% |   -1.600 |       -7.3 |   -45341.1 |  74604 | rd_ar_q\[0\]\[0\]$_DFFE_PP_/DE
     120* |       0 |       2 |        0 |      0 |     0 |    +0.0% |   -1.600 |       -7.3 |   -45341.1 |  74604 | rd_ar_q\[0\]\[0\]$_DFFE_PP_/DE
     120* |       0 |       2 |        0 |      0 |     0 |    +0.0% |   -1.600 |       -7.3 |   -45341.1 |  74604 | rd_ar_q\[0\]\[0\]$_DFFE_PP_/DE
     121* |       0 |       2 |        0 |      0 |     0 |    +0.0% |   -1.600 |       -7.3 |   -45341.1 |  74604 | rd_ar_q\[0\]\[0\]$_DFFE_PP_/DE
     122* |       0 |       2 |        0 |      0 |     0 |    +0.0% |   -1.600 |       -7.3 |   -45341.1 |  74604 | rd_ar_q\[0\]\[0\]$_DFFE_PP_/DE
     123* |       0 |       2 |        0 |      0 |     0 |    +0.0% |   -1.600 |       -7.3 |   -45341.1 |  74604 | rd_ar_q\[0\]\[0\]$_DFFE_PP_/DE
     124* |       0 |       2 |        0 |      0 |     0 |    +0.0% |   -1.600 |       -7.3 |   -45341.1 |  74604 | rd_ar_q\[0\]\[0\]$_DFFE_PP_/DE
     125* |       0 |       2 |        0 |      0 |     0 |    +0.0% |   -1.600 |       -7.3 |   -45341.1 |  74604 | rd_ar_q\[0\]\[0\]$_DFFE_PP_/DE
     126* |       0 |       2 |        0 |      0 |     0 |    +0.0% |   -1.600 |       -7.3 |   -45341.1 |  74604 | rd_ar_q\[0\]\[0\]$_DFFE_PP_/DE
     127* |       0 |       2 |        0 |      0 |     0 |    +0.0% |   -1.600 |       -7.3 |   -45341.1 |  74604 | rd_ar_q\[0\]\[0\]$_DFFE_PP_/DE
     128* |       0 |       2 |        0 |      0 |     0 |    +0.0% |   -1.600 |       -7.3 |   -45341.1 |  74604 | rd_ar_q\[0\]\[0\]$_DFFE_PP_/DE
     129* |       0 |       2 |        0 |      0 |     0 |    +0.0% |   -1.600 |       -7.3 |   -45341.1 |  74604 | rd_ar_q\[0\]\[0\]$_DFFE_PP_/DE
     130* |       0 |       2 |        0 |      0 |     0 |    +0.0% |   -1.600 |       -7.3 |   -45341.1 |  74604 | rd_ar_q\[0\]\[0\]$_DFFE_PP_/DE
     130* |       0 |       2 |        0 |      0 |     0 |    +0.0% |   -1.600 |       -7.3 |   -45341.1 |  74604 | rd_ar_q\[0\]\[0\]$_DFFE_PP_/DE
     131* |       0 |       2 |        0 |      0 |     0 |    +0.0% |   -1.600 |       -7.3 |   -45341.1 |  74604 | rd_ar_q\[0\]\[0\]$_DFFE_PP_/DE
     132* |       0 |       2 |        0 |      0 |     0 |    +0.0% |   -1.600 |       -7.3 |   -45341.1 |  74604 | rd_ar_q\[0\]\[0\]$_DFFE_PP_/DE
     133* |       0 |       2 |        0 |      0 |     0 |    +0.0% |   -1.600 |       -7.3 |   -45341.1 |  74604 | rd_ar_q\[0\]\[0\]$_DFFE_PP_/DE
     134* |       0 |       2 |        0 |      0 |     0 |    +0.0% |   -1.600 |       -7.3 |   -45341.1 |  74604 | rd_ar_q\[0\]\[0\]$_DFFE_PP_/DE
     135* |       0 |       2 |        0 |      0 |     0 |    +0.0% |   -1.600 |       -7.3 |   -45341.1 |  74604 | rd_ar_q\[0\]\[0\]$_DFFE_PP_/DE
     136* |       0 |       2 |        0 |      0 |     0 |    +0.0% |   -1.600 |       -7.3 |   -45341.1 |  74604 | rd_ar_q\[0\]\[0\]$_DFFE_PP_/DE
     137* |       0 |       2 |        0 |      0 |     0 |    +0.0% |   -1.600 |       -7.3 |   -45341.1 |  74604 | rd_ar_q\[0\]\[0\]$_DFFE_PP_/DE
     138* |       0 |       2 |        0 |      0 |     0 |    +0.0% |   -1.600 |       -7.3 |   -45341.1 |  74604 | rd_ar_q\[0\]\[0\]$_DFFE_PP_/DE
     139* |       0 |       2 |        0 |      0 |     0 |    +0.0% |   -1.600 |       -7.3 |   -45341.1 |  74604 | rd_ar_q\[0\]\[0\]$_DFFE_PP_/DE
     140* |       0 |       2 |        0 |      0 |     0 |    +0.0% |   -1.600 |       -7.3 |   -45341.1 |  74604 | rd_ar_q\[0\]\[0\]$_DFFE_PP_/DE
     140* |       0 |       2 |        0 |      0 |     0 |    +0.0% |   -1.600 |       -7.3 |   -45341.1 |  74604 | rd_ar_q\[0\]\[0\]$_DFFE_PP_/DE
     141* |       0 |       2 |        0 |      0 |     0 |    +0.0% |   -1.600 |       -7.3 |   -45341.1 |  74604 | rd_ar_q\[0\]\[0\]$_DFFE_PP_/DE
     142* |       0 |       2 |        0 |      0 |     0 |    +0.0% |   -1.600 |       -7.3 |   -45341.1 |  74604 | rd_ar_q\[0\]\[0\]$_DFFE_PP_/DE
     143* |       0 |       2 |        0 |      0 |     0 |    +0.0% |   -1.600 |       -7.3 |   -45341.1 |  74604 | rd_ar_q\[0\]\[0\]$_DFFE_PP_/DE
     144* |       0 |       2 |        0 |      0 |     0 |    +0.0% |   -1.600 |       -7.3 |   -45341.1 |  74604 | rd_ar_q\[0\]\[0\]$_DFFE_PP_/DE
     145* |       0 |       2 |        0 |      0 |     0 |    +0.0% |   -1.600 |       -7.3 |   -45341.1 |  74604 | rd_ar_q\[0\]\[0\]$_DFFE_PP_/DE
     146* |       0 |       2 |        0 |      0 |     0 |    +0.0% |   -1.600 |       -7.3 |   -45341.1 |  74604 | rd_ar_q\[0\]\[0\]$_DFFE_PP_/DE
     147* |       0 |       2 |        0 |      0 |     0 |    +0.0% |   -1.600 |       -7.3 |   -45341.1 |  74604 | rd_ar_q\[0\]\[0\]$_DFFE_PP_/DE
     148* |       0 |       2 |        0 |      0 |     0 |    +0.0% |   -1.600 |       -7.3 |   -45341.1 |  74604 | rd_ar_q\[0\]\[0\]$_DFFE_PP_/DE
     149* |       0 |       2 |        0 |      0 |     0 |    +0.0% |   -1.600 |       -7.3 |   -45341.1 |  74604 | rd_ar_q\[0\]\[0\]$_DFFE_PP_/DE
     150* |       0 |       2 |        0 |      0 |     0 |    +0.0% |   -1.600 |       -7.3 |   -45341.1 |  74604 | rd_ar_q\[0\]\[0\]$_DFFE_PP_/DE
     150* |       0 |       2 |        0 |      0 |     0 |    +0.0% |   -1.600 |       -7.3 |   -45341.1 |  74604 | rd_ar_q\[0\]\[0\]$_DFFE_PP_/DE
     152* |       0 |       3 |        0 |      0 |     0 |    +0.0% |   -1.600 |       -5.4 |   -45232.3 |  74604 | rd_ar_q\[1\]\[0\]$_DFFE_PP_/DE
     153* |       0 |       3 |        0 |      0 |     0 |    +0.0% |   -1.600 |       -5.4 |   -45232.3 |  74604 | rd_ar_q\[1\]\[0\]$_DFFE_PP_/DE
     154* |       0 |       3 |        0 |      0 |     0 |    +0.0% |   -1.600 |       -5.4 |   -45232.3 |  74604 | rd_ar_q\[1\]\[0\]$_DFFE_PP_/DE
     155* |       0 |       3 |        0 |      0 |     0 |    +0.0% |   -1.600 |       -5.4 |   -45232.3 |  74604 | rd_ar_q\[1\]\[0\]$_DFFE_PP_/DE
     156* |       0 |       3 |        0 |      0 |     0 |    +0.0% |   -1.600 |       -5.4 |   -45232.3 |  74604 | rd_ar_q\[1\]\[0\]$_DFFE_PP_/DE
     157* |       0 |       3 |        0 |      0 |     0 |    +0.0% |   -1.600 |       -5.4 |   -45232.3 |  74604 | rd_ar_q\[1\]\[0\]$_DFFE_PP_/DE
     158* |       0 |       3 |        0 |      0 |     0 |    +0.0% |   -1.600 |       -5.4 |   -45232.3 |  74604 | rd_ar_q\[1\]\[0\]$_DFFE_PP_/DE
     159* |       0 |       3 |        0 |      0 |     0 |    +0.0% |   -1.600 |       -5.4 |   -45232.3 |  74604 | rd_ar_q\[1\]\[0\]$_DFFE_PP_/DE
     160* |       0 |       3 |        0 |      0 |     0 |    +0.0% |   -1.600 |       -5.4 |   -45232.3 |  74604 | rd_ar_q\[1\]\[0\]$_DFFE_PP_/DE
     160* |       0 |       3 |        0 |      0 |     0 |    +0.0% |   -1.600 |       -5.4 |   -45232.3 |  74604 | rd_ar_q\[1\]\[0\]$_DFFE_PP_/DE
     161* |       0 |       3 |        0 |      0 |     0 |    +0.0% |   -1.600 |       -5.4 |   -45232.3 |  74604 | rd_ar_q\[1\]\[0\]$_DFFE_PP_/DE
     162* |       0 |       3 |        0 |      0 |     0 |    +0.0% |   -1.600 |       -5.4 |   -45232.3 |  74604 | rd_ar_q\[1\]\[0\]$_DFFE_PP_/DE
     163* |       0 |       3 |        0 |      0 |     0 |    +0.0% |   -1.600 |       -5.4 |   -45232.3 |  74604 | rd_ar_q\[1\]\[0\]$_DFFE_PP_/DE
     164* |       0 |       3 |        0 |      0 |     0 |    +0.0% |   -1.600 |       -5.4 |   -45232.3 |  74604 | rd_ar_q\[1\]\[0\]$_DFFE_PP_/DE
     165* |       0 |       3 |        0 |      0 |     0 |    +0.0% |   -1.600 |       -5.4 |   -45232.3 |  74604 | rd_ar_q\[1\]\[0\]$_DFFE_PP_/DE
     166* |       0 |       3 |        0 |      0 |     0 |    +0.0% |   -1.600 |       -5.4 |   -45232.3 |  74604 | rd_ar_q\[1\]\[0\]$_DFFE_PP_/DE
     167* |       0 |       3 |        0 |      0 |     0 |    +0.0% |   -1.600 |       -5.4 |   -45232.3 |  74604 | rd_ar_q\[1\]\[0\]$_DFFE_PP_/DE
     168* |       0 |       3 |        0 |      0 |     0 |    +0.0% |   -1.600 |       -5.4 |   -45232.3 |  74604 | rd_ar_q\[1\]\[0\]$_DFFE_PP_/DE
     169* |       0 |       3 |        0 |      0 |     0 |    +0.0% |   -1.600 |       -5.4 |   -45232.3 |  74604 | rd_ar_q\[1\]\[0\]$_DFFE_PP_/DE
     170* |       0 |       3 |        0 |      0 |     0 |    +0.0% |   -1.600 |       -5.4 |   -45232.3 |  74604 | rd_ar_q\[1\]\[0\]$_DFFE_PP_/DE
     170* |       0 |       3 |        0 |      0 |     0 |    +0.0% |   -1.600 |       -5.4 |   -45232.3 |  74604 | rd_ar_q\[1\]\[0\]$_DFFE_PP_/DE
     171* |       0 |       3 |        0 |      0 |     0 |    +0.0% |   -1.600 |       -5.4 |   -45232.3 |  74604 | rd_ar_q\[1\]\[0\]$_DFFE_PP_/DE
     172* |       0 |       3 |        0 |      0 |     0 |    +0.0% |   -1.600 |       -5.4 |   -45232.3 |  74604 | rd_ar_q\[1\]\[0\]$_DFFE_PP_/DE
     173* |       0 |       3 |        0 |      0 |     0 |    +0.0% |   -1.600 |       -5.4 |   -45232.3 |  74604 | rd_ar_q\[1\]\[0\]$_DFFE_PP_/DE
     174* |       0 |       3 |        0 |      0 |     0 |    +0.0% |   -1.600 |       -5.4 |   -45232.3 |  74604 | rd_ar_q\[1\]\[0\]$_DFFE_PP_/DE
     175* |       0 |       3 |        0 |      0 |     0 |    +0.0% |   -1.600 |       -5.4 |   -45232.3 |  74604 | rd_ar_q\[1\]\[0\]$_DFFE_PP_/DE
     176* |       0 |       3 |        0 |      0 |     0 |    +0.0% |   -1.600 |       -5.4 |   -45232.3 |  74604 | rd_ar_q\[1\]\[0\]$_DFFE_PP_/DE
     177* |       0 |       3 |        0 |      0 |     0 |    +0.0% |   -1.600 |       -5.4 |   -45232.3 |  74604 | rd_ar_q\[1\]\[0\]$_DFFE_PP_/DE
     178* |       0 |       3 |        0 |      0 |     0 |    +0.0% |   -1.600 |       -5.4 |   -45232.3 |  74604 | rd_ar_q\[1\]\[0\]$_DFFE_PP_/DE
     179* |       0 |       3 |        0 |      0 |     0 |    +0.0% |   -1.600 |       -5.4 |   -45232.3 |  74604 | rd_ar_q\[1\]\[0\]$_DFFE_PP_/DE
     180* |       0 |       3 |        0 |      0 |     0 |    +0.0% |   -1.600 |       -5.4 |   -45232.3 |  74604 | rd_ar_q\[1\]\[0\]$_DFFE_PP_/DE
     180* |       0 |       3 |        0 |      0 |     0 |    +0.0% |   -1.600 |       -5.4 |   -45232.3 |  74604 | rd_ar_q\[1\]\[0\]$_DFFE_PP_/DE
     181* |       0 |       3 |        0 |      0 |     0 |    +0.0% |   -1.600 |       -5.4 |   -45232.3 |  74604 | rd_ar_q\[1\]\[0\]$_DFFE_PP_/DE
     182* |       0 |       3 |        0 |      0 |     0 |    +0.0% |   -1.600 |       -5.4 |   -45232.3 |  74604 | rd_ar_q\[1\]\[0\]$_DFFE_PP_/DE
     183* |       0 |       3 |        0 |      0 |     0 |    +0.0% |   -1.600 |       -5.4 |   -45232.3 |  74604 | rd_ar_q\[1\]\[0\]$_DFFE_PP_/DE
     184* |       0 |       3 |        0 |      0 |     0 |    +0.0% |   -1.600 |       -5.4 |   -45232.3 |  74604 | rd_ar_q\[1\]\[0\]$_DFFE_PP_/DE
     185* |       0 |       3 |        0 |      0 |     0 |    +0.0% |   -1.600 |       -5.4 |   -45232.3 |  74604 | rd_ar_q\[1\]\[0\]$_DFFE_PP_/DE
     186* |       0 |       3 |        0 |      0 |     0 |    +0.0% |   -1.600 |       -5.4 |   -45232.3 |  74604 | rd_ar_q\[1\]\[0\]$_DFFE_PP_/DE
     187* |       0 |       3 |        0 |      0 |     0 |    +0.0% |   -1.600 |       -5.4 |   -45232.3 |  74604 | rd_ar_q\[1\]\[0\]$_DFFE_PP_/DE
     188* |       0 |       3 |        0 |      0 |     0 |    +0.0% |   -1.600 |       -5.4 |   -45232.3 |  74604 | rd_ar_q\[1\]\[0\]$_DFFE_PP_/DE
     189* |       0 |       3 |        0 |      0 |     0 |    +0.0% |   -1.600 |       -5.4 |   -45232.3 |  74604 | rd_ar_q\[1\]\[0\]$_DFFE_PP_/DE
     190* |       0 |       3 |        0 |      0 |     0 |    +0.0% |   -1.600 |       -5.4 |   -45232.3 |  74604 | rd_ar_q\[1\]\[0\]$_DFFE_PP_/DE
     190* |       0 |       3 |        0 |      0 |     0 |    +0.0% |   -1.600 |       -5.4 |   -45232.3 |  74604 | rd_ar_q\[1\]\[0\]$_DFFE_PP_/DE
     191* |       0 |       3 |        0 |      0 |     0 |    +0.0% |   -1.600 |       -5.4 |   -45232.3 |  74604 | rd_ar_q\[1\]\[0\]$_DFFE_PP_/DE
     192* |       0 |       3 |        0 |      0 |     0 |    +0.0% |   -1.600 |       -5.4 |   -45232.3 |  74604 | rd_ar_q\[1\]\[0\]$_DFFE_PP_/DE
     193* |       0 |       3 |        0 |      0 |     0 |    +0.0% |   -1.600 |       -5.4 |   -45232.3 |  74604 | rd_ar_q\[1\]\[0\]$_DFFE_PP_/DE
     194* |       0 |       3 |        0 |      0 |     0 |    +0.0% |   -1.600 |       -5.4 |   -45232.3 |  74604 | rd_ar_q\[1\]\[0\]$_DFFE_PP_/DE
     195* |       0 |       3 |        0 |      0 |     0 |    +0.0% |   -1.600 |       -5.4 |   -45232.3 |  74604 | rd_ar_q\[1\]\[0\]$_DFFE_PP_/DE
     196* |       0 |       3 |        0 |      0 |     0 |    +0.0% |   -1.600 |       -5.4 |   -45232.3 |  74604 | rd_ar_q\[1\]\[0\]$_DFFE_PP_/DE
     197* |       0 |       3 |        0 |      0 |     0 |    +0.0% |   -1.600 |       -5.4 |   -45232.3 |  74604 | rd_ar_q\[1\]\[0\]$_DFFE_PP_/DE
     198* |       0 |       3 |        0 |      0 |     0 |    +0.0% |   -1.600 |       -5.4 |   -45232.3 |  74604 | rd_ar_q\[1\]\[0\]$_DFFE_PP_/DE
     199* |       0 |       3 |        0 |      0 |     0 |    +0.0% |   -1.600 |       -5.4 |   -45232.3 |  74604 | rd_ar_q\[1\]\[0\]$_DFFE_PP_/DE
     200* |       0 |       3 |        0 |      0 |     0 |    +0.0% |   -1.600 |       -5.4 |   -45232.3 |  74604 | rd_ar_q\[1\]\[0\]$_DFFE_PP_/DE
     200* |       0 |       3 |        0 |      0 |     0 |    +0.0% |   -1.600 |       -5.4 |   -45232.3 |  74604 | rd_ar_q\[1\]\[0\]$_DFFE_PP_/DE
     201* |       0 |       3 |        0 |      0 |     0 |    +0.0% |   -1.600 |       -5.4 |   -45232.3 |  74604 | rd_ar_q\[1\]\[0\]$_DFFE_PP_/DE
     202* |       0 |       3 |        0 |      0 |     0 |    +0.0% |   -1.600 |       -5.4 |   -45232.3 |  74604 | rd_ar_q\[1\]\[0\]$_DFFE_PP_/DE
     203* |       0 |       3 |        0 |      0 |     0 |    +0.0% |   -1.600 |       -5.4 |   -45232.3 |  74604 | rd_ar_q\[1\]\[0\]$_DFFE_PP_/DE
     204* |       0 |       3 |        0 |      0 |     0 |    +0.0% |   -1.600 |       -5.4 |   -45232.3 |  74604 | rd_ar_q\[1\]\[0\]$_DFFE_PP_/DE
     205* |       0 |       3 |        0 |      0 |     0 |    +0.0% |   -1.600 |       -5.4 |   -45232.3 |  74604 | rd_ar_q\[1\]\[0\]$_DFFE_PP_/DE
     206* |       0 |       3 |        0 |      0 |     0 |    +0.0% |   -1.600 |       -5.4 |   -45232.3 |  74604 | rd_ar_q\[1\]\[0\]$_DFFE_PP_/DE
     207* |       0 |       3 |        0 |      0 |     0 |    +0.0% |   -1.600 |       -5.4 |   -45232.3 |  74604 | rd_ar_q\[1\]\[0\]$_DFFE_PP_/DE
     208* |       0 |       3 |        0 |      0 |     0 |    +0.0% |   -1.600 |       -5.4 |   -45232.3 |  74604 | rd_ar_q\[1\]\[0\]$_DFFE_PP_/DE
     209* |       0 |       3 |        0 |      0 |     0 |    +0.0% |   -1.600 |       -5.4 |   -45232.3 |  74604 | rd_ar_q\[1\]\[0\]$_DFFE_PP_/DE
     210* |       0 |       3 |        0 |      0 |     0 |    +0.0% |   -1.600 |       -5.4 |   -45232.3 |  74604 | rd_ar_q\[1\]\[0\]$_DFFE_PP_/DE
     210* |       0 |       3 |        0 |      0 |     0 |    +0.0% |   -1.600 |       -5.4 |   -45232.3 |  74604 | rd_ar_q\[1\]\[0\]$_DFFE_PP_/DE
     211* |       0 |       3 |        0 |      0 |     0 |    +0.0% |   -1.600 |       -5.4 |   -45232.3 |  74604 | rd_ar_q\[1\]\[0\]$_DFFE_PP_/DE
     212* |       0 |       3 |        0 |      0 |     0 |    +0.0% |   -1.600 |       -5.4 |   -45232.3 |  74604 | rd_ar_q\[1\]\[0\]$_DFFE_PP_/DE
     213* |       0 |       3 |        0 |      0 |     0 |    +0.0% |   -1.600 |       -5.4 |   -45232.3 |  74604 | rd_ar_q\[1\]\[0\]$_DFFE_PP_/DE
     214* |       0 |       3 |        0 |      0 |     0 |    +0.0% |   -1.600 |       -5.4 |   -45232.3 |  74604 | rd_ar_q\[1\]\[0\]$_DFFE_PP_/DE
     215* |       0 |       3 |        0 |      0 |     0 |    +0.0% |   -1.600 |       -5.4 |   -45232.3 |  74604 | rd_ar_q\[1\]\[0\]$_DFFE_PP_/DE
     216* |       0 |       3 |        0 |      0 |     0 |    +0.0% |   -1.600 |       -5.4 |   -45232.3 |  74604 | rd_ar_q\[1\]\[0\]$_DFFE_PP_/DE
     217* |       0 |       3 |        0 |      0 |     0 |    +0.0% |   -1.600 |       -5.4 |   -45232.3 |  74604 | rd_ar_q\[1\]\[0\]$_DFFE_PP_/DE
     218* |       0 |       3 |        0 |      0 |     0 |    +0.0% |   -1.600 |       -5.4 |   -45232.3 |  74604 | rd_ar_q\[1\]\[0\]$_DFFE_PP_/DE
     219* |       0 |       3 |        0 |      0 |     0 |    +0.0% |   -1.600 |       -5.4 |   -45232.3 |  74604 | rd_ar_q\[1\]\[0\]$_DFFE_PP_/DE
     220* |       0 |       3 |        0 |      0 |     0 |    +0.0% |   -1.600 |       -5.4 |   -45232.3 |  74604 | rd_ar_q\[1\]\[0\]$_DFFE_PP_/DE
     221* |       0 |       4 |        0 |      0 |     0 |    +0.0% |   -0.954 |       -2.2 |   -45123.6 |  74604 | rbuf_mem\[0\]\[10040\]$_DFFE_PP_/D
     222* |       0 |       4 |        0 |      0 |     0 |    +0.0% |   -0.954 |       -2.2 |   -45123.6 |  74604 | rbuf_mem\[0\]\[10040\]$_DFFE_PP_/D
     223* |       0 |       4 |        0 |      0 |     0 |    +0.0% |   -0.954 |       -2.2 |   -45123.6 |  74604 | rbuf_mem\[0\]\[10040\]$_DFFE_PP_/D
     224* |       0 |       4 |        0 |      0 |     0 |    +0.0% |   -0.954 |       -2.2 |   -45123.6 |  74604 | rbuf_mem\[0\]\[10040\]$_DFFE_PP_/D
     225* |       0 |       4 |        0 |      0 |     0 |    +0.0% |   -0.954 |       -2.2 |   -45123.6 |  74604 | rbuf_mem\[0\]\[10040\]$_DFFE_PP_/D
     226* |       0 |       4 |        0 |      0 |     0 |    +0.0% |   -0.954 |       -2.2 |   -45123.6 |  74604 | rbuf_mem\[0\]\[10040\]$_DFFE_PP_/D
     227* |       0 |       4 |        0 |      0 |     0 |    +0.0% |   -0.954 |       -2.2 |   -45123.6 |  74604 | rbuf_mem\[0\]\[10040\]$_DFFE_PP_/D
     228* |       0 |       4 |        0 |      0 |     0 |    +0.0% |   -0.954 |       -2.2 |   -45123.6 |  74604 | rbuf_mem\[0\]\[10040\]$_DFFE_PP_/D
     229* |       0 |       4 |        0 |      0 |     0 |    +0.0% |   -0.954 |       -2.2 |   -45123.6 |  74604 | rbuf_mem\[0\]\[10040\]$_DFFE_PP_/D
     230* |       0 |       4 |        0 |      0 |     0 |    +0.0% |   -0.954 |       -2.2 |   -45123.6 |  74604 | rbuf_mem\[0\]\[10040\]$_DFFE_PP_/D
     230* |       0 |       4 |        0 |      0 |     0 |    +0.0% |   -0.954 |       -2.2 |   -45123.6 |  74604 | rbuf_mem\[0\]\[10040\]$_DFFE_PP_/D
     231* |       0 |       4 |        0 |      0 |     0 |    +0.0% |   -0.954 |       -2.2 |   -45123.6 |  74604 | rbuf_mem\[0\]\[10040\]$_DFFE_PP_/D
     232* |       0 |       4 |        0 |      0 |     0 |    +0.0% |   -0.954 |       -2.2 |   -45123.6 |  74604 | rbuf_mem\[0\]\[10040\]$_DFFE_PP_/D
     233* |       0 |       4 |        0 |      0 |     0 |    +0.0% |   -0.954 |       -2.2 |   -45123.6 |  74604 | rbuf_mem\[0\]\[10040\]$_DFFE_PP_/D
     234* |       0 |       4 |        0 |      0 |     0 |    +0.0% |   -0.954 |       -2.2 |   -45123.6 |  74604 | rbuf_mem\[0\]\[10040\]$_DFFE_PP_/D
     235* |       0 |       4 |        0 |      0 |     0 |    +0.0% |   -0.954 |       -2.2 |   -45123.6 |  74604 | rbuf_mem\[0\]\[10040\]$_DFFE_PP_/D
     236* |       0 |       4 |        0 |      0 |     0 |    +0.0% |   -0.954 |       -2.2 |   -45123.6 |  74604 | rbuf_mem\[0\]\[10040\]$_DFFE_PP_/D
     237* |       0 |       4 |        0 |      0 |     0 |    +0.0% |   -0.954 |       -2.2 |   -45123.6 |  74604 | rbuf_mem\[0\]\[10040\]$_DFFE_PP_/D
     238* |       0 |       4 |        0 |      0 |     0 |    +0.0% |   -0.954 |       -2.2 |   -45123.6 |  74604 | rbuf_mem\[0\]\[10040\]$_DFFE_PP_/D
     239* |       0 |       4 |        0 |      0 |     0 |    +0.0% |   -0.954 |       -2.2 |   -45123.6 |  74604 | rbuf_mem\[0\]\[10040\]$_DFFE_PP_/D
     240* |       0 |       4 |        0 |      0 |     0 |    +0.0% |   -0.954 |       -2.2 |   -45123.6 |  74604 | rbuf_mem\[0\]\[10040\]$_DFFE_PP_/D
     240* |       0 |       4 |        0 |      0 |     0 |    +0.0% |   -0.954 |       -2.2 |   -45123.6 |  74604 | rbuf_mem\[0\]\[10040\]$_DFFE_PP_/D
     241* |       0 |       4 |        0 |      0 |     0 |    +0.0% |   -0.954 |       -2.2 |   -45123.6 |  74604 | rbuf_mem\[0\]\[10040\]$_DFFE_PP_/D
     242* |       0 |       4 |        0 |      0 |     0 |    +0.0% |   -0.954 |       -2.2 |   -45123.6 |  74604 | rbuf_mem\[0\]\[10040\]$_DFFE_PP_/D
     243* |       0 |       4 |        0 |      0 |     0 |    +0.0% |   -0.954 |       -2.2 |   -45123.6 |  74604 | rbuf_mem\[0\]\[10040\]$_DFFE_PP_/D
     244* |       0 |       4 |        0 |      0 |     0 |    +0.0% |   -0.954 |       -2.2 |   -45123.6 |  74604 | rbuf_mem\[0\]\[10040\]$_DFFE_PP_/D
     245* |       0 |       4 |        0 |      0 |     0 |    +0.0% |   -0.954 |       -2.2 |   -45123.6 |  74604 | rbuf_mem\[0\]\[10040\]$_DFFE_PP_/D
     246* |       0 |       4 |        0 |      0 |     0 |    +0.0% |   -0.954 |       -2.2 |   -45123.6 |  74604 | rbuf_mem\[0\]\[10040\]$_DFFE_PP_/D
     247* |       0 |       4 |        0 |      0 |     0 |    +0.0% |   -0.954 |       -2.2 |   -45123.6 |  74604 | rbuf_mem\[0\]\[10040\]$_DFFE_PP_/D
     248* |       0 |       4 |        0 |      0 |     0 |    +0.0% |   -0.954 |       -2.2 |   -45123.6 |  74604 | rbuf_mem\[0\]\[10040\]$_DFFE_PP_/D
     249* |       0 |       4 |        0 |      0 |     0 |    +0.0% |   -0.954 |       -2.2 |   -45123.6 |  74604 | rbuf_mem\[0\]\[10040\]$_DFFE_PP_/D
     250* |       0 |       4 |        0 |      0 |     0 |    +0.0% |   -0.954 |       -2.2 |   -45123.6 |  74604 | rbuf_mem\[0\]\[10040\]$_DFFE_PP_/D
     250* |       0 |       4 |        0 |      0 |     0 |    +0.0% |   -0.954 |       -2.2 |   -45123.6 |  74604 | rbuf_mem\[0\]\[10040\]$_DFFE_PP_/D
     251* |       0 |       4 |        0 |      0 |     0 |    +0.0% |   -0.954 |       -2.2 |   -45123.6 |  74604 | rbuf_mem\[0\]\[10040\]$_DFFE_PP_/D
     252* |       0 |       4 |        0 |      0 |     0 |    +0.0% |   -0.954 |       -2.2 |   -45123.6 |  74604 | rbuf_mem\[0\]\[10040\]$_DFFE_PP_/D
     253* |       0 |       4 |        0 |      0 |     0 |    +0.0% |   -0.954 |       -2.2 |   -45123.6 |  74604 | rbuf_mem\[0\]\[10040\]$_DFFE_PP_/D
     254* |       0 |       4 |        0 |      0 |     0 |    +0.0% |   -0.954 |       -2.2 |   -45123.6 |  74604 | rbuf_mem\[0\]\[10040\]$_DFFE_PP_/D
     255* |       0 |       4 |        0 |      0 |     0 |    +0.0% |   -0.954 |       -2.2 |   -45123.6 |  74604 | rbuf_mem\[0\]\[10040\]$_DFFE_PP_/D
     256* |       0 |       4 |        0 |      0 |     0 |    +0.0% |   -0.954 |       -2.2 |   -45123.6 |  74604 | rbuf_mem\[0\]\[10040\]$_DFFE_PP_/D
     257* |       0 |       4 |        0 |      0 |     0 |    +0.0% |   -0.954 |       -2.2 |   -45123.6 |  74604 | rbuf_mem\[0\]\[10040\]$_DFFE_PP_/D
     258* |       0 |       4 |        0 |      0 |     0 |    +0.0% |   -0.954 |       -2.2 |   -45123.6 |  74604 | rbuf_mem\[0\]\[10040\]$_DFFE_PP_/D
     259* |       0 |       4 |        0 |      0 |     0 |    +0.0% |   -0.954 |       -2.2 |   -45123.6 |  74604 | rbuf_mem\[0\]\[10040\]$_DFFE_PP_/D
     260* |       0 |       4 |        0 |      0 |     0 |    +0.0% |   -0.954 |       -2.2 |   -45123.6 |  74604 | rbuf_mem\[0\]\[10040\]$_DFFE_PP_/D
     260* |       0 |       4 |        0 |      0 |     0 |    +0.0% |   -0.954 |       -2.2 |   -45123.6 |  74604 | rbuf_mem\[0\]\[10040\]$_DFFE_PP_/D
     261* |       0 |       4 |        0 |      0 |     0 |    +0.0% |   -0.954 |       -2.2 |   -45123.6 |  74604 | rbuf_mem\[0\]\[10040\]$_DFFE_PP_/D
     262* |       0 |       4 |        0 |      0 |     0 |    +0.0% |   -0.954 |       -2.2 |   -45123.6 |  74604 | rbuf_mem\[0\]\[10040\]$_DFFE_PP_/D
     263* |       0 |       4 |        0 |      0 |     0 |    +0.0% |   -0.954 |       -2.2 |   -45123.6 |  74604 | rbuf_mem\[0\]\[10040\]$_DFFE_PP_/D
     264* |       0 |       4 |        0 |      0 |     0 |    +0.0% |   -0.954 |       -2.2 |   -45123.6 |  74604 | rbuf_mem\[0\]\[10040\]$_DFFE_PP_/D
     265* |       0 |       4 |        0 |      0 |     0 |    +0.0% |   -0.954 |       -2.2 |   -45123.6 |  74604 | rbuf_mem\[0\]\[10040\]$_DFFE_PP_/D
     266* |       0 |       4 |        0 |      0 |     0 |    +0.0% |   -0.954 |       -2.2 |   -45123.6 |  74604 | rbuf_mem\[0\]\[10040\]$_DFFE_PP_/D
     267* |       0 |       4 |        0 |      0 |     0 |    +0.0% |   -0.954 |       -2.2 |   -45123.6 |  74604 | rbuf_mem\[0\]\[10040\]$_DFFE_PP_/D
     268* |       0 |       4 |        0 |      0 |     0 |    +0.0% |   -0.954 |       -2.2 |   -45123.6 |  74604 | rbuf_mem\[0\]\[10040\]$_DFFE_PP_/D
     269* |       0 |       4 |        0 |      0 |     0 |    +0.0% |   -0.954 |       -2.2 |   -45123.6 |  74604 | rbuf_mem\[0\]\[10040\]$_DFFE_PP_/D
     270* |       0 |       4 |        0 |      0 |     0 |    +0.0% |   -0.954 |       -2.2 |   -45123.6 |  74604 | rbuf_mem\[0\]\[10040\]$_DFFE_PP_/D
     270* |       0 |       4 |        0 |      0 |     0 |    +0.0% |   -0.954 |       -2.2 |   -45123.6 |  74604 | rbuf_mem\[0\]\[10040\]$_DFFE_PP_/D
     271* |       0 |       4 |        0 |      0 |     0 |    +0.0% |   -0.954 |       -2.2 |   -45123.6 |  74604 | rbuf_mem\[0\]\[10040\]$_DFFE_PP_/D
     272* |       0 |       4 |        0 |      0 |     0 |    +0.0% |   -0.954 |       -2.2 |   -45123.6 |  74604 | rbuf_mem\[0\]\[10040\]$_DFFE_PP_/D
     273* |       0 |       4 |        0 |      0 |     0 |    +0.0% |   -0.954 |       -2.2 |   -45123.6 |  74604 | rbuf_mem\[0\]\[10040\]$_DFFE_PP_/D
     274* |       0 |       4 |        0 |      0 |     0 |    +0.0% |   -0.954 |       -2.2 |   -45123.6 |  74604 | rbuf_mem\[0\]\[10040\]$_DFFE_PP_/D
     275* |       0 |       4 |        0 |      0 |     0 |    +0.0% |   -0.954 |       -2.2 |   -45123.6 |  74604 | rbuf_mem\[0\]\[10040\]$_DFFE_PP_/D
     276* |       0 |       4 |        0 |      0 |     0 |    +0.0% |   -0.954 |       -2.2 |   -45123.6 |  74604 | rbuf_mem\[0\]\[10040\]$_DFFE_PP_/D
     277* |       0 |       4 |        0 |      0 |     0 |    +0.0% |   -0.954 |       -2.2 |   -45123.6 |  74604 | rbuf_mem\[0\]\[10040\]$_DFFE_PP_/D
     278* |       0 |       4 |        0 |      0 |     0 |    +0.0% |   -0.954 |       -2.2 |   -45123.6 |  74604 | rbuf_mem\[0\]\[10040\]$_DFFE_PP_/D
     279* |       0 |       4 |        0 |      0 |     0 |    +0.0% |   -0.954 |       -2.2 |   -45123.6 |  74604 | rbuf_mem\[0\]\[10040\]$_DFFE_PP_/D
     280* |       0 |       4 |        0 |      0 |     0 |    +0.0% |   -0.954 |       -2.2 |   -45123.6 |  74604 | rbuf_mem\[0\]\[10040\]$_DFFE_PP_/D
     280* |       0 |       4 |        0 |      0 |     0 |    +0.0% |   -0.954 |       -2.2 |   -45123.6 |  74604 | rbuf_mem\[0\]\[10040\]$_DFFE_PP_/D
     281* |       0 |       4 |        0 |      0 |     0 |    +0.0% |   -0.954 |       -2.2 |   -45123.6 |  74604 | rbuf_mem\[0\]\[10040\]$_DFFE_PP_/D
     282* |       0 |       4 |        0 |      0 |     0 |    +0.0% |   -0.954 |       -2.2 |   -45123.6 |  74604 | rbuf_mem\[0\]\[10040\]$_DFFE_PP_/D
     283* |       0 |       4 |        0 |      0 |     0 |    +0.0% |   -0.954 |       -2.2 |   -45123.6 |  74604 | rbuf_mem\[0\]\[10040\]$_DFFE_PP_/D
     284* |       0 |       4 |        0 |      0 |     0 |    +0.0% |   -0.954 |       -2.2 |   -45123.6 |  74604 | rbuf_mem\[0\]\[10040\]$_DFFE_PP_/D
     285* |       0 |       4 |        0 |      0 |     0 |    +0.0% |   -0.954 |       -2.2 |   -45123.6 |  74604 | rbuf_mem\[0\]\[10040\]$_DFFE_PP_/D
     286* |       0 |       4 |        0 |      0 |     0 |    +0.0% |   -0.954 |       -2.2 |   -45123.6 |  74604 | rbuf_mem\[0\]\[10040\]$_DFFE_PP_/D
     287* |       0 |       4 |        0 |      0 |     0 |    +0.0% |   -0.954 |       -2.2 |   -45123.6 |  74604 | rbuf_mem\[0\]\[10040\]$_DFFE_PP_/D
     288* |       0 |       4 |        0 |      0 |     0 |    +0.0% |   -0.954 |       -2.2 |   -45123.6 |  74604 | rbuf_mem\[0\]\[10040\]$_DFFE_PP_/D
     290* |       0 |       5 |        0 |      0 |     0 |    +0.0% |   -0.954 |       -2.2 |   -44879.3 |  74604 | rbuf_mem\[0\]\[10041\]$_DFFE_PP_/D
     290* |       0 |       5 |        0 |      0 |     0 |    +0.0% |   -0.954 |       -2.2 |   -44879.3 |  74604 | rbuf_mem\[0\]\[10041\]$_DFFE_PP_/D
     292* |       0 |       6 |        0 |      0 |     0 |    +0.0% |   -0.954 |       -2.2 |   -44635.0 |  74604 | rbuf_mem\[0\]\[10042\]$_DFFE_PP_/D
     294* |       0 |       7 |        0 |      0 |     0 |    +0.0% |   -0.954 |       -2.2 |   -44390.8 |  74604 | rbuf_mem\[0\]\[10043\]$_DFFE_PP_/D
     296* |       0 |       8 |        0 |      0 |     0 |    +0.0% |   -0.954 |       -2.2 |   -44146.5 |  74604 | rbuf_mem\[0\]\[10044\]$_DFFE_PP_/D
     298* |       0 |       9 |        0 |      0 |     0 |    +0.0% |   -0.954 |       -2.2 |   -43902.3 |  74604 | rbuf_mem\[0\]\[10045\]$_DFFE_PP_/D
     300* |       0 |      10 |        0 |      0 |     0 |    +0.0% |   -0.954 |       -2.2 |   -43658.0 |  74604 | rbuf_mem\[0\]\[10046\]$_DFFE_PP_/D
     300* |       0 |      10 |        0 |      0 |     0 |    +0.0% |   -0.954 |       -2.2 |   -43658.0 |  74604 | rbuf_mem\[0\]\[10046\]$_DFFE_PP_/D
     302* |       0 |      11 |        0 |      0 |     0 |    +0.0% |   -0.954 |       -2.2 |   -43413.8 |  74604 | rbuf_mem\[0\]\[10047\]$_DFFE_PP_/D
     304* |       0 |      12 |        0 |      0 |     0 |    +0.0% |   -0.954 |       -2.2 |   -43169.5 |  74604 | rbuf_mem\[0\]\[10048\]$_DFFE_PP_/D
     306* |       0 |      13 |        0 |      0 |     0 |    +0.0% |   -0.954 |       -2.2 |   -42925.2 |  74604 | rbuf_mem\[0\]\[10049\]$_DFFE_PP_/D
     308* |       0 |      14 |        0 |      0 |     0 |    +0.0% |   -0.954 |       -2.2 |   -42681.0 |  74604 | rbuf_mem\[0\]\[10000\]$_DFFE_PP_/D
     309* |       0 |      14 |        0 |      0 |     0 |    +0.0% |   -0.954 |       -2.2 |   -42681.0 |  74604 | rbuf_mem\[0\]\[10000\]$_DFFE_PP_/D
     310* |       0 |      14 |        0 |      0 |     0 |    +0.0% |   -0.954 |       -2.2 |   -42681.0 |  74604 | rbuf_mem\[0\]\[10000\]$_DFFE_PP_/D
     310* |       0 |      14 |        0 |      0 |     0 |    +0.0% |   -0.954 |       -2.2 |   -42681.0 |  74604 | rbuf_mem\[0\]\[10000\]$_DFFE_PP_/D
     311* |       0 |      14 |        0 |      0 |     0 |    +0.0% |   -0.954 |       -2.2 |   -42681.0 |  74604 | rbuf_mem\[0\]\[10000\]$_DFFE_PP_/D
     312* |       0 |      14 |        0 |      0 |     0 |    +0.0% |   -0.954 |       -2.2 |   -42681.0 |  74604 | rbuf_mem\[0\]\[10000\]$_DFFE_PP_/D
     313* |       0 |      14 |        0 |      0 |     0 |    +0.0% |   -0.954 |       -2.2 |   -42681.0 |  74604 | rbuf_mem\[0\]\[10000\]$_DFFE_PP_/D
     314* |       0 |      14 |        0 |      0 |     0 |    +0.0% |   -0.954 |       -2.2 |   -42681.0 |  74604 | rbuf_mem\[0\]\[10000\]$_DFFE_PP_/D
     315* |       0 |      14 |        0 |      0 |     0 |    +0.0% |   -0.954 |       -2.2 |   -42681.0 |  74604 | rbuf_mem\[0\]\[10000\]$_DFFE_PP_/D
     316* |       0 |      14 |        0 |      0 |     0 |    +0.0% |   -0.954 |       -2.2 |   -42681.0 |  74604 | rbuf_mem\[0\]\[10000\]$_DFFE_PP_/D
     317* |       0 |      14 |        0 |      0 |     0 |    +0.0% |   -0.954 |       -2.2 |   -42681.0 |  74604 | rbuf_mem\[0\]\[10000\]$_DFFE_PP_/D
     318* |       0 |      14 |        0 |      0 |     0 |    +0.0% |   -0.954 |       -2.2 |   -42681.0 |  74604 | rbuf_mem\[0\]\[10000\]$_DFFE_PP_/D
     319* |       0 |      14 |        0 |      0 |     0 |    +0.0% |   -0.954 |       -2.2 |   -42681.0 |  74604 | rbuf_mem\[0\]\[10000\]$_DFFE_PP_/D
     320* |       0 |      14 |        0 |      0 |     0 |    +0.0% |   -0.954 |       -2.2 |   -42681.0 |  74604 | rbuf_mem\[0\]\[10000\]$_DFFE_PP_/D
     320* |       0 |      14 |        0 |      0 |     0 |    +0.0% |   -0.954 |       -2.2 |   -42681.0 |  74604 | rbuf_mem\[0\]\[10000\]$_DFFE_PP_/D
     321* |       0 |      14 |        0 |      0 |     0 |    +0.0% |   -0.954 |       -2.2 |   -42681.0 |  74604 | rbuf_mem\[0\]\[10000\]$_DFFE_PP_/D
     322* |       0 |      14 |        0 |      0 |     0 |    +0.0% |   -0.954 |       -2.2 |   -42681.0 |  74604 | rbuf_mem\[0\]\[10000\]$_DFFE_PP_/D
     323* |       0 |      14 |        0 |      0 |     0 |    +0.0% |   -0.954 |       -2.2 |   -42681.0 |  74604 | rbuf_mem\[0\]\[10000\]$_DFFE_PP_/D
     324* |       0 |      14 |        0 |      0 |     0 |    +0.0% |   -0.954 |       -2.2 |   -42681.0 |  74604 | rbuf_mem\[0\]\[10000\]$_DFFE_PP_/D
     325* |       0 |      14 |        0 |      0 |     0 |    +0.0% |   -0.954 |       -2.2 |   -42681.0 |  74604 | rbuf_mem\[0\]\[10000\]$_DFFE_PP_/D
     326* |       0 |      14 |        0 |      0 |     0 |    +0.0% |   -0.954 |       -2.2 |   -42681.0 |  74604 | rbuf_mem\[0\]\[10000\]$_DFFE_PP_/D
     327* |       0 |      14 |        0 |      0 |     0 |    +0.0% |   -0.954 |       -2.2 |   -42681.0 |  74604 | rbuf_mem\[0\]\[10000\]$_DFFE_PP_/D
     328* |       0 |      14 |        0 |      0 |     0 |    +0.0% |   -0.954 |       -2.2 |   -42681.0 |  74604 | rbuf_mem\[0\]\[10000\]$_DFFE_PP_/D
     329* |       0 |      14 |        0 |      0 |     0 |    +0.0% |   -0.954 |       -2.2 |   -42681.0 |  74604 | rbuf_mem\[0\]\[10000\]$_DFFE_PP_/D
     330* |       0 |      14 |        0 |      0 |     0 |    +0.0% |   -0.954 |       -2.2 |   -42681.0 |  74604 | rbuf_mem\[0\]\[10000\]$_DFFE_PP_/D
     330* |       0 |      14 |        0 |      0 |     0 |    +0.0% |   -0.954 |       -2.2 |   -42681.0 |  74604 | rbuf_mem\[0\]\[10000\]$_DFFE_PP_/D
     331* |       0 |      14 |        0 |      0 |     0 |    +0.0% |   -0.954 |       -2.2 |   -42681.0 |  74604 | rbuf_mem\[0\]\[10000\]$_DFFE_PP_/D
     332* |       0 |      14 |        0 |      0 |     0 |    +0.0% |   -0.954 |       -2.2 |   -42681.0 |  74604 | rbuf_mem\[0\]\[10000\]$_DFFE_PP_/D
     333* |       0 |      14 |        0 |      0 |     0 |    +0.0% |   -0.954 |       -2.2 |   -42681.0 |  74604 | rbuf_mem\[0\]\[10000\]$_DFFE_PP_/D
     334* |       0 |      14 |        0 |      0 |     0 |    +0.0% |   -0.954 |       -2.2 |   -42681.0 |  74604 | rbuf_mem\[0\]\[10000\]$_DFFE_PP_/D
     335* |       0 |      14 |        0 |      0 |     0 |    +0.0% |   -0.954 |       -2.2 |   -42681.0 |  74604 | rbuf_mem\[0\]\[10000\]$_DFFE_PP_/D
     336* |       0 |      14 |        0 |      0 |     0 |    +0.0% |   -0.954 |       -2.2 |   -42681.0 |  74604 | rbuf_mem\[0\]\[10000\]$_DFFE_PP_/D
     337* |       0 |      14 |        0 |      0 |     0 |    +0.0% |   -0.954 |       -2.2 |   -42681.0 |  74604 | rbuf_mem\[0\]\[10000\]$_DFFE_PP_/D
     338* |       0 |      14 |        0 |      0 |     0 |    +0.0% |   -0.954 |       -2.2 |   -42681.0 |  74604 | rbuf_mem\[0\]\[10000\]$_DFFE_PP_/D
     339* |       0 |      14 |        0 |      0 |     0 |    +0.0% |   -0.954 |       -2.2 |   -42681.0 |  74604 | rbuf_mem\[0\]\[10000\]$_DFFE_PP_/D
     340* |       0 |      14 |        0 |      0 |     0 |    +0.0% |   -0.954 |       -2.2 |   -42681.0 |  74604 | rbuf_mem\[0\]\[10000\]$_DFFE_PP_/D
     340* |       0 |      14 |        0 |      0 |     0 |    +0.0% |   -0.954 |       -2.2 |   -42681.0 |  74604 | rbuf_mem\[0\]\[10000\]$_DFFE_PP_/D
     341* |       0 |      14 |        0 |      0 |     0 |    +0.0% |   -0.954 |       -2.2 |   -42681.0 |  74604 | rbuf_mem\[0\]\[10000\]$_DFFE_PP_/D
     342* |       0 |      14 |        0 |      0 |     0 |    +0.0% |   -0.954 |       -2.2 |   -42681.0 |  74604 | rbuf_mem\[0\]\[10000\]$_DFFE_PP_/D
     343* |       0 |      14 |        0 |      0 |     0 |    +0.0% |   -0.954 |       -2.2 |   -42681.0 |  74604 | rbuf_mem\[0\]\[10000\]$_DFFE_PP_/D
     344* |       0 |      14 |        0 |      0 |     0 |    +0.0% |   -0.954 |       -2.2 |   -42681.0 |  74604 | rbuf_mem\[0\]\[10000\]$_DFFE_PP_/D
     345* |       0 |      14 |        0 |      0 |     0 |    +0.0% |   -0.954 |       -2.2 |   -42681.0 |  74604 | rbuf_mem\[0\]\[10000\]$_DFFE_PP_/D
     346* |       0 |      14 |        0 |      0 |     0 |    +0.0% |   -0.954 |       -2.2 |   -42681.0 |  74604 | rbuf_mem\[0\]\[10000\]$_DFFE_PP_/D
     347* |       0 |      14 |        0 |      0 |     0 |    +0.0% |   -0.954 |       -2.2 |   -42681.0 |  74604 | rbuf_mem\[0\]\[10000\]$_DFFE_PP_/D
     348* |       0 |      14 |        0 |      0 |     0 |    +0.0% |   -0.954 |       -2.2 |   -42681.0 |  74604 | rbuf_mem\[0\]\[10000\]$_DFFE_PP_/D
     349* |       0 |      14 |        0 |      0 |     0 |    +0.0% |   -0.954 |       -2.2 |   -42681.0 |  74604 | rbuf_mem\[0\]\[10000\]$_DFFE_PP_/D
     350* |       0 |      14 |        0 |      0 |     0 |    +0.0% |   -0.954 |       -2.2 |   -42681.0 |  74604 | rbuf_mem\[0\]\[10000\]$_DFFE_PP_/D
     350* |       0 |      14 |        0 |      0 |     0 |    +0.0% |   -0.954 |       -2.2 |   -42681.0 |  74604 | rbuf_mem\[0\]\[10000\]$_DFFE_PP_/D
     351* |       0 |      14 |        0 |      0 |     0 |    +0.0% |   -0.954 |       -2.2 |   -42681.0 |  74604 | rbuf_mem\[0\]\[10000\]$_DFFE_PP_/D
     352* |       0 |      14 |        0 |      0 |     0 |    +0.0% |   -0.954 |       -2.2 |   -42681.0 |  74604 | rbuf_mem\[0\]\[10000\]$_DFFE_PP_/D
     353* |       0 |      14 |        0 |      0 |     0 |    +0.0% |   -0.954 |       -2.2 |   -42681.0 |  74604 | rbuf_mem\[0\]\[10000\]$_DFFE_PP_/D
     354* |       0 |      14 |        0 |      0 |     0 |    +0.0% |   -0.954 |       -2.2 |   -42681.0 |  74604 | rbuf_mem\[0\]\[10000\]$_DFFE_PP_/D
     355* |       0 |      14 |        0 |      0 |     0 |    +0.0% |   -0.954 |       -2.2 |   -42681.0 |  74604 | rbuf_mem\[0\]\[10000\]$_DFFE_PP_/D
     356* |       0 |      14 |        0 |      0 |     0 |    +0.0% |   -0.954 |       -2.2 |   -42681.0 |  74604 | rbuf_mem\[0\]\[10000\]$_DFFE_PP_/D
     357* |       0 |      14 |        0 |      0 |     0 |    +0.0% |   -0.954 |       -2.2 |   -42681.0 |  74604 | rbuf_mem\[0\]\[10000\]$_DFFE_PP_/D
     358* |       0 |      14 |        0 |      0 |     0 |    +0.0% |   -0.954 |       -2.2 |   -42681.0 |  74604 | rbuf_mem\[0\]\[10000\]$_DFFE_PP_/D
     359* |       0 |      14 |        0 |      0 |     0 |    +0.0% |   -0.954 |       -2.2 |   -42681.0 |  74604 | rbuf_mem\[0\]\[10000\]$_DFFE_PP_/D
     360* |       0 |      14 |        0 |      0 |     0 |    +0.0% |   -0.954 |       -2.2 |   -42681.0 |  74604 | rbuf_mem\[0\]\[10000\]$_DFFE_PP_/D
     360* |       0 |      14 |        0 |      0 |     0 |    +0.0% |   -0.954 |       -2.2 |   -42681.0 |  74604 | rbuf_mem\[0\]\[10000\]$_DFFE_PP_/D
     361* |       0 |      14 |        0 |      0 |     0 |    +0.0% |   -0.954 |       -2.2 |   -42681.0 |  74604 | rbuf_mem\[0\]\[10000\]$_DFFE_PP_/D
     362* |       0 |      14 |        0 |      0 |     0 |    +0.0% |   -0.954 |       -2.2 |   -42681.0 |  74604 | rbuf_mem\[0\]\[10000\]$_DFFE_PP_/D
     363* |       0 |      14 |        0 |      0 |     0 |    +0.0% |   -0.954 |       -2.2 |   -42681.0 |  74604 | rbuf_mem\[0\]\[10000\]$_DFFE_PP_/D
     364* |       0 |      14 |        0 |      0 |     0 |    +0.0% |   -0.954 |       -2.2 |   -42681.0 |  74604 | rbuf_mem\[0\]\[10000\]$_DFFE_PP_/D
     365* |       0 |      14 |        0 |      0 |     0 |    +0.0% |   -0.954 |       -2.2 |   -42681.0 |  74604 | rbuf_mem\[0\]\[10000\]$_DFFE_PP_/D
     366* |       0 |      14 |        0 |      0 |     0 |    +0.0% |   -0.954 |       -2.2 |   -42681.0 |  74604 | rbuf_mem\[0\]\[10000\]$_DFFE_PP_/D
     367* |       0 |      14 |        0 |      0 |     0 |    +0.0% |   -0.954 |       -2.2 |   -42681.0 |  74604 | rbuf_mem\[0\]\[10000\]$_DFFE_PP_/D
     368* |       0 |      14 |        0 |      0 |     0 |    +0.0% |   -0.954 |       -2.2 |   -42681.0 |  74604 | rbuf_mem\[0\]\[10000\]$_DFFE_PP_/D
     369* |       0 |      14 |        0 |      0 |     0 |    +0.0% |   -0.954 |       -2.2 |   -42681.0 |  74604 | rbuf_mem\[0\]\[10000\]$_DFFE_PP_/D
     370* |       0 |      14 |        0 |      0 |     0 |    +0.0% |   -0.954 |       -2.2 |   -42681.0 |  74604 | rbuf_mem\[0\]\[10000\]$_DFFE_PP_/D
     370* |       0 |      14 |        0 |      0 |     0 |    +0.0% |   -0.954 |       -2.2 |   -42681.0 |  74604 | rbuf_mem\[0\]\[10000\]$_DFFE_PP_/D
     371* |       0 |      14 |        0 |      0 |     0 |    +0.0% |   -0.954 |       -2.2 |   -42681.0 |  74604 | rbuf_mem\[0\]\[10000\]$_DFFE_PP_/D
     372* |       0 |      14 |        0 |      0 |     0 |    +0.0% |   -0.954 |       -2.2 |   -42681.0 |  74604 | rbuf_mem\[0\]\[10000\]$_DFFE_PP_/D
     373* |       0 |      14 |        0 |      0 |     0 |    +0.0% |   -0.954 |       -2.2 |   -42681.0 |  74604 | rbuf_mem\[0\]\[10000\]$_DFFE_PP_/D
     374* |       0 |      14 |        0 |      0 |     0 |    +0.0% |   -0.954 |       -2.2 |   -42681.0 |  74604 | rbuf_mem\[0\]\[10000\]$_DFFE_PP_/D
     375* |       0 |      14 |        0 |      0 |     0 |    +0.0% |   -0.954 |       -2.2 |   -42681.0 |  74604 | rbuf_mem\[0\]\[10000\]$_DFFE_PP_/D
     376* |       0 |      14 |        0 |      0 |     0 |    +0.0% |   -0.954 |       -2.2 |   -42681.0 |  74604 | rbuf_mem\[0\]\[10000\]$_DFFE_PP_/D
     377* |       0 |      14 |        0 |      0 |     0 |    +0.0% |   -0.954 |       -2.2 |   -42681.0 |  74604 | rbuf_mem\[0\]\[10000\]$_DFFE_PP_/D
     378* |       0 |      14 |        0 |      0 |     0 |    +0.0% |   -0.954 |       -2.2 |   -42681.0 |  74604 | rbuf_mem\[0\]\[10000\]$_DFFE_PP_/D
     379* |       0 |      14 |        0 |      0 |     0 |    +0.0% |   -0.954 |       -2.2 |   -42681.0 |  74604 | rbuf_mem\[0\]\[10000\]$_DFFE_PP_/D
     380* |       0 |      14 |        0 |      0 |     0 |    +0.0% |   -0.954 |       -2.2 |   -42681.0 |  74604 | rbuf_mem\[0\]\[10000\]$_DFFE_PP_/D
     380* |       0 |      14 |        0 |      0 |     0 |    +0.0% |   -0.954 |       -2.2 |   -42681.0 |  74604 | rbuf_mem\[0\]\[10000\]$_DFFE_PP_/D
     381* |       0 |      14 |        0 |      0 |     0 |    +0.0% |   -0.954 |       -2.2 |   -42681.0 |  74604 | rbuf_mem\[0\]\[10000\]$_DFFE_PP_/D
     382* |       0 |      14 |        0 |      0 |     0 |    +0.0% |   -0.954 |       -2.2 |   -42681.0 |  74604 | rbuf_mem\[0\]\[10000\]$_DFFE_PP_/D
     383* |       0 |      14 |        0 |      0 |     0 |    +0.0% |   -0.954 |       -2.2 |   -42681.0 |  74604 | rbuf_mem\[0\]\[10000\]$_DFFE_PP_/D
     384* |       0 |      14 |        0 |      0 |     0 |    +0.0% |   -0.954 |       -2.2 |   -42681.0 |  74604 | rbuf_mem\[0\]\[10000\]$_DFFE_PP_/D
     385* |       0 |      14 |        0 |      0 |     0 |    +0.0% |   -0.954 |       -2.2 |   -42681.0 |  74604 | rbuf_mem\[0\]\[10000\]$_DFFE_PP_/D
     386* |       0 |      14 |        0 |      0 |     0 |    +0.0% |   -0.954 |       -2.2 |   -42681.0 |  74604 | rbuf_mem\[0\]\[10000\]$_DFFE_PP_/D
     387* |       0 |      14 |        0 |      0 |     0 |    +0.0% |   -0.954 |       -2.2 |   -42681.0 |  74604 | rbuf_mem\[0\]\[10000\]$_DFFE_PP_/D
     388* |       0 |      14 |        0 |      0 |     0 |    +0.0% |   -0.954 |       -2.2 |   -42681.0 |  74604 | rbuf_mem\[0\]\[10000\]$_DFFE_PP_/D
     389* |       0 |      14 |        0 |      0 |     0 |    +0.0% |   -0.954 |       -2.2 |   -42681.0 |  74604 | rbuf_mem\[0\]\[10000\]$_DFFE_PP_/D
     390* |       0 |      14 |        0 |      0 |     0 |    +0.0% |   -0.954 |       -2.2 |   -42681.0 |  74604 | rbuf_mem\[0\]\[10000\]$_DFFE_PP_/D
     390* |       0 |      14 |        0 |      0 |     0 |    +0.0% |   -0.954 |       -2.2 |   -42681.0 |  74604 | rbuf_mem\[0\]\[10000\]$_DFFE_PP_/D
     391* |       0 |      14 |        0 |      0 |     0 |    +0.0% |   -0.954 |       -2.2 |   -42681.0 |  74604 | rbuf_mem\[0\]\[10000\]$_DFFE_PP_/D
     392* |       0 |      14 |        0 |      0 |     0 |    +0.0% |   -0.954 |       -2.2 |   -42681.0 |  74604 | rbuf_mem\[0\]\[10000\]$_DFFE_PP_/D
     393* |       0 |      14 |        0 |      0 |     0 |    +0.0% |   -0.954 |       -2.2 |   -42681.0 |  74604 | rbuf_mem\[0\]\[10000\]$_DFFE_PP_/D
     394* |       0 |      14 |        0 |      0 |     0 |    +0.0% |   -0.954 |       -2.2 |   -42681.0 |  74604 | rbuf_mem\[0\]\[10000\]$_DFFE_PP_/D
     395* |       0 |      14 |        0 |      0 |     0 |    +0.0% |   -0.954 |       -2.2 |   -42681.0 |  74604 | rbuf_mem\[0\]\[10000\]$_DFFE_PP_/D
     396* |       0 |      14 |        0 |      0 |     0 |    +0.0% |   -0.954 |       -2.2 |   -42681.0 |  74604 | rbuf_mem\[0\]\[10000\]$_DFFE_PP_/D
     397* |       0 |      14 |        0 |      0 |     0 |    +0.0% |   -0.954 |       -2.2 |   -42681.0 |  74604 | rbuf_mem\[0\]\[10000\]$_DFFE_PP_/D
     398* |       0 |      14 |        0 |      0 |     0 |    +0.0% |   -0.954 |       -2.2 |   -42681.0 |  74604 | rbuf_mem\[0\]\[10000\]$_DFFE_PP_/D
     399* |       0 |      14 |        0 |      0 |     0 |    +0.0% |   -0.954 |       -2.2 |   -42681.0 |  74604 | rbuf_mem\[0\]\[10000\]$_DFFE_PP_/D
     400* |       0 |      14 |        0 |      0 |     0 |    +0.0% |   -0.954 |       -2.2 |   -42681.0 |  74604 | rbuf_mem\[0\]\[10000\]$_DFFE_PP_/D
     400* |       0 |      14 |        0 |      0 |     0 |    +0.0% |   -0.954 |       -2.2 |   -42681.0 |  74604 | rbuf_mem\[0\]\[10000\]$_DFFE_PP_/D
     401* |       0 |      14 |        0 |      0 |     0 |    +0.0% |   -0.954 |       -2.2 |   -42681.0 |  74604 | rbuf_mem\[0\]\[10000\]$_DFFE_PP_/D
     402* |       0 |      14 |        0 |      0 |     0 |    +0.0% |   -0.954 |       -2.2 |   -42681.0 |  74604 | rbuf_mem\[0\]\[10000\]$_DFFE_PP_/D
     403* |       0 |      14 |        0 |      0 |     0 |    +0.0% |   -0.954 |       -2.2 |   -42681.0 |  74604 | rbuf_mem\[0\]\[10000\]$_DFFE_PP_/D
     404* |       0 |      14 |        0 |      0 |     0 |    +0.0% |   -0.954 |       -2.2 |   -42681.0 |  74604 | rbuf_mem\[0\]\[10000\]$_DFFE_PP_/D
     405* |       0 |      14 |        0 |      0 |     0 |    +0.0% |   -0.954 |       -2.2 |   -42681.0 |  74604 | rbuf_mem\[0\]\[10000\]$_DFFE_PP_/D
     406* |       0 |      14 |        0 |      0 |     0 |    +0.0% |   -0.954 |       -2.2 |   -42681.0 |  74604 | rbuf_mem\[0\]\[10000\]$_DFFE_PP_/D
     407* |       0 |      14 |        0 |      0 |     0 |    +0.0% |   -0.954 |       -2.2 |   -42681.0 |  74604 | rbuf_mem\[0\]\[10000\]$_DFFE_PP_/D
     408* |       0 |      14 |        0 |      0 |     0 |    +0.0% |   -0.954 |       -2.2 |   -42681.0 |  74604 | rbuf_mem\[0\]\[10000\]$_DFFE_PP_/D
     409* |       0 |      14 |        0 |      0 |     0 |    +0.0% |   -0.954 |       -2.2 |   -42681.0 |  74604 | rbuf_mem\[0\]\[10000\]$_DFFE_PP_/D
     410* |       0 |      14 |        0 |      0 |     0 |    +0.0% |   -0.954 |       -2.2 |   -42681.0 |  74604 | rbuf_mem\[0\]\[10000\]$_DFFE_PP_/D
     410* |       0 |      14 |        0 |      0 |     0 |    +0.0% |   -0.954 |       -2.2 |   -42681.0 |  74604 | rbuf_mem\[0\]\[10000\]$_DFFE_PP_/D
     411* |       0 |      14 |        0 |      0 |     0 |    +0.0% |   -0.954 |       -2.2 |   -42681.0 |  74604 | rbuf_mem\[0\]\[10000\]$_DFFE_PP_/D
     412* |       0 |      14 |        0 |      0 |     0 |    +0.0% |   -0.954 |       -2.2 |   -42681.0 |  74604 | rbuf_mem\[0\]\[10000\]$_DFFE_PP_/D
     413* |       0 |      14 |        0 |      0 |     0 |    +0.0% |   -0.954 |       -2.2 |   -42681.0 |  74604 | rbuf_mem\[0\]\[10000\]$_DFFE_PP_/D
     414* |       0 |      14 |        0 |      0 |     0 |    +0.0% |   -0.954 |       -2.2 |   -42681.0 |  74604 | rbuf_mem\[0\]\[10000\]$_DFFE_PP_/D
     415* |       0 |      14 |        0 |      0 |     0 |    +0.0% |   -0.954 |       -2.2 |   -42681.0 |  74604 | rbuf_mem\[0\]\[10000\]$_DFFE_PP_/D
     416* |       0 |      14 |        0 |      0 |     0 |    +0.0% |   -0.954 |       -2.2 |   -42681.0 |  74604 | rbuf_mem\[0\]\[10000\]$_DFFE_PP_/D
     417* |       0 |      14 |        0 |      0 |     0 |    +0.0% |   -0.954 |       -2.2 |   -42681.0 |  74604 | rbuf_mem\[0\]\[10000\]$_DFFE_PP_/D
     418* |       0 |      14 |        0 |      0 |     0 |    +0.0% |   -0.954 |       -2.2 |   -42681.0 |  74604 | rbuf_mem\[0\]\[10000\]$_DFFE_PP_/D
     419* |       0 |      14 |        0 |      0 |     0 |    +0.0% |   -0.954 |       -2.2 |   -42681.0 |  74604 | rbuf_mem\[0\]\[10000\]$_DFFE_PP_/D
     420* |       0 |      14 |        0 |      0 |     0 |    +0.0% |   -0.954 |       -2.2 |   -42681.0 |  74604 | rbuf_mem\[0\]\[10000\]$_DFFE_PP_/D
     420* |       0 |      14 |        0 |      0 |     0 |    +0.0% |   -0.954 |       -2.2 |   -42681.0 |  74604 | rbuf_mem\[0\]\[10000\]$_DFFE_PP_/D
     421* |       0 |      14 |        0 |      0 |     0 |    +0.0% |   -0.954 |       -2.2 |   -42681.0 |  74604 | rbuf_mem\[0\]\[10000\]$_DFFE_PP_/D
     422* |       0 |      14 |        0 |      0 |     0 |    +0.0% |   -0.954 |       -2.2 |   -42681.0 |  74604 | rbuf_mem\[0\]\[10000\]$_DFFE_PP_/D
     423* |       0 |      14 |        0 |      0 |     0 |    +0.0% |   -0.954 |       -2.2 |   -42681.0 |  74604 | rbuf_mem\[0\]\[10000\]$_DFFE_PP_/D
     424* |       0 |      14 |        0 |      0 |     0 |    +0.0% |   -0.954 |       -2.2 |   -42681.0 |  74604 | rbuf_mem\[0\]\[10000\]$_DFFE_PP_/D
     425* |       0 |      14 |        0 |      0 |     0 |    +0.0% |   -0.954 |       -2.2 |   -42681.0 |  74604 | rbuf_mem\[0\]\[10000\]$_DFFE_PP_/D
     426* |       0 |      14 |        0 |      0 |     0 |    +0.0% |   -0.954 |       -2.2 |   -42681.0 |  74604 | rbuf_mem\[0\]\[10000\]$_DFFE_PP_/D
     427* |       0 |      14 |        0 |      0 |     0 |    +0.0% |   -0.954 |       -2.2 |   -42681.0 |  74604 | rbuf_mem\[0\]\[10000\]$_DFFE_PP_/D
     428* |       0 |      14 |        0 |      0 |     0 |    +0.0% |   -0.954 |       -2.2 |   -42681.0 |  74604 | rbuf_mem\[0\]\[10000\]$_DFFE_PP_/D
     429* |       0 |      14 |        0 |      0 |     0 |    +0.0% |   -0.954 |       -2.2 |   -42681.0 |  74604 | rbuf_mem\[0\]\[10000\]$_DFFE_PP_/D
     430* |       0 |      14 |        0 |      0 |     0 |    +0.0% |   -0.954 |       -2.2 |   -42681.0 |  74604 | rbuf_mem\[0\]\[10000\]$_DFFE_PP_/D
     430* |       0 |      14 |        0 |      0 |     0 |    +0.0% |   -0.954 |       -2.2 |   -42681.0 |  74604 | rbuf_mem\[0\]\[10000\]$_DFFE_PP_/D
     431* |       0 |      14 |        0 |      0 |     0 |    +0.0% |   -0.954 |       -2.2 |   -42681.0 |  74604 | rbuf_mem\[0\]\[10000\]$_DFFE_PP_/D
     432* |       0 |      14 |        0 |      0 |     0 |    +0.0% |   -0.954 |       -2.2 |   -42681.0 |  74604 | rbuf_mem\[0\]\[10000\]$_DFFE_PP_/D
     433* |       0 |      14 |        0 |      0 |     0 |    +0.0% |   -0.954 |       -2.2 |   -42681.0 |  74604 | rbuf_mem\[0\]\[10000\]$_DFFE_PP_/D
     434* |       0 |      14 |        0 |      0 |     0 |    +0.0% |   -0.954 |       -2.2 |   -42681.0 |  74604 | rbuf_mem\[0\]\[10000\]$_DFFE_PP_/D
     435* |       0 |      14 |        0 |      0 |     0 |    +0.0% |   -0.954 |       -2.2 |   -42681.0 |  74604 | rbuf_mem\[0\]\[10000\]$_DFFE_PP_/D
     436* |       0 |      14 |        0 |      0 |     0 |    +0.0% |   -0.954 |       -2.2 |   -42681.0 |  74604 | rbuf_mem\[0\]\[10000\]$_DFFE_PP_/D
     437* |       0 |      14 |        0 |      0 |     0 |    +0.0% |   -0.954 |       -2.2 |   -42681.0 |  74604 | rbuf_mem\[0\]\[10000\]$_DFFE_PP_/D
     438* |       0 |      14 |        0 |      0 |     0 |    +0.0% |   -0.954 |       -2.2 |   -42681.0 |  74604 | rbuf_mem\[0\]\[10000\]$_DFFE_PP_/D
     439* |       0 |      14 |        0 |      0 |     0 |    +0.0% |   -0.954 |       -2.2 |   -42681.0 |  74604 | rbuf_mem\[0\]\[10000\]$_DFFE_PP_/D
     440* |       0 |      14 |        0 |      0 |     0 |    +0.0% |   -0.954 |       -2.2 |   -42681.0 |  74604 | rbuf_mem\[0\]\[10000\]$_DFFE_PP_/D
     440* |       0 |      14 |        0 |      0 |     0 |    +0.0% |   -0.954 |       -2.2 |   -42681.0 |  74604 | rbuf_mem\[0\]\[10000\]$_DFFE_PP_/D
     441* |       0 |      14 |        0 |      0 |     0 |    +0.0% |   -0.954 |       -2.2 |   -42681.0 |  74604 | rbuf_mem\[0\]\[10000\]$_DFFE_PP_/D
     442* |       0 |      14 |        0 |      0 |     0 |    +0.0% |   -0.954 |       -2.2 |   -42681.0 |  74604 | rbuf_mem\[0\]\[10000\]$_DFFE_PP_/D
     443* |       0 |      14 |        0 |      0 |     0 |    +0.0% |   -0.954 |       -2.2 |   -42681.0 |  74604 | rbuf_mem\[0\]\[10000\]$_DFFE_PP_/D
     444* |       0 |      14 |        0 |      0 |     0 |    +0.0% |   -0.954 |       -2.2 |   -42681.0 |  74604 | rbuf_mem\[0\]\[10000\]$_DFFE_PP_/D
     445* |       0 |      14 |        0 |      0 |     0 |    +0.0% |   -0.954 |       -2.2 |   -42681.0 |  74604 | rbuf_mem\[0\]\[10000\]$_DFFE_PP_/D
     446* |       0 |      14 |        0 |      0 |     0 |    +0.0% |   -0.954 |       -2.2 |   -42681.0 |  74604 | rbuf_mem\[0\]\[10000\]$_DFFE_PP_/D
     447* |       0 |      14 |        0 |      0 |     0 |    +0.0% |   -0.954 |       -2.2 |   -42681.0 |  74604 | rbuf_mem\[0\]\[10000\]$_DFFE_PP_/D
     448* |       0 |      14 |        0 |      0 |     0 |    +0.0% |   -0.954 |       -2.2 |   -42681.0 |  74604 | rbuf_mem\[0\]\[10000\]$_DFFE_PP_/D
     449* |       0 |      14 |        0 |      0 |     0 |    +0.0% |   -0.954 |       -2.2 |   -42681.0 |  74604 | rbuf_mem\[0\]\[10000\]$_DFFE_PP_/D
     450* |       0 |      14 |        0 |      0 |     0 |    +0.0% |   -0.954 |       -2.2 |   -42681.0 |  74604 | rbuf_mem\[0\]\[10000\]$_DFFE_PP_/D
     450* |       0 |      14 |        0 |      0 |     0 |    +0.0% |   -0.954 |       -2.2 |   -42681.0 |  74604 | rbuf_mem\[0\]\[10000\]$_DFFE_PP_/D
     451* |       0 |      14 |        0 |      0 |     0 |    +0.0% |   -0.954 |       -2.2 |   -42681.0 |  74604 | rbuf_mem\[0\]\[10000\]$_DFFE_PP_/D
     452* |       0 |      14 |        0 |      0 |     0 |    +0.0% |   -0.954 |       -2.2 |   -42681.0 |  74604 | rbuf_mem\[0\]\[10000\]$_DFFE_PP_/D
     453* |       0 |      14 |        0 |      0 |     0 |    +0.0% |   -0.954 |       -2.2 |   -42681.0 |  74604 | rbuf_mem\[0\]\[10000\]$_DFFE_PP_/D
     454* |       0 |      14 |        0 |      0 |     0 |    +0.0% |   -0.954 |       -2.2 |   -42681.0 |  74604 | rbuf_mem\[0\]\[10000\]$_DFFE_PP_/D
     455* |       0 |      14 |        0 |      0 |     0 |    +0.0% |   -0.954 |       -2.2 |   -42681.0 |  74604 | rbuf_mem\[0\]\[10000\]$_DFFE_PP_/D
     456* |       0 |      14 |        0 |      0 |     0 |    +0.0% |   -0.954 |       -2.2 |   -42681.0 |  74604 | rbuf_mem\[0\]\[10000\]$_DFFE_PP_/D
     457* |       0 |      14 |        0 |      0 |     0 |    +0.0% |   -0.954 |       -2.2 |   -42681.0 |  74604 | rbuf_mem\[0\]\[10000\]$_DFFE_PP_/D
     458* |       0 |      14 |        0 |      0 |     0 |    +0.0% |   -0.954 |       -2.2 |   -42681.0 |  74604 | rbuf_mem\[0\]\[10000\]$_DFFE_PP_/D
     459* |       0 |      14 |        0 |      0 |     0 |    +0.0% |   -0.954 |       -2.2 |   -42681.0 |  74604 | rbuf_mem\[0\]\[10000\]$_DFFE_PP_/D
     460* |       0 |      14 |        0 |      0 |     0 |    +0.0% |   -0.954 |       -2.2 |   -42681.0 |  74604 | rbuf_mem\[0\]\[10000\]$_DFFE_PP_/D
     460* |       0 |      14 |        0 |      0 |     0 |    +0.0% |   -0.954 |       -2.2 |   -42681.0 |  74604 | rbuf_mem\[0\]\[10000\]$_DFFE_PP_/D
     461* |       0 |      14 |        0 |      0 |     0 |    +0.0% |   -0.954 |       -2.2 |   -42681.0 |  74604 | rbuf_mem\[0\]\[10000\]$_DFFE_PP_/D
     462* |       0 |      14 |        0 |      0 |     0 |    +0.0% |   -0.954 |       -2.2 |   -42681.0 |  74604 | rbuf_mem\[0\]\[10000\]$_DFFE_PP_/D
     463* |       0 |      14 |        0 |      0 |     0 |    +0.0% |   -0.954 |       -2.2 |   -42681.0 |  74604 | rbuf_mem\[0\]\[10000\]$_DFFE_PP_/D
     464* |       0 |      14 |        0 |      0 |     0 |    +0.0% |   -0.954 |       -2.2 |   -42681.0 |  74604 | rbuf_mem\[0\]\[10000\]$_DFFE_PP_/D
     465* |       0 |      14 |        0 |      0 |     0 |    +0.0% |   -0.954 |       -2.2 |   -42681.0 |  74604 | rbuf_mem\[0\]\[10000\]$_DFFE_PP_/D
     466* |       0 |      14 |        0 |      0 |     0 |    +0.0% |   -0.954 |       -2.2 |   -42681.0 |  74604 | rbuf_mem\[0\]\[10000\]$_DFFE_PP_/D
     467* |       0 |      14 |        0 |      0 |     0 |    +0.0% |   -0.954 |       -2.2 |   -42681.0 |  74604 | rbuf_mem\[0\]\[10000\]$_DFFE_PP_/D
     468* |       0 |      14 |        0 |      0 |     0 |    +0.0% |   -0.954 |       -2.2 |   -42681.0 |  74604 | rbuf_mem\[0\]\[10000\]$_DFFE_PP_/D
     469* |       0 |      14 |        0 |      0 |     0 |    +0.0% |   -0.954 |       -2.2 |   -42681.0 |  74604 | rbuf_mem\[0\]\[10000\]$_DFFE_PP_/D
     470* |       0 |      14 |        0 |      0 |     0 |    +0.0% |   -0.954 |       -2.2 |   -42681.0 |  74604 | rbuf_mem\[0\]\[10000\]$_DFFE_PP_/D
     470* |       0 |      14 |        0 |      0 |     0 |    +0.0% |   -0.954 |       -2.2 |   -42681.0 |  74604 | rbuf_mem\[0\]\[10000\]$_DFFE_PP_/D
     471* |       0 |      14 |        0 |      0 |     0 |    +0.0% |   -0.954 |       -2.2 |   -42681.0 |  74604 | rbuf_mem\[0\]\[10000\]$_DFFE_PP_/D
     472* |       0 |      14 |        0 |      0 |     0 |    +0.0% |   -0.954 |       -2.2 |   -42681.0 |  74604 | rbuf_mem\[0\]\[10000\]$_DFFE_PP_/D
     473* |       0 |      14 |        0 |      0 |     0 |    +0.0% |   -0.954 |       -2.2 |   -42681.0 |  74604 | rbuf_mem\[0\]\[10000\]$_DFFE_PP_/D
     474* |       0 |      14 |        0 |      0 |     0 |    +0.0% |   -0.954 |       -2.2 |   -42681.0 |  74604 | rbuf_mem\[0\]\[10000\]$_DFFE_PP_/D
     475* |       0 |      14 |        0 |      0 |     0 |    +0.0% |   -0.954 |       -2.2 |   -42681.0 |  74604 | rbuf_mem\[0\]\[10000\]$_DFFE_PP_/D
     476* |       0 |      14 |        0 |      0 |     0 |    +0.0% |   -0.954 |       -2.2 |   -42681.0 |  74604 | rbuf_mem\[0\]\[10000\]$_DFFE_PP_/D
     477* |       0 |      14 |        0 |      0 |     0 |    +0.0% |   -0.954 |       -2.2 |   -42681.0 |  74604 | rbuf_mem\[0\]\[10000\]$_DFFE_PP_/D
     478* |       0 |      14 |        0 |      0 |     0 |    +0.0% |   -0.954 |       -2.2 |   -42681.0 |  74604 | rbuf_mem\[0\]\[10000\]$_DFFE_PP_/D
     479* |       0 |      14 |        0 |      0 |     0 |    +0.0% |   -0.954 |       -2.2 |   -42681.0 |  74604 | rbuf_mem\[0\]\[10000\]$_DFFE_PP_/D
     480* |       0 |      14 |        0 |      0 |     0 |    +0.0% |   -0.954 |       -2.2 |   -42681.0 |  74604 | rbuf_mem\[0\]\[10000\]$_DFFE_PP_/D
     480* |       0 |      14 |        0 |      0 |     0 |    +0.0% |   -0.954 |       -2.2 |   -42681.0 |  74604 | rbuf_mem\[0\]\[10000\]$_DFFE_PP_/D
     481* |       0 |      14 |        0 |      0 |     0 |    +0.0% |   -0.954 |       -2.2 |   -42681.0 |  74604 | rbuf_mem\[0\]\[10000\]$_DFFE_PP_/D
     482* |       0 |      14 |        0 |      0 |     0 |    +0.0% |   -0.954 |       -2.2 |   -42681.0 |  74604 | rbuf_mem\[0\]\[10000\]$_DFFE_PP_/D
     483* |       0 |      14 |        0 |      0 |     0 |    +0.0% |   -0.954 |       -2.2 |   -42681.0 |  74604 | rbuf_mem\[0\]\[10000\]$_DFFE_PP_/D
     484* |       0 |      14 |        0 |      0 |     0 |    +0.0% |   -0.954 |       -2.2 |   -42681.0 |  74604 | rbuf_mem\[0\]\[10000\]$_DFFE_PP_/D
     485* |       0 |      14 |        0 |      0 |     0 |    +0.0% |   -0.954 |       -2.2 |   -42681.0 |  74604 | rbuf_mem\[0\]\[10000\]$_DFFE_PP_/D
     486* |       0 |      14 |        0 |      0 |     0 |    +0.0% |   -0.954 |       -2.2 |   -42681.0 |  74604 | rbuf_mem\[0\]\[10000\]$_DFFE_PP_/D
     487* |       0 |      14 |        0 |      0 |     0 |    +0.0% |   -0.954 |       -2.2 |   -42681.0 |  74604 | rbuf_mem\[0\]\[10000\]$_DFFE_PP_/D
     488* |       0 |      14 |        0 |      0 |     0 |    +0.0% |   -0.954 |       -2.2 |   -42681.0 |  74604 | rbuf_mem\[0\]\[10000\]$_DFFE_PP_/D
     489* |       0 |      14 |        0 |      0 |     0 |    +0.0% |   -0.954 |       -2.2 |   -42681.0 |  74604 | rbuf_mem\[0\]\[10000\]$_DFFE_PP_/D
     490* |       0 |      14 |        0 |      0 |     0 |    +0.0% |   -0.954 |       -2.2 |   -42681.0 |  74604 | rbuf_mem\[0\]\[10000\]$_DFFE_PP_/D
     490* |       0 |      14 |        0 |      0 |     0 |    +0.0% |   -0.954 |       -2.2 |   -42681.0 |  74604 | rbuf_mem\[0\]\[10000\]$_DFFE_PP_/D
     491* |       0 |      14 |        0 |      0 |     0 |    +0.0% |   -0.954 |       -2.2 |   -42681.0 |  74604 | rbuf_mem\[0\]\[10000\]$_DFFE_PP_/D
     492* |       0 |      14 |        0 |      0 |     0 |    +0.0% |   -0.954 |       -2.2 |   -42681.0 |  74604 | rbuf_mem\[0\]\[10000\]$_DFFE_PP_/D
     493* |       0 |      14 |        0 |      0 |     0 |    +0.0% |   -0.954 |       -2.2 |   -42681.0 |  74604 | rbuf_mem\[0\]\[10000\]$_DFFE_PP_/D
     494* |       0 |      14 |        0 |      0 |     0 |    +0.0% |   -0.954 |       -2.2 |   -42681.0 |  74604 | rbuf_mem\[0\]\[10000\]$_DFFE_PP_/D
     495* |       0 |      14 |        0 |      0 |     0 |    +0.0% |   -0.954 |       -2.2 |   -42681.0 |  74604 | rbuf_mem\[0\]\[10000\]$_DFFE_PP_/D
     496* |       0 |      14 |        0 |      0 |     0 |    +0.0% |   -0.954 |       -2.2 |   -42681.0 |  74604 | rbuf_mem\[0\]\[10000\]$_DFFE_PP_/D
     497* |       0 |      14 |        0 |      0 |     0 |    +0.0% |   -0.954 |       -2.2 |   -42681.0 |  74604 | rbuf_mem\[0\]\[10000\]$_DFFE_PP_/D
     498* |       0 |      14 |        0 |      0 |     0 |    +0.0% |   -0.954 |       -2.2 |   -42681.0 |  74604 | rbuf_mem\[0\]\[10000\]$_DFFE_PP_/D
     499* |       0 |      14 |        0 |      0 |     0 |    +0.0% |   -0.954 |       -2.2 |   -42681.0 |  74604 | rbuf_mem\[0\]\[10000\]$_DFFE_PP_/D
     500* |       0 |      14 |        0 |      0 |     0 |    +0.0% |   -0.954 |       -2.2 |   -42681.0 |  74604 | rbuf_mem\[0\]\[10000\]$_DFFE_PP_/D
     500* |       0 |      14 |        0 |      0 |     0 |    +0.0% |   -0.954 |       -2.2 |   -42681.0 |  74604 | rbuf_mem\[0\]\[10000\]$_DFFE_PP_/D
     501* |       0 |      14 |        0 |      0 |     0 |    +0.0% |   -0.954 |       -2.2 |   -42681.0 |  74604 | rbuf_mem\[0\]\[10000\]$_DFFE_PP_/D
     502* |       0 |      14 |        0 |      0 |     0 |    +0.0% |   -0.954 |       -2.2 |   -42681.0 |  74604 | rbuf_mem\[0\]\[10000\]$_DFFE_PP_/D
     503* |       0 |      14 |        0 |      0 |     0 |    +0.0% |   -0.954 |       -2.2 |   -42681.0 |  74604 | rbuf_mem\[0\]\[10000\]$_DFFE_PP_/D
     504* |       0 |      14 |        0 |      0 |     0 |    +0.0% |   -0.954 |       -2.2 |   -42681.0 |  74604 | rbuf_mem\[0\]\[10000\]$_DFFE_PP_/D
     505* |       0 |      14 |        0 |      0 |     0 |    +0.0% |   -0.954 |       -2.2 |   -42681.0 |  74604 | rbuf_mem\[0\]\[10000\]$_DFFE_PP_/D
     506* |       0 |      14 |        0 |      0 |     0 |    +0.0% |   -0.954 |       -2.2 |   -42681.0 |  74604 | rbuf_mem\[0\]\[10000\]$_DFFE_PP_/D
     507* |       0 |      14 |        0 |      0 |     0 |    +0.0% |   -0.954 |       -2.2 |   -42681.0 |  74604 | rbuf_mem\[0\]\[10000\]$_DFFE_PP_/D
     508* |       0 |      14 |        0 |      0 |     0 |    +0.0% |   -0.954 |       -2.2 |   -42681.0 |  74604 | rbuf_mem\[0\]\[10000\]$_DFFE_PP_/D
     509* |       0 |      14 |        0 |      0 |     0 |    +0.0% |   -0.954 |       -2.2 |   -42681.0 |  74604 | rbuf_mem\[0\]\[10000\]$_DFFE_PP_/D
     510* |       0 |      14 |        0 |      0 |     0 |    +0.0% |   -0.954 |       -2.2 |   -42681.0 |  74604 | rbuf_mem\[0\]\[10000\]$_DFFE_PP_/D
     510* |       0 |      14 |        0 |      0 |     0 |    +0.0% |   -0.954 |       -2.2 |   -42681.0 |  74604 | rbuf_mem\[0\]\[10000\]$_DFFE_PP_/D
     511* |       0 |      14 |        0 |      0 |     0 |    +0.0% |   -0.954 |       -2.2 |   -42681.0 |  74604 | rbuf_mem\[0\]\[10000\]$_DFFE_PP_/D
     512* |       0 |      14 |        0 |      0 |     0 |    +0.0% |   -0.954 |       -2.2 |   -42681.0 |  74604 | rbuf_mem\[0\]\[10000\]$_DFFE_PP_/D
     513* |       0 |      14 |        0 |      0 |     0 |    +0.0% |   -0.954 |       -2.2 |   -42681.0 |  74604 | rbuf_mem\[0\]\[10000\]$_DFFE_PP_/D
     514* |       0 |      14 |        0 |      0 |     0 |    +0.0% |   -0.954 |       -2.2 |   -42681.0 |  74604 | rbuf_mem\[0\]\[10000\]$_DFFE_PP_/D
     515* |       0 |      14 |        0 |      0 |     0 |    +0.0% |   -0.954 |       -2.2 |   -42681.0 |  74604 | rbuf_mem\[0\]\[10000\]$_DFFE_PP_/D
     516* |       0 |      14 |        0 |      0 |     0 |    +0.0% |   -0.954 |       -2.2 |   -42681.0 |  74604 | rbuf_mem\[0\]\[10000\]$_DFFE_PP_/D
     517* |       0 |      14 |        0 |      0 |     0 |    +0.0% |   -0.954 |       -2.2 |   -42681.0 |  74604 | rbuf_mem\[0\]\[10000\]$_DFFE_PP_/D
     518* |       0 |      14 |        0 |      0 |     0 |    +0.0% |   -0.954 |       -2.2 |   -42681.0 |  74604 | rbuf_mem\[0\]\[10000\]$_DFFE_PP_/D
     519* |       0 |      14 |        0 |      0 |     0 |    +0.0% |   -0.954 |       -2.2 |   -42681.0 |  74604 | rbuf_mem\[0\]\[10000\]$_DFFE_PP_/D
     520* |       0 |      14 |        0 |      0 |     0 |    +0.0% |   -0.954 |       -2.2 |   -42681.0 |  74604 | rbuf_mem\[0\]\[10000\]$_DFFE_PP_/D
     520* |       0 |      14 |        0 |      0 |     0 |    +0.0% |   -0.954 |       -2.2 |   -42681.0 |  74604 | rbuf_mem\[0\]\[10000\]$_DFFE_PP_/D
     521* |       0 |      14 |        0 |      0 |     0 |    +0.0% |   -0.954 |       -2.2 |   -42681.0 |  74604 | rbuf_mem\[0\]\[10000\]$_DFFE_PP_/D
     522* |       0 |      14 |        0 |      0 |     0 |    +0.0% |   -0.954 |       -2.2 |   -42681.0 |  74604 | rbuf_mem\[0\]\[10000\]$_DFFE_PP_/D
     523* |       0 |      14 |        0 |      0 |     0 |    +0.0% |   -0.954 |       -2.2 |   -42681.0 |  74604 | rbuf_mem\[0\]\[10000\]$_DFFE_PP_/D
     524* |       0 |      14 |        0 |      0 |     0 |    +0.0% |   -0.954 |       -2.2 |   -42681.0 |  74604 | rbuf_mem\[0\]\[10000\]$_DFFE_PP_/D
     525* |       0 |      14 |        0 |      0 |     0 |    +0.0% |   -0.954 |       -2.2 |   -42681.0 |  74604 | rbuf_mem\[0\]\[10000\]$_DFFE_PP_/D
     526* |       0 |      14 |        0 |      0 |     0 |    +0.0% |   -0.954 |       -2.2 |   -42681.0 |  74604 | rbuf_mem\[0\]\[10000\]$_DFFE_PP_/D
     527* |       0 |      14 |        0 |      0 |     0 |    +0.0% |   -0.954 |       -2.2 |   -42681.0 |  74604 | rbuf_mem\[0\]\[10000\]$_DFFE_PP_/D
     528* |       0 |      14 |        0 |      0 |     0 |    +0.0% |   -0.954 |       -2.2 |   -42681.0 |  74604 | rbuf_mem\[0\]\[10000\]$_DFFE_PP_/D
     529* |       0 |      14 |        0 |      0 |     0 |    +0.0% |   -0.954 |       -2.2 |   -42681.0 |  74604 | rbuf_mem\[0\]\[10000\]$_DFFE_PP_/D
     530* |       0 |      14 |        0 |      0 |     0 |    +0.0% |   -0.954 |       -2.2 |   -42681.0 |  74604 | rbuf_mem\[0\]\[10000\]$_DFFE_PP_/D
     530* |       0 |      14 |        0 |      0 |     0 |    +0.0% |   -0.954 |       -2.2 |   -42681.0 |  74604 | rbuf_mem\[0\]\[10000\]$_DFFE_PP_/D
     531* |       0 |      14 |        0 |      0 |     0 |    +0.0% |   -0.954 |       -2.2 |   -42681.0 |  74604 | rbuf_mem\[0\]\[10000\]$_DFFE_PP_/D
     532* |       0 |      14 |        0 |      0 |     0 |    +0.0% |   -0.954 |       -2.2 |   -42681.0 |  74604 | rbuf_mem\[0\]\[10000\]$_DFFE_PP_/D
     533* |       0 |      14 |        0 |      0 |     0 |    +0.0% |   -0.954 |       -2.2 |   -42681.0 |  74604 | rbuf_mem\[0\]\[10000\]$_DFFE_PP_/D
     534* |       0 |      14 |        0 |      0 |     0 |    +0.0% |   -0.954 |       -2.2 |   -42681.0 |  74604 | rbuf_mem\[0\]\[10000\]$_DFFE_PP_/D
     535* |       0 |      14 |        0 |      0 |     0 |    +0.0% |   -0.954 |       -2.2 |   -42681.0 |  74604 | rbuf_mem\[0\]\[10000\]$_DFFE_PP_/D
     536* |       0 |      14 |        0 |      0 |     0 |    +0.0% |   -0.954 |       -2.2 |   -42681.0 |  74604 | rbuf_mem\[0\]\[10000\]$_DFFE_PP_/D
     537* |       0 |      14 |        0 |      0 |     0 |    +0.0% |   -0.954 |       -2.2 |   -42681.0 |  74604 | rbuf_mem\[0\]\[10000\]$_DFFE_PP_/D
     538* |       0 |      14 |        0 |      0 |     0 |    +0.0% |   -0.954 |       -2.2 |   -42681.0 |  74604 | rbuf_mem\[0\]\[10000\]$_DFFE_PP_/D
     539* |       0 |      14 |        0 |      0 |     0 |    +0.0% |   -0.954 |       -2.2 |   -42681.0 |  74604 | rbuf_mem\[0\]\[10000\]$_DFFE_PP_/D
     540* |       0 |      14 |        0 |      0 |     0 |    +0.0% |   -0.954 |       -2.2 |   -42681.0 |  74604 | rbuf_mem\[0\]\[10000\]$_DFFE_PP_/D
     540* |       0 |      14 |        0 |      0 |     0 |    +0.0% |   -0.954 |       -2.2 |   -42681.0 |  74604 | rbuf_mem\[0\]\[10000\]$_DFFE_PP_/D
     541* |       0 |      14 |        0 |      0 |     0 |    +0.0% |   -0.954 |       -2.2 |   -42681.0 |  74604 | rbuf_mem\[0\]\[10000\]$_DFFE_PP_/D
     542* |       0 |      14 |        0 |      0 |     0 |    +0.0% |   -0.954 |       -2.2 |   -42681.0 |  74604 | rbuf_mem\[0\]\[10000\]$_DFFE_PP_/D
     543* |       0 |      14 |        0 |      0 |     0 |    +0.0% |   -0.954 |       -2.2 |   -42681.0 |  74604 | rbuf_mem\[0\]\[10000\]$_DFFE_PP_/D
     544* |       0 |      14 |        0 |      0 |     0 |    +0.0% |   -0.954 |       -2.2 |   -42681.0 |  74604 | rbuf_mem\[0\]\[10000\]$_DFFE_PP_/D
     545* |       0 |      14 |        0 |      0 |     0 |    +0.0% |   -0.954 |       -2.2 |   -42681.0 |  74604 | rbuf_mem\[0\]\[10000\]$_DFFE_PP_/D
     546* |       0 |      14 |        0 |      0 |     0 |    +0.0% |   -0.954 |       -2.2 |   -42681.0 |  74604 | rbuf_mem\[0\]\[10000\]$_DFFE_PP_/D
     547* |       0 |      14 |        0 |      0 |     0 |    +0.0% |   -0.954 |       -2.2 |   -42681.0 |  74604 | rbuf_mem\[0\]\[10000\]$_DFFE_PP_/D
     548* |       0 |      14 |        0 |      0 |     0 |    +0.0% |   -0.954 |       -2.2 |   -42681.0 |  74604 | rbuf_mem\[0\]\[10000\]$_DFFE_PP_/D
     549* |       0 |      14 |        0 |      0 |     0 |    +0.0% |   -0.954 |       -2.2 |   -42681.0 |  74604 | rbuf_mem\[0\]\[10000\]$_DFFE_PP_/D
     550* |       0 |      14 |        0 |      0 |     0 |    +0.0% |   -0.954 |       -2.2 |   -42681.0 |  74604 | rbuf_mem\[0\]\[10000\]$_DFFE_PP_/D
     550* |       0 |      14 |        0 |      0 |     0 |    +0.0% |   -0.954 |       -2.2 |   -42681.0 |  74604 | rbuf_mem\[0\]\[10000\]$_DFFE_PP_/D
     551* |       0 |      14 |        0 |      0 |     0 |    +0.0% |   -0.954 |       -2.2 |   -42681.0 |  74604 | rbuf_mem\[0\]\[10000\]$_DFFE_PP_/D
     552* |       0 |      14 |        0 |      0 |     0 |    +0.0% |   -0.954 |       -2.2 |   -42681.0 |  74604 | rbuf_mem\[0\]\[10000\]$_DFFE_PP_/D
     553* |       0 |      14 |        0 |      0 |     0 |    +0.0% |   -0.954 |       -2.2 |   -42681.0 |  74604 | rbuf_mem\[0\]\[10000\]$_DFFE_PP_/D
     554* |       0 |      14 |        0 |      0 |     0 |    +0.0% |   -0.954 |       -2.2 |   -42681.0 |  74604 | rbuf_mem\[0\]\[10000\]$_DFFE_PP_/D
     555* |       0 |      14 |        0 |      0 |     0 |    +0.0% |   -0.954 |       -2.2 |   -42681.0 |  74604 | rbuf_mem\[0\]\[10000\]$_DFFE_PP_/D
     556* |       0 |      14 |        0 |      0 |     0 |    +0.0% |   -0.954 |       -2.2 |   -42681.0 |  74604 | rbuf_mem\[0\]\[10000\]$_DFFE_PP_/D
     557* |       0 |      14 |        0 |      0 |     0 |    +0.0% |   -0.954 |       -2.2 |   -42681.0 |  74604 | rbuf_mem\[0\]\[10000\]$_DFFE_PP_/D
     558* |       0 |      14 |        0 |      0 |     0 |    +0.0% |   -0.954 |       -2.2 |   -42681.0 |  74604 | rbuf_mem\[0\]\[10000\]$_DFFE_PP_/D
     559* |       0 |      14 |        0 |      0 |     0 |    +0.0% |   -0.954 |       -2.2 |   -42681.0 |  74604 | rbuf_mem\[0\]\[10000\]$_DFFE_PP_/D
     560* |       0 |      14 |        0 |      0 |     0 |    +0.0% |   -0.954 |       -2.2 |   -42681.0 |  74604 | rbuf_mem\[0\]\[10000\]$_DFFE_PP_/D
     560* |       0 |      14 |        0 |      0 |     0 |    +0.0% |   -0.954 |       -2.2 |   -42681.0 |  74604 | rbuf_mem\[0\]\[10000\]$_DFFE_PP_/D
     561* |       0 |      14 |        0 |      0 |     0 |    +0.0% |   -0.954 |       -2.2 |   -42681.0 |  74604 | rbuf_mem\[0\]\[10000\]$_DFFE_PP_/D
     562* |       0 |      14 |        0 |      0 |     0 |    +0.0% |   -0.954 |       -2.2 |   -42681.0 |  74604 | rbuf_mem\[0\]\[10000\]$_DFFE_PP_/D
     563* |       0 |      14 |        0 |      0 |     0 |    +0.0% |   -0.954 |       -2.2 |   -42681.0 |  74604 | rbuf_mem\[0\]\[10000\]$_DFFE_PP_/D
     564* |       0 |      14 |        0 |      0 |     0 |    +0.0% |   -0.954 |       -2.2 |   -42681.0 |  74604 | rbuf_mem\[0\]\[10000\]$_DFFE_PP_/D
     565* |       0 |      14 |        0 |      0 |     0 |    +0.0% |   -0.954 |       -2.2 |   -42681.0 |  74604 | rbuf_mem\[0\]\[10000\]$_DFFE_PP_/D
     566* |       0 |      14 |        0 |      0 |     0 |    +0.0% |   -0.954 |       -2.2 |   -42681.0 |  74604 | rbuf_mem\[0\]\[10000\]$_DFFE_PP_/D
     567* |       0 |      14 |        0 |      0 |     0 |    +0.0% |   -0.954 |       -2.2 |   -42681.0 |  74604 | rbuf_mem\[0\]\[10000\]$_DFFE_PP_/D
     568* |       0 |      14 |        0 |      0 |     0 |    +0.0% |   -0.954 |       -2.2 |   -42681.0 |  74604 | rbuf_mem\[0\]\[10000\]$_DFFE_PP_/D
     569* |       0 |      14 |        0 |      0 |     0 |    +0.0% |   -0.954 |       -2.2 |   -42681.0 |  74604 | rbuf_mem\[0\]\[10000\]$_DFFE_PP_/D
     570* |       0 |      14 |        0 |      0 |     0 |    +0.0% |   -0.954 |       -2.2 |   -42681.0 |  74604 | rbuf_mem\[0\]\[10000\]$_DFFE_PP_/D
     570* |       0 |      14 |        0 |      0 |     0 |    +0.0% |   -0.954 |       -2.2 |   -42681.0 |  74604 | rbuf_mem\[0\]\[10000\]$_DFFE_PP_/D
     571* |       0 |      14 |        0 |      0 |     0 |    +0.0% |   -0.954 |       -2.2 |   -42681.0 |  74604 | rbuf_mem\[0\]\[10000\]$_DFFE_PP_/D
     572* |       0 |      14 |        0 |      0 |     0 |    +0.0% |   -0.954 |       -2.2 |   -42681.0 |  74604 | rbuf_mem\[0\]\[10000\]$_DFFE_PP_/D
     573* |       0 |      14 |        0 |      0 |     0 |    +0.0% |   -0.954 |       -2.2 |   -42681.0 |  74604 | rbuf_mem\[0\]\[10000\]$_DFFE_PP_/D
     574* |       0 |      14 |        0 |      0 |     0 |    +0.0% |   -0.954 |       -2.2 |   -42681.0 |  74604 | rbuf_mem\[0\]\[10000\]$_DFFE_PP_/D
     575* |       0 |      14 |        0 |      0 |     0 |    +0.0% |   -0.954 |       -2.2 |   -42681.0 |  74604 | rbuf_mem\[0\]\[10000\]$_DFFE_PP_/D
     576* |       0 |      14 |        0 |      0 |     0 |    +0.0% |   -0.954 |       -2.2 |   -42681.0 |  74604 | rbuf_mem\[0\]\[10000\]$_DFFE_PP_/D
     577* |       0 |      14 |        0 |      0 |     0 |    +0.0% |   -0.954 |       -2.2 |   -42681.0 |  74604 | rbuf_mem\[0\]\[10000\]$_DFFE_PP_/D
     578* |       0 |      14 |        0 |      0 |     0 |    +0.0% |   -0.954 |       -2.2 |   -42681.0 |  74604 | rbuf_mem\[0\]\[10000\]$_DFFE_PP_/D
     579* |       0 |      14 |        0 |      0 |     0 |    +0.0% |   -0.954 |       -2.2 |   -42681.0 |  74604 | rbuf_mem\[0\]\[10000\]$_DFFE_PP_/D
     580* |       0 |      14 |        0 |      0 |     0 |    +0.0% |   -0.954 |       -2.2 |   -42681.0 |  74604 | rbuf_mem\[0\]\[10000\]$_DFFE_PP_/D
     580* |       0 |      14 |        0 |      0 |     0 |    +0.0% |   -0.954 |       -2.2 |   -42681.0 |  74604 | rbuf_mem\[0\]\[10000\]$_DFFE_PP_/D
     581* |       0 |      14 |        0 |      0 |     0 |    +0.0% |   -0.954 |       -2.2 |   -42681.0 |  74604 | rbuf_mem\[0\]\[10000\]$_DFFE_PP_/D
     582* |       0 |      14 |        0 |      0 |     0 |    +0.0% |   -0.954 |       -2.2 |   -42681.0 |  74604 | rbuf_mem\[0\]\[10000\]$_DFFE_PP_/D
     583* |       0 |      14 |        0 |      0 |     0 |    +0.0% |   -0.954 |       -2.2 |   -42681.0 |  74604 | rbuf_mem\[0\]\[10000\]$_DFFE_PP_/D
     584* |       0 |      14 |        0 |      0 |     0 |    +0.0% |   -0.954 |       -2.2 |   -42681.0 |  74604 | rbuf_mem\[0\]\[10000\]$_DFFE_PP_/D
     585* |       0 |      14 |        0 |      0 |     0 |    +0.0% |   -0.954 |       -2.2 |   -42681.0 |  74604 | rbuf_mem\[0\]\[10000\]$_DFFE_PP_/D
     586* |       0 |      14 |        0 |      0 |     0 |    +0.0% |   -0.954 |       -2.2 |   -42681.0 |  74604 | rbuf_mem\[0\]\[10000\]$_DFFE_PP_/D
     587* |       0 |      14 |        0 |      0 |     0 |    +0.0% |   -0.954 |       -2.2 |   -42681.0 |  74604 | rbuf_mem\[0\]\[10000\]$_DFFE_PP_/D
     588* |       0 |      14 |        0 |      0 |     0 |    +0.0% |   -0.954 |       -2.2 |   -42681.0 |  74604 | rbuf_mem\[0\]\[10000\]$_DFFE_PP_/D
     589* |       0 |      14 |        0 |      0 |     0 |    +0.0% |   -0.954 |       -2.2 |   -42681.0 |  74604 | rbuf_mem\[0\]\[10000\]$_DFFE_PP_/D
     590* |       0 |      14 |        0 |      0 |     0 |    +0.0% |   -0.954 |       -2.2 |   -42681.0 |  74604 | rbuf_mem\[0\]\[10000\]$_DFFE_PP_/D
     590* |       0 |      14 |        0 |      0 |     0 |    +0.0% |   -0.954 |       -2.2 |   -42681.0 |  74604 | rbuf_mem\[0\]\[10000\]$_DFFE_PP_/D
     591* |       0 |      14 |        0 |      0 |     0 |    +0.0% |   -0.954 |       -2.2 |   -42681.0 |  74604 | rbuf_mem\[0\]\[10000\]$_DFFE_PP_/D
     592* |       0 |      14 |        0 |      0 |     0 |    +0.0% |   -0.954 |       -2.2 |   -42681.0 |  74604 | rbuf_mem\[0\]\[10000\]$_DFFE_PP_/D
     593* |       0 |      14 |        0 |      0 |     0 |    +0.0% |   -0.954 |       -2.2 |   -42681.0 |  74604 | rbuf_mem\[0\]\[10000\]$_DFFE_PP_/D
     594* |       0 |      14 |        0 |      0 |     0 |    +0.0% |   -0.954 |       -2.2 |   -42681.0 |  74604 | rbuf_mem\[0\]\[10000\]$_DFFE_PP_/D
     595* |       0 |      14 |        0 |      0 |     0 |    +0.0% |   -0.954 |       -2.2 |   -42681.0 |  74604 | rbuf_mem\[0\]\[10000\]$_DFFE_PP_/D
     596* |       0 |      14 |        0 |      0 |     0 |    +0.0% |   -0.954 |       -2.2 |   -42681.0 |  74604 | rbuf_mem\[0\]\[10000\]$_DFFE_PP_/D
     597* |       0 |      14 |        0 |      0 |     0 |    +0.0% |   -0.954 |       -2.2 |   -42681.0 |  74604 | rbuf_mem\[0\]\[10000\]$_DFFE_PP_/D
     598* |       0 |      14 |        0 |      0 |     0 |    +0.0% |   -0.954 |       -2.2 |   -42681.0 |  74604 | rbuf_mem\[0\]\[10000\]$_DFFE_PP_/D
     599* |       0 |      14 |        0 |      0 |     0 |    +0.0% |   -0.954 |       -2.2 |   -42681.0 |  74604 | rbuf_mem\[0\]\[10000\]$_DFFE_PP_/D
     600* |       0 |      14 |        0 |      0 |     0 |    +0.0% |   -0.954 |       -2.2 |   -42681.0 |  74604 | rbuf_mem\[0\]\[10000\]$_DFFE_PP_/D
     600* |       0 |      14 |        0 |      0 |     0 |    +0.0% |   -0.954 |       -2.2 |   -42681.0 |  74604 | rbuf_mem\[0\]\[10000\]$_DFFE_PP_/D
     601* |       0 |      14 |        0 |      0 |     0 |    +0.0% |   -0.954 |       -2.2 |   -42681.0 |  74604 | rbuf_mem\[0\]\[10000\]$_DFFE_PP_/D
     602* |       0 |      14 |        0 |      0 |     0 |    +0.0% |   -0.954 |       -2.2 |   -42681.0 |  74604 | rbuf_mem\[0\]\[10000\]$_DFFE_PP_/D
     603* |       0 |      14 |        0 |      0 |     0 |    +0.0% |   -0.954 |       -2.2 |   -42681.0 |  74604 | rbuf_mem\[0\]\[10000\]$_DFFE_PP_/D
     604* |       0 |      14 |        0 |      0 |     0 |    +0.0% |   -0.954 |       -2.2 |   -42681.0 |  74604 | rbuf_mem\[0\]\[10000\]$_DFFE_PP_/D
     605* |       0 |      14 |        0 |      0 |     0 |    +0.0% |   -0.954 |       -2.2 |   -42681.0 |  74604 | rbuf_mem\[0\]\[10000\]$_DFFE_PP_/D
     606* |       0 |      14 |        0 |      0 |     0 |    +0.0% |   -0.954 |       -2.2 |   -42681.0 |  74604 | rbuf_mem\[0\]\[10000\]$_DFFE_PP_/D
     607* |       0 |      14 |        0 |      0 |     0 |    +0.0% |   -0.954 |       -2.2 |   -42681.0 |  74604 | rbuf_mem\[0\]\[10000\]$_DFFE_PP_/D
     608* |       0 |      14 |        0 |      0 |     0 |    +0.0% |   -0.954 |       -2.2 |   -42681.0 |  74604 | rbuf_mem\[0\]\[10000\]$_DFFE_PP_/D
     609* |       0 |      14 |        0 |      0 |     0 |    +0.0% |   -0.954 |       -2.2 |   -42681.0 |  74604 | rbuf_mem\[0\]\[10000\]$_DFFE_PP_/D
     610* |       0 |      14 |        0 |      0 |     0 |    +0.0% |   -0.954 |       -2.2 |   -42681.0 |  74604 | rbuf_mem\[0\]\[10000\]$_DFFE_PP_/D
     610* |       0 |      14 |        0 |      0 |     0 |    +0.0% |   -0.954 |       -2.2 |   -42681.0 |  74604 | rbuf_mem\[0\]\[10000\]$_DFFE_PP_/D
     611* |       0 |      14 |        0 |      0 |     0 |    +0.0% |   -0.954 |       -2.2 |   -42681.0 |  74604 | rbuf_mem\[0\]\[10000\]$_DFFE_PP_/D
     612* |       0 |      14 |        0 |      0 |     0 |    +0.0% |   -0.954 |       -2.2 |   -42681.0 |  74604 | rbuf_mem\[0\]\[10000\]$_DFFE_PP_/D
     613* |       0 |      14 |        0 |      0 |     0 |    +0.0% |   -0.954 |       -2.2 |   -42681.0 |  74604 | rbuf_mem\[0\]\[10000\]$_DFFE_PP_/D
     614* |       0 |      14 |        0 |      0 |     0 |    +0.0% |   -0.954 |       -2.2 |   -42681.0 |  74604 | rbuf_mem\[0\]\[10000\]$_DFFE_PP_/D
     615* |       0 |      14 |        0 |      0 |     0 |    +0.0% |   -0.954 |       -2.2 |   -42681.0 |  74604 | rbuf_mem\[0\]\[10000\]$_DFFE_PP_/D
     616* |       0 |      14 |        0 |      0 |     0 |    +0.0% |   -0.954 |       -2.2 |   -42681.0 |  74604 | rbuf_mem\[0\]\[10000\]$_DFFE_PP_/D
     617* |       0 |      14 |        0 |      0 |     0 |    +0.0% |   -0.954 |       -2.2 |   -42681.0 |  74604 | rbuf_mem\[0\]\[10000\]$_DFFE_PP_/D
     618* |       0 |      14 |        0 |      0 |     0 |    +0.0% |   -0.954 |       -2.2 |   -42681.0 |  74604 | rbuf_mem\[0\]\[10000\]$_DFFE_PP_/D
     619* |       0 |      14 |        0 |      0 |     0 |    +0.0% |   -0.954 |       -2.2 |   -42681.0 |  74604 | rbuf_mem\[0\]\[10000\]$_DFFE_PP_/D
     620* |       0 |      14 |        0 |      0 |     0 |    +0.0% |   -0.954 |       -2.2 |   -42681.0 |  74604 | rbuf_mem\[0\]\[10000\]$_DFFE_PP_/D
     620* |       0 |      14 |        0 |      0 |     0 |    +0.0% |   -0.954 |       -2.2 |   -42681.0 |  74604 | rbuf_mem\[0\]\[10000\]$_DFFE_PP_/D
     621* |       0 |      14 |        0 |      0 |     0 |    +0.0% |   -0.954 |       -2.2 |   -42681.0 |  74604 | rbuf_mem\[0\]\[10000\]$_DFFE_PP_/D
     622* |       0 |      14 |        0 |      0 |     0 |    +0.0% |   -0.954 |       -2.2 |   -42681.0 |  74604 | rbuf_mem\[0\]\[10000\]$_DFFE_PP_/D
     623* |       0 |      14 |        0 |      0 |     0 |    +0.0% |   -0.954 |       -2.2 |   -42681.0 |  74604 | rbuf_mem\[0\]\[10000\]$_DFFE_PP_/D
     624* |       0 |      14 |        0 |      0 |     0 |    +0.0% |   -0.954 |       -2.2 |   -42681.0 |  74604 | rbuf_mem\[0\]\[10000\]$_DFFE_PP_/D
     625* |       0 |      14 |        0 |      0 |     0 |    +0.0% |   -0.954 |       -2.2 |   -42681.0 |  74604 | rbuf_mem\[0\]\[10000\]$_DFFE_PP_/D
     626* |       0 |      14 |        0 |      0 |     0 |    +0.0% |   -0.954 |       -2.2 |   -42681.0 |  74604 | rbuf_mem\[0\]\[10000\]$_DFFE_PP_/D
     627* |       0 |      14 |        0 |      0 |     0 |    +0.0% |   -0.954 |       -2.2 |   -42681.0 |  74604 | rbuf_mem\[0\]\[10000\]$_DFFE_PP_/D
     628* |       0 |      14 |        0 |      0 |     0 |    +0.0% |   -0.954 |       -2.2 |   -42681.0 |  74604 | rbuf_mem\[0\]\[10000\]$_DFFE_PP_/D
     629* |       0 |      14 |        0 |      0 |     0 |    +0.0% |   -0.954 |       -2.2 |   -42681.0 |  74604 | rbuf_mem\[0\]\[10000\]$_DFFE_PP_/D
     630* |       0 |      14 |        0 |      0 |     0 |    +0.0% |   -0.954 |       -2.2 |   -42681.0 |  74604 | rbuf_mem\[0\]\[10000\]$_DFFE_PP_/D
     630* |       0 |      14 |        0 |      0 |     0 |    +0.0% |   -0.954 |       -2.2 |   -42681.0 |  74604 | rbuf_mem\[0\]\[10000\]$_DFFE_PP_/D
     631* |       0 |      14 |        0 |      0 |     0 |    +0.0% |   -0.954 |       -2.2 |   -42681.0 |  74604 | rbuf_mem\[0\]\[10000\]$_DFFE_PP_/D
     632* |       0 |      14 |        0 |      0 |     0 |    +0.0% |   -0.954 |       -2.2 |   -42681.0 |  74604 | rbuf_mem\[0\]\[10000\]$_DFFE_PP_/D
     633* |       0 |      14 |        0 |      0 |     0 |    +0.0% |   -0.954 |       -2.2 |   -42681.0 |  74604 | rbuf_mem\[0\]\[10000\]$_DFFE_PP_/D
     634* |       0 |      14 |        0 |      0 |     0 |    +0.0% |   -0.954 |       -2.2 |   -42681.0 |  74604 | rbuf_mem\[0\]\[10000\]$_DFFE_PP_/D
     635* |       0 |      14 |        0 |      0 |     0 |    +0.0% |   -0.954 |       -2.2 |   -42681.0 |  74604 | rbuf_mem\[0\]\[10000\]$_DFFE_PP_/D
     636* |       0 |      14 |        0 |      0 |     0 |    +0.0% |   -0.954 |       -2.2 |   -42681.0 |  74604 | rbuf_mem\[0\]\[10000\]$_DFFE_PP_/D
     637* |       0 |      14 |        0 |      0 |     0 |    +0.0% |   -0.954 |       -2.2 |   -42681.0 |  74604 | rbuf_mem\[0\]\[10000\]$_DFFE_PP_/D
     638* |       0 |      14 |        0 |      0 |     0 |    +0.0% |   -0.954 |       -2.2 |   -42681.0 |  74604 | rbuf_mem\[0\]\[10000\]$_DFFE_PP_/D
     639* |       0 |      14 |        0 |      0 |     0 |    +0.0% |   -0.954 |       -2.2 |   -42681.0 |  74604 | rbuf_mem\[0\]\[10000\]$_DFFE_PP_/D
     640* |       0 |      14 |        0 |      0 |     0 |    +0.0% |   -0.954 |       -2.2 |   -42681.0 |  74604 | rbuf_mem\[0\]\[10000\]$_DFFE_PP_/D
     640* |       0 |      14 |        0 |      0 |     0 |    +0.0% |   -0.954 |       -2.2 |   -42681.0 |  74604 | rbuf_mem\[0\]\[10000\]$_DFFE_PP_/D
     641* |       0 |      14 |        0 |      0 |     0 |    +0.0% |   -0.954 |       -2.2 |   -42681.0 |  74604 | rbuf_mem\[0\]\[10000\]$_DFFE_PP_/D
     642* |       0 |      14 |        0 |      0 |     0 |    +0.0% |   -0.954 |       -2.2 |   -42681.0 |  74604 | rbuf_mem\[0\]\[10000\]$_DFFE_PP_/D
     643* |       0 |      14 |        0 |      0 |     0 |    +0.0% |   -0.954 |       -2.2 |   -42681.0 |  74604 | rbuf_mem\[0\]\[10000\]$_DFFE_PP_/D
     644* |       0 |      14 |        0 |      0 |     0 |    +0.0% |   -0.954 |       -2.2 |   -42681.0 |  74604 | rbuf_mem\[0\]\[10000\]$_DFFE_PP_/D
     645* |       0 |      14 |        0 |      0 |     0 |    +0.0% |   -0.954 |       -2.2 |   -42681.0 |  74604 | rbuf_mem\[0\]\[10000\]$_DFFE_PP_/D
     646* |       0 |      14 |        0 |      0 |     0 |    +0.0% |   -0.954 |       -2.2 |   -42681.0 |  74604 | rbuf_mem\[0\]\[10000\]$_DFFE_PP_/D
     647* |       0 |      14 |        0 |      0 |     0 |    +0.0% |   -0.954 |       -2.2 |   -42681.0 |  74604 | rbuf_mem\[0\]\[10000\]$_DFFE_PP_/D
     648* |       0 |      14 |        0 |      0 |     0 |    +0.0% |   -0.954 |       -2.2 |   -42681.0 |  74604 | rbuf_mem\[0\]\[10000\]$_DFFE_PP_/D
     649* |       0 |      14 |        0 |      0 |     0 |    +0.0% |   -0.954 |       -2.2 |   -42681.0 |  74604 | rbuf_mem\[0\]\[10000\]$_DFFE_PP_/D
     650* |       0 |      14 |        0 |      0 |     0 |    +0.0% |   -0.954 |       -2.2 |   -42681.0 |  74604 | rbuf_mem\[0\]\[10000\]$_DFFE_PP_/D
     650* |       0 |      14 |        0 |      0 |     0 |    +0.0% |   -0.954 |       -2.2 |   -42681.0 |  74604 | rbuf_mem\[0\]\[10000\]$_DFFE_PP_/D
     651* |       0 |      14 |        0 |      0 |     0 |    +0.0% |   -0.954 |       -2.2 |   -42681.0 |  74604 | rbuf_mem\[0\]\[10000\]$_DFFE_PP_/D
     652* |       0 |      14 |        0 |      0 |     0 |    +0.0% |   -0.954 |       -2.2 |   -42681.0 |  74604 | rbuf_mem\[0\]\[10000\]$_DFFE_PP_/D
     653* |       0 |      14 |        0 |      0 |     0 |    +0.0% |   -0.954 |       -2.2 |   -42681.0 |  74604 | rbuf_mem\[0\]\[10000\]$_DFFE_PP_/D
     654* |       0 |      14 |        0 |      0 |     0 |    +0.0% |   -0.954 |       -2.2 |   -42681.0 |  74604 | rbuf_mem\[0\]\[10000\]$_DFFE_PP_/D
     655* |       0 |      14 |        0 |      0 |     0 |    +0.0% |   -0.954 |       -2.2 |   -42681.0 |  74604 | rbuf_mem\[0\]\[10000\]$_DFFE_PP_/D
     656* |       0 |      14 |        0 |      0 |     0 |    +0.0% |   -0.954 |       -2.2 |   -42681.0 |  74604 | rbuf_mem\[0\]\[10000\]$_DFFE_PP_/D
     657* |       0 |      14 |        0 |      0 |     0 |    +0.0% |   -0.954 |       -2.2 |   -42681.0 |  74604 | rbuf_mem\[0\]\[10000\]$_DFFE_PP_/D
     658* |       0 |      14 |        0 |      0 |     0 |    +0.0% |   -0.954 |       -2.2 |   -42681.0 |  74604 | rbuf_mem\[0\]\[10000\]$_DFFE_PP_/D
     659* |       0 |      14 |        0 |      0 |     0 |    +0.0% |   -0.954 |       -2.2 |   -42681.0 |  74604 | rbuf_mem\[0\]\[10000\]$_DFFE_PP_/D
     660* |       0 |      14 |        0 |      0 |     0 |    +0.0% |   -0.954 |       -2.2 |   -42681.0 |  74604 | rbuf_mem\[0\]\[10000\]$_DFFE_PP_/D
     660* |       0 |      14 |        0 |      0 |     0 |    +0.0% |   -0.954 |       -2.2 |   -42681.0 |  74604 | rbuf_mem\[0\]\[10000\]$_DFFE_PP_/D
     661* |       0 |      14 |        0 |      0 |     0 |    +0.0% |   -0.954 |       -2.2 |   -42681.0 |  74604 | rbuf_mem\[0\]\[10000\]$_DFFE_PP_/D
     662* |       0 |      14 |        0 |      0 |     0 |    +0.0% |   -0.954 |       -2.2 |   -42681.0 |  74604 | rbuf_mem\[0\]\[10000\]$_DFFE_PP_/D
     663* |       0 |      14 |        0 |      0 |     0 |    +0.0% |   -0.954 |       -2.2 |   -42681.0 |  74604 | rbuf_mem\[0\]\[10000\]$_DFFE_PP_/D
     664* |       0 |      14 |        0 |      0 |     0 |    +0.0% |   -0.954 |       -2.2 |   -42681.0 |  74604 | rbuf_mem\[0\]\[10000\]$_DFFE_PP_/D
     665* |       0 |      14 |        0 |      0 |     0 |    +0.0% |   -0.954 |       -2.2 |   -42681.0 |  74604 | rbuf_mem\[0\]\[10000\]$_DFFE_PP_/D
     666* |       0 |      14 |        0 |      0 |     0 |    +0.0% |   -0.954 |       -2.2 |   -42681.0 |  74604 | rbuf_mem\[0\]\[10000\]$_DFFE_PP_/D
     667* |       0 |      14 |        0 |      0 |     0 |    +0.0% |   -0.954 |       -2.2 |   -42681.0 |  74604 | rbuf_mem\[0\]\[10000\]$_DFFE_PP_/D
     668* |       0 |      14 |        0 |      0 |     0 |    +0.0% |   -0.954 |       -2.2 |   -42681.0 |  74604 | rbuf_mem\[0\]\[10000\]$_DFFE_PP_/D
     669* |       0 |      14 |        0 |      0 |     0 |    +0.0% |   -0.954 |       -2.2 |   -42681.0 |  74604 | rbuf_mem\[0\]\[10000\]$_DFFE_PP_/D
     670* |       0 |      14 |        0 |      0 |     0 |    +0.0% |   -0.954 |       -2.2 |   -42681.0 |  74604 | rbuf_mem\[0\]\[10000\]$_DFFE_PP_/D
     670* |       0 |      14 |        0 |      0 |     0 |    +0.0% |   -0.954 |       -2.2 |   -42681.0 |  74604 | rbuf_mem\[0\]\[10000\]$_DFFE_PP_/D
     671* |       0 |      14 |        0 |      0 |     0 |    +0.0% |   -0.954 |       -2.2 |   -42681.0 |  74604 | rbuf_mem\[0\]\[10000\]$_DFFE_PP_/D
     672* |       0 |      14 |        0 |      0 |     0 |    +0.0% |   -0.954 |       -2.2 |   -42681.0 |  74604 | rbuf_mem\[0\]\[10000\]$_DFFE_PP_/D
     673* |       0 |      14 |        0 |      0 |     0 |    +0.0% |   -0.954 |       -2.2 |   -42681.0 |  74604 | rbuf_mem\[0\]\[10000\]$_DFFE_PP_/D
     674* |       0 |      14 |        0 |      0 |     0 |    +0.0% |   -0.954 |       -2.2 |   -42681.0 |  74604 | rbuf_mem\[0\]\[10000\]$_DFFE_PP_/D
     675* |       0 |      14 |        0 |      0 |     0 |    +0.0% |   -0.954 |       -2.2 |   -42681.0 |  74604 | rbuf_mem\[0\]\[10000\]$_DFFE_PP_/D
     676* |       0 |      14 |        0 |      0 |     0 |    +0.0% |   -0.954 |       -2.2 |   -42681.0 |  74604 | rbuf_mem\[0\]\[10000\]$_DFFE_PP_/D
     677* |       0 |      14 |        0 |      0 |     0 |    +0.0% |   -0.954 |       -2.2 |   -42681.0 |  74604 | rbuf_mem\[0\]\[10000\]$_DFFE_PP_/D
     678* |       0 |      14 |        0 |      0 |     0 |    +0.0% |   -0.954 |       -2.2 |   -42681.0 |  74604 | rbuf_mem\[0\]\[10000\]$_DFFE_PP_/D
     679* |       0 |      14 |        0 |      0 |     0 |    +0.0% |   -0.954 |       -2.2 |   -42681.0 |  74604 | rbuf_mem\[0\]\[10000\]$_DFFE_PP_/D
     680* |       0 |      14 |        0 |      0 |     0 |    +0.0% |   -0.954 |       -2.2 |   -42681.0 |  74604 | rbuf_mem\[0\]\[10000\]$_DFFE_PP_/D
     680* |       0 |      14 |        0 |      0 |     0 |    +0.0% |   -0.954 |       -2.2 |   -42681.0 |  74604 | rbuf_mem\[0\]\[10000\]$_DFFE_PP_/D
     681* |       0 |      14 |        0 |      0 |     0 |    +0.0% |   -0.954 |       -2.2 |   -42681.0 |  74604 | rbuf_mem\[0\]\[10000\]$_DFFE_PP_/D
     682* |       0 |      14 |        0 |      0 |     0 |    +0.0% |   -0.954 |       -2.2 |   -42681.0 |  74604 | rbuf_mem\[0\]\[10000\]$_DFFE_PP_/D
     683* |       0 |      14 |        0 |      0 |     0 |    +0.0% |   -0.954 |       -2.2 |   -42681.0 |  74604 | rbuf_mem\[0\]\[10000\]$_DFFE_PP_/D
     684* |       0 |      14 |        0 |      0 |     0 |    +0.0% |   -0.954 |       -2.2 |   -42681.0 |  74604 | rbuf_mem\[0\]\[10000\]$_DFFE_PP_/D
     685* |       0 |      14 |        0 |      0 |     0 |    +0.0% |   -0.954 |       -2.2 |   -42681.0 |  74604 | rbuf_mem\[0\]\[10000\]$_DFFE_PP_/D
     686* |       0 |      14 |        0 |      0 |     0 |    +0.0% |   -0.954 |       -2.2 |   -42681.0 |  74604 | rbuf_mem\[0\]\[10000\]$_DFFE_PP_/D
     687* |       0 |      14 |        0 |      0 |     0 |    +0.0% |   -0.954 |       -2.2 |   -42681.0 |  74604 | rbuf_mem\[0\]\[10000\]$_DFFE_PP_/D
     688* |       0 |      14 |        0 |      0 |     0 |    +0.0% |   -0.954 |       -2.2 |   -42681.0 |  74604 | rbuf_mem\[0\]\[10000\]$_DFFE_PP_/D
     689* |       0 |      14 |        0 |      0 |     0 |    +0.0% |   -0.954 |       -2.2 |   -42681.0 |  74604 | rbuf_mem\[0\]\[10000\]$_DFFE_PP_/D
     690* |       0 |      14 |        0 |      0 |     0 |    +0.0% |   -0.954 |       -2.2 |   -42681.0 |  74604 | rbuf_mem\[0\]\[10000\]$_DFFE_PP_/D
     690* |       0 |      14 |        0 |      0 |     0 |    +0.0% |   -0.954 |       -2.2 |   -42681.0 |  74604 | rbuf_mem\[0\]\[10000\]$_DFFE_PP_/D
     691* |       0 |      14 |        0 |      0 |     0 |    +0.0% |   -0.954 |       -2.2 |   -42681.0 |  74604 | rbuf_mem\[0\]\[10000\]$_DFFE_PP_/D
     692* |       0 |      14 |        0 |      0 |     0 |    +0.0% |   -0.954 |       -2.2 |   -42681.0 |  74604 | rbuf_mem\[0\]\[10000\]$_DFFE_PP_/D
     693* |       0 |      14 |        0 |      0 |     0 |    +0.0% |   -0.954 |       -2.2 |   -42681.0 |  74604 | rbuf_mem\[0\]\[10000\]$_DFFE_PP_/D
     694* |       0 |      14 |        0 |      0 |     0 |    +0.0% |   -0.954 |       -2.2 |   -42681.0 |  74604 | rbuf_mem\[0\]\[10000\]$_DFFE_PP_/D
     695* |       0 |      14 |        0 |      0 |     0 |    +0.0% |   -0.954 |       -2.2 |   -42681.0 |  74604 | rbuf_mem\[0\]\[10000\]$_DFFE_PP_/D
     696* |       0 |      14 |        0 |      0 |     0 |    +0.0% |   -0.954 |       -2.2 |   -42681.0 |  74604 | rbuf_mem\[0\]\[10000\]$_DFFE_PP_/D
     697* |       0 |      14 |        0 |      0 |     0 |    +0.0% |   -0.954 |       -2.2 |   -42681.0 |  74604 | rbuf_mem\[0\]\[10000\]$_DFFE_PP_/D
     698* |       0 |      14 |        0 |      0 |     0 |    +0.0% |   -0.954 |       -2.2 |   -42681.0 |  74604 | rbuf_mem\[0\]\[10000\]$_DFFE_PP_/D
     699* |       0 |      14 |        0 |      0 |     0 |    +0.0% |   -0.954 |       -2.2 |   -42681.0 |  74604 | rbuf_mem\[0\]\[10000\]$_DFFE_PP_/D
     700* |       0 |      14 |        0 |      0 |     0 |    +0.0% |   -0.954 |       -2.2 |   -42681.0 |  74604 | rbuf_mem\[0\]\[10000\]$_DFFE_PP_/D
     700* |       0 |      14 |        0 |      0 |     0 |    +0.0% |   -0.954 |       -2.2 |   -42681.0 |  74604 | rbuf_mem\[0\]\[10000\]$_DFFE_PP_/D
     701* |       0 |      14 |        0 |      0 |     0 |    +0.0% |   -0.954 |       -2.2 |   -42681.0 |  74604 | rbuf_mem\[0\]\[10000\]$_DFFE_PP_/D
     702* |       0 |      14 |        0 |      0 |     0 |    +0.0% |   -0.954 |       -2.2 |   -42681.0 |  74604 | rbuf_mem\[0\]\[10000\]$_DFFE_PP_/D
     703* |       0 |      14 |        0 |      0 |     0 |    +0.0% |   -0.954 |       -2.2 |   -42681.0 |  74604 | rbuf_mem\[0\]\[10000\]$_DFFE_PP_/D
     704* |       0 |      14 |        0 |      0 |     0 |    +0.0% |   -0.954 |       -2.2 |   -42681.0 |  74604 | rbuf_mem\[0\]\[10000\]$_DFFE_PP_/D
     705* |       0 |      14 |        0 |      0 |     0 |    +0.0% |   -0.954 |       -2.2 |   -42681.0 |  74604 | rbuf_mem\[0\]\[10000\]$_DFFE_PP_/D
     706* |       0 |      14 |        0 |      0 |     0 |    +0.0% |   -0.954 |       -2.2 |   -42681.0 |  74604 | rbuf_mem\[0\]\[10000\]$_DFFE_PP_/D
     707* |       0 |      14 |        0 |      0 |     0 |    +0.0% |   -0.954 |       -2.2 |   -42681.0 |  74604 | rbuf_mem\[0\]\[10000\]$_DFFE_PP_/D
     708* |       0 |      14 |        0 |      0 |     0 |    +0.0% |   -0.954 |       -2.2 |   -42681.0 |  74604 | rbuf_mem\[0\]\[10000\]$_DFFE_PP_/D
     709* |       0 |      14 |        0 |      0 |     0 |    +0.0% |   -0.954 |       -2.2 |   -42681.0 |  74604 | rbuf_mem\[0\]\[10000\]$_DFFE_PP_/D
     710* |       0 |      14 |        0 |      0 |     0 |    +0.0% |   -0.954 |       -2.2 |   -42681.0 |  74604 | rbuf_mem\[0\]\[10000\]$_DFFE_PP_/D
     710* |       0 |      14 |        0 |      0 |     0 |    +0.0% |   -0.954 |       -2.2 |   -42681.0 |  74604 | rbuf_mem\[0\]\[10000\]$_DFFE_PP_/D
     711* |       0 |      14 |        0 |      0 |     0 |    +0.0% |   -0.954 |       -2.2 |   -42681.0 |  74604 | rbuf_mem\[0\]\[10000\]$_DFFE_PP_/D
     712* |       0 |      14 |        0 |      0 |     0 |    +0.0% |   -0.954 |       -2.2 |   -42681.0 |  74604 | rbuf_mem\[0\]\[10000\]$_DFFE_PP_/D
     713* |       0 |      14 |        0 |      0 |     0 |    +0.0% |   -0.954 |       -2.2 |   -42681.0 |  74604 | rbuf_mem\[0\]\[10000\]$_DFFE_PP_/D
     714* |       0 |      14 |        0 |      0 |     0 |    +0.0% |   -0.954 |       -2.2 |   -42681.0 |  74604 | rbuf_mem\[0\]\[10000\]$_DFFE_PP_/D
     715* |       0 |      14 |        0 |      0 |     0 |    +0.0% |   -0.954 |       -2.2 |   -42681.0 |  74604 | rbuf_mem\[0\]\[10000\]$_DFFE_PP_/D
     716* |       0 |      14 |        0 |      0 |     0 |    +0.0% |   -0.954 |       -2.2 |   -42681.0 |  74604 | rbuf_mem\[0\]\[10000\]$_DFFE_PP_/D
     717* |       0 |      14 |        0 |      0 |     0 |    +0.0% |   -0.954 |       -2.2 |   -42681.0 |  74604 | rbuf_mem\[0\]\[10000\]$_DFFE_PP_/D
     718* |       0 |      14 |        0 |      0 |     0 |    +0.0% |   -0.954 |       -2.2 |   -42681.0 |  74604 | rbuf_mem\[0\]\[10000\]$_DFFE_PP_/D
     719* |       0 |      14 |        0 |      0 |     0 |    +0.0% |   -0.954 |       -2.2 |   -42681.0 |  74604 | rbuf_mem\[0\]\[10000\]$_DFFE_PP_/D
     720* |       0 |      14 |        0 |      0 |     0 |    +0.0% |   -0.954 |       -2.2 |   -42681.0 |  74604 | rbuf_mem\[0\]\[10000\]$_DFFE_PP_/D
     720* |       0 |      14 |        0 |      0 |     0 |    +0.0% |   -0.954 |       -2.2 |   -42681.0 |  74604 | rbuf_mem\[0\]\[10000\]$_DFFE_PP_/D
     721* |       0 |      14 |        0 |      0 |     0 |    +0.0% |   -0.954 |       -2.2 |   -42681.0 |  74604 | rbuf_mem\[0\]\[10000\]$_DFFE_PP_/D
     722* |       0 |      14 |        0 |      0 |     0 |    +0.0% |   -0.954 |       -2.2 |   -42681.0 |  74604 | rbuf_mem\[0\]\[10000\]$_DFFE_PP_/D
     723* |       0 |      14 |        0 |      0 |     0 |    +0.0% |   -0.954 |       -2.2 |   -42681.0 |  74604 | rbuf_mem\[0\]\[10000\]$_DFFE_PP_/D
     724* |       0 |      14 |        0 |      0 |     0 |    +0.0% |   -0.954 |       -2.2 |   -42681.0 |  74604 | rbuf_mem\[0\]\[10000\]$_DFFE_PP_/D
     725* |       0 |      14 |        0 |      0 |     0 |    +0.0% |   -0.954 |       -2.2 |   -42681.0 |  74604 | rbuf_mem\[0\]\[10000\]$_DFFE_PP_/D
     726* |       0 |      14 |        0 |      0 |     0 |    +0.0% |   -0.954 |       -2.2 |   -42681.0 |  74604 | rbuf_mem\[0\]\[10000\]$_DFFE_PP_/D
     727* |       0 |      14 |        0 |      0 |     0 |    +0.0% |   -0.954 |       -2.2 |   -42681.0 |  74604 | rbuf_mem\[0\]\[10000\]$_DFFE_PP_/D
     728* |       0 |      14 |        0 |      0 |     0 |    +0.0% |   -0.954 |       -2.2 |   -42681.0 |  74604 | rbuf_mem\[0\]\[10000\]$_DFFE_PP_/D
     729* |       0 |      14 |        0 |      0 |     0 |    +0.0% |   -0.954 |       -2.2 |   -42681.0 |  74604 | rbuf_mem\[0\]\[10000\]$_DFFE_PP_/D
     730* |       0 |      14 |        0 |      0 |     0 |    +0.0% |   -0.954 |       -2.2 |   -42681.0 |  74604 | rbuf_mem\[0\]\[10000\]$_DFFE_PP_/D
     730* |       0 |      14 |        0 |      0 |     0 |    +0.0% |   -0.954 |       -2.2 |   -42681.0 |  74604 | rbuf_mem\[0\]\[10000\]$_DFFE_PP_/D
     731* |       0 |      14 |        0 |      0 |     0 |    +0.0% |   -0.954 |       -2.2 |   -42681.0 |  74604 | rbuf_mem\[0\]\[10000\]$_DFFE_PP_/D
     732* |       0 |      14 |        0 |      0 |     0 |    +0.0% |   -0.954 |       -2.2 |   -42681.0 |  74604 | rbuf_mem\[0\]\[10000\]$_DFFE_PP_/D
     733* |       0 |      14 |        0 |      0 |     0 |    +0.0% |   -0.954 |       -2.2 |   -42681.0 |  74604 | rbuf_mem\[0\]\[10000\]$_DFFE_PP_/D
     734* |       0 |      14 |        0 |      0 |     0 |    +0.0% |   -0.954 |       -2.2 |   -42681.0 |  74604 | rbuf_mem\[0\]\[10000\]$_DFFE_PP_/D
     735* |       0 |      14 |        0 |      0 |     0 |    +0.0% |   -0.954 |       -2.2 |   -42681.0 |  74604 | rbuf_mem\[0\]\[10000\]$_DFFE_PP_/D
     736* |       0 |      14 |        0 |      0 |     0 |    +0.0% |   -0.954 |       -2.2 |   -42681.0 |  74604 | rbuf_mem\[0\]\[10000\]$_DFFE_PP_/D
     737* |       0 |      14 |        0 |      0 |     0 |    +0.0% |   -0.954 |       -2.2 |   -42681.0 |  74604 | rbuf_mem\[0\]\[10000\]$_DFFE_PP_/D
     738* |       0 |      14 |        0 |      0 |     0 |    +0.0% |   -0.954 |       -2.2 |   -42681.0 |  74604 | rbuf_mem\[0\]\[10000\]$_DFFE_PP_/D
     739* |       0 |      14 |        0 |      0 |     0 |    +0.0% |   -0.954 |       -2.2 |   -42681.0 |  74604 | rbuf_mem\[0\]\[10000\]$_DFFE_PP_/D
     740* |       0 |      14 |        0 |      0 |     0 |    +0.0% |   -0.954 |       -2.2 |   -42681.0 |  74604 | rbuf_mem\[0\]\[10000\]$_DFFE_PP_/D
     740* |       0 |      14 |        0 |      0 |     0 |    +0.0% |   -0.954 |       -2.2 |   -42681.0 |  74604 | rbuf_mem\[0\]\[10000\]$_DFFE_PP_/D
     741* |       0 |      14 |        0 |      0 |     0 |    +0.0% |   -0.954 |       -2.2 |   -42681.0 |  74604 | rbuf_mem\[0\]\[10000\]$_DFFE_PP_/D
     742* |       0 |      14 |        0 |      0 |     0 |    +0.0% |   -0.954 |       -2.2 |   -42681.0 |  74604 | rbuf_mem\[0\]\[10000\]$_DFFE_PP_/D
     743* |       0 |      14 |        0 |      0 |     0 |    +0.0% |   -0.954 |       -2.2 |   -42681.0 |  74604 | rbuf_mem\[0\]\[10000\]$_DFFE_PP_/D
     744* |       0 |      14 |        0 |      0 |     0 |    +0.0% |   -0.954 |       -2.2 |   -42681.0 |  74604 | rbuf_mem\[0\]\[10000\]$_DFFE_PP_/D
     745* |       0 |      14 |        0 |      0 |     0 |    +0.0% |   -0.954 |       -2.2 |   -42681.0 |  74604 | rbuf_mem\[0\]\[10000\]$_DFFE_PP_/D
     746* |       0 |      14 |        0 |      0 |     0 |    +0.0% |   -0.954 |       -2.2 |   -42681.0 |  74604 | rbuf_mem\[0\]\[10000\]$_DFFE_PP_/D
     747* |       0 |      14 |        0 |      0 |     0 |    +0.0% |   -0.954 |       -2.2 |   -42681.0 |  74604 | rbuf_mem\[0\]\[10000\]$_DFFE_PP_/D
     748* |       0 |      14 |        0 |      0 |     0 |    +0.0% |   -0.954 |       -2.2 |   -42681.0 |  74604 | rbuf_mem\[0\]\[10000\]$_DFFE_PP_/D
     749* |       0 |      14 |        0 |      0 |     0 |    +0.0% |   -0.954 |       -2.2 |   -42681.0 |  74604 | rbuf_mem\[0\]\[10000\]$_DFFE_PP_/D
     750* |       0 |      14 |        0 |      0 |     0 |    +0.0% |   -0.954 |       -2.2 |   -42681.0 |  74604 | rbuf_mem\[0\]\[10000\]$_DFFE_PP_/D
     750* |       0 |      14 |        0 |      0 |     0 |    +0.0% |   -0.954 |       -2.2 |   -42681.0 |  74604 | rbuf_mem\[0\]\[10000\]$_DFFE_PP_/D
     751* |       0 |      14 |        0 |      0 |     0 |    +0.0% |   -0.954 |       -2.2 |   -42681.0 |  74604 | rbuf_mem\[0\]\[10000\]$_DFFE_PP_/D
     752* |       0 |      14 |        0 |      0 |     0 |    +0.0% |   -0.954 |       -2.2 |   -42681.0 |  74604 | rbuf_mem\[0\]\[10000\]$_DFFE_PP_/D
     753* |       0 |      14 |        0 |      0 |     0 |    +0.0% |   -0.954 |       -2.2 |   -42681.0 |  74604 | rbuf_mem\[0\]\[10000\]$_DFFE_PP_/D
     754* |       0 |      14 |        0 |      0 |     0 |    +0.0% |   -0.954 |       -2.2 |   -42681.0 |  74604 | rbuf_mem\[0\]\[10000\]$_DFFE_PP_/D
     755* |       0 |      14 |        0 |      0 |     0 |    +0.0% |   -0.954 |       -2.2 |   -42681.0 |  74604 | rbuf_mem\[0\]\[10000\]$_DFFE_PP_/D
     756* |       0 |      14 |        0 |      0 |     0 |    +0.0% |   -0.954 |       -2.2 |   -42681.0 |  74604 | rbuf_mem\[0\]\[10000\]$_DFFE_PP_/D
     757* |       0 |      14 |        0 |      0 |     0 |    +0.0% |   -0.954 |       -2.2 |   -42681.0 |  74604 | rbuf_mem\[0\]\[10000\]$_DFFE_PP_/D
     758* |       0 |      14 |        0 |      0 |     0 |    +0.0% |   -0.954 |       -2.2 |   -42681.0 |  74604 | rbuf_mem\[0\]\[10000\]$_DFFE_PP_/D
     759* |       0 |      14 |        0 |      0 |     0 |    +0.0% |   -0.954 |       -2.2 |   -42681.0 |  74604 | rbuf_mem\[0\]\[10000\]$_DFFE_PP_/D
     760* |       0 |      14 |        0 |      0 |     0 |    +0.0% |   -0.954 |       -2.2 |   -42681.0 |  74604 | rbuf_mem\[0\]\[10000\]$_DFFE_PP_/D
     760* |       0 |      14 |        0 |      0 |     0 |    +0.0% |   -0.954 |       -2.2 |   -42681.0 |  74604 | rbuf_mem\[0\]\[10000\]$_DFFE_PP_/D
     761* |       0 |      14 |        0 |      0 |     0 |    +0.0% |   -0.954 |       -2.2 |   -42681.0 |  74604 | rbuf_mem\[0\]\[10000\]$_DFFE_PP_/D
     762* |       0 |      14 |        0 |      0 |     0 |    +0.0% |   -0.954 |       -2.2 |   -42681.0 |  74604 | rbuf_mem\[0\]\[10000\]$_DFFE_PP_/D
     763* |       0 |      14 |        0 |      0 |     0 |    +0.0% |   -0.954 |       -2.2 |   -42681.0 |  74604 | rbuf_mem\[0\]\[10000\]$_DFFE_PP_/D
     764* |       0 |      14 |        0 |      0 |     0 |    +0.0% |   -0.954 |       -2.2 |   -42681.0 |  74604 | rbuf_mem\[0\]\[10000\]$_DFFE_PP_/D
     765* |       0 |      14 |        0 |      0 |     0 |    +0.0% |   -0.954 |       -2.2 |   -42681.0 |  74604 | rbuf_mem\[0\]\[10000\]$_DFFE_PP_/D
     766* |       0 |      14 |        0 |      0 |     0 |    +0.0% |   -0.954 |       -2.2 |   -42681.0 |  74604 | rbuf_mem\[0\]\[10000\]$_DFFE_PP_/D
     767* |       0 |      14 |        0 |      0 |     0 |    +0.0% |   -0.954 |       -2.2 |   -42681.0 |  74604 | rbuf_mem\[0\]\[10000\]$_DFFE_PP_/D
     768* |       0 |      14 |        0 |      0 |     0 |    +0.0% |   -0.954 |       -2.2 |   -42681.0 |  74604 | rbuf_mem\[0\]\[10000\]$_DFFE_PP_/D
     769* |       0 |      14 |        0 |      0 |     0 |    +0.0% |   -0.954 |       -2.2 |   -42681.0 |  74604 | rbuf_mem\[0\]\[10000\]$_DFFE_PP_/D
     770* |       0 |      14 |        0 |      0 |     0 |    +0.0% |   -0.954 |       -2.2 |   -42681.0 |  74604 | rbuf_mem\[0\]\[10000\]$_DFFE_PP_/D
     770* |       0 |      14 |        0 |      0 |     0 |    +0.0% |   -0.954 |       -2.2 |   -42681.0 |  74604 | rbuf_mem\[0\]\[10000\]$_DFFE_PP_/D
     771* |       0 |      14 |        0 |      0 |     0 |    +0.0% |   -0.954 |       -2.2 |   -42681.0 |  74604 | rbuf_mem\[0\]\[10000\]$_DFFE_PP_/D
     772* |       0 |      14 |        0 |      0 |     0 |    +0.0% |   -0.954 |       -2.2 |   -42681.0 |  74604 | rbuf_mem\[0\]\[10000\]$_DFFE_PP_/D
     773* |       0 |      14 |        0 |      0 |     0 |    +0.0% |   -0.954 |       -2.2 |   -42681.0 |  74604 | rbuf_mem\[0\]\[10000\]$_DFFE_PP_/D
     774* |       0 |      14 |        0 |      0 |     0 |    +0.0% |   -0.954 |       -2.2 |   -42681.0 |  74604 | rbuf_mem\[0\]\[10000\]$_DFFE_PP_/D
     775* |       0 |      14 |        0 |      0 |     0 |    +0.0% |   -0.954 |       -2.2 |   -42681.0 |  74604 | rbuf_mem\[0\]\[10000\]$_DFFE_PP_/D
     776* |       0 |      14 |        0 |      0 |     0 |    +0.0% |   -0.954 |       -2.2 |   -42681.0 |  74604 | rbuf_mem\[0\]\[10000\]$_DFFE_PP_/D
     777* |       0 |      14 |        0 |      0 |     0 |    +0.0% |   -0.954 |       -2.2 |   -42681.0 |  74604 | rbuf_mem\[0\]\[10000\]$_DFFE_PP_/D
     778* |       0 |      14 |        0 |      0 |     0 |    +0.0% |   -0.954 |       -2.2 |   -42681.0 |  74604 | rbuf_mem\[0\]\[10000\]$_DFFE_PP_/D
     779* |       0 |      14 |        0 |      0 |     0 |    +0.0% |   -0.954 |       -2.2 |   -42681.0 |  74604 | rbuf_mem\[0\]\[10000\]$_DFFE_PP_/D
     780* |       0 |      14 |        0 |      0 |     0 |    +0.0% |   -0.954 |       -2.2 |   -42681.0 |  74604 | rbuf_mem\[0\]\[10000\]$_DFFE_PP_/D
     780* |       0 |      14 |        0 |      0 |     0 |    +0.0% |   -0.954 |       -2.2 |   -42681.0 |  74604 | rbuf_mem\[0\]\[10000\]$_DFFE_PP_/D
     781* |       0 |      14 |        0 |      0 |     0 |    +0.0% |   -0.954 |       -2.2 |   -42681.0 |  74604 | rbuf_mem\[0\]\[10000\]$_DFFE_PP_/D
     782* |       0 |      14 |        0 |      0 |     0 |    +0.0% |   -0.954 |       -2.2 |   -42681.0 |  74604 | rbuf_mem\[0\]\[10000\]$_DFFE_PP_/D
     783* |       0 |      14 |        0 |      0 |     0 |    +0.0% |   -0.954 |       -2.2 |   -42681.0 |  74604 | rbuf_mem\[0\]\[10000\]$_DFFE_PP_/D
     784* |       0 |      14 |        0 |      0 |     0 |    +0.0% |   -0.954 |       -2.2 |   -42681.0 |  74604 | rbuf_mem\[0\]\[10000\]$_DFFE_PP_/D
     785* |       0 |      14 |        0 |      0 |     0 |    +0.0% |   -0.954 |       -2.2 |   -42681.0 |  74604 | rbuf_mem\[0\]\[10000\]$_DFFE_PP_/D
     786* |       0 |      14 |        0 |      0 |     0 |    +0.0% |   -0.954 |       -2.2 |   -42681.0 |  74604 | rbuf_mem\[0\]\[10000\]$_DFFE_PP_/D
     787* |       0 |      14 |        0 |      0 |     0 |    +0.0% |   -0.954 |       -2.2 |   -42681.0 |  74604 | rbuf_mem\[0\]\[10000\]$_DFFE_PP_/D
     788* |       0 |      14 |        0 |      0 |     0 |    +0.0% |   -0.954 |       -2.2 |   -42681.0 |  74604 | rbuf_mem\[0\]\[10000\]$_DFFE_PP_/D
     789* |       0 |      14 |        0 |      0 |     0 |    +0.0% |   -0.954 |       -2.2 |   -42681.0 |  74604 | rbuf_mem\[0\]\[10000\]$_DFFE_PP_/D
     790* |       0 |      14 |        0 |      0 |     0 |    +0.0% |   -0.954 |       -2.2 |   -42681.0 |  74604 | rbuf_mem\[0\]\[10000\]$_DFFE_PP_/D
     790* |       0 |      14 |        0 |      0 |     0 |    +0.0% |   -0.954 |       -2.2 |   -42681.0 |  74604 | rbuf_mem\[0\]\[10000\]$_DFFE_PP_/D
     791* |       0 |      14 |        0 |      0 |     0 |    +0.0% |   -0.954 |       -2.2 |   -42681.0 |  74604 | rbuf_mem\[0\]\[10000\]$_DFFE_PP_/D
     792* |       0 |      14 |        0 |      0 |     0 |    +0.0% |   -0.954 |       -2.2 |   -42681.0 |  74604 | rbuf_mem\[0\]\[10000\]$_DFFE_PP_/D
     793* |       0 |      14 |        0 |      0 |     0 |    +0.0% |   -0.954 |       -2.2 |   -42681.0 |  74604 | rbuf_mem\[0\]\[10000\]$_DFFE_PP_/D
     794* |       0 |      14 |        0 |      0 |     0 |    +0.0% |   -0.954 |       -2.2 |   -42681.0 |  74604 | rbuf_mem\[0\]\[10000\]$_DFFE_PP_/D
     795* |       0 |      14 |        0 |      0 |     0 |    +0.0% |   -0.954 |       -2.2 |   -42681.0 |  74604 | rbuf_mem\[0\]\[10000\]$_DFFE_PP_/D
     796* |       0 |      14 |        0 |      0 |     0 |    +0.0% |   -0.954 |       -2.2 |   -42681.0 |  74604 | rbuf_mem\[0\]\[10000\]$_DFFE_PP_/D
     797* |       0 |      14 |        0 |      0 |     0 |    +0.0% |   -0.954 |       -2.2 |   -42681.0 |  74604 | rbuf_mem\[0\]\[10000\]$_DFFE_PP_/D
     798* |       0 |      14 |        0 |      0 |     0 |    +0.0% |   -0.954 |       -2.2 |   -42681.0 |  74604 | rbuf_mem\[0\]\[10000\]$_DFFE_PP_/D
     799* |       0 |      14 |        0 |      0 |     0 |    +0.0% |   -0.954 |       -2.2 |   -42681.0 |  74604 | rbuf_mem\[0\]\[10000\]$_DFFE_PP_/D
     800* |       0 |      14 |        0 |      0 |     0 |    +0.0% |   -0.954 |       -2.2 |   -42681.0 |  74604 | rbuf_mem\[0\]\[10000\]$_DFFE_PP_/D
     800* |       0 |      14 |        0 |      0 |     0 |    +0.0% |   -0.954 |       -2.2 |   -42681.0 |  74604 | rbuf_mem\[0\]\[10000\]$_DFFE_PP_/D
     801* |       0 |      14 |        0 |      0 |     0 |    +0.0% |   -0.954 |       -2.2 |   -42681.0 |  74604 | rbuf_mem\[0\]\[10000\]$_DFFE_PP_/D
     802* |       0 |      14 |        0 |      0 |     0 |    +0.0% |   -0.954 |       -2.2 |   -42681.0 |  74604 | rbuf_mem\[0\]\[10000\]$_DFFE_PP_/D
     803* |       0 |      14 |        0 |      0 |     0 |    +0.0% |   -0.954 |       -2.2 |   -42681.0 |  74604 | rbuf_mem\[0\]\[10000\]$_DFFE_PP_/D
     804* |       0 |      14 |        0 |      0 |     0 |    +0.0% |   -0.954 |       -2.2 |   -42681.0 |  74604 | rbuf_mem\[0\]\[10000\]$_DFFE_PP_/D
     805* |       0 |      14 |        0 |      0 |     0 |    +0.0% |   -0.954 |       -2.2 |   -42681.0 |  74604 | rbuf_mem\[0\]\[10000\]$_DFFE_PP_/D
     806* |       0 |      14 |        0 |      0 |     0 |    +0.0% |   -0.954 |       -2.2 |   -42681.0 |  74604 | rbuf_mem\[0\]\[10000\]$_DFFE_PP_/D
     807* |       0 |      14 |        0 |      0 |     0 |    +0.0% |   -0.954 |       -2.2 |   -42681.0 |  74604 | rbuf_mem\[0\]\[10000\]$_DFFE_PP_/D
     808* |       0 |      14 |        0 |      0 |     0 |    +0.0% |   -0.954 |       -2.2 |   -42681.0 |  74604 | rbuf_mem\[0\]\[10000\]$_DFFE_PP_/D
     809* |       0 |      14 |        0 |      0 |     0 |    +0.0% |   -0.954 |       -2.2 |   -42681.0 |  74604 | rbuf_mem\[0\]\[10000\]$_DFFE_PP_/D
     810* |       0 |      14 |        0 |      0 |     0 |    +0.0% |   -0.954 |       -2.2 |   -42681.0 |  74604 | rbuf_mem\[0\]\[10000\]$_DFFE_PP_/D
     810* |       0 |      14 |        0 |      0 |     0 |    +0.0% |   -0.954 |       -2.2 |   -42681.0 |  74604 | rbuf_mem\[0\]\[10000\]$_DFFE_PP_/D
     811* |       0 |      14 |        0 |      0 |     0 |    +0.0% |   -0.954 |       -2.2 |   -42681.0 |  74604 | rbuf_mem\[0\]\[10000\]$_DFFE_PP_/D
     812* |       0 |      14 |        0 |      0 |     0 |    +0.0% |   -0.954 |       -2.2 |   -42681.0 |  74604 | rbuf_mem\[0\]\[10000\]$_DFFE_PP_/D
     813* |       0 |      14 |        0 |      0 |     0 |    +0.0% |   -0.954 |       -2.2 |   -42681.0 |  74604 | rbuf_mem\[0\]\[10000\]$_DFFE_PP_/D
     814* |       0 |      14 |        0 |      0 |     0 |    +0.0% |   -0.954 |       -2.2 |   -42681.0 |  74604 | rbuf_mem\[0\]\[10000\]$_DFFE_PP_/D
     815* |       0 |      14 |        0 |      0 |     0 |    +0.0% |   -0.954 |       -2.2 |   -42681.0 |  74604 | rbuf_mem\[0\]\[10000\]$_DFFE_PP_/D
     816* |       0 |      14 |        0 |      0 |     0 |    +0.0% |   -0.954 |       -2.2 |   -42681.0 |  74604 | rbuf_mem\[0\]\[10000\]$_DFFE_PP_/D
     817* |       0 |      14 |        0 |      0 |     0 |    +0.0% |   -0.954 |       -2.2 |   -42681.0 |  74604 | rbuf_mem\[0\]\[10000\]$_DFFE_PP_/D
     818* |       0 |      14 |        0 |      0 |     0 |    +0.0% |   -0.954 |       -2.2 |   -42681.0 |  74604 | rbuf_mem\[0\]\[10000\]$_DFFE_PP_/D
     819* |       0 |      14 |        0 |      0 |     0 |    +0.0% |   -0.954 |       -2.2 |   -42681.0 |  74604 | rbuf_mem\[0\]\[10000\]$_DFFE_PP_/D
     820* |       0 |      14 |        0 |      0 |     0 |    +0.0% |   -0.954 |       -2.2 |   -42681.0 |  74604 | rbuf_mem\[0\]\[10000\]$_DFFE_PP_/D
     820* |       0 |      14 |        0 |      0 |     0 |    +0.0% |   -0.954 |       -2.2 |   -42681.0 |  74604 | rbuf_mem\[0\]\[10000\]$_DFFE_PP_/D
     821* |       0 |      14 |        0 |      0 |     0 |    +0.0% |   -0.954 |       -2.2 |   -42681.0 |  74604 | rbuf_mem\[0\]\[10000\]$_DFFE_PP_/D
     822* |       0 |      14 |        0 |      0 |     0 |    +0.0% |   -0.954 |       -2.2 |   -42681.0 |  74604 | rbuf_mem\[0\]\[10000\]$_DFFE_PP_/D
     823* |       0 |      14 |        0 |      0 |     0 |    +0.0% |   -0.954 |       -2.2 |   -42681.0 |  74604 | rbuf_mem\[0\]\[10000\]$_DFFE_PP_/D
     824* |       0 |      14 |        0 |      0 |     0 |    +0.0% |   -0.954 |       -2.2 |   -42681.0 |  74604 | rbuf_mem\[0\]\[10000\]$_DFFE_PP_/D
     825* |       0 |      14 |        0 |      0 |     0 |    +0.0% |   -0.954 |       -2.2 |   -42681.0 |  74604 | rbuf_mem\[0\]\[10000\]$_DFFE_PP_/D
     826* |       0 |      14 |        0 |      0 |     0 |    +0.0% |   -0.954 |       -2.2 |   -42681.0 |  74604 | rbuf_mem\[0\]\[10000\]$_DFFE_PP_/D
     827* |       0 |      14 |        0 |      0 |     0 |    +0.0% |   -0.954 |       -2.2 |   -42681.0 |  74604 | rbuf_mem\[0\]\[10000\]$_DFFE_PP_/D
     828* |       0 |      14 |        0 |      0 |     0 |    +0.0% |   -0.954 |       -2.2 |   -42681.0 |  74604 | rbuf_mem\[0\]\[10000\]$_DFFE_PP_/D
     829* |       0 |      14 |        0 |      0 |     0 |    +0.0% |   -0.954 |       -2.2 |   -42681.0 |  74604 | rbuf_mem\[0\]\[10000\]$_DFFE_PP_/D
     830* |       0 |      14 |        0 |      0 |     0 |    +0.0% |   -0.954 |       -2.2 |   -42681.0 |  74604 | rbuf_mem\[0\]\[10000\]$_DFFE_PP_/D
     830* |       0 |      14 |        0 |      0 |     0 |    +0.0% |   -0.954 |       -2.2 |   -42681.0 |  74604 | rbuf_mem\[0\]\[10000\]$_DFFE_PP_/D
     831* |       0 |      14 |        0 |      0 |     0 |    +0.0% |   -0.954 |       -2.2 |   -42681.0 |  74604 | rbuf_mem\[0\]\[10000\]$_DFFE_PP_/D
     832* |       0 |      14 |        0 |      0 |     0 |    +0.0% |   -0.954 |       -2.2 |   -42681.0 |  74604 | rbuf_mem\[0\]\[10000\]$_DFFE_PP_/D
     833* |       0 |      14 |        0 |      0 |     0 |    +0.0% |   -0.954 |       -2.2 |   -42681.0 |  74604 | rbuf_mem\[0\]\[10000\]$_DFFE_PP_/D
     834* |       0 |      14 |        0 |      0 |     0 |    +0.0% |   -0.954 |       -2.2 |   -42681.0 |  74604 | rbuf_mem\[0\]\[10000\]$_DFFE_PP_/D
     835* |       0 |      14 |        0 |      0 |     0 |    +0.0% |   -0.954 |       -2.2 |   -42681.0 |  74604 | rbuf_mem\[0\]\[10000\]$_DFFE_PP_/D
     836* |       0 |      14 |        0 |      0 |     0 |    +0.0% |   -0.954 |       -2.2 |   -42681.0 |  74604 | rbuf_mem\[0\]\[10000\]$_DFFE_PP_/D
     837* |       0 |      14 |        0 |      0 |     0 |    +0.0% |   -0.954 |       -2.2 |   -42681.0 |  74604 | rbuf_mem\[0\]\[10000\]$_DFFE_PP_/D
     838* |       0 |      14 |        0 |      0 |     0 |    +0.0% |   -0.954 |       -2.2 |   -42681.0 |  74604 | rbuf_mem\[0\]\[10000\]$_DFFE_PP_/D
     839* |       0 |      14 |        0 |      0 |     0 |    +0.0% |   -0.954 |       -2.2 |   -42681.0 |  74604 | rbuf_mem\[0\]\[10000\]$_DFFE_PP_/D
     840* |       0 |      14 |        0 |      0 |     0 |    +0.0% |   -0.954 |       -2.2 |   -42681.0 |  74604 | rbuf_mem\[0\]\[10000\]$_DFFE_PP_/D
     840* |       0 |      14 |        0 |      0 |     0 |    +0.0% |   -0.954 |       -2.2 |   -42681.0 |  74604 | rbuf_mem\[0\]\[10000\]$_DFFE_PP_/D
     841* |       0 |      14 |        0 |      0 |     0 |    +0.0% |   -0.954 |       -2.2 |   -42681.0 |  74604 | rbuf_mem\[0\]\[10000\]$_DFFE_PP_/D
     842* |       0 |      14 |        0 |      0 |     0 |    +0.0% |   -0.954 |       -2.2 |   -42681.0 |  74604 | rbuf_mem\[0\]\[10000\]$_DFFE_PP_/D
     843* |       0 |      14 |        0 |      0 |     0 |    +0.0% |   -0.954 |       -2.2 |   -42681.0 |  74604 | rbuf_mem\[0\]\[10000\]$_DFFE_PP_/D
     844* |       0 |      14 |        0 |      0 |     0 |    +0.0% |   -0.954 |       -2.2 |   -42681.0 |  74604 | rbuf_mem\[0\]\[10000\]$_DFFE_PP_/D
     845* |       0 |      14 |        0 |      0 |     0 |    +0.0% |   -0.954 |       -2.2 |   -42681.0 |  74604 | rbuf_mem\[0\]\[10000\]$_DFFE_PP_/D
     846* |       0 |      14 |        0 |      0 |     0 |    +0.0% |   -0.954 |       -2.2 |   -42681.0 |  74604 | rbuf_mem\[0\]\[10000\]$_DFFE_PP_/D
     847* |       0 |      14 |        0 |      0 |     0 |    +0.0% |   -0.954 |       -2.2 |   -42681.0 |  74604 | rbuf_mem\[0\]\[10000\]$_DFFE_PP_/D
     848* |       0 |      14 |        0 |      0 |     0 |    +0.0% |   -0.954 |       -2.2 |   -42681.0 |  74604 | rbuf_mem\[0\]\[10000\]$_DFFE_PP_/D
     849* |       0 |      14 |        0 |      0 |     0 |    +0.0% |   -0.954 |       -2.2 |   -42681.0 |  74604 | rbuf_mem\[0\]\[10000\]$_DFFE_PP_/D
     850* |       0 |      14 |        0 |      0 |     0 |    +0.0% |   -0.954 |       -2.2 |   -42681.0 |  74604 | rbuf_mem\[0\]\[10000\]$_DFFE_PP_/D
     850* |       0 |      14 |        0 |      0 |     0 |    +0.0% |   -0.954 |       -2.2 |   -42681.0 |  74604 | rbuf_mem\[0\]\[10000\]$_DFFE_PP_/D
     851* |       0 |      14 |        0 |      0 |     0 |    +0.0% |   -0.954 |       -2.2 |   -42681.0 |  74604 | rbuf_mem\[0\]\[10000\]$_DFFE_PP_/D
     852* |       0 |      14 |        0 |      0 |     0 |    +0.0% |   -0.954 |       -2.2 |   -42681.0 |  74604 | rbuf_mem\[0\]\[10000\]$_DFFE_PP_/D
     853* |       0 |      14 |        0 |      0 |     0 |    +0.0% |   -0.954 |       -2.2 |   -42681.0 |  74604 | rbuf_mem\[0\]\[10000\]$_DFFE_PP_/D
     854* |       0 |      14 |        0 |      0 |     0 |    +0.0% |   -0.954 |       -2.2 |   -42681.0 |  74604 | rbuf_mem\[0\]\[10000\]$_DFFE_PP_/D
     855* |       0 |      14 |        0 |      0 |     0 |    +0.0% |   -0.954 |       -2.2 |   -42681.0 |  74604 | rbuf_mem\[0\]\[10000\]$_DFFE_PP_/D
     856* |       0 |      14 |        0 |      0 |     0 |    +0.0% |   -0.954 |       -2.2 |   -42681.0 |  74604 | rbuf_mem\[0\]\[10000\]$_DFFE_PP_/D
     857* |       0 |      14 |        0 |      0 |     0 |    +0.0% |   -0.954 |       -2.2 |   -42681.0 |  74604 | rbuf_mem\[0\]\[10000\]$_DFFE_PP_/D
     858* |       0 |      14 |        0 |      0 |     0 |    +0.0% |   -0.954 |       -2.2 |   -42681.0 |  74604 | rbuf_mem\[0\]\[10000\]$_DFFE_PP_/D
     859* |       0 |      14 |        0 |      0 |     0 |    +0.0% |   -0.954 |       -2.2 |   -42681.0 |  74604 | rbuf_mem\[0\]\[10000\]$_DFFE_PP_/D
     860* |       0 |      14 |        0 |      0 |     0 |    +0.0% |   -0.954 |       -2.2 |   -42681.0 |  74604 | rbuf_mem\[0\]\[10000\]$_DFFE_PP_/D
     860* |       0 |      14 |        0 |      0 |     0 |    +0.0% |   -0.954 |       -2.2 |   -42681.0 |  74604 | rbuf_mem\[0\]\[10000\]$_DFFE_PP_/D
     861* |       0 |      14 |        0 |      0 |     0 |    +0.0% |   -0.954 |       -2.2 |   -42681.0 |  74604 | rbuf_mem\[0\]\[10000\]$_DFFE_PP_/D
     862* |       0 |      14 |        0 |      0 |     0 |    +0.0% |   -0.954 |       -2.2 |   -42681.0 |  74604 | rbuf_mem\[0\]\[10000\]$_DFFE_PP_/D
     863* |       0 |      14 |        0 |      0 |     0 |    +0.0% |   -0.954 |       -2.2 |   -42681.0 |  74604 | rbuf_mem\[0\]\[10000\]$_DFFE_PP_/D
     864* |       0 |      14 |        0 |      0 |     0 |    +0.0% |   -0.954 |       -2.2 |   -42681.0 |  74604 | rbuf_mem\[0\]\[10000\]$_DFFE_PP_/D
     865* |       0 |      14 |        0 |      0 |     0 |    +0.0% |   -0.954 |       -2.2 |   -42681.0 |  74604 | rbuf_mem\[0\]\[10000\]$_DFFE_PP_/D
     866* |       0 |      14 |        0 |      0 |     0 |    +0.0% |   -0.954 |       -2.2 |   -42681.0 |  74604 | rbuf_mem\[0\]\[10000\]$_DFFE_PP_/D
     867* |       0 |      14 |        0 |      0 |     0 |    +0.0% |   -0.954 |       -2.2 |   -42681.0 |  74604 | rbuf_mem\[0\]\[10000\]$_DFFE_PP_/D
     868* |       0 |      14 |        0 |      0 |     0 |    +0.0% |   -0.954 |       -2.2 |   -42681.0 |  74604 | rbuf_mem\[0\]\[10000\]$_DFFE_PP_/D
     869* |       0 |      14 |        0 |      0 |     0 |    +0.0% |   -0.954 |       -2.2 |   -42681.0 |  74604 | rbuf_mem\[0\]\[10000\]$_DFFE_PP_/D
     870* |       0 |      14 |        0 |      0 |     0 |    +0.0% |   -0.954 |       -2.2 |   -42681.0 |  74604 | rbuf_mem\[0\]\[10000\]$_DFFE_PP_/D
     870* |       0 |      14 |        0 |      0 |     0 |    +0.0% |   -0.954 |       -2.2 |   -42681.0 |  74604 | rbuf_mem\[0\]\[10000\]$_DFFE_PP_/D
     871* |       0 |      14 |        0 |      0 |     0 |    +0.0% |   -0.954 |       -2.2 |   -42681.0 |  74604 | rbuf_mem\[0\]\[10000\]$_DFFE_PP_/D
     872* |       0 |      14 |        0 |      0 |     0 |    +0.0% |   -0.954 |       -2.2 |   -42681.0 |  74604 | rbuf_mem\[0\]\[10000\]$_DFFE_PP_/D
     873* |       0 |      14 |        0 |      0 |     0 |    +0.0% |   -0.954 |       -2.2 |   -42681.0 |  74604 | rbuf_mem\[0\]\[10000\]$_DFFE_PP_/D
     874* |       0 |      14 |        0 |      0 |     0 |    +0.0% |   -0.954 |       -2.2 |   -42681.0 |  74604 | rbuf_mem\[0\]\[10000\]$_DFFE_PP_/D
     875* |       0 |      14 |        0 |      0 |     0 |    +0.0% |   -0.954 |       -2.2 |   -42681.0 |  74604 | rbuf_mem\[0\]\[10000\]$_DFFE_PP_/D
     876* |       0 |      14 |        0 |      0 |     0 |    +0.0% |   -0.954 |       -2.2 |   -42681.0 |  74604 | rbuf_mem\[0\]\[10000\]$_DFFE_PP_/D
     877* |       0 |      14 |        0 |      0 |     0 |    +0.0% |   -0.954 |       -2.2 |   -42681.0 |  74604 | rbuf_mem\[0\]\[10000\]$_DFFE_PP_/D
     878* |       0 |      14 |        0 |      0 |     0 |    +0.0% |   -0.954 |       -2.2 |   -42681.0 |  74604 | rbuf_mem\[0\]\[10000\]$_DFFE_PP_/D
     879* |       0 |      14 |        0 |      0 |     0 |    +0.0% |   -0.954 |       -2.2 |   -42681.0 |  74604 | rbuf_mem\[0\]\[10000\]$_DFFE_PP_/D
     880* |       0 |      14 |        0 |      0 |     0 |    +0.0% |   -0.954 |       -2.2 |   -42681.0 |  74604 | rbuf_mem\[0\]\[10000\]$_DFFE_PP_/D
     880* |       0 |      14 |        0 |      0 |     0 |    +0.0% |   -0.954 |       -2.2 |   -42681.0 |  74604 | rbuf_mem\[0\]\[10000\]$_DFFE_PP_/D
     881* |       0 |      14 |        0 |      0 |     0 |    +0.0% |   -0.954 |       -2.2 |   -42681.0 |  74604 | rbuf_mem\[0\]\[10000\]$_DFFE_PP_/D
     882* |       0 |      14 |        0 |      0 |     0 |    +0.0% |   -0.954 |       -2.2 |   -42681.0 |  74604 | rbuf_mem\[0\]\[10000\]$_DFFE_PP_/D
     883* |       0 |      14 |        0 |      0 |     0 |    +0.0% |   -0.954 |       -2.2 |   -42681.0 |  74604 | rbuf_mem\[0\]\[10000\]$_DFFE_PP_/D
     884* |       0 |      14 |        0 |      0 |     0 |    +0.0% |   -0.954 |       -2.2 |   -42681.0 |  74604 | rbuf_mem\[0\]\[10000\]$_DFFE_PP_/D
     885* |       0 |      14 |        0 |      0 |     0 |    +0.0% |   -0.954 |       -2.2 |   -42681.0 |  74604 | rbuf_mem\[0\]\[10000\]$_DFFE_PP_/D
     886* |       0 |      14 |        0 |      0 |     0 |    +0.0% |   -0.954 |       -2.2 |   -42681.0 |  74604 | rbuf_mem\[0\]\[10000\]$_DFFE_PP_/D
     887* |       0 |      14 |        0 |      0 |     0 |    +0.0% |   -0.954 |       -2.2 |   -42681.0 |  74604 | rbuf_mem\[0\]\[10000\]$_DFFE_PP_/D
     888* |       0 |      14 |        0 |      0 |     0 |    +0.0% |   -0.954 |       -2.2 |   -42681.0 |  74604 | rbuf_mem\[0\]\[10000\]$_DFFE_PP_/D
     889* |       0 |      14 |        0 |      0 |     0 |    +0.0% |   -0.954 |       -2.2 |   -42681.0 |  74604 | rbuf_mem\[0\]\[10000\]$_DFFE_PP_/D
     890* |       0 |      14 |        0 |      0 |     0 |    +0.0% |   -0.954 |       -2.2 |   -42681.0 |  74604 | rbuf_mem\[0\]\[10000\]$_DFFE_PP_/D
     890* |       0 |      14 |        0 |      0 |     0 |    +0.0% |   -0.954 |       -2.2 |   -42681.0 |  74604 | rbuf_mem\[0\]\[10000\]$_DFFE_PP_/D
     891* |       0 |      14 |        0 |      0 |     0 |    +0.0% |   -0.954 |       -2.2 |   -42681.0 |  74604 | rbuf_mem\[0\]\[10000\]$_DFFE_PP_/D
     892* |       0 |      14 |        0 |      0 |     0 |    +0.0% |   -0.954 |       -2.2 |   -42681.0 |  74604 | rbuf_mem\[0\]\[10000\]$_DFFE_PP_/D
     893* |       0 |      14 |        0 |      0 |     0 |    +0.0% |   -0.954 |       -2.2 |   -42681.0 |  74604 | rbuf_mem\[0\]\[10000\]$_DFFE_PP_/D
     894* |       0 |      14 |        0 |      0 |     0 |    +0.0% |   -0.954 |       -2.2 |   -42681.0 |  74604 | rbuf_mem\[0\]\[10000\]$_DFFE_PP_/D
     895* |       0 |      14 |        0 |      0 |     0 |    +0.0% |   -0.954 |       -2.2 |   -42681.0 |  74604 | rbuf_mem\[0\]\[10000\]$_DFFE_PP_/D
     896* |       0 |      14 |        0 |      0 |     0 |    +0.0% |   -0.954 |       -2.2 |   -42681.0 |  74604 | rbuf_mem\[0\]\[10000\]$_DFFE_PP_/D
     897* |       0 |      14 |        0 |      0 |     0 |    +0.0% |   -0.954 |       -2.2 |   -42681.0 |  74604 | rbuf_mem\[0\]\[10000\]$_DFFE_PP_/D
     898* |       0 |      14 |        0 |      0 |     0 |    +0.0% |   -0.954 |       -2.2 |   -42681.0 |  74604 | rbuf_mem\[0\]\[10000\]$_DFFE_PP_/D
     899* |       0 |      14 |        0 |      0 |     0 |    +0.0% |   -0.954 |       -2.2 |   -42681.0 |  74604 | rbuf_mem\[0\]\[10000\]$_DFFE_PP_/D
     900* |       0 |      14 |        0 |      0 |     0 |    +0.0% |   -0.954 |       -2.2 |   -42681.0 |  74604 | rbuf_mem\[0\]\[10000\]$_DFFE_PP_/D
     900* |       0 |      14 |        0 |      0 |     0 |    +0.0% |   -0.954 |       -2.2 |   -42681.0 |  74604 | rbuf_mem\[0\]\[10000\]$_DFFE_PP_/D
     901* |       0 |      14 |        0 |      0 |     0 |    +0.0% |   -0.954 |       -2.2 |   -42681.0 |  74604 | rbuf_mem\[0\]\[10000\]$_DFFE_PP_/D
     902* |       0 |      14 |        0 |      0 |     0 |    +0.0% |   -0.954 |       -2.2 |   -42681.0 |  74604 | rbuf_mem\[0\]\[10000\]$_DFFE_PP_/D
     903* |       0 |      14 |        0 |      0 |     0 |    +0.0% |   -0.954 |       -2.2 |   -42681.0 |  74604 | rbuf_mem\[0\]\[10000\]$_DFFE_PP_/D
     904* |       0 |      14 |        0 |      0 |     0 |    +0.0% |   -0.954 |       -2.2 |   -42681.0 |  74604 | rbuf_mem\[0\]\[10000\]$_DFFE_PP_/D
     905* |       0 |      14 |        0 |      0 |     0 |    +0.0% |   -0.954 |       -2.2 |   -42681.0 |  74604 | rbuf_mem\[0\]\[10000\]$_DFFE_PP_/D
     906* |       0 |      14 |        0 |      0 |     0 |    +0.0% |   -0.954 |       -2.2 |   -42681.0 |  74604 | rbuf_mem\[0\]\[10000\]$_DFFE_PP_/D
     907* |       0 |      14 |        0 |      0 |     0 |    +0.0% |   -0.954 |       -2.2 |   -42681.0 |  74604 | rbuf_mem\[0\]\[10000\]$_DFFE_PP_/D
     908* |       0 |      14 |        0 |      0 |     0 |    +0.0% |   -0.954 |       -2.2 |   -42681.0 |  74604 | rbuf_mem\[0\]\[10000\]$_DFFE_PP_/D
     909* |       0 |      14 |        0 |      0 |     0 |    +0.0% |   -0.954 |       -2.2 |   -42681.0 |  74604 | rbuf_mem\[0\]\[10000\]$_DFFE_PP_/D
     910* |       0 |      14 |        0 |      0 |     0 |    +0.0% |   -0.954 |       -2.2 |   -42681.0 |  74604 | rbuf_mem\[0\]\[10000\]$_DFFE_PP_/D
     910* |       0 |      14 |        0 |      0 |     0 |    +0.0% |   -0.954 |       -2.2 |   -42681.0 |  74604 | rbuf_mem\[0\]\[10000\]$_DFFE_PP_/D
     911* |       0 |      14 |        0 |      0 |     0 |    +0.0% |   -0.954 |       -2.2 |   -42681.0 |  74604 | rbuf_mem\[0\]\[10000\]$_DFFE_PP_/D
     912* |       0 |      14 |        0 |      0 |     0 |    +0.0% |   -0.954 |       -2.2 |   -42681.0 |  74604 | rbuf_mem\[0\]\[10000\]$_DFFE_PP_/D
     913* |       0 |      14 |        0 |      0 |     0 |    +0.0% |   -0.954 |       -2.2 |   -42681.0 |  74604 | rbuf_mem\[0\]\[10000\]$_DFFE_PP_/D
     914* |       0 |      14 |        0 |      0 |     0 |    +0.0% |   -0.954 |       -2.2 |   -42681.0 |  74604 | rbuf_mem\[0\]\[10000\]$_DFFE_PP_/D
     915* |       0 |      14 |        0 |      0 |     0 |    +0.0% |   -0.954 |       -2.2 |   -42681.0 |  74604 | rbuf_mem\[0\]\[10000\]$_DFFE_PP_/D
     916* |       0 |      14 |        0 |      0 |     0 |    +0.0% |   -0.954 |       -2.2 |   -42681.0 |  74604 | rbuf_mem\[0\]\[10000\]$_DFFE_PP_/D
     917* |       0 |      14 |        0 |      0 |     0 |    +0.0% |   -0.954 |       -2.2 |   -42681.0 |  74604 | rbuf_mem\[0\]\[10000\]$_DFFE_PP_/D
     918* |       0 |      14 |        0 |      0 |     0 |    +0.0% |   -0.954 |       -2.2 |   -42681.0 |  74604 | rbuf_mem\[0\]\[10000\]$_DFFE_PP_/D
     919* |       0 |      14 |        0 |      0 |     0 |    +0.0% |   -0.954 |       -2.2 |   -42681.0 |  74604 | rbuf_mem\[0\]\[10000\]$_DFFE_PP_/D
     920* |       0 |      14 |        0 |      0 |     0 |    +0.0% |   -0.954 |       -2.2 |   -42681.0 |  74604 | rbuf_mem\[0\]\[10000\]$_DFFE_PP_/D
     920* |       0 |      14 |        0 |      0 |     0 |    +0.0% |   -0.954 |       -2.2 |   -42681.0 |  74604 | rbuf_mem\[0\]\[10000\]$_DFFE_PP_/D
     921* |       0 |      14 |        0 |      0 |     0 |    +0.0% |   -0.954 |       -2.2 |   -42681.0 |  74604 | rbuf_mem\[0\]\[10000\]$_DFFE_PP_/D
     922* |       0 |      14 |        0 |      0 |     0 |    +0.0% |   -0.954 |       -2.2 |   -42681.0 |  74604 | rbuf_mem\[0\]\[10000\]$_DFFE_PP_/D
     923* |       0 |      14 |        0 |      0 |     0 |    +0.0% |   -0.954 |       -2.2 |   -42681.0 |  74604 | rbuf_mem\[0\]\[10000\]$_DFFE_PP_/D
     924* |       0 |      14 |        0 |      0 |     0 |    +0.0% |   -0.954 |       -2.2 |   -42681.0 |  74604 | rbuf_mem\[0\]\[10000\]$_DFFE_PP_/D
     925* |       0 |      14 |        0 |      0 |     0 |    +0.0% |   -0.954 |       -2.2 |   -42681.0 |  74604 | rbuf_mem\[0\]\[10000\]$_DFFE_PP_/D
     926* |       0 |      14 |        0 |      0 |     0 |    +0.0% |   -0.954 |       -2.2 |   -42681.0 |  74604 | rbuf_mem\[0\]\[10000\]$_DFFE_PP_/D
     927* |       0 |      14 |        0 |      0 |     0 |    +0.0% |   -0.954 |       -2.2 |   -42681.0 |  74604 | rbuf_mem\[0\]\[10000\]$_DFFE_PP_/D
     928* |       0 |      14 |        0 |      0 |     0 |    +0.0% |   -0.954 |       -2.2 |   -42681.0 |  74604 | rbuf_mem\[0\]\[10000\]$_DFFE_PP_/D
     929* |       0 |      14 |        0 |      0 |     0 |    +0.0% |   -0.954 |       -2.2 |   -42681.0 |  74604 | rbuf_mem\[0\]\[10000\]$_DFFE_PP_/D
     930* |       0 |      14 |        0 |      0 |     0 |    +0.0% |   -0.954 |       -2.2 |   -42681.0 |  74604 | rbuf_mem\[0\]\[10000\]$_DFFE_PP_/D
     930* |       0 |      14 |        0 |      0 |     0 |    +0.0% |   -0.954 |       -2.2 |   -42681.0 |  74604 | rbuf_mem\[0\]\[10000\]$_DFFE_PP_/D
     931* |       0 |      14 |        0 |      0 |     0 |    +0.0% |   -0.954 |       -2.2 |   -42681.0 |  74604 | rbuf_mem\[0\]\[10000\]$_DFFE_PP_/D
     932* |       0 |      14 |        0 |      0 |     0 |    +0.0% |   -0.954 |       -2.2 |   -42681.0 |  74604 | rbuf_mem\[0\]\[10000\]$_DFFE_PP_/D
     933* |       0 |      14 |        0 |      0 |     0 |    +0.0% |   -0.954 |       -2.2 |   -42681.0 |  74604 | rbuf_mem\[0\]\[10000\]$_DFFE_PP_/D
     934* |       0 |      14 |        0 |      0 |     0 |    +0.0% |   -0.954 |       -2.2 |   -42681.0 |  74604 | rbuf_mem\[0\]\[10000\]$_DFFE_PP_/D
     935* |       0 |      14 |        0 |      0 |     0 |    +0.0% |   -0.954 |       -2.2 |   -42681.0 |  74604 | rbuf_mem\[0\]\[10000\]$_DFFE_PP_/D
     936* |       0 |      14 |        0 |      0 |     0 |    +0.0% |   -0.954 |       -2.2 |   -42681.0 |  74604 | rbuf_mem\[0\]\[10000\]$_DFFE_PP_/D
     937* |       0 |      14 |        0 |      0 |     0 |    +0.0% |   -0.954 |       -2.2 |   -42681.0 |  74604 | rbuf_mem\[0\]\[10000\]$_DFFE_PP_/D
     938* |       0 |      14 |        0 |      0 |     0 |    +0.0% |   -0.954 |       -2.2 |   -42681.0 |  74604 | rbuf_mem\[0\]\[10000\]$_DFFE_PP_/D
     939* |       0 |      14 |        0 |      0 |     0 |    +0.0% |   -0.954 |       -2.2 |   -42681.0 |  74604 | rbuf_mem\[0\]\[10000\]$_DFFE_PP_/D
     940* |       0 |      14 |        0 |      0 |     0 |    +0.0% |   -0.954 |       -2.2 |   -42681.0 |  74604 | rbuf_mem\[0\]\[10000\]$_DFFE_PP_/D
     940* |       0 |      14 |        0 |      0 |     0 |    +0.0% |   -0.954 |       -2.2 |   -42681.0 |  74604 | rbuf_mem\[0\]\[10000\]$_DFFE_PP_/D
     941* |       0 |      14 |        0 |      0 |     0 |    +0.0% |   -0.954 |       -2.2 |   -42681.0 |  74604 | rbuf_mem\[0\]\[10000\]$_DFFE_PP_/D
     942* |       0 |      14 |        0 |      0 |     0 |    +0.0% |   -0.954 |       -2.2 |   -42681.0 |  74604 | rbuf_mem\[0\]\[10000\]$_DFFE_PP_/D
     943* |       0 |      14 |        0 |      0 |     0 |    +0.0% |   -0.954 |       -2.2 |   -42681.0 |  74604 | rbuf_mem\[0\]\[10000\]$_DFFE_PP_/D
     944* |       0 |      14 |        0 |      0 |     0 |    +0.0% |   -0.954 |       -2.2 |   -42681.0 |  74604 | rbuf_mem\[0\]\[10000\]$_DFFE_PP_/D
     945* |       0 |      14 |        0 |      0 |     0 |    +0.0% |   -0.954 |       -2.2 |   -42681.0 |  74604 | rbuf_mem\[0\]\[10000\]$_DFFE_PP_/D
     946* |       0 |      14 |        0 |      0 |     0 |    +0.0% |   -0.954 |       -2.2 |   -42681.0 |  74604 | rbuf_mem\[0\]\[10000\]$_DFFE_PP_/D
     947* |       0 |      14 |        0 |      0 |     0 |    +0.0% |   -0.954 |       -2.2 |   -42681.0 |  74604 | rbuf_mem\[0\]\[10000\]$_DFFE_PP_/D
     948* |       0 |      14 |        0 |      0 |     0 |    +0.0% |   -0.954 |       -2.2 |   -42681.0 |  74604 | rbuf_mem\[0\]\[10000\]$_DFFE_PP_/D
     949* |       0 |      14 |        0 |      0 |     0 |    +0.0% |   -0.954 |       -2.2 |   -42681.0 |  74604 | rbuf_mem\[0\]\[10000\]$_DFFE_PP_/D
     950* |       0 |      14 |        0 |      0 |     0 |    +0.0% |   -0.954 |       -2.2 |   -42681.0 |  74604 | rbuf_mem\[0\]\[10000\]$_DFFE_PP_/D
     950* |       0 |      14 |        0 |      0 |     0 |    +0.0% |   -0.954 |       -2.2 |   -42681.0 |  74604 | rbuf_mem\[0\]\[10000\]$_DFFE_PP_/D
     951* |       0 |      14 |        0 |      0 |     0 |    +0.0% |   -0.954 |       -2.2 |   -42681.0 |  74604 | rbuf_mem\[0\]\[10000\]$_DFFE_PP_/D
     952* |       0 |      14 |        0 |      0 |     0 |    +0.0% |   -0.954 |       -2.2 |   -42681.0 |  74604 | rbuf_mem\[0\]\[10000\]$_DFFE_PP_/D
     953* |       0 |      14 |        0 |      0 |     0 |    +0.0% |   -0.954 |       -2.2 |   -42681.0 |  74604 | rbuf_mem\[0\]\[10000\]$_DFFE_PP_/D
     954* |       0 |      14 |        0 |      0 |     0 |    +0.0% |   -0.954 |       -2.2 |   -42681.0 |  74604 | rbuf_mem\[0\]\[10000\]$_DFFE_PP_/D
     955* |       0 |      14 |        0 |      0 |     0 |    +0.0% |   -0.954 |       -2.2 |   -42681.0 |  74604 | rbuf_mem\[0\]\[10000\]$_DFFE_PP_/D
     956* |       0 |      14 |        0 |      0 |     0 |    +0.0% |   -0.954 |       -2.2 |   -42681.0 |  74604 | rbuf_mem\[0\]\[10000\]$_DFFE_PP_/D
     957* |       0 |      14 |        0 |      0 |     0 |    +0.0% |   -0.954 |       -2.2 |   -42681.0 |  74604 | rbuf_mem\[0\]\[10000\]$_DFFE_PP_/D
     958* |       0 |      14 |        0 |      0 |     0 |    +0.0% |   -0.954 |       -2.2 |   -42681.0 |  74604 | rbuf_mem\[0\]\[10000\]$_DFFE_PP_/D
     959* |       0 |      14 |        0 |      0 |     0 |    +0.0% |   -0.954 |       -2.2 |   -42681.0 |  74604 | rbuf_mem\[0\]\[10000\]$_DFFE_PP_/D
     960* |       0 |      14 |        0 |      0 |     0 |    +0.0% |   -0.954 |       -2.2 |   -42681.0 |  74604 | rbuf_mem\[0\]\[10000\]$_DFFE_PP_/D
     960* |       0 |      14 |        0 |      0 |     0 |    +0.0% |   -0.954 |       -2.2 |   -42681.0 |  74604 | rbuf_mem\[0\]\[10000\]$_DFFE_PP_/D
     961* |       0 |      14 |        0 |      0 |     0 |    +0.0% |   -0.954 |       -2.2 |   -42681.0 |  74604 | rbuf_mem\[0\]\[10000\]$_DFFE_PP_/D
     962* |       0 |      14 |        0 |      0 |     0 |    +0.0% |   -0.954 |       -2.2 |   -42681.0 |  74604 | rbuf_mem\[0\]\[10000\]$_DFFE_PP_/D
     963* |       0 |      14 |        0 |      0 |     0 |    +0.0% |   -0.954 |       -2.2 |   -42681.0 |  74604 | rbuf_mem\[0\]\[10000\]$_DFFE_PP_/D
     964* |       0 |      14 |        0 |      0 |     0 |    +0.0% |   -0.954 |       -2.2 |   -42681.0 |  74604 | rbuf_mem\[0\]\[10000\]$_DFFE_PP_/D
     965* |       0 |      14 |        0 |      0 |     0 |    +0.0% |   -0.954 |       -2.2 |   -42681.0 |  74604 | rbuf_mem\[0\]\[10000\]$_DFFE_PP_/D
     966* |       0 |      14 |        0 |      0 |     0 |    +0.0% |   -0.954 |       -2.2 |   -42681.0 |  74604 | rbuf_mem\[0\]\[10000\]$_DFFE_PP_/D
     967* |       0 |      14 |        0 |      0 |     0 |    +0.0% |   -0.954 |       -2.2 |   -42681.0 |  74604 | rbuf_mem\[0\]\[10000\]$_DFFE_PP_/D
     968* |       0 |      14 |        0 |      0 |     0 |    +0.0% |   -0.954 |       -2.2 |   -42681.0 |  74604 | rbuf_mem\[0\]\[10000\]$_DFFE_PP_/D
     969* |       0 |      14 |        0 |      0 |     0 |    +0.0% |   -0.954 |       -2.2 |   -42681.0 |  74604 | rbuf_mem\[0\]\[10000\]$_DFFE_PP_/D
     970* |       0 |      14 |        0 |      0 |     0 |    +0.0% |   -0.954 |       -2.2 |   -42681.0 |  74604 | rbuf_mem\[0\]\[10000\]$_DFFE_PP_/D
     970* |       0 |      14 |        0 |      0 |     0 |    +0.0% |   -0.954 |       -2.2 |   -42681.0 |  74604 | rbuf_mem\[0\]\[10000\]$_DFFE_PP_/D
     971* |       0 |      14 |        0 |      0 |     0 |    +0.0% |   -0.954 |       -2.2 |   -42681.0 |  74604 | rbuf_mem\[0\]\[10000\]$_DFFE_PP_/D
     972* |       0 |      14 |        0 |      0 |     0 |    +0.0% |   -0.954 |       -2.2 |   -42681.0 |  74604 | rbuf_mem\[0\]\[10000\]$_DFFE_PP_/D
     973* |       0 |      14 |        0 |      0 |     0 |    +0.0% |   -0.954 |       -2.2 |   -42681.0 |  74604 | rbuf_mem\[0\]\[10000\]$_DFFE_PP_/D
     974* |       0 |      14 |        0 |      0 |     0 |    +0.0% |   -0.954 |       -2.2 |   -42681.0 |  74604 | rbuf_mem\[0\]\[10000\]$_DFFE_PP_/D
     975* |       0 |      14 |        0 |      0 |     0 |    +0.0% |   -0.954 |       -2.2 |   -42681.0 |  74604 | rbuf_mem\[0\]\[10000\]$_DFFE_PP_/D
     976* |       0 |      14 |        0 |      0 |     0 |    +0.0% |   -0.954 |       -2.2 |   -42681.0 |  74604 | rbuf_mem\[0\]\[10000\]$_DFFE_PP_/D
     977* |       0 |      14 |        0 |      0 |     0 |    +0.0% |   -0.954 |       -2.2 |   -42681.0 |  74604 | rbuf_mem\[0\]\[10000\]$_DFFE_PP_/D
     978* |       0 |      14 |        0 |      0 |     0 |    +0.0% |   -0.954 |       -2.2 |   -42681.0 |  74604 | rbuf_mem\[0\]\[10000\]$_DFFE_PP_/D
     979* |       0 |      14 |        0 |      0 |     0 |    +0.0% |   -0.954 |       -2.2 |   -42681.0 |  74604 | rbuf_mem\[0\]\[10000\]$_DFFE_PP_/D
     980* |       0 |      14 |        0 |      0 |     0 |    +0.0% |   -0.954 |       -2.2 |   -42681.0 |  74604 | rbuf_mem\[0\]\[10000\]$_DFFE_PP_/D
     980* |       0 |      14 |        0 |      0 |     0 |    +0.0% |   -0.954 |       -2.2 |   -42681.0 |  74604 | rbuf_mem\[0\]\[10000\]$_DFFE_PP_/D
     981* |       0 |      14 |        0 |      0 |     0 |    +0.0% |   -0.954 |       -2.2 |   -42681.0 |  74604 | rbuf_mem\[0\]\[10000\]$_DFFE_PP_/D
     982* |       0 |      14 |        0 |      0 |     0 |    +0.0% |   -0.954 |       -2.2 |   -42681.0 |  74604 | rbuf_mem\[0\]\[10000\]$_DFFE_PP_/D
     983* |       0 |      14 |        0 |      0 |     0 |    +0.0% |   -0.954 |       -2.2 |   -42681.0 |  74604 | rbuf_mem\[0\]\[10000\]$_DFFE_PP_/D
     984* |       0 |      14 |        0 |      0 |     0 |    +0.0% |   -0.954 |       -2.2 |   -42681.0 |  74604 | rbuf_mem\[0\]\[10000\]$_DFFE_PP_/D
     985* |       0 |      14 |        0 |      0 |     0 |    +0.0% |   -0.954 |       -2.2 |   -42681.0 |  74604 | rbuf_mem\[0\]\[10000\]$_DFFE_PP_/D
     986* |       0 |      14 |        0 |      0 |     0 |    +0.0% |   -0.954 |       -2.2 |   -42681.0 |  74604 | rbuf_mem\[0\]\[10000\]$_DFFE_PP_/D
     987* |       0 |      14 |        0 |      0 |     0 |    +0.0% |   -0.954 |       -2.2 |   -42681.0 |  74604 | rbuf_mem\[0\]\[10000\]$_DFFE_PP_/D
     988* |       0 |      14 |        0 |      0 |     0 |    +0.0% |   -0.954 |       -2.2 |   -42681.0 |  74604 | rbuf_mem\[0\]\[10000\]$_DFFE_PP_/D
     989* |       0 |      14 |        0 |      0 |     0 |    +0.0% |   -0.954 |       -2.2 |   -42681.0 |  74604 | rbuf_mem\[0\]\[10000\]$_DFFE_PP_/D
     990* |       0 |      14 |        0 |      0 |     0 |    +0.0% |   -0.954 |       -2.2 |   -42681.0 |  74604 | rbuf_mem\[0\]\[10000\]$_DFFE_PP_/D
     990* |       0 |      14 |        0 |      0 |     0 |    +0.0% |   -0.954 |       -2.2 |   -42681.0 |  74604 | rbuf_mem\[0\]\[10000\]$_DFFE_PP_/D
     991* |       0 |      14 |        0 |      0 |     0 |    +0.0% |   -0.954 |       -2.2 |   -42681.0 |  74604 | rbuf_mem\[0\]\[10000\]$_DFFE_PP_/D
     992* |       0 |      14 |        0 |      0 |     0 |    +0.0% |   -0.954 |       -2.2 |   -42681.0 |  74604 | rbuf_mem\[0\]\[10000\]$_DFFE_PP_/D
     993* |       0 |      14 |        0 |      0 |     0 |    +0.0% |   -0.954 |       -2.2 |   -42681.0 |  74604 | rbuf_mem\[0\]\[10000\]$_DFFE_PP_/D
     994* |       0 |      14 |        0 |      0 |     0 |    +0.0% |   -0.954 |       -2.2 |   -42681.0 |  74604 | rbuf_mem\[0\]\[10000\]$_DFFE_PP_/D
     995* |       0 |      14 |        0 |      0 |     0 |    +0.0% |   -0.954 |       -2.2 |   -42681.0 |  74604 | rbuf_mem\[0\]\[10000\]$_DFFE_PP_/D
     996* |       0 |      14 |        0 |      0 |     0 |    +0.0% |   -0.954 |       -2.2 |   -42681.0 |  74604 | rbuf_mem\[0\]\[10000\]$_DFFE_PP_/D
     997* |       0 |      14 |        0 |      0 |     0 |    +0.0% |   -0.954 |       -2.2 |   -42681.0 |  74604 | rbuf_mem\[0\]\[10000\]$_DFFE_PP_/D
     998* |       0 |      14 |        0 |      0 |     0 |    +0.0% |   -0.954 |       -2.2 |   -42681.0 |  74604 | rbuf_mem\[0\]\[10000\]$_DFFE_PP_/D
     999* |       0 |      14 |        0 |      0 |     0 |    +0.0% |   -0.954 |       -2.2 |   -42681.0 |  74604 | rbuf_mem\[0\]\[10000\]$_DFFE_PP_/D
    1000* |       0 |      14 |        0 |      0 |     0 |    +0.0% |   -0.954 |       -2.2 |   -42681.0 |  74604 | rbuf_mem\[0\]\[10000\]$_DFFE_PP_/D
    1000* |       0 |      14 |        0 |      0 |     0 |    +0.0% |   -0.954 |       -2.2 |   -42681.0 |  74604 | rbuf_mem\[0\]\[10000\]$_DFFE_PP_/D
    1001* |       0 |      14 |        0 |      0 |     0 |    +0.0% |   -0.954 |       -2.2 |   -42681.0 |  74604 | rbuf_mem\[0\]\[10000\]$_DFFE_PP_/D
    1002* |       0 |      14 |        0 |      0 |     0 |    +0.0% |   -0.954 |       -2.2 |   -42681.0 |  74604 | rbuf_mem\[0\]\[10000\]$_DFFE_PP_/D
    1003* |       0 |      14 |        0 |      0 |     0 |    +0.0% |   -0.954 |       -2.2 |   -42681.0 |  74604 | rbuf_mem\[0\]\[10000\]$_DFFE_PP_/D
    1004* |       0 |      14 |        0 |      0 |     0 |    +0.0% |   -0.954 |       -2.2 |   -42681.0 |  74604 | rbuf_mem\[0\]\[10000\]$_DFFE_PP_/D
    1005* |       0 |      14 |        0 |      0 |     0 |    +0.0% |   -0.954 |       -2.2 |   -42681.0 |  74604 | rbuf_mem\[0\]\[10000\]$_DFFE_PP_/D
    1006* |       0 |      14 |        0 |      0 |     0 |    +0.0% |   -0.954 |       -2.2 |   -42681.0 |  74604 | rbuf_mem\[0\]\[10000\]$_DFFE_PP_/D
    1007* |       0 |      14 |        0 |      0 |     0 |    +0.0% |   -0.954 |       -2.2 |   -42681.0 |  74604 | rbuf_mem\[0\]\[10000\]$_DFFE_PP_/D
    1008* |       0 |      14 |        0 |      0 |     0 |    +0.0% |   -0.954 |       -2.2 |   -42681.0 |  74604 | rbuf_mem\[0\]\[10000\]$_DFFE_PP_/D
    1009* |       0 |      14 |        0 |      0 |     0 |    +0.0% |   -0.954 |       -2.2 |   -42681.0 |  74604 | rbuf_mem\[0\]\[10000\]$_DFFE_PP_/D
    1010* |       0 |      14 |        0 |      0 |     0 |    +0.0% |   -0.954 |       -2.2 |   -42681.0 |  74604 | rbuf_mem\[0\]\[10000\]$_DFFE_PP_/D
    1010* |       0 |      14 |        0 |      0 |     0 |    +0.0% |   -0.954 |       -2.2 |   -42681.0 |  74604 | rbuf_mem\[0\]\[10000\]$_DFFE_PP_/D
    1011* |       0 |      14 |        0 |      0 |     0 |    +0.0% |   -0.954 |       -2.2 |   -42681.0 |  74604 | rbuf_mem\[0\]\[10000\]$_DFFE_PP_/D
    1012* |       0 |      14 |        0 |      0 |     0 |    +0.0% |   -0.954 |       -2.2 |   -42681.0 |  74604 | rbuf_mem\[0\]\[10000\]$_DFFE_PP_/D
    1013* |       0 |      14 |        0 |      0 |     0 |    +0.0% |   -0.954 |       -2.2 |   -42681.0 |  74604 | rbuf_mem\[0\]\[10000\]$_DFFE_PP_/D
    1014* |       0 |      14 |        0 |      0 |     0 |    +0.0% |   -0.954 |       -2.2 |   -42681.0 |  74604 | rbuf_mem\[0\]\[10000\]$_DFFE_PP_/D
    1015* |       0 |      14 |        0 |      0 |     0 |    +0.0% |   -0.954 |       -2.2 |   -42681.0 |  74604 | rbuf_mem\[0\]\[10000\]$_DFFE_PP_/D
    1016* |       0 |      14 |        0 |      0 |     0 |    +0.0% |   -0.954 |       -2.2 |   -42681.0 |  74604 | rbuf_mem\[0\]\[10000\]$_DFFE_PP_/D
    1017* |       0 |      14 |        0 |      0 |     0 |    +0.0% |   -0.954 |       -2.2 |   -42681.0 |  74604 | rbuf_mem\[0\]\[10000\]$_DFFE_PP_/D
    1018* |       0 |      14 |        0 |      0 |     0 |    +0.0% |   -0.954 |       -2.2 |   -42681.0 |  74604 | rbuf_mem\[0\]\[10000\]$_DFFE_PP_/D
    1019* |       0 |      14 |        0 |      0 |     0 |    +0.0% |   -0.954 |       -2.2 |   -42681.0 |  74604 | rbuf_mem\[0\]\[10000\]$_DFFE_PP_/D
    1020* |       0 |      14 |        0 |      0 |     0 |    +0.0% |   -0.954 |       -2.2 |   -42681.0 |  74604 | rbuf_mem\[0\]\[10000\]$_DFFE_PP_/D
    1020* |       0 |      14 |        0 |      0 |     0 |    +0.0% |   -0.954 |       -2.2 |   -42681.0 |  74604 | rbuf_mem\[0\]\[10000\]$_DFFE_PP_/D
    1021* |       0 |      14 |        0 |      0 |     0 |    +0.0% |   -0.954 |       -2.2 |   -42681.0 |  74604 | rbuf_mem\[0\]\[10000\]$_DFFE_PP_/D
    1022* |       0 |      14 |        0 |      0 |     0 |    +0.0% |   -0.954 |       -2.2 |   -42681.0 |  74604 | rbuf_mem\[0\]\[10000\]$_DFFE_PP_/D
    1023* |       0 |      14 |        0 |      0 |     0 |    +0.0% |   -0.954 |       -2.2 |   -42681.0 |  74604 | rbuf_mem\[0\]\[10000\]$_DFFE_PP_/D
    1024* |       0 |      14 |        0 |      0 |     0 |    +0.0% |   -0.954 |       -2.2 |   -42681.0 |  74604 | rbuf_mem\[0\]\[10000\]$_DFFE_PP_/D
    1025* |       0 |      14 |        0 |      0 |     0 |    +0.0% |   -0.954 |       -2.2 |   -42681.0 |  74604 | rbuf_mem\[0\]\[10000\]$_DFFE_PP_/D
    1026* |       0 |      14 |        0 |      0 |     0 |    +0.0% |   -0.954 |       -2.2 |   -42681.0 |  74604 | rbuf_mem\[0\]\[10000\]$_DFFE_PP_/D
    1027* |       0 |      14 |        0 |      0 |     0 |    +0.0% |   -0.954 |       -2.2 |   -42681.0 |  74604 | rbuf_mem\[0\]\[10000\]$_DFFE_PP_/D
    1028* |       0 |      14 |        0 |      0 |     0 |    +0.0% |   -0.954 |       -2.2 |   -42681.0 |  74604 | rbuf_mem\[0\]\[10000\]$_DFFE_PP_/D
    1029* |       0 |      14 |        0 |      0 |     0 |    +0.0% |   -0.954 |       -2.2 |   -42681.0 |  74604 | rbuf_mem\[0\]\[10000\]$_DFFE_PP_/D
    1030* |       0 |      14 |        0 |      0 |     0 |    +0.0% |   -0.954 |       -2.2 |   -42681.0 |  74604 | rbuf_mem\[0\]\[10000\]$_DFFE_PP_/D
    1030* |       0 |      14 |        0 |      0 |     0 |    +0.0% |   -0.954 |       -2.2 |   -42681.0 |  74604 | rbuf_mem\[0\]\[10000\]$_DFFE_PP_/D
    1031* |       0 |      14 |        0 |      0 |     0 |    +0.0% |   -0.954 |       -2.2 |   -42681.0 |  74604 | rbuf_mem\[0\]\[10000\]$_DFFE_PP_/D
    1032* |       0 |      14 |        0 |      0 |     0 |    +0.0% |   -0.954 |       -2.2 |   -42681.0 |  74604 | rbuf_mem\[0\]\[10000\]$_DFFE_PP_/D
    1033* |       0 |      14 |        0 |      0 |     0 |    +0.0% |   -0.954 |       -2.2 |   -42681.0 |  74604 | rbuf_mem\[0\]\[10000\]$_DFFE_PP_/D
    1034* |       0 |      14 |        0 |      0 |     0 |    +0.0% |   -0.954 |       -2.2 |   -42681.0 |  74604 | rbuf_mem\[0\]\[10000\]$_DFFE_PP_/D
    1035* |       0 |      14 |        0 |      0 |     0 |    +0.0% |   -0.954 |       -2.2 |   -42681.0 |  74604 | rbuf_mem\[0\]\[10000\]$_DFFE_PP_/D
    1036* |       0 |      14 |        0 |      0 |     0 |    +0.0% |   -0.954 |       -2.2 |   -42681.0 |  74604 | rbuf_mem\[0\]\[10000\]$_DFFE_PP_/D
    1037* |       0 |      14 |        0 |      0 |     0 |    +0.0% |   -0.954 |       -2.2 |   -42681.0 |  74604 | rbuf_mem\[0\]\[10000\]$_DFFE_PP_/D
    1038* |       0 |      14 |        0 |      0 |     0 |    +0.0% |   -0.954 |       -2.2 |   -42681.0 |  74604 | rbuf_mem\[0\]\[10000\]$_DFFE_PP_/D
    1039* |       0 |      14 |        0 |      0 |     0 |    +0.0% |   -0.954 |       -2.2 |   -42681.0 |  74604 | rbuf_mem\[0\]\[10000\]$_DFFE_PP_/D
    1040* |       0 |      14 |        0 |      0 |     0 |    +0.0% |   -0.954 |       -2.2 |   -42681.0 |  74604 | rbuf_mem\[0\]\[10000\]$_DFFE_PP_/D
    1040* |       0 |      14 |        0 |      0 |     0 |    +0.0% |   -0.954 |       -2.2 |   -42681.0 |  74604 | rbuf_mem\[0\]\[10000\]$_DFFE_PP_/D
    1041* |       0 |      14 |        0 |      0 |     0 |    +0.0% |   -0.954 |       -2.2 |   -42681.0 |  74604 | rbuf_mem\[0\]\[10000\]$_DFFE_PP_/D
    1042* |       0 |      14 |        0 |      0 |     0 |    +0.0% |   -0.954 |       -2.2 |   -42681.0 |  74604 | rbuf_mem\[0\]\[10000\]$_DFFE_PP_/D
    1043* |       0 |      14 |        0 |      0 |     0 |    +0.0% |   -0.954 |       -2.2 |   -42681.0 |  74604 | rbuf_mem\[0\]\[10000\]$_DFFE_PP_/D
    1044* |       0 |      14 |        0 |      0 |     0 |    +0.0% |   -0.954 |       -2.2 |   -42681.0 |  74604 | rbuf_mem\[0\]\[10000\]$_DFFE_PP_/D
    1045* |       0 |      14 |        0 |      0 |     0 |    +0.0% |   -0.954 |       -2.2 |   -42681.0 |  74604 | rbuf_mem\[0\]\[10000\]$_DFFE_PP_/D
    1046* |       0 |      14 |        0 |      0 |     0 |    +0.0% |   -0.954 |       -2.2 |   -42681.0 |  74604 | rbuf_mem\[0\]\[10000\]$_DFFE_PP_/D
    1047* |       0 |      14 |        0 |      0 |     0 |    +0.0% |   -0.954 |       -2.2 |   -42681.0 |  74604 | rbuf_mem\[0\]\[10000\]$_DFFE_PP_/D
    1048* |       0 |      14 |        0 |      0 |     0 |    +0.0% |   -0.954 |       -2.2 |   -42681.0 |  74604 | rbuf_mem\[0\]\[10000\]$_DFFE_PP_/D
    1049* |       0 |      14 |        0 |      0 |     0 |    +0.0% |   -0.954 |       -2.2 |   -42681.0 |  74604 | rbuf_mem\[0\]\[10000\]$_DFFE_PP_/D
    1050* |       0 |      14 |        0 |      0 |     0 |    +0.0% |   -0.954 |       -2.2 |   -42681.0 |  74604 | rbuf_mem\[0\]\[10000\]$_DFFE_PP_/D
    1050* |       0 |      14 |        0 |      0 |     0 |    +0.0% |   -0.954 |       -2.2 |   -42681.0 |  74604 | rbuf_mem\[0\]\[10000\]$_DFFE_PP_/D
    1051* |       0 |      14 |        0 |      0 |     0 |    +0.0% |   -0.954 |       -2.2 |   -42681.0 |  74604 | rbuf_mem\[0\]\[10000\]$_DFFE_PP_/D
    1052* |       0 |      14 |        0 |      0 |     0 |    +0.0% |   -0.954 |       -2.2 |   -42681.0 |  74604 | rbuf_mem\[0\]\[10000\]$_DFFE_PP_/D
    1053* |       0 |      14 |        0 |      0 |     0 |    +0.0% |   -0.954 |       -2.2 |   -42681.0 |  74604 | rbuf_mem\[0\]\[10000\]$_DFFE_PP_/D
    1054* |       0 |      14 |        0 |      0 |     0 |    +0.0% |   -0.954 |       -2.2 |   -42681.0 |  74604 | rbuf_mem\[0\]\[10000\]$_DFFE_PP_/D
    1055* |       0 |      14 |        0 |      0 |     0 |    +0.0% |   -0.954 |       -2.2 |   -42681.0 |  74604 | rbuf_mem\[0\]\[10000\]$_DFFE_PP_/D
    1056* |       0 |      14 |        0 |      0 |     0 |    +0.0% |   -0.954 |       -2.2 |   -42681.0 |  74604 | rbuf_mem\[0\]\[10000\]$_DFFE_PP_/D
    1057* |       0 |      14 |        0 |      0 |     0 |    +0.0% |   -0.954 |       -2.2 |   -42681.0 |  74604 | rbuf_mem\[0\]\[10000\]$_DFFE_PP_/D
    1058* |       0 |      14 |        0 |      0 |     0 |    +0.0% |   -0.954 |       -2.2 |   -42681.0 |  74604 | rbuf_mem\[0\]\[10000\]$_DFFE_PP_/D
    1059* |       0 |      14 |        0 |      0 |     0 |    +0.0% |   -0.954 |       -2.2 |   -42681.0 |  74604 | rbuf_mem\[0\]\[10000\]$_DFFE_PP_/D
    1060* |       0 |      14 |        0 |      0 |     0 |    +0.0% |   -0.954 |       -2.2 |   -42681.0 |  74604 | rbuf_mem\[0\]\[10000\]$_DFFE_PP_/D
    1060* |       0 |      14 |        0 |      0 |     0 |    +0.0% |   -0.954 |       -2.2 |   -42681.0 |  74604 | rbuf_mem\[0\]\[10000\]$_DFFE_PP_/D
    1061* |       0 |      14 |        0 |      0 |     0 |    +0.0% |   -0.954 |       -2.2 |   -42681.0 |  74604 | rbuf_mem\[0\]\[10000\]$_DFFE_PP_/D
    1062* |       0 |      14 |        0 |      0 |     0 |    +0.0% |   -0.954 |       -2.2 |   -42681.0 |  74604 | rbuf_mem\[0\]\[10000\]$_DFFE_PP_/D
    1063* |       0 |      14 |        0 |      0 |     0 |    +0.0% |   -0.954 |       -2.2 |   -42681.0 |  74604 | rbuf_mem\[0\]\[10000\]$_DFFE_PP_/D
    1064* |       0 |      14 |        0 |      0 |     0 |    +0.0% |   -0.954 |       -2.2 |   -42681.0 |  74604 | rbuf_mem\[0\]\[10000\]$_DFFE_PP_/D
    1065* |       0 |      14 |        0 |      0 |     0 |    +0.0% |   -0.954 |       -2.2 |   -42681.0 |  74604 | rbuf_mem\[0\]\[10000\]$_DFFE_PP_/D
    1066* |       0 |      14 |        0 |      0 |     0 |    +0.0% |   -0.954 |       -2.2 |   -42681.0 |  74604 | rbuf_mem\[0\]\[10000\]$_DFFE_PP_/D
    1067* |       0 |      14 |        0 |      0 |     0 |    +0.0% |   -0.954 |       -2.2 |   -42681.0 |  74604 | rbuf_mem\[0\]\[10000\]$_DFFE_PP_/D
    1068* |       0 |      14 |        0 |      0 |     0 |    +0.0% |   -0.954 |       -2.2 |   -42681.0 |  74604 | rbuf_mem\[0\]\[10000\]$_DFFE_PP_/D
    1069* |       0 |      14 |        0 |      0 |     0 |    +0.0% |   -0.954 |       -2.2 |   -42681.0 |  74604 | rbuf_mem\[0\]\[10000\]$_DFFE_PP_/D
    1070* |       0 |      14 |        0 |      0 |     0 |    +0.0% |   -0.954 |       -2.2 |   -42681.0 |  74604 | rbuf_mem\[0\]\[10000\]$_DFFE_PP_/D
    1070* |       0 |      14 |        0 |      0 |     0 |    +0.0% |   -0.954 |       -2.2 |   -42681.0 |  74604 | rbuf_mem\[0\]\[10000\]$_DFFE_PP_/D
    1071* |       0 |      14 |        0 |      0 |     0 |    +0.0% |   -0.954 |       -2.2 |   -42681.0 |  74604 | rbuf_mem\[0\]\[10000\]$_DFFE_PP_/D
    1072* |       0 |      14 |        0 |      0 |     0 |    +0.0% |   -0.954 |       -2.2 |   -42681.0 |  74604 | rbuf_mem\[0\]\[10000\]$_DFFE_PP_/D
    1073* |       0 |      14 |        0 |      0 |     0 |    +0.0% |   -0.954 |       -2.2 |   -42681.0 |  74604 | rbuf_mem\[0\]\[10000\]$_DFFE_PP_/D
    1074* |       0 |      14 |        0 |      0 |     0 |    +0.0% |   -0.954 |       -2.2 |   -42681.0 |  74604 | rbuf_mem\[0\]\[10000\]$_DFFE_PP_/D
    1075* |       0 |      14 |        0 |      0 |     0 |    +0.0% |   -0.954 |       -2.2 |   -42681.0 |  74604 | rbuf_mem\[0\]\[10000\]$_DFFE_PP_/D
    1076* |       0 |      14 |        0 |      0 |     0 |    +0.0% |   -0.954 |       -2.2 |   -42681.0 |  74604 | rbuf_mem\[0\]\[10000\]$_DFFE_PP_/D
    1077* |       0 |      14 |        0 |      0 |     0 |    +0.0% |   -0.954 |       -2.2 |   -42681.0 |  74604 | rbuf_mem\[0\]\[10000\]$_DFFE_PP_/D
    1078* |       0 |      14 |        0 |      0 |     0 |    +0.0% |   -0.954 |       -2.2 |   -42681.0 |  74604 | rbuf_mem\[0\]\[10000\]$_DFFE_PP_/D
    1079* |       0 |      14 |        0 |      0 |     0 |    +0.0% |   -0.954 |       -2.2 |   -42681.0 |  74604 | rbuf_mem\[0\]\[10000\]$_DFFE_PP_/D
    1080* |       0 |      14 |        0 |      0 |     0 |    +0.0% |   -0.954 |       -2.2 |   -42681.0 |  74604 | rbuf_mem\[0\]\[10000\]$_DFFE_PP_/D
    1080* |       0 |      14 |        0 |      0 |     0 |    +0.0% |   -0.954 |       -2.2 |   -42681.0 |  74604 | rbuf_mem\[0\]\[10000\]$_DFFE_PP_/D
    1081* |       0 |      14 |        0 |      0 |     0 |    +0.0% |   -0.954 |       -2.2 |   -42681.0 |  74604 | rbuf_mem\[0\]\[10000\]$_DFFE_PP_/D
    1082* |       0 |      14 |        0 |      0 |     0 |    +0.0% |   -0.954 |       -2.2 |   -42681.0 |  74604 | rbuf_mem\[0\]\[10000\]$_DFFE_PP_/D
    1083* |       0 |      14 |        0 |      0 |     0 |    +0.0% |   -0.954 |       -2.2 |   -42681.0 |  74604 | rbuf_mem\[0\]\[10000\]$_DFFE_PP_/D
    1084* |       0 |      14 |        0 |      0 |     0 |    +0.0% |   -0.954 |       -2.2 |   -42681.0 |  74604 | rbuf_mem\[0\]\[10000\]$_DFFE_PP_/D
    1085* |       0 |      14 |        0 |      0 |     0 |    +0.0% |   -0.954 |       -2.2 |   -42681.0 |  74604 | rbuf_mem\[0\]\[10000\]$_DFFE_PP_/D
    1086* |       0 |      14 |        0 |      0 |     0 |    +0.0% |   -0.954 |       -2.2 |   -42681.0 |  74604 | rbuf_mem\[0\]\[10000\]$_DFFE_PP_/D
    1087* |       0 |      14 |        0 |      0 |     0 |    +0.0% |   -0.954 |       -2.2 |   -42681.0 |  74604 | rbuf_mem\[0\]\[10000\]$_DFFE_PP_/D
    1088* |       0 |      14 |        0 |      0 |     0 |    +0.0% |   -0.954 |       -2.2 |   -42681.0 |  74604 | rbuf_mem\[0\]\[10000\]$_DFFE_PP_/D
    1089* |       0 |      14 |        0 |      0 |     0 |    +0.0% |   -0.954 |       -2.2 |   -42681.0 |  74604 | rbuf_mem\[0\]\[10000\]$_DFFE_PP_/D
    1090* |       0 |      14 |        0 |      0 |     0 |    +0.0% |   -0.954 |       -2.2 |   -42681.0 |  74604 | rbuf_mem\[0\]\[10000\]$_DFFE_PP_/D
    1090* |       0 |      14 |        0 |      0 |     0 |    +0.0% |   -0.954 |       -2.2 |   -42681.0 |  74604 | rbuf_mem\[0\]\[10000\]$_DFFE_PP_/D
    1091* |       0 |      14 |        0 |      0 |     0 |    +0.0% |   -0.954 |       -2.2 |   -42681.0 |  74604 | rbuf_mem\[0\]\[10000\]$_DFFE_PP_/D
    1092* |       0 |      14 |        0 |      0 |     0 |    +0.0% |   -0.954 |       -2.2 |   -42681.0 |  74604 | rbuf_mem\[0\]\[10000\]$_DFFE_PP_/D
    1093* |       0 |      14 |        0 |      0 |     0 |    +0.0% |   -0.954 |       -2.2 |   -42681.0 |  74604 | rbuf_mem\[0\]\[10000\]$_DFFE_PP_/D
    1094* |       0 |      14 |        0 |      0 |     0 |    +0.0% |   -0.954 |       -2.2 |   -42681.0 |  74604 | rbuf_mem\[0\]\[10000\]$_DFFE_PP_/D
    1095* |       0 |      14 |        0 |      0 |     0 |    +0.0% |   -0.954 |       -2.2 |   -42681.0 |  74604 | rbuf_mem\[0\]\[10000\]$_DFFE_PP_/D
    1096* |       0 |      14 |        0 |      0 |     0 |    +0.0% |   -0.954 |       -2.2 |   -42681.0 |  74604 | rbuf_mem\[0\]\[10000\]$_DFFE_PP_/D
    1097* |       0 |      14 |        0 |      0 |     0 |    +0.0% |   -0.954 |       -2.2 |   -42681.0 |  74604 | rbuf_mem\[0\]\[10000\]$_DFFE_PP_/D
    1098* |       0 |      14 |        0 |      0 |     0 |    +0.0% |   -0.954 |       -2.2 |   -42681.0 |  74604 | rbuf_mem\[0\]\[10000\]$_DFFE_PP_/D
    1099* |       0 |      14 |        0 |      0 |     0 |    +0.0% |   -0.954 |       -2.2 |   -42681.0 |  74604 | rbuf_mem\[0\]\[10000\]$_DFFE_PP_/D
    1100* |       0 |      14 |        0 |      0 |     0 |    +0.0% |   -0.954 |       -2.2 |   -42681.0 |  74604 | rbuf_mem\[0\]\[10000\]$_DFFE_PP_/D
    1100* |       0 |      14 |        0 |      0 |     0 |    +0.0% |   -0.954 |       -2.2 |   -42681.0 |  74604 | rbuf_mem\[0\]\[10000\]$_DFFE_PP_/D
    1101* |       0 |      14 |        0 |      0 |     0 |    +0.0% |   -0.954 |       -2.2 |   -42681.0 |  74604 | rbuf_mem\[0\]\[10000\]$_DFFE_PP_/D
    1102* |       0 |      14 |        0 |      0 |     0 |    +0.0% |   -0.954 |       -2.2 |   -42681.0 |  74604 | rbuf_mem\[0\]\[10000\]$_DFFE_PP_/D
    1103* |       0 |      14 |        0 |      0 |     0 |    +0.0% |   -0.954 |       -2.2 |   -42681.0 |  74604 | rbuf_mem\[0\]\[10000\]$_DFFE_PP_/D
    1104* |       0 |      14 |        0 |      0 |     0 |    +0.0% |   -0.954 |       -2.2 |   -42681.0 |  74604 | rbuf_mem\[0\]\[10000\]$_DFFE_PP_/D
    1105* |       0 |      14 |        0 |      0 |     0 |    +0.0% |   -0.954 |       -2.2 |   -42681.0 |  74604 | rbuf_mem\[0\]\[10000\]$_DFFE_PP_/D
    1106* |       0 |      14 |        0 |      0 |     0 |    +0.0% |   -0.954 |       -2.2 |   -42681.0 |  74604 | rbuf_mem\[0\]\[10000\]$_DFFE_PP_/D
    1107* |       0 |      14 |        0 |      0 |     0 |    +0.0% |   -0.954 |       -2.2 |   -42681.0 |  74604 | rbuf_mem\[0\]\[10000\]$_DFFE_PP_/D
    1108* |       0 |      14 |        0 |      0 |     0 |    +0.0% |   -0.954 |       -2.2 |   -42681.0 |  74604 | rbuf_mem\[0\]\[10000\]$_DFFE_PP_/D
    1109* |       0 |      14 |        0 |      0 |     0 |    +0.0% |   -0.954 |       -2.2 |   -42681.0 |  74604 | rbuf_mem\[0\]\[10000\]$_DFFE_PP_/D
    1110* |       0 |      14 |        0 |      0 |     0 |    +0.0% |   -0.954 |       -2.2 |   -42681.0 |  74604 | rbuf_mem\[0\]\[10000\]$_DFFE_PP_/D
    1110* |       0 |      14 |        0 |      0 |     0 |    +0.0% |   -0.954 |       -2.2 |   -42681.0 |  74604 | rbuf_mem\[0\]\[10000\]$_DFFE_PP_/D
    1111* |       0 |      14 |        0 |      0 |     0 |    +0.0% |   -0.954 |       -2.2 |   -42681.0 |  74604 | rbuf_mem\[0\]\[10000\]$_DFFE_PP_/D
    1112* |       0 |      14 |        0 |      0 |     0 |    +0.0% |   -0.954 |       -2.2 |   -42681.0 |  74604 | rbuf_mem\[0\]\[10000\]$_DFFE_PP_/D
    1113* |       0 |      14 |        0 |      0 |     0 |    +0.0% |   -0.954 |       -2.2 |   -42681.0 |  74604 | rbuf_mem\[0\]\[10000\]$_DFFE_PP_/D
    1114* |       0 |      14 |        0 |      0 |     0 |    +0.0% |   -0.954 |       -2.2 |   -42681.0 |  74604 | rbuf_mem\[0\]\[10000\]$_DFFE_PP_/D
    1115* |       0 |      14 |        0 |      0 |     0 |    +0.0% |   -0.954 |       -2.2 |   -42681.0 |  74604 | rbuf_mem\[0\]\[10000\]$_DFFE_PP_/D
    1116* |       0 |      14 |        0 |      0 |     0 |    +0.0% |   -0.954 |       -2.2 |   -42681.0 |  74604 | rbuf_mem\[0\]\[10000\]$_DFFE_PP_/D
    1117* |       0 |      14 |        0 |      0 |     0 |    +0.0% |   -0.954 |       -2.2 |   -42681.0 |  74604 | rbuf_mem\[0\]\[10000\]$_DFFE_PP_/D
    1118* |       0 |      14 |        0 |      0 |     0 |    +0.0% |   -0.954 |       -2.2 |   -42681.0 |  74604 | rbuf_mem\[0\]\[10000\]$_DFFE_PP_/D
    1119* |       0 |      14 |        0 |      0 |     0 |    +0.0% |   -0.954 |       -2.2 |   -42681.0 |  74604 | rbuf_mem\[0\]\[10000\]$_DFFE_PP_/D
    1120* |       0 |      14 |        0 |      0 |     0 |    +0.0% |   -0.954 |       -2.2 |   -42681.0 |  74604 | rbuf_mem\[0\]\[10000\]$_DFFE_PP_/D
    1120* |       0 |      14 |        0 |      0 |     0 |    +0.0% |   -0.954 |       -2.2 |   -42681.0 |  74604 | rbuf_mem\[0\]\[10000\]$_DFFE_PP_/D
    1121* |       0 |      14 |        0 |      0 |     0 |    +0.0% |   -0.954 |       -2.2 |   -42681.0 |  74604 | rbuf_mem\[0\]\[10000\]$_DFFE_PP_/D
    1122* |       0 |      14 |        0 |      0 |     0 |    +0.0% |   -0.954 |       -2.2 |   -42681.0 |  74604 | rbuf_mem\[0\]\[10000\]$_DFFE_PP_/D
    1123* |       0 |      14 |        0 |      0 |     0 |    +0.0% |   -0.954 |       -2.2 |   -42681.0 |  74604 | rbuf_mem\[0\]\[10000\]$_DFFE_PP_/D
    1124* |       0 |      14 |        0 |      0 |     0 |    +0.0% |   -0.954 |       -2.2 |   -42681.0 |  74604 | rbuf_mem\[0\]\[10000\]$_DFFE_PP_/D
    1125* |       0 |      14 |        0 |      0 |     0 |    +0.0% |   -0.954 |       -2.2 |   -42681.0 |  74604 | rbuf_mem\[0\]\[10000\]$_DFFE_PP_/D
    1126* |       0 |      14 |        0 |      0 |     0 |    +0.0% |   -0.954 |       -2.2 |   -42681.0 |  74604 | rbuf_mem\[0\]\[10000\]$_DFFE_PP_/D
    1127* |       0 |      14 |        0 |      0 |     0 |    +0.0% |   -0.954 |       -2.2 |   -42681.0 |  74604 | rbuf_mem\[0\]\[10000\]$_DFFE_PP_/D
    1128* |       0 |      14 |        0 |      0 |     0 |    +0.0% |   -0.954 |       -2.2 |   -42681.0 |  74604 | rbuf_mem\[0\]\[10000\]$_DFFE_PP_/D
    1129* |       0 |      14 |        0 |      0 |     0 |    +0.0% |   -0.954 |       -2.2 |   -42681.0 |  74604 | rbuf_mem\[0\]\[10000\]$_DFFE_PP_/D
    1130* |       0 |      14 |        0 |      0 |     0 |    +0.0% |   -0.954 |       -2.2 |   -42681.0 |  74604 | rbuf_mem\[0\]\[10000\]$_DFFE_PP_/D
    1130* |       0 |      14 |        0 |      0 |     0 |    +0.0% |   -0.954 |       -2.2 |   -42681.0 |  74604 | rbuf_mem\[0\]\[10000\]$_DFFE_PP_/D
    1131* |       0 |      14 |        0 |      0 |     0 |    +0.0% |   -0.954 |       -2.2 |   -42681.0 |  74604 | rbuf_mem\[0\]\[10000\]$_DFFE_PP_/D
    1132* |       0 |      14 |        0 |      0 |     0 |    +0.0% |   -0.954 |       -2.2 |   -42681.0 |  74604 | rbuf_mem\[0\]\[10000\]$_DFFE_PP_/D
    1133* |       0 |      14 |        0 |      0 |     0 |    +0.0% |   -0.954 |       -2.2 |   -42681.0 |  74604 | rbuf_mem\[0\]\[10000\]$_DFFE_PP_/D
    1134* |       0 |      14 |        0 |      0 |     0 |    +0.0% |   -0.954 |       -2.2 |   -42681.0 |  74604 | rbuf_mem\[0\]\[10000\]$_DFFE_PP_/D
    1135* |       0 |      14 |        0 |      0 |     0 |    +0.0% |   -0.954 |       -2.2 |   -42681.0 |  74604 | rbuf_mem\[0\]\[10000\]$_DFFE_PP_/D
    1136* |       0 |      14 |        0 |      0 |     0 |    +0.0% |   -0.954 |       -2.2 |   -42681.0 |  74604 | rbuf_mem\[0\]\[10000\]$_DFFE_PP_/D
    1137* |       0 |      14 |        0 |      0 |     0 |    +0.0% |   -0.954 |       -2.2 |   -42681.0 |  74604 | rbuf_mem\[0\]\[10000\]$_DFFE_PP_/D
    1138* |       0 |      14 |        0 |      0 |     0 |    +0.0% |   -0.954 |       -2.2 |   -42681.0 |  74604 | rbuf_mem\[0\]\[10000\]$_DFFE_PP_/D
    1139* |       0 |      14 |        0 |      0 |     0 |    +0.0% |   -0.954 |       -2.2 |   -42681.0 |  74604 | rbuf_mem\[0\]\[10000\]$_DFFE_PP_/D
    1140* |       0 |      14 |        0 |      0 |     0 |    +0.0% |   -0.954 |       -2.2 |   -42681.0 |  74604 | rbuf_mem\[0\]\[10000\]$_DFFE_PP_/D
    1140* |       0 |      14 |        0 |      0 |     0 |    +0.0% |   -0.954 |       -2.2 |   -42681.0 |  74604 | rbuf_mem\[0\]\[10000\]$_DFFE_PP_/D
    1141* |       0 |      14 |        0 |      0 |     0 |    +0.0% |   -0.954 |       -2.2 |   -42681.0 |  74604 | rbuf_mem\[0\]\[10000\]$_DFFE_PP_/D
    1142* |       0 |      14 |        0 |      0 |     0 |    +0.0% |   -0.954 |       -2.2 |   -42681.0 |  74604 | rbuf_mem\[0\]\[10000\]$_DFFE_PP_/D
    1143* |       0 |      14 |        0 |      0 |     0 |    +0.0% |   -0.954 |       -2.2 |   -42681.0 |  74604 | rbuf_mem\[0\]\[10000\]$_DFFE_PP_/D
    1144* |       0 |      14 |        0 |      0 |     0 |    +0.0% |   -0.954 |       -2.2 |   -42681.0 |  74604 | rbuf_mem\[0\]\[10000\]$_DFFE_PP_/D
    1145* |       0 |      14 |        0 |      0 |     0 |    +0.0% |   -0.954 |       -2.2 |   -42681.0 |  74604 | rbuf_mem\[0\]\[10000\]$_DFFE_PP_/D
    1146* |       0 |      14 |        0 |      0 |     0 |    +0.0% |   -0.954 |       -2.2 |   -42681.0 |  74604 | rbuf_mem\[0\]\[10000\]$_DFFE_PP_/D
    1147* |       0 |      14 |        0 |      0 |     0 |    +0.0% |   -0.954 |       -2.2 |   -42681.0 |  74604 | rbuf_mem\[0\]\[10000\]$_DFFE_PP_/D
    1148* |       0 |      14 |        0 |      0 |     0 |    +0.0% |   -0.954 |       -2.2 |   -42681.0 |  74604 | rbuf_mem\[0\]\[10000\]$_DFFE_PP_/D
    1149* |       0 |      14 |        0 |      0 |     0 |    +0.0% |   -0.954 |       -2.2 |   -42681.0 |  74604 | rbuf_mem\[0\]\[10000\]$_DFFE_PP_/D
    1150* |       0 |      14 |        0 |      0 |     0 |    +0.0% |   -0.954 |       -2.2 |   -42681.0 |  74604 | rbuf_mem\[0\]\[10000\]$_DFFE_PP_/D
    1150* |       0 |      14 |        0 |      0 |     0 |    +0.0% |   -0.954 |       -2.2 |   -42681.0 |  74604 | rbuf_mem\[0\]\[10000\]$_DFFE_PP_/D
    1151* |       0 |      14 |        0 |      0 |     0 |    +0.0% |   -0.954 |       -2.2 |   -42681.0 |  74604 | rbuf_mem\[0\]\[10000\]$_DFFE_PP_/D
    1152* |       0 |      14 |        0 |      0 |     0 |    +0.0% |   -0.954 |       -2.2 |   -42681.0 |  74604 | rbuf_mem\[0\]\[10000\]$_DFFE_PP_/D
    1153* |       0 |      14 |        0 |      0 |     0 |    +0.0% |   -0.954 |       -2.2 |   -42681.0 |  74604 | rbuf_mem\[0\]\[10000\]$_DFFE_PP_/D
    1154* |       0 |      14 |        0 |      0 |     0 |    +0.0% |   -0.954 |       -2.2 |   -42681.0 |  74604 | rbuf_mem\[0\]\[10000\]$_DFFE_PP_/D
    1155* |       0 |      14 |        0 |      0 |     0 |    +0.0% |   -0.954 |       -2.2 |   -42681.0 |  74604 | rbuf_mem\[0\]\[10000\]$_DFFE_PP_/D
    1156* |       0 |      14 |        0 |      0 |     0 |    +0.0% |   -0.954 |       -2.2 |   -42681.0 |  74604 | rbuf_mem\[0\]\[10000\]$_DFFE_PP_/D
    1157* |       0 |      14 |        0 |      0 |     0 |    +0.0% |   -0.954 |       -2.2 |   -42681.0 |  74604 | rbuf_mem\[0\]\[10000\]$_DFFE_PP_/D
    1158* |       0 |      14 |        0 |      0 |     0 |    +0.0% |   -0.954 |       -2.2 |   -42681.0 |  74604 | rbuf_mem\[0\]\[10000\]$_DFFE_PP_/D
    1159* |       0 |      14 |        0 |      0 |     0 |    +0.0% |   -0.954 |       -2.2 |   -42681.0 |  74604 | rbuf_mem\[0\]\[10000\]$_DFFE_PP_/D
    1160* |       0 |      14 |        0 |      0 |     0 |    +0.0% |   -0.954 |       -2.2 |   -42681.0 |  74604 | rbuf_mem\[0\]\[10000\]$_DFFE_PP_/D
    1160* |       0 |      14 |        0 |      0 |     0 |    +0.0% |   -0.954 |       -2.2 |   -42681.0 |  74604 | rbuf_mem\[0\]\[10000\]$_DFFE_PP_/D
    1161* |       0 |      14 |        0 |      0 |     0 |    +0.0% |   -0.954 |       -2.2 |   -42681.0 |  74604 | rbuf_mem\[0\]\[10000\]$_DFFE_PP_/D
    1162* |       0 |      14 |        0 |      0 |     0 |    +0.0% |   -0.954 |       -2.2 |   -42681.0 |  74604 | rbuf_mem\[0\]\[10000\]$_DFFE_PP_/D
    1163* |       0 |      14 |        0 |      0 |     0 |    +0.0% |   -0.954 |       -2.2 |   -42681.0 |  74604 | rbuf_mem\[0\]\[10000\]$_DFFE_PP_/D
    1164* |       0 |      14 |        0 |      0 |     0 |    +0.0% |   -0.954 |       -2.2 |   -42681.0 |  74604 | rbuf_mem\[0\]\[10000\]$_DFFE_PP_/D
    1165* |       0 |      14 |        0 |      0 |     0 |    +0.0% |   -0.954 |       -2.2 |   -42681.0 |  74604 | rbuf_mem\[0\]\[10000\]$_DFFE_PP_/D
    1166* |       0 |      14 |        0 |      0 |     0 |    +0.0% |   -0.954 |       -2.2 |   -42681.0 |  74604 | rbuf_mem\[0\]\[10000\]$_DFFE_PP_/D
    1167* |       0 |      14 |        0 |      0 |     0 |    +0.0% |   -0.954 |       -2.2 |   -42681.0 |  74604 | rbuf_mem\[0\]\[10000\]$_DFFE_PP_/D
    1168* |       0 |      14 |        0 |      0 |     0 |    +0.0% |   -0.954 |       -2.2 |   -42681.0 |  74604 | rbuf_mem\[0\]\[10000\]$_DFFE_PP_/D
    1169* |       0 |      14 |        0 |      0 |     0 |    +0.0% |   -0.954 |       -2.2 |   -42681.0 |  74604 | rbuf_mem\[0\]\[10000\]$_DFFE_PP_/D
    1170* |       0 |      14 |        0 |      0 |     0 |    +0.0% |   -0.954 |       -2.2 |   -42681.0 |  74604 | rbuf_mem\[0\]\[10000\]$_DFFE_PP_/D
    1170* |       0 |      14 |        0 |      0 |     0 |    +0.0% |   -0.954 |       -2.2 |   -42681.0 |  74604 | rbuf_mem\[0\]\[10000\]$_DFFE_PP_/D
    1171* |       0 |      14 |        0 |      0 |     0 |    +0.0% |   -0.954 |       -2.2 |   -42681.0 |  74604 | rbuf_mem\[0\]\[10000\]$_DFFE_PP_/D
    1172* |       0 |      14 |        0 |      0 |     0 |    +0.0% |   -0.954 |       -2.2 |   -42681.0 |  74604 | rbuf_mem\[0\]\[10000\]$_DFFE_PP_/D
    1173* |       0 |      14 |        0 |      0 |     0 |    +0.0% |   -0.954 |       -2.2 |   -42681.0 |  74604 | rbuf_mem\[0\]\[10000\]$_DFFE_PP_/D
    1174* |       0 |      14 |        0 |      0 |     0 |    +0.0% |   -0.954 |       -2.2 |   -42681.0 |  74604 | rbuf_mem\[0\]\[10000\]$_DFFE_PP_/D
    1175* |       0 |      14 |        0 |      0 |     0 |    +0.0% |   -0.954 |       -2.2 |   -42681.0 |  74604 | rbuf_mem\[0\]\[10000\]$_DFFE_PP_/D
    1176* |       0 |      14 |        0 |      0 |     0 |    +0.0% |   -0.954 |       -2.2 |   -42681.0 |  74604 | rbuf_mem\[0\]\[10000\]$_DFFE_PP_/D
    1177* |       0 |      14 |        0 |      0 |     0 |    +0.0% |   -0.954 |       -2.2 |   -42681.0 |  74604 | rbuf_mem\[0\]\[10000\]$_DFFE_PP_/D
    1178* |       0 |      14 |        0 |      0 |     0 |    +0.0% |   -0.954 |       -2.2 |   -42681.0 |  74604 | rbuf_mem\[0\]\[10000\]$_DFFE_PP_/D
    1179* |       0 |      14 |        0 |      0 |     0 |    +0.0% |   -0.954 |       -2.2 |   -42681.0 |  74604 | rbuf_mem\[0\]\[10000\]$_DFFE_PP_/D
    1180* |       0 |      14 |        0 |      0 |     0 |    +0.0% |   -0.954 |       -2.2 |   -42681.0 |  74604 | rbuf_mem\[0\]\[10000\]$_DFFE_PP_/D
    1180* |       0 |      14 |        0 |      0 |     0 |    +0.0% |   -0.954 |       -2.2 |   -42681.0 |  74604 | rbuf_mem\[0\]\[10000\]$_DFFE_PP_/D
    1181* |       0 |      14 |        0 |      0 |     0 |    +0.0% |   -0.954 |       -2.2 |   -42681.0 |  74604 | rbuf_mem\[0\]\[10000\]$_DFFE_PP_/D
    1182* |       0 |      14 |        0 |      0 |     0 |    +0.0% |   -0.954 |       -2.2 |   -42681.0 |  74604 | rbuf_mem\[0\]\[10000\]$_DFFE_PP_/D
    1183* |       0 |      14 |        0 |      0 |     0 |    +0.0% |   -0.954 |       -2.2 |   -42681.0 |  74604 | rbuf_mem\[0\]\[10000\]$_DFFE_PP_/D
    1184* |       0 |      14 |        0 |      0 |     0 |    +0.0% |   -0.954 |       -2.2 |   -42681.0 |  74604 | rbuf_mem\[0\]\[10000\]$_DFFE_PP_/D
    1185* |       0 |      14 |        0 |      0 |     0 |    +0.0% |   -0.954 |       -2.2 |   -42681.0 |  74604 | rbuf_mem\[0\]\[10000\]$_DFFE_PP_/D
    1186* |       0 |      14 |        0 |      0 |     0 |    +0.0% |   -0.954 |       -2.2 |   -42681.0 |  74604 | rbuf_mem\[0\]\[10000\]$_DFFE_PP_/D
    1187* |       0 |      14 |        0 |      0 |     0 |    +0.0% |   -0.954 |       -2.2 |   -42681.0 |  74604 | rbuf_mem\[0\]\[10000\]$_DFFE_PP_/D
    1188* |       0 |      14 |        0 |      0 |     0 |    +0.0% |   -0.954 |       -2.2 |   -42681.0 |  74604 | rbuf_mem\[0\]\[10000\]$_DFFE_PP_/D
    1189* |       0 |      14 |        0 |      0 |     0 |    +0.0% |   -0.954 |       -2.2 |   -42681.0 |  74604 | rbuf_mem\[0\]\[10000\]$_DFFE_PP_/D
    1190* |       0 |      14 |        0 |      0 |     0 |    +0.0% |   -0.954 |       -2.2 |   -42681.0 |  74604 | rbuf_mem\[0\]\[10000\]$_DFFE_PP_/D
    1190* |       0 |      14 |        0 |      0 |     0 |    +0.0% |   -0.954 |       -2.2 |   -42681.0 |  74604 | rbuf_mem\[0\]\[10000\]$_DFFE_PP_/D
    1191* |       0 |      14 |        0 |      0 |     0 |    +0.0% |   -0.954 |       -2.2 |   -42681.0 |  74604 | rbuf_mem\[0\]\[10000\]$_DFFE_PP_/D
    1192* |       0 |      14 |        0 |      0 |     0 |    +0.0% |   -0.954 |       -2.2 |   -42681.0 |  74604 | rbuf_mem\[0\]\[10000\]$_DFFE_PP_/D
    1193* |       0 |      14 |        0 |      0 |     0 |    +0.0% |   -0.954 |       -2.2 |   -42681.0 |  74604 | rbuf_mem\[0\]\[10000\]$_DFFE_PP_/D
    1194* |       0 |      14 |        0 |      0 |     0 |    +0.0% |   -0.954 |       -2.2 |   -42681.0 |  74604 | rbuf_mem\[0\]\[10000\]$_DFFE_PP_/D
    1195* |       0 |      14 |        0 |      0 |     0 |    +0.0% |   -0.954 |       -2.2 |   -42681.0 |  74604 | rbuf_mem\[0\]\[10000\]$_DFFE_PP_/D
    1196* |       0 |      14 |        0 |      0 |     0 |    +0.0% |   -0.954 |       -2.2 |   -42681.0 |  74604 | rbuf_mem\[0\]\[10000\]$_DFFE_PP_/D
    1197* |       0 |      14 |        0 |      0 |     0 |    +0.0% |   -0.954 |       -2.2 |   -42681.0 |  74604 | rbuf_mem\[0\]\[10000\]$_DFFE_PP_/D
    1198* |       0 |      14 |        0 |      0 |     0 |    +0.0% |   -0.954 |       -2.2 |   -42681.0 |  74604 | rbuf_mem\[0\]\[10000\]$_DFFE_PP_/D
    1199* |       0 |      14 |        0 |      0 |     0 |    +0.0% |   -0.954 |       -2.2 |   -42681.0 |  74604 | rbuf_mem\[0\]\[10000\]$_DFFE_PP_/D
    1200* |       0 |      14 |        0 |      0 |     0 |    +0.0% |   -0.954 |       -2.2 |   -42681.0 |  74604 | rbuf_mem\[0\]\[10000\]$_DFFE_PP_/D
    1200* |       0 |      14 |        0 |      0 |     0 |    +0.0% |   -0.954 |       -2.2 |   -42681.0 |  74604 | rbuf_mem\[0\]\[10000\]$_DFFE_PP_/D
    1200* |       0 |      14 |        0 |      0 |     0 |    +0.0% |   -0.954 |       -2.2 |   -42681.0 |  74604 | rbuf_mem\[0\]\[10000\]$_DFFE_PP_/D
    final |       0 |      14 |        0 |      0 |     0 |    +0.0% |   -0.954 |       -2.2 |   -42681.0 |  71760 | rbuf_mem\[0\]\[10000\]$_DFFE_PP_/D
------------------------------------------------------------------------------------------------------------------------------
[INFO RSZ-0051] Resized 14 instances: 14 up, 0 up match, 0 down, 0 VT
[WARNING RSZ-0062] Unable to repair all setup violations.
[INFO RSZ-0505] Runtime: 89.79s
Took 90 seconds: repair_timing -setup_margin 0 -hold_margin 0 -repair_tns 100 -match_cell_footprint -setup -skip_last_gasp -sequence unbuffer,sizeup,swap,vt_swap -verbose
Default units for flow
 time 1ns
 capacitance 1pF
 resistance 1kohm
 voltage 1v
 current 1mA
 power 1nW
 distance 1um
   Layer   | Unit Resistance | Unit Capacitance 
           |       (kohm/um) |          (pF/um)
------------------------------------------------
       li1 |        7.18e-02 |         1.50e-04
      met1 |        1.21e-03 |         1.72e-04
      met2 |        1.22e-03 |         1.36e-04
      met3 |        1.66e-04 |         2.15e-04
      met4 |        1.68e-04 |         1.48e-04
      met5 |        1.84e-05 |         1.54e-04
------------------------------------------------

   Layer   | Via Resistance 
           |         (kohm) 
----------------------------
      mcon |       9.25e-03 
       via |       4.50e-03 
      via2 |       3.37e-03 
      via3 |       3.77e-04 
      via4 |       5.80e-06 
----------------------------
Report metrics stage 2, floorplan final...

==========================================================================
floorplan final report_design_area
--------------------------------------------------------------------------
Design area 1540696 um^2 10% utilization.
write_db ./results/sky130hd/d_nw01_cand_chat_scored/base/2_1_floorplan.odb
write_sdc -no_timestamp ./results/sky130hd/d_nw01_cand_chat_scored/base/2_1_floorplan.sdc
Elapsed time: 2:09.78[h:]min:sec. CPU time: user 134.17 sys 2.83 (105%). Peak memory: 498628KB.
Log                       Ext     Elapsed/s Peak Memory/MB sha1sum result [0:20)
2_1_floorplan             .odb          129            486 46d163fcf52047a7a79c
2_1_floorplan             .sdc                             50049dde2843831da7a8
/OpenROAD-flow-scripts/flow/scripts/flow.sh 2_2_floorplan_macro macro_place
Running macro_place.tcl, stage 2_2_floorplan_macro
read_liberty /OpenROAD-flow-scripts/flow/platforms/sky130hd/lib/sky130_fd_sc_hd__tt_025C_1v80.lib
read_db ./results/sky130hd/d_nw01_cand_chat_scored/base/2_1_floorplan.odb
read_sdc ./results/sky130hd/d_nw01_cand_chat_scored/base/2_1_floorplan.sdc
source /OpenROAD-flow-scripts/flow/platforms/sky130hd/setRC.tcl
No macros found: Skipping macro_placement
Design area 1540696 um^2 10% utilization.
write_db ./results/sky130hd/d_nw01_cand_chat_scored/base/2_2_floorplan_macro.odb
Elapsed time: 0:01.44[h:]min:sec. CPU time: user 1.12 sys 0.19 (90%). Peak memory: 261800KB.
Log                       Ext     Elapsed/s Peak Memory/MB sha1sum result [0:20)
2_2_floorplan_macro       .odb            1            255 46d163fcf52047a7a79c
/OpenROAD-flow-scripts/flow/scripts/flow.sh 2_3_floorplan_tapcell tapcell
Running tapcell.tcl, stage 2_3_floorplan_tapcell
read_liberty /OpenROAD-flow-scripts/flow/platforms/sky130hd/lib/sky130_fd_sc_hd__tt_025C_1v80.lib
read_db ./results/sky130hd/d_nw01_cand_chat_scored/base/2_2_floorplan_macro.odb
read_sdc ./results/sky130hd/d_nw01_cand_chat_scored/base/2_1_floorplan.sdc
source /OpenROAD-flow-scripts/flow/platforms/sky130hd/setRC.tcl
[INFO TAP-0005] Inserted 205048 tapcells.
Design area 1797252 um^2 12% utilization.
write_db ./results/sky130hd/d_nw01_cand_chat_scored/base/2_3_floorplan_tapcell.odb
Elapsed time: 0:02.00[h:]min:sec. CPU time: user 1.47 sys 0.26 (86%). Peak memory: 335936KB.
Log                       Ext     Elapsed/s Peak Memory/MB sha1sum result [0:20)
2_3_floorplan_tapcell     .odb            2            328 9466274139d666231869
/OpenROAD-flow-scripts/flow/scripts/flow.sh 2_4_floorplan_pdn pdn
Running pdn.tcl, stage 2_4_floorplan_pdn
read_liberty /OpenROAD-flow-scripts/flow/platforms/sky130hd/lib/sky130_fd_sc_hd__tt_025C_1v80.lib
read_db ./results/sky130hd/d_nw01_cand_chat_scored/base/2_3_floorplan_tapcell.odb
read_sdc ./results/sky130hd/d_nw01_cand_chat_scored/base/2_1_floorplan.sdc
source /OpenROAD-flow-scripts/flow/platforms/sky130hd/setRC.tcl
[WARNING PDN-1051] No instances found for grid (CORE_macro_grid_1).
[WARNING PDN-1051] No instances found for grid (CORE_macro_grid_2).
[INFO PDN-0001] Inserting grid: grid
[INFO PDN-0500] Runtime: 5.84s
Design area 1797252 um^2 12% utilization.
write_db ./results/sky130hd/d_nw01_cand_chat_scored/base/2_4_floorplan_pdn.odb
Elapsed time: 0:11.11[h:]min:sec. CPU time: user 10.01 sys 0.60 (95%). Peak memory: 1059152KB.
Log                       Ext     Elapsed/s Peak Memory/MB sha1sum result [0:20)
2_4_floorplan_pdn         .odb           11           1034 0827f2c608d9f4c998f0
cp ./results/sky130hd/d_nw01_cand_chat_scored/base/2_4_floorplan_pdn.odb ./results/sky130hd/d_nw01_cand_chat_scored/base/2_floorplan.odb
cp ./results/sky130hd/d_nw01_cand_chat_scored/base/2_1_floorplan.sdc ./results/sky130hd/d_nw01_cand_chat_scored/base/2_floorplan.sdc
/OpenROAD-flow-scripts/flow/scripts/flow.sh 3_1_place_gp_skip_io global_place_skip_io
Running global_place_skip_io.tcl, stage 3_1_place_gp_skip_io
read_liberty /OpenROAD-flow-scripts/flow/platforms/sky130hd/lib/sky130_fd_sc_hd__tt_025C_1v80.lib
read_db ./results/sky130hd/d_nw01_cand_chat_scored/base/2_floorplan.odb
read_sdc ./results/sky130hd/d_nw01_cand_chat_scored/base/2_floorplan.sdc
source /OpenROAD-flow-scripts/flow/platforms/sky130hd/setRC.tcl
global_placement -skip_io -density 0.5 -pad_left 0 -pad_right 0
[INFO GPL-0001] ---- Initialize GPL Main Data Structures
[INFO GPL-0002] DBU: 1000
[INFO GPL-0003] SiteSize: (  0.460  2.720 ) um
[INFO GPL-0004] CoreBBox: (  1.380  2.720 ) ( 3926.100 3924.960 ) um
[INFO GPL-0016] Core area:                  15393693.773 um^2
[INFO GPL-0036] Movable instances area:     1540696.400 um^2
[INFO GPL-0037] Total instances area:       1797252.458 um^2
[INFO GPL-0035] Pin density area adjust:     32621.983 um^2
[INFO GPL-0032] ---- Initialize Region: Top-level
[INFO GPL-0006] Number of instances:            268642
[INFO GPL-0007] Movable instances:               63594
[INFO GPL-0008] Fixed instances:                205048
[INFO GPL-0009] Dummy instances:                     0
[INFO GPL-0010] Number of nets:                  64918
[INFO GPL-0011] Number of pins:                 283831
[INFO GPL-0012] Die BBox:       (  0.000  0.000 ) ( 3927.110 3927.110 ) um
[INFO GPL-0013] Placement BBox: (  1.380  2.720 ) ( 3926.100 3924.960 ) um
[INFO GPL-0014] Region name: top-level.
[INFO GPL-0015] Region area:                15393693.773 um^2
[INFO GPL-0017] Fixed instances area:       256556.058 um^2
[INFO GPL-0018] Movable instances area:     1573318.383 um^2
[INFO GPL-0019] Utilization:                    10.394 %
[INFO GPL-0020] Standard cells area:        1573318.383 um^2
[INFO GPL-0021] Large instances area:            0.000 um^2
[INFO GPL-0005] ---- Execute Conjugate Gradient Initial Placement.
[INFO GPL-0051] Source of initial instance position counters:
	Odb location = 0	Core center = 63594	Region center = 0
[INFO GPL-0033] ---- Initialize Nesterov Region: Top-level
[INFO GPL-0023] Placement target density:       0.5000
[INFO GPL-0024] Movable insts average area:     24.740 um^2
[INFO GPL-0025] Ideal bin area:                 49.480 um^2
[INFO GPL-0026] Ideal bin count:                311108
[INFO GPL-0027] Total bin area:             15393693.773 um^2
[INFO GPL-0028] Bin count (X, Y):         512 ,    512
[INFO GPL-0029] Bin size (W * H):       7.665 *  7.661 um
[INFO GPL-0030] Number of bins:                 262144
[INFO GPL-0084] ---- Execute Nesterov Global Placement.
[INFO GPL-0031] HPWL: Half-Perimeter Wirelength
Iteration | Overflow |     HPWL (um) |  HPWL(%) |   Penalty | Group
---------------------------------------------------------------
        0 |   0.9997 |  2.072756e+05 |   +0.00% |  2.01e-16 |      
       10 |   0.9996 |  3.801427e+04 |  -81.66% |  3.28e-16 |      
       20 |   0.9996 |  3.019831e+04 |  -20.56% |  5.34e-16 |      
       30 |   0.9996 |  2.910516e+04 |   -3.62% |  8.70e-16 |      
       40 |   0.9996 |  2.903375e+04 |   -0.25% |  1.42e-15 |      
       50 |   0.9996 |  2.834043e+04 |   -2.39% |  2.31e-15 |      
       60 |   0.9996 |  2.839068e+04 |   +0.18% |  3.76e-15 |      
       70 |   0.9996 |  2.976500e+04 |   +4.84% |  6.13e-15 |      
       80 |   0.9995 |  3.404587e+04 |  +14.38% |  9.98e-15 |      
       90 |   0.9995 |  4.439915e+04 |  +30.41% |  1.62e-14 |      
      100 |   0.9994 |  6.510678e+04 |  +46.64% |  2.64e-14 |      
      110 |   0.9991 |  1.018309e+05 |  +56.41% |  4.28e-14 |      
      120 |   0.9985 |  1.641087e+05 |  +61.16% |  6.93e-14 |      
      130 |   0.9974 |  2.376224e+05 |  +44.80% |  1.12e-13 |      
      140 |   0.9958 |  2.974239e+05 |  +25.17% |  1.81e-13 |      
      150 |   0.9939 |  3.515964e+05 |  +18.21% |  2.93e-13 |      
      160 |   0.9909 |  4.191217e+05 |  +19.21% |  4.74e-13 |      
      170 |   0.9863 |  5.003667e+05 |  +19.38% |  7.66e-13 |      
      180 |   0.9821 |  6.108559e+05 |  +22.08% |  1.23e-12 |      
      190 |   0.9752 |  7.978565e+05 |  +30.61% |  1.97e-12 |      
      200 |   0.9632 |  1.035098e+06 |  +29.73% |  3.13e-12 |      
      210 |   0.9469 |  1.249404e+06 |  +20.70% |  4.97e-12 |      
      220 |   0.9291 |  1.399066e+06 |  +11.98% |  7.96e-12 |      
      230 |   0.9079 |  1.533903e+06 |   +9.64% |  1.28e-11 |      
      240 |   0.8786 |  1.841001e+06 |  +20.02% |  2.02e-11 |      
      250 |   0.8467 |  2.157804e+06 |  +17.21% |  3.17e-11 |      
      260 |   0.8103 |  2.334273e+06 |   +8.18% |  5.06e-11 |      
      270 |   0.7691 |  2.510523e+06 |   +7.55% |  8.09e-11 |      
      280 |   0.7271 |  2.587383e+06 |   +3.06% |  1.31e-10 |      
      290 |   0.6852 |  2.788927e+06 |   +7.79% |  2.08e-10 |      
      300 |   0.6441 |  2.927410e+06 |   +4.97% |  3.34e-10 |      
      310 |   0.6081 |  2.966532e+06 |   +1.34% |  5.41e-10 |      
      320 |   0.5675 |  2.948588e+06 |   -0.60% |  8.79e-10 |      
      330 |   0.5248 |  2.964893e+06 |   +0.55% |  1.43e-09 |      
      340 |   0.4798 |  3.008941e+06 |   +1.49% |  2.31e-09 |      
      350 |   0.4352 |  3.024189e+06 |   +0.51% |  3.76e-09 |      
      360 |   0.3919 |  3.021466e+06 |   -0.09% |  6.12e-09 |      
      370 |   0.3496 |  3.033190e+06 |   +0.39% |  9.96e-09 |      
      380 |   0.3153 |  3.026420e+06 |   -0.22% |  1.48e-08 |      
      390 |   0.2856 |  3.026636e+06 |   +0.01% |  2.18e-08 |      
      400 |   0.2588 |  3.027997e+06 |   +0.04% |  3.22e-08 |      
      410 |   0.2353 |  3.033140e+06 |   +0.17% |  4.74e-08 |      
      420 |   0.2141 |  3.038342e+06 |   +0.17% |  6.97e-08 |      
      430 |   0.1962 |  3.044738e+06 |   +0.21% |  1.03e-07 |      
      440 |   0.1774 |  3.053059e+06 |   +0.27% |  1.51e-07 |      
      450 |   0.1592 |  3.063681e+06 |   +0.35% |  2.22e-07 |      
      460 |   0.1413 |  3.077852e+06 |   +0.46% |  3.27e-07 |      
      470 |   0.1244 |  3.083602e+06 |   +0.19% |  4.82e-07 |      
      480 |   0.1095 |  3.087189e+06 |   +0.12% |  7.09e-07 |      
      489 |   0.0994 |  3.101028e+06 |          |  1.04e-06 |      
---------------------------------------------------------------
[INFO GPL-1001] Global placement finished at iteration 489
[INFO GPL-1002] Placed Cell Area            1573318.3834
[INFO GPL-1003] Available Free Area         15137137.7152
[INFO GPL-1004] Minimum Feasible Density        0.1100 (cell_area / free_area)
[INFO GPL-1006]   Suggested Target Densities:
[INFO GPL-1007]     - For 90% usage of free space: 0.1155
[INFO GPL-1008]     - For 80% usage of free space: 0.1299
[INFO GPL-1009]     - For 50% usage of free space: 0.2079
[INFO GPL-1014] Final placement area: 1573318.38 (+0.00%)
Took 48 seconds: global_placement -skip_io -density 0.5 -pad_left 0 -pad_right 0
Design area 1797252 um^2 12% utilization.
write_db ./results/sky130hd/d_nw01_cand_chat_scored/base/3_1_place_gp_skip_io.odb
Elapsed time: 0:50.48[h:]min:sec. CPU time: user 90.42 sys 0.95 (180%). Peak memory: 662832KB.
Log                       Ext     Elapsed/s Peak Memory/MB sha1sum result [0:20)
3_1_place_gp_skip_io      .odb           50            647 22bd89ff5ef956be64cd
/OpenROAD-flow-scripts/flow/scripts/flow.sh 3_2_place_iop io_placement
Running io_placement.tcl, stage 3_2_place_iop
read_liberty /OpenROAD-flow-scripts/flow/platforms/sky130hd/lib/sky130_fd_sc_hd__tt_025C_1v80.lib
read_db ./results/sky130hd/d_nw01_cand_chat_scored/base/3_1_place_gp_skip_io.odb
read_sdc ./results/sky130hd/d_nw01_cand_chat_scored/base/2_floorplan.sdc
source /OpenROAD-flow-scripts/flow/platforms/sky130hd/setRC.tcl
place_pins -hor_layers met3 -ver_layers met2
Found 0 macro blocks.
Using 2 tracks default min distance between IO pins.
[INFO PPL-0001] Number of available slots 14302
[INFO PPL-0002] Number of I/O             1356
[INFO PPL-0003] Number of I/O w/sink      1356
[INFO PPL-0004] Number of I/O w/o sink    0
[INFO PPL-0005] Slots per section         200
[INFO PPL-0008] Successfully assigned pins to sections.
[INFO PPL-0012] I/O nets HPWL: 2035542.75 um.
Design area 1797252 um^2 12% utilization.
write_db ./results/sky130hd/d_nw01_cand_chat_scored/base/3_2_place_iop.odb
Elapsed time: 0:03.22[h:]min:sec. CPU time: user 2.29 sys 0.41 (84%). Peak memory: 558528KB.
Log                       Ext     Elapsed/s Peak Memory/MB sha1sum result [0:20)
3_2_place_iop             .odb            3            545 54f1ee7cc0207f209600
/OpenROAD-flow-scripts/flow/scripts/flow.sh 3_3_place_gp global_place
Running global_place.tcl, stage 3_3_place_gp
read_liberty /OpenROAD-flow-scripts/flow/platforms/sky130hd/lib/sky130_fd_sc_hd__tt_025C_1v80.lib
read_db ./results/sky130hd/d_nw01_cand_chat_scored/base/3_2_place_iop.odb
read_sdc ./results/sky130hd/d_nw01_cand_chat_scored/base/2_floorplan.sdc
source /OpenROAD-flow-scripts/flow/platforms/sky130hd/setRC.tcl
[INFO RSZ-0026] Removed 3551 buffers.
Perform port buffering...
[INFO RSZ-0027] Inserted 745 sky130_fd_sc_hd__clkdlybuf4s50_1 input buffers.
[INFO RSZ-0028] Inserted 606 sky130_fd_sc_hd__clkdlybuf4s50_1 output buffers.
global_placement -density 0.5 -pad_left 0 -pad_right 0 -routability_driven -timing_driven -force_center_initial_place -min_phi_coef 0.95 -max_phi_coef 1.05
[INFO GPL-0001] ---- Initialize GPL Main Data Structures
[INFO GPL-0002] DBU: 1000
[INFO GPL-0003] SiteSize: (  0.460  2.720 ) um
[INFO GPL-0004] CoreBBox: (  1.380  2.720 ) ( 3926.100 3924.960 ) um
[INFO GPL-0016] Core area:                  15393693.773 um^2
[INFO GPL-0036] Movable instances area:     1539649.146 um^2
[INFO GPL-0037] Total instances area:       1796205.203 um^2
[INFO GPL-0035] Pin density area adjust:     32624.694 um^2
[INFO GPL-0032] ---- Initialize Region: Top-level
[INFO GPL-0006] Number of instances:            266442
[INFO GPL-0007] Movable instances:               61394
[INFO GPL-0008] Fixed instances:                205048
[INFO GPL-0009] Dummy instances:                     0
[INFO GPL-0010] Number of nets:                  62718
[INFO GPL-0011] Number of pins:                 280787
[INFO GPL-0012] Die BBox:       (  0.000  0.000 ) ( 3927.110 3927.110 ) um
[INFO GPL-0013] Placement BBox: (  1.380  2.720 ) ( 3926.100 3924.960 ) um
[INFO GPL-0014] Region name: top-level.
[INFO GPL-0015] Region area:                15393693.773 um^2
[INFO GPL-0017] Fixed instances area:       256556.058 um^2
[INFO GPL-0018] Movable instances area:     1572273.840 um^2
[INFO GPL-0019] Utilization:                    10.387 %
[INFO GPL-0020] Standard cells area:        1572273.840 um^2
[INFO GPL-0021] Large instances area:            0.000 um^2
[INFO GPL-0005] ---- Execute Conjugate Gradient Initial Placement.
[INFO GPL-0051] Source of initial instance position counters:
	Odb location = 0	Core center = 61394	Region center = 0
[InitialPlace]  Iter: 1 conjugate gradient residual: 0.01650655 HPWL: 4947955612
[InitialPlace]  Iter: 2 conjugate gradient residual: 0.00230742 HPWL: 3568725716
[InitialPlace]  Iter: 3 conjugate gradient residual: 0.00169801 HPWL: 2975678386
[InitialPlace]  Iter: 4 conjugate gradient residual: 0.00023070 HPWL: 2817428084
[InitialPlace]  Iter: 5 conjugate gradient residual: 0.00015303 HPWL: 2539001340
[InitialPlace]  Iter: 6 conjugate gradient residual: 0.00006259 HPWL: 2314197496
[InitialPlace]  Iter: 7 conjugate gradient residual: 0.00004461 HPWL: 2203501034
[InitialPlace]  Iter: 8 conjugate gradient residual: 0.00004031 HPWL: 2166988735
[InitialPlace]  Iter: 9 conjugate gradient residual: 0.00004910 HPWL: 2161599254
[InitialPlace]  Iter: 10 conjugate gradient residual: 0.00004283 HPWL: 2156330603
[InitialPlace]  Iter: 11 conjugate gradient residual: 0.00004828 HPWL: 2151783219
[InitialPlace]  Iter: 12 conjugate gradient residual: 0.00004184 HPWL: 2149139586
[InitialPlace]  Iter: 13 conjugate gradient residual: 0.00004092 HPWL: 2143052290
[InitialPlace]  Iter: 14 conjugate gradient residual: 0.00003964 HPWL: 2140462154
[InitialPlace]  Iter: 15 conjugate gradient residual: 0.00004304 HPWL: 2134239370
[InitialPlace]  Iter: 16 conjugate gradient residual: 0.00004048 HPWL: 2132534538
[InitialPlace]  Iter: 17 conjugate gradient residual: 0.00004470 HPWL: 2127625418
[InitialPlace]  Iter: 18 conjugate gradient residual: 0.00003835 HPWL: 2127332780
[InitialPlace]  Iter: 19 conjugate gradient residual: 0.00003912 HPWL: 2123032880
[InitialPlace]  Iter: 20 conjugate gradient residual: 0.00005254 HPWL: 2122390088
[INFO GPL-0033] ---- Initialize Nesterov Region: Top-level
[INFO GPL-0023] Placement target density:       0.5000
[INFO GPL-0024] Movable insts average area:     25.610 um^2
[INFO GPL-0025] Ideal bin area:                 51.219 um^2
[INFO GPL-0026] Ideal bin count:                300545
[INFO GPL-0027] Total bin area:             15393693.773 um^2
[INFO GPL-0028] Bin count (X, Y):         512 ,    512
[INFO GPL-0029] Bin size (W * H):       7.665 *  7.661 um
[INFO GPL-0030] Number of bins:                 262144
[INFO GPL-0084] ---- Execute Nesterov Global Placement.
[INFO GPL-0031] HPWL: Half-Perimeter Wirelength
Iteration | Overflow |     HPWL (um) |  HPWL(%) |   Penalty | Group
---------------------------------------------------------------
        0 |   0.9850 |  1.293255e+06 |   +0.00% |  7.57e-17 |      
       10 |   0.9691 |  1.573367e+06 |  +21.66% |  1.19e-16 |      
       20 |   0.9625 |  1.625636e+06 |   +3.32% |  1.92e-16 |      
       30 |   0.9588 |  1.665203e+06 |   +2.43% |  3.12e-16 |      
       40 |   0.9581 |  1.709581e+06 |   +2.67% |  5.06e-16 |      
       50 |   0.9578 |  1.732755e+06 |   +1.36% |  8.22e-16 |      
       60 |   0.9576 |  1.736763e+06 |   +0.23% |  1.34e-15 |      
       70 |   0.9584 |  1.740292e+06 |   +0.20% |  2.18e-15 |      
       80 |   0.9586 |  1.738538e+06 |   -0.10% |  3.55e-15 |      
       90 |   0.9581 |  1.737598e+06 |   -0.05% |  5.78e-15 |      
      100 |   0.9581 |  1.741004e+06 |   +0.20% |  9.41e-15 |      
      110 |   0.9579 |  1.747034e+06 |   +0.35% |  1.53e-14 |      
      120 |   0.9574 |  1.756105e+06 |   +0.52% |  2.49e-14 |      
      130 |   0.9572 |  1.768199e+06 |   +0.69% |  4.06e-14 |      
      140 |   0.9564 |  1.782337e+06 |   +0.80% |  6.60e-14 |      
      150 |   0.9553 |  1.798443e+06 |   +0.90% |  1.07e-13 |      
      160 |   0.9533 |  1.816033e+06 |   +0.98% |  1.74e-13 |      
      170 |   0.9513 |  1.834427e+06 |   +1.01% |  2.84e-13 |      
      180 |   0.9487 |  1.857279e+06 |   +1.25% |  4.61e-13 |      
      190 |   0.9453 |  1.889258e+06 |   +1.72% |  7.48e-13 |      
      200 |   0.9404 |  1.940622e+06 |   +2.72% |  1.21e-12 |      
      210 |   0.9325 |  2.017813e+06 |   +3.98% |  1.96e-12 |      
      220 |   0.9203 |  2.115881e+06 |   +4.86% |  3.16e-12 |      
      230 |   0.9050 |  2.211683e+06 |   +4.53% |  5.09e-12 |      
      240 |   0.8881 |  2.279386e+06 |   +3.06% |  8.22e-12 |      
      250 |   0.8664 |  2.328532e+06 |   +2.16% |  1.33e-11 |      
      260 |   0.8354 |  2.462059e+06 |   +5.73% |  2.14e-11 |      
      270 |   0.8006 |  2.643619e+06 |   +7.37% |  3.42e-11 |      
      280 |   0.7684 |  2.617914e+06 |   -0.97% |  5.55e-11 |      
      290 |   0.7316 |  2.615686e+06 |   -0.09% |  9.00e-11 |      
      300 |   0.6932 |  2.718970e+06 |   +3.95% |  1.45e-10 |      
      310 |   0.6638 |  2.717322e+06 |   -0.06% |  2.35e-10 |      
      320 |   0.6316 |  2.773977e+06 |   +2.08% |  3.80e-10 |      
[INFO GPL-0100] Timing-driven iteration 1/2, virtual: false.
[INFO GPL-0101]    Iter: 321, overflow: 0.632, keep resizer changes at: 1, HPWL: 2773977397
Iteration |   Area    | Resized | Buffers | Nets repaired | Remaining
---------------------------------------------------------------------
        0 |     +0.0% |       0 |       0 |             0 |     62722
[WARNING RSZ-3310] Buffer limit reached (5045); stopping repair pass on doomed run.
    final |     +6.8% |    1223 |    5045 |          1213 |      1969
---------------------------------------------------------------------
[INFO RSZ-0034] Found 1259 slew violations.
[INFO RSZ-0036] Found 824 capacitance violations.
[INFO RSZ-0037] Found 145 long wires.
[INFO RSZ-0039] Resized 1223 instances.
[INFO RSZ-0038] Inserted 5045 buffers in 1213 nets.
   Iter   |    Area   | Removed | Inserted |   Pins
          |           | Buffers | Buffers  | Remaining
-------------------------------------------------------
        0 |     +0.0% |       0 |        0 |     61968
[WARNING RSZ-2005] cannot find a viable buffering solution on pin _46062_/Y after 1 rounds of buffering (no solution meets design rules)
[WARNING RSZ-2005] cannot find a viable buffering solution on pin _46505_/Y after 1 rounds of buffering (no solution meets design rules)
[WARNING RSZ-2005] cannot find a viable buffering solution on pin _43369_/Y after 1 rounds of buffering (no solution meets design rules)
[WARNING RSZ-2005] cannot find a viable buffering solution on pin _30762_/Y after 1 rounds of buffering (no solution meets design rules)
[WARNING RSZ-2005] cannot find a viable buffering solution on pin _41822_/Y after 1 rounds of buffering (no solution meets design rules)
[WARNING RSZ-2005] cannot find a viable buffering solution on pin _41814_/Y after 1 rounds of buffering (no solution meets design rules)
[WARNING RSZ-2005] cannot find a viable buffering solution on pin _38244_/X after 1 rounds of buffering (no solution meets design rules)
[WARNING RSZ-2005] cannot find a viable buffering solution on pin _38239_/X after 1 rounds of buffering (no solution meets design rules)
[WARNING RSZ-2005] cannot find a viable buffering solution on pin _37737_/X after 1 rounds of buffering (no solution meets design rules)
[WARNING RSZ-2005] cannot find a viable buffering solution on pin _37732_/X after 1 rounds of buffering (no solution meets design rules)
[WARNING RSZ-2005] cannot find a viable buffering solution on pin _38704_/X after 1 rounds of buffering (no solution meets design rules)
[WARNING RSZ-2005] cannot find a viable buffering solution on pin _38616_/X after 1 rounds of buffering (no solution meets design rules)
[WARNING RSZ-2005] cannot find a viable buffering solution on pin _38611_/X after 1 rounds of buffering (no solution meets design rules)
[WARNING RSZ-2005] cannot find a viable buffering solution on pin _37344_/X after 1 rounds of buffering (no solution meets design rules)
[WARNING RSZ-2005] cannot find a viable buffering solution on pin _37338_/X after 1 rounds of buffering (no solution meets design rules)
[WARNING RSZ-2005] cannot find a viable buffering solution on pin _37232_/X after 1 rounds of buffering (no solution meets design rules)
[WARNING RSZ-2005] cannot find a viable buffering solution on pin _37227_/X after 1 rounds of buffering (no solution meets design rules)
[WARNING RSZ-2005] cannot find a viable buffering solution on pin _34024_/X after 1 rounds of buffering (no solution meets design rules)
[WARNING RSZ-2005] cannot find a viable buffering solution on pin _33198_/X after 1 rounds of buffering (no solution meets design rules)
[WARNING RSZ-2005] cannot find a viable buffering solution on pin _32756_/X after 1 rounds of buffering (no solution meets design rules)
[WARNING RSZ-2005] cannot find a viable buffering solution on pin _31940_/X after 1 rounds of buffering (no solution meets design rules)
[WARNING RSZ-2005] cannot find a viable buffering solution on pin _38709_/X after 1 rounds of buffering (no solution meets design rules)
[WARNING RSZ-2005] cannot find a viable buffering solution on pin _38378_/X after 1 rounds of buffering (no solution meets design rules)
[WARNING RSZ-2005] cannot find a viable buffering solution on pin _38149_/X after 1 rounds of buffering (no solution meets design rules)
[WARNING RSZ-2005] cannot find a viable buffering solution on pin _38143_/X after 1 rounds of buffering (no solution meets design rules)
[WARNING RSZ-2005] cannot find a viable buffering solution on pin _37837_/X after 1 rounds of buffering (no solution meets design rules)
[WARNING RSZ-2005] cannot find a viable buffering solution on pin _36902_/X after 1 rounds of buffering (no solution meets design rules)
[WARNING RSZ-2005] cannot find a viable buffering solution on pin _36895_/X after 1 rounds of buffering (no solution meets design rules)
[WARNING RSZ-2005] cannot find a viable buffering solution on pin _36684_/X after 1 rounds of buffering (no solution meets design rules)
[WARNING RSZ-2005] cannot find a viable buffering solution on pin _36678_/X after 1 rounds of buffering (no solution meets design rules)
[WARNING RSZ-2005] cannot find a viable buffering solution on pin _36292_/X after 1 rounds of buffering (no solution meets design rules)
[WARNING RSZ-2005] cannot find a viable buffering solution on pin _36287_/X after 1 rounds of buffering (no solution meets design rules)
[WARNING RSZ-2005] cannot find a viable buffering solution on pin _35632_/X after 1 rounds of buffering (no solution meets design rules)
[WARNING RSZ-2005] cannot find a viable buffering solution on pin _35627_/X after 1 rounds of buffering (no solution meets design rules)
[WARNING RSZ-2005] cannot find a viable buffering solution on pin _35579_/X after 1 rounds of buffering (no solution meets design rules)
[WARNING RSZ-2005] cannot find a viable buffering solution on pin _35573_/X after 1 rounds of buffering (no solution meets design rules)
[WARNING RSZ-2005] cannot find a viable buffering solution on pin _35081_/X after 1 rounds of buffering (no solution meets design rules)
[WARNING RSZ-2005] cannot find a viable buffering solution on pin _35072_/X after 1 rounds of buffering (no solution meets design rules)
[WARNING RSZ-2005] cannot find a viable buffering solution on pin _34915_/X after 1 rounds of buffering (no solution meets design rules)
[WARNING RSZ-2005] cannot find a viable buffering solution on pin _34910_/X after 1 rounds of buffering (no solution meets design rules)
[WARNING RSZ-2005] cannot find a viable buffering solution on pin _32646_/X after 1 rounds of buffering (no solution meets design rules)
[WARNING RSZ-2005] cannot find a viable buffering solution on pin _38523_/X after 1 rounds of buffering (no solution meets design rules)
[WARNING RSZ-2005] cannot find a viable buffering solution on pin _38518_/X after 1 rounds of buffering (no solution meets design rules)
[WARNING RSZ-2005] cannot find a viable buffering solution on pin _38383_/X after 1 rounds of buffering (no solution meets design rules)
[WARNING RSZ-2005] cannot find a viable buffering solution on pin _38054_/X after 1 rounds of buffering (no solution meets design rules)
[WARNING RSZ-2005] cannot find a viable buffering solution on pin _38049_/X after 1 rounds of buffering (no solution meets design rules)
[WARNING RSZ-2005] cannot find a viable buffering solution on pin _37951_/X after 1 rounds of buffering (no solution meets design rules)
[WARNING RSZ-2005] cannot find a viable buffering solution on pin _37946_/X after 1 rounds of buffering (no solution meets design rules)
[WARNING RSZ-2005] cannot find a viable buffering solution on pin _37842_/X after 1 rounds of buffering (no solution meets design rules)
[WARNING RSZ-2005] cannot find a viable buffering solution on pin _37622_/X after 1 rounds of buffering (no solution meets design rules)
[WARNING RSZ-2005] cannot find a viable buffering solution on pin _37616_/X after 1 rounds of buffering (no solution meets design rules)
[WARNING RSZ-2005] cannot find a viable buffering solution on pin _37072_/X after 1 rounds of buffering (no solution meets design rules)
[WARNING RSZ-2005] cannot find a viable buffering solution on pin _37064_/X after 1 rounds of buffering (no solution meets design rules)
[WARNING RSZ-2005] cannot find a viable buffering solution on pin _36512_/X after 1 rounds of buffering (no solution meets design rules)
[WARNING RSZ-2005] cannot find a viable buffering solution on pin _36070_/X after 1 rounds of buffering (no solution meets design rules)
[WARNING RSZ-2005] cannot find a viable buffering solution on pin _35741_/X after 1 rounds of buffering (no solution meets design rules)
[WARNING RSZ-2005] cannot find a viable buffering solution on pin _35413_/X after 1 rounds of buffering (no solution meets design rules)
[WARNING RSZ-2005] cannot find a viable buffering solution on pin _35407_/X after 1 rounds of buffering (no solution meets design rules)
[WARNING RSZ-2005] cannot find a viable buffering solution on pin _34082_/X after 1 rounds of buffering (no solution meets design rules)
[WARNING RSZ-2005] cannot find a viable buffering solution on pin _34077_/X after 1 rounds of buffering (no solution meets design rules)
[WARNING RSZ-2005] cannot find a viable buffering solution on pin _34030_/X after 1 rounds of buffering (no solution meets design rules)
[WARNING RSZ-2005] cannot find a viable buffering solution on pin _33866_/X after 1 rounds of buffering (no solution meets design rules)
[WARNING RSZ-2005] cannot find a viable buffering solution on pin _33861_/X after 1 rounds of buffering (no solution meets design rules)
[WARNING RSZ-2005] cannot find a viable buffering solution on pin _33528_/X after 1 rounds of buffering (no solution meets design rules)
[WARNING RSZ-2005] cannot find a viable buffering solution on pin _33204_/X after 1 rounds of buffering (no solution meets design rules)
[WARNING RSZ-2005] cannot find a viable buffering solution on pin _33092_/X after 1 rounds of buffering (no solution meets design rules)
[WARNING RSZ-2005] cannot find a viable buffering solution on pin _33085_/X after 1 rounds of buffering (no solution meets design rules)
[WARNING RSZ-2005] cannot find a viable buffering solution on pin _32977_/X after 1 rounds of buffering (no solution meets design rules)
[WARNING RSZ-2005] cannot find a viable buffering solution on pin _32972_/X after 1 rounds of buffering (no solution meets design rules)
[WARNING RSZ-2005] cannot find a viable buffering solution on pin _32654_/X after 1 rounds of buffering (no solution meets design rules)
[WARNING RSZ-2005] cannot find a viable buffering solution on pin _31946_/X after 1 rounds of buffering (no solution meets design rules)
[WARNING RSZ-2005] cannot find a viable buffering solution on pin _38802_/X after 1 rounds of buffering (no solution meets design rules)
[WARNING RSZ-2005] cannot find a viable buffering solution on pin _38797_/X after 1 rounds of buffering (no solution meets design rules)
[WARNING RSZ-2005] cannot find a viable buffering solution on pin _38786_/X after 1 rounds of buffering (no solution meets design rules)
[WARNING RSZ-2005] cannot find a viable buffering solution on pin _38693_/X after 1 rounds of buffering (no solution meets design rules)
[WARNING RSZ-2005] cannot find a viable buffering solution on pin _38605_/X after 1 rounds of buffering (no solution meets design rules)
[WARNING RSZ-2005] cannot find a viable buffering solution on pin _38600_/X after 1 rounds of buffering (no solution meets design rules)
[WARNING RSZ-2005] cannot find a viable buffering solution on pin _38512_/X after 1 rounds of buffering (no solution meets design rules)
[WARNING RSZ-2005] cannot find a viable buffering solution on pin _38507_/X after 1 rounds of buffering (no solution meets design rules)
[WARNING RSZ-2005] cannot find a viable buffering solution on pin _38430_/X after 1 rounds of buffering (no solution meets design rules)
[WARNING RSZ-2005] cannot find a viable buffering solution on pin _38425_/X after 1 rounds of buffering (no solution meets design rules)
[WARNING RSZ-2005] cannot find a viable buffering solution on pin _38233_/X after 1 rounds of buffering (no solution meets design rules)
[WARNING RSZ-2005] cannot find a viable buffering solution on pin _38228_/X after 1 rounds of buffering (no solution meets design rules)
[WARNING RSZ-2005] cannot find a viable buffering solution on pin _38043_/X after 1 rounds of buffering (no solution meets design rules)
[WARNING RSZ-2005] cannot find a viable buffering solution on pin _38038_/X after 1 rounds of buffering (no solution meets design rules)
[WARNING RSZ-2005] cannot find a viable buffering solution on pin _37831_/X after 1 rounds of buffering (no solution meets design rules)
[WARNING RSZ-2005] cannot find a viable buffering solution on pin _37825_/X after 1 rounds of buffering (no solution meets design rules)
[WARNING RSZ-2005] cannot find a viable buffering solution on pin _37723_/X after 1 rounds of buffering (no solution meets design rules)
[WARNING RSZ-2005] cannot find a viable buffering solution on pin _37716_/X after 1 rounds of buffering (no solution meets design rules)
[WARNING RSZ-2005] cannot find a viable buffering solution on pin _37567_/X after 1 rounds of buffering (no solution meets design rules)
[WARNING RSZ-2005] cannot find a viable buffering solution on pin _37396_/X after 1 rounds of buffering (no solution meets design rules)
[WARNING RSZ-2005] cannot find a viable buffering solution on pin _37391_/X after 1 rounds of buffering (no solution meets design rules)
[WARNING RSZ-2005] cannot find a viable buffering solution on pin _37057_/X after 1 rounds of buffering (no solution meets design rules)
[WARNING RSZ-2005] cannot find a viable buffering solution on pin _37051_/X after 1 rounds of buffering (no solution meets design rules)
[WARNING RSZ-2005] cannot find a viable buffering solution on pin _36951_/X after 1 rounds of buffering (no solution meets design rules)
[WARNING RSZ-2005] cannot find a viable buffering solution on pin _36946_/X after 1 rounds of buffering (no solution meets design rules)
     6100 |     +2.2% |    3204 |     8299 |     55868
[WARNING RSZ-2005] cannot find a viable buffering solution on pin _36518_/X after 1 rounds of buffering (no solution meets design rules)
[WARNING RSZ-2005] cannot find a viable buffering solution on pin _36075_/X after 1 rounds of buffering (no solution meets design rules)
[WARNING RSZ-2005] cannot find a viable buffering solution on pin _35736_/X after 1 rounds of buffering (no solution meets design rules)
[WARNING RSZ-2005] cannot find a viable buffering solution on pin _34302_/X after 1 rounds of buffering (no solution meets design rules)
[WARNING RSZ-2005] cannot find a viable buffering solution on pin _34013_/X after 1 rounds of buffering (no solution meets design rules)
[WARNING RSZ-2005] cannot find a viable buffering solution on pin _33811_/X after 1 rounds of buffering (no solution meets design rules)
[WARNING RSZ-2005] cannot find a viable buffering solution on pin _33806_/X after 1 rounds of buffering (no solution meets design rules)
[WARNING RSZ-2005] cannot find a viable buffering solution on pin _33533_/X after 1 rounds of buffering (no solution meets design rules)
[WARNING RSZ-2005] cannot find a viable buffering solution on pin _33514_/X after 1 rounds of buffering (no solution meets design rules)
[WARNING RSZ-2005] cannot find a viable buffering solution on pin _33298_/X after 1 rounds of buffering (no solution meets design rules)
[WARNING RSZ-2005] cannot find a viable buffering solution on pin _33072_/X after 1 rounds of buffering (no solution meets design rules)
[WARNING RSZ-2005] cannot find a viable buffering solution on pin _32919_/X after 1 rounds of buffering (no solution meets design rules)
[WARNING RSZ-2005] cannot find a viable buffering solution on pin _32761_/X after 1 rounds of buffering (no solution meets design rules)
[WARNING RSZ-2005] cannot find a viable buffering solution on pin _32633_/X after 1 rounds of buffering (no solution meets design rules)
[WARNING RSZ-2005] cannot find a viable buffering solution on pin _32533_/X after 1 rounds of buffering (no solution meets design rules)
[WARNING RSZ-2005] cannot find a viable buffering solution on pin _32528_/X after 1 rounds of buffering (no solution meets design rules)
[WARNING RSZ-2005] cannot find a viable buffering solution on pin _32517_/X after 1 rounds of buffering (no solution meets design rules)
[WARNING RSZ-2005] cannot find a viable buffering solution on pin _38414_/X after 1 rounds of buffering (no solution meets design rules)
[WARNING RSZ-2005] cannot find a viable buffering solution on pin _38372_/X after 1 rounds of buffering (no solution meets design rules)
[WARNING RSZ-2005] cannot find a viable buffering solution on pin _38137_/X after 1 rounds of buffering (no solution meets design rules)
[WARNING RSZ-2005] cannot find a viable buffering solution on pin _37938_/X after 1 rounds of buffering (no solution meets design rules)
[WARNING RSZ-2005] cannot find a viable buffering solution on pin _37932_/X after 1 rounds of buffering (no solution meets design rules)
[WARNING RSZ-2005] cannot find a viable buffering solution on pin _37812_/X after 1 rounds of buffering (no solution meets design rules)
[WARNING RSZ-2005] cannot find a viable buffering solution on pin _37602_/X after 1 rounds of buffering (no solution meets design rules)
[WARNING RSZ-2005] cannot find a viable buffering solution on pin _37560_/X after 1 rounds of buffering (no solution meets design rules)
[WARNING RSZ-2005] cannot find a viable buffering solution on pin _37201_/X after 1 rounds of buffering (no solution meets design rules)
[WARNING RSZ-2005] cannot find a viable buffering solution on pin _36867_/X after 1 rounds of buffering (no solution meets design rules)
[WARNING RSZ-2005] cannot find a viable buffering solution on pin _36737_/X after 1 rounds of buffering (no solution meets design rules)
[WARNING RSZ-2005] cannot find a viable buffering solution on pin _36732_/X after 1 rounds of buffering (no solution meets design rules)
[WARNING RSZ-2005] cannot find a viable buffering solution on pin _36498_/X after 1 rounds of buffering (no solution meets design rules)
[WARNING RSZ-2005] cannot find a viable buffering solution on pin _36407_/X after 1 rounds of buffering (no solution meets design rules)
[WARNING RSZ-2005] cannot find a viable buffering solution on pin _36400_/X after 1 rounds of buffering (no solution meets design rules)
[WARNING RSZ-2005] cannot find a viable buffering solution on pin _36274_/X after 1 rounds of buffering (no solution meets design rules)
[WARNING RSZ-2005] cannot find a viable buffering solution on pin _36177_/X after 1 rounds of buffering (no solution meets design rules)
[WARNING RSZ-2005] cannot find a viable buffering solution on pin _34308_/X after 1 rounds of buffering (no solution meets design rules)
[WARNING RSZ-2005] cannot find a viable buffering solution on pin _33633_/X after 1 rounds of buffering (no solution meets design rules)
[WARNING RSZ-2005] cannot find a viable buffering solution on pin _33622_/X after 1 rounds of buffering (no solution meets design rules)
[WARNING RSZ-2005] cannot find a viable buffering solution on pin _33319_/X after 1 rounds of buffering (no solution meets design rules)
[WARNING RSZ-2005] cannot find a viable buffering solution on pin _33314_/X after 1 rounds of buffering (no solution meets design rules)
[WARNING RSZ-2005] cannot find a viable buffering solution on pin _33184_/X after 1 rounds of buffering (no solution meets design rules)
[WARNING RSZ-2005] cannot find a viable buffering solution on pin _32925_/X after 1 rounds of buffering (no solution meets design rules)
[WARNING RSZ-2005] cannot find a viable buffering solution on pin _32744_/X after 1 rounds of buffering (no solution meets design rules)
[WARNING RSZ-2005] cannot find a viable buffering solution on pin _31926_/X after 1 rounds of buffering (no solution meets design rules)
[WARNING RSZ-2005] cannot find a viable buffering solution on pin _31781_/X after 1 rounds of buffering (no solution meets design rules)
[WARNING RSZ-2005] cannot find a viable buffering solution on pin _31723_/X after 1 rounds of buffering (no solution meets design rules)
[WARNING RSZ-2005] cannot find a viable buffering solution on pin _31717_/X after 1 rounds of buffering (no solution meets design rules)
[WARNING RSZ-2005] cannot find a viable buffering solution on pin _31550_/X after 1 rounds of buffering (no solution meets design rules)
[WARNING RSZ-2005] cannot find a viable buffering solution on pin _39068_/X after 1 rounds of buffering (no solution meets design rules)
[WARNING RSZ-2005] cannot find a viable buffering solution on pin _39063_/X after 1 rounds of buffering (no solution meets design rules)
[WARNING RSZ-2005] cannot find a viable buffering solution on pin _38791_/X after 1 rounds of buffering (no solution meets design rules)
[WARNING RSZ-2005] cannot find a viable buffering solution on pin _38698_/X after 1 rounds of buffering (no solution meets design rules)
[WARNING RSZ-2005] cannot find a viable buffering solution on pin _38419_/X after 1 rounds of buffering (no solution meets design rules)
[WARNING RSZ-2005] cannot find a viable buffering solution on pin _38367_/X after 1 rounds of buffering (no solution meets design rules)
[WARNING RSZ-2005] cannot find a viable buffering solution on pin _38132_/X after 1 rounds of buffering (no solution meets design rules)
[WARNING RSZ-2005] cannot find a viable buffering solution on pin _38121_/X after 1 rounds of buffering (no solution meets design rules)
[WARNING RSZ-2005] cannot find a viable buffering solution on pin _37554_/X after 1 rounds of buffering (no solution meets design rules)
[WARNING RSZ-2005] cannot find a viable buffering solution on pin _37547_/X after 1 rounds of buffering (no solution meets design rules)
[WARNING RSZ-2005] cannot find a viable buffering solution on pin _37385_/X after 1 rounds of buffering (no solution meets design rules)
[WARNING RSZ-2005] cannot find a viable buffering solution on pin _37378_/X after 1 rounds of buffering (no solution meets design rules)
[WARNING RSZ-2005] cannot find a viable buffering solution on pin _37332_/X after 1 rounds of buffering (no solution meets design rules)
[WARNING RSZ-2005] cannot find a viable buffering solution on pin _37327_/X after 1 rounds of buffering (no solution meets design rules)
[WARNING RSZ-2005] cannot find a viable buffering solution on pin _37215_/X after 1 rounds of buffering (no solution meets design rules)
[WARNING RSZ-2005] cannot find a viable buffering solution on pin _37039_/X after 1 rounds of buffering (no solution meets design rules)
[WARNING RSZ-2005] cannot find a viable buffering solution on pin _36940_/X after 1 rounds of buffering (no solution meets design rules)
[WARNING RSZ-2005] cannot find a viable buffering solution on pin _36935_/X after 1 rounds of buffering (no solution meets design rules)
[WARNING RSZ-2005] cannot find a viable buffering solution on pin _36726_/X after 1 rounds of buffering (no solution meets design rules)
[WARNING RSZ-2005] cannot find a viable buffering solution on pin _36720_/X after 1 rounds of buffering (no solution meets design rules)
[WARNING RSZ-2005] cannot find a viable buffering solution on pin _36653_/X after 1 rounds of buffering (no solution meets design rules)
[WARNING RSZ-2005] cannot find a viable buffering solution on pin _36387_/X after 1 rounds of buffering (no solution meets design rules)
[WARNING RSZ-2005] cannot find a viable buffering solution on pin _36281_/X after 1 rounds of buffering (no solution meets design rules)
[WARNING RSZ-2005] cannot find a viable buffering solution on pin _36186_/X after 1 rounds of buffering (no solution meets design rules)
[WARNING RSZ-2005] cannot find a viable buffering solution on pin _36164_/X after 1 rounds of buffering (no solution meets design rules)
[WARNING RSZ-2005] cannot find a viable buffering solution on pin _36058_/X after 1 rounds of buffering (no solution meets design rules)
[WARNING RSZ-2005] cannot find a viable buffering solution on pin _35968_/X after 1 rounds of buffering (no solution meets design rules)
[WARNING RSZ-2005] cannot find a viable buffering solution on pin _35960_/X after 1 rounds of buffering (no solution meets design rules)
[WARNING RSZ-2005] cannot find a viable buffering solution on pin _35847_/X after 1 rounds of buffering (no solution meets design rules)
[WARNING RSZ-2005] cannot find a viable buffering solution on pin _35842_/X after 1 rounds of buffering (no solution meets design rules)
[WARNING RSZ-2005] cannot find a viable buffering solution on pin _35621_/X after 1 rounds of buffering (no solution meets design rules)
[WARNING RSZ-2005] cannot find a viable buffering solution on pin _35615_/X after 1 rounds of buffering (no solution meets design rules)
[WARNING RSZ-2005] cannot find a viable buffering solution on pin _35182_/X after 1 rounds of buffering (no solution meets design rules)
[WARNING RSZ-2005] cannot find a viable buffering solution on pin _35046_/X after 1 rounds of buffering (no solution meets design rules)
[WARNING RSZ-2005] cannot find a viable buffering solution on pin _34971_/X after 1 rounds of buffering (no solution meets design rules)
[WARNING RSZ-2005] cannot find a viable buffering solution on pin _34966_/X after 1 rounds of buffering (no solution meets design rules)
[WARNING RSZ-2005] cannot find a viable buffering solution on pin _33638_/X after 1 rounds of buffering (no solution meets design rules)
[WARNING RSZ-2005] cannot find a viable buffering solution on pin _33190_/X after 1 rounds of buffering (no solution meets design rules)
[WARNING RSZ-2005] cannot find a viable buffering solution on pin _32750_/X after 1 rounds of buffering (no solution meets design rules)
[WARNING RSZ-2005] cannot find a viable buffering solution on pin _32522_/X after 1 rounds of buffering (no solution meets design rules)
[WARNING RSZ-2005] cannot find a viable buffering solution on pin _31933_/X after 1 rounds of buffering (no solution meets design rules)
[WARNING RSZ-2005] cannot find a viable buffering solution on pin _31786_/X after 1 rounds of buffering (no solution meets design rules)
[WARNING RSZ-2005] cannot find a viable buffering solution on pin _31611_/X after 1 rounds of buffering (no solution meets design rules)
[WARNING RSZ-2005] cannot find a viable buffering solution on pin _31593_/X after 1 rounds of buffering (no solution meets design rules)
[WARNING RSZ-2005] cannot find a viable buffering solution on pin _31240_/X after 1 rounds of buffering (no solution meets design rules)
[WARNING RSZ-2005] cannot find a viable buffering solution on pin _31235_/X after 1 rounds of buffering (no solution meets design rules)
[WARNING RSZ-2005] cannot find a viable buffering solution on pin _39017_/X after 1 rounds of buffering (no solution meets design rules)
[WARNING RSZ-2005] cannot find a viable buffering solution on pin _38863_/X after 1 rounds of buffering (no solution meets design rules)
[WARNING RSZ-2005] cannot find a viable buffering solution on pin _38126_/X after 1 rounds of buffering (no solution meets design rules)
[WARNING RSZ-2005] cannot find a viable buffering solution on pin _37819_/X after 1 rounds of buffering (no solution meets design rules)
[WARNING RSZ-2005] cannot find a viable buffering solution on pin _37608_/X after 1 rounds of buffering (no solution meets design rules)
[WARNING RSZ-2005] cannot find a viable buffering solution on pin _37315_/X after 1 rounds of buffering (no solution meets design rules)
[WARNING RSZ-2005] cannot find a viable buffering solution on pin _37221_/X after 1 rounds of buffering (no solution meets design rules)
[WARNING RSZ-2005] cannot find a viable buffering solution on pin _37208_/X after 1 rounds of buffering (no solution meets design rules)
[WARNING RSZ-2005] cannot find a viable buffering solution on pin _37045_/X after 1 rounds of buffering (no solution meets design rules)
[WARNING RSZ-2005] cannot find a viable buffering solution on pin _36885_/X after 1 rounds of buffering (no solution meets design rules)
[WARNING RSZ-2005] cannot find a viable buffering solution on pin _36872_/X after 1 rounds of buffering (no solution meets design rules)
[WARNING RSZ-2005] cannot find a viable buffering solution on pin _36670_/X after 1 rounds of buffering (no solution meets design rules)
[WARNING RSZ-2005] cannot find a viable buffering solution on pin _36665_/X after 1 rounds of buffering (no solution meets design rules)
[WARNING RSZ-2005] cannot find a viable buffering solution on pin _36504_/X after 1 rounds of buffering (no solution meets design rules)
[WARNING RSZ-2005] cannot find a viable buffering solution on pin _36392_/X after 1 rounds of buffering (no solution meets design rules)
[WARNING RSZ-2005] cannot find a viable buffering solution on pin _36170_/X after 1 rounds of buffering (no solution meets design rules)
[WARNING RSZ-2005] cannot find a viable buffering solution on pin _35947_/X after 1 rounds of buffering (no solution meets design rules)
[WARNING RSZ-2005] cannot find a viable buffering solution on pin _35836_/X after 1 rounds of buffering (no solution meets design rules)
[WARNING RSZ-2005] cannot find a viable buffering solution on pin _35831_/X after 1 rounds of buffering (no solution meets design rules)
[WARNING RSZ-2005] cannot find a viable buffering solution on pin _35602_/X after 1 rounds of buffering (no solution meets design rules)
[WARNING RSZ-2005] cannot find a viable buffering solution on pin _35548_/X after 1 rounds of buffering (no solution meets design rules)
[WARNING RSZ-2005] cannot find a viable buffering solution on pin _35302_/X after 1 rounds of buffering (no solution meets design rules)
[WARNING RSZ-2005] cannot find a viable buffering solution on pin _35187_/X after 1 rounds of buffering (no solution meets design rules)
[WARNING RSZ-2005] cannot find a viable buffering solution on pin _35051_/X after 1 rounds of buffering (no solution meets design rules)
[WARNING RSZ-2005] cannot find a viable buffering solution on pin _34742_/X after 1 rounds of buffering (no solution meets design rules)
[WARNING RSZ-2005] cannot find a viable buffering solution on pin _34737_/X after 1 rounds of buffering (no solution meets design rules)
[WARNING RSZ-2005] cannot find a viable buffering solution on pin _34511_/X after 1 rounds of buffering (no solution meets design rules)
[WARNING RSZ-2005] cannot find a viable buffering solution on pin _34197_/X after 1 rounds of buffering (no solution meets design rules)
[WARNING RSZ-2005] cannot find a viable buffering solution on pin _34190_/X after 1 rounds of buffering (no solution meets design rules)
[WARNING RSZ-2005] cannot find a viable buffering solution on pin _34071_/X after 1 rounds of buffering (no solution meets design rules)
[WARNING RSZ-2005] cannot find a viable buffering solution on pin _34052_/X after 1 rounds of buffering (no solution meets design rules)
[WARNING RSZ-2005] cannot find a viable buffering solution on pin _33849_/X after 1 rounds of buffering (no solution meets design rules)
[WARNING RSZ-2005] cannot find a viable buffering solution on pin _33836_/X after 1 rounds of buffering (no solution meets design rules)
[WARNING RSZ-2005] cannot find a viable buffering solution on pin _33791_/X after 1 rounds of buffering (no solution meets design rules)
[WARNING RSZ-2005] cannot find a viable buffering solution on pin _33627_/X after 1 rounds of buffering (no solution meets design rules)
[WARNING RSZ-2005] cannot find a viable buffering solution on pin _33412_/X after 1 rounds of buffering (no solution meets design rules)
[WARNING RSZ-2005] cannot find a viable buffering solution on pin _33406_/X after 1 rounds of buffering (no solution meets design rules)
[WARNING RSZ-2005] cannot find a viable buffering solution on pin _33305_/X after 1 rounds of buffering (no solution meets design rules)
[WARNING RSZ-2005] cannot find a viable buffering solution on pin _32966_/X after 1 rounds of buffering (no solution meets design rules)
[WARNING RSZ-2005] cannot find a viable buffering solution on pin _32959_/X after 1 rounds of buffering (no solution meets design rules)
[WARNING RSZ-2005] cannot find a viable buffering solution on pin _32639_/X after 1 rounds of buffering (no solution meets design rules)
[WARNING RSZ-2005] cannot find a viable buffering solution on pin _32462_/X after 1 rounds of buffering (no solution meets design rules)
[WARNING RSZ-2005] cannot find a viable buffering solution on pin _31772_/X after 1 rounds of buffering (no solution meets design rules)
[WARNING RSZ-2005] cannot find a viable buffering solution on pin _31705_/X after 1 rounds of buffering (no solution meets design rules)
[WARNING RSZ-2005] cannot find a viable buffering solution on pin _31572_/X after 1 rounds of buffering (no solution meets design rules)
[WARNING RSZ-2005] cannot find a viable buffering solution on pin _31135_/X after 1 rounds of buffering (no solution meets design rules)
[WARNING RSZ-2005] cannot find a viable buffering solution on pin _31130_/X after 1 rounds of buffering (no solution meets design rules)
[WARNING RSZ-2005] cannot find a viable buffering solution on pin _41760_/Y after 1 rounds of buffering (no solution meets design rules)
[WARNING RSZ-2005] cannot find a viable buffering solution on pin _39012_/X after 1 rounds of buffering (no solution meets design rules)
[WARNING RSZ-2005] cannot find a viable buffering solution on pin _38858_/X after 1 rounds of buffering (no solution meets design rules)
[WARNING RSZ-2005] cannot find a viable buffering solution on pin _36880_/X after 1 rounds of buffering (no solution meets design rules)
[WARNING RSZ-2005] cannot find a viable buffering solution on pin _36064_/X after 1 rounds of buffering (no solution meets design rules)
[WARNING RSZ-2005] cannot find a viable buffering solution on pin _35710_/X after 1 rounds of buffering (no solution meets design rules)
[WARNING RSZ-2005] cannot find a viable buffering solution on pin _35609_/X after 1 rounds of buffering (no solution meets design rules)
[WARNING RSZ-2005] cannot find a viable buffering solution on pin _35565_/X after 1 rounds of buffering (no solution meets design rules)
[WARNING RSZ-2005] cannot find a viable buffering solution on pin _35560_/X after 1 rounds of buffering (no solution meets design rules)
[WARNING RSZ-2005] cannot find a viable buffering solution on pin _35295_/X after 1 rounds of buffering (no solution meets design rules)
[WARNING RSZ-2005] cannot find a viable buffering solution on pin _35065_/X after 1 rounds of buffering (no solution meets design rules)
[WARNING RSZ-2005] cannot find a viable buffering solution on pin _35059_/X after 1 rounds of buffering (no solution meets design rules)
[WARNING RSZ-2005] cannot find a viable buffering solution on pin _34637_/X after 1 rounds of buffering (no solution meets design rules)
[WARNING RSZ-2005] cannot find a viable buffering solution on pin _34632_/X after 1 rounds of buffering (no solution meets design rules)
[WARNING RSZ-2005] cannot find a viable buffering solution on pin _34528_/X after 1 rounds of buffering (no solution meets design rules)
[WARNING RSZ-2005] cannot find a viable buffering solution on pin _34523_/X after 1 rounds of buffering (no solution meets design rules)
[WARNING RSZ-2005] cannot find a viable buffering solution on pin _34517_/X after 1 rounds of buffering (no solution meets design rules)
[WARNING RSZ-2005] cannot find a viable buffering solution on pin _34418_/X after 1 rounds of buffering (no solution meets design rules)
[WARNING RSZ-2005] cannot find a viable buffering solution on pin _34288_/X after 1 rounds of buffering (no solution meets design rules)
[WARNING RSZ-2005] cannot find a viable buffering solution on pin _34064_/X after 1 rounds of buffering (no solution meets design rules)
[WARNING RSZ-2005] cannot find a viable buffering solution on pin _34018_/X after 1 rounds of buffering (no solution meets design rules)
[WARNING RSZ-2005] cannot find a viable buffering solution on pin _33855_/X after 1 rounds of buffering (no solution meets design rules)
[WARNING RSZ-2005] cannot find a viable buffering solution on pin _33797_/X after 1 rounds of buffering (no solution meets design rules)
[WARNING RSZ-2005] cannot find a viable buffering solution on pin _33520_/X after 1 rounds of buffering (no solution meets design rules)
[WARNING RSZ-2005] cannot find a viable buffering solution on pin _33502_/X after 1 rounds of buffering (no solution meets design rules)
[WARNING RSZ-2005] cannot find a viable buffering solution on pin _33423_/X after 1 rounds of buffering (no solution meets design rules)
[WARNING RSZ-2005] cannot find a viable buffering solution on pin _33418_/X after 1 rounds of buffering (no solution meets design rules)
[WARNING RSZ-2005] cannot find a viable buffering solution on pin _33077_/X after 1 rounds of buffering (no solution meets design rules)
[WARNING RSZ-2005] cannot find a viable buffering solution on pin _33057_/X after 1 rounds of buffering (no solution meets design rules)
[WARNING RSZ-2005] cannot find a viable buffering solution on pin _32947_/X after 1 rounds of buffering (no solution meets design rules)
[WARNING RSZ-2005] cannot find a viable buffering solution on pin _32908_/X after 1 rounds of buffering (no solution meets design rules)
[WARNING RSZ-2005] cannot find a viable buffering solution on pin _32467_/X after 1 rounds of buffering (no solution meets design rules)
[WARNING RSZ-2005] cannot find a viable buffering solution on pin _31765_/X after 1 rounds of buffering (no solution meets design rules)
[WARNING RSZ-2005] cannot find a viable buffering solution on pin _31711_/X after 1 rounds of buffering (no solution meets design rules)
[WARNING RSZ-2005] cannot find a viable buffering solution on pin _31252_/X after 1 rounds of buffering (no solution meets design rules)
[WARNING RSZ-2005] cannot find a viable buffering solution on pin _31026_/X after 1 rounds of buffering (no solution meets design rules)
[WARNING RSZ-2005] cannot find a viable buffering solution on pin _30753_/X after 1 rounds of buffering (no solution meets design rules)
[WARNING RSZ-2005] cannot find a viable buffering solution on pin _30745_/X after 1 rounds of buffering (no solution meets design rules)
[WARNING RSZ-2005] cannot find a viable buffering solution on pin _27771_/Y after 1 rounds of buffering (no solution meets design rules)
[WARNING RSZ-2005] cannot find a viable buffering solution on pin _27763_/Y after 1 rounds of buffering (no solution meets design rules)
[WARNING RSZ-2005] cannot find a viable buffering solution on pin _27217_/Y after 1 rounds of buffering (no solution meets design rules)
[WARNING RSZ-2005] cannot find a viable buffering solution on pin _39104_/X after 1 rounds of buffering (no solution meets design rules)
[WARNING RSZ-2005] cannot find a viable buffering solution on pin _38870_/X after 1 rounds of buffering (no solution meets design rules)
[WARNING RSZ-2005] cannot find a viable buffering solution on pin _38775_/X after 1 rounds of buffering (no solution meets design rules)
[WARNING RSZ-2005] cannot find a viable buffering solution on pin _38496_/X after 1 rounds of buffering (no solution meets design rules)
[WARNING RSZ-2005] cannot find a viable buffering solution on pin _38356_/X after 1 rounds of buffering (no solution meets design rules)
[WARNING RSZ-2005] cannot find a viable buffering solution on pin _38217_/X after 1 rounds of buffering (no solution meets design rules)
[WARNING RSZ-2005] cannot find a viable buffering solution on pin _38027_/X after 1 rounds of buffering (no solution meets design rules)
[WARNING RSZ-2005] cannot find a viable buffering solution on pin _37320_/X after 1 rounds of buffering (no solution meets design rules)
[WARNING RSZ-2005] cannot find a viable buffering solution on pin _36659_/X after 1 rounds of buffering (no solution meets design rules)
[WARNING RSZ-2005] cannot find a viable buffering solution on pin _36485_/X after 1 rounds of buffering (no solution meets design rules)
[WARNING RSZ-2005] cannot find a viable buffering solution on pin _35953_/X after 1 rounds of buffering (no solution meets design rules)
[WARNING RSZ-2005] cannot find a viable buffering solution on pin _35722_/X after 1 rounds of buffering (no solution meets design rules)
[WARNING RSZ-2005] cannot find a viable buffering solution on pin _35554_/X after 1 rounds of buffering (no solution meets design rules)
[WARNING RSZ-2005] cannot find a viable buffering solution on pin _34901_/X after 1 rounds of buffering (no solution meets design rules)
[WARNING RSZ-2005] cannot find a viable buffering solution on pin _34895_/X after 1 rounds of buffering (no solution meets design rules)
[WARNING RSZ-2005] cannot find a viable buffering solution on pin _34731_/X after 1 rounds of buffering (no solution meets design rules)
[WARNING RSZ-2005] cannot find a viable buffering solution on pin _34726_/X after 1 rounds of buffering (no solution meets design rules)
[WARNING RSZ-2005] cannot find a viable buffering solution on pin _34423_/X after 1 rounds of buffering (no solution meets design rules)
[WARNING RSZ-2005] cannot find a viable buffering solution on pin _34294_/X after 1 rounds of buffering (no solution meets design rules)
[WARNING RSZ-2005] cannot find a viable buffering solution on pin _34182_/X after 1 rounds of buffering (no solution meets design rules)
[WARNING RSZ-2005] cannot find a viable buffering solution on pin _34177_/X after 1 rounds of buffering (no solution meets design rules)
[WARNING RSZ-2005] cannot find a viable buffering solution on pin _33843_/X after 1 rounds of buffering (no solution meets design rules)
[WARNING RSZ-2005] cannot find a viable buffering solution on pin _33779_/X after 1 rounds of buffering (no solution meets design rules)
[WARNING RSZ-2005] cannot find a viable buffering solution on pin _33171_/X after 1 rounds of buffering (no solution meets design rules)
[WARNING RSZ-2005] cannot find a viable buffering solution on pin _33063_/X after 1 rounds of buffering (no solution meets design rules)
[WARNING RSZ-2005] cannot find a viable buffering solution on pin _32952_/X after 1 rounds of buffering (no solution meets design rules)
[WARNING RSZ-2005] cannot find a viable buffering solution on pin _32913_/X after 1 rounds of buffering (no solution meets design rules)
[WARNING RSZ-2005] cannot find a viable buffering solution on pin _32621_/X after 1 rounds of buffering (no solution meets design rules)
[WARNING RSZ-2005] cannot find a viable buffering solution on pin _32484_/X after 1 rounds of buffering (no solution meets design rules)
[WARNING RSZ-2005] cannot find a viable buffering solution on pin _32477_/X after 1 rounds of buffering (no solution meets design rules)
[WARNING RSZ-2005] cannot find a viable buffering solution on pin _31913_/X after 1 rounds of buffering (no solution meets design rules)
[WARNING RSZ-2005] cannot find a viable buffering solution on pin _31247_/X after 1 rounds of buffering (no solution meets design rules)
[WARNING RSZ-2005] cannot find a viable buffering solution on pin _31147_/X after 1 rounds of buffering (no solution meets design rules)
[WARNING RSZ-2005] cannot find a viable buffering solution on pin _31142_/X after 1 rounds of buffering (no solution meets design rules)
[WARNING RSZ-2005] cannot find a viable buffering solution on pin _31031_/X after 1 rounds of buffering (no solution meets design rules)
[WARNING RSZ-2005] cannot find a viable buffering solution on pin _39099_/X after 1 rounds of buffering (no solution meets design rules)
[WARNING RSZ-2005] cannot find a viable buffering solution on pin _38682_/X after 1 rounds of buffering (no solution meets design rules)
[WARNING RSZ-2005] cannot find a viable buffering solution on pin _38671_/X after 1 rounds of buffering (no solution meets design rules)
[WARNING RSZ-2005] cannot find a viable buffering solution on pin _38589_/X after 1 rounds of buffering (no solution meets design rules)
[WARNING RSZ-2005] cannot find a viable buffering solution on pin _38501_/X after 1 rounds of buffering (no solution meets design rules)
[WARNING RSZ-2005] cannot find a viable buffering solution on pin _38403_/X after 1 rounds of buffering (no solution meets design rules)
[WARNING RSZ-2005] cannot find a viable buffering solution on pin _38361_/X after 1 rounds of buffering (no solution meets design rules)
[WARNING RSZ-2005] cannot find a viable buffering solution on pin _38206_/X after 1 rounds of buffering (no solution meets design rules)
[WARNING RSZ-2005] cannot find a viable buffering solution on pin _38110_/X after 1 rounds of buffering (no solution meets design rules)
[WARNING RSZ-2005] cannot find a viable buffering solution on pin _38016_/X after 1 rounds of buffering (no solution meets design rules)
[WARNING RSZ-2005] cannot find a viable buffering solution on pin _37920_/X after 1 rounds of buffering (no solution meets design rules)
[WARNING RSZ-2005] cannot find a viable buffering solution on pin _37798_/X after 1 rounds of buffering (no solution meets design rules)
[WARNING RSZ-2005] cannot find a viable buffering solution on pin _37687_/X after 1 rounds of buffering (no solution meets design rules)
[WARNING RSZ-2005] cannot find a viable buffering solution on pin _37589_/X after 1 rounds of buffering (no solution meets design rules)
[WARNING RSZ-2005] cannot find a viable buffering solution on pin _37366_/X after 1 rounds of buffering (no solution meets design rules)
[WARNING RSZ-2005] cannot find a viable buffering solution on pin _37301_/X after 1 rounds of buffering (no solution meets design rules)
[WARNING RSZ-2005] cannot find a viable buffering solution on pin _37022_/X after 1 rounds of buffering (no solution meets design rules)
[WARNING RSZ-2005] cannot find a viable buffering solution on pin _36707_/X after 1 rounds of buffering (no solution meets design rules)
[WARNING RSZ-2005] cannot find a viable buffering solution on pin _36251_/X after 1 rounds of buffering (no solution meets design rules)
[WARNING RSZ-2005] cannot find a viable buffering solution on pin _36151_/X after 1 rounds of buffering (no solution meets design rules)
[WARNING RSZ-2005] cannot find a viable buffering solution on pin _35728_/X after 1 rounds of buffering (no solution meets design rules)
[WARNING RSZ-2005] cannot find a viable buffering solution on pin _35715_/X after 1 rounds of buffering (no solution meets design rules)
[WARNING RSZ-2005] cannot find a viable buffering solution on pin _35399_/X after 1 rounds of buffering (no solution meets design rules)
[WARNING RSZ-2005] cannot find a viable buffering solution on pin _35393_/X after 1 rounds of buffering (no solution meets design rules)
[WARNING RSZ-2005] cannot find a viable buffering solution on pin _35287_/X after 1 rounds of buffering (no solution meets design rules)
[WARNING RSZ-2005] cannot find a viable buffering solution on pin _35282_/X after 1 rounds of buffering (no solution meets design rules)
[WARNING RSZ-2005] cannot find a viable buffering solution on pin _34402_/X after 1 rounds of buffering (no solution meets design rules)
[WARNING RSZ-2005] cannot find a viable buffering solution on pin _34057_/X after 1 rounds of buffering (no solution meets design rules)
[WARNING RSZ-2005] cannot find a viable buffering solution on pin _34001_/X after 1 rounds of buffering (no solution meets design rules)
[WARNING RSZ-2005] cannot find a viable buffering solution on pin _33785_/X after 1 rounds of buffering (no solution meets design rules)
[WARNING RSZ-2005] cannot find a viable buffering solution on pin _33283_/X after 1 rounds of buffering (no solution meets design rules)
[WARNING RSZ-2005] cannot find a viable buffering solution on pin _32896_/X after 1 rounds of buffering (no solution meets design rules)
[WARNING RSZ-2005] cannot find a viable buffering solution on pin _32731_/X after 1 rounds of buffering (no solution meets design rules)
[WARNING RSZ-2005] cannot find a viable buffering solution on pin _39024_/X after 1 rounds of buffering (no solution meets design rules)
[WARNING RSZ-2005] cannot find a viable buffering solution on pin _38900_/X after 1 rounds of buffering (no solution meets design rules)
[WARNING RSZ-2005] cannot find a viable buffering solution on pin _38875_/X after 1 rounds of buffering (no solution meets design rules)
[WARNING RSZ-2005] cannot find a viable buffering solution on pin _38594_/X after 1 rounds of buffering (no solution meets design rules)
[WARNING RSZ-2005] cannot find a viable buffering solution on pin _38578_/X after 1 rounds of buffering (no solution meets design rules)
[WARNING RSZ-2005] cannot find a viable buffering solution on pin _38490_/X after 1 rounds of buffering (no solution meets design rules)
[WARNING RSZ-2005] cannot find a viable buffering solution on pin _38485_/X after 1 rounds of buffering (no solution meets design rules)
[WARNING RSZ-2005] cannot find a viable buffering solution on pin _38408_/X after 1 rounds of buffering (no solution meets design rules)
[WARNING RSZ-2005] cannot find a viable buffering solution on pin _38392_/X after 1 rounds of buffering (no solution meets design rules)
[WARNING RSZ-2005] cannot find a viable buffering solution on pin _38350_/X after 1 rounds of buffering (no solution meets design rules)
[WARNING RSZ-2005] cannot find a viable buffering solution on pin _38345_/X after 1 rounds of buffering (no solution meets design rules)
[WARNING RSZ-2005] cannot find a viable buffering solution on pin _38222_/X after 1 rounds of buffering (no solution meets design rules)
[WARNING RSZ-2005] cannot find a viable buffering solution on pin _38211_/X after 1 rounds of buffering (no solution meets design rules)
[WARNING RSZ-2005] cannot find a viable buffering solution on pin _38115_/X after 1 rounds of buffering (no solution meets design rules)
[WARNING RSZ-2005] cannot find a viable buffering solution on pin _38032_/X after 1 rounds of buffering (no solution meets design rules)
[WARNING RSZ-2005] cannot find a viable buffering solution on pin _37925_/X after 1 rounds of buffering (no solution meets design rules)
[WARNING RSZ-2005] cannot find a viable buffering solution on pin _37908_/X after 1 rounds of buffering (no solution meets design rules)
[WARNING RSZ-2005] cannot find a viable buffering solution on pin _37804_/X after 1 rounds of buffering (no solution meets design rules)
[WARNING RSZ-2005] cannot find a viable buffering solution on pin _37708_/X after 1 rounds of buffering (no solution meets design rules)
[WARNING RSZ-2005] cannot find a viable buffering solution on pin _37701_/X after 1 rounds of buffering (no solution meets design rules)
[WARNING RSZ-2005] cannot find a viable buffering solution on pin _37694_/X after 1 rounds of buffering (no solution meets design rules)
[WARNING RSZ-2005] cannot find a viable buffering solution on pin _37595_/X after 1 rounds of buffering (no solution meets design rules)
[WARNING RSZ-2005] cannot find a viable buffering solution on pin _37539_/X after 1 rounds of buffering (no solution meets design rules)
[WARNING RSZ-2005] cannot find a viable buffering solution on pin _37534_/X after 1 rounds of buffering (no solution meets design rules)
[WARNING RSZ-2005] cannot find a viable buffering solution on pin _37371_/X after 1 rounds of buffering (no solution meets design rules)
[WARNING RSZ-2005] cannot find a viable buffering solution on pin _37355_/X after 1 rounds of buffering (no solution meets design rules)
[WARNING RSZ-2005] cannot find a viable buffering solution on pin _37030_/X after 1 rounds of buffering (no solution meets design rules)
[WARNING RSZ-2005] cannot find a viable buffering solution on pin _36928_/X after 1 rounds of buffering (no solution meets design rules)
[WARNING RSZ-2005] cannot find a viable buffering solution on pin _36922_/X after 1 rounds of buffering (no solution meets design rules)
[WARNING RSZ-2005] cannot find a viable buffering solution on pin _36714_/X after 1 rounds of buffering (no solution meets design rules)
[WARNING RSZ-2005] cannot find a viable buffering solution on pin _36491_/X after 1 rounds of buffering (no solution meets design rules)
[WARNING RSZ-2005] cannot find a viable buffering solution on pin _36372_/X after 1 rounds of buffering (no solution meets design rules)
[WARNING RSZ-2005] cannot find a viable buffering solution on pin _36045_/X after 1 rounds of buffering (no solution meets design rules)
[WARNING RSZ-2005] cannot find a viable buffering solution on pin _35176_/X after 1 rounds of buffering (no solution meets design rules)
[WARNING RSZ-2005] cannot find a viable buffering solution on pin _35169_/X after 1 rounds of buffering (no solution meets design rules)
[WARNING RSZ-2005] cannot find a viable buffering solution on pin _34883_/X after 1 rounds of buffering (no solution meets design rules)
[WARNING RSZ-2005] cannot find a viable buffering solution on pin _34624_/X after 1 rounds of buffering (no solution meets design rules)
[WARNING RSZ-2005] cannot find a viable buffering solution on pin _34618_/X after 1 rounds of buffering (no solution meets design rules)
[WARNING RSZ-2005] cannot find a viable buffering solution on pin _34409_/X after 1 rounds of buffering (no solution meets design rules)
[WARNING RSZ-2005] cannot find a viable buffering solution on pin _33609_/X after 1 rounds of buffering (no solution meets design rules)
[WARNING RSZ-2005] cannot find a viable buffering solution on pin _33507_/X after 1 rounds of buffering (no solution meets design rules)
[WARNING RSZ-2005] cannot find a viable buffering solution on pin _33177_/X after 1 rounds of buffering (no solution meets design rules)
[WARNING RSZ-2005] cannot find a viable buffering solution on pin _32738_/X after 1 rounds of buffering (no solution meets design rules)
[WARNING RSZ-2005] cannot find a viable buffering solution on pin _32627_/X after 1 rounds of buffering (no solution meets design rules)
[WARNING RSZ-2005] cannot find a viable buffering solution on pin _32504_/X after 1 rounds of buffering (no solution meets design rules)
[WARNING RSZ-2005] cannot find a viable buffering solution on pin _31920_/X after 1 rounds of buffering (no solution meets design rules)
[WARNING RSZ-2005] cannot find a viable buffering solution on pin _31692_/X after 1 rounds of buffering (no solution meets design rules)
[WARNING RSZ-2005] cannot find a viable buffering solution on pin _31513_/X after 1 rounds of buffering (no solution meets design rules)
[WARNING RSZ-2005] cannot find a viable buffering solution on pin _31038_/X after 1 rounds of buffering (no solution meets design rules)
[WARNING RSZ-2005] cannot find a viable buffering solution on pin _39053_/X after 1 rounds of buffering (no solution meets design rules)
[WARNING RSZ-2005] cannot find a viable buffering solution on pin _39048_/X after 1 rounds of buffering (no solution meets design rules)
[WARNING RSZ-2005] cannot find a viable buffering solution on pin _39029_/X after 1 rounds of buffering (no solution meets design rules)
[WARNING RSZ-2005] cannot find a viable buffering solution on pin _38780_/X after 1 rounds of buffering (no solution meets design rules)
[WARNING RSZ-2005] cannot find a viable buffering solution on pin _38687_/X after 1 rounds of buffering (no solution meets design rules)
[WARNING RSZ-2005] cannot find a viable buffering solution on pin _38676_/X after 1 rounds of buffering (no solution meets design rules)
[WARNING RSZ-2005] cannot find a viable buffering solution on pin _38583_/X after 1 rounds of buffering (no solution meets design rules)
[WARNING RSZ-2005] cannot find a viable buffering solution on pin _38397_/X after 1 rounds of buffering (no solution meets design rules)
[WARNING RSZ-2005] cannot find a viable buffering solution on pin _38021_/X after 1 rounds of buffering (no solution meets design rules)
[WARNING RSZ-2005] cannot find a viable buffering solution on pin _37913_/X after 1 rounds of buffering (no solution meets design rules)
[WARNING RSZ-2005] cannot find a viable buffering solution on pin _37520_/X after 1 rounds of buffering (no solution meets design rules)
[WARNING RSZ-2005] cannot find a viable buffering solution on pin _36642_/X after 1 rounds of buffering (no solution meets design rules)
[WARNING RSZ-2005] cannot find a viable buffering solution on pin _36262_/X after 1 rounds of buffering (no solution meets design rules)
[WARNING RSZ-2005] cannot find a viable buffering solution on pin _36256_/X after 1 rounds of buffering (no solution meets design rules)
[WARNING RSZ-2005] cannot find a viable buffering solution on pin _36156_/X after 1 rounds of buffering (no solution meets design rules)
[WARNING RSZ-2005] cannot find a viable buffering solution on pin _36144_/X after 1 rounds of buffering (no solution meets design rules)
[WARNING RSZ-2005] cannot find a viable buffering solution on pin _36139_/X after 1 rounds of buffering (no solution meets design rules)
[WARNING RSZ-2005] cannot find a viable buffering solution on pin _36052_/X after 1 rounds of buffering (no solution meets design rules)
[WARNING RSZ-2005] cannot find a viable buffering solution on pin _36037_/X after 1 rounds of buffering (no solution meets design rules)
[WARNING RSZ-2005] cannot find a viable buffering solution on pin _35824_/X after 1 rounds of buffering (no solution meets design rules)
[WARNING RSZ-2005] cannot find a viable buffering solution on pin _35386_/X after 1 rounds of buffering (no solution meets design rules)
[WARNING RSZ-2005] cannot find a viable buffering solution on pin _35380_/X after 1 rounds of buffering (no solution meets design rules)
[WARNING RSZ-2005] cannot find a viable buffering solution on pin _34960_/X after 1 rounds of buffering (no solution meets design rules)
[WARNING RSZ-2005] cannot find a viable buffering solution on pin _34954_/X after 1 rounds of buffering (no solution meets design rules)
[WARNING RSZ-2005] cannot find a viable buffering solution on pin _34889_/X after 1 rounds of buffering (no solution meets design rules)
[WARNING RSZ-2005] cannot find a viable buffering solution on pin _34006_/X after 1 rounds of buffering (no solution meets design rules)
[WARNING RSZ-2005] cannot find a viable buffering solution on pin _33821_/X after 1 rounds of buffering (no solution meets design rules)
[WARNING RSZ-2005] cannot find a viable buffering solution on pin _33158_/X after 1 rounds of buffering (no solution meets design rules)
[WARNING RSZ-2005] cannot find a viable buffering solution on pin _33045_/X after 1 rounds of buffering (no solution meets design rules)
[WARNING RSZ-2005] cannot find a viable buffering solution on pin _32901_/X after 1 rounds of buffering (no solution meets design rules)
[WARNING RSZ-2005] cannot find a viable buffering solution on pin _32716_/X after 1 rounds of buffering (no solution meets design rules)
[WARNING RSZ-2005] cannot find a viable buffering solution on pin _32604_/X after 1 rounds of buffering (no solution meets design rules)
[WARNING RSZ-2005] cannot find a viable buffering solution on pin _31901_/X after 1 rounds of buffering (no solution meets design rules)
[WARNING RSZ-2005] cannot find a viable buffering solution on pin _31680_/X after 1 rounds of buffering (no solution meets design rules)
[WARNING RSZ-2005] cannot find a viable buffering solution on pin _30802_/X after 1 rounds of buffering (no solution meets design rules)
[WARNING RSZ-2005] cannot find a viable buffering solution on pin _30791_/X after 1 rounds of buffering (no solution meets design rules)
[WARNING RSZ-2005] cannot find a viable buffering solution on pin _27919_/X after 1 rounds of buffering (no solution meets design rules)
[WARNING RSZ-2005] cannot find a viable buffering solution on pin _27914_/X after 1 rounds of buffering (no solution meets design rules)
[WARNING RSZ-2005] cannot find a viable buffering solution on pin _38905_/X after 1 rounds of buffering (no solution meets design rules)
[WARNING RSZ-2005] cannot find a viable buffering solution on pin _38764_/X after 1 rounds of buffering (no solution meets design rules)
[WARNING RSZ-2005] cannot find a viable buffering solution on pin _37576_/X after 1 rounds of buffering (no solution meets design rules)
[WARNING RSZ-2005] cannot find a viable buffering solution on pin _37526_/X after 1 rounds of buffering (no solution meets design rules)
[WARNING RSZ-2005] cannot find a viable buffering solution on pin _37360_/X after 1 rounds of buffering (no solution meets design rules)
[WARNING RSZ-2005] cannot find a viable buffering solution on pin _37307_/X after 1 rounds of buffering (no solution meets design rules)
[WARNING RSZ-2005] cannot find a viable buffering solution on pin _37194_/X after 1 rounds of buffering (no solution meets design rules)
[WARNING RSZ-2005] cannot find a viable buffering solution on pin _37188_/X after 1 rounds of buffering (no solution meets design rules)
[WARNING RSZ-2005] cannot find a viable buffering solution on pin _36916_/X after 1 rounds of buffering (no solution meets design rules)
[WARNING RSZ-2005] cannot find a viable buffering solution on pin _36911_/X after 1 rounds of buffering (no solution meets design rules)
[WARNING RSZ-2005] cannot find a viable buffering solution on pin _36855_/X after 1 rounds of buffering (no solution meets design rules)
[WARNING RSZ-2005] cannot find a viable buffering solution on pin _36699_/X after 1 rounds of buffering (no solution meets design rules)
[WARNING RSZ-2005] cannot find a viable buffering solution on pin _36693_/X after 1 rounds of buffering (no solution meets design rules)
[WARNING RSZ-2005] cannot find a viable buffering solution on pin _36472_/X after 1 rounds of buffering (no solution meets design rules)
[WARNING RSZ-2005] cannot find a viable buffering solution on pin _36378_/X after 1 rounds of buffering (no solution meets design rules)
[WARNING RSZ-2005] cannot find a viable buffering solution on pin _36366_/X after 1 rounds of buffering (no solution meets design rules)
[WARNING RSZ-2005] cannot find a viable buffering solution on pin _36360_/X after 1 rounds of buffering (no solution meets design rules)
[WARNING RSZ-2005] cannot find a viable buffering solution on pin _36267_/X after 1 rounds of buffering (no solution meets design rules)
[WARNING RSZ-2005] cannot find a viable buffering solution on pin _36030_/X after 1 rounds of buffering (no solution meets design rules)
[WARNING RSZ-2005] cannot find a viable buffering solution on pin _35941_/X after 1 rounds of buffering (no solution meets design rules)
[WARNING RSZ-2005] cannot find a viable buffering solution on pin _35935_/X after 1 rounds of buffering (no solution meets design rules)
[WARNING RSZ-2005] cannot find a viable buffering solution on pin _35918_/X after 1 rounds of buffering (no solution meets design rules)
[WARNING RSZ-2005] cannot find a viable buffering solution on pin _35818_/X after 1 rounds of buffering (no solution meets design rules)
[WARNING RSZ-2005] cannot find a viable buffering solution on pin _35157_/X after 1 rounds of buffering (no solution meets design rules)
[WARNING RSZ-2005] cannot find a viable buffering solution on pin _34941_/X after 1 rounds of buffering (no solution meets design rules)
[WARNING RSZ-2005] cannot find a viable buffering solution on pin _34505_/X after 1 rounds of buffering (no solution meets design rules)
[WARNING RSZ-2005] cannot find a viable buffering solution on pin _34498_/X after 1 rounds of buffering (no solution meets design rules)
[WARNING RSZ-2005] cannot find a viable buffering solution on pin _34281_/X after 1 rounds of buffering (no solution meets design rules)
[WARNING RSZ-2005] cannot find a viable buffering solution on pin _34275_/X after 1 rounds of buffering (no solution meets design rules)
[WARNING RSZ-2005] cannot find a viable buffering solution on pin _34162_/X after 1 rounds of buffering (no solution meets design rules)
[WARNING RSZ-2005] cannot find a viable buffering solution on pin _33987_/X after 1 rounds of buffering (no solution meets design rules)
[WARNING RSZ-2005] cannot find a viable buffering solution on pin _33615_/X after 1 rounds of buffering (no solution meets design rules)
[WARNING RSZ-2005] cannot find a viable buffering solution on pin _33490_/X after 1 rounds of buffering (no solution meets design rules)
[WARNING RSZ-2005] cannot find a viable buffering solution on pin _33290_/X after 1 rounds of buffering (no solution meets design rules)
[WARNING RSZ-2005] cannot find a viable buffering solution on pin _32510_/X after 1 rounds of buffering (no solution meets design rules)
[WARNING RSZ-2005] cannot find a viable buffering solution on pin _32449_/X after 1 rounds of buffering (no solution meets design rules)
[WARNING RSZ-2005] cannot find a viable buffering solution on pin _31757_/X after 1 rounds of buffering (no solution meets design rules)
[WARNING RSZ-2005] cannot find a viable buffering solution on pin _31750_/X after 1 rounds of buffering (no solution meets design rules)
[WARNING RSZ-2005] cannot find a viable buffering solution on pin _31736_/X after 1 rounds of buffering (no solution meets design rules)
[WARNING RSZ-2005] cannot find a viable buffering solution on pin _31697_/X after 1 rounds of buffering (no solution meets design rules)
[WARNING RSZ-2005] cannot find a viable buffering solution on pin _31217_/X after 1 rounds of buffering (no solution meets design rules)
[WARNING RSZ-2005] cannot find a viable buffering solution on pin _31212_/X after 1 rounds of buffering (no solution meets design rules)
[WARNING RSZ-2005] cannot find a viable buffering solution on pin _31112_/X after 1 rounds of buffering (no solution meets design rules)
[WARNING RSZ-2005] cannot find a viable buffering solution on pin _31107_/X after 1 rounds of buffering (no solution meets design rules)
[WARNING RSZ-2005] cannot find a viable buffering solution on pin _31043_/X after 1 rounds of buffering (no solution meets design rules)
[WARNING RSZ-2005] cannot find a viable buffering solution on pin _31002_/X after 1 rounds of buffering (no solution meets design rules)
[WARNING RSZ-2005] cannot find a viable buffering solution on pin _30997_/X after 1 rounds of buffering (no solution meets design rules)
[WARNING RSZ-2005] cannot find a viable buffering solution on pin _30716_/X after 1 rounds of buffering (no solution meets design rules)
[WARNING RSZ-2005] cannot find a viable buffering solution on pin _30711_/X after 1 rounds of buffering (no solution meets design rules)
[WARNING RSZ-2005] cannot find a viable buffering solution on pin _39088_/X after 1 rounds of buffering (no solution meets design rules)
[WARNING RSZ-2005] cannot find a viable buffering solution on pin _39080_/X after 1 rounds of buffering (no solution meets design rules)
[WARNING RSZ-2005] cannot find a viable buffering solution on pin _39075_/X after 1 rounds of buffering (no solution meets design rules)
[WARNING RSZ-2005] cannot find a viable buffering solution on pin _38769_/X after 1 rounds of buffering (no solution meets design rules)
[WARNING RSZ-2005] cannot find a viable buffering solution on pin _37582_/X after 1 rounds of buffering (no solution meets design rules)
[WARNING RSZ-2005] cannot find a viable buffering solution on pin _36861_/X after 1 rounds of buffering (no solution meets design rules)
[WARNING RSZ-2005] cannot find a viable buffering solution on pin _36647_/X after 1 rounds of buffering (no solution meets design rules)
[WARNING RSZ-2005] cannot find a viable buffering solution on pin _35926_/X after 1 rounds of buffering (no solution meets design rules)
[WARNING RSZ-2005] cannot find a viable buffering solution on pin _35807_/X after 1 rounds of buffering (no solution meets design rules)
[WARNING RSZ-2005] cannot find a viable buffering solution on pin _35594_/X after 1 rounds of buffering (no solution meets design rules)
[WARNING RSZ-2005] cannot find a viable buffering solution on pin _35588_/X after 1 rounds of buffering (no solution meets design rules)
[WARNING RSZ-2005] cannot find a viable buffering solution on pin _35537_/X after 1 rounds of buffering (no solution meets design rules)
[WARNING RSZ-2005] cannot find a viable buffering solution on pin _35267_/X after 1 rounds of buffering (no solution meets design rules)
[WARNING RSZ-2005] cannot find a viable buffering solution on pin _35039_/X after 1 rounds of buffering (no solution meets design rules)
[WARNING RSZ-2005] cannot find a viable buffering solution on pin _35034_/X after 1 rounds of buffering (no solution meets design rules)
[WARNING RSZ-2005] cannot find a viable buffering solution on pin _34948_/X after 1 rounds of buffering (no solution meets design rules)
[WARNING RSZ-2005] cannot find a viable buffering solution on pin _34876_/X after 1 rounds of buffering (no solution meets design rules)
[WARNING RSZ-2005] cannot find a viable buffering solution on pin _34871_/X after 1 rounds of buffering (no solution meets design rules)
[WARNING RSZ-2005] cannot find a viable buffering solution on pin _34719_/X after 1 rounds of buffering (no solution meets design rules)
[WARNING RSZ-2005] cannot find a viable buffering solution on pin _34713_/X after 1 rounds of buffering (no solution meets design rules)
[WARNING RSZ-2005] cannot find a viable buffering solution on pin _34606_/X after 1 rounds of buffering (no solution meets design rules)
[WARNING RSZ-2005] cannot find a viable buffering solution on pin _34394_/X after 1 rounds of buffering (no solution meets design rules)
[WARNING RSZ-2005] cannot find a viable buffering solution on pin _34387_/X after 1 rounds of buffering (no solution meets design rules)
[WARNING RSZ-2005] cannot find a viable buffering solution on pin _34168_/X after 1 rounds of buffering (no solution meets design rules)
[WARNING RSZ-2005] cannot find a viable buffering solution on pin _34046_/X after 1 rounds of buffering (no solution meets design rules)
[WARNING RSZ-2005] cannot find a viable buffering solution on pin _34041_/X after 1 rounds of buffering (no solution meets design rules)
[WARNING RSZ-2005] cannot find a viable buffering solution on pin _33828_/X after 1 rounds of buffering (no solution meets design rules)
[WARNING RSZ-2005] cannot find a viable buffering solution on pin _33767_/X after 1 rounds of buffering (no solution meets design rules)
[WARNING RSZ-2005] cannot find a viable buffering solution on pin _33598_/X after 1 rounds of buffering (no solution meets design rules)
[WARNING RSZ-2005] cannot find a viable buffering solution on pin _33495_/X after 1 rounds of buffering (no solution meets design rules)
[WARNING RSZ-2005] cannot find a viable buffering solution on pin _33393_/X after 1 rounds of buffering (no solution meets design rules)
[WARNING RSZ-2005] cannot find a viable buffering solution on pin _33269_/X after 1 rounds of buffering (no solution meets design rules)
[WARNING RSZ-2005] cannot find a viable buffering solution on pin _33051_/X after 1 rounds of buffering (no solution meets design rules)
[WARNING RSZ-2005] cannot find a viable buffering solution on pin _32941_/X after 1 rounds of buffering (no solution meets design rules)
[WARNING RSZ-2005] cannot find a viable buffering solution on pin _32936_/X after 1 rounds of buffering (no solution meets design rules)
[WARNING RSZ-2005] cannot find a viable buffering solution on pin _32493_/X after 1 rounds of buffering (no solution meets design rules)
[WARNING RSZ-2005] cannot find a viable buffering solution on pin _31531_/X after 1 rounds of buffering (no solution meets design rules)
[WARNING RSZ-2005] cannot find a viable buffering solution on pin _41467_/X after 1 rounds of buffering (no solution meets design rules)
[WARNING RSZ-2005] cannot find a viable buffering solution on pin _41466_/X after 1 rounds of buffering (no solution meets design rules)
[WARNING RSZ-2005] cannot find a viable buffering solution on pin _41465_/X after 1 rounds of buffering (no solution meets design rules)
[WARNING RSZ-2005] cannot find a viable buffering solution on pin _41464_/X after 1 rounds of buffering (no solution meets design rules)
[WARNING RSZ-2005] cannot find a viable buffering solution on pin _41381_/X after 1 rounds of buffering (no solution meets design rules)
[WARNING RSZ-2005] cannot find a viable buffering solution on pin _41380_/X after 1 rounds of buffering (no solution meets design rules)
[WARNING RSZ-2005] cannot find a viable buffering solution on pin _41379_/X after 1 rounds of buffering (no solution meets design rules)
[WARNING RSZ-2005] cannot find a viable buffering solution on pin _41100_/X after 1 rounds of buffering (no solution meets design rules)
[WARNING RSZ-2005] cannot find a viable buffering solution on pin _41099_/X after 1 rounds of buffering (no solution meets design rules)
[WARNING RSZ-2005] cannot find a viable buffering solution on pin _41098_/X after 1 rounds of buffering (no solution meets design rules)
[WARNING RSZ-2005] cannot find a viable buffering solution on pin _40502_/X after 1 rounds of buffering (no solution meets design rules)
[WARNING RSZ-2005] cannot find a viable buffering solution on pin _40501_/X after 1 rounds of buffering (no solution meets design rules)
[WARNING RSZ-2005] cannot find a viable buffering solution on pin _40500_/X after 1 rounds of buffering (no solution meets design rules)
[WARNING RSZ-2005] cannot find a viable buffering solution on pin _40498_/X after 1 rounds of buffering (no solution meets design rules)
[WARNING RSZ-2005] cannot find a viable buffering solution on pin _39483_/X after 1 rounds of buffering (no solution meets design rules)
[WARNING RSZ-2005] cannot find a viable buffering solution on pin _39482_/X after 1 rounds of buffering (no solution meets design rules)
[WARNING RSZ-2005] cannot find a viable buffering solution on pin _39481_/X after 1 rounds of buffering (no solution meets design rules)
[WARNING RSZ-2005] cannot find a viable buffering solution on pin _39480_/X after 1 rounds of buffering (no solution meets design rules)
[WARNING RSZ-2005] cannot find a viable buffering solution on pin _36478_/X after 1 rounds of buffering (no solution meets design rules)
[WARNING RSZ-2005] cannot find a viable buffering solution on pin _35812_/X after 1 rounds of buffering (no solution meets design rules)
[WARNING RSZ-2005] cannot find a viable buffering solution on pin _35703_/X after 1 rounds of buffering (no solution meets design rules)
[WARNING RSZ-2005] cannot find a viable buffering solution on pin _35698_/X after 1 rounds of buffering (no solution meets design rules)
[WARNING RSZ-2005] cannot find a viable buffering solution on pin _35542_/X after 1 rounds of buffering (no solution meets design rules)
[WARNING RSZ-2005] cannot find a viable buffering solution on pin _35367_/X after 1 rounds of buffering (no solution meets design rules)
[WARNING RSZ-2005] cannot find a viable buffering solution on pin _35273_/X after 1 rounds of buffering (no solution meets design rules)
[WARNING RSZ-2005] cannot find a viable buffering solution on pin _35162_/X after 1 rounds of buffering (no solution meets design rules)
[WARNING RSZ-2005] cannot find a viable buffering solution on pin _33993_/X after 1 rounds of buffering (no solution meets design rules)
[WARNING RSZ-2005] cannot find a viable buffering solution on pin _33772_/X after 1 rounds of buffering (no solution meets design rules)
[WARNING RSZ-2005] cannot find a viable buffering solution on pin _33400_/X after 1 rounds of buffering (no solution meets design rules)
[WARNING RSZ-2005] cannot find a viable buffering solution on pin _33164_/X after 1 rounds of buffering (no solution meets design rules)
[WARNING RSZ-2005] cannot find a viable buffering solution on pin _32723_/X after 1 rounds of buffering (no solution meets design rules)
[WARNING RSZ-2005] cannot find a viable buffering solution on pin _32612_/X after 1 rounds of buffering (no solution meets design rules)
[WARNING RSZ-2005] cannot find a viable buffering solution on pin _32498_/X after 1 rounds of buffering (no solution meets design rules)
[WARNING RSZ-2005] cannot find a viable buffering solution on pin _32454_/X after 1 rounds of buffering (no solution meets design rules)
[WARNING RSZ-2005] cannot find a viable buffering solution on pin _31906_/X after 1 rounds of buffering (no solution meets design rules)
[WARNING RSZ-2005] cannot find a viable buffering solution on pin _31686_/X after 1 rounds of buffering (no solution meets design rules)
[WARNING RSZ-2005] cannot find a viable buffering solution on pin _31467_/X after 1 rounds of buffering (no solution meets design rules)
[WARNING RSZ-2005] cannot find a viable buffering solution on pin _30829_/X after 1 rounds of buffering (no solution meets design rules)
[WARNING RSZ-2005] cannot find a viable buffering solution on pin _27886_/X after 1 rounds of buffering (no solution meets design rules)
[WARNING RSZ-2005] cannot find a viable buffering solution on pin _27531_/X after 1 rounds of buffering (no solution meets design rules)
[WARNING RSZ-2005] cannot find a viable buffering solution on pin _27530_/X after 1 rounds of buffering (no solution meets design rules)
[WARNING RSZ-2005] cannot find a viable buffering solution on pin _27529_/X after 1 rounds of buffering (no solution meets design rules)
[WARNING RSZ-2005] cannot find a viable buffering solution on pin _27528_/X after 1 rounds of buffering (no solution meets design rules)
[WARNING RSZ-2005] cannot find a viable buffering solution on pin _27109_/X after 1 rounds of buffering (no solution meets design rules)
[WARNING RSZ-2005] cannot find a viable buffering solution on pin _27108_/X after 1 rounds of buffering (no solution meets design rules)
[WARNING RSZ-2005] cannot find a viable buffering solution on pin _27107_/X after 1 rounds of buffering (no solution meets design rules)
[WARNING RSZ-2005] cannot find a viable buffering solution on pin _27106_/X after 1 rounds of buffering (no solution meets design rules)
[WARNING RSZ-2005] cannot find a viable buffering solution on pin _26785_/X after 1 rounds of buffering (no solution meets design rules)
[WARNING RSZ-2005] cannot find a viable buffering solution on pin _26784_/X after 1 rounds of buffering (no solution meets design rules)
[WARNING RSZ-2005] cannot find a viable buffering solution on pin _26782_/X after 1 rounds of buffering (no solution meets design rules)
[WARNING RSZ-2005] cannot find a viable buffering solution on pin _26781_/X after 1 rounds of buffering (no solution meets design rules)
[WARNING RSZ-2005] cannot find a viable buffering solution on pin _25346_/X after 1 rounds of buffering (no solution meets design rules)
[WARNING RSZ-2005] cannot find a viable buffering solution on pin _25345_/X after 1 rounds of buffering (no solution meets design rules)
[WARNING RSZ-2005] cannot find a viable buffering solution on pin _25344_/X after 1 rounds of buffering (no solution meets design rules)
[WARNING RSZ-2005] cannot find a viable buffering solution on pin _25343_/X after 1 rounds of buffering (no solution meets design rules)
[WARNING RSZ-2005] cannot find a viable buffering solution on pin _25230_/X after 1 rounds of buffering (no solution meets design rules)
[WARNING RSZ-2005] cannot find a viable buffering solution on pin _25229_/X after 1 rounds of buffering (no solution meets design rules)
[WARNING RSZ-2005] cannot find a viable buffering solution on pin _25228_/X after 1 rounds of buffering (no solution meets design rules)
[WARNING RSZ-2005] cannot find a viable buffering solution on pin _25227_/X after 1 rounds of buffering (no solution meets design rules)
[WARNING RSZ-2005] cannot find a viable buffering solution on pin _25026_/X after 1 rounds of buffering (no solution meets design rules)
[WARNING RSZ-2005] cannot find a viable buffering solution on pin _25024_/X after 1 rounds of buffering (no solution meets design rules)
[WARNING RSZ-2005] cannot find a viable buffering solution on pin _25023_/X after 1 rounds of buffering (no solution meets design rules)
[WARNING RSZ-2005] cannot find a viable buffering solution on pin _25022_/X after 1 rounds of buffering (no solution meets design rules)
[WARNING RSZ-2005] cannot find a viable buffering solution on pin _24600_/X after 1 rounds of buffering (no solution meets design rules)
[WARNING RSZ-2005] cannot find a viable buffering solution on pin _24595_/X after 1 rounds of buffering (no solution meets design rules)
[WARNING RSZ-2005] cannot find a viable buffering solution on pin _24590_/X after 1 rounds of buffering (no solution meets design rules)
[WARNING RSZ-2005] cannot find a viable buffering solution on pin _24586_/X after 1 rounds of buffering (no solution meets design rules)
[WARNING RSZ-2005] cannot find a viable buffering solution on pin _41378_/X after 1 rounds of buffering (no solution meets design rules)
[WARNING RSZ-2005] cannot find a viable buffering solution on pin _41097_/X after 1 rounds of buffering (no solution meets design rules)
[WARNING RSZ-2005] cannot find a viable buffering solution on pin _40819_/X after 1 rounds of buffering (no solution meets design rules)
[WARNING RSZ-2005] cannot find a viable buffering solution on pin _40818_/X after 1 rounds of buffering (no solution meets design rules)
[WARNING RSZ-2005] cannot find a viable buffering solution on pin _40816_/X after 1 rounds of buffering (no solution meets design rules)
[WARNING RSZ-2005] cannot find a viable buffering solution on pin _40815_/X after 1 rounds of buffering (no solution meets design rules)
[WARNING RSZ-2005] cannot find a viable buffering solution on pin _39093_/X after 1 rounds of buffering (no solution meets design rules)
[WARNING RSZ-2005] cannot find a viable buffering solution on pin _38564_/X after 1 rounds of buffering (no solution meets design rules)
[WARNING RSZ-2005] cannot find a viable buffering solution on pin _38471_/X after 1 rounds of buffering (no solution meets design rules)
[WARNING RSZ-2005] cannot find a viable buffering solution on pin _38332_/X after 1 rounds of buffering (no solution meets design rules)
[WARNING RSZ-2005] cannot find a viable buffering solution on pin _38192_/X after 1 rounds of buffering (no solution meets design rules)
[WARNING RSZ-2005] cannot find a viable buffering solution on pin _37891_/X after 1 rounds of buffering (no solution meets design rules)
[WARNING RSZ-2005] cannot find a viable buffering solution on pin _37448_/X after 1 rounds of buffering (no solution meets design rules)
[WARNING RSZ-2005] cannot find a viable buffering solution on pin _35373_/X after 1 rounds of buffering (no solution meets design rules)
[WARNING RSZ-2005] cannot find a viable buffering solution on pin _35151_/X after 1 rounds of buffering (no solution meets design rules)
[WARNING RSZ-2005] cannot find a viable buffering solution on pin _34926_/X after 1 rounds of buffering (no solution meets design rules)
[WARNING RSZ-2005] cannot find a viable buffering solution on pin _34611_/X after 1 rounds of buffering (no solution meets design rules)
[WARNING RSZ-2005] cannot find a viable buffering solution on pin _33603_/X after 1 rounds of buffering (no solution meets design rules)
[WARNING RSZ-2005] cannot find a viable buffering solution on pin _33379_/X after 1 rounds of buffering (no solution meets design rules)
[WARNING RSZ-2005] cannot find a viable buffering solution on pin _33276_/X after 1 rounds of buffering (no solution meets design rules)
[WARNING RSZ-2005] cannot find a viable buffering solution on pin _32888_/X after 1 rounds of buffering (no solution meets design rules)
[WARNING RSZ-2005] cannot find a viable buffering solution on pin _32882_/X after 1 rounds of buffering (no solution meets design rules)
[WARNING RSZ-2005] cannot find a viable buffering solution on pin _31743_/X after 1 rounds of buffering (no solution meets design rules)
[WARNING RSZ-2005] cannot find a viable buffering solution on pin _31489_/X after 1 rounds of buffering (no solution meets design rules)
[WARNING RSZ-2005] cannot find a viable buffering solution on pin _31224_/X after 1 rounds of buffering (no solution meets design rules)
[WARNING RSZ-2005] cannot find a viable buffering solution on pin _30843_/X after 1 rounds of buffering (no solution meets design rules)
[WARNING RSZ-2005] cannot find a viable buffering solution on pin _27930_/X after 1 rounds of buffering (no solution meets design rules)
[WARNING RSZ-2005] cannot find a viable buffering solution on pin _27896_/X after 1 rounds of buffering (no solution meets design rules)
[WARNING RSZ-2005] cannot find a viable buffering solution on pin _27429_/X after 1 rounds of buffering (no solution meets design rules)
[WARNING RSZ-2005] cannot find a viable buffering solution on pin _27428_/X after 1 rounds of buffering (no solution meets design rules)
[WARNING RSZ-2005] cannot find a viable buffering solution on pin _27427_/X after 1 rounds of buffering (no solution meets design rules)
[WARNING RSZ-2005] cannot find a viable buffering solution on pin _27426_/X after 1 rounds of buffering (no solution meets design rules)
[WARNING RSZ-2005] cannot find a viable buffering solution on pin _40396_/X after 1 rounds of buffering (no solution meets design rules)
[WARNING RSZ-2005] cannot find a viable buffering solution on pin _40395_/X after 1 rounds of buffering (no solution meets design rules)
[WARNING RSZ-2005] cannot find a viable buffering solution on pin _40393_/X after 1 rounds of buffering (no solution meets design rules)
[WARNING RSZ-2005] cannot find a viable buffering solution on pin _40392_/X after 1 rounds of buffering (no solution meets design rules)
[WARNING RSZ-2005] cannot find a viable buffering solution on pin _38197_/X after 1 rounds of buffering (no solution meets design rules)
[WARNING RSZ-2005] cannot find a viable buffering solution on pin _37504_/X after 1 rounds of buffering (no solution meets design rules)
[WARNING RSZ-2005] cannot find a viable buffering solution on pin _37281_/X after 1 rounds of buffering (no solution meets design rules)
[WARNING RSZ-2005] cannot find a viable buffering solution on pin _37175_/X after 1 rounds of buffering (no solution meets design rules)
[WARNING RSZ-2005] cannot find a viable buffering solution on pin _35146_/X after 1 rounds of buffering (no solution meets design rules)
[WARNING RSZ-2005] cannot find a viable buffering solution on pin _34933_/X after 1 rounds of buffering (no solution meets design rules)
[WARNING RSZ-2005] cannot find a viable buffering solution on pin _34268_/X after 1 rounds of buffering (no solution meets design rules)
[WARNING RSZ-2005] cannot find a viable buffering solution on pin _34262_/X after 1 rounds of buffering (no solution meets design rules)
[WARNING RSZ-2005] cannot find a viable buffering solution on pin _34156_/X after 1 rounds of buffering (no solution meets design rules)
[WARNING RSZ-2005] cannot find a viable buffering solution on pin _34150_/X after 1 rounds of buffering (no solution meets design rules)
[WARNING RSZ-2005] cannot find a viable buffering solution on pin _33385_/X after 1 rounds of buffering (no solution meets design rules)
[WARNING RSZ-2005] cannot find a viable buffering solution on pin _32443_/X after 1 rounds of buffering (no solution meets design rules)
[WARNING RSZ-2005] cannot find a viable buffering solution on pin _32437_/X after 1 rounds of buffering (no solution meets design rules)
[WARNING RSZ-2005] cannot find a viable buffering solution on pin _29270_/X after 1 rounds of buffering (no solution meets design rules)
[WARNING RSZ-2005] cannot find a viable buffering solution on pin _29269_/X after 1 rounds of buffering (no solution meets design rules)
[WARNING RSZ-2005] cannot find a viable buffering solution on pin _29268_/X after 1 rounds of buffering (no solution meets design rules)
[WARNING RSZ-2005] cannot find a viable buffering solution on pin _29267_/X after 1 rounds of buffering (no solution meets design rules)
[WARNING RSZ-2005] cannot find a viable buffering solution on pin _28444_/X after 1 rounds of buffering (no solution meets design rules)
[WARNING RSZ-2005] cannot find a viable buffering solution on pin _28443_/X after 1 rounds of buffering (no solution meets design rules)
[WARNING RSZ-2005] cannot find a viable buffering solution on pin _28441_/X after 1 rounds of buffering (no solution meets design rules)
[WARNING RSZ-2005] cannot find a viable buffering solution on pin _28440_/X after 1 rounds of buffering (no solution meets design rules)
[WARNING RSZ-2005] cannot find a viable buffering solution on pin _27925_/X after 1 rounds of buffering (no solution meets design rules)
[WARNING RSZ-2005] cannot find a viable buffering solution on pin _26508_/X after 1 rounds of buffering (no solution meets design rules)
[WARNING RSZ-2005] cannot find a viable buffering solution on pin _26507_/X after 1 rounds of buffering (no solution meets design rules)
[WARNING RSZ-2005] cannot find a viable buffering solution on pin _26506_/X after 1 rounds of buffering (no solution meets design rules)
[WARNING RSZ-2005] cannot find a viable buffering solution on pin _26504_/X after 1 rounds of buffering (no solution meets design rules)
[WARNING RSZ-2005] cannot find a viable buffering solution on pin _46140_/Y after 1 rounds of buffering (no solution meets design rules)
[WARNING RSZ-2005] cannot find a viable buffering solution on pin _46043_/Y after 1 rounds of buffering (no solution meets design rules)
[WARNING RSZ-2005] cannot find a viable buffering solution on pin _46037_/Y after 1 rounds of buffering (no solution meets design rules)
[WARNING RSZ-2005] cannot find a viable buffering solution on pin _41755_/Y after 1 rounds of buffering (no solution meets design rules)
[WARNING RSZ-2005] cannot find a viable buffering solution on pin _41013_/X after 1 rounds of buffering (no solution meets design rules)
[WARNING RSZ-2005] cannot find a viable buffering solution on pin _41012_/X after 1 rounds of buffering (no solution meets design rules)
[WARNING RSZ-2005] cannot find a viable buffering solution on pin _41011_/X after 1 rounds of buffering (no solution meets design rules)
[WARNING RSZ-2005] cannot find a viable buffering solution on pin _41010_/X after 1 rounds of buffering (no solution meets design rules)
[WARNING RSZ-2005] cannot find a viable buffering solution on pin _39231_/X after 1 rounds of buffering (no solution meets design rules)
[WARNING RSZ-2005] cannot find a viable buffering solution on pin _39151_/X after 1 rounds of buffering (no solution meets design rules)
[WARNING RSZ-2005] cannot find a viable buffering solution on pin _39146_/X after 1 rounds of buffering (no solution meets design rules)
[WARNING RSZ-2005] cannot find a viable buffering solution on pin _39140_/X after 1 rounds of buffering (no solution meets design rules)
[WARNING RSZ-2005] cannot find a viable buffering solution on pin _39135_/X after 1 rounds of buffering (no solution meets design rules)
[WARNING RSZ-2005] cannot find a viable buffering solution on pin _39129_/X after 1 rounds of buffering (no solution meets design rules)
[WARNING RSZ-2005] cannot find a viable buffering solution on pin _39124_/X after 1 rounds of buffering (no solution meets design rules)
[WARNING RSZ-2005] cannot find a viable buffering solution on pin _39118_/X after 1 rounds of buffering (no solution meets design rules)
[WARNING RSZ-2005] cannot find a viable buffering solution on pin _39112_/X after 1 rounds of buffering (no solution meets design rules)
[WARNING RSZ-2005] cannot find a viable buffering solution on pin _39042_/X after 1 rounds of buffering (no solution meets design rules)
[WARNING RSZ-2005] cannot find a viable buffering solution on pin _39037_/X after 1 rounds of buffering (no solution meets design rules)
[WARNING RSZ-2005] cannot find a viable buffering solution on pin _39004_/X after 1 rounds of buffering (no solution meets design rules)
[WARNING RSZ-2005] cannot find a viable buffering solution on pin _38999_/X after 1 rounds of buffering (no solution meets design rules)
[WARNING RSZ-2005] cannot find a viable buffering solution on pin _38993_/X after 1 rounds of buffering (no solution meets design rules)
[WARNING RSZ-2005] cannot find a viable buffering solution on pin _38988_/X after 1 rounds of buffering (no solution meets design rules)
[WARNING RSZ-2005] cannot find a viable buffering solution on pin _38980_/X after 1 rounds of buffering (no solution meets design rules)
[WARNING RSZ-2005] cannot find a viable buffering solution on pin _38975_/X after 1 rounds of buffering (no solution meets design rules)
[WARNING RSZ-2005] cannot find a viable buffering solution on pin _38968_/X after 1 rounds of buffering (no solution meets design rules)
[WARNING RSZ-2005] cannot find a viable buffering solution on pin _38963_/X after 1 rounds of buffering (no solution meets design rules)
[WARNING RSZ-2005] cannot find a viable buffering solution on pin _38954_/X after 1 rounds of buffering (no solution meets design rules)
[WARNING RSZ-2005] cannot find a viable buffering solution on pin _38949_/X after 1 rounds of buffering (no solution meets design rules)
[WARNING RSZ-2005] cannot find a viable buffering solution on pin _38943_/X after 1 rounds of buffering (no solution meets design rules)
[WARNING RSZ-2005] cannot find a viable buffering solution on pin _38938_/X after 1 rounds of buffering (no solution meets design rules)
[WARNING RSZ-2005] cannot find a viable buffering solution on pin _38930_/X after 1 rounds of buffering (no solution meets design rules)
[WARNING RSZ-2005] cannot find a viable buffering solution on pin _38925_/X after 1 rounds of buffering (no solution meets design rules)
[WARNING RSZ-2005] cannot find a viable buffering solution on pin _38918_/X after 1 rounds of buffering (no solution meets design rules)
[WARNING RSZ-2005] cannot find a viable buffering solution on pin _38913_/X after 1 rounds of buffering (no solution meets design rules)
[WARNING RSZ-2005] cannot find a viable buffering solution on pin _38888_/X after 1 rounds of buffering (no solution meets design rules)
[WARNING RSZ-2005] cannot find a viable buffering solution on pin _38883_/X after 1 rounds of buffering (no solution meets design rules)
[WARNING RSZ-2005] cannot find a viable buffering solution on pin _38848_/X after 1 rounds of buffering (no solution meets design rules)
[WARNING RSZ-2005] cannot find a viable buffering solution on pin _38843_/X after 1 rounds of buffering (no solution meets design rules)
[WARNING RSZ-2005] cannot find a viable buffering solution on pin _38837_/X after 1 rounds of buffering (no solution meets design rules)
[WARNING RSZ-2005] cannot find a viable buffering solution on pin _38832_/X after 1 rounds of buffering (no solution meets design rules)
[WARNING RSZ-2005] cannot find a viable buffering solution on pin _38826_/X after 1 rounds of buffering (no solution meets design rules)
[WARNING RSZ-2005] cannot find a viable buffering solution on pin _38821_/X after 1 rounds of buffering (no solution meets design rules)
[WARNING RSZ-2005] cannot find a viable buffering solution on pin _38815_/X after 1 rounds of buffering (no solution meets design rules)
[WARNING RSZ-2005] cannot find a viable buffering solution on pin _38810_/X after 1 rounds of buffering (no solution meets design rules)
[WARNING RSZ-2005] cannot find a viable buffering solution on pin _38755_/X after 1 rounds of buffering (no solution meets design rules)
[WARNING RSZ-2005] cannot find a viable buffering solution on pin _38750_/X after 1 rounds of buffering (no solution meets design rules)
[WARNING RSZ-2005] cannot find a viable buffering solution on pin _38744_/X after 1 rounds of buffering (no solution meets design rules)
[WARNING RSZ-2005] cannot find a viable buffering solution on pin _38739_/X after 1 rounds of buffering (no solution meets design rules)
[WARNING RSZ-2005] cannot find a viable buffering solution on pin _38733_/X after 1 rounds of buffering (no solution meets design rules)
[WARNING RSZ-2005] cannot find a viable buffering solution on pin _38728_/X after 1 rounds of buffering (no solution meets design rules)
[WARNING RSZ-2005] cannot find a viable buffering solution on pin _38722_/X after 1 rounds of buffering (no solution meets design rules)
[WARNING RSZ-2005] cannot find a viable buffering solution on pin _38717_/X after 1 rounds of buffering (no solution meets design rules)
[WARNING RSZ-2005] cannot find a viable buffering solution on pin _38662_/X after 1 rounds of buffering (no solution meets design rules)
[WARNING RSZ-2005] cannot find a viable buffering solution on pin _38657_/X after 1 rounds of buffering (no solution meets design rules)
[WARNING RSZ-2005] cannot find a viable buffering solution on pin _38651_/X after 1 rounds of buffering (no solution meets design rules)
[WARNING RSZ-2005] cannot find a viable buffering solution on pin _38646_/X after 1 rounds of buffering (no solution meets design rules)
[WARNING RSZ-2005] cannot find a viable buffering solution on pin _38640_/X after 1 rounds of buffering (no solution meets design rules)
[WARNING RSZ-2005] cannot find a viable buffering solution on pin _38635_/X after 1 rounds of buffering (no solution meets design rules)
[WARNING RSZ-2005] cannot find a viable buffering solution on pin _38629_/X after 1 rounds of buffering (no solution meets design rules)
[WARNING RSZ-2005] cannot find a viable buffering solution on pin _38624_/X after 1 rounds of buffering (no solution meets design rules)
[WARNING RSZ-2005] cannot find a viable buffering solution on pin _38569_/X after 1 rounds of buffering (no solution meets design rules)
[WARNING RSZ-2005] cannot find a viable buffering solution on pin _38558_/X after 1 rounds of buffering (no solution meets design rules)
[WARNING RSZ-2005] cannot find a viable buffering solution on pin _38553_/X after 1 rounds of buffering (no solution meets design rules)
[WARNING RSZ-2005] cannot find a viable buffering solution on pin _38547_/X after 1 rounds of buffering (no solution meets design rules)
[WARNING RSZ-2005] cannot find a viable buffering solution on pin _38542_/X after 1 rounds of buffering (no solution meets design rules)
[WARNING RSZ-2005] cannot find a viable buffering solution on pin _38536_/X after 1 rounds of buffering (no solution meets design rules)
[WARNING RSZ-2005] cannot find a viable buffering solution on pin _38531_/X after 1 rounds of buffering (no solution meets design rules)
[WARNING RSZ-2005] cannot find a viable buffering solution on pin _38476_/X after 1 rounds of buffering (no solution meets design rules)
[WARNING RSZ-2005] cannot find a viable buffering solution on pin _38465_/X after 1 rounds of buffering (no solution meets design rules)
[WARNING RSZ-2005] cannot find a viable buffering solution on pin _38460_/X after 1 rounds of buffering (no solution meets design rules)
[WARNING RSZ-2005] cannot find a viable buffering solution on pin _38454_/X after 1 rounds of buffering (no solution meets design rules)
[WARNING RSZ-2005] cannot find a viable buffering solution on pin _38449_/X after 1 rounds of buffering (no solution meets design rules)
[WARNING RSZ-2005] cannot find a viable buffering solution on pin _38443_/X after 1 rounds of buffering (no solution meets design rules)
[WARNING RSZ-2005] cannot find a viable buffering solution on pin _38438_/X after 1 rounds of buffering (no solution meets design rules)
[WARNING RSZ-2005] cannot find a viable buffering solution on pin _38337_/X after 1 rounds of buffering (no solution meets design rules)
[WARNING RSZ-2005] cannot find a viable buffering solution on pin _38326_/X after 1 rounds of buffering (no solution meets design rules)
[WARNING RSZ-2005] cannot find a viable buffering solution on pin _38321_/X after 1 rounds of buffering (no solution meets design rules)
[WARNING RSZ-2005] cannot find a viable buffering solution on pin _38315_/X after 1 rounds of buffering (no solution meets design rules)
[WARNING RSZ-2005] cannot find a viable buffering solution on pin _38310_/X after 1 rounds of buffering (no solution meets design rules)
[WARNING RSZ-2005] cannot find a viable buffering solution on pin _38304_/X after 1 rounds of buffering (no solution meets design rules)
[WARNING RSZ-2005] cannot find a viable buffering solution on pin _38299_/X after 1 rounds of buffering (no solution meets design rules)
[WARNING RSZ-2005] cannot find a viable buffering solution on pin _38290_/X after 1 rounds of buffering (no solution meets design rules)
[WARNING RSZ-2005] cannot find a viable buffering solution on pin _38285_/X after 1 rounds of buffering (no solution meets design rules)
[WARNING RSZ-2005] cannot find a viable buffering solution on pin _38279_/X after 1 rounds of buffering (no solution meets design rules)
[WARNING RSZ-2005] cannot find a viable buffering solution on pin _38274_/X after 1 rounds of buffering (no solution meets design rules)
[WARNING RSZ-2005] cannot find a viable buffering solution on pin _38268_/X after 1 rounds of buffering (no solution meets design rules)
[WARNING RSZ-2005] cannot find a viable buffering solution on pin _38263_/X after 1 rounds of buffering (no solution meets design rules)
[WARNING RSZ-2005] cannot find a viable buffering solution on pin _38257_/X after 1 rounds of buffering (no solution meets design rules)
[WARNING RSZ-2005] cannot find a viable buffering solution on pin _38252_/X after 1 rounds of buffering (no solution meets design rules)
[WARNING RSZ-2005] cannot find a viable buffering solution on pin _38185_/X after 1 rounds of buffering (no solution meets design rules)
[WARNING RSZ-2005] cannot find a viable buffering solution on pin _38180_/X after 1 rounds of buffering (no solution meets design rules)
[WARNING RSZ-2005] cannot find a viable buffering solution on pin _38174_/X after 1 rounds of buffering (no solution meets design rules)
[WARNING RSZ-2005] cannot find a viable buffering solution on pin _38168_/X after 1 rounds of buffering (no solution meets design rules)
[WARNING RSZ-2005] cannot find a viable buffering solution on pin _38162_/X after 1 rounds of buffering (no solution meets design rules)
[WARNING RSZ-2005] cannot find a viable buffering solution on pin _38157_/X after 1 rounds of buffering (no solution meets design rules)
[WARNING RSZ-2005] cannot find a viable buffering solution on pin _38101_/X after 1 rounds of buffering (no solution meets design rules)
[WARNING RSZ-2005] cannot find a viable buffering solution on pin _38096_/X after 1 rounds of buffering (no solution meets design rules)
[WARNING RSZ-2005] cannot find a viable buffering solution on pin _38090_/X after 1 rounds of buffering (no solution meets design rules)
[WARNING RSZ-2005] cannot find a viable buffering solution on pin _38085_/X after 1 rounds of buffering (no solution meets design rules)
[WARNING RSZ-2005] cannot find a viable buffering solution on pin _38079_/X after 1 rounds of buffering (no solution meets design rules)
[WARNING RSZ-2005] cannot find a viable buffering solution on pin _38073_/X after 1 rounds of buffering (no solution meets design rules)
[WARNING RSZ-2005] cannot find a viable buffering solution on pin _38067_/X after 1 rounds of buffering (no solution meets design rules)
[WARNING RSZ-2005] cannot find a viable buffering solution on pin _38062_/X after 1 rounds of buffering (no solution meets design rules)
[WARNING RSZ-2005] cannot find a viable buffering solution on pin _38007_/X after 1 rounds of buffering (no solution meets design rules)
[WARNING RSZ-2005] cannot find a viable buffering solution on pin _38000_/X after 1 rounds of buffering (no solution meets design rules)
[WARNING RSZ-2005] cannot find a viable buffering solution on pin _37990_/X after 1 rounds of buffering (no solution meets design rules)
[WARNING RSZ-2005] cannot find a viable buffering solution on pin _37985_/X after 1 rounds of buffering (no solution meets design rules)
[WARNING RSZ-2005] cannot find a viable buffering solution on pin _37977_/X after 1 rounds of buffering (no solution meets design rules)
[WARNING RSZ-2005] cannot find a viable buffering solution on pin _37972_/X after 1 rounds of buffering (no solution meets design rules)
[WARNING RSZ-2005] cannot find a viable buffering solution on pin _37966_/X after 1 rounds of buffering (no solution meets design rules)
[WARNING RSZ-2005] cannot find a viable buffering solution on pin _37960_/X after 1 rounds of buffering (no solution meets design rules)
[WARNING RSZ-2005] cannot find a viable buffering solution on pin _37897_/X after 1 rounds of buffering (no solution meets design rules)
[WARNING RSZ-2005] cannot find a viable buffering solution on pin _37884_/X after 1 rounds of buffering (no solution meets design rules)
[WARNING RSZ-2005] cannot find a viable buffering solution on pin _37877_/X after 1 rounds of buffering (no solution meets design rules)
[WARNING RSZ-2005] cannot find a viable buffering solution on pin _37871_/X after 1 rounds of buffering (no solution meets design rules)
[WARNING RSZ-2005] cannot find a viable buffering solution on pin _37864_/X after 1 rounds of buffering (no solution meets design rules)
[WARNING RSZ-2005] cannot find a viable buffering solution on pin _37857_/X after 1 rounds of buffering (no solution meets design rules)
[WARNING RSZ-2005] cannot find a viable buffering solution on pin _37852_/X after 1 rounds of buffering (no solution meets design rules)
[WARNING RSZ-2005] cannot find a viable buffering solution on pin _37788_/X after 1 rounds of buffering (no solution meets design rules)
[WARNING RSZ-2005] cannot find a viable buffering solution on pin _37782_/X after 1 rounds of buffering (no solution meets design rules)
[WARNING RSZ-2005] cannot find a viable buffering solution on pin _37774_/X after 1 rounds of buffering (no solution meets design rules)
[WARNING RSZ-2005] cannot find a viable buffering solution on pin _37769_/X after 1 rounds of buffering (no solution meets design rules)
[WARNING RSZ-2005] cannot find a viable buffering solution on pin _37763_/X after 1 rounds of buffering (no solution meets design rules)
[WARNING RSZ-2005] cannot find a viable buffering solution on pin _37757_/X after 1 rounds of buffering (no solution meets design rules)
[WARNING RSZ-2005] cannot find a viable buffering solution on pin _37751_/X after 1 rounds of buffering (no solution meets design rules)
[WARNING RSZ-2005] cannot find a viable buffering solution on pin _37746_/X after 1 rounds of buffering (no solution meets design rules)
[WARNING RSZ-2005] cannot find a viable buffering solution on pin _37675_/X after 1 rounds of buffering (no solution meets design rules)
[WARNING RSZ-2005] cannot find a viable buffering solution on pin _37669_/X after 1 rounds of buffering (no solution meets design rules)
[WARNING RSZ-2005] cannot find a viable buffering solution on pin _37663_/X after 1 rounds of buffering (no solution meets design rules)
[WARNING RSZ-2005] cannot find a viable buffering solution on pin _37657_/X after 1 rounds of buffering (no solution meets design rules)
[WARNING RSZ-2005] cannot find a viable buffering solution on pin _37649_/X after 1 rounds of buffering (no solution meets design rules)
[WARNING RSZ-2005] cannot find a viable buffering solution on pin _37644_/X after 1 rounds of buffering (no solution meets design rules)
[WARNING RSZ-2005] cannot find a viable buffering solution on pin _37638_/X after 1 rounds of buffering (no solution meets design rules)
[WARNING RSZ-2005] cannot find a viable buffering solution on pin _37632_/X after 1 rounds of buffering (no solution meets design rules)
[WARNING RSZ-2005] cannot find a viable buffering solution on pin _37511_/X after 1 rounds of buffering (no solution meets design rules)
[WARNING RSZ-2005] cannot find a viable buffering solution on pin _37496_/X after 1 rounds of buffering (no solution meets design rules)
[WARNING RSZ-2005] cannot find a viable buffering solution on pin _37491_/X after 1 rounds of buffering (no solution meets design rules)
[WARNING RSZ-2005] cannot find a viable buffering solution on pin _37482_/X after 1 rounds of buffering (no solution meets design rules)
[WARNING RSZ-2005] cannot find a viable buffering solution on pin _37476_/X after 1 rounds of buffering (no solution meets design rules)
[WARNING RSZ-2005] cannot find a viable buffering solution on pin _37470_/X after 1 rounds of buffering (no solution meets design rules)
[WARNING RSZ-2005] cannot find a viable buffering solution on pin _37464_/X after 1 rounds of buffering (no solution meets design rules)
[WARNING RSZ-2005] cannot find a viable buffering solution on pin _37453_/X after 1 rounds of buffering (no solution meets design rules)
[WARNING RSZ-2005] cannot find a viable buffering solution on pin _37442_/X after 1 rounds of buffering (no solution meets design rules)
[WARNING RSZ-2005] cannot find a viable buffering solution on pin _37436_/X after 1 rounds of buffering (no solution meets design rules)
[WARNING RSZ-2005] cannot find a viable buffering solution on pin _37428_/X after 1 rounds of buffering (no solution meets design rules)
[WARNING RSZ-2005] cannot find a viable buffering solution on pin _37422_/X after 1 rounds of buffering (no solution meets design rules)
[WARNING RSZ-2005] cannot find a viable buffering solution on pin _37414_/X after 1 rounds of buffering (no solution meets design rules)
[WARNING RSZ-2005] cannot find a viable buffering solution on pin _37406_/X after 1 rounds of buffering (no solution meets design rules)
[WARNING RSZ-2005] cannot find a viable buffering solution on pin _37290_/X after 1 rounds of buffering (no solution meets design rules)
[WARNING RSZ-2005] cannot find a viable buffering solution on pin _37274_/X after 1 rounds of buffering (no solution meets design rules)
[WARNING RSZ-2005] cannot find a viable buffering solution on pin _37268_/X after 1 rounds of buffering (no solution meets design rules)
[WARNING RSZ-2005] cannot find a viable buffering solution on pin _37260_/X after 1 rounds of buffering (no solution meets design rules)
[WARNING RSZ-2005] cannot find a viable buffering solution on pin _37255_/X after 1 rounds of buffering (no solution meets design rules)
[WARNING RSZ-2005] cannot find a viable buffering solution on pin _37248_/X after 1 rounds of buffering (no solution meets design rules)
[WARNING RSZ-2005] cannot find a viable buffering solution on pin _37243_/X after 1 rounds of buffering (no solution meets design rules)
[WARNING RSZ-2005] cannot find a viable buffering solution on pin _37180_/X after 1 rounds of buffering (no solution meets design rules)
[WARNING RSZ-2005] cannot find a viable buffering solution on pin _37169_/X after 1 rounds of buffering (no solution meets design rules)
[WARNING RSZ-2005] cannot find a viable buffering solution on pin _37163_/X after 1 rounds of buffering (no solution meets design rules)
[WARNING RSZ-2005] cannot find a viable buffering solution on pin _37157_/X after 1 rounds of buffering (no solution meets design rules)
[WARNING RSZ-2005] cannot find a viable buffering solution on pin _37150_/X after 1 rounds of buffering (no solution meets design rules)
[WARNING RSZ-2005] cannot find a viable buffering solution on pin _37142_/X after 1 rounds of buffering (no solution meets design rules)
[WARNING RSZ-2005] cannot find a viable buffering solution on pin _37135_/X after 1 rounds of buffering (no solution meets design rules)
[WARNING RSZ-2005] cannot find a viable buffering solution on pin _37125_/X after 1 rounds of buffering (no solution meets design rules)
[WARNING RSZ-2005] cannot find a viable buffering solution on pin _37120_/X after 1 rounds of buffering (no solution meets design rules)
[WARNING RSZ-2005] cannot find a viable buffering solution on pin _37111_/X after 1 rounds of buffering (no solution meets design rules)
[WARNING RSZ-2005] cannot find a viable buffering solution on pin _37105_/X after 1 rounds of buffering (no solution meets design rules)
[WARNING RSZ-2005] cannot find a viable buffering solution on pin _37099_/X after 1 rounds of buffering (no solution meets design rules)
[WARNING RSZ-2005] cannot find a viable buffering solution on pin _37093_/X after 1 rounds of buffering (no solution meets design rules)
[WARNING RSZ-2005] cannot find a viable buffering solution on pin _37086_/X after 1 rounds of buffering (no solution meets design rules)
[WARNING RSZ-2005] cannot find a viable buffering solution on pin _37081_/X after 1 rounds of buffering (no solution meets design rules)
[WARNING RSZ-2005] cannot find a viable buffering solution on pin _37011_/X after 1 rounds of buffering (no solution meets design rules)
[WARNING RSZ-2005] cannot find a viable buffering solution on pin _37004_/X after 1 rounds of buffering (no solution meets design rules)
[WARNING RSZ-2005] cannot find a viable buffering solution on pin _36997_/X after 1 rounds of buffering (no solution meets design rules)
[WARNING RSZ-2005] cannot find a viable buffering solution on pin _36990_/X after 1 rounds of buffering (no solution meets design rules)
[WARNING RSZ-2005] cannot find a viable buffering solution on pin _36983_/X after 1 rounds of buffering (no solution meets design rules)
[WARNING RSZ-2005] cannot find a viable buffering solution on pin _36975_/X after 1 rounds of buffering (no solution meets design rules)
[WARNING RSZ-2005] cannot find a viable buffering solution on pin _36967_/X after 1 rounds of buffering (no solution meets design rules)
[WARNING RSZ-2005] cannot find a viable buffering solution on pin _36960_/X after 1 rounds of buffering (no solution meets design rules)
[WARNING RSZ-2005] cannot find a viable buffering solution on pin _36846_/X after 1 rounds of buffering (no solution meets design rules)
[WARNING RSZ-2005] cannot find a viable buffering solution on pin _36841_/X after 1 rounds of buffering (no solution meets design rules)
[WARNING RSZ-2005] cannot find a viable buffering solution on pin _36833_/X after 1 rounds of buffering (no solution meets design rules)
[WARNING RSZ-2005] cannot find a viable buffering solution on pin _36827_/X after 1 rounds of buffering (no solution meets design rules)
[WARNING RSZ-2005] cannot find a viable buffering solution on pin _36820_/X after 1 rounds of buffering (no solution meets design rules)
[WARNING RSZ-2005] cannot find a viable buffering solution on pin _36815_/X after 1 rounds of buffering (no solution meets design rules)
[WARNING RSZ-2005] cannot find a viable buffering solution on pin _36808_/X after 1 rounds of buffering (no solution meets design rules)
[WARNING RSZ-2005] cannot find a viable buffering solution on pin _36803_/X after 1 rounds of buffering (no solution meets design rules)
[WARNING RSZ-2005] cannot find a viable buffering solution on pin _36792_/X after 1 rounds of buffering (no solution meets design rules)
[WARNING RSZ-2005] cannot find a viable buffering solution on pin _36786_/X after 1 rounds of buffering (no solution meets design rules)
[WARNING RSZ-2005] cannot find a viable buffering solution on pin _36779_/X after 1 rounds of buffering (no solution meets design rules)
[WARNING RSZ-2005] cannot find a viable buffering solution on pin _36772_/X after 1 rounds of buffering (no solution meets design rules)
[WARNING RSZ-2005] cannot find a viable buffering solution on pin _36766_/X after 1 rounds of buffering (no solution meets design rules)
[WARNING RSZ-2005] cannot find a viable buffering solution on pin _36759_/X after 1 rounds of buffering (no solution meets design rules)
[WARNING RSZ-2005] cannot find a viable buffering solution on pin _36752_/X after 1 rounds of buffering (no solution meets design rules)
[WARNING RSZ-2005] cannot find a viable buffering solution on pin _36747_/X after 1 rounds of buffering (no solution meets design rules)
[WARNING RSZ-2005] cannot find a viable buffering solution on pin _36633_/X after 1 rounds of buffering (no solution meets design rules)
[WARNING RSZ-2005] cannot find a viable buffering solution on pin _36628_/X after 1 rounds of buffering (no solution meets design rules)
[WARNING RSZ-2005] cannot find a viable buffering solution on pin _36619_/X after 1 rounds of buffering (no solution meets design rules)
[WARNING RSZ-2005] cannot find a viable buffering solution on pin _36612_/X after 1 rounds of buffering (no solution meets design rules)
[WARNING RSZ-2005] cannot find a viable buffering solution on pin _36604_/X after 1 rounds of buffering (no solution meets design rules)
[WARNING RSZ-2005] cannot find a viable buffering solution on pin _36597_/X after 1 rounds of buffering (no solution meets design rules)
[WARNING RSZ-2005] cannot find a viable buffering solution on pin _36590_/X after 1 rounds of buffering (no solution meets design rules)
[WARNING RSZ-2005] cannot find a viable buffering solution on pin _36583_/X after 1 rounds of buffering (no solution meets design rules)
[WARNING RSZ-2005] cannot find a viable buffering solution on pin _36571_/X after 1 rounds of buffering (no solution meets design rules)
[WARNING RSZ-2005] cannot find a viable buffering solution on pin _36565_/X after 1 rounds of buffering (no solution meets design rules)
[WARNING RSZ-2005] cannot find a viable buffering solution on pin _36559_/X after 1 rounds of buffering (no solution meets design rules)
[WARNING RSZ-2005] cannot find a viable buffering solution on pin _36553_/X after 1 rounds of buffering (no solution meets design rules)
[WARNING RSZ-2005] cannot find a viable buffering solution on pin _36545_/X after 1 rounds of buffering (no solution meets design rules)
[WARNING RSZ-2005] cannot find a viable buffering solution on pin _36540_/X after 1 rounds of buffering (no solution meets design rules)
[WARNING RSZ-2005] cannot find a viable buffering solution on pin _36534_/X after 1 rounds of buffering (no solution meets design rules)
[WARNING RSZ-2005] cannot find a viable buffering solution on pin _36528_/X after 1 rounds of buffering (no solution meets design rules)
[WARNING RSZ-2005] cannot find a viable buffering solution on pin _36463_/X after 1 rounds of buffering (no solution meets design rules)
[WARNING RSZ-2005] cannot find a viable buffering solution on pin _36456_/X after 1 rounds of buffering (no solution meets design rules)
[WARNING RSZ-2005] cannot find a viable buffering solution on pin _36450_/X after 1 rounds of buffering (no solution meets design rules)
[WARNING RSZ-2005] cannot find a viable buffering solution on pin _36443_/X after 1 rounds of buffering (no solution meets design rules)
[WARNING RSZ-2005] cannot find a viable buffering solution on pin _36435_/X after 1 rounds of buffering (no solution meets design rules)
[WARNING RSZ-2005] cannot find a viable buffering solution on pin _36430_/X after 1 rounds of buffering (no solution meets design rules)
[WARNING RSZ-2005] cannot find a viable buffering solution on pin _36422_/X after 1 rounds of buffering (no solution meets design rules)
[WARNING RSZ-2005] cannot find a viable buffering solution on pin _36416_/X after 1 rounds of buffering (no solution meets design rules)
[WARNING RSZ-2005] cannot find a viable buffering solution on pin _36349_/X after 1 rounds of buffering (no solution meets design rules)
[WARNING RSZ-2005] cannot find a viable buffering solution on pin _36344_/X after 1 rounds of buffering (no solution meets design rules)
[WARNING RSZ-2005] cannot find a viable buffering solution on pin _36338_/X after 1 rounds of buffering (no solution meets design rules)
[WARNING RSZ-2005] cannot find a viable buffering solution on pin _36332_/X after 1 rounds of buffering (no solution meets design rules)
[WARNING RSZ-2005] cannot find a viable buffering solution on pin _36324_/X after 1 rounds of buffering (no solution meets design rules)
[WARNING RSZ-2005] cannot find a viable buffering solution on pin _36318_/X after 1 rounds of buffering (no solution meets design rules)
[WARNING RSZ-2005] cannot find a viable buffering solution on pin _36310_/X after 1 rounds of buffering (no solution meets design rules)
[WARNING RSZ-2005] cannot find a viable buffering solution on pin _36302_/X after 1 rounds of buffering (no solution meets design rules)
[WARNING RSZ-2005] cannot find a viable buffering solution on pin _36240_/X after 1 rounds of buffering (no solution meets design rules)
[WARNING RSZ-2005] cannot find a viable buffering solution on pin _36234_/X after 1 rounds of buffering (no solution meets design rules)
[WARNING RSZ-2005] cannot find a viable buffering solution on pin _36228_/X after 1 rounds of buffering (no solution meets design rules)
[WARNING RSZ-2005] cannot find a viable buffering solution on pin _36223_/X after 1 rounds of buffering (no solution meets design rules)
[WARNING RSZ-2005] cannot find a viable buffering solution on pin _36216_/X after 1 rounds of buffering (no solution meets design rules)
[WARNING RSZ-2005] cannot find a viable buffering solution on pin _36211_/X after 1 rounds of buffering (no solution meets design rules)
[WARNING RSZ-2005] cannot find a viable buffering solution on pin _36203_/X after 1 rounds of buffering (no solution meets design rules)
[WARNING RSZ-2005] cannot find a viable buffering solution on pin _36197_/X after 1 rounds of buffering (no solution meets design rules)
[WARNING RSZ-2005] cannot find a viable buffering solution on pin _36127_/X after 1 rounds of buffering (no solution meets design rules)
[WARNING RSZ-2005] cannot find a viable buffering solution on pin _36122_/X after 1 rounds of buffering (no solution meets design rules)
[WARNING RSZ-2005] cannot find a viable buffering solution on pin _36116_/X after 1 rounds of buffering (no solution meets design rules)
[WARNING RSZ-2005] cannot find a viable buffering solution on pin _36110_/X after 1 rounds of buffering (no solution meets design rules)
[WARNING RSZ-2005] cannot find a viable buffering solution on pin _36103_/X after 1 rounds of buffering (no solution meets design rules)
[WARNING RSZ-2005] cannot find a viable buffering solution on pin _36096_/X after 1 rounds of buffering (no solution meets design rules)
[WARNING RSZ-2005] cannot find a viable buffering solution on pin _36089_/X after 1 rounds of buffering (no solution meets design rules)
[WARNING RSZ-2005] cannot find a viable buffering solution on pin _36083_/X after 1 rounds of buffering (no solution meets design rules)
[WARNING RSZ-2005] cannot find a viable buffering solution on pin _36020_/X after 1 rounds of buffering (no solution meets design rules)
[WARNING RSZ-2005] cannot find a viable buffering solution on pin _36015_/X after 1 rounds of buffering (no solution meets design rules)
[WARNING RSZ-2005] cannot find a viable buffering solution on pin _36006_/X after 1 rounds of buffering (no solution meets design rules)
[WARNING RSZ-2005] cannot find a viable buffering solution on pin _36000_/X after 1 rounds of buffering (no solution meets design rules)
[WARNING RSZ-2005] cannot find a viable buffering solution on pin _35994_/X after 1 rounds of buffering (no solution meets design rules)
[WARNING RSZ-2005] cannot find a viable buffering solution on pin _35988_/X after 1 rounds of buffering (no solution meets design rules)
[WARNING RSZ-2005] cannot find a viable buffering solution on pin _35981_/X after 1 rounds of buffering (no solution meets design rules)
[WARNING RSZ-2005] cannot find a viable buffering solution on pin _35976_/X after 1 rounds of buffering (no solution meets design rules)
[WARNING RSZ-2005] cannot find a viable buffering solution on pin _35907_/X after 1 rounds of buffering (no solution meets design rules)
[WARNING RSZ-2005] cannot find a viable buffering solution on pin _35900_/X after 1 rounds of buffering (no solution meets design rules)
[WARNING RSZ-2005] cannot find a viable buffering solution on pin _35893_/X after 1 rounds of buffering (no solution meets design rules)
[WARNING RSZ-2005] cannot find a viable buffering solution on pin _35886_/X after 1 rounds of buffering (no solution meets design rules)
[WARNING RSZ-2005] cannot find a viable buffering solution on pin _35879_/X after 1 rounds of buffering (no solution meets design rules)
[WARNING RSZ-2005] cannot find a viable buffering solution on pin _35871_/X after 1 rounds of buffering (no solution meets design rules)
[WARNING RSZ-2005] cannot find a viable buffering solution on pin _35863_/X after 1 rounds of buffering (no solution meets design rules)
[WARNING RSZ-2005] cannot find a viable buffering solution on pin _35856_/X after 1 rounds of buffering (no solution meets design rules)
[WARNING RSZ-2005] cannot find a viable buffering solution on pin _35798_/X after 1 rounds of buffering (no solution meets design rules)
[WARNING RSZ-2005] cannot find a viable buffering solution on pin _35791_/X after 1 rounds of buffering (no solution meets design rules)
[WARNING RSZ-2005] cannot find a viable buffering solution on pin _35781_/X after 1 rounds of buffering (no solution meets design rules)
[WARNING RSZ-2005] cannot find a viable buffering solution on pin _35776_/X after 1 rounds of buffering (no solution meets design rules)
[WARNING RSZ-2005] cannot find a viable buffering solution on pin _35768_/X after 1 rounds of buffering (no solution meets design rules)
[WARNING RSZ-2005] cannot find a viable buffering solution on pin _35763_/X after 1 rounds of buffering (no solution meets design rules)
[WARNING RSZ-2005] cannot find a viable buffering solution on pin _35757_/X after 1 rounds of buffering (no solution meets design rules)
[WARNING RSZ-2005] cannot find a viable buffering solution on pin _35751_/X after 1 rounds of buffering (no solution meets design rules)
[WARNING RSZ-2005] cannot find a viable buffering solution on pin _35687_/X after 1 rounds of buffering (no solution meets design rules)
[WARNING RSZ-2005] cannot find a viable buffering solution on pin _35681_/X after 1 rounds of buffering (no solution meets design rules)
[WARNING RSZ-2005] cannot find a viable buffering solution on pin _35674_/X after 1 rounds of buffering (no solution meets design rules)
[WARNING RSZ-2005] cannot find a viable buffering solution on pin _35667_/X after 1 rounds of buffering (no solution meets design rules)
[WARNING RSZ-2005] cannot find a viable buffering solution on pin _35661_/X after 1 rounds of buffering (no solution meets design rules)
[WARNING RSZ-2005] cannot find a viable buffering solution on pin _35654_/X after 1 rounds of buffering (no solution meets design rules)
[WARNING RSZ-2005] cannot find a viable buffering solution on pin _35647_/X after 1 rounds of buffering (no solution meets design rules)
[WARNING RSZ-2005] cannot find a viable buffering solution on pin _35642_/X after 1 rounds of buffering (no solution meets design rules)
[WARNING RSZ-2005] cannot find a viable buffering solution on pin _35528_/X after 1 rounds of buffering (no solution meets design rules)
[WARNING RSZ-2005] cannot find a viable buffering solution on pin _35523_/X after 1 rounds of buffering (no solution meets design rules)
[WARNING RSZ-2005] cannot find a viable buffering solution on pin _35514_/X after 1 rounds of buffering (no solution meets design rules)
[WARNING RSZ-2005] cannot find a viable buffering solution on pin _35507_/X after 1 rounds of buffering (no solution meets design rules)
[WARNING RSZ-2005] cannot find a viable buffering solution on pin _35499_/X after 1 rounds of buffering (no solution meets design rules)
[WARNING RSZ-2005] cannot find a viable buffering solution on pin _35492_/X after 1 rounds of buffering (no solution meets design rules)
[WARNING RSZ-2005] cannot find a viable buffering solution on pin _35485_/X after 1 rounds of buffering (no solution meets design rules)
[WARNING RSZ-2005] cannot find a viable buffering solution on pin _35478_/X after 1 rounds of buffering (no solution meets design rules)
[WARNING RSZ-2005] cannot find a viable buffering solution on pin _35466_/X after 1 rounds of buffering (no solution meets design rules)
[WARNING RSZ-2005] cannot find a viable buffering solution on pin _35460_/X after 1 rounds of buffering (no solution meets design rules)
[WARNING RSZ-2005] cannot find a viable buffering solution on pin _35454_/X after 1 rounds of buffering (no solution meets design rules)
[WARNING RSZ-2005] cannot find a viable buffering solution on pin _35448_/X after 1 rounds of buffering (no solution meets design rules)
[WARNING RSZ-2005] cannot find a viable buffering solution on pin _35440_/X after 1 rounds of buffering (no solution meets design rules)
[WARNING RSZ-2005] cannot find a viable buffering solution on pin _35435_/X after 1 rounds of buffering (no solution meets design rules)
[WARNING RSZ-2005] cannot find a viable buffering solution on pin _35429_/X after 1 rounds of buffering (no solution meets design rules)
[WARNING RSZ-2005] cannot find a viable buffering solution on pin _35423_/X after 1 rounds of buffering (no solution meets design rules)
[WARNING RSZ-2005] cannot find a viable buffering solution on pin _35358_/X after 1 rounds of buffering (no solution meets design rules)
[WARNING RSZ-2005] cannot find a viable buffering solution on pin _35351_/X after 1 rounds of buffering (no solution meets design rules)
[WARNING RSZ-2005] cannot find a viable buffering solution on pin _35345_/X after 1 rounds of buffering (no solution meets design rules)
[WARNING RSZ-2005] cannot find a viable buffering solution on pin _35338_/X after 1 rounds of buffering (no solution meets design rules)
[WARNING RSZ-2005] cannot find a viable buffering solution on pin _35330_/X after 1 rounds of buffering (no solution meets design rules)
[WARNING RSZ-2005] cannot find a viable buffering solution on pin _35325_/X after 1 rounds of buffering (no solution meets design rules)
[WARNING RSZ-2005] cannot find a viable buffering solution on pin _35317_/X after 1 rounds of buffering (no solution meets design rules)
[WARNING RSZ-2005] cannot find a viable buffering solution on pin _35311_/X after 1 rounds of buffering (no solution meets design rules)
[WARNING RSZ-2005] cannot find a viable buffering solution on pin _35261_/X after 1 rounds of buffering (no solution meets design rules)
[WARNING RSZ-2005] cannot find a viable buffering solution on pin _35255_/X after 1 rounds of buffering (no solution meets design rules)
[WARNING RSZ-2005] cannot find a viable buffering solution on pin _35244_/X after 1 rounds of buffering (no solution meets design rules)
[WARNING RSZ-2005] cannot find a viable buffering solution on pin _35239_/X after 1 rounds of buffering (no solution meets design rules)
[WARNING RSZ-2005] cannot find a viable buffering solution on pin _35233_/X after 1 rounds of buffering (no solution meets design rules)
[WARNING RSZ-2005] cannot find a viable buffering solution on pin _35227_/X after 1 rounds of buffering (no solution meets design rules)
[WARNING RSZ-2005] cannot find a viable buffering solution on pin _35219_/X after 1 rounds of buffering (no solution meets design rules)
[WARNING RSZ-2005] cannot find a viable buffering solution on pin _35213_/X after 1 rounds of buffering (no solution meets design rules)
[WARNING RSZ-2005] cannot find a viable buffering solution on pin _35205_/X after 1 rounds of buffering (no solution meets design rules)
[WARNING RSZ-2005] cannot find a viable buffering solution on pin _35197_/X after 1 rounds of buffering (no solution meets design rules)
[WARNING RSZ-2005] cannot find a viable buffering solution on pin _35135_/X after 1 rounds of buffering (no solution meets design rules)
[WARNING RSZ-2005] cannot find a viable buffering solution on pin _35129_/X after 1 rounds of buffering (no solution meets design rules)
[WARNING RSZ-2005] cannot find a viable buffering solution on pin _35123_/X after 1 rounds of buffering (no solution meets design rules)
[WARNING RSZ-2005] cannot find a viable buffering solution on pin _35118_/X after 1 rounds of buffering (no solution meets design rules)
[WARNING RSZ-2005] cannot find a viable buffering solution on pin _35111_/X after 1 rounds of buffering (no solution meets design rules)
[WARNING RSZ-2005] cannot find a viable buffering solution on pin _35106_/X after 1 rounds of buffering (no solution meets design rules)
[WARNING RSZ-2005] cannot find a viable buffering solution on pin _35098_/X after 1 rounds of buffering (no solution meets design rules)
[WARNING RSZ-2005] cannot find a viable buffering solution on pin _35092_/X after 1 rounds of buffering (no solution meets design rules)
[WARNING RSZ-2005] cannot find a viable buffering solution on pin _35023_/X after 1 rounds of buffering (no solution meets design rules)
[WARNING RSZ-2005] cannot find a viable buffering solution on pin _35018_/X after 1 rounds of buffering (no solution meets design rules)
[WARNING RSZ-2005] cannot find a viable buffering solution on pin _35012_/X after 1 rounds of buffering (no solution meets design rules)
[WARNING RSZ-2005] cannot find a viable buffering solution on pin _35006_/X after 1 rounds of buffering (no solution meets design rules)
[WARNING RSZ-2005] cannot find a viable buffering solution on pin _34999_/X after 1 rounds of buffering (no solution meets design rules)
[WARNING RSZ-2005] cannot find a viable buffering solution on pin _34992_/X after 1 rounds of buffering (no solution meets design rules)
[WARNING RSZ-2005] cannot find a viable buffering solution on pin _34985_/X after 1 rounds of buffering (no solution meets design rules)
[WARNING RSZ-2005] cannot find a viable buffering solution on pin _34979_/X after 1 rounds of buffering (no solution meets design rules)
[WARNING RSZ-2005] cannot find a viable buffering solution on pin _34863_/X after 1 rounds of buffering (no solution meets design rules)
[WARNING RSZ-2005] cannot find a viable buffering solution on pin _34855_/X after 1 rounds of buffering (no solution meets design rules)
[WARNING RSZ-2005] cannot find a viable buffering solution on pin _34848_/X after 1 rounds of buffering (no solution meets design rules)
[WARNING RSZ-2005] cannot find a viable buffering solution on pin _34842_/X after 1 rounds of buffering (no solution meets design rules)
[WARNING RSZ-2005] cannot find a viable buffering solution on pin _34836_/X after 1 rounds of buffering (no solution meets design rules)
[WARNING RSZ-2005] cannot find a viable buffering solution on pin _34830_/X after 1 rounds of buffering (no solution meets design rules)
[WARNING RSZ-2005] cannot find a viable buffering solution on pin _34821_/X after 1 rounds of buffering (no solution meets design rules)
[WARNING RSZ-2005] cannot find a viable buffering solution on pin _34813_/X after 1 rounds of buffering (no solution meets design rules)
[WARNING RSZ-2005] cannot find a viable buffering solution on pin _34802_/X after 1 rounds of buffering (no solution meets design rules)
[WARNING RSZ-2005] cannot find a viable buffering solution on pin _34795_/X after 1 rounds of buffering (no solution meets design rules)
[WARNING RSZ-2005] cannot find a viable buffering solution on pin _34788_/X after 1 rounds of buffering (no solution meets design rules)
[WARNING RSZ-2005] cannot find a viable buffering solution on pin _34781_/X after 1 rounds of buffering (no solution meets design rules)
[WARNING RSZ-2005] cannot find a viable buffering solution on pin _34774_/X after 1 rounds of buffering (no solution meets design rules)
[WARNING RSZ-2005] cannot find a viable buffering solution on pin _34766_/X after 1 rounds of buffering (no solution meets design rules)
[WARNING RSZ-2005] cannot find a viable buffering solution on pin _34758_/X after 1 rounds of buffering (no solution meets design rules)
[WARNING RSZ-2005] cannot find a viable buffering solution on pin _34751_/X after 1 rounds of buffering (no solution meets design rules)
[WARNING RSZ-2005] cannot find a viable buffering solution on pin _34707_/X after 1 rounds of buffering (no solution meets design rules)
[WARNING RSZ-2005] cannot find a viable buffering solution on pin _34702_/X after 1 rounds of buffering (no solution meets design rules)
[WARNING RSZ-2005] cannot find a viable buffering solution on pin _34693_/X after 1 rounds of buffering (no solution meets design rules)
[WARNING RSZ-2005] cannot find a viable buffering solution on pin _34686_/X after 1 rounds of buffering (no solution meets design rules)
[WARNING RSZ-2005] cannot find a viable buffering solution on pin _34676_/X after 1 rounds of buffering (no solution meets design rules)
[WARNING RSZ-2005] cannot find a viable buffering solution on pin _34671_/X after 1 rounds of buffering (no solution meets design rules)
[WARNING RSZ-2005] cannot find a viable buffering solution on pin _34663_/X after 1 rounds of buffering (no solution meets design rules)
[WARNING RSZ-2005] cannot find a viable buffering solution on pin _34658_/X after 1 rounds of buffering (no solution meets design rules)
[WARNING RSZ-2005] cannot find a viable buffering solution on pin _34652_/X after 1 rounds of buffering (no solution meets design rules)
[WARNING RSZ-2005] cannot find a viable buffering solution on pin _34646_/X after 1 rounds of buffering (no solution meets design rules)
[WARNING RSZ-2005] cannot find a viable buffering solution on pin _34599_/X after 1 rounds of buffering (no solution meets design rules)
[WARNING RSZ-2005] cannot find a viable buffering solution on pin _34594_/X after 1 rounds of buffering (no solution meets design rules)
[WARNING RSZ-2005] message limit (1000) reached. This message will no longer print.
    12200 |     +2.6% |    3486 |     9397 |     49768
    18300 |     +2.6% |    3491 |     9454 |     43668
    24400 |     +2.5% |    3692 |     9778 |     37568
    30500 |     +2.5% |    3692 |     9778 |     31468
    36600 |     +2.5% |    3692 |     9778 |     25368
    42700 |     +2.5% |    3692 |     9778 |     19268
    48800 |     +2.5% |    3692 |     9778 |     13168
    54900 |     +2.5% |    3692 |     9778 |      7068
    61000 |     +1.0% |    5098 |    10476 |       968
    final |     +1.0% |    5098 |    10608 |         0
-------------------------------------------------------
[INFO GPL-0106] Timing-driven: worst slack -2.8868374e-09
[INFO GPL-0107] Timing-driven: repair_design delta area: 139565.750 um^2 (+8.88%)
[INFO GPL-0108] Timing-driven: repair_design, gpl delta gcells: 10555 (+17.19%)
[INFO GPL-0109] Timing-driven: repair_design, gcells created: 15653, deleted: 5098
[INFO GPL-0110] Timing-driven: new target density: 0.5092201
[INFO GPL-0038] Routability snapshot saved at iter = 323
      322 |   0.5863 |  4.096650e+06 |          |           |      
Iteration | Overflow |     HPWL (um) |  HPWL(%) |   Penalty | Group
---------------------------------------------------------------
      330 |   0.6056 |  4.071029e+06 |  +46.76% |  5.45e-10 |      
      340 |   0.6034 |  4.011683e+06 |   -1.46% |  8.86e-10 |      
      350 |   0.5532 |  4.022582e+06 |   +0.27% |  1.44e-09 |      
      360 |   0.5054 |  4.109436e+06 |   +2.16% |  2.32e-09 |      
      370 |   0.4775 |  4.110824e+06 |   +0.03% |  3.78e-09 |      
      380 |   0.4416 |  4.074348e+06 |   -0.89% |  6.15e-09 |      
      390 |   0.3999 |  4.110334e+06 |   +0.88% |  9.98e-09 |      
      400 |   0.3616 |  4.108076e+06 |   -0.05% |  1.62e-08 |      
      410 |   0.3261 |  4.106993e+06 |   -0.03% |  2.49e-08 |      
[INFO GPL-0040] Routability iteration: 1
[WARNING GRT-0281] Net clk has a large fanout of 39561 terminals.
[INFO GPL-0041] Total routing overflow: 53.9820
[INFO GPL-0042] Number of overflowed tiles: 252 (0.08%)
[INFO GPL-0043] Average top 0.5% routing congestion: 0.9643
[INFO GPL-0044] Average top 1.0% routing congestion: 0.9082
[INFO GPL-0045] Average top 2.0% routing congestion: 0.8573
[INFO GPL-0046] Average top 5.0% routing congestion: 0.7861
[INFO GPL-0047] Routability iteration weighted routing congestion: 0.9362
[INFO GPL-0050] Weighted routing congestion is lower than target routing congestion(1.0100), end routability optimization.
[INFO GPL-0090] Routability finished. Target routing congestion achieved succesfully.
Iteration | Overflow |     HPWL (um) |  HPWL(%) |   Penalty | Group
---------------------------------------------------------------
      420 |   0.2951 |  4.099981e+06 |   -0.17% |  3.67e-08 |      
      430 |   0.2633 |  4.099385e+06 |   -0.01% |  5.40e-08 |      
      440 |   0.2327 |  4.101137e+06 |   +0.04% |  7.95e-08 |      
      450 |   0.2049 |  4.106918e+06 |   +0.14% |  1.17e-07 |      
[INFO GPL-0100] Timing-driven iteration 2/2, virtual: false.
[INFO GPL-0101]    Iter: 455, overflow: 0.194, keep resizer changes at: 1, HPWL: 4110549359
Iteration |   Area    | Resized | Buffers | Nets repaired | Remaining
---------------------------------------------------------------------
        0 |     +0.0% |       0 |       0 |             0 |     73277
    final |     +0.1% |     156 |     132 |           174 |         0
---------------------------------------------------------------------
[INFO RSZ-0034] Found 167 slew violations.
[INFO RSZ-0036] Found 18 capacitance violations.
[INFO RSZ-0037] Found 10 long wires.
[INFO RSZ-0039] Resized 156 instances.
[INFO RSZ-0038] Inserted 132 buffers in 174 nets.
   Iter   |    Area   | Removed | Inserted |   Pins
          |           | Buffers | Buffers  | Remaining
-------------------------------------------------------
        0 |     +0.0% |       0 |        0 |     61968
     6100 |     -0.3% |    8278 |     7724 |     55868
    12200 |     -0.4% |    9423 |     8429 |     49768
    18300 |     -0.4% |    9466 |     8458 |     43668
    24400 |     -0.4% |    9793 |     8650 |     37568
    30500 |     -0.4% |    9793 |     8650 |     31468
    36600 |     -0.4% |    9793 |     8650 |     25368
    42700 |     -0.4% |    9793 |     8650 |     19268
    48800 |     -0.4% |    9793 |     8650 |     13168
    54900 |     -0.4% |    9793 |     8650 |      7068
    61000 |     -0.1% |   10496 |     9837 |       968
    final |     -0.1% |   10688 |    10040 |         0
-------------------------------------------------------
[INFO GPL-0106] Timing-driven: worst slack 7.493339e-12
[INFO GPL-0107] Timing-driven: repair_design delta area: -576.503 um^2 (-0.03%)
[INFO GPL-0108] Timing-driven: repair_design, gpl delta gcells: -516 (-0.72%)
[INFO GPL-0109] Timing-driven: repair_design, gcells created: 10172, deleted: 10688
[INFO GPL-0110] Timing-driven: new target density: 0.509182
Iteration | Overflow |     HPWL (um) |  HPWL(%) |   Penalty | Group
---------------------------------------------------------------
      460 |   0.1851 |  4.428112e+06 |   +7.82% |  1.67e-07 |      
      470 |   0.1588 |  4.396980e+06 |   -0.70% |  2.45e-07 |      
      480 |   0.1360 |  4.368685e+06 |   -0.64% |  3.62e-07 |      
      490 |   0.1165 |  4.357757e+06 |   -0.25% |  5.33e-07 |      
      500 |   0.0999 |  4.343564e+06 |   -0.33% |  7.85e-07 |      
      500 |   0.0999 |  4.343564e+06 |          |  8.16e-07 |      
---------------------------------------------------------------
[INFO GPL-1001] Global placement finished at iteration 500
[INFO GPL-1017] Routability mode iteration count: 96
[INFO GPL-1005] Routability final weighted congestion: 0.9059
[INFO GPL-1002] Placed Cell Area            1711263.0917
[INFO GPL-1003] Available Free Area         15137137.7152
[INFO GPL-1004] Minimum Feasible Density        0.1100 (cell_area / free_area)
[INFO GPL-1006]   Suggested Target Densities:
[INFO GPL-1007]     - For 90% usage of free space: 0.1256
[INFO GPL-1008]     - For 80% usage of free space: 0.1413
[INFO GPL-1009]     - For 50% usage of free space: 0.2261
[INFO GPL-1011] Original area (um^2): 1572273.84
[INFO GPL-1012] Total routability artificial inflation: 0.00 (+0.00%)
[INFO GPL-1013] Total timing-driven delta area: 138989.25 (+8.84%)
[INFO GPL-1014] Final placement area: 1711263.09 (+8.84%)
Took 213 seconds: global_placement -density 0.5 -pad_left 0 -pad_right 0 -routability_driven -timing_driven -force_center_initial_place -min_phi_coef 0.95 -max_phi_coef 1.05
estimate_parasitics -placement
Report metrics stage 3, global place...

==========================================================================
global place report_design_area
--------------------------------------------------------------------------
Design area 1938644 um^2 13% utilization.
write_db ./results/sky130hd/d_nw01_cand_chat_scored/base/3_3_place_gp.odb
Elapsed time: 4:42.52[h:]min:sec. CPU time: user 455.82 sys 88.57 (192%). Peak memory: 1974080KB.
Log                       Ext     Elapsed/s Peak Memory/MB sha1sum result [0:20)
3_3_place_gp              .odb          282           1927 c941e0303932f227d812
/OpenROAD-flow-scripts/flow/scripts/flow.sh 3_4_place_resized resize
Running resize.tcl, stage 3_4_place_resized
read_liberty /OpenROAD-flow-scripts/flow/platforms/sky130hd/lib/sky130_fd_sc_hd__tt_025C_1v80.lib
read_db ./results/sky130hd/d_nw01_cand_chat_scored/base/3_3_place_gp.odb
read_sdc ./results/sky130hd/d_nw01_cand_chat_scored/base/2_floorplan.sdc
source /OpenROAD-flow-scripts/flow/platforms/sky130hd/setRC.tcl
estimate_parasitics -placement
Perform buffer insertion and gate resizing...
repair_design -verbose -match_cell_footprint
Iteration |   Area    | Resized | Buffers | Nets repaired | Remaining
---------------------------------------------------------------------
        0 |     +0.0% |       0 |       0 |             0 |     72761
     1000 |     +0.0% |       0 |       0 |             0 |     71761
     2000 |     +0.0% |       0 |       0 |             0 |     70761
     3000 |     +0.0% |       0 |       0 |             0 |     69761
     4000 |     +0.0% |       0 |       0 |             0 |     68761
     5000 |     +0.0% |       0 |       0 |             0 |     67761
     6000 |     +0.0% |       0 |       0 |             0 |     66761
     7000 |     +0.0% |       0 |       0 |             0 |     65761
     8000 |     +0.0% |       0 |       0 |             0 |     64761
     9000 |     +0.0% |       0 |       0 |             0 |     63761
    10000 |     +0.0% |       0 |       0 |             0 |     62761
    11000 |     +0.0% |       0 |       0 |             0 |     61761
    12000 |     +0.0% |       0 |       0 |             0 |     60761
    13000 |     +0.0% |       0 |       1 |             1 |     59761
    14000 |     +0.0% |       0 |       1 |             1 |     58761
    15000 |     +0.0% |       0 |       1 |             1 |     57761
    16000 |     +0.0% |       0 |       1 |             1 |     56761
    17000 |     +0.0% |       0 |       1 |             1 |     55761
    18000 |     +0.0% |       0 |       1 |             1 |     54761
    19000 |     +0.0% |       0 |       1 |             1 |     53761
    20000 |     +0.0% |       0 |       1 |             1 |     52761
    21000 |     +0.0% |       0 |       1 |             1 |     51761
    22000 |     +0.0% |       0 |       1 |             1 |     50761
    23000 |     +0.0% |       0 |       1 |             1 |     49761
    24000 |     +0.0% |       0 |       1 |             1 |     48761
    25000 |     +0.0% |       0 |       1 |             1 |     47761
    26000 |     +0.0% |       0 |       1 |             1 |     46761
    27000 |     +0.0% |       0 |       1 |             1 |     45761
    28000 |     +0.0% |       0 |       1 |             1 |     44761
    29000 |     +0.0% |       0 |       1 |             1 |     43761
    30000 |     +0.0% |       0 |       1 |             1 |     42761
    31000 |     +0.0% |       0 |       1 |             1 |     41761
    32000 |     +0.0% |       0 |       1 |             1 |     40761
    33000 |     +0.0% |       0 |       1 |             1 |     39761
    34000 |     +0.0% |       0 |       1 |             1 |     38761
    35000 |     +0.0% |       0 |       1 |             1 |     37761
    36000 |     +0.0% |       0 |       1 |             1 |     36761
    37000 |     +0.0% |       0 |       1 |             1 |     35761
    38000 |     +0.0% |       0 |       1 |             1 |     34761
    39000 |     +0.0% |       0 |       1 |             1 |     33761
    40000 |     +0.0% |       0 |       1 |             1 |     32761
    41000 |     +0.0% |       0 |       1 |             1 |     31761
    42000 |     +0.0% |       0 |       1 |             1 |     30761
    43000 |     +0.0% |       0 |       1 |             1 |     29761
    44000 |     +0.0% |       0 |       1 |             1 |     28761
    45000 |     +0.0% |       0 |       1 |             1 |     27761
    46000 |     +0.0% |       0 |       1 |             1 |     26761
    47000 |     +0.0% |       0 |       1 |             1 |     25761
    48000 |     +0.0% |       0 |       1 |             1 |     24761
    49000 |     +0.0% |       0 |       1 |             1 |     23761
    50000 |     +0.0% |       0 |       1 |             1 |     22761
    51000 |     +0.0% |       0 |       1 |             1 |     21761
    52000 |     +0.0% |       0 |       1 |             1 |     20761
    53000 |     +0.0% |       0 |       1 |             1 |     19761
    54000 |     +0.0% |       0 |       1 |             1 |     18761
    55000 |     +0.0% |       0 |       1 |             1 |     17761
    56000 |     +0.0% |       0 |       1 |             1 |     16761
    57000 |     +0.0% |       0 |       1 |             1 |     15761
    58000 |     +0.0% |       0 |       1 |             1 |     14761
    59000 |     +0.0% |       0 |       1 |             1 |     13761
    60000 |     +0.0% |       0 |       1 |             1 |     12761
    61000 |     +0.0% |       0 |       1 |             1 |     11761
    62000 |     +0.0% |       0 |       1 |             1 |     10761
    63000 |     +0.0% |       0 |       1 |             1 |      9761
    64000 |     +0.0% |       0 |       1 |             1 |      8761
    65000 |     +0.0% |       0 |       1 |             1 |      7761
    66000 |     +0.0% |       0 |       1 |             1 |      6761
    67000 |     +0.0% |       0 |       1 |             1 |      5761
    68000 |     +0.0% |       0 |       1 |             1 |      4761
    69000 |     +0.0% |       0 |       1 |             1 |      3761
    70000 |     +0.0% |       0 |       1 |             1 |      2761
    71000 |     +0.0% |       0 |       1 |             1 |      1761
    72000 |     +0.0% |       3 |       1 |             3 |       761
    final |     +0.0% |       3 |       1 |             3 |         0
---------------------------------------------------------------------
[INFO RSZ-0034] Found 4 slew violations.
[INFO RSZ-0036] Found 1 capacitance violations.
[INFO RSZ-0039] Resized 3 instances.
[INFO RSZ-0038] Inserted 1 buffers in 3 nets.
[INFO RSZ-0504] Runtime: 10.26s
Took 10 seconds: repair_design -verbose -match_cell_footprint
Floating nets: 
Report metrics stage 3, resizer...

==========================================================================
resizer report_design_area
--------------------------------------------------------------------------
Design area 1938649 um^2 13% utilization.
Instance count before 276481, after 276482
Pin count before 299513, after 299515
write_db ./results/sky130hd/d_nw01_cand_chat_scored/base/3_4_place_resized.odb
Elapsed time: 1:36.80[h:]min:sec. CPU time: user 115.76 sys 10.69 (130%). Peak memory: 877324KB.
Log                       Ext     Elapsed/s Peak Memory/MB sha1sum result [0:20)
3_4_place_resized         .odb           96            856 1215e7bfbc2e6d0fe1fe
/OpenROAD-flow-scripts/flow/scripts/flow.sh 3_5_place_dp detail_place
Running detail_place.tcl, stage 3_5_place_dp
read_liberty /OpenROAD-flow-scripts/flow/platforms/sky130hd/lib/sky130_fd_sc_hd__tt_025C_1v80.lib
read_db ./results/sky130hd/d_nw01_cand_chat_scored/base/3_4_place_resized.odb
read_sdc ./results/sky130hd/d_nw01_cand_chat_scored/base/2_floorplan.sdc
source /OpenROAD-flow-scripts/flow/platforms/sky130hd/setRC.tcl
detailed_placement
[INFO DPL-0006] Core area: 15393693.77 um^2
[INFO DPL-0007] Movable instances area: 1682093.26 um^2
[INFO DPL-0008] Fixed instances area within core: 256556.06 um^2
[INFO DPL-0009] Utilization: 12.6%
[INFO DPL-0005] Diamond search max displacement: +/- 500 sites horizontally, +/- 100 rows vertically.
[INFO DPL-1102] Legalizing using negotiation legalizer.
[INFO DPL-1103] Negotiation base search window: +/-20 sites horizontally, +/-5 rows vertically 
	Automatic search window extension enabled.
	Search window extendable up to the max displacement cap of +/-500 sites, +/-100 rows near walls.
[INFO DPL-1104] NegotiationLegalizer DRC penalty: 5.
[INFO DPL-0392] Negotiation cell height distribution (1 unique row-count(s)):
[INFO DPL-0393]   height 1 row(s): 276482 cells
          |      Total |  Illegal |  Illegal
Iteration | Violations |    Cells |    Sites
---------------------------------------------
        0 |       1574 |       354 |      1220
        1 |          0 |         0 |         0
Negotiation phase 1 converged at iteration 1.
[INFO DPL-0500] Runtime: 3.96s
Placement Analysis
---------------------------------
total displacement     283970.4 u
average displacement        1.0 u
max displacement           26.2 u
original HPWL         4340703.2 u
legalized HPWL        4561992.4 u
delta HPWL                    5 %

improve_placement -max_displacement "5 1"
Detailed placement improvement.
[INFO DPL-0401] Setting random seed to 1.
[INFO DPL-0402] Setting maximum displacement 5 1 to 13600 2720 units.
[INFO DPL-0320] Collected 206404 fixed cells.
[INFO DPL-0318] Collected 71434 single height cells.
[INFO DPL-0321] Collected 0 wide cells.
[INFO DPL-0322] Image (1380, 2720) - (3926100, 3924960)
[INFO DPL-0310] Assigned 71434 cells into segments.  Movement in X-direction is 0.000000, movement in Y-direction is 0.000000.
[INFO DPL-0313] Found 0 cells in wrong regions.
[INFO DPL-0315] Found 0 row alignment problems.
[INFO DPL-0314] Found 0 site alignment problems.
[INFO DPL-0311] Found 0 overlaps between adjacent cells.
[INFO DPL-0312] Found 0 edge spacing violations and 0 padding violations.
[INFO DPL-0303] Running algorithm for independent set matching.
[INFO DPL-0300] Set matching objective is wirelength.
[INFO DPL-0301] Pass   1 of matching; objective is 4.561591e+09.
[INFO DPL-0302] End of matching; objective is 4.560899e+09, improvement is 0.02 percent.
[INFO DPL-0303] Running algorithm for global swaps.
[INFO DPL-0306] Pass   1 of global swaps; hpwl is 4.527202e+09.
[INFO DPL-0307] End of global swaps; objective is 4.527202e+09, improvement is 0.74 percent.
[INFO DPL-0303] Running algorithm for vertical swaps.
[INFO DPL-0308] Pass   1 of vertical swaps; hpwl is 4.515660e+09.
[INFO DPL-0309] End of vertical swaps; objective is 4.515660e+09, improvement is 0.25 percent.
[INFO DPL-0303] Running algorithm for reordering.
[INFO DPL-0304] Pass   1 of reordering; objective is 4.515502e+09.
[INFO DPL-0305] End of reordering; objective is 4.515502e+09, improvement is 0.00 percent.
[INFO DPL-0303] Running algorithm for random improvement.
[INFO DPL-0324] Random improver is using random generator.
[INFO DPL-0325] Random improver is using hpwl objective.
[INFO DPL-0326] Random improver cost string is (a).
[INFO DPL-0332] End of pass, Generator random called 1428680 times.
[INFO DPL-0335] Generator random, Cumulative attempts 1428680, swaps 220224, moves 304980 since last reset.
[INFO DPL-0333] End of pass, Objective hpwl, Initial cost 4.508646e+09, Scratch cost 4.474592e+09, Incremental cost 4.474592e+09, Mismatch? N
[INFO DPL-0338] End of pass, Total cost is 4.474592e+09.
[INFO DPL-0327] Pass   1 of random improver; improvement in cost is 0.76 percent.
[INFO DPL-0328] End of random improver; improvement is 0.755301 percent.
[INFO DPL-0380] Cell flipping.
[INFO DPL-0382] Changed 0 cell orientations for row compatibility.
[INFO DPL-0383] Performed 9084 cell flips.
[INFO DPL-0384] End of flipping; objective is 4.444415e+09, improvement is 0.83 percent.
[INFO DPL-0313] Found 0 cells in wrong regions.
[INFO DPL-0315] Found 0 row alignment problems.
[INFO DPL-0314] Found 0 site alignment problems.
[INFO DPL-0311] Found 0 overlaps between adjacent cells.
[INFO DPL-0312] Found 0 edge spacing violations and 0 padding violations.
Detailed Improvement Results
------------------------------------------
Original HPWL          4561992.4 u ( 2238859.0,  2323133.4)
Final HPWL             4444950.8 u ( 2184193.7,  2260757.1)
Delta HPWL                  -2.6 % (      -2.4,       -2.7)

Took 28 seconds: improve_placement -max_displacement "5 1"
optimize_mirroring
[INFO DPL-0020] Mirrored 2363 instances
[INFO DPL-0021] HPWL before          4444950.8 u
[INFO DPL-0022] HPWL after           4443534.5 u
[INFO DPL-0023] HPWL delta               -0.0 %
[INFO FLW-0012] Placement violations .
estimate_parasitics -placement
Report metrics stage 3, detailed place...

==========================================================================
detailed place report_design_area
--------------------------------------------------------------------------
Design area 1938649 um^2 13% utilization.
write_db ./results/sky130hd/d_nw01_cand_chat_scored/base/3_5_place_dp.odb
write_sdc -no_timestamp ./results/sky130hd/d_nw01_cand_chat_scored/base/3_place.sdc
Elapsed time: 2:12.73[h:]min:sec. CPU time: user 148.89 sys 9.79 (119%). Peak memory: 1586308KB.
Log                       Ext     Elapsed/s Peak Memory/MB sha1sum result [0:20)
3_5_place_dp              .odb          132           1549 9183220bbc07c153184f
cp ./results/sky130hd/d_nw01_cand_chat_scored/base/3_5_place_dp.odb ./results/sky130hd/d_nw01_cand_chat_scored/base/3_place.odb
/OpenROAD-flow-scripts/flow/scripts/flow.sh 4_1_cts cts
Running cts.tcl, stage 4_1_cts
read_liberty /OpenROAD-flow-scripts/flow/platforms/sky130hd/lib/sky130_fd_sc_hd__tt_025C_1v80.lib
read_db ./results/sky130hd/d_nw01_cand_chat_scored/base/3_place.odb
read_sdc ./results/sky130hd/d_nw01_cand_chat_scored/base/3_place.sdc
source /OpenROAD-flow-scripts/flow/platforms/sky130hd/setRC.tcl
clock_tree_synthesis -sink_clustering_enable -repair_clock_nets
[INFO CTS-0050] Root buffer is sky130_fd_sc_hd__clkbuf_16.
[INFO CTS-0051] Sink buffer is sky130_fd_sc_hd__clkbuf_16.
[INFO CTS-0052] The following clock buffers will be used for CTS:
                    sky130_fd_sc_hd__clkbuf_16
[INFO CTS-0049] Characterization buffer is sky130_fd_sc_hd__clkbuf_16.
[INFO CTS-0007] Net "clk" found for clock "core_clock".
[INFO CTS-0010]  Clock net "clk" has 39560 sinks.
[INFO CTS-0008] TritonCTS found 1 clock nets.
[INFO CTS-0097] Characterization used 1 buffer(s) types.
[INFO CTS-0201] 0 blockages from hard placement blockages and placed macros will be used.
[INFO CTS-0027] Generating H-Tree topology for net clk.
[INFO CTS-0028]  Total number of sinks: 39560.
[INFO CTS-0090]  Sinks will be clustered based on buffer max cap.
[INFO CTS-0030]  Number of static layers: 0.
[INFO CTS-0020]  Wire segment unit: 13600  dbu (13 um).
[INFO CTS-0206] Best clustering solution was found from max clustering size of 14 and max clustering diameter of 169.
[INFO CTS-0019]  Total number of sinks after clustering: 3790.
[INFO CTS-0024]  Normalized sink region: [(33.0316, 60.0681), (275.918, 286.065)].
[INFO CTS-0025]     Width:  242.8867.
[INFO CTS-0026]     Height: 225.9967.
 Level 1
    Direction: Horizontal
    Sinks per sub-region: 1895
    Sub-region size: 121.4434 X 225.9967
[INFO CTS-0034]     Segment length (rounded): 60.
 Level 2
    Direction: Vertical
    Sinks per sub-region: 948
    Sub-region size: 121.4434 X 112.9984
[INFO CTS-0034]     Segment length (rounded): 56.
 Level 3
    Direction: Horizontal
    Sinks per sub-region: 474
    Sub-region size: 60.7217 X 112.9984
[INFO CTS-0034]     Segment length (rounded): 30.
 Level 4
    Direction: Vertical
    Sinks per sub-region: 237
    Sub-region size: 60.7217 X 56.4992
[INFO CTS-0034]     Segment length (rounded): 28.
 Level 5
    Direction: Horizontal
    Sinks per sub-region: 119
    Sub-region size: 30.3608 X 56.4992
[INFO CTS-0034]     Segment length (rounded): 16.
 Level 6
    Direction: Vertical
    Sinks per sub-region: 60
    Sub-region size: 30.3608 X 28.2496
[INFO CTS-0034]     Segment length (rounded): 14.
 Level 7
    Direction: Horizontal
    Sinks per sub-region: 30
    Sub-region size: 15.1804 X 28.2496
[INFO CTS-0034]     Segment length (rounded): 8.
 Level 8
    Direction: Vertical
    Sinks per sub-region: 15
    Sub-region size: 15.1804 X 14.1248
[INFO CTS-0034]     Segment length (rounded): 8.
 Level 9
    Direction: Horizontal
    Sinks per sub-region: 8
    Sub-region size: 7.5902 X 14.1248
[INFO CTS-0034]     Segment length (rounded): 4.
[INFO CTS-0038]  Stop criterion found. Sink region hpwl is smaller than max wirelength (1911.535 um) and max number of sinks is 15.
[INFO CTS-0035]  Number of sinks covered: 3790.
[INFO CTS-0018]     Created 4495 clock buffers.
[INFO CTS-0012]     Minimum number of buffers in the clock path: 10.
[INFO CTS-0013]     Maximum number of buffers in the clock path: 10.
[INFO CTS-0015]     Created 4495 clock nets.
[INFO CTS-0016]     Fanout distribution for the current clock = 1:2, 2:11, 3:33, 4:72, 5:55, 6:107, 7:87, 8:225, 9:582, 10:1148, 11:1140, 12:635, 13:166, 14:25, 15:4, 16:5, 17:4, 19:1..
[INFO CTS-0017]     Max level of the clock tree: 9.
[INFO CTS-0098] Clock net "clk"
[INFO CTS-0099]  Sinks 42808
[INFO CTS-0100]  Leaf buffers 3790
[INFO CTS-0101]  Average sink wire length 5416.06 um
[INFO CTS-0102]  Path depth 9 - 10
[INFO CTS-0207]  Dummy loads inserted 3248
[INFO RSZ-0047] Found 1 long wires.
[INFO RSZ-0048] Inserted 1 buffers in 1 nets.
[INFO CTS-0500] Runtime: 9.43s
Took 9 seconds: clock_tree_synthesis -sink_clustering_enable -repair_clock_nets
estimate_parasitics -placement
detailed_placement
[INFO DPL-0006] Core area: 15393693.77 um^2
[INFO DPL-0007] Movable instances area: 1820025.55 um^2
[INFO DPL-0008] Fixed instances area within core: 256556.06 um^2
[INFO DPL-0009] Utilization: 13.5%
[INFO DPL-0005] Diamond search max displacement: +/- 500 sites horizontally, +/- 100 rows vertically.
[INFO DPL-1102] Legalizing using negotiation legalizer.
[INFO DPL-1103] Negotiation base search window: +/-20 sites horizontally, +/-5 rows vertically 
	Automatic search window extension enabled.
	Search window extendable up to the max displacement cap of +/-500 sites, +/-100 rows near walls.
[INFO DPL-1104] NegotiationLegalizer DRC penalty: 5.
[INFO DPL-0392] Negotiation cell height distribution (1 unique row-count(s)):
[INFO DPL-0393]   height 1 row(s): 284226 cells
          |      Total |  Illegal |  Illegal
Iteration | Violations |    Cells |    Sites
---------------------------------------------
        0 |        565 |       110 |       455
        1 |         10 |         2 |         8
        2 |          0 |         0 |         0
Negotiation phase 1 converged at iteration 2.
[INFO DPL-0500] Runtime: 2.80s
Placement Analysis
---------------------------------
total displacement     119895.2 u
average displacement        0.4 u
max displacement           27.4 u
original HPWL         4814641.2 u
legalized HPWL        4872302.4 u
delta HPWL                    1 %

estimate_parasitics -placement
repair_timing -setup_margin 0 -hold_margin 0 -repair_tns 100 -match_cell_footprint -verbose
[INFO RSZ-0100] Repair move sequence: UnbufferMove SizeUpMove SwapPinsMove BufferMove CloneMove SplitLoadMove 
[INFO RSZ-0094] Found 148 endpoints with setup violations.
[INFO RSZ-0099] Repairing 148 out of 148 (100.00%) violating endpoints...
   Iter   | Removed | Resized | Inserted | Cloned |  Pin  |   Area   |    WNS   |   StTNS    |   EnTNS    |  Viol  |  Worst  
          | Buffers |  Gates  | Buffers  |  Gates | Swaps |          |          |            |            | Endpts | St/EnPt 
------------------------------------------------------------------------------------------------------------------------------
       0* |       0 |       0 |        0 |      0 |     0 |    +0.0% |   -2.029 |     -758.4 |     -228.6 |    148 | mst_resp[113]
      10* |       0 |       9 |        0 |      0 |     0 |    +0.0% |   -1.765 |     -743.2 |     -224.2 |    148 | mst_resp[141]
      20* |       0 |      19 |        0 |      0 |     0 |    +0.0% |   -1.711 |     -707.0 |     -222.9 |    148 | mst_resp[95]
      30* |       0 |      26 |        2 |      2 |     0 |    +0.0% |   -1.712 |     -701.8 |     -214.1 |    148 | mst_resp[151]
      40* |       0 |      34 |        2 |      4 |     0 |    +0.0% |   -1.651 |     -695.5 |     -212.4 |    148 | mst_resp[126]
      50* |       0 |      42 |        2 |      6 |     0 |    +0.0% |   -1.624 |     -688.4 |     -211.4 |    148 | mst_resp[85]
      60* |       0 |      49 |        2 |      9 |     0 |    +0.0% |   -1.617 |     -687.0 |     -211.4 |    148 | mst_resp[124]
      70* |       0 |      58 |        2 |     10 |     0 |    +0.0% |   -1.600 |     -686.0 |     -210.5 |    148 | mst_resp[134]
      80* |       0 |      65 |        2 |     13 |     0 |    +0.0% |   -1.585 |     -669.8 |     -210.0 |    148 | mst_resp[36]
      90* |       0 |      73 |        2 |     15 |     0 |    +0.0% |   -1.575 |     -666.9 |     -209.5 |    148 | mst_resp[131]
     100* |       0 |      80 |        2 |     18 |     0 |    +0.0% |   -1.563 |     -665.9 |     -208.8 |    148 | mst_resp[38]
     110* |       0 |      88 |        2 |     20 |     0 |    +0.1% |   -1.556 |     -657.8 |     -208.1 |    148 | mst_resp[27]
     120* |       0 |      96 |        4 |     21 |     0 |    +0.1% |   -1.556 |     -657.8 |     -206.1 |    148 | mst_resp[32]
     130* |       0 |     105 |        4 |     22 |     0 |    +0.1% |   -1.546 |     -657.8 |     -205.8 |    148 | mst_resp[126]
     140* |       0 |     111 |        5 |     25 |     0 |    +0.1% |   -1.530 |     -649.9 |     -205.0 |    148 | mst_resp[126]
     150* |       0 |     117 |        6 |     28 |     0 |    +0.1% |   -1.534 |     -649.9 |     -204.0 |    148 | mst_resp[127]
     160* |       0 |     125 |        6 |     30 |     0 |    +0.1% |   -1.521 |     -649.9 |     -202.8 |    148 | mst_resp[61]
     170* |       0 |     131 |        6 |     34 |     0 |    +0.1% |   -1.530 |     -606.1 |     -202.4 |    148 | mst_resp[16]
     180* |       0 |     140 |        6 |     35 |     0 |    +0.1% |   -1.500 |     -606.1 |     -201.9 |    148 | mst_resp[117]
     190* |       0 |     150 |        6 |     35 |     0 |    +0.1% |   -1.492 |     -601.2 |     -201.3 |    148 | mst_resp[125]
     200* |       0 |     157 |        6 |     38 |     0 |    +0.1% |   -1.489 |     -600.7 |     -200.7 |    148 | mst_resp[93]
     210* |       0 |     163 |        8 |     41 |     0 |    +0.1% |   -1.483 |     -600.6 |     -200.0 |    148 | mst_resp[127]
     220* |       0 |     169 |       10 |     43 |     0 |    +0.1% |   -1.480 |     -600.6 |     -199.4 |    148 | mst_resp[92]
     230* |       0 |     175 |       11 |     46 |     0 |    +0.1% |   -1.502 |     -600.5 |     -200.9 |    148 | mst_resp[147]
     240* |       0 |     181 |       19 |     48 |     0 |    +0.1% |   -1.494 |     -600.4 |     -200.8 |    148 | mst_resp[126]
     250* |       0 |     190 |       19 |     49 |     0 |    +0.1% |   -1.486 |     -597.2 |     -200.3 |    148 | mst_resp[85]
     260* |       0 |     197 |       25 |     50 |     0 |    +0.1% |   -1.605 |     -584.1 |     -200.7 |    148 | mst_resp[120]
     270* |       0 |     207 |       25 |     50 |     0 |    +0.1% |   -1.491 |     -556.2 |     -199.4 |    148 | mst_resp[138]
     271* |       0 |     170 |       10 |     43 |     0 |    +0.1% |   -1.479 |     -600.6 |     -199.4 |    148 | mst_resp[138]
     280* |       0 |     175 |       10 |     46 |     0 |    +0.1% |   -1.526 |     -600.7 |     -201.3 |    148 | mst_resp[117]
     290* |       0 |     182 |       10 |     49 |     0 |    +0.1% |   -1.515 |     -592.6 |     -201.3 |    148 | mst_resp[85]
     300* |       0 |     190 |       15 |     50 |     0 |    +0.1% |   -1.526 |     -592.6 |     -201.7 |    148 | mst_resp[85]
     310* |       0 |     195 |       26 |     50 |     0 |    +0.1% |   -1.501 |     -592.6 |     -200.4 |    148 | mst_resp[127]
     320* |       0 |     200 |       31 |     50 |     1 |    +0.1% |   -1.501 |     -592.6 |     -200.4 |    148 | mst_resp[127]
     322* |       0 |     170 |       10 |     43 |     0 |    +0.1% |   -1.479 |     -600.6 |     -199.4 |    148 | mst_resp[138]
     330* |       0 |     174 |       11 |     45 |     0 |    +0.1% |   -1.482 |     -600.4 |     -199.4 |    148 | mst_resp[85]
     340* |       0 |     181 |       16 |     45 |     1 |    +0.1% |   -1.485 |     -600.4 |     -198.8 |    148 | mst_resp[106]
     350* |       0 |     187 |       18 |     47 |     1 |    +0.1% |   -1.502 |     -600.4 |     -199.3 |    148 | mst_resp[127]
     360* |       0 |     195 |       19 |     48 |     1 |    +0.1% |   -1.522 |     -600.4 |     -199.8 |    148 | mst_resp[92]
     362* |       0 |     171 |       11 |     43 |     0 |    +0.1% |   -1.479 |     -600.4 |     -199.2 |    148 | mst_resp[138]
     370* |       0 |     175 |       14 |     45 |     0 |    +0.1% |   -1.528 |     -600.4 |     -199.6 |    148 | mst_resp[103]
     380* |       0 |     184 |       14 |     46 |     0 |    +0.1% |   -1.528 |     -600.4 |     -199.5 |    148 | mst_resp[103]
     390* |       0 |     193 |       15 |     46 |     0 |    +0.1% |   -1.499 |     -597.9 |     -198.8 |    148 | mst_resp[106]
     400* |       0 |     197 |       22 |     49 |     0 |    +0.1% |   -1.499 |     -597.9 |     -199.1 |    148 | mst_resp[106]
     410* |       0 |     203 |       25 |     50 |     0 |    +0.1% |   -1.501 |     -596.0 |     -198.9 |    148 | mst_resp[127]
     413* |       0 |     171 |       11 |     43 |     0 |    +0.1% |   -1.479 |     -600.4 |     -199.2 |    148 | mst_resp[138]
     420* |       0 |     175 |       11 |     45 |     0 |    +0.1% |   -1.490 |     -597.2 |     -199.1 |    148 | mst_resp[117]
     430* |       0 |     183 |       11 |     47 |     0 |    +0.1% |   -1.526 |     -597.2 |     -199.7 |    148 | mst_resp[127]
     440* |       0 |     191 |       12 |     48 |     0 |    +0.1% |   -1.528 |     -597.3 |     -199.6 |    148 | mst_resp[127]
     450* |       0 |     198 |       16 |     48 |     0 |    +0.1% |   -1.531 |     -597.3 |     -200.4 |    148 | mst_resp[127]
     458* |       0 |     176 |       11 |     45 |     0 |    +0.1% |   -1.479 |     -597.2 |     -198.8 |    148 | mst_resp[138]
     460* |       0 |     177 |       11 |     45 |     0 |    +0.1% |   -1.481 |     -597.2 |     -198.8 |    148 | mst_resp[138]
     470* |       0 |     181 |       13 |     49 |     0 |    +0.1% |   -1.601 |     -597.3 |     -201.4 |    148 | mst_resp[125]
     480* |       0 |     186 |       19 |     50 |     0 |    +0.1% |   -1.536 |     -596.2 |     -200.8 |    148 | mst_resp[116]
     490* |       0 |     193 |       21 |     52 |     0 |    +0.1% |   -1.548 |     -596.2 |     -200.7 |    148 | mst_resp[116]
     500* |       0 |     197 |       34 |     52 |     0 |    +0.1% |   -1.549 |     -597.1 |     -201.5 |    148 | mst_resp[116]
     506* |       0 |     176 |       11 |     45 |     0 |    +0.1% |   -1.479 |     -597.2 |     -198.8 |    148 | mst_resp[138]
     510* |       0 |     179 |       11 |     45 |     0 |    +0.1% |   -1.483 |     -597.2 |     -198.9 |    148 | mst_resp[138]
     520* |       0 |     187 |       11 |     47 |     0 |    +0.1% |   -1.498 |     -591.7 |     -198.7 |    148 | mst_resp[127]
     530* |       0 |     195 |       14 |     48 |     0 |    +0.1% |   -1.508 |     -591.7 |     -198.8 |    148 | mst_resp[127]
     540* |       0 |     199 |       20 |     49 |     0 |    +0.1% |   -1.509 |     -591.7 |     -199.2 |    148 | mst_resp[128]
     550* |       0 |     207 |       24 |     50 |     0 |    +0.1% |   -1.529 |     -591.7 |     -198.8 |    148 | mst_resp[127]
     558* |       0 |     177 |       11 |     45 |     0 |    +0.1% |   -1.479 |     -597.2 |     -198.8 |    148 | mst_resp[138]
     560* |       0 |     177 |       11 |     46 |     0 |    +0.1% |   -1.479 |     -597.2 |     -198.8 |    148 | mst_resp[138]
     570* |       0 |     184 |       11 |     49 |     0 |    +0.1% |   -1.521 |     -595.1 |     -200.5 |    148 | mst_resp[126]
     580* |       0 |     192 |       18 |     50 |     0 |    +0.1% |   -1.516 |     -590.8 |     -200.1 |    148 | mst_resp[125]
     590* |       0 |     196 |       30 |     51 |     0 |    +0.1% |   -1.533 |     -590.8 |     -201.3 |    148 | mst_resp[145]
     600* |       0 |     199 |       37 |     51 |     1 |    +0.1% |   -1.533 |     -590.8 |     -202.2 |    148 | mst_resp[145]
     610* |       0 |     202 |       44 |     51 |     1 |    +0.2% |   -1.558 |     -590.9 |     -201.1 |    148 | mst_resp[127]
     611* |       0 |     178 |       11 |     46 |     0 |    +0.1% |   -1.479 |     -597.2 |     -198.8 |    148 | mst_resp[138]
     620* |       0 |     183 |       11 |     49 |     0 |    +0.1% |   -1.481 |     -597.2 |     -198.9 |    148 | mst_resp[138]
     630* |       0 |     191 |       11 |     51 |     0 |    +0.1% |   -1.496 |     -596.0 |     -199.0 |    148 | mst_resp[127]
     640* |       0 |     199 |       17 |     51 |     0 |    +0.1% |   -1.495 |     -589.1 |     -198.5 |    148 | mst_resp[127]
     650* |       0 |     204 |       22 |     52 |     0 |    +0.1% |   -1.515 |     -589.2 |     -200.3 |    148 | mst_resp[134]
     660* |       0 |     208 |       29 |     52 |     0 |    +0.1% |   -1.553 |     -590.1 |     -200.7 |    148 | mst_resp[85]
     663* |       0 |     179 |       11 |     46 |     0 |    +0.1% |   -1.479 |     -597.2 |     -198.8 |    148 | mst_resp[138]
     670* |       0 |     185 |       11 |     46 |     0 |    +0.1% |   -1.481 |     -597.1 |     -198.7 |    148 | mst_resp[138]
     680* |       0 |     193 |       11 |     48 |     0 |    +0.1% |   -1.489 |     -593.8 |     -198.8 |    148 | mst_resp[106]
     690* |       0 |     199 |       14 |     51 |     0 |    +0.1% |   -1.528 |     -586.7 |     -198.9 |    148 | mst_resp[106]
     700* |       0 |     207 |       18 |     52 |     0 |    +0.1% |   -1.528 |     -586.8 |     -198.9 |    148 | mst_resp[106]
     710* |       0 |     214 |       20 |     54 |     0 |    +0.1% |   -1.521 |     -586.7 |     -199.4 |    148 | mst_resp[92]
     714* |       0 |     179 |       11 |     46 |     0 |    +0.1% |   -1.479 |     -597.2 |     -198.8 |    148 | mst_resp[138]
     720* |       0 |     181 |       18 |     47 |     0 |    +0.1% |   -1.479 |     -597.2 |     -199.0 |    148 | mst_resp[138]
     730* |       0 |     186 |       21 |     48 |     1 |    +0.1% |   -1.524 |     -598.2 |     -200.3 |    148 | mst_resp[152]
     735* |       0 |     182 |       18 |     47 |     0 |    +0.1% |   -1.479 |     -597.2 |     -199.0 |    148 | mst_resp[138]
     740* |       0 |     186 |       18 |     47 |     0 |    +0.1% |   -1.479 |     -591.9 |     -198.7 |    148 | mst_resp[138]
     750* |       0 |     190 |       27 |     48 |     0 |    +0.1% |   -1.482 |     -591.9 |     -198.0 |    148 | mst_resp[106]
     760* |       0 |     197 |       30 |     48 |     0 |    +0.1% |   -1.529 |     -592.0 |     -199.1 |    148 | mst_resp[116]
     770* |       0 |     205 |       30 |     50 |     0 |    +0.1% |   -1.536 |     -592.0 |     -199.4 |    148 | mst_resp[116]
     780* |       0 |     211 |       35 |     52 |     0 |    +0.2% |   -1.499 |     -591.9 |     -198.5 |    148 | mst_resp[106]
     790* |       0 |     216 |       38 |     54 |     0 |    +0.2% |   -1.499 |     -591.9 |     -198.7 |    148 | mst_resp[106]
     792* |       0 |     188 |       18 |     47 |     0 |    +0.1% |   -1.479 |     -591.9 |     -198.6 |    148 | mst_resp[138]
     800* |       0 |     194 |       18 |     48 |     0 |    +0.1% |   -1.489 |     -580.8 |     -198.8 |    148 | mst_resp[113]
     810* |       0 |     201 |       20 |     49 |     1 |    +0.1% |   -1.489 |     -580.3 |     -198.6 |    148 | mst_resp[113]
     820* |       0 |     209 |       20 |     51 |     1 |    +0.1% |   -1.514 |     -580.3 |     -200.2 |    148 | mst_resp[125]
     830* |       0 |     217 |       20 |     53 |     1 |    +0.1% |   -1.514 |     -580.3 |     -200.2 |    148 | mst_resp[125]
     840* |       0 |     224 |       21 |     55 |     1 |    +0.1% |   -1.545 |     -580.3 |     -201.0 |    148 | mst_resp[138]
     847* |       0 |     192 |       18 |     47 |     0 |    +0.1% |   -1.479 |     -580.8 |     -198.4 |    148 | mst_resp[138]
     850* |       0 |     193 |       18 |     48 |     0 |    +0.1% |   -1.520 |     -580.9 |     -200.3 |    148 | mst_resp[125]
     860* |       0 |     201 |       18 |     50 |     0 |    +0.1% |   -1.518 |     -579.0 |     -200.1 |    148 | mst_resp[136]
     870* |       0 |     210 |       18 |     51 |     0 |    +0.1% |   -1.532 |     -579.0 |     -200.2 |    148 | mst_resp[126]
     880* |       0 |     215 |       22 |     54 |     0 |    +0.1% |   -1.572 |     -579.0 |     -200.7 |    148 | mst_resp[126]
     890* |       0 |     222 |       27 |     56 |     0 |    +0.2% |   -1.518 |     -579.0 |     -199.8 |    148 | mst_resp[119]
     898* |       0 |     192 |       18 |     47 |     0 |    +0.1% |   -1.479 |     -580.8 |     -198.4 |    148 | mst_resp[138]
     900* |       0 |     193 |       18 |     47 |     0 |    +0.1% |   -1.479 |     -573.4 |     -198.3 |    148 | mst_resp[138]
     910* |       0 |     199 |       20 |     49 |     0 |    +0.1% |   -1.537 |     -573.4 |     -199.0 |    148 | mst_resp[103]
     920* |       0 |     204 |       28 |     50 |     0 |    +0.1% |   -1.494 |     -574.2 |     -198.6 |    148 | mst_resp[138]
     926* |       0 |     193 |       18 |     47 |     0 |    +0.1% |   -1.479 |     -573.4 |     -198.3 |    148 | mst_resp[138]
     930* |       0 |     195 |       18 |     48 |     0 |    +0.1% |   -1.479 |     -573.4 |     -198.4 |    148 | mst_resp[138]
     940* |       0 |     201 |       22 |     49 |     0 |    +0.1% |   -1.482 |     -573.1 |     -198.2 |    148 | mst_resp[106]
     950* |       0 |     206 |       31 |     49 |     1 |    +0.1% |   -1.482 |     -573.2 |     -197.9 |    148 | mst_resp[106]
     960* |       0 |     212 |       34 |     50 |     1 |    +0.1% |   -1.482 |     -573.2 |     -197.8 |    148 | mst_resp[106]
     962* |       0 |     196 |       20 |     48 |     0 |    +0.1% |   -1.479 |     -573.1 |     -197.9 |    148 | mst_resp[138]
     970* |       0 |     201 |       20 |     50 |     0 |    +0.1% |   -1.507 |     -569.6 |     -198.2 |    148 | mst_resp[104]
     980* |       0 |     206 |       24 |     52 |     0 |    +0.1% |   -1.579 |     -569.7 |     -199.9 |    148 | mst_resp[107]
     990* |       0 |     211 |       29 |     52 |     1 |    +0.1% |   -1.485 |     -569.6 |     -197.3 |    148 | mst_resp[92]
    1000* |       0 |     218 |       31 |     53 |     1 |    +0.1% |   -1.517 |     -569.6 |     -197.9 |    148 | mst_resp[92]
    1010* |       0 |     221 |       43 |     53 |     1 |    +0.2% |   -1.483 |     -569.6 |     -197.9 |    148 | mst_resp[119]
    1013* |       0 |     196 |       20 |     48 |     0 |    +0.1% |   -1.479 |     -573.1 |     -197.9 |    148 | mst_resp[138]
    1020* |       0 |     201 |       20 |     49 |     0 |    +0.1% |   -1.479 |     -572.7 |     -198.0 |    148 | mst_resp[138]
    1030* |       0 |     205 |       22 |     53 |     0 |    +0.1% |   -1.538 |     -566.9 |     -200.0 |    148 | mst_resp[120]
    1040* |       0 |     211 |       26 |     54 |     0 |    +0.1% |   -1.587 |     -566.9 |     -200.1 |    148 | mst_resp[115]
    1050* |       0 |     215 |       35 |     54 |     0 |    +0.2% |   -1.555 |     -566.9 |     -199.3 |    148 | mst_resp[119]
    1059* |       0 |     201 |       20 |     50 |     0 |    +0.1% |   -1.479 |     -572.7 |     -198.0 |    148 | mst_resp[138]
    1060* |       0 |     201 |       20 |     50 |     0 |    +0.1% |   -1.479 |     -572.7 |     -198.0 |    148 | mst_resp[138]
    1070* |       0 |     207 |       20 |     54 |     0 |    +0.1% |   -1.526 |     -570.7 |     -199.4 |    148 | mst_resp[124]
    1080* |       0 |     214 |       26 |     54 |     0 |    +0.1% |   -1.515 |     -570.7 |     -198.3 |    148 | mst_resp[124]
    1090* |       0 |     217 |       38 |     54 |     0 |    +0.2% |   -1.565 |     -570.8 |     -199.6 |    148 | mst_resp[139]
    1100* |       0 |     225 |       42 |     54 |     0 |    +0.2% |   -1.502 |     -571.5 |     -198.3 |    148 | mst_resp[113]
    1100* |       0 |     203 |       20 |     50 |     0 |    +0.1% |   -1.479 |     -570.7 |     -197.7 |    148 | mst_resp[138]
    1110* |       0 |     207 |       24 |     52 |     0 |    +0.1% |   -1.538 |     -570.0 |     -199.0 |    148 | mst_resp[104]
    1120* |       0 |     214 |       28 |     52 |     0 |    +0.1% |   -1.543 |     -568.5 |     -198.0 |    148 | mst_resp[139]
    1130* |       0 |     221 |       33 |     52 |     0 |    +0.2% |   -1.487 |     -568.5 |     -197.5 |    148 | mst_resp[138]
    1140* |       0 |     225 |       35 |     55 |     1 |    +0.2% |   -1.487 |     -568.5 |     -197.3 |    148 | mst_resp[138]
    1145* |       0 |     203 |       20 |     50 |     0 |    +0.1% |   -1.479 |     -570.7 |     -197.7 |    148 | mst_resp[138]
    1150* |       0 |     206 |       20 |     51 |     0 |    +0.1% |   -1.500 |     -564.0 |     -198.5 |    148 | mst_resp[120]
    1160* |       0 |     212 |       24 |     52 |     0 |    +0.1% |   -1.518 |     -564.0 |     -198.9 |    148 | mst_resp[93]
    1170* |       0 |     217 |       29 |     52 |     1 |    +0.1% |   -1.501 |     -564.0 |     -198.0 |    148 | mst_resp[113]
    1180* |       0 |     222 |       36 |     52 |     1 |    +0.2% |   -1.501 |     -564.0 |     -198.1 |    148 | mst_resp[113]
    1184* |       0 |     205 |       20 |     50 |     0 |    +0.1% |   -1.479 |     -564.0 |     -197.6 |    148 | mst_resp[138]
    1190* |       0 |     210 |       20 |     50 |     0 |    +0.1% |   -1.510 |     -560.5 |     -197.6 |    148 | mst_resp[104]
    1200* |       0 |     217 |       22 |     52 |     0 |    +0.1% |   -1.515 |     -560.5 |     -198.4 |    148 | mst_resp[104]
    1200* |       0 |     205 |       20 |     50 |     0 |    +0.1% |   -1.479 |     -564.0 |     -197.6 |    148 | mst_resp[138]
    1200* |       0 |     205 |       20 |     50 |     0 |    +0.1% |   -1.479 |     -564.0 |     -197.6 |    148 | mst_resp[138]
    1200+ |       0 |     205 |       20 |     50 |     0 |    +0.1% |   -1.479 |     -564.0 |     -197.6 |    148 | mst_resp[138]
    1205+ |       0 |     209 |       20 |     50 |     0 |    +0.1% |   -1.476 |     -561.8 |     -197.5 |    148 | mst_resp[113]
    1208+ |       0 |     211 |       20 |     50 |     0 |    +0.1% |   -1.476 |     -561.4 |     -197.4 |    148 | mst_resp[113]
    1210+ |       0 |     212 |       20 |     50 |     0 |    +0.1% |   -1.476 |     -561.4 |     -197.4 |    148 | mst_resp[113]
    1210+ |       0 |     212 |       20 |     50 |     0 |    +0.1% |   -1.476 |     -561.4 |     -197.4 |    148 | mst_resp[113]
    1212+ |       0 |     213 |       20 |     50 |     0 |    +0.1% |   -1.476 |     -561.4 |     -197.3 |    148 | mst_resp[113]
    1213+ |       0 |     213 |       20 |     50 |     0 |    +0.1% |   -1.476 |     -561.4 |     -197.3 |    148 | mst_resp[113]
    1220+ |       0 |     219 |       20 |     50 |     0 |    +0.1% |   -1.474 |     -559.2 |     -196.6 |    148 | mst_resp[25]
    1223+ |       0 |     223 |       20 |     50 |     0 |    +0.1% |   -1.474 |     -559.2 |     -196.4 |    148 | mst_resp[25]
    1230+ |       0 |     229 |       20 |     50 |     0 |    +0.1% |   -1.474 |     -556.3 |     -196.3 |    148 | mst_resp[25]
    1233+ |       0 |     232 |       20 |     50 |     0 |    +0.1% |   -1.474 |     -548.7 |     -196.0 |    148 | mst_resp[25]
    1240+ |       0 |     238 |       20 |     50 |     0 |    +0.1% |   -1.474 |     -546.4 |     -195.9 |    148 | mst_resp[25]
    1241+ |       0 |     239 |       20 |     50 |     0 |    +0.1% |   -1.474 |     -543.6 |     -195.6 |    148 | mst_resp[25]
    1242+ |       0 |     239 |       20 |     50 |     0 |    +0.1% |   -1.474 |     -543.6 |     -195.6 |    148 | mst_resp[25]
    1245+ |       0 |     241 |       20 |     50 |     0 |    +0.1% |   -1.474 |     -543.6 |     -195.6 |    148 | mst_resp[25]
    1247+ |       0 |     242 |       20 |     50 |     0 |    +0.1% |   -1.474 |     -543.6 |     -195.4 |    148 | mst_resp[25]
    1248+ |       0 |     242 |       20 |     50 |     0 |    +0.1% |   -1.474 |     -543.6 |     -195.4 |    148 | mst_resp[25]
    1250+ |       0 |     243 |       20 |     50 |     0 |    +0.1% |   -1.474 |     -543.6 |     -195.4 |    148 | mst_resp[25]
    1250+ |       0 |     243 |       20 |     50 |     0 |    +0.1% |   -1.474 |     -543.6 |     -195.4 |    148 | mst_resp[25]
    1253+ |       0 |     245 |       20 |     50 |     0 |    +0.1% |   -1.474 |     -541.9 |     -195.3 |    148 | mst_resp[25]
    1260+ |       0 |     251 |       20 |     50 |     0 |    +0.1% |   -1.474 |     -541.1 |     -194.9 |    148 | mst_resp[25]
    1260+ |       0 |     251 |       20 |     50 |     0 |    +0.1% |   -1.474 |     -541.1 |     -194.9 |    148 | mst_resp[25]
    1266+ |       0 |     256 |       20 |     50 |     0 |    +0.2% |   -1.474 |     -537.4 |     -194.5 |    148 | mst_resp[25]
    1269+ |       0 |     258 |       20 |     50 |     0 |    +0.2% |   -1.474 |     -536.3 |     -194.3 |    148 | mst_resp[25]
    1270+ |       0 |     258 |       20 |     50 |     0 |    +0.2% |   -1.474 |     -536.3 |     -194.3 |    148 | mst_resp[25]
    1270+ |       0 |     258 |       20 |     50 |     0 |    +0.2% |   -1.474 |     -536.3 |     -194.3 |    148 | mst_resp[25]
    1274+ |       0 |     261 |       20 |     50 |     0 |    +0.2% |   -1.474 |     -530.3 |     -193.9 |    148 | mst_resp[25]
    1276+ |       0 |     262 |       20 |     50 |     0 |    +0.2% |   -1.474 |     -530.3 |     -193.7 |    148 | mst_resp[25]
    1280+ |       0 |     265 |       20 |     50 |     0 |    +0.2% |   -1.474 |     -527.4 |     -193.6 |    148 | mst_resp[25]
    1282+ |       0 |     267 |       20 |     50 |     0 |    +0.2% |   -1.474 |     -523.4 |     -193.3 |    148 | mst_resp[25]
    1290+ |       0 |     274 |       20 |     50 |     0 |    +0.2% |   -1.474 |     -523.4 |     -192.8 |    148 | mst_resp[25]
    1292+ |       0 |     277 |       20 |     50 |     0 |    +0.2% |   -1.474 |     -523.4 |     -192.6 |    148 | mst_resp[25]
    1296+ |       0 |     280 |       20 |     50 |     0 |    +0.2% |   -1.474 |     -521.8 |     -192.5 |    148 | mst_resp[25]
    1298+ |       0 |     281 |       20 |     50 |     0 |    +0.2% |   -1.474 |     -521.8 |     -192.5 |    148 | mst_resp[25]
    1300+ |       0 |     282 |       20 |     50 |     0 |    +0.2% |   -1.474 |     -521.8 |     -192.5 |    148 | mst_resp[25]
    1309+ |       0 |     290 |       20 |     50 |     0 |    +0.2% |   -1.474 |     -499.7 |     -191.8 |    148 | mst_resp[25]
    1310+ |       0 |     290 |       20 |     50 |     0 |    +0.2% |   -1.474 |     -499.7 |     -191.8 |    148 | mst_resp[25]
    1311+ |       0 |     291 |       20 |     50 |     0 |    +0.2% |   -1.474 |     -499.7 |     -191.8 |    148 | mst_resp[25]
    1312+ |       0 |     291 |       20 |     50 |     0 |    +0.2% |   -1.474 |     -499.7 |     -191.8 |    148 | mst_resp[25]
    1315+ |       0 |     293 |       20 |     50 |     0 |    +0.2% |   -1.474 |     -499.7 |     -191.6 |    148 | mst_resp[25]
    1317+ |       0 |     294 |       20 |     50 |     0 |    +0.2% |   -1.474 |     -499.7 |     -191.6 |    148 | mst_resp[25]
    1319+ |       0 |     295 |       20 |     50 |     0 |    +0.2% |   -1.474 |     -499.7 |     -191.5 |    148 | mst_resp[25]
    1320+ |       0 |     295 |       20 |     50 |     0 |    +0.2% |   -1.474 |     -499.7 |     -191.5 |    148 | mst_resp[25]
    1323+ |       0 |     298 |       20 |     50 |     0 |    +0.2% |   -1.474 |     -499.7 |     -191.5 |    148 | mst_resp[25]
    1328+ |       0 |     302 |       20 |     50 |     0 |    +0.2% |   -1.474 |     -493.3 |     -191.2 |    148 | mst_resp[25]
    1329+ |       0 |     302 |       20 |     50 |     0 |    +0.2% |   -1.474 |     -493.3 |     -191.2 |    148 | mst_resp[25]
    1330+ |       0 |     302 |       20 |     50 |     0 |    +0.2% |   -1.474 |     -493.3 |     -191.2 |    148 | mst_resp[25]
    1330+ |       0 |     302 |       20 |     50 |     0 |    +0.2% |   -1.474 |     -493.3 |     -191.2 |    148 | mst_resp[25]
    1333+ |       0 |     304 |       20 |     50 |     0 |    +0.2% |   -1.474 |     -491.4 |     -191.2 |    148 | mst_resp[25]
    1334+ |       0 |     304 |       20 |     50 |     0 |    +0.2% |   -1.474 |     -491.4 |     -191.2 |    148 | mst_resp[25]
    1338+ |       0 |     307 |       20 |     50 |     0 |    +0.2% |   -1.474 |     -488.8 |     -190.9 |    148 | mst_resp[25]
    1339+ |       0 |     307 |       20 |     50 |     0 |    +0.2% |   -1.474 |     -488.8 |     -190.9 |    148 | mst_resp[25]
    1340+ |       0 |     307 |       20 |     50 |     0 |    +0.2% |   -1.474 |     -488.8 |     -190.9 |    148 | mst_resp[25]
    1342+ |       0 |     309 |       20 |     50 |     0 |    +0.2% |   -1.474 |     -488.8 |     -190.7 |    148 | mst_resp[25]
    1343+ |       0 |     309 |       20 |     50 |     0 |    +0.2% |   -1.474 |     -488.8 |     -190.7 |    148 | mst_resp[25]
    1345+ |       0 |     310 |       20 |     50 |     0 |    +0.2% |   -1.474 |     -485.6 |     -190.4 |    148 | mst_resp[25]
    1346+ |       0 |     310 |       20 |     50 |     0 |    +0.2% |   -1.474 |     -485.6 |     -190.4 |    148 | mst_resp[25]
    1348+ |       0 |     311 |       20 |     50 |     0 |    +0.2% |   -1.474 |     -485.6 |     -190.4 |    148 | mst_resp[25]
    1350+ |       0 |     312 |       20 |     50 |     0 |    +0.2% |   -1.474 |     -485.6 |     -190.4 |    148 | mst_resp[25]
    1350+ |       0 |     312 |       20 |     50 |     0 |    +0.2% |   -1.474 |     -485.6 |     -190.4 |    148 | mst_resp[25]
    1352+ |       0 |     313 |       20 |     50 |     0 |    +0.2% |   -1.474 |     -485.6 |     -190.4 |    148 | mst_resp[25]
    1357+ |       0 |     317 |       20 |     50 |     0 |    +0.2% |   -1.474 |     -482.1 |     -190.1 |    148 | mst_resp[25]
    1360+ |       0 |     319 |       20 |     50 |     0 |    +0.2% |   -1.474 |     -481.2 |     -189.8 |    148 | mst_resp[25]
    1360+ |       0 |     319 |       20 |     50 |     0 |    +0.2% |   -1.474 |     -481.2 |     -189.8 |    148 | mst_resp[25]
    1363+ |       0 |     321 |       20 |     50 |     0 |    +0.2% |   -1.474 |     -476.4 |     -189.5 |    148 | mst_resp[25]
    1365+ |       0 |     322 |       20 |     50 |     0 |    +0.2% |   -1.474 |     -472.9 |     -189.2 |    148 | mst_resp[25]
    1370+ |       0 |     326 |       20 |     50 |     0 |    +0.2% |   -1.474 |     -468.6 |     -188.9 |    148 | mst_resp[25]
    1370+ |       0 |     326 |       20 |     50 |     0 |    +0.2% |   -1.474 |     -468.6 |     -188.9 |    148 | mst_resp[25]
    1372+ |       0 |     327 |       20 |     50 |     0 |    +0.2% |   -1.474 |     -463.1 |     -188.6 |    148 | mst_resp[25]
    1374+ |       0 |     328 |       20 |     50 |     0 |    +0.2% |   -1.474 |     -463.1 |     -188.6 |    148 | mst_resp[25]
    1378+ |       0 |     331 |       20 |     50 |     0 |    +0.2% |   -1.474 |     -459.6 |     -188.2 |    148 | mst_resp[25]
    1379+ |       0 |     331 |       20 |     50 |     0 |    +0.2% |   -1.474 |     -459.6 |     -188.2 |    148 | mst_resp[25]
    1380+ |       0 |     331 |       20 |     50 |     0 |    +0.2% |   -1.474 |     -459.6 |     -188.2 |    148 | mst_resp[25]
    1381+ |       0 |     332 |       20 |     50 |     0 |    +0.2% |   -1.474 |     -459.6 |     -188.2 |    148 | mst_resp[25]
    1382+ |       0 |     332 |       20 |     50 |     0 |    +0.2% |   -1.474 |     -459.6 |     -188.2 |    148 | mst_resp[25]
    1383+ |       0 |     332 |       20 |     50 |     0 |    +0.2% |   -1.474 |     -459.6 |     -188.2 |    148 | mst_resp[25]
    1384+ |       0 |     332 |       20 |     50 |     0 |    +0.2% |   -1.474 |     -459.6 |     -188.2 |    148 | mst_resp[25]
    1390+ |       0 |     337 |       20 |     50 |     0 |    +0.2% |   -1.474 |     -459.3 |     -188.0 |    148 | mst_resp[25]
    1390+ |       0 |     337 |       20 |     50 |     0 |    +0.2% |   -1.474 |     -459.3 |     -188.0 |    148 | mst_resp[25]
    1395+ |       0 |     341 |       20 |     50 |     0 |    +0.2% |   -1.474 |     -459.3 |     -187.8 |    148 | mst_resp[25]
    1398+ |       0 |     343 |       20 |     50 |     0 |    +0.2% |   -1.474 |     -459.3 |     -187.7 |    148 | mst_resp[25]
    1400+ |       0 |     344 |       20 |     50 |     0 |    +0.2% |   -1.474 |     -456.9 |     -187.7 |    148 | mst_resp[25]
    final |       0 |     344 |       20 |     50 |     0 |    +0.2% |   -1.474 |     -456.9 |     -187.7 |    148 | mst_resp[25]
------------------------------------------------------------------------------------------------------------------------------
[INFO RSZ-0040] Inserted 20 buffers.
[INFO RSZ-0051] Resized 344 instances: 326 up, 18 up match, 0 down, 0 VT
[INFO RSZ-0049] Cloned 50 instances.
[WARNING RSZ-0062] Unable to repair all setup violations.
[INFO RSZ-0505] Runtime: 159.82s
[INFO RSZ-0046] Found 1001 endpoints with hold violations.
Iteration | Resized | Buffers | Cloned Gates |   Area   |   WNS   |   TNS   | Endpoint
--------------------------------------------------------------------------------------
        0 |       0 |       0 |            0 |    +0.0% |  -0.535 | -163.038 | b_buf_valid[1]$_SDFFE_PP0P_/D
       10 |       0 |       4 |            0 |    +0.0% |  -0.408 | -155.699 | wr_aw_q[0][101]$_DFFE_PP_/D
       20 |       0 |       7 |            0 |    +0.0% |  -0.401 | -146.006 | wr_aw_q[0][77]$_DFFE_PP_/D
       30 |       0 |       7 |            0 |    +0.0% |  -0.401 | -146.006 | wr_aw_q[0][77]$_DFFE_PP_/D
       40 |       0 |       8 |            0 |    +0.0% |  -0.401 | -142.926 | ws_state[0][1]$_SDFFCE_PP0P_/D
       50 |       0 |      10 |            0 |    +0.0% |  -0.385 | -138.772 | wr_aw_q[1][145]$_DFFE_PP_/D
       60 |       0 |      12 |            0 |    +0.0% |  -0.369 | -133.061 | wr_aw_q[1][165]$_DFFE_PP_/D
       70 |       0 |      14 |            0 |    +0.0% |  -0.366 | -127.397 | wr_aw_q[0][157]$_DFFE_PP_/D
       80 |       0 |      16 |            0 |    +0.0% |  -0.362 | -123.575 | wr_aw_q[1][5]$_DFFE_PP_/D
       90 |       0 |      18 |            0 |    +0.0% |  -0.359 | -117.911 | wr_aw_q[1][432]$_DFFE_PP_/D
      100 |       0 |      19 |            0 |    +0.0% |  -0.357 | -115.049 | wr_aw_q[0][369]$_DFFE_PP_/D
      110 |       0 |      21 |            0 |    +0.0% |  -0.350 | -109.661 | wr_aw_q[1][241]$_DFFE_PP_/D
      120 |       0 |      22 |            0 |    +0.0% |  -0.350 | -106.965 | wr_aw_q[1][533]$_DFFE_PP_/D
      130 |       0 |      24 |            0 |    +0.0% |  -0.336 | -102.550 | wr_aw_q[0][393]$_DFFE_PP_/D
      140 |       0 |      24 |            0 |    +0.0% |  -0.336 | -102.550 | wr_aw_q[0][393]$_DFFE_PP_/D
      150 |       0 |      26 |            0 |    +0.0% |  -0.332 | -97.256 | wr_aw_q[1][424]$_DFFE_PP_/D
      160 |       0 |      27 |            0 |    +0.0% |  -0.329 | -94.605 | aw_rr[1][0]$_SDFFCE_PN0P_/D
      170 |       0 |      29 |            0 |    +0.0% |  -0.327 | -94.275 | wr_aw_q[1][445]$_DFFE_PP_/D
      180 |       0 |      30 |            0 |    +0.0% |  -0.313 | -91.935 | wr_aw_q[1][45]$_DFFE_PP_/D
      190 |       0 |      32 |            0 |    +0.0% |  -0.298 | -87.138 | b_buf[0][4]$_SDFFCE_PN0P_/D
      200 |       0 |      32 |            0 |    +0.0% |  -0.298 | -87.138 | b_buf[0][4]$_SDFFCE_PN0P_/D
      210 |       0 |      39 |            0 |    +0.0% |  -0.287 | -83.723 | wr_aw_q[0][505]$_DFFE_PP_/D
      220 |       0 |      42 |            0 |    +0.0% |  -0.279 | -81.066 | b_buf[0][10]$_SDFFCE_PN0P_/D
      230 |       0 |      48 |            0 |    +0.0% |  -0.257 | -78.201 | b_buf[0][7]$_SDFFCE_PN0P_/D
      240 |       0 |      55 |            0 |    +0.0% |  -0.249 | -74.407 | wr_aw_q[1][502]$_DFFE_PP_/D
      250 |       0 |      58 |            0 |    +0.0% |  -0.243 | -69.157 | wr_aw_q[1][431]$_DFFE_PP_/D
      260 |       0 |      61 |            0 |    +0.0% |  -0.235 | -65.488 | wr_aw_q[1][94]$_DFFE_PP_/D
      270 |       0 |      64 |            0 |    +0.0% |  -0.231 | -62.304 | wr_aw_q[1][316]$_DFFE_PP_/D
      280 |       0 |      67 |            0 |    +0.0% |  -0.225 | -60.231 | wr_aw_q[1][212]$_DFFE_PP_/D
      290 |       0 |      68 |            0 |    +0.0% |  -0.224 | -58.449 | wr_aw_q[1][337]$_DFFE_PP_/D
      300 |       0 |      69 |            0 |    +0.0% |  -0.219 | -56.658 | wr_aw_q[0][362]$_DFFE_PP_/D
      310 |       0 |      69 |            0 |    +0.0% |  -0.219 | -56.658 | wr_aw_q[0][362]$_DFFE_PP_/D
      320 |       0 |      75 |            0 |    +0.0% |  -0.213 | -52.966 | wr_aw_q[0][220]$_DFFE_PP_/D
      330 |       0 |      77 |            0 |    +0.0% |  -0.207 | -49.932 | rd_ar_q[1][268]$_DFFE_PP_/D
      340 |       0 |      78 |            0 |    +0.0% |  -0.203 | -48.290 | wr_aw_q[0][372]$_DFFE_PP_/D
      350 |       0 |      79 |            0 |    +0.0% |  -0.202 | -46.756 | rd_ar_q[1][327]$_DFFE_PP_/D
      360 |       0 |      82 |            0 |    +0.0% |  -0.189 | -43.563 | wr_aw_q[1][516]$_DFFE_PP_/D
      370 |       0 |      82 |            0 |    +0.0% |  -0.189 | -43.563 | wr_aw_q[1][516]$_DFFE_PP_/D
      380 |       0 |      84 |            0 |    +0.0% |  -0.183 | -40.688 | wr_aw_q[1][75]$_DFFE_PP_/D
      390 |       0 |      84 |            0 |    +0.0% |  -0.183 | -40.688 | wr_aw_q[1][75]$_DFFE_PP_/D
      400 |       0 |      86 |            0 |    +0.0% |  -0.176 | -38.024 | wr_aw_q[1][524]$_DFFE_PP_/D
      410 |       0 |      87 |            0 |    +0.0% |  -0.175 | -37.039 | wr_aw_q[0][232]$_DFFE_PP_/D
      420 |       0 |      88 |            0 |    +0.0% |  -0.155 | -35.766 | wr_aw_q[0][278]$_DFFE_PP_/D
      430 |       0 |      88 |            0 |    +0.0% |  -0.155 | -35.766 | wr_aw_q[0][278]$_DFFE_PP_/D
      440 |       0 |      91 |            0 |    +0.0% |  -0.150 | -35.071 | wr_aw_q[0][204]$_DFFE_PP_/D
      450 |       0 |      96 |            0 |    +0.0% |  -0.144 | -32.513 | wr_aw_q[0][382]$_DFFE_PP_/D
      460 |       0 |      98 |            0 |    +0.0% |  -0.137 | -30.544 | wr_aw_q[1][107]$_DFFE_PP_/D
      470 |       0 |      99 |            0 |    +0.0% |  -0.136 | -29.485 | wr_aw_q[0][395]$_DFFE_PP_/D
      480 |       0 |     101 |            0 |    +0.0% |  -0.133 | -27.413 | rd_ar_q[0][380]$_DFFE_PP_/D
      490 |       0 |     101 |            0 |    +0.0% |  -0.133 | -27.413 | rd_ar_q[0][380]$_DFFE_PP_/D
      500 |       0 |     102 |            0 |    +0.0% |  -0.126 | -26.362 | aw_rr[1][0]$_SDFFCE_PN0P_/DE
      510 |       0 |     104 |            0 |    +0.1% |  -0.121 | -25.428 | wr_aw_q[1][14]$_DFFE_PP_/D
      520 |       0 |     106 |            0 |    +0.1% |  -0.116 | -23.824 | wr_aw_q[1][23]$_DFFE_PP_/D
      530 |       0 |     108 |            0 |    +0.1% |  -0.107 | -22.232 | wr_aw_q[0][98]$_DFFE_PP_/D
      540 |       0 |     112 |            0 |    +0.1% |  -0.105 | -18.954 | rd_ar_q[1][506]$_DFFE_PP_/D
      550 |       0 |     112 |            0 |    +0.1% |  -0.105 | -18.954 | rd_ar_q[1][506]$_DFFE_PP_/D
      560 |       0 |     113 |            0 |    +0.1% |  -0.102 | -18.194 | wr_aw_q[0][476]$_DFFE_PP_/D
      570 |       0 |     114 |            0 |    +0.1% |  -0.099 | -17.550 | wr_aw_q[0][34]$_DFFE_PP_/D
      580 |       0 |     114 |            0 |    +0.1% |  -0.099 | -17.550 | wr_aw_q[0][34]$_DFFE_PP_/D
      590 |       0 |     116 |            0 |    +0.1% |  -0.096 | -16.185 | wr_aw_q[1][392]$_DFFE_PP_/D
      600 |       0 |     118 |            0 |    +0.1% |  -0.090 | -15.074 | wr_aw_q[1][222]$_DFFE_PP_/D
      610 |       0 |     119 |            0 |    +0.1% |  -0.087 | -14.380 | wr_aw_q[0][574]$_DFFE_PP_/D
      620 |       0 |     119 |            0 |    +0.1% |  -0.087 | -14.380 | wr_aw_q[0][574]$_DFFE_PP_/D
      630 |       0 |     120 |            0 |    +0.1% |  -0.087 | -13.803 | wr_aw_q[1][99]$_DFFE_PP_/D
      640 |       0 |     123 |            0 |    +0.1% |  -0.085 | -11.877 | wr_aw_q[0][307]$_DFFE_PP_/D
      650 |       0 |     124 |            0 |    +0.1% |  -0.083 | -11.461 | wr_aw_q[0][391]$_DFFE_PP_/D
      660 |       0 |     126 |            0 |    +0.1% |  -0.078 | -10.636 | wr_aw_q[0][7]$_DFFE_PP_/D
      670 |       0 |     127 |            0 |    +0.1% |  -0.077 | -10.051 | wr_aw_q[1][234]$_DFFE_PP_/D
      680 |       0 |     128 |            0 |    +0.1% |  -0.075 |  -9.439 | rd_ar_q[0][407]$_DFFE_PP_/D
      690 |       0 |     128 |            0 |    +0.1% |  -0.075 |  -9.439 | rd_ar_q[0][407]$_DFFE_PP_/D
      700 |       0 |     129 |            0 |    +0.1% |  -0.073 |  -9.135 | wr_aw_q[1][103]$_DFFE_PP_/D
      710 |       0 |     131 |            0 |    +0.1% |  -0.072 |  -8.044 | rd_ar_q[0][363]$_DFFE_PP_/D
      720 |       0 |     132 |            0 |    +0.1% |  -0.071 |  -7.685 | wr_aw_q[1][347]$_DFFE_PP_/D
      730 |       0 |     134 |            0 |    +0.1% |  -0.068 |  -6.853 | wr_aw_q[0][159]$_DFFE_PP_/D
      740 |       0 |     135 |            0 |    +0.1% |  -0.067 |  -6.316 | wr_aw_q[0][248]$_DFFE_PP_/D
      750 |       0 |     136 |            0 |    +0.1% |  -0.067 |  -5.868 | wr_aw_q[0][258]$_DFFE_PP_/D
      760 |       0 |     138 |            0 |    +0.1% |  -0.061 |  -5.458 | wr_aw_q[0][118]$_DFFE_PP_/D
      770 |       0 |     139 |            0 |    +0.1% |  -0.060 |  -5.193 | wr_aw_q[1][62]$_DFFE_PP_/D
      780 |       0 |     142 |            0 |    +0.1% |  -0.059 |  -4.613 | rd_ar_q[0][379]$_DFFE_PP_/D
      790 |       0 |     146 |            0 |    +0.1% |  -0.057 |  -3.006 | rd_ar_q[1][85]$_DFFE_PP_/D
      800 |       0 |     147 |            0 |    +0.1% |  -0.056 |  -2.609 | rd_ar_q[0][101]$_DFFE_PP_/D
      810 |       0 |     149 |            0 |    +0.1% |  -0.056 |  -2.142 | wm_state[1][0]$_DFFE_PP_/D
      820 |       0 |     153 |            0 |    +0.1% |  -0.052 |  -1.621 | rd_ar_q[1][341]$_DFFE_PP_/D
      830 |       0 |     154 |            0 |    +0.1% |  -0.049 |  -1.420 | wr_aw_q[1][559]$_DFFE_PP_/D
      840 |       0 |     154 |            0 |    +0.1% |  -0.049 |  -1.420 | wr_aw_q[1][559]$_DFFE_PP_/D
      850 |       0 |     156 |            0 |    +0.1% |  -0.036 |  -1.218 | rd_ar_q[1][178]$_DFFE_PP_/D
      860 |       0 |     156 |            0 |    +0.1% |  -0.036 |  -1.218 | rd_ar_q[1][178]$_DFFE_PP_/D
      870 |       0 |     157 |            0 |    +0.1% |  -0.033 |  -0.972 | rd_ar_q[1][375]$_DFFE_PP_/D
      880 |       0 |     158 |            0 |    +0.1% |  -0.031 |  -0.779 | rd_ar_q[1][175]$_DFFE_PP_/D
      890 |       0 |     159 |            0 |    +0.1% |  -0.028 |  -0.657 | wr_aw_q[1][417]$_DFFE_PP_/D
      900 |       0 |     161 |            0 |    +0.1% |  -0.023 |  -0.531 | wr_aw_q[1][79]$_DFFE_PP_/D
      910 |       0 |     162 |            0 |    +0.1% |  -0.021 |  -0.363 | wr_aw_q[0][524]$_DFFE_PP_/D
      920 |       0 |     163 |            0 |    +0.1% |  -0.020 |  -0.195 | wr_aw_q[0][435]$_DFFE_PP_/D
      930 |       0 |     165 |            0 |    +0.1% |  -0.014 |  -0.140 | wr_aw_q[1][474]$_DFFE_PP_/D
      940 |       0 |     165 |            0 |    +0.1% |  -0.014 |  -0.140 | wr_aw_q[1][474]$_DFFE_PP_/D
      950 |       0 |     167 |            0 |    +0.1% |  -0.008 |  -0.066 | wr_aw_q[1][410]$_DFFE_PP_/D
      960 |       0 |     167 |            0 |    +0.1% |  -0.008 |  -0.066 | wr_aw_q[1][410]$_DFFE_PP_/D
      970 |       0 |     168 |            0 |    +0.1% |  -0.006 |  -0.035 | rd_ar_q[1][35]$_DFFE_PP_/D
      980 |       0 |     169 |            0 |    +0.1% |  -0.002 |  -0.002 | rd_ar_q[1][513]$_DFFE_PP_/D
      990 |       0 |     169 |            0 |    +0.1% |  -0.002 |  -0.002 | rd_ar_q[1][513]$_DFFE_PP_/D
     1000 |       0 |     170 |            0 |    +0.1% |   0.002 |   0.000 | rd_ar_q[0][76]$_DFFE_PP_/D
    final |       0 |     170 |            0 |    +0.1% |   0.002 |   0.000 | rd_ar_q[0][76]$_DFFE_PP_/D
--------------------------------------------------------------------------------------
[INFO RSZ-0032] Inserted 170 hold buffers.
[INFO RSZ-0506] Runtime: 3.40s
Took 164 seconds: repair_timing -setup_margin 0 -hold_margin 0 -repair_tns 100 -match_cell_footprint -verbose
detailed_placement
[INFO DPL-0006] Core area: 15393693.77 um^2
[INFO DPL-0007] Movable instances area: 1825369.42 um^2
[INFO DPL-0008] Fixed instances area within core: 256556.06 um^2
[INFO DPL-0009] Utilization: 13.5%
[INFO DPL-0005] Diamond search max displacement: +/- 500 sites horizontally, +/- 100 rows vertically.
[INFO DPL-1102] Legalizing using negotiation legalizer.
[INFO DPL-1103] Negotiation base search window: +/-20 sites horizontally, +/-5 rows vertically 
	Automatic search window extension enabled.
	Search window extendable up to the max displacement cap of +/-500 sites, +/-100 rows near walls.
[INFO DPL-1104] NegotiationLegalizer DRC penalty: 5.
[INFO DPL-0392] Negotiation cell height distribution (1 unique row-count(s)):
[INFO DPL-0393]   height 1 row(s): 284466 cells
          |      Total |  Illegal |  Illegal
Iteration | Violations |    Cells |    Sites
---------------------------------------------
        0 |         37 |        10 |        27
        1 |          0 |         0 |         0
Negotiation phase 1 converged at iteration 1.
[INFO DPL-0500] Runtime: 1.53s
Placement Analysis
---------------------------------
total displacement       2039.0 u
average displacement        0.0 u
max displacement           25.6 u
original HPWL         4891279.7 u
legalized HPWL        4892037.9 u
delta HPWL                    0 %

Report metrics stage 4, cts final...

==========================================================================
cts final report_design_area
--------------------------------------------------------------------------
Design area 2081925 um^2 14% utilization.
write_db ./results/sky130hd/d_nw01_cand_chat_scored/base/4_1_cts.odb
write_sdc -no_timestamp ./results/sky130hd/d_nw01_cand_chat_scored/base/4_cts.sdc
Elapsed time: 4:33.22[h:]min:sec. CPU time: user 585.13 sys 128.84 (261%). Peak memory: 1664632KB.
Log                       Ext     Elapsed/s Peak Memory/MB sha1sum result [0:20)
4_1_cts                   .odb          273           1625 12b1d2f8720cceedcf5f
cp ./results/sky130hd/d_nw01_cand_chat_scored/base/4_1_cts.odb ./results/sky130hd/d_nw01_cand_chat_scored/base/4_cts.odb
/OpenROAD-flow-scripts/flow/scripts/flow.sh 5_1_grt global_route
Running global_route.tcl, stage 5_1_grt
read_liberty /OpenROAD-flow-scripts/flow/platforms/sky130hd/lib/sky130_fd_sc_hd__tt_025C_1v80.lib
read_db ./results/sky130hd/d_nw01_cand_chat_scored/base/4_cts.odb
read_sdc ./results/sky130hd/d_nw01_cand_chat_scored/base/4_cts.sdc
source /OpenROAD-flow-scripts/flow/platforms/sky130hd/setRC.tcl
pin_access
[INFO DRT-0149] Reading tech and libs.
[WARNING DRT-0349] LEF58_ENCLOSURE with no CUTCLASS is not supported. Skipping for layer mcon
[WARNING DRT-0349] LEF58_ENCLOSURE with no CUTCLASS is not supported. Skipping for layer mcon
[WARNING DRT-0349] LEF58_ENCLOSURE with no CUTCLASS is not supported. Skipping for layer via
[WARNING DRT-0349] LEF58_ENCLOSURE with no CUTCLASS is not supported. Skipping for layer via
[WARNING DRT-0349] LEF58_ENCLOSURE with no CUTCLASS is not supported. Skipping for layer via2
[WARNING DRT-0349] LEF58_ENCLOSURE with no CUTCLASS is not supported. Skipping for layer via2
[WARNING DRT-0349] LEF58_ENCLOSURE with no CUTCLASS is not supported. Skipping for layer via3
[WARNING DRT-0349] LEF58_ENCLOSURE with no CUTCLASS is not supported. Skipping for layer via3
[WARNING DRT-0349] LEF58_ENCLOSURE with no CUTCLASS is not supported. Skipping for layer via4
[WARNING DRT-0349] LEF58_ENCLOSURE with no CUTCLASS is not supported. Skipping for layer via4

Units:                1000
Number of layers:     13
Number of macros:     441
Number of vias:       29
Number of viarulegen: 25

[INFO DRT-0150] Reading design.

Design:                   axi4_xbar
Die area:                 ( 0 0 ) ( 3927110 3927110 )
Number of track patterns: 12
Number of DEF vias:       0
Number of components:     284466
Number of terminals:      1358
Number of snets:          2
Number of nets:           77494

[INFO DRT-0167] List of default vias:
  Layer via
    default via: M1M2_PR
  Layer via2
    default via: M2M3_PR
  Layer via3
    default via: M3M4_PR
  Layer via4
    default via: M4M5_PR
[INFO DRT-0162] Library cell analysis.
[INFO DRT-0163] Instance analysis.
  Complete 100000 instances.
  Complete 200000 instances.
[INFO DRT-0164] Number of unique instances = 260.
[INFO DRT-0168] Init region query.
[INFO DRT-0018]   Complete 100000 insts.
[INFO DRT-0018]   Complete 200000 insts.
[INFO DRT-0024]   Complete FR_MASTERSLICE.
[INFO DRT-0024]   Complete Fr_VIA.
[INFO DRT-0024]   Complete li1.
[INFO DRT-0024]   Complete mcon.
[INFO DRT-0024]   Complete met1.
[INFO DRT-0024]   Complete via.
[INFO DRT-0024]   Complete met2.
[INFO DRT-0024]   Complete via2.
[INFO DRT-0024]   Complete met3.
[INFO DRT-0024]   Complete via3.
[INFO DRT-0024]   Complete met4.
[INFO DRT-0024]   Complete via4.
[INFO DRT-0024]   Complete met5.
[INFO DRT-0033] FR_MASTERSLICE shape region query size = 0.
[INFO DRT-0033] FR_VIA shape region query size = 0.
[INFO DRT-0033] li1 shape region query size = 5447658.
[INFO DRT-0033] mcon shape region query size = 3837438.
[INFO DRT-0033] met1 shape region query size = 1535097.
[INFO DRT-0033] via shape region query size = 1042570.
[INFO DRT-0033] met2 shape region query size = 626622.
[INFO DRT-0033] via2 shape region query size = 834056.
[INFO DRT-0033] met3 shape region query size = 625818.
[INFO DRT-0033] via3 shape region query size = 834056.
[INFO DRT-0033] met4 shape region query size = 250419.
[INFO DRT-0033] via4 shape region query size = 41616.
[INFO DRT-0033] met5 shape region query size = 42192.
[INFO DRT-0165] Start pin access.
[INFO DRT-0076]   Complete 1000 pins.
[INFO DRT-0076]   Complete 2000 pins.
[INFO DRT-0078]   Complete 2065 pins.
[INFO DRT-0079]   Complete 100 unique inst patterns.
[INFO DRT-0079]   Complete 200 unique inst patterns.
[INFO DRT-0081]   Complete 260 unique inst patterns.
[INFO DRT-0082]   Complete 10000 groups.
[INFO DRT-0082]   Complete 20000 groups.
[INFO DRT-0082]   Complete 30000 groups.
[INFO DRT-0082]   Complete 40000 groups.
[INFO DRT-0082]   Complete 50000 groups.
[INFO DRT-0082]   Complete 60000 groups.
[INFO DRT-0084]   Complete 66253 groups.
#scanned instances     = 284466
#unique  instances     = 260
#stdCellGenAp          = 8452
#stdCellValidPlanarAp  = 126
#stdCellValidViaAp     = 5976
#stdCellPinNoAp        = 7
#stdCellPinCnt         = 312231
#instTermValidViaApCnt = 0
#macroGenAp            = 0
#macroValidPlanarAp    = 0
#macroValidViaAp       = 0
#macroNoAp             = 0
[INFO DRT-0166] Complete pin access.
[INFO DRT-0267] cpu time = 00:32:38, elapsed time = 00:03:48, memory = 1615.43 (MB), peak = 1725.30 (MB)
Took 235 seconds: pin_access
global_route -congestion_report_file ./reports/sky130hd/d_nw01_cand_chat_scored/base/congestion.rpt -congestion_iterations 30 -congestion_report_iter_step 5 -verbose
[INFO GRT-0020] Min routing layer: met1
[INFO GRT-0021] Max routing layer: met5
[INFO GRT-0022] Global adjustment: 0%
[INFO GRT-0023] Grid origin: (0, 0)
[INFO GRT-0088] Layer li1     Track-Pitch = 0.4600  line-2-Via Pitch: 0.3400
[INFO GRT-0088] Layer met1    Track-Pitch = 0.3400  line-2-Via Pitch: 0.3400
[INFO GRT-0088] Layer met2    Track-Pitch = 0.4600  line-2-Via Pitch: 0.3500
[INFO GRT-0088] Layer met3    Track-Pitch = 0.6800  line-2-Via Pitch: 0.6150
[INFO GRT-0088] Layer met4    Track-Pitch = 0.9200  line-2-Via Pitch: 1.0400
[INFO GRT-0088] Layer met5    Track-Pitch = 3.4000  line-2-Via Pitch: 3.1100
[INFO GRT-0003] Macros: 0
[INFO GRT-0004] Blockages: 1060406
[INFO GRT-0019] Found 4497 clock nets.
[INFO GRT-0001] Minimum degree: 2
[INFO GRT-0002] Maximum degree: 98

[INFO GRT-0053] Routing resources analysis:
          Routing      Original      Derated      Resource
Layer     Direction    Resources     Resources    Reduction (%)
---------------------------------------------------------------
li1        Vertical            0             0          0.00%
met1       Horizontal    4432972       3432784          22.56%
met2       Vertical      4169688       3200112          23.25%
met3       Horizontal    3062328       2392144          21.88%
met4       Vertical      2061840       1491000          27.69%
met5       Horizontal     454400        328304          27.75%
---------------------------------------------------------------

[INFO GRT-0101] Running extra iterations to remove congestion.
[INFO GRT-0102] Start extra iteration 1/30
[INFO GRT-0102] Start extra iteration 2/30
[INFO GRT-0102] Start extra iteration 3/30
[INFO GRT-0197] Via related to pin nodes: 620752
[INFO GRT-0198] Via related Steiner nodes: 24253
[INFO GRT-0199] Via filling finished.
[INFO GRT-0111] Final number of vias: 828142
[INFO GRT-0112] Final usage 3D: 3350985

[INFO GRT-0096] Final congestion report:
Layer         Resource        Demand        Usage (%)    Max H / Max V / Total Congestion
---------------------------------------------------------------------------------------
li1                  0             0            0.00%             0 /  0 /  0
met1           3432784        256809            7.48%             0 /  0 /  0
met2           3200112        385589           12.05%             0 /  0 /  0
met3           2392144        174034            7.28%             0 /  0 /  0
met4           1491000         48288            3.24%             0 /  0 /  0
met5            328304          1839            0.56%             0 /  0 /  0
---------------------------------------------------------------------------------------
Total         10844344        866559            7.99%             0 /  0 /  0

[INFO GRT-0018] Total wirelength: 8021201 um
[INFO GRT-0014] Routed nets: 77459
[INFO GRT-0303] Global routing runtime = 00:00:44
Took 45 seconds: global_route -congestion_report_file ./reports/sky130hd/d_nw01_cand_chat_scored/base/congestion.rpt -congestion_iterations 30 -congestion_report_iter_step 5 -verbose
[WARNING STA-0450] virtual clock vclk_core_clock can not be propagated.
estimate_parasitics -global_routing
Took 6 seconds: estimate_parasitics -global_routing
Perform buffer insertion and gate resizing...
repair_design -verbose
Iteration |   Area    | Resized | Buffers | Nets repaired | Remaining
---------------------------------------------------------------------
        0 |     +0.0% |       0 |       0 |             0 |     80746
     1000 |     +0.0% |       0 |       0 |             0 |     79746
     2000 |     +0.0% |       0 |       0 |             0 |     78746
     3000 |     +0.0% |       0 |       0 |             0 |     77746
     4000 |     +0.0% |       0 |       0 |             0 |     76746
     5000 |     +0.0% |       0 |       0 |             0 |     75746
     6000 |     +0.0% |       0 |       0 |             0 |     74746
     7000 |     +0.0% |       0 |       0 |             0 |     73746
[WARNING RSZ-0104] Net _23833_ only has one pin. Check if it is intended to be dangling.
[WARNING RSZ-0104] Net _23829_ only has one pin. Check if it is intended to be dangling.
[WARNING RSZ-0104] Net _23828_ only has one pin. Check if it is intended to be dangling.
     8000 |     +0.0% |       0 |       0 |             0 |     72746
[WARNING RSZ-0104] Net _23831_ only has one pin. Check if it is intended to be dangling.
     9000 |     +0.0% |       0 |       0 |             0 |     71746
    10000 |     +0.0% |       0 |       0 |             0 |     70746
    11000 |     +0.0% |       0 |       0 |             0 |     69746
    12000 |     +0.0% |       0 |       0 |             0 |     68746
    13000 |     +0.0% |       0 |       0 |             0 |     67746
    14000 |     +0.0% |       0 |       0 |             0 |     66746
    15000 |     +0.0% |       0 |       0 |             0 |     65746
    16000 |     +0.0% |       0 |       0 |             0 |     64746
    17000 |     +0.0% |       0 |       0 |             0 |     63746
    18000 |     +0.0% |       0 |       0 |             0 |     62746
    19000 |     +0.0% |       0 |       0 |             0 |     61746
    20000 |     +0.0% |       0 |       0 |             0 |     60746
    21000 |     +0.0% |       0 |       0 |             0 |     59746
    22000 |     +0.0% |       0 |       0 |             0 |     58746
[WARNING RSZ-0104] Net _23832_ only has one pin. Check if it is intended to be dangling.
    23000 |     +0.0% |       0 |       0 |             0 |     57746
    24000 |     +0.0% |       0 |       0 |             0 |     56746
    25000 |     +0.0% |       0 |       0 |             0 |     55746
    26000 |     +0.0% |       0 |       0 |             0 |     54746
    27000 |     +0.0% |       0 |       0 |             0 |     53746
[WARNING RSZ-0104] Net _23830_ only has one pin. Check if it is intended to be dangling.
    28000 |     +0.0% |       0 |       0 |             0 |     52746
    29000 |     +0.0% |       0 |       0 |             0 |     51746
[WARNING RSZ-0104] Net _23825_ only has one pin. Check if it is intended to be dangling.
[WARNING RSZ-0104] Net _23821_ only has one pin. Check if it is intended to be dangling.
[WARNING RSZ-0104] Net _23820_ only has one pin. Check if it is intended to be dangling.
[WARNING RSZ-0104] Net _23819_ only has one pin. Check if it is intended to be dangling.
[WARNING RSZ-0104] Net _23817_ only has one pin. Check if it is intended to be dangling.
[WARNING RSZ-0104] Net _23816_ only has one pin. Check if it is intended to be dangling.
[WARNING RSZ-0104] Net _23815_ only has one pin. Check if it is intended to be dangling.
[WARNING RSZ-0104] Net _23810_ only has one pin. Check if it is intended to be dangling.
[WARNING RSZ-0104] Net _23809_ only has one pin. Check if it is intended to be dangling.
[WARNING RSZ-0104] Net _23808_ only has one pin. Check if it is intended to be dangling.
[WARNING RSZ-0104] Net _23804_ only has one pin. Check if it is intended to be dangling.
[WARNING RSZ-0104] Net _23803_ only has one pin. Check if it is intended to be dangling.
[WARNING RSZ-0104] Net _23800_ only has one pin. Check if it is intended to be dangling.
[WARNING RSZ-0104] Net _23799_ only has one pin. Check if it is intended to be dangling.
[WARNING RSZ-0104] Net _23826_ only has one pin. Check if it is intended to be dangling.
[WARNING RSZ-0104] Net _23823_ only has one pin. Check if it is intended to be dangling.
[WARNING RSZ-0104] Net _23822_ only has one pin. Check if it is intended to be dangling.
[WARNING RSZ-0104] Net _23818_ only has one pin. Check if it is intended to be dangling.
[WARNING RSZ-0104] Net _23812_ only has one pin. Check if it is intended to be dangling.
[WARNING RSZ-0104] Net _23811_ only has one pin. Check if it is intended to be dangling.
[WARNING RSZ-0104] Net _23805_ only has one pin. Check if it is intended to be dangling.
    30000 |     +0.0% |       1 |       0 |             1 |     50746
    31000 |     +0.0% |       1 |       0 |             1 |     49746
    32000 |     +0.0% |       1 |       0 |             1 |     48746
    33000 |     +0.0% |       1 |       0 |             1 |     47746
    34000 |     +0.0% |       1 |       0 |             1 |     46746
    35000 |     +0.0% |       1 |       0 |             1 |     45746
    36000 |     +0.0% |       1 |       0 |             1 |     44746
    37000 |     +0.0% |       1 |       0 |             1 |     43746
    38000 |     +0.0% |       1 |       0 |             1 |     42746
    39000 |     +0.0% |       1 |       0 |             1 |     41746
    40000 |     +0.0% |       1 |       0 |             1 |     40746
    41000 |     +0.0% |       1 |       0 |             1 |     39746
    42000 |     +0.0% |       1 |       0 |             1 |     38746
    43000 |     +0.0% |       1 |       0 |             1 |     37746
    44000 |     +0.0% |       1 |       0 |             1 |     36746
    45000 |     +0.0% |       1 |       0 |             1 |     35746
    46000 |     +0.0% |       1 |       0 |             1 |     34746
    47000 |     +0.0% |       1 |       0 |             1 |     33746
    48000 |     +0.0% |       1 |       0 |             1 |     32746
    49000 |     +0.0% |       1 |       0 |             1 |     31746
    50000 |     +0.0% |       1 |       0 |             1 |     30746
    51000 |     +0.0% |       1 |       0 |             1 |     29746
    52000 |     +0.0% |       1 |       0 |             1 |     28746
    53000 |     +0.0% |       1 |       0 |             1 |     27746
    54000 |     +0.0% |       1 |       0 |             1 |     26746
    55000 |     +0.0% |       1 |       0 |             1 |     25746
    56000 |     +0.0% |       1 |       0 |             1 |     24746
    57000 |     +0.0% |       1 |       0 |             1 |     23746
    58000 |     +0.0% |       1 |       0 |             1 |     22746
    59000 |     +0.0% |       1 |       0 |             1 |     21746
    60000 |     +0.0% |       1 |       0 |             1 |     20746
    61000 |     +0.0% |       1 |       0 |             1 |     19746
    62000 |     +0.0% |       1 |       0 |             1 |     18746
    63000 |     +0.0% |       1 |       0 |             1 |     17746
    64000 |     +0.0% |       1 |       0 |             1 |     16746
    65000 |     +0.0% |       1 |       0 |             1 |     15746
    66000 |     +0.0% |       1 |       0 |             1 |     14746
    67000 |     +0.0% |       1 |       0 |             1 |     13746
    68000 |     +0.0% |       1 |       0 |             1 |     12746
    69000 |     +0.0% |       1 |       0 |             1 |     11746
    70000 |     +0.0% |       1 |       0 |             1 |     10746
    71000 |     +0.0% |       1 |       0 |             1 |      9746
    72000 |     +0.0% |       1 |       0 |             1 |      8746
    73000 |     +0.0% |       1 |       0 |             1 |      7746
    74000 |     +0.0% |       1 |       0 |             1 |      6746
    75000 |     +0.0% |       1 |       0 |             1 |      5746
    76000 |     +0.0% |       1 |       0 |             1 |      4746
    77000 |     +0.0% |       1 |       0 |             1 |      3746
[WARNING RSZ-0104] Net _23824_ only has one pin. Check if it is intended to be dangling.
[WARNING RSZ-0104] Net _23801_ only has one pin. Check if it is intended to be dangling.
[WARNING RSZ-0104] Net _23814_ only has one pin. Check if it is intended to be dangling.
[WARNING RSZ-0104] Net _23813_ only has one pin. Check if it is intended to be dangling.
    78000 |     +0.0% |       1 |       0 |             1 |      2746
[WARNING RSZ-0104] Net _23827_ only has one pin. Check if it is intended to be dangling.
[WARNING RSZ-0104] Net _23807_ only has one pin. Check if it is intended to be dangling.
[WARNING RSZ-0104] Net _23806_ only has one pin. Check if it is intended to be dangling.
[WARNING RSZ-0104] Net _23802_ only has one pin. Check if it is intended to be dangling.
    79000 |     +0.0% |       1 |       0 |             1 |      1746
    80000 |     -0.0% |       3 |       0 |             3 |       746
    final |     -0.0% |       3 |       0 |             3 |         0
---------------------------------------------------------------------
[INFO RSZ-0034] Found 3 slew violations.
[INFO RSZ-0039] Resized 3 instances.
[INFO RSZ-0504] Runtime: 19.55s
Took 19 seconds: repair_design -verbose
global_route -start_incremental
detailed_placement
[INFO DPL-0006] Core area: 15393693.77 um^2
[INFO DPL-0007] Movable instances area: 1825361.92 um^2
[INFO DPL-0008] Fixed instances area within core: 256556.06 um^2
[INFO DPL-0009] Utilization: 13.5%
[INFO DPL-0005] Diamond search max displacement: +/- 500 sites horizontally, +/- 100 rows vertically.
[INFO DPL-1102] Legalizing using negotiation legalizer.
[INFO DPL-1103] Negotiation base search window: +/-20 sites horizontally, +/-5 rows vertically 
	Automatic search window extension enabled.
	Search window extendable up to the max displacement cap of +/-500 sites, +/-100 rows near walls.
[INFO DPL-1104] NegotiationLegalizer DRC penalty: 5.
[INFO DPL-0392] Negotiation cell height distribution (1 unique row-count(s)):
[INFO DPL-0393]   height 1 row(s): 284466 cells
[INFO DPL-0500] Runtime: 2.08s
Placement Analysis
---------------------------------
total displacement          0.0 u
average displacement        0.0 u
max displacement            0.0 u
original HPWL         4892037.9 u
legalized HPWL        4892037.9 u
delta HPWL                    0 %

global_route -end_incremental -congestion_report_file ./reports/sky130hd/d_nw01_cand_chat_scored/base/congestion_post_repair_design.rpt
Repair setup and hold violations...
estimate_parasitics -global_routing
Took 7 seconds: estimate_parasitics -global_routing
repair_timing -setup_margin 0 -hold_margin 0 -repair_tns 100 -verbose
[INFO RSZ-0100] Repair move sequence: UnbufferMove SizeUpMove SwapPinsMove BufferMove CloneMove SplitLoadMove 
[INFO RSZ-0094] Found 148 endpoints with setup violations.
[INFO RSZ-0099] Repairing 148 out of 148 (100.00%) violating endpoints...
   Iter   | Removed | Resized | Inserted | Cloned |  Pin  |   Area   |    WNS   |   StTNS    |   EnTNS    |  Viol  |  Worst  
          | Buffers |  Gates  | Buffers  |  Gates | Swaps |          |          |            |            | Endpts | St/EnPt 
------------------------------------------------------------------------------------------------------------------------------
       0* |       0 |       0 |        0 |      0 |     0 |    +0.0% |   -1.471 |     -108.5 |     -174.9 |    148 | mst_resp[88]
      10* |       0 |       7 |        4 |      1 |     0 |    +0.0% |   -1.424 |     -108.4 |     -173.7 |    148 | mst_resp[113]
      20* |       0 |      13 |        4 |      5 |     0 |    +0.0% |   -1.406 |     -108.4 |     -173.7 |    148 | mst_resp[113]
      30* |       0 |      17 |        4 |     11 |     0 |    +0.0% |   -1.423 |     -108.4 |     -176.5 |    148 | mst_resp[97]
      40* |       0 |      25 |        4 |     13 |     0 |    +0.0% |   -1.415 |     -108.0 |     -177.0 |    148 | mst_resp[111]
      50* |       0 |      28 |        9 |     17 |     0 |    +0.0% |   -1.422 |     -108.0 |     -177.0 |    148 | mst_resp[132]
      60* |       0 |      35 |        9 |     19 |     1 |    +0.0% |   -1.408 |     -108.0 |     -176.9 |    148 | mst_resp[114]
      70* |       0 |      41 |       16 |     22 |     1 |    +0.0% |   -1.397 |     -107.6 |     -176.5 |    148 | mst_resp[97]
      80* |       0 |      49 |       17 |     23 |     1 |    +0.0% |   -1.381 |     -107.5 |     -175.8 |    148 | mst_resp[97]
      90* |       0 |      56 |       25 |     25 |     1 |    +0.1% |   -1.371 |     -105.2 |     -175.2 |    148 | mst_resp[110]
     100* |       0 |      64 |       25 |     27 |     1 |    +0.1% |   -1.362 |     -100.9 |     -174.7 |    148 | mst_resp[34]
     110* |       0 |      70 |       34 |     30 |     1 |    +0.1% |   -1.364 |     -100.9 |     -174.6 |    148 | mst_resp[106]
     120* |       0 |      78 |       34 |     32 |     1 |    +0.1% |   -1.353 |     -100.9 |     -174.5 |    148 | mst_resp[106]
     130* |       0 |      86 |       34 |     34 |     1 |    +0.1% |   -1.466 |     -101.0 |     -176.0 |    148 | mst_resp[106]
     140* |       0 |      94 |       37 |     35 |     1 |    +0.1% |   -1.344 |      -99.0 |     -172.9 |    148 | mst_resp[152]
     150* |       0 |     101 |       45 |     37 |     1 |    +0.1% |   -1.343 |      -99.0 |     -172.7 |    148 | mst_resp[128]
     160* |       0 |     109 |       45 |     39 |     1 |    +0.1% |   -1.337 |      -98.2 |     -172.6 |    148 | mst_resp[120]
     170* |       0 |     117 |       46 |     40 |     1 |    +0.1% |   -1.324 |      -97.8 |     -172.1 |    148 | mst_resp[34]
     180* |       1 |     120 |       59 |     44 |     1 |    +0.1% |   -1.321 |      -97.8 |     -171.6 |    148 | mst_resp[34]
     190* |       1 |     124 |       59 |     50 |     1 |    +0.1% |   -1.324 |      -97.8 |     -171.9 |    148 | mst_resp[70]
     200* |       1 |     132 |       59 |     52 |     1 |    +0.1% |   -1.322 |      -95.8 |     -172.0 |    148 | mst_resp[111]
     210* |       1 |     138 |       62 |     55 |     1 |    +0.1% |   -1.314 |      -95.8 |     -170.7 |    148 | mst_resp[6]
     220* |       1 |     143 |       64 |     59 |     1 |    +0.1% |   -1.328 |      -95.8 |     -170.6 |    148 | mst_resp[14]
     230* |       1 |     152 |       64 |     60 |     1 |    +0.1% |   -1.303 |      -92.4 |     -170.0 |    148 | mst_resp[138]
     240* |       1 |     159 |       72 |     62 |     1 |    +0.1% |   -1.292 |      -91.3 |     -169.4 |    148 | mst_resp[65]
     250* |       1 |     166 |       82 |     63 |     1 |    +0.2% |   -1.286 |      -91.3 |     -169.0 |    148 | mst_resp[138]
     260* |       1 |     170 |      101 |     66 |     1 |    +0.2% |   -1.281 |      -91.3 |     -168.8 |    148 | mst_resp[119]
     270* |       1 |     176 |      115 |     68 |     1 |    +0.2% |   -1.292 |      -91.2 |     -168.3 |    148 | mst_resp[65]
     280* |       1 |     183 |      117 |     70 |     1 |    +0.2% |   -1.266 |      -89.1 |     -167.5 |    148 | mst_resp[85]
     290* |       1 |     190 |      125 |     71 |     1 |    +0.2% |   -1.261 |      -88.8 |     -167.0 |    148 | mst_resp[9]
     300* |       1 |     197 |      125 |     74 |     1 |    +0.2% |   -1.303 |      -88.9 |     -167.0 |    148 | mst_resp[6]
     310* |       1 |     204 |      125 |     77 |     1 |    +0.2% |   -1.255 |      -86.3 |     -166.5 |    148 | mst_resp[46]
     320* |       1 |     211 |      125 |     80 |     1 |    +0.2% |   -1.275 |      -86.3 |     -166.8 |    148 | mst_resp[6]
     330* |       2 |     218 |      130 |     81 |     1 |    +0.2% |   -1.248 |      -86.3 |     -166.0 |    148 | mst_resp[9]
     340* |       2 |     225 |      133 |     82 |     1 |    +0.2% |   -1.245 |      -86.3 |     -166.4 |    148 | mst_resp[1]
     350* |       2 |     231 |      135 |     85 |     1 |    +0.2% |   -1.241 |      -86.2 |     -165.9 |    148 | mst_resp[39]
     360* |       2 |     237 |      135 |     89 |     1 |    +0.2% |   -1.239 |      -86.2 |     -165.7 |    148 | mst_resp[27]
     370* |       2 |     244 |      136 |     91 |     1 |    +0.2% |   -1.242 |      -86.1 |     -165.2 |    148 | mst_resp[85]
     380* |       2 |     248 |      140 |     93 |     4 |    +0.2% |   -1.320 |      -86.3 |     -167.4 |    148 | mst_resp[155]
     390* |       2 |     255 |      152 |     93 |     4 |    +0.2% |   -1.258 |      -85.5 |     -165.7 |    148 | mst_resp[87]
     397* |       2 |     240 |      135 |     90 |     1 |    +0.2% |   -1.239 |      -86.2 |     -165.7 |    148 | mst_resp[121]
     400* |       2 |     240 |      135 |     92 |     1 |    +0.2% |   -1.249 |      -86.2 |     -165.8 |    148 | mst_resp[121]
     410* |       2 |     247 |      137 |     94 |     1 |    +0.2% |   -1.258 |      -84.4 |     -166.0 |    148 | mst_resp[107]
     420* |       2 |     250 |      147 |     96 |     1 |    +0.2% |   -1.252 |      -84.4 |     -165.2 |    148 | mst_resp[121]
     430* |       3 |     257 |      149 |     96 |     1 |    +0.2% |   -1.252 |      -84.4 |     -165.4 |    148 | mst_resp[121]
     432* |       2 |     240 |      135 |     91 |     1 |    +0.2% |   -1.239 |      -86.1 |     -165.6 |    148 | mst_resp[121]
     440* |       2 |     244 |      144 |     93 |     1 |    +0.2% |   -1.320 |      -86.2 |     -167.8 |    148 | mst_resp[107]
     450* |       2 |     250 |      165 |     93 |     1 |    +0.2% |   -1.320 |      -86.2 |     -167.6 |    148 | mst_resp[107]
     460* |       2 |     256 |      174 |     93 |     1 |    +0.2% |   -1.320 |      -86.2 |     -167.3 |    148 | mst_resp[107]
     469* |       2 |     240 |      135 |     91 |     1 |    +0.2% |   -1.239 |      -86.1 |     -165.6 |    148 | mst_resp[121]
     470* |       2 |     240 |      135 |     91 |     1 |    +0.2% |   -1.239 |      -86.1 |     -165.6 |    148 | mst_resp[121]
     480* |       2 |     247 |      138 |     92 |     1 |    +0.2% |   -1.261 |      -85.6 |     -165.1 |    148 | mst_resp[111]
     490* |       2 |     253 |      142 |     94 |     1 |    +0.2% |   -1.248 |      -85.6 |     -164.6 |    148 | mst_resp[113]
     500* |       2 |     258 |      154 |     94 |     1 |    +0.2% |   -1.281 |      -85.6 |     -165.8 |    148 | mst_resp[106]
     510* |       2 |     258 |      175 |     94 |     1 |    +0.2% |   -1.279 |      -85.6 |     -165.8 |    148 | mst_resp[106]
     520* |       3 |     265 |      177 |     94 |     1 |    +0.2% |   -1.279 |      -85.6 |     -165.6 |    148 | mst_resp[106]
     520* |       2 |     240 |      135 |     91 |     1 |    +0.2% |   -1.239 |      -86.1 |     -165.6 |    148 | mst_resp[121]
     530* |       2 |     243 |      143 |     93 |     1 |    +0.2% |   -1.277 |      -86.2 |     -165.9 |    148 | mst_resp[120]
     540* |       3 |     249 |      150 |     93 |     1 |    +0.2% |   -1.245 |      -86.2 |     -165.4 |    148 | mst_resp[116]
     545* |       2 |     241 |      135 |     91 |     1 |    +0.2% |   -1.239 |      -86.1 |     -165.6 |    148 | mst_resp[121]
     550* |       2 |     244 |      137 |     91 |     1 |    +0.2% |   -1.239 |      -86.1 |     -165.1 |    148 | mst_resp[121]
     560* |       2 |     250 |      145 |     92 |     1 |    +0.2% |   -1.239 |      -86.2 |     -164.7 |    148 | mst_resp[121]
     563* |       2 |     248 |      142 |     92 |     1 |    +0.2% |   -1.239 |      -86.1 |     -164.6 |    148 | mst_resp[121]
     570* |       2 |     251 |      142 |     95 |     1 |    +0.2% |   -1.246 |      -86.1 |     -164.4 |    148 | mst_resp[111]
     580* |       2 |     257 |      148 |     97 |     1 |    +0.2% |   -1.255 |      -86.0 |     -163.7 |    148 | mst_resp[111]
     590* |       2 |     262 |      154 |     99 |     1 |    +0.2% |   -1.290 |      -86.1 |     -165.5 |    148 | mst_resp[85]
     600* |       2 |     265 |      164 |    100 |     1 |    +0.3% |   -1.290 |      -86.1 |     -166.2 |    148 | mst_resp[85]
     610* |       2 |     271 |      168 |    100 |     2 |    +0.3% |   -1.292 |      -86.1 |     -165.6 |    148 | mst_resp[85]
     611* |       2 |     260 |      149 |     97 |     1 |    +0.2% |   -1.239 |      -86.0 |     -163.5 |    148 | mst_resp[121]
     620* |       2 |     262 |      154 |     97 |     2 |    +0.2% |   -1.254 |      -84.1 |     -163.6 |    148 | mst_resp[38]
     630* |       4 |     269 |      155 |     97 |     2 |    +0.2% |   -1.243 |      -84.1 |     -163.0 |    148 | mst_resp[38]
     633* |       2 |     261 |      149 |     97 |     1 |    +0.2% |   -1.239 |      -84.3 |     -163.5 |    148 | mst_resp[121]
     640* |       2 |     264 |      152 |     99 |     1 |    +0.2% |   -1.261 |      -83.6 |     -163.5 |    148 | mst_resp[121]
     650* |       2 |     268 |      173 |    100 |     1 |    +0.3% |   -1.257 |      -83.6 |     -165.1 |    148 | mst_resp[153]
     656* |       2 |     261 |      152 |     98 |     1 |    +0.2% |   -1.239 |      -84.3 |     -163.4 |    148 | mst_resp[26]
     660* |       2 |     263 |      152 |     99 |     1 |    +0.2% |   -1.239 |      -84.3 |     -163.3 |    148 | mst_resp[26]
     670* |       2 |     269 |      156 |    101 |     1 |    +0.2% |   -1.240 |      -84.3 |     -163.0 |    148 | mst_resp[85]
     680* |       2 |     271 |      174 |    101 |     1 |    +0.3% |   -1.307 |      -84.3 |     -165.7 |    148 | mst_resp[152]
     690* |       2 |     278 |      177 |    101 |     1 |    +0.3% |   -1.310 |      -84.3 |     -165.7 |    148 | mst_resp[152]
     692* |       2 |     264 |      152 |     99 |     1 |    +0.2% |   -1.239 |      -84.3 |     -163.3 |    148 | mst_resp[26]
     700* |       2 |     269 |      159 |    100 |     1 |    +0.2% |   -1.304 |      -82.9 |     -164.5 |    148 | mst_resp[107]
     710* |       2 |     272 |      169 |    100 |     2 |    +0.3% |   -1.271 |      -82.9 |     -164.4 |    148 | mst_resp[97]
     712* |       2 |     267 |      159 |     99 |     1 |    +0.2% |   -1.239 |      -82.9 |     -162.9 |    148 | mst_resp[26]
     720* |       2 |     273 |      166 |     99 |     1 |    +0.2% |   -1.242 |      -82.5 |     -162.6 |    148 | mst_resp[107]
     730* |       2 |     280 |      170 |    100 |     1 |    +0.3% |   -1.242 |      -82.5 |     -162.2 |    148 | mst_resp[107]
     740* |       2 |     286 |      181 |    102 |     1 |    +0.3% |   -1.242 |      -82.5 |     -162.5 |    148 | mst_resp[107]
     750* |       2 |     288 |      193 |    102 |     2 |    +0.3% |   -1.240 |      -82.5 |     -162.7 |    148 | mst_resp[107]
     757* |       2 |     270 |      166 |     99 |     1 |    +0.2% |   -1.239 |      -82.5 |     -162.6 |    148 | mst_resp[26]
     760* |       2 |     271 |      175 |     99 |     1 |    +0.3% |   -1.239 |      -82.5 |     -162.7 |    148 | mst_resp[26]
     770* |       2 |     279 |      176 |    100 |     1 |    +0.3% |   -1.239 |      -82.4 |     -162.6 |    148 | mst_resp[26]
     780* |       2 |     281 |      183 |    103 |     1 |    +0.3% |   -1.271 |      -82.4 |     -164.3 |    148 | mst_resp[84]
     790* |       2 |     288 |      185 |    103 |     2 |    +0.3% |   -1.254 |      -82.4 |     -164.1 |    148 | mst_resp[84]
     791* |       2 |     279 |      176 |    100 |     1 |    +0.3% |   -1.239 |      -82.4 |     -162.6 |    148 | mst_resp[26]
     800* |       2 |     286 |      183 |    100 |     1 |    +0.3% |   -1.239 |      -82.4 |     -162.5 |    148 | mst_resp[121]
     810* |       2 |     290 |      188 |    104 |     1 |    +0.3% |   -1.239 |      -82.4 |     -161.7 |    148 | mst_resp[26]
     820* |       2 |     295 |      198 |    106 |     1 |    +0.3% |   -1.239 |      -82.4 |     -161.6 |    148 | mst_resp[26]
     830* |       2 |     298 |      208 |    109 |     1 |    +0.3% |   -1.239 |      -82.4 |     -162.4 |    148 | mst_resp[26]
     840* |       2 |     304 |      214 |    109 |     1 |    +0.3% |   -1.239 |      -82.4 |     -161.7 |    148 | mst_resp[26]
     847* |       3 |     308 |      215 |    109 |     2 |    +0.3% |   -1.239 |      -82.4 |     -161.9 |    148 | mst_resp[26]
     850* |       3 |     308 |      222 |    110 |     2 |    +0.3% |   -1.239 |      -82.4 |     -161.9 |    148 | mst_resp[26]
     860* |       3 |     312 |      233 |    113 |     2 |    +0.3% |   -1.246 |      -82.4 |     -161.7 |    148 | mst_resp[27]
     870* |       3 |     314 |      240 |    115 |     3 |    +0.3% |   -1.314 |      -81.6 |     -162.1 |    148 | mst_resp[5]
     878* |       3 |     309 |      222 |    111 |     2 |    +0.3% |   -1.239 |      -82.4 |     -161.9 |    148 | mst_resp[26]
     880* |       3 |     310 |      222 |    111 |     2 |    +0.3% |   -1.239 |      -82.4 |     -161.6 |    148 | mst_resp[26]
     890* |       4 |     315 |      228 |    112 |     2 |    +0.3% |   -1.239 |      -82.4 |     -161.4 |    148 | mst_resp[26]
     900* |       4 |     322 |      231 |    112 |     3 |    +0.3% |   -1.239 |      -82.4 |     -161.4 |    148 | mst_resp[26]
     904* |       4 |     313 |      222 |    112 |     2 |    +0.3% |   -1.239 |      -82.4 |     -161.3 |    148 | mst_resp[26]
     910* |       4 |     316 |      234 |    112 |     2 |    +0.3% |   -1.240 |      -82.4 |     -161.3 |    148 | mst_resp[22]
     920* |       4 |     321 |      246 |    114 |     2 |    +0.3% |   -1.242 |      -82.4 |     -161.5 |    148 | mst_resp[22]
     930* |       4 |     325 |      252 |    116 |     2 |    +0.3% |   -1.301 |      -82.5 |     -161.8 |    148 | mst_resp[16]
     940* |       4 |     326 |      267 |    117 |     2 |    +0.3% |   -1.282 |      -82.4 |     -162.9 |    148 | mst_resp[44]
     950* |       5 |     331 |      271 |    117 |     3 |    +0.3% |   -1.261 |      -80.3 |     -161.8 |    148 | mst_resp[22]
     951* |       4 |     314 |      222 |    112 |     2 |    +0.3% |   -1.239 |      -82.4 |     -161.3 |    148 | mst_resp[26]
     960* |       4 |     319 |      229 |    113 |     2 |    +0.3% |   -1.238 |      -81.9 |     -160.7 |    148 | mst_resp[62]
     970* |       4 |     325 |      238 |    116 |     2 |    +0.3% |   -1.319 |      -82.0 |     -161.9 |    148 | mst_resp[68]
     980* |       5 |     331 |      245 |    116 |     2 |    +0.3% |   -1.307 |      -81.9 |     -161.4 |    148 | mst_resp[68]
     983* |       4 |     321 |      238 |    114 |     2 |    +0.3% |   -1.238 |      -81.9 |     -160.7 |    148 | mst_resp[62]
     990* |       4 |     322 |      252 |    117 |     2 |    +0.3% |   -1.241 |      -81.9 |     -160.5 |    148 | mst_resp[27]
    1000* |       4 |     326 |      261 |    118 |     3 |    +0.3% |   -1.251 |      -79.6 |     -160.6 |    148 | mst_resp[62]
    1010* |       5 |     332 |      264 |    118 |     3 |    +0.3% |   -1.239 |      -79.6 |     -160.3 |    148 | mst_resp[5]
    1010* |       4 |     322 |      257 |    117 |     2 |    +0.3% |   -1.238 |      -81.9 |     -160.4 |    148 | mst_resp[62]
    1020* |       4 |     327 |      283 |    117 |     2 |    +0.3% |   -1.242 |      -81.9 |     -160.4 |    148 | mst_resp[107]
    1030* |       5 |     333 |      288 |    117 |     2 |    +0.3% |   -1.242 |      -81.9 |     -160.4 |    148 | mst_resp[107]
    1031* |       4 |     326 |      274 |    117 |     2 |    +0.3% |   -1.238 |      -81.9 |     -160.1 |    148 | mst_resp[62]
    1040* |       4 |     332 |      282 |    117 |     2 |    +0.3% |   -1.255 |      -81.9 |     -160.2 |    148 | mst_resp[16]
    1050* |       4 |     337 |      284 |    120 |     2 |    +0.3% |   -1.270 |      -81.9 |     -160.5 |    148 | mst_resp[62]
    1060* |       4 |     344 |      288 |    122 |     2 |    +0.3% |   -1.270 |      -81.9 |     -160.6 |    148 | mst_resp[62]
    1070* |       4 |     347 |      305 |    124 |     2 |    +0.4% |   -1.268 |      -82.0 |     -160.8 |    148 | mst_resp[16]
    1080* |       4 |     355 |      306 |    125 |     2 |    +0.4% |   -1.268 |      -81.9 |     -160.5 |    148 | mst_resp[16]
    1082* |       4 |     326 |      274 |    117 |     2 |    +0.3% |   -1.238 |      -81.9 |     -160.1 |    148 | mst_resp[62]
    1090* |       4 |     330 |      281 |    117 |     2 |    +0.3% |   -1.238 |      -81.9 |     -160.1 |    148 | mst_resp[62]
    1100* |       5 |     336 |      283 |    117 |     3 |    +0.3% |   -1.238 |      -81.9 |     -159.9 |    148 | mst_resp[62]
    1102* |       5 |     337 |      290 |    117 |     3 |    +0.3% |   -1.238 |      -81.9 |     -159.8 |    148 | mst_resp[62]
    1110* |       5 |     342 |      291 |    118 |     3 |    +0.3% |   -1.254 |      -81.9 |     -159.8 |    148 | mst_resp[62]
    1120* |       5 |     345 |      302 |    120 |     4 |    +0.3% |   -1.243 |      -80.1 |     -159.6 |    148 | mst_resp[62]
    1130* |       5 |     351 |      322 |    121 |     4 |    +0.4% |   -1.245 |      -80.1 |     -159.5 |    148 | mst_resp[62]
    1140* |       6 |     358 |      330 |    121 |     4 |    +0.4% |   -1.250 |      -75.1 |     -159.0 |    148 | mst_resp[62]
    1143* |       5 |     340 |      291 |    117 |     3 |    +0.3% |   -1.238 |      -81.9 |     -159.8 |    148 | mst_resp[62]
    1150* |       5 |     342 |      293 |    120 |     3 |    +0.3% |   -1.314 |      -82.0 |     -161.1 |    148 | mst_resp[68]
    1160* |       5 |     346 |      295 |    124 |     4 |    +0.3% |   -1.312 |      -82.0 |     -161.0 |    148 | mst_resp[68]
    1170* |       5 |     348 |      304 |    126 |     4 |    +0.4% |   -1.302 |      -82.0 |     -161.4 |    148 | mst_resp[68]
    1176* |       5 |     342 |      293 |    119 |     3 |    +0.3% |   -1.238 |      -81.9 |     -159.8 |    148 | mst_resp[62]
    1180* |       5 |     345 |      293 |    119 |     3 |    +0.3% |   -1.238 |      -81.9 |     -159.5 |    148 | mst_resp[62]
    1190* |       5 |     348 |      307 |    119 |     3 |    +0.3% |   -1.365 |      -82.0 |     -161.9 |    148 | mst_resp[153]
    1200* |       5 |     353 |      312 |    119 |     4 |    +0.3% |   -1.257 |      -81.9 |     -160.9 |    148 | mst_resp[123]
    1200* |       5 |     348 |      296 |    119 |     3 |    +0.3% |   -1.238 |      -81.9 |     -159.0 |    148 | mst_resp[62]
    1210* |       5 |     352 |      306 |    121 |     3 |    +0.3% |   -1.268 |      -80.8 |     -159.3 |    148 | mst_resp[62]
    1220* |       6 |     355 |      309 |    123 |     4 |    +0.3% |   -1.299 |      -80.1 |     -159.1 |    148 | mst_resp[16]
    1227* |       5 |     352 |      306 |    119 |     3 |    +0.3% |   -1.238 |      -80.8 |     -159.0 |    148 | mst_resp[62]
    1230* |       5 |     354 |      306 |    119 |     3 |    +0.3% |   -1.241 |      -80.8 |     -158.9 |    148 | mst_resp[62]
    1240* |       5 |     360 |      312 |    122 |     3 |    +0.3% |   -1.263 |      -80.8 |     -159.7 |    148 | mst_resp[68]
    1250* |       5 |     368 |      313 |    123 |     3 |    +0.4% |   -1.267 |      -80.8 |     -159.7 |    148 | mst_resp[68]
    1260* |       5 |     372 |      326 |    123 |     3 |    +0.4% |   -1.253 |      -79.5 |     -159.8 |    148 | mst_resp[16]
    1270* |       5 |     376 |      354 |    123 |     4 |    +0.4% |   -1.253 |      -79.1 |     -159.8 |    148 | mst_resp[16]
    1278* |       5 |     352 |      306 |    119 |     3 |    +0.3% |   -1.238 |      -80.8 |     -159.0 |    148 | mst_resp[62]
    1280* |       5 |     353 |      306 |    119 |     3 |    +0.3% |   -1.238 |      -78.9 |     -159.0 |    148 | mst_resp[62]
    1290* |       5 |     358 |      318 |    121 |     4 |    +0.3% |   -1.238 |      -78.2 |     -158.9 |    148 | mst_resp[62]
    1300* |       6 |     364 |      319 |    123 |     4 |    +0.4% |   -1.244 |      -77.5 |     -158.4 |    148 | mst_resp[62]
    1301* |       5 |     358 |      318 |    122 |     4 |    +0.3% |   -1.238 |      -78.2 |     -159.0 |    148 | mst_resp[62]
    1310* |       5 |     359 |      328 |    125 |     4 |    +0.4% |   -1.288 |      -78.3 |     -160.8 |    148 | mst_resp[1]
    1320* |       5 |     366 |      330 |    126 |     5 |    +0.4% |   -1.278 |      -77.5 |     -160.0 |    148 | mst_resp[1]
    1325* |       5 |     358 |      318 |    122 |     4 |    +0.3% |   -1.238 |      -78.2 |     -159.0 |    148 | mst_resp[62]
    1330* |       6 |     361 |      318 |    122 |     4 |    +0.3% |   -1.238 |      -78.2 |     -159.0 |    148 | mst_resp[62]
    1340* |       6 |     365 |      326 |    124 |     5 |    +0.4% |   -1.282 |      -78.3 |     -161.4 |    148 | mst_resp[85]
    1350* |       6 |     371 |      332 |    125 |     6 |    +0.4% |   -1.259 |      -78.3 |     -160.7 |    148 | mst_resp[85]
    1360* |       6 |     379 |      333 |    125 |     7 |    +0.4% |   -1.259 |      -78.3 |     -160.6 |    148 | mst_resp[85]
    1370* |       6 |     384 |      344 |    127 |     7 |    +0.4% |   -1.259 |      -78.3 |     -160.9 |    148 | mst_resp[85]
    1380* |       6 |     389 |      350 |    127 |     7 |    +0.4% |   -1.259 |      -78.3 |     -161.2 |    148 | mst_resp[85]
    1388* |       6 |     365 |      325 |    123 |     5 |    +0.4% |   -1.238 |      -78.2 |     -159.0 |    148 | mst_resp[62]
    1390* |       6 |     366 |      325 |    123 |     5 |    +0.4% |   -1.246 |      -78.2 |     -159.4 |    148 | mst_resp[68]
    1400* |       6 |     372 |      343 |    125 |     5 |    +0.4% |   -1.249 |      -78.2 |     -159.0 |    148 | mst_resp[68]
    1400* |       6 |     365 |      325 |    123 |     5 |    +0.4% |   -1.238 |      -78.2 |     -159.0 |    148 | mst_resp[62]
    1410* |       6 |     371 |      325 |    126 |     5 |    +0.4% |   -1.238 |      -78.2 |     -158.7 |    148 | mst_resp[62]
    1420* |       6 |     376 |      329 |    128 |     5 |    +0.4% |   -1.261 |      -78.3 |     -158.8 |    148 | mst_resp[39]
    1430* |       6 |     381 |      331 |    132 |     5 |    +0.4% |   -1.241 |      -78.2 |     -158.5 |    148 | mst_resp[70]
    1440* |       6 |     386 |      345 |    133 |     5 |    +0.4% |   -1.241 |      -78.2 |     -158.5 |    148 | mst_resp[70]
    1450* |       7 |     393 |      350 |    133 |     5 |    +0.4% |   -1.239 |      -78.2 |     -158.4 |    148 | mst_resp[5]
    1451* |       6 |     381 |      331 |    130 |     5 |    +0.4% |   -1.234 |      -78.2 |     -158.5 |    148 | mst_resp[70]
    1460* |       7 |     388 |      331 |    130 |     5 |    +0.4% |   -1.234 |      -78.2 |     -158.3 |    148 | mst_resp[70]
    1470* |       7 |     393 |      341 |    130 |     6 |    +0.4% |   -1.234 |      -78.2 |     -159.1 |    148 | mst_resp[70]
    1472* |       7 |     390 |      331 |    130 |     5 |    +0.4% |   -1.234 |      -78.2 |     -158.3 |    148 | mst_resp[70]
    1480* |       7 |     396 |      336 |    130 |     5 |    +0.4% |   -1.234 |      -78.2 |     -158.3 |    148 | mst_resp[70]
    1487* |       7 |     399 |      337 |    130 |     6 |    +0.4% |   -1.234 |      -78.2 |     -158.1 |    148 | mst_resp[70]
    1490* |       7 |     400 |      339 |    130 |     6 |    +0.4% |   -1.233 |      -78.2 |     -158.2 |    148 | mst_resp[85]
    1500* |       7 |     403 |      350 |    135 |     6 |    +0.4% |   -1.246 |      -78.3 |     -158.9 |    148 | mst_resp[5]
    1510* |       8 |     409 |      352 |    136 |     7 |    +0.4% |   -1.255 |      -75.6 |     -158.7 |    148 | mst_resp[5]
    1516* |       7 |     400 |      339 |    131 |     6 |    +0.4% |   -1.233 |      -78.2 |     -158.2 |    148 | mst_resp[85]
    1520* |       7 |     401 |      340 |    132 |     6 |    +0.4% |   -1.236 |      -78.2 |     -158.6 |    148 | mst_resp[61]
    1530* |       7 |     403 |      347 |    135 |     6 |    +0.4% |   -1.244 |      -77.1 |     -159.0 |    148 | mst_resp[62]
    1540* |       8 |     407 |      356 |    135 |     7 |    +0.4% |   -1.239 |      -75.7 |     -158.2 |    148 | mst_resp[5]
    1548* |       7 |     400 |      340 |    131 |     6 |    +0.4% |   -1.233 |      -78.2 |     -158.2 |    148 | mst_resp[85]
    1550* |       7 |     401 |      340 |    131 |     6 |    +0.4% |   -1.234 |      -78.2 |     -158.2 |    148 | mst_resp[62]
    1560* |       7 |     409 |      344 |    132 |     6 |    +0.4% |   -1.244 |      -78.2 |     -158.3 |    148 | mst_resp[61]
    1570* |       7 |     415 |      348 |    134 |     6 |    +0.4% |   -1.244 |      -78.2 |     -158.1 |    148 | mst_resp[61]
    1580* |       7 |     420 |      349 |    138 |     6 |    +0.4% |   -1.244 |      -78.3 |     -158.5 |    148 | mst_resp[61]
    1590* |       7 |     423 |      359 |    140 |     6 |    +0.4% |   -1.244 |      -78.3 |     -158.5 |    148 | mst_resp[61]
    1600* |       7 |     423 |      385 |    142 |     6 |    +0.4% |   -1.244 |      -78.2 |     -158.8 |    148 | mst_resp[61]
    1603* |       7 |     403 |      344 |    131 |     6 |    +0.4% |   -1.233 |      -78.2 |     -158.0 |    148 | mst_resp[85]
    1610* |       7 |     406 |      349 |    133 |     6 |    +0.4% |   -1.245 |      -78.2 |     -157.9 |    148 | mst_resp[27]
    1620* |       7 |     410 |      358 |    134 |     6 |    +0.4% |   -1.236 |      -78.2 |     -157.9 |    148 | mst_resp[61]
    1630* |       8 |     418 |      359 |    134 |     6 |    +0.4% |   -1.239 |      -78.2 |     -157.7 |    148 | mst_resp[5]
    1633* |       7 |     403 |      344 |    131 |     6 |    +0.4% |   -1.233 |      -78.2 |     -158.0 |    148 | mst_resp[85]
    1640* |       7 |     405 |      354 |    132 |     6 |    +0.4% |   -1.282 |      -78.3 |     -160.5 |    148 | mst_resp[85]
    1650* |       7 |     408 |      367 |    132 |     6 |    +0.4% |   -1.325 |      -78.3 |     -161.5 |    148 | mst_resp[85]
    1660* |       7 |     412 |      373 |    133 |     7 |    +0.4% |   -1.257 |      -78.2 |     -160.7 |    148 | mst_resp[84]
    1669* |       7 |     403 |      348 |    131 |     6 |    +0.4% |   -1.233 |      -78.2 |     -158.0 |    148 | mst_resp[85]
    1670* |       7 |     403 |      348 |    131 |     6 |    +0.4% |   -1.233 |      -78.2 |     -158.0 |    148 | mst_resp[85]
    1680* |       7 |     409 |      355 |    134 |     6 |    +0.4% |   -1.244 |      -78.2 |     -158.4 |    148 | mst_resp[61]
    1690* |       7 |     415 |      363 |    135 |     6 |    +0.4% |   -1.244 |      -78.2 |     -158.3 |    148 | mst_resp[61]
    1700* |       7 |     415 |      384 |    138 |     6 |    +0.4% |   -1.244 |      -78.2 |     -158.1 |    148 | mst_resp[61]
    1710* |       7 |     418 |      396 |    140 |     6 |    +0.4% |   -1.244 |      -78.2 |     -158.2 |    148 | mst_resp[61]
    1720* |       7 |     426 |      398 |    140 |     6 |    +0.4% |   -1.239 |      -78.2 |     -157.5 |    148 | mst_resp[5]
    1720* |       7 |     403 |      348 |    131 |     6 |    +0.4% |   -1.233 |      -78.2 |     -158.0 |    148 | mst_resp[85]
    1730* |       7 |     409 |      350 |    133 |     6 |    +0.4% |   -1.236 |      -78.2 |     -158.2 |    148 | mst_resp[61]
    1740* |       8 |     414 |      355 |    133 |     7 |    +0.4% |   -1.239 |      -77.1 |     -157.8 |    148 | mst_resp[5]
    1747* |       7 |     405 |      348 |    131 |     6 |    +0.4% |   -1.233 |      -78.2 |     -158.0 |    148 | mst_resp[85]
    1750* |       7 |     406 |      358 |    131 |     6 |    +0.4% |   -1.233 |      -78.2 |     -157.9 |    148 | mst_resp[85]
    1760* |       7 |     408 |      366 |    134 |     6 |    +0.4% |   -1.254 |      -78.2 |     -158.8 |    148 | mst_resp[5]
    1770* |       8 |     414 |      367 |    135 |     7 |    +0.4% |   -1.244 |      -77.9 |     -157.8 |    148 | mst_resp[5]
    1770* |       7 |     406 |      358 |    131 |     6 |    +0.4% |   -1.233 |      -78.2 |     -157.9 |    148 | mst_resp[85]
    1780* |       7 |     412 |      366 |    132 |     7 |    +0.4% |   -1.235 |      -77.4 |     -157.9 |    148 | mst_resp[5]
    1790* |       7 |     418 |      368 |    134 |     7 |    +0.4% |   -1.239 |      -77.4 |     -158.3 |    148 | mst_resp[5]
    1800* |       8 |     424 |      370 |    135 |     7 |    +0.4% |   -1.243 |      -77.1 |     -158.3 |    148 | mst_resp[41]
    1800* |       7 |     407 |      358 |    132 |     6 |    +0.4% |   -1.233 |      -78.2 |     -158.0 |    148 | mst_resp[85]
    1810* |       7 |     411 |      363 |    133 |     6 |    +0.4% |   -1.290 |      -78.3 |     -159.0 |    148 | mst_resp[87]
    1820* |       7 |     419 |      364 |    133 |     7 |    +0.4% |   -1.247 |      -78.2 |     -157.8 |    148 | mst_resp[155]
    1830* |       7 |     426 |      366 |    133 |     8 |    +0.4% |   -1.250 |      -78.2 |     -157.8 |    148 | mst_resp[155]
    1834* |       7 |     411 |      359 |    132 |     6 |    +0.4% |   -1.232 |      -78.2 |     -157.7 |    148 | mst_resp[61]
    1840* |       7 |     413 |      364 |    134 |     6 |    +0.4% |   -1.229 |      -78.2 |     -157.6 |    148 | mst_resp[5]
    1850* |       7 |     417 |      370 |    137 |     6 |    +0.4% |   -1.225 |      -78.2 |     -157.0 |    148 | mst_resp[85]
    1858* |       7 |     418 |      370 |    137 |     6 |    +0.4% |   -1.225 |      -78.2 |     -157.0 |    148 | mst_resp[85]
    1860* |       7 |     419 |      370 |    137 |     6 |    +0.4% |   -1.229 |      -78.2 |     -157.0 |    148 | mst_resp[85]
    1870* |       7 |     424 |      383 |    138 |     6 |    +0.4% |   -1.248 |      -78.2 |     -157.2 |    148 | mst_resp[85]
    1880* |       7 |     431 |      394 |    138 |     7 |    +0.4% |   -1.248 |      -78.2 |     -157.2 |    148 | mst_resp[85]
    1884* |       7 |     418 |      370 |    137 |     6 |    +0.4% |   -1.225 |      -78.2 |     -157.0 |    148 | mst_resp[85]
    1890* |       7 |     419 |      371 |    140 |     6 |    +0.4% |   -1.287 |      -78.2 |     -158.5 |    148 | mst_resp[70]
    1900* |       7 |     423 |      374 |    143 |     6 |    +0.4% |   -1.286 |      -78.1 |     -159.1 |    148 | mst_resp[70]
    1900* |       7 |     418 |      371 |    138 |     6 |    +0.4% |   -1.225 |      -78.2 |     -157.1 |    148 | mst_resp[85]
    1900* |       7 |     418 |      371 |    138 |     6 |    +0.4% |   -1.225 |      -78.2 |     -157.1 |    148 | mst_resp[85]
    1900+ |       7 |     418 |      371 |    138 |     6 |    +0.4% |   -1.225 |      -78.2 |     -157.1 |    148 | mst_resp[85]
    1901+ |       7 |     418 |      371 |    138 |     6 |    +0.4% |   -1.225 |      -78.2 |     -157.1 |    148 | mst_resp[85]
    1906+ |       7 |     421 |      371 |    138 |     7 |    +0.4% |   -1.225 |      -77.7 |     -156.8 |    148 | mst_resp[85]
    1907+ |       7 |     421 |      371 |    138 |     7 |    +0.4% |   -1.225 |      -77.7 |     -156.8 |    148 | mst_resp[85]
    1908+ |       7 |     421 |      371 |    138 |     7 |    +0.4% |   -1.225 |      -77.7 |     -156.8 |    148 | mst_resp[85]
    1910+ |       7 |     422 |      371 |    138 |     7 |    +0.4% |   -1.225 |      -77.7 |     -156.8 |    148 | mst_resp[85]
    1911+ |       7 |     423 |      371 |    138 |     7 |    +0.4% |   -1.225 |      -77.7 |     -156.8 |    148 | mst_resp[85]
    1912+ |       7 |     423 |      371 |    138 |     7 |    +0.4% |   -1.225 |      -77.7 |     -156.8 |    148 | mst_resp[85]
    1914+ |       7 |     424 |      371 |    138 |     7 |    +0.4% |   -1.225 |      -77.7 |     -156.7 |    148 | mst_resp[85]
    1915+ |       7 |     424 |      371 |    138 |     7 |    +0.4% |   -1.225 |      -77.7 |     -156.7 |    148 | mst_resp[85]
    1916+ |       7 |     424 |      371 |    138 |     7 |    +0.4% |   -1.225 |      -77.7 |     -156.7 |    148 | mst_resp[85]
    1917+ |       7 |     424 |      371 |    138 |     7 |    +0.4% |   -1.225 |      -77.7 |     -156.7 |    148 | mst_resp[85]
    1918+ |       7 |     424 |      371 |    138 |     7 |    +0.4% |   -1.225 |      -77.7 |     -156.7 |    148 | mst_resp[85]
    1919+ |       7 |     424 |      371 |    138 |     7 |    +0.4% |   -1.225 |      -77.7 |     -156.7 |    148 | mst_resp[85]
    1920+ |       7 |     424 |      371 |    138 |     7 |    +0.4% |   -1.225 |      -77.7 |     -156.7 |    148 | mst_resp[85]
    1920+ |       7 |     424 |      371 |    138 |     7 |    +0.4% |   -1.225 |      -77.7 |     -156.7 |    148 | mst_resp[85]
    1921+ |       7 |     424 |      371 |    138 |     7 |    +0.4% |   -1.225 |      -77.7 |     -156.7 |    148 | mst_resp[85]
    1925+ |       7 |     427 |      371 |    138 |     7 |    +0.4% |   -1.225 |      -77.0 |     -156.4 |    148 | mst_resp[85]
    1929+ |       7 |     430 |      371 |    138 |     7 |    +0.4% |   -1.225 |      -77.0 |     -156.3 |    148 | mst_resp[85]
    1930+ |       7 |     430 |      371 |    138 |     7 |    +0.4% |   -1.225 |      -77.0 |     -156.3 |    148 | mst_resp[85]
    1932+ |       7 |     432 |      371 |    138 |     7 |    +0.4% |   -1.225 |      -76.4 |     -155.9 |    148 | mst_resp[85]
    1934+ |       7 |     433 |      371 |    138 |     7 |    +0.4% |   -1.225 |      -76.4 |     -155.9 |    148 | mst_resp[85]
    1940+ |       7 |     438 |      371 |    138 |     7 |    +0.4% |   -1.225 |      -76.4 |     -155.2 |    148 | mst_resp[85]
    1942+ |       7 |     440 |      371 |    138 |     7 |    +0.4% |   -1.225 |      -76.4 |     -155.1 |    148 | mst_resp[85]
    1944+ |       7 |     441 |      371 |    138 |     7 |    +0.4% |   -1.225 |      -75.0 |     -155.0 |    148 | mst_resp[85]
    1950+ |       7 |     446 |      371 |    138 |     7 |    +0.4% |   -1.225 |      -75.0 |     -154.7 |    148 | mst_resp[85]
    1952+ |       7 |     448 |      371 |    138 |     7 |    +0.4% |   -1.225 |      -75.0 |     -154.6 |    148 | mst_resp[85]
    1953+ |       7 |     448 |      371 |    138 |     7 |    +0.4% |   -1.225 |      -75.0 |     -154.6 |    148 | mst_resp[85]
    1954+ |       7 |     448 |      371 |    138 |     7 |    +0.4% |   -1.225 |      -75.0 |     -154.6 |    148 | mst_resp[85]
    1955+ |       7 |     448 |      371 |    138 |     7 |    +0.4% |   -1.225 |      -75.0 |     -154.6 |    148 | mst_resp[85]
    1956+ |       7 |     448 |      371 |    138 |     7 |    +0.4% |   -1.225 |      -75.0 |     -154.6 |    148 | mst_resp[85]
    1957+ |       7 |     448 |      371 |    138 |     7 |    +0.4% |   -1.225 |      -75.0 |     -154.6 |    148 | mst_resp[85]
    1960+ |       7 |     450 |      371 |    138 |     7 |    +0.4% |   -1.225 |      -75.0 |     -154.1 |    148 | mst_resp[85]
    1961+ |       7 |     451 |      371 |    138 |     7 |    +0.4% |   -1.225 |      -75.0 |     -154.0 |    148 | mst_resp[85]
    1962+ |       7 |     451 |      371 |    138 |     7 |    +0.4% |   -1.225 |      -75.0 |     -154.0 |    148 | mst_resp[85]
    1966+ |       7 |     454 |      371 |    138 |     7 |    +0.4% |   -1.225 |      -75.0 |     -153.9 |    148 | mst_resp[85]
    1967+ |       7 |     454 |      371 |    138 |     7 |    +0.4% |   -1.225 |      -75.0 |     -153.9 |    148 | mst_resp[85]
    1968+ |       7 |     454 |      371 |    138 |     7 |    +0.4% |   -1.225 |      -75.0 |     -153.9 |    148 | mst_resp[85]
    1969+ |       7 |     454 |      371 |    138 |     7 |    +0.4% |   -1.225 |      -75.0 |     -153.9 |    148 | mst_resp[85]
    1970+ |       7 |     454 |      371 |    138 |     7 |    +0.4% |   -1.225 |      -75.0 |     -153.9 |    148 | mst_resp[85]
    1970+ |       7 |     454 |      371 |    138 |     7 |    +0.4% |   -1.225 |      -75.0 |     -153.9 |    148 | mst_resp[85]
    1971+ |       7 |     454 |      371 |    138 |     7 |    +0.4% |   -1.225 |      -75.0 |     -153.9 |    148 | mst_resp[85]
    1972+ |       7 |     454 |      371 |    138 |     7 |    +0.4% |   -1.225 |      -75.0 |     -153.9 |    148 | mst_resp[85]
    1973+ |       7 |     454 |      371 |    138 |     7 |    +0.4% |   -1.225 |      -75.0 |     -153.9 |    148 | mst_resp[85]
    1974+ |       7 |     454 |      371 |    138 |     7 |    +0.4% |   -1.225 |      -75.0 |     -153.9 |    148 | mst_resp[85]
    1980+ |       7 |     459 |      371 |    138 |     7 |    +0.4% |   -1.225 |      -75.0 |     -153.7 |    148 | mst_resp[85]
    1983+ |       7 |     462 |      371 |    138 |     7 |    +0.4% |   -1.225 |      -75.0 |     -153.7 |    148 | mst_resp[85]
    1985+ |       7 |     463 |      371 |    138 |     7 |    +0.4% |   -1.225 |      -75.0 |     -153.6 |    148 | mst_resp[85]
    1990+ |       7 |     467 |      371 |    138 |     7 |    +0.4% |   -1.225 |      -75.0 |     -153.6 |    148 | mst_resp[85]
    1995+ |       7 |     472 |      371 |    138 |     7 |    +0.4% |   -1.225 |      -75.0 |     -153.2 |    148 | mst_resp[85]
    1997+ |       7 |     473 |      371 |    138 |     7 |    +0.4% |   -1.225 |      -75.0 |     -153.2 |    148 | mst_resp[85]
    2000+ |       7 |     475 |      371 |    138 |     7 |    +0.4% |   -1.225 |      -75.0 |     -152.9 |    148 | mst_resp[85]
    2001+ |       7 |     475 |      371 |    138 |     7 |    +0.4% |   -1.225 |      -75.0 |     -152.9 |    148 | mst_resp[85]
    2010+ |       7 |     483 |      371 |    138 |     7 |    +0.4% |   -1.225 |      -75.0 |     -152.5 |    148 | mst_resp[85]
    2010+ |       7 |     483 |      371 |    138 |     7 |    +0.4% |   -1.225 |      -75.0 |     -152.5 |    148 | mst_resp[85]
    2012+ |       7 |     484 |      371 |    138 |     7 |    +0.4% |   -1.225 |      -75.0 |     -152.5 |    148 | mst_resp[85]
    2013+ |       7 |     484 |      371 |    138 |     7 |    +0.4% |   -1.225 |      -75.0 |     -152.5 |    148 | mst_resp[85]
    2014+ |       7 |     484 |      371 |    138 |     7 |    +0.4% |   -1.225 |      -75.0 |     -152.5 |    148 | mst_resp[85]
    2016+ |       7 |     485 |      371 |    138 |     7 |    +0.4% |   -1.225 |      -75.0 |     -152.5 |    148 | mst_resp[85]
    2020+ |       7 |     488 |      371 |    138 |     7 |    +0.4% |   -1.225 |      -75.0 |     -152.0 |    148 | mst_resp[85]
    2020+ |       7 |     488 |      371 |    138 |     7 |    +0.4% |   -1.225 |      -75.0 |     -152.0 |    148 | mst_resp[85]
    2021+ |       7 |     488 |      371 |    138 |     7 |    +0.4% |   -1.225 |      -75.0 |     -152.0 |    148 | mst_resp[85]
    2022+ |       7 |     488 |      371 |    138 |     7 |    +0.4% |   -1.225 |      -75.0 |     -152.0 |    148 | mst_resp[85]
    2023+ |       7 |     488 |      371 |    138 |     7 |    +0.4% |   -1.225 |      -75.0 |     -152.0 |    148 | mst_resp[85]
    2024+ |       7 |     488 |      371 |    138 |     7 |    +0.4% |   -1.225 |      -75.0 |     -152.0 |    148 | mst_resp[85]
    2025+ |       7 |     488 |      371 |    138 |     7 |    +0.4% |   -1.225 |      -75.0 |     -152.0 |    148 | mst_resp[85]
    2026+ |       7 |     488 |      371 |    138 |     7 |    +0.4% |   -1.225 |      -75.0 |     -152.0 |    148 | mst_resp[85]
    2030+ |       7 |     491 |      371 |    138 |     7 |    +0.4% |   -1.225 |      -75.0 |     -152.0 |    148 | mst_resp[85]
    2035+ |       7 |     496 |      371 |    138 |     7 |    +0.4% |   -1.225 |      -75.0 |     -151.8 |    148 | mst_resp[85]
    2036+ |       7 |     496 |      371 |    138 |     7 |    +0.4% |   -1.225 |      -75.0 |     -151.8 |    148 | mst_resp[85]
    2040+ |       7 |     499 |      371 |    138 |     7 |    +0.4% |   -1.225 |      -75.0 |     -151.5 |    148 | mst_resp[85]
    2041+ |       7 |     500 |      371 |    138 |     7 |    +0.4% |   -1.225 |      -75.0 |     -151.4 |    148 | mst_resp[85]
    2042+ |       7 |     500 |      371 |    138 |     7 |    +0.4% |   -1.225 |      -75.0 |     -151.4 |    148 | mst_resp[85]
    2043+ |       7 |     500 |      371 |    138 |     7 |    +0.4% |   -1.225 |      -75.0 |     -151.4 |    148 | mst_resp[85]
    2044+ |       7 |     500 |      371 |    138 |     7 |    +0.4% |   -1.225 |      -75.0 |     -151.4 |    148 | mst_resp[85]
    2046+ |       7 |     501 |      371 |    138 |     7 |    +0.4% |   -1.225 |      -75.0 |     -151.3 |    148 | mst_resp[85]
    2049+ |       7 |     503 |      371 |    138 |     7 |    +0.4% |   -1.225 |      -75.0 |     -151.2 |    148 | mst_resp[85]
    2050+ |       7 |     503 |      371 |    138 |     7 |    +0.4% |   -1.225 |      -75.0 |     -151.2 |    148 | mst_resp[85]
    2050+ |       7 |     503 |      371 |    138 |     7 |    +0.4% |   -1.225 |      -75.0 |     -151.2 |    148 | mst_resp[85]
    2060+ |       7 |     511 |      371 |    138 |     8 |    +0.4% |   -1.225 |      -75.0 |     -150.8 |    148 | mst_resp[85]
    2060+ |       7 |     511 |      371 |    138 |     8 |    +0.4% |   -1.225 |      -75.0 |     -150.8 |    148 | mst_resp[85]
    2061+ |       7 |     511 |      371 |    138 |     8 |    +0.4% |   -1.225 |      -75.0 |     -150.8 |    148 | mst_resp[85]
    2070+ |       7 |     519 |      371 |    138 |     8 |    +0.4% |   -1.225 |      -75.0 |     -150.6 |    148 | mst_resp[85]
    2070+ |       7 |     519 |      371 |    138 |     8 |    +0.4% |   -1.225 |      -75.0 |     -150.6 |    148 | mst_resp[85]
    2071+ |       7 |     519 |      371 |    138 |     8 |    +0.4% |   -1.225 |      -75.0 |     -150.6 |    148 | mst_resp[85]
    2077+ |       7 |     524 |      371 |    138 |     8 |    +0.4% |   -1.225 |      -75.0 |     -150.5 |    148 | mst_resp[85]
    2079+ |       7 |     525 |      371 |    138 |     8 |    +0.4% |   -1.225 |      -75.0 |     -150.4 |    148 | mst_resp[85]
    2080+ |       7 |     525 |      371 |    138 |     8 |    +0.4% |   -1.225 |      -75.0 |     -150.4 |    148 | mst_resp[85]
    2084+ |       7 |     528 |      371 |    138 |     9 |    +0.4% |   -1.225 |      -75.0 |     -150.3 |    148 | mst_resp[85]
    2089+ |       7 |     532 |      371 |    138 |     9 |    +0.4% |   -1.225 |      -75.0 |     -150.1 |    148 | mst_resp[85]
    2090+ |       7 |     532 |      371 |    138 |     9 |    +0.4% |   -1.225 |      -75.0 |     -150.1 |    148 | mst_resp[85]
    2099+ |       7 |     541 |      371 |    138 |    10 |    +0.4% |   -1.225 |      -75.0 |     -149.9 |    148 | mst_resp[85]
    2100+ |       7 |     541 |      371 |    138 |    10 |    +0.4% |   -1.225 |      -75.0 |     -149.9 |    148 | mst_resp[85]
    final |       7 |     541 |      371 |    138 |    10 |    +0.4% |   -1.225 |      -75.0 |     -149.9 |    148 | mst_resp[85]
------------------------------------------------------------------------------------------------------------------------------
[INFO RSZ-0059] Removed 7 buffers.
[INFO RSZ-0045] Inserted 371 buffers, 5 to split loads.
[INFO RSZ-0051] Resized 541 instances: 535 up, 6 up match, 0 down, 0 VT
[INFO RSZ-0043] Swapped pins on 10 instances.
[INFO RSZ-0049] Cloned 138 instances.
[WARNING RSZ-0062] Unable to repair all setup violations.
[INFO RSZ-0505] Runtime: 331.03s
[INFO RSZ-0033] No hold violations found.
[INFO RSZ-0506] Runtime: 1.71s
Took 333 seconds: repair_timing -setup_margin 0 -hold_margin 0 -repair_tns 100 -verbose
global_route -start_incremental
detailed_placement
[INFO DPL-0006] Core area: 15393693.77 um^2
[INFO DPL-0007] Movable instances area: 1834191.64 um^2
[INFO DPL-0008] Fixed instances area within core: 256556.06 um^2
[INFO DPL-0009] Utilization: 13.6%
[INFO DPL-0005] Diamond search max displacement: +/- 500 sites horizontally, +/- 100 rows vertically.
[INFO DPL-1102] Legalizing using negotiation legalizer.
[INFO DPL-1103] Negotiation base search window: +/-20 sites horizontally, +/-5 rows vertically 
	Automatic search window extension enabled.
	Search window extendable up to the max displacement cap of +/-500 sites, +/-100 rows near walls.
[INFO DPL-1104] NegotiationLegalizer DRC penalty: 5.
[INFO DPL-0392] Negotiation cell height distribution (1 unique row-count(s)):
[INFO DPL-0393]   height 1 row(s): 284968 cells
          |      Total |  Illegal |  Illegal
Iteration | Violations |    Cells |    Sites
---------------------------------------------
        0 |         86 |        22 |        64
        1 |          0 |         0 |         0
Negotiation phase 1 converged at iteration 1.
[INFO DPL-0500] Runtime: 1.42s
Placement Analysis
---------------------------------
total displacement       3174.5 u
average displacement        0.0 u
max displacement           18.6 u
original HPWL         4946555.4 u
legalized HPWL        4947955.3 u
delta HPWL                    0 %

check_placement -verbose
global_route -end_incremental -congestion_report_file ./reports/sky130hd/d_nw01_cand_chat_scored/base/congestion_post_repair_timing.rpt
estimate_parasitics -global_routing
global_route -start_incremental
global_route -end_incremental -congestion_report_file ./reports/sky130hd/d_nw01_cand_chat_scored/base/congestion_post_recover_power.rpt
Repair antennas...
[INFO GRT-0012] Found 1070 antenna violations.
[INFO GRT-0302] Inserted 1047 jumpers for 937 nets.
[INFO GRT-0012] Found 163 antenna violations.
[INFO DPL-0006] Core area: 15393693.77 um^2
[INFO DPL-0007] Movable instances area: 1831735.53 um^2
[INFO DPL-0008] Fixed instances area within core: 260959.03 um^2
[INFO DPL-0009] Utilization: 13.6%
[INFO DPL-0005] Diamond search max displacement: +/- 500 sites horizontally, +/- 100 rows vertically.
[INFO DPL-1102] Legalizing using negotiation legalizer.
[INFO DPL-1103] Negotiation base search window: +/-20 sites horizontally, +/-5 rows vertically 
	Automatic search window extension enabled.
	Search window extendable up to the max displacement cap of +/-500 sites, +/-100 rows near walls.
[INFO DPL-1104] NegotiationLegalizer DRC penalty: 5.
[INFO DPL-0392] Negotiation cell height distribution (1 unique row-count(s)):
[INFO DPL-0393]   height 1 row(s): 285746 cells
          |      Total |  Illegal |  Illegal
Iteration | Violations |    Cells |    Sites
---------------------------------------------
        0 |         76 |        14 |        62
        1 |         10 |         2 |         8
        2 |          0 |         0 |         0
Negotiation phase 1 converged at iteration 2.
[INFO DPL-0500] Runtime: 1.54s
[INFO GRT-0015] Inserted 778 diodes.
[INFO GRT-0012] Found 72 antenna violations.
[INFO GRT-0302] Inserted 52 jumpers for 43 nets.
[INFO GRT-0012] Found 31 antenna violations.
[INFO DPL-0006] Core area: 15393693.77 um^2
[INFO DPL-0007] Movable instances area: 1835590.48 um^2
[INFO DPL-0008] Fixed instances area within core: 257587.05 um^2
[INFO DPL-0009] Utilization: 13.6%
[INFO DPL-0005] Diamond search max displacement: +/- 500 sites horizontally, +/- 100 rows vertically.
[INFO DPL-1102] Legalizing using negotiation legalizer.
[INFO DPL-1103] Negotiation base search window: +/-20 sites horizontally, +/-5 rows vertically 
	Automatic search window extension enabled.
	Search window extendable up to the max displacement cap of +/-500 sites, +/-100 rows near walls.
[INFO DPL-1104] NegotiationLegalizer DRC penalty: 5.
[INFO DPL-0392] Negotiation cell height distribution (1 unique row-count(s)):
[INFO DPL-0393]   height 1 row(s): 285939 cells
          |      Total |  Illegal |  Illegal
Iteration | Violations |    Cells |    Sites
---------------------------------------------
        0 |          0 |         0 |         0
Negotiation phase 1 converged at iteration 0.
[INFO DPL-0500] Runtime: 1.23s
[INFO GRT-0015] Inserted 193 diodes.
[INFO GRT-0012] Found 16 antenna violations.
[INFO GRT-0302] Inserted 3 jumpers for 3 nets.
[INFO GRT-0012] Found 13 antenna violations.
[INFO DPL-0006] Core area: 15393693.77 um^2
[INFO DPL-0007] Movable instances area: 1836423.78 um^2
[INFO DPL-0008] Fixed instances area within core: 256933.92 um^2
[INFO DPL-0009] Utilization: 13.6%
[INFO DPL-0005] Diamond search max displacement: +/- 500 sites horizontally, +/- 100 rows vertically.
[INFO DPL-1102] Legalizing using negotiation legalizer.
[INFO DPL-1103] Negotiation base search window: +/-20 sites horizontally, +/-5 rows vertically 
	Automatic search window extension enabled.
	Search window extendable up to the max displacement cap of +/-500 sites, +/-100 rows near walls.
[INFO DPL-1104] NegotiationLegalizer DRC penalty: 5.
[INFO DPL-0392] Negotiation cell height distribution (1 unique row-count(s)):
[INFO DPL-0393]   height 1 row(s): 286011 cells
          |      Total |  Illegal |  Illegal
Iteration | Violations |    Cells |    Sites
---------------------------------------------
        0 |          0 |         0 |         0
Negotiation phase 1 converged at iteration 0.
[INFO DPL-0500] Runtime: 1.32s
[INFO GRT-0015] Inserted 72 diodes.
[INFO GRT-0012] Found 5 antenna violations.
[INFO GRT-0302] Inserted 1 jumpers for 1 nets.
[INFO GRT-0012] Found 4 antenna violations.
[INFO DPL-0006] Core area: 15393693.77 um^2
[INFO DPL-0007] Movable instances area: 1836751.59 um^2
[INFO DPL-0008] Fixed instances area within core: 256691.19 um^2
[INFO DPL-0009] Utilization: 13.6%
[INFO DPL-0005] Diamond search max displacement: +/- 500 sites horizontally, +/- 100 rows vertically.
[INFO DPL-1102] Legalizing using negotiation legalizer.
[INFO DPL-1103] Negotiation base search window: +/-20 sites horizontally, +/-5 rows vertically 
	Automatic search window extension enabled.
	Search window extendable up to the max displacement cap of +/-500 sites, +/-100 rows near walls.
[INFO DPL-1104] NegotiationLegalizer DRC penalty: 5.
[INFO DPL-0392] Negotiation cell height distribution (1 unique row-count(s)):
[INFO DPL-0393]   height 1 row(s): 286045 cells
          |      Total |  Illegal |  Illegal
Iteration | Violations |    Cells |    Sites
---------------------------------------------
        0 |          0 |         0 |         0
Negotiation phase 1 converged at iteration 0.
[INFO DPL-0500] Runtime: 1.28s
[INFO GRT-0015] Inserted 34 diodes.
[INFO GRT-0012] Found 1 antenna violations.
[INFO GRT-0302] Inserted 0 jumpers for 0 nets.
[INFO GRT-0012] Found 1 antenna violations.
[INFO DPL-0006] Core area: 15393693.77 um^2
[INFO DPL-0007] Movable instances area: 1836879.21 um^2
[INFO DPL-0008] Fixed instances area within core: 256591.09 um^2
[INFO DPL-0009] Utilization: 13.6%
[INFO DPL-0005] Diamond search max displacement: +/- 500 sites horizontally, +/- 100 rows vertically.
[INFO DPL-1102] Legalizing using negotiation legalizer.
[INFO DPL-1103] Negotiation base search window: +/-20 sites horizontally, +/-5 rows vertically 
	Automatic search window extension enabled.
	Search window extendable up to the max displacement cap of +/-500 sites, +/-100 rows near walls.
[INFO DPL-1104] NegotiationLegalizer DRC penalty: 5.
[INFO DPL-0392] Negotiation cell height distribution (1 unique row-count(s)):
[INFO DPL-0393]   height 1 row(s): 286056 cells
          |      Total |  Illegal |  Illegal
Iteration | Violations |    Cells |    Sites
---------------------------------------------
        0 |          0 |         0 |         0
Negotiation phase 1 converged at iteration 0.
[INFO DPL-0500] Runtime: 1.20s
[INFO GRT-0015] Inserted 11 diodes.
[INFO ANT-0002] Found 0 net violations.
[INFO ANT-0001] Found 0 pin violations.
Estimate parasitics...
estimate_parasitics -global_routing
Report metrics stage 5, global route...

==========================================================================
global route report_design_area
--------------------------------------------------------------------------
Design area 2093470 um^2 14% utilization.
[INFO FLW-0007] clock core_clock period 7.500000
[WARNING FLW-0010] more than one clock found. Skipping sdc update.
[INFO FLW-0011] Path endpoint path count 84094
write_db ./results/sky130hd/d_nw01_cand_chat_scored/base/5_1_grt.odb
write_sdc -no_timestamp ./results/sky130hd/d_nw01_cand_chat_scored/base/5_1_grt.sdc
Elapsed time: 13:59.31[h:]min:sec. CPU time: user 3663.68 sys 205.25 (460%). Peak memory: 4558724KB.
Log                       Ext     Elapsed/s Peak Memory/MB sha1sum result [0:20)
5_1_grt                   .odb          839           4451 655b7402a64847bff48a
5_1_grt                   .sdc                             3e4371435aea19a3f97c
/OpenROAD-flow-scripts/flow/scripts/flow.sh 5_2_route detail_route
Running detail_route.tcl, stage 5_2_route
read_liberty /OpenROAD-flow-scripts/flow/platforms/sky130hd/lib/sky130_fd_sc_hd__tt_025C_1v80.lib
read_db ./results/sky130hd/d_nw01_cand_chat_scored/base/5_1_grt.odb
read_sdc ./results/sky130hd/d_nw01_cand_chat_scored/base/5_1_grt.sdc
source /OpenROAD-flow-scripts/flow/platforms/sky130hd/setRC.tcl
[WARNING STA-0450] virtual clock vclk_core_clock can not be propagated.
detailed_route -output_drc ./reports/sky130hd/d_nw01_cand_chat_scored/base/5_route_drc.rpt -output_maze ./results/sky130hd/d_nw01_cand_chat_scored/base/maze.log -droute_end_iter 64 -verbose 1 -drc_report_iter_step 5
[INFO DRT-0149] Reading tech and libs.
[WARNING DRT-0349] LEF58_ENCLOSURE with no CUTCLASS is not supported. Skipping for layer mcon
[WARNING DRT-0349] LEF58_ENCLOSURE with no CUTCLASS is not supported. Skipping for layer mcon
[WARNING DRT-0349] LEF58_ENCLOSURE with no CUTCLASS is not supported. Skipping for layer via
[WARNING DRT-0349] LEF58_ENCLOSURE with no CUTCLASS is not supported. Skipping for layer via
[WARNING DRT-0349] LEF58_ENCLOSURE with no CUTCLASS is not supported. Skipping for layer via2
[WARNING DRT-0349] LEF58_ENCLOSURE with no CUTCLASS is not supported. Skipping for layer via2
[WARNING DRT-0349] LEF58_ENCLOSURE with no CUTCLASS is not supported. Skipping for layer via3
[WARNING DRT-0349] LEF58_ENCLOSURE with no CUTCLASS is not supported. Skipping for layer via3
[WARNING DRT-0349] LEF58_ENCLOSURE with no CUTCLASS is not supported. Skipping for layer via4
[WARNING DRT-0349] LEF58_ENCLOSURE with no CUTCLASS is not supported. Skipping for layer via4

Units:                1000
Number of layers:     13
Number of macros:     441
Number of vias:       29
Number of viarulegen: 25

[INFO DRT-0150] Reading design.

Design:                   axi4_xbar
Die area:                 ( 0 0 ) ( 3927110 3927110 )
Number of track patterns: 12
Number of DEF vias:       0
Number of components:     286056
Number of terminals:      1358
Number of snets:          2
Number of nets:           77996

[INFO DRT-0167] List of default vias:
  Layer via
    default via: M1M2_PR
  Layer via2
    default via: M2M3_PR
  Layer via3
    default via: M3M4_PR
  Layer via4
    default via: M4M5_PR
[INFO DRT-0162] Library cell analysis.
[INFO DRT-0163] Instance analysis.
  Complete 100000 instances.
  Complete 200000 instances.
[INFO DRT-0164] Number of unique instances = 268.
[INFO DRT-0168] Init region query.
[INFO DRT-0018]   Complete 100000 insts.
[INFO DRT-0018]   Complete 200000 insts.
[INFO DRT-0024]   Complete FR_MASTERSLICE.
[INFO DRT-0024]   Complete Fr_VIA.
[INFO DRT-0024]   Complete li1.
[INFO DRT-0024]   Complete mcon.
[INFO DRT-0024]   Complete met1.
[INFO DRT-0024]   Complete via.
[INFO DRT-0024]   Complete met2.
[INFO DRT-0024]   Complete via2.
[INFO DRT-0024]   Complete met3.
[INFO DRT-0024]   Complete via3.
[INFO DRT-0024]   Complete met4.
[INFO DRT-0024]   Complete via4.
[INFO DRT-0024]   Complete met5.
[INFO DRT-0033] FR_MASTERSLICE shape region query size = 0.
[INFO DRT-0033] FR_VIA shape region query size = 0.
[INFO DRT-0033] li1 shape region query size = 5470299.
[INFO DRT-0033] mcon shape region query size = 3855944.
[INFO DRT-0033] met1 shape region query size = 1538359.
[INFO DRT-0033] via shape region query size = 1042570.
[INFO DRT-0033] met2 shape region query size = 626622.
[INFO DRT-0033] via2 shape region query size = 834056.
[INFO DRT-0033] met3 shape region query size = 625818.
[INFO DRT-0033] via3 shape region query size = 834056.
[INFO DRT-0033] met4 shape region query size = 250419.
[INFO DRT-0033] via4 shape region query size = 41616.
[INFO DRT-0033] met5 shape region query size = 42192.
[INFO DRT-0165] Start pin access.
[INFO DRT-0076]   Complete 1000 pins.
[INFO DRT-0076]   Complete 2000 pins.
[INFO DRT-0078]   Complete 2117 pins.
[INFO DRT-0079]   Complete 100 unique inst patterns.
[INFO DRT-0079]   Complete 200 unique inst patterns.
[INFO DRT-0081]   Complete 268 unique inst patterns.
[INFO DRT-0082]   Complete 10000 groups.
[INFO DRT-0082]   Complete 20000 groups.
[INFO DRT-0082]   Complete 30000 groups.
[INFO DRT-0082]   Complete 40000 groups.
[INFO DRT-0082]   Complete 50000 groups.
[INFO DRT-0082]   Complete 60000 groups.
[INFO DRT-0084]   Complete 67130 groups.
#scanned instances     = 286056
#unique  instances     = 268
#stdCellGenAp          = 8679
#stdCellValidPlanarAp  = 139
#stdCellValidViaAp     = 6106
#stdCellPinNoAp        = 7
#stdCellPinCnt         = 313235
#instTermValidViaApCnt = 0
#macroGenAp            = 0
#macroValidPlanarAp    = 0
#macroValidViaAp       = 0
#macroNoAp             = 0
[INFO DRT-0166] Complete pin access.
[INFO DRT-0267] cpu time = 00:23:04, elapsed time = 00:02:40, memory = 2446.15 (MB), peak = 2555.77 (MB)
[INFO DRT-0156] guideIn read 100000 guides.
[INFO DRT-0156] guideIn read 200000 guides.
[INFO DRT-0156] guideIn read 300000 guides.
[INFO DRT-0156] guideIn read 400000 guides.
[INFO DRT-0156] guideIn read 500000 guides.
[INFO DRT-0156] guideIn read 600000 guides.
[INFO DRT-0156] guideIn read 700000 guides.
[INFO DRT-0156] guideIn read 800000 guides.
[INFO DRT-0156] guideIn read 900000 guides.

[INFO DRT-0157] Number of guides:     906089

[INFO DRT-0169] Post process guides.
[INFO DRT-0176] GCELLGRID X 0 DO 569 STEP 6900 ;
[INFO DRT-0177] GCELLGRID Y 0 DO 569 STEP 6900 ;
[INFO DRT-0026]   Complete 100000 origin guides.
[INFO DRT-0026]   Complete 200000 origin guides.
[INFO DRT-0026]   Complete 300000 origin guides.
[INFO DRT-0026]   Complete 400000 origin guides.
[INFO DRT-0026]   Complete 500000 origin guides.
[INFO DRT-0026]   Complete 600000 origin guides.
[INFO DRT-0026]   Complete 700000 origin guides.
[INFO DRT-0026]   Complete 800000 origin guides.
[INFO DRT-0026]   Complete 900000 origin guides.
[INFO DRT-0028]   Complete FR_MASTERSLICE.
[INFO DRT-0028]   Complete Fr_VIA.
[INFO DRT-0028]   Complete li1.
[INFO DRT-0028]   Complete mcon.
[INFO DRT-0028]   Complete met1.
[INFO DRT-0028]   Complete via.
[INFO DRT-0028]   Complete met2.
[INFO DRT-0028]   Complete via2.
[INFO DRT-0028]   Complete met3.
[INFO DRT-0028]   Complete via3.
[INFO DRT-0028]   Complete met4.
[INFO DRT-0028]   Complete via4.
[INFO DRT-0028]   Complete met5.
[INFO DRT-0178] Init guide query.
[INFO DRT-0035]   Complete FR_MASTERSLICE (guide).
[INFO DRT-0035]   Complete Fr_VIA (guide).
[INFO DRT-0035]   Complete li1 (guide).
[INFO DRT-0035]   Complete mcon (guide).
[INFO DRT-0035]   Complete met1 (guide).
[INFO DRT-0035]   Complete via (guide).
[INFO DRT-0035]   Complete met2 (guide).
[INFO DRT-0035]   Complete via2 (guide).
[INFO DRT-0035]   Complete met3 (guide).
[INFO DRT-0035]   Complete via3 (guide).
[INFO DRT-0035]   Complete met4 (guide).
[INFO DRT-0035]   Complete via4 (guide).
[INFO DRT-0035]   Complete met5 (guide).
[INFO DRT-0036] FR_MASTERSLICE guide region query size = 0.
[INFO DRT-0036] FR_VIA guide region query size = 0.
[INFO DRT-0036] li1 guide region query size = 267078.
[INFO DRT-0036] mcon guide region query size = 0.
[INFO DRT-0036] met1 guide region query size = 268602.
[INFO DRT-0036] via guide region query size = 0.
[INFO DRT-0036] met2 guide region query size = 164578.
[INFO DRT-0036] via2 guide region query size = 0.
[INFO DRT-0036] met3 guide region query size = 25576.
[INFO DRT-0036] via3 guide region query size = 0.
[INFO DRT-0036] met4 guide region query size = 6457.
[INFO DRT-0036] via4 guide region query size = 0.
[INFO DRT-0036] met5 guide region query size = 456.
[INFO DRT-0179] Init gr pin query.
[INFO DRT-0267] cpu time = 00:00:05, elapsed time = 00:00:02, memory = 2747.10 (MB), peak = 2746.08 (MB)
[INFO DRT-0245] skipped writing guide updates to database.
[INFO DRT-0181] Start track assignment.
[INFO DRT-0184] Done with 438113 vertical wires in 12 frboxes and 294634 horizontal wires in 12 frboxes.
[INFO DRT-0186] Done with 43377 vertical wires in 12 frboxes and 73921 horizontal wires in 12 frboxes.
[INFO DRT-0182] Complete track assignment.
[INFO DRT-0267] cpu time = 00:01:36, elapsed time = 00:00:29, memory = 4108.61 (MB), peak = 4587.55 (MB)
[INFO DRT-0187] Start routing data preparation.
[INFO DRT-0267] cpu time = 00:00:00, elapsed time = 00:00:00, memory = 4108.62 (MB), peak = 4587.55 (MB)
[INFO DRT-0194] Start detail routing.
[INFO DRT-0195] Start 0th optimization iteration.
    Completing 10% with 0 violations.
    elapsed time = 00:00:38, memory = 5167.01 (MB).
    Completing 20% with 6593 violations.
    elapsed time = 00:01:40, memory = 6404.59 (MB).
    Completing 30% with 11567 violations.
    elapsed time = 00:02:09, memory = 6414.69 (MB).
    Completing 40% with 11567 violations.
    elapsed time = 00:03:03, memory = 6583.98 (MB).
    Completing 50% with 18155 violations.
    elapsed time = 00:04:07, memory = 6732.48 (MB).
    Completing 60% with 22638 violations.
    elapsed time = 00:04:52, memory = 6706.25 (MB).
    Completing 70% with 29101 violations.
    elapsed time = 00:06:05, memory = 6966.88 (MB).
    Completing 80% with 32941 violations.
    elapsed time = 00:06:35, memory = 6929.05 (MB).
    Completing 90% with 32941 violations.
    elapsed time = 00:07:37, memory = 7164.03 (MB).
    Completing 100% with 42671 violations.
    elapsed time = 00:08:41, memory = 7242.39 (MB).
[INFO DRT-0199]   Number of violations = 54619.
Viol/Layer         li1   mcon   met1    via   met2   via2   met3   via3   met4   via4   met5
Cut Spacing          0    129      0      7      0      7      0      0      0      6      0
Metal Spacing        0      0  13143      0   2674      0    549      0     67      0      1
Min Hole             0      0     91      0      1      0      0      0      0      0      0
Recheck            135      0   7255      0   3923      0    501      0    112      0     22
Short                0      5  20022     35   4956      9    785      5    122      8     49
[INFO DRT-0267] cpu time = 01:13:19, elapsed time = 00:08:44, memory = 7244.76 (MB), peak = 7273.34 (MB)
Total wire length = 6220597 um.
Total wire length on LAYER li1 = 0 um.
Total wire length on LAYER met1 = 1906649 um.
Total wire length on LAYER met2 = 2783516 um.
Total wire length on LAYER met3 = 1203429 um.
Total wire length on LAYER met4 = 315231 um.
Total wire length on LAYER met5 = 11770 um.
Total number of vias = 762650.
Up-via summary (total 762650):

-------------------------
 FR_MASTERSLICE         0
            li1    305061
           met1    407207
           met2     40359
           met3      9263
           met4       760
-------------------------
               762650


[INFO DRT-0195] Start 1st optimization iteration.
    Completing 10% with 54619 violations.
    elapsed time = 00:00:38, memory = 7244.84 (MB).
    Completing 20% with 49525 violations.
    elapsed time = 00:01:44, memory = 7279.04 (MB).
    Completing 30% with 45085 violations.
    elapsed time = 00:02:14, memory = 7279.04 (MB).
    Completing 40% with 45085 violations.
    elapsed time = 00:03:08, memory = 7283.77 (MB).
    Completing 50% with 39770 violations.
    elapsed time = 00:04:11, memory = 7316.55 (MB).
    Completing 60% with 35755 violations.
    elapsed time = 00:04:54, memory = 7318.64 (MB).
    Completing 70% with 30042 violations.
    elapsed time = 00:05:59, memory = 7373.54 (MB).
    Completing 80% with 25704 violations.
    elapsed time = 00:06:30, memory = 7374.53 (MB).
    Completing 90% with 25704 violations.
    elapsed time = 00:07:27, memory = 7419.11 (MB).
    Completing 100% with 15323 violations.
    elapsed time = 00:08:27, memory = 7285.96 (MB).
[INFO DRT-0199]   Number of violations = 15323.
Viol/Layer        mcon   met1   met2   met3   met4   met5
Cut Spacing          7      0      0      0      0      0
Metal Spacing        0   5124    596    209      8      0
Min Hole             0      1      1      0      0      0
Recheck              0      2      2      0      0      0
Short                0   7993   1252    119      8      1
[INFO DRT-0267] cpu time = 01:11:22, elapsed time = 00:08:30, memory = 7285.96 (MB), peak = 7420.34 (MB)
Total wire length = 6186556 um.
Total wire length on LAYER li1 = 0 um.
Total wire length on LAYER met1 = 1895846 um.
Total wire length on LAYER met2 = 2766697 um.
Total wire length on LAYER met3 = 1199750 um.
Total wire length on LAYER met4 = 312789 um.
Total wire length on LAYER met5 = 11472 um.
Total number of vias = 751727.
Up-via summary (total 751727):

-------------------------
 FR_MASTERSLICE         0
            li1    305139
           met1    397103
           met2     39924
           met3      8879
           met4       682
-------------------------
               751727


[INFO DRT-0195] Start 2nd optimization iteration.
    Completing 10% with 15323 violations.
    elapsed time = 00:00:33, memory = 7285.96 (MB).
    Completing 20% with 15174 violations.
    elapsed time = 00:01:26, memory = 7285.96 (MB).
    Completing 30% with 14902 violations.
    elapsed time = 00:01:51, memory = 7285.96 (MB).
    Completing 40% with 14902 violations.
    elapsed time = 00:02:35, memory = 7285.98 (MB).
    Completing 50% with 14640 violations.
    elapsed time = 00:03:38, memory = 7286.35 (MB).
    Completing 60% with 14272 violations.
    elapsed time = 00:04:17, memory = 7286.37 (MB).
    Completing 70% with 13849 violations.
    elapsed time = 00:05:17, memory = 7286.37 (MB).
    Completing 80% with 13553 violations.
    elapsed time = 00:05:43, memory = 7286.37 (MB).
    Completing 90% with 13553 violations.
    elapsed time = 00:06:31, memory = 7286.37 (MB).
    Completing 100% with 12667 violations.
    elapsed time = 00:07:24, memory = 7286.37 (MB).
[INFO DRT-0199]   Number of violations = 12667.
Viol/Layer        mcon   met1   met2   met3   met4
Cut Spacing          4      0      0      0      0
Metal Spacing        0   4083    531    175      7
Min Hole             0      4      0      0      0
Recheck              0      2      0      0      0
Short                0   6636   1082    137      6
[INFO DRT-0267] cpu time = 01:02:19, elapsed time = 00:07:27, memory = 7224.36 (MB), peak = 7420.34 (MB)
Total wire length = 6177343 um.
Total wire length on LAYER li1 = 0 um.
Total wire length on LAYER met1 = 1892167 um.
Total wire length on LAYER met2 = 2762788 um.
Total wire length on LAYER met3 = 1198999 um.
Total wire length on LAYER met4 = 311885 um.
Total wire length on LAYER met5 = 11502 um.
Total number of vias = 748408.
Up-via summary (total 748408):

-------------------------
 FR_MASTERSLICE         0
            li1    305171
           met1    394229
           met2     39631
           met3      8695
           met4       682
-------------------------
               748408


[INFO DRT-0195] Start 3rd optimization iteration.
    Completing 10% with 12667 violations.
    elapsed time = 00:00:18, memory = 7224.37 (MB).
    Completing 20% with 10724 violations.
    elapsed time = 00:00:57, memory = 7224.37 (MB).
    Completing 30% with 9495 violations.
    elapsed time = 00:01:15, memory = 7224.37 (MB).
    Completing 40% with 9495 violations.
    elapsed time = 00:01:43, memory = 7257.07 (MB).
    Completing 50% with 7645 violations.
    elapsed time = 00:02:14, memory = 7225.45 (MB).
    Completing 60% with 6564 violations.
    elapsed time = 00:02:33, memory = 7226.79 (MB).
    Completing 70% with 4554 violations.
    elapsed time = 00:03:14, memory = 7256.29 (MB).
    Completing 80% with 3623 violations.
    elapsed time = 00:03:29, memory = 7256.36 (MB).
    Completing 90% with 3623 violations.
    elapsed time = 00:03:55, memory = 7256.36 (MB).
    Completing 100% with 772 violations.
    elapsed time = 00:04:26, memory = 7256.37 (MB).
[INFO DRT-0199]   Number of violations = 772.
Viol/Layer        met1   met2   via2   met3
Cut Spacing          0      0      6      0
Metal Spacing      179     83      0     20
Short              409     65      0     10
[INFO DRT-0267] cpu time = 00:34:51, elapsed time = 00:04:27, memory = 7193.34 (MB), peak = 7420.34 (MB)
Total wire length = 6177164 um.
Total wire length on LAYER li1 = 0 um.
Total wire length on LAYER met1 = 1873195 um.
Total wire length on LAYER met2 = 2763743 um.
Total wire length on LAYER met3 = 1215417 um.
Total wire length on LAYER met4 = 313250 um.
Total wire length on LAYER met5 = 11557 um.
Total number of vias = 754969.
Up-via summary (total 754969):

-------------------------
 FR_MASTERSLICE         0
            li1    305176
           met1    397223
           met2     43057
           met3      8839
           met4       674
-------------------------
               754969


[INFO DRT-0195] Start 4th optimization iteration.
    Completing 10% with 772 violations.
    elapsed time = 00:00:00, memory = 7193.34 (MB).
    Completing 20% with 668 violations.
    elapsed time = 00:00:02, memory = 7193.34 (MB).
    Completing 30% with 606 violations.
    elapsed time = 00:00:04, memory = 7193.34 (MB).
    Completing 40% with 606 violations.
    elapsed time = 00:00:05, memory = 7193.34 (MB).
    Completing 50% with 522 violations.
    elapsed time = 00:00:08, memory = 7193.34 (MB).
    Completing 60% with 468 violations.
    elapsed time = 00:00:08, memory = 7193.34 (MB).
    Completing 70% with 329 violations.
    elapsed time = 00:00:17, memory = 7193.34 (MB).
    Completing 80% with 250 violations.
    elapsed time = 00:00:19, memory = 7193.34 (MB).
    Completing 90% with 250 violations.
    elapsed time = 00:00:20, memory = 7193.34 (MB).
    Completing 100% with 61 violations.
    elapsed time = 00:00:24, memory = 7193.34 (MB).
[INFO DRT-0199]   Number of violations = 61.
Viol/Layer        met1   met2
Metal Spacing       19      9
Short               22     11
[INFO DRT-0267] cpu time = 00:02:13, elapsed time = 00:00:24, memory = 7193.34 (MB), peak = 7420.34 (MB)
Total wire length = 6177212 um.
Total wire length on LAYER li1 = 0 um.
Total wire length on LAYER met1 = 1872553 um.
Total wire length on LAYER met2 = 2763811 um.
Total wire length on LAYER met3 = 1215983 um.
Total wire length on LAYER met4 = 313337 um.
Total wire length on LAYER met5 = 11526 um.
Total number of vias = 755131.
Up-via summary (total 755131):

-------------------------
 FR_MASTERSLICE         0
            li1    305175
           met1    397287
           met2     43143
           met3      8856
           met4       670
-------------------------
               755131


[INFO DRT-0195] Start 5th guides tiles iteration.
    Completing 10% with 61 violations.
    elapsed time = 00:00:00, memory = 7193.34 (MB).
    Completing 20% with 61 violations.
    elapsed time = 00:00:05, memory = 7193.34 (MB).
    Completing 30% with 18 violations.
    elapsed time = 00:00:05, memory = 7193.34 (MB).
    Completing 40% with 18 violations.
    elapsed time = 00:00:05, memory = 7193.34 (MB).
    Completing 50% with 18 violations.
    elapsed time = 00:00:05, memory = 7193.34 (MB).
    Completing 60% with 18 violations.
    elapsed time = 00:00:05, memory = 7193.34 (MB).
    Completing 70% with 18 violations.
    elapsed time = 00:00:05, memory = 7193.34 (MB).
    Completing 80% with 18 violations.
    elapsed time = 00:00:05, memory = 7193.34 (MB).
    Completing 90% with 15 violations.
    elapsed time = 00:00:05, memory = 7193.34 (MB).
    Completing 100% with 15 violations.
    elapsed time = 00:00:05, memory = 7193.35 (MB).
[INFO DRT-0199]   Number of violations = 15.
Viol/Layer        met1   met2
Metal Spacing        3      2
Short                6      4
[INFO DRT-0267] cpu time = 00:00:05, elapsed time = 00:00:05, memory = 7193.55 (MB), peak = 7420.34 (MB)
Total wire length = 6177179 um.
Total wire length on LAYER li1 = 0 um.
Total wire length on LAYER met1 = 1872468 um.
Total wire length on LAYER met2 = 2763789 um.
Total wire length on LAYER met3 = 1216034 um.
Total wire length on LAYER met4 = 313360 um.
Total wire length on LAYER met5 = 11526 um.
Total number of vias = 755120.
Up-via summary (total 755120):

-------------------------
 FR_MASTERSLICE         0
            li1    305175
           met1    397271
           met2     43144
           met3      8860
           met4       670
-------------------------
               755120


[INFO DRT-0195] Start 6th guides tiles iteration.
    Completing 20% with 15 violations.
    elapsed time = 00:00:00, memory = 7193.56 (MB).
    Completing 50% with 15 violations.
    elapsed time = 00:00:00, memory = 7193.56 (MB).
    Completing 70% with 0 violations.
    elapsed time = 00:00:00, memory = 7193.56 (MB).
    Completing 100% with 0 violations.
    elapsed time = 00:00:00, memory = 7193.56 (MB).
[INFO DRT-0199]   Number of violations = 0.
[INFO DRT-0267] cpu time = 00:00:00, elapsed time = 00:00:00, memory = 7193.56 (MB), peak = 7420.34 (MB)
Total wire length = 6177175 um.
Total wire length on LAYER li1 = 0 um.
Total wire length on LAYER met1 = 1872443 um.
Total wire length on LAYER met2 = 2763790 um.
Total wire length on LAYER met3 = 1216055 um.
Total wire length on LAYER met4 = 313360 um.
Total wire length on LAYER met5 = 11526 um.
Total number of vias = 755124.
Up-via summary (total 755124):

-------------------------
 FR_MASTERSLICE         0
            li1    305175
           met1    397273
           met2     43146
           met3      8860
           met4       670
-------------------------
               755124


[INFO DRT-0198] Complete detail routing.
Total wire length = 6177175 um.
Total wire length on LAYER li1 = 0 um.
Total wire length on LAYER met1 = 1872443 um.
Total wire length on LAYER met2 = 2763790 um.
Total wire length on LAYER met3 = 1216055 um.
Total wire length on LAYER met4 = 313360 um.
Total wire length on LAYER met5 = 11526 um.
Total number of vias = 755124.
Up-via summary (total 755124):

-------------------------
 FR_MASTERSLICE         0
            li1    305175
           met1    397273
           met2     43146
           met3      8860
           met4       670
-------------------------
               755124


[INFO DRT-0267] cpu time = 04:04:14, elapsed time = 00:29:42, memory = 7193.56 (MB), peak = 7420.34 (MB)

[INFO DRT-0180] Post processing.
[INFO DRT-0501] Runtime: 1980.50s
Took 1980 seconds: detailed_route -output_drc ./reports/sky130hd/d_nw01_cand_chat_scored/base/5_route_drc.rpt -output_maze ./results/sky130hd/d_nw01_cand_chat_scored/base/maze.log -droute_end_iter 64 -verbose 1 -drc_report_iter_step 5
[INFO GRT-0012] Found 181 antenna violations.
[WARNING GRT-0243] Unable to repair antennas on net with diodes.
[INFO DPL-0006] Core area: 15393693.77 um^2
[INFO DPL-0007] Movable instances area: 45.04 um^2
[INFO DPL-0008] Fixed instances area within core: 2094979.25 um^2
[INFO DPL-0009] Utilization: 13.6%
[INFO DPL-0005] Diamond search max displacement: +/- 500 sites horizontally, +/- 100 rows vertically.
[INFO DPL-1102] Legalizing using negotiation legalizer.
[INFO DPL-1103] Negotiation base search window: +/-20 sites horizontally, +/-5 rows vertically 
	Automatic search window extension enabled.
	Search window extendable up to the max displacement cap of +/-500 sites, +/-100 rows near walls.
[INFO DPL-1104] NegotiationLegalizer DRC penalty: 5.
[INFO DPL-0392] Negotiation cell height distribution (1 unique row-count(s)):
[INFO DPL-0393]   height 1 row(s): 286677 cells
          |      Total |  Illegal |  Illegal
Iteration | Violations |    Cells |    Sites
---------------------------------------------
        0 |          0 |         0 |         0
Negotiation phase 1 converged at iteration 0.
[INFO DPL-0500] Runtime: 1.28s
[INFO GRT-0015] Inserted 621 diodes.
[INFO DRT-0018]   Complete 100000 insts.
[INFO DRT-0018]   Complete 200000 insts.
[INFO DRT-0024]   Complete FR_MASTERSLICE.
[INFO DRT-0024]   Complete Fr_VIA.
[INFO DRT-0024]   Complete li1.
[INFO DRT-0024]   Complete mcon.
[INFO DRT-0024]   Complete met1.
[INFO DRT-0024]   Complete via.
[INFO DRT-0024]   Complete met2.
[INFO DRT-0024]   Complete via2.
[INFO DRT-0024]   Complete met3.
[INFO DRT-0024]   Complete via3.
[INFO DRT-0024]   Complete met4.
[INFO DRT-0024]   Complete via4.
[INFO DRT-0024]   Complete met5.
[INFO DRT-0165] Start pin access.
[INFO DRT-0076]   Complete 1000 pins.
[INFO DRT-0076]   Complete 2000 pins.
[INFO DRT-0078]   Complete 2117 pins.
[INFO DRT-0079]   Complete 100 unique inst patterns.
[INFO DRT-0079]   Complete 200 unique inst patterns.
[INFO DRT-0081]   Complete 268 unique inst patterns.
[INFO DRT-0082]   Complete 10000 groups.
[INFO DRT-0082]   Complete 20000 groups.
[INFO DRT-0082]   Complete 30000 groups.
[INFO DRT-0082]   Complete 40000 groups.
[INFO DRT-0082]   Complete 50000 groups.
[INFO DRT-0082]   Complete 60000 groups.
[INFO DRT-0084]   Complete 67306 groups.
#scanned instances     = 286677
#unique  instances     = 268
#stdCellGenAp          = 8679
#stdCellValidPlanarAp  = 139
#stdCellValidViaAp     = 6106
#stdCellPinNoAp        = 7
#stdCellPinCnt         = 313235
#instTermValidViaApCnt = 0
#macroGenAp            = 0
#macroValidPlanarAp    = 0
#macroValidViaAp       = 0
#macroNoAp             = 0
[INFO DRT-0166] Complete pin access.
[INFO DRT-0267] cpu time = 00:23:11, elapsed time = 00:02:41, memory = 7022.01 (MB), peak = 7486.87 (MB)
[INFO DRT-0156] guideIn read 100000 guides.
[INFO DRT-0156] guideIn read 200000 guides.
[INFO DRT-0156] guideIn read 300000 guides.
[INFO DRT-0156] guideIn read 400000 guides.
[INFO DRT-0156] guideIn read 500000 guides.
[INFO DRT-0156] guideIn read 600000 guides.
[INFO DRT-0156] guideIn read 700000 guides.
[INFO DRT-0156] guideIn read 800000 guides.
[INFO DRT-0156] guideIn read 900000 guides.

[INFO DRT-0157] Number of guides:     905543

[INFO DRT-0169] Post process guides.
[INFO DRT-0176] GCELLGRID X 0 DO 569 STEP 6900 ;
[INFO DRT-0177] GCELLGRID Y 0 DO 569 STEP 6900 ;
[INFO DRT-0026]   Complete 100000 origin guides.
[INFO DRT-0026]   Complete 200000 origin guides.
[INFO DRT-0026]   Complete 300000 origin guides.
[INFO DRT-0026]   Complete 400000 origin guides.
[INFO DRT-0026]   Complete 500000 origin guides.
[INFO DRT-0026]   Complete 600000 origin guides.
[INFO DRT-0026]   Complete 700000 origin guides.
[INFO DRT-0026]   Complete 800000 origin guides.
[INFO DRT-0026]   Complete 900000 origin guides.
[INFO DRT-0028]   Complete FR_MASTERSLICE.
[INFO DRT-0028]   Complete Fr_VIA.
[INFO DRT-0028]   Complete li1.
[INFO DRT-0028]   Complete mcon.
[INFO DRT-0028]   Complete met1.
[INFO DRT-0028]   Complete via.
[INFO DRT-0028]   Complete met2.
[INFO DRT-0028]   Complete via2.
[INFO DRT-0028]   Complete met3.
[INFO DRT-0028]   Complete via3.
[INFO DRT-0028]   Complete met4.
[INFO DRT-0028]   Complete via4.
[INFO DRT-0028]   Complete met5.
[INFO DRT-0178] Init guide query.
[INFO DRT-0035]   Complete FR_MASTERSLICE (guide).
[INFO DRT-0035]   Complete Fr_VIA (guide).
[INFO DRT-0035]   Complete li1 (guide).
[INFO DRT-0035]   Complete mcon (guide).
[INFO DRT-0035]   Complete met1 (guide).
[INFO DRT-0035]   Complete via (guide).
[INFO DRT-0035]   Complete met2 (guide).
[INFO DRT-0035]   Complete via2 (guide).
[INFO DRT-0035]   Complete met3 (guide).
[INFO DRT-0035]   Complete via3 (guide).
[INFO DRT-0035]   Complete met4 (guide).
[INFO DRT-0035]   Complete via4 (guide).
[INFO DRT-0035]   Complete met5 (guide).
[INFO DRT-0036] FR_MASTERSLICE guide region query size = 0.
[INFO DRT-0036] FR_VIA guide region query size = 0.
[INFO DRT-0036] li1 guide region query size = 267293.
[INFO DRT-0036] mcon guide region query size = 0.
[INFO DRT-0036] met1 guide region query size = 268762.
[INFO DRT-0036] via guide region query size = 0.
[INFO DRT-0036] met2 guide region query size = 164548.
[INFO DRT-0036] via2 guide region query size = 0.
[INFO DRT-0036] met3 guide region query size = 25347.
[INFO DRT-0036] via3 guide region query size = 0.
[INFO DRT-0036] met4 guide region query size = 6217.
[INFO DRT-0036] via4 guide region query size = 0.
[INFO DRT-0036] met5 guide region query size = 362.
[INFO DRT-0179] Init gr pin query.
[INFO DRT-0267] cpu time = 00:00:04, elapsed time = 00:00:01, memory = 7048.05 (MB), peak = 7486.87 (MB)
[INFO DRT-0245] skipped writing guide updates to database.
[INFO DRT-0181] Start track assignment.
[INFO DRT-0184] Done with 438058 vertical wires in 12 frboxes and 294471 horizontal wires in 12 frboxes.
[INFO DRT-0186] Done with 43257 vertical wires in 12 frboxes and 73929 horizontal wires in 12 frboxes.
[INFO DRT-0182] Complete track assignment.
[INFO DRT-0267] cpu time = 00:01:26, elapsed time = 00:00:22, memory = 7199.12 (MB), peak = 7486.87 (MB)
[INFO DRT-0187] Start routing data preparation.
[INFO DRT-0267] cpu time = 00:00:00, elapsed time = 00:00:00, memory = 7223.52 (MB), peak = 7486.87 (MB)
[INFO DRT-0194] Start detail routing.
[INFO DRT-0195] Start 0th optimization iteration.
    Completing 10% with 0 violations.
    elapsed time = 00:00:13, memory = 7455.16 (MB).
    Completing 20% with 786 violations.
    elapsed time = 00:00:36, memory = 8007.82 (MB).
    Completing 30% with 1537 violations.
    elapsed time = 00:00:48, memory = 8004.39 (MB).
    Completing 40% with 1537 violations.
    elapsed time = 00:01:06, memory = 8119.74 (MB).
    Completing 50% with 2125 violations.
    elapsed time = 00:01:28, memory = 8169.41 (MB).
    Completing 60% with 2620 violations.
    elapsed time = 00:01:44, memory = 8169.41 (MB).
    Completing 70% with 3466 violations.
    elapsed time = 00:02:08, memory = 8220.16 (MB).
    Completing 80% with 3970 violations.
    elapsed time = 00:02:19, memory = 8177.41 (MB).
    Completing 90% with 3970 violations.
    elapsed time = 00:02:37, memory = 8318.82 (MB).
    Completing 100% with 4840 violations.
    elapsed time = 00:03:01, memory = 8414.16 (MB).
[INFO DRT-0199]   Number of violations = 6047.
Viol/Layer         li1   mcon   met1    via   met2   met3   via3   met4   via4   met5
Cut Spacing          0      4      0      0      0      0      0      0      0      0
Metal Spacing        0      0    510      0    253    121      0      7      0      0
Min Hole             0      0      4      0      0      0      0      0      0      0
Recheck              4      0    309      0    599    228      0     63      0      4
Short                0      1   1554      5   1775    506      1     91      2      6
[INFO DRT-0267] cpu time = 00:24:02, elapsed time = 00:03:01, memory = 8414.16 (MB), peak = 8434.53 (MB)
Total wire length = 6180270 um.
Total wire length on LAYER li1 = 0 um.
Total wire length on LAYER met1 = 1884294 um.
Total wire length on LAYER met2 = 2766577 um.
Total wire length on LAYER met3 = 1206409 um.
Total wire length on LAYER met4 = 311568 um.
Total wire length on LAYER met5 = 11419 um.
Total number of vias = 756329.
Up-via summary (total 756329):

-------------------------
 FR_MASTERSLICE         0
            li1    305913
           met1    398124
           met2     42853
           met3      8769
           met4       670
-------------------------
               756329


[INFO DRT-0195] Start 1st optimization iteration.
    Completing 10% with 6047 violations.
    elapsed time = 00:00:13, memory = 8414.16 (MB).
    Completing 20% with 5548 violations.
    elapsed time = 00:00:34, memory = 8426.31 (MB).
    Completing 30% with 4974 violations.
    elapsed time = 00:00:45, memory = 8426.31 (MB).
    Completing 40% with 4974 violations.
    elapsed time = 00:01:02, memory = 8426.31 (MB).
    Completing 50% with 4243 violations.
    elapsed time = 00:01:24, memory = 8459.47 (MB).
    Completing 60% with 3661 violations.
    elapsed time = 00:01:39, memory = 8459.47 (MB).
    Completing 70% with 3026 violations.
    elapsed time = 00:02:01, memory = 8460.96 (MB).
    Completing 80% with 2548 violations.
    elapsed time = 00:02:11, memory = 8460.96 (MB).
    Completing 90% with 2548 violations.
    elapsed time = 00:02:29, memory = 8466.32 (MB).
    Completing 100% with 1250 violations.
    elapsed time = 00:02:51, memory = 8450.85 (MB).
[INFO DRT-0199]   Number of violations = 1250.
Viol/Layer        met1   met2   met3   met4   met5
Metal Spacing      157     75     42      0      0
Short              544    302    115     14      1
[INFO DRT-0267] cpu time = 00:22:54, elapsed time = 00:02:52, memory = 8450.85 (MB), peak = 8498.04 (MB)
Total wire length = 6178834 um.
Total wire length on LAYER li1 = 0 um.
Total wire length on LAYER met1 = 1883784 um.
Total wire length on LAYER met2 = 2765784 um.
Total wire length on LAYER met3 = 1206209 um.
Total wire length on LAYER met4 = 311595 um.
Total wire length on LAYER met5 = 11461 um.
Total number of vias = 755949.
Up-via summary (total 755949):

-------------------------
 FR_MASTERSLICE         0
            li1    305900
           met1    397723
           met2     42878
           met3      8782
           met4       666
-------------------------
               755949


[INFO DRT-0195] Start 2nd optimization iteration.
    Completing 10% with 1250 violations.
    elapsed time = 00:00:01, memory = 8450.85 (MB).
    Completing 20% with 1235 violations.
    elapsed time = 00:00:06, memory = 8450.85 (MB).
    Completing 30% with 1152 violations.
    elapsed time = 00:00:09, memory = 8450.85 (MB).
    Completing 40% with 1152 violations.
    elapsed time = 00:00:12, memory = 8470.82 (MB).
    Completing 50% with 1117 violations.
    elapsed time = 00:00:19, memory = 8450.85 (MB).
    Completing 60% with 1100 violations.
    elapsed time = 00:00:21, memory = 8450.85 (MB).
    Completing 70% with 1078 violations.
    elapsed time = 00:00:26, memory = 8450.85 (MB).
    Completing 80% with 1043 violations.
    elapsed time = 00:00:29, memory = 8400.17 (MB).
    Completing 90% with 1043 violations.
    elapsed time = 00:00:32, memory = 8400.17 (MB).
    Completing 100% with 992 violations.
    elapsed time = 00:00:37, memory = 8400.17 (MB).
[INFO DRT-0199]   Number of violations = 992.
Viol/Layer        met1   met2   met3   met4
Metal Spacing       88     72     39      0
Short              445    233    104     11
[INFO DRT-0267] cpu time = 00:04:49, elapsed time = 00:00:37, memory = 8400.17 (MB), peak = 8514.48 (MB)
Total wire length = 6178499 um.
Total wire length on LAYER li1 = 0 um.
Total wire length on LAYER met1 = 1883556 um.
Total wire length on LAYER met2 = 2765796 um.
Total wire length on LAYER met3 = 1206083 um.
Total wire length on LAYER met4 = 311551 um.
Total wire length on LAYER met5 = 11511 um.
Total number of vias = 755845.
Up-via summary (total 755845):

-------------------------
 FR_MASTERSLICE         0
            li1    305901
           met1    397646
           met2     42860
           met3      8772
           met4       666
-------------------------
               755845


[INFO DRT-0195] Start 3rd optimization iteration.
    Completing 10% with 992 violations.
    elapsed time = 00:00:01, memory = 8400.17 (MB).
    Completing 20% with 886 violations.
    elapsed time = 00:00:05, memory = 8400.17 (MB).
    Completing 30% with 768 violations.
    elapsed time = 00:00:07, memory = 8400.17 (MB).
    Completing 40% with 768 violations.
    elapsed time = 00:00:09, memory = 8400.17 (MB).
    Completing 50% with 637 violations.
    elapsed time = 00:00:15, memory = 8400.17 (MB).
    Completing 60% with 539 violations.
    elapsed time = 00:00:16, memory = 8400.17 (MB).
    Completing 70% with 398 violations.
    elapsed time = 00:00:23, memory = 8400.17 (MB).
    Completing 80% with 323 violations.
    elapsed time = 00:00:25, memory = 8400.17 (MB).
    Completing 90% with 323 violations.
    elapsed time = 00:00:28, memory = 8400.17 (MB).
    Completing 100% with 86 violations.
    elapsed time = 00:00:36, memory = 8400.17 (MB).
[INFO DRT-0199]   Number of violations = 86.
Viol/Layer        met1   met2   met3
Metal Spacing        8      0      2
Short               64     10      2
[INFO DRT-0267] cpu time = 00:03:55, elapsed time = 00:00:37, memory = 8400.17 (MB), peak = 8514.48 (MB)
Total wire length = 6178625 um.
Total wire length on LAYER li1 = 0 um.
Total wire length on LAYER met1 = 1883212 um.
Total wire length on LAYER met2 = 2765612 um.
Total wire length on LAYER met3 = 1206360 um.
Total wire length on LAYER met4 = 311910 um.
Total wire length on LAYER met5 = 11529 um.
Total number of vias = 756739.
Up-via summary (total 756739):

-------------------------
 FR_MASTERSLICE         0
            li1    305902
           met1    398101
           met2     43250
           met3      8820
           met4       666
-------------------------
               756739


[INFO DRT-0195] Start 4th guides tiles iteration.
    Completing 10% with 86 violations.
    elapsed time = 00:00:00, memory = 8504.82 (MB).
    Completing 20% with 86 violations.
    elapsed time = 00:00:00, memory = 8614.52 (MB).
    Completing 30% with 86 violations.
    elapsed time = 00:00:01, memory = 8512.71 (MB).
    Completing 40% with 86 violations.
    elapsed time = 00:00:02, memory = 8400.09 (MB).
    Completing 50% with 7 violations.
    elapsed time = 00:00:07, memory = 8400.09 (MB).
    Completing 60% with 7 violations.
    elapsed time = 00:00:07, memory = 8400.09 (MB).
    Completing 70% with 7 violations.
    elapsed time = 00:00:07, memory = 8400.09 (MB).
    Completing 80% with 7 violations.
    elapsed time = 00:00:07, memory = 8400.09 (MB).
    Completing 90% with 6 violations.
    elapsed time = 00:00:07, memory = 8347.78 (MB).
    Completing 100% with 6 violations.
    elapsed time = 00:00:07, memory = 8347.78 (MB).
[INFO DRT-0199]   Number of violations = 6.
Viol/Layer        met2
Metal Spacing        1
Short                5
[INFO DRT-0267] cpu time = 00:00:13, elapsed time = 00:00:07, memory = 8347.78 (MB), peak = 8613.82 (MB)
Total wire length = 6178571 um.
Total wire length on LAYER li1 = 0 um.
Total wire length on LAYER met1 = 1882940 um.
Total wire length on LAYER met2 = 2765589 um.
Total wire length on LAYER met3 = 1206560 um.
Total wire length on LAYER met4 = 311914 um.
Total wire length on LAYER met5 = 11565 um.
Total number of vias = 756722.
Up-via summary (total 756722):

-------------------------
 FR_MASTERSLICE         0
            li1    305900
           met1    398089
           met2     43251
           met3      8818
           met4       664
-------------------------
               756722


[INFO DRT-0195] Start 5th guides tiles iteration.
    Completing 30% with 6 violations.
    elapsed time = 00:00:00, memory = 8347.78 (MB).
    Completing 60% with 2 violations.
    elapsed time = 00:00:00, memory = 8347.78 (MB).
    Completing 100% with 0 violations.
    elapsed time = 00:00:00, memory = 8347.78 (MB).
[INFO DRT-0199]   Number of violations = 0.
[INFO DRT-0267] cpu time = 00:00:00, elapsed time = 00:00:00, memory = 8347.78 (MB), peak = 8613.82 (MB)
Total wire length = 6178568 um.
Total wire length on LAYER li1 = 0 um.
Total wire length on LAYER met1 = 1882932 um.
Total wire length on LAYER met2 = 2765571 um.
Total wire length on LAYER met3 = 1206563 um.
Total wire length on LAYER met4 = 311935 um.
Total wire length on LAYER met5 = 11565 um.
Total number of vias = 756722.
Up-via summary (total 756722):

-------------------------
 FR_MASTERSLICE         0
            li1    305900
           met1    398089
           met2     43251
           met3      8818
           met4       664
-------------------------
               756722


[INFO DRT-0198] Complete detail routing.
Total wire length = 6178568 um.
Total wire length on LAYER li1 = 0 um.
Total wire length on LAYER met1 = 1882932 um.
Total wire length on LAYER met2 = 2765571 um.
Total wire length on LAYER met3 = 1206563 um.
Total wire length on LAYER met4 = 311935 um.
Total wire length on LAYER met5 = 11565 um.
Total number of vias = 756722.
Up-via summary (total 756722):

-------------------------
 FR_MASTERSLICE         0
            li1    305900
           met1    398089
           met2     43251
           met3      8818
           met4       664
-------------------------
               756722


[INFO DRT-0267] cpu time = 00:55:55, elapsed time = 00:07:18, memory = 8347.78 (MB), peak = 8613.82 (MB)

[INFO DRT-0180] Post processing.
[INFO DRT-0501] Runtime: 629.72s
[INFO ANT-0002] Found 38 net violations.
[INFO ANT-0001] Found 39 pin violations.
[INFO GRT-0012] Found 38 antenna violations.
[INFO DPL-0006] Core area: 15393693.77 um^2
[INFO DPL-0007] Movable instances area: 192.68 um^2
[INFO DPL-0008] Fixed instances area within core: 2095402.16 um^2
[INFO DPL-0009] Utilization: 13.6%
[INFO DPL-0005] Diamond search max displacement: +/- 500 sites horizontally, +/- 100 rows vertically.
[INFO DPL-1102] Legalizing using negotiation legalizer.
[INFO DPL-1103] Negotiation base search window: +/-20 sites horizontally, +/-5 rows vertically 
	Automatic search window extension enabled.
	Search window extendable up to the max displacement cap of +/-500 sites, +/-100 rows near walls.
[INFO DPL-1104] NegotiationLegalizer DRC penalty: 5.
[INFO DPL-0392] Negotiation cell height distribution (1 unique row-count(s)):
[INFO DPL-0393]   height 1 row(s): 286905 cells
          |      Total |  Illegal |  Illegal
Iteration | Violations |    Cells |    Sites
---------------------------------------------
        0 |          0 |         0 |         0
Negotiation phase 1 converged at iteration 0.
[INFO DPL-0500] Runtime: 1.26s
[INFO GRT-0015] Inserted 228 diodes.
[INFO DRT-0018]   Complete 100000 insts.
[INFO DRT-0018]   Complete 200000 insts.
[INFO DRT-0024]   Complete FR_MASTERSLICE.
[INFO DRT-0024]   Complete Fr_VIA.
[INFO DRT-0024]   Complete li1.
[INFO DRT-0024]   Complete mcon.
[INFO DRT-0024]   Complete met1.
[INFO DRT-0024]   Complete via.
[INFO DRT-0024]   Complete met2.
[INFO DRT-0024]   Complete via2.
[INFO DRT-0024]   Complete met3.
[INFO DRT-0024]   Complete via3.
[INFO DRT-0024]   Complete met4.
[INFO DRT-0024]   Complete via4.
[INFO DRT-0024]   Complete met5.
[INFO DRT-0165] Start pin access.
[INFO DRT-0076]   Complete 1000 pins.
[INFO DRT-0076]   Complete 2000 pins.
[INFO DRT-0078]   Complete 2117 pins.
[INFO DRT-0079]   Complete 100 unique inst patterns.
[INFO DRT-0079]   Complete 200 unique inst patterns.
[INFO DRT-0081]   Complete 268 unique inst patterns.
[INFO DRT-0082]   Complete 10000 groups.
[INFO DRT-0082]   Complete 20000 groups.
[INFO DRT-0082]   Complete 30000 groups.
[INFO DRT-0082]   Complete 40000 groups.
[INFO DRT-0082]   Complete 50000 groups.
[INFO DRT-0082]   Complete 60000 groups.
[INFO DRT-0084]   Complete 67402 groups.
#scanned instances     = 286905
#unique  instances     = 268
#stdCellGenAp          = 8679
#stdCellValidPlanarAp  = 139
#stdCellValidViaAp     = 6106
#stdCellPinNoAp        = 7
#stdCellPinCnt         = 313235
#instTermValidViaApCnt = 0
#macroGenAp            = 0
#macroValidPlanarAp    = 0
#macroValidViaAp       = 0
#macroNoAp             = 0
[INFO DRT-0166] Complete pin access.
[INFO DRT-0267] cpu time = 00:22:16, elapsed time = 00:02:35, memory = 8349.98 (MB), peak = 8613.82 (MB)
[INFO DRT-0156] guideIn read 100000 guides.
[INFO DRT-0156] guideIn read 200000 guides.
[INFO DRT-0156] guideIn read 300000 guides.
[INFO DRT-0156] guideIn read 400000 guides.
[INFO DRT-0156] guideIn read 500000 guides.
[INFO DRT-0156] guideIn read 600000 guides.
[INFO DRT-0156] guideIn read 700000 guides.
[INFO DRT-0156] guideIn read 800000 guides.
[INFO DRT-0156] guideIn read 900000 guides.

[INFO DRT-0157] Number of guides:     905744

[INFO DRT-0169] Post process guides.
[INFO DRT-0176] GCELLGRID X 0 DO 569 STEP 6900 ;
[INFO DRT-0177] GCELLGRID Y 0 DO 569 STEP 6900 ;
[INFO DRT-0026]   Complete 100000 origin guides.
[INFO DRT-0026]   Complete 200000 origin guides.
[INFO DRT-0026]   Complete 300000 origin guides.
[INFO DRT-0026]   Complete 400000 origin guides.
[INFO DRT-0026]   Complete 500000 origin guides.
[INFO DRT-0026]   Complete 600000 origin guides.
[INFO DRT-0026]   Complete 700000 origin guides.
[INFO DRT-0026]   Complete 800000 origin guides.
[INFO DRT-0026]   Complete 900000 origin guides.
[INFO DRT-0028]   Complete FR_MASTERSLICE.
[INFO DRT-0028]   Complete Fr_VIA.
[INFO DRT-0028]   Complete li1.
[INFO DRT-0028]   Complete mcon.
[INFO DRT-0028]   Complete met1.
[INFO DRT-0028]   Complete via.
[INFO DRT-0028]   Complete met2.
[INFO DRT-0028]   Complete via2.
[INFO DRT-0028]   Complete met3.
[INFO DRT-0028]   Complete via3.
[INFO DRT-0028]   Complete met4.
[INFO DRT-0028]   Complete via4.
[INFO DRT-0028]   Complete met5.
[INFO DRT-0178] Init guide query.
[INFO DRT-0035]   Complete FR_MASTERSLICE (guide).
[INFO DRT-0035]   Complete Fr_VIA (guide).
[INFO DRT-0035]   Complete li1 (guide).
[INFO DRT-0035]   Complete mcon (guide).
[INFO DRT-0035]   Complete met1 (guide).
[INFO DRT-0035]   Complete via (guide).
[INFO DRT-0035]   Complete met2 (guide).
[INFO DRT-0035]   Complete via2 (guide).
[INFO DRT-0035]   Complete met3 (guide).
[INFO DRT-0035]   Complete via3 (guide).
[INFO DRT-0035]   Complete met4 (guide).
[INFO DRT-0035]   Complete via4 (guide).
[INFO DRT-0035]   Complete met5 (guide).
[INFO DRT-0036] FR_MASTERSLICE guide region query size = 0.
[INFO DRT-0036] FR_VIA guide region query size = 0.
[INFO DRT-0036] li1 guide region query size = 267375.
[INFO DRT-0036] mcon guide region query size = 0.
[INFO DRT-0036] met1 guide region query size = 268839.
[INFO DRT-0036] via guide region query size = 0.
[INFO DRT-0036] met2 guide region query size = 164588.
[INFO DRT-0036] via2 guide region query size = 0.
[INFO DRT-0036] met3 guide region query size = 25341.
[INFO DRT-0036] via3 guide region query size = 0.
[INFO DRT-0036] met4 guide region query size = 6211.
[INFO DRT-0036] via4 guide region query size = 0.
[INFO DRT-0036] met5 guide region query size = 360.
[INFO DRT-0179] Init gr pin query.
[INFO DRT-0267] cpu time = 00:00:04, elapsed time = 00:00:01, memory = 8349.98 (MB), peak = 8613.82 (MB)
[INFO DRT-0245] skipped writing guide updates to database.
[INFO DRT-0181] Start track assignment.
[INFO DRT-0184] Done with 438174 vertical wires in 12 frboxes and 294540 horizontal wires in 12 frboxes.
[INFO DRT-0186] Done with 43302 vertical wires in 12 frboxes and 74048 horizontal wires in 12 frboxes.
[INFO DRT-0182] Complete track assignment.
[INFO DRT-0267] cpu time = 00:01:25, elapsed time = 00:00:22, memory = 8349.98 (MB), peak = 8613.82 (MB)
[INFO DRT-0187] Start routing data preparation.
[INFO DRT-0267] cpu time = 00:00:00, elapsed time = 00:00:00, memory = 8349.98 (MB), peak = 8613.82 (MB)
[INFO DRT-0194] Start detail routing.
[INFO DRT-0195] Start 0th optimization iteration.
    Completing 10% with 0 violations.
    elapsed time = 00:00:12, memory = 8350.00 (MB).
    Completing 20% with 120 violations.
    elapsed time = 00:00:33, memory = 8519.76 (MB).
    Completing 30% with 338 violations.
    elapsed time = 00:00:43, memory = 8535.93 (MB).
    Completing 40% with 338 violations.
    elapsed time = 00:00:59, memory = 8569.01 (MB).
    Completing 50% with 380 violations.
    elapsed time = 00:01:18, memory = 8576.04 (MB).
    Completing 60% with 523 violations.
    elapsed time = 00:01:33, memory = 8576.04 (MB).
    Completing 70% with 646 violations.
    elapsed time = 00:01:54, memory = 8661.22 (MB).
    Completing 80% with 777 violations.
    elapsed time = 00:02:05, memory = 8661.22 (MB).
    Completing 90% with 777 violations.
    elapsed time = 00:02:21, memory = 8720.74 (MB).
    Completing 100% with 921 violations.
    elapsed time = 00:02:42, memory = 8734.07 (MB).
[INFO DRT-0199]   Number of violations = 1260.
Viol/Layer         li1   mcon   met1    via   met2   met3   met4
Cut Spacing          0      1      0      0      0      0      0
Metal Spacing        0      0     90      0     59     22      0
Min Hole             0      0      0      0      1      0      0
Recheck              1      0     99      0    148     71     20
Short                0      0    263      1    275    177     32
[INFO DRT-0267] cpu time = 00:21:25, elapsed time = 00:02:42, memory = 8734.07 (MB), peak = 8793.95 (MB)
Total wire length = 6179639 um.
Total wire length on LAYER li1 = 0 um.
Total wire length on LAYER met1 = 1884734 um.
Total wire length on LAYER met2 = 2766655 um.
Total wire length on LAYER met3 = 1204953 um.
Total wire length on LAYER met4 = 311402 um.
Total wire length on LAYER met5 = 11892 um.
Total number of vias = 757165.
Up-via summary (total 757165):

-------------------------
 FR_MASTERSLICE         0
            li1    306155
           met1    398345
           met2     43192
           met3      8809
           met4       664
-------------------------
               757165


[INFO DRT-0195] Start 1st optimization iteration.
    Completing 10% with 1260 violations.
    elapsed time = 00:00:12, memory = 8734.07 (MB).
    Completing 20% with 1159 violations.
    elapsed time = 00:00:32, memory = 8735.93 (MB).
    Completing 30% with 929 violations.
    elapsed time = 00:00:42, memory = 8735.93 (MB).
    Completing 40% with 929 violations.
    elapsed time = 00:00:59, memory = 8735.94 (MB).
    Completing 50% with 854 violations.
    elapsed time = 00:01:19, memory = 8741.71 (MB).
    Completing 60% with 664 violations.
    elapsed time = 00:01:34, memory = 8741.72 (MB).
    Completing 70% with 552 violations.
    elapsed time = 00:01:54, memory = 8753.92 (MB).
    Completing 80% with 403 violations.
    elapsed time = 00:02:04, memory = 8753.92 (MB).
    Completing 90% with 403 violations.
    elapsed time = 00:02:21, memory = 8785.08 (MB).
    Completing 100% with 147 violations.
    elapsed time = 00:02:42, memory = 8811.10 (MB).
[INFO DRT-0199]   Number of violations = 147.
Viol/Layer        met1   met2   met3   met4
Metal Spacing       10     10      3      0
Short               52     26     39      7
[INFO DRT-0267] cpu time = 00:21:32, elapsed time = 00:02:42, memory = 8755.36 (MB), peak = 8810.70 (MB)
Total wire length = 6179278 um.
Total wire length on LAYER li1 = 0 um.
Total wire length on LAYER met1 = 1884636 um.
Total wire length on LAYER met2 = 2766432 um.
Total wire length on LAYER met3 = 1204943 um.
Total wire length on LAYER met4 = 311373 um.
Total wire length on LAYER met5 = 11892 um.
Total number of vias = 757039.
Up-via summary (total 757039):

-------------------------
 FR_MASTERSLICE         0
            li1    306150
           met1    398229
           met2     43191
           met3      8805
           met4       664
-------------------------
               757039


[INFO DRT-0195] Start 2nd optimization iteration.
    Completing 10% with 147 violations.
    elapsed time = 00:00:00, memory = 8755.36 (MB).
    Completing 20% with 140 violations.
    elapsed time = 00:00:00, memory = 8755.37 (MB).
    Completing 30% with 127 violations.
    elapsed time = 00:00:02, memory = 8755.37 (MB).
    Completing 40% with 127 violations.
    elapsed time = 00:00:02, memory = 8755.37 (MB).
    Completing 50% with 116 violations.
    elapsed time = 00:00:05, memory = 8755.37 (MB).
    Completing 60% with 104 violations.
    elapsed time = 00:00:05, memory = 8755.37 (MB).
    Completing 70% with 101 violations.
    elapsed time = 00:00:06, memory = 8755.37 (MB).
    Completing 80% with 108 violations.
    elapsed time = 00:00:07, memory = 8755.37 (MB).
    Completing 90% with 108 violations.
    elapsed time = 00:00:07, memory = 8755.37 (MB).
    Completing 100% with 91 violations.
    elapsed time = 00:00:09, memory = 8755.37 (MB).
[INFO DRT-0199]   Number of violations = 91.
Viol/Layer        met1   met2   met3   met4
Metal Spacing        9      5      4      0
Short               42     12     17      2
[INFO DRT-0267] cpu time = 00:00:54, elapsed time = 00:00:10, memory = 8755.37 (MB), peak = 8810.70 (MB)
Total wire length = 6179169 um.
Total wire length on LAYER li1 = 0 um.
Total wire length on LAYER met1 = 1884584 um.
Total wire length on LAYER met2 = 2766397 um.
Total wire length on LAYER met3 = 1204918 um.
Total wire length on LAYER met4 = 311376 um.
Total wire length on LAYER met5 = 11892 um.
Total number of vias = 757008.
Up-via summary (total 757008):

-------------------------
 FR_MASTERSLICE         0
            li1    306147
           met1    398206
           met2     43186
           met3      8805
           met4       664
-------------------------
               757008


[INFO DRT-0195] Start 3rd guides tiles iteration.
    Completing 10% with 91 violations.
    elapsed time = 00:00:00, memory = 8975.19 (MB).
    Completing 20% with 91 violations.
    elapsed time = 00:00:01, memory = 8953.12 (MB).
    Completing 30% with 91 violations.
    elapsed time = 00:00:02, memory = 8946.38 (MB).
    Completing 40% with 91 violations.
    elapsed time = 00:00:03, memory = 8825.44 (MB).
    Completing 50% with 91 violations.
    elapsed time = 00:00:06, memory = 8221.24 (MB).
    Completing 60% with 16 violations.
    elapsed time = 00:00:18, memory = 7823.56 (MB).
    Completing 70% with 16 violations.
    elapsed time = 00:00:18, memory = 7823.56 (MB).
    Completing 80% with 16 violations.
    elapsed time = 00:00:18, memory = 7823.56 (MB).
    Completing 90% with 16 violations.
    elapsed time = 00:00:23, memory = 7827.06 (MB).
    Completing 100% with 0 violations.
    elapsed time = 00:00:27, memory = 7833.54 (MB).
[INFO DRT-0199]   Number of violations = 0.
[INFO DRT-0267] cpu time = 00:00:54, elapsed time = 00:00:27, memory = 7870.55 (MB), peak = 9036.00 (MB)
Total wire length = 6179003 um.
Total wire length on LAYER li1 = 0 um.
Total wire length on LAYER met1 = 1885670 um.
Total wire length on LAYER met2 = 2765586 um.
Total wire length on LAYER met3 = 1202388 um.
Total wire length on LAYER met4 = 312185 um.
Total wire length on LAYER met5 = 13171 um.
Total number of vias = 757031.
Up-via summary (total 757031):

-------------------------
 FR_MASTERSLICE         0
            li1    306148
           met1    398220
           met2     43187
           met3      8812
           met4       664
-------------------------
               757031


[INFO DRT-0198] Complete detail routing.
Total wire length = 6179003 um.
Total wire length on LAYER li1 = 0 um.
Total wire length on LAYER met1 = 1885670 um.
Total wire length on LAYER met2 = 2765586 um.
Total wire length on LAYER met3 = 1202388 um.
Total wire length on LAYER met4 = 312185 um.
Total wire length on LAYER met5 = 13171 um.
Total number of vias = 757031.
Up-via summary (total 757031):

-------------------------
 FR_MASTERSLICE         0
            li1    306148
           met1    398220
           met2     43187
           met3      8812
           met4       664
-------------------------
               757031


[INFO DRT-0267] cpu time = 00:44:47, elapsed time = 00:06:03, memory = 7878.44 (MB), peak = 9036.00 (MB)

[INFO DRT-0180] Post processing.
[INFO DRT-0501] Runtime: 550.26s
[INFO ANT-0002] Found 22 net violations.
[INFO ANT-0001] Found 23 pin violations.
[INFO GRT-0012] Found 22 antenna violations.
[INFO DPL-0006] Core area: 15393693.77 um^2
[INFO DPL-0007] Movable instances area: 212.70 um^2
[INFO DPL-0008] Fixed instances area within core: 2095729.97 um^2
[INFO DPL-0009] Utilization: 13.6%
[INFO DPL-0005] Diamond search max displacement: +/- 500 sites horizontally, +/- 100 rows vertically.
[INFO DPL-1102] Legalizing using negotiation legalizer.
[INFO DPL-1103] Negotiation base search window: +/-20 sites horizontally, +/-5 rows vertically 
	Automatic search window extension enabled.
	Search window extendable up to the max displacement cap of +/-500 sites, +/-100 rows near walls.
[INFO DPL-1104] NegotiationLegalizer DRC penalty: 5.
[INFO DPL-0392] Negotiation cell height distribution (1 unique row-count(s)):
[INFO DPL-0393]   height 1 row(s): 287044 cells
          |      Total |  Illegal |  Illegal
Iteration | Violations |    Cells |    Sites
---------------------------------------------
        0 |          4 |         2 |         2
        1 |          0 |         0 |         0
Negotiation phase 1 converged at iteration 1.
[INFO DPL-0500] Runtime: 1.91s
[INFO GRT-0015] Inserted 139 diodes.
[INFO DRT-0018]   Complete 100000 insts.
[INFO DRT-0018]   Complete 200000 insts.
[INFO DRT-0024]   Complete FR_MASTERSLICE.
[INFO DRT-0024]   Complete Fr_VIA.
[INFO DRT-0024]   Complete li1.
[INFO DRT-0024]   Complete mcon.
[INFO DRT-0024]   Complete met1.
[INFO DRT-0024]   Complete via.
[INFO DRT-0024]   Complete met2.
[INFO DRT-0024]   Complete via2.
[INFO DRT-0024]   Complete met3.
[INFO DRT-0024]   Complete via3.
[INFO DRT-0024]   Complete met4.
[INFO DRT-0024]   Complete via4.
[INFO DRT-0024]   Complete met5.
[INFO DRT-0165] Start pin access.
[INFO DRT-0076]   Complete 1000 pins.
[INFO DRT-0076]   Complete 2000 pins.
[INFO DRT-0078]   Complete 2117 pins.
[INFO DRT-0079]   Complete 100 unique inst patterns.
[INFO DRT-0079]   Complete 200 unique inst patterns.
[INFO DRT-0081]   Complete 268 unique inst patterns.
[INFO DRT-0082]   Complete 10000 groups.
[INFO DRT-0082]   Complete 20000 groups.
[INFO DRT-0082]   Complete 30000 groups.
[INFO DRT-0082]   Complete 40000 groups.
[INFO DRT-0082]   Complete 50000 groups.
[INFO DRT-0082]   Complete 60000 groups.
[INFO DRT-0084]   Complete 67441 groups.
#scanned instances     = 287044
#unique  instances     = 268
#stdCellGenAp          = 8679
#stdCellValidPlanarAp  = 139
#stdCellValidViaAp     = 6106
#stdCellPinNoAp        = 7
#stdCellPinCnt         = 313235
#instTermValidViaApCnt = 0
#macroGenAp            = 0
#macroValidPlanarAp    = 0
#macroValidViaAp       = 0
#macroNoAp             = 0
[INFO DRT-0166] Complete pin access.
[INFO DRT-0267] cpu time = 00:22:41, elapsed time = 00:02:38, memory = 8360.85 (MB), peak = 9036.00 (MB)
[INFO DRT-0156] guideIn read 100000 guides.
[INFO DRT-0156] guideIn read 200000 guides.
[INFO DRT-0156] guideIn read 300000 guides.
[INFO DRT-0156] guideIn read 400000 guides.
[INFO DRT-0156] guideIn read 500000 guides.
[INFO DRT-0156] guideIn read 600000 guides.
[INFO DRT-0156] guideIn read 700000 guides.
[INFO DRT-0156] guideIn read 800000 guides.
[INFO DRT-0156] guideIn read 900000 guides.

[INFO DRT-0157] Number of guides:     905828

[INFO DRT-0169] Post process guides.
[INFO DRT-0176] GCELLGRID X 0 DO 569 STEP 6900 ;
[INFO DRT-0177] GCELLGRID Y 0 DO 569 STEP 6900 ;
[INFO DRT-0026]   Complete 100000 origin guides.
[INFO DRT-0026]   Complete 200000 origin guides.
[INFO DRT-0026]   Complete 300000 origin guides.
[INFO DRT-0026]   Complete 400000 origin guides.
[INFO DRT-0026]   Complete 500000 origin guides.
[INFO DRT-0026]   Complete 600000 origin guides.
[INFO DRT-0026]   Complete 700000 origin guides.
[INFO DRT-0026]   Complete 800000 origin guides.
[INFO DRT-0026]   Complete 900000 origin guides.
[INFO DRT-0028]   Complete FR_MASTERSLICE.
[INFO DRT-0028]   Complete Fr_VIA.
[INFO DRT-0028]   Complete li1.
[INFO DRT-0028]   Complete mcon.
[INFO DRT-0028]   Complete met1.
[INFO DRT-0028]   Complete via.
[INFO DRT-0028]   Complete met2.
[INFO DRT-0028]   Complete via2.
[INFO DRT-0028]   Complete met3.
[INFO DRT-0028]   Complete via3.
[INFO DRT-0028]   Complete met4.
[INFO DRT-0028]   Complete via4.
[INFO DRT-0028]   Complete met5.
[INFO DRT-0178] Init guide query.
[INFO DRT-0035]   Complete FR_MASTERSLICE (guide).
[INFO DRT-0035]   Complete Fr_VIA (guide).
[INFO DRT-0035]   Complete li1 (guide).
[INFO DRT-0035]   Complete mcon (guide).
[INFO DRT-0035]   Complete met1 (guide).
[INFO DRT-0035]   Complete via (guide).
[INFO DRT-0035]   Complete met2 (guide).
[INFO DRT-0035]   Complete via2 (guide).
[INFO DRT-0035]   Complete met3 (guide).
[INFO DRT-0035]   Complete via3 (guide).
[INFO DRT-0035]   Complete met4 (guide).
[INFO DRT-0035]   Complete via4 (guide).
[INFO DRT-0035]   Complete met5 (guide).
[INFO DRT-0036] FR_MASTERSLICE guide region query size = 0.
[INFO DRT-0036] FR_VIA guide region query size = 0.
[INFO DRT-0036] li1 guide region query size = 267413.
[INFO DRT-0036] mcon guide region query size = 0.
[INFO DRT-0036] met1 guide region query size = 268868.
[INFO DRT-0036] via guide region query size = 0.
[INFO DRT-0036] met2 guide region query size = 164601.
[INFO DRT-0036] via2 guide region query size = 0.
[INFO DRT-0036] met3 guide region query size = 25334.
[INFO DRT-0036] via3 guide region query size = 0.
[INFO DRT-0036] met4 guide region query size = 6209.
[INFO DRT-0036] via4 guide region query size = 0.
[INFO DRT-0036] met5 guide region query size = 360.
[INFO DRT-0179] Init gr pin query.
[INFO DRT-0267] cpu time = 00:00:04, elapsed time = 00:00:01, memory = 8366.73 (MB), peak = 9036.00 (MB)
[INFO DRT-0245] skipped writing guide updates to database.
[INFO DRT-0181] Start track assignment.
[INFO DRT-0184] Done with 438223 vertical wires in 12 frboxes and 294562 horizontal wires in 12 frboxes.
[INFO DRT-0186] Done with 43416 vertical wires in 12 frboxes and 73950 horizontal wires in 12 frboxes.
[INFO DRT-0182] Complete track assignment.
[INFO DRT-0267] cpu time = 00:01:35, elapsed time = 00:00:24, memory = 8425.65 (MB), peak = 9036.00 (MB)
[INFO DRT-0187] Start routing data preparation.
[INFO DRT-0267] cpu time = 00:00:01, elapsed time = 00:00:01, memory = 8425.65 (MB), peak = 9036.00 (MB)
[INFO DRT-0194] Start detail routing.
[INFO DRT-0195] Start 0th optimization iteration.
    Completing 10% with 0 violations.
    elapsed time = 00:00:12, memory = 8459.77 (MB).
    Completing 20% with 29 violations.
    elapsed time = 00:00:33, memory = 8535.21 (MB).
    Completing 30% with 283 violations.
    elapsed time = 00:00:44, memory = 8535.44 (MB).
    Completing 40% with 283 violations.
    elapsed time = 00:00:59, memory = 8575.61 (MB).
    Completing 50% with 332 violations.
    elapsed time = 00:01:19, memory = 8617.01 (MB).
    Completing 60% with 476 violations.
    elapsed time = 00:01:33, memory = 8617.02 (MB).
    Completing 70% with 597 violations.
    elapsed time = 00:01:55, memory = 8626.48 (MB).
    Completing 80% with 741 violations.
    elapsed time = 00:02:05, memory = 8626.83 (MB).
    Completing 90% with 741 violations.
    elapsed time = 00:02:21, memory = 8629.27 (MB).
    Completing 100% with 887 violations.
    elapsed time = 00:02:43, memory = 8629.84 (MB).
[INFO DRT-0199]   Number of violations = 1198.
Viol/Layer        met1    via   met2   met3   met4
Metal Spacing       67      0     47     28      4
Recheck             90      0    127     57     37
Short              298      2    276    104     61
[INFO DRT-0267] cpu time = 00:21:40, elapsed time = 00:02:43, memory = 8629.84 (MB), peak = 9036.00 (MB)
Total wire length = 6179820 um.
Total wire length on LAYER li1 = 0 um.
Total wire length on LAYER met1 = 1887070 um.
Total wire length on LAYER met2 = 2766397 um.
Total wire length on LAYER met3 = 1202316 um.
Total wire length on LAYER met4 = 311754 um.
Total wire length on LAYER met5 = 12281 um.
Total number of vias = 757367.
Up-via summary (total 757367):

-------------------------
 FR_MASTERSLICE         0
            li1    306311
           met1    398407
           met2     43190
           met3      8799
           met4       660
-------------------------
               757367


[INFO DRT-0195] Start 1st optimization iteration.
    Completing 10% with 1198 violations.
    elapsed time = 00:00:12, memory = 8630.20 (MB).
    Completing 20% with 1174 violations.
    elapsed time = 00:00:32, memory = 8630.25 (MB).
    Completing 30% with 878 violations.
    elapsed time = 00:00:42, memory = 8568.79 (MB).
    Completing 40% with 878 violations.
    elapsed time = 00:00:57, memory = 8568.79 (MB).
    Completing 50% with 859 violations.
    elapsed time = 00:01:17, memory = 8568.86 (MB).
    Completing 60% with 663 violations.
    elapsed time = 00:01:31, memory = 8568.87 (MB).
    Completing 70% with 586 violations.
    elapsed time = 00:01:51, memory = 8587.88 (MB).
    Completing 80% with 387 violations.
    elapsed time = 00:02:00, memory = 8587.88 (MB).
    Completing 90% with 387 violations.
    elapsed time = 00:02:17, memory = 8623.18 (MB).
    Completing 100% with 159 violations.
    elapsed time = 00:02:37, memory = 8663.46 (MB).
[INFO DRT-0199]   Number of violations = 159.
Viol/Layer        met1   met2   met3   met4
Metal Spacing       14      7     17      0
Short               49     28     19     25
[INFO DRT-0267] cpu time = 00:21:19, elapsed time = 00:02:38, memory = 8663.46 (MB), peak = 9036.00 (MB)
Total wire length = 6179497 um.
Total wire length on LAYER li1 = 0 um.
Total wire length on LAYER met1 = 1886988 um.
Total wire length on LAYER met2 = 2766238 um.
Total wire length on LAYER met3 = 1202248 um.
Total wire length on LAYER met4 = 311739 um.
Total wire length on LAYER met5 = 12282 um.
Total number of vias = 757191.
Up-via summary (total 757191):

-------------------------
 FR_MASTERSLICE         0
            li1    306303
           met1    398259
           met2     43172
           met3      8797
           met4       660
-------------------------
               757191


[INFO DRT-0195] Start 2nd optimization iteration.
    Completing 10% with 159 violations.
    elapsed time = 00:00:00, memory = 8663.46 (MB).
    Completing 20% with 157 violations.
    elapsed time = 00:00:01, memory = 8686.17 (MB).
    Completing 30% with 140 violations.
    elapsed time = 00:00:03, memory = 8686.17 (MB).
    Completing 40% with 140 violations.
    elapsed time = 00:00:03, memory = 8686.17 (MB).
    Completing 50% with 139 violations.
    elapsed time = 00:00:05, memory = 8686.17 (MB).
    Completing 60% with 121 violations.
    elapsed time = 00:00:05, memory = 8623.28 (MB).
    Completing 70% with 118 violations.
    elapsed time = 00:00:05, memory = 8623.28 (MB).
    Completing 80% with 120 violations.
    elapsed time = 00:00:07, memory = 8635.24 (MB).
    Completing 90% with 120 violations.
    elapsed time = 00:00:07, memory = 8635.24 (MB).
    Completing 100% with 129 violations.
    elapsed time = 00:00:09, memory = 8635.24 (MB).
[INFO DRT-0199]   Number of violations = 129.
Viol/Layer        met1   met2   met3   met4
Metal Spacing        1      9     13      3
Short               53     18     27      5
[INFO DRT-0267] cpu time = 00:00:43, elapsed time = 00:00:09, memory = 8635.24 (MB), peak = 9036.00 (MB)
Total wire length = 6179498 um.
Total wire length on LAYER li1 = 0 um.
Total wire length on LAYER met1 = 1887007 um.
Total wire length on LAYER met2 = 2766226 um.
Total wire length on LAYER met3 = 1202269 um.
Total wire length on LAYER met4 = 311713 um.
Total wire length on LAYER met5 = 12281 um.
Total number of vias = 757169.
Up-via summary (total 757169):

-------------------------
 FR_MASTERSLICE         0
            li1    306299
           met1    398239
           met2     43174
           met3      8797
           met4       660
-------------------------
               757169


[INFO DRT-0195] Start 3rd optimization iteration.
    Completing 10% with 129 violations.
    elapsed time = 00:00:00, memory = 8635.30 (MB).
    Completing 20% with 128 violations.
    elapsed time = 00:00:01, memory = 8635.30 (MB).
    Completing 30% with 76 violations.
    elapsed time = 00:00:01, memory = 8635.30 (MB).
    Completing 40% with 76 violations.
    elapsed time = 00:00:01, memory = 8635.30 (MB).
    Completing 50% with 75 violations.
    elapsed time = 00:00:02, memory = 8635.30 (MB).
    Completing 60% with 67 violations.
    elapsed time = 00:00:02, memory = 8635.30 (MB).
    Completing 70% with 50 violations.
    elapsed time = 00:00:03, memory = 8635.30 (MB).
    Completing 80% with 18 violations.
    elapsed time = 00:00:04, memory = 8635.30 (MB).
    Completing 90% with 18 violations.
    elapsed time = 00:00:04, memory = 8635.30 (MB).
    Completing 100% with 0 violations.
    elapsed time = 00:00:05, memory = 8635.30 (MB).
[INFO DRT-0199]   Number of violations = 0.
[INFO DRT-0267] cpu time = 00:00:21, elapsed time = 00:00:06, memory = 8635.30 (MB), peak = 9036.00 (MB)
Total wire length = 6179530 um.
Total wire length on LAYER li1 = 0 um.
Total wire length on LAYER met1 = 1887307 um.
Total wire length on LAYER met2 = 2766294 um.
Total wire length on LAYER met3 = 1201947 um.
Total wire length on LAYER met4 = 311699 um.
Total wire length on LAYER met5 = 12281 um.
Total number of vias = 757283.
Up-via summary (total 757283):

-------------------------
 FR_MASTERSLICE         0
            li1    306302
           met1    398288
           met2     43230
           met3      8803
           met4       660
-------------------------
               757283


[INFO DRT-0198] Complete detail routing.
Total wire length = 6179530 um.
Total wire length on LAYER li1 = 0 um.
Total wire length on LAYER met1 = 1887307 um.
Total wire length on LAYER met2 = 2766294 um.
Total wire length on LAYER met3 = 1201947 um.
Total wire length on LAYER met4 = 311699 um.
Total wire length on LAYER met5 = 12281 um.
Total number of vias = 757283.
Up-via summary (total 757283):

-------------------------
 FR_MASTERSLICE         0
            li1    306302
           met1    398288
           met2     43230
           met3      8803
           met4       660
-------------------------
               757283


[INFO DRT-0267] cpu time = 00:44:06, elapsed time = 00:05:37, memory = 8635.30 (MB), peak = 9036.00 (MB)

[INFO DRT-0180] Post processing.
[INFO DRT-0501] Runtime: 530.74s
[INFO ANT-0002] Found 9 net violations.
[INFO ANT-0001] Found 9 pin violations.
[INFO GRT-0012] Found 9 antenna violations.
[INFO DPL-0006] Core area: 15393693.77 um^2
[INFO DPL-0007] Movable instances area: 90.09 um^2
[INFO DPL-0008] Fixed instances area within core: 2095960.19 um^2
[INFO DPL-0009] Utilization: 13.6%
[INFO DPL-0005] Diamond search max displacement: +/- 500 sites horizontally, +/- 100 rows vertically.
[INFO DPL-1102] Legalizing using negotiation legalizer.
[INFO DPL-1103] Negotiation base search window: +/-20 sites horizontally, +/-5 rows vertically 
	Automatic search window extension enabled.
	Search window extendable up to the max displacement cap of +/-500 sites, +/-100 rows near walls.
[INFO DPL-1104] NegotiationLegalizer DRC penalty: 5.
[INFO DPL-0392] Negotiation cell height distribution (1 unique row-count(s)):
[INFO DPL-0393]   height 1 row(s): 287087 cells
          |      Total |  Illegal |  Illegal
Iteration | Violations |    Cells |    Sites
---------------------------------------------
        0 |          0 |         0 |         0
Negotiation phase 1 converged at iteration 0.
[INFO DPL-0500] Runtime: 1.60s
[INFO GRT-0015] Inserted 43 diodes.
[INFO DRT-0018]   Complete 100000 insts.
[INFO DRT-0018]   Complete 200000 insts.
[INFO DRT-0024]   Complete FR_MASTERSLICE.
[INFO DRT-0024]   Complete Fr_VIA.
[INFO DRT-0024]   Complete li1.
[INFO DRT-0024]   Complete mcon.
[INFO DRT-0024]   Complete met1.
[INFO DRT-0024]   Complete via.
[INFO DRT-0024]   Complete met2.
[INFO DRT-0024]   Complete via2.
[INFO DRT-0024]   Complete met3.
[INFO DRT-0024]   Complete via3.
[INFO DRT-0024]   Complete met4.
[INFO DRT-0024]   Complete via4.
[INFO DRT-0024]   Complete met5.
[INFO DRT-0165] Start pin access.
[INFO DRT-0076]   Complete 1000 pins.
[INFO DRT-0076]   Complete 2000 pins.
[INFO DRT-0078]   Complete 2117 pins.
[INFO DRT-0079]   Complete 100 unique inst patterns.
[INFO DRT-0079]   Complete 200 unique inst patterns.
[INFO DRT-0081]   Complete 268 unique inst patterns.
[INFO DRT-0082]   Complete 10000 groups.
[INFO DRT-0082]   Complete 20000 groups.
[INFO DRT-0082]   Complete 30000 groups.
[INFO DRT-0082]   Complete 40000 groups.
[INFO DRT-0082]   Complete 50000 groups.
[INFO DRT-0082]   Complete 60000 groups.
[INFO DRT-0084]   Complete 67451 groups.
#scanned instances     = 287087
#unique  instances     = 268
#stdCellGenAp          = 8679
#stdCellValidPlanarAp  = 139
#stdCellValidViaAp     = 6106
#stdCellPinNoAp        = 7
#stdCellPinCnt         = 313235
#instTermValidViaApCnt = 0
#macroGenAp            = 0
#macroValidPlanarAp    = 0
#macroValidViaAp       = 0
#macroNoAp             = 0
[INFO DRT-0166] Complete pin access.
[INFO DRT-0267] cpu time = 00:22:38, elapsed time = 00:02:37, memory = 8617.37 (MB), peak = 9036.00 (MB)
[INFO DRT-0156] guideIn read 100000 guides.
[INFO DRT-0156] guideIn read 200000 guides.
[INFO DRT-0156] guideIn read 300000 guides.
[INFO DRT-0156] guideIn read 400000 guides.
[INFO DRT-0156] guideIn read 500000 guides.
[INFO DRT-0156] guideIn read 600000 guides.
[INFO DRT-0156] guideIn read 700000 guides.
[INFO DRT-0156] guideIn read 800000 guides.
[INFO DRT-0156] guideIn read 900000 guides.

[INFO DRT-0157] Number of guides:     905859

[INFO DRT-0169] Post process guides.
[INFO DRT-0176] GCELLGRID X 0 DO 569 STEP 6900 ;
[INFO DRT-0177] GCELLGRID Y 0 DO 569 STEP 6900 ;
[INFO DRT-0026]   Complete 100000 origin guides.
[INFO DRT-0026]   Complete 200000 origin guides.
[INFO DRT-0026]   Complete 300000 origin guides.
[INFO DRT-0026]   Complete 400000 origin guides.
[INFO DRT-0026]   Complete 500000 origin guides.
[INFO DRT-0026]   Complete 600000 origin guides.
[INFO DRT-0026]   Complete 700000 origin guides.
[INFO DRT-0026]   Complete 800000 origin guides.
[INFO DRT-0026]   Complete 900000 origin guides.
[INFO DRT-0028]   Complete FR_MASTERSLICE.
[INFO DRT-0028]   Complete Fr_VIA.
[INFO DRT-0028]   Complete li1.
[INFO DRT-0028]   Complete mcon.
[INFO DRT-0028]   Complete met1.
[INFO DRT-0028]   Complete via.
[INFO DRT-0028]   Complete met2.
[INFO DRT-0028]   Complete via2.
[INFO DRT-0028]   Complete met3.
[INFO DRT-0028]   Complete via3.
[INFO DRT-0028]   Complete met4.
[INFO DRT-0028]   Complete via4.
[INFO DRT-0028]   Complete met5.
[INFO DRT-0178] Init guide query.
[INFO DRT-0035]   Complete FR_MASTERSLICE (guide).
[INFO DRT-0035]   Complete Fr_VIA (guide).
[INFO DRT-0035]   Complete li1 (guide).
[INFO DRT-0035]   Complete mcon (guide).
[INFO DRT-0035]   Complete met1 (guide).
[INFO DRT-0035]   Complete via (guide).
[INFO DRT-0035]   Complete met2 (guide).
[INFO DRT-0035]   Complete via2 (guide).
[INFO DRT-0035]   Complete met3 (guide).
[INFO DRT-0035]   Complete via3 (guide).
[INFO DRT-0035]   Complete met4 (guide).
[INFO DRT-0035]   Complete via4 (guide).
[INFO DRT-0035]   Complete met5 (guide).
[INFO DRT-0036] FR_MASTERSLICE guide region query size = 0.
[INFO DRT-0036] FR_VIA guide region query size = 0.
[INFO DRT-0036] li1 guide region query size = 267426.
[INFO DRT-0036] mcon guide region query size = 0.
[INFO DRT-0036] met1 guide region query size = 268883.
[INFO DRT-0036] via guide region query size = 0.
[INFO DRT-0036] met2 guide region query size = 164605.
[INFO DRT-0036] via2 guide region query size = 0.
[INFO DRT-0036] met3 guide region query size = 25331.
[INFO DRT-0036] via3 guide region query size = 0.
[INFO DRT-0036] met4 guide region query size = 6205.
[INFO DRT-0036] via4 guide region query size = 0.
[INFO DRT-0036] met5 guide region query size = 358.
[INFO DRT-0179] Init gr pin query.
[INFO DRT-0267] cpu time = 00:00:04, elapsed time = 00:00:01, memory = 8617.37 (MB), peak = 9036.00 (MB)
[INFO DRT-0245] skipped writing guide updates to database.
[INFO DRT-0181] Start track assignment.
[INFO DRT-0184] Done with 438236 vertical wires in 12 frboxes and 294572 horizontal wires in 12 frboxes.
[INFO DRT-0186] Done with 43276 vertical wires in 12 frboxes and 73898 horizontal wires in 12 frboxes.
[INFO DRT-0182] Complete track assignment.
[INFO DRT-0267] cpu time = 00:01:25, elapsed time = 00:00:22, memory = 8617.38 (MB), peak = 9036.00 (MB)
[INFO DRT-0187] Start routing data preparation.
[INFO DRT-0267] cpu time = 00:00:01, elapsed time = 00:00:01, memory = 8617.38 (MB), peak = 9036.00 (MB)
[INFO DRT-0194] Start detail routing.
[INFO DRT-0195] Start 0th optimization iteration.
    Completing 10% with 0 violations.
    elapsed time = 00:00:12, memory = 8617.40 (MB).
    Completing 20% with 1 violations.
    elapsed time = 00:00:31, memory = 8617.41 (MB).
    Completing 30% with 56 violations.
    elapsed time = 00:00:41, memory = 8617.41 (MB).
    Completing 40% with 56 violations.
    elapsed time = 00:00:57, memory = 8617.41 (MB).
    Completing 50% with 56 violations.
    elapsed time = 00:01:16, memory = 8661.03 (MB).
    Completing 60% with 137 violations.
    elapsed time = 00:01:30, memory = 8661.03 (MB).
    Completing 70% with 162 violations.
    elapsed time = 00:01:50, memory = 8663.94 (MB).
    Completing 80% with 209 violations.
    elapsed time = 00:02:00, memory = 8661.04 (MB).
    Completing 90% with 209 violations.
    elapsed time = 00:02:17, memory = 8704.96 (MB).
    Completing 100% with 240 violations.
    elapsed time = 00:02:37, memory = 8680.13 (MB).
[INFO DRT-0199]   Number of violations = 316.
Viol/Layer        met1   met2   met3   met4
Metal Spacing       12      6     12      2
Recheck              5     21     31     19
Short               47     40     82     39
[INFO DRT-0267] cpu time = 00:21:02, elapsed time = 00:02:37, memory = 8680.13 (MB), peak = 9036.00 (MB)
Total wire length = 6179684 um.
Total wire length on LAYER li1 = 0 um.
Total wire length on LAYER met1 = 1887350 um.
Total wire length on LAYER met2 = 2766933 um.
Total wire length on LAYER met3 = 1202669 um.
Total wire length on LAYER met4 = 311228 um.
Total wire length on LAYER met5 = 11501 um.
Total number of vias = 757337.
Up-via summary (total 757337):

-------------------------
 FR_MASTERSLICE         0
            li1    306361
           met1    398315
           met2     43207
           met3      8796
           met4       658
-------------------------
               757337


[INFO DRT-0195] Start 1st optimization iteration.
    Completing 10% with 316 violations.
    elapsed time = 00:00:11, memory = 8680.13 (MB).
    Completing 20% with 316 violations.
    elapsed time = 00:00:31, memory = 8724.31 (MB).
    Completing 30% with 226 violations.
    elapsed time = 00:00:41, memory = 8682.35 (MB).
    Completing 40% with 226 violations.
    elapsed time = 00:00:57, memory = 8685.06 (MB).
    Completing 50% with 225 violations.
    elapsed time = 00:01:16, memory = 8685.06 (MB).
    Completing 60% with 183 violations.
    elapsed time = 00:01:30, memory = 8685.07 (MB).
    Completing 70% with 178 violations.
    elapsed time = 00:01:50, memory = 8705.00 (MB).
    Completing 80% with 95 violations.
    elapsed time = 00:02:00, memory = 8686.14 (MB).
    Completing 90% with 95 violations.
    elapsed time = 00:02:17, memory = 8686.14 (MB).
    Completing 100% with 47 violations.
    elapsed time = 00:02:38, memory = 8686.15 (MB).
[INFO DRT-0199]   Number of violations = 47.
Viol/Layer        met1   met2   met3   met4
Metal Spacing        1      0      2      0
Short                7      3     25      9
[INFO DRT-0267] cpu time = 00:21:07, elapsed time = 00:02:38, memory = 8686.15 (MB), peak = 9036.00 (MB)
Total wire length = 6179644 um.
Total wire length on LAYER li1 = 0 um.
Total wire length on LAYER met1 = 1887330 um.
Total wire length on LAYER met2 = 2766913 um.
Total wire length on LAYER met3 = 1202679 um.
Total wire length on LAYER met4 = 311219 um.
Total wire length on LAYER met5 = 11501 um.
Total number of vias = 757320.
Up-via summary (total 757320):

-------------------------
 FR_MASTERSLICE         0
            li1    306352
           met1    398306
           met2     43207
           met3      8797
           met4       658
-------------------------
               757320


[INFO DRT-0195] Start 2nd optimization iteration.
    Completing 10% with 47 violations.
    elapsed time = 00:00:00, memory = 8686.16 (MB).
    Completing 20% with 47 violations.
    elapsed time = 00:00:00, memory = 8686.16 (MB).
    Completing 30% with 45 violations.
    elapsed time = 00:00:01, memory = 8686.16 (MB).
    Completing 40% with 45 violations.
    elapsed time = 00:00:01, memory = 8686.16 (MB).
    Completing 50% with 45 violations.
    elapsed time = 00:00:01, memory = 8686.16 (MB).
    Completing 60% with 37 violations.
    elapsed time = 00:00:01, memory = 8686.16 (MB).
    Completing 70% with 37 violations.
    elapsed time = 00:00:01, memory = 8686.16 (MB).
    Completing 80% with 51 violations.
    elapsed time = 00:00:03, memory = 8686.16 (MB).
    Completing 90% with 51 violations.
    elapsed time = 00:00:03, memory = 8686.16 (MB).
    Completing 100% with 44 violations.
    elapsed time = 00:00:03, memory = 8686.16 (MB).
[INFO DRT-0199]   Number of violations = 44.
Viol/Layer        met1   met2   met3   met4
Metal Spacing        5      0      2      0
Short               22      3     11      1
[INFO DRT-0267] cpu time = 00:00:17, elapsed time = 00:00:03, memory = 8686.16 (MB), peak = 9036.00 (MB)
Total wire length = 6179600 um.
Total wire length on LAYER li1 = 0 um.
Total wire length on LAYER met1 = 1887316 um.
Total wire length on LAYER met2 = 2766902 um.
Total wire length on LAYER met3 = 1202667 um.
Total wire length on LAYER met4 = 311212 um.
Total wire length on LAYER met5 = 11501 um.
Total number of vias = 757312.
Up-via summary (total 757312):

-------------------------
 FR_MASTERSLICE         0
            li1    306352
           met1    398298
           met2     43207
           met3      8797
           met4       658
-------------------------
               757312


[INFO DRT-0195] Start 3rd guides tiles iteration.
    Completing 10% with 44 violations.
    elapsed time = 00:00:01, memory = 8985.60 (MB).
    Completing 30% with 44 violations.
    elapsed time = 00:00:12, memory = 8240.30 (MB).
    Completing 50% with 44 violations.
    elapsed time = 00:00:18, memory = 7823.82 (MB).
    Completing 60% with 0 violations.
    elapsed time = 00:00:18, memory = 7826.10 (MB).
    Completing 80% with 0 violations.
    elapsed time = 00:00:18, memory = 7826.11 (MB).
    Completing 100% with 0 violations.
    elapsed time = 00:00:18, memory = 7826.11 (MB).
[INFO DRT-0199]   Number of violations = 0.
[INFO DRT-0267] cpu time = 00:00:30, elapsed time = 00:00:18, memory = 7878.04 (MB), peak = 9048.13 (MB)
Total wire length = 6179500 um.
Total wire length on LAYER li1 = 0 um.
Total wire length on LAYER met1 = 1887638 um.
Total wire length on LAYER met2 = 2766904 um.
Total wire length on LAYER met3 = 1201364 um.
Total wire length on LAYER met4 = 311191 um.
Total wire length on LAYER met5 = 12401 um.
Total number of vias = 757305.
Up-via summary (total 757305):

-------------------------
 FR_MASTERSLICE         0
            li1    306347
           met1    398310
           met2     43185
           met3      8803
           met4       660
-------------------------
               757305


[INFO DRT-0198] Complete detail routing.
Total wire length = 6179500 um.
Total wire length on LAYER li1 = 0 um.
Total wire length on LAYER met1 = 1887638 um.
Total wire length on LAYER met2 = 2766904 um.
Total wire length on LAYER met3 = 1201364 um.
Total wire length on LAYER met4 = 311191 um.
Total wire length on LAYER met5 = 12401 um.
Total number of vias = 757305.
Up-via summary (total 757305):

-------------------------
 FR_MASTERSLICE         0
            li1    306347
           met1    398310
           met2     43185
           met3      8803
           met4       660
-------------------------
               757305


[INFO DRT-0267] cpu time = 00:42:59, elapsed time = 00:05:39, memory = 7906.53 (MB), peak = 9048.13 (MB)

[INFO DRT-0180] Post processing.
[INFO DRT-0501] Runtime: 528.59s
[INFO ANT-0002] Found 4 net violations.
[INFO ANT-0001] Found 4 pin violations.
[INFO GRT-0012] Found 4 antenna violations.
[INFO DPL-0006] Core area: 15393693.77 um^2
[INFO DPL-0007] Movable instances area: 55.05 um^2
[INFO DPL-0008] Fixed instances area within core: 2096072.80 um^2
[INFO DPL-0009] Utilization: 13.6%
[INFO DPL-0005] Diamond search max displacement: +/- 500 sites horizontally, +/- 100 rows vertically.
[INFO DPL-1102] Legalizing using negotiation legalizer.
[INFO DPL-1103] Negotiation base search window: +/-20 sites horizontally, +/-5 rows vertically 
	Automatic search window extension enabled.
	Search window extendable up to the max displacement cap of +/-500 sites, +/-100 rows near walls.
[INFO DPL-1104] NegotiationLegalizer DRC penalty: 5.
[INFO DPL-0392] Negotiation cell height distribution (1 unique row-count(s)):
[INFO DPL-0393]   height 1 row(s): 287118 cells
          |      Total |  Illegal |  Illegal
Iteration | Violations |    Cells |    Sites
---------------------------------------------
        0 |          0 |         0 |         0
Negotiation phase 1 converged at iteration 0.
[INFO DPL-0500] Runtime: 2.07s
[INFO GRT-0015] Inserted 31 diodes.
[INFO DRT-0018]   Complete 100000 insts.
[INFO DRT-0018]   Complete 200000 insts.
[INFO DRT-0024]   Complete FR_MASTERSLICE.
[INFO DRT-0024]   Complete Fr_VIA.
[INFO DRT-0024]   Complete li1.
[INFO DRT-0024]   Complete mcon.
[INFO DRT-0024]   Complete met1.
[INFO DRT-0024]   Complete via.
[INFO DRT-0024]   Complete met2.
[INFO DRT-0024]   Complete via2.
[INFO DRT-0024]   Complete met3.
[INFO DRT-0024]   Complete via3.
[INFO DRT-0024]   Complete met4.
[INFO DRT-0024]   Complete via4.
[INFO DRT-0024]   Complete met5.
[INFO DRT-0165] Start pin access.
[INFO DRT-0076]   Complete 1000 pins.
[INFO DRT-0076]   Complete 2000 pins.
[INFO DRT-0078]   Complete 2117 pins.
[INFO DRT-0079]   Complete 100 unique inst patterns.
[INFO DRT-0079]   Complete 200 unique inst patterns.
[INFO DRT-0081]   Complete 268 unique inst patterns.
[INFO DRT-0082]   Complete 10000 groups.
[INFO DRT-0082]   Complete 20000 groups.
[INFO DRT-0082]   Complete 30000 groups.
[INFO DRT-0082]   Complete 40000 groups.
[INFO DRT-0082]   Complete 50000 groups.
[INFO DRT-0082]   Complete 60000 groups.
[INFO DRT-0084]   Complete 67457 groups.
#scanned instances     = 287118
#unique  instances     = 268
#stdCellGenAp          = 8679
#stdCellValidPlanarAp  = 139
#stdCellValidViaAp     = 6106
#stdCellPinNoAp        = 7
#stdCellPinCnt         = 313235
#instTermValidViaApCnt = 0
#macroGenAp            = 0
#macroValidPlanarAp    = 0
#macroValidViaAp       = 0
#macroNoAp             = 0
[INFO DRT-0166] Complete pin access.
[INFO DRT-0267] cpu time = 00:22:56, elapsed time = 00:02:40, memory = 8216.42 (MB), peak = 9048.13 (MB)
[INFO DRT-0156] guideIn read 100000 guides.
[INFO DRT-0156] guideIn read 200000 guides.
[INFO DRT-0156] guideIn read 300000 guides.
[INFO DRT-0156] guideIn read 400000 guides.
[INFO DRT-0156] guideIn read 500000 guides.
[INFO DRT-0156] guideIn read 600000 guides.
[INFO DRT-0156] guideIn read 700000 guides.
[INFO DRT-0156] guideIn read 800000 guides.
[INFO DRT-0156] guideIn read 900000 guides.

[INFO DRT-0157] Number of guides:     905878

[INFO DRT-0169] Post process guides.
[INFO DRT-0176] GCELLGRID X 0 DO 569 STEP 6900 ;
[INFO DRT-0177] GCELLGRID Y 0 DO 569 STEP 6900 ;
[INFO DRT-0026]   Complete 100000 origin guides.
[INFO DRT-0026]   Complete 200000 origin guides.
[INFO DRT-0026]   Complete 300000 origin guides.
[INFO DRT-0026]   Complete 400000 origin guides.
[INFO DRT-0026]   Complete 500000 origin guides.
[INFO DRT-0026]   Complete 600000 origin guides.
[INFO DRT-0026]   Complete 700000 origin guides.
[INFO DRT-0026]   Complete 800000 origin guides.
[INFO DRT-0026]   Complete 900000 origin guides.
[INFO DRT-0028]   Complete FR_MASTERSLICE.
[INFO DRT-0028]   Complete Fr_VIA.
[INFO DRT-0028]   Complete li1.
[INFO DRT-0028]   Complete mcon.
[INFO DRT-0028]   Complete met1.
[INFO DRT-0028]   Complete via.
[INFO DRT-0028]   Complete met2.
[INFO DRT-0028]   Complete via2.
[INFO DRT-0028]   Complete met3.
[INFO DRT-0028]   Complete via3.
[INFO DRT-0028]   Complete met4.
[INFO DRT-0028]   Complete via4.
[INFO DRT-0028]   Complete met5.
[INFO DRT-0178] Init guide query.
[INFO DRT-0035]   Complete FR_MASTERSLICE (guide).
[INFO DRT-0035]   Complete Fr_VIA (guide).
[INFO DRT-0035]   Complete li1 (guide).
[INFO DRT-0035]   Complete mcon (guide).
[INFO DRT-0035]   Complete met1 (guide).
[INFO DRT-0035]   Complete via (guide).
[INFO DRT-0035]   Complete met2 (guide).
[INFO DRT-0035]   Complete via2 (guide).
[INFO DRT-0035]   Complete met3 (guide).
[INFO DRT-0035]   Complete via3 (guide).
[INFO DRT-0035]   Complete met4 (guide).
[INFO DRT-0035]   Complete via4 (guide).
[INFO DRT-0035]   Complete met5 (guide).
[INFO DRT-0036] FR_MASTERSLICE guide region query size = 0.
[INFO DRT-0036] FR_VIA guide region query size = 0.
[INFO DRT-0036] li1 guide region query size = 267432.
[INFO DRT-0036] mcon guide region query size = 0.
[INFO DRT-0036] met1 guide region query size = 268888.
[INFO DRT-0036] via guide region query size = 0.
[INFO DRT-0036] met2 guide region query size = 164605.
[INFO DRT-0036] via2 guide region query size = 0.
[INFO DRT-0036] met3 guide region query size = 25330.
[INFO DRT-0036] via3 guide region query size = 0.
[INFO DRT-0036] met4 guide region query size = 6205.
[INFO DRT-0036] via4 guide region query size = 0.
[INFO DRT-0036] met5 guide region query size = 358.
[INFO DRT-0179] Init gr pin query.
[INFO DRT-0267] cpu time = 00:00:04, elapsed time = 00:00:01, memory = 8221.31 (MB), peak = 9048.13 (MB)
[INFO DRT-0245] skipped writing guide updates to database.
[INFO DRT-0181] Start track assignment.
[INFO DRT-0184] Done with 438242 vertical wires in 12 frboxes and 294576 horizontal wires in 12 frboxes.
[INFO DRT-0186] Done with 43361 vertical wires in 12 frboxes and 74039 horizontal wires in 12 frboxes.
[INFO DRT-0182] Complete track assignment.
[INFO DRT-0267] cpu time = 00:01:38, elapsed time = 00:00:25, memory = 8356.81 (MB), peak = 9048.13 (MB)
[INFO DRT-0187] Start routing data preparation.
[INFO DRT-0267] cpu time = 00:00:01, elapsed time = 00:00:01, memory = 8356.88 (MB), peak = 9048.13 (MB)
[INFO DRT-0194] Start detail routing.
[INFO DRT-0195] Start 0th optimization iteration.
    Completing 10% with 0 violations.
    elapsed time = 00:00:12, memory = 8448.81 (MB).
    Completing 20% with 0 violations.
    elapsed time = 00:00:33, memory = 8577.32 (MB).
    Completing 30% with 75 violations.
    elapsed time = 00:00:43, memory = 8578.14 (MB).
    Completing 40% with 75 violations.
    elapsed time = 00:00:59, memory = 8612.04 (MB).
    Completing 50% with 75 violations.
    elapsed time = 00:01:18, memory = 8636.29 (MB).
    Completing 60% with 110 violations.
    elapsed time = 00:01:33, memory = 8636.29 (MB).
    Completing 70% with 132 violations.
    elapsed time = 00:01:53, memory = 8645.30 (MB).
    Completing 80% with 191 violations.
    elapsed time = 00:02:04, memory = 8643.13 (MB).
    Completing 90% with 191 violations.
    elapsed time = 00:02:20, memory = 8651.95 (MB).
    Completing 100% with 214 violations.
    elapsed time = 00:02:41, memory = 8651.33 (MB).
[INFO DRT-0199]   Number of violations = 304.
Viol/Layer         li1   met1   met2   met3   met4
Metal Spacing        0     17     10      9      0
Recheck              1     22     29     22     16
Short                0     66     34     41     37
[INFO DRT-0267] cpu time = 00:21:18, elapsed time = 00:02:41, memory = 8651.33 (MB), peak = 9048.13 (MB)
Total wire length = 6179640 um.
Total wire length on LAYER li1 = 0 um.
Total wire length on LAYER met1 = 1887689 um.
Total wire length on LAYER met2 = 2766962 um.
Total wire length on LAYER met3 = 1202252 um.
Total wire length on LAYER met4 = 311234 um.
Total wire length on LAYER met5 = 11501 um.
Total number of vias = 757348.
Up-via summary (total 757348):

-------------------------
 FR_MASTERSLICE         0
            li1    306384
           met1    398341
           met2     43171
           met3      8794
           met4       658
-------------------------
               757348


[INFO DRT-0195] Start 1st optimization iteration.
    Completing 10% with 304 violations.
    elapsed time = 00:00:12, memory = 8651.33 (MB).
    Completing 20% with 304 violations.
    elapsed time = 00:00:32, memory = 8651.33 (MB).
    Completing 30% with 197 violations.
    elapsed time = 00:00:43, memory = 8651.33 (MB).
    Completing 40% with 197 violations.
    elapsed time = 00:00:58, memory = 8651.33 (MB).
    Completing 50% with 197 violations.
    elapsed time = 00:01:19, memory = 8651.34 (MB).
    Completing 60% with 157 violations.
    elapsed time = 00:01:34, memory = 8651.34 (MB).
    Completing 70% with 157 violations.
    elapsed time = 00:01:54, memory = 8680.33 (MB).
    Completing 80% with 71 violations.
    elapsed time = 00:02:05, memory = 8651.97 (MB).
    Completing 90% with 71 violations.
    elapsed time = 00:02:22, memory = 8670.04 (MB).
    Completing 100% with 28 violations.
    elapsed time = 00:02:43, memory = 8651.50 (MB).
[INFO DRT-0199]   Number of violations = 28.
Viol/Layer        met1   met2   met3   met4
Metal Spacing        0      0      5      0
Short                4      3      7      9
[INFO DRT-0267] cpu time = 00:21:28, elapsed time = 00:02:43, memory = 8651.50 (MB), peak = 9048.13 (MB)
Total wire length = 6179618 um.
Total wire length on LAYER li1 = 0 um.
Total wire length on LAYER met1 = 1887717 um.
Total wire length on LAYER met2 = 2766932 um.
Total wire length on LAYER met3 = 1202239 um.
Total wire length on LAYER met4 = 311227 um.
Total wire length on LAYER met5 = 11501 um.
Total number of vias = 757326.
Up-via summary (total 757326):

-------------------------
 FR_MASTERSLICE         0
            li1    306383
           met1    398320
           met2     43168
           met3      8797
           met4       658
-------------------------
               757326


[INFO DRT-0195] Start 2nd optimization iteration.
    Completing 10% with 28 violations.
    elapsed time = 00:00:00, memory = 8651.50 (MB).
    Completing 20% with 28 violations.
    elapsed time = 00:00:00, memory = 8651.50 (MB).
    Completing 30% with 17 violations.
    elapsed time = 00:00:00, memory = 8651.50 (MB).
    Completing 40% with 17 violations.
    elapsed time = 00:00:00, memory = 8651.51 (MB).
    Completing 50% with 17 violations.
    elapsed time = 00:00:01, memory = 8651.51 (MB).
    Completing 60% with 13 violations.
    elapsed time = 00:00:01, memory = 8651.51 (MB).
    Completing 70% with 13 violations.
    elapsed time = 00:00:01, memory = 8651.51 (MB).
    Completing 80% with 14 violations.
    elapsed time = 00:00:02, memory = 8651.51 (MB).
    Completing 90% with 14 violations.
    elapsed time = 00:00:02, memory = 8651.51 (MB).
    Completing 100% with 12 violations.
    elapsed time = 00:00:02, memory = 8651.51 (MB).
[INFO DRT-0199]   Number of violations = 12.
Viol/Layer        met3   met4
Metal Spacing        2      0
Short                9      1
[INFO DRT-0267] cpu time = 00:00:08, elapsed time = 00:00:02, memory = 8651.51 (MB), peak = 9048.13 (MB)
Total wire length = 6179607 um.
Total wire length on LAYER li1 = 0 um.
Total wire length on LAYER met1 = 1887722 um.
Total wire length on LAYER met2 = 2766931 um.
Total wire length on LAYER met3 = 1202234 um.
Total wire length on LAYER met4 = 311217 um.
Total wire length on LAYER met5 = 11501 um.
Total number of vias = 757325.
Up-via summary (total 757325):

-------------------------
 FR_MASTERSLICE         0
            li1    306383
           met1    398319
           met2     43168
           met3      8797
           met4       658
-------------------------
               757325


[INFO DRT-0195] Start 3rd guides tiles iteration.
    Completing 50% with 12 violations.
    elapsed time = 00:00:04, memory = 8816.62 (MB).
    Completing 100% with 0 violations.
    elapsed time = 00:00:11, memory = 8226.56 (MB).
[INFO DRT-0199]   Number of violations = 0.
[INFO DRT-0267] cpu time = 00:00:15, elapsed time = 00:00:11, memory = 8230.20 (MB), peak = 9108.42 (MB)
Total wire length = 6179556 um.
Total wire length on LAYER li1 = 0 um.
Total wire length on LAYER met1 = 1887855 um.
Total wire length on LAYER met2 = 2766956 um.
Total wire length on LAYER met3 = 1201153 um.
Total wire length on LAYER met4 = 311190 um.
Total wire length on LAYER met5 = 12401 um.
Total number of vias = 757346.
Up-via summary (total 757346):

-------------------------
 FR_MASTERSLICE         0
            li1    306383
           met1    398330
           met2     43170
           met3      8803
           met4       660
-------------------------
               757346


[INFO DRT-0198] Complete detail routing.
Total wire length = 6179556 um.
Total wire length on LAYER li1 = 0 um.
Total wire length on LAYER met1 = 1887855 um.
Total wire length on LAYER met2 = 2766956 um.
Total wire length on LAYER met3 = 1201153 um.
Total wire length on LAYER met4 = 311190 um.
Total wire length on LAYER met5 = 12401 um.
Total number of vias = 757346.
Up-via summary (total 757346):

-------------------------
 FR_MASTERSLICE         0
            li1    306383
           met1    398330
           met2     43170
           met3      8803
           met4       660
-------------------------
               757346


[INFO DRT-0267] cpu time = 00:43:11, elapsed time = 00:05:40, memory = 8237.73 (MB), peak = 9108.42 (MB)

[INFO DRT-0180] Post processing.
[INFO DRT-0501] Runtime: 535.98s
[INFO ANT-0002] Found 1 net violations.
[INFO ANT-0001] Found 1 pin violations.
[INFO ANT-0002] Found 1 net violations.
[INFO ANT-0001] Found 1 pin violations.
Design area 2096128 um^2 14% utilization.
write_db ./results/sky130hd/d_nw01_cand_chat_scored/base/5_2_route.odb
Elapsed time: 1:23:54.36[h:]min:sec. CPU time: user 39343.63 sys 41.08 (782%). Peak memory: 9327020KB.
Log                       Ext     Elapsed/s Peak Memory/MB sha1sum result [0:20)
5_2_route                 .odb         5034           9108 05108a9dc3e9462d7262
/OpenROAD-flow-scripts/flow/scripts/flow.sh 5_3_fillcell fillcell
Running fillcell.tcl, stage 5_3_fillcell
read_liberty /OpenROAD-flow-scripts/flow/platforms/sky130hd/lib/sky130_fd_sc_hd__tt_025C_1v80.lib
read_db ./results/sky130hd/d_nw01_cand_chat_scored/base/5_2_route.odb
read_sdc ./results/sky130hd/d_nw01_cand_chat_scored/base/5_1_grt.sdc
source /OpenROAD-flow-scripts/flow/platforms/sky130hd/setRC.tcl
[WARNING STA-0450] virtual clock vclk_core_clock can not be propagated.
filler_placement "sky130_fd_sc_hd__fill_1 sky130_fd_sc_hd__fill_2 sky130_fd_sc_hd__fill_4 sky130_fd_sc_hd__fill_8"
[INFO DPL-0001] Placed 1691183 filler instances.
Design area 2096128 um^2 14% utilization.
write_db ./results/sky130hd/d_nw01_cand_chat_scored/base/5_3_fillcell.odb
Took 7 seconds: write_db ./results/sky130hd/d_nw01_cand_chat_scored/base/5_3_fillcell.odb
Elapsed time: 0:16.67[h:]min:sec. CPU time: user 11.32 sys 1.87 (79%). Peak memory: 2763684KB.
Log                       Ext     Elapsed/s Peak Memory/MB sha1sum result [0:20)
5_3_fillcell              .odb           16           2698 451ab9039cb71095f81a
cp ./results/sky130hd/d_nw01_cand_chat_scored/base/5_3_fillcell.odb ./results/sky130hd/d_nw01_cand_chat_scored/base/5_route.odb
cp ./results/sky130hd/d_nw01_cand_chat_scored/base/5_1_grt.sdc ./results/sky130hd/d_nw01_cand_chat_scored/base/5_route.sdc
/OpenROAD-flow-scripts/flow/scripts/flow.sh 6_1_fill density_fill
Running density_fill.tcl, stage 6_1_fill
read_liberty /OpenROAD-flow-scripts/flow/platforms/sky130hd/lib/sky130_fd_sc_hd__tt_025C_1v80.lib
read_db ./results/sky130hd/d_nw01_cand_chat_scored/base/5_route.odb
read_sdc ./results/sky130hd/d_nw01_cand_chat_scored/base/5_route.sdc
source /OpenROAD-flow-scripts/flow/platforms/sky130hd/setRC.tcl
exec cp ./results/sky130hd/d_nw01_cand_chat_scored/base/5_route.odb ./results/sky130hd/d_nw01_cand_chat_scored/base/6_1_fill.odb
Elapsed time: 0:06.93[h:]min:sec. CPU time: user 4.28 sys 1.40 (81%). Peak memory: 1659680KB.
Log                       Ext     Elapsed/s Peak Memory/MB sha1sum result [0:20)
6_1_fill                  .odb            6           1620 451ab9039cb71095f81a
cp ./results/sky130hd/d_nw01_cand_chat_scored/base/5_route.sdc ./results/sky130hd/d_nw01_cand_chat_scored/base/6_1_fill.sdc
/OpenROAD-flow-scripts/flow/scripts/flow.sh 6_report final_report
Running final_report.tcl, stage 6_report
read_liberty /OpenROAD-flow-scripts/flow/platforms/sky130hd/lib/sky130_fd_sc_hd__tt_025C_1v80.lib
read_db ./results/sky130hd/d_nw01_cand_chat_scored/base/6_1_fill.odb
read_sdc ./results/sky130hd/d_nw01_cand_chat_scored/base/6_1_fill.sdc
source /OpenROAD-flow-scripts/flow/platforms/sky130hd/setRC.tcl
[WARNING STA-0450] virtual clock vclk_core_clock can not be propagated.
write_db ./results/sky130hd/d_nw01_cand_chat_scored/base/6_final.odb
Took 6 seconds: write_db ./results/sky130hd/d_nw01_cand_chat_scored/base/6_final.odb
write_sdc -no_timestamp ./results/sky130hd/d_nw01_cand_chat_scored/base/6_final.sdc
Deleted 0 routing obstructions
Warning: master sky130_ef_sc_hd__decap_12 has signal pins but no liberty cell
[INFO RCX-0431] Defined process_corner X with ext_model_index 0
[INFO RCX-0029] Defined extraction corner X
[WARNING RCX-0514] The ext_model_file option is deprecated. Use set_extraction_rules_file command instead.
[INFO RCX-0435] Reading extraction model file /OpenROAD-flow-scripts/flow/platforms/sky130hd/rcx_patterns.rules ...
[INFO RCX-0436] RC segment generation axi4_xbar (max_merge_res 50.0) ...
[INFO RCX-0040] Final 449622 rc segments
[INFO RCX-0439] Coupling Cap extraction axi4_xbar ...
[INFO RCX-0440] Coupling threshhold is 0.1000 fF, coupling capacitance less than 0.1000 fF will be grounded.
[INFO RCX-0442] 8% of 1240686 wires extracted
[INFO RCX-0442] 23% of 1240686 wires extracted
[INFO RCX-0442] 41% of 1240686 wires extracted
[INFO RCX-0442] 50% of 1240686 wires extracted
[INFO RCX-0442] 59% of 1240686 wires extracted
[INFO RCX-0442] 69% of 1240686 wires extracted
[INFO RCX-0442] 77% of 1240686 wires extracted
[INFO RCX-0442] 85% of 1240686 wires extracted
[INFO RCX-0442] 91% of 1240686 wires extracted
[INFO RCX-0442] 95% of 1240686 wires extracted
[INFO RCX-0442] 100% of 1240686 wires extracted
[INFO RCX-0045] Extract 77996 nets, 527580 rsegs, 527580 caps, 904712 ccs
[INFO RCX-0443] 77996 nets finished
[INFO PSM-0040] All shapes on net VDD are connected.
########## IR report #################
Net              : VDD
Corner           : default
Total power      : 4.77e-01 W
Supply voltage   : 1.80e+00 V
Worstcase voltage: 1.80e+00 V
Average voltage  : 1.80e+00 V
Average IR drop  : 6.13e-06 V
Worstcase IR drop: 4.79e-04 V
Percentage drop  : 0.03 %
######################################
[INFO PSM-0040] All shapes on net VSS are connected.
########## IR report #################
Net              : VSS
Corner           : default
Total power      : 4.77e-01 W
Supply voltage   : 0.00e+00 V
Worstcase voltage: 4.59e-04 V
Average voltage  : 6.15e-06 V
Average IR drop  : 6.15e-06 V
Worstcase IR drop: 4.59e-04 V
Percentage drop  : 0.03 %
######################################
Cell type report:                       Count       Area
  Fill cell                           1691183 13297565.92
  Tap cell                             205048  256556.06
  Antenna cell                           2150    5380.16
  Clock buffer                           5499  118157.07
  Timing Repair Buffer                  12133  161138.29
  Inverter                                200     778.25
  Clock inverter                         2245   19775.22
  Sequential cell                       39560 1187913.05
  Multi-Input combinational cell        20283  346429.75
  Total                               1978301 15393693.77
Report metrics stage 6, finish...

==========================================================================
finish report_design_area
--------------------------------------------------------------------------
Design area 2096128 um^2 14% utilization.
[WARNING GUI-0076] QStandardPaths: XDG_RUNTIME_DIR not set, defaulting to '/tmp/runtime-'
Elapsed time: 4:31.40[h:]min:sec. CPU time: user 332.61 sys 26.04 (132%). Peak memory: 6962256KB.
Log                       Ext     Elapsed/s Peak Memory/MB sha1sum result [0:20)
6_report                                271           6799                  N/A
cp /OpenROAD-flow-scripts/flow/platforms/sky130hd/lef/sky130_fd_sc_hd.tlef ./objects/sky130hd/d_nw01_cand_chat_scored/base/klayout_tech.lef
/usr/bin/python3 /OpenROAD-flow-scripts/flow/util/generate_klayout_tech.py \
	--template /OpenROAD-flow-scripts/flow/platforms/sky130hd/sky130hd.lyt \
	--output ./objects/sky130hd/d_nw01_cand_chat_scored/base/klayout.lyt \
	--lef-files ./objects/sky130hd/d_nw01_cand_chat_scored/base/klayout_tech.lef /OpenROAD-flow-scripts/flow/platforms/sky130hd/lef/sky130_fd_sc_hd_merged.lef   \
	--map-files 
/usr/bin/python3 /OpenROAD-flow-scripts/flow/scripts/run_command.py --log /OpenROAD-flow-scripts/flow/logs/sky130hd/d_nw01_cand_chat_scored/base/6_1_merge.log --tee -- \
        /OpenROAD-flow-scripts/flow/scripts/klayout.sh -zz -rd design_name=axi4_xbar \
        -rd in_def=./results/sky130hd/d_nw01_cand_chat_scored/base/6_final.def \
        -rd in_files="/OpenROAD-flow-scripts/flow/platforms/sky130hd/gds/sky130_fd_sc_hd.gds  " \
        -rd seal_file="" \
        -rd out_file=./results/sky130hd/d_nw01_cand_chat_scored/base/6_1_merged.gds \
        -rd tech_file=./objects/sky130hd/d_nw01_cand_chat_scored/base/klayout.lyt \
        -rd layer_map= \
        -r /OpenROAD-flow-scripts/flow/util/def2stream.py
KLayout 0.30.7
[INFO] Reporting cells prior to loading DEF ...
	/OpenROAD-flow-scripts/flow/platforms/sky130hd/gds/sky130_fd_sc_hd.gds
[INFO] All LEF cells have matching GDS/OAS cells
[INFO] No orphan cells in the final layout
Elapsed time: 0:29.38[h:]min:sec. CPU time: user 27.04 sys 1.68 (97%). Peak memory: 2650584KB.
cp results/sky130hd/d_nw01_cand_chat_scored/base/6_1_merged.gds results/sky130hd/d_nw01_cand_chat_scored/base/6_final.gds
./logs/sky130hd/d_nw01_cand_chat_scored/base
Log                       Ext     Elapsed/s Peak Memory/MB sha1sum result [0:20)
1_1_yosys_canonicalize    .rtlil          0            117 32a68f75536c3a91399d
1_2_yosys                 .v            243            638 85b96487e662b1c5c945
1_2_yosys                 .sdc                             b0f18e6cf9ff4d94523b
1_synth                   .odb            2            340 8a7a57adfd0a954d5947
1_synth                   .sdc                             50049dde2843831da7a8
2_1_floorplan             .odb          129            486 46d163fcf52047a7a79c
2_1_floorplan             .sdc                             50049dde2843831da7a8
2_2_floorplan_macro       .odb            1            255 46d163fcf52047a7a79c
2_3_floorplan_tapcell     .odb            2            328 9466274139d666231869
2_4_floorplan_pdn         .odb           11           1034 0827f2c608d9f4c998f0
3_1_place_gp_skip_io      .odb           50            647 22bd89ff5ef956be64cd
3_2_place_iop             .odb            3            545 54f1ee7cc0207f209600
3_3_place_gp              .odb          282           1927 c941e0303932f227d812
3_4_place_resized         .odb           96            856 1215e7bfbc2e6d0fe1fe
3_5_place_dp              .odb          132           1549 9183220bbc07c153184f
4_1_cts                   .odb          273           1625 12b1d2f8720cceedcf5f
5_1_grt                   .odb          839           4451 655b7402a64847bff48a
5_1_grt                   .sdc                             3e4371435aea19a3f97c
5_2_route                 .odb         5034           9108 05108a9dc3e9462d7262
5_3_fillcell              .odb           16           2698 451ab9039cb71095f81a
6_1_fill                  .odb            6           1620 451ab9039cb71095f81a
6_1_fill                  .sdc                             3e4371435aea19a3f97c
6_1_merge                                29           2588                  N/A
6_report                                271           6799                  N/A
Total                                  7419           9108                     
