clean build: wiped sky130hd/d_dsp03_multifmt_fma (results, logs, objects, reports)
constraining to CLK_PERIOD_NS=47.2500 (SDC + synthesis)
OPENROAD: /OpenROAD-flow-scripts/tools/OpenROAD
mkdir -p results/sky130hd/d_dsp03_multifmt_fma/base/
echo 47250 > results/sky130hd/d_dsp03_multifmt_fma/base/clock_period.txt
/OpenROAD-flow-scripts/flow/scripts/synth.sh /OpenROAD-flow-scripts/flow/scripts/synth_canonicalize.tcl ./logs/sky130hd/d_dsp03_multifmt_fma/base/1_1_yosys_canonicalize.log
Using ABC speed script.
Extracting clock period from SDC file: ./results/sky130hd/d_dsp03_multifmt_fma/base/clock_period.txt
Setting clock period to 47250
1. Executing Liberty frontend: /OpenROAD-flow-scripts/flow/platforms/sky130hd/lib/sky130_fd_sc_hd__tt_025C_1v80.lib
2. Executing Liberty frontend: /OpenROAD-flow-scripts/flow/platforms/sky130hd/lib/sky130_fd_sc_hd__tt_025C_1v80.lib
3. Executing SLANG frontend.
3.1. Executing PROC_CLEAN pass (remove empty switches from decision trees).
3.2. Executing TRIBUF pass.
3.3. Executing PROC_RMDEAD pass (remove dead branches from decision trees).
3.4. Executing PROC_PRUNE pass (remove redundant assignments in processes).
3.5. Executing PROC_INIT pass (extract init attributes).
3.6. Executing PROC_ROM pass (convert switches to ROMs).
3.7. Executing PROC_MUX pass (convert decision trees to multiplexers).
3.8. Executing PROC_CLEAN pass (remove empty switches from decision trees).
3.9. Executing OPT_EXPR pass (perform const folding).
4. Executing HIERARCHY pass (managing design hierarchy).
4.1. Analyzing design hierarchy..
4.2. Analyzing design hierarchy..
5. Executing OPT_CLEAN pass (remove unused cells and wires).
6. Executing RTLIL backend.
End of script. Logfile hash: ab1b3ad570, time: 0.25s, user: 0.21s, system: 0.03s, MEM: 67.19 MB peak
Yosys 0.68+post (git sha1 UNKNOWN, Release, GNU /usr/local/bin/wrapped-cc/g++ 11.4.0)
Time spent: 34% 4x read_liberty (0 sec), 29% 2x read_slang (0 sec), ...
Elapsed time: 0:00.26[h:]min:sec. CPU time: user 0.23 sys 0.03 (101%). Peak memory: 69896KB.
Log                       Ext     Elapsed/s Peak Memory/MB sha1sum result [0:20)
1_1_yosys_canonicalize    .rtlil          0             68 b3a63c3fd5704aa92097
/OpenROAD-flow-scripts/flow/scripts/synth.sh /OpenROAD-flow-scripts/flow/scripts/synth.tcl ./logs/sky130hd/d_dsp03_multifmt_fma/base/1_2_yosys.log
Using ABC speed script.
Extracting clock period from SDC file: ./results/sky130hd/d_dsp03_multifmt_fma/base/clock_period.txt
Setting clock period to 47250
1. Executing RTLIL frontend.
2. Executing HIERARCHY pass (managing design hierarchy).
2.1. Analyzing design hierarchy..
2.2. Analyzing design hierarchy..
3. Executing SYNTH pass.
3.1. Executing HIERARCHY pass (managing design hierarchy).
3.1.1. Analyzing design hierarchy..
3.1.2. Analyzing design hierarchy..
3.2. Executing PROC pass (convert processes to netlists).
3.2.1. Executing PROC_CLEAN pass (remove empty switches from decision trees).
3.2.2. Executing PROC_RMDEAD pass (remove dead branches from decision trees).
3.2.3. Executing PROC_PRUNE pass (remove redundant assignments in processes).
3.2.4. Executing PROC_INIT pass (extract init attributes).
3.2.5. Executing PROC_ARST pass (detect async resets in processes).
3.2.6. Executing PROC_ROM pass (convert switches to ROMs).
3.2.7. Executing PROC_MUX pass (convert decision trees to multiplexers).
3.2.8. Executing PROC_DLATCH pass (convert process syncs to latches).
3.2.9. Executing PROC_DFF pass (convert process syncs to FFs).
3.2.10. Executing PROC_MEMWR pass (convert process memory writes to cells).
3.2.11. Executing PROC_CLEAN pass (remove empty switches from decision trees).
3.2.12. Executing OPT_EXPR pass (perform const folding).
3.3. Executing CHECK pass (checking for obvious problems).
3.4. Executing FLATTEN pass (flatten design).
3.5. Executing OPT_EXPR pass (perform const folding).
3.6. Executing OPT_CLEAN pass (remove unused cells and wires).
3.7. Executing CHECK pass (checking for obvious problems).
3.8. Executing OPT pass (performing simple optimizations).
3.8.1. Executing OPT_EXPR pass (perform const folding).
3.8.2. Executing OPT_MERGE pass (detect identical cells).
3.8.3. Executing OPT_MUXTREE pass (detect dead branches in mux trees).
3.8.4. Executing OPT_REDUCE pass (consolidate $*mux and $reduce_* inputs).
3.8.5. Executing OPT_MERGE pass (detect identical cells).
3.8.6. Executing OPT_DFF pass (perform DFF optimizations).
3.8.7. Executing OPT_CLEAN pass (remove unused cells and wires).
3.8.8. Executing OPT_EXPR pass (perform const folding).
3.8.9. Rerunning OPT passes. (Maybe there is more to do..)
3.8.10. Executing OPT_MUXTREE pass (detect dead branches in mux trees).
3.8.11. Executing OPT_REDUCE pass (consolidate $*mux and $reduce_* inputs).
3.8.12. Executing OPT_MERGE pass (detect identical cells).
3.8.13. Executing OPT_DFF pass (perform DFF optimizations).
3.8.14. Executing OPT_CLEAN pass (remove unused cells and wires).
3.8.15. Executing OPT_EXPR pass (perform const folding).
3.8.16. Finished fast OPT passes. (There is nothing left to do.)
3.9. Executing FSM pass (extract and optimize FSM).
3.9.1. Executing FSM_DETECT pass (finding FSMs in design).
3.9.2. Executing FSM_EXTRACT pass (extracting FSM from design).
3.9.3. Executing FSM_OPT pass (simple optimizations of FSMs).
3.9.4. Executing OPT_CLEAN pass (remove unused cells and wires).
3.9.5. Executing FSM_OPT pass (simple optimizations of FSMs).
3.9.6. Executing FSM_RECODE pass (re-assigning FSM state encoding).
3.9.7. Executing FSM_INFO pass (dumping all available information on FSM cells).
3.9.8. Executing FSM_MAP pass (mapping FSMs to basic logic).
3.10. Executing OPT pass (performing simple optimizations).
3.10.1. Executing OPT_EXPR pass (perform const folding).
3.10.2. Executing OPT_MERGE pass (detect identical cells).
3.10.3. Executing OPT_MUXTREE pass (detect dead branches in mux trees).
3.10.4. Executing OPT_REDUCE pass (consolidate $*mux and $reduce_* inputs).
3.10.5. Executing OPT_MERGE pass (detect identical cells).
3.10.6. Executing OPT_DFF pass (perform DFF optimizations).
3.10.7. Executing OPT_CLEAN pass (remove unused cells and wires).
3.10.8. Executing OPT_EXPR pass (perform const folding).
3.10.9. Finished fast OPT passes. (There is nothing left to do.)
3.11. Executing WREDUCE pass (reducing word size of cells).
3.12. Executing PEEPOPT pass (run peephole optimizers).
3.13. Executing OPT_CLEAN pass (remove unused cells and wires).
3.14. Executing ALUMACC pass (create $alu and $macc cells).
3.15. Executing SHARE pass (SAT-based resource sharing).
3.16. Executing OPT pass (performing simple optimizations).
3.16.1. Executing OPT_EXPR pass (perform const folding).
3.16.2. Executing OPT_MERGE pass (detect identical cells).
3.16.3. Executing OPT_MUXTREE pass (detect dead branches in mux trees).
3.16.4. Executing OPT_REDUCE pass (consolidate $*mux and $reduce_* inputs).
3.16.5. Executing OPT_MERGE pass (detect identical cells).
3.16.6. Executing OPT_DFF pass (perform DFF optimizations).
3.16.7. Executing OPT_CLEAN pass (remove unused cells and wires).
3.16.8. Executing OPT_EXPR pass (perform const folding).
3.16.9. Rerunning OPT passes. (Maybe there is more to do..)
3.16.10. Executing OPT_MUXTREE pass (detect dead branches in mux trees).
3.16.11. Executing OPT_REDUCE pass (consolidate $*mux and $reduce_* inputs).
3.16.12. Executing OPT_MERGE pass (detect identical cells).
3.16.13. Executing OPT_DFF pass (perform DFF optimizations).
3.16.14. Executing OPT_CLEAN pass (remove unused cells and wires).
3.16.15. Executing OPT_EXPR pass (perform const folding).
3.16.16. Finished fast OPT passes. (There is nothing left to do.)
3.17. Executing MEMORY pass.
3.17.1. Executing OPT_MEM pass (optimize memories).
3.17.2. Executing OPT_MEM_PRIORITY pass (removing unnecessary memory write priority relations).
3.17.3. Executing OPT_MEM_FEEDBACK pass (finding memory read-to-write feedback paths).
3.17.4. Executing MEMORY_BMUX2ROM pass (converting muxes to ROMs).
3.17.5. Executing MEMORY_DFF pass (merging $dff cells to $memrd).
3.17.6. Executing OPT_CLEAN pass (remove unused cells and wires).
3.17.7. Executing MEMORY_SHARE pass (consolidating $memrd/$memwr cells).
3.17.8. Executing OPT_MEM_WIDEN pass (optimize memories where all ports are wide).
3.17.9. Executing OPT_CLEAN pass (remove unused cells and wires).
3.17.10. Executing MEMORY_COLLECT pass (generating $mem cells).
3.18. Executing OPT_CLEAN pass (remove unused cells and wires).
4. Executing SYNTH pass.
4.1. Executing OPT pass (performing simple optimizations).
4.1.1. Executing OPT_EXPR pass (perform const folding).
4.1.2. Executing OPT_MERGE pass (detect identical cells).
4.1.3. Executing OPT_DFF pass (perform DFF optimizations).
4.1.4. Executing OPT_CLEAN pass (remove unused cells and wires).
4.1.5. Finished fast OPT passes.
4.2. Executing MEMORY_MAP pass (converting memories to logic and flip-flops).
4.3. Executing OPT pass (performing simple optimizations).
4.3.1. Executing OPT_EXPR pass (perform const folding).
4.3.2. Executing OPT_MERGE pass (detect identical cells).
4.3.3. Executing OPT_MUXTREE pass (detect dead branches in mux trees).
4.3.4. Executing OPT_REDUCE pass (consolidate $*mux and $reduce_* inputs).
4.3.5. Executing OPT_MERGE pass (detect identical cells).
4.3.6. Executing OPT_SHARE pass.
4.3.7. Executing OPT_DFF pass (perform DFF optimizations).
4.3.8. Executing OPT_CLEAN pass (remove unused cells and wires).
4.3.9. Executing OPT_EXPR pass (perform const folding).
4.3.10. Rerunning OPT passes. (Maybe there is more to do..)
4.3.11. Executing OPT_MUXTREE pass (detect dead branches in mux trees).
4.3.12. Executing OPT_REDUCE pass (consolidate $*mux and $reduce_* inputs).
4.3.13. Executing OPT_MERGE pass (detect identical cells).
4.3.14. Executing OPT_SHARE pass.
4.3.15. Executing OPT_DFF pass (perform DFF optimizations).
4.3.16. Executing OPT_CLEAN pass (remove unused cells and wires).
4.3.17. Executing OPT_EXPR pass (perform const folding).
4.3.18. Rerunning OPT passes. (Maybe there is more to do..)
4.3.19. Executing OPT_MUXTREE pass (detect dead branches in mux trees).
4.3.20. Executing OPT_REDUCE pass (consolidate $*mux and $reduce_* inputs).
4.3.21. Executing OPT_MERGE pass (detect identical cells).
4.3.22. Executing OPT_SHARE pass.
4.3.23. Executing OPT_DFF pass (perform DFF optimizations).
4.3.24. Executing OPT_CLEAN pass (remove unused cells and wires).
4.3.25. Executing OPT_EXPR pass (perform const folding).
4.3.26. Rerunning OPT passes. (Maybe there is more to do..)
4.3.27. Executing OPT_MUXTREE pass (detect dead branches in mux trees).
4.3.28. Executing OPT_REDUCE pass (consolidate $*mux and $reduce_* inputs).
4.3.29. Executing OPT_MERGE pass (detect identical cells).
4.3.30. Executing OPT_SHARE pass.
4.3.31. Executing OPT_DFF pass (perform DFF optimizations).
4.3.32. Executing OPT_CLEAN pass (remove unused cells and wires).
4.3.33. Executing OPT_EXPR pass (perform const folding).
4.3.34. Finished fast OPT passes. (There is nothing left to do.)
4.4. Executing TECHMAP pass (map to technology primitives).
4.4.1. Executing Verilog-2005 frontend: /OpenROAD-flow-scripts/tools/install/yosys/bin/../share/yosys/techmap.v
4.4.2. Executing Verilog-2005 frontend: /OpenROAD-flow-scripts/flow/platforms/common/lcu_kogge_stone.v
4.4.3. Continuing TECHMAP pass.
4.4.87. Executing OPT_MUXTREE pass (detect dead branches in mux trees).
4.4.88. Executing OPT_EXPR pass (perform const folding).
4.5. Executing OPT pass (performing simple optimizations).
4.5.1. Executing OPT_EXPR pass (perform const folding).
4.5.2. Executing OPT_MERGE pass (detect identical cells).
4.5.3. Executing OPT_DFF pass (perform DFF optimizations).
4.5.4. Executing OPT_CLEAN pass (remove unused cells and wires).
4.5.5. Finished fast OPT passes.
4.6. Executing HIERARCHY pass (managing design hierarchy).
4.6.1. Analyzing design hierarchy..
4.6.2. Analyzing design hierarchy..
4.7. Printing statistics.
4.8. Executing CHECK pass (checking for obvious problems).
5. Executing OPT pass (performing simple optimizations).
5.1. Executing OPT_EXPR pass (perform const folding).
5.2. Executing OPT_MERGE pass (detect identical cells).
5.3. Executing OPT_MUXTREE pass (detect dead branches in mux trees).
5.4. Executing OPT_REDUCE pass (consolidate $*mux and $reduce_* inputs).
5.5. Executing OPT_MERGE pass (detect identical cells).
5.6. Executing OPT_DFF pass (perform DFF optimizations).
5.7. Executing OPT_CLEAN pass (remove unused cells and wires).
5.8. Executing OPT_EXPR pass (perform const folding).
5.9. Rerunning OPT passes. (Maybe there is more to do..)
5.10. Executing OPT_MUXTREE pass (detect dead branches in mux trees).
5.11. Executing OPT_REDUCE pass (consolidate $*mux and $reduce_* inputs).
5.12. Executing OPT_MERGE pass (detect identical cells).
5.13. Executing OPT_DFF pass (perform DFF optimizations).
5.14. Executing OPT_CLEAN pass (remove unused cells and wires).
5.15. Executing OPT_EXPR pass (perform const folding).
5.16. Finished fast OPT passes. (There is nothing left to do.)
6. Executing EXTRACT_FA pass (find and extract full/half adders).
7. Executing TECHMAP pass (map to technology primitives).
7.1. Executing Verilog-2005 frontend: /OpenROAD-flow-scripts/flow/platforms/sky130hd/cells_adders_hd.v
7.2. Continuing TECHMAP pass.
8. Executing TECHMAP pass (map to technology primitives).
8.1. Executing Verilog-2005 frontend: /OpenROAD-flow-scripts/tools/install/yosys/bin/../share/yosys/techmap.v
8.2. Continuing TECHMAP pass.
9. Executing OPT pass (performing simple optimizations).
9.1. Executing OPT_EXPR pass (perform const folding).
9.2. Executing OPT_MERGE pass (detect identical cells).
9.3. Executing OPT_DFF pass (perform DFF optimizations).
9.4. Executing OPT_CLEAN pass (remove unused cells and wires).
9.5. Finished fast OPT passes.
10. Executing DFFLEGALIZE pass (convert FFs to types supported by the target).
11. Executing TECHMAP pass (map to technology primitives).
11.1. Executing Verilog-2005 frontend: /OpenROAD-flow-scripts/flow/platforms/sky130hd/cells_latch_hd.v
11.2. Continuing TECHMAP pass.
12. Executing DFFLIBMAP pass (mapping DFF cells to sequential cells from liberty file).
12.1. Executing DFFLEGALIZE pass (convert FFs to types supported by the target).
13. Executing OPT pass (performing simple optimizations).
13.1. Executing OPT_EXPR pass (perform const folding).
13.2. Executing OPT_MERGE pass (detect identical cells).
13.3. Executing OPT_MUXTREE pass (detect dead branches in mux trees).
13.4. Executing OPT_REDUCE pass (consolidate $*mux and $reduce_* inputs).
13.5. Executing OPT_MERGE pass (detect identical cells).
13.6. Executing OPT_DFF pass (perform DFF optimizations).
13.7. Executing OPT_CLEAN pass (remove unused cells and wires).
13.8. Executing OPT_EXPR pass (perform const folding).
13.9. Finished fast OPT passes. (There is nothing left to do.)
14. Executing SETUNDEF pass (replace undef values with defined constants).
abc -script /OpenROAD-flow-scripts/flow/scripts/abc_speed.script -liberty /OpenROAD-flow-scripts/flow/platforms/sky130hd/lib/sky130_fd_sc_hd__tt_025C_1v80.lib -dont_use sky130_fd_sc_hd__probe_p_8 -dont_use sky130_fd_sc_hd__probec_p_8 -dont_use sky130_fd_sc_hd__lpflow_bleeder_1 -dont_use sky130_fd_sc_hd__lpflow_clkbufkapwr_1 -dont_use sky130_fd_sc_hd__lpflow_clkbufkapwr_16 -dont_use sky130_fd_sc_hd__lpflow_clkbufkapwr_2 -dont_use sky130_fd_sc_hd__lpflow_clkbufkapwr_4 -dont_use sky130_fd_sc_hd__lpflow_clkbufkapwr_8 -dont_use sky130_fd_sc_hd__lpflow_clkinvkapwr_1 -dont_use sky130_fd_sc_hd__lpflow_clkinvkapwr_16 -dont_use sky130_fd_sc_hd__lpflow_clkinvkapwr_2 -dont_use sky130_fd_sc_hd__lpflow_clkinvkapwr_4 -dont_use sky130_fd_sc_hd__lpflow_clkinvkapwr_8 -dont_use sky130_fd_sc_hd__lpflow_decapkapwr_12 -dont_use sky130_fd_sc_hd__lpflow_decapkapwr_3 -dont_use sky130_fd_sc_hd__lpflow_decapkapwr_4 -dont_use sky130_fd_sc_hd__lpflow_decapkapwr_6 -dont_use sky130_fd_sc_hd__lpflow_decapkapwr_8 -dont_use sky130_fd_sc_hd__lpflow_inputiso0n_1 -dont_use sky130_fd_sc_hd__lpflow_inputiso0p_1 -dont_use sky130_fd_sc_hd__lpflow_inputiso1n_1 -dont_use sky130_fd_sc_hd__lpflow_inputiso1p_1 -dont_use sky130_fd_sc_hd__lpflow_inputisolatch_1 -dont_use sky130_fd_sc_hd__lpflow_isobufsrc_1 -dont_use sky130_fd_sc_hd__lpflow_isobufsrc_16 -dont_use sky130_fd_sc_hd__lpflow_isobufsrc_2 -dont_use sky130_fd_sc_hd__lpflow_isobufsrc_4 -dont_use sky130_fd_sc_hd__lpflow_isobufsrc_8 -dont_use sky130_fd_sc_hd__lpflow_isobufsrckapwr_16 -dont_use sky130_fd_sc_hd__lpflow_lsbuf_lh_hl_isowell_tap_1 -dont_use sky130_fd_sc_hd__lpflow_lsbuf_lh_hl_isowell_tap_2 -dont_use sky130_fd_sc_hd__lpflow_lsbuf_lh_hl_isowell_tap_4 -dont_use sky130_fd_sc_hd__lpflow_lsbuf_lh_isowell_4 -dont_use sky130_fd_sc_hd__lpflow_lsbuf_lh_isowell_tap_1 -dont_use sky130_fd_sc_hd__lpflow_lsbuf_lh_isowell_tap_2 -dont_use sky130_fd_sc_hd__lpflow_lsbuf_lh_isowell_tap_4 -constr ./objects/sky130hd/d_dsp03_multifmt_fma/base/abc.constr -D 47250
15. Executing ABC pass (technology mapping using ABC).
15.1. Extracting gate netlist of module `\fp_multifmt_fma' to `<abc-temp-dir>/input.blif'..
15.1.1. Executed ABC.
15.1.2. Re-integrating ABC results.
Took 44 seconds: abc -script /OpenROAD-flow-scripts/flow/scripts/abc_speed.script -liberty /OpenROAD-flow-scripts/flow/platforms/sky130hd/lib/sky130_fd_sc_hd__tt_025C_1v80.lib -dont_use sky130_fd_sc_hd__probe_p_8 -dont_use sky130_fd_sc_hd__probec_p_8 -dont_use sky130_fd_sc_hd__lpflow_bleeder_1 -dont_use sky130_fd_sc_hd__lpflow_clkbufkapwr_1 -dont_use sky130_fd_sc_hd__lpflow_clkbufkapwr_16 -dont_use sky130_fd_sc_hd__lpflow_clkbufkapwr_2 -dont_use sky130_fd_sc_hd__lpflow_clkbufkapwr_4 -dont_use sky130_fd_sc_hd__lpflow_clkbufkapwr_8 -dont_use sky130_fd_sc_hd__lpflow_clkinvkapwr_1 -dont_use sky130_fd_sc_hd__lpflow_clkinvkapwr_16 -dont_use sky130_fd_sc_hd__lpflow_clkinvkapwr_2 -dont_use sky130_fd_sc_hd__lpflow_clkinvkapwr_4 -dont_use sky130_fd_sc_hd__lpflow_clkinvkapwr_8 -dont_use sky130_fd_sc_hd__lpflow_decapkapwr_12 -dont_use sky130_fd_sc_hd__lpflow_decapkapwr_3 -dont_use sky130_fd_sc_hd__lpflow_decapkapwr_4 -dont_use sky130_fd_sc_hd__lpflow_decapkapwr_6 -dont_use sky130_fd_sc_hd__lpflow_decapkapwr_8 -dont_use sky130_fd_sc_hd__lpflow_inputiso0n_1 -dont_use sky130_fd_sc_hd__lpflow_inputiso0p_1 -dont_use sky130_fd_sc_hd__lpflow_inputiso1n_1 -dont_use sky130_fd_sc_hd__lpflow_inputiso1p_1 -dont_use sky130_fd_sc_hd__lpflow_inputisolatch_1 -dont_use sky130_fd_sc_hd__lpflow_isobufsrc_1 -dont_use sky130_fd_sc_hd__lpflow_isobufsrc_16 -dont_use sky130_fd_sc_hd__lpflow_isobufsrc_2 -dont_use sky130_fd_sc_hd__lpflow_isobufsrc_4 -dont_use sky130_fd_sc_hd__lpflow_isobufsrc_8 -dont_use sky130_fd_sc_hd__lpflow_isobufsrckapwr_16 -dont_use sky130_fd_sc_hd__lpflow_lsbuf_lh_hl_isowell_tap_1 -dont_use sky130_fd_sc_hd__lpflow_lsbuf_lh_hl_isowell_tap_2 -dont_use sky130_fd_sc_hd__lpflow_lsbuf_lh_hl_isowell_tap_4 -dont_use sky130_fd_sc_hd__lpflow_lsbuf_lh_isowell_4 -dont_use sky130_fd_sc_hd__lpflow_lsbuf_lh_isowell_tap_1 -dont_use sky130_fd_sc_hd__lpflow_lsbuf_lh_isowell_tap_2 -dont_use sky130_fd_sc_hd__lpflow_lsbuf_lh_isowell_tap_4 -constr ./objects/sky130hd/d_dsp03_multifmt_fma/base/abc.constr -D 47250
16. Executing SPLITNETS pass (splitting up multi-bit signals).
17. Executing OPT_CLEAN pass (remove unused cells and wires).
18. Executing HILOMAP pass (mapping to constant drivers).
19. Executing INSBUF pass (insert buffer cells for connected wires).
20. Executing CHECK pass (checking for obvious problems).
21. Printing statistics.
22. Executing CHECK pass (checking for obvious problems).
23. Executing Verilog backend.
23.1. Executing BMUXMAP pass.
23.2. Executing DEMUXMAP pass.
End of script. Logfile hash: 5b60fbca21, time: 84.17s, user: 40.90s, system: 0.29s, MEM: 214.21 MB peak
Yosys 0.68+post (git sha1 UNKNOWN, Release, GNU /usr/local/bin/wrapped-cc/g++ 11.4.0)
Time spent: 51% 1x abc (43 sec), 37% 1x extract_fa (32 sec), ...
Elapsed time: 1:24.21[h:]min:sec. CPU time: user 84.63 sys 0.34 (100%). Peak memory: 219352KB.
Log                       Ext     Elapsed/s Peak Memory/MB sha1sum result [0:20)
1_2_yosys                 .v             84            214 a1250e3ed55912f57568
cp /work/domains/dsp/design/d_dsp03_multifmt_fma/orfs/constraint.sdc ./results/sky130hd/d_dsp03_multifmt_fma/base/1_2_yosys.sdc
OpenROAD 26Q3-1080-gab6fd26351 
Features included (+) or not (-): +GPU +GUI +Python
This program is licensed under the BSD-3 license. See the LICENSE file for details.
Components of this program may be licensed under more restrictive licenses which must be honored.
[INFO ORD-0030] Using 16 thread(s).
mkdir -p ./objects/sky130hd/d_dsp03_multifmt_fma/base
/OpenROAD-flow-scripts/flow/scripts/flow.sh 1_synth synth_odb
Running synth_odb.tcl, stage 1_synth
read_liberty /OpenROAD-flow-scripts/flow/platforms/sky130hd/lib/sky130_fd_sc_hd__tt_025C_1v80.lib
[INFO ODB-0227] LEF file: /OpenROAD-flow-scripts/flow/platforms/sky130hd/lef/sky130_fd_sc_hd.tlef, created 13 layers, 25 vias
[INFO ODB-0227] LEF file: /OpenROAD-flow-scripts/flow/platforms/sky130hd/lef/sky130_fd_sc_hd_merged.lef, created 441 library cells
link_design fp_multifmt_fma
read_sdc ./results/sky130hd/d_dsp03_multifmt_fma/base/1_2_yosys.sdc
source /OpenROAD-flow-scripts/flow/platforms/sky130hd/setRC.tcl
eliminate_dead_logic
Removed 0 unused instances and 0 unused nets.
Design area 150130 um^2 100% utilization.
write_db ./results/sky130hd/d_dsp03_multifmt_fma/base/1_synth.odb
write_sdc -no_timestamp ./results/sky130hd/d_dsp03_multifmt_fma/base/1_synth.sdc
Elapsed time: 0:00.59[h:]min:sec. CPU time: user 0.55 sys 0.04 (99%). Peak memory: 183408KB.
Log                       Ext     Elapsed/s Peak Memory/MB sha1sum result [0:20)
1_synth                   .odb            0            179 8ef6ca5acd5168dd5e94
1_synth                   .sdc                             2d564ad6a74b6deb4719
/OpenROAD-flow-scripts/flow/scripts/flow.sh 2_1_floorplan floorplan
Running floorplan.tcl, stage 2_1_floorplan
read_liberty /OpenROAD-flow-scripts/flow/platforms/sky130hd/lib/sky130_fd_sc_hd__tt_025C_1v80.lib
read_db ./results/sky130hd/d_dsp03_multifmt_fma/base/1_synth.odb
read_sdc ./results/sky130hd/d_dsp03_multifmt_fma/base/1_synth.sdc
source /OpenROAD-flow-scripts/flow/platforms/sky130hd/setRC.tcl
Master sky130_ef_sc_hd__decap_12 is loaded but not used in the design

==========================================================================
Floorplan check_setup
--------------------------------------------------------------------------
number instances in verilog is 20524
[INFO IFP-0107] Defining die area using utilization: 10.00% and aspect ratio: 1.
[WARNING IFP-0028] Core area lower left (1.000, 1.000) snapped to (1.380, 2.720).
[INFO IFP-0001] Added 449 rows of 2662 site unithd.
[INFO IFP-0100] Die BBox:  (  0.000  0.000 ) ( 1227.275 1227.275 ) um
[INFO IFP-0101] Core BBox: (  1.380  2.720 ) ( 1225.900 1224.000 ) um
[INFO IFP-0102] Core area:                      1495481.786 um^2
[INFO IFP-0103] Total instances area:            150130.237 um^2
[INFO IFP-0104] Effective utilization:                0.100
[INFO IFP-0105] Number of instances:                  20524
source /OpenROAD-flow-scripts/flow/platforms/sky130hd/make_tracks.tcl
source /OpenROAD-flow-scripts/flow/platforms/sky130hd/fastroute.tcl
Repair tie lo fanout...
[INFO RSZ-0042] Inserted 10 tie sky130_fd_sc_hd__conb_1 instances.
Repair tie hi fanout...
[INFO RSZ-0042] Inserted 90 tie sky130_fd_sc_hd__conb_1 instances.
repair_timing -setup_margin 0 -hold_margin 0 -repair_tns 100 -match_cell_footprint -setup -skip_last_gasp -sequence unbuffer,sizeup,swap,vt_swap -verbose
[WARNING EST-0027] no estimated parasitics. Using wire load models.
[INFO RSZ-0100] Repair move sequence: UnbufferMove SizeUpMove SwapPinsMove 
[INFO RSZ-0094] Found 67 endpoints with setup violations.
[INFO RSZ-0099] Repairing 67 out of 67 (100.00%) violating endpoints...
   Iter   | Removed | Resized | Inserted | Cloned |  Pin  |   Area   |    WNS   |   StTNS    |   EnTNS    |  Viol  |  Worst  
          | Buffers |  Gates  | Buffers  |  Gates | Swaps |          |          |            |            | Endpts | St/EnPt 
------------------------------------------------------------------------------------------------------------------------------
       0* |       0 |       0 |        0 |      0 |     0 |    +0.0% |   -7.226 |     -105.7 |     -416.5 |     67 | flags_o[1]
      10* |       0 |       8 |        0 |      0 |     1 |    +0.0% |   -6.052 |      -23.6 |     -357.6 |     67 | flags_o[0]
      20* |       0 |      18 |        0 |      0 |     1 |    +0.1% |   -5.306 |      -19.4 |     -313.3 |     67 | flags_o[0]
      30* |       0 |      27 |        0 |      0 |     2 |    +0.1% |   -5.087 |      -19.1 |     -305.1 |     67 | flags_o[0]
      40* |       0 |      37 |        0 |      0 |     2 |    +0.1% |   -4.322 |      -17.8 |     -252.2 |     67 | flags_o[0]
      50* |       0 |      47 |        0 |      0 |     2 |    +0.1% |   -4.038 |      -17.4 |     -233.5 |     67 | flags_o[0]
      60* |       0 |      57 |        0 |      0 |     2 |    +0.1% |   -3.472 |      -16.6 |     -198.7 |     67 | flags_o[0]
      70* |       0 |      65 |        0 |      0 |     4 |    +0.1% |   -3.310 |      -16.3 |     -188.9 |     67 | flags_o[0]
      80* |       0 |      74 |        0 |      0 |     5 |    +0.2% |   -3.204 |      -16.1 |     -178.1 |     67 | flags_o[0]
      90* |       0 |      81 |        0 |      0 |     8 |    +0.2% |   -2.861 |      -15.3 |     -152.0 |     67 | flags_o[0]
     100* |       0 |      89 |        0 |      0 |    10 |    +0.2% |   -2.662 |      -15.0 |     -144.4 |     67 | flags_o[0]
     110* |       0 |      97 |        0 |      0 |    12 |    +0.2% |   -2.576 |      -14.8 |     -136.2 |     67 | flags_o[0]
     120* |       0 |     105 |        0 |      0 |    14 |    +0.2% |   -2.475 |      -14.6 |     -132.7 |     67 | flags_o[0]
     130* |       0 |     112 |        0 |      0 |    17 |    +0.2% |   -2.395 |      -14.5 |     -126.9 |     67 | flags_o[0]
     140* |       0 |     121 |        0 |      0 |    18 |    +0.3% |   -2.221 |      -14.1 |     -116.0 |     67 | flags_o[0]
     150* |       0 |     125 |        0 |      0 |    24 |    +0.3% |   -2.069 |      -13.8 |     -105.7 |     67 | flags_o[1]
     160* |       0 |     134 |        0 |      0 |    25 |    +0.3% |   -1.954 |      -13.6 |      -98.1 |     67 | flags_o[1]
     170* |       0 |     142 |        0 |      0 |    27 |    +0.3% |   -1.868 |      -13.5 |      -91.3 |     67 | flags_o[0]
     180* |       0 |     149 |        0 |      0 |    30 |    +0.3% |   -1.798 |      -13.3 |      -86.9 |     67 | flags_o[0]
     190* |       0 |     156 |        0 |      0 |    33 |    +0.3% |   -1.721 |      -13.2 |      -82.3 |     67 | flags_o[0]
     200* |       0 |     164 |        0 |      0 |    35 |    +0.3% |   -1.587 |      -12.9 |      -73.5 |     67 | flags_o[0]
     210* |       0 |     171 |        0 |      0 |    38 |    +0.4% |   -1.465 |      -12.6 |      -66.4 |     67 | flags_o[1]
     220* |       0 |     176 |        0 |      0 |    43 |    +0.4% |   -1.371 |      -12.4 |      -61.1 |     67 | flags_o[0]
     230* |       0 |     180 |        0 |      0 |    49 |    +0.4% |   -1.325 |      -12.3 |      -58.2 |     67 | flags_o[0]
     240* |       0 |     183 |        0 |      0 |    56 |    +0.4% |   -1.267 |      -12.2 |      -55.4 |     67 | flags_o[0]
     250* |       0 |     190 |        0 |      0 |    59 |    +0.4% |   -1.219 |      -12.1 |      -52.0 |     67 | flags_o[0]
     260* |       0 |     199 |        0 |      0 |    60 |    +0.4% |   -1.134 |      -11.9 |      -45.1 |     67 | flags_o[1]
     270* |       0 |     206 |        0 |      0 |    63 |    +0.4% |   -1.082 |      -11.8 |      -42.4 |     67 | flags_o[0]
     280* |       0 |     211 |        0 |      0 |    68 |    +0.4% |   -1.040 |      -11.7 |      -40.8 |     67 | flags_o[0]
     290* |       0 |     217 |        0 |      0 |    72 |    +0.5% |   -1.005 |      -11.6 |      -37.9 |     67 | flags_o[1]
     300* |       0 |     221 |        0 |      0 |    78 |    +0.5% |   -0.957 |      -11.5 |      -36.2 |     67 | flags_o[0]
     310* |       0 |     225 |        0 |      0 |    84 |    +0.5% |   -0.934 |      -11.5 |      -33.2 |     67 | flags_o[0]
     320* |       0 |     232 |        0 |      0 |    87 |    +0.5% |   -0.921 |      -11.5 |      -33.1 |     67 | flags_o[0]
     330* |       0 |     238 |        0 |      0 |    91 |    +0.5% |   -0.842 |      -11.3 |      -29.8 |     67 | flags_o[0]
     340* |       0 |     244 |        0 |      0 |    95 |    +0.5% |   -0.809 |      -11.2 |      -27.4 |     67 | flags_o[0]
     350* |       0 |     248 |        0 |      0 |   101 |    +0.5% |   -0.773 |      -11.2 |      -24.6 |     67 | flags_o[0]
     360* |       0 |     255 |        0 |      0 |   104 |    +0.5% |   -0.686 |      -11.0 |      -20.0 |     67 | flags_o[0]
     370* |       0 |     261 |        0 |      0 |   108 |    +0.5% |   -0.660 |      -11.0 |      -19.1 |     67 | flags_o[0]
     380* |       0 |     268 |        0 |      0 |   111 |    +0.6% |   -0.592 |      -10.9 |      -15.2 |     67 | flags_o[0]
     390* |       0 |     276 |        0 |      0 |   113 |    +0.6% |   -0.534 |      -10.8 |      -12.6 |     67 | flags_o[0]
     400* |       0 |     284 |        0 |      0 |   115 |    +0.6% |   -0.475 |      -10.6 |       -9.6 |     67 | flags_o[0]
     410* |       0 |     291 |        0 |      0 |   118 |    +0.6% |   -0.492 |      -10.6 |       -9.6 |     67 | flags_o[0]
     420* |       0 |     298 |        0 |      0 |   121 |    +0.7% |   -0.437 |      -10.6 |       -8.4 |     67 | flags_o[0]
     430* |       0 |     307 |        0 |      0 |   122 |    +0.7% |   -0.369 |      -10.4 |       -5.8 |     67 | flags_o[0]
     440* |       0 |     314 |        0 |      0 |   125 |    +0.7% |   -0.435 |      -10.5 |       -7.2 |     67 | flags_o[0]
     450* |       0 |     320 |        0 |      0 |   129 |    +0.7% |   -0.352 |      -10.4 |       -5.3 |     67 | flags_o[0]
     460* |       0 |     325 |        0 |      0 |   134 |    +0.7% |   -0.476 |      -10.6 |       -8.2 |     67 | flags_o[0]
     470* |       0 |     334 |        0 |      0 |   135 |    +0.7% |   -0.333 |      -10.4 |       -4.6 |     67 | flags_o[1]
     480* |       0 |     343 |        0 |      0 |   136 |    +0.8% |   -0.210 |      -10.2 |       -1.7 |     67 | flags_o[0]
     490* |       0 |     348 |        0 |      0 |   141 |    +0.8% |   -0.193 |      -10.1 |       -1.4 |     67 | flags_o[0]
     500* |       0 |     354 |        0 |      0 |   145 |    +0.8% |   -0.138 |      -10.0 |       -0.8 |     67 | flags_o[0]
     510* |       0 |     360 |        0 |      0 |   149 |    +0.8% |   -0.128 |      -10.0 |       -0.5 |     67 | flags_o[0]
     520* |       0 |     367 |        0 |      0 |   152 |    +0.8% |   -0.080 |       -9.9 |       -0.3 |     67 | flags_o[0]
     530* |       0 |     376 |        0 |      0 |   153 |    +0.8% |   -0.061 |       -9.9 |       -0.2 |     67 | flags_o[0]
     540* |       0 |     385 |        0 |      0 |   154 |    +0.9% |   -0.016 |       -9.8 |       -0.0 |     67 | flags_o[0]
     542* |       0 |     387 |        0 |      0 |   154 |    +0.9% |   -0.000 |       -9.7 |       -0.0 |     67 | flags_o[0]
     543* |       0 |     387 |        0 |      0 |   154 |    +0.9% |   -0.000 |       -9.7 |       -0.0 |     67 | flags_o[0]
     544* |       0 |     387 |        0 |      0 |   154 |    +0.9% |   -0.000 |       -9.7 |       -0.0 |     67 | flags_o[0]
     550* |       0 |     389 |        0 |      0 |   157 |    +0.9% |   -0.014 |       -9.8 |       -0.0 |     67 | flags_o[0]
     551* |       0 |     389 |        0 |      0 |   158 |    +0.9% |    0.002 |       -9.7 |        0.0 |     67 | flags_o[2]
     552* |       0 |     389 |        0 |      0 |   158 |    +0.9% |    0.002 |       -9.7 |        0.0 |     67 | flags_o[2]
     553* |       0 |     389 |        0 |      0 |   158 |    +0.9% |    0.002 |       -9.7 |        0.0 |     67 | flags_o[2]
     554* |       0 |     389 |        0 |      0 |   158 |    +0.9% |    0.002 |       -9.7 |        0.0 |     67 | flags_o[2]
     555* |       0 |     389 |        0 |      0 |   158 |    +0.9% |    0.002 |       -9.7 |        0.0 |     67 | flags_o[2]
     556* |       0 |     389 |        0 |      0 |   158 |    +0.9% |    0.002 |       -9.7 |        0.0 |     67 | flags_o[2]
     557* |       0 |     389 |        0 |      0 |   158 |    +0.9% |    0.002 |       -9.7 |        0.0 |     67 | flags_o[2]
     558* |       0 |     389 |        0 |      0 |   158 |    +0.9% |    0.002 |       -9.7 |        0.0 |     67 | flags_o[2]
     559* |       0 |     389 |        0 |      0 |   158 |    +0.9% |    0.002 |       -9.7 |        0.0 |     67 | flags_o[2]
     560* |       0 |     389 |        0 |      0 |   158 |    +0.9% |    0.002 |       -9.7 |        0.0 |     67 | flags_o[2]
     560* |       0 |     389 |        0 |      0 |   158 |    +0.9% |    0.002 |       -9.7 |        0.0 |     67 | flags_o[2]
     561* |       0 |     389 |        0 |      0 |   158 |    +0.9% |    0.002 |       -9.7 |        0.0 |     67 | flags_o[2]
     562* |       0 |     389 |        0 |      0 |   158 |    +0.9% |    0.002 |       -9.7 |        0.0 |     67 | flags_o[2]
     563* |       0 |     389 |        0 |      0 |   158 |    +0.9% |    0.002 |       -9.7 |        0.0 |     67 | flags_o[2]
     564* |       0 |     389 |        0 |      0 |   158 |    +0.9% |    0.002 |       -9.7 |        0.0 |     67 | flags_o[2]
     565* |       0 |     389 |        0 |      0 |   158 |    +0.9% |    0.002 |       -9.7 |        0.0 |     67 | flags_o[2]
     566* |       0 |     389 |        0 |      0 |   158 |    +0.9% |    0.002 |       -9.7 |        0.0 |     67 | flags_o[2]
     567* |       0 |     389 |        0 |      0 |   158 |    +0.9% |    0.002 |       -9.7 |        0.0 |     67 | flags_o[2]
     568* |       0 |     389 |        0 |      0 |   158 |    +0.9% |    0.002 |       -9.7 |        0.0 |     67 | flags_o[2]
     569* |       0 |     389 |        0 |      0 |   158 |    +0.9% |    0.002 |       -9.7 |        0.0 |     67 | flags_o[2]
     570* |       0 |     389 |        0 |      0 |   158 |    +0.9% |    0.002 |       -9.7 |        0.0 |     67 | flags_o[2]
     570* |       0 |     389 |        0 |      0 |   158 |    +0.9% |    0.002 |       -9.7 |        0.0 |     67 | flags_o[2]
     571* |       0 |     389 |        0 |      0 |   158 |    +0.9% |    0.002 |       -9.7 |        0.0 |     67 | flags_o[2]
     572* |       0 |     389 |        0 |      0 |   158 |    +0.9% |    0.002 |       -9.7 |        0.0 |     67 | flags_o[2]
     573* |       0 |     389 |        0 |      0 |   158 |    +0.9% |    0.002 |       -9.7 |        0.0 |     67 | flags_o[2]
     574* |       0 |     389 |        0 |      0 |   158 |    +0.9% |    0.002 |       -9.7 |        0.0 |     67 | flags_o[2]
     575* |       0 |     389 |        0 |      0 |   158 |    +0.9% |    0.002 |       -9.7 |        0.0 |     67 | flags_o[2]
     576* |       0 |     389 |        0 |      0 |   158 |    +0.9% |    0.002 |       -9.7 |        0.0 |     67 | flags_o[2]
     577* |       0 |     389 |        0 |      0 |   158 |    +0.9% |    0.002 |       -9.7 |        0.0 |     67 | flags_o[2]
     578* |       0 |     389 |        0 |      0 |   158 |    +0.9% |    0.002 |       -9.7 |        0.0 |     67 | flags_o[2]
     579* |       0 |     389 |        0 |      0 |   158 |    +0.9% |    0.002 |       -9.7 |        0.0 |     67 | flags_o[2]
     580* |       0 |     389 |        0 |      0 |   158 |    +0.9% |    0.002 |       -9.7 |        0.0 |     67 | flags_o[2]
     580* |       0 |     389 |        0 |      0 |   158 |    +0.9% |    0.002 |       -9.7 |        0.0 |     67 | flags_o[2]
     581* |       0 |     389 |        0 |      0 |   158 |    +0.9% |    0.002 |       -9.7 |        0.0 |     67 | flags_o[2]
     582* |       0 |     389 |        0 |      0 |   158 |    +0.9% |    0.002 |       -9.7 |        0.0 |     67 | flags_o[2]
     583* |       0 |     389 |        0 |      0 |   158 |    +0.9% |    0.002 |       -9.7 |        0.0 |     67 | flags_o[2]
     584* |       0 |     389 |        0 |      0 |   158 |    +0.9% |    0.002 |       -9.7 |        0.0 |     67 | flags_o[2]
     585* |       0 |     389 |        0 |      0 |   158 |    +0.9% |    0.002 |       -9.7 |        0.0 |     67 | flags_o[2]
     586* |       0 |     389 |        0 |      0 |   158 |    +0.9% |    0.002 |       -9.7 |        0.0 |     67 | flags_o[2]
     587* |       0 |     389 |        0 |      0 |   158 |    +0.9% |    0.002 |       -9.7 |        0.0 |     67 | flags_o[2]
     588* |       0 |     389 |        0 |      0 |   158 |    +0.9% |    0.002 |       -9.7 |        0.0 |     67 | flags_o[2]
     589* |       0 |     389 |        0 |      0 |   158 |    +0.9% |    0.002 |       -9.7 |        0.0 |     67 | flags_o[2]
     590* |       0 |     389 |        0 |      0 |   158 |    +0.9% |    0.002 |       -9.7 |        0.0 |     67 | flags_o[2]
     590* |       0 |     389 |        0 |      0 |   158 |    +0.9% |    0.002 |       -9.7 |        0.0 |     67 | flags_o[2]
     591* |       0 |     389 |        0 |      0 |   158 |    +0.9% |    0.002 |       -9.7 |        0.0 |     67 | flags_o[2]
     592* |       0 |     389 |        0 |      0 |   158 |    +0.9% |    0.002 |       -9.7 |        0.0 |     67 | flags_o[2]
     593* |       0 |     389 |        0 |      0 |   158 |    +0.9% |    0.002 |       -9.7 |        0.0 |     67 | flags_o[2]
     594* |       0 |     389 |        0 |      0 |   158 |    +0.9% |    0.002 |       -9.7 |        0.0 |     67 | flags_o[2]
     595* |       0 |     389 |        0 |      0 |   158 |    +0.9% |    0.002 |       -9.7 |        0.0 |     67 | flags_o[2]
     596* |       0 |     389 |        0 |      0 |   158 |    +0.9% |    0.002 |       -9.7 |        0.0 |     67 | flags_o[2]
     597* |       0 |     389 |        0 |      0 |   158 |    +0.9% |    0.002 |       -9.7 |        0.0 |     67 | flags_o[2]
     598* |       0 |     389 |        0 |      0 |   158 |    +0.9% |    0.002 |       -9.7 |        0.0 |     67 | flags_o[2]
     599* |       0 |     389 |        0 |      0 |   158 |    +0.9% |    0.002 |       -9.7 |        0.0 |     67 | flags_o[2]
     600* |       0 |     389 |        0 |      0 |   158 |    +0.9% |    0.002 |       -9.7 |        0.0 |     67 | flags_o[2]
     600* |       0 |     389 |        0 |      0 |   158 |    +0.9% |    0.002 |       -9.7 |        0.0 |     67 | flags_o[2]
     601* |       0 |     389 |        0 |      0 |   158 |    +0.9% |    0.002 |       -9.7 |        0.0 |     67 | flags_o[2]
     602* |       0 |     389 |        0 |      0 |   158 |    +0.9% |    0.002 |       -9.7 |        0.0 |     67 | flags_o[2]
     603* |       0 |     389 |        0 |      0 |   158 |    +0.9% |    0.002 |       -9.7 |        0.0 |     67 | flags_o[2]
     604* |       0 |     389 |        0 |      0 |   158 |    +0.9% |    0.002 |       -9.7 |        0.0 |     67 | flags_o[2]
     605* |       0 |     389 |        0 |      0 |   158 |    +0.9% |    0.002 |       -9.7 |        0.0 |     67 | flags_o[2]
     606* |       0 |     389 |        0 |      0 |   158 |    +0.9% |    0.002 |       -9.7 |        0.0 |     67 | flags_o[2]
     607* |       0 |     389 |        0 |      0 |   158 |    +0.9% |    0.002 |       -9.7 |        0.0 |     67 | flags_o[2]
     608* |       0 |     389 |        0 |      0 |   158 |    +0.9% |    0.002 |       -9.7 |        0.0 |     67 | flags_o[2]
     609* |       0 |     389 |        0 |      0 |   158 |    +0.9% |    0.002 |       -9.7 |        0.0 |     67 | flags_o[2]
     610* |       0 |     389 |        0 |      0 |   158 |    +0.9% |    0.002 |       -9.7 |        0.0 |     67 | flags_o[2]
     610* |       0 |     389 |        0 |      0 |   158 |    +0.9% |    0.002 |       -9.7 |        0.0 |     67 | flags_o[2]
     611* |       0 |     389 |        0 |      0 |   158 |    +0.9% |    0.002 |       -9.7 |        0.0 |     67 | flags_o[2]
     612* |       0 |     389 |        0 |      0 |   158 |    +0.9% |    0.002 |       -9.7 |        0.0 |     67 | flags_o[2]
     613* |       0 |     389 |        0 |      0 |   158 |    +0.9% |    0.002 |       -9.7 |        0.0 |     67 | flags_o[2]
     614* |       0 |     389 |        0 |      0 |   158 |    +0.9% |    0.002 |       -9.7 |        0.0 |     67 | flags_o[2]
     614* |       0 |     389 |        0 |      0 |   158 |    +0.9% |    0.002 |       -9.7 |        0.0 |     67 | flags_o[2]
    final |       0 |     389 |        0 |      0 |   158 |    +0.9% |    0.002 |       -9.7 |        0.0 |      0 | flags_o[2]
------------------------------------------------------------------------------------------------------------------------------
[INFO RSZ-0051] Resized 389 instances: 389 up, 0 up match, 0 down, 0 VT
[INFO RSZ-0043] Swapped pins on 158 instances.
[INFO RSZ-0505] Runtime: 52.83s
Took 53 seconds: repair_timing -setup_margin 0 -hold_margin 0 -repair_tns 100 -match_cell_footprint -setup -skip_last_gasp -sequence unbuffer,sizeup,swap,vt_swap -verbose
Default units for flow
 time 1ns
 capacitance 1pF
 resistance 1kohm
 voltage 1v
 current 1mA
 power 1nW
 distance 1um
   Layer   | Unit Resistance | Unit Capacitance 
           |       (kohm/um) |          (pF/um)
------------------------------------------------
       li1 |        7.18e-02 |         1.50e-04
      met1 |        1.21e-03 |         1.72e-04
      met2 |        1.22e-03 |         1.36e-04
      met3 |        1.66e-04 |         2.15e-04
      met4 |        1.68e-04 |         1.48e-04
      met5 |        1.84e-05 |         1.54e-04
------------------------------------------------

   Layer   | Via Resistance 
           |         (kohm) 
----------------------------
      mcon |       9.25e-03 
       via |       4.50e-03 
      via2 |       3.37e-03 
      via3 |       3.77e-04 
      via4 |       5.80e-06 
----------------------------
Report metrics stage 2, floorplan final...

==========================================================================
floorplan final report_design_area
--------------------------------------------------------------------------
Design area 151806 um^2 10% utilization.
write_db ./results/sky130hd/d_dsp03_multifmt_fma/base/2_1_floorplan.odb
write_sdc -no_timestamp ./results/sky130hd/d_dsp03_multifmt_fma/base/2_1_floorplan.sdc
Elapsed time: 0:54.21[h:]min:sec. CPU time: user 72.79 sys 70.03 (263%). Peak memory: 223416KB.
Log                       Ext     Elapsed/s Peak Memory/MB sha1sum result [0:20)
2_1_floorplan             .odb           54            218 dae3de38b7453b0200ed
2_1_floorplan             .sdc                             2d564ad6a74b6deb4719
/OpenROAD-flow-scripts/flow/scripts/flow.sh 2_2_floorplan_macro macro_place
Running macro_place.tcl, stage 2_2_floorplan_macro
read_liberty /OpenROAD-flow-scripts/flow/platforms/sky130hd/lib/sky130_fd_sc_hd__tt_025C_1v80.lib
read_db ./results/sky130hd/d_dsp03_multifmt_fma/base/2_1_floorplan.odb
read_sdc ./results/sky130hd/d_dsp03_multifmt_fma/base/2_1_floorplan.sdc
source /OpenROAD-flow-scripts/flow/platforms/sky130hd/setRC.tcl
No macros found: Skipping macro_placement
Design area 151806 um^2 10% utilization.
write_db ./results/sky130hd/d_dsp03_multifmt_fma/base/2_2_floorplan_macro.odb
Elapsed time: 0:00.38[h:]min:sec. CPU time: user 0.31 sys 0.08 (102%). Peak memory: 160660KB.
Log                       Ext     Elapsed/s Peak Memory/MB sha1sum result [0:20)
2_2_floorplan_macro       .odb            0            156 dae3de38b7453b0200ed
/OpenROAD-flow-scripts/flow/scripts/flow.sh 2_3_floorplan_tapcell tapcell
Running tapcell.tcl, stage 2_3_floorplan_tapcell
read_liberty /OpenROAD-flow-scripts/flow/platforms/sky130hd/lib/sky130_fd_sc_hd__tt_025C_1v80.lib
read_db ./results/sky130hd/d_dsp03_multifmt_fma/base/2_2_floorplan_macro.odb
read_sdc ./results/sky130hd/d_dsp03_multifmt_fma/base/2_1_floorplan.sdc
source /OpenROAD-flow-scripts/flow/platforms/sky130hd/setRC.tcl
[INFO TAP-0005] Inserted 19844 tapcells.
Design area 176634 um^2 12% utilization.
write_db ./results/sky130hd/d_dsp03_multifmt_fma/base/2_3_floorplan_tapcell.odb
Elapsed time: 0:00.39[h:]min:sec. CPU time: user 0.32 sys 0.06 (99%). Peak memory: 158860KB.
Log                       Ext     Elapsed/s Peak Memory/MB sha1sum result [0:20)
2_3_floorplan_tapcell     .odb            0            155 9a0ca856801aae0c3c02
/OpenROAD-flow-scripts/flow/scripts/flow.sh 2_4_floorplan_pdn pdn
Running pdn.tcl, stage 2_4_floorplan_pdn
read_liberty /OpenROAD-flow-scripts/flow/platforms/sky130hd/lib/sky130_fd_sc_hd__tt_025C_1v80.lib
read_db ./results/sky130hd/d_dsp03_multifmt_fma/base/2_3_floorplan_tapcell.odb
read_sdc ./results/sky130hd/d_dsp03_multifmt_fma/base/2_1_floorplan.sdc
source /OpenROAD-flow-scripts/flow/platforms/sky130hd/setRC.tcl
[WARNING PDN-1051] No instances found for grid (CORE_macro_grid_1).
[WARNING PDN-1051] No instances found for grid (CORE_macro_grid_2).
[INFO PDN-0001] Inserting grid: grid
[INFO PDN-0500] Runtime: 0.43s
Design area 176634 um^2 12% utilization.
write_db ./results/sky130hd/d_dsp03_multifmt_fma/base/2_4_floorplan_pdn.odb
Elapsed time: 0:01.14[h:]min:sec. CPU time: user 1.05 sys 0.08 (99%). Peak memory: 237860KB.
Log                       Ext     Elapsed/s Peak Memory/MB sha1sum result [0:20)
2_4_floorplan_pdn         .odb            1            232 5917090764591f6ae064
cp ./results/sky130hd/d_dsp03_multifmt_fma/base/2_4_floorplan_pdn.odb ./results/sky130hd/d_dsp03_multifmt_fma/base/2_floorplan.odb
cp ./results/sky130hd/d_dsp03_multifmt_fma/base/2_1_floorplan.sdc ./results/sky130hd/d_dsp03_multifmt_fma/base/2_floorplan.sdc
/OpenROAD-flow-scripts/flow/scripts/flow.sh 3_1_place_gp_skip_io global_place_skip_io
Running global_place_skip_io.tcl, stage 3_1_place_gp_skip_io
read_liberty /OpenROAD-flow-scripts/flow/platforms/sky130hd/lib/sky130_fd_sc_hd__tt_025C_1v80.lib
read_db ./results/sky130hd/d_dsp03_multifmt_fma/base/2_floorplan.odb
read_sdc ./results/sky130hd/d_dsp03_multifmt_fma/base/2_floorplan.sdc
source /OpenROAD-flow-scripts/flow/platforms/sky130hd/setRC.tcl
global_placement -skip_io -density 0.5 -pad_left 0 -pad_right 0
[INFO GPL-0001] ---- Initialize GPL Main Data Structures
[INFO GPL-0002] DBU: 1000
[INFO GPL-0003] SiteSize: (  0.460  2.720 ) um
[INFO GPL-0004] CoreBBox: (  1.380  2.720 ) ( 1225.900 1224.000 ) um
[INFO GPL-0016] Core area:                  1495481.786 um^2
[INFO GPL-0036] Movable instances area:     151805.594 um^2
[INFO GPL-0037] Total instances area:       176634.406 um^2
[INFO GPL-0035] Pin density area adjust:     16977.264 um^2
[INFO GPL-0032] ---- Initialize Region: Top-level
[INFO GPL-0006] Number of instances:             40466
[INFO GPL-0007] Movable instances:               20622
[INFO GPL-0008] Fixed instances:                 19844
[INFO GPL-0009] Dummy instances:                     0
[INFO GPL-0010] Number of nets:                  22980
[INFO GPL-0011] Number of pins:                  78187
[INFO GPL-0012] Die BBox:       (  0.000  0.000 ) ( 1227.275 1227.275 ) um
[INFO GPL-0013] Placement BBox: (  1.380  2.720 ) ( 1225.900 1224.000 ) um
[INFO GPL-0014] Region name: top-level.
[INFO GPL-0015] Region area:                1495481.786 um^2
[INFO GPL-0017] Fixed instances area:        24828.813 um^2
[INFO GPL-0018] Movable instances area:     168782.857 um^2
[INFO GPL-0019] Utilization:                    11.477 %
[INFO GPL-0020] Standard cells area:        168782.857 um^2
[INFO GPL-0021] Large instances area:            0.000 um^2
[INFO GPL-0005] ---- Execute Conjugate Gradient Initial Placement.
[INFO GPL-0051] Source of initial instance position counters:
	Odb location = 0	Core center = 20622	Region center = 0
[INFO GPL-0033] ---- Initialize Nesterov Region: Top-level
[INFO GPL-0023] Placement target density:       0.5000
[INFO GPL-0024] Movable insts average area:      8.185 um^2
[INFO GPL-0025] Ideal bin area:                 16.369 um^2
[INFO GPL-0026] Ideal bin count:                 91359
[INFO GPL-0027] Total bin area:             1495481.786 um^2
[INFO GPL-0028] Bin count (X, Y):         256 ,    256
[INFO GPL-0029] Bin size (W * H):       4.783 *  4.771 um
[INFO GPL-0030] Number of bins:                  65536
[INFO GPL-0084] ---- Execute Nesterov Global Placement.
[INFO GPL-0031] HPWL: Half-Perimeter Wirelength
Iteration | Overflow |     HPWL (um) |  HPWL(%) |   Penalty | Group
---------------------------------------------------------------
        0 |   0.9995 |  4.135187e+04 |   +0.00% |  4.19e-16 |      
       10 |   0.9993 |  3.443318e+04 |  -16.73% |  6.83e-16 |      
       20 |   0.9993 |  3.432576e+04 |   -0.31% |  1.11e-15 |      
       30 |   0.9993 |  3.431097e+04 |   -0.04% |  1.81e-15 |      
       40 |   0.9993 |  3.432183e+04 |   +0.03% |  2.95e-15 |      
       50 |   0.9993 |  3.432626e+04 |   +0.01% |  4.81e-15 |      
       60 |   0.9992 |  3.432598e+04 |   -0.00% |  7.83e-15 |      
       70 |   0.9992 |  3.433816e+04 |   +0.04% |  1.28e-14 |      
       80 |   0.9992 |  3.438765e+04 |   +0.14% |  2.08e-14 |      
       90 |   0.9991 |  3.451024e+04 |   +0.36% |  3.39e-14 |      
      100 |   0.9990 |  3.480204e+04 |   +0.85% |  5.51e-14 |      
      110 |   0.9985 |  3.557114e+04 |   +2.21% |  8.98e-14 |      
      120 |   0.9980 |  3.774821e+04 |   +6.12% |  1.46e-13 |      
      130 |   0.9969 |  4.303671e+04 |  +14.01% |  2.38e-13 |      
      140 |   0.9949 |  5.196008e+04 |  +20.73% |  3.88e-13 |      
      150 |   0.9920 |  6.339268e+04 |  +22.00% |  6.30e-13 |      
      160 |   0.9880 |  7.716070e+04 |  +21.72% |  1.03e-12 |      
      170 |   0.9818 |  9.378937e+04 |  +21.55% |  1.67e-12 |      
      180 |   0.9739 |  1.131829e+05 |  +20.68% |  2.71e-12 |      
      190 |   0.9628 |  1.367221e+05 |  +20.80% |  4.40e-12 |      
      200 |   0.9481 |  1.660994e+05 |  +21.49% |  7.15e-12 |      
      210 |   0.9289 |  2.005891e+05 |  +20.76% |  1.16e-11 |      
      220 |   0.9056 |  2.371985e+05 |  +18.25% |  1.88e-11 |      
      230 |   0.8791 |  2.721243e+05 |  +14.72% |  3.05e-11 |      
      240 |   0.8511 |  3.038661e+05 |  +11.66% |  4.96e-11 |      
      250 |   0.8197 |  3.454727e+05 |  +13.69% |  8.04e-11 |      
      260 |   0.7857 |  3.999894e+05 |  +15.78% |  1.30e-10 |      
      270 |   0.7560 |  4.334811e+05 |   +8.37% |  2.11e-10 |      
      280 |   0.7218 |  4.659331e+05 |   +7.49% |  3.43e-10 |      
      290 |   0.6858 |  5.051254e+05 |   +8.41% |  5.56e-10 |      
      300 |   0.6514 |  5.271813e+05 |   +4.37% |  9.04e-10 |      
      310 |   0.6156 |  5.450798e+05 |   +3.40% |  1.47e-09 |      
      320 |   0.5775 |  5.720989e+05 |   +4.96% |  2.38e-09 |      
      330 |   0.5376 |  5.868212e+05 |   +2.57% |  3.88e-09 |      
      340 |   0.4979 |  6.006918e+05 |   +2.36% |  6.30e-09 |      
      350 |   0.4528 |  6.163752e+05 |   +2.61% |  1.02e-08 |      
      360 |   0.4046 |  6.297395e+05 |   +2.17% |  1.67e-08 |      
      370 |   0.3534 |  6.424866e+05 |   +2.02% |  2.71e-08 |      
      380 |   0.3118 |  6.527463e+05 |   +1.60% |  4.07e-08 |      
      390 |   0.2759 |  6.610910e+05 |   +1.28% |  5.99e-08 |      
      400 |   0.2425 |  6.682755e+05 |   +1.09% |  8.82e-08 |      
      410 |   0.2134 |  6.741596e+05 |   +0.88% |  1.30e-07 |      
      420 |   0.1864 |  6.789578e+05 |   +0.71% |  1.91e-07 |      
      430 |   0.1631 |  6.825096e+05 |   +0.52% |  2.82e-07 |      
      440 |   0.1424 |  6.856186e+05 |   +0.46% |  4.15e-07 |      
      450 |   0.1229 |  6.883240e+05 |   +0.39% |  6.11e-07 |      
      460 |   0.1078 |  6.900217e+05 |   +0.25% |  9.00e-07 |      
      466 |   0.0989 |  6.864116e+05 |          |  1.18e-06 |      
---------------------------------------------------------------
[INFO GPL-1001] Global placement finished at iteration 466
[INFO GPL-1002] Placed Cell Area            168782.8575
[INFO GPL-1003] Available Free Area         1470652.9728
[INFO GPL-1004] Minimum Feasible Density        0.1200 (cell_area / free_area)
[INFO GPL-1006]   Suggested Target Densities:
[INFO GPL-1007]     - For 90% usage of free space: 0.1275
[INFO GPL-1008]     - For 80% usage of free space: 0.1435
[INFO GPL-1009]     - For 50% usage of free space: 0.2295
[INFO GPL-1014] Final placement area: 168782.86 (+0.00%)
Took 9 seconds: global_placement -skip_io -density 0.5 -pad_left 0 -pad_right 0
Design area 176634 um^2 12% utilization.
write_db ./results/sky130hd/d_dsp03_multifmt_fma/base/3_1_place_gp_skip_io.odb
Elapsed time: 0:09.07[h:]min:sec. CPU time: user 126.74 sys 0.25 (1400%). Peak memory: 233524KB.
Log                       Ext     Elapsed/s Peak Memory/MB sha1sum result [0:20)
3_1_place_gp_skip_io      .odb            9            228 0ca02dd9b311e34f7d1f
/OpenROAD-flow-scripts/flow/scripts/flow.sh 3_2_place_iop io_placement
Running io_placement.tcl, stage 3_2_place_iop
read_liberty /OpenROAD-flow-scripts/flow/platforms/sky130hd/lib/sky130_fd_sc_hd__tt_025C_1v80.lib
read_db ./results/sky130hd/d_dsp03_multifmt_fma/base/3_1_place_gp_skip_io.odb
read_sdc ./results/sky130hd/d_dsp03_multifmt_fma/base/2_floorplan.sdc
source /OpenROAD-flow-scripts/flow/platforms/sky130hd/setRC.tcl
place_pins -hor_layers met3 -ver_layers met2
Found 0 macro blocks.
Using 2 tracks default min distance between IO pins.
[INFO PPL-0001] Number of available slots 4462
[INFO PPL-0002] Number of I/O             273
[INFO PPL-0003] Number of I/O w/sink      271
[INFO PPL-0004] Number of I/O w/o sink    2
[INFO PPL-0005] Slots per section         200
[INFO PPL-0008] Successfully assigned pins to sections.
[INFO PPL-0012] I/O nets HPWL: 145064.83 um.
Design area 176634 um^2 12% utilization.
write_db ./results/sky130hd/d_dsp03_multifmt_fma/base/3_2_place_iop.odb
Elapsed time: 0:00.45[h:]min:sec. CPU time: user 0.38 sys 0.06 (99%). Peak memory: 189488KB.
Log                       Ext     Elapsed/s Peak Memory/MB sha1sum result [0:20)
3_2_place_iop             .odb            0            185 174bae26c855e10acf59
/OpenROAD-flow-scripts/flow/scripts/flow.sh 3_3_place_gp global_place
Running global_place.tcl, stage 3_3_place_gp
read_liberty /OpenROAD-flow-scripts/flow/platforms/sky130hd/lib/sky130_fd_sc_hd__tt_025C_1v80.lib
read_db ./results/sky130hd/d_dsp03_multifmt_fma/base/3_2_place_iop.odb
read_sdc ./results/sky130hd/d_dsp03_multifmt_fma/base/2_floorplan.sdc
source /OpenROAD-flow-scripts/flow/platforms/sky130hd/setRC.tcl
[INFO RSZ-0026] Removed 1580 buffers.
Perform port buffering...
[INFO RSZ-0027] Inserted 199 sky130_fd_sc_hd__clkdlybuf4s50_1 input buffers.
[INFO RSZ-0028] Inserted 69 sky130_fd_sc_hd__clkdlybuf4s50_1 output buffers.
global_placement -density 0.5 -pad_left 0 -pad_right 0 -routability_driven -timing_driven -force_center_initial_place -min_phi_coef 0.95 -max_phi_coef 1.05
[INFO GPL-0001] ---- Initialize GPL Main Data Structures
[INFO GPL-0002] DBU: 1000
[INFO GPL-0003] SiteSize: (  0.460  2.720 ) um
[INFO GPL-0004] CoreBBox: (  1.380  2.720 ) ( 1225.900 1224.000 ) um
[INFO GPL-0016] Core area:                  1495481.786 um^2
[INFO GPL-0036] Movable instances area:     147109.840 um^2
[INFO GPL-0037] Total instances area:       171938.653 um^2
[INFO GPL-0035] Pin density area adjust:     17087.946 um^2
[INFO GPL-0032] ---- Initialize Region: Top-level
[INFO GPL-0006] Number of instances:             39154
[INFO GPL-0007] Movable instances:               19310
[INFO GPL-0008] Fixed instances:                 19844
[INFO GPL-0009] Dummy instances:                     0
[INFO GPL-0010] Number of nets:                  21668
[INFO GPL-0011] Number of pins:                  75836
[INFO GPL-0012] Die BBox:       (  0.000  0.000 ) ( 1227.275 1227.275 ) um
[INFO GPL-0013] Placement BBox: (  1.380  2.720 ) ( 1225.900 1224.000 ) um
[INFO GPL-0014] Region name: top-level.
[INFO GPL-0015] Region area:                1495481.786 um^2
[INFO GPL-0017] Fixed instances area:        24828.813 um^2
[INFO GPL-0018] Movable instances area:     164197.786 um^2
[INFO GPL-0019] Utilization:                    11.165 %
[INFO GPL-0020] Standard cells area:        164197.786 um^2
[INFO GPL-0021] Large instances area:            0.000 um^2
[INFO GPL-0005] ---- Execute Conjugate Gradient Initial Placement.
[INFO GPL-0051] Source of initial instance position counters:
	Odb location = 0	Core center = 19310	Region center = 0
[InitialPlace]  Iter: 1 conjugate gradient residual: 0.00083502 HPWL: 842346164
[InitialPlace]  Iter: 2 conjugate gradient residual: 0.00012897 HPWL: 339272251
[InitialPlace]  Iter: 3 conjugate gradient residual: 0.00016775 HPWL: 338076870
[InitialPlace]  Iter: 4 conjugate gradient residual: 0.00023429 HPWL: 337816548
[InitialPlace]  Iter: 5 conjugate gradient residual: 0.00015669 HPWL: 336798395
[InitialPlace]  Iter: 6 conjugate gradient residual: 0.00045229 HPWL: 335758790
[InitialPlace]  Iter: 7 conjugate gradient residual: 0.00026789 HPWL: 334299000
[InitialPlace]  Iter: 8 conjugate gradient residual: 0.00038625 HPWL: 333096207
[InitialPlace]  Iter: 9 conjugate gradient residual: 0.00014023 HPWL: 331506521
[InitialPlace]  Iter: 10 conjugate gradient residual: 0.00042641 HPWL: 329744092
[InitialPlace]  Iter: 11 conjugate gradient residual: 0.00055619 HPWL: 327446626
[InitialPlace]  Iter: 12 conjugate gradient residual: 0.00028961 HPWL: 326520795
[InitialPlace]  Iter: 13 conjugate gradient residual: 0.00029160 HPWL: 324676283
[InitialPlace]  Iter: 14 conjugate gradient residual: 0.00055081 HPWL: 323172687
[InitialPlace]  Iter: 15 conjugate gradient residual: 0.00067679 HPWL: 321545882
[InitialPlace]  Iter: 16 conjugate gradient residual: 0.00039726 HPWL: 321391972
[InitialPlace]  Iter: 17 conjugate gradient residual: 0.00069992 HPWL: 319103044
[InitialPlace]  Iter: 18 conjugate gradient residual: 0.00027123 HPWL: 318726614
[InitialPlace]  Iter: 19 conjugate gradient residual: 0.00037463 HPWL: 317316933
[InitialPlace]  Iter: 20 conjugate gradient residual: 0.00046388 HPWL: 316479110
[INFO GPL-0033] ---- Initialize Nesterov Region: Top-level
[INFO GPL-0023] Placement target density:       0.5000
[INFO GPL-0024] Movable insts average area:      8.503 um^2
[INFO GPL-0025] Ideal bin area:                 17.007 um^2
[INFO GPL-0026] Ideal bin count:                 87935
[INFO GPL-0027] Total bin area:             1495481.786 um^2
[INFO GPL-0028] Bin count (X, Y):         256 ,    256
[INFO GPL-0029] Bin size (W * H):       4.783 *  4.771 um
[INFO GPL-0030] Number of bins:                  65536
[INFO GPL-0084] ---- Execute Nesterov Global Placement.
[INFO GPL-0031] HPWL: Half-Perimeter Wirelength
Iteration | Overflow |     HPWL (um) |  HPWL(%) |   Penalty | Group
---------------------------------------------------------------
        0 |   0.9886 |  1.860611e+05 |   +0.00% |  2.33e-16 |      
       10 |   0.9554 |  2.731160e+05 |  +46.79% |  3.75e-16 |      
       20 |   0.9363 |  3.095592e+05 |  +13.34% |  6.09e-16 |      
       30 |   0.9274 |  3.333977e+05 |   +7.70% |  9.90e-16 |      
       40 |   0.9235 |  3.477823e+05 |   +4.31% |  1.61e-15 |      
       50 |   0.9192 |  3.560813e+05 |   +2.39% |  2.62e-15 |      
       60 |   0.9173 |  3.594287e+05 |   +0.94% |  4.26e-15 |      
       70 |   0.9160 |  3.604121e+05 |   +0.27% |  6.95e-15 |      
       80 |   0.9148 |  3.614497e+05 |   +0.29% |  1.13e-14 |      
       90 |   0.9127 |  3.633165e+05 |   +0.52% |  1.84e-14 |      
      100 |   0.9114 |  3.652543e+05 |   +0.53% |  3.00e-14 |      
      110 |   0.9099 |  3.666640e+05 |   +0.39% |  4.89e-14 |      
      120 |   0.9096 |  3.674992e+05 |   +0.23% |  7.96e-14 |      
      130 |   0.9090 |  3.679812e+05 |   +0.13% |  1.30e-13 |      
      140 |   0.9085 |  3.686045e+05 |   +0.17% |  2.11e-13 |      
      150 |   0.9077 |  3.695103e+05 |   +0.25% |  3.44e-13 |      
      160 |   0.9071 |  3.710074e+05 |   +0.41% |  5.60e-13 |      
      170 |   0.9059 |  3.733965e+05 |   +0.64% |  9.12e-13 |      
      180 |   0.9042 |  3.772220e+05 |   +1.02% |  1.49e-12 |      
      190 |   0.9016 |  3.830280e+05 |   +1.54% |  2.42e-12 |      
      200 |   0.8971 |  3.915973e+05 |   +2.24% |  3.93e-12 |      
      210 |   0.8891 |  4.040721e+05 |   +3.19% |  6.40e-12 |      
      220 |   0.8750 |  4.231341e+05 |   +4.72% |  1.04e-11 |      
      230 |   0.8552 |  4.525537e+05 |   +6.95% |  1.69e-11 |      
      240 |   0.8296 |  4.751774e+05 |   +5.00% |  2.74e-11 |      
      250 |   0.8046 |  4.805353e+05 |   +1.13% |  4.47e-11 |      
      260 |   0.7783 |  4.721814e+05 |   -1.74% |  7.28e-11 |      
      270 |   0.7442 |  4.965159e+05 |   +5.15% |  1.18e-10 |      
      280 |   0.7116 |  5.497603e+05 |  +10.72% |  1.91e-10 |      
      290 |   0.6919 |  5.355682e+05 |   -2.58% |  3.12e-10 |      
      300 |   0.6584 |  5.597615e+05 |   +4.52% |  5.06e-10 |      
[INFO GPL-0100] Timing-driven iteration 1/2, virtual: false.
[INFO GPL-0101]    Iter: 309, overflow: 0.635, keep resizer changes at: 1, HPWL: 572534580
Iteration |   Area    | Resized | Buffers | Nets repaired | Remaining
---------------------------------------------------------------------
        0 |     +0.0% |       0 |       0 |             0 |     21768
    final |     +2.3% |     163 |     185 |           176 |         0
---------------------------------------------------------------------
[INFO RSZ-0034] Found 182 slew violations.
[INFO RSZ-0036] Found 35 capacitance violations.
[INFO RSZ-0039] Resized 163 instances.
[INFO RSZ-0038] Inserted 185 buffers in 176 nets.
   Iter   |    Area   | Removed | Inserted |   Pins
          |           | Buffers | Buffers  | Remaining
-------------------------------------------------------
        0 |     +0.0% |       0 |        0 |     21207
     2100 |     +3.3% |      92 |      713 |     19107
     4200 |     +6.2% |     108 |     1428 |     17007
     6300 |     +9.9% |     129 |     2342 |     14907
     8400 |    +14.0% |     134 |     3320 |     12807
    10500 |    +17.5% |     135 |     4128 |     10707
    12600 |    +20.9% |     148 |     4955 |      8607
    14700 |    +21.9% |     153 |     5204 |      6507
    16800 |    +23.0% |     179 |     5496 |      4407
    18900 |    +24.9% |     198 |     5981 |      2307
    21000 |    +26.5% |     245 |     6472 |       207
    final |    +27.6% |     252 |     6735 |         0
-------------------------------------------------------
[INFO GPL-0106] Timing-driven: worst slack -9.74e-09
[INFO GPL-0107] Timing-driven: repair_design delta area: 52187.820 um^2 (+31.78%)
[INFO GPL-0108] Timing-driven: repair_design, gpl delta gcells: 6668 (+34.53%)
[INFO GPL-0109] Timing-driven: repair_design, gcells created: 6920, deleted: 252
[INFO GPL-0110] Timing-driven: new target density: 0.53548616
Iteration | Overflow |     HPWL (um) |  HPWL(%) |   Penalty | Group
---------------------------------------------------------------
      310 |   0.6672 |  5.885677e+05 |   +5.15% |  8.18e-10 |      
[INFO GPL-0038] Routability snapshot saved at iter = 315
      314 |   0.5883 |  7.380155e+05 |          |           |      
      320 |   0.5521 |  7.434699e+05 |  +26.32% |  1.31e-09 |      
      330 |   0.5365 |  7.662427e+05 |   +3.06% |  2.12e-09 |      
      340 |   0.4966 |  7.590677e+05 |   -0.94% |  3.43e-09 |      
      350 |   0.4598 |  7.288504e+05 |   -3.98% |  5.58e-09 |      
      360 |   0.4110 |  7.331822e+05 |   +0.59% |  9.07e-09 |      
      370 |   0.3686 |  7.269926e+05 |   -0.84% |  1.48e-08 |      
      380 |   0.3272 |  7.276585e+05 |   +0.09% |  2.31e-08 |      
[INFO GPL-0040] Routability iteration: 1
[INFO GPL-0041] Total routing overflow: 60.0655
[INFO GPL-0042] Number of overflowed tiles: 702 (2.24%)
[INFO GPL-0043] Average top 0.5% routing congestion: 1.2005
[INFO GPL-0044] Average top 1.0% routing congestion: 1.1509
[INFO GPL-0045] Average top 2.0% routing congestion: 1.0951
[INFO GPL-0046] Average top 5.0% routing congestion: 1.0087
[INFO GPL-0047] Routability iteration weighted routing congestion: 1.1757
[INFO GPL-0048] Routing congestion (1.1757) lower than previous minimum (1e+30). Updating minimum.
[INFO GPL-0086] Inflated area:                7148.996 um^2 (+3.30%)
[INFO GPL-0052] Placement target density:       0.5355
[INFO GPL-0076] Removing fillers, count: Before: 68522, After: 67665 (-1.25%)
[INFO GPL-0077] Filler area (um^2)     : Before: 571128.717, After: 563979.114 (-1.25%)
[INFO GPL-0078] Removed fillers count: 857, area removed: 7142.985 um^2. Remaining area to be compensated by modifying density: 6.010 um^2
[INFO GPL-0058] White space area:           1470652.973 um^2 (+0.00%)
[INFO GPL-0059] Movable instances area:     787514.327 um^2 (+0.00%)
[INFO GPL-0060] Total filler area:          563979.114 um^2 (-1.25%)
[INFO GPL-0061] Total non-inflated area:    787513.717 um^2 (-0.00%)
[INFO GPL-0062] Total inflated area:        794662.712 um^2 (-0.00%)
[INFO GPL-0063] New Target Density:             0.5355
[INFO GPL-0087] Routability end iteration: increase inflation and revert back to snapshot.
Iteration | Overflow |     HPWL (um) |  HPWL(%) |   Penalty | Group
---------------------------------------------------------------
      390 |   0.5888 |  7.416844e+05 |   +1.93% |  1.03e-09 |      
      400 |   0.5535 |  7.532909e+05 |   +1.56% |  1.50e-09 |      
      410 |   0.5411 |  7.284650e+05 |   -3.30% |  2.21e-09 |      
      420 |   0.5076 |  7.470841e+05 |   +2.56% |  3.24e-09 |      
      430 |   0.4737 |  7.357883e+05 |   -1.51% |  4.77e-09 |      
      440 |   0.4359 |  7.371059e+05 |   +0.18% |  7.02e-09 |      
      450 |   0.4049 |  7.334743e+05 |   -0.49% |  1.03e-08 |      
      460 |   0.3686 |  7.314577e+05 |   -0.27% |  1.52e-08 |      
      470 |   0.3318 |  7.391648e+05 |   +1.05% |  2.24e-08 |      
      480 |   0.2973 |  7.403043e+05 |   +0.15% |  3.30e-08 |      
[INFO GPL-0040] Routability iteration: 2
[INFO GPL-0041] Total routing overflow: 37.8675
[INFO GPL-0042] Number of overflowed tiles: 519 (1.66%)
[INFO GPL-0043] Average top 0.5% routing congestion: 1.1501
[INFO GPL-0044] Average top 1.0% routing congestion: 1.1073
[INFO GPL-0045] Average top 2.0% routing congestion: 1.0590
[INFO GPL-0046] Average top 5.0% routing congestion: 0.9825
[INFO GPL-0047] Routability iteration weighted routing congestion: 1.1287
[INFO GPL-0048] Routing congestion (1.1287) lower than previous minimum (1.176). Updating minimum.
[INFO GPL-0086] Inflated area:                3800.879 um^2 (+1.70%)
[INFO GPL-0052] Placement target density:       0.5355
[INFO GPL-0076] Removing fillers, count: Before: 67665, After: 67209 (-0.67%)
[INFO GPL-0077] Filler area (um^2)     : Before: 563979.114, After: 560178.412 (-0.67%)
[INFO GPL-0078] Removed fillers count: 456, area removed: 3800.702 um^2. Remaining area to be compensated by modifying density: 0.177 um^2
[INFO GPL-0058] White space area:           1470652.973 um^2 (+0.00%)
[INFO GPL-0059] Movable instances area:     787514.327 um^2 (+0.00%)
[INFO GPL-0060] Total filler area:          560178.412 um^2 (-0.67%)
[INFO GPL-0061] Total non-inflated area:    787513.894 um^2 (+0.00%)
[INFO GPL-0062] Total inflated area:        791314.773 um^2 (+0.00%)
[INFO GPL-0063] New Target Density:             0.5355
[INFO GPL-0087] Routability end iteration: increase inflation and revert back to snapshot.
Iteration | Overflow |     HPWL (um) |  HPWL(%) |   Penalty | Group
---------------------------------------------------------------
      490 |   0.5502 |  7.684880e+05 |   +3.81% |  1.45e-09 |      
      500 |   0.5416 |  7.529339e+05 |   -2.02% |  2.13e-09 |      
      510 |   0.5085 |  7.706855e+05 |   +2.36% |  3.12e-09 |      
      520 |   0.4760 |  7.463010e+05 |   -3.16% |  4.59e-09 |      
      530 |   0.4383 |  7.523378e+05 |   +0.81% |  6.76e-09 |      
      540 |   0.4076 |  7.438281e+05 |   -1.13% |  9.95e-09 |      
      550 |   0.3702 |  7.395612e+05 |   -0.57% |  1.47e-08 |      
      560 |   0.3332 |  7.481210e+05 |   +1.16% |  2.16e-08 |      
      570 |   0.2998 |  7.491627e+05 |   +0.14% |  3.18e-08 |      
[INFO GPL-0040] Routability iteration: 3
[INFO GPL-0041] Total routing overflow: 30.4126
[INFO GPL-0042] Number of overflowed tiles: 463 (1.48%)
[INFO GPL-0043] Average top 0.5% routing congestion: 1.1289
[INFO GPL-0044] Average top 1.0% routing congestion: 1.0904
[INFO GPL-0045] Average top 2.0% routing congestion: 1.0454
[INFO GPL-0046] Average top 5.0% routing congestion: 0.9749
[INFO GPL-0047] Routability iteration weighted routing congestion: 1.1096
[INFO GPL-0048] Routing congestion (1.1096) lower than previous minimum (1.129). Updating minimum.
[INFO GPL-0086] Inflated area:                3056.712 um^2 (+1.34%)
[INFO GPL-0052] Placement target density:       0.5355
[INFO GPL-0076] Removing fillers, count: Before: 67209, After: 66843 (-0.54%)
[INFO GPL-0077] Filler area (um^2)     : Before: 560178.412, After: 557127.849 (-0.54%)
[INFO GPL-0078] Removed fillers count: 366, area removed: 3050.563 um^2. Remaining area to be compensated by modifying density: 6.149 um^2
[INFO GPL-0058] White space area:           1470652.973 um^2 (+0.00%)
[INFO GPL-0059] Movable instances area:     787514.327 um^2 (+0.00%)
[INFO GPL-0060] Total filler area:          557127.849 um^2 (-0.54%)
[INFO GPL-0061] Total non-inflated area:    787520.043 um^2 (+0.00%)
[INFO GPL-0062] Total inflated area:        790576.754 um^2 (+0.00%)
[INFO GPL-0063] New Target Density:             0.5355
[INFO GPL-0087] Routability end iteration: increase inflation and revert back to snapshot.
Iteration | Overflow |     HPWL (um) |  HPWL(%) |   Penalty | Group
---------------------------------------------------------------
      580 |   0.5486 |  7.815299e+05 |   +4.32% |  1.45e-09 |      
      590 |   0.5414 |  7.646355e+05 |   -2.16% |  2.13e-09 |      
      600 |   0.5081 |  7.832847e+05 |   +2.44% |  3.12e-09 |      
      610 |   0.4756 |  7.555458e+05 |   -3.54% |  4.59e-09 |      
      620 |   0.4384 |  7.614918e+05 |   +0.79% |  6.75e-09 |      
      630 |   0.4062 |  7.521850e+05 |   -1.22% |  9.95e-09 |      
      640 |   0.3702 |  7.472782e+05 |   -0.65% |  1.47e-08 |      
      650 |   0.3343 |  7.549554e+05 |   +1.03% |  2.16e-08 |      
      660 |   0.3000 |  7.555292e+05 |   +0.08% |  3.18e-08 |      
[INFO GPL-0040] Routability iteration: 4
[INFO GPL-0041] Total routing overflow: 23.3023
[INFO GPL-0042] Number of overflowed tiles: 405 (1.29%)
[INFO GPL-0043] Average top 0.5% routing congestion: 1.1061
[INFO GPL-0044] Average top 1.0% routing congestion: 1.0718
[INFO GPL-0045] Average top 2.0% routing congestion: 1.0310
[INFO GPL-0046] Average top 5.0% routing congestion: 0.9640
[INFO GPL-0047] Routability iteration weighted routing congestion: 1.0889
[INFO GPL-0048] Routing congestion (1.0889) lower than previous minimum (1.11). Updating minimum.
[INFO GPL-0086] Inflated area:                2115.271 um^2 (+0.92%)
[INFO GPL-0052] Placement target density:       0.5355
[INFO GPL-0076] Removing fillers, count: Before: 66843, After: 66590 (-0.38%)
[INFO GPL-0077] Filler area (um^2)     : Before: 557127.849, After: 555019.126 (-0.38%)
[INFO GPL-0078] Removed fillers count: 253, area removed: 2108.723 um^2. Remaining area to be compensated by modifying density: 6.549 um^2
[INFO GPL-0058] White space area:           1470652.973 um^2 (+0.00%)
[INFO GPL-0059] Movable instances area:     787514.327 um^2 (+0.00%)
[INFO GPL-0060] Total filler area:          555019.126 um^2 (-0.38%)
[INFO GPL-0061] Total non-inflated area:    787526.592 um^2 (+0.00%)
[INFO GPL-0062] Total inflated area:        789641.863 um^2 (+0.00%)
[INFO GPL-0063] New Target Density:             0.5355
[INFO GPL-0087] Routability end iteration: increase inflation and revert back to snapshot.
Iteration | Overflow |     HPWL (um) |  HPWL(%) |   Penalty | Group
---------------------------------------------------------------
      670 |   0.5460 |  8.002545e+05 |   +5.92% |  1.39e-09 |      
      680 |   0.5419 |  7.842312e+05 |   -2.00% |  2.04e-09 |      
      690 |   0.5094 |  7.967754e+05 |   +1.60% |  3.00e-09 |      
      700 |   0.4798 |  7.560152e+05 |   -5.12% |  4.42e-09 |      
      710 |   0.4414 |  7.715928e+05 |   +2.06% |  6.49e-09 |      
      720 |   0.4101 |  7.590884e+05 |   -1.62% |  9.56e-09 |      
      730 |   0.3747 |  7.516882e+05 |   -0.97% |  1.41e-08 |      
      740 |   0.3373 |  7.601485e+05 |   +1.13% |  2.07e-08 |      
      750 |   0.3031 |  7.605920e+05 |   +0.06% |  3.05e-08 |      
[INFO GPL-0040] Routability iteration: 5
[INFO GPL-0041] Total routing overflow: 21.7368
[INFO GPL-0042] Number of overflowed tiles: 398 (1.27%)
[INFO GPL-0043] Average top 0.5% routing congestion: 1.1011
[INFO GPL-0044] Average top 1.0% routing congestion: 1.0672
[INFO GPL-0045] Average top 2.0% routing congestion: 1.0278
[INFO GPL-0046] Average top 5.0% routing congestion: 0.9627
[INFO GPL-0047] Routability iteration weighted routing congestion: 1.0841
[INFO GPL-0048] Routing congestion (1.0841) lower than previous minimum (1.089). Updating minimum.
[INFO GPL-0086] Inflated area:                2131.346 um^2 (+0.92%)
[INFO GPL-0052] Placement target density:       0.5355
[INFO GPL-0076] Removing fillers, count: Before: 66590, After: 66335 (-0.38%)
[INFO GPL-0077] Filler area (um^2)     : Before: 555019.126, After: 552893.734 (-0.38%)
[INFO GPL-0078] Removed fillers count: 255, area removed: 2125.392 um^2. Remaining area to be compensated by modifying density: 5.954 um^2
[INFO GPL-0058] White space area:           1470652.973 um^2 (+0.00%)
[INFO GPL-0059] Movable instances area:     787514.327 um^2 (+0.00%)
[INFO GPL-0060] Total filler area:          552893.734 um^2 (-0.38%)
[INFO GPL-0061] Total non-inflated area:    787532.546 um^2 (+0.00%)
[INFO GPL-0062] Total inflated area:        789663.892 um^2 (+0.00%)
[INFO GPL-0063] New Target Density:             0.5355
[INFO GPL-0087] Routability end iteration: increase inflation and revert back to snapshot.
Iteration | Overflow |     HPWL (um) |  HPWL(%) |   Penalty | Group
---------------------------------------------------------------
      760 |   0.5443 |  8.128701e+05 |   +6.87% |  1.39e-09 |      
      770 |   0.5409 |  7.936254e+05 |   -2.37% |  2.04e-09 |      
      780 |   0.5088 |  8.067851e+05 |   +1.66% |  3.00e-09 |      
      790 |   0.4797 |  7.619648e+05 |   -5.56% |  4.42e-09 |      
      800 |   0.4400 |  7.785294e+05 |   +2.17% |  6.49e-09 |      
      810 |   0.4094 |  7.655318e+05 |   -1.67% |  9.56e-09 |      
      820 |   0.3732 |  7.578449e+05 |   -1.00% |  1.41e-08 |      
      830 |   0.3361 |  7.649794e+05 |   +0.94% |  2.07e-08 |      
      840 |   0.3018 |  7.658833e+05 |   +0.12% |  3.05e-08 |      
[INFO GPL-0040] Routability iteration: 6
[INFO GPL-0041] Total routing overflow: 18.5794
[INFO GPL-0042] Number of overflowed tiles: 347 (1.11%)
[INFO GPL-0043] Average top 0.5% routing congestion: 1.0915
[INFO GPL-0044] Average top 1.0% routing congestion: 1.0588
[INFO GPL-0045] Average top 2.0% routing congestion: 1.0205
[INFO GPL-0046] Average top 5.0% routing congestion: 0.9584
[INFO GPL-0047] Routability iteration weighted routing congestion: 1.0752
[INFO GPL-0048] Routing congestion (1.0752) lower than previous minimum (1.084). Updating minimum.
[INFO GPL-0086] Inflated area:                1679.200 um^2 (+0.72%)
[INFO GPL-0052] Placement target density:       0.5355
[INFO GPL-0076] Removing fillers, count: Before: 66335, After: 66134 (-0.30%)
[INFO GPL-0077] Filler area (um^2)     : Before: 552893.734, After: 551218.425 (-0.30%)
[INFO GPL-0078] Removed fillers count: 201, area removed: 1675.309 um^2. Remaining area to be compensated by modifying density: 3.891 um^2
[INFO GPL-0058] White space area:           1470652.973 um^2 (+0.00%)
[INFO GPL-0059] Movable instances area:     787514.327 um^2 (+0.00%)
[INFO GPL-0060] Total filler area:          551218.425 um^2 (-0.30%)
[INFO GPL-0061] Total non-inflated area:    787536.436 um^2 (+0.00%)
[INFO GPL-0062] Total inflated area:        789215.637 um^2 (+0.00%)
[INFO GPL-0063] New Target Density:             0.5355
[INFO GPL-0087] Routability end iteration: increase inflation and revert back to snapshot.
Iteration | Overflow |     HPWL (um) |  HPWL(%) |   Penalty | Group
---------------------------------------------------------------
      850 |   0.5433 |  8.233076e+05 |   +7.50% |  1.39e-09 |      
      860 |   0.5412 |  8.011705e+05 |   -2.69% |  2.04e-09 |      
      870 |   0.5089 |  8.145402e+05 |   +1.67% |  3.00e-09 |      
      880 |   0.4789 |  7.674833e+05 |   -5.78% |  4.41e-09 |      
      890 |   0.4399 |  7.849253e+05 |   +2.27% |  6.49e-09 |      
      900 |   0.4086 |  7.711364e+05 |   -1.76% |  9.55e-09 |      
      910 |   0.3725 |  7.618597e+05 |   -1.20% |  1.41e-08 |      
      920 |   0.3358 |  7.691118e+05 |   +0.95% |  2.07e-08 |      
      930 |   0.3033 |  7.689805e+05 |   -0.02% |  3.05e-08 |      
[INFO GPL-0040] Routability iteration: 7
[INFO GPL-0041] Total routing overflow: 15.6691
[INFO GPL-0042] Number of overflowed tiles: 293 (0.94%)
[INFO GPL-0043] Average top 0.5% routing congestion: 1.0842
[INFO GPL-0044] Average top 1.0% routing congestion: 1.0498
[INFO GPL-0045] Average top 2.0% routing congestion: 1.0127
[INFO GPL-0046] Average top 5.0% routing congestion: 0.9536
[INFO GPL-0047] Routability iteration weighted routing congestion: 1.0670
[INFO GPL-0048] Routing congestion (1.0670) lower than previous minimum (1.075). Updating minimum.
[INFO GPL-0086] Inflated area:                1400.895 um^2 (+0.59%)
[INFO GPL-0052] Placement target density:       0.5355
[INFO GPL-0076] Removing fillers, count: Before: 66134, After: 65966 (-0.25%)
[INFO GPL-0077] Filler area (um^2)     : Before: 551218.425, After: 549818.166 (-0.25%)
[INFO GPL-0078] Removed fillers count: 168, area removed: 1400.258 um^2. Remaining area to be compensated by modifying density: 0.636 um^2
[INFO GPL-0058] White space area:           1470652.973 um^2 (+0.00%)
[INFO GPL-0059] Movable instances area:     787514.327 um^2 (+0.00%)
[INFO GPL-0060] Total filler area:          549818.166 um^2 (-0.25%)
[INFO GPL-0061] Total non-inflated area:    787537.073 um^2 (+0.00%)
[INFO GPL-0062] Total inflated area:        788937.967 um^2 (+0.00%)
[INFO GPL-0063] New Target Density:             0.5355
[INFO GPL-0087] Routability end iteration: increase inflation and revert back to snapshot.
Iteration | Overflow |     HPWL (um) |  HPWL(%) |   Penalty | Group
---------------------------------------------------------------
      940 |   0.5422 |  8.326400e+05 |   +8.28% |  1.39e-09 |      
      950 |   0.5402 |  8.076243e+05 |   -3.00% |  2.04e-09 |      
      960 |   0.5085 |  8.215509e+05 |   +1.72% |  3.00e-09 |      
      970 |   0.4778 |  7.725621e+05 |   -5.96% |  4.41e-09 |      
      980 |   0.4390 |  7.901149e+05 |   +2.27% |  6.48e-09 |      
      990 |   0.4083 |  7.752578e+05 |   -1.88% |  9.55e-09 |      
     1000 |   0.3731 |  7.664239e+05 |   -1.14% |  1.41e-08 |      
     1010 |   0.3358 |  7.734383e+05 |   +0.92% |  2.07e-08 |      
     1020 |   0.3027 |  7.730821e+05 |   -0.05% |  3.05e-08 |      
[INFO GPL-0040] Routability iteration: 8
[INFO GPL-0041] Total routing overflow: 14.5652
[INFO GPL-0042] Number of overflowed tiles: 308 (0.98%)
[INFO GPL-0043] Average top 0.5% routing congestion: 1.0760
[INFO GPL-0044] Average top 1.0% routing congestion: 1.0464
[INFO GPL-0045] Average top 2.0% routing congestion: 1.0105
[INFO GPL-0046] Average top 5.0% routing congestion: 0.9509
[INFO GPL-0047] Routability iteration weighted routing congestion: 1.0612
[INFO GPL-0048] Routing congestion (1.0612) lower than previous minimum (1.067). Updating minimum.
[INFO GPL-0086] Inflated area:                1356.766 um^2 (+0.57%)
[INFO GPL-0052] Placement target density:       0.5355
[INFO GPL-0076] Removing fillers, count: Before: 65966, After: 65804 (-0.25%)
[INFO GPL-0077] Filler area (um^2)     : Before: 549818.166, After: 548467.917 (-0.25%)
[INFO GPL-0078] Removed fillers count: 162, area removed: 1350.249 um^2. Remaining area to be compensated by modifying density: 6.517 um^2
[INFO GPL-0058] White space area:           1470652.973 um^2 (+0.00%)
[INFO GPL-0059] Movable instances area:     787514.327 um^2 (+0.00%)
[INFO GPL-0060] Total filler area:          548467.917 um^2 (-0.25%)
[INFO GPL-0061] Total non-inflated area:    787543.590 um^2 (+0.00%)
[INFO GPL-0062] Total inflated area:        788900.356 um^2 (+0.00%)
[INFO GPL-0063] New Target Density:             0.5355
[INFO GPL-0087] Routability end iteration: increase inflation and revert back to snapshot.
Iteration | Overflow |     HPWL (um) |  HPWL(%) |   Penalty | Group
---------------------------------------------------------------
     1030 |   0.5414 |  8.415779e+05 |   +8.86% |  1.39e-09 |      
     1040 |   0.5405 |  8.134071e+05 |   -3.35% |  2.04e-09 |      
     1050 |   0.5079 |  8.285273e+05 |   +1.86% |  2.99e-09 |      
     1060 |   0.4772 |  7.768194e+05 |   -6.24% |  4.41e-09 |      
     1070 |   0.4391 |  7.946839e+05 |   +2.30% |  6.47e-09 |      
     1080 |   0.4078 |  7.799979e+05 |   -1.85% |  9.54e-09 |      
     1090 |   0.3724 |  7.702654e+05 |   -1.25% |  1.40e-08 |      
     1100 |   0.3361 |  7.770940e+05 |   +0.89% |  2.07e-08 |      
     1110 |   0.3029 |  7.761738e+05 |   -0.12% |  3.05e-08 |      
[INFO GPL-0040] Routability iteration: 9
[INFO GPL-0041] Total routing overflow: 15.1317
[INFO GPL-0042] Number of overflowed tiles: 296 (0.94%)
[INFO GPL-0043] Average top 0.5% routing congestion: 1.0817
[INFO GPL-0044] Average top 1.0% routing congestion: 1.0481
[INFO GPL-0045] Average top 2.0% routing congestion: 1.0098
[INFO GPL-0046] Average top 5.0% routing congestion: 0.9486
[INFO GPL-0047] Routability iteration weighted routing congestion: 1.0649
[INFO GPL-0049] Routing congestion (1.0649) higher than minimum (1.0612). Consecutive non-improvement count: 1.
[INFO GPL-0086] Inflated area:                1394.789 um^2 (+0.58%)
[INFO GPL-0052] Placement target density:       0.5355
[INFO GPL-0076] Removing fillers, count: Before: 65804, After: 65637 (-0.25%)
[INFO GPL-0077] Filler area (um^2)     : Before: 548467.917, After: 547075.993 (-0.25%)
[INFO GPL-0078] Removed fillers count: 167, area removed: 1391.924 um^2. Remaining area to be compensated by modifying density: 2.866 um^2
[INFO GPL-0058] White space area:           1470652.973 um^2 (+0.00%)
[INFO GPL-0059] Movable instances area:     787514.327 um^2 (+0.00%)
[INFO GPL-0060] Total filler area:          547075.993 um^2 (-0.25%)
[INFO GPL-0061] Total non-inflated area:    787546.455 um^2 (+0.00%)
[INFO GPL-0062] Total inflated area:        788941.245 um^2 (+0.00%)
[INFO GPL-0063] New Target Density:             0.5355
[INFO GPL-0087] Routability end iteration: increase inflation and revert back to snapshot.
Iteration | Overflow |     HPWL (um) |  HPWL(%) |   Penalty | Group
---------------------------------------------------------------
     1120 |   0.5395 |  8.513459e+05 |   +9.68% |  1.39e-09 |      
     1130 |   0.5394 |  8.206760e+05 |   -3.60% |  2.04e-09 |      
     1140 |   0.5073 |  8.363923e+05 |   +1.92% |  2.99e-09 |      
     1150 |   0.4769 |  7.812974e+05 |   -6.59% |  4.40e-09 |      
     1160 |   0.4380 |  7.994336e+05 |   +2.32% |  6.47e-09 |      
     1170 |   0.4074 |  7.840633e+05 |   -1.92% |  9.52e-09 |      
     1180 |   0.3717 |  7.742617e+05 |   -1.25% |  1.40e-08 |      
     1190 |   0.3365 |  7.799267e+05 |   +0.73% |  2.07e-08 |      
     1200 |   0.3019 |  7.795585e+05 |   -0.05% |  3.04e-08 |      
[INFO GPL-0040] Routability iteration: 10
[INFO GPL-0041] Total routing overflow: 14.3034
[INFO GPL-0042] Number of overflowed tiles: 289 (0.92%)
[INFO GPL-0043] Average top 0.5% routing congestion: 1.0783
[INFO GPL-0044] Average top 1.0% routing congestion: 1.0454
[INFO GPL-0045] Average top 2.0% routing congestion: 1.0086
[INFO GPL-0046] Average top 5.0% routing congestion: 0.9480
[INFO GPL-0047] Routability iteration weighted routing congestion: 1.0618
[INFO GPL-0049] Routing congestion (1.0618) higher than minimum (1.0612). Consecutive non-improvement count: 2.
[INFO GPL-0086] Inflated area:                1313.400 um^2 (+0.55%)
[INFO GPL-0052] Placement target density:       0.5355
[INFO GPL-0076] Removing fillers, count: Before: 65637, After: 65480 (-0.24%)
[INFO GPL-0077] Filler area (um^2)     : Before: 547075.993, After: 545767.419 (-0.24%)
[INFO GPL-0078] Removed fillers count: 157, area removed: 1308.575 um^2. Remaining area to be compensated by modifying density: 4.825 um^2
[INFO GPL-0058] White space area:           1470652.973 um^2 (+0.00%)
[INFO GPL-0059] Movable instances area:     787514.327 um^2 (+0.00%)
[INFO GPL-0060] Total filler area:          545767.419 um^2 (-0.24%)
[INFO GPL-0061] Total non-inflated area:    787551.280 um^2 (+0.00%)
[INFO GPL-0062] Total inflated area:        788864.680 um^2 (+0.00%)
[INFO GPL-0063] New Target Density:             0.5355
[INFO GPL-0087] Routability end iteration: increase inflation and revert back to snapshot.
Iteration | Overflow |     HPWL (um) |  HPWL(%) |   Penalty | Group
---------------------------------------------------------------
     1210 |   0.5384 |  8.610469e+05 |  +10.45% |  1.39e-09 |      
     1220 |   0.5387 |  8.274390e+05 |   -3.90% |  2.04e-09 |      
     1230 |   0.5065 |  8.443151e+05 |   +2.04% |  2.99e-09 |      
     1240 |   0.4762 |  7.867864e+05 |   -6.81% |  4.40e-09 |      
     1250 |   0.4372 |  8.054223e+05 |   +2.37% |  6.46e-09 |      
     1260 |   0.4067 |  7.892173e+05 |   -2.01% |  9.51e-09 |      
     1270 |   0.3722 |  7.786324e+05 |   -1.34% |  1.40e-08 |      
     1280 |   0.3359 |  7.838620e+05 |   +0.67% |  2.06e-08 |      
     1290 |   0.3018 |  7.831875e+05 |   -0.09% |  3.04e-08 |      
[INFO GPL-0040] Routability iteration: 11
[INFO GPL-0041] Total routing overflow: 13.8468
[INFO GPL-0042] Number of overflowed tiles: 288 (0.92%)
[INFO GPL-0043] Average top 0.5% routing congestion: 1.0763
[INFO GPL-0044] Average top 1.0% routing congestion: 1.0439
[INFO GPL-0045] Average top 2.0% routing congestion: 1.0073
[INFO GPL-0046] Average top 5.0% routing congestion: 0.9457
[INFO GPL-0047] Routability iteration weighted routing congestion: 1.0601
[INFO GPL-0048] Routing congestion (1.0601) lower than previous minimum (1.061). Updating minimum.
[INFO GPL-0086] Inflated area:                1334.725 um^2 (+0.55%)
[INFO GPL-0052] Placement target density:       0.5355
[INFO GPL-0076] Removing fillers, count: Before: 65480, After: 65320 (-0.24%)
[INFO GPL-0077] Filler area (um^2)     : Before: 545767.419, After: 544433.839 (-0.24%)
[INFO GPL-0078] Removed fillers count: 160, area removed: 1333.580 um^2. Remaining area to be compensated by modifying density: 1.145 um^2
[INFO GPL-0058] White space area:           1470652.973 um^2 (+0.00%)
[INFO GPL-0059] Movable instances area:     787514.327 um^2 (+0.00%)
[INFO GPL-0060] Total filler area:          544433.839 um^2 (-0.24%)
[INFO GPL-0061] Total non-inflated area:    787552.425 um^2 (+0.00%)
[INFO GPL-0062] Total inflated area:        788887.150 um^2 (+0.00%)
[INFO GPL-0063] New Target Density:             0.5355
[INFO GPL-0087] Routability end iteration: increase inflation and revert back to snapshot.
Iteration | Overflow |     HPWL (um) |  HPWL(%) |   Penalty | Group
---------------------------------------------------------------
     1300 |   0.5410 |  8.414801e+05 |   +7.44% |  1.39e-09 |      
     1310 |   0.5382 |  8.344750e+05 |   -0.83% |  2.04e-09 |      
     1320 |   0.5059 |  8.530935e+05 |   +2.23% |  2.99e-09 |      
     1330 |   0.4756 |  7.925349e+05 |   -7.10% |  4.40e-09 |      
     1340 |   0.4368 |  8.112744e+05 |   +2.36% |  6.46e-09 |      
     1350 |   0.4060 |  7.938171e+05 |   -2.15% |  9.51e-09 |      
     1360 |   0.3711 |  7.823426e+05 |   -1.45% |  1.40e-08 |      
     1370 |   0.3345 |  7.871425e+05 |   +0.61% |  2.06e-08 |      
     1380 |   0.3017 |  7.864704e+05 |   -0.09% |  3.04e-08 |      
[INFO GPL-0040] Routability iteration: 12
[INFO GPL-0041] Total routing overflow: 11.7722
[INFO GPL-0042] Number of overflowed tiles: 267 (0.85%)
[INFO GPL-0043] Average top 0.5% routing congestion: 1.0651
[INFO GPL-0044] Average top 1.0% routing congestion: 1.0369
[INFO GPL-0045] Average top 2.0% routing congestion: 1.0023
[INFO GPL-0046] Average top 5.0% routing congestion: 0.9439
[INFO GPL-0047] Routability iteration weighted routing congestion: 1.0510
[INFO GPL-0048] Routing congestion (1.0510) lower than previous minimum (1.06). Updating minimum.
[INFO GPL-0086] Inflated area:                1036.036 um^2 (+0.43%)
[INFO GPL-0052] Placement target density:       0.5355
[INFO GPL-0076] Removing fillers, count: Before: 65320, After: 65196 (-0.19%)
[INFO GPL-0077] Filler area (um^2)     : Before: 544433.839, After: 543400.315 (-0.19%)
[INFO GPL-0078] Removed fillers count: 124, area removed: 1033.524 um^2. Remaining area to be compensated by modifying density: 2.511 um^2
[INFO GPL-0058] White space area:           1470652.973 um^2 (+0.00%)
[INFO GPL-0059] Movable instances area:     787514.327 um^2 (+0.00%)
[INFO GPL-0060] Total filler area:          543400.315 um^2 (-0.19%)
[INFO GPL-0061] Total non-inflated area:    787554.937 um^2 (+0.00%)
[INFO GPL-0062] Total inflated area:        788590.972 um^2 (+0.00%)
[INFO GPL-0063] New Target Density:             0.5355
[INFO GPL-0087] Routability end iteration: increase inflation and revert back to snapshot.
Iteration | Overflow |     HPWL (um) |  HPWL(%) |   Penalty | Group
---------------------------------------------------------------
     1390 |   0.5402 |  8.481626e+05 |   +7.84% |  1.39e-09 |      
     1400 |   0.5380 |  8.394630e+05 |   -1.03% |  2.03e-09 |      
     1410 |   0.5063 |  8.595920e+05 |   +2.40% |  2.99e-09 |      
     1420 |   0.4751 |  7.971587e+05 |   -7.26% |  4.39e-09 |      
     1430 |   0.4364 |  8.152559e+05 |   +2.27% |  6.45e-09 |      
     1440 |   0.4063 |  7.972363e+05 |   -2.21% |  9.50e-09 |      
     1450 |   0.3704 |  7.859702e+05 |   -1.41% |  1.40e-08 |      
     1460 |   0.3332 |  7.904951e+05 |   +0.58% |  2.06e-08 |      
     1470 |   0.3013 |  7.893497e+05 |   -0.14% |  3.04e-08 |      
[INFO GPL-0040] Routability iteration: 13
[INFO GPL-0041] Total routing overflow: 10.2419
[INFO GPL-0042] Number of overflowed tiles: 272 (0.87%)
[INFO GPL-0043] Average top 0.5% routing congestion: 1.0574
[INFO GPL-0044] Average top 1.0% routing congestion: 1.0321
[INFO GPL-0045] Average top 2.0% routing congestion: 0.9996
[INFO GPL-0046] Average top 5.0% routing congestion: 0.9408
[INFO GPL-0047] Routability iteration weighted routing congestion: 1.0448
[INFO GPL-0048] Routing congestion (1.0448) lower than previous minimum (1.051). Updating minimum.
[INFO GPL-0086] Inflated area:                 873.901 um^2 (+0.36%)
[INFO GPL-0052] Placement target density:       0.5355
[INFO GPL-0076] Removing fillers, count: Before: 65196, After: 65092 (-0.16%)
[INFO GPL-0077] Filler area (um^2)     : Before: 543400.315, After: 542533.488 (-0.16%)
[INFO GPL-0078] Removed fillers count: 104, area removed: 866.827 um^2. Remaining area to be compensated by modifying density: 7.075 um^2
[INFO GPL-0058] White space area:           1470652.973 um^2 (+0.00%)
[INFO GPL-0059] Movable instances area:     787514.327 um^2 (+0.00%)
[INFO GPL-0060] Total filler area:          542533.488 um^2 (-0.16%)
[INFO GPL-0061] Total non-inflated area:    787562.011 um^2 (+0.00%)
[INFO GPL-0062] Total inflated area:        788435.913 um^2 (+0.00%)
[INFO GPL-0063] New Target Density:             0.5355
[INFO GPL-0087] Routability end iteration: increase inflation and revert back to snapshot.
Iteration | Overflow |     HPWL (um) |  HPWL(%) |   Penalty | Group
---------------------------------------------------------------
     1480 |   0.5398 |  8.537156e+05 |   +8.15% |  1.38e-09 |      
     1490 |   0.5375 |  8.442477e+05 |   -1.11% |  2.03e-09 |      
     1500 |   0.5060 |  8.650187e+05 |   +2.46% |  2.98e-09 |      
     1510 |   0.4744 |  8.011377e+05 |   -7.38% |  4.39e-09 |      
     1520 |   0.4362 |  8.182920e+05 |   +2.14% |  6.45e-09 |      
     1530 |   0.4058 |  8.002595e+05 |   -2.20% |  9.49e-09 |      
     1540 |   0.3703 |  7.888105e+05 |   -1.43% |  1.40e-08 |      
     1550 |   0.3342 |  7.924201e+05 |   +0.46% |  2.06e-08 |      
     1560 |   0.3019 |  7.906557e+05 |   -0.22% |  3.03e-08 |      
[INFO GPL-0040] Routability iteration: 14
[INFO GPL-0041] Total routing overflow: 11.2362
[INFO GPL-0042] Number of overflowed tiles: 243 (0.78%)
[INFO GPL-0043] Average top 0.5% routing congestion: 1.0652
[INFO GPL-0044] Average top 1.0% routing congestion: 1.0341
[INFO GPL-0045] Average top 2.0% routing congestion: 0.9980
[INFO GPL-0046] Average top 5.0% routing congestion: 0.9389
[INFO GPL-0047] Routability iteration weighted routing congestion: 1.0496
[INFO GPL-0049] Routing congestion (1.0496) higher than minimum (1.0448). Consecutive non-improvement count: 1.
[INFO GPL-0086] Inflated area:                 908.821 um^2 (+0.37%)
[INFO GPL-0052] Placement target density:       0.5355
[INFO GPL-0076] Removing fillers, count: Before: 65092, After: 64983 (-0.17%)
[INFO GPL-0077] Filler area (um^2)     : Before: 542533.488, After: 541624.987 (-0.17%)
[INFO GPL-0078] Removed fillers count: 109, area removed: 908.501 um^2. Remaining area to be compensated by modifying density: 0.320 um^2
[INFO GPL-0058] White space area:           1470652.973 um^2 (+0.00%)
[INFO GPL-0059] Movable instances area:     787514.327 um^2 (+0.00%)
[INFO GPL-0060] Total filler area:          541624.987 um^2 (-0.17%)
[INFO GPL-0061] Total non-inflated area:    787562.331 um^2 (+0.00%)
[INFO GPL-0062] Total inflated area:        788471.152 um^2 (+0.00%)
[INFO GPL-0063] New Target Density:             0.5355
[INFO GPL-0087] Routability end iteration: increase inflation and revert back to snapshot.
Iteration | Overflow |     HPWL (um) |  HPWL(%) |   Penalty | Group
---------------------------------------------------------------
     1570 |   0.5388 |  8.595516e+05 |   +8.71% |  1.38e-09 |      
     1580 |   0.5370 |  8.495493e+05 |   -1.16% |  2.03e-09 |      
     1590 |   0.5049 |  8.710063e+05 |   +2.53% |  2.98e-09 |      
     1600 |   0.4740 |  8.054506e+05 |   -7.53% |  4.39e-09 |      
     1610 |   0.4358 |  8.226183e+05 |   +2.13% |  6.44e-09 |      
     1620 |   0.4058 |  8.039207e+05 |   -2.27% |  9.49e-09 |      
     1630 |   0.3702 |  7.915477e+05 |   -1.54% |  1.40e-08 |      
     1640 |   0.3345 |  7.950963e+05 |   +0.45% |  2.06e-08 |      
     1650 |   0.3013 |  7.937421e+05 |   -0.17% |  3.03e-08 |      
[INFO GPL-0040] Routability iteration: 15
[INFO GPL-0041] Total routing overflow: 10.3043
[INFO GPL-0042] Number of overflowed tiles: 231 (0.74%)
[INFO GPL-0043] Average top 0.5% routing congestion: 1.0611
[INFO GPL-0044] Average top 1.0% routing congestion: 1.0307
[INFO GPL-0045] Average top 2.0% routing congestion: 0.9962
[INFO GPL-0046] Average top 5.0% routing congestion: 0.9381
[INFO GPL-0047] Routability iteration weighted routing congestion: 1.0459
[INFO GPL-0049] Routing congestion (1.0459) higher than minimum (1.0448). Consecutive non-improvement count: 2.
[INFO GPL-0086] Inflated area:                 883.707 um^2 (+0.36%)
[INFO GPL-0052] Placement target density:       0.5355
[INFO GPL-0076] Removing fillers, count: Before: 64983, After: 64877 (-0.16%)
[INFO GPL-0077] Filler area (um^2)     : Before: 541624.987, After: 540741.491 (-0.16%)
[INFO GPL-0078] Removed fillers count: 106, area removed: 883.496 um^2. Remaining area to be compensated by modifying density: 0.211 um^2
[INFO GPL-0058] White space area:           1470652.973 um^2 (+0.00%)
[INFO GPL-0059] Movable instances area:     787514.327 um^2 (+0.00%)
[INFO GPL-0060] Total filler area:          540741.491 um^2 (-0.16%)
[INFO GPL-0061] Total non-inflated area:    787562.542 um^2 (+0.00%)
[INFO GPL-0062] Total inflated area:        788446.250 um^2 (+0.00%)
[INFO GPL-0063] New Target Density:             0.5355
[INFO GPL-0087] Routability end iteration: increase inflation and revert back to snapshot.
Iteration | Overflow |     HPWL (um) |  HPWL(%) |   Penalty | Group
---------------------------------------------------------------
     1660 |   0.5381 |  8.662074e+05 |   +9.13% |  1.38e-09 |      
     1670 |   0.5364 |  8.543895e+05 |   -1.36% |  2.03e-09 |      
     1680 |   0.5048 |  8.775623e+05 |   +2.71% |  2.98e-09 |      
     1690 |   0.4741 |  8.098617e+05 |   -7.71% |  4.38e-09 |      
     1700 |   0.4352 |  8.258880e+05 |   +1.98% |  6.44e-09 |      
     1710 |   0.4052 |  8.076937e+05 |   -2.20% |  9.48e-09 |      
     1720 |   0.3703 |  7.945652e+05 |   -1.63% |  1.40e-08 |      
     1730 |   0.3340 |  7.977537e+05 |   +0.40% |  2.06e-08 |      
     1740 |   0.3021 |  7.961219e+05 |   -0.20% |  3.03e-08 |      
[INFO GPL-0040] Routability iteration: 16
[INFO GPL-0041] Total routing overflow: 9.3093
[INFO GPL-0042] Number of overflowed tiles: 231 (0.74%)
[INFO GPL-0043] Average top 0.5% routing congestion: 1.0548
[INFO GPL-0044] Average top 1.0% routing congestion: 1.0272
[INFO GPL-0045] Average top 2.0% routing congestion: 0.9917
[INFO GPL-0046] Average top 5.0% routing congestion: 0.9350
[INFO GPL-0047] Routability iteration weighted routing congestion: 1.0410
[INFO GPL-0048] Routing congestion (1.0410) lower than previous minimum (1.045). Updating minimum.
[INFO GPL-0086] Inflated area:                 830.663 um^2 (+0.34%)
[INFO GPL-0052] Placement target density:       0.5355
[INFO GPL-0076] Removing fillers, count: Before: 64877, After: 64778 (-0.15%)
[INFO GPL-0077] Filler area (um^2)     : Before: 540741.491, After: 539916.338 (-0.15%)
[INFO GPL-0078] Removed fillers count: 99, area removed: 825.152 um^2. Remaining area to be compensated by modifying density: 5.511 um^2
[INFO GPL-0058] White space area:           1470652.973 um^2 (+0.00%)
[INFO GPL-0059] Movable instances area:     787514.327 um^2 (+0.00%)
[INFO GPL-0060] Total filler area:          539916.338 um^2 (-0.15%)
[INFO GPL-0061] Total non-inflated area:    787568.053 um^2 (+0.00%)
[INFO GPL-0062] Total inflated area:        788398.717 um^2 (+0.00%)
[INFO GPL-0063] New Target Density:             0.5355
[INFO GPL-0087] Routability end iteration: increase inflation and revert back to snapshot.
Iteration | Overflow |     HPWL (um) |  HPWL(%) |   Penalty | Group
---------------------------------------------------------------
     1750 |   0.5374 |  8.723911e+05 |   +9.58% |  1.38e-09 |      
     1760 |   0.5363 |  8.586922e+05 |   -1.57% |  2.03e-09 |      
     1770 |   0.5048 |  8.835450e+05 |   +2.89% |  2.98e-09 |      
     1780 |   0.4736 |  8.137715e+05 |   -7.90% |  4.38e-09 |      
     1790 |   0.4353 |  8.293575e+05 |   +1.92% |  6.43e-09 |      
     1800 |   0.4050 |  8.103808e+05 |   -2.29% |  9.47e-09 |      
     1810 |   0.3698 |  7.975646e+05 |   -1.58% |  1.40e-08 |      
     1820 |   0.3338 |  7.999569e+05 |   +0.30% |  2.05e-08 |      
     1830 |   0.3019 |  7.979355e+05 |   -0.25% |  3.03e-08 |      
[INFO GPL-0040] Routability iteration: 17
[INFO GPL-0041] Total routing overflow: 9.4219
[INFO GPL-0042] Number of overflowed tiles: 211 (0.67%)
[INFO GPL-0043] Average top 0.5% routing congestion: 1.0576
[INFO GPL-0044] Average top 1.0% routing congestion: 1.0262
[INFO GPL-0045] Average top 2.0% routing congestion: 0.9905
[INFO GPL-0046] Average top 5.0% routing congestion: 0.9342
[INFO GPL-0047] Routability iteration weighted routing congestion: 1.0419
[INFO GPL-0049] Routing congestion (1.0419) higher than minimum (1.0410). Consecutive non-improvement count: 1.
[INFO GPL-0086] Inflated area:                 822.046 um^2 (+0.33%)
[INFO GPL-0052] Placement target density:       0.5355
[INFO GPL-0076] Removing fillers, count: Before: 64778, After: 64680 (-0.15%)
[INFO GPL-0077] Filler area (um^2)     : Before: 539916.338, After: 539099.521 (-0.15%)
[INFO GPL-0078] Removed fillers count: 98, area removed: 816.817 um^2. Remaining area to be compensated by modifying density: 5.228 um^2
[INFO GPL-0058] White space area:           1470652.973 um^2 (+0.00%)
[INFO GPL-0059] Movable instances area:     787514.327 um^2 (+0.00%)
[INFO GPL-0060] Total filler area:          539099.521 um^2 (-0.15%)
[INFO GPL-0061] Total non-inflated area:    787573.282 um^2 (+0.00%)
[INFO GPL-0062] Total inflated area:        788395.328 um^2 (+0.00%)
[INFO GPL-0063] New Target Density:             0.5355
[INFO GPL-0087] Routability end iteration: increase inflation and revert back to snapshot.
Iteration | Overflow |     HPWL (um) |  HPWL(%) |   Penalty | Group
---------------------------------------------------------------
     1840 |   0.5368 |  8.785248e+05 |  +10.10% |  1.38e-09 |      
     1850 |   0.5358 |  8.634306e+05 |   -1.72% |  2.03e-09 |      
     1860 |   0.5045 |  8.883536e+05 |   +2.89% |  2.98e-09 |      
     1870 |   0.4725 |  8.180074e+05 |   -7.92% |  4.38e-09 |      
     1880 |   0.4354 |  8.328110e+05 |   +1.81% |  6.43e-09 |      
     1890 |   0.4046 |  8.130884e+05 |   -2.37% |  9.46e-09 |      
     1900 |   0.3696 |  8.003459e+05 |   -1.57% |  1.39e-08 |      
     1910 |   0.3331 |  8.018003e+05 |   +0.18% |  2.05e-08 |      
     1920 |   0.3013 |  8.002639e+05 |   -0.19% |  3.02e-08 |      
[INFO GPL-0040] Routability iteration: 18
[INFO GPL-0041] Total routing overflow: 9.1940
[INFO GPL-0042] Number of overflowed tiles: 215 (0.69%)
[INFO GPL-0043] Average top 0.5% routing congestion: 1.0559
[INFO GPL-0044] Average top 1.0% routing congestion: 1.0258
[INFO GPL-0045] Average top 2.0% routing congestion: 0.9902
[INFO GPL-0046] Average top 5.0% routing congestion: 0.9328
[INFO GPL-0047] Routability iteration weighted routing congestion: 1.0409
[INFO GPL-0049] Routing congestion (1.0409) higher than minimum (1.0410). Consecutive non-improvement count: 2.
[INFO GPL-0086] Inflated area:                 791.353 um^2 (+0.32%)
[INFO GPL-0052] Placement target density:       0.5355
[INFO GPL-0076] Removing fillers, count: Before: 64680, After: 64586 (-0.15%)
[INFO GPL-0077] Filler area (um^2)     : Before: 539099.521, After: 538316.043 (-0.15%)
[INFO GPL-0078] Removed fillers count: 94, area removed: 783.478 um^2. Remaining area to be compensated by modifying density: 7.875 um^2
[INFO GPL-0058] White space area:           1470652.973 um^2 (+0.00%)
[INFO GPL-0059] Movable instances area:     787514.327 um^2 (+0.00%)
[INFO GPL-0060] Total filler area:          538316.043 um^2 (-0.15%)
[INFO GPL-0061] Total non-inflated area:    787581.157 um^2 (+0.00%)
[INFO GPL-0062] Total inflated area:        788372.510 um^2 (+0.00%)
[INFO GPL-0063] New Target Density:             0.5355
[INFO GPL-0087] Routability end iteration: increase inflation and revert back to snapshot.
Iteration | Overflow |     HPWL (um) |  HPWL(%) |   Penalty | Group
---------------------------------------------------------------
     1930 |   0.5363 |  8.844500e+05 |  +10.52% |  1.38e-09 |      
     1940 |   0.5352 |  8.680018e+05 |   -1.86% |  2.03e-09 |      
     1950 |   0.5046 |  8.937535e+05 |   +2.97% |  2.97e-09 |      
     1960 |   0.4719 |  8.223112e+05 |   -7.99% |  4.37e-09 |      
     1970 |   0.4350 |  8.358228e+05 |   +1.64% |  6.42e-09 |      
     1980 |   0.4043 |  8.157953e+05 |   -2.40% |  9.46e-09 |      
     1990 |   0.3680 |  8.028786e+05 |   -1.58% |  1.39e-08 |      
     2000 |   0.3332 |  8.047293e+05 |   +0.23% |  2.05e-08 |      
     2010 |   0.3018 |  8.019710e+05 |   -0.34% |  3.02e-08 |      
[INFO GPL-0040] Routability iteration: 19
[INFO GPL-0041] Total routing overflow: 7.6712
[INFO GPL-0042] Number of overflowed tiles: 188 (0.60%)
[INFO GPL-0043] Average top 0.5% routing congestion: 1.0480
[INFO GPL-0044] Average top 1.0% routing congestion: 1.0194
[INFO GPL-0045] Average top 2.0% routing congestion: 0.9864
[INFO GPL-0046] Average top 5.0% routing congestion: 0.9318
[INFO GPL-0047] Routability iteration weighted routing congestion: 1.0337
[INFO GPL-0048] Routing congestion (1.0337) lower than previous minimum (1.041). Updating minimum.
[INFO GPL-0086] Inflated area:                 681.599 um^2 (+0.27%)
[INFO GPL-0052] Placement target density:       0.5355
[INFO GPL-0076] Removing fillers, count: Before: 64586, After: 64505 (-0.13%)
[INFO GPL-0077] Filler area (um^2)     : Before: 538316.043, After: 537640.918 (-0.13%)
[INFO GPL-0078] Removed fillers count: 81, area removed: 675.125 um^2. Remaining area to be compensated by modifying density: 6.474 um^2
[INFO GPL-0058] White space area:           1470652.973 um^2 (+0.00%)
[INFO GPL-0059] Movable instances area:     787514.327 um^2 (+0.00%)
[INFO GPL-0060] Total filler area:          537640.918 um^2 (-0.13%)
[INFO GPL-0061] Total non-inflated area:    787587.631 um^2 (+0.00%)
[INFO GPL-0062] Total inflated area:        788269.230 um^2 (+0.00%)
[INFO GPL-0063] New Target Density:             0.5355
[INFO GPL-0087] Routability end iteration: increase inflation and revert back to snapshot.
Iteration | Overflow |     HPWL (um) |  HPWL(%) |   Penalty | Group
---------------------------------------------------------------
     2020 |   0.5357 |  8.896361e+05 |  +10.93% |  1.38e-09 |      
     2030 |   0.5345 |  8.720960e+05 |   -1.97% |  2.03e-09 |      
     2040 |   0.5042 |  8.989225e+05 |   +3.08% |  2.97e-09 |      
     2050 |   0.4716 |  8.260832e+05 |   -8.10% |  4.37e-09 |      
     2060 |   0.4344 |  8.384588e+05 |   +1.50% |  6.42e-09 |      
     2070 |   0.4038 |  8.184356e+05 |   -2.39% |  9.45e-09 |      
     2080 |   0.3684 |  8.049142e+05 |   -1.65% |  1.39e-08 |      
     2090 |   0.3322 |  8.066365e+05 |   +0.21% |  2.05e-08 |      
     2100 |   0.3021 |  8.039066e+05 |   -0.34% |  3.02e-08 |      
[INFO GPL-0040] Routability iteration: 20
[INFO GPL-0041] Total routing overflow: 6.3155
[INFO GPL-0042] Number of overflowed tiles: 187 (0.60%)
[INFO GPL-0043] Average top 0.5% routing congestion: 1.0397
[INFO GPL-0044] Average top 1.0% routing congestion: 1.0145
[INFO GPL-0045] Average top 2.0% routing congestion: 0.9835
[INFO GPL-0046] Average top 5.0% routing congestion: 0.9295
[INFO GPL-0047] Routability iteration weighted routing congestion: 1.0271
[INFO GPL-0048] Routing congestion (1.0271) lower than previous minimum (1.034). Updating minimum.
[INFO GPL-0086] Inflated area:                 586.949 um^2 (+0.23%)
[INFO GPL-0052] Placement target density:       0.5355
[INFO GPL-0076] Removing fillers, count: Before: 64505, After: 64435 (-0.11%)
[INFO GPL-0077] Filler area (um^2)     : Before: 537640.918, After: 537057.477 (-0.11%)
[INFO GPL-0078] Removed fillers count: 70, area removed: 583.441 um^2. Remaining area to be compensated by modifying density: 3.508 um^2
[INFO GPL-0058] White space area:           1470652.973 um^2 (+0.00%)
[INFO GPL-0059] Movable instances area:     787514.327 um^2 (+0.00%)
[INFO GPL-0060] Total filler area:          537057.477 um^2 (-0.11%)
[INFO GPL-0061] Total non-inflated area:    787591.139 um^2 (+0.00%)
[INFO GPL-0062] Total inflated area:        788178.089 um^2 (+0.00%)
[INFO GPL-0063] New Target Density:             0.5355
[INFO GPL-0087] Routability end iteration: increase inflation and revert back to snapshot.
Iteration | Overflow |     HPWL (um) |  HPWL(%) |   Penalty | Group
---------------------------------------------------------------
     2110 |   0.5349 |  8.939766e+05 |  +11.20% |  1.38e-09 |      
     2120 |   0.5343 |  8.754390e+05 |   -2.07% |  2.02e-09 |      
     2130 |   0.5042 |  9.029732e+05 |   +3.15% |  2.97e-09 |      
     2140 |   0.4716 |  8.289724e+05 |   -8.20% |  4.37e-09 |      
     2150 |   0.4347 |  8.405751e+05 |   +1.40% |  6.41e-09 |      
     2160 |   0.4039 |  8.204457e+05 |   -2.39% |  9.44e-09 |      
     2170 |   0.3682 |  8.071234e+05 |   -1.62% |  1.39e-08 |      
     2180 |   0.3321 |  8.080506e+05 |   +0.11% |  2.05e-08 |      
     2190 |   0.3019 |  8.061701e+05 |   -0.23% |  3.02e-08 |      
[INFO GPL-0040] Routability iteration: 21
[INFO GPL-0041] Total routing overflow: 6.8707
[INFO GPL-0042] Number of overflowed tiles: 181 (0.58%)
[INFO GPL-0043] Average top 0.5% routing congestion: 1.0433
[INFO GPL-0044] Average top 1.0% routing congestion: 1.0154
[INFO GPL-0045] Average top 2.0% routing congestion: 0.9830
[INFO GPL-0046] Average top 5.0% routing congestion: 0.9289
[INFO GPL-0047] Routability iteration weighted routing congestion: 1.0294
[INFO GPL-0049] Routing congestion (1.0294) higher than minimum (1.0271). Consecutive non-improvement count: 1.
[INFO GPL-0086] Inflated area:                 625.873 um^2 (+0.25%)
[INFO GPL-0052] Placement target density:       0.5355
[INFO GPL-0076] Removing fillers, count: Before: 64435, After: 64360 (-0.12%)
[INFO GPL-0077] Filler area (um^2)     : Before: 537057.477, After: 536432.362 (-0.12%)
[INFO GPL-0078] Removed fillers count: 75, area removed: 625.115 um^2. Remaining area to be compensated by modifying density: 0.757 um^2
[INFO GPL-0058] White space area:           1470652.973 um^2 (+0.00%)
[INFO GPL-0059] Movable instances area:     787514.327 um^2 (+0.00%)
[INFO GPL-0060] Total filler area:          536432.362 um^2 (-0.12%)
[INFO GPL-0061] Total non-inflated area:    787591.897 um^2 (+0.00%)
[INFO GPL-0062] Total inflated area:        788217.769 um^2 (+0.00%)
[INFO GPL-0063] New Target Density:             0.5355
[INFO GPL-0087] Routability end iteration: increase inflation and revert back to snapshot.
Iteration | Overflow |     HPWL (um) |  HPWL(%) |   Penalty | Group
---------------------------------------------------------------
     2200 |   0.5343 |  8.986793e+05 |  +11.48% |  1.38e-09 |      
     2210 |   0.5339 |  8.799168e+05 |   -2.09% |  2.02e-09 |      
     2220 |   0.5039 |  9.070506e+05 |   +3.08% |  2.97e-09 |      
     2230 |   0.4714 |  8.323624e+05 |   -8.23% |  4.37e-09 |      
     2240 |   0.4338 |  8.432841e+05 |   +1.31% |  6.41e-09 |      
     2250 |   0.4030 |  8.221458e+05 |   -2.51% |  9.44e-09 |      
     2260 |   0.3683 |  8.089059e+05 |   -1.61% |  1.39e-08 |      
     2270 |   0.3311 |  8.091638e+05 |   +0.03% |  2.05e-08 |      
     2280 |   0.3014 |  8.063043e+05 |   -0.35% |  3.02e-08 |      
[INFO GPL-0040] Routability iteration: 22
[INFO GPL-0041] Total routing overflow: 7.3616
[INFO GPL-0042] Number of overflowed tiles: 175 (0.56%)
[INFO GPL-0043] Average top 0.5% routing congestion: 1.0465
[INFO GPL-0044] Average top 1.0% routing congestion: 1.0173
[INFO GPL-0045] Average top 2.0% routing congestion: 0.9840
[INFO GPL-0046] Average top 5.0% routing congestion: 0.9288
[INFO GPL-0047] Routability iteration weighted routing congestion: 1.0319
[INFO GPL-0049] Routing congestion (1.0319) higher than minimum (1.0271). Consecutive non-improvement count: 2.
[INFO GPL-0086] Inflated area:                 627.080 um^2 (+0.25%)
[INFO GPL-0052] Placement target density:       0.5355
[INFO GPL-0076] Removing fillers, count: Before: 64360, After: 64285 (-0.12%)
[INFO GPL-0077] Filler area (um^2)     : Before: 536432.362, After: 535807.247 (-0.12%)
[INFO GPL-0078] Removed fillers count: 75, area removed: 625.115 um^2. Remaining area to be compensated by modifying density: 1.965 um^2
[INFO GPL-0058] White space area:           1470652.973 um^2 (+0.00%)
[INFO GPL-0059] Movable instances area:     787514.327 um^2 (+0.00%)
[INFO GPL-0060] Total filler area:          535807.247 um^2 (-0.12%)
[INFO GPL-0061] Total non-inflated area:    787593.861 um^2 (+0.00%)
[INFO GPL-0062] Total inflated area:        788220.942 um^2 (+0.00%)
[INFO GPL-0063] New Target Density:             0.5355
[INFO GPL-0087] Routability end iteration: increase inflation and revert back to snapshot.
Iteration | Overflow |     HPWL (um) |  HPWL(%) |   Penalty | Group
---------------------------------------------------------------
     2290 |   0.5339 |  9.039164e+05 |  +12.11% |  1.38e-09 |      
     2300 |   0.5336 |  8.839186e+05 |   -2.21% |  2.02e-09 |      
     2310 |   0.5033 |  9.122487e+05 |   +3.21% |  2.97e-09 |      
     2320 |   0.4712 |  8.365621e+05 |   -8.30% |  4.36e-09 |      
     2330 |   0.4338 |  8.460554e+05 |   +1.13% |  6.40e-09 |      
     2340 |   0.4032 |  8.247391e+05 |   -2.52% |  9.43e-09 |      
     2350 |   0.3688 |  8.114808e+05 |   -1.61% |  1.39e-08 |      
     2360 |   0.3330 |  8.117688e+05 |   +0.04% |  2.05e-08 |      
     2370 |   0.3014 |  8.086561e+05 |   -0.38% |  3.01e-08 |      
[INFO GPL-0040] Routability iteration: 23
[INFO GPL-0041] Total routing overflow: 6.6609
[INFO GPL-0042] Number of overflowed tiles: 193 (0.62%)
[INFO GPL-0043] Average top 0.5% routing congestion: 1.0414
[INFO GPL-0044] Average top 1.0% routing congestion: 1.0160
[INFO GPL-0045] Average top 2.0% routing congestion: 0.9838
[INFO GPL-0046] Average top 5.0% routing congestion: 0.9287
[INFO GPL-0047] Routability iteration weighted routing congestion: 1.0287
[INFO GPL-0049] Routing congestion (1.0287) higher than minimum (1.0271). Consecutive non-improvement count: 3.
[INFO GPL-0086] Inflated area:                 590.396 um^2 (+0.23%)
[INFO GPL-0052] Placement target density:       0.5355
[INFO GPL-0076] Removing fillers, count: Before: 64285, After: 64215 (-0.11%)
[INFO GPL-0077] Filler area (um^2)     : Before: 535807.247, After: 535223.805 (-0.11%)
[INFO GPL-0078] Removed fillers count: 70, area removed: 583.441 um^2. Remaining area to be compensated by modifying density: 6.955 um^2
[INFO GPL-0054] No improvement in routing congestion for 3 consecutive iterations (limit is 3).
[INFO GPL-0055] Reverting inflation values and target density from the iteration with minimum observed routing congestion.
[INFO GPL-0056] Minimum observed routing congestion: 1.0271
[INFO GPL-0057] Target density at minimum routing congestion: 0.5355
[INFO GPL-0080] Restoring 290 previously removed fillers.
[INFO GPL-0081] Number of fillers before restoration 64215 and after 64505 . Relative change: +0.45%%
[INFO GPL-0082] Total filler area before restoration 535223.81 and after 537640.92 (um^2). Relative change: +0.45%%
[INFO GPL-0089] Routability finished. Reverting to minimal observed routing congestion, could not reach target.
Iteration | Overflow |     HPWL (um) |  HPWL(%) |   Penalty | Group
---------------------------------------------------------------
     2380 |   0.5338 |  8.876850e+05 |   +9.77% |  1.38e-09 |      
     2390 |   0.5322 |  8.711513e+05 |   -1.86% |  2.03e-09 |      
     2400 |   0.5019 |  8.971741e+05 |   +2.99% |  2.97e-09 |      
     2410 |   0.4699 |  8.227441e+05 |   -8.30% |  4.37e-09 |      
     2420 |   0.4327 |  8.378136e+05 |   +1.83% |  6.42e-09 |      
     2430 |   0.4019 |  8.175827e+05 |   -2.41% |  9.45e-09 |      
     2440 |   0.3671 |  8.035523e+05 |   -1.72% |  1.39e-08 |      
     2450 |   0.3307 |  8.056461e+05 |   +0.26% |  2.05e-08 |      
     2460 |   0.3003 |  8.032445e+05 |   -0.30% |  3.02e-08 |      
     2470 |   0.2686 |  8.065593e+05 |   +0.41% |  4.45e-08 |      
     2480 |   0.2400 |  8.070672e+05 |   +0.06% |  6.55e-08 |      
     2490 |   0.2135 |  8.091191e+05 |   +0.25% |  9.65e-08 |      
[INFO GPL-0100] Timing-driven iteration 2/2, virtual: false.
[INFO GPL-0101]    Iter: 2499, overflow: 0.195, keep resizer changes at: 1, HPWL: 811278195
Iteration |   Area    | Resized | Buffers | Nets repaired | Remaining
---------------------------------------------------------------------
        0 |     +0.0% |       0 |       0 |             0 |     28436
    final |     +0.1% |       8 |       8 |             9 |         0
---------------------------------------------------------------------
[INFO RSZ-0034] Found 9 slew violations.
[INFO RSZ-0039] Resized 8 instances.
[INFO RSZ-0038] Inserted 8 buffers in 9 nets.
   Iter   |    Area   | Removed | Inserted |   Pins
          |           | Buffers | Buffers  | Remaining
-------------------------------------------------------
        0 |     +0.0% |       0 |        0 |     21207
     2100 |     +0.3% |     649 |      739 |     19107
     4200 |     +0.2% |    1364 |     1410 |     17007
     6300 |     -0.1% |    2278 |     2224 |     14907
     8400 |     -0.1% |    3256 |     3189 |     12807
    10500 |     +0.1% |    4064 |     4058 |     10707
    12600 |     +0.1% |    4893 |     4889 |      8607
    14700 |     -0.1% |    5142 |     5078 |      6507
    16800 |     -0.0% |    5434 |     5366 |      4407
    18900 |     +0.1% |    5920 |     5867 |      2307
    21000 |     +0.4% |    6413 |     6450 |       207
    final |     +0.8% |    6676 |     6779 |         0
-------------------------------------------------------
[INFO GPL-0106] Timing-driven: worst slack -9.74e-09
[INFO GPL-0107] Timing-driven: repair_design delta area: -4225.628 um^2 (-1.68%)
[INFO GPL-0108] Timing-driven: repair_design, gpl delta gcells: 111 (+0.43%)
[INFO GPL-0109] Timing-driven: repair_design, gcells created: 6787, deleted: 6676
[INFO GPL-0110] Timing-driven: new target density: 0.5339138
Iteration | Overflow |     HPWL (um) |  HPWL(%) |   Penalty | Group
---------------------------------------------------------------
     2500 |   0.2219 |  8.162417e+05 |   +0.88% |  1.42e-07 |      
     2510 |   0.1742 |  8.115686e+05 |   -0.57% |  2.09e-07 |      
     2520 |   0.1518 |  8.067467e+05 |   -0.59% |  3.08e-07 |      
     2530 |   0.1308 |  8.058774e+05 |   -0.11% |  4.53e-07 |      
     2540 |   0.1141 |  8.058437e+05 |   -0.00% |  6.68e-07 |      
     2550 |   0.1001 |  8.018915e+05 |   -0.49% |  9.84e-07 |      
     2551 |   0.0993 |  8.008609e+05 |          |  1.06e-06 |      
---------------------------------------------------------------
[INFO GPL-1001] Global placement finished at iteration 2551
[INFO GPL-1017] Routability mode iteration count: 2123
[INFO GPL-1005] Routability final weighted congestion: 0.9969
[INFO GPL-1002] Placed Cell Area            245721.0846
[INFO GPL-1003] Available Free Area         1470652.9728
[INFO GPL-1004] Minimum Feasible Density        0.1200 (cell_area / free_area)
[INFO GPL-1006]   Suggested Target Densities:
[INFO GPL-1007]     - For 90% usage of free space: 0.1856
[INFO GPL-1008]     - For 80% usage of free space: 0.2089
[INFO GPL-1009]     - For 50% usage of free space: 0.3342
[INFO GPL-1011] Original area (um^2): 164197.79
[INFO GPL-1012] Total routability artificial inflation: 33561.10 (+20.44%)
[INFO GPL-1013] Total timing-driven delta area: 47962.19 (+29.21%)
[INFO GPL-1014] Final placement area: 245721.08 (+49.65%)
Took 78 seconds: global_placement -density 0.5 -pad_left 0 -pad_right 0 -routability_driven -timing_driven -force_center_initial_place -min_phi_coef 0.95 -max_phi_coef 1.05
estimate_parasitics -placement
Report metrics stage 3, global place...

==========================================================================
global place report_design_area
--------------------------------------------------------------------------
Design area 226193 um^2 15% utilization.
write_db ./results/sky130hd/d_dsp03_multifmt_fma/base/3_3_place_gp.odb
Elapsed time: 1:20.69[h:]min:sec. CPU time: user 895.87 sys 18.82 (1133%). Peak memory: 648996KB.
Log                       Ext     Elapsed/s Peak Memory/MB sha1sum result [0:20)
3_3_place_gp              .odb           80            633 1d04a1c960c7576e1174
/OpenROAD-flow-scripts/flow/scripts/flow.sh 3_4_place_resized resize
Running resize.tcl, stage 3_4_place_resized
read_liberty /OpenROAD-flow-scripts/flow/platforms/sky130hd/lib/sky130_fd_sc_hd__tt_025C_1v80.lib
read_db ./results/sky130hd/d_dsp03_multifmt_fma/base/3_3_place_gp.odb
read_sdc ./results/sky130hd/d_dsp03_multifmt_fma/base/2_floorplan.sdc
source /OpenROAD-flow-scripts/flow/platforms/sky130hd/setRC.tcl
estimate_parasitics -placement
Perform buffer insertion and gate resizing...
repair_design -verbose -match_cell_footprint
Iteration |   Area    | Resized | Buffers | Nets repaired | Remaining
---------------------------------------------------------------------
        0 |     +0.0% |       0 |       0 |             0 |     28547
     1000 |     +0.0% |       0 |       0 |             0 |     27547
     2000 |     +0.0% |       0 |       0 |             0 |     26547
     3000 |     +0.0% |       0 |       0 |             0 |     25547
     4000 |     +0.0% |       0 |       0 |             0 |     24547
     5000 |     +0.0% |       0 |       0 |             0 |     23547
     6000 |     +0.0% |       0 |       0 |             0 |     22547
     7000 |     +0.0% |       0 |       0 |             0 |     21547
     8000 |     +0.0% |       0 |       0 |             0 |     20547
     9000 |     +0.0% |       0 |       0 |             0 |     19547
    10000 |     +0.0% |       0 |       0 |             0 |     18547
    11000 |     +0.0% |       0 |       0 |             0 |     17547
    12000 |     +0.0% |       0 |       0 |             0 |     16547
    13000 |     +0.0% |       0 |       0 |             0 |     15547
    14000 |     +0.0% |       0 |       0 |             0 |     14547
    15000 |     +0.0% |       0 |       0 |             0 |     13547
    16000 |     +0.0% |       0 |       0 |             0 |     12547
    17000 |     +0.0% |       0 |       0 |             0 |     11547
    18000 |     +0.0% |       0 |       0 |             0 |     10547
    19000 |     +0.0% |       0 |       0 |             0 |      9547
    20000 |     +0.0% |       0 |       0 |             0 |      8547
    21000 |     +0.0% |       0 |       0 |             0 |      7547
    22000 |     +0.0% |       0 |       0 |             0 |      6547
    23000 |     +0.0% |       0 |       0 |             0 |      5547
    24000 |     +0.0% |       0 |       0 |             0 |      4547
    25000 |     +0.0% |       0 |       0 |             0 |      3547
    26000 |     +0.0% |       0 |       0 |             0 |      2547
    27000 |     +0.0% |       0 |       0 |             0 |      1547
    28000 |     +0.0% |       0 |       0 |             0 |       547
    final |     +0.0% |       0 |       0 |             0 |         0
---------------------------------------------------------------------
[INFO RSZ-0504] Runtime: 1.87s
Floating nets: 
Report metrics stage 3, resizer...
No registers in design

==========================================================================
resizer report_design_area
--------------------------------------------------------------------------
Design area 226193 um^2 15% utilization.
Instance count before 45933, after 45933
Pin count before 89221, after 89221
write_db ./results/sky130hd/d_dsp03_multifmt_fma/base/3_4_place_resized.odb
Elapsed time: 0:04.70[h:]min:sec. CPU time: user 5.88 sys 1.40 (154%). Peak memory: 267856KB.
Log                       Ext     Elapsed/s Peak Memory/MB sha1sum result [0:20)
3_4_place_resized         .odb            4            261 1d04a1c960c7576e1174
/OpenROAD-flow-scripts/flow/scripts/flow.sh 3_5_place_dp detail_place
Running detail_place.tcl, stage 3_5_place_dp
read_liberty /OpenROAD-flow-scripts/flow/platforms/sky130hd/lib/sky130_fd_sc_hd__tt_025C_1v80.lib
read_db ./results/sky130hd/d_dsp03_multifmt_fma/base/3_4_place_resized.odb
read_sdc ./results/sky130hd/d_dsp03_multifmt_fma/base/2_floorplan.sdc
source /OpenROAD-flow-scripts/flow/platforms/sky130hd/setRC.tcl
detailed_placement
[INFO DPL-0006] Core area: 1495481.79 um^2
[INFO DPL-0007] Movable instances area: 201364.37 um^2
[INFO DPL-0008] Fixed instances area within core: 24828.81 um^2
[INFO DPL-0009] Utilization: 15.1%
[INFO DPL-0005] Diamond search max displacement: +/- 500 sites horizontally, +/- 100 rows vertically.
[INFO DPL-1102] Legalizing using negotiation legalizer.
[INFO DPL-1103] Negotiation base search window: +/-20 sites horizontally, +/-5 rows vertically 
	Automatic search window extension enabled.
	Search window extendable up to the max displacement cap of +/-500 sites, +/-100 rows near walls.
[INFO DPL-1104] NegotiationLegalizer DRC penalty: 5.
[INFO DPL-0392] Negotiation cell height distribution (1 unique row-count(s)):
[INFO DPL-0393]   height 1 row(s): 45933 cells
          |      Total |  Illegal |  Illegal
Iteration | Violations |    Cells |    Sites
---------------------------------------------
        0 |         66 |        16 |        50
        1 |          0 |         0 |         0
Negotiation phase 1 converged at iteration 1.
[INFO DPL-0500] Runtime: 0.27s
Placement Analysis
---------------------------------
total displacement      69617.4 u
average displacement        1.5 u
max displacement           18.7 u
original HPWL          802325.8 u
legalized HPWL         843938.3 u
delta HPWL                    5 %

improve_placement -max_displacement "5 1"
Detailed placement improvement.
[INFO DPL-0401] Setting random seed to 1.
[INFO DPL-0402] Setting maximum displacement 5 1 to 13600 2720 units.
[INFO DPL-0320] Collected 20117 fixed cells.
[INFO DPL-0318] Collected 26089 single height cells.
[INFO DPL-0321] Collected 0 wide cells.
[INFO DPL-0322] Image (1380, 2720) - (1225900, 1224000)
[INFO DPL-0310] Assigned 26089 cells into segments.  Movement in X-direction is 0.000000, movement in Y-direction is 0.000000.
[INFO DPL-0313] Found 0 cells in wrong regions.
[INFO DPL-0315] Found 0 row alignment problems.
[INFO DPL-0314] Found 0 site alignment problems.
[INFO DPL-0311] Found 0 overlaps between adjacent cells.
[INFO DPL-0312] Found 0 edge spacing violations and 0 padding violations.
[INFO DPL-0303] Running algorithm for independent set matching.
[INFO DPL-0300] Set matching objective is wirelength.
[INFO DPL-0301] Pass   1 of matching; objective is 8.441267e+08.
[INFO DPL-0302] End of matching; objective is 8.437765e+08, improvement is 0.04 percent.
[INFO DPL-0303] Running algorithm for global swaps.
[INFO DPL-0306] Pass   1 of global swaps; hpwl is 8.306517e+08.
[INFO DPL-0306] Pass   2 of global swaps; hpwl is 8.282028e+08.
[INFO DPL-0307] End of global swaps; objective is 8.282028e+08, improvement is 1.85 percent.
[INFO DPL-0303] Running algorithm for vertical swaps.
[INFO DPL-0308] Pass   1 of vertical swaps; hpwl is 8.251059e+08.
[INFO DPL-0309] End of vertical swaps; objective is 8.251059e+08, improvement is 0.37 percent.
[INFO DPL-0303] Running algorithm for reordering.
[INFO DPL-0304] Pass   1 of reordering; objective is 8.247447e+08.
[INFO DPL-0305] End of reordering; objective is 8.247447e+08, improvement is 0.04 percent.
[INFO DPL-0303] Running algorithm for random improvement.
[INFO DPL-0324] Random improver is using random generator.
[INFO DPL-0325] Random improver is using hpwl objective.
[INFO DPL-0326] Random improver cost string is (a).
[INFO DPL-0332] End of pass, Generator random called 521780 times.
[INFO DPL-0335] Generator random, Cumulative attempts 521780, swaps 54904, moves 189062 since last reset.
[INFO DPL-0333] End of pass, Objective hpwl, Initial cost 8.226563e+08, Scratch cost 8.138162e+08, Incremental cost 8.138162e+08, Mismatch? N
[INFO DPL-0338] End of pass, Total cost is 8.138162e+08.
[INFO DPL-0327] Pass   1 of random improver; improvement in cost is 1.07 percent.
[INFO DPL-0332] End of pass, Generator random called 521780 times.
[INFO DPL-0335] Generator random, Cumulative attempts 1043560, swaps 108471, moves 374290 since last reset.
[INFO DPL-0333] End of pass, Objective hpwl, Initial cost 8.138162e+08, Scratch cost 8.104386e+08, Incremental cost 8.104386e+08, Mismatch? N
[INFO DPL-0338] End of pass, Total cost is 8.104386e+08.
[INFO DPL-0327] Pass   2 of random improver; improvement in cost is 0.42 percent.
[INFO DPL-0328] End of random improver; improvement is 1.485145 percent.
[INFO DPL-0380] Cell flipping.
[INFO DPL-0382] Changed 0 cell orientations for row compatibility.
[INFO DPL-0383] Performed 8271 cell flips.
[INFO DPL-0384] End of flipping; objective is 7.993451e+08, improvement is 1.62 percent.
[INFO DPL-0313] Found 0 cells in wrong regions.
[INFO DPL-0315] Found 0 row alignment problems.
[INFO DPL-0314] Found 0 site alignment problems.
[INFO DPL-0311] Found 0 overlaps between adjacent cells.
[INFO DPL-0312] Found 0 edge spacing violations and 0 padding violations.
Detailed Improvement Results
------------------------------------------
Original HPWL           843938.3 u (  417985.9,   425952.4)
Final HPWL              799273.7 u (  401655.6,   397618.1)
Delta HPWL                  -5.3 % (      -3.9,       -6.7)

Took 5 seconds: improve_placement -max_displacement "5 1"
optimize_mirroring
[INFO DPL-0020] Mirrored 1698 instances
[INFO DPL-0021] HPWL before          799273.7 u
[INFO DPL-0022] HPWL after           798914.4 u
[INFO DPL-0023] HPWL delta               -0.0 %
[INFO FLW-0012] Placement violations .
estimate_parasitics -placement
Report metrics stage 3, detailed place...
No registers in design

==========================================================================
detailed place report_design_area
--------------------------------------------------------------------------
Design area 226193 um^2 15% utilization.
write_db ./results/sky130hd/d_dsp03_multifmt_fma/base/3_5_place_dp.odb
write_sdc -no_timestamp ./results/sky130hd/d_dsp03_multifmt_fma/base/3_place.sdc
Elapsed time: 0:09.17[h:]min:sec. CPU time: user 10.12 sys 1.01 (121%). Peak memory: 343152KB.
Log                       Ext     Elapsed/s Peak Memory/MB sha1sum result [0:20)
3_5_place_dp              .odb            9            335 471cfae51f9f15d2de67
cp ./results/sky130hd/d_dsp03_multifmt_fma/base/3_5_place_dp.odb ./results/sky130hd/d_dsp03_multifmt_fma/base/3_place.odb
/OpenROAD-flow-scripts/flow/scripts/flow.sh 4_1_cts cts
Running cts.tcl, stage 4_1_cts
read_liberty /OpenROAD-flow-scripts/flow/platforms/sky130hd/lib/sky130_fd_sc_hd__tt_025C_1v80.lib
read_db ./results/sky130hd/d_dsp03_multifmt_fma/base/3_place.odb
read_sdc ./results/sky130hd/d_dsp03_multifmt_fma/base/3_place.sdc
source /OpenROAD-flow-scripts/flow/platforms/sky130hd/setRC.tcl
clock_tree_synthesis -sink_clustering_enable -repair_clock_nets
[INFO CTS-0050] Root buffer is sky130_fd_sc_hd__clkbuf_16.
[INFO CTS-0051] Sink buffer is sky130_fd_sc_hd__clkbuf_16.
[INFO CTS-0052] The following clock buffers will be used for CTS:
                    sky130_fd_sc_hd__clkbuf_16
[INFO CTS-0049] Characterization buffer is sky130_fd_sc_hd__clkbuf_16.
[INFO CTS-0007] Net "clk_i" found for clock "core_clock".
[WARNING CTS-0041] Net "clk_i" has 0 sinks. Skipping...
[WARNING CTS-0083] No clock nets have been found.
[INFO CTS-0008] TritonCTS found 0 clock nets.
[WARNING CTS-0082] No valid clock nets in the design.
[INFO CTS-0500] Runtime: 0.59s
estimate_parasitics -placement
detailed_placement
[INFO DPL-0006] Core area: 1495481.79 um^2
[INFO DPL-0007] Movable instances area: 201364.37 um^2
[INFO DPL-0008] Fixed instances area within core: 24828.81 um^2
[INFO DPL-0009] Utilization: 15.1%
[INFO DPL-0005] Diamond search max displacement: +/- 500 sites horizontally, +/- 100 rows vertically.
[INFO DPL-1102] Legalizing using negotiation legalizer.
[INFO DPL-1103] Negotiation base search window: +/-20 sites horizontally, +/-5 rows vertically 
	Automatic search window extension enabled.
	Search window extendable up to the max displacement cap of +/-500 sites, +/-100 rows near walls.
[INFO DPL-1104] NegotiationLegalizer DRC penalty: 5.
[INFO DPL-0392] Negotiation cell height distribution (1 unique row-count(s)):
[INFO DPL-0393]   height 1 row(s): 45933 cells
[INFO DPL-0500] Runtime: 0.15s
Placement Analysis
---------------------------------
total displacement      24730.5 u
average displacement        0.5 u
max displacement           10.1 u
original HPWL          798914.4 u
legalized HPWL         812559.6 u
delta HPWL                    2 %

estimate_parasitics -placement
repair_timing -setup_margin 0 -hold_margin 0 -repair_tns 100 -match_cell_footprint -verbose
[INFO RSZ-0100] Repair move sequence: UnbufferMove SizeUpMove SwapPinsMove BufferMove CloneMove SplitLoadMove 
[INFO RSZ-0094] Found 66 endpoints with setup violations.
[INFO RSZ-0099] Repairing 66 out of 66 (100.00%) violating endpoints...
   Iter   | Removed | Resized | Inserted | Cloned |  Pin  |   Area   |    WNS   |   StTNS    |   EnTNS    |  Viol  |  Worst  
          | Buffers |  Gates  | Buffers  |  Gates | Swaps |          |          |            |            | Endpts | St/EnPt 
------------------------------------------------------------------------------------------------------------------------------
       0* |       0 |       0 |        0 |      0 |     0 |    +0.0% |   -2.451 |      -47.3 |      -91.0 |     66 | flags_o[0]
      10* |       0 |       7 |        0 |      2 |     0 |    +0.0% |   -2.004 |      -37.1 |      -68.8 |     66 | flags_o[0]
      20* |       0 |      16 |        0 |      3 |     0 |    +0.1% |   -1.714 |      -34.9 |      -55.5 |     66 | flags_o[0]
      30* |       0 |      23 |        3 |      4 |     1 |    +0.1% |   -1.668 |      -32.0 |      -52.2 |     66 | flags_o[0]
      40* |       0 |      31 |        5 |      4 |     1 |    +0.1% |   -1.441 |      -20.7 |      -40.8 |     66 | flags_o[0]
      50* |       0 |      40 |        5 |      4 |     2 |    +0.2% |   -1.356 |      -19.0 |      -35.4 |     66 | flags_o[0]
      60* |       0 |      47 |        5 |      5 |     4 |    +0.2% |   -1.245 |      -16.7 |      -30.1 |     66 | flags_o[0]
      70* |       0 |      56 |        5 |      5 |     5 |    +0.2% |   -1.186 |      -15.6 |      -27.3 |     66 | flags_o[0]
      80* |       0 |      64 |        6 |      6 |     5 |    +0.2% |   -1.128 |      -14.0 |      -23.2 |     66 | flags_o[0]
      90* |       0 |      68 |        6 |      7 |    10 |    +0.2% |   -1.080 |      -13.8 |      -21.6 |     66 | flags_o[2]
     100* |       0 |      74 |        6 |      8 |    13 |    +0.3% |   -1.113 |      -13.9 |      -21.5 |     66 | flags_o[0]
     110* |       0 |      82 |        6 |      8 |    15 |    +0.3% |   -1.029 |      -12.8 |      -18.1 |     66 | flags_o[0]
     120* |       0 |      89 |        7 |      9 |    16 |    +0.3% |   -0.963 |      -12.7 |      -15.3 |     66 | flags_o[0]
     130* |       0 |      98 |        7 |      9 |    17 |    +0.3% |   -0.904 |      -12.0 |      -13.0 |     66 | flags_o[0]
     140* |       0 |     106 |        8 |      9 |    18 |    +0.4% |   -0.874 |      -11.8 |      -11.8 |     66 | flags_o[0]
     150* |       0 |     112 |       10 |      9 |    21 |    +0.4% |   -0.869 |      -11.7 |      -11.3 |     66 | flags_o[0]
     160* |       0 |     121 |       10 |      9 |    22 |    +0.4% |   -0.825 |      -11.6 |       -9.8 |     66 | flags_o[0]
     170* |       0 |     124 |       11 |      9 |    28 |    +0.4% |   -0.834 |      -11.6 |       -9.9 |     66 | flags_o[0]
     180* |       0 |     131 |       11 |      9 |    31 |    +0.4% |   -0.826 |      -11.5 |       -9.6 |     66 | flags_o[0]
     190* |       0 |     137 |       12 |      9 |    34 |    +0.4% |   -0.787 |      -11.4 |       -8.3 |     66 | flags_o[0]
     200* |       0 |     144 |       12 |      9 |    37 |    +0.4% |   -0.787 |      -11.4 |       -7.9 |     66 | flags_o[0]
     210* |       0 |     151 |       13 |      9 |    39 |    +0.5% |   -0.742 |      -11.3 |       -6.6 |     66 | flags_o[0]
     220* |       0 |     157 |       15 |      9 |    42 |    +0.5% |   -0.736 |      -11.3 |       -6.3 |     66 | flags_o[0]
     230* |       0 |     163 |       16 |      9 |    45 |    +0.5% |   -0.658 |      -11.1 |       -4.4 |     66 | flags_o[0]
     240* |       0 |     170 |       16 |      9 |    48 |    +0.5% |   -0.622 |      -11.0 |       -3.3 |     66 | flags_o[1]
     250* |       0 |     176 |       19 |      9 |    49 |    +0.5% |   -0.752 |      -11.2 |       -3.9 |     66 | flags_o[1]
     260* |       0 |     182 |       20 |     10 |    51 |    +0.6% |   -0.571 |      -10.9 |       -2.6 |     66 | flags_o[0]
     270* |       0 |     189 |       21 |     10 |    53 |    +0.6% |   -0.617 |      -10.9 |       -2.9 |     66 | flags_o[0]
     280* |       0 |     194 |       23 |     10 |    56 |    +0.6% |   -0.562 |      -10.8 |       -2.2 |     66 | flags_o[0]
     290* |       0 |     196 |       29 |     10 |    59 |    +0.6% |   -0.534 |      -10.7 |       -1.8 |     66 | flags_o[1]
     300* |       0 |     201 |       29 |     10 |    64 |    +0.6% |   -0.588 |      -10.8 |       -2.6 |     66 | flags_o[1]
     310* |       0 |     205 |       32 |     10 |    67 |    +0.7% |   -0.498 |      -10.7 |       -2.2 |     66 | flags_o[1]
     320* |       0 |     207 |       40 |     10 |    67 |    +0.7% |   -0.497 |      -10.7 |       -2.2 |     66 | flags_o[1]
     330* |       0 |     207 |       50 |     10 |    67 |    +0.7% |   -0.497 |      -10.7 |       -2.2 |     66 | flags_o[1]
     340* |       0 |     207 |       60 |     10 |    67 |    +0.8% |   -0.497 |      -10.7 |       -2.2 |     66 | flags_o[1]
     349* |       0 |     201 |       29 |     10 |    63 |    +0.6% |   -0.451 |      -10.6 |       -1.6 |     66 | flags_o[1]
     350* |       0 |     201 |       29 |     10 |    63 |    +0.6% |   -0.451 |      -10.6 |       -1.6 |     66 | flags_o[1]
     360* |       0 |     205 |       35 |     10 |    63 |    +0.7% |   -0.416 |      -10.5 |       -1.4 |     66 | flags_o[1]
     370* |       0 |     205 |       45 |     10 |    63 |    +0.7% |   -0.416 |      -10.5 |       -1.4 |     66 | flags_o[1]
     380* |       0 |     205 |       55 |     10 |    63 |    +0.7% |   -0.416 |      -10.5 |       -1.4 |     66 | flags_o[1]
     390* |       0 |     205 |       65 |     10 |    63 |    +0.8% |   -0.415 |      -10.5 |       -1.4 |     66 | flags_o[1]
     400* |       0 |     209 |       67 |     10 |    67 |    +0.8% |   -0.375 |      -10.4 |       -1.2 |     66 | flags_o[1]
     410* |       0 |     214 |       69 |     11 |    69 |    +0.8% |   -0.398 |      -10.4 |       -1.2 |     66 | flags_o[1]
     420* |       0 |     221 |       70 |     11 |    71 |    +0.8% |   -0.369 |      -10.4 |       -1.1 |     66 | flags_o[1]
     430* |       0 |     227 |       70 |     11 |    75 |    +0.8% |   -0.361 |      -10.4 |       -1.0 |     66 | flags_o[0]
     440* |       0 |     231 |       71 |     11 |    80 |    +0.9% |   -0.362 |      -10.5 |       -1.1 |     66 | flags_o[1]
     450* |       0 |     239 |       72 |     11 |    81 |    +0.9% |   -0.361 |      -10.4 |       -1.0 |     66 | flags_o[0]
     460* |       0 |     242 |       77 |     11 |    85 |    +0.9% |   -0.361 |      -10.4 |       -1.0 |     66 | flags_o[0]
     470* |       0 |     251 |       78 |     11 |    85 |    +0.9% |   -0.362 |      -10.4 |       -1.0 |     66 | flags_o[0]
     480* |       0 |     258 |       78 |     13 |    86 |    +1.0% |   -0.396 |      -10.4 |       -1.2 |     66 | flags_o[1]
     490* |       0 |     259 |       81 |     13 |    92 |    +1.0% |   -0.415 |      -10.5 |       -1.2 |     66 | flags_o[1]
     500* |       0 |     266 |       82 |     13 |    94 |    +1.0% |   -0.362 |      -10.4 |       -1.0 |     66 | flags_o[0]
     502* |       0 |     240 |       72 |     11 |    82 |    +0.9% |   -0.361 |      -10.4 |       -1.0 |     66 | flags_o[0]
     510* |       0 |     245 |       72 |     11 |    84 |    +0.9% |   -0.361 |      -10.4 |       -1.0 |     66 | flags_o[0]
     520* |       0 |     252 |       73 |     11 |    86 |    +0.9% |   -0.361 |      -10.4 |       -0.9 |     66 | flags_o[0]
     530* |       0 |     258 |       75 |     11 |    88 |    +0.9% |   -0.305 |      -10.3 |       -0.7 |     66 | flags_o[1]
     540* |       0 |     266 |       75 |     11 |    90 |    +0.9% |   -0.305 |      -10.3 |       -0.6 |     66 | flags_o[1]
     550* |       0 |     273 |       76 |     11 |    92 |    +1.0% |   -0.297 |      -10.3 |       -0.6 |     66 | flags_o[1]
     560* |       0 |     273 |       83 |     11 |    96 |    +1.0% |   -0.303 |      -10.3 |       -0.6 |     66 | flags_o[1]
     570* |       0 |     274 |       91 |     11 |    97 |    +1.0% |   -0.311 |      -10.3 |       -0.7 |     66 | flags_o[1]
     580* |       0 |     274 |      101 |     11 |    97 |    +1.1% |   -0.311 |      -10.3 |       -0.7 |     66 | flags_o[1]
     590* |       0 |     274 |      111 |     11 |    97 |    +1.1% |   -0.311 |      -10.3 |       -0.7 |     66 | flags_o[1]
     599* |       0 |     272 |       76 |     11 |    92 |    +1.0% |   -0.287 |      -10.2 |       -0.6 |     66 | flags_o[1]
     600* |       0 |     272 |       76 |     11 |    92 |    +1.0% |   -0.287 |      -10.2 |       -0.6 |     66 | flags_o[1]
     600* |       0 |     272 |       76 |     11 |    92 |    +1.0% |   -0.287 |      -10.2 |       -0.6 |     66 | flags_o[1]
     601* |       0 |     272 |       76 |     11 |    92 |    +1.0% |   -0.287 |      -10.2 |       -0.6 |     66 | flags_o[1]
     602* |       0 |     272 |       76 |     11 |    92 |    +1.0% |   -0.287 |      -10.2 |       -0.6 |     66 | flags_o[1]
     603* |       0 |     272 |       76 |     11 |    92 |    +1.0% |   -0.287 |      -10.2 |       -0.6 |     66 | flags_o[1]
     604* |       0 |     272 |       76 |     11 |    92 |    +1.0% |   -0.287 |      -10.2 |       -0.6 |     66 | flags_o[1]
     605* |       0 |     272 |       76 |     11 |    92 |    +1.0% |   -0.287 |      -10.2 |       -0.6 |     66 | flags_o[1]
     606* |       0 |     272 |       76 |     11 |    92 |    +1.0% |   -0.287 |      -10.2 |       -0.6 |     66 | flags_o[1]
     607* |       0 |     272 |       76 |     11 |    92 |    +1.0% |   -0.287 |      -10.2 |       -0.6 |     66 | flags_o[1]
     608* |       0 |     272 |       76 |     11 |    92 |    +1.0% |   -0.287 |      -10.2 |       -0.6 |     66 | flags_o[1]
     609* |       0 |     272 |       76 |     11 |    92 |    +1.0% |   -0.287 |      -10.2 |       -0.6 |     66 | flags_o[1]
     610* |       0 |     272 |       76 |     11 |    92 |    +1.0% |   -0.287 |      -10.2 |       -0.6 |     66 | flags_o[1]
     610* |       0 |     272 |       76 |     11 |    92 |    +1.0% |   -0.287 |      -10.2 |       -0.6 |     66 | flags_o[1]
     611* |       0 |     272 |       76 |     11 |    92 |    +1.0% |   -0.287 |      -10.2 |       -0.6 |     66 | flags_o[1]
     612* |       0 |     272 |       76 |     11 |    92 |    +1.0% |   -0.287 |      -10.2 |       -0.6 |     66 | flags_o[1]
     613* |       0 |     272 |       76 |     11 |    92 |    +1.0% |   -0.287 |      -10.2 |       -0.6 |     66 | flags_o[1]
     614* |       0 |     272 |       76 |     11 |    92 |    +1.0% |   -0.287 |      -10.2 |       -0.6 |     66 | flags_o[1]
     615* |       0 |     272 |       76 |     11 |    92 |    +1.0% |   -0.287 |      -10.2 |       -0.6 |     66 | flags_o[1]
     616* |       0 |     272 |       76 |     11 |    92 |    +1.0% |   -0.287 |      -10.2 |       -0.6 |     66 | flags_o[1]
     617* |       0 |     272 |       76 |     11 |    92 |    +1.0% |   -0.287 |      -10.2 |       -0.6 |     66 | flags_o[1]
     618* |       0 |     272 |       76 |     11 |    92 |    +1.0% |   -0.287 |      -10.2 |       -0.6 |     66 | flags_o[1]
     619* |       0 |     272 |       76 |     11 |    92 |    +1.0% |   -0.287 |      -10.2 |       -0.6 |     66 | flags_o[1]
     620* |       0 |     272 |       76 |     11 |    92 |    +1.0% |   -0.287 |      -10.2 |       -0.6 |     66 | flags_o[1]
     620* |       0 |     272 |       76 |     11 |    92 |    +1.0% |   -0.287 |      -10.2 |       -0.6 |     66 | flags_o[1]
     621* |       0 |     272 |       76 |     11 |    92 |    +1.0% |   -0.287 |      -10.2 |       -0.6 |     66 | flags_o[1]
     622* |       0 |     272 |       76 |     11 |    92 |    +1.0% |   -0.287 |      -10.2 |       -0.6 |     66 | flags_o[1]
     623* |       0 |     272 |       76 |     11 |    92 |    +1.0% |   -0.287 |      -10.2 |       -0.6 |     66 | flags_o[1]
     624* |       0 |     272 |       76 |     11 |    92 |    +1.0% |   -0.287 |      -10.2 |       -0.6 |     66 | flags_o[1]
     625* |       0 |     272 |       76 |     11 |    92 |    +1.0% |   -0.287 |      -10.2 |       -0.6 |     66 | flags_o[1]
     626* |       0 |     272 |       76 |     11 |    92 |    +1.0% |   -0.287 |      -10.2 |       -0.6 |     66 | flags_o[1]
     627* |       0 |     272 |       76 |     11 |    92 |    +1.0% |   -0.287 |      -10.2 |       -0.6 |     66 | flags_o[1]
     628* |       0 |     272 |       76 |     11 |    92 |    +1.0% |   -0.287 |      -10.2 |       -0.6 |     66 | flags_o[1]
     629* |       0 |     272 |       76 |     11 |    92 |    +1.0% |   -0.287 |      -10.2 |       -0.6 |     66 | flags_o[1]
     630* |       0 |     272 |       76 |     11 |    92 |    +1.0% |   -0.287 |      -10.2 |       -0.6 |     66 | flags_o[1]
     630* |       0 |     272 |       76 |     11 |    92 |    +1.0% |   -0.287 |      -10.2 |       -0.6 |     66 | flags_o[1]
     631* |       0 |     272 |       76 |     11 |    92 |    +1.0% |   -0.287 |      -10.2 |       -0.6 |     66 | flags_o[1]
     632* |       0 |     272 |       76 |     11 |    92 |    +1.0% |   -0.287 |      -10.2 |       -0.6 |     66 | flags_o[1]
     633* |       0 |     272 |       76 |     11 |    92 |    +1.0% |   -0.287 |      -10.2 |       -0.6 |     66 | flags_o[1]
     634* |       0 |     272 |       76 |     11 |    92 |    +1.0% |   -0.287 |      -10.2 |       -0.6 |     66 | flags_o[1]
     635* |       0 |     272 |       76 |     11 |    92 |    +1.0% |   -0.287 |      -10.2 |       -0.6 |     66 | flags_o[1]
     636* |       0 |     272 |       76 |     11 |    92 |    +1.0% |   -0.287 |      -10.2 |       -0.6 |     66 | flags_o[1]
     637* |       0 |     272 |       76 |     11 |    92 |    +1.0% |   -0.287 |      -10.2 |       -0.6 |     66 | flags_o[1]
     638* |       0 |     272 |       76 |     11 |    92 |    +1.0% |   -0.287 |      -10.2 |       -0.6 |     66 | flags_o[1]
     639* |       0 |     272 |       76 |     11 |    92 |    +1.0% |   -0.287 |      -10.2 |       -0.6 |     66 | flags_o[1]
     640* |       0 |     272 |       76 |     11 |    92 |    +1.0% |   -0.287 |      -10.2 |       -0.6 |     66 | flags_o[1]
     640* |       0 |     272 |       76 |     11 |    92 |    +1.0% |   -0.287 |      -10.2 |       -0.6 |     66 | flags_o[1]
     641* |       0 |     272 |       76 |     11 |    92 |    +1.0% |   -0.287 |      -10.2 |       -0.6 |     66 | flags_o[1]
     642* |       0 |     272 |       76 |     11 |    92 |    +1.0% |   -0.287 |      -10.2 |       -0.6 |     66 | flags_o[1]
     643* |       0 |     272 |       76 |     11 |    92 |    +1.0% |   -0.287 |      -10.2 |       -0.6 |     66 | flags_o[1]
     644* |       0 |     272 |       76 |     11 |    92 |    +1.0% |   -0.287 |      -10.2 |       -0.6 |     66 | flags_o[1]
     645* |       0 |     272 |       76 |     11 |    92 |    +1.0% |   -0.287 |      -10.2 |       -0.6 |     66 | flags_o[1]
     646* |       0 |     272 |       76 |     11 |    92 |    +1.0% |   -0.287 |      -10.2 |       -0.6 |     66 | flags_o[1]
     647* |       0 |     272 |       76 |     11 |    92 |    +1.0% |   -0.287 |      -10.2 |       -0.6 |     66 | flags_o[1]
     648* |       0 |     272 |       76 |     11 |    92 |    +1.0% |   -0.287 |      -10.2 |       -0.6 |     66 | flags_o[1]
     649* |       0 |     272 |       76 |     11 |    92 |    +1.0% |   -0.287 |      -10.2 |       -0.6 |     66 | flags_o[1]
     650* |       0 |     272 |       76 |     11 |    92 |    +1.0% |   -0.287 |      -10.2 |       -0.6 |     66 | flags_o[1]
     650* |       0 |     272 |       76 |     11 |    92 |    +1.0% |   -0.287 |      -10.2 |       -0.6 |     66 | flags_o[1]
     651* |       0 |     272 |       76 |     11 |    92 |    +1.0% |   -0.287 |      -10.2 |       -0.6 |     66 | flags_o[1]
     652* |       0 |     272 |       76 |     11 |    92 |    +1.0% |   -0.287 |      -10.2 |       -0.6 |     66 | flags_o[1]
     653* |       0 |     272 |       76 |     11 |    92 |    +1.0% |   -0.287 |      -10.2 |       -0.6 |     66 | flags_o[1]
     654* |       0 |     272 |       76 |     11 |    92 |    +1.0% |   -0.287 |      -10.2 |       -0.6 |     66 | flags_o[1]
     655* |       0 |     272 |       76 |     11 |    92 |    +1.0% |   -0.287 |      -10.2 |       -0.6 |     66 | flags_o[1]
     656* |       0 |     272 |       76 |     11 |    92 |    +1.0% |   -0.287 |      -10.2 |       -0.6 |     66 | flags_o[1]
     657* |       0 |     272 |       76 |     11 |    92 |    +1.0% |   -0.287 |      -10.2 |       -0.6 |     66 | flags_o[1]
     658* |       0 |     272 |       76 |     11 |    92 |    +1.0% |   -0.287 |      -10.2 |       -0.6 |     66 | flags_o[1]
     659* |       0 |     272 |       76 |     11 |    92 |    +1.0% |   -0.287 |      -10.2 |       -0.6 |     66 | flags_o[1]
     660* |       0 |     272 |       76 |     11 |    92 |    +1.0% |   -0.287 |      -10.2 |       -0.6 |     66 | flags_o[1]
     660* |       0 |     272 |       76 |     11 |    92 |    +1.0% |   -0.287 |      -10.2 |       -0.6 |     66 | flags_o[1]
     661* |       0 |     272 |       76 |     11 |    92 |    +1.0% |   -0.287 |      -10.2 |       -0.6 |     66 | flags_o[1]
     662* |       0 |     272 |       76 |     11 |    92 |    +1.0% |   -0.287 |      -10.2 |       -0.6 |     66 | flags_o[1]
     662* |       0 |     272 |       76 |     11 |    92 |    +1.0% |   -0.287 |      -10.2 |       -0.6 |     66 | flags_o[1]
     663+ |       0 |     272 |       76 |     11 |    92 |    +1.0% |   -0.287 |      -10.2 |       -0.6 |      3 | flags_o[1]
     664+ |       0 |     272 |       76 |     11 |    92 |    +1.0% |   -0.287 |      -10.2 |       -0.6 |      3 | flags_o[1]
     665+ |       0 |     272 |       76 |     11 |    92 |    +1.0% |   -0.287 |      -10.2 |       -0.6 |      3 | flags_o[1]
    final |       0 |     272 |       76 |     11 |    92 |    +1.0% |   -0.287 |      -10.2 |       -0.6 |      3 | flags_o[1]
------------------------------------------------------------------------------------------------------------------------------
[INFO RSZ-0045] Inserted 76 buffers, 1 to split loads.
[INFO RSZ-0051] Resized 272 instances: 272 up, 0 up match, 0 down, 0 VT
[INFO RSZ-0043] Swapped pins on 92 instances.
[INFO RSZ-0049] Cloned 11 instances.
[WARNING RSZ-0062] Unable to repair all setup violations.
[INFO RSZ-0505] Runtime: 51.79s
[INFO RSZ-0033] No hold violations found.
[INFO RSZ-0506] Runtime: 0.00s
Took 52 seconds: repair_timing -setup_margin 0 -hold_margin 0 -repair_tns 100 -match_cell_footprint -verbose
detailed_placement
[INFO DPL-0006] Core area: 1495481.79 um^2
[INFO DPL-0007] Movable instances area: 203535.21 um^2
[INFO DPL-0008] Fixed instances area within core: 24828.81 um^2
[INFO DPL-0009] Utilization: 15.3%
[INFO DPL-0005] Diamond search max displacement: +/- 500 sites horizontally, +/- 100 rows vertically.
[INFO DPL-1102] Legalizing using negotiation legalizer.
[INFO DPL-1103] Negotiation base search window: +/-20 sites horizontally, +/-5 rows vertically 
	Automatic search window extension enabled.
	Search window extendable up to the max displacement cap of +/-500 sites, +/-100 rows near walls.
[INFO DPL-1104] NegotiationLegalizer DRC penalty: 5.
[INFO DPL-0392] Negotiation cell height distribution (1 unique row-count(s)):
[INFO DPL-0393]   height 1 row(s): 46020 cells
          |      Total |  Illegal |  Illegal
Iteration | Violations |    Cells |    Sites
---------------------------------------------
        0 |         76 |        16 |        60
        1 |          0 |         0 |         0
Negotiation phase 1 converged at iteration 1.
[INFO DPL-0500] Runtime: 0.20s
Placement Analysis
---------------------------------
total displacement       1286.7 u
average displacement        0.0 u
max displacement           25.5 u
original HPWL          815645.9 u
legalized HPWL         817030.7 u
delta HPWL                    0 %

Report metrics stage 4, cts final...
No registers in design

==========================================================================
cts final report_design_area
--------------------------------------------------------------------------
Design area 228364 um^2 15% utilization.
write_db ./results/sky130hd/d_dsp03_multifmt_fma/base/4_1_cts.odb
write_sdc -no_timestamp ./results/sky130hd/d_dsp03_multifmt_fma/base/4_cts.sdc
Elapsed time: 0:55.92[h:]min:sec. CPU time: user 73.35 sys 60.19 (238%). Peak memory: 357024KB.
Log                       Ext     Elapsed/s Peak Memory/MB sha1sum result [0:20)
4_1_cts                   .odb           55            348 56e719a90741736a2ab9
cp ./results/sky130hd/d_dsp03_multifmt_fma/base/4_1_cts.odb ./results/sky130hd/d_dsp03_multifmt_fma/base/4_cts.odb
/OpenROAD-flow-scripts/flow/scripts/flow.sh 5_1_grt global_route
Running global_route.tcl, stage 5_1_grt
read_liberty /OpenROAD-flow-scripts/flow/platforms/sky130hd/lib/sky130_fd_sc_hd__tt_025C_1v80.lib
read_db ./results/sky130hd/d_dsp03_multifmt_fma/base/4_cts.odb
read_sdc ./results/sky130hd/d_dsp03_multifmt_fma/base/4_cts.sdc
source /OpenROAD-flow-scripts/flow/platforms/sky130hd/setRC.tcl
pin_access
[INFO DRT-0149] Reading tech and libs.
[WARNING DRT-0349] LEF58_ENCLOSURE with no CUTCLASS is not supported. Skipping for layer mcon
[WARNING DRT-0349] LEF58_ENCLOSURE with no CUTCLASS is not supported. Skipping for layer mcon
[WARNING DRT-0349] LEF58_ENCLOSURE with no CUTCLASS is not supported. Skipping for layer via
[WARNING DRT-0349] LEF58_ENCLOSURE with no CUTCLASS is not supported. Skipping for layer via
[WARNING DRT-0349] LEF58_ENCLOSURE with no CUTCLASS is not supported. Skipping for layer via2
[WARNING DRT-0349] LEF58_ENCLOSURE with no CUTCLASS is not supported. Skipping for layer via2
[WARNING DRT-0349] LEF58_ENCLOSURE with no CUTCLASS is not supported. Skipping for layer via3
[WARNING DRT-0349] LEF58_ENCLOSURE with no CUTCLASS is not supported. Skipping for layer via3
[WARNING DRT-0349] LEF58_ENCLOSURE with no CUTCLASS is not supported. Skipping for layer via4
[WARNING DRT-0349] LEF58_ENCLOSURE with no CUTCLASS is not supported. Skipping for layer via4

Units:                1000
Number of layers:     13
Number of macros:     441
Number of vias:       29
Number of viarulegen: 25

[INFO DRT-0150] Reading design.
[WARNING DRT-0120] Large net _01501_ has 253 pins which may impact routing performance. Consider optimization.
[WARNING DRT-0120] Large net _01984_ has 168 pins which may impact routing performance. Consider optimization.
[WARNING DRT-0120] Large net _12912_ has 145 pins which may impact routing performance. Consider optimization.
[WARNING DRT-0120] Large net _15814_ has 125 pins which may impact routing performance. Consider optimization.

Design:                   fp_multifmt_fma
Die area:                 ( 0 0 ) ( 1227275 1227275 )
Number of track patterns: 12
Number of DEF vias:       0
Number of components:     46020
Number of terminals:      275
Number of snets:          2
Number of nets:           28534

[INFO DRT-0167] List of default vias:
  Layer via
    default via: M1M2_PR
  Layer via2
    default via: M2M3_PR
  Layer via3
    default via: M3M4_PR
  Layer via4
    default via: M4M5_PR
[INFO DRT-0162] Library cell analysis.
[INFO DRT-0163] Instance analysis.
[INFO DRT-0164] Number of unique instances = 346.
[INFO DRT-0168] Init region query.
[INFO DRT-0024]   Complete FR_MASTERSLICE.
[INFO DRT-0024]   Complete Fr_VIA.
[INFO DRT-0024]   Complete li1.
[INFO DRT-0024]   Complete mcon.
[INFO DRT-0024]   Complete met1.
[INFO DRT-0024]   Complete via.
[INFO DRT-0024]   Complete met2.
[INFO DRT-0024]   Complete via2.
[INFO DRT-0024]   Complete met3.
[INFO DRT-0024]   Complete via3.
[INFO DRT-0024]   Complete met4.
[INFO DRT-0024]   Complete via4.
[INFO DRT-0024]   Complete met5.
[INFO DRT-0033] FR_MASTERSLICE shape region query size = 0.
[INFO DRT-0033] FR_VIA shape region query size = 0.
[INFO DRT-0033] li1 shape region query size = 756232.
[INFO DRT-0033] mcon shape region query size = 378706.
[INFO DRT-0033] met1 shape region query size = 140660.
[INFO DRT-0033] via shape region query size = 101250.
[INFO DRT-0033] met2 shape region query size = 60914.
[INFO DRT-0033] via2 shape region query size = 81000.
[INFO DRT-0033] met3 shape region query size = 60859.
[INFO DRT-0033] via3 shape region query size = 81000.
[INFO DRT-0033] met4 shape region query size = 24345.
[INFO DRT-0033] via4 shape region query size = 4005.
[INFO DRT-0033] met5 shape region query size = 4183.
[INFO DRT-0165] Start pin access.
[INFO DRT-0076]   Complete 1000 pins.
[INFO DRT-0076]   Complete 2000 pins.
[INFO DRT-0078]   Complete 2925 pins.
[INFO DRT-0079]   Complete 100 unique inst patterns.
[INFO DRT-0079]   Complete 200 unique inst patterns.
[INFO DRT-0079]   Complete 300 unique inst patterns.
[INFO DRT-0081]   Complete 346 unique inst patterns.
[INFO DRT-0082]   Complete 10000 groups.
[INFO DRT-0084]   Complete 18372 groups.
#scanned instances     = 46020
#unique  instances     = 346
#stdCellGenAp          = 13250
#stdCellValidPlanarAp  = 138
#stdCellValidViaAp     = 8865
#stdCellPinNoAp        = 16
#stdCellPinCnt         = 89301
#instTermValidViaApCnt = 0
#macroGenAp            = 0
#macroValidPlanarAp    = 0
#macroValidViaAp       = 0
#macroNoAp             = 0
[INFO DRT-0166] Complete pin access.
[INFO DRT-0267] cpu time = 00:07:27, elapsed time = 00:00:33, memory = 340.67 (MB), peak = 340.44 (MB)
Took 34 seconds: pin_access
global_route -congestion_report_file ./reports/sky130hd/d_dsp03_multifmt_fma/base/congestion.rpt -congestion_iterations 30 -congestion_report_iter_step 5 -verbose
[INFO GRT-0020] Min routing layer: met1
[INFO GRT-0021] Max routing layer: met5
[INFO GRT-0022] Global adjustment: 0%
[INFO GRT-0023] Grid origin: (0, 0)
[INFO GRT-0088] Layer li1     Track-Pitch = 0.4600  line-2-Via Pitch: 0.3400
[INFO GRT-0088] Layer met1    Track-Pitch = 0.3400  line-2-Via Pitch: 0.3400
[INFO GRT-0088] Layer met2    Track-Pitch = 0.4600  line-2-Via Pitch: 0.3500
[INFO GRT-0088] Layer met3    Track-Pitch = 0.6800  line-2-Via Pitch: 0.6150
[INFO GRT-0088] Layer met4    Track-Pitch = 0.9200  line-2-Via Pitch: 1.0400
[INFO GRT-0088] Layer met5    Track-Pitch = 3.4000  line-2-Via Pitch: 3.1100
[INFO GRT-0003] Macros: 0
[INFO GRT-0004] Blockages: 10887
[INFO GRT-0019] Found 1 clock nets.
[INFO GRT-0001] Minimum degree: 2
[INFO GRT-0002] Maximum degree: 253

[INFO GRT-0053] Routing resources analysis:
          Routing      Original      Derated      Resource
Layer     Direction    Resources     Resources    Reduction (%)
---------------------------------------------------------------
li1        Vertical            0             0          0.00%
met1       Horizontal     465014        361006          22.37%
met2       Vertical       404800        310816          23.22%
met3       Horizontal     296764        231846          21.88%
met4       Vertical       200288        143792          28.21%
met5       Horizontal      43648         32032          26.61%
---------------------------------------------------------------

[INFO GRT-0101] Running extra iterations to remove congestion.
[INFO GRT-0102] Start extra iteration 1/30
[INFO GRT-0102] Start extra iteration 2/30
[INFO GRT-0102] Start extra iteration 3/30
[INFO GRT-0197] Via related to pin nodes: 149150
[INFO GRT-0198] Via related Steiner nodes: 2776
[INFO GRT-0199] Via filling finished.
[INFO GRT-0111] Final number of vias: 187594
[INFO GRT-0112] Final usage 3D: 694661

[INFO GRT-0096] Final congestion report:
Layer         Resource        Demand        Usage (%)    Max H / Max V / Total Congestion
---------------------------------------------------------------------------------------
li1                  0             0            0.00%             0 /  0 /  0
met1            361006         59556           16.50%             0 /  0 /  0
met2            310816         57666           18.55%             0 /  0 /  0
met3            231846          8309            3.58%             0 /  0 /  0
met4            143792          6333            4.40%             0 /  0 /  0
met5             32032            15            0.05%             0 /  0 /  0
---------------------------------------------------------------------------------------
Total          1079492        131879           12.22%             0 /  0 /  0

[INFO GRT-0018] Total wirelength: 1340594 um
[INFO GRT-0014] Routed nets: 28495
[INFO GRT-0303] Global routing runtime = 00:00:03
estimate_parasitics -global_routing
Perform buffer insertion and gate resizing...
repair_design -verbose
Iteration |   Area    | Resized | Buffers | Nets repaired | Remaining
---------------------------------------------------------------------
        0 |     +0.0% |       0 |       0 |             0 |     28634
     1000 |     +0.0% |       0 |       0 |             0 |     27634
     2000 |     +0.0% |       0 |       0 |             0 |     26634
     3000 |     +0.0% |       0 |       0 |             0 |     25634
[WARNING RSZ-0104] Net _22109_ only has one pin. Check if it is intended to be dangling.
     4000 |     +0.0% |       1 |       0 |             0 |     24634
[WARNING RSZ-0104] Net _21993_ only has one pin. Check if it is intended to be dangling.
     5000 |     +0.0% |       1 |       0 |             0 |     23634
     6000 |     +0.0% |       1 |       0 |             0 |     22634
[WARNING RSZ-0104] Net _21924_ only has one pin. Check if it is intended to be dangling.
[WARNING RSZ-0104] Net _22106_ only has one pin. Check if it is intended to be dangling.
[WARNING RSZ-0104] Net _21923_ only has one pin. Check if it is intended to be dangling.
     7000 |     +0.0% |       1 |       0 |             0 |     21634
     8000 |     +0.0% |       1 |       0 |             0 |     20634
     9000 |     +0.0% |       1 |       0 |             0 |     19634
    10000 |     +0.0% |       1 |       0 |             0 |     18634
    11000 |     +0.0% |       1 |       0 |             0 |     17634
    12000 |     +0.0% |       1 |       0 |             0 |     16634
    13000 |     +0.0% |       1 |       0 |             0 |     15634
    14000 |     +0.0% |       1 |       0 |             0 |     14634
    15000 |     +0.0% |       1 |       0 |             0 |     13634
    16000 |     +0.0% |       1 |       0 |             0 |     12634
[WARNING RSZ-0104] Net _22007_ only has one pin. Check if it is intended to be dangling.
[WARNING RSZ-0104] Net _21670_ only has one pin. Check if it is intended to be dangling.
[WARNING RSZ-0104] Net _21669_ only has one pin. Check if it is intended to be dangling.
[WARNING RSZ-0104] Net _22009_ only has one pin. Check if it is intended to be dangling.
[WARNING RSZ-0104] Net _01698_ only has one pin. Check if it is intended to be dangling.
[WARNING RSZ-0104] Net _21668_ only has one pin. Check if it is intended to be dangling.
[WARNING RSZ-0104] Net _22010_ only has one pin. Check if it is intended to be dangling.
[WARNING RSZ-0104] Net _22008_ only has one pin. Check if it is intended to be dangling.
[WARNING RSZ-0104] Net _21667_ only has one pin. Check if it is intended to be dangling.
    17000 |     +0.0% |       1 |       0 |             0 |     11634
[WARNING RSZ-0104] Net _21929_ only has one pin. Check if it is intended to be dangling.
[WARNING RSZ-0104] Net _21928_ only has one pin. Check if it is intended to be dangling.
[WARNING RSZ-0104] Net _21927_ only has one pin. Check if it is intended to be dangling.
[WARNING RSZ-0104] Net _21926_ only has one pin. Check if it is intended to be dangling.
[WARNING RSZ-0104] Net _21826_ only has one pin. Check if it is intended to be dangling.
[WARNING RSZ-0104] Net _21827_ only has one pin. Check if it is intended to be dangling.
[WARNING RSZ-0104] Net _21825_ only has one pin. Check if it is intended to be dangling.
[WARNING RSZ-0104] Net _21824_ only has one pin. Check if it is intended to be dangling.
    18000 |     +0.0% |       1 |       0 |             0 |     10634
    19000 |     +0.0% |       1 |       0 |             0 |      9634
    20000 |     +0.0% |       1 |       0 |             0 |      8634
    21000 |     +0.0% |       1 |       0 |             0 |      7634
[WARNING RSZ-0104] Net _22018_ only has one pin. Check if it is intended to be dangling.
[WARNING RSZ-0104] Net _22093_ only has one pin. Check if it is intended to be dangling.
[WARNING RSZ-0104] Net _22023_ only has one pin. Check if it is intended to be dangling.
    22000 |     +0.0% |       1 |       0 |             0 |      6634
[WARNING RSZ-0104] Net _22108_ only has one pin. Check if it is intended to be dangling.
[WARNING RSZ-0104] Net _22105_ only has one pin. Check if it is intended to be dangling.
    23000 |     +0.0% |       1 |       0 |             0 |      5634
[WARNING RSZ-0104] Net _22098_ only has one pin. Check if it is intended to be dangling.
[WARNING RSZ-0104] Net _21902_ only has one pin. Check if it is intended to be dangling.
[WARNING RSZ-0104] Net _21901_ only has one pin. Check if it is intended to be dangling.
[WARNING RSZ-0104] Net _21837_ only has one pin. Check if it is intended to be dangling.
    24000 |     +0.0% |       1 |       0 |             0 |      4634
[WARNING RSZ-0104] Net _22014_ only has one pin. Check if it is intended to be dangling.
[WARNING RSZ-0104] Net _21789_ only has one pin. Check if it is intended to be dangling.
    25000 |     +0.0% |       2 |       0 |             1 |      3634
    26000 |     +0.0% |       2 |       0 |             1 |      2634
    27000 |     +0.0% |       2 |       0 |             1 |      1634
[WARNING RSZ-0104] Net _22095_ only has one pin. Check if it is intended to be dangling.
[WARNING RSZ-0104] Net _22094_ only has one pin. Check if it is intended to be dangling.
    28000 |     +0.0% |       2 |       0 |             1 |       634
[WARNING RSZ-0104] Net rst_ni only has one pin. Check if it is intended to be dangling.
    final |     +0.0% |       2 |       0 |             1 |         0
---------------------------------------------------------------------
[INFO RSZ-0034] Found 2 slew violations.
[INFO RSZ-0039] Resized 2 instances.
[INFO RSZ-0504] Runtime: 2.17s
global_route -start_incremental
detailed_placement
[INFO DPL-0006] Core area: 1495481.79 um^2
[INFO DPL-0007] Movable instances area: 203542.71 um^2
[INFO DPL-0008] Fixed instances area within core: 24828.81 um^2
[INFO DPL-0009] Utilization: 15.3%
[INFO DPL-0005] Diamond search max displacement: +/- 500 sites horizontally, +/- 100 rows vertically.
[INFO DPL-1102] Legalizing using negotiation legalizer.
[INFO DPL-1103] Negotiation base search window: +/-20 sites horizontally, +/-5 rows vertically 
	Automatic search window extension enabled.
	Search window extendable up to the max displacement cap of +/-500 sites, +/-100 rows near walls.
[INFO DPL-1104] NegotiationLegalizer DRC penalty: 5.
[INFO DPL-0392] Negotiation cell height distribution (1 unique row-count(s)):
[INFO DPL-0393]   height 1 row(s): 46020 cells
          |      Total |  Illegal |  Illegal
Iteration | Violations |    Cells |    Sites
---------------------------------------------
        0 |          0 |         0 |         0
Negotiation phase 1 converged at iteration 0.
[INFO DPL-0500] Runtime: 0.17s
Placement Analysis
---------------------------------
total displacement          5.4 u
average displacement        0.0 u
max displacement            5.4 u
original HPWL          817031.8 u
legalized HPWL         817039.2 u
delta HPWL                    0 %

global_route -end_incremental -congestion_report_file ./reports/sky130hd/d_dsp03_multifmt_fma/base/congestion_post_repair_design.rpt
Repair setup and hold violations...
estimate_parasitics -global_routing
repair_timing -setup_margin 0 -hold_margin 0 -repair_tns 100 -verbose
[INFO RSZ-0100] Repair move sequence: UnbufferMove SizeUpMove SwapPinsMove BufferMove CloneMove SplitLoadMove 
[INFO RSZ-0094] Found 67 endpoints with setup violations.
[INFO RSZ-0099] Repairing 67 out of 67 (100.00%) violating endpoints...
   Iter   | Removed | Resized | Inserted | Cloned |  Pin  |   Area   |    WNS   |   StTNS    |   EnTNS    |  Viol  |  Worst  
          | Buffers |  Gates  | Buffers  |  Gates | Swaps |          |          |            |            | Endpts | St/EnPt 
------------------------------------------------------------------------------------------------------------------------------
       0* |       0 |       0 |        0 |      0 |     0 |    +0.0% |   -2.886 |     -119.5 |     -114.0 |     67 | flags_o[0]
      10* |       0 |       8 |        0 |      0 |     1 |    +0.0% |   -2.540 |     -118.4 |     -110.9 |     67 | flags_o[1]
      20* |       0 |      11 |        1 |      0 |     7 |    +0.0% |   -2.489 |     -114.3 |     -108.6 |     67 | flags_o[1]
      30* |       0 |      20 |        1 |      0 |     8 |    +0.0% |   -2.430 |     -109.1 |     -105.1 |     67 | flags_o[1]
      40* |       0 |      25 |        2 |      0 |    12 |    +0.1% |   -2.321 |     -100.2 |     -101.7 |     67 | flags_o[1]
      50* |       0 |      28 |        4 |      0 |    17 |    +0.1% |   -2.300 |      -95.4 |      -99.8 |     67 | flags_o[2]
      60* |       0 |      35 |        4 |      0 |    20 |    +0.1% |   -2.215 |      -91.5 |      -96.8 |     67 | flags_o[1]
      70* |       0 |      42 |        4 |      0 |    23 |    +0.1% |   -2.194 |      -89.2 |      -95.6 |     67 | flags_o[1]
      80* |       0 |      49 |        5 |      0 |    25 |    +0.1% |   -2.109 |      -79.3 |      -91.9 |     67 | flags_o[1]
      90* |       0 |      56 |        5 |      0 |    28 |    +0.1% |   -2.076 |      -76.3 |      -90.3 |     67 | flags_o[1]
     100* |       0 |      61 |        8 |      0 |    31 |    +0.1% |   -2.063 |      -74.9 |      -89.4 |     67 | flags_o[1]
     110* |       0 |      69 |        9 |      0 |    32 |    +0.1% |   -2.044 |      -72.3 |      -88.0 |     67 | flags_o[1]
     120* |       0 |      76 |        9 |      0 |    35 |    +0.2% |   -2.002 |      -70.8 |      -85.2 |     67 | flags_o[1]
     130* |       0 |      81 |       10 |      0 |    39 |    +0.2% |   -1.976 |      -68.3 |      -84.4 |     67 | flags_o[1]
     140* |       0 |      87 |       10 |      0 |    43 |    +0.2% |   -1.942 |      -65.1 |      -82.1 |     67 | flags_o[1]
     150* |       0 |      90 |       11 |      0 |    49 |    +0.2% |   -2.004 |      -62.3 |      -80.6 |     67 | flags_o[1]
     160* |       0 |      95 |       12 |      0 |    53 |    +0.2% |   -1.917 |      -62.2 |      -79.5 |     67 | flags_o[1]
     170* |       0 |      99 |       13 |      1 |    57 |    +0.2% |   -1.903 |      -59.5 |      -78.5 |     67 | flags_o[1]
     180* |       0 |     105 |       14 |      2 |    59 |    +0.3% |   -1.857 |      -58.7 |      -76.4 |     67 | flags_o[1]
     190* |       0 |     112 |       16 |      3 |    59 |    +0.3% |   -1.827 |      -56.9 |      -74.5 |     67 | flags_o[1]
     200* |       0 |     121 |       17 |      3 |    59 |    +0.3% |   -1.843 |      -57.4 |      -74.9 |     67 | flags_o[1]
     210* |       0 |     128 |       17 |      3 |    62 |    +0.3% |   -1.812 |      -51.4 |      -71.5 |     67 | flags_o[1]
     220* |       0 |     137 |       17 |      3 |    63 |    +0.3% |   -1.756 |      -50.3 |      -69.5 |     67 | flags_o[1]
     230* |       0 |     142 |       18 |      3 |    67 |    +0.3% |   -1.712 |      -46.8 |      -66.3 |     67 | flags_o[1]
     240* |       0 |     146 |       19 |      3 |    72 |    +0.3% |   -1.793 |      -50.6 |      -67.8 |     67 | flags_o[1]
     250* |       0 |     153 |       19 |      3 |    75 |    +0.4% |   -1.737 |      -48.0 |      -65.6 |     67 | flags_o[1]
     260* |       0 |     160 |       19 |      3 |    78 |    +0.4% |   -1.682 |      -43.5 |      -63.5 |     67 | flags_o[1]
     270* |       0 |     167 |       20 |      3 |    80 |    +0.4% |   -1.647 |      -42.2 |      -61.2 |     67 | flags_o[1]
     280* |       0 |     173 |       20 |      3 |    84 |    +0.4% |   -1.618 |      -40.4 |      -60.1 |     67 | flags_o[1]
     290* |       0 |     177 |       21 |      3 |    89 |    +0.4% |   -1.614 |      -40.2 |      -59.8 |     67 | flags_o[1]
     300* |       0 |     180 |       22 |      4 |    94 |    +0.4% |   -1.603 |      -39.2 |      -58.8 |     67 | flags_o[1]
     310* |       0 |     185 |       31 |      4 |    97 |    +0.5% |   -1.573 |      -37.9 |      -57.0 |     67 | flags_o[0]
     320* |       0 |     194 |       31 |      4 |    98 |    +0.5% |   -1.549 |      -37.2 |      -55.6 |     67 | flags_o[1]
     330* |       0 |     202 |       31 |      4 |   100 |    +0.5% |   -1.534 |      -36.8 |      -54.8 |     67 | flags_o[1]
     340* |       0 |     205 |       34 |      4 |   104 |    +0.5% |   -1.724 |      -46.1 |      -61.2 |     67 | flags_o[1]
     350* |       0 |     208 |       39 |      4 |   108 |    +0.6% |   -1.627 |      -43.4 |      -59.0 |     67 | flags_o[1]
     360* |       0 |     213 |       41 |      4 |   111 |    +0.6% |   -1.581 |      -42.8 |      -58.0 |     67 | flags_o[1]
     370* |       0 |     218 |       42 |      4 |   115 |    +0.6% |   -1.594 |      -42.4 |      -57.7 |     67 | flags_o[1]
     380* |       0 |     226 |       42 |      4 |   117 |    +0.6% |   -1.648 |      -45.3 |      -58.3 |     67 | flags_o[1]
     380* |       0 |     202 |       31 |      4 |   100 |    +0.5% |   -1.533 |      -36.8 |      -54.8 |     67 | flags_o[1]
     390* |       0 |     209 |       32 |      4 |   101 |    +0.5% |   -1.530 |      -36.5 |      -53.4 |     67 | flags_o[0]
     400* |       0 |     218 |       32 |      4 |   102 |    +0.6% |   -1.530 |      -36.5 |      -53.4 |     67 | flags_o[0]
     410* |       0 |     223 |       33 |      6 |   104 |    +0.6% |   -1.530 |      -36.4 |      -53.2 |     67 | flags_o[0]
     420* |       0 |     229 |       39 |      6 |   106 |    +0.6% |   -1.530 |      -35.7 |      -52.4 |     67 | flags_o[0]
     430* |       0 |     235 |       42 |      6 |   107 |    +0.6% |   -1.531 |      -35.4 |      -51.5 |     67 | flags_o[0]
     440* |       0 |     240 |       45 |      6 |   109 |    +0.7% |   -1.509 |      -34.6 |      -50.6 |     67 | flags_o[0]
     450* |       0 |     245 |       48 |      6 |   113 |    +0.7% |   -1.509 |      -34.4 |      -50.2 |     67 | flags_o[0]
     460* |       0 |     252 |       49 |      6 |   115 |    +0.7% |   -1.480 |      -34.0 |      -49.2 |     67 | flags_o[0]
     470* |       0 |     256 |       52 |      6 |   118 |    +0.7% |   -1.480 |      -33.1 |      -49.1 |     67 | flags_o[0]
     480* |       0 |     261 |       54 |      6 |   121 |    +0.7% |   -1.480 |      -32.7 |      -48.3 |     67 | flags_o[0]
     490* |       0 |     266 |       55 |      6 |   125 |    +0.7% |   -1.480 |      -32.7 |      -48.0 |     67 | flags_o[0]
     500* |       0 |     273 |       56 |      6 |   127 |    +0.8% |   -1.435 |      -32.4 |      -47.2 |     67 | flags_o[0]
     510* |       0 |     278 |       57 |      6 |   131 |    +0.8% |   -1.435 |      -32.6 |      -46.5 |     67 | flags_o[0]
     520* |       0 |     286 |       58 |      6 |   132 |    +0.8% |   -1.435 |      -31.7 |      -45.8 |     67 | flags_o[0]
     530* |       0 |     287 |       62 |      6 |   137 |    +0.8% |   -1.435 |      -31.7 |      -45.8 |     67 | flags_o[0]
     540* |       0 |     292 |       62 |      6 |   142 |    +0.8% |   -1.435 |      -31.6 |      -45.3 |     67 | flags_o[0]
     550* |       1 |     299 |       62 |      6 |   144 |    +0.8% |   -1.386 |      -30.9 |      -44.2 |     67 | flags_o[0]
     560* |       1 |     306 |       63 |      6 |   146 |    +0.8% |   -1.386 |      -29.7 |      -43.0 |     67 | flags_o[0]
     570* |       1 |     314 |       63 |      6 |   148 |    +0.9% |   -1.366 |      -28.2 |      -41.6 |     67 | flags_o[0]
     580* |       1 |     316 |       64 |      6 |   155 |    +0.9% |   -1.365 |      -28.0 |      -40.2 |     67 | flags_o[0]
     590* |       1 |     324 |       67 |      6 |   156 |    +0.9% |   -1.324 |      -25.5 |      -37.2 |     67 | flags_o[0]
     600* |       1 |     328 |       68 |      6 |   161 |    +0.9% |   -1.324 |      -25.5 |      -37.1 |     67 | flags_o[0]
     610* |       1 |     332 |       68 |      6 |   167 |    +0.9% |   -1.324 |      -22.6 |      -37.3 |     67 | flags_o[0]
     620* |       1 |     338 |       70 |      6 |   169 |    +0.9% |   -1.299 |      -21.4 |      -36.9 |     67 | flags_o[0]
     630* |       1 |     346 |       70 |      6 |   171 |    +1.0% |   -1.292 |      -20.3 |      -35.5 |     67 | flags_o[0]
     640* |       1 |     352 |       70 |      6 |   175 |    +1.0% |   -1.283 |      -20.3 |      -36.1 |     67 | flags_o[0]
     650* |       1 |     358 |       73 |      6 |   177 |    +1.0% |   -1.283 |      -20.3 |      -35.6 |     67 | flags_o[0]
     660* |       1 |     364 |       74 |      6 |   180 |    +1.0% |   -1.283 |      -20.3 |      -35.9 |     67 | flags_o[0]
     670* |       1 |     373 |       75 |      6 |   180 |    +1.0% |   -1.275 |      -20.2 |      -34.7 |     67 | flags_o[0]
     680* |       1 |     381 |       76 |      6 |   181 |    +1.0% |   -1.262 |      -20.1 |      -34.2 |     67 | flags_o[0]
     690* |       1 |     387 |       76 |      6 |   185 |    +1.1% |   -1.269 |      -20.1 |      -33.5 |     67 | flags_o[0]
     700* |       1 |     394 |       76 |      6 |   188 |    +1.1% |   -1.269 |      -19.2 |      -33.1 |     67 | flags_o[0]
     710* |       1 |     401 |       77 |      6 |   190 |    +1.1% |   -1.269 |      -19.1 |      -32.6 |     67 | flags_o[0]
     720* |       1 |     403 |       79 |      6 |   196 |    +1.1% |   -1.269 |      -19.2 |      -35.8 |     67 | flags_o[0]
     730* |       1 |     410 |       81 |      6 |   197 |    +1.1% |   -1.269 |      -19.2 |      -35.0 |     67 | flags_o[0]
     739* |       1 |     386 |       76 |      6 |   185 |    +1.1% |   -1.262 |      -20.0 |      -33.6 |     67 | flags_o[0]
     740* |       1 |     386 |       76 |      6 |   185 |    +1.1% |   -1.262 |      -20.0 |      -33.6 |     67 | flags_o[0]
     750* |       1 |     394 |       77 |      6 |   186 |    +1.1% |   -1.262 |      -20.0 |      -33.5 |     67 | flags_o[0]
     760* |       1 |     399 |       77 |      6 |   191 |    +1.1% |   -1.231 |      -20.0 |      -32.8 |     67 | flags_o[0]
     770* |       1 |     407 |       78 |      6 |   192 |    +1.1% |   -1.231 |      -20.0 |      -32.1 |     67 | flags_o[0]
     780* |       1 |     412 |       79 |      6 |   196 |    +1.1% |   -1.231 |      -20.0 |      -32.3 |     67 | flags_o[0]
     790* |       1 |     422 |       79 |      6 |   196 |    +1.2% |   -1.193 |      -19.8 |      -30.5 |     67 | flags_o[0]
     800* |       1 |     424 |       81 |      6 |   202 |    +1.2% |   -1.193 |      -19.8 |      -31.2 |     67 | flags_o[0]
     810* |       1 |     425 |       81 |      6 |   211 |    +1.2% |   -1.193 |      -19.8 |      -32.5 |     67 | flags_o[0]
     820* |       1 |     429 |       83 |      6 |   215 |    +1.2% |   -1.193 |      -19.8 |      -32.2 |     67 | flags_o[0]
     830* |       1 |     435 |       86 |      6 |   216 |    +1.2% |   -1.193 |      -20.0 |      -34.5 |     67 | flags_o[1]
     840* |       1 |     442 |       86 |      6 |   219 |    +1.2% |   -1.193 |      -19.9 |      -33.4 |     67 | flags_o[0]
     845* |       1 |     424 |       80 |      6 |   198 |    +1.2% |   -1.193 |      -19.8 |      -30.4 |     67 | flags_o[0]
     850* |       1 |     425 |       81 |      6 |   200 |    +1.2% |   -1.193 |      -19.8 |      -30.6 |     67 | flags_o[0]
     860* |       1 |     432 |       82 |      6 |   202 |    +1.2% |   -1.149 |      -19.8 |      -29.4 |     67 | flags_o[1]
     870* |       1 |     442 |       82 |      6 |   202 |    +1.2% |   -1.149 |      -19.8 |      -29.1 |     67 | flags_o[1]
     880* |       1 |     450 |       83 |      6 |   203 |    +1.2% |   -1.149 |      -19.8 |      -27.2 |     67 | flags_o[1]
     890* |       1 |     453 |       86 |      6 |   208 |    +1.2% |   -1.149 |      -19.8 |      -26.9 |     67 | flags_o[1]
     900* |       1 |     463 |       86 |      6 |   208 |    +1.2% |   -1.149 |      -19.8 |      -25.9 |     67 | flags_o[1]
     910* |       1 |     466 |       89 |      6 |   212 |    +1.3% |   -1.149 |      -19.8 |      -26.4 |     67 | flags_o[1]
     920* |       1 |     469 |       92 |      6 |   216 |    +1.3% |   -1.149 |      -19.8 |      -23.6 |     67 | flags_o[1]
     930* |       1 |     476 |       94 |      6 |   217 |    +1.3% |   -1.149 |      -19.8 |      -23.4 |     67 | flags_o[1]
     940* |       1 |     480 |       96 |      7 |   220 |    +1.3% |   -1.149 |      -19.8 |      -27.0 |     67 | flags_o[1]
     950* |       1 |     485 |       97 |      7 |   224 |    +1.3% |   -1.149 |      -19.8 |      -25.5 |     67 | flags_o[1]
     960* |       1 |     493 |       98 |      7 |   225 |    +1.4% |   -1.149 |      -19.8 |      -24.7 |     67 | flags_o[1]
     970* |       1 |     501 |       99 |      7 |   226 |    +1.4% |   -1.149 |      -19.8 |      -23.3 |     67 | flags_o[1]
     980* |       1 |     507 |      100 |      7 |   229 |    +1.4% |   -1.149 |      -19.8 |      -22.9 |     67 | flags_o[1]
     990* |       1 |     511 |      101 |      7 |   234 |    +1.4% |   -1.149 |      -19.8 |      -23.1 |     67 | flags_o[1]
    1000* |       2 |     513 |      103 |      7 |   239 |    +1.4% |   -1.149 |      -19.8 |      -22.8 |     67 | flags_o[1]
    1010* |       3 |     517 |      107 |      7 |   240 |    +1.4% |   -1.149 |      -19.8 |      -24.3 |     67 | flags_o[1]
    1020* |       8 |     517 |      112 |      7 |   240 |    +1.4% |   -1.149 |      -19.8 |      -24.3 |     67 | flags_o[1]
    1030* |      13 |     517 |      117 |      7 |   240 |    +1.4% |   -1.149 |      -19.8 |      -24.3 |     67 | flags_o[1]
    1040* |      18 |     517 |      122 |      7 |   240 |    +1.4% |   -1.149 |      -19.8 |      -24.3 |     67 | flags_o[1]
    1050* |      23 |     517 |      127 |      7 |   240 |    +1.4% |   -1.149 |      -19.8 |      -24.3 |     67 | flags_o[1]
    1054* |       2 |     515 |      105 |      7 |   239 |    +1.4% |   -1.149 |      -19.8 |      -22.1 |     67 | flags_o[1]
    1060* |       2 |     519 |      105 |      7 |   240 |    +1.4% |   -1.149 |      -19.8 |      -22.0 |     67 | flags_o[1]
    1070* |       4 |     523 |      109 |      7 |   240 |    +1.4% |   -1.149 |      -19.8 |      -23.0 |     67 | flags_o[1]
    1080* |       9 |     523 |      114 |      7 |   240 |    +1.4% |   -1.149 |      -19.8 |      -23.0 |     67 | flags_o[1]
    1090* |      14 |     523 |      119 |      7 |   240 |    +1.4% |   -1.149 |      -19.8 |      -23.0 |     67 | flags_o[1]
    1100* |      19 |     523 |      124 |      7 |   240 |    +1.4% |   -1.149 |      -19.8 |      -23.0 |     67 | flags_o[1]
    1100* |       3 |     523 |      107 |      7 |   240 |    +1.4% |   -1.149 |      -19.8 |      -21.6 |     67 | flags_o[1]
    1110* |       5 |     527 |      110 |      7 |   240 |    +1.5% |   -1.149 |      -19.8 |      -22.8 |     67 | flags_o[1]
    1120* |      10 |     527 |      115 |      7 |   240 |    +1.5% |   -1.149 |      -19.8 |      -22.8 |     67 | flags_o[1]
    1130* |      15 |     527 |      120 |      7 |   240 |    +1.5% |   -1.149 |      -19.8 |      -22.8 |     67 | flags_o[1]
    1140* |      20 |     527 |      125 |      7 |   240 |    +1.5% |   -1.149 |      -19.8 |      -22.8 |     67 | flags_o[1]
    1150* |      25 |     527 |      130 |      7 |   240 |    +1.5% |   -1.149 |      -19.8 |      -22.8 |     67 | flags_o[1]
    1157* |       4 |     527 |      108 |      7 |   240 |    +1.5% |   -1.149 |      -19.8 |      -21.4 |     67 | flags_o[1]
    1160* |       4 |     529 |      108 |      7 |   240 |    +1.5% |   -1.148 |      -19.7 |      -21.4 |     67 | flags_o[1]
    1170* |       4 |     533 |      111 |      8 |   242 |    +1.5% |   -1.051 |      -17.8 |      -22.5 |     67 | flags_o[1]
    1180* |       4 |     539 |      113 |      9 |   243 |    +1.5% |   -1.051 |      -17.8 |      -21.9 |     67 | flags_o[1]
    1190* |       4 |     544 |      114 |      9 |   247 |    +1.5% |   -1.059 |      -17.9 |      -20.8 |     67 | flags_o[1]
    1200* |       4 |     553 |      114 |     10 |   247 |    +1.5% |   -1.019 |      -16.6 |      -19.1 |     67 | flags_o[1]
    1210* |       5 |     561 |      116 |     10 |   247 |    +1.6% |   -1.019 |      -16.6 |      -20.1 |     67 | flags_o[1]
    1220* |       5 |     564 |      118 |     10 |   253 |    +1.6% |   -1.092 |      -16.8 |      -25.6 |     67 | flags_o[1]
    1230* |       5 |     567 |      120 |     10 |   259 |    +1.6% |   -1.046 |      -16.7 |      -23.7 |     67 | flags_o[1]
    1240* |       5 |     572 |      122 |     10 |   262 |    +1.6% |   -1.045 |      -16.7 |      -23.6 |     67 | flags_o[1]
    1250* |       5 |     581 |      122 |     10 |   263 |    +1.6% |   -1.019 |      -16.6 |      -22.1 |     67 | flags_o[1]
    1250* |       4 |     553 |      114 |     10 |   247 |    +1.5% |   -1.019 |      -16.6 |      -19.1 |     67 | flags_o[1]
    1260* |       4 |     559 |      114 |     10 |   250 |    +1.6% |   -1.019 |      -16.6 |      -18.5 |     67 | flags_o[1]
    1270* |       4 |     565 |      115 |     10 |   253 |    +1.6% |   -1.019 |      -16.6 |      -17.6 |     67 | flags_o[1]
    1280* |       4 |     569 |      117 |     10 |   257 |    +1.6% |   -1.019 |      -16.6 |      -17.1 |     67 | flags_o[1]
    1290* |       4 |     575 |      118 |     10 |   260 |    +1.6% |   -1.019 |      -16.6 |      -17.1 |     67 | flags_o[1]
    1300* |       4 |     583 |      119 |     10 |   261 |    +1.6% |   -1.019 |      -16.6 |      -17.3 |     67 | flags_o[1]
    1310* |       4 |     591 |      119 |     10 |   263 |    +1.6% |   -1.019 |      -16.6 |      -17.3 |     67 | flags_o[1]
    1320* |       5 |     597 |      119 |     10 |   266 |    +1.6% |   -1.019 |      -16.6 |      -16.8 |     67 | flags_o[1]
    1330* |       5 |     606 |      120 |     10 |   266 |    +1.7% |   -1.019 |      -16.6 |      -15.6 |     67 | flags_o[1]
    1340* |       5 |     610 |      129 |     10 |   270 |    +1.7% |   -1.019 |      -16.6 |      -15.5 |     67 | flags_o[1]
    1350* |       9 |     611 |      134 |     10 |   270 |    +1.7% |   -1.019 |      -16.6 |      -17.2 |     67 | flags_o[1]
    1360* |      14 |     611 |      139 |     10 |   270 |    +1.7% |   -1.019 |      -16.6 |      -17.2 |     67 | flags_o[1]
    1370* |      19 |     611 |      144 |     10 |   270 |    +1.7% |   -1.019 |      -16.6 |      -17.2 |     67 | flags_o[1]
    1380* |      24 |     611 |      149 |     10 |   270 |    +1.7% |   -1.019 |      -16.6 |      -17.2 |     67 | flags_o[1]
    1390* |      29 |     611 |      154 |     10 |   270 |    +1.7% |   -1.019 |      -16.6 |      -17.2 |     67 | flags_o[1]
    1390* |       5 |     610 |      129 |     10 |   270 |    +1.7% |   -1.019 |      -16.6 |      -15.5 |     67 | flags_o[1]
    1400* |       6 |     614 |      131 |     10 |   272 |    +1.7% |   -1.019 |      -16.6 |      -16.9 |     67 | flags_o[1]
    1410* |      11 |     614 |      136 |     10 |   272 |    +1.7% |   -1.019 |      -16.6 |      -16.9 |     67 | flags_o[1]
    1420* |      16 |     614 |      141 |     10 |   272 |    +1.7% |   -1.019 |      -16.6 |      -16.9 |     67 | flags_o[1]
    1430* |      21 |     614 |      146 |     10 |   272 |    +1.7% |   -1.019 |      -16.6 |      -16.9 |     67 | flags_o[1]
    1440* |      26 |     614 |      151 |     10 |   272 |    +1.7% |   -1.019 |      -16.6 |      -16.9 |     67 | flags_o[1]
    1449* |       6 |     614 |      130 |     10 |   272 |    +1.7% |   -1.019 |      -16.6 |      -16.0 |     67 | flags_o[1]
    1450* |       6 |     614 |      130 |     10 |   272 |    +1.7% |   -1.019 |      -16.6 |      -16.0 |     67 | flags_o[1]
    1460* |       9 |     616 |      134 |     10 |   273 |    +1.7% |   -1.019 |      -16.6 |      -16.7 |     67 | flags_o[1]
    1470* |      14 |     616 |      139 |     10 |   273 |    +1.7% |   -1.019 |      -16.6 |      -16.7 |     67 | flags_o[1]
    1480* |      19 |     616 |      144 |     10 |   273 |    +1.7% |   -1.019 |      -16.6 |      -16.7 |     67 | flags_o[1]
    1490* |      24 |     616 |      149 |     10 |   273 |    +1.7% |   -1.019 |      -16.6 |      -16.7 |     67 | flags_o[1]
    1500* |      29 |     616 |      154 |     10 |   273 |    +1.7% |   -1.019 |      -16.6 |      -16.7 |     67 | flags_o[1]
    1505* |       7 |     616 |      131 |     10 |   273 |    +1.7% |   -1.019 |      -16.6 |      -15.8 |     67 | flags_o[1]
    1510* |       8 |     617 |      133 |     10 |   273 |    +1.7% |   -1.019 |      -16.6 |      -16.7 |     67 | flags_o[1]
    1520* |      13 |     617 |      138 |     10 |   273 |    +1.7% |   -1.019 |      -16.6 |      -16.7 |     67 | flags_o[1]
    1530* |      18 |     617 |      143 |     10 |   273 |    +1.7% |   -1.019 |      -16.6 |      -16.7 |     67 | flags_o[1]
    1540* |      23 |     617 |      148 |     10 |   273 |    +1.7% |   -1.019 |      -16.6 |      -16.7 |     67 | flags_o[1]
    1550* |      28 |     617 |      153 |     10 |   273 |    +1.7% |   -1.019 |      -16.6 |      -16.7 |     67 | flags_o[1]
    1559* |       8 |     617 |      132 |     10 |   273 |    +1.7% |   -1.019 |      -16.6 |      -15.8 |     67 | flags_o[1]
    1560* |       8 |     617 |      132 |     10 |   273 |    +1.7% |   -1.019 |      -16.6 |      -15.8 |     67 | flags_o[1]
    1570* |       8 |     623 |      133 |     10 |   276 |    +1.7% |   -1.019 |      -16.6 |      -15.7 |     67 | flags_o[1]
    1579* |       8 |     630 |      133 |     10 |   278 |    +1.7% |   -1.019 |      -16.6 |      -15.5 |     67 | flags_o[1]
    1580* |       8 |     630 |      133 |     10 |   278 |    +1.7% |   -1.019 |      -16.6 |      -15.5 |     67 | flags_o[1]
    1590* |       9 |     635 |      137 |     10 |   279 |    +1.8% |   -1.019 |      -16.6 |      -15.9 |     67 | flags_o[1]
    1600* |      14 |     635 |      142 |     10 |   279 |    +1.8% |   -1.019 |      -16.6 |      -15.9 |     67 | flags_o[1]
    1610* |      19 |     635 |      147 |     10 |   279 |    +1.8% |   -1.019 |      -16.6 |      -15.9 |     67 | flags_o[1]
    1620* |      24 |     635 |      152 |     10 |   279 |    +1.8% |   -1.019 |      -16.6 |      -15.9 |     67 | flags_o[1]
    1630* |      29 |     635 |      157 |     10 |   279 |    +1.8% |   -1.019 |      -16.6 |      -15.9 |     67 | flags_o[1]
    1638* |       8 |     635 |      135 |     10 |   279 |    +1.7% |   -1.019 |      -16.6 |      -16.1 |     67 | flags_o[1]
    1640* |       9 |     635 |      135 |     10 |   279 |    +1.7% |   -1.019 |      -16.6 |      -15.1 |     67 | flags_o[1]
    1650* |      13 |     636 |      140 |     10 |   279 |    +1.7% |   -1.019 |      -16.6 |      -16.1 |     67 | flags_o[1]
    1660* |      18 |     636 |      145 |     10 |   279 |    +1.7% |   -1.019 |      -16.6 |      -16.1 |     67 | flags_o[1]
    1670* |      23 |     636 |      150 |     10 |   279 |    +1.7% |   -1.019 |      -16.6 |      -16.1 |     67 | flags_o[1]
    1680* |      28 |     636 |      155 |     10 |   279 |    +1.7% |   -1.019 |      -16.6 |      -16.1 |     67 | flags_o[1]
    1690* |      33 |     636 |      160 |     10 |   279 |    +1.7% |   -1.019 |      -16.6 |      -16.1 |     67 | flags_o[1]
    1691* |       9 |     636 |      135 |     10 |   279 |    +1.7% |   -1.019 |      -16.6 |      -15.1 |     67 | flags_o[1]
    1700* |      12 |     636 |      139 |     10 |   280 |    +1.7% |   -1.019 |      -16.6 |      -16.1 |     67 | flags_o[1]
    1700* |      10 |     636 |      136 |     10 |   280 |    +1.7% |   -1.019 |      -16.6 |      -15.1 |     67 | flags_o[1]
    1710* |      10 |     640 |      139 |     10 |   282 |    +1.8% |   -1.019 |      -16.6 |      -16.0 |     67 | flags_o[1]
    1720* |      12 |     644 |      141 |     10 |   284 |    +1.8% |   -1.019 |      -16.6 |      -16.0 |     67 | flags_o[1]
    1730* |      17 |     644 |      146 |     10 |   284 |    +1.8% |   -1.019 |      -16.6 |      -16.0 |     67 | flags_o[1]
    1740* |      22 |     644 |      151 |     10 |   284 |    +1.8% |   -1.019 |      -16.6 |      -16.0 |     67 | flags_o[1]
    1750* |      27 |     644 |      156 |     10 |   284 |    +1.8% |   -1.019 |      -16.6 |      -16.0 |     67 | flags_o[1]
    1760* |      32 |     644 |      161 |     10 |   284 |    +1.8% |   -1.019 |      -16.6 |      -16.0 |     67 | flags_o[1]
    1767* |      11 |     644 |      139 |     10 |   284 |    +1.8% |   -1.019 |      -16.6 |      -15.0 |     67 | flags_o[1]
    1770* |      11 |     645 |      140 |     10 |   284 |    +1.8% |   -1.019 |      -16.6 |      -16.0 |     67 | flags_o[1]
    1780* |      16 |     645 |      144 |     10 |   285 |    +1.8% |   -1.019 |      -16.6 |      -15.0 |     67 | flags_o[1]
    1790* |      21 |     645 |      149 |     10 |   285 |    +1.8% |   -1.019 |      -16.6 |      -15.0 |     67 | flags_o[1]
    1800* |      26 |     645 |      154 |     10 |   285 |    +1.8% |   -1.019 |      -16.6 |      -15.0 |     67 | flags_o[1]
    1810* |      31 |     645 |      159 |     10 |   285 |    +1.8% |   -1.019 |      -16.6 |      -15.0 |     67 | flags_o[1]
    1820* |      36 |     645 |      164 |     10 |   285 |    +1.8% |   -1.019 |      -16.6 |      -15.0 |     67 | flags_o[1]
    1822* |      12 |     645 |      140 |     10 |   285 |    +1.8% |   -1.019 |      -16.6 |      -15.0 |     67 | flags_o[1]
    1830* |      12 |     650 |      141 |     10 |   286 |    +1.8% |   -1.019 |      -16.6 |      -15.5 |     67 | flags_o[1]
    1840* |      16 |     651 |      148 |     10 |   286 |    +1.8% |   -1.019 |      -16.6 |      -16.4 |     67 | flags_o[1]
    1850* |      21 |     651 |      153 |     10 |   286 |    +1.8% |   -1.019 |      -16.6 |      -16.4 |     67 | flags_o[1]
    1860* |      26 |     651 |      158 |     10 |   286 |    +1.8% |   -1.019 |      -16.6 |      -16.4 |     67 | flags_o[1]
    1870* |      31 |     651 |      163 |     10 |   286 |    +1.8% |   -1.019 |      -16.6 |      -16.4 |     67 | flags_o[1]
    1880* |      36 |     651 |      168 |     10 |   286 |    +1.8% |   -1.019 |      -16.6 |      -16.4 |     67 | flags_o[1]
    1881* |      12 |     651 |      141 |     10 |   286 |    +1.8% |   -1.019 |      -16.6 |      -15.5 |     67 | flags_o[1]
    1890* |      14 |     653 |      142 |     10 |   289 |    +1.8% |   -1.019 |      -16.6 |      -14.6 |     67 | flags_o[1]
    1900* |      19 |     653 |      147 |     10 |   289 |    +1.8% |   -1.019 |      -16.6 |      -14.6 |     67 | flags_o[1]
    1910* |      24 |     653 |      152 |     10 |   289 |    +1.8% |   -1.019 |      -16.6 |      -14.6 |     67 | flags_o[1]
    1920* |      29 |     653 |      157 |     10 |   289 |    +1.8% |   -1.019 |      -16.6 |      -14.6 |     67 | flags_o[1]
    1930* |      34 |     653 |      162 |     10 |   289 |    +1.8% |   -1.019 |      -16.6 |      -14.6 |     67 | flags_o[1]
    1936* |      12 |     653 |      141 |     10 |   288 |    +1.8% |   -1.019 |      -16.6 |      -15.5 |     67 | flags_o[1]
    1940* |      12 |     656 |      141 |     10 |   288 |    +1.8% |   -1.019 |      -16.6 |      -15.5 |     67 | flags_o[1]
    1950* |      12 |     665 |      141 |     10 |   289 |    +1.8% |   -1.019 |      -16.6 |      -15.4 |     67 | flags_o[1]
    1960* |      16 |     667 |      147 |     10 |   289 |    +1.8% |   -1.019 |      -16.6 |      -15.3 |     67 | flags_o[1]
    1970* |      21 |     667 |      152 |     10 |   289 |    +1.8% |   -1.019 |      -16.6 |      -15.3 |     67 | flags_o[1]
    1980* |      26 |     667 |      157 |     10 |   289 |    +1.8% |   -1.019 |      -16.6 |      -15.3 |     67 | flags_o[1]
    1990* |      31 |     667 |      162 |     10 |   289 |    +1.8% |   -1.019 |      -16.6 |      -15.3 |     67 | flags_o[1]
    2000* |      36 |     667 |      167 |     10 |   289 |    +1.8% |   -1.019 |      -16.6 |      -15.3 |     67 | flags_o[1]
    2000* |      12 |     667 |      141 |     10 |   289 |    +1.8% |   -1.019 |      -16.6 |      -15.3 |     67 | flags_o[1]
    2010* |      12 |     673 |      144 |     10 |   291 |    +1.8% |   -1.018 |      -16.6 |      -16.0 |     67 | flags_o[1]
    2020* |      17 |     673 |      149 |     10 |   291 |    +1.8% |   -1.018 |      -16.6 |      -16.0 |     67 | flags_o[1]
    2030* |      22 |     673 |      154 |     10 |   291 |    +1.8% |   -1.018 |      -16.6 |      -16.0 |     67 | flags_o[1]
    2040* |      27 |     673 |      159 |     10 |   291 |    +1.8% |   -1.018 |      -16.6 |      -16.0 |     67 | flags_o[1]
    2050* |      32 |     673 |      164 |     10 |   291 |    +1.8% |   -1.018 |      -16.6 |      -16.0 |     67 | flags_o[1]
    2059* |      12 |     673 |      141 |     10 |   291 |    +1.8% |   -1.018 |      -16.6 |      -15.0 |     67 | flags_o[1]
    2060* |      12 |     673 |      141 |     10 |   291 |    +1.8% |   -1.018 |      -16.6 |      -15.0 |     67 | flags_o[1]
    2070* |      17 |     674 |      145 |     10 |   291 |    +1.8% |   -1.018 |      -16.6 |      -14.0 |     67 | flags_o[1]
    2080* |      22 |     674 |      150 |     10 |   291 |    +1.8% |   -1.018 |      -16.6 |      -14.0 |     67 | flags_o[1]
    2090* |      27 |     674 |      155 |     10 |   291 |    +1.8% |   -1.018 |      -16.6 |      -14.0 |     67 | flags_o[1]
    2100* |      32 |     674 |      160 |     10 |   291 |    +1.8% |   -1.018 |      -16.6 |      -14.0 |     67 | flags_o[1]
    2110* |      37 |     674 |      165 |     10 |   291 |    +1.8% |   -1.018 |      -16.6 |      -14.0 |     67 | flags_o[1]
    2112* |      13 |     674 |      141 |     10 |   291 |    +1.8% |   -1.018 |      -16.6 |      -14.0 |     67 | flags_o[1]
    2120* |      13 |     678 |      141 |     10 |   294 |    +1.8% |   -1.021 |      -17.0 |      -13.9 |     67 | flags_o[1]
    2130* |      14 |     684 |      143 |     10 |   295 |    +1.9% |   -0.901 |      -14.0 |      -12.7 |     67 | flags_o[1]
    2140* |      14 |     689 |      146 |     12 |   295 |    +1.9% |   -1.042 |      -13.6 |      -19.6 |     67 | flags_o[1]
    2150* |      18 |     691 |      149 |     12 |   296 |    +1.9% |   -0.886 |      -13.4 |      -12.5 |     67 | flags_o[1]
    2160* |      23 |     691 |      154 |     12 |   296 |    +1.9% |   -0.886 |      -13.4 |      -12.5 |     67 | flags_o[1]
    2170* |      28 |     691 |      159 |     12 |   296 |    +1.9% |   -0.886 |      -13.4 |      -12.5 |     67 | flags_o[1]
    2180* |      33 |     691 |      164 |     12 |   296 |    +1.9% |   -0.886 |      -13.4 |      -12.5 |     67 | flags_o[1]
    2188* |      14 |     689 |      145 |     11 |   295 |    +1.9% |   -0.886 |      -13.4 |      -12.3 |     67 | flags_o[1]
    2190* |      14 |     689 |      146 |     11 |   295 |    +1.9% |   -0.913 |      -13.5 |      -13.5 |     67 | flags_o[1]
    2200* |      14 |     694 |      149 |     11 |   299 |    +1.9% |   -0.882 |      -13.4 |      -12.8 |     67 | flags_o[1]
    2210* |      14 |     700 |      152 |     11 |   302 |    +1.9% |   -0.893 |      -13.4 |      -13.2 |     67 | flags_o[1]
    2220* |      14 |     707 |      152 |     11 |   305 |    +1.9% |   -0.944 |      -13.5 |      -15.6 |     67 | flags_o[1]
    2230* |      14 |     711 |      158 |     11 |   306 |    +2.0% |   -0.818 |      -13.3 |       -9.6 |     67 | flags_o[1]
    2240* |      14 |     717 |      160 |     12 |   308 |    +2.0% |   -0.818 |      -13.3 |       -9.1 |     67 | flags_o[1]
    2244* |      14 |     720 |      160 |     12 |   309 |    +2.0% |   -0.818 |      -13.3 |       -8.6 |     67 | flags_o[1]
    2250* |      14 |     724 |      161 |     12 |   309 |    +2.0% |   -0.819 |      -13.3 |       -8.7 |     67 | flags_o[1]
    2260* |      14 |     729 |      165 |     12 |   311 |    +2.0% |   -0.819 |      -13.3 |       -8.4 |     67 | flags_o[1]
    2270* |      15 |     734 |      168 |     12 |   312 |    +2.1% |   -0.831 |      -13.3 |      -10.8 |     67 | flags_o[1]
    2280* |      15 |     742 |      168 |     12 |   314 |    +2.1% |   -0.819 |      -13.3 |       -7.9 |     67 | flags_o[1]
    2290* |      15 |     743 |      170 |     12 |   322 |    +2.1% |   -0.819 |      -13.3 |       -8.9 |     67 | flags_o[1]
    2296* |      14 |     721 |      160 |     12 |   309 |    +2.0% |   -0.818 |      -13.3 |       -8.6 |     67 | flags_o[1]
    2297* |      14 |     721 |      160 |     12 |   309 |    +2.0% |   -0.818 |      -13.3 |       -8.6 |     67 | flags_o[1]
    2300* |      14 |     721 |      160 |     12 |   311 |    +2.0% |   -0.818 |      -13.3 |       -8.5 |     67 | flags_o[1]
    2310* |      14 |     727 |      164 |     12 |   311 |    +2.0% |   -0.818 |      -13.3 |       -8.4 |     67 | flags_o[1]
    2320* |      15 |     734 |      167 |     12 |   311 |    +2.1% |   -0.818 |      -13.3 |       -7.8 |     67 | flags_o[1]
    2330* |      15 |     739 |      169 |     12 |   314 |    +2.1% |   -0.818 |      -13.3 |       -8.2 |     67 | flags_o[1]
    2340* |      15 |     745 |      173 |     12 |   315 |    +2.1% |   -0.818 |      -13.3 |       -7.2 |     67 | flags_o[1]
    2350* |      15 |     750 |      173 |     12 |   320 |    +2.1% |   -0.818 |      -13.3 |       -7.2 |     67 | flags_o[1]
    2360* |      15 |     754 |      177 |     12 |   323 |    +2.1% |   -0.818 |      -13.3 |       -8.1 |     67 | flags_o[1]
    2370* |      16 |     758 |      180 |     12 |   327 |    +2.2% |   -0.818 |      -13.3 |       -7.0 |     67 | flags_o[1]
    2380* |      16 |     762 |      186 |     12 |   330 |    +2.2% |   -0.818 |      -13.3 |       -6.6 |     67 | flags_o[1]
    2390* |      17 |     767 |      189 |     12 |   332 |    +2.2% |   -0.818 |      -13.3 |       -5.9 |     67 | flags_o[1]
    2400* |      17 |     774 |      191 |     12 |   333 |    +2.2% |   -0.818 |      -13.3 |       -5.5 |     67 | flags_o[1]
    2410* |      18 |     777 |      192 |     14 |   336 |    +2.2% |   -0.812 |      -13.3 |       -5.5 |     67 | flags_o[1]
    2412* |      18 |     778 |      192 |     14 |   337 |    +2.2% |   -0.812 |      -13.3 |       -5.3 |     67 | flags_o[1]
    2420* |      18 |     783 |      192 |     15 |   338 |    +2.3% |   -0.794 |      -12.8 |       -5.0 |     67 | flags_o[1]
    2420* |      18 |     783 |      192 |     15 |   338 |    +2.3% |   -0.794 |      -12.8 |       -5.0 |     67 | flags_o[1]
    2422* |      18 |     784 |      192 |     15 |   338 |    +2.3% |   -0.794 |      -12.8 |       -5.0 |     67 | flags_o[1]
    2423* |      18 |     784 |      192 |     15 |   338 |    +2.3% |   -0.794 |      -12.8 |       -5.0 |     67 | flags_o[1]
    2424* |      18 |     784 |      192 |     15 |   338 |    +2.3% |   -0.794 |      -12.8 |       -5.0 |     67 | flags_o[1]
    2425* |      18 |     784 |      192 |     15 |   338 |    +2.3% |   -0.794 |      -12.8 |       -5.0 |     67 | flags_o[1]
    2426* |      18 |     784 |      192 |     15 |   338 |    +2.3% |   -0.794 |      -12.8 |       -5.0 |     67 | flags_o[1]
    2427* |      18 |     784 |      192 |     15 |   338 |    +2.3% |   -0.794 |      -12.8 |       -5.0 |     67 | flags_o[1]
    2430* |      18 |     785 |      192 |     15 |   339 |    +2.3% |   -0.770 |      -12.6 |       -4.8 |     67 | flags_o[1]
    2440* |      18 |     793 |      192 |     15 |   341 |    +2.3% |   -0.758 |      -12.5 |       -4.7 |     67 | flags_o[1]
    2450* |      18 |     799 |      195 |     15 |   342 |    +2.3% |   -0.736 |      -12.1 |       -4.5 |     67 | flags_o[1]
    2460* |      18 |     807 |      195 |     15 |   344 |    +2.3% |   -0.692 |      -11.6 |       -4.1 |     67 | flags_o[1]
    2461* |      18 |     807 |      195 |     15 |   345 |    +2.3% |   -0.678 |      -11.4 |       -4.0 |     67 | flags_o[1]
    2462* |      18 |     807 |      195 |     15 |   345 |    +2.3% |   -0.678 |      -11.4 |       -4.0 |     67 | flags_o[1]
    2465* |      18 |     809 |      195 |     15 |   345 |    +2.3% |   -0.678 |      -11.4 |       -4.0 |     67 | flags_o[1]
    2466* |      18 |     809 |      195 |     15 |   345 |    +2.3% |   -0.678 |      -11.4 |       -4.0 |     67 | flags_o[1]
    2467* |      18 |     809 |      195 |     15 |   345 |    +2.3% |   -0.678 |      -11.4 |       -4.0 |     67 | flags_o[1]
    2469* |      18 |     810 |      195 |     15 |   345 |    +2.3% |   -0.678 |      -11.4 |       -4.0 |     67 | flags_o[1]
    2470* |      18 |     810 |      195 |     15 |   345 |    +2.3% |   -0.678 |      -11.4 |       -4.0 |     67 | flags_o[1]
    2473* |      18 |     810 |      195 |     15 |   345 |    +2.3% |   -0.678 |      -11.4 |       -4.0 |     67 | flags_o[1]
    2474* |      18 |     810 |      195 |     15 |   345 |    +2.3% |   -0.678 |      -11.4 |       -4.0 |     67 | flags_o[1]
    2475* |      18 |     810 |      195 |     15 |   345 |    +2.3% |   -0.678 |      -11.4 |       -4.0 |     67 | flags_o[1]
    2476* |      18 |     810 |      195 |     15 |   345 |    +2.3% |   -0.678 |      -11.4 |       -4.0 |     67 | flags_o[1]
    2477* |      18 |     810 |      195 |     15 |   345 |    +2.3% |   -0.678 |      -11.4 |       -4.0 |     67 | flags_o[1]
    2478* |      18 |     810 |      195 |     15 |   345 |    +2.3% |   -0.678 |      -11.4 |       -4.0 |     67 | flags_o[1]
    2480* |      18 |     811 |      195 |     15 |   345 |    +2.3% |   -0.678 |      -11.4 |       -3.9 |     67 | flags_o[1]
    2490* |      18 |     818 |      195 |     15 |   348 |    +2.3% |   -0.709 |      -11.8 |       -4.1 |     67 | flags_o[1]
    2500* |      18 |     823 |      197 |     15 |   351 |    +2.4% |   -0.644 |      -11.2 |       -3.7 |     67 | flags_o[1]
    2510* |      18 |     828 |      197 |     15 |   356 |    +2.4% |   -0.634 |      -11.0 |       -3.7 |     67 | flags_o[1]
    2517* |      18 |     833 |      198 |     15 |   357 |    +2.4% |   -0.584 |      -10.8 |       -3.4 |     67 | flags_o[1]
    2518* |      18 |     833 |      198 |     15 |   357 |    +2.4% |   -0.584 |      -10.8 |       -3.4 |     67 | flags_o[1]
    2519* |      18 |     833 |      198 |     15 |   357 |    +2.4% |   -0.584 |      -10.8 |       -3.4 |     67 | flags_o[1]
    2520* |      18 |     833 |      198 |     15 |   357 |    +2.4% |   -0.584 |      -10.8 |       -3.4 |     67 | flags_o[1]
    2520* |      18 |     833 |      198 |     15 |   357 |    +2.4% |   -0.584 |      -10.8 |       -3.4 |     67 | flags_o[1]
    2521* |      18 |     833 |      198 |     15 |   357 |    +2.4% |   -0.584 |      -10.8 |       -3.4 |     67 | flags_o[1]
    2522* |      18 |     833 |      198 |     15 |   357 |    +2.4% |   -0.584 |      -10.8 |       -3.4 |     67 | flags_o[1]
    2523* |      18 |     833 |      198 |     15 |   357 |    +2.4% |   -0.584 |      -10.8 |       -3.4 |     67 | flags_o[1]
    2524* |      18 |     833 |      198 |     15 |   357 |    +2.4% |   -0.584 |      -10.8 |       -3.4 |     67 | flags_o[1]
    2525* |      18 |     833 |      198 |     15 |   357 |    +2.4% |   -0.584 |      -10.8 |       -3.4 |     67 | flags_o[1]
    2526* |      18 |     833 |      198 |     15 |   357 |    +2.4% |   -0.584 |      -10.8 |       -3.4 |     67 | flags_o[1]
    2527* |      18 |     833 |      198 |     15 |   357 |    +2.4% |   -0.584 |      -10.8 |       -3.4 |     67 | flags_o[1]
    2528* |      18 |     833 |      198 |     15 |   357 |    +2.4% |   -0.584 |      -10.8 |       -3.4 |     67 | flags_o[1]
    2529* |      18 |     833 |      198 |     15 |   357 |    +2.4% |   -0.584 |      -10.8 |       -3.4 |     67 | flags_o[1]
    2530* |      18 |     833 |      198 |     15 |   357 |    +2.4% |   -0.584 |      -10.8 |       -3.4 |     67 | flags_o[1]
    2530* |      18 |     833 |      198 |     15 |   357 |    +2.4% |   -0.584 |      -10.8 |       -3.4 |     67 | flags_o[1]
    2531* |      18 |     833 |      198 |     15 |   357 |    +2.4% |   -0.584 |      -10.8 |       -3.4 |     67 | flags_o[1]
    2532* |      18 |     833 |      198 |     15 |   357 |    +2.4% |   -0.584 |      -10.8 |       -3.4 |     67 | flags_o[1]
    2533* |      18 |     833 |      198 |     15 |   357 |    +2.4% |   -0.584 |      -10.8 |       -3.4 |     67 | flags_o[1]
    2534* |      18 |     833 |      198 |     15 |   357 |    +2.4% |   -0.584 |      -10.8 |       -3.4 |     67 | flags_o[1]
    2535* |      18 |     833 |      198 |     15 |   357 |    +2.4% |   -0.584 |      -10.8 |       -3.4 |     67 | flags_o[1]
    2536* |      18 |     833 |      198 |     15 |   357 |    +2.4% |   -0.584 |      -10.8 |       -3.4 |     67 | flags_o[1]
    2537* |      18 |     833 |      198 |     15 |   357 |    +2.4% |   -0.584 |      -10.8 |       -3.4 |     67 | flags_o[1]
    2537* |      18 |     833 |      198 |     15 |   357 |    +2.4% |   -0.584 |      -10.8 |       -3.4 |     67 | flags_o[1]
    2540+ |      18 |     835 |      198 |     15 |   357 |    +2.4% |   -0.579 |      -10.8 |       -3.4 |     19 | flags_o[1]
    2545+ |      18 |     839 |      198 |     15 |   358 |    +2.4% |   -0.572 |      -10.7 |       -3.3 |     19 | flags_o[1]
    2546+ |      18 |     839 |      198 |     15 |   358 |    +2.4% |   -0.572 |      -10.7 |       -3.3 |     19 | flags_o[1]
    2550+ |      18 |     842 |      198 |     15 |   358 |    +2.4% |   -0.572 |      -10.7 |       -3.3 |     19 | flags_o[1]
    2553+ |      18 |     843 |      198 |     15 |   360 |    +2.4% |   -0.572 |      -10.7 |       -3.2 |     19 | flags_o[1]
    2555+ |      18 |     844 |      198 |     15 |   360 |    +2.4% |   -0.572 |      -10.7 |       -3.2 |     19 | flags_o[1]
    2556+ |      18 |     844 |      198 |     15 |   360 |    +2.4% |   -0.572 |      -10.7 |       -3.2 |     19 | flags_o[1]
    2560+ |      18 |     846 |      198 |     15 |   361 |    +2.4% |   -0.571 |      -10.7 |       -3.2 |     19 | flags_o[1]
    2561+ |      18 |     847 |      198 |     15 |   361 |    +2.4% |   -0.570 |      -10.7 |       -3.2 |     19 | flags_o[1]
    2564+ |      18 |     849 |      198 |     15 |   361 |    +2.4% |   -0.569 |      -10.7 |       -3.0 |     19 | flags_o[1]
    2565+ |      18 |     849 |      198 |     15 |   361 |    +2.4% |   -0.569 |      -10.7 |       -3.0 |     19 | flags_o[1]
    2569+ |      18 |     852 |      198 |     15 |   361 |    +2.4% |   -0.569 |      -10.7 |       -2.9 |     19 | flags_o[1]
    2570+ |      18 |     852 |      198 |     15 |   361 |    +2.4% |   -0.569 |      -10.7 |       -2.9 |     19 | flags_o[1]
    2570+ |      18 |     852 |      198 |     15 |   361 |    +2.4% |   -0.569 |      -10.7 |       -2.9 |     19 | flags_o[1]
    2572+ |      18 |     852 |      198 |     15 |   362 |    +2.4% |   -0.569 |      -10.7 |       -2.9 |     19 | flags_o[1]
    2574+ |      18 |     853 |      198 |     15 |   362 |    +2.4% |   -0.569 |      -10.7 |       -2.9 |     19 | flags_o[1]
    2576+ |      18 |     854 |      198 |     15 |   362 |    +2.4% |   -0.569 |      -10.7 |       -2.9 |     19 | flags_o[1]
    2577+ |      18 |     854 |      198 |     15 |   362 |    +2.4% |   -0.569 |      -10.7 |       -2.9 |     19 | flags_o[1]
    2579+ |      18 |     855 |      198 |     15 |   362 |    +2.4% |   -0.569 |      -10.7 |       -2.9 |     19 | flags_o[1]
    2580+ |      18 |     855 |      198 |     15 |   362 |    +2.4% |   -0.569 |      -10.7 |       -2.9 |     19 | flags_o[1]
    2580+ |      18 |     855 |      198 |     15 |   362 |    +2.4% |   -0.569 |      -10.7 |       -2.9 |     19 | flags_o[1]
    2581+ |      18 |     855 |      198 |     15 |   363 |    +2.4% |   -0.569 |      -10.7 |       -2.9 |     19 | flags_o[1]
    2582+ |      18 |     855 |      198 |     15 |   363 |    +2.4% |   -0.569 |      -10.7 |       -2.9 |     19 | flags_o[1]
    2583+ |      18 |     855 |      198 |     15 |   363 |    +2.4% |   -0.569 |      -10.7 |       -2.9 |     19 | flags_o[1]
    final |      18 |     855 |      198 |     15 |   363 |    +2.4% |   -0.569 |      -10.7 |       -2.9 |     17 | flags_o[1]
------------------------------------------------------------------------------------------------------------------------------
[INFO RSZ-0059] Removed 18 buffers.
[INFO RSZ-0040] Inserted 198 buffers.
[INFO RSZ-0051] Resized 855 instances: 855 up, 0 up match, 0 down, 0 VT
[INFO RSZ-0043] Swapped pins on 363 instances.
[INFO RSZ-0049] Cloned 15 instances.
[WARNING RSZ-0062] Unable to repair all setup violations.
[INFO RSZ-0505] Runtime: 367.64s
[INFO RSZ-0033] No hold violations found.
[INFO RSZ-0506] Runtime: 0.13s
Took 367 seconds: repair_timing -setup_margin 0 -hold_margin 0 -repair_tns 100 -verbose
global_route -start_incremental
detailed_placement
[INFO DPL-0006] Core area: 1495481.79 um^2
[INFO DPL-0007] Movable instances area: 209110.55 um^2
[INFO DPL-0008] Fixed instances area within core: 24828.81 um^2
[INFO DPL-0009] Utilization: 15.6%
[INFO DPL-0005] Diamond search max displacement: +/- 500 sites horizontally, +/- 100 rows vertically.
[INFO DPL-1102] Legalizing using negotiation legalizer.
[INFO DPL-1103] Negotiation base search window: +/-20 sites horizontally, +/-5 rows vertically 
	Automatic search window extension enabled.
	Search window extendable up to the max displacement cap of +/-500 sites, +/-100 rows near walls.
[INFO DPL-1104] NegotiationLegalizer DRC penalty: 5.
[INFO DPL-0392] Negotiation cell height distribution (1 unique row-count(s)):
[INFO DPL-0393]   height 1 row(s): 46215 cells
          |      Total |  Illegal |  Illegal
Iteration | Violations |    Cells |    Sites
---------------------------------------------
        0 |         38 |        10 |        28
        1 |          0 |         0 |         0
Negotiation phase 1 converged at iteration 1.
[INFO DPL-0500] Runtime: 0.26s
Placement Analysis
---------------------------------
total displacement       2567.7 u
average displacement        0.1 u
max displacement           18.2 u
original HPWL          821431.8 u
legalized HPWL         824289.3 u
delta HPWL                    0 %

check_placement -verbose
global_route -end_incremental -congestion_report_file ./reports/sky130hd/d_dsp03_multifmt_fma/base/congestion_post_repair_timing.rpt
estimate_parasitics -global_routing
global_route -start_incremental
global_route -end_incremental -congestion_report_file ./reports/sky130hd/d_dsp03_multifmt_fma/base/congestion_post_recover_power.rpt
Repair antennas...
[INFO GRT-0012] Found 73 antenna violations.
[INFO GRT-0302] Inserted 65 jumpers for 56 nets.
[INFO GRT-0012] Found 17 antenna violations.
[INFO DPL-0006] Core area: 1495481.79 um^2
[INFO DPL-0007] Movable instances area: 208940.39 um^2
[INFO DPL-0008] Fixed instances area within core: 25046.52 um^2
[INFO DPL-0009] Utilization: 15.6%
[INFO DPL-0005] Diamond search max displacement: +/- 500 sites horizontally, +/- 100 rows vertically.
[INFO DPL-1102] Legalizing using negotiation legalizer.
[INFO DPL-1103] Negotiation base search window: +/-20 sites horizontally, +/-5 rows vertically 
	Automatic search window extension enabled.
	Search window extendable up to the max displacement cap of +/-500 sites, +/-100 rows near walls.
[INFO DPL-1104] NegotiationLegalizer DRC penalty: 5.
[INFO DPL-0392] Negotiation cell height distribution (1 unique row-count(s)):
[INFO DPL-0393]   height 1 row(s): 46234 cells
          |      Total |  Illegal |  Illegal
Iteration | Violations |    Cells |    Sites
---------------------------------------------
        0 |          0 |         0 |         0
Negotiation phase 1 converged at iteration 0.
[INFO DPL-0500] Runtime: 0.19s
[INFO GRT-0015] Inserted 19 diodes.
[INFO GRT-0012] Found 2 antenna violations.
[INFO GRT-0302] Inserted 2 jumpers for 2 nets.
[INFO GRT-0012] Found 0 antenna violations.
[INFO ANT-0002] Found 0 net violations.
[INFO ANT-0001] Found 0 pin violations.
Estimate parasitics...
estimate_parasitics -global_routing
Report metrics stage 5, global route...
No registers in design

==========================================================================
global route report_design_area
--------------------------------------------------------------------------
Design area 233987 um^2 16% utilization.
[INFO FLW-0007] clock core_clock period 47.250000
[INFO FLW-0008] Clock core_clock period 45.623
[INFO FLW-0009] Clock core_clock slack -0.775
write_sdc -no_timestamp ./results/sky130hd/d_dsp03_multifmt_fma/base/updated_clks.sdc
[INFO FLW-0011] Path endpoint path count 944
write_db ./results/sky130hd/d_dsp03_multifmt_fma/base/5_1_grt.odb
write_sdc -no_timestamp ./results/sky130hd/d_dsp03_multifmt_fma/base/5_1_grt.sdc
Elapsed time: 7:05.86[h:]min:sec. CPU time: user 2327.30 sys 332.75 (624%). Peak memory: 935144KB.
Log                       Ext     Elapsed/s Peak Memory/MB sha1sum result [0:20)
5_1_grt                   .odb          425            913 b296d7a09952dbb65a33
5_1_grt                   .sdc                             4e50d558e49a556cc365
/OpenROAD-flow-scripts/flow/scripts/flow.sh 5_2_route detail_route
Running detail_route.tcl, stage 5_2_route
read_liberty /OpenROAD-flow-scripts/flow/platforms/sky130hd/lib/sky130_fd_sc_hd__tt_025C_1v80.lib
read_db ./results/sky130hd/d_dsp03_multifmt_fma/base/5_1_grt.odb
read_sdc ./results/sky130hd/d_dsp03_multifmt_fma/base/5_1_grt.sdc
source /OpenROAD-flow-scripts/flow/platforms/sky130hd/setRC.tcl
detailed_route -output_drc ./reports/sky130hd/d_dsp03_multifmt_fma/base/5_route_drc.rpt -output_maze ./results/sky130hd/d_dsp03_multifmt_fma/base/maze.log -droute_end_iter 64 -verbose 1 -drc_report_iter_step 5
[INFO DRT-0149] Reading tech and libs.
[WARNING DRT-0349] LEF58_ENCLOSURE with no CUTCLASS is not supported. Skipping for layer mcon
[WARNING DRT-0349] LEF58_ENCLOSURE with no CUTCLASS is not supported. Skipping for layer mcon
[WARNING DRT-0349] LEF58_ENCLOSURE with no CUTCLASS is not supported. Skipping for layer via
[WARNING DRT-0349] LEF58_ENCLOSURE with no CUTCLASS is not supported. Skipping for layer via
[WARNING DRT-0349] LEF58_ENCLOSURE with no CUTCLASS is not supported. Skipping for layer via2
[WARNING DRT-0349] LEF58_ENCLOSURE with no CUTCLASS is not supported. Skipping for layer via2
[WARNING DRT-0349] LEF58_ENCLOSURE with no CUTCLASS is not supported. Skipping for layer via3
[WARNING DRT-0349] LEF58_ENCLOSURE with no CUTCLASS is not supported. Skipping for layer via3
[WARNING DRT-0349] LEF58_ENCLOSURE with no CUTCLASS is not supported. Skipping for layer via4
[WARNING DRT-0349] LEF58_ENCLOSURE with no CUTCLASS is not supported. Skipping for layer via4

Units:                1000
Number of layers:     13
Number of macros:     441
Number of vias:       29
Number of viarulegen: 25

[INFO DRT-0150] Reading design.
[WARNING DRT-0120] Large net _01501_ has 253 pins which may impact routing performance. Consider optimization.
[WARNING DRT-0120] Large net _01984_ has 168 pins which may impact routing performance. Consider optimization.
[WARNING DRT-0120] Large net _12912_ has 145 pins which may impact routing performance. Consider optimization.
[WARNING DRT-0120] Large net _15814_ has 125 pins which may impact routing performance. Consider optimization.

Design:                   fp_multifmt_fma
Die area:                 ( 0 0 ) ( 1227275 1227275 )
Number of track patterns: 12
Number of DEF vias:       0
Number of components:     46234
Number of terminals:      275
Number of snets:          2
Number of nets:           28729

[INFO DRT-0167] List of default vias:
  Layer via
    default via: M1M2_PR
  Layer via2
    default via: M2M3_PR
  Layer via3
    default via: M3M4_PR
  Layer via4
    default via: M4M5_PR
[INFO DRT-0162] Library cell analysis.
[INFO DRT-0163] Instance analysis.
[INFO DRT-0164] Number of unique instances = 383.
[INFO DRT-0168] Init region query.
[INFO DRT-0024]   Complete FR_MASTERSLICE.
[INFO DRT-0024]   Complete Fr_VIA.
[INFO DRT-0024]   Complete li1.
[INFO DRT-0024]   Complete mcon.
[INFO DRT-0024]   Complete met1.
[INFO DRT-0024]   Complete via.
[INFO DRT-0024]   Complete met2.
[INFO DRT-0024]   Complete via2.
[INFO DRT-0024]   Complete met3.
[INFO DRT-0024]   Complete via3.
[INFO DRT-0024]   Complete met4.
[INFO DRT-0024]   Complete via4.
[INFO DRT-0024]   Complete met5.
[INFO DRT-0033] FR_MASTERSLICE shape region query size = 0.
[INFO DRT-0033] FR_VIA shape region query size = 0.
[INFO DRT-0033] li1 shape region query size = 767017.
[INFO DRT-0033] mcon shape region query size = 387810.
[INFO DRT-0033] met1 shape region query size = 141291.
[INFO DRT-0033] via shape region query size = 101250.
[INFO DRT-0033] met2 shape region query size = 60914.
[INFO DRT-0033] via2 shape region query size = 81000.
[INFO DRT-0033] met3 shape region query size = 60859.
[INFO DRT-0033] via3 shape region query size = 81000.
[INFO DRT-0033] met4 shape region query size = 24345.
[INFO DRT-0033] via4 shape region query size = 4005.
[INFO DRT-0033] met5 shape region query size = 4183.
[INFO DRT-0165] Start pin access.
[INFO DRT-0076]   Complete 1000 pins.
[INFO DRT-0076]   Complete 2000 pins.
[INFO DRT-0076]   Complete 3000 pins.
[INFO DRT-0078]   Complete 3226 pins.
[INFO DRT-0079]   Complete 100 unique inst patterns.
[INFO DRT-0079]   Complete 200 unique inst patterns.
[INFO DRT-0079]   Complete 300 unique inst patterns.
[INFO DRT-0081]   Complete 383 unique inst patterns.
[INFO DRT-0082]   Complete 10000 groups.
[INFO DRT-0084]   Complete 18584 groups.
#scanned instances     = 46234
#unique  instances     = 383
#stdCellGenAp          = 14449
#stdCellValidPlanarAp  = 138
#stdCellValidViaAp     = 9690
#stdCellPinNoAp        = 16
#stdCellPinCnt         = 89691
#instTermValidViaApCnt = 0
#macroGenAp            = 0
#macroValidPlanarAp    = 0
#macroValidViaAp       = 0
#macroNoAp             = 0
[INFO DRT-0166] Complete pin access.
[INFO DRT-0267] cpu time = 00:07:40, elapsed time = 00:00:33, memory = 556.47 (MB), peak = 557.59 (MB)
[INFO DRT-0156] guideIn read 100000 guides.
[INFO DRT-0156] guideIn read 200000 guides.

[INFO DRT-0157] Number of guides:     202752

[INFO DRT-0169] Post process guides.
[INFO DRT-0176] GCELLGRID X 0 DO 177 STEP 6900 ;
[INFO DRT-0177] GCELLGRID Y 0 DO 177 STEP 6900 ;
[INFO DRT-0026]   Complete 100000 origin guides.
[INFO DRT-0026]   Complete 200000 origin guides.
[INFO DRT-0028]   Complete FR_MASTERSLICE.
[INFO DRT-0028]   Complete Fr_VIA.
[INFO DRT-0028]   Complete li1.
[INFO DRT-0028]   Complete mcon.
[INFO DRT-0028]   Complete met1.
[INFO DRT-0028]   Complete via.
[INFO DRT-0028]   Complete met2.
[INFO DRT-0028]   Complete via2.
[INFO DRT-0028]   Complete met3.
[INFO DRT-0028]   Complete via3.
[INFO DRT-0028]   Complete met4.
[INFO DRT-0028]   Complete via4.
[INFO DRT-0028]   Complete met5.
[INFO DRT-0178] Init guide query.
[INFO DRT-0035]   Complete FR_MASTERSLICE (guide).
[INFO DRT-0035]   Complete Fr_VIA (guide).
[INFO DRT-0035]   Complete li1 (guide).
[INFO DRT-0035]   Complete mcon (guide).
[INFO DRT-0035]   Complete met1 (guide).
[INFO DRT-0035]   Complete via (guide).
[INFO DRT-0035]   Complete met2 (guide).
[INFO DRT-0035]   Complete via2 (guide).
[INFO DRT-0035]   Complete met3 (guide).
[INFO DRT-0035]   Complete via3 (guide).
[INFO DRT-0035]   Complete met4 (guide).
[INFO DRT-0035]   Complete via4 (guide).
[INFO DRT-0035]   Complete met5 (guide).
[INFO DRT-0036] FR_MASTERSLICE guide region query size = 0.
[INFO DRT-0036] FR_VIA guide region query size = 0.
[INFO DRT-0036] li1 guide region query size = 71743.
[INFO DRT-0036] mcon guide region query size = 0.
[INFO DRT-0036] met1 guide region query size = 61977.
[INFO DRT-0036] via guide region query size = 0.
[INFO DRT-0036] met2 guide region query size = 30243.
[INFO DRT-0036] via2 guide region query size = 0.
[INFO DRT-0036] met3 guide region query size = 2056.
[INFO DRT-0036] via3 guide region query size = 0.
[INFO DRT-0036] met4 guide region query size = 738.
[INFO DRT-0036] via4 guide region query size = 0.
[INFO DRT-0036] met5 guide region query size = 23.
[INFO DRT-0179] Init gr pin query.
[INFO DRT-0267] cpu time = 00:00:01, elapsed time = 00:00:00, memory = 617.79 (MB), peak = 616.61 (MB)
[INFO DRT-0245] skipped writing guide updates to database.
[INFO DRT-0181] Start track assignment.
[INFO DRT-0184] Done with 102724 vertical wires in 4 frboxes and 64056 horizontal wires in 4 frboxes.
[INFO DRT-0186] Done with 13072 vertical wires in 4 frboxes and 19530 horizontal wires in 4 frboxes.
[INFO DRT-0182] Complete track assignment.
[INFO DRT-0267] cpu time = 00:00:08, elapsed time = 00:00:03, memory = 1208.47 (MB), peak = 1257.36 (MB)
[INFO DRT-0187] Start routing data preparation.
[INFO DRT-0267] cpu time = 00:00:00, elapsed time = 00:00:00, memory = 1208.47 (MB), peak = 1257.36 (MB)
[INFO DRT-0194] Start detail routing.
[INFO DRT-0195] Start 0th optimization iteration.
    Completing 10% with 0 violations.
    elapsed time = 00:00:01, memory = 1655.18 (MB).
    Completing 20% with 0 violations.
    elapsed time = 00:00:09, memory = 2016.75 (MB).
    Completing 30% with 3689 violations.
    elapsed time = 00:00:12, memory = 1905.30 (MB).
    Completing 40% with 3689 violations.
    elapsed time = 00:00:19, memory = 2255.08 (MB).
    Completing 50% with 3689 violations.
    elapsed time = 00:00:25, memory = 2180.98 (MB).
    Completing 60% with 6730 violations.
    elapsed time = 00:00:28, memory = 2316.57 (MB).
    Completing 70% with 6730 violations.
    elapsed time = 00:00:35, memory = 2469.69 (MB).
    Completing 80% with 10668 violations.
    elapsed time = 00:00:41, memory = 2281.04 (MB).
    Completing 90% with 10668 violations.
    elapsed time = 00:00:48, memory = 2596.74 (MB).
    Completing 100% with 14407 violations.
    elapsed time = 00:00:57, memory = 2309.85 (MB).
[INFO DRT-0199]   Number of violations = 16315.
Viol/Layer         li1   mcon   met1    via   met2   met3   met4   met5
Cut Spacing          0     16      0      1      0      0      0      0
Metal Spacing        0      0   2393      0    625     25      8      0
Min Hole             0      0     17      0      0      0      0      0
Recheck             22      0   1291      0    551     27     14      3
Short                0      7  10044      0   1222     13     33      3
[INFO DRT-0267] cpu time = 00:11:52, elapsed time = 00:00:58, memory = 2506.15 (MB), peak = 2671.73 (MB)
Total wire length = 949618 um.
Total wire length on LAYER li1 = 0 um.
Total wire length on LAYER met1 = 434795 um.
Total wire length on LAYER met2 = 408278 um.
Total wire length on LAYER met3 = 63726 um.
Total wire length on LAYER met4 = 42455 um.
Total wire length on LAYER met5 = 362 um.
Total number of vias = 186948.
Up-via summary (total 186948):

-------------------------
 FR_MASTERSLICE         0
            li1     87738
           met1     94198
           met2      3611
           met3      1363
           met4        38
-------------------------
               186948


[INFO DRT-0195] Start 1st optimization iteration.
    Completing 10% with 16315 violations.
    elapsed time = 00:00:01, memory = 2701.27 (MB).
    Completing 20% with 16315 violations.
    elapsed time = 00:00:08, memory = 2699.22 (MB).
    Completing 30% with 15219 violations.
    elapsed time = 00:00:13, memory = 2607.64 (MB).
    Completing 40% with 15219 violations.
    elapsed time = 00:00:19, memory = 2753.28 (MB).
    Completing 50% with 15219 violations.
    elapsed time = 00:00:27, memory = 2598.52 (MB).
    Completing 60% with 13786 violations.
    elapsed time = 00:00:29, memory = 2763.72 (MB).
    Completing 70% with 13786 violations.
    elapsed time = 00:00:37, memory = 2928.98 (MB).
    Completing 80% with 12045 violations.
    elapsed time = 00:00:40, memory = 2604.18 (MB).
    Completing 90% with 12045 violations.
    elapsed time = 00:00:46, memory = 2930.00 (MB).
    Completing 100% with 10251 violations.
    elapsed time = 00:00:55, memory = 2618.84 (MB).
[INFO DRT-0199]   Number of violations = 10251.
Viol/Layer        mcon   met1   met2   met3   met4
Cut Spacing         27      0      0      0      0
Metal Spacing        0   1502    302      4      0
Short                0   7945    464      5      2
[INFO DRT-0267] cpu time = 00:11:38, elapsed time = 00:00:56, memory = 2624.84 (MB), peak = 2959.87 (MB)
Total wire length = 941723 um.
Total wire length on LAYER li1 = 0 um.
Total wire length on LAYER met1 = 430284 um.
Total wire length on LAYER met2 = 405102 um.
Total wire length on LAYER met3 = 63838 um.
Total wire length on LAYER met4 = 42163 um.
Total wire length on LAYER met5 = 334 um.
Total number of vias = 184805.
Up-via summary (total 184805):

-------------------------
 FR_MASTERSLICE         0
            li1     87692
           met1     92247
           met2      3525
           met3      1307
           met4        34
-------------------------
               184805


[INFO DRT-0195] Start 2nd optimization iteration.
    Completing 10% with 10251 violations.
    elapsed time = 00:00:01, memory = 2902.75 (MB).
    Completing 20% with 10251 violations.
    elapsed time = 00:00:08, memory = 2808.01 (MB).
    Completing 30% with 10138 violations.
    elapsed time = 00:00:12, memory = 2649.83 (MB).
    Completing 40% with 10138 violations.
    elapsed time = 00:00:17, memory = 2900.35 (MB).
    Completing 50% with 10138 violations.
    elapsed time = 00:00:25, memory = 2650.98 (MB).
    Completing 60% with 10059 violations.
    elapsed time = 00:00:28, memory = 2781.07 (MB).
    Completing 70% with 10059 violations.
    elapsed time = 00:00:34, memory = 2897.59 (MB).
    Completing 80% with 9783 violations.
    elapsed time = 00:00:38, memory = 2735.75 (MB).
    Completing 90% with 9783 violations.
    elapsed time = 00:00:44, memory = 2991.15 (MB).
    Completing 100% with 9390 violations.
    elapsed time = 00:00:53, memory = 2785.07 (MB).
[INFO DRT-0199]   Number of violations = 9390.
Viol/Layer        mcon   met1    via   met2   met3   met4
Cut Spacing         22      0      0      0      0      0
Metal Spacing        0   1361      0    251      3      0
Short                0   7380      1    363      2      7
[INFO DRT-0267] cpu time = 00:11:07, elapsed time = 00:00:54, memory = 2785.07 (MB), peak = 3031.57 (MB)
Total wire length = 939636 um.
Total wire length on LAYER li1 = 0 um.
Total wire length on LAYER met1 = 429181 um.
Total wire length on LAYER met2 = 404377 um.
Total wire length on LAYER met3 = 63583 um.
Total wire length on LAYER met4 = 42192 um.
Total wire length on LAYER met5 = 301 um.
Total number of vias = 184121.
Up-via summary (total 184121):

-------------------------
 FR_MASTERSLICE         0
            li1     87684
           met1     91649
           met2      3434
           met3      1322
           met4        32
-------------------------
               184121


[INFO DRT-0195] Start 3rd optimization iteration.
    Completing 10% with 9390 violations.
    elapsed time = 00:00:00, memory = 2880.21 (MB).
    Completing 20% with 9390 violations.
    elapsed time = 00:00:08, memory = 2933.18 (MB).
    Completing 30% with 7132 violations.
    elapsed time = 00:00:15, memory = 2849.30 (MB).
    Completing 40% with 7132 violations.
    elapsed time = 00:00:20, memory = 3031.28 (MB).
    Completing 50% with 7132 violations.
    elapsed time = 00:00:28, memory = 2866.53 (MB).
    Completing 60% with 5309 violations.
    elapsed time = 00:00:30, memory = 2985.78 (MB).
    Completing 70% with 5309 violations.
    elapsed time = 00:00:37, memory = 2984.46 (MB).
    Completing 80% with 3058 violations.
    elapsed time = 00:00:40, memory = 2867.76 (MB).
    Completing 90% with 3058 violations.
    elapsed time = 00:00:45, memory = 3054.08 (MB).
    Completing 100% with 1031 violations.
    elapsed time = 00:00:54, memory = 2870.13 (MB).
[INFO DRT-0199]   Number of violations = 1031.
Viol/Layer        mcon   met1    via   met2
Cut Spacing          1      0      3      0
Metal Spacing        0    322      0     65
Min Hole             0      3      0      0
Short                0    540      0     97
[INFO DRT-0267] cpu time = 00:10:28, elapsed time = 00:00:55, memory = 2870.13 (MB), peak = 3124.49 (MB)
Total wire length = 938808 um.
Total wire length on LAYER li1 = 0 um.
Total wire length on LAYER met1 = 406345 um.
Total wire length on LAYER met2 = 404730 um.
Total wire length on LAYER met3 = 84278 um.
Total wire length on LAYER met4 = 43114 um.
Total wire length on LAYER met5 = 339 um.
Total number of vias = 189039.
Up-via summary (total 189039):

-------------------------
 FR_MASTERSLICE         0
            li1     87679
           met1     93096
           met2      6803
           met3      1429
           met4        32
-------------------------
               189039


[INFO DRT-0195] Start 4th optimization iteration.
    Completing 10% with 1031 violations.
    elapsed time = 00:00:00, memory = 2870.13 (MB).
    Completing 20% with 1031 violations.
    elapsed time = 00:00:00, memory = 2987.20 (MB).
    Completing 30% with 730 violations.
    elapsed time = 00:00:05, memory = 2870.14 (MB).
    Completing 40% with 730 violations.
    elapsed time = 00:00:05, memory = 3048.91 (MB).
    Completing 50% with 730 violations.
    elapsed time = 00:00:08, memory = 2870.14 (MB).
    Completing 60% with 566 violations.
    elapsed time = 00:00:08, memory = 2870.14 (MB).
    Completing 70% with 566 violations.
    elapsed time = 00:00:09, memory = 2946.32 (MB).
    Completing 80% with 318 violations.
    elapsed time = 00:00:11, memory = 2870.14 (MB).
    Completing 90% with 318 violations.
    elapsed time = 00:00:11, memory = 3007.88 (MB).
    Completing 100% with 103 violations.
    elapsed time = 00:00:16, memory = 2870.14 (MB).
[INFO DRT-0199]   Number of violations = 103.
Viol/Layer        met1    via   met2
Cut Spacing          0      1      0
Metal Spacing       30      0      3
Short               58      0     11
[INFO DRT-0267] cpu time = 00:01:34, elapsed time = 00:00:16, memory = 2870.14 (MB), peak = 3127.83 (MB)
Total wire length = 938686 um.
Total wire length on LAYER li1 = 0 um.
Total wire length on LAYER met1 = 405151 um.
Total wire length on LAYER met2 = 404434 um.
Total wire length on LAYER met3 = 85466 um.
Total wire length on LAYER met4 = 43293 um.
Total wire length on LAYER met5 = 339 um.
Total number of vias = 189207.
Up-via summary (total 189207):

-------------------------
 FR_MASTERSLICE         0
            li1     87678
           met1     93109
           met2      6942
           met3      1446
           met4        32
-------------------------
               189207


[INFO DRT-0195] Start 5th optimization iteration.
    Completing 10% with 103 violations.
    elapsed time = 00:00:00, memory = 2870.14 (MB).
    Completing 20% with 103 violations.
    elapsed time = 00:00:00, memory = 2870.14 (MB).
    Completing 30% with 94 violations.
    elapsed time = 00:00:01, memory = 2870.14 (MB).
    Completing 40% with 94 violations.
    elapsed time = 00:00:01, memory = 2870.14 (MB).
    Completing 50% with 94 violations.
    elapsed time = 00:00:02, memory = 2870.14 (MB).
    Completing 60% with 72 violations.
    elapsed time = 00:00:02, memory = 2870.14 (MB).
    Completing 70% with 72 violations.
    elapsed time = 00:00:02, memory = 2870.14 (MB).
    Completing 80% with 49 violations.
    elapsed time = 00:00:02, memory = 2870.14 (MB).
    Completing 90% with 49 violations.
    elapsed time = 00:00:02, memory = 2870.14 (MB).
    Completing 100% with 27 violations.
    elapsed time = 00:00:05, memory = 2870.14 (MB).
[INFO DRT-0199]   Number of violations = 27.
Viol/Layer        met1
Metal Spacing       12
Short               15
[INFO DRT-0267] cpu time = 00:00:14, elapsed time = 00:00:05, memory = 2870.26 (MB), peak = 3127.83 (MB)
Total wire length = 938687 um.
Total wire length on LAYER li1 = 0 um.
Total wire length on LAYER met1 = 405061 um.
Total wire length on LAYER met2 = 404424 um.
Total wire length on LAYER met3 = 85538 um.
Total wire length on LAYER met4 = 43323 um.
Total wire length on LAYER met5 = 339 um.
Total number of vias = 189233.
Up-via summary (total 189233):

-------------------------
 FR_MASTERSLICE         0
            li1     87679
           met1     93126
           met2      6950
           met3      1446
           met4        32
-------------------------
               189233


[INFO DRT-0195] Start 6th guides tiles iteration.
    Completing 10% with 27 violations.
    elapsed time = 00:00:00, memory = 2870.26 (MB).
    Completing 30% with 27 violations.
    elapsed time = 00:00:00, memory = 2870.26 (MB).
    Completing 50% with 27 violations.
    elapsed time = 00:00:00, memory = 2870.26 (MB).
    Completing 60% with 27 violations.
    elapsed time = 00:00:00, memory = 2870.26 (MB).
    Completing 80% with 0 violations.
    elapsed time = 00:00:00, memory = 2870.26 (MB).
    Completing 100% with 0 violations.
    elapsed time = 00:00:00, memory = 2870.26 (MB).
[INFO DRT-0199]   Number of violations = 0.
[INFO DRT-0267] cpu time = 00:00:00, elapsed time = 00:00:00, memory = 2870.26 (MB), peak = 3127.83 (MB)
Total wire length = 938683 um.
Total wire length on LAYER li1 = 0 um.
Total wire length on LAYER met1 = 405059 um.
Total wire length on LAYER met2 = 404424 um.
Total wire length on LAYER met3 = 85536 um.
Total wire length on LAYER met4 = 43323 um.
Total wire length on LAYER met5 = 339 um.
Total number of vias = 189229.
Up-via summary (total 189229):

-------------------------
 FR_MASTERSLICE         0
            li1     87679
           met1     93124
           met2      6948
           met3      1446
           met4        32
-------------------------
               189229


[INFO DRT-0198] Complete detail routing.
Total wire length = 938683 um.
Total wire length on LAYER li1 = 0 um.
Total wire length on LAYER met1 = 405059 um.
Total wire length on LAYER met2 = 404424 um.
Total wire length on LAYER met3 = 85536 um.
Total wire length on LAYER met4 = 43323 um.
Total wire length on LAYER met5 = 339 um.
Total number of vias = 189229.
Up-via summary (total 189229):

-------------------------
 FR_MASTERSLICE         0
            li1     87679
           met1     93124
           met2      6948
           met3      1446
           met4        32
-------------------------
               189229


[INFO DRT-0267] cpu time = 00:46:56, elapsed time = 00:04:06, memory = 2870.26 (MB), peak = 3127.83 (MB)

[INFO DRT-0180] Post processing.
[INFO DRT-0501] Runtime: 285.39s
Took 285 seconds: detailed_route -output_drc ./reports/sky130hd/d_dsp03_multifmt_fma/base/5_route_drc.rpt -output_maze ./results/sky130hd/d_dsp03_multifmt_fma/base/maze.log -droute_end_iter 64 -verbose 1 -drc_report_iter_step 5
[INFO GRT-0012] Found 10 antenna violations.
[INFO DPL-0006] Core area: 1495481.79 um^2
[INFO DPL-0007] Movable instances area: 0.00 um^2
[INFO DPL-0008] Fixed instances area within core: 234016.94 um^2
[INFO DPL-0009] Utilization: 15.6%
[INFO DPL-0005] Diamond search max displacement: +/- 500 sites horizontally, +/- 100 rows vertically.
[INFO DPL-1102] Legalizing using negotiation legalizer.
[INFO DPL-1103] Negotiation base search window: +/-20 sites horizontally, +/-5 rows vertically 
	Automatic search window extension enabled.
	Search window extendable up to the max displacement cap of +/-500 sites, +/-100 rows near walls.
[INFO DPL-1104] NegotiationLegalizer DRC penalty: 5.
[INFO DPL-0392] Negotiation cell height distribution (1 unique row-count(s)):
[INFO DPL-0393]   height 1 row(s): 46246 cells
[INFO DPL-0500] Runtime: 0.11s
[INFO GRT-0015] Inserted 12 diodes.
[WARNING DRT-0120] Large net _01501_ has 253 pins which may impact routing performance. Consider optimization.
[WARNING DRT-0120] Large net _01984_ has 168 pins which may impact routing performance. Consider optimization.
[WARNING DRT-0120] Large net _12912_ has 145 pins which may impact routing performance. Consider optimization.
[WARNING DRT-0120] Large net _15814_ has 125 pins which may impact routing performance. Consider optimization.
[INFO DRT-0024]   Complete FR_MASTERSLICE.
[INFO DRT-0024]   Complete Fr_VIA.
[INFO DRT-0024]   Complete li1.
[INFO DRT-0024]   Complete mcon.
[INFO DRT-0024]   Complete met1.
[INFO DRT-0024]   Complete via.
[INFO DRT-0024]   Complete met2.
[INFO DRT-0024]   Complete via2.
[INFO DRT-0024]   Complete met3.
[INFO DRT-0024]   Complete via3.
[INFO DRT-0024]   Complete met4.
[INFO DRT-0024]   Complete via4.
[INFO DRT-0024]   Complete met5.
[INFO DRT-0165] Start pin access.
[INFO DRT-0076]   Complete 1000 pins.
[INFO DRT-0076]   Complete 2000 pins.
[INFO DRT-0076]   Complete 3000 pins.
[INFO DRT-0078]   Complete 3226 pins.
[INFO DRT-0079]   Complete 100 unique inst patterns.
[INFO DRT-0079]   Complete 200 unique inst patterns.
[INFO DRT-0079]   Complete 300 unique inst patterns.
[INFO DRT-0081]   Complete 383 unique inst patterns.
[INFO DRT-0082]   Complete 10000 groups.
[INFO DRT-0084]   Complete 18584 groups.
#scanned instances     = 46246
#unique  instances     = 383
#stdCellGenAp          = 14449
#stdCellValidPlanarAp  = 138
#stdCellValidViaAp     = 9690
#stdCellPinNoAp        = 16
#stdCellPinCnt         = 89691
#instTermValidViaApCnt = 0
#macroGenAp            = 0
#macroValidPlanarAp    = 0
#macroValidViaAp       = 0
#macroNoAp             = 0
[INFO DRT-0166] Complete pin access.
[INFO DRT-0267] cpu time = 00:07:55, elapsed time = 00:00:34, memory = 2484.30 (MB), peak = 3127.83 (MB)
[INFO DRT-0156] guideIn read 100000 guides.
[INFO DRT-0156] guideIn read 200000 guides.

[INFO DRT-0157] Number of guides:     202665

[INFO DRT-0169] Post process guides.
[INFO DRT-0176] GCELLGRID X 0 DO 177 STEP 6900 ;
[INFO DRT-0177] GCELLGRID Y 0 DO 177 STEP 6900 ;
[INFO DRT-0026]   Complete 100000 origin guides.
[INFO DRT-0026]   Complete 200000 origin guides.
[INFO DRT-0028]   Complete FR_MASTERSLICE.
[INFO DRT-0028]   Complete Fr_VIA.
[INFO DRT-0028]   Complete li1.
[INFO DRT-0028]   Complete mcon.
[INFO DRT-0028]   Complete met1.
[INFO DRT-0028]   Complete via.
[INFO DRT-0028]   Complete met2.
[INFO DRT-0028]   Complete via2.
[INFO DRT-0028]   Complete met3.
[INFO DRT-0028]   Complete via3.
[INFO DRT-0028]   Complete met4.
[INFO DRT-0028]   Complete via4.
[INFO DRT-0028]   Complete met5.
[INFO DRT-0178] Init guide query.
[INFO DRT-0035]   Complete FR_MASTERSLICE (guide).
[INFO DRT-0035]   Complete Fr_VIA (guide).
[INFO DRT-0035]   Complete li1 (guide).
[INFO DRT-0035]   Complete mcon (guide).
[INFO DRT-0035]   Complete met1 (guide).
[INFO DRT-0035]   Complete via (guide).
[INFO DRT-0035]   Complete met2 (guide).
[INFO DRT-0035]   Complete via2 (guide).
[INFO DRT-0035]   Complete met3 (guide).
[INFO DRT-0035]   Complete via3 (guide).
[INFO DRT-0035]   Complete met4 (guide).
[INFO DRT-0035]   Complete via4 (guide).
[INFO DRT-0035]   Complete met5 (guide).
[INFO DRT-0036] FR_MASTERSLICE guide region query size = 0.
[INFO DRT-0036] FR_VIA guide region query size = 0.
[INFO DRT-0036] li1 guide region query size = 71748.
[INFO DRT-0036] mcon guide region query size = 0.
[INFO DRT-0036] met1 guide region query size = 61976.
[INFO DRT-0036] via guide region query size = 0.
[INFO DRT-0036] met2 guide region query size = 30235.
[INFO DRT-0036] via2 guide region query size = 0.
[INFO DRT-0036] met3 guide region query size = 2027.
[INFO DRT-0036] via3 guide region query size = 0.
[INFO DRT-0036] met4 guide region query size = 708.
[INFO DRT-0036] via4 guide region query size = 0.
[INFO DRT-0036] met5 guide region query size = 15.
[INFO DRT-0179] Init gr pin query.
[INFO DRT-0267] cpu time = 00:00:01, elapsed time = 00:00:00, memory = 2484.30 (MB), peak = 3127.83 (MB)
[INFO DRT-0245] skipped writing guide updates to database.
[INFO DRT-0181] Start track assignment.
[INFO DRT-0184] Done with 102691 vertical wires in 4 frboxes and 64018 horizontal wires in 4 frboxes.
[INFO DRT-0186] Done with 13107 vertical wires in 4 frboxes and 19510 horizontal wires in 4 frboxes.
[INFO DRT-0182] Complete track assignment.
[INFO DRT-0267] cpu time = 00:00:08, elapsed time = 00:00:03, memory = 2579.42 (MB), peak = 3127.83 (MB)
[INFO DRT-0187] Start routing data preparation.
[INFO DRT-0267] cpu time = 00:00:00, elapsed time = 00:00:00, memory = 2579.42 (MB), peak = 3127.83 (MB)
[INFO DRT-0194] Start detail routing.
[INFO DRT-0195] Start 0th optimization iteration.
    Completing 10% with 0 violations.
    elapsed time = 00:00:00, memory = 2579.50 (MB).
    Completing 20% with 0 violations.
    elapsed time = 00:00:01, memory = 2623.62 (MB).
    Completing 30% with 236 violations.
    elapsed time = 00:00:02, memory = 2588.43 (MB).
    Completing 40% with 236 violations.
    elapsed time = 00:00:03, memory = 2790.62 (MB).
    Completing 50% with 236 violations.
    elapsed time = 00:00:04, memory = 2617.90 (MB).
    Completing 60% with 400 violations.
    elapsed time = 00:00:05, memory = 2722.76 (MB).
    Completing 70% with 400 violations.
    elapsed time = 00:00:06, memory = 2800.07 (MB).
    Completing 80% with 592 violations.
    elapsed time = 00:00:07, memory = 2618.01 (MB).
    Completing 90% with 592 violations.
    elapsed time = 00:00:08, memory = 2756.00 (MB).
    Completing 100% with 761 violations.
    elapsed time = 00:00:09, memory = 2590.53 (MB).
[INFO DRT-0199]   Number of violations = 945.
Viol/Layer         li1   mcon   met1   met2   met3   met4
Cut Spacing          0      1      0      0      0      0
Metal Spacing        0      0     71     35      5      0
Min Hole             0      0      2      0      0      0
Recheck              2      0    129     43      8      2
Short                0      0    412    220     12      3
[INFO DRT-0267] cpu time = 00:01:51, elapsed time = 00:00:09, memory = 2791.45 (MB), peak = 3127.83 (MB)
Total wire length = 939078 um.
Total wire length on LAYER li1 = 0 um.
Total wire length on LAYER met1 = 406030 um.
Total wire length on LAYER met2 = 405114 um.
Total wire length on LAYER met3 = 84937 um.
Total wire length on LAYER met4 = 42686 um.
Total wire length on LAYER met5 = 309 um.
Total number of vias = 189221.
Up-via summary (total 189221):

-------------------------
 FR_MASTERSLICE         0
            li1     87699
           met1     93196
           met2      6882
           met3      1416
           met4        28
-------------------------
               189221


[INFO DRT-0195] Start 1st optimization iteration.
    Completing 10% with 945 violations.
    elapsed time = 00:00:00, memory = 2967.21 (MB).
    Completing 20% with 945 violations.
    elapsed time = 00:00:01, memory = 2853.95 (MB).
    Completing 30% with 778 violations.
    elapsed time = 00:00:02, memory = 2816.62 (MB).
    Completing 40% with 778 violations.
    elapsed time = 00:00:03, memory = 2956.12 (MB).
    Completing 50% with 778 violations.
    elapsed time = 00:00:04, memory = 2816.62 (MB).
    Completing 60% with 641 violations.
    elapsed time = 00:00:05, memory = 2895.72 (MB).
    Completing 70% with 641 violations.
    elapsed time = 00:00:06, memory = 3007.32 (MB).
    Completing 80% with 447 violations.
    elapsed time = 00:00:07, memory = 2835.00 (MB).
    Completing 90% with 447 violations.
    elapsed time = 00:00:08, memory = 3010.07 (MB).
    Completing 100% with 316 violations.
    elapsed time = 00:00:09, memory = 2850.02 (MB).
[INFO DRT-0199]   Number of violations = 316.
Viol/Layer        met1   met2   met3
Metal Spacing       25     15      3
Short              182     88      3
[INFO DRT-0267] cpu time = 00:01:41, elapsed time = 00:00:09, memory = 2819.86 (MB), peak = 3127.83 (MB)
Total wire length = 938866 um.
Total wire length on LAYER li1 = 0 um.
Total wire length on LAYER met1 = 405929 um.
Total wire length on LAYER met2 = 405055 um.
Total wire length on LAYER met3 = 84911 um.
Total wire length on LAYER met4 = 42660 um.
Total wire length on LAYER met5 = 309 um.
Total number of vias = 189140.
Up-via summary (total 189140):

-------------------------
 FR_MASTERSLICE         0
            li1     87695
           met1     93137
           met2      6869
           met3      1411
           met4        28
-------------------------
               189140


[INFO DRT-0195] Start 2nd optimization iteration.
    Completing 10% with 316 violations.
    elapsed time = 00:00:00, memory = 2819.86 (MB).
    Completing 20% with 316 violations.
    elapsed time = 00:00:00, memory = 2819.86 (MB).
    Completing 30% with 280 violations.
    elapsed time = 00:00:01, memory = 2819.86 (MB).
    Completing 40% with 280 violations.
    elapsed time = 00:00:01, memory = 2819.86 (MB).
    Completing 50% with 280 violations.
    elapsed time = 00:00:02, memory = 2819.86 (MB).
    Completing 60% with 286 violations.
    elapsed time = 00:00:02, memory = 2819.86 (MB).
    Completing 70% with 286 violations.
    elapsed time = 00:00:02, memory = 2819.86 (MB).
    Completing 80% with 267 violations.
    elapsed time = 00:00:03, memory = 2785.55 (MB).
    Completing 90% with 267 violations.
    elapsed time = 00:00:03, memory = 2785.55 (MB).
    Completing 100% with 239 violations.
    elapsed time = 00:00:03, memory = 2785.55 (MB).
[INFO DRT-0199]   Number of violations = 239.
Viol/Layer        met1   met2   met3
Metal Spacing       20     23      0
Short              145     48      3
[INFO DRT-0267] cpu time = 00:00:17, elapsed time = 00:00:04, memory = 2785.55 (MB), peak = 3127.83 (MB)
Total wire length = 938799 um.
Total wire length on LAYER li1 = 0 um.
Total wire length on LAYER met1 = 405889 um.
Total wire length on LAYER met2 = 405051 um.
Total wire length on LAYER met3 = 84897 um.
Total wire length on LAYER met4 = 42651 um.
Total wire length on LAYER met5 = 309 um.
Total number of vias = 189124.
Up-via summary (total 189124):

-------------------------
 FR_MASTERSLICE         0
            li1     87694
           met1     93120
           met2      6871
           met3      1411
           met4        28
-------------------------
               189124


[INFO DRT-0195] Start 3rd optimization iteration.
    Completing 10% with 239 violations.
    elapsed time = 00:00:00, memory = 2785.55 (MB).
    Completing 20% with 239 violations.
    elapsed time = 00:00:00, memory = 2785.55 (MB).
    Completing 30% with 173 violations.
    elapsed time = 00:00:01, memory = 2785.60 (MB).
    Completing 40% with 173 violations.
    elapsed time = 00:00:01, memory = 2785.60 (MB).
    Completing 50% with 173 violations.
    elapsed time = 00:00:02, memory = 2785.60 (MB).
    Completing 60% with 148 violations.
    elapsed time = 00:00:02, memory = 2785.60 (MB).
    Completing 70% with 148 violations.
    elapsed time = 00:00:02, memory = 2785.60 (MB).
    Completing 80% with 82 violations.
    elapsed time = 00:00:04, memory = 2785.60 (MB).
    Completing 90% with 82 violations.
    elapsed time = 00:00:04, memory = 2785.60 (MB).
    Completing 100% with 20 violations.
    elapsed time = 00:00:06, memory = 2785.60 (MB).
[INFO DRT-0199]   Number of violations = 20.
Viol/Layer        met1   met2
Short                7     13
[INFO DRT-0267] cpu time = 00:00:17, elapsed time = 00:00:06, memory = 2785.60 (MB), peak = 3127.83 (MB)
Total wire length = 938795 um.
Total wire length on LAYER li1 = 0 um.
Total wire length on LAYER met1 = 405104 um.
Total wire length on LAYER met2 = 404861 um.
Total wire length on LAYER met3 = 85671 um.
Total wire length on LAYER met4 = 42849 um.
Total wire length on LAYER met5 = 309 um.
Total number of vias = 189254.
Up-via summary (total 189254):

-------------------------
 FR_MASTERSLICE         0
            li1     87697
           met1     93131
           met2      6968
           met3      1430
           met4        28
-------------------------
               189254


[INFO DRT-0195] Start 4th guides tiles iteration.
    Completing 10% with 20 violations.
    elapsed time = 00:00:00, memory = 2785.60 (MB).
    Completing 30% with 20 violations.
    elapsed time = 00:00:00, memory = 2785.60 (MB).
    Completing 50% with 20 violations.
    elapsed time = 00:00:00, memory = 2785.60 (MB).
    Completing 60% with 0 violations.
    elapsed time = 00:00:00, memory = 2785.60 (MB).
    Completing 80% with 0 violations.
    elapsed time = 00:00:00, memory = 2785.60 (MB).
    Completing 100% with 0 violations.
    elapsed time = 00:00:00, memory = 2785.60 (MB).
[INFO DRT-0199]   Number of violations = 0.
[INFO DRT-0267] cpu time = 00:00:01, elapsed time = 00:00:00, memory = 2785.60 (MB), peak = 3127.83 (MB)
Total wire length = 938797 um.
Total wire length on LAYER li1 = 0 um.
Total wire length on LAYER met1 = 405099 um.
Total wire length on LAYER met2 = 404760 um.
Total wire length on LAYER met3 = 85680 um.
Total wire length on LAYER met4 = 42947 um.
Total wire length on LAYER met5 = 309 um.
Total number of vias = 189269.
Up-via summary (total 189269):

-------------------------
 FR_MASTERSLICE         0
            li1     87697
           met1     93134
           met2      6972
           met3      1438
           met4        28
-------------------------
               189269


[INFO DRT-0198] Complete detail routing.
Total wire length = 938797 um.
Total wire length on LAYER li1 = 0 um.
Total wire length on LAYER met1 = 405099 um.
Total wire length on LAYER met2 = 404760 um.
Total wire length on LAYER met3 = 85680 um.
Total wire length on LAYER met4 = 42947 um.
Total wire length on LAYER met5 = 309 um.
Total number of vias = 189269.
Up-via summary (total 189269):

-------------------------
 FR_MASTERSLICE         0
            li1     87697
           met1     93134
           met2      6972
           met3      1438
           met4        28
-------------------------
               189269


[INFO DRT-0267] cpu time = 00:04:09, elapsed time = 00:00:31, memory = 2785.60 (MB), peak = 3127.83 (MB)

[INFO DRT-0180] Post processing.
[INFO DRT-0501] Runtime: 71.01s
[INFO ANT-0002] Found 2 net violations.
[INFO ANT-0001] Found 2 pin violations.
[INFO GRT-0012] Found 2 antenna violations.
[INFO DPL-0006] Core area: 1495481.79 um^2
[INFO DPL-0007] Movable instances area: 0.00 um^2
[INFO DPL-0008] Fixed instances area within core: 234056.98 um^2
[INFO DPL-0009] Utilization: 15.7%
[INFO DPL-0005] Diamond search max displacement: +/- 500 sites horizontally, +/- 100 rows vertically.
[INFO DPL-1102] Legalizing using negotiation legalizer.
[INFO DPL-1103] Negotiation base search window: +/-20 sites horizontally, +/-5 rows vertically 
	Automatic search window extension enabled.
	Search window extendable up to the max displacement cap of +/-500 sites, +/-100 rows near walls.
[INFO DPL-1104] NegotiationLegalizer DRC penalty: 5.
[INFO DPL-0392] Negotiation cell height distribution (1 unique row-count(s)):
[INFO DPL-0393]   height 1 row(s): 46262 cells
[INFO DPL-0500] Runtime: 0.13s
[INFO GRT-0015] Inserted 16 diodes.
[WARNING DRT-0120] Large net _01501_ has 253 pins which may impact routing performance. Consider optimization.
[WARNING DRT-0120] Large net _01984_ has 168 pins which may impact routing performance. Consider optimization.
[WARNING DRT-0120] Large net _12912_ has 145 pins which may impact routing performance. Consider optimization.
[WARNING DRT-0120] Large net _15814_ has 125 pins which may impact routing performance. Consider optimization.
[INFO DRT-0024]   Complete FR_MASTERSLICE.
[INFO DRT-0024]   Complete Fr_VIA.
[INFO DRT-0024]   Complete li1.
[INFO DRT-0024]   Complete mcon.
[INFO DRT-0024]   Complete met1.
[INFO DRT-0024]   Complete via.
[INFO DRT-0024]   Complete met2.
[INFO DRT-0024]   Complete via2.
[INFO DRT-0024]   Complete met3.
[INFO DRT-0024]   Complete via3.
[INFO DRT-0024]   Complete met4.
[INFO DRT-0024]   Complete via4.
[INFO DRT-0024]   Complete met5.
[INFO DRT-0165] Start pin access.
[INFO DRT-0076]   Complete 1000 pins.
[INFO DRT-0076]   Complete 2000 pins.
[INFO DRT-0076]   Complete 3000 pins.
[INFO DRT-0078]   Complete 3226 pins.
[INFO DRT-0079]   Complete 100 unique inst patterns.
[INFO DRT-0079]   Complete 200 unique inst patterns.
[INFO DRT-0079]   Complete 300 unique inst patterns.
[INFO DRT-0081]   Complete 383 unique inst patterns.
[INFO DRT-0082]   Complete 10000 groups.
[INFO DRT-0084]   Complete 18585 groups.
#scanned instances     = 46262
#unique  instances     = 383
#stdCellGenAp          = 14449
#stdCellValidPlanarAp  = 138
#stdCellValidViaAp     = 9690
#stdCellPinNoAp        = 16
#stdCellPinCnt         = 89691
#instTermValidViaApCnt = 0
#macroGenAp            = 0
#macroValidPlanarAp    = 0
#macroValidViaAp       = 0
#macroNoAp             = 0
[INFO DRT-0166] Complete pin access.
[INFO DRT-0267] cpu time = 00:08:01, elapsed time = 00:00:35, memory = 2785.60 (MB), peak = 3127.83 (MB)
[INFO DRT-0156] guideIn read 100000 guides.
[INFO DRT-0156] guideIn read 200000 guides.

[INFO DRT-0157] Number of guides:     202674

[INFO DRT-0169] Post process guides.
[INFO DRT-0176] GCELLGRID X 0 DO 177 STEP 6900 ;
[INFO DRT-0177] GCELLGRID Y 0 DO 177 STEP 6900 ;
[INFO DRT-0026]   Complete 100000 origin guides.
[INFO DRT-0026]   Complete 200000 origin guides.
[INFO DRT-0028]   Complete FR_MASTERSLICE.
[INFO DRT-0028]   Complete Fr_VIA.
[INFO DRT-0028]   Complete li1.
[INFO DRT-0028]   Complete mcon.
[INFO DRT-0028]   Complete met1.
[INFO DRT-0028]   Complete via.
[INFO DRT-0028]   Complete met2.
[INFO DRT-0028]   Complete via2.
[INFO DRT-0028]   Complete met3.
[INFO DRT-0028]   Complete via3.
[INFO DRT-0028]   Complete met4.
[INFO DRT-0028]   Complete via4.
[INFO DRT-0028]   Complete met5.
[INFO DRT-0178] Init guide query.
[INFO DRT-0035]   Complete FR_MASTERSLICE (guide).
[INFO DRT-0035]   Complete Fr_VIA (guide).
[INFO DRT-0035]   Complete li1 (guide).
[INFO DRT-0035]   Complete mcon (guide).
[INFO DRT-0035]   Complete met1 (guide).
[INFO DRT-0035]   Complete via (guide).
[INFO DRT-0035]   Complete met2 (guide).
[INFO DRT-0035]   Complete via2 (guide).
[INFO DRT-0035]   Complete met3 (guide).
[INFO DRT-0035]   Complete via3 (guide).
[INFO DRT-0035]   Complete met4 (guide).
[INFO DRT-0035]   Complete via4 (guide).
[INFO DRT-0035]   Complete met5 (guide).
[INFO DRT-0036] FR_MASTERSLICE guide region query size = 0.
[INFO DRT-0036] FR_VIA guide region query size = 0.
[INFO DRT-0036] li1 guide region query size = 71752.
[INFO DRT-0036] mcon guide region query size = 0.
[INFO DRT-0036] met1 guide region query size = 61978.
[INFO DRT-0036] via guide region query size = 0.
[INFO DRT-0036] met2 guide region query size = 30236.
[INFO DRT-0036] via2 guide region query size = 0.
[INFO DRT-0036] met3 guide region query size = 2027.
[INFO DRT-0036] via3 guide region query size = 0.
[INFO DRT-0036] met4 guide region query size = 708.
[INFO DRT-0036] via4 guide region query size = 0.
[INFO DRT-0036] met5 guide region query size = 15.
[INFO DRT-0179] Init gr pin query.
[INFO DRT-0267] cpu time = 00:00:01, elapsed time = 00:00:00, memory = 2785.60 (MB), peak = 3127.83 (MB)
[INFO DRT-0245] skipped writing guide updates to database.
[INFO DRT-0181] Start track assignment.
[INFO DRT-0184] Done with 102696 vertical wires in 4 frboxes and 64020 horizontal wires in 4 frboxes.
[INFO DRT-0186] Done with 13082 vertical wires in 4 frboxes and 19599 horizontal wires in 4 frboxes.
[INFO DRT-0182] Complete track assignment.
[INFO DRT-0267] cpu time = 00:00:08, elapsed time = 00:00:03, memory = 2789.21 (MB), peak = 3127.83 (MB)
[INFO DRT-0187] Start routing data preparation.
[INFO DRT-0267] cpu time = 00:00:00, elapsed time = 00:00:00, memory = 2789.21 (MB), peak = 3127.83 (MB)
[INFO DRT-0194] Start detail routing.
[INFO DRT-0195] Start 0th optimization iteration.
    Completing 10% with 0 violations.
    elapsed time = 00:00:00, memory = 2831.21 (MB).
    Completing 20% with 0 violations.
    elapsed time = 00:00:01, memory = 2861.75 (MB).
    Completing 30% with 6 violations.
    elapsed time = 00:00:01, memory = 2802.82 (MB).
    Completing 40% with 6 violations.
    elapsed time = 00:00:02, memory = 2931.42 (MB).
    Completing 50% with 6 violations.
    elapsed time = 00:00:03, memory = 2794.96 (MB).
    Completing 60% with 9 violations.
    elapsed time = 00:00:03, memory = 2889.02 (MB).
    Completing 70% with 9 violations.
    elapsed time = 00:00:04, memory = 2928.51 (MB).
    Completing 80% with 15 violations.
    elapsed time = 00:00:05, memory = 2844.41 (MB).
    Completing 90% with 15 violations.
    elapsed time = 00:00:06, memory = 3001.43 (MB).
    Completing 100% with 18 violations.
    elapsed time = 00:00:06, memory = 2824.89 (MB).
[INFO DRT-0199]   Number of violations = 23.
Viol/Layer        met1   met2   met3
Recheck              1      2      2
Short                1     13      4
[INFO DRT-0267] cpu time = 00:01:28, elapsed time = 00:00:06, memory = 2830.73 (MB), peak = 3127.83 (MB)
Total wire length = 938813 um.
Total wire length on LAYER li1 = 0 um.
Total wire length on LAYER met1 = 405119 um.
Total wire length on LAYER met2 = 404770 um.
Total wire length on LAYER met3 = 85667 um.
Total wire length on LAYER met4 = 42947 um.
Total wire length on LAYER met5 = 309 um.
Total number of vias = 189292.
Up-via summary (total 189292):

-------------------------
 FR_MASTERSLICE         0
            li1     87717
           met1     93135
           met2      6974
           met3      1438
           met4        28
-------------------------
               189292


[INFO DRT-0195] Start 1st optimization iteration.
    Completing 10% with 23 violations.
    elapsed time = 00:00:00, memory = 3010.84 (MB).
    Completing 20% with 23 violations.
    elapsed time = 00:00:01, memory = 2917.82 (MB).
    Completing 30% with 18 violations.
    elapsed time = 00:00:01, memory = 2845.64 (MB).
    Completing 40% with 18 violations.
    elapsed time = 00:00:02, memory = 2982.59 (MB).
    Completing 50% with 18 violations.
    elapsed time = 00:00:03, memory = 2845.64 (MB).
    Completing 60% with 15 violations.
    elapsed time = 00:00:03, memory = 2878.49 (MB).
    Completing 70% with 15 violations.
    elapsed time = 00:00:04, memory = 2918.21 (MB).
    Completing 80% with 8 violations.
    elapsed time = 00:00:05, memory = 2845.64 (MB).
    Completing 90% with 8 violations.
    elapsed time = 00:00:05, memory = 2960.27 (MB).
    Completing 100% with 1 violations.
    elapsed time = 00:00:06, memory = 2845.64 (MB).
[INFO DRT-0199]   Number of violations = 1.
Viol/Layer        met2
Short                1
[INFO DRT-0267] cpu time = 00:01:27, elapsed time = 00:00:06, memory = 2845.64 (MB), peak = 3127.83 (MB)
Total wire length = 938799 um.
Total wire length on LAYER li1 = 0 um.
Total wire length on LAYER met1 = 405128 um.
Total wire length on LAYER met2 = 404756 um.
Total wire length on LAYER met3 = 85658 um.
Total wire length on LAYER met4 = 42947 um.
Total wire length on LAYER met5 = 309 um.
Total number of vias = 189285.
Up-via summary (total 189285):

-------------------------
 FR_MASTERSLICE         0
            li1     87716
           met1     93133
           met2      6970
           met3      1438
           met4        28
-------------------------
               189285


[INFO DRT-0195] Start 2nd optimization iteration.
    Completing 10% with 1 violations.
    elapsed time = 00:00:00, memory = 2845.64 (MB).
    Completing 20% with 1 violations.
    elapsed time = 00:00:00, memory = 2845.64 (MB).
    Completing 30% with 1 violations.
    elapsed time = 00:00:00, memory = 2845.64 (MB).
    Completing 40% with 1 violations.
    elapsed time = 00:00:00, memory = 2845.64 (MB).
    Completing 50% with 1 violations.
    elapsed time = 00:00:00, memory = 2845.64 (MB).
    Completing 60% with 1 violations.
    elapsed time = 00:00:00, memory = 2845.64 (MB).
    Completing 70% with 1 violations.
    elapsed time = 00:00:00, memory = 2845.64 (MB).
    Completing 80% with 1 violations.
    elapsed time = 00:00:00, memory = 2845.64 (MB).
    Completing 90% with 1 violations.
    elapsed time = 00:00:00, memory = 2845.64 (MB).
    Completing 100% with 1 violations.
    elapsed time = 00:00:00, memory = 2845.64 (MB).
[INFO DRT-0199]   Number of violations = 1.
Viol/Layer        met2
Short                1
[INFO DRT-0267] cpu time = 00:00:00, elapsed time = 00:00:00, memory = 2845.64 (MB), peak = 3127.83 (MB)
Total wire length = 938799 um.
Total wire length on LAYER li1 = 0 um.
Total wire length on LAYER met1 = 405128 um.
Total wire length on LAYER met2 = 404756 um.
Total wire length on LAYER met3 = 85658 um.
Total wire length on LAYER met4 = 42947 um.
Total wire length on LAYER met5 = 309 um.
Total number of vias = 189285.
Up-via summary (total 189285):

-------------------------
 FR_MASTERSLICE         0
            li1     87716
           met1     93133
           met2      6970
           met3      1438
           met4        28
-------------------------
               189285


[INFO DRT-0195] Start 3rd guides tiles iteration.
    Completing 100% with 0 violations.
    elapsed time = 00:00:00, memory = 2845.64 (MB).
[INFO DRT-0199]   Number of violations = 0.
[INFO DRT-0267] cpu time = 00:00:00, elapsed time = 00:00:00, memory = 2845.64 (MB), peak = 3127.83 (MB)
Total wire length = 938795 um.
Total wire length on LAYER li1 = 0 um.
Total wire length on LAYER met1 = 405127 um.
Total wire length on LAYER met2 = 404754 um.
Total wire length on LAYER met3 = 85656 um.
Total wire length on LAYER met4 = 42947 um.
Total wire length on LAYER met5 = 309 um.
Total number of vias = 189285.
Up-via summary (total 189285):

-------------------------
 FR_MASTERSLICE         0
            li1     87716
           met1     93133
           met2      6970
           met3      1438
           met4        28
-------------------------
               189285


[INFO DRT-0198] Complete detail routing.
Total wire length = 938795 um.
Total wire length on LAYER li1 = 0 um.
Total wire length on LAYER met1 = 405127 um.
Total wire length on LAYER met2 = 404754 um.
Total wire length on LAYER met3 = 85656 um.
Total wire length on LAYER met4 = 42947 um.
Total wire length on LAYER met5 = 309 um.
Total number of vias = 189285.
Up-via summary (total 189285):

-------------------------
 FR_MASTERSLICE         0
            li1     87716
           met1     93133
           met2      6970
           met3      1438
           met4        28
-------------------------
               189285


[INFO DRT-0267] cpu time = 00:02:58, elapsed time = 00:00:14, memory = 2845.64 (MB), peak = 3127.83 (MB)

[INFO DRT-0180] Post processing.
[INFO DRT-0501] Runtime: 54.43s
[INFO ANT-0002] Found 1 net violations.
[INFO ANT-0001] Found 1 pin violations.
[INFO GRT-0012] Found 1 antenna violations.
[INFO DPL-0006] Core area: 1495481.79 um^2
[INFO DPL-0007] Movable instances area: 2.50 um^2
[INFO DPL-0008] Fixed instances area within core: 234059.48 um^2
[INFO DPL-0009] Utilization: 15.7%
[INFO DPL-0005] Diamond search max displacement: +/- 500 sites horizontally, +/- 100 rows vertically.
[INFO DPL-1102] Legalizing using negotiation legalizer.
[INFO DPL-1103] Negotiation base search window: +/-20 sites horizontally, +/-5 rows vertically 
	Automatic search window extension enabled.
	Search window extendable up to the max displacement cap of +/-500 sites, +/-100 rows near walls.
[INFO DPL-1104] NegotiationLegalizer DRC penalty: 5.
[INFO DPL-0392] Negotiation cell height distribution (1 unique row-count(s)):
[INFO DPL-0393]   height 1 row(s): 46264 cells
          |      Total |  Illegal |  Illegal
Iteration | Violations |    Cells |    Sites
---------------------------------------------
        0 |          0 |         0 |         0
Negotiation phase 1 converged at iteration 0.
[INFO DPL-0500] Runtime: 0.14s
[INFO GRT-0015] Inserted 2 diodes.
[WARNING DRT-0120] Large net _01501_ has 253 pins which may impact routing performance. Consider optimization.
[WARNING DRT-0120] Large net _01984_ has 168 pins which may impact routing performance. Consider optimization.
[WARNING DRT-0120] Large net _12912_ has 145 pins which may impact routing performance. Consider optimization.
[WARNING DRT-0120] Large net _15814_ has 125 pins which may impact routing performance. Consider optimization.
[INFO DRT-0024]   Complete FR_MASTERSLICE.
[INFO DRT-0024]   Complete Fr_VIA.
[INFO DRT-0024]   Complete li1.
[INFO DRT-0024]   Complete mcon.
[INFO DRT-0024]   Complete met1.
[INFO DRT-0024]   Complete via.
[INFO DRT-0024]   Complete met2.
[INFO DRT-0024]   Complete via2.
[INFO DRT-0024]   Complete met3.
[INFO DRT-0024]   Complete via3.
[INFO DRT-0024]   Complete met4.
[INFO DRT-0024]   Complete via4.
[INFO DRT-0024]   Complete met5.
[INFO DRT-0165] Start pin access.
[INFO DRT-0076]   Complete 1000 pins.
[INFO DRT-0076]   Complete 2000 pins.
[INFO DRT-0076]   Complete 3000 pins.
[INFO DRT-0078]   Complete 3226 pins.
[INFO DRT-0079]   Complete 100 unique inst patterns.
[INFO DRT-0079]   Complete 200 unique inst patterns.
[INFO DRT-0079]   Complete 300 unique inst patterns.
[INFO DRT-0081]   Complete 383 unique inst patterns.
[INFO DRT-0082]   Complete 10000 groups.
[INFO DRT-0084]   Complete 18585 groups.
#scanned instances     = 46264
#unique  instances     = 383
#stdCellGenAp          = 14449
#stdCellValidPlanarAp  = 138
#stdCellValidViaAp     = 9690
#stdCellPinNoAp        = 16
#stdCellPinCnt         = 89691
#instTermValidViaApCnt = 0
#macroGenAp            = 0
#macroValidPlanarAp    = 0
#macroValidViaAp       = 0
#macroNoAp             = 0
[INFO DRT-0166] Complete pin access.
[INFO DRT-0267] cpu time = 00:07:59, elapsed time = 00:00:35, memory = 2845.66 (MB), peak = 3127.83 (MB)
[INFO DRT-0156] guideIn read 100000 guides.
[INFO DRT-0156] guideIn read 200000 guides.

[INFO DRT-0157] Number of guides:     202677

[INFO DRT-0169] Post process guides.
[INFO DRT-0176] GCELLGRID X 0 DO 177 STEP 6900 ;
[INFO DRT-0177] GCELLGRID Y 0 DO 177 STEP 6900 ;
[INFO DRT-0026]   Complete 100000 origin guides.
[INFO DRT-0026]   Complete 200000 origin guides.
[INFO DRT-0028]   Complete FR_MASTERSLICE.
[INFO DRT-0028]   Complete Fr_VIA.
[INFO DRT-0028]   Complete li1.
[INFO DRT-0028]   Complete mcon.
[INFO DRT-0028]   Complete met1.
[INFO DRT-0028]   Complete via.
[INFO DRT-0028]   Complete met2.
[INFO DRT-0028]   Complete via2.
[INFO DRT-0028]   Complete met3.
[INFO DRT-0028]   Complete via3.
[INFO DRT-0028]   Complete met4.
[INFO DRT-0028]   Complete via4.
[INFO DRT-0028]   Complete met5.
[INFO DRT-0178] Init guide query.
[INFO DRT-0035]   Complete FR_MASTERSLICE (guide).
[INFO DRT-0035]   Complete Fr_VIA (guide).
[INFO DRT-0035]   Complete li1 (guide).
[INFO DRT-0035]   Complete mcon (guide).
[INFO DRT-0035]   Complete met1 (guide).
[INFO DRT-0035]   Complete via (guide).
[INFO DRT-0035]   Complete met2 (guide).
[INFO DRT-0035]   Complete via2 (guide).
[INFO DRT-0035]   Complete met3 (guide).
[INFO DRT-0035]   Complete via3 (guide).
[INFO DRT-0035]   Complete met4 (guide).
[INFO DRT-0035]   Complete via4 (guide).
[INFO DRT-0035]   Complete met5 (guide).
[INFO DRT-0036] FR_MASTERSLICE guide region query size = 0.
[INFO DRT-0036] FR_VIA guide region query size = 0.
[INFO DRT-0036] li1 guide region query size = 71753.
[INFO DRT-0036] mcon guide region query size = 0.
[INFO DRT-0036] met1 guide region query size = 61979.
[INFO DRT-0036] via guide region query size = 0.
[INFO DRT-0036] met2 guide region query size = 30236.
[INFO DRT-0036] via2 guide region query size = 0.
[INFO DRT-0036] met3 guide region query size = 2027.
[INFO DRT-0036] via3 guide region query size = 0.
[INFO DRT-0036] met4 guide region query size = 708.
[INFO DRT-0036] via4 guide region query size = 0.
[INFO DRT-0036] met5 guide region query size = 15.
[INFO DRT-0179] Init gr pin query.
[INFO DRT-0267] cpu time = 00:00:01, elapsed time = 00:00:00, memory = 2845.66 (MB), peak = 3127.83 (MB)
[INFO DRT-0245] skipped writing guide updates to database.
[INFO DRT-0181] Start track assignment.
[INFO DRT-0184] Done with 102697 vertical wires in 4 frboxes and 64021 horizontal wires in 4 frboxes.
[INFO DRT-0186] Done with 13122 vertical wires in 4 frboxes and 19570 horizontal wires in 4 frboxes.
[INFO DRT-0182] Complete track assignment.
[INFO DRT-0267] cpu time = 00:00:08, elapsed time = 00:00:03, memory = 2854.33 (MB), peak = 3127.83 (MB)
[INFO DRT-0187] Start routing data preparation.
[INFO DRT-0267] cpu time = 00:00:00, elapsed time = 00:00:00, memory = 2854.33 (MB), peak = 3127.83 (MB)
[INFO DRT-0194] Start detail routing.
[INFO DRT-0195] Start 0th optimization iteration.
    Completing 10% with 0 violations.
    elapsed time = 00:00:00, memory = 2930.79 (MB).
    Completing 20% with 0 violations.
    elapsed time = 00:00:01, memory = 2963.23 (MB).
    Completing 30% with 4 violations.
    elapsed time = 00:00:01, memory = 2856.71 (MB).
    Completing 40% with 4 violations.
    elapsed time = 00:00:02, memory = 2892.73 (MB).
    Completing 50% with 4 violations.
    elapsed time = 00:00:03, memory = 2857.52 (MB).
    Completing 60% with 7 violations.
    elapsed time = 00:00:03, memory = 2930.58 (MB).
    Completing 70% with 7 violations.
    elapsed time = 00:00:04, memory = 2964.77 (MB).
    Completing 80% with 8 violations.
    elapsed time = 00:00:05, memory = 2857.52 (MB).
    Completing 90% with 8 violations.
    elapsed time = 00:00:06, memory = 3049.95 (MB).
    Completing 100% with 8 violations.
    elapsed time = 00:00:06, memory = 2857.52 (MB).
[INFO DRT-0199]   Number of violations = 11.
Viol/Layer        met2   met3
Recheck              2      1
Short                7      1
[INFO DRT-0267] cpu time = 00:01:28, elapsed time = 00:00:06, memory = 2857.52 (MB), peak = 3127.83 (MB)
Total wire length = 938808 um.
Total wire length on LAYER li1 = 0 um.
Total wire length on LAYER met1 = 405146 um.
Total wire length on LAYER met2 = 404761 um.
Total wire length on LAYER met3 = 85644 um.
Total wire length on LAYER met4 = 42947 um.
Total wire length on LAYER met5 = 309 um.
Total number of vias = 189292.
Up-via summary (total 189292):

-------------------------
 FR_MASTERSLICE         0
            li1     87719
           met1     93137
           met2      6970
           met3      1438
           met4        28
-------------------------
               189292


[INFO DRT-0195] Start 1st optimization iteration.
    Completing 10% with 11 violations.
    elapsed time = 00:00:00, memory = 2967.96 (MB).
    Completing 20% with 11 violations.
    elapsed time = 00:00:01, memory = 2929.70 (MB).
    Completing 30% with 8 violations.
    elapsed time = 00:00:01, memory = 2857.52 (MB).
    Completing 40% with 8 violations.
    elapsed time = 00:00:02, memory = 2964.43 (MB).
    Completing 50% with 8 violations.
    elapsed time = 00:00:03, memory = 2857.52 (MB).
    Completing 60% with 5 violations.
    elapsed time = 00:00:03, memory = 2894.18 (MB).
    Completing 70% with 5 violations.
    elapsed time = 00:00:04, memory = 2930.22 (MB).
    Completing 80% with 5 violations.
    elapsed time = 00:00:05, memory = 2857.82 (MB).
    Completing 90% with 5 violations.
    elapsed time = 00:00:06, memory = 2953.89 (MB).
    Completing 100% with 1 violations.
    elapsed time = 00:00:06, memory = 2857.82 (MB).
[INFO DRT-0199]   Number of violations = 1.
Viol/Layer        met2
Short                1
[INFO DRT-0267] cpu time = 00:01:28, elapsed time = 00:00:06, memory = 2857.82 (MB), peak = 3127.83 (MB)
Total wire length = 938799 um.
Total wire length on LAYER li1 = 0 um.
Total wire length on LAYER met1 = 405139 um.
Total wire length on LAYER met2 = 404756 um.
Total wire length on LAYER met3 = 85647 um.
Total wire length on LAYER met4 = 42947 um.
Total wire length on LAYER met5 = 309 um.
Total number of vias = 189289.
Up-via summary (total 189289):

-------------------------
 FR_MASTERSLICE         0
            li1     87719
           met1     93134
           met2      6970
           met3      1438
           met4        28
-------------------------
               189289


[INFO DRT-0195] Start 2nd optimization iteration.
    Completing 10% with 1 violations.
    elapsed time = 00:00:00, memory = 2857.82 (MB).
    Completing 20% with 1 violations.
    elapsed time = 00:00:00, memory = 2857.82 (MB).
    Completing 30% with 1 violations.
    elapsed time = 00:00:00, memory = 2857.82 (MB).
    Completing 40% with 1 violations.
    elapsed time = 00:00:00, memory = 2857.82 (MB).
    Completing 50% with 1 violations.
    elapsed time = 00:00:00, memory = 2857.82 (MB).
    Completing 60% with 1 violations.
    elapsed time = 00:00:00, memory = 2857.82 (MB).
    Completing 70% with 1 violations.
    elapsed time = 00:00:00, memory = 2857.82 (MB).
    Completing 80% with 1 violations.
    elapsed time = 00:00:00, memory = 2857.82 (MB).
    Completing 90% with 1 violations.
    elapsed time = 00:00:00, memory = 2857.82 (MB).
    Completing 100% with 1 violations.
    elapsed time = 00:00:00, memory = 2857.82 (MB).
[INFO DRT-0199]   Number of violations = 1.
Viol/Layer        met2
Short                1
[INFO DRT-0267] cpu time = 00:00:00, elapsed time = 00:00:00, memory = 2857.82 (MB), peak = 3127.83 (MB)
Total wire length = 938799 um.
Total wire length on LAYER li1 = 0 um.
Total wire length on LAYER met1 = 405139 um.
Total wire length on LAYER met2 = 404756 um.
Total wire length on LAYER met3 = 85647 um.
Total wire length on LAYER met4 = 42947 um.
Total wire length on LAYER met5 = 309 um.
Total number of vias = 189289.
Up-via summary (total 189289):

-------------------------
 FR_MASTERSLICE         0
            li1     87719
           met1     93134
           met2      6970
           met3      1438
           met4        28
-------------------------
               189289


[INFO DRT-0195] Start 3rd guides tiles iteration.
    Completing 100% with 0 violations.
    elapsed time = 00:00:00, memory = 2857.82 (MB).
[INFO DRT-0199]   Number of violations = 0.
[INFO DRT-0267] cpu time = 00:00:00, elapsed time = 00:00:00, memory = 2857.82 (MB), peak = 3127.83 (MB)
Total wire length = 938795 um.
Total wire length on LAYER li1 = 0 um.
Total wire length on LAYER met1 = 405140 um.
Total wire length on LAYER met2 = 404753 um.
Total wire length on LAYER met3 = 85645 um.
Total wire length on LAYER met4 = 42947 um.
Total wire length on LAYER met5 = 309 um.
Total number of vias = 189289.
Up-via summary (total 189289):

-------------------------
 FR_MASTERSLICE         0
            li1     87719
           met1     93134
           met2      6970
           met3      1438
           met4        28
-------------------------
               189289


[INFO DRT-0198] Complete detail routing.
Total wire length = 938795 um.
Total wire length on LAYER li1 = 0 um.
Total wire length on LAYER met1 = 405140 um.
Total wire length on LAYER met2 = 404753 um.
Total wire length on LAYER met3 = 85645 um.
Total wire length on LAYER met4 = 42947 um.
Total wire length on LAYER met5 = 309 um.
Total number of vias = 189289.
Up-via summary (total 189289):

-------------------------
 FR_MASTERSLICE         0
            li1     87719
           met1     93134
           met2      6970
           met3      1438
           met4        28
-------------------------
               189289


[INFO DRT-0267] cpu time = 00:02:57, elapsed time = 00:00:14, memory = 2857.82 (MB), peak = 3127.83 (MB)

[INFO DRT-0180] Post processing.
[INFO DRT-0501] Runtime: 54.20s
[INFO ANT-0002] Found 0 net violations.
[INFO ANT-0001] Found 0 pin violations.
[INFO ANT-0002] Found 0 net violations.
[INFO ANT-0001] Found 0 pin violations.
Design area 234062 um^2 16% utilization.
write_db ./results/sky130hd/d_dsp03_multifmt_fma/base/5_2_route.odb
Elapsed time: 7:59.86[h:]min:sec. CPU time: user 5507.80 sys 9.95 (1149%). Peak memory: 3202900KB.
Log                       Ext     Elapsed/s Peak Memory/MB sha1sum result [0:20)
5_2_route                 .odb          479           3127 8d16aefa0d11fe4e0295
/OpenROAD-flow-scripts/flow/scripts/flow.sh 5_3_fillcell fillcell
Running fillcell.tcl, stage 5_3_fillcell
read_liberty /OpenROAD-flow-scripts/flow/platforms/sky130hd/lib/sky130_fd_sc_hd__tt_025C_1v80.lib
read_db ./results/sky130hd/d_dsp03_multifmt_fma/base/5_2_route.odb
read_sdc ./results/sky130hd/d_dsp03_multifmt_fma/base/5_1_grt.sdc
source /OpenROAD-flow-scripts/flow/platforms/sky130hd/setRC.tcl
filler_placement "sky130_fd_sc_hd__fill_1 sky130_fd_sc_hd__fill_2 sky130_fd_sc_hd__fill_4 sky130_fd_sc_hd__fill_8"
[INFO DPL-0001] Placed 171336 filler instances.
Design area 234062 um^2 16% utilization.
write_db ./results/sky130hd/d_dsp03_multifmt_fma/base/5_3_fillcell.odb
Elapsed time: 0:01.30[h:]min:sec. CPU time: user 1.16 sys 0.14 (99%). Peak memory: 439420KB.
Log                       Ext     Elapsed/s Peak Memory/MB sha1sum result [0:20)
5_3_fillcell              .odb            1            429 8559b47dd37ed05b21ee
cp ./results/sky130hd/d_dsp03_multifmt_fma/base/5_3_fillcell.odb ./results/sky130hd/d_dsp03_multifmt_fma/base/5_route.odb
cp ./results/sky130hd/d_dsp03_multifmt_fma/base/5_1_grt.sdc ./results/sky130hd/d_dsp03_multifmt_fma/base/5_route.sdc
/OpenROAD-flow-scripts/flow/scripts/flow.sh 6_1_fill density_fill
Running density_fill.tcl, stage 6_1_fill
read_liberty /OpenROAD-flow-scripts/flow/platforms/sky130hd/lib/sky130_fd_sc_hd__tt_025C_1v80.lib
read_db ./results/sky130hd/d_dsp03_multifmt_fma/base/5_route.odb
read_sdc ./results/sky130hd/d_dsp03_multifmt_fma/base/5_route.sdc
source /OpenROAD-flow-scripts/flow/platforms/sky130hd/setRC.tcl
exec cp ./results/sky130hd/d_dsp03_multifmt_fma/base/5_route.odb ./results/sky130hd/d_dsp03_multifmt_fma/base/6_1_fill.odb
Elapsed time: 0:00.66[h:]min:sec. CPU time: user 0.54 sys 0.12 (98%). Peak memory: 313412KB.
Log                       Ext     Elapsed/s Peak Memory/MB sha1sum result [0:20)
6_1_fill                  .odb            0            306 8559b47dd37ed05b21ee
cp ./results/sky130hd/d_dsp03_multifmt_fma/base/5_route.sdc ./results/sky130hd/d_dsp03_multifmt_fma/base/6_1_fill.sdc
/OpenROAD-flow-scripts/flow/scripts/flow.sh 6_report final_report
Running final_report.tcl, stage 6_report
read_liberty /OpenROAD-flow-scripts/flow/platforms/sky130hd/lib/sky130_fd_sc_hd__tt_025C_1v80.lib
read_db ./results/sky130hd/d_dsp03_multifmt_fma/base/6_1_fill.odb
read_sdc ./results/sky130hd/d_dsp03_multifmt_fma/base/6_1_fill.sdc
source /OpenROAD-flow-scripts/flow/platforms/sky130hd/setRC.tcl
write_db ./results/sky130hd/d_dsp03_multifmt_fma/base/6_final.odb
write_sdc -no_timestamp ./results/sky130hd/d_dsp03_multifmt_fma/base/6_final.sdc
Deleted 0 routing obstructions
Warning: master sky130_ef_sc_hd__decap_12 has signal pins but no liberty cell
[INFO RCX-0431] Defined process_corner X with ext_model_index 0
[INFO RCX-0029] Defined extraction corner X
[WARNING RCX-0514] The ext_model_file option is deprecated. Use set_extraction_rules_file command instead.
[INFO RCX-0435] Reading extraction model file /OpenROAD-flow-scripts/flow/platforms/sky130hd/rcx_patterns.rules ...
[INFO RCX-0436] RC segment generation fp_multifmt_fma (max_merge_res 50.0) ...
[INFO RCX-0040] Final 103241 rc segments
[INFO RCX-0439] Coupling Cap extraction fp_multifmt_fma ...
[INFO RCX-0440] Coupling threshhold is 0.1000 fF, coupling capacitance less than 0.1000 fF will be grounded.
[INFO RCX-0442] 39% of 232048 wires extracted
[INFO RCX-0442] 59% of 232048 wires extracted
[INFO RCX-0442] 68% of 232048 wires extracted
[INFO RCX-0442] 100% of 232048 wires extracted
[INFO RCX-0045] Extract 28729 nets, 131931 rsegs, 131931 caps, 236663 ccs
[INFO RCX-0443] 28729 nets finished
[INFO PSM-0040] All shapes on net VDD are connected.
########## IR report #################
Net              : VDD
Corner           : default
Total power      : 1.96e-01 W
Supply voltage   : 1.80e+00 V
Worstcase voltage: 1.80e+00 V
Average voltage  : 1.80e+00 V
Average IR drop  : 2.98e-05 V
Worstcase IR drop: 1.47e-03 V
Percentage drop  : 0.08 %
######################################
[INFO PSM-0040] All shapes on net VSS are connected.
########## IR report #################
Net              : VSS
Corner           : default
Total power      : 1.96e-01 W
Supply voltage   : 0.00e+00 V
Worstcase voltage: 1.21e-03 V
Average voltage  : 2.98e-05 V
Average IR drop  : 2.98e-05 V
Worstcase IR drop: 1.21e-03 V
Percentage drop  : 0.07 %
######################################
Cell type report:                       Count       Area
  Fill cell                            171336 1261419.80
  Tap cell                              19844   24828.81
  Antenna cell                             49     122.62
  Timing Repair Buffer                   7327   59325.65
  Inverter                                562    2132.04
  Multi-Input combinational cell        18482  147652.86
  Total                                217600 1495481.79
Report metrics stage 6, finish...
No registers in design

==========================================================================
finish report_design_area
--------------------------------------------------------------------------
Design area 234062 um^2 16% utilization.
[WARNING GUI-0076] QStandardPaths: XDG_RUNTIME_DIR not set, defaulting to '/tmp/runtime-'
Elapsed time: 0:19.51[h:]min:sec. CPU time: user 20.77 sys 3.75 (125%). Peak memory: 1003756KB.
Log                       Ext     Elapsed/s Peak Memory/MB sha1sum result [0:20)
6_report                                 19            980                  N/A
cp /OpenROAD-flow-scripts/flow/platforms/sky130hd/lef/sky130_fd_sc_hd.tlef ./objects/sky130hd/d_dsp03_multifmt_fma/base/klayout_tech.lef
/usr/bin/python3 /OpenROAD-flow-scripts/flow/util/generate_klayout_tech.py \
	--template /OpenROAD-flow-scripts/flow/platforms/sky130hd/sky130hd.lyt \
	--output ./objects/sky130hd/d_dsp03_multifmt_fma/base/klayout.lyt \
	--lef-files ./objects/sky130hd/d_dsp03_multifmt_fma/base/klayout_tech.lef /OpenROAD-flow-scripts/flow/platforms/sky130hd/lef/sky130_fd_sc_hd_merged.lef   \
	--map-files 
/usr/bin/python3 /OpenROAD-flow-scripts/flow/scripts/run_command.py --log /OpenROAD-flow-scripts/flow/logs/sky130hd/d_dsp03_multifmt_fma/base/6_1_merge.log --tee -- \
        /OpenROAD-flow-scripts/flow/scripts/klayout.sh -zz -rd design_name=fp_multifmt_fma \
        -rd in_def=./results/sky130hd/d_dsp03_multifmt_fma/base/6_final.def \
        -rd in_files="/OpenROAD-flow-scripts/flow/platforms/sky130hd/gds/sky130_fd_sc_hd.gds  " \
        -rd seal_file="" \
        -rd out_file=./results/sky130hd/d_dsp03_multifmt_fma/base/6_1_merged.gds \
        -rd tech_file=./objects/sky130hd/d_dsp03_multifmt_fma/base/klayout.lyt \
        -rd layer_map= \
        -r /OpenROAD-flow-scripts/flow/util/def2stream.py
KLayout 0.30.7
[INFO] Reporting cells prior to loading DEF ...
	/OpenROAD-flow-scripts/flow/platforms/sky130hd/gds/sky130_fd_sc_hd.gds
[INFO] All LEF cells have matching GDS/OAS cells
[INFO] No orphan cells in the final layout
Elapsed time: 0:02.92[h:]min:sec. CPU time: user 2.71 sys 0.21 (99%). Peak memory: 674884KB.
cp results/sky130hd/d_dsp03_multifmt_fma/base/6_1_merged.gds results/sky130hd/d_dsp03_multifmt_fma/base/6_final.gds
./logs/sky130hd/d_dsp03_multifmt_fma/base
Log                       Ext     Elapsed/s Peak Memory/MB sha1sum result [0:20)
1_1_yosys_canonicalize    .rtlil          0             68 b3a63c3fd5704aa92097
1_2_yosys                 .v             84            214 a1250e3ed55912f57568
1_2_yosys                 .sdc                             95fedfb2a7e96a963bd7
1_synth                   .odb            0            179 8ef6ca5acd5168dd5e94
1_synth                   .sdc                             2d564ad6a74b6deb4719
2_1_floorplan             .odb           54            218 dae3de38b7453b0200ed
2_1_floorplan             .sdc                             2d564ad6a74b6deb4719
2_2_floorplan_macro       .odb            0            156 dae3de38b7453b0200ed
2_3_floorplan_tapcell     .odb            0            155 9a0ca856801aae0c3c02
2_4_floorplan_pdn         .odb            1            232 5917090764591f6ae064
3_1_place_gp_skip_io      .odb            9            228 0ca02dd9b311e34f7d1f
3_2_place_iop             .odb            0            185 174bae26c855e10acf59
3_3_place_gp              .odb           80            633 1d04a1c960c7576e1174
3_4_place_resized         .odb            4            261 1d04a1c960c7576e1174
3_5_place_dp              .odb            9            335 471cfae51f9f15d2de67
4_1_cts                   .odb           55            348 56e719a90741736a2ab9
5_1_grt                   .odb          425            913 b296d7a09952dbb65a33
5_1_grt                   .sdc                             4e50d558e49a556cc365
5_2_route                 .odb          479           3127 8d16aefa0d11fe4e0295
5_3_fillcell              .odb            1            429 8559b47dd37ed05b21ee
6_1_fill                  .odb            0            306 8559b47dd37ed05b21ee
6_1_fill                  .sdc                             4e50d558e49a556cc365
6_1_merge                                 2            659                  N/A
6_report                                 19            980                  N/A
Total                                  1222           3127                     
