clean build: wiped sky130hd/d_nw03_cand_gemini_v2 (results, logs, objects, reports)
constraining to CLK_PERIOD_NS=8.0000 (SDC + synthesis)
OPENROAD: /OpenROAD-flow-scripts/tools/OpenROAD
mkdir -p results/sky130hd/d_nw03_cand_gemini_v2/base/
echo 8000 > results/sky130hd/d_nw03_cand_gemini_v2/base/clock_period.txt
/OpenROAD-flow-scripts/flow/scripts/synth.sh /OpenROAD-flow-scripts/flow/scripts/synth_canonicalize.tcl ./logs/sky130hd/d_nw03_cand_gemini_v2/base/1_1_yosys_canonicalize.log
Using ABC speed script.
Extracting clock period from SDC file: ./results/sky130hd/d_nw03_cand_gemini_v2/base/clock_period.txt
Setting clock period to 8000
1. Executing Liberty frontend: /OpenROAD-flow-scripts/flow/platforms/sky130hd/lib/sky130_fd_sc_hd__tt_025C_1v80.lib
2. Executing Liberty frontend: /OpenROAD-flow-scripts/flow/platforms/sky130hd/lib/sky130_fd_sc_hd__tt_025C_1v80.lib
3. Executing SLANG frontend.
3.1. Executing PROC_CLEAN pass (remove empty switches from decision trees).
3.2. Executing TRIBUF pass.
3.3. Executing PROC_RMDEAD pass (remove dead branches from decision trees).
3.4. Executing PROC_PRUNE pass (remove redundant assignments in processes).
3.5. Executing PROC_INIT pass (extract init attributes).
3.6. Executing PROC_ROM pass (convert switches to ROMs).
3.7. Executing PROC_MUX pass (convert decision trees to multiplexers).
3.8. Executing PROC_CLEAN pass (remove empty switches from decision trees).
3.9. Executing OPT_EXPR pass (perform const folding).
4. Executing HIERARCHY pass (managing design hierarchy).
4.1. Analyzing design hierarchy..
4.2. Analyzing design hierarchy..
5. Executing OPT_CLEAN pass (remove unused cells and wires).
6. Executing RTLIL backend.
End of script. Logfile hash: 0bba01abf4, time: 0.43s, user: 0.35s, system: 0.03s, MEM: 79.54 MB peak
Yosys 0.68+post (git sha1 UNKNOWN, Release, GNU /usr/local/bin/wrapped-cc/g++ 11.4.0)
Time spent: 40% 2x read_slang (0 sec), 31% 4x read_liberty (0 sec), ...
Elapsed time: 0:00.49[h:]min:sec. CPU time: user 0.45 sys 0.04 (97%). Peak memory: 83836KB.
Log                       Ext     Elapsed/s Peak Memory/MB sha1sum result [0:20)
1_1_yosys_canonicalize    .rtlil          0             81 14be95ddefd8033537de
/OpenROAD-flow-scripts/flow/scripts/synth.sh /OpenROAD-flow-scripts/flow/scripts/synth.tcl ./logs/sky130hd/d_nw03_cand_gemini_v2/base/1_2_yosys.log
Using ABC speed script.
Extracting clock period from SDC file: ./results/sky130hd/d_nw03_cand_gemini_v2/base/clock_period.txt
Setting clock period to 8000
1. Executing RTLIL frontend.
2. Executing HIERARCHY pass (managing design hierarchy).
2.1. Analyzing design hierarchy..
2.2. Analyzing design hierarchy..
3. Executing SYNTH pass.
3.1. Executing HIERARCHY pass (managing design hierarchy).
3.1.1. Analyzing design hierarchy..
3.1.2. Analyzing design hierarchy..
3.2. Executing PROC pass (convert processes to netlists).
3.2.1. Executing PROC_CLEAN pass (remove empty switches from decision trees).
3.2.2. Executing PROC_RMDEAD pass (remove dead branches from decision trees).
3.2.3. Executing PROC_PRUNE pass (remove redundant assignments in processes).
3.2.4. Executing PROC_INIT pass (extract init attributes).
3.2.5. Executing PROC_ARST pass (detect async resets in processes).
3.2.6. Executing PROC_ROM pass (convert switches to ROMs).
3.2.7. Executing PROC_MUX pass (convert decision trees to multiplexers).
3.2.8. Executing PROC_DLATCH pass (convert process syncs to latches).
3.2.9. Executing PROC_DFF pass (convert process syncs to FFs).
3.2.10. Executing PROC_MEMWR pass (convert process memory writes to cells).
3.2.11. Executing PROC_CLEAN pass (remove empty switches from decision trees).
3.2.12. Executing OPT_EXPR pass (perform const folding).
3.3. Executing CHECK pass (checking for obvious problems).
3.4. Executing FLATTEN pass (flatten design).
3.5. Executing OPT_EXPR pass (perform const folding).
3.6. Executing OPT_CLEAN pass (remove unused cells and wires).
3.7. Executing CHECK pass (checking for obvious problems).
3.8. Executing OPT pass (performing simple optimizations).
3.8.1. Executing OPT_EXPR pass (perform const folding).
3.8.2. Executing OPT_MERGE pass (detect identical cells).
3.8.3. Executing OPT_MUXTREE pass (detect dead branches in mux trees).
3.8.4. Executing OPT_REDUCE pass (consolidate $*mux and $reduce_* inputs).
3.8.5. Executing OPT_MERGE pass (detect identical cells).
3.8.6. Executing OPT_DFF pass (perform DFF optimizations).
3.8.7. Executing OPT_CLEAN pass (remove unused cells and wires).
3.8.8. Executing OPT_EXPR pass (perform const folding).
3.8.9. Rerunning OPT passes. (Maybe there is more to do..)
3.8.10. Executing OPT_MUXTREE pass (detect dead branches in mux trees).
3.8.11. Executing OPT_REDUCE pass (consolidate $*mux and $reduce_* inputs).
3.8.12. Executing OPT_MERGE pass (detect identical cells).
3.8.13. Executing OPT_DFF pass (perform DFF optimizations).
3.8.14. Executing OPT_CLEAN pass (remove unused cells and wires).
3.8.15. Executing OPT_EXPR pass (perform const folding).
3.8.16. Finished fast OPT passes. (There is nothing left to do.)
3.9. Executing FSM pass (extract and optimize FSM).
3.9.1. Executing FSM_DETECT pass (finding FSMs in design).
3.9.2. Executing FSM_EXTRACT pass (extracting FSM from design).
3.9.3. Executing FSM_OPT pass (simple optimizations of FSMs).
3.9.4. Executing OPT_CLEAN pass (remove unused cells and wires).
3.9.5. Executing FSM_OPT pass (simple optimizations of FSMs).
3.9.6. Executing FSM_RECODE pass (re-assigning FSM state encoding).
3.9.7. Executing FSM_INFO pass (dumping all available information on FSM cells).
3.9.8. Executing FSM_MAP pass (mapping FSMs to basic logic).
3.10. Executing OPT pass (performing simple optimizations).
3.10.1. Executing OPT_EXPR pass (perform const folding).
3.10.2. Executing OPT_MERGE pass (detect identical cells).
3.10.3. Executing OPT_MUXTREE pass (detect dead branches in mux trees).
3.10.4. Executing OPT_REDUCE pass (consolidate $*mux and $reduce_* inputs).
3.10.5. Executing OPT_MERGE pass (detect identical cells).
3.10.6. Executing OPT_DFF pass (perform DFF optimizations).
3.10.7. Executing OPT_CLEAN pass (remove unused cells and wires).
3.10.8. Executing OPT_EXPR pass (perform const folding).
3.10.9. Rerunning OPT passes. (Maybe there is more to do..)
3.10.10. Executing OPT_MUXTREE pass (detect dead branches in mux trees).
3.10.11. Executing OPT_REDUCE pass (consolidate $*mux and $reduce_* inputs).
3.10.12. Executing OPT_MERGE pass (detect identical cells).
3.10.13. Executing OPT_DFF pass (perform DFF optimizations).
3.10.14. Executing OPT_CLEAN pass (remove unused cells and wires).
3.10.15. Executing OPT_EXPR pass (perform const folding).
3.10.16. Finished fast OPT passes. (There is nothing left to do.)
3.11. Executing WREDUCE pass (reducing word size of cells).
3.12. Executing PEEPOPT pass (run peephole optimizers).
3.13. Executing OPT_CLEAN pass (remove unused cells and wires).
3.14. Executing ALUMACC pass (create $alu and $macc cells).
3.15. Executing SHARE pass (SAT-based resource sharing).
3.16. Executing OPT pass (performing simple optimizations).
3.16.1. Executing OPT_EXPR pass (perform const folding).
3.16.2. Executing OPT_MERGE pass (detect identical cells).
3.16.3. Executing OPT_MUXTREE pass (detect dead branches in mux trees).
3.16.4. Executing OPT_REDUCE pass (consolidate $*mux and $reduce_* inputs).
3.16.5. Executing OPT_MERGE pass (detect identical cells).
3.16.6. Executing OPT_DFF pass (perform DFF optimizations).
3.16.7. Executing OPT_CLEAN pass (remove unused cells and wires).
3.16.8. Executing OPT_EXPR pass (perform const folding).
3.16.9. Rerunning OPT passes. (Maybe there is more to do..)
3.16.10. Executing OPT_MUXTREE pass (detect dead branches in mux trees).
3.16.11. Executing OPT_REDUCE pass (consolidate $*mux and $reduce_* inputs).
3.16.12. Executing OPT_MERGE pass (detect identical cells).
3.16.13. Executing OPT_DFF pass (perform DFF optimizations).
3.16.14. Executing OPT_CLEAN pass (remove unused cells and wires).
3.16.15. Executing OPT_EXPR pass (perform const folding).
3.16.16. Finished fast OPT passes. (There is nothing left to do.)
3.17. Executing MEMORY pass.
3.17.1. Executing OPT_MEM pass (optimize memories).
3.17.2. Executing OPT_MEM_PRIORITY pass (removing unnecessary memory write priority relations).
3.17.3. Executing OPT_MEM_FEEDBACK pass (finding memory read-to-write feedback paths).
3.17.4. Executing MEMORY_BMUX2ROM pass (converting muxes to ROMs).
3.17.5. Executing MEMORY_DFF pass (merging $dff cells to $memrd).
3.17.6. Executing OPT_CLEAN pass (remove unused cells and wires).
3.17.7. Executing MEMORY_SHARE pass (consolidating $memrd/$memwr cells).
3.17.8. Executing OPT_MEM_WIDEN pass (optimize memories where all ports are wide).
3.17.9. Executing OPT_CLEAN pass (remove unused cells and wires).
3.17.10. Executing MEMORY_COLLECT pass (generating $mem cells).
3.18. Executing OPT_CLEAN pass (remove unused cells and wires).
4. Executing SYNTH pass.
4.1. Executing OPT pass (performing simple optimizations).
4.1.1. Executing OPT_EXPR pass (perform const folding).
4.1.2. Executing OPT_MERGE pass (detect identical cells).
4.1.3. Executing OPT_DFF pass (perform DFF optimizations).
4.1.4. Executing OPT_CLEAN pass (remove unused cells and wires).
4.1.5. Finished fast OPT passes.
4.2. Executing MEMORY_MAP pass (converting memories to logic and flip-flops).
4.3. Executing OPT pass (performing simple optimizations).
4.3.1. Executing OPT_EXPR pass (perform const folding).
4.3.2. Executing OPT_MERGE pass (detect identical cells).
4.3.3. Executing OPT_MUXTREE pass (detect dead branches in mux trees).
4.3.4. Executing OPT_REDUCE pass (consolidate $*mux and $reduce_* inputs).
4.3.5. Executing OPT_MERGE pass (detect identical cells).
4.3.6. Executing OPT_SHARE pass.
4.3.7. Executing OPT_DFF pass (perform DFF optimizations).
4.3.8. Executing OPT_CLEAN pass (remove unused cells and wires).
4.3.9. Executing OPT_EXPR pass (perform const folding).
4.3.10. Rerunning OPT passes. (Maybe there is more to do..)
4.3.11. Executing OPT_MUXTREE pass (detect dead branches in mux trees).
4.3.12. Executing OPT_REDUCE pass (consolidate $*mux and $reduce_* inputs).
4.3.13. Executing OPT_MERGE pass (detect identical cells).
4.3.14. Executing OPT_SHARE pass.
4.3.15. Executing OPT_DFF pass (perform DFF optimizations).
4.3.16. Executing OPT_CLEAN pass (remove unused cells and wires).
4.3.17. Executing OPT_EXPR pass (perform const folding).
4.3.18. Rerunning OPT passes. (Maybe there is more to do..)
4.3.19. Executing OPT_MUXTREE pass (detect dead branches in mux trees).
4.3.20. Executing OPT_REDUCE pass (consolidate $*mux and $reduce_* inputs).
4.3.21. Executing OPT_MERGE pass (detect identical cells).
4.3.22. Executing OPT_SHARE pass.
4.3.23. Executing OPT_DFF pass (perform DFF optimizations).
4.3.24. Executing OPT_CLEAN pass (remove unused cells and wires).
4.3.25. Executing OPT_EXPR pass (perform const folding).
4.3.26. Finished fast OPT passes. (There is nothing left to do.)
4.4. Executing TECHMAP pass (map to technology primitives).
4.4.1. Executing Verilog-2005 frontend: /OpenROAD-flow-scripts/tools/install/yosys/bin/../share/yosys/techmap.v
4.4.2. Executing Verilog-2005 frontend: /OpenROAD-flow-scripts/flow/platforms/common/lcu_kogge_stone.v
4.4.3. Continuing TECHMAP pass.
4.5. Executing OPT pass (performing simple optimizations).
4.5.1. Executing OPT_EXPR pass (perform const folding).
4.5.2. Executing OPT_MERGE pass (detect identical cells).
4.5.3. Executing OPT_DFF pass (perform DFF optimizations).
4.5.4. Executing OPT_CLEAN pass (remove unused cells and wires).
4.5.5. Finished fast OPT passes.
4.6. Executing HIERARCHY pass (managing design hierarchy).
4.6.1. Analyzing design hierarchy..
4.6.2. Analyzing design hierarchy..
4.7. Printing statistics.
4.8. Executing CHECK pass (checking for obvious problems).
5. Executing OPT pass (performing simple optimizations).
5.1. Executing OPT_EXPR pass (perform const folding).
5.2. Executing OPT_MERGE pass (detect identical cells).
5.3. Executing OPT_MUXTREE pass (detect dead branches in mux trees).
5.4. Executing OPT_REDUCE pass (consolidate $*mux and $reduce_* inputs).
5.5. Executing OPT_MERGE pass (detect identical cells).
5.6. Executing OPT_DFF pass (perform DFF optimizations).
5.7. Executing OPT_CLEAN pass (remove unused cells and wires).
5.8. Executing OPT_EXPR pass (perform const folding).
5.9. Finished fast OPT passes. (There is nothing left to do.)
6. Executing EXTRACT_FA pass (find and extract full/half adders).
7. Executing TECHMAP pass (map to technology primitives).
7.1. Executing Verilog-2005 frontend: /OpenROAD-flow-scripts/flow/platforms/sky130hd/cells_adders_hd.v
7.2. Continuing TECHMAP pass.
8. Executing TECHMAP pass (map to technology primitives).
8.1. Executing Verilog-2005 frontend: /OpenROAD-flow-scripts/tools/install/yosys/bin/../share/yosys/techmap.v
8.2. Continuing TECHMAP pass.
9. Executing OPT pass (performing simple optimizations).
9.1. Executing OPT_EXPR pass (perform const folding).
9.2. Executing OPT_MERGE pass (detect identical cells).
9.3. Executing OPT_DFF pass (perform DFF optimizations).
9.4. Executing OPT_CLEAN pass (remove unused cells and wires).
9.5. Finished fast OPT passes.
10. Executing DFFLEGALIZE pass (convert FFs to types supported by the target).
11. Executing TECHMAP pass (map to technology primitives).
11.1. Executing Verilog-2005 frontend: /OpenROAD-flow-scripts/flow/platforms/sky130hd/cells_latch_hd.v
11.2. Continuing TECHMAP pass.
12. Executing DFFLIBMAP pass (mapping DFF cells to sequential cells from liberty file).
12.1. Executing DFFLEGALIZE pass (convert FFs to types supported by the target).
13. Executing OPT pass (performing simple optimizations).
13.1. Executing OPT_EXPR pass (perform const folding).
13.2. Executing OPT_MERGE pass (detect identical cells).
13.3. Executing OPT_MUXTREE pass (detect dead branches in mux trees).
13.4. Executing OPT_REDUCE pass (consolidate $*mux and $reduce_* inputs).
13.5. Executing OPT_MERGE pass (detect identical cells).
13.6. Executing OPT_DFF pass (perform DFF optimizations).
13.7. Executing OPT_CLEAN pass (remove unused cells and wires).
13.8. Executing OPT_EXPR pass (perform const folding).
13.9. Finished fast OPT passes. (There is nothing left to do.)
14. Executing SETUNDEF pass (replace undef values with defined constants).
abc -script /OpenROAD-flow-scripts/flow/scripts/abc_speed.script -liberty /OpenROAD-flow-scripts/flow/platforms/sky130hd/lib/sky130_fd_sc_hd__tt_025C_1v80.lib -dont_use sky130_fd_sc_hd__probe_p_8 -dont_use sky130_fd_sc_hd__probec_p_8 -dont_use sky130_fd_sc_hd__lpflow_bleeder_1 -dont_use sky130_fd_sc_hd__lpflow_clkbufkapwr_1 -dont_use sky130_fd_sc_hd__lpflow_clkbufkapwr_16 -dont_use sky130_fd_sc_hd__lpflow_clkbufkapwr_2 -dont_use sky130_fd_sc_hd__lpflow_clkbufkapwr_4 -dont_use sky130_fd_sc_hd__lpflow_clkbufkapwr_8 -dont_use sky130_fd_sc_hd__lpflow_clkinvkapwr_1 -dont_use sky130_fd_sc_hd__lpflow_clkinvkapwr_16 -dont_use sky130_fd_sc_hd__lpflow_clkinvkapwr_2 -dont_use sky130_fd_sc_hd__lpflow_clkinvkapwr_4 -dont_use sky130_fd_sc_hd__lpflow_clkinvkapwr_8 -dont_use sky130_fd_sc_hd__lpflow_decapkapwr_12 -dont_use sky130_fd_sc_hd__lpflow_decapkapwr_3 -dont_use sky130_fd_sc_hd__lpflow_decapkapwr_4 -dont_use sky130_fd_sc_hd__lpflow_decapkapwr_6 -dont_use sky130_fd_sc_hd__lpflow_decapkapwr_8 -dont_use sky130_fd_sc_hd__lpflow_inputiso0n_1 -dont_use sky130_fd_sc_hd__lpflow_inputiso0p_1 -dont_use sky130_fd_sc_hd__lpflow_inputiso1n_1 -dont_use sky130_fd_sc_hd__lpflow_inputiso1p_1 -dont_use sky130_fd_sc_hd__lpflow_inputisolatch_1 -dont_use sky130_fd_sc_hd__lpflow_isobufsrc_1 -dont_use sky130_fd_sc_hd__lpflow_isobufsrc_16 -dont_use sky130_fd_sc_hd__lpflow_isobufsrc_2 -dont_use sky130_fd_sc_hd__lpflow_isobufsrc_4 -dont_use sky130_fd_sc_hd__lpflow_isobufsrc_8 -dont_use sky130_fd_sc_hd__lpflow_isobufsrckapwr_16 -dont_use sky130_fd_sc_hd__lpflow_lsbuf_lh_hl_isowell_tap_1 -dont_use sky130_fd_sc_hd__lpflow_lsbuf_lh_hl_isowell_tap_2 -dont_use sky130_fd_sc_hd__lpflow_lsbuf_lh_hl_isowell_tap_4 -dont_use sky130_fd_sc_hd__lpflow_lsbuf_lh_isowell_4 -dont_use sky130_fd_sc_hd__lpflow_lsbuf_lh_isowell_tap_1 -dont_use sky130_fd_sc_hd__lpflow_lsbuf_lh_isowell_tap_2 -dont_use sky130_fd_sc_hd__lpflow_lsbuf_lh_isowell_tap_4 -constr ./objects/sky130hd/d_nw03_cand_gemini_v2/base/abc.constr -D 8000
15. Executing ABC pass (technology mapping using ABC).
15.1. Extracting gate netlist of module `\axis_switch_oq' to `<abc-temp-dir>/input.blif'..
15.1.1. Executed ABC.
15.1.2. Re-integrating ABC results.
16. Executing SPLITNETS pass (splitting up multi-bit signals).
17. Executing OPT_CLEAN pass (remove unused cells and wires).
18. Executing HILOMAP pass (mapping to constant drivers).
19. Executing INSBUF pass (insert buffer cells for connected wires).
20. Executing CHECK pass (checking for obvious problems).
21. Printing statistics.
22. Executing CHECK pass (checking for obvious problems).
23. Executing Verilog backend.
23.1. Executing BMUXMAP pass.
23.2. Executing DEMUXMAP pass.
End of script. Logfile hash: 3dea3a46ec, time: 5.98s, user: 1.81s, system: 0.11s, MEM: 98.30 MB peak
Yosys 0.68+post (git sha1 UNKNOWN, Release, GNU /usr/local/bin/wrapped-cc/g++ 11.4.0)
Time spent: 69% 1x abc (4 sec), 4% 24x opt_clean (0 sec), ...
Elapsed time: 0:06.05[h:]min:sec. CPU time: user 5.95 sys 0.14 (100%). Peak memory: 102284KB.
Log                       Ext     Elapsed/s Peak Memory/MB sha1sum result [0:20)
1_2_yosys                 .v              6             99 bd9a5b5857b02918c8dc
cp /work/domains/networking/design/d_nw03_axis_switch_oq/orfs/constraint.sdc ./results/sky130hd/d_nw03_cand_gemini_v2/base/1_2_yosys.sdc
OpenROAD 26Q3-1080-gab6fd26351 
Features included (+) or not (-): +GPU +GUI +Python
This program is licensed under the BSD-3 license. See the LICENSE file for details.
Components of this program may be licensed under more restrictive licenses which must be honored.
[INFO ORD-0030] Using 10 thread(s).
mkdir -p ./objects/sky130hd/d_nw03_cand_gemini_v2/base
/OpenROAD-flow-scripts/flow/scripts/flow.sh 1_synth synth_odb
Running synth_odb.tcl, stage 1_synth
read_liberty /OpenROAD-flow-scripts/flow/platforms/sky130hd/lib/sky130_fd_sc_hd__tt_025C_1v80.lib
[INFO ODB-0227] LEF file: /OpenROAD-flow-scripts/flow/platforms/sky130hd/lef/sky130_fd_sc_hd.tlef, created 13 layers, 25 vias
[INFO ODB-0227] LEF file: /OpenROAD-flow-scripts/flow/platforms/sky130hd/lef/sky130_fd_sc_hd_merged.lef, created 441 library cells
link_design axis_switch_oq
read_sdc ./results/sky130hd/d_nw03_cand_gemini_v2/base/1_2_yosys.sdc
source /OpenROAD-flow-scripts/flow/platforms/sky130hd/setRC.tcl
eliminate_dead_logic
Removed 0 unused instances and 0 unused nets.
Design area 97619 um^2 100% utilization.
write_db ./results/sky130hd/d_nw03_cand_gemini_v2/base/1_synth.odb
write_sdc -no_timestamp ./results/sky130hd/d_nw03_cand_gemini_v2/base/1_synth.sdc
Elapsed time: 0:00.75[h:]min:sec. CPU time: user 0.68 sys 0.03 (95%). Peak memory: 157876KB.
Log                       Ext     Elapsed/s Peak Memory/MB sha1sum result [0:20)
1_synth                   .odb            0            154 1946bd9071eb5ffcf1d6
1_synth                   .sdc                             8244cb436bcadee6f88f
/OpenROAD-flow-scripts/flow/scripts/flow.sh 2_1_floorplan floorplan
Running floorplan.tcl, stage 2_1_floorplan
read_liberty /OpenROAD-flow-scripts/flow/platforms/sky130hd/lib/sky130_fd_sc_hd__tt_025C_1v80.lib
read_db ./results/sky130hd/d_nw03_cand_gemini_v2/base/1_synth.odb
read_sdc ./results/sky130hd/d_nw03_cand_gemini_v2/base/1_synth.sdc
source /OpenROAD-flow-scripts/flow/platforms/sky130hd/setRC.tcl
Master sky130_ef_sc_hd__decap_12 is loaded but not used in the design

==========================================================================
Floorplan check_setup
--------------------------------------------------------------------------
number instances in verilog is 4443
[INFO IFP-0107] Defining die area using utilization: 10.00% and aspect ratio: 1.
[WARNING IFP-0028] Core area lower left (1.000, 1.000) snapped to (1.380, 2.720).
[INFO IFP-0001] Added 362 rows of 2147 site unithd.
[INFO IFP-0100] Die BBox:  (  0.000  0.000 ) ( 990.020 990.020 ) um
[INFO IFP-0101] Core BBox: (  1.380  2.720 ) ( 989.000 987.360 ) um
[INFO IFP-0102] Core area:                       972450.157 um^2
[INFO IFP-0103] Total instances area:             97618.624 um^2
[INFO IFP-0104] Effective utilization:                0.100
[INFO IFP-0105] Number of instances:                   4443
source /OpenROAD-flow-scripts/flow/platforms/sky130hd/make_tracks.tcl
source /OpenROAD-flow-scripts/flow/platforms/sky130hd/fastroute.tcl
Repair tie lo fanout...
Repair tie hi fanout...
repair_timing -setup_margin 0 -hold_margin 0 -repair_tns 100 -match_cell_footprint -setup -skip_last_gasp -sequence unbuffer,sizeup,swap,vt_swap -verbose
[WARNING EST-0027] no estimated parasitics. Using wire load models.
[INFO RSZ-0100] Repair move sequence: UnbufferMove SizeUpMove SwapPinsMove 
[INFO RSZ-0098] No setup violations found
[INFO RSZ-0505] Runtime: 0.07s
Default units for flow
 time 1ns
 capacitance 1pF
 resistance 1kohm
 voltage 1v
 current 1mA
 power 1nW
 distance 1um
   Layer   | Unit Resistance | Unit Capacitance 
           |       (kohm/um) |          (pF/um)
------------------------------------------------
       li1 |        7.18e-02 |         1.50e-04
      met1 |        1.21e-03 |         1.72e-04
      met2 |        1.22e-03 |         1.36e-04
      met3 |        1.66e-04 |         2.15e-04
      met4 |        1.68e-04 |         1.48e-04
      met5 |        1.84e-05 |         1.54e-04
------------------------------------------------

   Layer   | Via Resistance 
           |         (kohm) 
----------------------------
      mcon |       9.25e-03 
       via |       4.50e-03 
      via2 |       3.37e-03 
      via3 |       3.77e-04 
      via4 |       5.80e-06 
----------------------------
Report metrics stage 2, floorplan final...

==========================================================================
floorplan final report_design_area
--------------------------------------------------------------------------
Design area 97619 um^2 10% utilization.
write_db ./results/sky130hd/d_nw03_cand_gemini_v2/base/2_1_floorplan.odb
write_sdc -no_timestamp ./results/sky130hd/d_nw03_cand_gemini_v2/base/2_1_floorplan.sdc
Elapsed time: 0:02.20[h:]min:sec. CPU time: user 2.24 sys 0.13 (107%). Peak memory: 203028KB.
Log                       Ext     Elapsed/s Peak Memory/MB sha1sum result [0:20)
2_1_floorplan             .odb            2            198 b5cb7c58e67ee80b2e64
2_1_floorplan             .sdc                             8244cb436bcadee6f88f
/OpenROAD-flow-scripts/flow/scripts/flow.sh 2_2_floorplan_macro macro_place
Running macro_place.tcl, stage 2_2_floorplan_macro
read_liberty /OpenROAD-flow-scripts/flow/platforms/sky130hd/lib/sky130_fd_sc_hd__tt_025C_1v80.lib
read_db ./results/sky130hd/d_nw03_cand_gemini_v2/base/2_1_floorplan.odb
read_sdc ./results/sky130hd/d_nw03_cand_gemini_v2/base/2_1_floorplan.sdc
source /OpenROAD-flow-scripts/flow/platforms/sky130hd/setRC.tcl
No macros found: Skipping macro_placement
Design area 97619 um^2 10% utilization.
write_db ./results/sky130hd/d_nw03_cand_gemini_v2/base/2_2_floorplan_macro.odb
Elapsed time: 0:00.61[h:]min:sec. CPU time: user 0.56 sys 0.03 (97%). Peak memory: 151120KB.
Log                       Ext     Elapsed/s Peak Memory/MB sha1sum result [0:20)
2_2_floorplan_macro       .odb            0            147 b5cb7c58e67ee80b2e64
/OpenROAD-flow-scripts/flow/scripts/flow.sh 2_3_floorplan_tapcell tapcell
Running tapcell.tcl, stage 2_3_floorplan_tapcell
read_liberty /OpenROAD-flow-scripts/flow/platforms/sky130hd/lib/sky130_fd_sc_hd__tt_025C_1v80.lib
read_db ./results/sky130hd/d_nw03_cand_gemini_v2/base/2_2_floorplan_macro.odb
read_sdc ./results/sky130hd/d_nw03_cand_gemini_v2/base/2_1_floorplan.sdc
source /OpenROAD-flow-scripts/flow/platforms/sky130hd/setRC.tcl
[INFO TAP-0005] Inserted 12922 tapcells.
Design area 113787 um^2 12% utilization.
write_db ./results/sky130hd/d_nw03_cand_gemini_v2/base/2_3_floorplan_tapcell.odb
Elapsed time: 0:00.65[h:]min:sec. CPU time: user 0.58 sys 0.03 (94%). Peak memory: 154928KB.
Log                       Ext     Elapsed/s Peak Memory/MB sha1sum result [0:20)
2_3_floorplan_tapcell     .odb            0            151 594e95ca40dfa1148153
/OpenROAD-flow-scripts/flow/scripts/flow.sh 2_4_floorplan_pdn pdn
Running pdn.tcl, stage 2_4_floorplan_pdn
read_liberty /OpenROAD-flow-scripts/flow/platforms/sky130hd/lib/sky130_fd_sc_hd__tt_025C_1v80.lib
read_db ./results/sky130hd/d_nw03_cand_gemini_v2/base/2_3_floorplan_tapcell.odb
read_sdc ./results/sky130hd/d_nw03_cand_gemini_v2/base/2_1_floorplan.sdc
source /OpenROAD-flow-scripts/flow/platforms/sky130hd/setRC.tcl
[WARNING PDN-1051] No instances found for grid (CORE_macro_grid_1).
[WARNING PDN-1051] No instances found for grid (CORE_macro_grid_2).
[INFO PDN-0001] Inserting grid: grid
[INFO PDN-0500] Runtime: 0.32s
Design area 113787 um^2 12% utilization.
write_db ./results/sky130hd/d_nw03_cand_gemini_v2/base/2_4_floorplan_pdn.odb
Elapsed time: 0:01.16[h:]min:sec. CPU time: user 1.07 sys 0.05 (96%). Peak memory: 205372KB.
Log                       Ext     Elapsed/s Peak Memory/MB sha1sum result [0:20)
2_4_floorplan_pdn         .odb            1            200 31640ccc25f46dbf9e4b
cp ./results/sky130hd/d_nw03_cand_gemini_v2/base/2_4_floorplan_pdn.odb ./results/sky130hd/d_nw03_cand_gemini_v2/base/2_floorplan.odb
cp ./results/sky130hd/d_nw03_cand_gemini_v2/base/2_1_floorplan.sdc ./results/sky130hd/d_nw03_cand_gemini_v2/base/2_floorplan.sdc
/OpenROAD-flow-scripts/flow/scripts/flow.sh 3_1_place_gp_skip_io global_place_skip_io
Running global_place_skip_io.tcl, stage 3_1_place_gp_skip_io
read_liberty /OpenROAD-flow-scripts/flow/platforms/sky130hd/lib/sky130_fd_sc_hd__tt_025C_1v80.lib
read_db ./results/sky130hd/d_nw03_cand_gemini_v2/base/2_floorplan.odb
read_sdc ./results/sky130hd/d_nw03_cand_gemini_v2/base/2_floorplan.sdc
source /OpenROAD-flow-scripts/flow/platforms/sky130hd/setRC.tcl
global_placement -skip_io -density 0.5 -pad_left 0 -pad_right 0
[INFO GPL-0001] ---- Initialize GPL Main Data Structures
[INFO GPL-0002] DBU: 1000
[INFO GPL-0003] SiteSize: (  0.460  2.720 ) um
[INFO GPL-0004] CoreBBox: (  1.380  2.720 ) ( 989.000 987.360 ) um
[INFO GPL-0016] Core area:                  972450.157 um^2
[INFO GPL-0036] Movable instances area:      97618.624 um^2
[INFO GPL-0037] Total instances area:       113786.630 um^2
[INFO GPL-0035] Pin density area adjust:      3339.997 um^2
[INFO GPL-0032] ---- Initialize Region: Top-level
[INFO GPL-0006] Number of instances:             17365
[INFO GPL-0007] Movable instances:                4443
[INFO GPL-0008] Fixed instances:                 12922
[INFO GPL-0009] Dummy instances:                     0
[INFO GPL-0010] Number of nets:                   4629
[INFO GPL-0011] Number of pins:                  19591
[INFO GPL-0012] Die BBox:       (  0.000  0.000 ) ( 990.020 990.020 ) um
[INFO GPL-0013] Placement BBox: (  1.380  2.720 ) ( 989.000 987.360 ) um
[INFO GPL-0014] Region name: top-level.
[INFO GPL-0015] Region area:                972450.157 um^2
[INFO GPL-0017] Fixed instances area:        16168.006 um^2
[INFO GPL-0018] Movable instances area:     100958.621 um^2
[INFO GPL-0019] Utilization:                    10.557 %
[INFO GPL-0020] Standard cells area:        100958.621 um^2
[INFO GPL-0021] Large instances area:            0.000 um^2
[INFO GPL-0005] ---- Execute Conjugate Gradient Initial Placement.
[INFO GPL-0051] Source of initial instance position counters:
	Odb location = 0	Core center = 4443	Region center = 0
[INFO GPL-0033] ---- Initialize Nesterov Region: Top-level
[INFO GPL-0023] Placement target density:       0.5000
[INFO GPL-0024] Movable insts average area:     22.723 um^2
[INFO GPL-0025] Ideal bin area:                 45.446 um^2
[INFO GPL-0026] Ideal bin count:                 21397
[INFO GPL-0027] Total bin area:             972450.157 um^2
[INFO GPL-0028] Bin count (X, Y):         128 ,    128
[INFO GPL-0029] Bin size (W * H):       7.716 *  7.692 um
[INFO GPL-0030] Number of bins:                  16384
[INFO GPL-0084] ---- Execute Nesterov Global Placement.
[INFO GPL-0031] HPWL: Half-Perimeter Wirelength
Iteration | Overflow |     HPWL (um) |  HPWL(%) |   Penalty | Group
---------------------------------------------------------------
        0 |   0.9986 |  1.388249e+04 |   +0.00% |  1.27e-15 |      
       10 |   0.9974 |  4.845643e+03 |  -65.10% |  2.07e-15 |      
       20 |   0.9974 |  4.738308e+03 |   -2.22% |  3.37e-15 |      
       30 |   0.9974 |  4.683327e+03 |   -1.16% |  5.50e-15 |      
       40 |   0.9974 |  4.639380e+03 |   -0.94% |  8.95e-15 |      
       50 |   0.9974 |  4.622913e+03 |   -0.35% |  1.46e-14 |      
       60 |   0.9974 |  4.626140e+03 |   +0.07% |  2.38e-14 |      
       70 |   0.9974 |  4.641770e+03 |   +0.34% |  3.87e-14 |      
       80 |   0.9974 |  4.656549e+03 |   +0.32% |  6.30e-14 |      
       90 |   0.9969 |  4.674685e+03 |   +0.39% |  1.03e-13 |      
      100 |   0.9968 |  4.781407e+03 |   +2.28% |  1.67e-13 |      
      110 |   0.9961 |  5.457662e+03 |  +14.14% |  2.72e-13 |      
      120 |   0.9928 |  6.989277e+03 |  +28.06% |  4.44e-13 |      
      130 |   0.9889 |  1.019052e+04 |  +45.80% |  7.22e-13 |      
      140 |   0.9820 |  1.447651e+04 |  +42.06% |  1.18e-12 |      
      150 |   0.9777 |  1.904940e+04 |  +31.59% |  1.91e-12 |      
      160 |   0.9714 |  2.388105e+04 |  +25.36% |  3.12e-12 |      
      170 |   0.9642 |  2.952084e+04 |  +23.62% |  5.08e-12 |      
      180 |   0.9473 |  3.556989e+04 |  +20.49% |  8.26e-12 |      
      190 |   0.9306 |  4.129946e+04 |  +16.11% |  1.34e-11 |      
      200 |   0.9107 |  4.970786e+04 |  +20.36% |  2.19e-11 |      
      210 |   0.8911 |  5.677490e+04 |  +14.22% |  3.56e-11 |      
      220 |   0.8653 |  6.425945e+04 |  +13.18% |  5.80e-11 |      
      230 |   0.8326 |  7.130127e+04 |  +10.96% |  9.44e-11 |      
      240 |   0.8004 |  7.782198e+04 |   +9.15% |  1.54e-10 |      
      250 |   0.7615 |  8.343167e+04 |   +7.21% |  2.50e-10 |      
      260 |   0.7190 |  8.947497e+04 |   +7.24% |  4.07e-10 |      
      270 |   0.6709 |  9.604806e+04 |   +7.35% |  6.63e-10 |      
      280 |   0.6244 |  1.020061e+05 |   +6.20% |  1.08e-09 |      
      290 |   0.5720 |  1.071105e+05 |   +5.00% |  1.76e-09 |      
      300 |   0.5133 |  1.117073e+05 |   +4.29% |  2.86e-09 |      
      310 |   0.4624 |  1.145828e+05 |   +2.57% |  4.65e-09 |      
      320 |   0.4155 |  1.171334e+05 |   +2.23% |  7.58e-09 |      
      330 |   0.3712 |  1.191895e+05 |   +1.76% |  1.23e-08 |      
      340 |   0.3323 |  1.207953e+05 |   +1.35% |  1.93e-08 |      
      350 |   0.3016 |  1.221301e+05 |   +1.11% |  2.84e-08 |      
      360 |   0.2709 |  1.234816e+05 |   +1.11% |  4.19e-08 |      
      370 |   0.2404 |  1.244736e+05 |   +0.80% |  6.17e-08 |      
      380 |   0.2181 |  1.254891e+05 |   +0.82% |  9.09e-08 |      
      390 |   0.1937 |  1.263931e+05 |   +0.72% |  1.34e-07 |      
      400 |   0.1717 |  1.273547e+05 |   +0.76% |  1.97e-07 |      
      410 |   0.1538 |  1.285463e+05 |   +0.94% |  2.91e-07 |      
      420 |   0.1407 |  1.287920e+05 |   +0.19% |  4.28e-07 |      
      430 |   0.1194 |  1.294152e+05 |   +0.48% |  6.30e-07 |      
      440 |   0.1091 |  1.304674e+05 |   +0.81% |  9.29e-07 |      
      450 |   0.0988 |  1.320573e+05 |   +1.22% |  1.37e-06 |      
      450 |   0.0988 |  1.320573e+05 |          |  1.42e-06 |      
---------------------------------------------------------------
[INFO GPL-1001] Global placement finished at iteration 450
[INFO GPL-1002] Placed Cell Area            100958.6210
[INFO GPL-1003] Available Free Area         956282.1504
[INFO GPL-1004] Minimum Feasible Density        0.1100 (cell_area / free_area)
[INFO GPL-1006]   Suggested Target Densities:
[INFO GPL-1007]     - For 90% usage of free space: 0.1173
[INFO GPL-1008]     - For 80% usage of free space: 0.1320
[INFO GPL-1009]     - For 50% usage of free space: 0.2111
[INFO GPL-1014] Final placement area: 100958.62 (+0.00%)
Design area 113787 um^2 12% utilization.
write_db ./results/sky130hd/d_nw03_cand_gemini_v2/base/3_1_place_gp_skip_io.odb
Elapsed time: 0:02.77[h:]min:sec. CPU time: user 9.15 sys 0.27 (339%). Peak memory: 178204KB.
Log                       Ext     Elapsed/s Peak Memory/MB sha1sum result [0:20)
3_1_place_gp_skip_io      .odb            2            174 bc8d4e2f7e87ea595325
/OpenROAD-flow-scripts/flow/scripts/flow.sh 3_2_place_iop io_placement
Running io_placement.tcl, stage 3_2_place_iop
read_liberty /OpenROAD-flow-scripts/flow/platforms/sky130hd/lib/sky130_fd_sc_hd__tt_025C_1v80.lib
read_db ./results/sky130hd/d_nw03_cand_gemini_v2/base/3_1_place_gp_skip_io.odb
read_sdc ./results/sky130hd/d_nw03_cand_gemini_v2/base/2_floorplan.sdc
source /OpenROAD-flow-scripts/flow/platforms/sky130hd/setRC.tcl
place_pins -hor_layers met3 -ver_layers met2
Found 0 macro blocks.
Using 2 tracks default min distance between IO pins.
[INFO PPL-0001] Number of available slots 3596
[INFO PPL-0002] Number of I/O             322
[INFO PPL-0003] Number of I/O w/sink      322
[INFO PPL-0004] Number of I/O w/o sink    0
[INFO PPL-0005] Slots per section         200
[INFO PPL-0008] Successfully assigned pins to sections.
[INFO PPL-0012] I/O nets HPWL: 131955.62 um.
Design area 113787 um^2 12% utilization.
write_db ./results/sky130hd/d_nw03_cand_gemini_v2/base/3_2_place_iop.odb
Elapsed time: 0:00.70[h:]min:sec. CPU time: user 0.63 sys 0.04 (95%). Peak memory: 170508KB.
Log                       Ext     Elapsed/s Peak Memory/MB sha1sum result [0:20)
3_2_place_iop             .odb            0            166 92ed8dd48904e303150e
/OpenROAD-flow-scripts/flow/scripts/flow.sh 3_3_place_gp global_place
Running global_place.tcl, stage 3_3_place_gp
read_liberty /OpenROAD-flow-scripts/flow/platforms/sky130hd/lib/sky130_fd_sc_hd__tt_025C_1v80.lib
read_db ./results/sky130hd/d_nw03_cand_gemini_v2/base/3_2_place_iop.odb
read_sdc ./results/sky130hd/d_nw03_cand_gemini_v2/base/2_floorplan.sdc
source /OpenROAD-flow-scripts/flow/platforms/sky130hd/setRC.tcl
[INFO RSZ-0026] Removed 296 buffers.
Perform port buffering...
[INFO RSZ-0027] Inserted 165 sky130_fd_sc_hd__clkdlybuf4s50_1 input buffers.
[INFO RSZ-0028] Inserted 156 sky130_fd_sc_hd__clkdlybuf4s50_1 output buffers.
global_placement -density 0.5 -pad_left 0 -pad_right 0 -routability_driven -timing_driven -force_center_initial_place -min_phi_coef 0.95 -max_phi_coef 1.05
[INFO GPL-0001] ---- Initialize GPL Main Data Structures
[INFO GPL-0002] DBU: 1000
[INFO GPL-0003] SiteSize: (  0.460  2.720 ) um
[INFO GPL-0004] CoreBBox: (  1.380  2.720 ) ( 989.000 987.360 ) um
[INFO GPL-0016] Core area:                  972450.157 um^2
[INFO GPL-0036] Movable instances area:      99640.563 um^2
[INFO GPL-0037] Total instances area:       115808.570 um^2
[INFO GPL-0035] Pin density area adjust:      3344.474 um^2
[INFO GPL-0032] ---- Initialize Region: Top-level
[INFO GPL-0006] Number of instances:             17390
[INFO GPL-0007] Movable instances:                4468
[INFO GPL-0008] Fixed instances:                 12922
[INFO GPL-0009] Dummy instances:                     0
[INFO GPL-0010] Number of nets:                   4654
[INFO GPL-0011] Number of pins:                  19963
[INFO GPL-0012] Die BBox:       (  0.000  0.000 ) ( 990.020 990.020 ) um
[INFO GPL-0013] Placement BBox: (  1.380  2.720 ) ( 989.000 987.360 ) um
[INFO GPL-0014] Region name: top-level.
[INFO GPL-0015] Region area:                972450.157 um^2
[INFO GPL-0017] Fixed instances area:        16168.006 um^2
[INFO GPL-0018] Movable instances area:     102985.037 um^2
[INFO GPL-0019] Utilization:                    10.769 %
[INFO GPL-0020] Standard cells area:        102985.037 um^2
[INFO GPL-0021] Large instances area:            0.000 um^2
[INFO GPL-0005] ---- Execute Conjugate Gradient Initial Placement.
[INFO GPL-0051] Source of initial instance position counters:
	Odb location = 0	Core center = 4468	Region center = 0
[InitialPlace]  Iter: 1 conjugate gradient residual: 0.00000171 HPWL: 290264697
[InitialPlace]  Iter: 2 conjugate gradient residual: 0.00000656 HPWL: 236120753
[InitialPlace]  Iter: 3 conjugate gradient residual: 0.00000364 HPWL: 236880245
[InitialPlace]  Iter: 4 conjugate gradient residual: 0.00001416 HPWL: 237047964
[InitialPlace]  Iter: 5 conjugate gradient residual: 0.00001222 HPWL: 236658250
[InitialPlace]  Iter: 6 conjugate gradient residual: 0.00001308 HPWL: 236668227
[InitialPlace]  Iter: 7 conjugate gradient residual: 0.00001094 HPWL: 236210395
[InitialPlace]  Iter: 8 conjugate gradient residual: 0.00000491 HPWL: 236383463
[INFO GPL-0033] ---- Initialize Nesterov Region: Top-level
[INFO GPL-0023] Placement target density:       0.5000
[INFO GPL-0024] Movable insts average area:     23.049 um^2
[INFO GPL-0025] Ideal bin area:                 46.099 um^2
[INFO GPL-0026] Ideal bin count:                 21094
[INFO GPL-0027] Total bin area:             972450.157 um^2
[INFO GPL-0028] Bin count (X, Y):         128 ,    128
[INFO GPL-0029] Bin size (W * H):       7.716 *  7.692 um
[INFO GPL-0030] Number of bins:                  16384
[INFO GPL-0084] ---- Execute Nesterov Global Placement.
[INFO GPL-0031] HPWL: Half-Perimeter Wirelength
Iteration | Overflow |     HPWL (um) |  HPWL(%) |   Penalty | Group
---------------------------------------------------------------
        0 |   0.9471 |  1.785976e+05 |   +0.00% |  2.75e-15 |      
       10 |   0.8496 |  2.394445e+05 |  +34.07% |  4.45e-15 |      
       20 |   0.8039 |  2.390066e+05 |   -0.18% |  7.24e-15 |      
       30 |   0.7942 |  2.374149e+05 |   -0.67% |  1.18e-14 |      
       40 |   0.7894 |  2.389333e+05 |   +0.64% |  1.92e-14 |      
       50 |   0.7882 |  2.405342e+05 |   +0.67% |  3.13e-14 |      
       60 |   0.7872 |  2.408277e+05 |   +0.12% |  5.10e-14 |      
       70 |   0.7853 |  2.402743e+05 |   -0.23% |  8.30e-14 |      
       80 |   0.7875 |  2.391588e+05 |   -0.46% |  1.35e-13 |      
       90 |   0.7868 |  2.381489e+05 |   -0.42% |  2.20e-13 |      
      100 |   0.7864 |  2.375541e+05 |   -0.25% |  3.59e-13 |      
      110 |   0.7884 |  2.374667e+05 |   -0.04% |  5.85e-13 |      
      120 |   0.7880 |  2.379309e+05 |   +0.20% |  9.52e-13 |      
      130 |   0.7871 |  2.385232e+05 |   +0.25% |  1.55e-12 |      
      140 |   0.7847 |  2.388575e+05 |   +0.14% |  2.53e-12 |      
      150 |   0.7847 |  2.389848e+05 |   +0.05% |  4.11e-12 |      
      160 |   0.7807 |  2.389868e+05 |   +0.00% |  6.70e-12 |      
      170 |   0.7747 |  2.387095e+05 |   -0.12% |  1.09e-11 |      
      180 |   0.7698 |  2.383186e+05 |   -0.16% |  1.78e-11 |      
      190 |   0.7590 |  2.376222e+05 |   -0.29% |  2.90e-11 |      
      200 |   0.7463 |  2.370869e+05 |   -0.23% |  4.72e-11 |      
      210 |   0.7262 |  2.364487e+05 |   -0.27% |  7.69e-11 |      
      220 |   0.7005 |  2.333984e+05 |   -1.29% |  1.25e-10 |      
      230 |   0.6773 |  2.303263e+05 |   -1.32% |  2.04e-10 |      
      240 |   0.6447 |  2.260891e+05 |   -1.84% |  3.32e-10 |      
[INFO GPL-0100] Timing-driven iteration 1/2, virtual: false.
[INFO GPL-0101]    Iter: 245, overflow: 0.633, keep resizer changes at: 1, HPWL: 225023127
Iteration |   Area    | Resized | Buffers | Nets repaired | Remaining
---------------------------------------------------------------------
        0 |     +0.0% |       0 |       0 |             0 |      4654
    final |     +4.3% |     135 |     277 |           171 |         0
---------------------------------------------------------------------
[INFO RSZ-0034] Found 171 slew violations.
[INFO RSZ-0036] Found 88 capacitance violations.
[INFO RSZ-0039] Resized 135 instances.
[INFO RSZ-0038] Inserted 277 buffers in 171 nets.
   Iter   |    Area   | Removed | Inserted |   Pins
          |           | Buffers | Buffers  | Remaining
-------------------------------------------------------
        0 |     +0.0% |       0 |        0 |      4488
      440 |     -0.8% |     226 |      222 |      4048
      880 |     -1.1% |     252 |      244 |      3608
     1320 |     -1.1% |     255 |      249 |      3168
     1760 |     -1.1% |     255 |      249 |      2728
     2200 |     -1.5% |     280 |      268 |      2288
     2640 |     -1.5% |     280 |      268 |      1848
     3080 |     -1.5% |     280 |      268 |      1408
     3520 |     -1.5% |     280 |      268 |       968
     3960 |     -1.5% |     280 |      268 |       528
     4400 |     -1.5% |     281 |      272 |        88
    final |     -1.5% |     281 |      279 |         0
-------------------------------------------------------
[INFO GPL-0106] Timing-driven: worst slack 1.1181274e-09
[INFO GPL-0107] Timing-driven: repair_design delta area: 2924.004 um^2 (+2.84%)
[INFO GPL-0108] Timing-driven: repair_design, gpl delta gcells: 275 (+6.15%)
[INFO GPL-0109] Timing-driven: repair_design, gcells created: 556, deleted: 281
[INFO GPL-0110] Timing-driven: new target density: 0.5030577
Iteration | Overflow |     HPWL (um) |  HPWL(%) |   Penalty | Group
---------------------------------------------------------------
      250 |   0.6376 |  2.495236e+05 |  +10.37% |  5.40e-10 |      
      260 |   0.6534 |  2.516411e+05 |   +0.85% |  8.79e-10 |      
      270 |   0.5994 |  2.493564e+05 |   -0.91% |  1.43e-09 |      
[INFO GPL-0038] Routability snapshot saved at iter = 271
      270 |   0.5994 |  2.493564e+05 |          |           |      
      280 |   0.5445 |  2.491699e+05 |   -0.07% |  2.33e-09 |      
      290 |   0.5101 |  2.485743e+05 |   -0.24% |  3.80e-09 |      
      300 |   0.4617 |  2.467194e+05 |   -0.75% |  6.18e-09 |      
      310 |   0.4173 |  2.445264e+05 |   -0.89% |  1.01e-08 |      
      320 |   0.3617 |  2.420545e+05 |   -1.01% |  1.64e-08 |      
      330 |   0.3282 |  2.402617e+05 |   -0.74% |  2.54e-08 |      
      340 |   0.2959 |  2.397524e+05 |   -0.21% |  3.74e-08 |      
[INFO GPL-0040] Routability iteration: 1
[WARNING GRT-0281] Net clk_i has a large fanout of 2429 terminals.
[INFO GPL-0041] Total routing overflow: 4.2211
[INFO GPL-0042] Number of overflowed tiles: 32 (0.16%)
[INFO GPL-0043] Average top 0.5% routing congestion: 0.9944
[INFO GPL-0044] Average top 1.0% routing congestion: 0.9247
[INFO GPL-0045] Average top 2.0% routing congestion: 0.8574
[INFO GPL-0046] Average top 5.0% routing congestion: 0.7727
[INFO GPL-0047] Routability iteration weighted routing congestion: 0.9595
[INFO GPL-0050] Weighted routing congestion is lower than target routing congestion(1.0100), end routability optimization.
[INFO GPL-0090] Routability finished. Target routing congestion achieved succesfully.
Iteration | Overflow |     HPWL (um) |  HPWL(%) |   Penalty | Group
---------------------------------------------------------------
      350 |   0.2674 |  2.393815e+05 |   -0.15% |  5.51e-08 |      
      360 |   0.2328 |  2.393077e+05 |   -0.03% |  8.12e-08 |      
      370 |   0.2062 |  2.397562e+05 |   +0.19% |  1.20e-07 |      
[INFO GPL-0100] Timing-driven iteration 2/2, virtual: false.
[INFO GPL-0101]    Iter: 375, overflow: 0.193, keep resizer changes at: 1, HPWL: 239834291
Iteration |   Area    | Resized | Buffers | Nets repaired | Remaining
---------------------------------------------------------------------
        0 |     +0.0% |       0 |       0 |             0 |      4929
    final |     +0.1% |       0 |       8 |             8 |         0
---------------------------------------------------------------------
[INFO RSZ-0034] Found 8 slew violations.
[INFO RSZ-0038] Inserted 8 buffers in 8 nets.
   Iter   |    Area   | Removed | Inserted |   Pins
          |           | Buffers | Buffers  | Remaining
-------------------------------------------------------
        0 |     +0.0% |       0 |        0 |      4488
      440 |     -0.5% |     226 |      158 |      4048
      880 |     -0.6% |     248 |      179 |      3608
     1320 |     -0.6% |     253 |      182 |      3168
     1760 |     -0.6% |     253 |      182 |      2728
     2200 |     -0.5% |     272 |      205 |      2288
     2640 |     -0.5% |     272 |      205 |      1848
     3080 |     -0.5% |     272 |      205 |      1408
     3520 |     -0.5% |     272 |      205 |       968
     3960 |     -0.5% |     272 |      205 |       528
     4400 |     -0.3% |     276 |      229 |        88
    final |     -0.3% |     283 |      246 |         0
-------------------------------------------------------
[INFO GPL-0106] Timing-driven: worst slack 8.923089e-10
[INFO GPL-0107] Timing-driven: repair_design delta area: -267.757 um^2 (-0.25%)
[INFO GPL-0108] Timing-driven: repair_design, gpl delta gcells: -29 (-0.61%)
[INFO GPL-0109] Timing-driven: repair_design, gcells created: 254, deleted: 283
[INFO GPL-0110] Timing-driven: new target density: 0.5027777
Iteration | Overflow |     HPWL (um) |  HPWL(%) |   Penalty | Group
---------------------------------------------------------------
      380 |   0.1832 |  2.454698e+05 |   +2.38% |  1.76e-07 |      
      390 |   0.1598 |  2.454504e+05 |   -0.01% |  2.59e-07 |      
      400 |   0.1382 |  2.462546e+05 |   +0.33% |  3.82e-07 |      
      410 |   0.1216 |  2.477418e+05 |   +0.60% |  5.63e-07 |      
      420 |   0.1045 |  2.494126e+05 |   +0.67% |  8.29e-07 |      
      424 |   0.1000 |  2.497402e+05 |          |  1.01e-06 |      
---------------------------------------------------------------
[INFO GPL-1001] Global placement finished at iteration 424
[INFO GPL-1017] Routability mode iteration count: 69
[INFO GPL-1005] Routability final weighted congestion: 0.8821
[INFO GPL-1002] Placed Cell Area            105641.2843
[INFO GPL-1003] Available Free Area         956282.1504
[INFO GPL-1004] Minimum Feasible Density        0.1100 (cell_area / free_area)
[INFO GPL-1006]   Suggested Target Densities:
[INFO GPL-1007]     - For 90% usage of free space: 0.1227
[INFO GPL-1008]     - For 80% usage of free space: 0.1381
[INFO GPL-1009]     - For 50% usage of free space: 0.2209
[INFO GPL-1011] Original area (um^2): 102985.04
[INFO GPL-1012] Total routability artificial inflation: 0.00 (+0.00%)
[INFO GPL-1013] Total timing-driven delta area: 2656.25 (+2.58%)
[INFO GPL-1014] Final placement area: 105641.28 (+2.58%)
Took 6 seconds: global_placement -density 0.5 -pad_left 0 -pad_right 0 -routability_driven -timing_driven -force_center_initial_place -min_phi_coef 0.95 -max_phi_coef 1.05
estimate_parasitics -placement
Report metrics stage 3, global place...

==========================================================================
global place report_design_area
--------------------------------------------------------------------------
Design area 118726 um^2 12% utilization.
write_db ./results/sky130hd/d_nw03_cand_gemini_v2/base/3_3_place_gp.odb
Elapsed time: 0:07.80[h:]min:sec. CPU time: user 15.67 sys 1.53 (220%). Peak memory: 387728KB.
Log                       Ext     Elapsed/s Peak Memory/MB sha1sum result [0:20)
3_3_place_gp              .odb            7            378 8317d71349810ee0f222
/OpenROAD-flow-scripts/flow/scripts/flow.sh 3_4_place_resized resize
Running resize.tcl, stage 3_4_place_resized
read_liberty /OpenROAD-flow-scripts/flow/platforms/sky130hd/lib/sky130_fd_sc_hd__tt_025C_1v80.lib
read_db ./results/sky130hd/d_nw03_cand_gemini_v2/base/3_3_place_gp.odb
read_sdc ./results/sky130hd/d_nw03_cand_gemini_v2/base/2_floorplan.sdc
source /OpenROAD-flow-scripts/flow/platforms/sky130hd/setRC.tcl
estimate_parasitics -placement
Perform buffer insertion and gate resizing...
repair_design -verbose -match_cell_footprint
Iteration |   Area    | Resized | Buffers | Nets repaired | Remaining
---------------------------------------------------------------------
        0 |     +0.0% |       0 |       0 |             0 |      4900
       10 |     +0.0% |       0 |       0 |             0 |      4890
       20 |     +0.0% |       0 |       0 |             0 |      4880
       30 |     +0.0% |       0 |       0 |             0 |      4870
       40 |     +0.0% |       0 |       0 |             0 |      4860
       50 |     +0.0% |       0 |       0 |             0 |      4850
       60 |     +0.0% |       0 |       0 |             0 |      4840
       70 |     +0.0% |       0 |       0 |             0 |      4830
       80 |     +0.0% |       0 |       0 |             0 |      4820
       90 |     +0.0% |       0 |       0 |             0 |      4810
      100 |     +0.0% |       0 |       0 |             0 |      4800
      110 |     +0.0% |       0 |       0 |             0 |      4790
      120 |     +0.0% |       0 |       0 |             0 |      4780
      130 |     +0.0% |       0 |       0 |             0 |      4770
      140 |     +0.0% |       0 |       0 |             0 |      4760
      150 |     +0.0% |       0 |       0 |             0 |      4750
      160 |     +0.0% |       0 |       0 |             0 |      4740
      170 |     +0.0% |       0 |       0 |             0 |      4730
      180 |     +0.0% |       0 |       0 |             0 |      4720
      190 |     +0.0% |       0 |       0 |             0 |      4710
      200 |     +0.0% |       0 |       0 |             0 |      4700
      210 |     +0.0% |       0 |       0 |             0 |      4690
      220 |     +0.0% |       0 |       0 |             0 |      4680
      230 |     +0.0% |       0 |       0 |             0 |      4670
      240 |     +0.0% |       0 |       0 |             0 |      4660
      250 |     +0.0% |       0 |       0 |             0 |      4650
      260 |     +0.0% |       0 |       0 |             0 |      4640
      270 |     +0.0% |       0 |       0 |             0 |      4630
      280 |     +0.0% |       0 |       0 |             0 |      4620
      290 |     +0.0% |       0 |       0 |             0 |      4610
      300 |     +0.0% |       0 |       0 |             0 |      4600
      310 |     +0.0% |       0 |       0 |             0 |      4590
      320 |     +0.0% |       0 |       0 |             0 |      4580
      330 |     +0.0% |       0 |       0 |             0 |      4570
      340 |     +0.0% |       0 |       0 |             0 |      4560
      350 |     +0.0% |       0 |       0 |             0 |      4550
      360 |     +0.0% |       0 |       0 |             0 |      4540
      370 |     +0.0% |       0 |       0 |             0 |      4530
      380 |     +0.0% |       0 |       1 |             1 |      4520
      390 |     +0.0% |       0 |       1 |             1 |      4510
      400 |     +0.0% |       0 |       1 |             1 |      4500
      410 |     +0.0% |       0 |       1 |             1 |      4490
      420 |     +0.0% |       0 |       1 |             1 |      4480
      430 |     +0.0% |       0 |       1 |             1 |      4470
      440 |     +0.0% |       0 |       1 |             1 |      4460
      450 |     +0.0% |       0 |       1 |             1 |      4450
      460 |     +0.0% |       0 |       1 |             1 |      4440
      470 |     +0.0% |       0 |       1 |             1 |      4430
      480 |     +0.0% |       0 |       1 |             1 |      4420
      490 |     +0.0% |       0 |       1 |             1 |      4410
      500 |     +0.0% |       0 |       1 |             1 |      4400
      510 |     +0.0% |       0 |       1 |             1 |      4390
      520 |     +0.0% |       0 |       1 |             1 |      4380
      530 |     +0.0% |       0 |       1 |             1 |      4370
      540 |     +0.0% |       0 |       1 |             1 |      4360
      550 |     +0.0% |       0 |       1 |             1 |      4350
      560 |     +0.0% |       0 |       1 |             1 |      4340
      570 |     +0.0% |       0 |       1 |             1 |      4330
      580 |     +0.0% |       0 |       1 |             1 |      4320
      590 |     +0.0% |       0 |       1 |             1 |      4310
      600 |     +0.0% |       0 |       1 |             1 |      4300
      610 |     +0.0% |       0 |       1 |             1 |      4290
      620 |     +0.0% |       0 |       1 |             1 |      4280
      630 |     +0.0% |       0 |       1 |             1 |      4270
      640 |     +0.0% |       0 |       1 |             1 |      4260
      650 |     +0.0% |       0 |       1 |             1 |      4250
      660 |     +0.0% |       0 |       1 |             1 |      4240
      670 |     +0.0% |       0 |       1 |             1 |      4230
      680 |     +0.0% |       0 |       1 |             1 |      4220
      690 |     +0.0% |       0 |       1 |             1 |      4210
      700 |     +0.0% |       0 |       1 |             1 |      4200
      710 |     +0.0% |       0 |       1 |             1 |      4190
      720 |     +0.0% |       0 |       1 |             1 |      4180
      730 |     +0.0% |       0 |       1 |             1 |      4170
      740 |     +0.0% |       0 |       1 |             1 |      4160
      750 |     +0.0% |       0 |       1 |             1 |      4150
      760 |     +0.0% |       0 |       1 |             1 |      4140
      770 |     +0.0% |       0 |       1 |             1 |      4130
      780 |     +0.0% |       0 |       1 |             1 |      4120
      790 |     +0.0% |       0 |       1 |             1 |      4110
      800 |     +0.0% |       0 |       1 |             1 |      4100
      810 |     +0.0% |       0 |       1 |             1 |      4090
      820 |     +0.0% |       0 |       1 |             1 |      4080
      830 |     +0.0% |       0 |       1 |             1 |      4070
      840 |     +0.0% |       0 |       1 |             1 |      4060
      850 |     +0.0% |       0 |       1 |             1 |      4050
      860 |     +0.0% |       0 |       1 |             1 |      4040
      870 |     +0.0% |       0 |       1 |             1 |      4030
      880 |     +0.0% |       0 |       1 |             1 |      4020
      890 |     +0.0% |       0 |       1 |             1 |      4010
      900 |     +0.0% |       0 |       1 |             1 |      4000
      910 |     +0.0% |       0 |       1 |             1 |      3990
      920 |     +0.0% |       0 |       1 |             1 |      3980
      930 |     +0.0% |       0 |       1 |             1 |      3970
      940 |     +0.0% |       0 |       1 |             1 |      3960
      950 |     +0.0% |       0 |       1 |             1 |      3950
      960 |     +0.0% |       0 |       1 |             1 |      3940
      970 |     +0.0% |       0 |       1 |             1 |      3930
      980 |     +0.0% |       0 |       1 |             1 |      3920
      990 |     +0.0% |       0 |       1 |             1 |      3910
     1000 |     +0.0% |       0 |       1 |             1 |      3900
     1010 |     +0.0% |       0 |       1 |             1 |      3890
     1020 |     +0.0% |       0 |       1 |             1 |      3880
     1030 |     +0.0% |       0 |       1 |             1 |      3870
     1040 |     +0.0% |       0 |       1 |             1 |      3860
     1050 |     +0.0% |       0 |       1 |             1 |      3850
     1060 |     +0.0% |       0 |       1 |             1 |      3840
     1070 |     +0.0% |       0 |       1 |             1 |      3830
     1080 |     +0.0% |       0 |       1 |             1 |      3820
     1090 |     +0.0% |       0 |       1 |             1 |      3810
     1100 |     +0.0% |       0 |       1 |             1 |      3800
     1110 |     +0.0% |       0 |       1 |             1 |      3790
     1120 |     +0.0% |       0 |       1 |             1 |      3780
     1130 |     +0.0% |       0 |       1 |             1 |      3770
     1140 |     +0.0% |       0 |       1 |             1 |      3760
     1150 |     +0.0% |       0 |       1 |             1 |      3750
     1160 |     +0.0% |       0 |       1 |             1 |      3740
     1170 |     +0.0% |       0 |       1 |             1 |      3730
     1180 |     +0.0% |       0 |       1 |             1 |      3720
     1190 |     +0.0% |       0 |       1 |             1 |      3710
     1200 |     +0.0% |       0 |       1 |             1 |      3700
     1210 |     +0.0% |       0 |       1 |             1 |      3690
     1220 |     +0.0% |       0 |       1 |             1 |      3680
     1230 |     +0.0% |       0 |       1 |             1 |      3670
     1240 |     +0.0% |       0 |       1 |             1 |      3660
     1250 |     +0.0% |       0 |       1 |             1 |      3650
     1260 |     +0.0% |       0 |       1 |             1 |      3640
     1270 |     +0.0% |       0 |       1 |             1 |      3630
     1280 |     +0.0% |       0 |       1 |             1 |      3620
     1290 |     +0.0% |       0 |       1 |             1 |      3610
     1300 |     +0.0% |       0 |       1 |             1 |      3600
     1310 |     +0.0% |       0 |       1 |             1 |      3590
     1320 |     +0.0% |       0 |       1 |             1 |      3580
     1330 |     +0.0% |       0 |       1 |             1 |      3570
     1340 |     +0.0% |       0 |       1 |             1 |      3560
     1350 |     +0.0% |       0 |       1 |             1 |      3550
     1360 |     +0.0% |       0 |       1 |             1 |      3540
     1370 |     +0.0% |       0 |       1 |             1 |      3530
     1380 |     +0.0% |       0 |       1 |             1 |      3520
     1390 |     +0.0% |       0 |       1 |             1 |      3510
     1400 |     +0.0% |       0 |       1 |             1 |      3500
     1410 |     +0.0% |       0 |       1 |             1 |      3490
     1420 |     +0.0% |       0 |       1 |             1 |      3480
     1430 |     +0.0% |       0 |       1 |             1 |      3470
     1440 |     +0.0% |       0 |       1 |             1 |      3460
     1450 |     +0.0% |       0 |       1 |             1 |      3450
     1460 |     +0.0% |       0 |       1 |             1 |      3440
     1470 |     +0.0% |       0 |       1 |             1 |      3430
     1480 |     +0.0% |       0 |       1 |             1 |      3420
     1490 |     +0.0% |       0 |       1 |             1 |      3410
     1500 |     +0.0% |       0 |       1 |             1 |      3400
     1510 |     +0.0% |       0 |       1 |             1 |      3390
     1520 |     +0.0% |       0 |       1 |             1 |      3380
     1530 |     +0.0% |       0 |       1 |             1 |      3370
     1540 |     +0.0% |       0 |       1 |             1 |      3360
     1550 |     +0.0% |       0 |       1 |             1 |      3350
     1560 |     +0.0% |       0 |       1 |             1 |      3340
     1570 |     +0.0% |       0 |       1 |             1 |      3330
     1580 |     +0.0% |       0 |       1 |             1 |      3320
     1590 |     +0.0% |       0 |       1 |             1 |      3310
     1600 |     +0.0% |       0 |       1 |             1 |      3300
     1610 |     +0.0% |       0 |       1 |             1 |      3290
     1620 |     +0.0% |       0 |       1 |             1 |      3280
     1630 |     +0.0% |       0 |       1 |             1 |      3270
     1640 |     +0.0% |       0 |       1 |             1 |      3260
     1650 |     +0.0% |       0 |       1 |             1 |      3250
     1660 |     +0.0% |       0 |       1 |             1 |      3240
     1670 |     +0.0% |       0 |       1 |             1 |      3230
     1680 |     +0.0% |       0 |       1 |             1 |      3220
     1690 |     +0.0% |       0 |       1 |             1 |      3210
     1700 |     +0.0% |       0 |       1 |             1 |      3200
     1710 |     +0.0% |       0 |       1 |             1 |      3190
     1720 |     +0.0% |       0 |       1 |             1 |      3180
     1730 |     +0.0% |       0 |       1 |             1 |      3170
     1740 |     +0.0% |       0 |       1 |             1 |      3160
     1750 |     +0.0% |       0 |       1 |             1 |      3150
     1760 |     +0.0% |       0 |       1 |             1 |      3140
     1770 |     +0.0% |       0 |       1 |             1 |      3130
     1780 |     +0.0% |       0 |       1 |             1 |      3120
     1790 |     +0.0% |       0 |       1 |             1 |      3110
     1800 |     +0.0% |       0 |       1 |             1 |      3100
     1810 |     +0.0% |       0 |       1 |             1 |      3090
     1820 |     +0.0% |       0 |       1 |             1 |      3080
     1830 |     +0.0% |       0 |       1 |             1 |      3070
     1840 |     +0.0% |       0 |       1 |             1 |      3060
     1850 |     +0.0% |       0 |       1 |             1 |      3050
     1860 |     +0.0% |       0 |       1 |             1 |      3040
     1870 |     +0.0% |       0 |       1 |             1 |      3030
     1880 |     +0.0% |       0 |       1 |             1 |      3020
     1890 |     +0.0% |       0 |       1 |             1 |      3010
     1900 |     +0.0% |       0 |       1 |             1 |      3000
     1910 |     +0.0% |       0 |       1 |             1 |      2990
     1920 |     +0.0% |       0 |       1 |             1 |      2980
     1930 |     +0.0% |       0 |       1 |             1 |      2970
     1940 |     +0.0% |       0 |       1 |             1 |      2960
     1950 |     +0.0% |       0 |       1 |             1 |      2950
     1960 |     +0.0% |       0 |       1 |             1 |      2940
     1970 |     +0.0% |       0 |       1 |             1 |      2930
     1980 |     +0.0% |       0 |       1 |             1 |      2920
     1990 |     +0.0% |       0 |       1 |             1 |      2910
     2000 |     +0.0% |       0 |       1 |             1 |      2900
     2010 |     +0.0% |       0 |       1 |             1 |      2890
     2020 |     +0.0% |       0 |       1 |             1 |      2880
     2030 |     +0.0% |       0 |       1 |             1 |      2870
     2040 |     +0.0% |       0 |       1 |             1 |      2860
     2050 |     +0.0% |       0 |       1 |             1 |      2850
     2060 |     +0.0% |       0 |       1 |             1 |      2840
     2070 |     +0.0% |       0 |       1 |             1 |      2830
     2080 |     +0.0% |       0 |       1 |             1 |      2820
     2090 |     +0.0% |       0 |       1 |             1 |      2810
     2100 |     +0.0% |       0 |       1 |             1 |      2800
     2110 |     +0.0% |       0 |       1 |             1 |      2790
     2120 |     +0.0% |       0 |       1 |             1 |      2780
     2130 |     +0.0% |       0 |       1 |             1 |      2770
     2140 |     +0.0% |       0 |       1 |             1 |      2760
     2150 |     +0.0% |       0 |       1 |             1 |      2750
     2160 |     +0.0% |       0 |       1 |             1 |      2740
     2170 |     +0.0% |       0 |       1 |             1 |      2730
     2180 |     +0.0% |       0 |       1 |             1 |      2720
     2190 |     +0.0% |       0 |       1 |             1 |      2710
     2200 |     +0.0% |       0 |       1 |             1 |      2700
     2210 |     +0.0% |       0 |       1 |             1 |      2690
     2220 |     +0.0% |       0 |       1 |             1 |      2680
     2230 |     +0.0% |       0 |       1 |             1 |      2670
     2240 |     +0.0% |       0 |       1 |             1 |      2660
     2250 |     +0.0% |       0 |       1 |             1 |      2650
     2260 |     +0.0% |       0 |       1 |             1 |      2640
     2270 |     +0.0% |       0 |       1 |             1 |      2630
     2280 |     +0.0% |       0 |       1 |             1 |      2620
     2290 |     +0.0% |       0 |       1 |             1 |      2610
     2300 |     +0.0% |       0 |       1 |             1 |      2600
     2310 |     +0.0% |       0 |       1 |             1 |      2590
     2320 |     +0.0% |       0 |       1 |             1 |      2580
     2330 |     +0.0% |       0 |       1 |             1 |      2570
     2340 |     +0.0% |       0 |       1 |             1 |      2560
     2350 |     +0.0% |       0 |       1 |             1 |      2550
     2360 |     +0.0% |       0 |       1 |             1 |      2540
     2370 |     +0.0% |       0 |       1 |             1 |      2530
     2380 |     +0.0% |       0 |       1 |             1 |      2520
     2390 |     +0.0% |       0 |       1 |             1 |      2510
     2400 |     +0.0% |       0 |       1 |             1 |      2500
     2410 |     +0.0% |       0 |       1 |             1 |      2490
     2420 |     +0.0% |       0 |       1 |             1 |      2480
     2430 |     +0.0% |       0 |       1 |             1 |      2470
     2440 |     +0.0% |       0 |       1 |             1 |      2460
     2450 |     +0.0% |       0 |       1 |             1 |      2450
     2460 |     +0.0% |       0 |       1 |             1 |      2440
     2470 |     +0.0% |       0 |       1 |             1 |      2430
     2480 |     +0.0% |       0 |       1 |             1 |      2420
     2490 |     +0.0% |       0 |       1 |             1 |      2410
     2500 |     +0.0% |       0 |       1 |             1 |      2400
     2510 |     +0.0% |       0 |       1 |             1 |      2390
     2520 |     +0.0% |       0 |       1 |             1 |      2380
     2530 |     +0.0% |       0 |       1 |             1 |      2370
     2540 |     +0.0% |       0 |       1 |             1 |      2360
     2550 |     +0.0% |       0 |       1 |             1 |      2350
     2560 |     +0.0% |       0 |       1 |             1 |      2340
     2570 |     +0.0% |       0 |       1 |             1 |      2330
     2580 |     +0.0% |       0 |       1 |             1 |      2320
     2590 |     +0.0% |       0 |       1 |             1 |      2310
     2600 |     +0.0% |       0 |       1 |             1 |      2300
     2610 |     +0.0% |       0 |       1 |             1 |      2290
     2620 |     +0.0% |       0 |       1 |             1 |      2280
     2630 |     +0.0% |       0 |       1 |             1 |      2270
     2640 |     +0.0% |       0 |       1 |             1 |      2260
     2650 |     +0.0% |       0 |       1 |             1 |      2250
     2660 |     +0.0% |       0 |       1 |             1 |      2240
     2670 |     +0.0% |       0 |       1 |             1 |      2230
     2680 |     +0.0% |       0 |       1 |             1 |      2220
     2690 |     +0.0% |       0 |       1 |             1 |      2210
     2700 |     +0.0% |       0 |       1 |             1 |      2200
     2710 |     +0.0% |       0 |       1 |             1 |      2190
     2720 |     +0.0% |       0 |       1 |             1 |      2180
     2730 |     +0.0% |       0 |       1 |             1 |      2170
     2740 |     +0.0% |       0 |       1 |             1 |      2160
     2750 |     +0.0% |       0 |       1 |             1 |      2150
     2760 |     +0.0% |       0 |       1 |             1 |      2140
     2770 |     +0.0% |       0 |       1 |             1 |      2130
     2780 |     +0.0% |       0 |       1 |             1 |      2120
     2790 |     +0.0% |       0 |       1 |             1 |      2110
     2800 |     +0.0% |       0 |       1 |             1 |      2100
     2810 |     +0.0% |       0 |       1 |             1 |      2090
     2820 |     +0.0% |       0 |       1 |             1 |      2080
     2830 |     +0.0% |       0 |       1 |             1 |      2070
     2840 |     +0.0% |       0 |       1 |             1 |      2060
     2850 |     +0.0% |       0 |       1 |             1 |      2050
     2860 |     +0.0% |       0 |       1 |             1 |      2040
     2870 |     +0.0% |       0 |       1 |             1 |      2030
     2880 |     +0.0% |       0 |       1 |             1 |      2020
     2890 |     +0.0% |       0 |       1 |             1 |      2010
     2900 |     +0.0% |       0 |       1 |             1 |      2000
     2910 |     +0.0% |       0 |       1 |             1 |      1990
     2920 |     +0.0% |       0 |       1 |             1 |      1980
     2930 |     +0.0% |       0 |       1 |             1 |      1970
     2940 |     +0.0% |       0 |       1 |             1 |      1960
     2950 |     +0.0% |       0 |       1 |             1 |      1950
     2960 |     +0.0% |       0 |       1 |             1 |      1940
     2970 |     +0.0% |       0 |       1 |             1 |      1930
     2980 |     +0.0% |       0 |       1 |             1 |      1920
     2990 |     +0.0% |       0 |       1 |             1 |      1910
     3000 |     +0.0% |       0 |       1 |             1 |      1900
     3010 |     +0.0% |       0 |       1 |             1 |      1890
     3020 |     +0.0% |       0 |       1 |             1 |      1880
     3030 |     +0.0% |       0 |       1 |             1 |      1870
     3040 |     +0.0% |       0 |       1 |             1 |      1860
     3050 |     +0.0% |       0 |       1 |             1 |      1850
     3060 |     +0.0% |       0 |       1 |             1 |      1840
     3070 |     +0.0% |       0 |       1 |             1 |      1830
     3080 |     +0.0% |       0 |       1 |             1 |      1820
     3090 |     +0.0% |       0 |       1 |             1 |      1810
     3100 |     +0.0% |       0 |       1 |             1 |      1800
     3110 |     +0.0% |       0 |       1 |             1 |      1790
     3120 |     +0.0% |       0 |       1 |             1 |      1780
     3130 |     +0.0% |       0 |       1 |             1 |      1770
     3140 |     +0.0% |       0 |       1 |             1 |      1760
     3150 |     +0.0% |       0 |       1 |             1 |      1750
     3160 |     +0.0% |       0 |       1 |             1 |      1740
     3170 |     +0.0% |       0 |       1 |             1 |      1730
     3180 |     +0.0% |       0 |       1 |             1 |      1720
     3190 |     +0.0% |       0 |       1 |             1 |      1710
     3200 |     +0.0% |       0 |       1 |             1 |      1700
     3210 |     +0.0% |       0 |       1 |             1 |      1690
     3220 |     +0.0% |       0 |       1 |             1 |      1680
     3230 |     +0.0% |       0 |       1 |             1 |      1670
     3240 |     +0.0% |       0 |       1 |             1 |      1660
     3250 |     +0.0% |       0 |       1 |             1 |      1650
     3260 |     +0.0% |       0 |       1 |             1 |      1640
     3270 |     +0.0% |       0 |       1 |             1 |      1630
     3280 |     +0.0% |       0 |       1 |             1 |      1620
     3290 |     +0.0% |       0 |       1 |             1 |      1610
     3300 |     +0.0% |       0 |       1 |             1 |      1600
     3310 |     +0.0% |       0 |       1 |             1 |      1590
     3320 |     +0.0% |       0 |       1 |             1 |      1580
     3330 |     +0.0% |       0 |       1 |             1 |      1570
     3340 |     +0.0% |       0 |       1 |             1 |      1560
     3350 |     +0.0% |       0 |       1 |             1 |      1550
     3360 |     +0.0% |       0 |       1 |             1 |      1540
     3370 |     +0.0% |       0 |       1 |             1 |      1530
     3380 |     +0.0% |       0 |       1 |             1 |      1520
     3390 |     +0.0% |       0 |       1 |             1 |      1510
     3400 |     +0.0% |       0 |       1 |             1 |      1500
     3410 |     +0.0% |       0 |       1 |             1 |      1490
     3420 |     +0.0% |       0 |       1 |             1 |      1480
     3430 |     +0.0% |       0 |       1 |             1 |      1470
     3440 |     +0.0% |       0 |       1 |             1 |      1460
     3450 |     +0.0% |       0 |       1 |             1 |      1450
     3460 |     +0.0% |       0 |       1 |             1 |      1440
     3470 |     +0.0% |       0 |       1 |             1 |      1430
     3480 |     +0.0% |       0 |       1 |             1 |      1420
     3490 |     +0.0% |       0 |       1 |             1 |      1410
     3500 |     +0.0% |       0 |       1 |             1 |      1400
     3510 |     +0.0% |       0 |       1 |             1 |      1390
     3520 |     +0.0% |       0 |       1 |             1 |      1380
     3530 |     +0.0% |       0 |       1 |             1 |      1370
     3540 |     +0.0% |       0 |       1 |             1 |      1360
     3550 |     +0.0% |       0 |       1 |             1 |      1350
     3560 |     +0.0% |       0 |       1 |             1 |      1340
     3570 |     +0.0% |       0 |       1 |             1 |      1330
     3580 |     +0.0% |       0 |       1 |             1 |      1320
     3590 |     +0.0% |       0 |       1 |             1 |      1310
     3600 |     +0.0% |       0 |       1 |             1 |      1300
     3610 |     +0.0% |       0 |       1 |             1 |      1290
     3620 |     +0.0% |       0 |       1 |             1 |      1280
     3630 |     +0.0% |       0 |       1 |             1 |      1270
     3640 |     +0.0% |       0 |       1 |             1 |      1260
     3650 |     +0.0% |       0 |       1 |             1 |      1250
     3660 |     +0.0% |       0 |       1 |             1 |      1240
     3670 |     +0.0% |       0 |       1 |             1 |      1230
     3680 |     +0.0% |       0 |       1 |             1 |      1220
     3690 |     +0.0% |       0 |       1 |             1 |      1210
     3700 |     +0.0% |       0 |       1 |             1 |      1200
     3710 |     +0.0% |       0 |       1 |             1 |      1190
     3720 |     +0.0% |       0 |       1 |             1 |      1180
     3730 |     +0.0% |       0 |       1 |             1 |      1170
     3740 |     +0.0% |       0 |       1 |             1 |      1160
     3750 |     +0.0% |       0 |       1 |             1 |      1150
     3760 |     +0.0% |       0 |       1 |             1 |      1140
     3770 |     +0.0% |       0 |       1 |             1 |      1130
     3780 |     +0.0% |       0 |       1 |             1 |      1120
     3790 |     +0.0% |       0 |       1 |             1 |      1110
     3800 |     +0.0% |       0 |       1 |             1 |      1100
     3810 |     +0.0% |       0 |       1 |             1 |      1090
     3820 |     +0.0% |       0 |       1 |             1 |      1080
     3830 |     +0.0% |       0 |       1 |             1 |      1070
     3840 |     +0.0% |       0 |       1 |             1 |      1060
     3850 |     +0.0% |       0 |       1 |             1 |      1050
     3860 |     +0.0% |       0 |       1 |             1 |      1040
     3870 |     +0.0% |       0 |       1 |             1 |      1030
     3880 |     +0.0% |       0 |       1 |             1 |      1020
     3890 |     +0.0% |       0 |       1 |             1 |      1010
     3900 |     +0.0% |       0 |       1 |             1 |      1000
     3910 |     +0.0% |       0 |       1 |             1 |       990
     3920 |     +0.0% |       0 |       1 |             1 |       980
     3930 |     +0.0% |       0 |       1 |             1 |       970
     3940 |     +0.0% |       0 |       1 |             1 |       960
     3950 |     +0.0% |       0 |       1 |             1 |       950
     3960 |     +0.0% |       0 |       1 |             1 |       940
     3970 |     +0.0% |       0 |       1 |             1 |       930
     3980 |     +0.0% |       0 |       1 |             1 |       920
     3990 |     +0.0% |       0 |       1 |             1 |       910
     4000 |     +0.0% |       0 |       1 |             1 |       900
     4010 |     +0.0% |       0 |       1 |             1 |       890
     4020 |     +0.0% |       0 |       1 |             1 |       880
     4030 |     +0.0% |       0 |       1 |             1 |       870
     4040 |     +0.0% |       0 |       1 |             1 |       860
     4050 |     +0.0% |       0 |       1 |             1 |       850
     4060 |     +0.0% |       0 |       1 |             1 |       840
     4070 |     +0.0% |       0 |       1 |             1 |       830
     4080 |     +0.0% |       0 |       1 |             1 |       820
     4090 |     +0.0% |       0 |       1 |             1 |       810
     4100 |     +0.0% |       0 |       1 |             1 |       800
     4110 |     +0.0% |       0 |       1 |             1 |       790
     4120 |     +0.0% |       0 |       1 |             1 |       780
     4130 |     +0.0% |       0 |       1 |             1 |       770
     4140 |     +0.0% |       0 |       1 |             1 |       760
     4150 |     +0.0% |       0 |       1 |             1 |       750
     4160 |     +0.0% |       0 |       1 |             1 |       740
     4170 |     +0.0% |       0 |       1 |             1 |       730
     4180 |     +0.0% |       0 |       1 |             1 |       720
     4190 |     +0.0% |       0 |       1 |             1 |       710
     4200 |     +0.0% |       0 |       1 |             1 |       700
     4210 |     +0.0% |       0 |       1 |             1 |       690
     4220 |     +0.0% |       0 |       1 |             1 |       680
     4230 |     +0.0% |       0 |       1 |             1 |       670
     4240 |     +0.0% |       0 |       1 |             1 |       660
     4250 |     +0.0% |       0 |       1 |             1 |       650
     4260 |     +0.0% |       0 |       1 |             1 |       640
     4270 |     +0.0% |       0 |       1 |             1 |       630
     4280 |     +0.0% |       0 |       1 |             1 |       620
     4290 |     +0.0% |       0 |       1 |             1 |       610
     4300 |     +0.0% |       0 |       1 |             1 |       600
     4310 |     +0.0% |       0 |       1 |             1 |       590
     4320 |     +0.0% |       0 |       1 |             1 |       580
     4330 |     +0.0% |       0 |       1 |             1 |       570
     4340 |     +0.0% |       0 |       1 |             1 |       560
     4350 |     +0.0% |       0 |       1 |             1 |       550
     4360 |     +0.0% |       0 |       1 |             1 |       540
     4370 |     +0.0% |       0 |       1 |             1 |       530
     4380 |     +0.0% |       0 |       1 |             1 |       520
     4390 |     +0.0% |       0 |       1 |             1 |       510
     4400 |     +0.0% |       0 |       1 |             1 |       500
     4410 |     +0.0% |       0 |       1 |             1 |       490
     4420 |     +0.0% |       0 |       1 |             1 |       480
     4430 |     +0.0% |       0 |       1 |             1 |       470
     4440 |     +0.0% |       0 |       1 |             1 |       460
     4450 |     +0.0% |       0 |       1 |             1 |       450
     4460 |     +0.0% |       0 |       1 |             1 |       440
     4470 |     +0.0% |       0 |       1 |             1 |       430
     4480 |     +0.0% |       0 |       1 |             1 |       420
     4490 |     +0.0% |       0 |       1 |             1 |       410
     4500 |     +0.0% |       0 |       1 |             1 |       400
     4510 |     +0.0% |       0 |       1 |             1 |       390
     4520 |     +0.0% |       0 |       1 |             1 |       380
     4530 |     +0.0% |       0 |       1 |             1 |       370
     4540 |     +0.0% |       0 |       1 |             1 |       360
     4550 |     +0.0% |       0 |       1 |             1 |       350
     4560 |     +0.0% |       0 |       1 |             1 |       340
     4570 |     +0.0% |       0 |       1 |             1 |       330
     4580 |     +0.0% |       0 |       1 |             1 |       320
     4590 |     +0.0% |       0 |       1 |             1 |       310
     4600 |     +0.0% |       0 |       1 |             1 |       300
     4610 |     +0.0% |       0 |       1 |             1 |       290
     4620 |     +0.0% |       0 |       1 |             1 |       280
     4630 |     +0.0% |       0 |       1 |             1 |       270
     4640 |     +0.0% |       0 |       1 |             1 |       260
     4650 |     +0.0% |       0 |       1 |             1 |       250
     4660 |     +0.0% |       0 |       1 |             1 |       240
     4670 |     +0.0% |       0 |       1 |             1 |       230
     4680 |     +0.0% |       0 |       1 |             1 |       220
     4690 |     +0.0% |       0 |       1 |             1 |       210
     4700 |     +0.0% |       0 |       1 |             1 |       200
     4710 |     +0.0% |       0 |       1 |             1 |       190
     4720 |     +0.0% |       0 |       1 |             1 |       180
     4730 |     +0.0% |       0 |       1 |             1 |       170
     4740 |     +0.0% |       0 |       1 |             1 |       160
     4750 |     +0.0% |       0 |       1 |             1 |       150
     4760 |     +0.0% |       0 |       1 |             1 |       140
     4770 |     +0.0% |       0 |       1 |             1 |       130
     4780 |     +0.0% |       0 |       1 |             1 |       120
     4790 |     +0.0% |       0 |       1 |             1 |       110
     4800 |     +0.0% |       0 |       1 |             1 |       100
     4810 |     +0.0% |       0 |       1 |             1 |        90
     4820 |     +0.0% |       0 |       1 |             1 |        80
     4830 |     +0.0% |       0 |       1 |             1 |        70
     4840 |     +0.0% |       0 |       1 |             1 |        60
     4850 |     +0.0% |       0 |       1 |             1 |        50
     4860 |     +0.0% |       0 |       1 |             1 |        40
     4870 |     +0.0% |       0 |       1 |             1 |        30
     4880 |     +0.0% |       0 |       1 |             1 |        20
     4890 |     +0.0% |       0 |       1 |             1 |        10
     4900 |     +0.0% |       0 |       1 |             1 |         0
    final |     +0.0% |       0 |       1 |             1 |         0
---------------------------------------------------------------------
[INFO RSZ-0036] Found 1 capacitance violations.
[INFO RSZ-0038] Inserted 1 buffers in 1 nets.
[INFO RSZ-0504] Runtime: 0.43s
Floating nets: 
Report metrics stage 3, resizer...

==========================================================================
resizer report_design_area
--------------------------------------------------------------------------
Design area 118738 um^2 12% utilization.
Instance count before 17636, after 17637
Pin count before 20133, after 20135
write_db ./results/sky130hd/d_nw03_cand_gemini_v2/base/3_4_place_resized.odb
Elapsed time: 0:03.56[h:]min:sec. CPU time: user 4.16 sys 0.59 (133%). Peak memory: 218996KB.
Log                       Ext     Elapsed/s Peak Memory/MB sha1sum result [0:20)
3_4_place_resized         .odb            3            213 46f7c0b6e233fb09f2dd
/OpenROAD-flow-scripts/flow/scripts/flow.sh 3_5_place_dp detail_place
Running detail_place.tcl, stage 3_5_place_dp
read_liberty /OpenROAD-flow-scripts/flow/platforms/sky130hd/lib/sky130_fd_sc_hd__tt_025C_1v80.lib
read_db ./results/sky130hd/d_nw03_cand_gemini_v2/base/3_4_place_resized.odb
read_sdc ./results/sky130hd/d_nw03_cand_gemini_v2/base/2_floorplan.sdc
source /OpenROAD-flow-scripts/flow/platforms/sky130hd/setRC.tcl
detailed_placement
[INFO DPL-0006] Core area: 972450.16 um^2
[INFO DPL-0007] Movable instances area: 102569.62 um^2
[INFO DPL-0008] Fixed instances area within core: 16168.01 um^2
[INFO DPL-0009] Utilization: 12.2%
[INFO DPL-0005] Diamond search max displacement: +/- 500 sites horizontally, +/- 100 rows vertically.
[INFO DPL-1102] Legalizing using negotiation legalizer.
[INFO DPL-1103] Negotiation base search window: +/-20 sites horizontally, +/-5 rows vertically 
	Automatic search window extension enabled.
	Search window extendable up to the max displacement cap of +/-500 sites, +/-100 rows near walls.
[INFO DPL-1104] NegotiationLegalizer DRC penalty: 5.
[INFO DPL-0392] Negotiation cell height distribution (1 unique row-count(s)):
[INFO DPL-0393]   height 1 row(s): 17637 cells
          |      Total |  Illegal |  Illegal
Iteration | Violations |    Cells |    Sites
---------------------------------------------
        0 |         54 |        10 |        44
        1 |          0 |         0 |         0
Negotiation phase 1 converged at iteration 1.
[INFO DPL-0500] Runtime: 0.09s
Placement Analysis
---------------------------------
total displacement      18295.5 u
average displacement        1.0 u
max displacement           18.1 u
original HPWL          249294.2 u
legalized HPWL         264521.3 u
delta HPWL                    6 %

improve_placement -max_displacement "5 1"
Detailed placement improvement.
[INFO DPL-0401] Setting random seed to 1.
[INFO DPL-0402] Setting maximum displacement 5 1 to 13600 2720 units.
[INFO DPL-0320] Collected 13244 fixed cells.
[INFO DPL-0318] Collected 4715 single height cells.
[INFO DPL-0321] Collected 0 wide cells.
[INFO DPL-0322] Image (1380, 2720) - (989000, 987360)
[INFO DPL-0310] Assigned 4715 cells into segments.  Movement in X-direction is 0.000000, movement in Y-direction is 0.000000.
[INFO DPL-0313] Found 0 cells in wrong regions.
[INFO DPL-0315] Found 0 row alignment problems.
[INFO DPL-0314] Found 0 site alignment problems.
[INFO DPL-0311] Found 0 overlaps between adjacent cells.
[INFO DPL-0312] Found 0 edge spacing violations and 0 padding violations.
[INFO DPL-0303] Running algorithm for independent set matching.
[INFO DPL-0300] Set matching objective is wirelength.
[INFO DPL-0301] Pass   1 of matching; objective is 2.645126e+08.
[INFO DPL-0302] End of matching; objective is 2.644988e+08, improvement is 0.01 percent.
[INFO DPL-0303] Running algorithm for global swaps.
[INFO DPL-0306] Pass   1 of global swaps; hpwl is 2.618312e+08.
[INFO DPL-0306] Pass   2 of global swaps; hpwl is 2.614666e+08.
[INFO DPL-0307] End of global swaps; objective is 2.614666e+08, improvement is 1.15 percent.
[INFO DPL-0303] Running algorithm for vertical swaps.
[INFO DPL-0308] Pass   1 of vertical swaps; hpwl is 2.607715e+08.
[INFO DPL-0309] End of vertical swaps; objective is 2.607715e+08, improvement is 0.27 percent.
[INFO DPL-0303] Running algorithm for reordering.
[INFO DPL-0304] Pass   1 of reordering; objective is 2.607343e+08.
[INFO DPL-0305] End of reordering; objective is 2.607343e+08, improvement is 0.01 percent.
[INFO DPL-0303] Running algorithm for random improvement.
[INFO DPL-0324] Random improver is using random generator.
[INFO DPL-0325] Random improver is using hpwl objective.
[INFO DPL-0326] Random improver cost string is (a).
[INFO DPL-0332] End of pass, Generator random called 94300 times.
[INFO DPL-0335] Generator random, Cumulative attempts 94300, swaps 14267, moves 23321 since last reset.
[INFO DPL-0333] End of pass, Objective hpwl, Initial cost 2.580246e+08, Scratch cost 2.561012e+08, Incremental cost 2.561012e+08, Mismatch? N
[INFO DPL-0338] End of pass, Total cost is 2.561012e+08.
[INFO DPL-0327] Pass   1 of random improver; improvement in cost is 0.75 percent.
[INFO DPL-0328] End of random improver; improvement is 0.745437 percent.
[INFO DPL-0380] Cell flipping.
[INFO DPL-0382] Changed 0 cell orientations for row compatibility.
[INFO DPL-0383] Performed 665 cell flips.
[INFO DPL-0384] End of flipping; objective is 2.569789e+08, improvement is 0.71 percent.
[INFO DPL-0313] Found 0 cells in wrong regions.
[INFO DPL-0315] Found 0 row alignment problems.
[INFO DPL-0314] Found 0 site alignment problems.
[INFO DPL-0311] Found 0 overlaps between adjacent cells.
[INFO DPL-0312] Found 0 edge spacing violations and 0 padding violations.
Detailed Improvement Results
------------------------------------------
Original HPWL           264521.3 u (  107017.1,   157504.1)
Final HPWL              257001.4 u (  103794.4,   153207.0)
Delta HPWL                  -2.8 % (      -3.0,       -2.7)

optimize_mirroring
[INFO DPL-0020] Mirrored 99 instances
[INFO DPL-0021] HPWL before          257001.4 u
[INFO DPL-0022] HPWL after           256955.0 u
[INFO DPL-0023] HPWL delta               -0.0 %
[INFO FLW-0012] Placement violations .
estimate_parasitics -placement
Report metrics stage 3, detailed place...

==========================================================================
detailed place report_design_area
--------------------------------------------------------------------------
Design area 118738 um^2 12% utilization.
write_db ./results/sky130hd/d_nw03_cand_gemini_v2/base/3_5_place_dp.odb
write_sdc -no_timestamp ./results/sky130hd/d_nw03_cand_gemini_v2/base/3_place.sdc
Elapsed time: 0:03.79[h:]min:sec. CPU time: user 4.38 sys 0.57 (130%). Peak memory: 240856KB.
Log                       Ext     Elapsed/s Peak Memory/MB sha1sum result [0:20)
3_5_place_dp              .odb            3            235 a48108a092e8eba5a130
cp ./results/sky130hd/d_nw03_cand_gemini_v2/base/3_5_place_dp.odb ./results/sky130hd/d_nw03_cand_gemini_v2/base/3_place.odb
/OpenROAD-flow-scripts/flow/scripts/flow.sh 4_1_cts cts
Running cts.tcl, stage 4_1_cts
read_liberty /OpenROAD-flow-scripts/flow/platforms/sky130hd/lib/sky130_fd_sc_hd__tt_025C_1v80.lib
read_db ./results/sky130hd/d_nw03_cand_gemini_v2/base/3_place.odb
read_sdc ./results/sky130hd/d_nw03_cand_gemini_v2/base/3_place.sdc
source /OpenROAD-flow-scripts/flow/platforms/sky130hd/setRC.tcl
clock_tree_synthesis -sink_clustering_enable -repair_clock_nets
[INFO CTS-0050] Root buffer is sky130_fd_sc_hd__clkbuf_16.
[INFO CTS-0051] Sink buffer is sky130_fd_sc_hd__clkbuf_16.
[INFO CTS-0052] The following clock buffers will be used for CTS:
                    sky130_fd_sc_hd__clkbuf_16
[INFO CTS-0049] Characterization buffer is sky130_fd_sc_hd__clkbuf_16.
[INFO CTS-0007] Net "clk_i" found for clock "core_clock".
[INFO CTS-0010]  Clock net "clk_i" has 2428 sinks.
[INFO CTS-0008] TritonCTS found 1 clock nets.
[INFO CTS-0097] Characterization used 1 buffer(s) types.
[INFO CTS-0201] 0 blockages from hard placement blockages and placed macros will be used.
[INFO CTS-0027] Generating H-Tree topology for net clk_i.
[INFO CTS-0028]  Total number of sinks: 2428.
[INFO CTS-0090]  Sinks will be clustered based on buffer max cap.
[INFO CTS-0030]  Number of static layers: 0.
[INFO CTS-0020]  Wire segment unit: 13600  dbu (13 um).
[INFO CTS-0206] Best clustering solution was found from max clustering size of 14 and max clustering diameter of 126.
[INFO CTS-0019]  Total number of sinks after clustering: 225.
[INFO CTS-0024]  Normalized sink region: [(16.1503, 11.5759), (53.7189, 59.3348)].
[INFO CTS-0025]     Width:  37.5686.
[INFO CTS-0026]     Height: 47.7589.
 Level 1
    Direction: Vertical
    Sinks per sub-region: 113
    Sub-region size: 37.5686 X 23.8794
[INFO CTS-0034]     Segment length (rounded): 12.
 Level 2
    Direction: Horizontal
    Sinks per sub-region: 57
    Sub-region size: 18.7843 X 23.8794
[INFO CTS-0034]     Segment length (rounded): 10.
 Level 3
    Direction: Vertical
    Sinks per sub-region: 29
    Sub-region size: 18.7843 X 11.9397
[INFO CTS-0034]     Segment length (rounded): 6.
 Level 4
    Direction: Horizontal
    Sinks per sub-region: 15
    Sub-region size: 9.3922 X 11.9397
[INFO CTS-0034]     Segment length (rounded): 4.
 Level 5
    Direction: Vertical
    Sinks per sub-region: 8
    Sub-region size: 9.3922 X 5.9699
[INFO CTS-0034]     Segment length (rounded): 2.
[INFO CTS-0038]  Stop criterion found. Sink region hpwl is smaller than max wirelength (1911.535 um) and max number of sinks is 15.
[INFO CTS-0035]  Number of sinks covered: 225.
[INFO CTS-0018]     Created 262 clock buffers.
[INFO CTS-0012]     Minimum number of buffers in the clock path: 4.
[INFO CTS-0013]     Maximum number of buffers in the clock path: 4.
[INFO CTS-0015]     Created 262 clock nets.
[INFO CTS-0016]     Fanout distribution for the current clock = 2:1, 4:5, 5:3, 6:11, 7:12, 8:11, 9:24, 10:46, 11:60, 12:51, 13:32, 14:1..
[INFO CTS-0017]     Max level of the clock tree: 5.
[INFO CTS-0098] Clock net "clk_i"
[INFO CTS-0099]  Sinks 2635
[INFO CTS-0100]  Leaf buffers 225
[INFO CTS-0101]  Average sink wire length 1110.49 um
[INFO CTS-0102]  Path depth 3 - 4
[INFO CTS-0207]  Dummy loads inserted 207
[INFO CTS-0500] Runtime: 0.83s
estimate_parasitics -placement
detailed_placement
[INFO DPL-0006] Core area: 972450.16 um^2
[INFO DPL-0007] Movable instances area: 110891.35 um^2
[INFO DPL-0008] Fixed instances area within core: 16168.01 um^2
[INFO DPL-0009] Utilization: 13.1%
[INFO DPL-0005] Diamond search max displacement: +/- 500 sites horizontally, +/- 100 rows vertically.
[INFO DPL-1102] Legalizing using negotiation legalizer.
[INFO DPL-1103] Negotiation base search window: +/-20 sites horizontally, +/-5 rows vertically 
	Automatic search window extension enabled.
	Search window extendable up to the max displacement cap of +/-500 sites, +/-100 rows near walls.
[INFO DPL-1104] NegotiationLegalizer DRC penalty: 5.
[INFO DPL-0392] Negotiation cell height distribution (1 unique row-count(s)):
[INFO DPL-0393]   height 1 row(s): 18106 cells
          |      Total |  Illegal |  Illegal
Iteration | Violations |    Cells |    Sites
---------------------------------------------
        0 |          8 |         2 |         6
        1 |          0 |         0 |         0
Negotiation phase 1 converged at iteration 1.
[INFO DPL-0500] Runtime: 0.07s
Placement Analysis
---------------------------------
total displacement       6271.3 u
average displacement        0.3 u
max displacement           21.9 u
original HPWL          276052.2 u
legalized HPWL         279057.7 u
delta HPWL                    1 %

estimate_parasitics -placement
repair_timing -setup_margin 0 -hold_margin 0 -repair_tns 100 -match_cell_footprint -verbose
[INFO RSZ-0100] Repair move sequence: UnbufferMove SizeUpMove SwapPinsMove BufferMove CloneMove SplitLoadMove 
[INFO RSZ-0098] No setup violations found
[INFO RSZ-0505] Runtime: 0.19s
[INFO RSZ-0033] No hold violations found.
[INFO RSZ-0506] Runtime: 0.06s
detailed_placement
[INFO DPL-0006] Core area: 972450.16 um^2
[INFO DPL-0007] Movable instances area: 110891.35 um^2
[INFO DPL-0008] Fixed instances area within core: 16168.01 um^2
[INFO DPL-0009] Utilization: 13.1%
[INFO DPL-0005] Diamond search max displacement: +/- 500 sites horizontally, +/- 100 rows vertically.
[INFO DPL-1102] Legalizing using negotiation legalizer.
[INFO DPL-1103] Negotiation base search window: +/-20 sites horizontally, +/-5 rows vertically 
	Automatic search window extension enabled.
	Search window extendable up to the max displacement cap of +/-500 sites, +/-100 rows near walls.
[INFO DPL-1104] NegotiationLegalizer DRC penalty: 5.
[INFO DPL-0392] Negotiation cell height distribution (1 unique row-count(s)):
[INFO DPL-0393]   height 1 row(s): 18106 cells
[INFO DPL-0500] Runtime: 0.04s
Placement Analysis
---------------------------------
total displacement          0.0 u
average displacement        0.0 u
max displacement            0.0 u
original HPWL          279057.7 u
legalized HPWL         279057.7 u
delta HPWL                    0 %

Report metrics stage 4, cts final...

==========================================================================
cts final report_design_area
--------------------------------------------------------------------------
Design area 127059 um^2 13% utilization.
write_db ./results/sky130hd/d_nw03_cand_gemini_v2/base/4_1_cts.odb
write_sdc -no_timestamp ./results/sky130hd/d_nw03_cand_gemini_v2/base/4_cts.sdc
Elapsed time: 0:04.46[h:]min:sec. CPU time: user 5.61 sys 0.91 (146%). Peak memory: 276620KB.
Log                       Ext     Elapsed/s Peak Memory/MB sha1sum result [0:20)
4_1_cts                   .odb            4            270 e5af202d73e74db49b60
cp ./results/sky130hd/d_nw03_cand_gemini_v2/base/4_1_cts.odb ./results/sky130hd/d_nw03_cand_gemini_v2/base/4_cts.odb
/OpenROAD-flow-scripts/flow/scripts/flow.sh 5_1_grt global_route
Running global_route.tcl, stage 5_1_grt
read_liberty /OpenROAD-flow-scripts/flow/platforms/sky130hd/lib/sky130_fd_sc_hd__tt_025C_1v80.lib
read_db ./results/sky130hd/d_nw03_cand_gemini_v2/base/4_cts.odb
read_sdc ./results/sky130hd/d_nw03_cand_gemini_v2/base/4_cts.sdc
source /OpenROAD-flow-scripts/flow/platforms/sky130hd/setRC.tcl
pin_access
[INFO DRT-0149] Reading tech and libs.
[WARNING DRT-0349] LEF58_ENCLOSURE with no CUTCLASS is not supported. Skipping for layer mcon
[WARNING DRT-0349] LEF58_ENCLOSURE with no CUTCLASS is not supported. Skipping for layer mcon
[WARNING DRT-0349] LEF58_ENCLOSURE with no CUTCLASS is not supported. Skipping for layer via
[WARNING DRT-0349] LEF58_ENCLOSURE with no CUTCLASS is not supported. Skipping for layer via
[WARNING DRT-0349] LEF58_ENCLOSURE with no CUTCLASS is not supported. Skipping for layer via2
[WARNING DRT-0349] LEF58_ENCLOSURE with no CUTCLASS is not supported. Skipping for layer via2
[WARNING DRT-0349] LEF58_ENCLOSURE with no CUTCLASS is not supported. Skipping for layer via3
[WARNING DRT-0349] LEF58_ENCLOSURE with no CUTCLASS is not supported. Skipping for layer via3
[WARNING DRT-0349] LEF58_ENCLOSURE with no CUTCLASS is not supported. Skipping for layer via4
[WARNING DRT-0349] LEF58_ENCLOSURE with no CUTCLASS is not supported. Skipping for layer via4

Units:                1000
Number of layers:     13
Number of macros:     441
Number of vias:       29
Number of viarulegen: 25

[INFO DRT-0150] Reading design.
[WARNING DRT-0120] Large net net1076 has 115 pins which may impact routing performance. Consider optimization.
[WARNING DRT-0120] Large net net1070 has 110 pins which may impact routing performance. Consider optimization.
[WARNING DRT-0120] Large net net1084 has 107 pins which may impact routing performance. Consider optimization.

Design:                   axis_switch_oq
Die area:                 ( 0 0 ) ( 990020 990020 )
Number of track patterns: 12
Number of DEF vias:       0
Number of components:     18106
Number of terminals:      324
Number of snets:          2
Number of nets:           5163

[INFO DRT-0167] List of default vias:
  Layer via
    default via: M1M2_PR
  Layer via2
    default via: M2M3_PR
  Layer via3
    default via: M3M4_PR
  Layer via4
    default via: M4M5_PR
[INFO DRT-0162] Library cell analysis.
[INFO DRT-0163] Instance analysis.
[INFO DRT-0164] Number of unique instances = 169.
[INFO DRT-0168] Init region query.
[INFO DRT-0024]   Complete FR_MASTERSLICE.
[INFO DRT-0024]   Complete Fr_VIA.
[INFO DRT-0024]   Complete li1.
[INFO DRT-0024]   Complete mcon.
[INFO DRT-0024]   Complete met1.
[INFO DRT-0024]   Complete via.
[INFO DRT-0024]   Complete met2.
[INFO DRT-0024]   Complete via2.
[INFO DRT-0024]   Complete met3.
[INFO DRT-0024]   Complete via3.
[INFO DRT-0024]   Complete met4.
[INFO DRT-0024]   Complete via4.
[INFO DRT-0024]   Complete met5.
[INFO DRT-0033] FR_MASTERSLICE shape region query size = 0.
[INFO DRT-0033] FR_VIA shape region query size = 0.
[INFO DRT-0033] li1 shape region query size = 335563.
[INFO DRT-0033] mcon shape region query size = 234036.
[INFO DRT-0033] met1 shape region query size = 95565.
[INFO DRT-0033] via shape region query size = 65340.
[INFO DRT-0033] met2 shape region query size = 39411.
[INFO DRT-0033] via2 shape region query size = 52272.
[INFO DRT-0033] met3 shape region query size = 39319.
[INFO DRT-0033] via3 shape region query size = 52272.
[INFO DRT-0033] met4 shape region query size = 15732.
[INFO DRT-0033] via4 shape region query size = 2592.
[INFO DRT-0033] met5 shape region query size = 2736.
[INFO DRT-0165] Start pin access.
[INFO DRT-0076]   Complete 1000 pins.
[INFO DRT-0078]   Complete 1327 pins.
[INFO DRT-0079]   Complete 100 unique inst patterns.
[INFO DRT-0081]   Complete 169 unique inst patterns.
[INFO DRT-0084]   Complete 4311 groups.
#scanned instances     = 18106
#unique  instances     = 169
#stdCellGenAp          = 5342
#stdCellValidPlanarAp  = 90
#stdCellValidViaAp     = 3805
#stdCellPinNoAp        = 0
#stdCellPinCnt         = 20866
#instTermValidViaApCnt = 0
#macroGenAp            = 0
#macroValidPlanarAp    = 0
#macroValidViaAp       = 0
#macroNoAp             = 0
[INFO DRT-0166] Complete pin access.
[INFO DRT-0267] cpu time = 00:02:02, elapsed time = 00:00:13, memory = 248.28 (MB), peak = 247.36 (MB)
Took 14 seconds: pin_access
global_route -congestion_report_file ./reports/sky130hd/d_nw03_cand_gemini_v2/base/congestion.rpt -congestion_iterations 30 -congestion_report_iter_step 5 -verbose
[INFO GRT-0020] Min routing layer: met1
[INFO GRT-0021] Max routing layer: met5
[INFO GRT-0022] Global adjustment: 0%
[INFO GRT-0023] Grid origin: (0, 0)
[INFO GRT-0088] Layer li1     Track-Pitch = 0.4600  line-2-Via Pitch: 0.3400
[INFO GRT-0088] Layer met1    Track-Pitch = 0.3400  line-2-Via Pitch: 0.3400
[INFO GRT-0088] Layer met2    Track-Pitch = 0.4600  line-2-Via Pitch: 0.3500
[INFO GRT-0088] Layer met3    Track-Pitch = 0.6800  line-2-Via Pitch: 0.6150
[INFO GRT-0088] Layer met4    Track-Pitch = 0.9200  line-2-Via Pitch: 1.0400
[INFO GRT-0088] Layer met5    Track-Pitch = 3.4000  line-2-Via Pitch: 3.1100
[INFO GRT-0003] Macros: 0
[INFO GRT-0004] Blockages: 64106
[INFO GRT-0019] Found 263 clock nets.
[INFO GRT-0001] Minimum degree: 2
[INFO GRT-0002] Maximum degree: 115

[INFO GRT-0053] Routing resources analysis:
          Routing      Original      Derated      Resource
Layer     Direction    Resources     Resources    Reduction (%)
---------------------------------------------------------------
li1        Vertical            0             0          0.00%
met1       Horizontal     280948        217694          22.51%
met2       Vertical       262984        201782          23.27%
met3       Horizontal     193108        150884          21.87%
met4       Vertical       129788         93862          27.68%
met5       Horizontal      28826         20590          28.57%
---------------------------------------------------------------

[INFO GRT-0101] Running extra iterations to remove congestion.
[INFO GRT-0102] Start extra iteration 1/30
[INFO GRT-0102] Start extra iteration 2/30
[INFO GRT-0102] Start extra iteration 3/30
[INFO GRT-0197] Via related to pin nodes: 40335
[INFO GRT-0198] Via related Steiner nodes: 1562
[INFO GRT-0199] Via filling finished.
[INFO GRT-0111] Final number of vias: 52845
[INFO GRT-0112] Final usage 3D: 210298

[INFO GRT-0096] Final congestion report:
Layer         Resource        Demand        Usage (%)    Max H / Max V / Total Congestion
---------------------------------------------------------------------------------------
li1                  0             0            0.00%             0 /  0 /  0
met1            217694         15402            7.08%             0 /  0 /  0
met2            201782         24561           12.17%             0 /  0 /  0
met3            150884          7727            5.12%             0 /  0 /  0
met4             93862          3947            4.21%             0 /  0 /  0
met5             20590           126            0.61%             0 /  0 /  0
---------------------------------------------------------------------------------------
Total           684812         51763            7.56%             0 /  0 /  0

[INFO GRT-0018] Total wirelength: 486353 um
[INFO GRT-0014] Routed nets: 5151
[INFO GRT-0303] Global routing runtime = 00:00:01
estimate_parasitics -global_routing
Perform buffer insertion and gate resizing...
repair_design -verbose
Iteration |   Area    | Resized | Buffers | Nets repaired | Remaining
---------------------------------------------------------------------
        0 |     +0.0% |       0 |       0 |             0 |      5370
     1000 |     +0.0% |       4 |       0 |             3 |      4370
[WARNING RSZ-0104] Net _1725_ only has one pin. Check if it is intended to be dangling.
[WARNING RSZ-0104] Net _1724_ only has one pin. Check if it is intended to be dangling.
[WARNING RSZ-0104] Net _1722_ only has one pin. Check if it is intended to be dangling.
[WARNING RSZ-0104] Net _1721_ only has one pin. Check if it is intended to be dangling.
[WARNING RSZ-0104] Net _1719_ only has one pin. Check if it is intended to be dangling.
[WARNING RSZ-0104] Net _1718_ only has one pin. Check if it is intended to be dangling.
[WARNING RSZ-0104] Net _1716_ only has one pin. Check if it is intended to be dangling.
[WARNING RSZ-0104] Net _1715_ only has one pin. Check if it is intended to be dangling.
[WARNING RSZ-0104] Net _1726_ only has one pin. Check if it is intended to be dangling.
[WARNING RSZ-0104] Net _1723_ only has one pin. Check if it is intended to be dangling.
[WARNING RSZ-0104] Net _1720_ only has one pin. Check if it is intended to be dangling.
[WARNING RSZ-0104] Net _1717_ only has one pin. Check if it is intended to be dangling.
     2000 |     +0.0% |       4 |       0 |             3 |      3370
     3000 |     +0.0% |       4 |       0 |             3 |      2370
     4000 |     +0.0% |       4 |       0 |             3 |      1370
     5000 |     +0.0% |       4 |       0 |             3 |       370
    final |     +0.0% |       4 |       0 |             3 |         0
---------------------------------------------------------------------
[INFO RSZ-0034] Found 4 slew violations.
[INFO RSZ-0039] Resized 4 instances.
[INFO RSZ-0504] Runtime: 0.47s
global_route -start_incremental
detailed_placement
[INFO DPL-0006] Core area: 972450.16 um^2
[INFO DPL-0007] Movable instances area: 110901.36 um^2
[INFO DPL-0008] Fixed instances area within core: 16168.01 um^2
[INFO DPL-0009] Utilization: 13.1%
[INFO DPL-0005] Diamond search max displacement: +/- 500 sites horizontally, +/- 100 rows vertically.
[INFO DPL-1102] Legalizing using negotiation legalizer.
[INFO DPL-1103] Negotiation base search window: +/-20 sites horizontally, +/-5 rows vertically 
	Automatic search window extension enabled.
	Search window extendable up to the max displacement cap of +/-500 sites, +/-100 rows near walls.
[INFO DPL-1104] NegotiationLegalizer DRC penalty: 5.
[INFO DPL-0392] Negotiation cell height distribution (1 unique row-count(s)):
[INFO DPL-0393]   height 1 row(s): 18106 cells
[INFO DPL-0500] Runtime: 0.05s
Placement Analysis
---------------------------------
total displacement          0.0 u
average displacement        0.0 u
max displacement            0.0 u
original HPWL          279058.3 u
legalized HPWL         279058.3 u
delta HPWL                    0 %

global_route -end_incremental -congestion_report_file ./reports/sky130hd/d_nw03_cand_gemini_v2/base/congestion_post_repair_design.rpt
Repair setup and hold violations...
estimate_parasitics -global_routing
repair_timing -setup_margin 0 -hold_margin 0 -repair_tns 100 -verbose
[INFO RSZ-0100] Repair move sequence: UnbufferMove SizeUpMove SwapPinsMove BufferMove CloneMove SplitLoadMove 
[INFO RSZ-0098] No setup violations found
[INFO RSZ-0505] Runtime: 0.22s
[INFO RSZ-0033] No hold violations found.
[INFO RSZ-0506] Runtime: 0.10s
global_route -start_incremental
detailed_placement
[INFO DPL-0006] Core area: 972450.16 um^2
[INFO DPL-0007] Movable instances area: 110901.36 um^2
[INFO DPL-0008] Fixed instances area within core: 16168.01 um^2
[INFO DPL-0009] Utilization: 13.1%
[INFO DPL-0005] Diamond search max displacement: +/- 500 sites horizontally, +/- 100 rows vertically.
[INFO DPL-1102] Legalizing using negotiation legalizer.
[INFO DPL-1103] Negotiation base search window: +/-20 sites horizontally, +/-5 rows vertically 
	Automatic search window extension enabled.
	Search window extendable up to the max displacement cap of +/-500 sites, +/-100 rows near walls.
[INFO DPL-1104] NegotiationLegalizer DRC penalty: 5.
[INFO DPL-0392] Negotiation cell height distribution (1 unique row-count(s)):
[INFO DPL-0393]   height 1 row(s): 18106 cells
[INFO DPL-0500] Runtime: 0.04s
Placement Analysis
---------------------------------
total displacement          0.0 u
average displacement        0.0 u
max displacement            0.0 u
original HPWL          279058.3 u
legalized HPWL         279058.3 u
delta HPWL                    0 %

check_placement -verbose
global_route -end_incremental -congestion_report_file ./reports/sky130hd/d_nw03_cand_gemini_v2/base/congestion_post_repair_timing.rpt
estimate_parasitics -global_routing
global_route -start_incremental
global_route -end_incremental -congestion_report_file ./reports/sky130hd/d_nw03_cand_gemini_v2/base/congestion_post_recover_power.rpt
Repair antennas...
[INFO GRT-0012] Found 90 antenna violations.
[INFO GRT-0302] Inserted 78 jumpers for 77 nets.
[INFO GRT-0012] Found 14 antenna violations.
[INFO DPL-0006] Core area: 972450.16 um^2
[INFO DPL-0007] Movable instances area: 110764.98 um^2
[INFO DPL-0008] Fixed instances area within core: 16437.01 um^2
[INFO DPL-0009] Utilization: 13.1%
[INFO DPL-0005] Diamond search max displacement: +/- 500 sites horizontally, +/- 100 rows vertically.
[INFO DPL-1102] Legalizing using negotiation legalizer.
[INFO DPL-1103] Negotiation base search window: +/-20 sites horizontally, +/-5 rows vertically 
	Automatic search window extension enabled.
	Search window extendable up to the max displacement cap of +/-500 sites, +/-100 rows near walls.
[INFO DPL-1104] NegotiationLegalizer DRC penalty: 5.
[INFO DPL-0392] Negotiation cell height distribution (1 unique row-count(s)):
[INFO DPL-0393]   height 1 row(s): 18159 cells
          |      Total |  Illegal |  Illegal
Iteration | Violations |    Cells |    Sites
---------------------------------------------
        0 |          0 |         0 |         0
Negotiation phase 1 converged at iteration 0.
[INFO DPL-0500] Runtime: 0.06s
[INFO GRT-0015] Inserted 53 diodes.
[INFO GRT-0012] Found 3 antenna violations.
[INFO GRT-0302] Inserted 2 jumpers for 2 nets.
[INFO GRT-0012] Found 1 antenna violations.
[INFO DPL-0006] Core area: 972450.16 um^2
[INFO DPL-0007] Movable instances area: 111023.98 um^2
[INFO DPL-0008] Fixed instances area within core: 16205.54 um^2
[INFO DPL-0009] Utilization: 13.1%
[INFO DPL-0005] Diamond search max displacement: +/- 500 sites horizontally, +/- 100 rows vertically.
[INFO DPL-1102] Legalizing using negotiation legalizer.
[INFO DPL-1103] Negotiation base search window: +/-20 sites horizontally, +/-5 rows vertically 
	Automatic search window extension enabled.
	Search window extendable up to the max displacement cap of +/-500 sites, +/-100 rows near walls.
[INFO DPL-1104] NegotiationLegalizer DRC penalty: 5.
[INFO DPL-0392] Negotiation cell height distribution (1 unique row-count(s)):
[INFO DPL-0393]   height 1 row(s): 18170 cells
          |      Total |  Illegal |  Illegal
Iteration | Violations |    Cells |    Sites
---------------------------------------------
        0 |          0 |         0 |         0
Negotiation phase 1 converged at iteration 0.
[INFO DPL-0500] Runtime: 0.05s
[INFO GRT-0015] Inserted 11 diodes.
[INFO GRT-0012] Found 1 antenna violations.
[INFO GRT-0302] Inserted 0 jumpers for 0 nets.
[INFO GRT-0012] Found 1 antenna violations.
[INFO DPL-0006] Core area: 972450.16 um^2
[INFO DPL-0007] Movable instances area: 111051.51 um^2
[INFO DPL-0008] Fixed instances area within core: 16203.04 um^2
[INFO DPL-0009] Utilization: 13.1%
[INFO DPL-0005] Diamond search max displacement: +/- 500 sites horizontally, +/- 100 rows vertically.
[INFO DPL-1102] Legalizing using negotiation legalizer.
[INFO DPL-1103] Negotiation base search window: +/-20 sites horizontally, +/-5 rows vertically 
	Automatic search window extension enabled.
	Search window extendable up to the max displacement cap of +/-500 sites, +/-100 rows near walls.
[INFO DPL-1104] NegotiationLegalizer DRC penalty: 5.
[INFO DPL-0392] Negotiation cell height distribution (1 unique row-count(s)):
[INFO DPL-0393]   height 1 row(s): 18180 cells
          |      Total |  Illegal |  Illegal
Iteration | Violations |    Cells |    Sites
---------------------------------------------
        0 |          0 |         0 |         0
Negotiation phase 1 converged at iteration 0.
[INFO DPL-0500] Runtime: 0.05s
[INFO GRT-0015] Inserted 10 diodes.
[INFO GRT-0012] Found 0 antenna violations.
[INFO ANT-0002] Found 0 net violations.
[INFO ANT-0001] Found 0 pin violations.
Estimate parasitics...
estimate_parasitics -global_routing
Report metrics stage 5, global route...

==========================================================================
global route report_design_area
--------------------------------------------------------------------------
Design area 127255 um^2 13% utilization.
[INFO FLW-0007] clock core_clock period 8.000000
[INFO FLW-0008] Clock core_clock period 7.270
[INFO FLW-0009] Clock core_clock slack 0.348
write_sdc -no_timestamp ./results/sky130hd/d_nw03_cand_gemini_v2/base/updated_clks.sdc
[INFO FLW-0011] Path endpoint path count 5305
write_db ./results/sky130hd/d_nw03_cand_gemini_v2/base/5_1_grt.odb
write_sdc -no_timestamp ./results/sky130hd/d_nw03_cand_gemini_v2/base/5_1_grt.sdc
Elapsed time: 0:27.05[h:]min:sec. CPU time: user 177.98 sys 1.79 (664%). Peak memory: 578472KB.
Log                       Ext     Elapsed/s Peak Memory/MB sha1sum result [0:20)
5_1_grt                   .odb           27            564 89f560ea2243514842f0
5_1_grt                   .sdc                             86818618b38c2ca48a8a
/OpenROAD-flow-scripts/flow/scripts/flow.sh 5_2_route detail_route
Running detail_route.tcl, stage 5_2_route
read_liberty /OpenROAD-flow-scripts/flow/platforms/sky130hd/lib/sky130_fd_sc_hd__tt_025C_1v80.lib
read_db ./results/sky130hd/d_nw03_cand_gemini_v2/base/5_1_grt.odb
read_sdc ./results/sky130hd/d_nw03_cand_gemini_v2/base/5_1_grt.sdc
source /OpenROAD-flow-scripts/flow/platforms/sky130hd/setRC.tcl
detailed_route -output_drc ./reports/sky130hd/d_nw03_cand_gemini_v2/base/5_route_drc.rpt -output_maze ./results/sky130hd/d_nw03_cand_gemini_v2/base/maze.log -droute_end_iter 64 -verbose 1 -drc_report_iter_step 5
[INFO DRT-0149] Reading tech and libs.
[WARNING DRT-0349] LEF58_ENCLOSURE with no CUTCLASS is not supported. Skipping for layer mcon
[WARNING DRT-0349] LEF58_ENCLOSURE with no CUTCLASS is not supported. Skipping for layer mcon
[WARNING DRT-0349] LEF58_ENCLOSURE with no CUTCLASS is not supported. Skipping for layer via
[WARNING DRT-0349] LEF58_ENCLOSURE with no CUTCLASS is not supported. Skipping for layer via
[WARNING DRT-0349] LEF58_ENCLOSURE with no CUTCLASS is not supported. Skipping for layer via2
[WARNING DRT-0349] LEF58_ENCLOSURE with no CUTCLASS is not supported. Skipping for layer via2
[WARNING DRT-0349] LEF58_ENCLOSURE with no CUTCLASS is not supported. Skipping for layer via3
[WARNING DRT-0349] LEF58_ENCLOSURE with no CUTCLASS is not supported. Skipping for layer via3
[WARNING DRT-0349] LEF58_ENCLOSURE with no CUTCLASS is not supported. Skipping for layer via4
[WARNING DRT-0349] LEF58_ENCLOSURE with no CUTCLASS is not supported. Skipping for layer via4

Units:                1000
Number of layers:     13
Number of macros:     441
Number of vias:       29
Number of viarulegen: 25

[INFO DRT-0150] Reading design.
[WARNING DRT-0120] Large net net1076 has 115 pins which may impact routing performance. Consider optimization.
[WARNING DRT-0120] Large net net1070 has 110 pins which may impact routing performance. Consider optimization.
[WARNING DRT-0120] Large net net1084 has 107 pins which may impact routing performance. Consider optimization.

Design:                   axis_switch_oq
Die area:                 ( 0 0 ) ( 990020 990020 )
Number of track patterns: 12
Number of DEF vias:       0
Number of components:     18180
Number of terminals:      324
Number of snets:          2
Number of nets:           5163

[INFO DRT-0167] List of default vias:
  Layer via
    default via: M1M2_PR
  Layer via2
    default via: M2M3_PR
  Layer via3
    default via: M3M4_PR
  Layer via4
    default via: M4M5_PR
[INFO DRT-0162] Library cell analysis.
[INFO DRT-0163] Instance analysis.
[INFO DRT-0164] Number of unique instances = 173.
[INFO DRT-0168] Init region query.
[INFO DRT-0024]   Complete FR_MASTERSLICE.
[INFO DRT-0024]   Complete Fr_VIA.
[INFO DRT-0024]   Complete li1.
[INFO DRT-0024]   Complete mcon.
[INFO DRT-0024]   Complete met1.
[INFO DRT-0024]   Complete via.
[INFO DRT-0024]   Complete met2.
[INFO DRT-0024]   Complete via2.
[INFO DRT-0024]   Complete met3.
[INFO DRT-0024]   Complete via3.
[INFO DRT-0024]   Complete met4.
[INFO DRT-0024]   Complete via4.
[INFO DRT-0024]   Complete met5.
[INFO DRT-0033] FR_MASTERSLICE shape region query size = 0.
[INFO DRT-0033] FR_VIA shape region query size = 0.
[INFO DRT-0033] li1 shape region query size = 335821.
[INFO DRT-0033] mcon shape region query size = 234348.
[INFO DRT-0033] met1 shape region query size = 95713.
[INFO DRT-0033] via shape region query size = 65340.
[INFO DRT-0033] met2 shape region query size = 39411.
[INFO DRT-0033] via2 shape region query size = 52272.
[INFO DRT-0033] met3 shape region query size = 39319.
[INFO DRT-0033] via3 shape region query size = 52272.
[INFO DRT-0033] met4 shape region query size = 15732.
[INFO DRT-0033] via4 shape region query size = 2592.
[INFO DRT-0033] met5 shape region query size = 2736.
[INFO DRT-0165] Start pin access.
[INFO DRT-0076]   Complete 1000 pins.
[INFO DRT-0078]   Complete 1351 pins.
[INFO DRT-0079]   Complete 100 unique inst patterns.
[INFO DRT-0081]   Complete 173 unique inst patterns.
[INFO DRT-0084]   Complete 4334 groups.
#scanned instances     = 18180
#unique  instances     = 173
#stdCellGenAp          = 5398
#stdCellValidPlanarAp  = 90
#stdCellValidViaAp     = 3855
#stdCellPinNoAp        = 0
#stdCellPinCnt         = 20866
#instTermValidViaApCnt = 0
#macroGenAp            = 0
#macroValidPlanarAp    = 0
#macroValidViaAp       = 0
#macroNoAp             = 0
[INFO DRT-0166] Complete pin access.
[INFO DRT-0267] cpu time = 00:02:08, elapsed time = 00:00:14, memory = 392.91 (MB), peak = 392.18 (MB)

[INFO DRT-0157] Number of guides:     57793

[INFO DRT-0169] Post process guides.
[INFO DRT-0176] GCELLGRID X 0 DO 143 STEP 6900 ;
[INFO DRT-0177] GCELLGRID Y 0 DO 143 STEP 6900 ;
[INFO DRT-0028]   Complete FR_MASTERSLICE.
[INFO DRT-0028]   Complete Fr_VIA.
[INFO DRT-0028]   Complete li1.
[INFO DRT-0028]   Complete mcon.
[INFO DRT-0028]   Complete met1.
[INFO DRT-0028]   Complete via.
[INFO DRT-0028]   Complete met2.
[INFO DRT-0028]   Complete via2.
[INFO DRT-0028]   Complete met3.
[INFO DRT-0028]   Complete via3.
[INFO DRT-0028]   Complete met4.
[INFO DRT-0028]   Complete via4.
[INFO DRT-0028]   Complete met5.
[INFO DRT-0178] Init guide query.
[INFO DRT-0035]   Complete FR_MASTERSLICE (guide).
[INFO DRT-0035]   Complete Fr_VIA (guide).
[INFO DRT-0035]   Complete li1 (guide).
[INFO DRT-0035]   Complete mcon (guide).
[INFO DRT-0035]   Complete met1 (guide).
[INFO DRT-0035]   Complete via (guide).
[INFO DRT-0035]   Complete met2 (guide).
[INFO DRT-0035]   Complete via2 (guide).
[INFO DRT-0035]   Complete met3 (guide).
[INFO DRT-0035]   Complete via3 (guide).
[INFO DRT-0035]   Complete met4 (guide).
[INFO DRT-0035]   Complete via4 (guide).
[INFO DRT-0035]   Complete met5 (guide).
[INFO DRT-0036] FR_MASTERSLICE guide region query size = 0.
[INFO DRT-0036] FR_VIA guide region query size = 0.
[INFO DRT-0036] li1 guide region query size = 17620.
[INFO DRT-0036] mcon guide region query size = 0.
[INFO DRT-0036] met1 guide region query size = 17377.
[INFO DRT-0036] via guide region query size = 0.
[INFO DRT-0036] met2 guide region query size = 10374.
[INFO DRT-0036] via2 guide region query size = 0.
[INFO DRT-0036] met3 guide region query size = 1487.
[INFO DRT-0036] via3 guide region query size = 0.
[INFO DRT-0036] met4 guide region query size = 434.
[INFO DRT-0036] via4 guide region query size = 0.
[INFO DRT-0036] met5 guide region query size = 35.
[INFO DRT-0179] Init gr pin query.
[INFO DRT-0267] cpu time = 00:00:00, elapsed time = 00:00:00, memory = 411.53 (MB), peak = 410.91 (MB)
[INFO DRT-0245] skipped writing guide updates to database.
[INFO DRT-0181] Start track assignment.
[INFO DRT-0184] Done with 28428 vertical wires in 3 frboxes and 18899 horizontal wires in 3 frboxes.
[INFO DRT-0186] Done with 2974 vertical wires in 3 frboxes and 4881 horizontal wires in 3 frboxes.
[INFO DRT-0182] Complete track assignment.
[INFO DRT-0267] cpu time = 00:00:03, elapsed time = 00:00:02, memory = 610.95 (MB), peak = 610.01 (MB)
[INFO DRT-0187] Start routing data preparation.
[INFO DRT-0267] cpu time = 00:00:00, elapsed time = 00:00:00, memory = 610.96 (MB), peak = 610.01 (MB)
[INFO DRT-0194] Start detail routing.
[INFO DRT-0195] Start 0th optimization iteration.
    Completing 10% with 0 violations.
    elapsed time = 00:00:01, memory = 801.46 (MB).
    Completing 20% with 0 violations.
    elapsed time = 00:00:04, memory = 1018.71 (MB).
    Completing 30% with 823 violations.
    elapsed time = 00:00:08, memory = 974.28 (MB).
    Completing 40% with 823 violations.
    elapsed time = 00:00:12, memory = 1129.56 (MB).
    Completing 50% with 823 violations.
    elapsed time = 00:00:14, memory = 1155.76 (MB).
    Completing 60% with 1785 violations.
    elapsed time = 00:00:19, memory = 1108.82 (MB).
    Completing 70% with 1785 violations.
    elapsed time = 00:00:24, memory = 1189.73 (MB).
    Completing 80% with 2619 violations.
    elapsed time = 00:00:29, memory = 1166.67 (MB).
    Completing 90% with 2619 violations.
    elapsed time = 00:00:34, memory = 1255.76 (MB).
    Completing 100% with 3396 violations.
    elapsed time = 00:00:40, memory = 1238.99 (MB).
[INFO DRT-0199]   Number of violations = 4060.
Viol/Layer         li1   mcon   met1    via   met2   met3   met4   met5
Cut Spacing          0     16      0      0      0      0      0      0
Metal Spacing        0      0   1103      0    196     38      3      1
Min Hole             0      0     10      0      0      0      0      0
NS Metal             0      0      1      0      0      0      0      0
Recheck              9      0    399      0    240     12      4      0
Short                0      0   1606      1    377     39      3      2
[INFO DRT-0267] cpu time = 00:04:30, elapsed time = 00:00:41, memory = 1423.73 (MB), peak = 1440.71 (MB)
Total wire length = 369894 um.
Total wire length on LAYER li1 = 0 um.
Total wire length on LAYER met1 = 114937 um.
Total wire length on LAYER met2 = 177641 um.
Total wire length on LAYER met3 = 51989 um.
Total wire length on LAYER met4 = 24577 um.
Total wire length on LAYER met5 = 747 um.
Total number of vias = 49874.
Up-via summary (total 49874):

------------------------
 FR_MASTERSLICE        0
            li1    20285
           met1    26725
           met2     2197
           met3      621
           met4       46
------------------------
               49874


[INFO DRT-0195] Start 1st optimization iteration.
    Completing 10% with 4060 violations.
    elapsed time = 00:00:00, memory = 1429.98 (MB).
    Completing 20% with 4060 violations.
    elapsed time = 00:00:05, memory = 1431.16 (MB).
    Completing 30% with 3543 violations.
    elapsed time = 00:00:07, memory = 1431.17 (MB).
    Completing 40% with 3543 violations.
    elapsed time = 00:00:11, memory = 1483.10 (MB).
    Completing 50% with 3543 violations.
    elapsed time = 00:00:14, memory = 1483.10 (MB).
    Completing 60% with 2957 violations.
    elapsed time = 00:00:20, memory = 1451.54 (MB).
    Completing 70% with 2957 violations.
    elapsed time = 00:00:25, memory = 1482.40 (MB).
    Completing 80% with 2388 violations.
    elapsed time = 00:00:29, memory = 1451.55 (MB).
    Completing 90% with 2388 violations.
    elapsed time = 00:00:35, memory = 1463.49 (MB).
    Completing 100% with 1830 violations.
    elapsed time = 00:00:41, memory = 1463.50 (MB).
[INFO DRT-0199]   Number of violations = 1830.
Viol/Layer        mcon   met1   met2   met3   met4
Cut Spacing          5      0      0      0      0
Metal Spacing        0    732     57     20      1
Short                0    919     81     14      1
[INFO DRT-0267] cpu time = 00:05:07, elapsed time = 00:00:41, memory = 1466.50 (MB), peak = 1484.86 (MB)
Total wire length = 367523 um.
Total wire length on LAYER li1 = 0 um.
Total wire length on LAYER met1 = 113873 um.
Total wire length on LAYER met2 = 176692 um.
Total wire length on LAYER met3 = 51874 um.
Total wire length on LAYER met4 = 24340 um.
Total wire length on LAYER met5 = 741 um.
Total number of vias = 49143.
Up-via summary (total 49143):

------------------------
 FR_MASTERSLICE        0
            li1    20292
           met1    26066
           met2     2159
           met3      584
           met4       42
------------------------
               49143


[INFO DRT-0195] Start 2nd optimization iteration.
    Completing 10% with 1830 violations.
    elapsed time = 00:00:00, memory = 1466.50 (MB).
    Completing 20% with 1830 violations.
    elapsed time = 00:00:04, memory = 1466.50 (MB).
    Completing 30% with 1772 violations.
    elapsed time = 00:00:07, memory = 1466.50 (MB).
    Completing 40% with 1772 violations.
    elapsed time = 00:00:13, memory = 1469.81 (MB).
    Completing 50% with 1772 violations.
    elapsed time = 00:00:18, memory = 1469.81 (MB).
    Completing 60% with 1712 violations.
    elapsed time = 00:00:20, memory = 1470.94 (MB).
    Completing 70% with 1712 violations.
    elapsed time = 00:00:23, memory = 1470.94 (MB).
    Completing 80% with 1628 violations.
    elapsed time = 00:00:30, memory = 1472.03 (MB).
    Completing 90% with 1628 violations.
    elapsed time = 00:00:35, memory = 1538.07 (MB).
    Completing 100% with 1513 violations.
    elapsed time = 00:00:42, memory = 1472.03 (MB).
[INFO DRT-0199]   Number of violations = 1513.
Viol/Layer        mcon   met1   met2   met3   met4
Cut Spacing         12      0      0      0      0
Metal Spacing        0    602     33     16      0
Min Hole             0      2      0      0      0
NS Metal             0      1      0      0      0
Short                0    740     86     20      1
[INFO DRT-0267] cpu time = 00:04:35, elapsed time = 00:00:43, memory = 1472.04 (MB), peak = 1539.79 (MB)
Total wire length = 367249 um.
Total wire length on LAYER li1 = 0 um.
Total wire length on LAYER met1 = 113582 um.
Total wire length on LAYER met2 = 176640 um.
Total wire length on LAYER met3 = 51958 um.
Total wire length on LAYER met4 = 24328 um.
Total wire length on LAYER met5 = 739 um.
Total number of vias = 48937.
Up-via summary (total 48937):

------------------------
 FR_MASTERSLICE        0
            li1    20304
           met1    25853
           met2     2165
           met3      573
           met4       42
------------------------
               48937


[INFO DRT-0195] Start 3rd optimization iteration.
    Completing 10% with 1513 violations.
    elapsed time = 00:00:00, memory = 1472.04 (MB).
    Completing 20% with 1513 violations.
    elapsed time = 00:00:02, memory = 1472.04 (MB).
    Completing 30% with 1201 violations.
    elapsed time = 00:00:14, memory = 1472.04 (MB).
    Completing 40% with 1201 violations.
    elapsed time = 00:00:15, memory = 1474.21 (MB).
    Completing 50% with 1201 violations.
    elapsed time = 00:00:16, memory = 1474.21 (MB).
    Completing 60% with 871 violations.
    elapsed time = 00:00:27, memory = 1489.83 (MB).
    Completing 70% with 871 violations.
    elapsed time = 00:00:29, memory = 1521.86 (MB).
    Completing 80% with 611 violations.
    elapsed time = 00:00:34, memory = 1489.83 (MB).
    Completing 90% with 611 violations.
    elapsed time = 00:00:35, memory = 1523.05 (MB).
    Completing 100% with 296 violations.
    elapsed time = 00:00:43, memory = 1489.83 (MB).
[INFO DRT-0199]   Number of violations = 296.
Viol/Layer        mcon   met1   met2
Cut Spacing          1      0      0
Metal Spacing        0    134      6
Short                0    153      2
[INFO DRT-0267] cpu time = 00:03:05, elapsed time = 00:00:43, memory = 1489.95 (MB), peak = 1539.79 (MB)
Total wire length = 367100 um.
Total wire length on LAYER li1 = 0 um.
Total wire length on LAYER met1 = 111568 um.
Total wire length on LAYER met2 = 176964 um.
Total wire length on LAYER met3 = 53552 um.
Total wire length on LAYER met4 = 24316 um.
Total wire length on LAYER met5 = 698 um.
Total number of vias = 49605.
Up-via summary (total 49605):

------------------------
 FR_MASTERSLICE        0
            li1    20302
           met1    26145
           met2     2552
           met3      570
           met4       36
------------------------
               49605


[INFO DRT-0195] Start 4th optimization iteration.
    Completing 10% with 296 violations.
    elapsed time = 00:00:00, memory = 1489.95 (MB).
    Completing 20% with 296 violations.
    elapsed time = 00:00:00, memory = 1489.95 (MB).
    Completing 30% with 290 violations.
    elapsed time = 00:00:04, memory = 1489.95 (MB).
    Completing 40% with 290 violations.
    elapsed time = 00:00:04, memory = 1489.95 (MB).
    Completing 50% with 290 violations.
    elapsed time = 00:00:04, memory = 1489.95 (MB).
    Completing 60% with 196 violations.
    elapsed time = 00:00:12, memory = 1505.64 (MB).
    Completing 70% with 196 violations.
    elapsed time = 00:00:12, memory = 1505.64 (MB).
    Completing 80% with 155 violations.
    elapsed time = 00:00:13, memory = 1505.64 (MB).
    Completing 90% with 155 violations.
    elapsed time = 00:00:13, memory = 1505.64 (MB).
    Completing 100% with 137 violations.
    elapsed time = 00:00:24, memory = 1509.33 (MB).
[INFO DRT-0199]   Number of violations = 137.
Viol/Layer        mcon   met1   met2
Cut Spacing          2      0      0
Metal Spacing        0     92      2
Short                0     41      0
[INFO DRT-0267] cpu time = 00:00:59, elapsed time = 00:00:24, memory = 1509.33 (MB), peak = 1539.79 (MB)
Total wire length = 367082 um.
Total wire length on LAYER li1 = 0 um.
Total wire length on LAYER met1 = 111372 um.
Total wire length on LAYER met2 = 176982 um.
Total wire length on LAYER met3 = 53720 um.
Total wire length on LAYER met4 = 24307 um.
Total wire length on LAYER met5 = 698 um.
Total number of vias = 49630.
Up-via summary (total 49630):

------------------------
 FR_MASTERSLICE        0
            li1    20301
           met1    26149
           met2     2574
           met3      570
           met4       36
------------------------
               49630


[INFO DRT-0195] Start 5th optimization iteration.
    Completing 10% with 137 violations.
    elapsed time = 00:00:00, memory = 1509.33 (MB).
    Completing 20% with 137 violations.
    elapsed time = 00:00:00, memory = 1509.33 (MB).
    Completing 30% with 128 violations.
    elapsed time = 00:00:02, memory = 1509.33 (MB).
    Completing 40% with 128 violations.
    elapsed time = 00:00:02, memory = 1509.33 (MB).
    Completing 50% with 128 violations.
    elapsed time = 00:00:02, memory = 1509.33 (MB).
    Completing 60% with 123 violations.
    elapsed time = 00:00:11, memory = 1509.33 (MB).
    Completing 70% with 123 violations.
    elapsed time = 00:00:11, memory = 1509.33 (MB).
    Completing 80% with 119 violations.
    elapsed time = 00:00:11, memory = 1509.33 (MB).
    Completing 90% with 119 violations.
    elapsed time = 00:00:11, memory = 1509.33 (MB).
    Completing 100% with 97 violations.
    elapsed time = 00:00:18, memory = 1511.33 (MB).
[INFO DRT-0199]   Number of violations = 97.
Viol/Layer        met1   met2
Metal Spacing       52      1
Short               44      0
[INFO DRT-0267] cpu time = 00:00:43, elapsed time = 00:00:18, memory = 1511.51 (MB), peak = 1544.43 (MB)
Total wire length = 367088 um.
Total wire length on LAYER li1 = 0 um.
Total wire length on LAYER met1 = 111374 um.
Total wire length on LAYER met2 = 176977 um.
Total wire length on LAYER met3 = 53736 um.
Total wire length on LAYER met4 = 24302 um.
Total wire length on LAYER met5 = 698 um.
Total number of vias = 49639.
Up-via summary (total 49639):

------------------------
 FR_MASTERSLICE        0
            li1    20301
           met1    26152
           met2     2580
           met3      570
           met4       36
------------------------
               49639


[INFO DRT-0195] Start 6th guides tiles iteration.
    Completing 10% with 97 violations.
    elapsed time = 00:00:00, memory = 1511.52 (MB).
    Completing 20% with 97 violations.
    elapsed time = 00:00:00, memory = 1511.52 (MB).
    Completing 30% with 97 violations.
    elapsed time = 00:00:00, memory = 1511.52 (MB).
    Completing 40% with 97 violations.
    elapsed time = 00:00:05, memory = 1511.52 (MB).
    Completing 50% with 58 violations.
    elapsed time = 00:00:05, memory = 1511.52 (MB).
    Completing 60% with 58 violations.
    elapsed time = 00:00:05, memory = 1511.52 (MB).
    Completing 70% with 58 violations.
    elapsed time = 00:00:05, memory = 1511.52 (MB).
    Completing 80% with 58 violations.
    elapsed time = 00:00:07, memory = 1511.52 (MB).
    Completing 90% with 49 violations.
    elapsed time = 00:00:07, memory = 1511.52 (MB).
    Completing 100% with 31 violations.
    elapsed time = 00:00:09, memory = 1511.52 (MB).
[INFO DRT-0199]   Number of violations = 31.
Viol/Layer        met1
Metal Spacing       21
Short               10
[INFO DRT-0267] cpu time = 00:00:14, elapsed time = 00:00:09, memory = 1511.52 (MB), peak = 1544.43 (MB)
Total wire length = 367102 um.
Total wire length on LAYER li1 = 0 um.
Total wire length on LAYER met1 = 111370 um.
Total wire length on LAYER met2 = 176953 um.
Total wire length on LAYER met3 = 53778 um.
Total wire length on LAYER met4 = 24301 um.
Total wire length on LAYER met5 = 698 um.
Total number of vias = 49643.
Up-via summary (total 49643):

------------------------
 FR_MASTERSLICE        0
            li1    20301
           met1    26150
           met2     2586
           met3      570
           met4       36
------------------------
               49643


[INFO DRT-0195] Start 7th guides tiles iteration.
    Completing 10% with 31 violations.
    elapsed time = 00:00:00, memory = 1511.52 (MB).
    Completing 20% with 31 violations.
    elapsed time = 00:00:00, memory = 1511.52 (MB).
    Completing 40% with 31 violations.
    elapsed time = 00:00:02, memory = 1511.52 (MB).
    Completing 50% with 21 violations.
    elapsed time = 00:00:02, memory = 1544.88 (MB).
    Completing 70% with 21 violations.
    elapsed time = 00:00:04, memory = 1511.52 (MB).
    Completing 80% with 16 violations.
    elapsed time = 00:00:04, memory = 1511.52 (MB).
    Completing 100% with 14 violations.
    elapsed time = 00:00:04, memory = 1511.52 (MB).
[INFO DRT-0199]   Number of violations = 14.
Viol/Layer        met1
Metal Spacing        9
Short                5
[INFO DRT-0267] cpu time = 00:00:04, elapsed time = 00:00:04, memory = 1511.52 (MB), peak = 1546.63 (MB)
Total wire length = 367105 um.
Total wire length on LAYER li1 = 0 um.
Total wire length on LAYER met1 = 111374 um.
Total wire length on LAYER met2 = 176963 um.
Total wire length on LAYER met3 = 53769 um.
Total wire length on LAYER met4 = 24299 um.
Total wire length on LAYER met5 = 698 um.
Total number of vias = 49645.
Up-via summary (total 49645):

------------------------
 FR_MASTERSLICE        0
            li1    20301
           met1    26155
           met2     2585
           met3      568
           met4       36
------------------------
               49645


[INFO DRT-0195] Start 8th guides tiles iteration.
    Completing 30% with 14 violations.
    elapsed time = 00:00:02, memory = 1511.52 (MB).
    Completing 60% with 14 violations.
    elapsed time = 00:00:07, memory = 1511.52 (MB).
    Completing 100% with 1 violations.
    elapsed time = 00:00:10, memory = 1511.52 (MB).
[INFO DRT-0199]   Number of violations = 1.
Viol/Layer        met1
Metal Spacing        1
[INFO DRT-0267] cpu time = 00:00:10, elapsed time = 00:00:10, memory = 1511.52 (MB), peak = 1741.39 (MB)
Total wire length = 367095 um.
Total wire length on LAYER li1 = 0 um.
Total wire length on LAYER met1 = 111366 um.
Total wire length on LAYER met2 = 176796 um.
Total wire length on LAYER met3 = 53776 um.
Total wire length on LAYER met4 = 24458 um.
Total wire length on LAYER met5 = 698 um.
Total number of vias = 49641.
Up-via summary (total 49641):

------------------------
 FR_MASTERSLICE        0
            li1    20301
           met1    26146
           met2     2587
           met3      571
           met4       36
------------------------
               49641


[INFO DRT-0195] Start 9th guides tiles iteration.
    Completing 50% with 1 violations.
    elapsed time = 00:00:00, memory = 1511.52 (MB).
    Completing 100% with 1 violations.
    elapsed time = 00:00:00, memory = 1511.52 (MB).
[INFO DRT-0199]   Number of violations = 1.
Viol/Layer        met1
Metal Spacing        1
[INFO DRT-0267] cpu time = 00:00:00, elapsed time = 00:00:00, memory = 1511.52 (MB), peak = 1741.39 (MB)
Total wire length = 367095 um.
Total wire length on LAYER li1 = 0 um.
Total wire length on LAYER met1 = 111366 um.
Total wire length on LAYER met2 = 176796 um.
Total wire length on LAYER met3 = 53776 um.
Total wire length on LAYER met4 = 24458 um.
Total wire length on LAYER met5 = 698 um.
Total number of vias = 49641.
Up-via summary (total 49641):

------------------------
 FR_MASTERSLICE        0
            li1    20301
           met1    26146
           met2     2587
           met3      571
           met4       36
------------------------
               49641


[INFO DRT-0195] Start 10th guides tiles iteration.
    Completing 50% with 1 violations.
    elapsed time = 00:00:00, memory = 1511.52 (MB).
    Completing 100% with 0 violations.
    elapsed time = 00:00:00, memory = 1511.52 (MB).
[INFO DRT-0199]   Number of violations = 0.
[INFO DRT-0267] cpu time = 00:00:00, elapsed time = 00:00:00, memory = 1511.52 (MB), peak = 1741.39 (MB)
Total wire length = 367098 um.
Total wire length on LAYER li1 = 0 um.
Total wire length on LAYER met1 = 111364 um.
Total wire length on LAYER met2 = 176796 um.
Total wire length on LAYER met3 = 53776 um.
Total wire length on LAYER met4 = 24462 um.
Total wire length on LAYER met5 = 698 um.
Total number of vias = 49641.
Up-via summary (total 49641):

------------------------
 FR_MASTERSLICE        0
            li1    20301
           met1    26146
           met2     2587
           met3      571
           met4       36
------------------------
               49641


[INFO DRT-0198] Complete detail routing.
Total wire length = 367098 um.
Total wire length on LAYER li1 = 0 um.
Total wire length on LAYER met1 = 111364 um.
Total wire length on LAYER met2 = 176796 um.
Total wire length on LAYER met3 = 53776 um.
Total wire length on LAYER met4 = 24462 um.
Total wire length on LAYER met5 = 698 um.
Total number of vias = 49641.
Up-via summary (total 49641):

------------------------
 FR_MASTERSLICE        0
            li1    20301
           met1    26146
           met2     2587
           met3      571
           met4       36
------------------------
               49641


[INFO DRT-0267] cpu time = 00:19:32, elapsed time = 00:03:57, memory = 1511.53 (MB), peak = 1741.39 (MB)

[INFO DRT-0180] Post processing.
[INFO DRT-0501] Runtime: 254.38s
Took 255 seconds: detailed_route -output_drc ./reports/sky130hd/d_nw03_cand_gemini_v2/base/5_route_drc.rpt -output_maze ./results/sky130hd/d_nw03_cand_gemini_v2/base/maze.log -droute_end_iter 64 -verbose 1 -drc_report_iter_step 5
[INFO GRT-0012] Found 23 antenna violations.
[INFO DPL-0006] Core area: 972450.16 um^2
[INFO DPL-0007] Movable instances area: 0.00 um^2
[INFO DPL-0008] Fixed instances area within core: 127414.70 um^2
[INFO DPL-0009] Utilization: 13.1%
[INFO DPL-0005] Diamond search max displacement: +/- 500 sites horizontally, +/- 100 rows vertically.
[INFO DPL-1102] Legalizing using negotiation legalizer.
[INFO DPL-1103] Negotiation base search window: +/-20 sites horizontally, +/-5 rows vertically 
	Automatic search window extension enabled.
	Search window extendable up to the max displacement cap of +/-500 sites, +/-100 rows near walls.
[INFO DPL-1104] NegotiationLegalizer DRC penalty: 5.
[INFO DPL-0392] Negotiation cell height distribution (1 unique row-count(s)):
[INFO DPL-0393]   height 1 row(s): 18244 cells
[INFO DPL-0500] Runtime: 0.05s
[INFO GRT-0015] Inserted 64 diodes.
[WARNING DRT-0120] Large net net1076 has 115 pins which may impact routing performance. Consider optimization.
[WARNING DRT-0120] Large net net1070 has 110 pins which may impact routing performance. Consider optimization.
[WARNING DRT-0120] Large net net1084 has 107 pins which may impact routing performance. Consider optimization.
[INFO DRT-0024]   Complete FR_MASTERSLICE.
[INFO DRT-0024]   Complete Fr_VIA.
[INFO DRT-0024]   Complete li1.
[INFO DRT-0024]   Complete mcon.
[INFO DRT-0024]   Complete met1.
[INFO DRT-0024]   Complete via.
[INFO DRT-0024]   Complete met2.
[INFO DRT-0024]   Complete via2.
[INFO DRT-0024]   Complete met3.
[INFO DRT-0024]   Complete via3.
[INFO DRT-0024]   Complete met4.
[INFO DRT-0024]   Complete via4.
[INFO DRT-0024]   Complete met5.
[INFO DRT-0165] Start pin access.
[INFO DRT-0076]   Complete 1000 pins.
[INFO DRT-0078]   Complete 1351 pins.
[INFO DRT-0079]   Complete 100 unique inst patterns.
[INFO DRT-0081]   Complete 173 unique inst patterns.
[INFO DRT-0084]   Complete 4340 groups.
#scanned instances     = 18244
#unique  instances     = 173
#stdCellGenAp          = 5398
#stdCellValidPlanarAp  = 90
#stdCellValidViaAp     = 3855
#stdCellPinNoAp        = 0
#stdCellPinCnt         = 20866
#instTermValidViaApCnt = 0
#macroGenAp            = 0
#macroValidPlanarAp    = 0
#macroValidViaAp       = 0
#macroNoAp             = 0
[INFO DRT-0166] Complete pin access.
[INFO DRT-0267] cpu time = 00:02:25, elapsed time = 00:00:15, memory = 1326.96 (MB), peak = 1741.39 (MB)

[INFO DRT-0157] Number of guides:     57744

[INFO DRT-0169] Post process guides.
[INFO DRT-0176] GCELLGRID X 0 DO 143 STEP 6900 ;
[INFO DRT-0177] GCELLGRID Y 0 DO 143 STEP 6900 ;
[INFO DRT-0028]   Complete FR_MASTERSLICE.
[INFO DRT-0028]   Complete Fr_VIA.
[INFO DRT-0028]   Complete li1.
[INFO DRT-0028]   Complete mcon.
[INFO DRT-0028]   Complete met1.
[INFO DRT-0028]   Complete via.
[INFO DRT-0028]   Complete met2.
[INFO DRT-0028]   Complete via2.
[INFO DRT-0028]   Complete met3.
[INFO DRT-0028]   Complete via3.
[INFO DRT-0028]   Complete met4.
[INFO DRT-0028]   Complete via4.
[INFO DRT-0028]   Complete met5.
[INFO DRT-0178] Init guide query.
[INFO DRT-0035]   Complete FR_MASTERSLICE (guide).
[INFO DRT-0035]   Complete Fr_VIA (guide).
[INFO DRT-0035]   Complete li1 (guide).
[INFO DRT-0035]   Complete mcon (guide).
[INFO DRT-0035]   Complete met1 (guide).
[INFO DRT-0035]   Complete via (guide).
[INFO DRT-0035]   Complete met2 (guide).
[INFO DRT-0035]   Complete via2 (guide).
[INFO DRT-0035]   Complete met3 (guide).
[INFO DRT-0035]   Complete via3 (guide).
[INFO DRT-0035]   Complete met4 (guide).
[INFO DRT-0035]   Complete via4 (guide).
[INFO DRT-0035]   Complete met5 (guide).
[INFO DRT-0036] FR_MASTERSLICE guide region query size = 0.
[INFO DRT-0036] FR_VIA guide region query size = 0.
[INFO DRT-0036] li1 guide region query size = 17640.
[INFO DRT-0036] mcon guide region query size = 0.
[INFO DRT-0036] met1 guide region query size = 17383.
[INFO DRT-0036] via guide region query size = 0.
[INFO DRT-0036] met2 guide region query size = 10375.
[INFO DRT-0036] via2 guide region query size = 0.
[INFO DRT-0036] met3 guide region query size = 1472.
[INFO DRT-0036] via3 guide region query size = 0.
[INFO DRT-0036] met4 guide region query size = 404.
[INFO DRT-0036] via4 guide region query size = 0.
[INFO DRT-0036] met5 guide region query size = 20.
[INFO DRT-0179] Init gr pin query.
[INFO DRT-0267] cpu time = 00:00:00, elapsed time = 00:00:00, memory = 1326.96 (MB), peak = 1741.39 (MB)
[INFO DRT-0245] skipped writing guide updates to database.
[INFO DRT-0181] Start track assignment.
[INFO DRT-0184] Done with 28419 vertical wires in 3 frboxes and 18875 horizontal wires in 3 frboxes.
[INFO DRT-0186] Done with 2984 vertical wires in 3 frboxes and 4857 horizontal wires in 3 frboxes.
[INFO DRT-0182] Complete track assignment.
[INFO DRT-0267] cpu time = 00:00:02, elapsed time = 00:00:01, memory = 1343.47 (MB), peak = 1741.39 (MB)
[INFO DRT-0187] Start routing data preparation.
[INFO DRT-0267] cpu time = 00:00:00, elapsed time = 00:00:00, memory = 1343.47 (MB), peak = 1741.39 (MB)
[INFO DRT-0194] Start detail routing.
[INFO DRT-0195] Start 0th optimization iteration.
    Completing 10% with 0 violations.
    elapsed time = 00:00:00, memory = 1343.51 (MB).
    Completing 20% with 0 violations.
    elapsed time = 00:00:02, memory = 1371.61 (MB).
    Completing 30% with 179 violations.
    elapsed time = 00:00:03, memory = 1372.95 (MB).
    Completing 40% with 179 violations.
    elapsed time = 00:00:04, memory = 1409.09 (MB).
    Completing 50% with 179 violations.
    elapsed time = 00:00:05, memory = 1409.09 (MB).
    Completing 60% with 311 violations.
    elapsed time = 00:00:07, memory = 1409.09 (MB).
    Completing 70% with 311 violations.
    elapsed time = 00:00:08, memory = 1422.30 (MB).
    Completing 80% with 402 violations.
    elapsed time = 00:00:10, memory = 1420.29 (MB).
    Completing 90% with 402 violations.
    elapsed time = 00:00:12, memory = 1453.04 (MB).
    Completing 100% with 497 violations.
    elapsed time = 00:00:13, memory = 1425.20 (MB).
[INFO DRT-0199]   Number of violations = 599.
Viol/Layer        mcon   met1    via   met2   met3
Cut Spacing          1      0      0      0      0
Metal Spacing        0     67      0     15     22
Recheck              0     31      0     31     40
Short                0    169      1    134     88
[INFO DRT-0267] cpu time = 00:01:42, elapsed time = 00:00:14, memory = 1516.66 (MB), peak = 1741.39 (MB)
Total wire length = 367249 um.
Total wire length on LAYER li1 = 0 um.
Total wire length on LAYER met1 = 111721 um.
Total wire length on LAYER met2 = 177078 um.
Total wire length on LAYER met3 = 53599 um.
Total wire length on LAYER met4 = 24148 um.
Total wire length on LAYER met5 = 701 um.
Total number of vias = 49669.
Up-via summary (total 49669):

------------------------
 FR_MASTERSLICE        0
            li1    20385
           met1    26157
           met2     2521
           met3      570
           met4       36
------------------------
               49669


[INFO DRT-0195] Start 1st optimization iteration.
    Completing 10% with 599 violations.
    elapsed time = 00:00:00, memory = 1531.95 (MB).
    Completing 20% with 599 violations.
    elapsed time = 00:00:02, memory = 1534.64 (MB).
    Completing 30% with 517 violations.
    elapsed time = 00:00:02, memory = 1535.18 (MB).
    Completing 40% with 517 violations.
    elapsed time = 00:00:04, memory = 1589.71 (MB).
    Completing 50% with 517 violations.
    elapsed time = 00:00:05, memory = 1589.71 (MB).
    Completing 60% with 388 violations.
    elapsed time = 00:00:08, memory = 1556.43 (MB).
    Completing 70% with 388 violations.
    elapsed time = 00:00:09, memory = 1560.80 (MB).
    Completing 80% with 308 violations.
    elapsed time = 00:00:10, memory = 1560.80 (MB).
    Completing 90% with 308 violations.
    elapsed time = 00:00:12, memory = 1564.82 (MB).
    Completing 100% with 203 violations.
    elapsed time = 00:00:14, memory = 1564.82 (MB).
[INFO DRT-0199]   Number of violations = 203.
Viol/Layer        met1   met2   met3
Metal Spacing       38      4     15
Short               99     17     30
[INFO DRT-0267] cpu time = 00:01:38, elapsed time = 00:00:14, memory = 1567.85 (MB), peak = 1741.39 (MB)
Total wire length = 367137 um.
Total wire length on LAYER li1 = 0 um.
Total wire length on LAYER met1 = 111674 um.
Total wire length on LAYER met2 = 176980 um.
Total wire length on LAYER met3 = 53628 um.
Total wire length on LAYER met4 = 24156 um.
Total wire length on LAYER met5 = 698 um.
Total number of vias = 49659.
Up-via summary (total 49659):

------------------------
 FR_MASTERSLICE        0
            li1    20379
           met1    26146
           met2     2524
           met3      574
           met4       36
------------------------
               49659


[INFO DRT-0195] Start 2nd optimization iteration.
    Completing 10% with 203 violations.
    elapsed time = 00:00:00, memory = 1567.85 (MB).
    Completing 20% with 203 violations.
    elapsed time = 00:00:00, memory = 1567.85 (MB).
    Completing 30% with 180 violations.
    elapsed time = 00:00:01, memory = 1567.85 (MB).
    Completing 40% with 180 violations.
    elapsed time = 00:00:01, memory = 1567.85 (MB).
    Completing 50% with 180 violations.
    elapsed time = 00:00:04, memory = 1570.43 (MB).
    Completing 60% with 114 violations.
    elapsed time = 00:00:04, memory = 1570.43 (MB).
    Completing 70% with 114 violations.
    elapsed time = 00:00:04, memory = 1570.43 (MB).
    Completing 80% with 124 violations.
    elapsed time = 00:00:05, memory = 1574.77 (MB).
    Completing 90% with 124 violations.
    elapsed time = 00:00:05, memory = 1574.77 (MB).
    Completing 100% with 115 violations.
    elapsed time = 00:00:07, memory = 1574.77 (MB).
[INFO DRT-0199]   Number of violations = 115.
Viol/Layer        met1   met2   met3
Metal Spacing       17      2     14
Short               54      5     23
[INFO DRT-0267] cpu time = 00:00:20, elapsed time = 00:00:08, memory = 1574.77 (MB), peak = 1741.39 (MB)
Total wire length = 367141 um.
Total wire length on LAYER li1 = 0 um.
Total wire length on LAYER met1 = 111675 um.
Total wire length on LAYER met2 = 177021 um.
Total wire length on LAYER met3 = 53592 um.
Total wire length on LAYER met4 = 24151 um.
Total wire length on LAYER met5 = 701 um.
Total number of vias = 49653.
Up-via summary (total 49653):

------------------------
 FR_MASTERSLICE        0
            li1    20381
           met1    26145
           met2     2519
           met3      572
           met4       36
------------------------
               49653


[INFO DRT-0195] Start 3rd optimization iteration.
    Completing 10% with 115 violations.
    elapsed time = 00:00:00, memory = 1574.77 (MB).
    Completing 20% with 115 violations.
    elapsed time = 00:00:00, memory = 1574.77 (MB).
    Completing 30% with 68 violations.
    elapsed time = 00:00:01, memory = 1574.77 (MB).
    Completing 40% with 68 violations.
    elapsed time = 00:00:01, memory = 1574.77 (MB).
    Completing 50% with 68 violations.
    elapsed time = 00:00:01, memory = 1574.77 (MB).
    Completing 60% with 47 violations.
    elapsed time = 00:00:04, memory = 1577.62 (MB).
    Completing 70% with 47 violations.
    elapsed time = 00:00:04, memory = 1577.62 (MB).
    Completing 80% with 23 violations.
    elapsed time = 00:00:05, memory = 1577.62 (MB).
    Completing 90% with 23 violations.
    elapsed time = 00:00:05, memory = 1577.62 (MB).
    Completing 100% with 7 violations.
    elapsed time = 00:00:07, memory = 1577.62 (MB).
[INFO DRT-0199]   Number of violations = 7.
Viol/Layer        met1
Metal Spacing        2
Short                5
[INFO DRT-0267] cpu time = 00:00:18, elapsed time = 00:00:08, memory = 1577.62 (MB), peak = 1741.39 (MB)
Total wire length = 367173 um.
Total wire length on LAYER li1 = 0 um.
Total wire length on LAYER met1 = 111878 um.
Total wire length on LAYER met2 = 177099 um.
Total wire length on LAYER met3 = 53279 um.
Total wire length on LAYER met4 = 24164 um.
Total wire length on LAYER met5 = 751 um.
Total number of vias = 49803.
Up-via summary (total 49803):

------------------------
 FR_MASTERSLICE        0
            li1    20382
           met1    26195
           met2     2620
           met3      572
           met4       34
------------------------
               49803


[INFO DRT-0195] Start 4th guides tiles iteration.
    Completing 20% with 7 violations.
    elapsed time = 00:00:00, memory = 1577.62 (MB).
    Completing 40% with 7 violations.
    elapsed time = 00:00:01, memory = 1577.62 (MB).
    Completing 60% with 5 violations.
    elapsed time = 00:00:01, memory = 1577.62 (MB).
    Completing 80% with 5 violations.
    elapsed time = 00:00:01, memory = 1577.62 (MB).
    Completing 100% with 1 violations.
    elapsed time = 00:00:02, memory = 1577.62 (MB).
[INFO DRT-0199]   Number of violations = 1.
Viol/Layer        met1
Metal Spacing        1
[INFO DRT-0267] cpu time = 00:00:02, elapsed time = 00:00:02, memory = 1577.62 (MB), peak = 1741.39 (MB)
Total wire length = 367176 um.
Total wire length on LAYER li1 = 0 um.
Total wire length on LAYER met1 = 111900 um.
Total wire length on LAYER met2 = 177101 um.
Total wire length on LAYER met3 = 53257 um.
Total wire length on LAYER met4 = 24164 um.
Total wire length on LAYER met5 = 751 um.
Total number of vias = 49812.
Up-via summary (total 49812):

------------------------
 FR_MASTERSLICE        0
            li1    20382
           met1    26202
           met2     2622
           met3      572
           met4       34
------------------------
               49812


[INFO DRT-0195] Start 5th guides tiles iteration.
    Completing 100% with 1 violations.
    elapsed time = 00:00:00, memory = 1577.62 (MB).
[INFO DRT-0199]   Number of violations = 1.
Viol/Layer        met1
Metal Spacing        1
[INFO DRT-0267] cpu time = 00:00:00, elapsed time = 00:00:00, memory = 1577.62 (MB), peak = 1741.39 (MB)
Total wire length = 367176 um.
Total wire length on LAYER li1 = 0 um.
Total wire length on LAYER met1 = 111900 um.
Total wire length on LAYER met2 = 177101 um.
Total wire length on LAYER met3 = 53257 um.
Total wire length on LAYER met4 = 24164 um.
Total wire length on LAYER met5 = 751 um.
Total number of vias = 49812.
Up-via summary (total 49812):

------------------------
 FR_MASTERSLICE        0
            li1    20382
           met1    26202
           met2     2622
           met3      572
           met4       34
------------------------
               49812


[INFO DRT-0195] Start 6th stubborn tiles iteration.
    Completing 10% with 1 violations.
    elapsed time = 00:00:08, memory = 1768.55 (MB).
    Completing 20% with 1 violations.
    elapsed time = 00:00:11, memory = 1692.55 (MB).
    Completing 30% with 1 violations.
    elapsed time = 00:00:15, memory = 1841.14 (MB).
    Completing 40% with 1 violations.
    elapsed time = 00:00:21, memory = 1886.75 (MB).
    Completing 50% with 1 violations.
    elapsed time = 00:00:26, memory = 1863.28 (MB).
    Completing 60% with 1 violations.
    elapsed time = 00:00:30, memory = 1840.52 (MB).
    Completing 70% with 1 violations.
    elapsed time = 00:00:33, memory = 1826.08 (MB).
    Completing 80% with 1 violations.
    elapsed time = 00:00:36, memory = 1930.53 (MB).
    Completing 90% with 1 violations.
    elapsed time = 00:00:40, memory = 1955.40 (MB).
    Completing 100% with 0 violations.
    elapsed time = 00:00:44, memory = 1888.36 (MB).
[INFO DRT-0199]   Number of violations = 0.
[INFO DRT-0267] cpu time = 00:06:43, elapsed time = 00:00:44, memory = 1888.36 (MB), peak = 1992.39 (MB)
Total wire length = 367175 um.
Total wire length on LAYER li1 = 0 um.
Total wire length on LAYER met1 = 111902 um.
Total wire length on LAYER met2 = 177100 um.
Total wire length on LAYER met3 = 53255 um.
Total wire length on LAYER met4 = 24164 um.
Total wire length on LAYER met5 = 751 um.
Total number of vias = 49812.
Up-via summary (total 49812):

------------------------
 FR_MASTERSLICE        0
            li1    20382
           met1    26204
           met2     2620
           met3      572
           met4       34
------------------------
               49812


[INFO DRT-0198] Complete detail routing.
Total wire length = 367175 um.
Total wire length on LAYER li1 = 0 um.
Total wire length on LAYER met1 = 111902 um.
Total wire length on LAYER met2 = 177100 um.
Total wire length on LAYER met3 = 53255 um.
Total wire length on LAYER met4 = 24164 um.
Total wire length on LAYER met5 = 751 um.
Total number of vias = 49812.
Up-via summary (total 49812):

------------------------
 FR_MASTERSLICE        0
            li1    20382
           met1    26204
           met2     2620
           met3      572
           met4       34
------------------------
               49812


[INFO DRT-0267] cpu time = 00:10:47, elapsed time = 00:01:31, memory = 1888.36 (MB), peak = 1992.39 (MB)

[INFO DRT-0180] Post processing.
[INFO DRT-0501] Runtime: 109.64s
[INFO ANT-0002] Found 5 net violations.
[INFO ANT-0001] Found 5 pin violations.
[INFO GRT-0012] Found 5 antenna violations.
[INFO DPL-0006] Core area: 972450.16 um^2
[INFO DPL-0007] Movable instances area: 0.00 um^2
[INFO DPL-0008] Fixed instances area within core: 127434.72 um^2
[INFO DPL-0009] Utilization: 13.1%
[INFO DPL-0005] Diamond search max displacement: +/- 500 sites horizontally, +/- 100 rows vertically.
[INFO DPL-1102] Legalizing using negotiation legalizer.
[INFO DPL-1103] Negotiation base search window: +/-20 sites horizontally, +/-5 rows vertically 
	Automatic search window extension enabled.
	Search window extendable up to the max displacement cap of +/-500 sites, +/-100 rows near walls.
[INFO DPL-1104] NegotiationLegalizer DRC penalty: 5.
[INFO DPL-0392] Negotiation cell height distribution (1 unique row-count(s)):
[INFO DPL-0393]   height 1 row(s): 18252 cells
[INFO DPL-0500] Runtime: 0.08s
[INFO GRT-0015] Inserted 8 diodes.
[WARNING DRT-0120] Large net net1076 has 115 pins which may impact routing performance. Consider optimization.
[WARNING DRT-0120] Large net net1070 has 110 pins which may impact routing performance. Consider optimization.
[WARNING DRT-0120] Large net net1084 has 107 pins which may impact routing performance. Consider optimization.
[INFO DRT-0024]   Complete FR_MASTERSLICE.
[INFO DRT-0024]   Complete Fr_VIA.
[INFO DRT-0024]   Complete li1.
[INFO DRT-0024]   Complete mcon.
[INFO DRT-0024]   Complete met1.
[INFO DRT-0024]   Complete via.
[INFO DRT-0024]   Complete met2.
[INFO DRT-0024]   Complete via2.
[INFO DRT-0024]   Complete met3.
[INFO DRT-0024]   Complete via3.
[INFO DRT-0024]   Complete met4.
[INFO DRT-0024]   Complete via4.
[INFO DRT-0024]   Complete met5.
[INFO DRT-0165] Start pin access.
[INFO DRT-0076]   Complete 1000 pins.
[INFO DRT-0078]   Complete 1351 pins.
[INFO DRT-0079]   Complete 100 unique inst patterns.
[INFO DRT-0081]   Complete 173 unique inst patterns.
[INFO DRT-0084]   Complete 4339 groups.
#scanned instances     = 18252
#unique  instances     = 173
#stdCellGenAp          = 5398
#stdCellValidPlanarAp  = 90
#stdCellValidViaAp     = 3855
#stdCellPinNoAp        = 0
#stdCellPinCnt         = 20866
#instTermValidViaApCnt = 0
#macroGenAp            = 0
#macroValidPlanarAp    = 0
#macroValidViaAp       = 0
#macroNoAp             = 0
[INFO DRT-0166] Complete pin access.
[INFO DRT-0267] cpu time = 00:02:48, elapsed time = 00:00:18, memory = 1864.63 (MB), peak = 1992.39 (MB)

[INFO DRT-0157] Number of guides:     57732

[INFO DRT-0169] Post process guides.
[INFO DRT-0176] GCELLGRID X 0 DO 143 STEP 6900 ;
[INFO DRT-0177] GCELLGRID Y 0 DO 143 STEP 6900 ;
[INFO DRT-0028]   Complete FR_MASTERSLICE.
[INFO DRT-0028]   Complete Fr_VIA.
[INFO DRT-0028]   Complete li1.
[INFO DRT-0028]   Complete mcon.
[INFO DRT-0028]   Complete met1.
[INFO DRT-0028]   Complete via.
[INFO DRT-0028]   Complete met2.
[INFO DRT-0028]   Complete via2.
[INFO DRT-0028]   Complete met3.
[INFO DRT-0028]   Complete via3.
[INFO DRT-0028]   Complete met4.
[INFO DRT-0028]   Complete via4.
[INFO DRT-0028]   Complete met5.
[INFO DRT-0178] Init guide query.
[INFO DRT-0035]   Complete FR_MASTERSLICE (guide).
[INFO DRT-0035]   Complete Fr_VIA (guide).
[INFO DRT-0035]   Complete li1 (guide).
[INFO DRT-0035]   Complete mcon (guide).
[INFO DRT-0035]   Complete met1 (guide).
[INFO DRT-0035]   Complete via (guide).
[INFO DRT-0035]   Complete met2 (guide).
[INFO DRT-0035]   Complete via2 (guide).
[INFO DRT-0035]   Complete met3 (guide).
[INFO DRT-0035]   Complete via3 (guide).
[INFO DRT-0035]   Complete met4 (guide).
[INFO DRT-0035]   Complete via4 (guide).
[INFO DRT-0035]   Complete met5 (guide).
[INFO DRT-0036] FR_MASTERSLICE guide region query size = 0.
[INFO DRT-0036] FR_VIA guide region query size = 0.
[INFO DRT-0036] li1 guide region query size = 17640.
[INFO DRT-0036] mcon guide region query size = 0.
[INFO DRT-0036] met1 guide region query size = 17383.
[INFO DRT-0036] via guide region query size = 0.
[INFO DRT-0036] met2 guide region query size = 10375.
[INFO DRT-0036] via2 guide region query size = 0.
[INFO DRT-0036] met3 guide region query size = 1470.
[INFO DRT-0036] via3 guide region query size = 0.
[INFO DRT-0036] met4 guide region query size = 400.
[INFO DRT-0036] via4 guide region query size = 0.
[INFO DRT-0036] met5 guide region query size = 18.
[INFO DRT-0179] Init gr pin query.
[INFO DRT-0267] cpu time = 00:00:00, elapsed time = 00:00:00, memory = 1864.63 (MB), peak = 1992.39 (MB)
[INFO DRT-0245] skipped writing guide updates to database.
[INFO DRT-0181] Start track assignment.
[INFO DRT-0184] Done with 28415 vertical wires in 3 frboxes and 18871 horizontal wires in 3 frboxes.
[INFO DRT-0186] Done with 2926 vertical wires in 3 frboxes and 4855 horizontal wires in 3 frboxes.
[INFO DRT-0182] Complete track assignment.
[INFO DRT-0267] cpu time = 00:00:03, elapsed time = 00:00:02, memory = 1864.63 (MB), peak = 1992.39 (MB)
[INFO DRT-0187] Start routing data preparation.
[INFO DRT-0267] cpu time = 00:00:00, elapsed time = 00:00:00, memory = 1864.63 (MB), peak = 1992.39 (MB)
[INFO DRT-0194] Start detail routing.
[INFO DRT-0195] Start 0th optimization iteration.
    Completing 10% with 0 violations.
    elapsed time = 00:00:00, memory = 1864.88 (MB).
    Completing 20% with 0 violations.
    elapsed time = 00:00:01, memory = 1864.89 (MB).
    Completing 30% with 31 violations.
    elapsed time = 00:00:02, memory = 1864.90 (MB).
    Completing 40% with 31 violations.
    elapsed time = 00:00:04, memory = 1864.90 (MB).
    Completing 50% with 31 violations.
    elapsed time = 00:00:04, memory = 1864.90 (MB).
    Completing 60% with 50 violations.
    elapsed time = 00:00:05, memory = 1864.90 (MB).
    Completing 70% with 50 violations.
    elapsed time = 00:00:07, memory = 1864.90 (MB).
    Completing 80% with 62 violations.
    elapsed time = 00:00:08, memory = 1864.90 (MB).
    Completing 90% with 62 violations.
    elapsed time = 00:00:09, memory = 1864.90 (MB).
    Completing 100% with 68 violations.
    elapsed time = 00:00:10, memory = 1864.90 (MB).
[INFO DRT-0199]   Number of violations = 85.
Viol/Layer        met1   met2   met3
Metal Spacing       13      5      2
Recheck              7      7      3
Short               16     19     13
[INFO DRT-0267] cpu time = 00:01:27, elapsed time = 00:00:11, memory = 1864.90 (MB), peak = 1992.39 (MB)
Total wire length = 367243 um.
Total wire length on LAYER li1 = 0 um.
Total wire length on LAYER met1 = 111892 um.
Total wire length on LAYER met2 = 177118 um.
Total wire length on LAYER met3 = 53389 um.
Total wire length on LAYER met4 = 24164 um.
Total wire length on LAYER met5 = 678 um.
Total number of vias = 49810.
Up-via summary (total 49810):

------------------------
 FR_MASTERSLICE        0
            li1    20391
           met1    26215
           met2     2602
           met3      570
           met4       32
------------------------
               49810


[INFO DRT-0195] Start 1st optimization iteration.
    Completing 10% with 85 violations.
    elapsed time = 00:00:00, memory = 1864.90 (MB).
    Completing 20% with 85 violations.
    elapsed time = 00:00:01, memory = 1864.91 (MB).
    Completing 30% with 82 violations.
    elapsed time = 00:00:02, memory = 1864.91 (MB).
    Completing 40% with 82 violations.
    elapsed time = 00:00:03, memory = 1898.53 (MB).
    Completing 50% with 82 violations.
    elapsed time = 00:00:04, memory = 1898.54 (MB).
    Completing 60% with 48 violations.
    elapsed time = 00:00:05, memory = 1864.93 (MB).
    Completing 70% with 48 violations.
    elapsed time = 00:00:07, memory = 1864.93 (MB).
    Completing 80% with 28 violations.
    elapsed time = 00:00:07, memory = 1864.93 (MB).
    Completing 90% with 28 violations.
    elapsed time = 00:00:09, memory = 1864.93 (MB).
    Completing 100% with 18 violations.
    elapsed time = 00:00:10, memory = 1864.93 (MB).
[INFO DRT-0199]   Number of violations = 18.
Viol/Layer        met1   met2   met3
Short                4      4     10
[INFO DRT-0267] cpu time = 00:01:25, elapsed time = 00:00:10, memory = 1864.93 (MB), peak = 1992.39 (MB)
Total wire length = 367203 um.
Total wire length on LAYER li1 = 0 um.
Total wire length on LAYER met1 = 111878 um.
Total wire length on LAYER met2 = 177086 um.
Total wire length on LAYER met3 = 53391 um.
Total wire length on LAYER met4 = 24165 um.
Total wire length on LAYER met5 = 682 um.
Total number of vias = 49788.
Up-via summary (total 49788):

------------------------
 FR_MASTERSLICE        0
            li1    20391
           met1    26198
           met2     2597
           met3      570
           met4       32
------------------------
               49788


[INFO DRT-0195] Start 2nd optimization iteration.
    Completing 10% with 18 violations.
    elapsed time = 00:00:00, memory = 1864.93 (MB).
    Completing 20% with 18 violations.
    elapsed time = 00:00:00, memory = 1864.93 (MB).
    Completing 30% with 19 violations.
    elapsed time = 00:00:00, memory = 1864.93 (MB).
    Completing 40% with 19 violations.
    elapsed time = 00:00:00, memory = 1864.93 (MB).
    Completing 50% with 19 violations.
    elapsed time = 00:00:00, memory = 1864.93 (MB).
    Completing 60% with 19 violations.
    elapsed time = 00:00:00, memory = 1864.93 (MB).
    Completing 70% with 19 violations.
    elapsed time = 00:00:00, memory = 1864.93 (MB).
    Completing 80% with 20 violations.
    elapsed time = 00:00:01, memory = 1864.93 (MB).
    Completing 90% with 20 violations.
    elapsed time = 00:00:01, memory = 1864.93 (MB).
    Completing 100% with 18 violations.
    elapsed time = 00:00:02, memory = 1864.93 (MB).
[INFO DRT-0199]   Number of violations = 18.
Viol/Layer        met1   met2   met3
Metal Spacing        4      0      0
Short                4      2      8
[INFO DRT-0267] cpu time = 00:00:03, elapsed time = 00:00:02, memory = 1864.93 (MB), peak = 1992.39 (MB)
Total wire length = 367201 um.
Total wire length on LAYER li1 = 0 um.
Total wire length on LAYER met1 = 111879 um.
Total wire length on LAYER met2 = 177086 um.
Total wire length on LAYER met3 = 53386 um.
Total wire length on LAYER met4 = 24164 um.
Total wire length on LAYER met5 = 684 um.
Total number of vias = 49784.
Up-via summary (total 49784):

------------------------
 FR_MASTERSLICE        0
            li1    20391
           met1    26194
           met2     2597
           met3      570
           met4       32
------------------------
               49784


[INFO DRT-0195] Start 3rd guides tiles iteration.
    Completing 10% with 18 violations.
    elapsed time = 00:00:00, memory = 1864.93 (MB).
    Completing 20% with 18 violations.
    elapsed time = 00:00:00, memory = 1864.93 (MB).
    Completing 30% with 18 violations.
    elapsed time = 00:00:00, memory = 1864.93 (MB).
    Completing 50% with 18 violations.
    elapsed time = 00:00:00, memory = 1864.93 (MB).
    Completing 60% with 2 violations.
    elapsed time = 00:00:00, memory = 1864.93 (MB).
    Completing 70% with 2 violations.
    elapsed time = 00:00:00, memory = 1864.93 (MB).
    Completing 80% with 2 violations.
    elapsed time = 00:00:01, memory = 1864.93 (MB).
    Completing 100% with 0 violations.
    elapsed time = 00:00:01, memory = 1864.93 (MB).
[INFO DRT-0199]   Number of violations = 0.
[INFO DRT-0267] cpu time = 00:00:01, elapsed time = 00:00:01, memory = 1864.93 (MB), peak = 1992.39 (MB)
Total wire length = 367202 um.
Total wire length on LAYER li1 = 0 um.
Total wire length on LAYER met1 = 112131 um.
Total wire length on LAYER met2 = 177097 um.
Total wire length on LAYER met3 = 53146 um.
Total wire length on LAYER met4 = 24162 um.
Total wire length on LAYER met5 = 664 um.
Total number of vias = 49769.
Up-via summary (total 49769):

------------------------
 FR_MASTERSLICE        0
            li1    20391
           met1    26197
           met2     2583
           met3      568
           met4       30
------------------------
               49769


[INFO DRT-0198] Complete detail routing.
Total wire length = 367202 um.
Total wire length on LAYER li1 = 0 um.
Total wire length on LAYER met1 = 112131 um.
Total wire length on LAYER met2 = 177097 um.
Total wire length on LAYER met3 = 53146 um.
Total wire length on LAYER met4 = 24162 um.
Total wire length on LAYER met5 = 664 um.
Total number of vias = 49769.
Up-via summary (total 49769):

------------------------
 FR_MASTERSLICE        0
            li1    20391
           met1    26197
           met2     2583
           met3      568
           met4       30
------------------------
               49769


[INFO DRT-0267] cpu time = 00:02:59, elapsed time = 00:00:25, memory = 1864.93 (MB), peak = 1992.39 (MB)

[INFO DRT-0180] Post processing.
[INFO DRT-0501] Runtime: 46.66s
[INFO ANT-0002] Found 4 net violations.
[INFO ANT-0001] Found 4 pin violations.
[INFO GRT-0012] Found 4 antenna violations.
[INFO DPL-0006] Core area: 972450.16 um^2
[INFO DPL-0007] Movable instances area: 0.00 um^2
[INFO DPL-0008] Fixed instances area within core: 127444.73 um^2
[INFO DPL-0009] Utilization: 13.1%
[INFO DPL-0005] Diamond search max displacement: +/- 500 sites horizontally, +/- 100 rows vertically.
[INFO DPL-1102] Legalizing using negotiation legalizer.
[INFO DPL-1103] Negotiation base search window: +/-20 sites horizontally, +/-5 rows vertically 
	Automatic search window extension enabled.
	Search window extendable up to the max displacement cap of +/-500 sites, +/-100 rows near walls.
[INFO DPL-1104] NegotiationLegalizer DRC penalty: 5.
[INFO DPL-0392] Negotiation cell height distribution (1 unique row-count(s)):
[INFO DPL-0393]   height 1 row(s): 18256 cells
[INFO DPL-0500] Runtime: 0.08s
[INFO GRT-0015] Inserted 4 diodes.
[WARNING DRT-0120] Large net net1076 has 115 pins which may impact routing performance. Consider optimization.
[WARNING DRT-0120] Large net net1070 has 110 pins which may impact routing performance. Consider optimization.
[WARNING DRT-0120] Large net net1084 has 107 pins which may impact routing performance. Consider optimization.
[INFO DRT-0024]   Complete FR_MASTERSLICE.
[INFO DRT-0024]   Complete Fr_VIA.
[INFO DRT-0024]   Complete li1.
[INFO DRT-0024]   Complete mcon.
[INFO DRT-0024]   Complete met1.
[INFO DRT-0024]   Complete via.
[INFO DRT-0024]   Complete met2.
[INFO DRT-0024]   Complete via2.
[INFO DRT-0024]   Complete met3.
[INFO DRT-0024]   Complete via3.
[INFO DRT-0024]   Complete met4.
[INFO DRT-0024]   Complete via4.
[INFO DRT-0024]   Complete met5.
[INFO DRT-0165] Start pin access.
[INFO DRT-0076]   Complete 1000 pins.
[INFO DRT-0078]   Complete 1351 pins.
[INFO DRT-0079]   Complete 100 unique inst patterns.
[INFO DRT-0081]   Complete 173 unique inst patterns.
[INFO DRT-0084]   Complete 4339 groups.
#scanned instances     = 18256
#unique  instances     = 173
#stdCellGenAp          = 5398
#stdCellValidPlanarAp  = 90
#stdCellValidViaAp     = 3855
#stdCellPinNoAp        = 0
#stdCellPinCnt         = 20866
#instTermValidViaApCnt = 0
#macroGenAp            = 0
#macroValidPlanarAp    = 0
#macroValidViaAp       = 0
#macroNoAp             = 0
[INFO DRT-0166] Complete pin access.
[INFO DRT-0267] cpu time = 00:02:46, elapsed time = 00:00:18, memory = 1809.39 (MB), peak = 1992.39 (MB)

[INFO DRT-0157] Number of guides:     57732

[INFO DRT-0169] Post process guides.
[INFO DRT-0176] GCELLGRID X 0 DO 143 STEP 6900 ;
[INFO DRT-0177] GCELLGRID Y 0 DO 143 STEP 6900 ;
[INFO DRT-0028]   Complete FR_MASTERSLICE.
[INFO DRT-0028]   Complete Fr_VIA.
[INFO DRT-0028]   Complete li1.
[INFO DRT-0028]   Complete mcon.
[INFO DRT-0028]   Complete met1.
[INFO DRT-0028]   Complete via.
[INFO DRT-0028]   Complete met2.
[INFO DRT-0028]   Complete via2.
[INFO DRT-0028]   Complete met3.
[INFO DRT-0028]   Complete via3.
[INFO DRT-0028]   Complete met4.
[INFO DRT-0028]   Complete via4.
[INFO DRT-0028]   Complete met5.
[INFO DRT-0178] Init guide query.
[INFO DRT-0035]   Complete FR_MASTERSLICE (guide).
[INFO DRT-0035]   Complete Fr_VIA (guide).
[INFO DRT-0035]   Complete li1 (guide).
[INFO DRT-0035]   Complete mcon (guide).
[INFO DRT-0035]   Complete met1 (guide).
[INFO DRT-0035]   Complete via (guide).
[INFO DRT-0035]   Complete met2 (guide).
[INFO DRT-0035]   Complete via2 (guide).
[INFO DRT-0035]   Complete met3 (guide).
[INFO DRT-0035]   Complete via3 (guide).
[INFO DRT-0035]   Complete met4 (guide).
[INFO DRT-0035]   Complete via4 (guide).
[INFO DRT-0035]   Complete met5 (guide).
[INFO DRT-0036] FR_MASTERSLICE guide region query size = 0.
[INFO DRT-0036] FR_VIA guide region query size = 0.
[INFO DRT-0036] li1 guide region query size = 17642.
[INFO DRT-0036] mcon guide region query size = 0.
[INFO DRT-0036] met1 guide region query size = 17383.
[INFO DRT-0036] via guide region query size = 0.
[INFO DRT-0036] met2 guide region query size = 10375.
[INFO DRT-0036] via2 guide region query size = 0.
[INFO DRT-0036] met3 guide region query size = 1469.
[INFO DRT-0036] via3 guide region query size = 0.
[INFO DRT-0036] met4 guide region query size = 398.
[INFO DRT-0036] via4 guide region query size = 0.
[INFO DRT-0036] met5 guide region query size = 17.
[INFO DRT-0179] Init gr pin query.
[INFO DRT-0267] cpu time = 00:00:00, elapsed time = 00:00:00, memory = 1809.39 (MB), peak = 1992.39 (MB)
[INFO DRT-0245] skipped writing guide updates to database.
[INFO DRT-0181] Start track assignment.
[INFO DRT-0184] Done with 28415 vertical wires in 3 frboxes and 18869 horizontal wires in 3 frboxes.
[INFO DRT-0186] Done with 3030 vertical wires in 3 frboxes and 4900 horizontal wires in 3 frboxes.
[INFO DRT-0182] Complete track assignment.
[INFO DRT-0267] cpu time = 00:00:03, elapsed time = 00:00:02, memory = 1809.39 (MB), peak = 1992.39 (MB)
[INFO DRT-0187] Start routing data preparation.
[INFO DRT-0267] cpu time = 00:00:00, elapsed time = 00:00:00, memory = 1809.39 (MB), peak = 1992.39 (MB)
[INFO DRT-0194] Start detail routing.
[INFO DRT-0195] Start 0th optimization iteration.
    Completing 10% with 0 violations.
    elapsed time = 00:00:00, memory = 1809.43 (MB).
    Completing 20% with 0 violations.
    elapsed time = 00:00:01, memory = 1809.43 (MB).
    Completing 30% with 37 violations.
    elapsed time = 00:00:02, memory = 1809.43 (MB).
    Completing 40% with 37 violations.
    elapsed time = 00:00:04, memory = 1809.44 (MB).
    Completing 50% with 37 violations.
    elapsed time = 00:00:04, memory = 1809.44 (MB).
    Completing 60% with 69 violations.
    elapsed time = 00:00:05, memory = 1809.44 (MB).
    Completing 70% with 69 violations.
    elapsed time = 00:00:07, memory = 1813.49 (MB).
    Completing 80% with 81 violations.
    elapsed time = 00:00:08, memory = 1813.49 (MB).
    Completing 90% with 81 violations.
    elapsed time = 00:00:09, memory = 1813.49 (MB).
    Completing 100% with 91 violations.
    elapsed time = 00:00:10, memory = 1813.49 (MB).
[INFO DRT-0199]   Number of violations = 117.
Viol/Layer        met1   met2   met3
Metal Spacing       13      4      4
Recheck              7      8     11
Short               16     18     36
[INFO DRT-0267] cpu time = 00:01:28, elapsed time = 00:00:11, memory = 1813.49 (MB), peak = 1992.39 (MB)
Total wire length = 367277 um.
Total wire length on LAYER li1 = 0 um.
Total wire length on LAYER met1 = 112085 um.
Total wire length on LAYER met2 = 177120 um.
Total wire length on LAYER met3 = 53243 um.
Total wire length on LAYER met4 = 24162 um.
Total wire length on LAYER met5 = 664 um.
Total number of vias = 49803.
Up-via summary (total 49803):

------------------------
 FR_MASTERSLICE        0
            li1    20397
           met1    26216
           met2     2592
           met3      568
           met4       30
------------------------
               49803


[INFO DRT-0195] Start 1st optimization iteration.
    Completing 10% with 117 violations.
    elapsed time = 00:00:00, memory = 1813.50 (MB).
    Completing 20% with 117 violations.
    elapsed time = 00:00:01, memory = 1813.50 (MB).
    Completing 30% with 114 violations.
    elapsed time = 00:00:02, memory = 1813.50 (MB).
    Completing 40% with 114 violations.
    elapsed time = 00:00:03, memory = 1847.12 (MB).
    Completing 50% with 114 violations.
    elapsed time = 00:00:04, memory = 1847.12 (MB).
    Completing 60% with 63 violations.
    elapsed time = 00:00:05, memory = 1813.50 (MB).
    Completing 70% with 63 violations.
    elapsed time = 00:00:07, memory = 1814.13 (MB).
    Completing 80% with 43 violations.
    elapsed time = 00:00:07, memory = 1814.13 (MB).
    Completing 90% with 43 violations.
    elapsed time = 00:00:09, memory = 1814.14 (MB).
    Completing 100% with 15 violations.
    elapsed time = 00:00:10, memory = 1814.14 (MB).
[INFO DRT-0199]   Number of violations = 15.
Viol/Layer        met1   met3
Metal Spacing        0      3
Short                4      8
[INFO DRT-0267] cpu time = 00:01:26, elapsed time = 00:00:10, memory = 1814.14 (MB), peak = 1992.39 (MB)
Total wire length = 367210 um.
Total wire length on LAYER li1 = 0 um.
Total wire length on LAYER met1 = 112071 um.
Total wire length on LAYER met2 = 177087 um.
Total wire length on LAYER met3 = 53225 um.
Total wire length on LAYER met4 = 24162 um.
Total wire length on LAYER met5 = 664 um.
Total number of vias = 49774.
Up-via summary (total 49774):

------------------------
 FR_MASTERSLICE        0
            li1    20398
           met1    26197
           met2     2581
           met3      568
           met4       30
------------------------
               49774


[INFO DRT-0195] Start 2nd optimization iteration.
    Completing 10% with 15 violations.
    elapsed time = 00:00:00, memory = 1814.14 (MB).
    Completing 20% with 15 violations.
    elapsed time = 00:00:00, memory = 1814.14 (MB).
    Completing 30% with 17 violations.
    elapsed time = 00:00:00, memory = 1814.14 (MB).
    Completing 40% with 17 violations.
    elapsed time = 00:00:00, memory = 1814.14 (MB).
    Completing 50% with 17 violations.
    elapsed time = 00:00:00, memory = 1814.14 (MB).
    Completing 60% with 17 violations.
    elapsed time = 00:00:00, memory = 1814.14 (MB).
    Completing 70% with 17 violations.
    elapsed time = 00:00:00, memory = 1814.14 (MB).
    Completing 80% with 16 violations.
    elapsed time = 00:00:01, memory = 1814.14 (MB).
    Completing 90% with 16 violations.
    elapsed time = 00:00:01, memory = 1814.14 (MB).
    Completing 100% with 16 violations.
    elapsed time = 00:00:01, memory = 1814.14 (MB).
[INFO DRT-0199]   Number of violations = 16.
Viol/Layer        met1   met3
Metal Spacing        6      0
Short                5      5
[INFO DRT-0267] cpu time = 00:00:02, elapsed time = 00:00:01, memory = 1814.14 (MB), peak = 1992.39 (MB)
Total wire length = 367208 um.
Total wire length on LAYER li1 = 0 um.
Total wire length on LAYER met1 = 112076 um.
Total wire length on LAYER met2 = 177088 um.
Total wire length on LAYER met3 = 53216 um.
Total wire length on LAYER met4 = 24162 um.
Total wire length on LAYER met5 = 664 um.
Total number of vias = 49773.
Up-via summary (total 49773):

------------------------
 FR_MASTERSLICE        0
            li1    20398
           met1    26195
           met2     2582
           met3      568
           met4       30
------------------------
               49773


[INFO DRT-0195] Start 3rd guides tiles iteration.
    Completing 10% with 16 violations.
    elapsed time = 00:00:00, memory = 1814.14 (MB).
    Completing 30% with 16 violations.
    elapsed time = 00:00:00, memory = 1814.14 (MB).
    Completing 50% with 16 violations.
    elapsed time = 00:00:00, memory = 1814.14 (MB).
    Completing 60% with 5 violations.
    elapsed time = 00:00:00, memory = 1814.14 (MB).
    Completing 80% with 5 violations.
    elapsed time = 00:00:00, memory = 1814.14 (MB).
    Completing 100% with 0 violations.
    elapsed time = 00:00:00, memory = 1814.14 (MB).
[INFO DRT-0199]   Number of violations = 0.
[INFO DRT-0267] cpu time = 00:00:00, elapsed time = 00:00:00, memory = 1814.14 (MB), peak = 1992.39 (MB)
Total wire length = 367209 um.
Total wire length on LAYER li1 = 0 um.
Total wire length on LAYER met1 = 112174 um.
Total wire length on LAYER met2 = 177095 um.
Total wire length on LAYER met3 = 53112 um.
Total wire length on LAYER met4 = 24163 um.
Total wire length on LAYER met5 = 664 um.
Total number of vias = 49780.
Up-via summary (total 49780):

------------------------
 FR_MASTERSLICE        0
            li1    20397
           met1    26203
           met2     2582
           met3      568
           met4       30
------------------------
               49780


[INFO DRT-0198] Complete detail routing.
Total wire length = 367209 um.
Total wire length on LAYER li1 = 0 um.
Total wire length on LAYER met1 = 112174 um.
Total wire length on LAYER met2 = 177095 um.
Total wire length on LAYER met3 = 53112 um.
Total wire length on LAYER met4 = 24163 um.
Total wire length on LAYER met5 = 664 um.
Total number of vias = 49780.
Up-via summary (total 49780):

------------------------
 FR_MASTERSLICE        0
            li1    20397
           met1    26203
           met2     2582
           met3      568
           met4       30
------------------------
               49780


[INFO DRT-0267] cpu time = 00:02:58, elapsed time = 00:00:23, memory = 1814.14 (MB), peak = 1992.39 (MB)

[INFO DRT-0180] Post processing.
[INFO DRT-0501] Runtime: 44.59s
[INFO ANT-0002] Found 1 net violations.
[INFO ANT-0001] Found 1 pin violations.
[INFO GRT-0012] Found 1 antenna violations.
[INFO DPL-0006] Core area: 972450.16 um^2
[INFO DPL-0007] Movable instances area: 0.00 um^2
[INFO DPL-0008] Fixed instances area within core: 127452.24 um^2
[INFO DPL-0009] Utilization: 13.1%
[INFO DPL-0005] Diamond search max displacement: +/- 500 sites horizontally, +/- 100 rows vertically.
[INFO DPL-1102] Legalizing using negotiation legalizer.
[INFO DPL-1103] Negotiation base search window: +/-20 sites horizontally, +/-5 rows vertically 
	Automatic search window extension enabled.
	Search window extendable up to the max displacement cap of +/-500 sites, +/-100 rows near walls.
[INFO DPL-1104] NegotiationLegalizer DRC penalty: 5.
[INFO DPL-0392] Negotiation cell height distribution (1 unique row-count(s)):
[INFO DPL-0393]   height 1 row(s): 18259 cells
[INFO DPL-0500] Runtime: 0.08s
[INFO GRT-0015] Inserted 3 diodes.
[WARNING DRT-0120] Large net net1076 has 115 pins which may impact routing performance. Consider optimization.
[WARNING DRT-0120] Large net net1070 has 110 pins which may impact routing performance. Consider optimization.
[WARNING DRT-0120] Large net net1084 has 107 pins which may impact routing performance. Consider optimization.
[INFO DRT-0024]   Complete FR_MASTERSLICE.
[INFO DRT-0024]   Complete Fr_VIA.
[INFO DRT-0024]   Complete li1.
[INFO DRT-0024]   Complete mcon.
[INFO DRT-0024]   Complete met1.
[INFO DRT-0024]   Complete via.
[INFO DRT-0024]   Complete met2.
[INFO DRT-0024]   Complete via2.
[INFO DRT-0024]   Complete met3.
[INFO DRT-0024]   Complete via3.
[INFO DRT-0024]   Complete met4.
[INFO DRT-0024]   Complete via4.
[INFO DRT-0024]   Complete met5.
[INFO DRT-0165] Start pin access.
[INFO DRT-0076]   Complete 1000 pins.
[INFO DRT-0078]   Complete 1351 pins.
[INFO DRT-0079]   Complete 100 unique inst patterns.
[INFO DRT-0081]   Complete 173 unique inst patterns.
[INFO DRT-0084]   Complete 4339 groups.
#scanned instances     = 18259
#unique  instances     = 173
#stdCellGenAp          = 5398
#stdCellValidPlanarAp  = 90
#stdCellValidViaAp     = 3855
#stdCellPinNoAp        = 0
#stdCellPinCnt         = 20866
#instTermValidViaApCnt = 0
#macroGenAp            = 0
#macroValidPlanarAp    = 0
#macroValidViaAp       = 0
#macroNoAp             = 0
[INFO DRT-0166] Complete pin access.
[INFO DRT-0267] cpu time = 00:02:48, elapsed time = 00:00:18, memory = 1814.07 (MB), peak = 1992.39 (MB)

[INFO DRT-0157] Number of guides:     57732

[INFO DRT-0169] Post process guides.
[INFO DRT-0176] GCELLGRID X 0 DO 143 STEP 6900 ;
[INFO DRT-0177] GCELLGRID Y 0 DO 143 STEP 6900 ;
[INFO DRT-0028]   Complete FR_MASTERSLICE.
[INFO DRT-0028]   Complete Fr_VIA.
[INFO DRT-0028]   Complete li1.
[INFO DRT-0028]   Complete mcon.
[INFO DRT-0028]   Complete met1.
[INFO DRT-0028]   Complete via.
[INFO DRT-0028]   Complete met2.
[INFO DRT-0028]   Complete via2.
[INFO DRT-0028]   Complete met3.
[INFO DRT-0028]   Complete via3.
[INFO DRT-0028]   Complete met4.
[INFO DRT-0028]   Complete via4.
[INFO DRT-0028]   Complete met5.
[INFO DRT-0178] Init guide query.
[INFO DRT-0035]   Complete FR_MASTERSLICE (guide).
[INFO DRT-0035]   Complete Fr_VIA (guide).
[INFO DRT-0035]   Complete li1 (guide).
[INFO DRT-0035]   Complete mcon (guide).
[INFO DRT-0035]   Complete met1 (guide).
[INFO DRT-0035]   Complete via (guide).
[INFO DRT-0035]   Complete met2 (guide).
[INFO DRT-0035]   Complete via2 (guide).
[INFO DRT-0035]   Complete met3 (guide).
[INFO DRT-0035]   Complete via3 (guide).
[INFO DRT-0035]   Complete met4 (guide).
[INFO DRT-0035]   Complete via4 (guide).
[INFO DRT-0035]   Complete met5 (guide).
[INFO DRT-0036] FR_MASTERSLICE guide region query size = 0.
[INFO DRT-0036] FR_VIA guide region query size = 0.
[INFO DRT-0036] li1 guide region query size = 17642.
[INFO DRT-0036] mcon guide region query size = 0.
[INFO DRT-0036] met1 guide region query size = 17383.
[INFO DRT-0036] via guide region query size = 0.
[INFO DRT-0036] met2 guide region query size = 10375.
[INFO DRT-0036] via2 guide region query size = 0.
[INFO DRT-0036] met3 guide region query size = 1469.
[INFO DRT-0036] via3 guide region query size = 0.
[INFO DRT-0036] met4 guide region query size = 398.
[INFO DRT-0036] via4 guide region query size = 0.
[INFO DRT-0036] met5 guide region query size = 17.
[INFO DRT-0179] Init gr pin query.
[INFO DRT-0267] cpu time = 00:00:00, elapsed time = 00:00:00, memory = 1814.07 (MB), peak = 1992.39 (MB)
[INFO DRT-0245] skipped writing guide updates to database.
[INFO DRT-0181] Start track assignment.
[INFO DRT-0184] Done with 28415 vertical wires in 3 frboxes and 18869 horizontal wires in 3 frboxes.
[INFO DRT-0186] Done with 2953 vertical wires in 3 frboxes and 4872 horizontal wires in 3 frboxes.
[INFO DRT-0182] Complete track assignment.
[INFO DRT-0267] cpu time = 00:00:02, elapsed time = 00:00:02, memory = 1814.07 (MB), peak = 1992.39 (MB)
[INFO DRT-0187] Start routing data preparation.
[INFO DRT-0267] cpu time = 00:00:00, elapsed time = 00:00:00, memory = 1814.07 (MB), peak = 1992.39 (MB)
[INFO DRT-0194] Start detail routing.
[INFO DRT-0195] Start 0th optimization iteration.
    Completing 10% with 0 violations.
    elapsed time = 00:00:00, memory = 1814.10 (MB).
    Completing 20% with 0 violations.
    elapsed time = 00:00:01, memory = 1814.11 (MB).
    Completing 30% with 27 violations.
    elapsed time = 00:00:02, memory = 1814.11 (MB).
    Completing 40% with 27 violations.
    elapsed time = 00:00:03, memory = 1814.11 (MB).
    Completing 50% with 27 violations.
    elapsed time = 00:00:04, memory = 1814.11 (MB).
    Completing 60% with 50 violations.
    elapsed time = 00:00:05, memory = 1814.12 (MB).
    Completing 70% with 50 violations.
    elapsed time = 00:00:07, memory = 1845.89 (MB).
    Completing 80% with 57 violations.
    elapsed time = 00:00:08, memory = 1814.14 (MB).
    Completing 90% with 57 violations.
    elapsed time = 00:00:09, memory = 1814.14 (MB).
    Completing 100% with 62 violations.
    elapsed time = 00:00:10, memory = 1814.14 (MB).
[INFO DRT-0199]   Number of violations = 81.
Viol/Layer        met1   met2   met3
Metal Spacing        7      5      2
Recheck              6      7      6
Short               15     15     18
[INFO DRT-0267] cpu time = 00:01:28, elapsed time = 00:00:10, memory = 1814.14 (MB), peak = 1992.39 (MB)
Total wire length = 367253 um.
Total wire length on LAYER li1 = 0 um.
Total wire length on LAYER met1 = 112148 um.
Total wire length on LAYER met2 = 177115 um.
Total wire length on LAYER met3 = 53161 um.
Total wire length on LAYER met4 = 24163 um.
Total wire length on LAYER met5 = 664 um.
Total number of vias = 49799.
Up-via summary (total 49799):

------------------------
 FR_MASTERSLICE        0
            li1    20400
           met1    26219
           met2     2582
           met3      568
           met4       30
------------------------
               49799


[INFO DRT-0195] Start 1st optimization iteration.
    Completing 10% with 81 violations.
    elapsed time = 00:00:00, memory = 1814.14 (MB).
    Completing 20% with 81 violations.
    elapsed time = 00:00:01, memory = 1814.14 (MB).
    Completing 30% with 79 violations.
    elapsed time = 00:00:02, memory = 1814.14 (MB).
    Completing 40% with 79 violations.
    elapsed time = 00:00:03, memory = 1847.80 (MB).
    Completing 50% with 79 violations.
    elapsed time = 00:00:04, memory = 1847.80 (MB).
    Completing 60% with 36 violations.
    elapsed time = 00:00:05, memory = 1814.14 (MB).
    Completing 70% with 36 violations.
    elapsed time = 00:00:07, memory = 1814.14 (MB).
    Completing 80% with 21 violations.
    elapsed time = 00:00:08, memory = 1814.14 (MB).
    Completing 90% with 21 violations.
    elapsed time = 00:00:09, memory = 1814.14 (MB).
    Completing 100% with 3 violations.
    elapsed time = 00:00:10, memory = 1814.14 (MB).
[INFO DRT-0199]   Number of violations = 3.
Viol/Layer        met1   met3
Short                1      2
[INFO DRT-0267] cpu time = 00:01:26, elapsed time = 00:00:10, memory = 1814.14 (MB), peak = 1992.39 (MB)
Total wire length = 367213 um.
Total wire length on LAYER li1 = 0 um.
Total wire length on LAYER met1 = 112138 um.
Total wire length on LAYER met2 = 177089 um.
Total wire length on LAYER met3 = 53157 um.
Total wire length on LAYER met4 = 24163 um.
Total wire length on LAYER met5 = 664 um.
Total number of vias = 49781.
Up-via summary (total 49781):

------------------------
 FR_MASTERSLICE        0
            li1    20401
           met1    26203
           met2     2579
           met3      568
           met4       30
------------------------
               49781


[INFO DRT-0195] Start 2nd optimization iteration.
    Completing 10% with 3 violations.
    elapsed time = 00:00:00, memory = 1814.14 (MB).
    Completing 20% with 3 violations.
    elapsed time = 00:00:00, memory = 1814.15 (MB).
    Completing 30% with 3 violations.
    elapsed time = 00:00:00, memory = 1814.15 (MB).
    Completing 40% with 3 violations.
    elapsed time = 00:00:00, memory = 1814.15 (MB).
    Completing 50% with 3 violations.
    elapsed time = 00:00:00, memory = 1814.15 (MB).
    Completing 60% with 3 violations.
    elapsed time = 00:00:00, memory = 1814.15 (MB).
    Completing 70% with 3 violations.
    elapsed time = 00:00:00, memory = 1814.15 (MB).
    Completing 80% with 5 violations.
    elapsed time = 00:00:00, memory = 1814.15 (MB).
    Completing 90% with 5 violations.
    elapsed time = 00:00:00, memory = 1814.15 (MB).
    Completing 100% with 5 violations.
    elapsed time = 00:00:00, memory = 1814.15 (MB).
[INFO DRT-0199]   Number of violations = 5.
Viol/Layer        met1   met3
Short                2      3
[INFO DRT-0267] cpu time = 00:00:01, elapsed time = 00:00:00, memory = 1814.15 (MB), peak = 1992.39 (MB)
Total wire length = 367207 um.
Total wire length on LAYER li1 = 0 um.
Total wire length on LAYER met1 = 112136 um.
Total wire length on LAYER met2 = 177088 um.
Total wire length on LAYER met3 = 53154 um.
Total wire length on LAYER met4 = 24163 um.
Total wire length on LAYER met5 = 664 um.
Total number of vias = 49777.
Up-via summary (total 49777):

------------------------
 FR_MASTERSLICE        0
            li1    20401
           met1    26198
           met2     2580
           met3      568
           met4       30
------------------------
               49777


[INFO DRT-0195] Start 3rd guides tiles iteration.
    Completing 30% with 5 violations.
    elapsed time = 00:00:00, memory = 1814.15 (MB).
    Completing 60% with 5 violations.
    elapsed time = 00:00:00, memory = 1814.15 (MB).
    Completing 100% with 0 violations.
    elapsed time = 00:00:00, memory = 1814.15 (MB).
[INFO DRT-0199]   Number of violations = 0.
[INFO DRT-0267] cpu time = 00:00:00, elapsed time = 00:00:00, memory = 1814.15 (MB), peak = 1992.39 (MB)
Total wire length = 367207 um.
Total wire length on LAYER li1 = 0 um.
Total wire length on LAYER met1 = 112145 um.
Total wire length on LAYER met2 = 177094 um.
Total wire length on LAYER met3 = 53139 um.
Total wire length on LAYER met4 = 24163 um.
Total wire length on LAYER met5 = 664 um.
Total number of vias = 49785.
Up-via summary (total 49785):

------------------------
 FR_MASTERSLICE        0
            li1    20401
           met1    26202
           met2     2584
           met3      568
           met4       30
------------------------
               49785


[INFO DRT-0198] Complete detail routing.
Total wire length = 367207 um.
Total wire length on LAYER li1 = 0 um.
Total wire length on LAYER met1 = 112145 um.
Total wire length on LAYER met2 = 177094 um.
Total wire length on LAYER met3 = 53139 um.
Total wire length on LAYER met4 = 24163 um.
Total wire length on LAYER met5 = 664 um.
Total number of vias = 49785.
Up-via summary (total 49785):

------------------------
 FR_MASTERSLICE        0
            li1    20401
           met1    26202
           met2     2584
           met3      568
           met4       30
------------------------
               49785


[INFO DRT-0267] cpu time = 00:02:56, elapsed time = 00:00:22, memory = 1814.15 (MB), peak = 1992.39 (MB)

[INFO DRT-0180] Post processing.
[INFO DRT-0501] Runtime: 43.79s
[INFO ANT-0002] Found 0 net violations.
[INFO ANT-0001] Found 0 pin violations.
[INFO ANT-0002] Found 0 net violations.
[INFO ANT-0001] Found 0 pin violations.
Design area 127452 um^2 13% utilization.
write_db ./results/sky130hd/d_nw03_cand_gemini_v2/base/5_2_route.odb
Elapsed time: 8:34.76[h:]min:sec. CPU time: user 3269.77 sys 2.70 (635%). Peak memory: 2040204KB.
Log                       Ext     Elapsed/s Peak Memory/MB sha1sum result [0:20)
5_2_route                 .odb          514           1992 48aee6d45b62d430d848
/OpenROAD-flow-scripts/flow/scripts/flow.sh 5_3_fillcell fillcell
Running fillcell.tcl, stage 5_3_fillcell
read_liberty /OpenROAD-flow-scripts/flow/platforms/sky130hd/lib/sky130_fd_sc_hd__tt_025C_1v80.lib
read_db ./results/sky130hd/d_nw03_cand_gemini_v2/base/5_2_route.odb
read_sdc ./results/sky130hd/d_nw03_cand_gemini_v2/base/5_1_grt.sdc
source /OpenROAD-flow-scripts/flow/platforms/sky130hd/setRC.tcl
filler_placement "sky130_fd_sc_hd__fill_1 sky130_fd_sc_hd__fill_2 sky130_fd_sc_hd__fill_4 sky130_fd_sc_hd__fill_8"
[INFO DPL-0001] Placed 107331 filler instances.
Design area 127452 um^2 13% utilization.
write_db ./results/sky130hd/d_nw03_cand_gemini_v2/base/5_3_fillcell.odb
Elapsed time: 0:01.37[h:]min:sec. CPU time: user 1.05 sys 0.10 (84%). Peak memory: 311584KB.
Log                       Ext     Elapsed/s Peak Memory/MB sha1sum result [0:20)
5_3_fillcell              .odb            1            304 93bc064c91fcdffde1c1
cp ./results/sky130hd/d_nw03_cand_gemini_v2/base/5_3_fillcell.odb ./results/sky130hd/d_nw03_cand_gemini_v2/base/5_route.odb
cp ./results/sky130hd/d_nw03_cand_gemini_v2/base/5_1_grt.sdc ./results/sky130hd/d_nw03_cand_gemini_v2/base/5_route.sdc
/OpenROAD-flow-scripts/flow/scripts/flow.sh 6_1_fill density_fill
Running density_fill.tcl, stage 6_1_fill
read_liberty /OpenROAD-flow-scripts/flow/platforms/sky130hd/lib/sky130_fd_sc_hd__tt_025C_1v80.lib
read_db ./results/sky130hd/d_nw03_cand_gemini_v2/base/5_route.odb
read_sdc ./results/sky130hd/d_nw03_cand_gemini_v2/base/5_route.sdc
source /OpenROAD-flow-scripts/flow/platforms/sky130hd/setRC.tcl
exec cp ./results/sky130hd/d_nw03_cand_gemini_v2/base/5_route.odb ./results/sky130hd/d_nw03_cand_gemini_v2/base/6_1_fill.odb
Elapsed time: 0:00.84[h:]min:sec. CPU time: user 0.72 sys 0.08 (95%). Peak memory: 238420KB.
Log                       Ext     Elapsed/s Peak Memory/MB sha1sum result [0:20)
6_1_fill                  .odb            0            232 93bc064c91fcdffde1c1
cp ./results/sky130hd/d_nw03_cand_gemini_v2/base/5_route.sdc ./results/sky130hd/d_nw03_cand_gemini_v2/base/6_1_fill.sdc
/OpenROAD-flow-scripts/flow/scripts/flow.sh 6_report final_report
Running final_report.tcl, stage 6_report
read_liberty /OpenROAD-flow-scripts/flow/platforms/sky130hd/lib/sky130_fd_sc_hd__tt_025C_1v80.lib
read_db ./results/sky130hd/d_nw03_cand_gemini_v2/base/6_1_fill.odb
read_sdc ./results/sky130hd/d_nw03_cand_gemini_v2/base/6_1_fill.sdc
source /OpenROAD-flow-scripts/flow/platforms/sky130hd/setRC.tcl
write_db ./results/sky130hd/d_nw03_cand_gemini_v2/base/6_final.odb
write_sdc -no_timestamp ./results/sky130hd/d_nw03_cand_gemini_v2/base/6_final.sdc
Deleted 0 routing obstructions
Warning: master sky130_ef_sc_hd__decap_12 has signal pins but no liberty cell
[INFO RCX-0431] Defined process_corner X with ext_model_index 0
[INFO RCX-0029] Defined extraction corner X
[WARNING RCX-0514] The ext_model_file option is deprecated. Use set_extraction_rules_file command instead.
[INFO RCX-0435] Reading extraction model file /OpenROAD-flow-scripts/flow/platforms/sky130hd/rcx_patterns.rules ...
[INFO RCX-0436] RC segment generation axis_switch_oq (max_merge_res 50.0) ...
[INFO RCX-0040] Final 29903 rc segments
[INFO RCX-0439] Coupling Cap extraction axis_switch_oq ...
[INFO RCX-0440] Coupling threshhold is 0.1000 fF, coupling capacitance less than 0.1000 fF will be grounded.
[INFO RCX-0442] 30% of 80950 wires extracted
[INFO RCX-0442] 68% of 80950 wires extracted
[INFO RCX-0442] 81% of 80950 wires extracted
[INFO RCX-0442] 100% of 80950 wires extracted
[INFO RCX-0045] Extract 5163 nets, 35053 rsegs, 35053 caps, 57235 ccs
[INFO RCX-0443] 5163 nets finished
[INFO PSM-0040] All shapes on net VDD are connected.
########## IR report #################
Net              : VDD
Corner           : default
Total power      : 5.02e-02 W
Supply voltage   : 1.80e+00 V
Worstcase voltage: 1.80e+00 V
Average voltage  : 1.80e+00 V
Average IR drop  : 1.07e-05 V
Worstcase IR drop: 3.07e-04 V
Percentage drop  : 0.02 %
######################################
[INFO PSM-0040] All shapes on net VSS are connected.
########## IR report #################
Net              : VSS
Corner           : default
Total power      : 5.02e-02 W
Supply voltage   : 0.00e+00 V
Worstcase voltage: 3.13e-04 V
Average voltage  : 1.07e-05 V
Average IR drop  : 1.07e-05 V
Worstcase IR drop: 3.13e-04 V
Percentage drop  : 0.02 %
######################################
Cell type report:                       Count       Area
  Fill cell                            107331  844997.92
  Tap cell                              12922   16168.01
  Antenna cell                            153     382.87
  Clock buffer                            330    6915.38
  Timing Repair Buffer                    568    5346.38
  Inverter                                 22      82.58
  Clock inverter                          139    1406.35
  Sequential cell                        2428   72659.69
  Multi-Input combinational cell         1697   24490.99
  Total                                125590  972450.16
Report metrics stage 6, finish...

==========================================================================
finish report_design_area
--------------------------------------------------------------------------
Design area 127452 um^2 13% utilization.
[WARNING GUI-0076] QStandardPaths: XDG_RUNTIME_DIR not set, defaulting to '/tmp/runtime-'
Elapsed time: 0:12.46[h:]min:sec. CPU time: user 13.21 sys 1.30 (116%). Peak memory: 716308KB.
Log                       Ext     Elapsed/s Peak Memory/MB sha1sum result [0:20)
6_report                                 12            699                  N/A
cp /OpenROAD-flow-scripts/flow/platforms/sky130hd/lef/sky130_fd_sc_hd.tlef ./objects/sky130hd/d_nw03_cand_gemini_v2/base/klayout_tech.lef
/usr/bin/python3 /OpenROAD-flow-scripts/flow/util/generate_klayout_tech.py \
	--template /OpenROAD-flow-scripts/flow/platforms/sky130hd/sky130hd.lyt \
	--output ./objects/sky130hd/d_nw03_cand_gemini_v2/base/klayout.lyt \
	--lef-files ./objects/sky130hd/d_nw03_cand_gemini_v2/base/klayout_tech.lef /OpenROAD-flow-scripts/flow/platforms/sky130hd/lef/sky130_fd_sc_hd_merged.lef   \
	--map-files 
/usr/bin/python3 /OpenROAD-flow-scripts/flow/scripts/run_command.py --log /OpenROAD-flow-scripts/flow/logs/sky130hd/d_nw03_cand_gemini_v2/base/6_1_merge.log --tee -- \
        /OpenROAD-flow-scripts/flow/scripts/klayout.sh -zz -rd design_name=axis_switch_oq \
        -rd in_def=./results/sky130hd/d_nw03_cand_gemini_v2/base/6_final.def \
        -rd in_files="/OpenROAD-flow-scripts/flow/platforms/sky130hd/gds/sky130_fd_sc_hd.gds  " \
        -rd seal_file="" \
        -rd out_file=./results/sky130hd/d_nw03_cand_gemini_v2/base/6_1_merged.gds \
        -rd tech_file=./objects/sky130hd/d_nw03_cand_gemini_v2/base/klayout.lyt \
        -rd layer_map= \
        -r /OpenROAD-flow-scripts/flow/util/def2stream.py
KLayout 0.30.7
[INFO] Reporting cells prior to loading DEF ...
	/OpenROAD-flow-scripts/flow/platforms/sky130hd/gds/sky130_fd_sc_hd.gds
[INFO] All LEF cells have matching GDS/OAS cells
[INFO] No orphan cells in the final layout
Elapsed time: 0:07.51[h:]min:sec. CPU time: user 7.12 sys 0.35 (99%). Peak memory: 979200KB.
cp results/sky130hd/d_nw03_cand_gemini_v2/base/6_1_merged.gds results/sky130hd/d_nw03_cand_gemini_v2/base/6_final.gds
./logs/sky130hd/d_nw03_cand_gemini_v2/base
Log                       Ext     Elapsed/s Peak Memory/MB sha1sum result [0:20)
1_1_yosys_canonicalize    .rtlil          0             81 14be95ddefd8033537de
1_2_yosys                 .v              6             99 bd9a5b5857b02918c8dc
1_2_yosys                 .sdc                             ab167aad668cd34117cc
1_synth                   .odb            0            154 1946bd9071eb5ffcf1d6
1_synth                   .sdc                             8244cb436bcadee6f88f
2_1_floorplan             .odb            2            198 b5cb7c58e67ee80b2e64
2_1_floorplan             .sdc                             8244cb436bcadee6f88f
2_2_floorplan_macro       .odb            0            147 b5cb7c58e67ee80b2e64
2_3_floorplan_tapcell     .odb            0            151 594e95ca40dfa1148153
2_4_floorplan_pdn         .odb            1            200 31640ccc25f46dbf9e4b
3_1_place_gp_skip_io      .odb            2            174 bc8d4e2f7e87ea595325
3_2_place_iop             .odb            0            166 92ed8dd48904e303150e
3_3_place_gp              .odb            7            378 8317d71349810ee0f222
3_4_place_resized         .odb            3            213 46f7c0b6e233fb09f2dd
3_5_place_dp              .odb            3            235 a48108a092e8eba5a130
4_1_cts                   .odb            4            270 e5af202d73e74db49b60
5_1_grt                   .odb           27            564 89f560ea2243514842f0
5_1_grt                   .sdc                             86818618b38c2ca48a8a
5_2_route                 .odb          514           1992 48aee6d45b62d430d848
5_3_fillcell              .odb            1            304 93bc064c91fcdffde1c1
6_1_fill                  .odb            0            232 93bc064c91fcdffde1c1
6_1_fill                  .sdc                             86818618b38c2ca48a8a
6_1_merge                                 7            956                  N/A
6_report                                 12            699                  N/A
Total                                   589           1992                     
