clean build: wiped sky130hd/d_dsp03_cand_chat_v2 (results, logs, objects, reports)
constraining to CLK_PERIOD_NS=48.0312 (SDC + synthesis)
OPENROAD: /OpenROAD-flow-scripts/tools/OpenROAD
mkdir -p results/sky130hd/d_dsp03_cand_chat_v2/base/
echo 48031 > results/sky130hd/d_dsp03_cand_chat_v2/base/clock_period.txt
/OpenROAD-flow-scripts/flow/scripts/synth.sh /OpenROAD-flow-scripts/flow/scripts/synth_canonicalize.tcl ./logs/sky130hd/d_dsp03_cand_chat_v2/base/1_1_yosys_canonicalize.log
Using ABC speed script.
Extracting clock period from SDC file: ./results/sky130hd/d_dsp03_cand_chat_v2/base/clock_period.txt
Setting clock period to 48031
1. Executing Liberty frontend: /OpenROAD-flow-scripts/flow/platforms/sky130hd/lib/sky130_fd_sc_hd__tt_025C_1v80.lib
2. Executing Liberty frontend: /OpenROAD-flow-scripts/flow/platforms/sky130hd/lib/sky130_fd_sc_hd__tt_025C_1v80.lib
3. Executing SLANG frontend.
3.1. Executing PROC_CLEAN pass (remove empty switches from decision trees).
3.2. Executing TRIBUF pass.
3.3. Executing PROC_RMDEAD pass (remove dead branches from decision trees).
3.4. Executing PROC_PRUNE pass (remove redundant assignments in processes).
3.5. Executing PROC_INIT pass (extract init attributes).
3.6. Executing PROC_ROM pass (convert switches to ROMs).
3.7. Executing PROC_MUX pass (convert decision trees to multiplexers).
3.8. Executing PROC_CLEAN pass (remove empty switches from decision trees).
3.9. Executing OPT_EXPR pass (perform const folding).
4. Executing HIERARCHY pass (managing design hierarchy).
4.1. Analyzing design hierarchy..
4.2. Analyzing design hierarchy..
5. Executing OPT_CLEAN pass (remove unused cells and wires).
6. Executing RTLIL backend.
End of script. Logfile hash: f478ce5139, time: 3.08s, user: 3.56s, system: 0.10s, MEM: 296.32 MB peak
Yosys 0.68+post (git sha1 UNKNOWN, Release, GNU /usr/local/bin/wrapped-cc/g++ 11.4.0)
Time spent: 34% 1x proc_mux (1 sec), 25% 1x opt_clean (0 sec), ...
Elapsed time: 0:03.16[h:]min:sec. CPU time: user 3.63 sys 0.12 (118%). Peak memory: 305580KB.
Log                       Ext     Elapsed/s Peak Memory/MB sha1sum result [0:20)
1_1_yosys_canonicalize    .rtlil          3            298 f22a039e80801c7e03e8
/OpenROAD-flow-scripts/flow/scripts/synth.sh /OpenROAD-flow-scripts/flow/scripts/synth.tcl ./logs/sky130hd/d_dsp03_cand_chat_v2/base/1_2_yosys.log
Using ABC speed script.
Extracting clock period from SDC file: ./results/sky130hd/d_dsp03_cand_chat_v2/base/clock_period.txt
Setting clock period to 48031
1. Executing RTLIL frontend.
2. Executing HIERARCHY pass (managing design hierarchy).
2.1. Analyzing design hierarchy..
2.2. Analyzing design hierarchy..
3. Executing SYNTH pass.
3.1. Executing HIERARCHY pass (managing design hierarchy).
3.1.1. Analyzing design hierarchy..
3.1.2. Analyzing design hierarchy..
3.2. Executing PROC pass (convert processes to netlists).
3.2.1. Executing PROC_CLEAN pass (remove empty switches from decision trees).
3.2.2. Executing PROC_RMDEAD pass (remove dead branches from decision trees).
3.2.3. Executing PROC_PRUNE pass (remove redundant assignments in processes).
3.2.4. Executing PROC_INIT pass (extract init attributes).
3.2.5. Executing PROC_ARST pass (detect async resets in processes).
3.2.6. Executing PROC_ROM pass (convert switches to ROMs).
3.2.7. Executing PROC_MUX pass (convert decision trees to multiplexers).
3.2.8. Executing PROC_DLATCH pass (convert process syncs to latches).
3.2.9. Executing PROC_DFF pass (convert process syncs to FFs).
3.2.10. Executing PROC_MEMWR pass (convert process memory writes to cells).
3.2.11. Executing PROC_CLEAN pass (remove empty switches from decision trees).
3.2.12. Executing OPT_EXPR pass (perform const folding).
3.3. Executing CHECK pass (checking for obvious problems).
3.4. Executing FLATTEN pass (flatten design).
3.5. Executing OPT_EXPR pass (perform const folding).
3.6. Executing OPT_CLEAN pass (remove unused cells and wires).
3.7. Executing CHECK pass (checking for obvious problems).
3.8. Executing OPT pass (performing simple optimizations).
3.8.1. Executing OPT_EXPR pass (perform const folding).
3.8.2. Executing OPT_MERGE pass (detect identical cells).
3.8.3. Executing OPT_MUXTREE pass (detect dead branches in mux trees).
3.8.4. Executing OPT_REDUCE pass (consolidate $*mux and $reduce_* inputs).
3.8.5. Executing OPT_MERGE pass (detect identical cells).
3.8.6. Executing OPT_DFF pass (perform DFF optimizations).
3.8.7. Executing OPT_CLEAN pass (remove unused cells and wires).
3.8.8. Executing OPT_EXPR pass (perform const folding).
3.8.9. Rerunning OPT passes. (Maybe there is more to do..)
3.8.10. Executing OPT_MUXTREE pass (detect dead branches in mux trees).
3.8.11. Executing OPT_REDUCE pass (consolidate $*mux and $reduce_* inputs).
3.8.12. Executing OPT_MERGE pass (detect identical cells).
3.8.13. Executing OPT_DFF pass (perform DFF optimizations).
3.8.14. Executing OPT_CLEAN pass (remove unused cells and wires).
3.8.15. Executing OPT_EXPR pass (perform const folding).
3.8.16. Finished fast OPT passes. (There is nothing left to do.)
3.9. Executing FSM pass (extract and optimize FSM).
3.9.1. Executing FSM_DETECT pass (finding FSMs in design).
3.9.2. Executing FSM_EXTRACT pass (extracting FSM from design).
3.9.3. Executing FSM_OPT pass (simple optimizations of FSMs).
3.9.4. Executing OPT_CLEAN pass (remove unused cells and wires).
3.9.5. Executing FSM_OPT pass (simple optimizations of FSMs).
3.9.6. Executing FSM_RECODE pass (re-assigning FSM state encoding).
3.9.7. Executing FSM_INFO pass (dumping all available information on FSM cells).
3.9.8. Executing FSM_MAP pass (mapping FSMs to basic logic).
3.10. Executing OPT pass (performing simple optimizations).
3.10.1. Executing OPT_EXPR pass (perform const folding).
3.10.2. Executing OPT_MERGE pass (detect identical cells).
3.10.3. Executing OPT_MUXTREE pass (detect dead branches in mux trees).
3.10.4. Executing OPT_REDUCE pass (consolidate $*mux and $reduce_* inputs).
3.10.5. Executing OPT_MERGE pass (detect identical cells).
3.10.6. Executing OPT_DFF pass (perform DFF optimizations).
3.10.7. Executing OPT_CLEAN pass (remove unused cells and wires).
3.10.8. Executing OPT_EXPR pass (perform const folding).
3.10.9. Rerunning OPT passes. (Maybe there is more to do..)
3.10.10. Executing OPT_MUXTREE pass (detect dead branches in mux trees).
3.10.11. Executing OPT_REDUCE pass (consolidate $*mux and $reduce_* inputs).
3.10.12. Executing OPT_MERGE pass (detect identical cells).
3.10.13. Executing OPT_DFF pass (perform DFF optimizations).
3.10.14. Executing OPT_CLEAN pass (remove unused cells and wires).
3.10.15. Executing OPT_EXPR pass (perform const folding).
3.10.16. Rerunning OPT passes. (Maybe there is more to do..)
3.10.17. Executing OPT_MUXTREE pass (detect dead branches in mux trees).
3.10.18. Executing OPT_REDUCE pass (consolidate $*mux and $reduce_* inputs).
3.10.19. Executing OPT_MERGE pass (detect identical cells).
3.10.20. Executing OPT_DFF pass (perform DFF optimizations).
3.10.21. Executing OPT_CLEAN pass (remove unused cells and wires).
3.10.22. Executing OPT_EXPR pass (perform const folding).
3.10.23. Finished fast OPT passes. (There is nothing left to do.)
3.11. Executing WREDUCE pass (reducing word size of cells).
3.12. Executing PEEPOPT pass (run peephole optimizers).
3.13. Executing OPT_CLEAN pass (remove unused cells and wires).
3.14. Executing ALUMACC pass (create $alu and $macc cells).
3.15. Executing SHARE pass (SAT-based resource sharing).
3.16. Executing OPT pass (performing simple optimizations).
3.16.1. Executing OPT_EXPR pass (perform const folding).
3.16.2. Executing OPT_MERGE pass (detect identical cells).
3.16.3. Executing OPT_MUXTREE pass (detect dead branches in mux trees).
3.16.4. Executing OPT_REDUCE pass (consolidate $*mux and $reduce_* inputs).
3.16.5. Executing OPT_MERGE pass (detect identical cells).
3.16.6. Executing OPT_DFF pass (perform DFF optimizations).
3.16.7. Executing OPT_CLEAN pass (remove unused cells and wires).
3.16.8. Executing OPT_EXPR pass (perform const folding).
3.16.9. Rerunning OPT passes. (Maybe there is more to do..)
3.16.10. Executing OPT_MUXTREE pass (detect dead branches in mux trees).
3.16.11. Executing OPT_REDUCE pass (consolidate $*mux and $reduce_* inputs).
3.16.12. Executing OPT_MERGE pass (detect identical cells).
3.16.13. Executing OPT_DFF pass (perform DFF optimizations).
3.16.14. Executing OPT_CLEAN pass (remove unused cells and wires).
3.16.15. Executing OPT_EXPR pass (perform const folding).
3.16.16. Finished fast OPT passes. (There is nothing left to do.)
3.17. Executing MEMORY pass.
3.17.1. Executing OPT_MEM pass (optimize memories).
3.17.2. Executing OPT_MEM_PRIORITY pass (removing unnecessary memory write priority relations).
3.17.3. Executing OPT_MEM_FEEDBACK pass (finding memory read-to-write feedback paths).
3.17.4. Executing MEMORY_BMUX2ROM pass (converting muxes to ROMs).
3.17.5. Executing MEMORY_DFF pass (merging $dff cells to $memrd).
3.17.6. Executing OPT_CLEAN pass (remove unused cells and wires).
3.17.7. Executing MEMORY_SHARE pass (consolidating $memrd/$memwr cells).
3.17.8. Executing OPT_MEM_WIDEN pass (optimize memories where all ports are wide).
3.17.9. Executing OPT_CLEAN pass (remove unused cells and wires).
3.17.10. Executing MEMORY_COLLECT pass (generating $mem cells).
3.18. Executing OPT_CLEAN pass (remove unused cells and wires).
4. Executing SYNTH pass.
4.1. Executing OPT pass (performing simple optimizations).
4.1.1. Executing OPT_EXPR pass (perform const folding).
4.1.2. Executing OPT_MERGE pass (detect identical cells).
4.1.3. Executing OPT_DFF pass (perform DFF optimizations).
4.1.4. Executing OPT_CLEAN pass (remove unused cells and wires).
4.1.5. Finished fast OPT passes.
4.2. Executing MEMORY_MAP pass (converting memories to logic and flip-flops).
4.3. Executing OPT pass (performing simple optimizations).
4.3.1. Executing OPT_EXPR pass (perform const folding).
4.3.2. Executing OPT_MERGE pass (detect identical cells).
4.3.3. Executing OPT_MUXTREE pass (detect dead branches in mux trees).
4.3.4. Executing OPT_REDUCE pass (consolidate $*mux and $reduce_* inputs).
4.3.5. Executing OPT_MERGE pass (detect identical cells).
4.3.6. Executing OPT_SHARE pass.
4.3.7. Executing OPT_DFF pass (perform DFF optimizations).
4.3.8. Executing OPT_CLEAN pass (remove unused cells and wires).
4.3.9. Executing OPT_EXPR pass (perform const folding).
4.3.10. Rerunning OPT passes. (Maybe there is more to do..)
4.3.11. Executing OPT_MUXTREE pass (detect dead branches in mux trees).
4.3.12. Executing OPT_REDUCE pass (consolidate $*mux and $reduce_* inputs).
4.3.13. Executing OPT_MERGE pass (detect identical cells).
4.3.14. Executing OPT_SHARE pass.
4.3.15. Executing OPT_DFF pass (perform DFF optimizations).
4.3.16. Executing OPT_CLEAN pass (remove unused cells and wires).
4.3.17. Executing OPT_EXPR pass (perform const folding).
4.3.18. Rerunning OPT passes. (Maybe there is more to do..)
4.3.19. Executing OPT_MUXTREE pass (detect dead branches in mux trees).
4.3.20. Executing OPT_REDUCE pass (consolidate $*mux and $reduce_* inputs).
4.3.21. Executing OPT_MERGE pass (detect identical cells).
4.3.22. Executing OPT_SHARE pass.
4.3.23. Executing OPT_DFF pass (perform DFF optimizations).
4.3.24. Executing OPT_CLEAN pass (remove unused cells and wires).
4.3.25. Executing OPT_EXPR pass (perform const folding).
4.3.26. Finished fast OPT passes. (There is nothing left to do.)
4.4. Executing TECHMAP pass (map to technology primitives).
4.4.1. Executing Verilog-2005 frontend: /OpenROAD-flow-scripts/tools/install/yosys/bin/../share/yosys/techmap.v
4.4.2. Executing Verilog-2005 frontend: /OpenROAD-flow-scripts/flow/platforms/common/lcu_kogge_stone.v
4.4.3. Continuing TECHMAP pass.
4.5. Executing OPT pass (performing simple optimizations).
4.5.1. Executing OPT_EXPR pass (perform const folding).
4.5.2. Executing OPT_MERGE pass (detect identical cells).
4.5.3. Executing OPT_DFF pass (perform DFF optimizations).
4.5.4. Executing OPT_CLEAN pass (remove unused cells and wires).
4.5.5. Finished fast OPT passes.
4.6. Executing HIERARCHY pass (managing design hierarchy).
4.6.1. Analyzing design hierarchy..
4.6.2. Analyzing design hierarchy..
4.7. Printing statistics.
4.8. Executing CHECK pass (checking for obvious problems).
5. Executing OPT pass (performing simple optimizations).
5.1. Executing OPT_EXPR pass (perform const folding).
5.2. Executing OPT_MERGE pass (detect identical cells).
5.3. Executing OPT_MUXTREE pass (detect dead branches in mux trees).
5.4. Executing OPT_REDUCE pass (consolidate $*mux and $reduce_* inputs).
5.5. Executing OPT_MERGE pass (detect identical cells).
5.6. Executing OPT_DFF pass (perform DFF optimizations).
5.7. Executing OPT_CLEAN pass (remove unused cells and wires).
5.8. Executing OPT_EXPR pass (perform const folding).
5.9. Rerunning OPT passes. (Maybe there is more to do..)
5.10. Executing OPT_MUXTREE pass (detect dead branches in mux trees).
5.11. Executing OPT_REDUCE pass (consolidate $*mux and $reduce_* inputs).
5.12. Executing OPT_MERGE pass (detect identical cells).
5.13. Executing OPT_DFF pass (perform DFF optimizations).
5.14. Executing OPT_CLEAN pass (remove unused cells and wires).
5.15. Executing OPT_EXPR pass (perform const folding).
5.16. Finished fast OPT passes. (There is nothing left to do.)
6. Executing EXTRACT_FA pass (find and extract full/half adders).
7. Executing TECHMAP pass (map to technology primitives).
7.1. Executing Verilog-2005 frontend: /OpenROAD-flow-scripts/flow/platforms/sky130hd/cells_adders_hd.v
7.2. Continuing TECHMAP pass.
8. Executing TECHMAP pass (map to technology primitives).
8.1. Executing Verilog-2005 frontend: /OpenROAD-flow-scripts/tools/install/yosys/bin/../share/yosys/techmap.v
8.2. Continuing TECHMAP pass.
9. Executing OPT pass (performing simple optimizations).
9.1. Executing OPT_EXPR pass (perform const folding).
9.2. Executing OPT_MERGE pass (detect identical cells).
9.3. Executing OPT_DFF pass (perform DFF optimizations).
9.4. Executing OPT_CLEAN pass (remove unused cells and wires).
9.5. Finished fast OPT passes.
10. Executing DFFLEGALIZE pass (convert FFs to types supported by the target).
11. Executing TECHMAP pass (map to technology primitives).
11.1. Executing Verilog-2005 frontend: /OpenROAD-flow-scripts/flow/platforms/sky130hd/cells_latch_hd.v
11.2. Continuing TECHMAP pass.
12. Executing DFFLIBMAP pass (mapping DFF cells to sequential cells from liberty file).
12.1. Executing DFFLEGALIZE pass (convert FFs to types supported by the target).
13. Executing OPT pass (performing simple optimizations).
13.1. Executing OPT_EXPR pass (perform const folding).
13.2. Executing OPT_MERGE pass (detect identical cells).
13.3. Executing OPT_MUXTREE pass (detect dead branches in mux trees).
13.4. Executing OPT_REDUCE pass (consolidate $*mux and $reduce_* inputs).
13.5. Executing OPT_MERGE pass (detect identical cells).
13.6. Executing OPT_DFF pass (perform DFF optimizations).
13.7. Executing OPT_CLEAN pass (remove unused cells and wires).
13.8. Executing OPT_EXPR pass (perform const folding).
13.9. Finished fast OPT passes. (There is nothing left to do.)
14. Executing SETUNDEF pass (replace undef values with defined constants).
abc -script /OpenROAD-flow-scripts/flow/scripts/abc_speed.script -liberty /OpenROAD-flow-scripts/flow/platforms/sky130hd/lib/sky130_fd_sc_hd__tt_025C_1v80.lib -dont_use sky130_fd_sc_hd__probe_p_8 -dont_use sky130_fd_sc_hd__probec_p_8 -dont_use sky130_fd_sc_hd__lpflow_bleeder_1 -dont_use sky130_fd_sc_hd__lpflow_clkbufkapwr_1 -dont_use sky130_fd_sc_hd__lpflow_clkbufkapwr_16 -dont_use sky130_fd_sc_hd__lpflow_clkbufkapwr_2 -dont_use sky130_fd_sc_hd__lpflow_clkbufkapwr_4 -dont_use sky130_fd_sc_hd__lpflow_clkbufkapwr_8 -dont_use sky130_fd_sc_hd__lpflow_clkinvkapwr_1 -dont_use sky130_fd_sc_hd__lpflow_clkinvkapwr_16 -dont_use sky130_fd_sc_hd__lpflow_clkinvkapwr_2 -dont_use sky130_fd_sc_hd__lpflow_clkinvkapwr_4 -dont_use sky130_fd_sc_hd__lpflow_clkinvkapwr_8 -dont_use sky130_fd_sc_hd__lpflow_decapkapwr_12 -dont_use sky130_fd_sc_hd__lpflow_decapkapwr_3 -dont_use sky130_fd_sc_hd__lpflow_decapkapwr_4 -dont_use sky130_fd_sc_hd__lpflow_decapkapwr_6 -dont_use sky130_fd_sc_hd__lpflow_decapkapwr_8 -dont_use sky130_fd_sc_hd__lpflow_inputiso0n_1 -dont_use sky130_fd_sc_hd__lpflow_inputiso0p_1 -dont_use sky130_fd_sc_hd__lpflow_inputiso1n_1 -dont_use sky130_fd_sc_hd__lpflow_inputiso1p_1 -dont_use sky130_fd_sc_hd__lpflow_inputisolatch_1 -dont_use sky130_fd_sc_hd__lpflow_isobufsrc_1 -dont_use sky130_fd_sc_hd__lpflow_isobufsrc_16 -dont_use sky130_fd_sc_hd__lpflow_isobufsrc_2 -dont_use sky130_fd_sc_hd__lpflow_isobufsrc_4 -dont_use sky130_fd_sc_hd__lpflow_isobufsrc_8 -dont_use sky130_fd_sc_hd__lpflow_isobufsrckapwr_16 -dont_use sky130_fd_sc_hd__lpflow_lsbuf_lh_hl_isowell_tap_1 -dont_use sky130_fd_sc_hd__lpflow_lsbuf_lh_hl_isowell_tap_2 -dont_use sky130_fd_sc_hd__lpflow_lsbuf_lh_hl_isowell_tap_4 -dont_use sky130_fd_sc_hd__lpflow_lsbuf_lh_isowell_4 -dont_use sky130_fd_sc_hd__lpflow_lsbuf_lh_isowell_tap_1 -dont_use sky130_fd_sc_hd__lpflow_lsbuf_lh_isowell_tap_2 -dont_use sky130_fd_sc_hd__lpflow_lsbuf_lh_isowell_tap_4 -constr ./objects/sky130hd/d_dsp03_cand_chat_v2/base/abc.constr -D 48031
15. Executing ABC pass (technology mapping using ABC).
15.1. Extracting gate netlist of module `\fp_multifmt_fma' to `<abc-temp-dir>/input.blif'..
15.1.1. Executed ABC.
15.1.2. Re-integrating ABC results.
Took 458 seconds: abc -script /OpenROAD-flow-scripts/flow/scripts/abc_speed.script -liberty /OpenROAD-flow-scripts/flow/platforms/sky130hd/lib/sky130_fd_sc_hd__tt_025C_1v80.lib -dont_use sky130_fd_sc_hd__probe_p_8 -dont_use sky130_fd_sc_hd__probec_p_8 -dont_use sky130_fd_sc_hd__lpflow_bleeder_1 -dont_use sky130_fd_sc_hd__lpflow_clkbufkapwr_1 -dont_use sky130_fd_sc_hd__lpflow_clkbufkapwr_16 -dont_use sky130_fd_sc_hd__lpflow_clkbufkapwr_2 -dont_use sky130_fd_sc_hd__lpflow_clkbufkapwr_4 -dont_use sky130_fd_sc_hd__lpflow_clkbufkapwr_8 -dont_use sky130_fd_sc_hd__lpflow_clkinvkapwr_1 -dont_use sky130_fd_sc_hd__lpflow_clkinvkapwr_16 -dont_use sky130_fd_sc_hd__lpflow_clkinvkapwr_2 -dont_use sky130_fd_sc_hd__lpflow_clkinvkapwr_4 -dont_use sky130_fd_sc_hd__lpflow_clkinvkapwr_8 -dont_use sky130_fd_sc_hd__lpflow_decapkapwr_12 -dont_use sky130_fd_sc_hd__lpflow_decapkapwr_3 -dont_use sky130_fd_sc_hd__lpflow_decapkapwr_4 -dont_use sky130_fd_sc_hd__lpflow_decapkapwr_6 -dont_use sky130_fd_sc_hd__lpflow_decapkapwr_8 -dont_use sky130_fd_sc_hd__lpflow_inputiso0n_1 -dont_use sky130_fd_sc_hd__lpflow_inputiso0p_1 -dont_use sky130_fd_sc_hd__lpflow_inputiso1n_1 -dont_use sky130_fd_sc_hd__lpflow_inputiso1p_1 -dont_use sky130_fd_sc_hd__lpflow_inputisolatch_1 -dont_use sky130_fd_sc_hd__lpflow_isobufsrc_1 -dont_use sky130_fd_sc_hd__lpflow_isobufsrc_16 -dont_use sky130_fd_sc_hd__lpflow_isobufsrc_2 -dont_use sky130_fd_sc_hd__lpflow_isobufsrc_4 -dont_use sky130_fd_sc_hd__lpflow_isobufsrc_8 -dont_use sky130_fd_sc_hd__lpflow_isobufsrckapwr_16 -dont_use sky130_fd_sc_hd__lpflow_lsbuf_lh_hl_isowell_tap_1 -dont_use sky130_fd_sc_hd__lpflow_lsbuf_lh_hl_isowell_tap_2 -dont_use sky130_fd_sc_hd__lpflow_lsbuf_lh_hl_isowell_tap_4 -dont_use sky130_fd_sc_hd__lpflow_lsbuf_lh_isowell_4 -dont_use sky130_fd_sc_hd__lpflow_lsbuf_lh_isowell_tap_1 -dont_use sky130_fd_sc_hd__lpflow_lsbuf_lh_isowell_tap_2 -dont_use sky130_fd_sc_hd__lpflow_lsbuf_lh_isowell_tap_4 -constr ./objects/sky130hd/d_dsp03_cand_chat_v2/base/abc.constr -D 48031
16. Executing SPLITNETS pass (splitting up multi-bit signals).
17. Executing OPT_CLEAN pass (remove unused cells and wires).
18. Executing HILOMAP pass (mapping to constant drivers).
19. Executing INSBUF pass (insert buffer cells for connected wires).
20. Executing CHECK pass (checking for obvious problems).
21. Printing statistics.
22. Executing CHECK pass (checking for obvious problems).
23. Executing Verilog backend.
23.1. Executing BMUXMAP pass.
23.2. Executing DEMUXMAP pass.
End of script. Logfile hash: ea9a6c2607, time: 1365.72s, user: 922.00s, system: 3.22s, MEM: 3165.73 MB peak
Yosys 0.68+post (git sha1 UNKNOWN, Release, GNU /usr/local/bin/wrapped-cc/g++ 11.4.0)
Time spent: 34% 1x extract_fa (483 sec), 33% 1x abc (458 sec), 26% 1x share (359 sec), ...
Elapsed time: 22:45.92[h:]min:sec. CPU time: user 1379.26 sys 3.55 (101%). Peak memory: 3241712KB.
Log                       Ext     Elapsed/s Peak Memory/MB sha1sum result [0:20)
1_2_yosys                 .v           1365           3165 9e3d91953359813c472a
cp /work/domains/dsp/design/d_dsp03_multifmt_fma/orfs/constraint.sdc ./results/sky130hd/d_dsp03_cand_chat_v2/base/1_2_yosys.sdc
OpenROAD 26Q3-1080-gab6fd26351 
Features included (+) or not (-): +GPU +GUI +Python
This program is licensed under the BSD-3 license. See the LICENSE file for details.
Components of this program may be licensed under more restrictive licenses which must be honored.
[INFO ORD-0030] Using 16 thread(s).
mkdir -p ./objects/sky130hd/d_dsp03_cand_chat_v2/base
/OpenROAD-flow-scripts/flow/scripts/flow.sh 1_synth synth_odb
Running synth_odb.tcl, stage 1_synth
read_liberty /OpenROAD-flow-scripts/flow/platforms/sky130hd/lib/sky130_fd_sc_hd__tt_025C_1v80.lib
[INFO ODB-0227] LEF file: /OpenROAD-flow-scripts/flow/platforms/sky130hd/lef/sky130_fd_sc_hd.tlef, created 13 layers, 25 vias
[INFO ODB-0227] LEF file: /OpenROAD-flow-scripts/flow/platforms/sky130hd/lef/sky130_fd_sc_hd_merged.lef, created 441 library cells
link_design fp_multifmt_fma
read_sdc ./results/sky130hd/d_dsp03_cand_chat_v2/base/1_2_yosys.sdc
source /OpenROAD-flow-scripts/flow/platforms/sky130hd/setRC.tcl
eliminate_dead_logic
Removed 0 unused instances and 0 unused nets.
Design area 461875 um^2 100% utilization.
write_db ./results/sky130hd/d_dsp03_cand_chat_v2/base/1_synth.odb
write_sdc -no_timestamp ./results/sky130hd/d_dsp03_cand_chat_v2/base/1_synth.sdc
Elapsed time: 0:01.38[h:]min:sec. CPU time: user 1.27 sys 0.10 (99%). Peak memory: 319768KB.
Log                       Ext     Elapsed/s Peak Memory/MB sha1sum result [0:20)
1_synth                   .odb            1            312 cbb10de2bc45ad3b7daa
1_synth                   .sdc                             f7c68b696e4a5492df2c
/OpenROAD-flow-scripts/flow/scripts/flow.sh 2_1_floorplan floorplan
Running floorplan.tcl, stage 2_1_floorplan
read_liberty /OpenROAD-flow-scripts/flow/platforms/sky130hd/lib/sky130_fd_sc_hd__tt_025C_1v80.lib
read_db ./results/sky130hd/d_dsp03_cand_chat_v2/base/1_synth.odb
read_sdc ./results/sky130hd/d_dsp03_cand_chat_v2/base/1_synth.sdc
source /OpenROAD-flow-scripts/flow/platforms/sky130hd/setRC.tcl
Master sky130_ef_sc_hd__decap_12 is loaded but not used in the design

==========================================================================
Floorplan check_setup
--------------------------------------------------------------------------
number instances in verilog is 70816
[INFO IFP-0107] Defining die area using utilization: 10.00% and aspect ratio: 1.
[WARNING IFP-0028] Core area lower left (1.000, 1.000) snapped to (1.380, 2.720).
[INFO IFP-0001] Added 789 rows of 4671 site unithd.
[INFO IFP-0100] Die BBox:  (  0.000  0.000 ) ( 2151.130 2151.130 ) um
[INFO IFP-0101] Core BBox: (  1.380  2.720 ) ( 2150.040 2148.800 ) um
[INFO IFP-0102] Core area:                      4611196.253 um^2
[INFO IFP-0103] Total instances area:            461875.475 um^2
[INFO IFP-0104] Effective utilization:                0.100
[INFO IFP-0105] Number of instances:                  70816
source /OpenROAD-flow-scripts/flow/platforms/sky130hd/make_tracks.tcl
source /OpenROAD-flow-scripts/flow/platforms/sky130hd/fastroute.tcl
Repair tie lo fanout...
[INFO RSZ-0042] Inserted 1 tie sky130_fd_sc_hd__conb_1 instances.
Repair tie hi fanout...
repair_timing -setup_margin 0 -hold_margin 0 -repair_tns 100 -match_cell_footprint -setup -skip_last_gasp -sequence unbuffer,sizeup,swap,vt_swap -verbose
[WARNING EST-0027] no estimated parasitics. Using wire load models.
[INFO RSZ-0100] Repair move sequence: UnbufferMove SizeUpMove SwapPinsMove 
[INFO RSZ-0094] Found 65 endpoints with setup violations.
[INFO RSZ-0099] Repairing 65 out of 65 (100.00%) violating endpoints...
   Iter   | Removed | Resized | Inserted | Cloned |  Pin  |   Area   |    WNS   |   StTNS    |   EnTNS    |  Viol  |  Worst  
          | Buffers |  Gates  | Buffers  |  Gates | Swaps |          |          |            |            | Endpts | St/EnPt 
------------------------------------------------------------------------------------------------------------------------------
       0* |       0 |       0 |        0 |      0 |     0 |    +0.0% |   -3.955 |     -304.7 |     -198.8 |     65 | result_o\[45\]$_DFFE_PN1P_/D
      10* |       0 |       9 |        0 |      0 |     0 |    +0.0% |   -2.782 |     -226.3 |     -156.1 |     65 | result_o\[45\]$_DFFE_PN1P_/D
      20* |       0 |      18 |        0 |      0 |     1 |    +0.0% |   -2.483 |     -182.6 |     -136.8 |     65 | result_o\[29\]$_DFFE_PN1P_/D
      30* |       0 |      27 |        0 |      0 |     2 |    +0.0% |   -2.151 |     -150.0 |     -119.6 |     65 | result_o\[29\]$_DFFE_PN1P_/D
      40* |       0 |      37 |        0 |      0 |     2 |    +0.0% |   -1.902 |     -116.1 |     -103.7 |     65 | result_o\[45\]$_DFFE_PN1P_/D
      50* |       0 |      47 |        0 |      0 |     2 |    +0.0% |   -1.722 |      -98.8 |      -93.6 |     65 | result_o\[45\]$_DFFE_PN1P_/D
      60* |       0 |      57 |        0 |      0 |     2 |    +0.0% |   -1.575 |      -85.5 |      -84.8 |     65 | result_o\[29\]$_DFFE_PN1P_/D
      70* |       0 |      67 |        0 |      0 |     2 |    +0.0% |   -1.319 |      -58.3 |      -65.4 |     65 | result_o\[45\]$_DFFE_PN1P_/D
      80* |       0 |      76 |        0 |      0 |     3 |    +0.1% |   -1.108 |      -44.7 |      -58.4 |     65 | result_o\[29\]$_DFFE_PN1P_/D
      90* |       0 |      85 |        0 |      0 |     4 |    +0.1% |   -0.923 |      -33.5 |      -47.4 |     65 | result_o\[29\]$_DFFE_PN1P_/D
     100* |       0 |      95 |        0 |      0 |     4 |    +0.1% |   -0.859 |      -27.8 |      -41.3 |     65 | result_o\[45\]$_DFFE_PN1P_/D
     110* |       0 |     105 |        0 |      0 |     4 |    +0.1% |   -0.580 |      -14.0 |      -23.8 |     65 | result_o\[45\]$_DFFE_PN1P_/D
     120* |       0 |     113 |        0 |      0 |     6 |    +0.1% |   -0.380 |       -7.0 |      -13.3 |     65 | result_o\[45\]$_DFFE_PN1P_/D
     130* |       0 |     122 |        0 |      0 |     7 |    +0.1% |   -0.301 |       -6.2 |       -8.8 |     65 | result_o\[45\]$_DFFE_PN1P_/D
     140* |       0 |     131 |        0 |      0 |     8 |    +0.1% |   -0.286 |       -4.6 |       -5.5 |     65 | result_o\[45\]$_DFFE_PN1P_/D
     150* |       0 |     141 |        0 |      0 |     8 |    +0.1% |   -0.193 |       -3.0 |       -3.7 |     65 | result_o\[45\]$_DFFE_PN1P_/D
     160* |       0 |     151 |        0 |      0 |     8 |    +0.1% |   -0.052 |       -0.3 |       -0.4 |     65 | result_o\[29\]$_DFFE_PN1P_/D
     169* |       0 |     157 |        0 |      0 |    11 |    +0.1% |   -0.012 |       -0.0 |       -0.0 |     65 | result_o\[45\]$_DFFE_PN1P_/D
     170* |       0 |     157 |        0 |      0 |    11 |    +0.1% |   -0.012 |       -0.0 |       -0.0 |     65 | result_o\[45\]$_DFFE_PN1P_/D
     170* |       0 |     157 |        0 |      0 |    11 |    +0.1% |   -0.012 |       -0.0 |       -0.0 |     65 | result_o\[45\]$_DFFE_PN1P_/D
     171* |       0 |     157 |        0 |      0 |    11 |    +0.1% |   -0.012 |       -0.0 |       -0.0 |     65 | result_o\[45\]$_DFFE_PN1P_/D
     172* |       0 |     157 |        0 |      0 |    11 |    +0.1% |   -0.012 |       -0.0 |       -0.0 |     65 | result_o\[45\]$_DFFE_PN1P_/D
     173* |       0 |     157 |        0 |      0 |    11 |    +0.1% |   -0.012 |       -0.0 |       -0.0 |     65 | result_o\[45\]$_DFFE_PN1P_/D
     174* |       0 |     157 |        0 |      0 |    11 |    +0.1% |   -0.012 |       -0.0 |       -0.0 |     65 | result_o\[45\]$_DFFE_PN1P_/D
     175* |       0 |     157 |        0 |      0 |    11 |    +0.1% |   -0.012 |       -0.0 |       -0.0 |     65 | result_o\[45\]$_DFFE_PN1P_/D
     176* |       0 |     157 |        0 |      0 |    11 |    +0.1% |   -0.012 |       -0.0 |       -0.0 |     65 | result_o\[45\]$_DFFE_PN1P_/D
     177* |       0 |     157 |        0 |      0 |    11 |    +0.1% |   -0.012 |       -0.0 |       -0.0 |     65 | result_o\[45\]$_DFFE_PN1P_/D
     178* |       0 |     157 |        0 |      0 |    11 |    +0.1% |   -0.012 |       -0.0 |       -0.0 |     65 | result_o\[45\]$_DFFE_PN1P_/D
     179* |       0 |     157 |        0 |      0 |    11 |    +0.1% |   -0.012 |       -0.0 |       -0.0 |     65 | result_o\[45\]$_DFFE_PN1P_/D
     180* |       0 |     157 |        0 |      0 |    11 |    +0.1% |   -0.012 |       -0.0 |       -0.0 |     65 | result_o\[45\]$_DFFE_PN1P_/D
     180* |       0 |     157 |        0 |      0 |    11 |    +0.1% |   -0.012 |       -0.0 |       -0.0 |     65 | result_o\[45\]$_DFFE_PN1P_/D
     181* |       0 |     157 |        0 |      0 |    11 |    +0.1% |   -0.012 |       -0.0 |       -0.0 |     65 | result_o\[45\]$_DFFE_PN1P_/D
     182* |       0 |     157 |        0 |      0 |    11 |    +0.1% |   -0.012 |       -0.0 |       -0.0 |     65 | result_o\[45\]$_DFFE_PN1P_/D
     183* |       0 |     157 |        0 |      0 |    11 |    +0.1% |   -0.012 |       -0.0 |       -0.0 |     65 | result_o\[45\]$_DFFE_PN1P_/D
     184* |       0 |     157 |        0 |      0 |    11 |    +0.1% |   -0.012 |       -0.0 |       -0.0 |     65 | result_o\[45\]$_DFFE_PN1P_/D
     185* |       0 |     157 |        0 |      0 |    11 |    +0.1% |   -0.012 |       -0.0 |       -0.0 |     65 | result_o\[45\]$_DFFE_PN1P_/D
     186* |       0 |     157 |        0 |      0 |    11 |    +0.1% |   -0.012 |       -0.0 |       -0.0 |     65 | result_o\[45\]$_DFFE_PN1P_/D
     187* |       0 |     157 |        0 |      0 |    11 |    +0.1% |   -0.012 |       -0.0 |       -0.0 |     65 | result_o\[45\]$_DFFE_PN1P_/D
     188* |       0 |     157 |        0 |      0 |    11 |    +0.1% |   -0.012 |       -0.0 |       -0.0 |     65 | result_o\[45\]$_DFFE_PN1P_/D
     189* |       0 |     157 |        0 |      0 |    11 |    +0.1% |   -0.012 |       -0.0 |       -0.0 |     65 | result_o\[45\]$_DFFE_PN1P_/D
     190* |       0 |     157 |        0 |      0 |    11 |    +0.1% |   -0.012 |       -0.0 |       -0.0 |     65 | result_o\[45\]$_DFFE_PN1P_/D
     190* |       0 |     157 |        0 |      0 |    11 |    +0.1% |   -0.012 |       -0.0 |       -0.0 |     65 | result_o\[45\]$_DFFE_PN1P_/D
     191* |       0 |     157 |        0 |      0 |    11 |    +0.1% |   -0.012 |       -0.0 |       -0.0 |     65 | result_o\[45\]$_DFFE_PN1P_/D
     192* |       0 |     157 |        0 |      0 |    11 |    +0.1% |   -0.012 |       -0.0 |       -0.0 |     65 | result_o\[45\]$_DFFE_PN1P_/D
     193* |       0 |     157 |        0 |      0 |    11 |    +0.1% |   -0.012 |       -0.0 |       -0.0 |     65 | result_o\[45\]$_DFFE_PN1P_/D
     194* |       0 |     157 |        0 |      0 |    11 |    +0.1% |   -0.012 |       -0.0 |       -0.0 |     65 | result_o\[45\]$_DFFE_PN1P_/D
     195* |       0 |     157 |        0 |      0 |    11 |    +0.1% |   -0.012 |       -0.0 |       -0.0 |     65 | result_o\[45\]$_DFFE_PN1P_/D
     196* |       0 |     157 |        0 |      0 |    11 |    +0.1% |   -0.012 |       -0.0 |       -0.0 |     65 | result_o\[45\]$_DFFE_PN1P_/D
     197* |       0 |     157 |        0 |      0 |    11 |    +0.1% |   -0.012 |       -0.0 |       -0.0 |     65 | result_o\[45\]$_DFFE_PN1P_/D
     198* |       0 |     157 |        0 |      0 |    11 |    +0.1% |   -0.012 |       -0.0 |       -0.0 |     65 | result_o\[45\]$_DFFE_PN1P_/D
     199* |       0 |     157 |        0 |      0 |    11 |    +0.1% |   -0.012 |       -0.0 |       -0.0 |     65 | result_o\[45\]$_DFFE_PN1P_/D
     200* |       0 |     157 |        0 |      0 |    11 |    +0.1% |   -0.012 |       -0.0 |       -0.0 |     65 | result_o\[45\]$_DFFE_PN1P_/D
     200* |       0 |     157 |        0 |      0 |    11 |    +0.1% |   -0.012 |       -0.0 |       -0.0 |     65 | result_o\[45\]$_DFFE_PN1P_/D
     201* |       0 |     157 |        0 |      0 |    11 |    +0.1% |   -0.012 |       -0.0 |       -0.0 |     65 | result_o\[45\]$_DFFE_PN1P_/D
     202* |       0 |     157 |        0 |      0 |    11 |    +0.1% |   -0.012 |       -0.0 |       -0.0 |     65 | result_o\[45\]$_DFFE_PN1P_/D
     203* |       0 |     157 |        0 |      0 |    11 |    +0.1% |   -0.012 |       -0.0 |       -0.0 |     65 | result_o\[45\]$_DFFE_PN1P_/D
     204* |       0 |     157 |        0 |      0 |    11 |    +0.1% |   -0.012 |       -0.0 |       -0.0 |     65 | result_o\[45\]$_DFFE_PN1P_/D
     205* |       0 |     157 |        0 |      0 |    11 |    +0.1% |   -0.012 |       -0.0 |       -0.0 |     65 | result_o\[45\]$_DFFE_PN1P_/D
     206* |       0 |     157 |        0 |      0 |    11 |    +0.1% |   -0.012 |       -0.0 |       -0.0 |     65 | result_o\[45\]$_DFFE_PN1P_/D
     207* |       0 |     157 |        0 |      0 |    11 |    +0.1% |   -0.012 |       -0.0 |       -0.0 |     65 | result_o\[45\]$_DFFE_PN1P_/D
     208* |       0 |     157 |        0 |      0 |    11 |    +0.1% |   -0.012 |       -0.0 |       -0.0 |     65 | result_o\[45\]$_DFFE_PN1P_/D
     209* |       0 |     157 |        0 |      0 |    11 |    +0.1% |   -0.012 |       -0.0 |       -0.0 |     65 | result_o\[45\]$_DFFE_PN1P_/D
     210* |       0 |     157 |        0 |      0 |    11 |    +0.1% |   -0.012 |       -0.0 |       -0.0 |     65 | result_o\[45\]$_DFFE_PN1P_/D
     210* |       0 |     157 |        0 |      0 |    11 |    +0.1% |   -0.012 |       -0.0 |       -0.0 |     65 | result_o\[45\]$_DFFE_PN1P_/D
     211* |       0 |     157 |        0 |      0 |    11 |    +0.1% |   -0.012 |       -0.0 |       -0.0 |     65 | result_o\[45\]$_DFFE_PN1P_/D
     212* |       0 |     157 |        0 |      0 |    11 |    +0.1% |   -0.012 |       -0.0 |       -0.0 |     65 | result_o\[45\]$_DFFE_PN1P_/D
     213* |       0 |     157 |        0 |      0 |    11 |    +0.1% |   -0.012 |       -0.0 |       -0.0 |     65 | result_o\[45\]$_DFFE_PN1P_/D
     214* |       0 |     157 |        0 |      0 |    11 |    +0.1% |   -0.012 |       -0.0 |       -0.0 |     65 | result_o\[45\]$_DFFE_PN1P_/D
     215* |       0 |     157 |        0 |      0 |    11 |    +0.1% |   -0.012 |       -0.0 |       -0.0 |     65 | result_o\[45\]$_DFFE_PN1P_/D
     216* |       0 |     157 |        0 |      0 |    11 |    +0.1% |   -0.012 |       -0.0 |       -0.0 |     65 | result_o\[45\]$_DFFE_PN1P_/D
     217* |       0 |     157 |        0 |      0 |    11 |    +0.1% |   -0.012 |       -0.0 |       -0.0 |     65 | result_o\[45\]$_DFFE_PN1P_/D
     218* |       0 |     157 |        0 |      0 |    11 |    +0.1% |   -0.012 |       -0.0 |       -0.0 |     65 | result_o\[45\]$_DFFE_PN1P_/D
     219* |       0 |     157 |        0 |      0 |    11 |    +0.1% |   -0.012 |       -0.0 |       -0.0 |     65 | result_o\[45\]$_DFFE_PN1P_/D
     220* |       0 |     157 |        0 |      0 |    11 |    +0.1% |   -0.012 |       -0.0 |       -0.0 |     65 | result_o\[45\]$_DFFE_PN1P_/D
     220* |       0 |     157 |        0 |      0 |    11 |    +0.1% |   -0.012 |       -0.0 |       -0.0 |     65 | result_o\[45\]$_DFFE_PN1P_/D
     221* |       0 |     157 |        0 |      0 |    11 |    +0.1% |   -0.012 |       -0.0 |       -0.0 |     65 | result_o\[45\]$_DFFE_PN1P_/D
     222* |       0 |     157 |        0 |      0 |    11 |    +0.1% |   -0.012 |       -0.0 |       -0.0 |     65 | result_o\[45\]$_DFFE_PN1P_/D
     223* |       0 |     157 |        0 |      0 |    11 |    +0.1% |   -0.012 |       -0.0 |       -0.0 |     65 | result_o\[45\]$_DFFE_PN1P_/D
     224* |       0 |     157 |        0 |      0 |    11 |    +0.1% |   -0.012 |       -0.0 |       -0.0 |     65 | result_o\[45\]$_DFFE_PN1P_/D
     225* |       0 |     157 |        0 |      0 |    11 |    +0.1% |   -0.012 |       -0.0 |       -0.0 |     65 | result_o\[45\]$_DFFE_PN1P_/D
     226* |       0 |     157 |        0 |      0 |    11 |    +0.1% |   -0.012 |       -0.0 |       -0.0 |     65 | result_o\[45\]$_DFFE_PN1P_/D
     227* |       0 |     157 |        0 |      0 |    11 |    +0.1% |   -0.012 |       -0.0 |       -0.0 |     65 | result_o\[45\]$_DFFE_PN1P_/D
     228* |       0 |     157 |        0 |      0 |    11 |    +0.1% |   -0.012 |       -0.0 |       -0.0 |     65 | result_o\[45\]$_DFFE_PN1P_/D
     229* |       0 |     157 |        0 |      0 |    11 |    +0.1% |   -0.012 |       -0.0 |       -0.0 |     65 | result_o\[45\]$_DFFE_PN1P_/D
     230* |       0 |     157 |        0 |      0 |    11 |    +0.1% |   -0.012 |       -0.0 |       -0.0 |     65 | result_o\[45\]$_DFFE_PN1P_/D
     230* |       0 |     157 |        0 |      0 |    11 |    +0.1% |   -0.012 |       -0.0 |       -0.0 |     65 | result_o\[45\]$_DFFE_PN1P_/D
     231* |       0 |     157 |        0 |      0 |    11 |    +0.1% |   -0.012 |       -0.0 |       -0.0 |     65 | result_o\[45\]$_DFFE_PN1P_/D
     232* |       0 |     157 |        0 |      0 |    11 |    +0.1% |   -0.012 |       -0.0 |       -0.0 |     65 | result_o\[45\]$_DFFE_PN1P_/D
     233* |       0 |     157 |        0 |      0 |    11 |    +0.1% |   -0.012 |       -0.0 |       -0.0 |     65 | result_o\[45\]$_DFFE_PN1P_/D
     233* |       0 |     157 |        0 |      0 |    11 |    +0.1% |   -0.012 |       -0.0 |       -0.0 |     65 | result_o\[45\]$_DFFE_PN1P_/D
    final |       0 |     157 |        0 |      0 |    11 |    +0.1% |   -0.012 |       -0.0 |       -0.0 |      1 | result_o\[45\]$_DFFE_PN1P_/D
------------------------------------------------------------------------------------------------------------------------------
[INFO RSZ-0051] Resized 157 instances: 157 up, 0 up match, 0 down, 0 VT
[INFO RSZ-0043] Swapped pins on 11 instances.
[WARNING RSZ-0062] Unable to repair all setup violations.
[INFO RSZ-0505] Runtime: 25.65s
Took 26 seconds: repair_timing -setup_margin 0 -hold_margin 0 -repair_tns 100 -match_cell_footprint -setup -skip_last_gasp -sequence unbuffer,sizeup,swap,vt_swap -verbose
Default units for flow
 time 1ns
 capacitance 1pF
 resistance 1kohm
 voltage 1v
 current 1mA
 power 1nW
 distance 1um
   Layer   | Unit Resistance | Unit Capacitance 
           |       (kohm/um) |          (pF/um)
------------------------------------------------
       li1 |        7.18e-02 |         1.50e-04
      met1 |        1.21e-03 |         1.72e-04
      met2 |        1.22e-03 |         1.36e-04
      met3 |        1.66e-04 |         2.15e-04
      met4 |        1.68e-04 |         1.48e-04
      met5 |        1.84e-05 |         1.54e-04
------------------------------------------------

   Layer   | Via Resistance 
           |         (kohm) 
----------------------------
      mcon |       9.25e-03 
       via |       4.50e-03 
      via2 |       3.37e-03 
      via3 |       3.77e-04 
      via4 |       5.80e-06 
----------------------------
Report metrics stage 2, floorplan final...

==========================================================================
floorplan final report_design_area
--------------------------------------------------------------------------
Design area 462417 um^2 10% utilization.
write_db ./results/sky130hd/d_dsp03_cand_chat_v2/base/2_1_floorplan.odb
write_sdc -no_timestamp ./results/sky130hd/d_dsp03_cand_chat_v2/base/2_1_floorplan.sdc
Elapsed time: 0:29.11[h:]min:sec. CPU time: user 47.57 sys 38.47 (295%). Peak memory: 415596KB.
Log                       Ext     Elapsed/s Peak Memory/MB sha1sum result [0:20)
2_1_floorplan             .odb           29            405 17feee0c5a8517c2cebb
2_1_floorplan             .sdc                             f7c68b696e4a5492df2c
/OpenROAD-flow-scripts/flow/scripts/flow.sh 2_2_floorplan_macro macro_place
Running macro_place.tcl, stage 2_2_floorplan_macro
read_liberty /OpenROAD-flow-scripts/flow/platforms/sky130hd/lib/sky130_fd_sc_hd__tt_025C_1v80.lib
read_db ./results/sky130hd/d_dsp03_cand_chat_v2/base/2_1_floorplan.odb
read_sdc ./results/sky130hd/d_dsp03_cand_chat_v2/base/2_1_floorplan.sdc
source /OpenROAD-flow-scripts/flow/platforms/sky130hd/setRC.tcl
No macros found: Skipping macro_placement
Design area 462417 um^2 10% utilization.
write_db ./results/sky130hd/d_dsp03_cand_chat_v2/base/2_2_floorplan_macro.odb
Elapsed time: 0:00.60[h:]min:sec. CPU time: user 0.50 sys 0.10 (100%). Peak memory: 247312KB.
Log                       Ext     Elapsed/s Peak Memory/MB sha1sum result [0:20)
2_2_floorplan_macro       .odb            0            241 17feee0c5a8517c2cebb
/OpenROAD-flow-scripts/flow/scripts/flow.sh 2_3_floorplan_tapcell tapcell
Running tapcell.tcl, stage 2_3_floorplan_tapcell
read_liberty /OpenROAD-flow-scripts/flow/platforms/sky130hd/lib/sky130_fd_sc_hd__tt_025C_1v80.lib
read_db ./results/sky130hd/d_dsp03_cand_chat_v2/base/2_2_floorplan_macro.odb
read_sdc ./results/sky130hd/d_dsp03_cand_chat_v2/base/2_1_floorplan.sdc
source /OpenROAD-flow-scripts/flow/platforms/sky130hd/setRC.tcl
[INFO TAP-0005] Inserted 61302 tapcells.
Design area 539118 um^2 12% utilization.
write_db ./results/sky130hd/d_dsp03_cand_chat_v2/base/2_3_floorplan_tapcell.odb
Elapsed time: 0:00.63[h:]min:sec. CPU time: user 0.55 sys 0.07 (99%). Peak memory: 239940KB.
Log                       Ext     Elapsed/s Peak Memory/MB sha1sum result [0:20)
2_3_floorplan_tapcell     .odb            0            234 69b53f4d81ef2dfe6c3c
/OpenROAD-flow-scripts/flow/scripts/flow.sh 2_4_floorplan_pdn pdn
Running pdn.tcl, stage 2_4_floorplan_pdn
read_liberty /OpenROAD-flow-scripts/flow/platforms/sky130hd/lib/sky130_fd_sc_hd__tt_025C_1v80.lib
read_db ./results/sky130hd/d_dsp03_cand_chat_v2/base/2_3_floorplan_tapcell.odb
read_sdc ./results/sky130hd/d_dsp03_cand_chat_v2/base/2_1_floorplan.sdc
source /OpenROAD-flow-scripts/flow/platforms/sky130hd/setRC.tcl
[WARNING PDN-1051] No instances found for grid (CORE_macro_grid_1).
[WARNING PDN-1051] No instances found for grid (CORE_macro_grid_2).
[INFO PDN-0001] Inserting grid: grid
[INFO PDN-0500] Runtime: 1.40s
Design area 539118 um^2 12% utilization.
write_db ./results/sky130hd/d_dsp03_cand_chat_v2/base/2_4_floorplan_pdn.odb
Elapsed time: 0:03.12[h:]min:sec. CPU time: user 2.95 sys 0.16 (99%). Peak memory: 486156KB.
Log                       Ext     Elapsed/s Peak Memory/MB sha1sum result [0:20)
2_4_floorplan_pdn         .odb            3            474 a3e85ea4dfb98a917c52
cp ./results/sky130hd/d_dsp03_cand_chat_v2/base/2_4_floorplan_pdn.odb ./results/sky130hd/d_dsp03_cand_chat_v2/base/2_floorplan.odb
cp ./results/sky130hd/d_dsp03_cand_chat_v2/base/2_1_floorplan.sdc ./results/sky130hd/d_dsp03_cand_chat_v2/base/2_floorplan.sdc
/OpenROAD-flow-scripts/flow/scripts/flow.sh 3_1_place_gp_skip_io global_place_skip_io
Running global_place_skip_io.tcl, stage 3_1_place_gp_skip_io
read_liberty /OpenROAD-flow-scripts/flow/platforms/sky130hd/lib/sky130_fd_sc_hd__tt_025C_1v80.lib
read_db ./results/sky130hd/d_dsp03_cand_chat_v2/base/2_floorplan.odb
read_sdc ./results/sky130hd/d_dsp03_cand_chat_v2/base/2_floorplan.sdc
source /OpenROAD-flow-scripts/flow/platforms/sky130hd/setRC.tcl
global_placement -skip_io -density 0.5 -pad_left 0 -pad_right 0
[INFO GPL-0001] ---- Initialize GPL Main Data Structures
[INFO GPL-0002] DBU: 1000
[INFO GPL-0003] SiteSize: (  0.460  2.720 ) um
[INFO GPL-0004] CoreBBox: (  1.380  2.720 ) ( 2150.040 2148.800 ) um
[INFO GPL-0016] Core area:                  4611196.253 um^2
[INFO GPL-0036] Movable instances area:     462417.245 um^2
[INFO GPL-0037] Total instances area:       539118.307 um^2
[INFO GPL-0035] Pin density area adjust:     54873.805 um^2
[INFO GPL-0032] ---- Initialize Region: Top-level
[INFO GPL-0006] Number of instances:            132118
[INFO GPL-0007] Movable instances:               70816
[INFO GPL-0008] Fixed instances:                 61302
[INFO GPL-0009] Dummy instances:                     0
[INFO GPL-0010] Number of nets:                  76690
[INFO GPL-0011] Number of pins:                 260892
[INFO GPL-0012] Die BBox:       (  0.000  0.000 ) ( 2151.130 2151.130 ) um
[INFO GPL-0013] Placement BBox: (  1.380  2.720 ) ( 2150.040 2148.800 ) um
[INFO GPL-0014] Region name: top-level.
[INFO GPL-0015] Region area:                4611196.253 um^2
[INFO GPL-0017] Fixed instances area:        76701.062 um^2
[INFO GPL-0018] Movable instances area:     517291.050 um^2
[INFO GPL-0019] Utilization:                    11.408 %
[INFO GPL-0020] Standard cells area:        517291.050 um^2
[INFO GPL-0021] Large instances area:            0.000 um^2
[INFO GPL-0005] ---- Execute Conjugate Gradient Initial Placement.
[INFO GPL-0051] Source of initial instance position counters:
	Odb location = 0	Core center = 70816	Region center = 0
[INFO GPL-0033] ---- Initialize Nesterov Region: Top-level
[INFO GPL-0023] Placement target density:       0.5000
[INFO GPL-0024] Movable insts average area:      7.305 um^2
[INFO GPL-0025] Ideal bin area:                 14.609 um^2
[INFO GPL-0026] Ideal bin count:                315631
[INFO GPL-0027] Total bin area:             4611196.253 um^2
[INFO GPL-0028] Bin count (X, Y):         512 ,    512
[INFO GPL-0029] Bin size (W * H):       4.197 *  4.192 um
[INFO GPL-0030] Number of bins:                 262144
[INFO GPL-0084] ---- Execute Nesterov Global Placement.
[INFO GPL-0031] HPWL: Half-Perimeter Wirelength
Iteration | Overflow |     HPWL (um) |  HPWL(%) |   Penalty | Group
---------------------------------------------------------------
        0 |   0.9994 |  1.198356e+05 |   +0.00% |  1.57e-16 |      
       10 |   0.9994 |  9.873907e+04 |  -17.60% |  2.55e-16 |      
       20 |   0.9994 |  9.847247e+04 |   -0.27% |  4.16e-16 |      
       30 |   0.9994 |  9.837073e+04 |   -0.10% |  6.78e-16 |      
       40 |   0.9994 |  9.830325e+04 |   -0.07% |  1.10e-15 |      
       50 |   0.9994 |  9.826963e+04 |   -0.03% |  1.80e-15 |      
       60 |   0.9994 |  9.825584e+04 |   -0.01% |  2.93e-15 |      
       70 |   0.9994 |  9.826482e+04 |   +0.01% |  4.77e-15 |      
       80 |   0.9994 |  9.831997e+04 |   +0.06% |  7.77e-15 |      
       90 |   0.9993 |  9.852913e+04 |   +0.21% |  1.27e-14 |      
      100 |   0.9992 |  9.936640e+04 |   +0.85% |  2.06e-14 |      
      110 |   0.9992 |  1.029579e+05 |   +3.61% |  3.36e-14 |      
      120 |   0.9990 |  1.152468e+05 |  +11.94% |  5.46e-14 |      
      130 |   0.9984 |  1.401263e+05 |  +21.59% |  8.87e-14 |      
      140 |   0.9975 |  1.750489e+05 |  +24.92% |  1.44e-13 |      
      150 |   0.9962 |  2.147409e+05 |  +22.67% |  2.34e-13 |      
      160 |   0.9944 |  2.561401e+05 |  +19.28% |  3.79e-13 |      
      170 |   0.9919 |  3.030929e+05 |  +18.33% |  6.14e-13 |      
      180 |   0.9881 |  3.629395e+05 |  +19.75% |  9.94e-13 |      
      190 |   0.9822 |  4.411996e+05 |  +21.56% |  1.60e-12 |      
      200 |   0.9732 |  5.437609e+05 |  +23.25% |  2.59e-12 |      
      210 |   0.9599 |  6.751245e+05 |  +24.16% |  4.15e-12 |      
      220 |   0.9420 |  8.337851e+05 |  +23.50% |  6.65e-12 |      
      230 |   0.9201 |  1.010313e+06 |  +21.17% |  1.06e-11 |      
      240 |   0.8939 |  1.182916e+06 |  +17.08% |  1.70e-11 |      
      250 |   0.8637 |  1.327162e+06 |  +12.19% |  2.72e-11 |      
      260 |   0.8363 |  1.427884e+06 |   +7.59% |  4.38e-11 |      
      270 |   0.8049 |  1.539846e+06 |   +7.84% |  7.06e-11 |      
      280 |   0.7711 |  1.780275e+06 |  +15.61% |  1.12e-10 |      
      290 |   0.7415 |  1.987884e+06 |  +11.66% |  1.78e-10 |      
      300 |   0.7144 |  2.029824e+06 |   +2.11% |  2.89e-10 |      
      310 |   0.6793 |  2.194536e+06 |   +8.11% |  4.62e-10 |      
      320 |   0.6516 |  2.188143e+06 |   -0.29% |  7.50e-10 |      
      330 |   0.6148 |  2.337699e+06 |   +6.83% |  1.20e-09 |      
      340 |   0.5794 |  2.348281e+06 |   +0.45% |  1.95e-09 |      
      350 |   0.5466 |  2.320068e+06 |   -1.20% |  3.17e-09 |      
      360 |   0.5070 |  2.358761e+06 |   +1.67% |  5.12e-09 |      
      370 |   0.4663 |  2.384123e+06 |   +1.08% |  8.29e-09 |      
      380 |   0.4224 |  2.405960e+06 |   +0.92% |  1.35e-08 |      
      390 |   0.3793 |  2.432233e+06 |   +1.09% |  2.19e-08 |      
      400 |   0.3353 |  2.452245e+06 |   +0.82% |  3.48e-08 |      
      410 |   0.3036 |  2.461381e+06 |   +0.37% |  5.13e-08 |      
      420 |   0.2717 |  2.473648e+06 |   +0.50% |  7.55e-08 |      
      430 |   0.2415 |  2.482278e+06 |   +0.35% |  1.11e-07 |      
      440 |   0.2129 |  2.490531e+06 |   +0.33% |  1.64e-07 |      
      450 |   0.1882 |  2.496218e+06 |   +0.23% |  2.41e-07 |      
      460 |   0.1653 |  2.500708e+06 |   +0.18% |  3.55e-07 |      
      470 |   0.1452 |  2.500664e+06 |   -0.00% |  5.22e-07 |      
      480 |   0.1290 |  2.479740e+06 |   -0.84% |  7.69e-07 |      
      490 |   0.1131 |  2.478302e+06 |   -0.06% |  1.13e-06 |      
      500 |   0.1004 |  2.484270e+06 |   +0.24% |  1.67e-06 |      
      501 |   0.0994 |  2.485048e+06 |          |  1.80e-06 |      
---------------------------------------------------------------
[INFO GPL-1001] Global placement finished at iteration 501
[INFO GPL-1002] Placed Cell Area            517291.0498
[INFO GPL-1003] Available Free Area         4534495.1904
[INFO GPL-1004] Minimum Feasible Density        0.1200 (cell_area / free_area)
[INFO GPL-1006]   Suggested Target Densities:
[INFO GPL-1007]     - For 90% usage of free space: 0.1268
[INFO GPL-1008]     - For 80% usage of free space: 0.1426
[INFO GPL-1009]     - For 50% usage of free space: 0.2282
[INFO GPL-1014] Final placement area: 517291.05 (+0.00%)
Took 43 seconds: global_placement -skip_io -density 0.5 -pad_left 0 -pad_right 0
Design area 539118 um^2 12% utilization.
write_db ./results/sky130hd/d_dsp03_cand_chat_v2/base/3_1_place_gp_skip_io.odb
Elapsed time: 0:43.40[h:]min:sec. CPU time: user 352.36 sys 1.84 (816%). Peak memory: 507768KB.
Log                       Ext     Elapsed/s Peak Memory/MB sha1sum result [0:20)
3_1_place_gp_skip_io      .odb           43            495 db3c6ab8ff459e312d69
/OpenROAD-flow-scripts/flow/scripts/flow.sh 3_2_place_iop io_placement
Running io_placement.tcl, stage 3_2_place_iop
read_liberty /OpenROAD-flow-scripts/flow/platforms/sky130hd/lib/sky130_fd_sc_hd__tt_025C_1v80.lib
read_db ./results/sky130hd/d_dsp03_cand_chat_v2/base/3_1_place_gp_skip_io.odb
read_sdc ./results/sky130hd/d_dsp03_cand_chat_v2/base/2_floorplan.sdc
source /OpenROAD-flow-scripts/flow/platforms/sky130hd/setRC.tcl
place_pins -hor_layers met3 -ver_layers met2
Found 0 macro blocks.
Using 2 tracks default min distance between IO pins.
[INFO PPL-0001] Number of available slots 7828
[INFO PPL-0002] Number of I/O             273
[INFO PPL-0003] Number of I/O w/sink      273
[INFO PPL-0004] Number of I/O w/o sink    0
[INFO PPL-0005] Slots per section         200
[INFO PPL-0008] Successfully assigned pins to sections.
[INFO PPL-0012] I/O nets HPWL: 201091.16 um.
Design area 539118 um^2 12% utilization.
write_db ./results/sky130hd/d_dsp03_cand_chat_v2/base/3_2_place_iop.odb
Elapsed time: 0:00.78[h:]min:sec. CPU time: user 0.64 sys 0.14 (100%). Peak memory: 334808KB.
Log                       Ext     Elapsed/s Peak Memory/MB sha1sum result [0:20)
3_2_place_iop             .odb            0            326 410fe258f81d22961b36
/OpenROAD-flow-scripts/flow/scripts/flow.sh 3_3_place_gp global_place
Running global_place.tcl, stage 3_3_place_gp
read_liberty /OpenROAD-flow-scripts/flow/platforms/sky130hd/lib/sky130_fd_sc_hd__tt_025C_1v80.lib
read_db ./results/sky130hd/d_dsp03_cand_chat_v2/base/3_2_place_iop.odb
read_sdc ./results/sky130hd/d_dsp03_cand_chat_v2/base/2_floorplan.sdc
source /OpenROAD-flow-scripts/flow/platforms/sky130hd/setRC.tcl
[INFO RSZ-0026] Removed 4122 buffers.
Perform port buffering...
[INFO RSZ-0027] Inserted 201 sky130_fd_sc_hd__clkdlybuf4s50_1 input buffers.
[INFO RSZ-0028] Inserted 70 sky130_fd_sc_hd__clkdlybuf4s50_1 output buffers.
global_placement -density 0.5 -pad_left 0 -pad_right 0 -routability_driven -timing_driven -force_center_initial_place -min_phi_coef 0.95 -max_phi_coef 1.05
[INFO GPL-0001] ---- Initialize GPL Main Data Structures
[INFO GPL-0002] DBU: 1000
[INFO GPL-0003] SiteSize: (  0.460  2.720 ) um
[INFO GPL-0004] CoreBBox: (  1.380  2.720 ) ( 2150.040 2148.800 ) um
[INFO GPL-0016] Core area:                  4611196.253 um^2
[INFO GPL-0036] Movable instances area:     449061.936 um^2
[INFO GPL-0037] Total instances area:       525762.998 um^2
[INFO GPL-0035] Pin density area adjust:     55207.259 um^2
[INFO GPL-0032] ---- Initialize Region: Top-level
[INFO GPL-0006] Number of instances:            128267
[INFO GPL-0007] Movable instances:               66965
[INFO GPL-0008] Fixed instances:                 61302
[INFO GPL-0009] Dummy instances:                     0
[INFO GPL-0010] Number of nets:                  72839
[INFO GPL-0011] Number of pins:                 253463
[INFO GPL-0012] Die BBox:       (  0.000  0.000 ) ( 2151.130 2151.130 ) um
[INFO GPL-0013] Placement BBox: (  1.380  2.720 ) ( 2150.040 2148.800 ) um
[INFO GPL-0014] Region name: top-level.
[INFO GPL-0015] Region area:                4611196.253 um^2
[INFO GPL-0017] Fixed instances area:        76701.062 um^2
[INFO GPL-0018] Movable instances area:     504269.195 um^2
[INFO GPL-0019] Utilization:                    11.121 %
[INFO GPL-0020] Standard cells area:        504269.195 um^2
[INFO GPL-0021] Large instances area:            0.000 um^2
[INFO GPL-0005] ---- Execute Conjugate Gradient Initial Placement.
[INFO GPL-0051] Source of initial instance position counters:
	Odb location = 0	Core center = 66965	Region center = 0
[InitialPlace]  Iter: 1 conjugate gradient residual: 0.00049799 HPWL: 2838094606
[InitialPlace]  Iter: 2 conjugate gradient residual: 0.00009159 HPWL: 819411555
[InitialPlace]  Iter: 3 conjugate gradient residual: 0.00009332 HPWL: 818640823
[InitialPlace]  Iter: 4 conjugate gradient residual: 0.00012487 HPWL: 821661872
[InitialPlace]  Iter: 5 conjugate gradient residual: 0.00009985 HPWL: 820672750
[InitialPlace]  Iter: 6 conjugate gradient residual: 0.00007483 HPWL: 822338218
[InitialPlace]  Iter: 7 conjugate gradient residual: 0.00008489 HPWL: 821126603
[InitialPlace]  Iter: 8 conjugate gradient residual: 0.00008622 HPWL: 822532499
[InitialPlace]  Iter: 9 conjugate gradient residual: 0.00008339 HPWL: 821245937
[InitialPlace]  Iter: 10 conjugate gradient residual: 0.00008725 HPWL: 822562753
[InitialPlace]  Iter: 11 conjugate gradient residual: 0.00007584 HPWL: 821266502
[InitialPlace]  Iter: 12 conjugate gradient residual: 0.00009878 HPWL: 822528854
[InitialPlace]  Iter: 13 conjugate gradient residual: 0.00009547 HPWL: 821191052
[InitialPlace]  Iter: 14 conjugate gradient residual: 0.00008760 HPWL: 822411233
[InitialPlace]  Iter: 15 conjugate gradient residual: 0.00009140 HPWL: 821048608
[InitialPlace]  Iter: 16 conjugate gradient residual: 0.00012699 HPWL: 822200003
[InitialPlace]  Iter: 17 conjugate gradient residual: 0.00009045 HPWL: 820837784
[InitialPlace]  Iter: 18 conjugate gradient residual: 0.00009492 HPWL: 822034867
[InitialPlace]  Iter: 19 conjugate gradient residual: 0.00009325 HPWL: 820731294
[InitialPlace]  Iter: 20 conjugate gradient residual: 0.00009464 HPWL: 821928015
[INFO GPL-0033] ---- Initialize Nesterov Region: Top-level
[INFO GPL-0023] Placement target density:       0.5000
[INFO GPL-0024] Movable insts average area:      7.530 um^2
[INFO GPL-0025] Ideal bin area:                 15.061 um^2
[INFO GPL-0026] Ideal bin count:                306174
[INFO GPL-0027] Total bin area:             4611196.253 um^2
[INFO GPL-0028] Bin count (X, Y):         512 ,    512
[INFO GPL-0029] Bin size (W * H):       4.197 *  4.192 um
[INFO GPL-0030] Number of bins:                 262144
[INFO GPL-0084] ---- Execute Nesterov Global Placement.
[INFO GPL-0031] HPWL: Half-Perimeter Wirelength
Iteration | Overflow |     HPWL (um) |  HPWL(%) |   Penalty | Group
---------------------------------------------------------------
        0 |   0.9939 |  4.402447e+05 |   +0.00% |  3.73e-17 |      
       10 |   0.9842 |  5.244757e+05 |  +19.13% |  5.99e-17 |      
       20 |   0.9765 |  6.013747e+05 |  +14.66% |  9.67e-17 |      
       30 |   0.9702 |  6.757375e+05 |  +12.37% |  1.56e-16 |      
       40 |   0.9655 |  7.292496e+05 |   +7.92% |  2.53e-16 |      
       50 |   0.9621 |  7.663737e+05 |   +5.09% |  4.10e-16 |      
       60 |   0.9595 |  8.000643e+05 |   +4.40% |  6.66e-16 |      
       70 |   0.9568 |  8.355610e+05 |   +4.44% |  1.08e-15 |      
       80 |   0.9545 |  8.697984e+05 |   +4.10% |  1.75e-15 |      
       90 |   0.9531 |  8.983891e+05 |   +3.29% |  2.85e-15 |      
      100 |   0.9520 |  9.192428e+05 |   +2.32% |  4.63e-15 |      
      110 |   0.9516 |  9.323076e+05 |   +1.42% |  7.53e-15 |      
      120 |   0.9509 |  9.401653e+05 |   +0.84% |  1.22e-14 |      
      130 |   0.9506 |  9.454325e+05 |   +0.56% |  1.99e-14 |      
      140 |   0.9499 |  9.505209e+05 |   +0.54% |  3.25e-14 |      
      150 |   0.9494 |  9.563859e+05 |   +0.62% |  5.28e-14 |      
      160 |   0.9482 |  9.630327e+05 |   +0.69% |  8.60e-14 |      
      170 |   0.9475 |  9.700282e+05 |   +0.73% |  1.40e-13 |      
      180 |   0.9466 |  9.781172e+05 |   +0.83% |  2.28e-13 |      
      190 |   0.9452 |  9.875997e+05 |   +0.97% |  3.71e-13 |      
      200 |   0.9436 |  9.987135e+05 |   +1.13% |  6.03e-13 |      
      210 |   0.9413 |  1.012883e+06 |   +1.42% |  9.81e-13 |      
      220 |   0.9375 |  1.032682e+06 |   +1.95% |  1.59e-12 |      
      230 |   0.9318 |  1.062802e+06 |   +2.92% |  2.59e-12 |      
      240 |   0.9229 |  1.109617e+06 |   +4.40% |  4.20e-12 |      
      250 |   0.9102 |  1.177731e+06 |   +6.14% |  6.79e-12 |      
      260 |   0.8936 |  1.268083e+06 |   +7.67% |  1.09e-11 |      
      270 |   0.8714 |  1.368161e+06 |   +7.89% |  1.76e-11 |      
      280 |   0.8470 |  1.455418e+06 |   +6.38% |  2.85e-11 |      
      290 |   0.8218 |  1.501205e+06 |   +3.15% |  4.61e-11 |      
      300 |   0.7920 |  1.522503e+06 |   +1.42% |  7.49e-11 |      
      310 |   0.7575 |  1.697539e+06 |  +11.50% |  1.20e-10 |      
      320 |   0.7235 |  1.896685e+06 |  +11.73% |  1.91e-10 |      
      330 |   0.7013 |  1.853284e+06 |   -2.29% |  3.10e-10 |      
      340 |   0.6672 |  2.026711e+06 |   +9.36% |  4.97e-10 |      
      350 |   0.6427 |  1.975182e+06 |   -2.54% |  8.03e-10 |      
[INFO GPL-0100] Timing-driven iteration 1/2, virtual: false.
[INFO GPL-0101]    Iter: 355, overflow: 0.630, keep resizer changes at: 1, HPWL: 1973171980
Iteration |   Area    | Resized | Buffers | Nets repaired | Remaining
---------------------------------------------------------------------
        0 |     +0.0% |       0 |       0 |             0 |     72840
    final |     +2.2% |     651 |     598 |           620 |         0
---------------------------------------------------------------------
[INFO RSZ-0034] Found 675 slew violations.
[INFO RSZ-0036] Found 96 capacitance violations.
[INFO RSZ-0039] Resized 651 instances.
[INFO RSZ-0038] Inserted 598 buffers in 620 nets.
   Iter   |    Area   | Removed | Inserted |   Pins
          |           | Buffers | Buffers  | Remaining
-------------------------------------------------------
        0 |     +0.0% |       0 |        0 |     72636
     7200 |     +3.1% |      66 |     2324 |     65436
    14400 |     +6.7% |     128 |     4964 |     58236
    21600 |    +10.6% |     166 |     7769 |     51036
    28800 |    +15.2% |     214 |    11166 |     43836
    36000 |    +19.1% |     263 |    13974 |     36636
    43200 |    +23.2% |     266 |    16931 |     29436
    50400 |    +26.1% |     348 |    19174 |     22236
    57600 |    +28.1% |     391 |    20638 |     15036
    64800 |    +29.9% |     412 |    21939 |      7836
    72000 |    +30.2% |     545 |    22403 |       636
    final |    +31.0% |     614 |    23112 |         0
-------------------------------------------------------
[INFO GPL-0106] Timing-driven: worst slack -4.081361e-09
[INFO GPL-0107] Timing-driven: repair_design delta area: 178047.047 um^2 (+35.31%)
[INFO GPL-0108] Timing-driven: repair_design, gpl delta gcells: 23096 (+34.49%)
[INFO GPL-0109] Timing-driven: repair_design, gcells created: 23710, deleted: 614
[INFO GPL-0110] Timing-driven: new target density: 0.53926504
Iteration | Overflow |     HPWL (um) |  HPWL(%) |   Penalty | Group
---------------------------------------------------------------
      360 |   0.6092 |  2.406741e+06 |  +21.85% |  1.25e-09 |      
[INFO GPL-0038] Routability snapshot saved at iter = 362
      361 |   0.5959 |  2.449210e+06 |          |           |      
      370 |   0.5199 |  2.628731e+06 |   +9.22% |  1.98e-09 |      
      380 |   0.5023 |  2.652873e+06 |   +0.92% |  3.22e-09 |      
      390 |   0.4722 |  2.728768e+06 |   +2.86% |  5.19e-09 |      
      400 |   0.4292 |  2.726835e+06 |   -0.07% |  8.43e-09 |      
      410 |   0.3869 |  2.744757e+06 |   +0.66% |  1.37e-08 |      
      420 |   0.3505 |  2.797079e+06 |   +1.91% |  2.22e-08 |      
      430 |   0.3179 |  2.785991e+06 |   -0.40% |  3.33e-08 |      
[INFO GPL-0040] Routability iteration: 1
[INFO GPL-0041] Total routing overflow: 507.7440
[INFO GPL-0042] Number of overflowed tiles: 4264 (4.41%)
[INFO GPL-0043] Average top 0.5% routing congestion: 1.3483
[INFO GPL-0044] Average top 1.0% routing congestion: 1.2808
[INFO GPL-0045] Average top 2.0% routing congestion: 1.2076
[INFO GPL-0046] Average top 5.0% routing congestion: 1.1038
[INFO GPL-0047] Routability iteration weighted routing congestion: 1.3146
[INFO GPL-0048] Routing congestion (1.3146) lower than previous minimum (1e+30). Updating minimum.
[INFO GPL-0086] Inflated area:               55054.863 um^2 (+8.07%)
[INFO GPL-0052] Placement target density:       0.5393
[INFO GPL-0076] Removing fillers, count: Before: 239610, After: 232128 (-3.12%)
[INFO GPL-0077] Filler area (um^2)     : Before: 1762978.347, After: 1707922.615 (-3.12%)
[INFO GPL-0078] Removed fillers count: 7482, area removed: 55050.132 um^2. Remaining area to be compensated by modifying density: 4.733 um^2
[INFO GPL-0058] White space area:           4534495.190 um^2 (+0.00%)
[INFO GPL-0059] Movable instances area:     2445294.698 um^2 (+0.00%)
[INFO GPL-0060] Total filler area:          1707922.615 um^2 (-3.12%)
[INFO GPL-0061] Total non-inflated area:    2445293.729 um^2 (-0.00%)
[INFO GPL-0062] Total inflated area:        2500348.594 um^2 (-0.00%)
[INFO GPL-0063] New Target Density:             0.5393
[INFO GPL-0087] Routability end iteration: increase inflation and revert back to snapshot.
Iteration | Overflow |     HPWL (um) |  HPWL(%) |   Penalty | Group
---------------------------------------------------------------
      440 |   0.5861 |  2.563661e+06 |   -7.98% |  1.47e-09 |      
      450 |   0.5138 |  2.841655e+06 |  +10.84% |  2.10e-09 |      
      460 |   0.5072 |  2.888303e+06 |   +1.64% |  3.09e-09 |      
      470 |   0.4774 |  2.886262e+06 |   -0.07% |  4.52e-09 |      
      480 |   0.4466 |  2.854097e+06 |   -1.11% |  6.65e-09 |      
      490 |   0.4111 |  2.910716e+06 |   +1.98% |  9.73e-09 |      
      500 |   0.3844 |  2.935004e+06 |   +0.83% |  1.43e-08 |      
      510 |   0.3529 |  2.915947e+06 |   -0.65% |  2.10e-08 |      
      520 |   0.3203 |  2.924964e+06 |   +0.31% |  3.10e-08 |      
[INFO GPL-0040] Routability iteration: 2
[INFO GPL-0041] Total routing overflow: 259.9402
[INFO GPL-0042] Number of overflowed tiles: 3080 (3.18%)
[INFO GPL-0043] Average top 0.5% routing congestion: 1.2208
[INFO GPL-0044] Average top 1.0% routing congestion: 1.1737
[INFO GPL-0045] Average top 2.0% routing congestion: 1.1223
[INFO GPL-0046] Average top 5.0% routing congestion: 1.0440
[INFO GPL-0047] Routability iteration weighted routing congestion: 1.1973
[INFO GPL-0048] Routing congestion (1.1973) lower than previous minimum (1.315). Updating minimum.
[INFO GPL-0086] Inflated area:               22975.238 um^2 (+3.12%)
[INFO GPL-0052] Placement target density:       0.5393
[INFO GPL-0076] Removing fillers, count: Before: 232128, After: 229006 (-1.34%)
[INFO GPL-0077] Filler area (um^2)     : Before: 1707922.615, After: 1684951.950 (-1.34%)
[INFO GPL-0078] Removed fillers count: 3122, area removed: 22970.664 um^2. Remaining area to be compensated by modifying density: 4.574 um^2
[INFO GPL-0058] White space area:           4534495.190 um^2 (+0.00%)
[INFO GPL-0059] Movable instances area:     2445294.698 um^2 (+0.00%)
[INFO GPL-0060] Total filler area:          1684951.950 um^2 (-1.34%)
[INFO GPL-0061] Total non-inflated area:    2445298.303 um^2 (+0.00%)
[INFO GPL-0062] Total inflated area:        2468273.541 um^2 (+0.00%)
[INFO GPL-0063] New Target Density:             0.5393
[INFO GPL-0087] Routability end iteration: increase inflation and revert back to snapshot.
Iteration | Overflow |     HPWL (um) |  HPWL(%) |   Penalty | Group
---------------------------------------------------------------
      530 |   0.6104 |  2.515743e+06 |  -13.99% |  1.42e-09 |      
      540 |   0.5122 |  2.972084e+06 |  +18.14% |  2.00e-09 |      
      550 |   0.5085 |  2.977283e+06 |   +0.17% |  2.93e-09 |      
      560 |   0.4770 |  2.992593e+06 |   +0.51% |  4.29e-09 |      
      570 |   0.4483 |  2.953279e+06 |   -1.31% |  6.31e-09 |      
      580 |   0.4132 |  3.022382e+06 |   +2.34% |  9.22e-09 |      
      590 |   0.3867 |  3.018992e+06 |   -0.11% |  1.35e-08 |      
      600 |   0.3556 |  2.987457e+06 |   -1.04% |  2.00e-08 |      
      610 |   0.3238 |  2.997638e+06 |   +0.34% |  2.93e-08 |      
[INFO GPL-0040] Routability iteration: 3
[INFO GPL-0041] Total routing overflow: 210.0291
[INFO GPL-0042] Number of overflowed tiles: 2850 (2.95%)
[INFO GPL-0043] Average top 0.5% routing congestion: 1.1898
[INFO GPL-0044] Average top 1.0% routing congestion: 1.1472
[INFO GPL-0045] Average top 2.0% routing congestion: 1.1015
[INFO GPL-0046] Average top 5.0% routing congestion: 1.0316
[INFO GPL-0047] Routability iteration weighted routing congestion: 1.1685
[INFO GPL-0048] Routing congestion (1.1685) lower than previous minimum (1.197). Updating minimum.
[INFO GPL-0086] Inflated area:               18326.443 um^2 (+2.41%)
[INFO GPL-0052] Placement target density:       0.5393
[INFO GPL-0076] Removing fillers, count: Before: 229006, After: 226516 (-1.09%)
[INFO GPL-0077] Filler area (um^2)     : Before: 1684951.950, After: 1666631.337 (-1.09%)
[INFO GPL-0078] Removed fillers count: 2490, area removed: 18320.613 um^2. Remaining area to be compensated by modifying density: 5.830 um^2
[INFO GPL-0058] White space area:           4534495.190 um^2 (+0.00%)
[INFO GPL-0059] Movable instances area:     2445294.698 um^2 (+0.00%)
[INFO GPL-0060] Total filler area:          1666631.337 um^2 (-1.09%)
[INFO GPL-0061] Total non-inflated area:    2445304.133 um^2 (+0.00%)
[INFO GPL-0062] Total inflated area:        2463630.577 um^2 (+0.00%)
[INFO GPL-0063] New Target Density:             0.5393
[INFO GPL-0087] Routability end iteration: increase inflation and revert back to snapshot.
Iteration | Overflow |     HPWL (um) |  HPWL(%) |   Penalty | Group
---------------------------------------------------------------
      620 |   0.6312 |  2.479538e+06 |  -17.28% |  1.37e-09 |      
      630 |   0.5115 |  3.080518e+06 |  +24.24% |  1.91e-09 |      
      640 |   0.5101 |  3.049031e+06 |   -1.02% |  2.80e-09 |      
      650 |   0.4762 |  3.088543e+06 |   +1.30% |  4.08e-09 |      
      660 |   0.4497 |  3.040247e+06 |   -1.56% |  6.00e-09 |      
      670 |   0.4143 |  3.116899e+06 |   +2.52% |  8.77e-09 |      
      680 |   0.3876 |  3.095504e+06 |   -0.69% |  1.29e-08 |      
      690 |   0.3586 |  3.047601e+06 |   -1.55% |  1.90e-08 |      
      700 |   0.3267 |  3.051919e+06 |   +0.14% |  2.79e-08 |      
      710 |   0.2996 |  3.031213e+06 |   -0.68% |  4.12e-08 |      
[INFO GPL-0040] Routability iteration: 4
[INFO GPL-0041] Total routing overflow: 177.3391
[INFO GPL-0042] Number of overflowed tiles: 2577 (2.66%)
[INFO GPL-0043] Average top 0.5% routing congestion: 1.1659
[INFO GPL-0044] Average top 1.0% routing congestion: 1.1293
[INFO GPL-0045] Average top 2.0% routing congestion: 1.0879
[INFO GPL-0046] Average top 5.0% routing congestion: 1.0218
[INFO GPL-0047] Routability iteration weighted routing congestion: 1.1476
[INFO GPL-0048] Routing congestion (1.1476) lower than previous minimum (1.169). Updating minimum.
[INFO GPL-0086] Inflated area:               15067.037 um^2 (+1.93%)
[INFO GPL-0052] Placement target density:       0.5393
[INFO GPL-0076] Removing fillers, count: Before: 226516, After: 224469 (-0.90%)
[INFO GPL-0077] Filler area (um^2)     : Before: 1666631.337, After: 1651570.174 (-0.90%)
[INFO GPL-0078] Removed fillers count: 2047, area removed: 15061.163 um^2. Remaining area to be compensated by modifying density: 5.874 um^2
[INFO GPL-0058] White space area:           4534495.190 um^2 (+0.00%)
[INFO GPL-0059] Movable instances area:     2445294.698 um^2 (+0.00%)
[INFO GPL-0060] Total filler area:          1651570.174 um^2 (-0.90%)
[INFO GPL-0061] Total non-inflated area:    2445310.008 um^2 (+0.00%)
[INFO GPL-0062] Total inflated area:        2460377.045 um^2 (+0.00%)
[INFO GPL-0063] New Target Density:             0.5393
[INFO GPL-0087] Routability end iteration: increase inflation and revert back to snapshot.
Iteration | Overflow |     HPWL (um) |  HPWL(%) |   Penalty | Group
---------------------------------------------------------------
      720 |   0.5121 |  3.185381e+06 |   +5.09% |  1.83e-09 |      
      730 |   0.5115 |  3.107992e+06 |   -2.43% |  2.67e-09 |      
      740 |   0.4773 |  3.167325e+06 |   +1.91% |  3.89e-09 |      
      750 |   0.4532 |  3.121760e+06 |   -1.44% |  5.72e-09 |      
      760 |   0.4165 |  3.194454e+06 |   +2.33% |  8.35e-09 |      
      770 |   0.3913 |  3.158960e+06 |   -1.11% |  1.23e-08 |      
      780 |   0.3616 |  3.100495e+06 |   -1.85% |  1.81e-08 |      
      790 |   0.3303 |  3.096618e+06 |   -0.13% |  2.67e-08 |      
      800 |   0.3029 |  3.070380e+06 |   -0.85% |  3.93e-08 |      
[INFO GPL-0040] Routability iteration: 5
[INFO GPL-0041] Total routing overflow: 156.2499
[INFO GPL-0042] Number of overflowed tiles: 2382 (2.46%)
[INFO GPL-0043] Average top 0.5% routing congestion: 1.1545
[INFO GPL-0044] Average top 1.0% routing congestion: 1.1193
[INFO GPL-0045] Average top 2.0% routing congestion: 1.0790
[INFO GPL-0046] Average top 5.0% routing congestion: 1.0144
[INFO GPL-0047] Routability iteration weighted routing congestion: 1.1369
[INFO GPL-0048] Routing congestion (1.1369) lower than previous minimum (1.148). Updating minimum.
[INFO GPL-0086] Inflated area:               13346.214 um^2 (+1.68%)
[INFO GPL-0052] Placement target density:       0.5393
[INFO GPL-0076] Removing fillers, count: Before: 224469, After: 222656 (-0.81%)
[INFO GPL-0077] Filler area (um^2)     : Before: 1651570.174, After: 1638230.707 (-0.81%)
[INFO GPL-0078] Removed fillers count: 1813, area removed: 13339.467 um^2. Remaining area to be compensated by modifying density: 6.748 um^2
[INFO GPL-0058] White space area:           4534495.190 um^2 (+0.00%)
[INFO GPL-0059] Movable instances area:     2445294.698 um^2 (+0.00%)
[INFO GPL-0060] Total filler area:          1638230.707 um^2 (-0.81%)
[INFO GPL-0061] Total non-inflated area:    2445316.755 um^2 (+0.00%)
[INFO GPL-0062] Total inflated area:        2458662.969 um^2 (+0.00%)
[INFO GPL-0063] New Target Density:             0.5393
[INFO GPL-0087] Routability end iteration: increase inflation and revert back to snapshot.
Iteration | Overflow |     HPWL (um) |  HPWL(%) |   Penalty | Group
---------------------------------------------------------------
      810 |   0.5160 |  3.226507e+06 |   +5.08% |  1.75e-09 |      
      820 |   0.5132 |  3.159289e+06 |   -2.08% |  2.55e-09 |      
      830 |   0.4781 |  3.254775e+06 |   +3.02% |  3.71e-09 |      
      840 |   0.4541 |  3.216115e+06 |   -1.19% |  5.44e-09 |      
      850 |   0.4195 |  3.275433e+06 |   +1.84% |  7.94e-09 |      
      860 |   0.3915 |  3.233396e+06 |   -1.28% |  1.17e-08 |      
      870 |   0.3648 |  3.158643e+06 |   -2.31% |  1.72e-08 |      
      880 |   0.3339 |  3.144397e+06 |   -0.45% |  2.53e-08 |      
      890 |   0.3064 |  3.115401e+06 |   -0.92% |  3.73e-08 |      
[INFO GPL-0040] Routability iteration: 6
[INFO GPL-0041] Total routing overflow: 144.5812
[INFO GPL-0042] Number of overflowed tiles: 2243 (2.32%)
[INFO GPL-0043] Average top 0.5% routing congestion: 1.1478
[INFO GPL-0044] Average top 1.0% routing congestion: 1.1128
[INFO GPL-0045] Average top 2.0% routing congestion: 1.0737
[INFO GPL-0046] Average top 5.0% routing congestion: 1.0109
[INFO GPL-0047] Routability iteration weighted routing congestion: 1.1303
[INFO GPL-0048] Routing congestion (1.1303) lower than previous minimum (1.137). Updating minimum.
[INFO GPL-0086] Inflated area:               12316.445 um^2 (+1.53%)
[INFO GPL-0052] Placement target density:       0.5393
[INFO GPL-0076] Removing fillers, count: Before: 222656, After: 220983 (-0.75%)
[INFO GPL-0077] Filler area (um^2)     : Before: 1638230.707, After: 1625921.316 (-0.75%)
[INFO GPL-0078] Removed fillers count: 1673, area removed: 12309.392 um^2. Remaining area to be compensated by modifying density: 7.053 um^2
[INFO GPL-0058] White space area:           4534495.190 um^2 (+0.00%)
[INFO GPL-0059] Movable instances area:     2445294.698 um^2 (+0.00%)
[INFO GPL-0060] Total filler area:          1625921.316 um^2 (-0.75%)
[INFO GPL-0061] Total non-inflated area:    2445323.808 um^2 (+0.00%)
[INFO GPL-0062] Total inflated area:        2457640.253 um^2 (+0.00%)
[INFO GPL-0063] New Target Density:             0.5393
[INFO GPL-0087] Routability end iteration: increase inflation and revert back to snapshot.
Iteration | Overflow |     HPWL (um) |  HPWL(%) |   Penalty | Group
---------------------------------------------------------------
      900 |   0.5224 |  3.277562e+06 |   +5.21% |  1.69e-09 |      
      910 |   0.5139 |  3.219278e+06 |   -1.78% |  2.43e-09 |      
      920 |   0.4785 |  3.327812e+06 |   +3.37% |  3.53e-09 |      
      930 |   0.4558 |  3.302102e+06 |   -0.77% |  5.18e-09 |      
      940 |   0.4214 |  3.372012e+06 |   +2.12% |  7.56e-09 |      
      950 |   0.3929 |  3.315938e+06 |   -1.66% |  1.11e-08 |      
      960 |   0.3672 |  3.207817e+06 |   -3.26% |  1.64e-08 |      
      970 |   0.3379 |  3.192955e+06 |   -0.46% |  2.41e-08 |      
      980 |   0.3100 |  3.154884e+06 |   -1.19% |  3.55e-08 |      
[INFO GPL-0040] Routability iteration: 7
[INFO GPL-0041] Total routing overflow: 116.9485
[INFO GPL-0042] Number of overflowed tiles: 1974 (2.04%)
[INFO GPL-0043] Average top 0.5% routing congestion: 1.1290
[INFO GPL-0044] Average top 1.0% routing congestion: 1.0975
[INFO GPL-0045] Average top 2.0% routing congestion: 1.0604
[INFO GPL-0046] Average top 5.0% routing congestion: 1.0006
[INFO GPL-0047] Routability iteration weighted routing congestion: 1.1133
[INFO GPL-0048] Routing congestion (1.1133) lower than previous minimum (1.13). Updating minimum.
[INFO GPL-0086] Inflated area:                9980.921 um^2 (+1.22%)
[INFO GPL-0052] Placement target density:       0.5393
[INFO GPL-0076] Removing fillers, count: Before: 220983, After: 219627 (-0.61%)
[INFO GPL-0077] Filler area (um^2)     : Before: 1625921.316, After: 1615944.307 (-0.61%)
[INFO GPL-0078] Removed fillers count: 1356, area removed: 9977.009 um^2. Remaining area to be compensated by modifying density: 3.912 um^2
[INFO GPL-0058] White space area:           4534495.190 um^2 (+0.00%)
[INFO GPL-0059] Movable instances area:     2445294.698 um^2 (+0.00%)
[INFO GPL-0060] Total filler area:          1615944.307 um^2 (-0.61%)
[INFO GPL-0061] Total non-inflated area:    2445327.720 um^2 (+0.00%)
[INFO GPL-0062] Total inflated area:        2455308.641 um^2 (+0.00%)
[INFO GPL-0063] New Target Density:             0.5393
[INFO GPL-0087] Routability end iteration: increase inflation and revert back to snapshot.
Iteration | Overflow |     HPWL (um) |  HPWL(%) |   Penalty | Group
---------------------------------------------------------------
      990 |   0.5497 |  3.137152e+06 |   -0.56% |  1.59e-09 |      
     1000 |   0.5144 |  3.243936e+06 |   +3.40% |  2.24e-09 |      
     1010 |   0.4846 |  3.400982e+06 |   +4.84% |  3.25e-09 |      
     1020 |   0.4567 |  3.433326e+06 |   +0.95% |  4.76e-09 |      
     1030 |   0.4244 |  3.465083e+06 |   +0.92% |  6.93e-09 |      
     1040 |   0.3973 |  3.415693e+06 |   -1.43% |  1.02e-08 |      
     1050 |   0.3724 |  3.255010e+06 |   -4.70% |  1.50e-08 |      
     1060 |   0.3427 |  3.234674e+06 |   -0.62% |  2.21e-08 |      
     1070 |   0.3156 |  3.191155e+06 |   -1.35% |  3.25e-08 |      
[INFO GPL-0040] Routability iteration: 8
[INFO GPL-0041] Total routing overflow: 109.0681
[INFO GPL-0042] Number of overflowed tiles: 1910 (1.97%)
[INFO GPL-0043] Average top 0.5% routing congestion: 1.1249
[INFO GPL-0044] Average top 1.0% routing congestion: 1.0934
[INFO GPL-0045] Average top 2.0% routing congestion: 1.0564
[INFO GPL-0046] Average top 5.0% routing congestion: 0.9983
[INFO GPL-0047] Routability iteration weighted routing congestion: 1.1091
[INFO GPL-0048] Routing congestion (1.1091) lower than previous minimum (1.113). Updating minimum.
[INFO GPL-0086] Inflated area:                8864.777 um^2 (+1.07%)
[INFO GPL-0052] Placement target density:       0.5393
[INFO GPL-0076] Removing fillers, count: Before: 219627, After: 218423 (-0.55%)
[INFO GPL-0077] Filler area (um^2)     : Before: 1615944.307, After: 1607085.665 (-0.55%)
[INFO GPL-0078] Removed fillers count: 1204, area removed: 8858.642 um^2. Remaining area to be compensated by modifying density: 6.136 um^2
[INFO GPL-0058] White space area:           4534495.190 um^2 (+0.00%)
[INFO GPL-0059] Movable instances area:     2445294.698 um^2 (+0.00%)
[INFO GPL-0060] Total filler area:          1607085.665 um^2 (-0.55%)
[INFO GPL-0061] Total non-inflated area:    2445333.856 um^2 (+0.00%)
[INFO GPL-0062] Total inflated area:        2454198.634 um^2 (+0.00%)
[INFO GPL-0063] New Target Density:             0.5393
[INFO GPL-0087] Routability end iteration: increase inflation and revert back to snapshot.
Iteration | Overflow |     HPWL (um) |  HPWL(%) |   Penalty | Group
---------------------------------------------------------------
     1080 |   0.5940 |  2.860889e+06 |  -10.35% |  1.51e-09 |      
     1090 |   0.5102 |  3.370890e+06 |  +17.83% |  2.06e-09 |      
     1100 |   0.4914 |  3.459010e+06 |   +2.61% |  2.99e-09 |      
     1110 |   0.4601 |  3.538509e+06 |   +2.30% |  4.37e-09 |      
     1120 |   0.4309 |  3.522479e+06 |   -0.45% |  6.39e-09 |      
     1130 |   0.4020 |  3.508472e+06 |   -0.40% |  9.31e-09 |      
     1140 |   0.3786 |  3.310347e+06 |   -5.65% |  1.37e-08 |      
     1150 |   0.3480 |  3.273972e+06 |   -1.10% |  2.02e-08 |      
     1160 |   0.3219 |  3.224350e+06 |   -1.52% |  2.98e-08 |      
[INFO GPL-0040] Routability iteration: 9
[INFO GPL-0041] Total routing overflow: 102.8266
[INFO GPL-0042] Number of overflowed tiles: 1820 (1.88%)
[INFO GPL-0043] Average top 0.5% routing congestion: 1.1214
[INFO GPL-0044] Average top 1.0% routing congestion: 1.0891
[INFO GPL-0045] Average top 2.0% routing congestion: 1.0530
[INFO GPL-0046] Average top 5.0% routing congestion: 0.9944
[INFO GPL-0047] Routability iteration weighted routing congestion: 1.1053
[INFO GPL-0048] Routing congestion (1.1053) lower than previous minimum (1.109). Updating minimum.
[INFO GPL-0086] Inflated area:                8576.059 um^2 (+1.02%)
[INFO GPL-0052] Placement target density:       0.5393
[INFO GPL-0076] Removing fillers, count: Before: 218423, After: 217258 (-0.53%)
[INFO GPL-0077] Filler area (um^2)     : Before: 1607085.665, After: 1598513.972 (-0.53%)
[INFO GPL-0078] Removed fillers count: 1165, area removed: 8571.693 um^2. Remaining area to be compensated by modifying density: 4.366 um^2
[INFO GPL-0058] White space area:           4534495.190 um^2 (+0.00%)
[INFO GPL-0059] Movable instances area:     2445294.698 um^2 (+0.00%)
[INFO GPL-0060] Total filler area:          1598513.972 um^2 (-0.53%)
[INFO GPL-0061] Total non-inflated area:    2445338.223 um^2 (+0.00%)
[INFO GPL-0062] Total inflated area:        2453914.282 um^2 (+0.00%)
[INFO GPL-0063] New Target Density:             0.5393
[INFO GPL-0087] Routability end iteration: increase inflation and revert back to snapshot.
Iteration | Overflow |     HPWL (um) |  HPWL(%) |   Penalty | Group
---------------------------------------------------------------
     1170 |   0.6449 |  2.522861e+06 |  -21.76% |  1.42e-09 |      
     1180 |   0.5037 |  3.553773e+06 |  +40.86% |  1.89e-09 |      
     1190 |   0.4986 |  3.487948e+06 |   -1.85% |  2.76e-09 |      
     1200 |   0.4602 |  3.660746e+06 |   +4.95% |  4.01e-09 |      
     1210 |   0.4379 |  3.558732e+06 |   -2.79% |  5.86e-09 |      
     1220 |   0.4067 |  3.618052e+06 |   +1.67% |  8.49e-09 |      
     1230 |   0.3840 |  3.381726e+06 |   -6.53% |  1.25e-08 |      
     1240 |   0.3545 |  3.315685e+06 |   -1.95% |  1.84e-08 |      
     1250 |   0.3281 |  3.262730e+06 |   -1.60% |  2.71e-08 |      
     1260 |   0.3006 |  3.246122e+06 |   -0.51% |  3.99e-08 |      
[INFO GPL-0040] Routability iteration: 10
[INFO GPL-0041] Total routing overflow: 101.8154
[INFO GPL-0042] Number of overflowed tiles: 1823 (1.88%)
[INFO GPL-0043] Average top 0.5% routing congestion: 1.1235
[INFO GPL-0044] Average top 1.0% routing congestion: 1.0892
[INFO GPL-0045] Average top 2.0% routing congestion: 1.0525
[INFO GPL-0046] Average top 5.0% routing congestion: 0.9946
[INFO GPL-0047] Routability iteration weighted routing congestion: 1.1064
[INFO GPL-0049] Routing congestion (1.1064) higher than minimum (1.1053). Consecutive non-improvement count: 1.
[INFO GPL-0086] Inflated area:                8497.676 um^2 (+1.00%)
[INFO GPL-0052] Placement target density:       0.5393
[INFO GPL-0076] Removing fillers, count: Before: 217258, After: 216104 (-0.53%)
[INFO GPL-0077] Filler area (um^2)     : Before: 1598513.972, After: 1590023.214 (-0.53%)
[INFO GPL-0078] Removed fillers count: 1154, area removed: 8490.758 um^2. Remaining area to be compensated by modifying density: 6.917 um^2
[INFO GPL-0058] White space area:           4534495.190 um^2 (+0.00%)
[INFO GPL-0059] Movable instances area:     2445294.698 um^2 (+0.00%)
[INFO GPL-0060] Total filler area:          1590023.214 um^2 (-0.53%)
[INFO GPL-0061] Total non-inflated area:    2445345.140 um^2 (+0.00%)
[INFO GPL-0062] Total inflated area:        2453842.816 um^2 (+0.00%)
[INFO GPL-0063] New Target Density:             0.5393
[INFO GPL-0087] Routability end iteration: increase inflation and revert back to snapshot.
Iteration | Overflow |     HPWL (um) |  HPWL(%) |   Penalty | Group
---------------------------------------------------------------
     1270 |   0.5059 |  3.638485e+06 |  +12.09% |  1.69e-09 |      
     1280 |   0.5097 |  3.465649e+06 |   -4.75% |  2.45e-09 |      
     1290 |   0.4668 |  3.695307e+06 |   +6.63% |  3.54e-09 |      
     1300 |   0.4486 |  3.605175e+06 |   -2.44% |  5.12e-09 |      
     1310 |   0.4111 |  3.767326e+06 |   +4.50% |  7.38e-09 |      
     1320 |   0.3920 |  3.483548e+06 |   -7.53% |  1.09e-08 |      
     1330 |   0.3673 |  3.358880e+06 |   -3.58% |  1.60e-08 |      
     1340 |   0.3393 |  3.308717e+06 |   -1.49% |  2.36e-08 |      
     1350 |   0.3101 |  3.274097e+06 |   -1.05% |  3.48e-08 |      
[INFO GPL-0040] Routability iteration: 11
[INFO GPL-0041] Total routing overflow: 94.0214
[INFO GPL-0042] Number of overflowed tiles: 1718 (1.78%)
[INFO GPL-0043] Average top 0.5% routing congestion: 1.1177
[INFO GPL-0044] Average top 1.0% routing congestion: 1.0848
[INFO GPL-0045] Average top 2.0% routing congestion: 1.0481
[INFO GPL-0046] Average top 5.0% routing congestion: 0.9910
[INFO GPL-0047] Routability iteration weighted routing congestion: 1.1012
[INFO GPL-0048] Routing congestion (1.1012) lower than previous minimum (1.105). Updating minimum.
[INFO GPL-0086] Inflated area:                8250.852 um^2 (+0.96%)
[INFO GPL-0052] Placement target density:       0.5393
[INFO GPL-0076] Removing fillers, count: Before: 216104, After: 214983 (-0.52%)
[INFO GPL-0077] Filler area (um^2)     : Before: 1590023.214, After: 1581775.260 (-0.52%)
[INFO GPL-0078] Removed fillers count: 1121, area removed: 8247.955 um^2. Remaining area to be compensated by modifying density: 2.896 um^2
[INFO GPL-0058] White space area:           4534495.190 um^2 (+0.00%)
[INFO GPL-0059] Movable instances area:     2445294.698 um^2 (+0.00%)
[INFO GPL-0060] Total filler area:          1581775.260 um^2 (-0.52%)
[INFO GPL-0061] Total non-inflated area:    2445348.036 um^2 (+0.00%)
[INFO GPL-0062] Total inflated area:        2453598.887 um^2 (+0.00%)
[INFO GPL-0063] New Target Density:             0.5393
[INFO GPL-0087] Routability end iteration: increase inflation and revert back to snapshot.
Iteration | Overflow |     HPWL (um) |  HPWL(%) |   Penalty | Group
---------------------------------------------------------------
     1360 |   0.5459 |  3.339404e+06 |   +1.99% |  1.56e-09 |      
     1370 |   0.5094 |  3.583898e+06 |   +7.32% |  2.16e-09 |      
     1380 |   0.4742 |  3.738650e+06 |   +4.32% |  3.13e-09 |      
     1390 |   0.4493 |  3.860326e+06 |   +3.25% |  4.48e-09 |      
     1400 |   0.4134 |  3.941523e+06 |   +2.10% |  6.44e-09 |      
     1410 |   0.4006 |  3.594352e+06 |   -8.81% |  9.49e-09 |      
     1420 |   0.3754 |  3.392094e+06 |   -5.63% |  1.40e-08 |      
     1430 |   0.3476 |  3.359787e+06 |   -0.95% |  2.06e-08 |      
     1440 |   0.3213 |  3.308822e+06 |   -1.52% |  3.03e-08 |      
[INFO GPL-0040] Routability iteration: 12
[INFO GPL-0041] Total routing overflow: 84.2389
[INFO GPL-0042] Number of overflowed tiles: 1604 (1.66%)
[INFO GPL-0043] Average top 0.5% routing congestion: 1.1063
[INFO GPL-0044] Average top 1.0% routing congestion: 1.0773
[INFO GPL-0045] Average top 2.0% routing congestion: 1.0425
[INFO GPL-0046] Average top 5.0% routing congestion: 0.9867
[INFO GPL-0047] Routability iteration weighted routing congestion: 1.0918
[INFO GPL-0048] Routing congestion (1.0918) lower than previous minimum (1.101). Updating minimum.
[INFO GPL-0086] Inflated area:                7400.119 um^2 (+0.86%)
[INFO GPL-0052] Placement target density:       0.5393
[INFO GPL-0076] Removing fillers, count: Before: 214983, After: 213978 (-0.47%)
[INFO GPL-0077] Filler area (um^2)     : Before: 1581775.260, After: 1574380.795 (-0.47%)
[INFO GPL-0078] Removed fillers count: 1005, area removed: 7394.464 um^2. Remaining area to be compensated by modifying density: 5.654 um^2
[INFO GPL-0058] White space area:           4534495.190 um^2 (+0.00%)
[INFO GPL-0059] Movable instances area:     2445294.698 um^2 (+0.00%)
[INFO GPL-0060] Total filler area:          1574380.795 um^2 (-0.47%)
[INFO GPL-0061] Total non-inflated area:    2445353.690 um^2 (+0.00%)
[INFO GPL-0062] Total inflated area:        2452753.809 um^2 (+0.00%)
[INFO GPL-0063] New Target Density:             0.5393
[INFO GPL-0087] Routability end iteration: increase inflation and revert back to snapshot.
Iteration | Overflow |     HPWL (um) |  HPWL(%) |   Penalty | Group
---------------------------------------------------------------
     1450 |   0.6275 |  2.673422e+06 |  -19.20% |  1.47e-09 |      
     1460 |   0.4995 |  3.810808e+06 |  +42.54% |  1.91e-09 |      
     1470 |   0.4874 |  3.743818e+06 |   -1.76% |  2.78e-09 |      
     1480 |   0.4443 |  4.171368e+06 |  +11.42% |  3.93e-09 |      
     1490 |   0.4230 |  4.009499e+06 |   -3.88% |  5.71e-09 |      
     1500 |   0.4053 |  3.756690e+06 |   -6.31% |  8.31e-09 |      
     1510 |   0.3822 |  3.471542e+06 |   -7.59% |  1.22e-08 |      
     1520 |   0.3542 |  3.417470e+06 |   -1.56% |  1.80e-08 |      
     1530 |   0.3286 |  3.349977e+06 |   -1.97% |  2.66e-08 |      
     1540 |   0.3008 |  3.329467e+06 |   -0.61% |  3.91e-08 |      
[INFO GPL-0040] Routability iteration: 13
[INFO GPL-0041] Total routing overflow: 90.2934
[INFO GPL-0042] Number of overflowed tiles: 1660 (1.72%)
[INFO GPL-0043] Average top 0.5% routing congestion: 1.1172
[INFO GPL-0044] Average top 1.0% routing congestion: 1.0825
[INFO GPL-0045] Average top 2.0% routing congestion: 1.0459
[INFO GPL-0046] Average top 5.0% routing congestion: 0.9878
[INFO GPL-0047] Routability iteration weighted routing congestion: 1.0999
[INFO GPL-0049] Routing congestion (1.0999) higher than minimum (1.0918). Consecutive non-improvement count: 1.
[INFO GPL-0086] Inflated area:                7436.390 um^2 (+0.85%)
[INFO GPL-0052] Placement target density:       0.5393
[INFO GPL-0076] Removing fillers, count: Before: 213978, After: 212968 (-0.47%)
[INFO GPL-0077] Filler area (um^2)     : Before: 1574380.795, After: 1566949.542 (-0.47%)
[INFO GPL-0078] Removed fillers count: 1010, area removed: 7431.253 um^2. Remaining area to be compensated by modifying density: 5.138 um^2
[INFO GPL-0058] White space area:           4534495.190 um^2 (+0.00%)
[INFO GPL-0059] Movable instances area:     2445294.698 um^2 (+0.00%)
[INFO GPL-0060] Total filler area:          1566949.542 um^2 (-0.47%)
[INFO GPL-0061] Total non-inflated area:    2445358.828 um^2 (+0.00%)
[INFO GPL-0062] Total inflated area:        2452795.218 um^2 (+0.00%)
[INFO GPL-0063] New Target Density:             0.5393
[INFO GPL-0087] Routability end iteration: increase inflation and revert back to snapshot.
Iteration | Overflow |     HPWL (um) |  HPWL(%) |   Penalty | Group
---------------------------------------------------------------
     1550 |   0.5003 |  3.910528e+06 |  +17.45% |  1.65e-09 |      
     1560 |   0.5091 |  3.682351e+06 |   -5.83% |  2.38e-09 |      
     1570 |   0.4482 |  4.285918e+06 |  +16.39% |  3.35e-09 |      
     1580 |   0.4455 |  3.858123e+06 |   -9.98% |  4.87e-09 |      
     1590 |   0.4103 |  4.006541e+06 |   +3.85% |  6.97e-09 |      
     1600 |   0.3935 |  3.596339e+06 |  -10.24% |  1.03e-08 |      
     1610 |   0.3668 |  3.471858e+06 |   -3.46% |  1.51e-08 |      
     1620 |   0.3403 |  3.407159e+06 |   -1.86% |  2.23e-08 |      
     1630 |   0.3131 |  3.367632e+06 |   -1.16% |  3.28e-08 |      
[INFO GPL-0040] Routability iteration: 14
[INFO GPL-0041] Total routing overflow: 78.6364
[INFO GPL-0042] Number of overflowed tiles: 1510 (1.56%)
[INFO GPL-0043] Average top 0.5% routing congestion: 1.1054
[INFO GPL-0044] Average top 1.0% routing congestion: 1.0743
[INFO GPL-0045] Average top 2.0% routing congestion: 1.0389
[INFO GPL-0046] Average top 5.0% routing congestion: 0.9843
[INFO GPL-0047] Routability iteration weighted routing congestion: 1.0899
[INFO GPL-0048] Routing congestion (1.0899) lower than previous minimum (1.092). Updating minimum.
[INFO GPL-0086] Inflated area:                6469.244 um^2 (+0.74%)
[INFO GPL-0052] Placement target density:       0.5393
[INFO GPL-0076] Removing fillers, count: Before: 212968, After: 212089 (-0.41%)
[INFO GPL-0077] Filler area (um^2)     : Before: 1566949.542, After: 1560482.145 (-0.41%)
[INFO GPL-0078] Removed fillers count: 879, area removed: 6467.397 um^2. Remaining area to be compensated by modifying density: 1.847 um^2
[INFO GPL-0058] White space area:           4534495.190 um^2 (+0.00%)
[INFO GPL-0059] Movable instances area:     2445294.698 um^2 (+0.00%)
[INFO GPL-0060] Total filler area:          1560482.145 um^2 (-0.41%)
[INFO GPL-0061] Total non-inflated area:    2445360.675 um^2 (+0.00%)
[INFO GPL-0062] Total inflated area:        2451829.919 um^2 (+0.00%)
[INFO GPL-0063] New Target Density:             0.5393
[INFO GPL-0087] Routability end iteration: increase inflation and revert back to snapshot.
Iteration | Overflow |     HPWL (um) |  HPWL(%) |   Penalty | Group
---------------------------------------------------------------
     1640 |   0.5680 |  3.253967e+06 |   -3.38% |  1.52e-09 |      
     1650 |   0.5016 |  3.881854e+06 |  +19.30% |  2.01e-09 |      
     1660 |   0.4663 |  4.112939e+06 |   +5.95% |  2.90e-09 |      
     1670 |   0.4430 |  4.188492e+06 |   +1.84% |  4.09e-09 |      
     1680 |   0.4104 |  4.269125e+06 |   +1.93% |  5.87e-09 |      
     1690 |   0.4045 |  3.764576e+06 |  -11.82% |  8.64e-09 |      
     1700 |   0.3795 |  3.525803e+06 |   -6.34% |  1.27e-08 |      
     1710 |   0.3507 |  3.464659e+06 |   -1.73% |  1.88e-08 |      
     1720 |   0.3256 |  3.409751e+06 |   -1.58% |  2.76e-08 |      
     1730 |   0.2979 |  3.378688e+06 |   -0.91% |  4.07e-08 |      
[INFO GPL-0040] Routability iteration: 15
[INFO GPL-0041] Total routing overflow: 80.9757
[INFO GPL-0042] Number of overflowed tiles: 1558 (1.61%)
[INFO GPL-0043] Average top 0.5% routing congestion: 1.1068
[INFO GPL-0044] Average top 1.0% routing congestion: 1.0760
[INFO GPL-0045] Average top 2.0% routing congestion: 1.0405
[INFO GPL-0046] Average top 5.0% routing congestion: 0.9855
[INFO GPL-0047] Routability iteration weighted routing congestion: 1.0914
[INFO GPL-0049] Routing congestion (1.0914) higher than minimum (1.0899). Consecutive non-improvement count: 1.
[INFO GPL-0086] Inflated area:                6772.325 um^2 (+0.77%)
[INFO GPL-0052] Placement target density:       0.5393
[INFO GPL-0076] Removing fillers, count: Before: 212089, After: 211169 (-0.43%)
[INFO GPL-0077] Filler area (um^2)     : Before: 1560482.145, After: 1553713.083 (-0.43%)
[INFO GPL-0078] Removed fillers count: 920, area removed: 6769.062 um^2. Remaining area to be compensated by modifying density: 3.263 um^2
[INFO GPL-0058] White space area:           4534495.190 um^2 (+0.00%)
[INFO GPL-0059] Movable instances area:     2445294.698 um^2 (+0.00%)
[INFO GPL-0060] Total filler area:          1553713.083 um^2 (-0.43%)
[INFO GPL-0061] Total non-inflated area:    2445363.937 um^2 (+0.00%)
[INFO GPL-0062] Total inflated area:        2452136.262 um^2 (+0.00%)
[INFO GPL-0063] New Target Density:             0.5393
[INFO GPL-0087] Routability end iteration: increase inflation and revert back to snapshot.
Iteration | Overflow |     HPWL (um) |  HPWL(%) |   Penalty | Group
---------------------------------------------------------------
     1740 |   0.4925 |  4.259893e+06 |  +26.08% |  1.68e-09 |      
     1750 |   0.5048 |  3.810287e+06 |  -10.55% |  2.42e-09 |      
     1760 |   0.4341 |  4.658917e+06 |  +22.27% |  3.31e-09 |      
     1770 |   0.4336 |  4.151907e+06 |  -10.88% |  4.87e-09 |      
     1780 |   0.4092 |  4.078542e+06 |   -1.77% |  6.99e-09 |      
     1790 |   0.3923 |  3.653070e+06 |  -10.43% |  1.03e-08 |      
     1800 |   0.3639 |  3.551307e+06 |   -2.79% |  1.52e-08 |      
     1810 |   0.3404 |  3.464607e+06 |   -2.44% |  2.23e-08 |      
     1820 |   0.3115 |  3.428247e+06 |   -1.05% |  3.29e-08 |      
[INFO GPL-0040] Routability iteration: 16
[INFO GPL-0041] Total routing overflow: 78.5173
[INFO GPL-0042] Number of overflowed tiles: 1525 (1.58%)
[INFO GPL-0043] Average top 0.5% routing congestion: 1.1061
[INFO GPL-0044] Average top 1.0% routing congestion: 1.0742
[INFO GPL-0045] Average top 2.0% routing congestion: 1.0388
[INFO GPL-0046] Average top 5.0% routing congestion: 0.9833
[INFO GPL-0047] Routability iteration weighted routing congestion: 1.0901
[INFO GPL-0049] Routing congestion (1.0901) higher than minimum (1.0899). Consecutive non-improvement count: 2.
[INFO GPL-0086] Inflated area:                6648.246 um^2 (+0.75%)
[INFO GPL-0052] Placement target density:       0.5393
[INFO GPL-0076] Removing fillers, count: Before: 211169, After: 210266 (-0.43%)
[INFO GPL-0077] Filler area (um^2)     : Before: 1553713.083, After: 1547069.102 (-0.43%)
[INFO GPL-0078] Removed fillers count: 903, area removed: 6643.981 um^2. Remaining area to be compensated by modifying density: 4.264 um^2
[INFO GPL-0058] White space area:           4534495.190 um^2 (+0.00%)
[INFO GPL-0059] Movable instances area:     2445294.698 um^2 (+0.00%)
[INFO GPL-0060] Total filler area:          1547069.102 um^2 (-0.43%)
[INFO GPL-0061] Total non-inflated area:    2445368.202 um^2 (+0.00%)
[INFO GPL-0062] Total inflated area:        2452016.447 um^2 (+0.00%)
[INFO GPL-0063] New Target Density:             0.5393
[INFO GPL-0087] Routability end iteration: increase inflation and revert back to snapshot.
Iteration | Overflow |     HPWL (um) |  HPWL(%) |   Penalty | Group
---------------------------------------------------------------
     1830 |   0.5661 |  3.328891e+06 |   -2.90% |  1.51e-09 |      
     1840 |   0.4983 |  4.078736e+06 |  +22.53% |  1.96e-09 |      
     1850 |   0.4577 |  4.417816e+06 |   +8.31% |  2.79e-09 |      
     1860 |   0.4409 |  4.370651e+06 |   -1.07% |  3.91e-09 |      
     1870 |   0.4088 |  4.457783e+06 |   +1.99% |  5.63e-09 |      
     1880 |   0.4045 |  3.849908e+06 |  -13.64% |  8.30e-09 |      
     1890 |   0.3815 |  3.604108e+06 |   -6.38% |  1.22e-08 |      
     1900 |   0.3537 |  3.532358e+06 |   -1.99% |  1.80e-08 |      
     1910 |   0.3261 |  3.466237e+06 |   -1.87% |  2.65e-08 |      
     1920 |   0.3001 |  3.429285e+06 |   -1.07% |  3.91e-08 |      
[INFO GPL-0040] Routability iteration: 17
[INFO GPL-0041] Total routing overflow: 70.3433
[INFO GPL-0042] Number of overflowed tiles: 1394 (1.44%)
[INFO GPL-0043] Average top 0.5% routing congestion: 1.0998
[INFO GPL-0044] Average top 1.0% routing congestion: 1.0683
[INFO GPL-0045] Average top 2.0% routing congestion: 1.0334
[INFO GPL-0046] Average top 5.0% routing congestion: 0.9790
[INFO GPL-0047] Routability iteration weighted routing congestion: 1.0840
[INFO GPL-0048] Routing congestion (1.0840) lower than previous minimum (1.09). Updating minimum.
[INFO GPL-0086] Inflated area:                5927.599 um^2 (+0.66%)
[INFO GPL-0052] Placement target density:       0.5393
[INFO GPL-0076] Removing fillers, count: Before: 210266, After: 209461 (-0.38%)
[INFO GPL-0077] Filler area (um^2)     : Before: 1547069.102, After: 1541146.173 (-0.38%)
[INFO GPL-0078] Removed fillers count: 805, area removed: 5922.929 um^2. Remaining area to be compensated by modifying density: 4.669 um^2
[INFO GPL-0058] White space area:           4534495.190 um^2 (+0.00%)
[INFO GPL-0059] Movable instances area:     2445294.698 um^2 (+0.00%)
[INFO GPL-0060] Total filler area:          1541146.173 um^2 (-0.38%)
[INFO GPL-0061] Total non-inflated area:    2445372.871 um^2 (+0.00%)
[INFO GPL-0062] Total inflated area:        2451300.470 um^2 (+0.00%)
[INFO GPL-0063] New Target Density:             0.5393
[INFO GPL-0087] Routability end iteration: increase inflation and revert back to snapshot.
Iteration | Overflow |     HPWL (um) |  HPWL(%) |   Penalty | Group
---------------------------------------------------------------
     1930 |   0.4933 |  4.272317e+06 |  +24.58% |  1.61e-09 |      
     1940 |   0.5104 |  3.896374e+06 |   -8.80% |  2.26e-09 |      
     1950 |   0.4286 |  4.929985e+06 |  +26.53% |  3.04e-09 |      
     1960 |   0.4353 |  4.331001e+06 |  -12.15% |  4.47e-09 |      
     1970 |   0.4073 |  4.284413e+06 |   -1.08% |  6.44e-09 |      
     1980 |   0.3984 |  3.739900e+06 |  -12.71% |  9.49e-09 |      
     1990 |   0.3690 |  3.627619e+06 |   -3.00% |  1.40e-08 |      
     2000 |   0.3445 |  3.529684e+06 |   -2.70% |  2.06e-08 |      
     2010 |   0.3171 |  3.475958e+06 |   -1.52% |  3.03e-08 |      
[INFO GPL-0040] Routability iteration: 18
[INFO GPL-0041] Total routing overflow: 73.4150
[INFO GPL-0042] Number of overflowed tiles: 1461 (1.51%)
[INFO GPL-0043] Average top 0.5% routing congestion: 1.1003
[INFO GPL-0044] Average top 1.0% routing congestion: 1.0701
[INFO GPL-0045] Average top 2.0% routing congestion: 1.0356
[INFO GPL-0046] Average top 5.0% routing congestion: 0.9797
[INFO GPL-0047] Routability iteration weighted routing congestion: 1.0852
[INFO GPL-0049] Routing congestion (1.0852) higher than minimum (1.0840). Consecutive non-improvement count: 1.
[INFO GPL-0086] Inflated area:                6196.496 um^2 (+0.69%)
[INFO GPL-0052] Placement target density:       0.5393
[INFO GPL-0076] Removing fillers, count: Before: 209461, After: 208619 (-0.40%)
[INFO GPL-0077] Filler area (um^2)     : Before: 1541146.173, After: 1534951.009 (-0.40%)
[INFO GPL-0078] Removed fillers count: 842, area removed: 6195.163 um^2. Remaining area to be compensated by modifying density: 1.332 um^2
[INFO GPL-0058] White space area:           4534495.190 um^2 (+0.00%)
[INFO GPL-0059] Movable instances area:     2445294.698 um^2 (+0.00%)
[INFO GPL-0060] Total filler area:          1534951.009 um^2 (-0.40%)
[INFO GPL-0061] Total non-inflated area:    2445374.203 um^2 (+0.00%)
[INFO GPL-0062] Total inflated area:        2451570.699 um^2 (+0.00%)
[INFO GPL-0063] New Target Density:             0.5393
[INFO GPL-0087] Routability end iteration: increase inflation and revert back to snapshot.
Iteration | Overflow |     HPWL (um) |  HPWL(%) |   Penalty | Group
---------------------------------------------------------------
     2020 |   0.6351 |  2.720312e+06 |  -21.74% |  1.47e-09 |      
     2030 |   0.4698 |  4.643807e+06 |  +70.71% |  1.76e-09 |      
     2040 |   0.4733 |  4.341584e+06 |   -6.51% |  2.54e-09 |      
     2050 |   0.4305 |  4.766955e+06 |   +9.80% |  3.46e-09 |      
     2060 |   0.4127 |  4.661888e+06 |   -2.20% |  5.01e-09 |      
     2070 |   0.4092 |  4.044187e+06 |  -13.25% |  7.37e-09 |      
     2080 |   0.3885 |  3.701205e+06 |   -8.48% |  1.09e-08 |      
     2090 |   0.3587 |  3.623871e+06 |   -2.09% |  1.60e-08 |      
     2100 |   0.3341 |  3.529520e+06 |   -2.60% |  2.36e-08 |      
     2110 |   0.3071 |  3.489362e+06 |   -1.14% |  3.47e-08 |      
[INFO GPL-0040] Routability iteration: 19
[INFO GPL-0041] Total routing overflow: 76.0006
[INFO GPL-0042] Number of overflowed tiles: 1494 (1.54%)
[INFO GPL-0043] Average top 0.5% routing congestion: 1.1027
[INFO GPL-0044] Average top 1.0% routing congestion: 1.0724
[INFO GPL-0045] Average top 2.0% routing congestion: 1.0373
[INFO GPL-0046] Average top 5.0% routing congestion: 0.9816
[INFO GPL-0047] Routability iteration weighted routing congestion: 1.0875
[INFO GPL-0049] Routing congestion (1.0875) higher than minimum (1.0840). Consecutive non-improvement count: 2.
[INFO GPL-0086] Inflated area:                6441.364 um^2 (+0.71%)
[INFO GPL-0052] Placement target density:       0.5393
[INFO GPL-0076] Removing fillers, count: Before: 208619, After: 207744 (-0.42%)
[INFO GPL-0077] Filler area (um^2)     : Before: 1534951.009, After: 1528513.043 (-0.42%)
[INFO GPL-0078] Removed fillers count: 875, area removed: 6437.967 um^2. Remaining area to be compensated by modifying density: 3.398 um^2
[INFO GPL-0058] White space area:           4534495.190 um^2 (+0.00%)
[INFO GPL-0059] Movable instances area:     2445294.698 um^2 (+0.00%)
[INFO GPL-0060] Total filler area:          1528513.043 um^2 (-0.42%)
[INFO GPL-0061] Total non-inflated area:    2445377.601 um^2 (+0.00%)
[INFO GPL-0062] Total inflated area:        2451818.965 um^2 (+0.00%)
[INFO GPL-0063] New Target Density:             0.5393
[INFO GPL-0087] Routability end iteration: increase inflation and revert back to snapshot.
Iteration | Overflow |     HPWL (um) |  HPWL(%) |   Penalty | Group
---------------------------------------------------------------
     2120 |   0.5130 |  4.010683e+06 |  +14.94% |  1.54e-09 |      
     2130 |   0.5099 |  4.091632e+06 |   +2.02% |  2.03e-09 |      
     2140 |   0.4290 |  5.175412e+06 |  +26.49% |  2.72e-09 |      
     2150 |   0.4362 |  4.531579e+06 |  -12.44% |  3.96e-09 |      
     2160 |   0.4057 |  4.570744e+06 |   +0.86% |  5.73e-09 |      
     2170 |   0.4040 |  3.885744e+06 |  -14.99% |  8.44e-09 |      
     2180 |   0.3777 |  3.701852e+06 |   -4.73% |  1.24e-08 |      
     2190 |   0.3529 |  3.602639e+06 |   -2.68% |  1.83e-08 |      
     2200 |   0.3249 |  3.536215e+06 |   -1.84% |  2.70e-08 |      
     2210 |   0.2984 |  3.487815e+06 |   -1.37% |  3.97e-08 |      
[INFO GPL-0040] Routability iteration: 20
[INFO GPL-0041] Total routing overflow: 63.8869
[INFO GPL-0042] Number of overflowed tiles: 1309 (1.35%)
[INFO GPL-0043] Average top 0.5% routing congestion: 1.0936
[INFO GPL-0044] Average top 1.0% routing congestion: 1.0631
[INFO GPL-0045] Average top 2.0% routing congestion: 1.0290
[INFO GPL-0046] Average top 5.0% routing congestion: 0.9750
[INFO GPL-0047] Routability iteration weighted routing congestion: 1.0783
[INFO GPL-0048] Routing congestion (1.0783) lower than previous minimum (1.084). Updating minimum.
[INFO GPL-0086] Inflated area:                5392.600 um^2 (+0.59%)
[INFO GPL-0052] Placement target density:       0.5393
[INFO GPL-0076] Removing fillers, count: Before: 207744, After: 207012 (-0.35%)
[INFO GPL-0077] Filler area (um^2)     : Before: 1528513.043, After: 1523127.224 (-0.35%)
[INFO GPL-0078] Removed fillers count: 732, area removed: 5385.819 um^2. Remaining area to be compensated by modifying density: 6.781 um^2
[INFO GPL-0058] White space area:           4534495.190 um^2 (+0.00%)
[INFO GPL-0059] Movable instances area:     2445294.698 um^2 (+0.00%)
[INFO GPL-0060] Total filler area:          1523127.224 um^2 (-0.35%)
[INFO GPL-0061] Total non-inflated area:    2445384.382 um^2 (+0.00%)
[INFO GPL-0062] Total inflated area:        2450776.981 um^2 (+0.00%)
[INFO GPL-0063] New Target Density:             0.5393
[INFO GPL-0087] Routability end iteration: increase inflation and revert back to snapshot.
Iteration | Overflow |     HPWL (um) |  HPWL(%) |   Penalty | Group
---------------------------------------------------------------
     2220 |   0.4707 |  4.858349e+06 |  +39.29% |  1.61e-09 |      
     2230 |   0.5039 |  4.093787e+06 |  -15.74% |  2.25e-09 |      
     2240 |   0.4164 |  5.287941e+06 |  +29.17% |  2.96e-09 |      
     2250 |   0.4204 |  4.772299e+06 |   -9.75% |  4.34e-09 |      
     2260 |   0.4121 |  4.333385e+06 |   -9.20% |  6.32e-09 |      
     2270 |   0.3966 |  3.827922e+06 |  -11.66% |  9.31e-09 |      
     2280 |   0.3688 |  3.724500e+06 |   -2.70% |  1.37e-08 |      
     2290 |   0.3446 |  3.613242e+06 |   -2.99% |  2.02e-08 |      
     2300 |   0.3184 |  3.553630e+06 |   -1.65% |  2.98e-08 |      
[INFO GPL-0040] Routability iteration: 21
[INFO GPL-0041] Total routing overflow: 60.3970
[INFO GPL-0042] Number of overflowed tiles: 1285 (1.33%)
[INFO GPL-0043] Average top 0.5% routing congestion: 1.0889
[INFO GPL-0044] Average top 1.0% routing congestion: 1.0599
[INFO GPL-0045] Average top 2.0% routing congestion: 1.0269
[INFO GPL-0046] Average top 5.0% routing congestion: 0.9743
[INFO GPL-0047] Routability iteration weighted routing congestion: 1.0744
[INFO GPL-0048] Routing congestion (1.0744) lower than previous minimum (1.078). Updating minimum.
[INFO GPL-0086] Inflated area:                5261.370 um^2 (+0.57%)
[INFO GPL-0052] Placement target density:       0.5393
[INFO GPL-0076] Removing fillers, count: Before: 207012, After: 206297 (-0.35%)
[INFO GPL-0077] Filler area (um^2)     : Before: 1523127.224, After: 1517866.486 (-0.35%)
[INFO GPL-0078] Removed fillers count: 715, area removed: 5260.738 um^2. Remaining area to be compensated by modifying density: 0.631 um^2
[INFO GPL-0058] White space area:           4534495.190 um^2 (+0.00%)
[INFO GPL-0059] Movable instances area:     2445294.698 um^2 (+0.00%)
[INFO GPL-0060] Total filler area:          1517866.486 um^2 (-0.35%)
[INFO GPL-0061] Total non-inflated area:    2445385.013 um^2 (+0.00%)
[INFO GPL-0062] Total inflated area:        2450646.383 um^2 (+0.00%)
[INFO GPL-0063] New Target Density:             0.5393
[INFO GPL-0087] Routability end iteration: increase inflation and revert back to snapshot.
Iteration | Overflow |     HPWL (um) |  HPWL(%) |   Penalty | Group
---------------------------------------------------------------
     2310 |   0.6376 |  2.742939e+06 |  -22.81% |  1.47e-09 |      
     2320 |   0.4575 |  4.979380e+06 |  +81.53% |  1.68e-09 |      
     2330 |   0.4653 |  4.692846e+06 |   -5.75% |  2.40e-09 |      
     2340 |   0.4244 |  5.026005e+06 |   +7.10% |  3.23e-09 |      
     2350 |   0.4104 |  4.931731e+06 |   -1.88% |  4.68e-09 |      
     2360 |   0.4125 |  4.170681e+06 |  -15.43% |  6.89e-09 |      
     2370 |   0.3913 |  3.817256e+06 |   -8.47% |  1.02e-08 |      
     2380 |   0.3651 |  3.711899e+06 |   -2.76% |  1.50e-08 |      
     2390 |   0.3374 |  3.615933e+06 |   -2.59% |  2.20e-08 |      
     2400 |   0.3117 |  3.565981e+06 |   -1.38% |  3.25e-08 |      
[INFO GPL-0040] Routability iteration: 22
[INFO GPL-0041] Total routing overflow: 67.5738
[INFO GPL-0042] Number of overflowed tiles: 1296 (1.34%)
[INFO GPL-0043] Average top 0.5% routing congestion: 1.1024
[INFO GPL-0044] Average top 1.0% routing congestion: 1.0671
[INFO GPL-0045] Average top 2.0% routing congestion: 1.0311
[INFO GPL-0046] Average top 5.0% routing congestion: 0.9772
[INFO GPL-0047] Routability iteration weighted routing congestion: 1.0848
[INFO GPL-0049] Routing congestion (1.0848) higher than minimum (1.0744). Consecutive non-improvement count: 1.
[INFO GPL-0086] Inflated area:                5601.164 um^2 (+0.60%)
[INFO GPL-0052] Placement target density:       0.5393
[INFO GPL-0076] Removing fillers, count: Before: 206297, After: 205536 (-0.37%)
[INFO GPL-0077] Filler area (um^2)     : Before: 1517866.486, After: 1512267.294 (-0.37%)
[INFO GPL-0078] Removed fillers count: 761, area removed: 5599.191 um^2. Remaining area to be compensated by modifying density: 1.973 um^2
[INFO GPL-0058] White space area:           4534495.190 um^2 (+0.00%)
[INFO GPL-0059] Movable instances area:     2445294.698 um^2 (+0.00%)
[INFO GPL-0060] Total filler area:          1512267.294 um^2 (-0.37%)
[INFO GPL-0061] Total non-inflated area:    2445386.986 um^2 (+0.00%)
[INFO GPL-0062] Total inflated area:        2450988.150 um^2 (+0.00%)
[INFO GPL-0063] New Target Density:             0.5393
[INFO GPL-0087] Routability end iteration: increase inflation and revert back to snapshot.
Iteration | Overflow |     HPWL (um) |  HPWL(%) |   Penalty | Group
---------------------------------------------------------------
     2410 |   0.5598 |  3.550345e+06 |   -0.44% |  1.49e-09 |      
     2420 |   0.4877 |  4.509778e+06 |  +27.02% |  1.78e-09 |      
     2430 |   0.4364 |  5.346244e+06 |  +18.55% |  2.41e-09 |      
     2440 |   0.4291 |  4.919848e+06 |   -7.98% |  3.41e-09 |      
     2450 |   0.4046 |  4.952807e+06 |   +0.67% |  4.95e-09 |      
     2460 |   0.4101 |  4.111274e+06 |  -16.99% |  7.29e-09 |      
     2470 |   0.3855 |  3.840264e+06 |   -6.59% |  1.07e-08 |      
     2480 |   0.3593 |  3.716899e+06 |   -3.21% |  1.58e-08 |      
     2490 |   0.3339 |  3.635638e+06 |   -2.19% |  2.33e-08 |      
     2500 |   0.3069 |  3.574849e+06 |   -1.67% |  3.43e-08 |      
[INFO GPL-0040] Routability iteration: 23
[INFO GPL-0041] Total routing overflow: 64.7982
[INFO GPL-0042] Number of overflowed tiles: 1306 (1.35%)
[INFO GPL-0043] Average top 0.5% routing congestion: 1.0945
[INFO GPL-0044] Average top 1.0% routing congestion: 1.0639
[INFO GPL-0045] Average top 2.0% routing congestion: 1.0294
[INFO GPL-0046] Average top 5.0% routing congestion: 0.9754
[INFO GPL-0047] Routability iteration weighted routing congestion: 1.0792
[INFO GPL-0049] Routing congestion (1.0792) higher than minimum (1.0744). Consecutive non-improvement count: 2.
[INFO GPL-0086] Inflated area:                5723.963 um^2 (+0.61%)
[INFO GPL-0052] Placement target density:       0.5393
[INFO GPL-0076] Removing fillers, count: Before: 205536, After: 204759 (-0.38%)
[INFO GPL-0077] Filler area (um^2)     : Before: 1512267.294, After: 1506550.380 (-0.38%)
[INFO GPL-0078] Removed fillers count: 777, area removed: 5716.914 um^2. Remaining area to be compensated by modifying density: 7.049 um^2
[INFO GPL-0058] White space area:           4534495.190 um^2 (+0.00%)
[INFO GPL-0059] Movable instances area:     2445294.698 um^2 (+0.00%)
[INFO GPL-0060] Total filler area:          1506550.380 um^2 (-0.38%)
[INFO GPL-0061] Total non-inflated area:    2445394.034 um^2 (+0.00%)
[INFO GPL-0062] Total inflated area:        2451117.997 um^2 (+0.00%)
[INFO GPL-0063] New Target Density:             0.5393
[INFO GPL-0087] Routability end iteration: increase inflation and revert back to snapshot.
Iteration | Overflow |     HPWL (um) |  HPWL(%) |   Penalty | Group
---------------------------------------------------------------
     2510 |   0.5062 |  4.308689e+06 |  +20.53% |  1.51e-09 |      
     2520 |   0.5052 |  4.345660e+06 |   +0.86% |  1.92e-09 |      
     2530 |   0.4170 |  5.679966e+06 |  +30.70% |  2.50e-09 |      
     2540 |   0.4243 |  4.973016e+06 |  -12.45% |  3.66e-09 |      
     2550 |   0.4074 |  4.798163e+06 |   -3.52% |  5.32e-09 |      
     2560 |   0.4051 |  4.042552e+06 |  -15.75% |  7.84e-09 |      
     2570 |   0.3788 |  3.863672e+06 |   -4.42% |  1.16e-08 |      
     2580 |   0.3539 |  3.732353e+06 |   -3.40% |  1.70e-08 |      
     2590 |   0.3289 |  3.654177e+06 |   -2.09% |  2.51e-08 |      
     2600 |   0.3015 |  3.596951e+06 |   -1.57% |  3.69e-08 |      
[INFO GPL-0040] Routability iteration: 24
[INFO GPL-0041] Total routing overflow: 61.3899
[INFO GPL-0042] Number of overflowed tiles: 1303 (1.35%)
[INFO GPL-0043] Average top 0.5% routing congestion: 1.0903
[INFO GPL-0044] Average top 1.0% routing congestion: 1.0608
[INFO GPL-0045] Average top 2.0% routing congestion: 1.0275
[INFO GPL-0046] Average top 5.0% routing congestion: 0.9753
[INFO GPL-0047] Routability iteration weighted routing congestion: 1.0756
[INFO GPL-0049] Routing congestion (1.0756) higher than minimum (1.0744). Consecutive non-improvement count: 3.
[INFO GPL-0086] Inflated area:                5311.572 um^2 (+0.57%)
[INFO GPL-0052] Placement target density:       0.5393
[INFO GPL-0076] Removing fillers, count: Before: 204759, After: 204038 (-0.35%)
[INFO GPL-0077] Filler area (um^2)     : Before: 1506550.380, After: 1501245.496 (-0.35%)
[INFO GPL-0078] Removed fillers count: 721, area removed: 5304.884 um^2. Remaining area to be compensated by modifying density: 6.688 um^2
[INFO GPL-0054] No improvement in routing congestion for 3 consecutive iterations (limit is 3).
[INFO GPL-0055] Reverting inflation values and target density from the iteration with minimum observed routing congestion.
[INFO GPL-0056] Minimum observed routing congestion: 1.0744
[INFO GPL-0057] Target density at minimum routing congestion: 0.5393
[INFO GPL-0080] Restoring 2974 previously removed fillers.
[INFO GPL-0081] Number of fillers before restoration 204038 and after 207012 . Relative change: +1.46%%
[INFO GPL-0082] Total filler area before restoration 1501245.50 and after 1523127.22 (um^2). Relative change: +1.46%%
[INFO GPL-0089] Routability finished. Reverting to minimal observed routing congestion, could not reach target.
Iteration | Overflow |     HPWL (um) |  HPWL(%) |   Penalty | Group
---------------------------------------------------------------
     2610 |   0.4836 |  4.494958e+06 |  +24.97% |  1.58e-09 |      
     2620 |   0.5027 |  4.066831e+06 |   -9.52% |  2.18e-09 |      
     2630 |   0.4122 |  5.271069e+06 |  +29.61% |  2.88e-09 |      
     2640 |   0.4195 |  4.649553e+06 |  -11.79% |  4.24e-09 |      
     2650 |   0.4012 |  4.434116e+06 |   -4.63% |  6.15e-09 |      
     2660 |   0.3932 |  3.858590e+06 |  -12.98% |  9.07e-09 |      
     2670 |   0.3648 |  3.728616e+06 |   -3.37% |  1.34e-08 |      
     2680 |   0.3424 |  3.617280e+06 |   -2.99% |  1.97e-08 |      
     2690 |   0.3158 |  3.559993e+06 |   -1.58% |  2.90e-08 |      
     2700 |   0.2882 |  3.507042e+06 |   -1.49% |  4.27e-08 |      
     2710 |   0.2647 |  3.461262e+06 |   -1.31% |  6.29e-08 |      
     2720 |   0.2400 |  3.427371e+06 |   -0.98% |  9.26e-08 |      
     2730 |   0.2176 |  3.398915e+06 |   -0.83% |  1.36e-07 |      
     2740 |   0.1959 |  3.388784e+06 |   -0.30% |  2.01e-07 |      
[INFO GPL-0100] Timing-driven iteration 2/2, virtual: false.
[INFO GPL-0101]    Iter: 2742, overflow: 0.193, keep resizer changes at: 1, HPWL: 3386843477
Iteration |   Area    | Resized | Buffers | Nets repaired | Remaining
---------------------------------------------------------------------
        0 |     +0.0% |       0 |       0 |             0 |     95936
    final |     +0.3% |     144 |     113 |           154 |         0
---------------------------------------------------------------------
[INFO RSZ-0034] Found 152 slew violations.
[INFO RSZ-0036] Found 13 capacitance violations.
[INFO RSZ-0039] Resized 144 instances.
[INFO RSZ-0038] Inserted 113 buffers in 154 nets.
   Iter   |    Area   | Removed | Inserted |   Pins
          |           | Buffers | Buffers  | Remaining
-------------------------------------------------------
        0 |     +0.0% |       0 |        0 |     72636
     7200 |     +0.8% |    2333 |     2928 |     65436
    14400 |     +1.3% |    4978 |     5926 |     58236
    21600 |     +1.5% |    7792 |     8901 |     51036
    28800 |     +1.9% |   11207 |    12422 |     43836
    36000 |     +1.3% |   14028 |    14662 |     36636
    43200 |     -0.9% |   16998 |    15604 |     29436
    50400 |     -1.6% |   19262 |    17159 |     22236
    57600 |     -2.5% |   20734 |    17845 |     15036
    64800 |     -2.8% |   22040 |    18785 |      7836
    72000 |     -2.8% |   22497 |    19240 |       636
    final |     -2.8% |   23209 |    19928 |         0
-------------------------------------------------------
[INFO GPL-0106] Timing-driven: worst slack -7.0160944e-09
[INFO GPL-0107] Timing-driven: repair_design delta area: -66649.164 um^2 (-7.10%)
[INFO GPL-0108] Timing-driven: repair_design, gpl delta gcells: -3168 (-3.52%)
[INFO GPL-0109] Timing-driven: repair_design, gcells created: 20041, deleted: 23209
[INFO GPL-0110] Timing-driven: new target density: 0.52824444
Iteration | Overflow |     HPWL (um) |  HPWL(%) |   Penalty | Group
---------------------------------------------------------------
     2750 |   0.1846 |  3.377197e+06 |   -0.34% |  2.93e-07 |      
     2760 |   0.1623 |  3.325978e+06 |   -1.52% |  4.32e-07 |      
     2770 |   0.1431 |  3.297368e+06 |   -0.86% |  6.36e-07 |      
     2780 |   0.1261 |  3.281754e+06 |   -0.47% |  9.37e-07 |      
     2790 |   0.1120 |  3.277981e+06 |   -0.11% |  1.38e-06 |      
     2800 |   0.1016 |  3.281271e+06 |   +0.10% |  2.03e-06 |      
     2802 |   0.0998 |  3.282617e+06 |          |  2.28e-06 |      
---------------------------------------------------------------
[INFO GPL-1001] Global placement finished at iteration 2802
[INFO GPL-1017] Routability mode iteration count: 2310
[INFO GPL-1005] Routability final weighted congestion: 1.0462
[INFO GPL-1002] Placed Cell Area            855607.9953
[INFO GPL-1003] Available Free Area         4534495.1904
[INFO GPL-1004] Minimum Feasible Density        0.1200 (cell_area / free_area)
[INFO GPL-1006]   Suggested Target Densities:
[INFO GPL-1007]     - For 90% usage of free space: 0.2097
[INFO GPL-1008]     - For 80% usage of free space: 0.2359
[INFO GPL-1009]     - For 50% usage of free space: 0.3774
[INFO GPL-1011] Original area (um^2): 504269.19
[INFO GPL-1012] Total routability artificial inflation: 239940.91 (+47.58%)
[INFO GPL-1013] Total timing-driven delta area: 111397.89 (+22.09%)
[INFO GPL-1014] Final placement area: 855608.00 (+69.67%)
Took 327 seconds: global_placement -density 0.5 -pad_left 0 -pad_right 0 -routability_driven -timing_driven -force_center_initial_place -min_phi_coef 0.95 -max_phi_coef 1.05
estimate_parasitics -placement
Report metrics stage 3, global place...

==========================================================================
global place report_design_area
--------------------------------------------------------------------------
Design area 686617 um^2 15% utilization.
write_db ./results/sky130hd/d_dsp03_cand_chat_v2/base/3_3_place_gp.odb
Elapsed time: 5:35.28[h:]min:sec. CPU time: user 2427.73 sys 81.39 (748%). Peak memory: 1326440KB.
Log                       Ext     Elapsed/s Peak Memory/MB sha1sum result [0:20)
3_3_place_gp              .odb          335           1295 e76ba75a3c607ed569d6
/OpenROAD-flow-scripts/flow/scripts/flow.sh 3_4_place_resized resize
Running resize.tcl, stage 3_4_place_resized
read_liberty /OpenROAD-flow-scripts/flow/platforms/sky130hd/lib/sky130_fd_sc_hd__tt_025C_1v80.lib
read_db ./results/sky130hd/d_dsp03_cand_chat_v2/base/3_3_place_gp.odb
read_sdc ./results/sky130hd/d_dsp03_cand_chat_v2/base/2_floorplan.sdc
source /OpenROAD-flow-scripts/flow/platforms/sky130hd/setRC.tcl
estimate_parasitics -placement
Perform buffer insertion and gate resizing...
repair_design -verbose -match_cell_footprint
Iteration |   Area    | Resized | Buffers | Nets repaired | Remaining
---------------------------------------------------------------------
        0 |     +0.0% |       0 |       0 |             0 |     92768
     1000 |     +0.0% |       0 |       0 |             0 |     91768
     2000 |     +0.0% |       0 |       0 |             0 |     90768
     3000 |     +0.0% |       0 |       0 |             0 |     89768
     4000 |     +0.0% |       0 |       0 |             0 |     88768
     5000 |     +0.0% |       0 |       0 |             0 |     87768
     6000 |     +0.0% |       0 |       0 |             0 |     86768
     7000 |     +0.0% |       0 |       0 |             0 |     85768
     8000 |     +0.0% |       0 |       0 |             0 |     84768
     9000 |     +0.0% |       0 |       0 |             0 |     83768
    10000 |     +0.0% |       0 |       0 |             0 |     82768
    11000 |     +0.0% |       0 |       0 |             0 |     81768
    12000 |     +0.0% |       0 |       0 |             0 |     80768
    13000 |     +0.0% |       0 |       0 |             0 |     79768
    14000 |     +0.0% |       0 |       0 |             0 |     78768
    15000 |     +0.0% |       0 |       0 |             0 |     77768
    16000 |     +0.0% |       0 |       0 |             0 |     76768
    17000 |     +0.0% |       0 |       0 |             0 |     75768
    18000 |     +0.0% |       0 |       0 |             0 |     74768
    19000 |     +0.0% |       0 |       0 |             0 |     73768
    20000 |     +0.0% |       0 |       0 |             0 |     72768
    21000 |     +0.0% |       0 |       0 |             0 |     71768
    22000 |     +0.0% |       1 |       1 |             1 |     70768
    23000 |     +0.0% |       1 |       1 |             1 |     69768
    24000 |     +0.0% |       1 |       1 |             1 |     68768
    25000 |     +0.0% |       1 |       1 |             1 |     67768
    26000 |     +0.0% |       1 |       1 |             1 |     66768
    27000 |     +0.0% |       1 |       1 |             1 |     65768
    28000 |     +0.0% |       1 |       1 |             1 |     64768
    29000 |     +0.0% |       1 |       1 |             1 |     63768
    30000 |     +0.0% |       1 |       1 |             1 |     62768
    31000 |     +0.0% |       1 |       1 |             1 |     61768
    32000 |     +0.0% |       1 |       1 |             1 |     60768
    33000 |     +0.0% |       1 |       1 |             1 |     59768
    34000 |     +0.0% |       1 |       1 |             1 |     58768
    35000 |     +0.0% |       1 |       1 |             1 |     57768
    36000 |     +0.0% |       1 |       1 |             1 |     56768
    37000 |     +0.0% |       1 |       1 |             1 |     55768
    38000 |     +0.0% |       1 |       1 |             1 |     54768
    39000 |     +0.0% |       1 |       1 |             1 |     53768
    40000 |     +0.0% |       1 |       1 |             1 |     52768
    41000 |     +0.0% |       1 |       1 |             1 |     51768
    42000 |     +0.0% |       1 |       1 |             1 |     50768
    43000 |     +0.0% |       1 |       1 |             1 |     49768
    44000 |     +0.0% |       1 |       1 |             1 |     48768
    45000 |     +0.0% |       1 |       1 |             1 |     47768
    46000 |     +0.0% |       1 |       1 |             1 |     46768
    47000 |     +0.0% |       1 |       1 |             1 |     45768
    48000 |     +0.0% |       1 |       1 |             1 |     44768
    49000 |     +0.0% |       1 |       1 |             1 |     43768
    50000 |     +0.0% |       1 |       1 |             1 |     42768
    51000 |     +0.0% |       1 |       1 |             1 |     41768
    52000 |     +0.0% |       1 |       1 |             1 |     40768
    53000 |     +0.0% |       1 |       1 |             1 |     39768
    54000 |     +0.0% |       1 |       1 |             1 |     38768
    55000 |     +0.0% |       1 |       1 |             1 |     37768
    56000 |     +0.0% |       1 |       1 |             1 |     36768
    57000 |     +0.0% |       1 |       1 |             1 |     35768
    58000 |     +0.0% |       1 |       1 |             1 |     34768
    59000 |     +0.0% |       1 |       1 |             1 |     33768
    60000 |     +0.0% |       1 |       1 |             1 |     32768
    61000 |     +0.0% |       1 |       1 |             1 |     31768
    62000 |     +0.0% |       1 |       1 |             1 |     30768
    63000 |     +0.0% |       1 |       1 |             1 |     29768
    64000 |     +0.0% |       1 |       1 |             1 |     28768
    65000 |     +0.0% |       1 |       1 |             1 |     27768
    66000 |     +0.0% |       1 |       1 |             1 |     26768
    67000 |     +0.0% |       1 |       1 |             1 |     25768
    68000 |     +0.0% |       1 |       1 |             1 |     24768
    69000 |     +0.0% |       1 |       1 |             1 |     23768
    70000 |     +0.0% |       1 |       1 |             1 |     22768
    71000 |     +0.0% |       1 |       1 |             1 |     21768
    72000 |     +0.0% |       1 |       1 |             1 |     20768
    73000 |     +0.0% |       1 |       1 |             1 |     19768
    74000 |     +0.0% |       1 |       1 |             1 |     18768
    75000 |     +0.0% |       1 |       1 |             1 |     17768
    76000 |     +0.0% |       1 |       1 |             1 |     16768
    77000 |     +0.0% |       1 |       1 |             1 |     15768
    78000 |     +0.0% |       1 |       1 |             1 |     14768
    79000 |     +0.0% |       1 |       1 |             1 |     13768
    80000 |     +0.0% |       1 |       1 |             1 |     12768
    81000 |     +0.0% |       1 |       1 |             1 |     11768
    82000 |     +0.0% |       2 |       1 |             2 |     10768
    83000 |     +0.0% |       3 |       1 |             3 |      9768
    84000 |     +0.0% |       3 |       1 |             3 |      8768
    85000 |     +0.0% |       3 |       1 |             3 |      7768
    86000 |     +0.0% |       3 |       1 |             3 |      6768
    87000 |     +0.0% |       3 |       1 |             3 |      5768
    88000 |     +0.0% |       3 |       1 |             3 |      4768
    89000 |     +0.0% |       3 |       1 |             3 |      3768
    90000 |     +0.0% |       3 |       1 |             3 |      2768
    91000 |     +0.0% |       3 |       1 |             3 |      1768
    92000 |     +0.0% |       3 |       1 |             3 |       768
    final |     +0.0% |       4 |       1 |             3 |         0
---------------------------------------------------------------------
[INFO RSZ-0034] Found 4 slew violations.
[INFO RSZ-0039] Resized 4 instances.
[INFO RSZ-0038] Inserted 1 buffers in 3 nets.
[INFO RSZ-0504] Runtime: 6.55s
Took 7 seconds: repair_design -verbose -match_cell_footprint
Floating nets: 
Report metrics stage 3, resizer...

==========================================================================
resizer report_design_area
--------------------------------------------------------------------------
Design area 686655 um^2 15% utilization.
Instance count before 148195, after 148196
Pin count before 293047, after 293049
write_db ./results/sky130hd/d_dsp03_cand_chat_v2/base/3_4_place_resized.odb
Elapsed time: 0:18.94[h:]min:sec. CPU time: user 27.00 sys 10.72 (199%). Peak memory: 586860KB.
Log                       Ext     Elapsed/s Peak Memory/MB sha1sum result [0:20)
3_4_place_resized         .odb           18            573 91c8f52d54d98b29e6b9
/OpenROAD-flow-scripts/flow/scripts/flow.sh 3_5_place_dp detail_place
Running detail_place.tcl, stage 3_5_place_dp
read_liberty /OpenROAD-flow-scripts/flow/platforms/sky130hd/lib/sky130_fd_sc_hd__tt_025C_1v80.lib
read_db ./results/sky130hd/d_dsp03_cand_chat_v2/base/3_4_place_resized.odb
read_sdc ./results/sky130hd/d_dsp03_cand_chat_v2/base/2_floorplan.sdc
source /OpenROAD-flow-scripts/flow/platforms/sky130hd/setRC.tcl
detailed_placement
[INFO DPL-0006] Core area: 4611196.25 um^2
[INFO DPL-0007] Movable instances area: 609953.74 um^2
[INFO DPL-0008] Fixed instances area within core: 76701.06 um^2
[INFO DPL-0009] Utilization: 14.9%
[INFO DPL-0005] Diamond search max displacement: +/- 500 sites horizontally, +/- 100 rows vertically.
[INFO DPL-1102] Legalizing using negotiation legalizer.
[INFO DPL-1103] Negotiation base search window: +/-20 sites horizontally, +/-5 rows vertically 
	Automatic search window extension enabled.
	Search window extendable up to the max displacement cap of +/-500 sites, +/-100 rows near walls.
[INFO DPL-1104] NegotiationLegalizer DRC penalty: 5.
[INFO DPL-0392] Negotiation cell height distribution (1 unique row-count(s)):
[INFO DPL-0393]   height 1 row(s): 148196 cells
          |      Total |  Illegal |  Illegal
Iteration | Violations |    Cells |    Sites
---------------------------------------------
        0 |        105 |        25 |        80
        1 |          0 |         0 |         0
Negotiation phase 1 converged at iteration 1.
[INFO DPL-0500] Runtime: 1.03s
Placement Analysis
---------------------------------
total displacement     216451.1 u
average displacement        1.5 u
max displacement           20.4 u
original HPWL         3285247.4 u
legalized HPWL        3386105.1 u
delta HPWL                    3 %

improve_placement -max_displacement "5 1"
Detailed placement improvement.
[INFO DPL-0401] Setting random seed to 1.
[INFO DPL-0402] Setting maximum displacement 5 1 to 13600 2720 units.
[INFO DPL-0320] Collected 61575 fixed cells.
[INFO DPL-0318] Collected 86894 single height cells.
[INFO DPL-0321] Collected 0 wide cells.
[INFO DPL-0322] Image (1380, 2720) - (2150040, 2148800)
[INFO DPL-0310] Assigned 86894 cells into segments.  Movement in X-direction is 0.000000, movement in Y-direction is 0.000000.
[INFO DPL-0313] Found 0 cells in wrong regions.
[INFO DPL-0315] Found 0 row alignment problems.
[INFO DPL-0314] Found 0 site alignment problems.
[INFO DPL-0311] Found 0 overlaps between adjacent cells.
[INFO DPL-0312] Found 0 edge spacing violations and 0 padding violations.
[INFO DPL-0303] Running algorithm for independent set matching.
[INFO DPL-0300] Set matching objective is wirelength.
[INFO DPL-0301] Pass   1 of matching; objective is 3.386624e+09.
[INFO DPL-0302] End of matching; objective is 3.385806e+09, improvement is 0.02 percent.
[INFO DPL-0303] Running algorithm for global swaps.
[INFO DPL-0306] Pass   1 of global swaps; hpwl is 3.328848e+09.
[INFO DPL-0306] Pass   2 of global swaps; hpwl is 3.315580e+09.
[INFO DPL-0307] End of global swaps; objective is 3.315580e+09, improvement is 2.07 percent.
[INFO DPL-0303] Running algorithm for vertical swaps.
[INFO DPL-0308] Pass   1 of vertical swaps; hpwl is 3.303711e+09.
[INFO DPL-0309] End of vertical swaps; objective is 3.303711e+09, improvement is 0.36 percent.
[INFO DPL-0303] Running algorithm for reordering.
[INFO DPL-0304] Pass   1 of reordering; objective is 3.302249e+09.
[INFO DPL-0305] End of reordering; objective is 3.302249e+09, improvement is 0.04 percent.
[INFO DPL-0303] Running algorithm for random improvement.
[INFO DPL-0324] Random improver is using random generator.
[INFO DPL-0325] Random improver is using hpwl objective.
[INFO DPL-0326] Random improver cost string is (a).
[INFO DPL-0332] End of pass, Generator random called 1737880 times.
[INFO DPL-0335] Generator random, Cumulative attempts 1737880, swaps 148731, moves 682645 since last reset.
[INFO DPL-0333] End of pass, Objective hpwl, Initial cost 3.302249e+09, Scratch cost 3.266807e+09, Incremental cost 3.266807e+09, Mismatch? N
[INFO DPL-0338] End of pass, Total cost is 3.266807e+09.
[INFO DPL-0327] Pass   1 of random improver; improvement in cost is 1.07 percent.
[INFO DPL-0332] End of pass, Generator random called 1737880 times.
[INFO DPL-0335] Generator random, Cumulative attempts 3475760, swaps 295237, moves 1353330 since last reset.
[INFO DPL-0333] End of pass, Objective hpwl, Initial cost 3.266807e+09, Scratch cost 3.253012e+09, Incremental cost 3.253012e+09, Mismatch? N
[INFO DPL-0338] End of pass, Total cost is 3.253012e+09.
[INFO DPL-0327] Pass   2 of random improver; improvement in cost is 0.42 percent.
[INFO DPL-0328] End of random improver; improvement is 1.491035 percent.
[INFO DPL-0380] Cell flipping.
[INFO DPL-0382] Changed 0 cell orientations for row compatibility.
[INFO DPL-0383] Performed 30031 cell flips.
[INFO DPL-0384] End of flipping; objective is 3.206165e+09, improvement is 1.44 percent.
[INFO DPL-0313] Found 0 cells in wrong regions.
[INFO DPL-0315] Found 0 row alignment problems.
[INFO DPL-0314] Found 0 site alignment problems.
[INFO DPL-0311] Found 0 overlaps between adjacent cells.
[INFO DPL-0312] Found 0 edge spacing violations and 0 padding violations.
Detailed Improvement Results
------------------------------------------
Original HPWL          3386105.1 u ( 1733977.9,  1652127.2)
Final HPWL             3205718.3 u ( 1649321.4,  1556396.9)
Delta HPWL                  -5.3 % (      -4.9,       -5.8)

Took 26 seconds: improve_placement -max_displacement "5 1"
optimize_mirroring
[INFO DPL-0020] Mirrored 5537 instances
[INFO DPL-0021] HPWL before          3205718.3 u
[INFO DPL-0022] HPWL after           3204692.9 u
[INFO DPL-0023] HPWL delta               -0.0 %
[INFO FLW-0012] Placement violations .
estimate_parasitics -placement
Report metrics stage 3, detailed place...

==========================================================================
detailed place report_design_area
--------------------------------------------------------------------------
Design area 686655 um^2 15% utilization.
write_db ./results/sky130hd/d_dsp03_cand_chat_v2/base/3_5_place_dp.odb
write_sdc -no_timestamp ./results/sky130hd/d_dsp03_cand_chat_v2/base/3_place.sdc
Elapsed time: 0:41.94[h:]min:sec. CPU time: user 49.75 sys 11.27 (145%). Peak memory: 849296KB.
Log                       Ext     Elapsed/s Peak Memory/MB sha1sum result [0:20)
3_5_place_dp              .odb           41            829 645cf2ba0eb716daf1ba
cp ./results/sky130hd/d_dsp03_cand_chat_v2/base/3_5_place_dp.odb ./results/sky130hd/d_dsp03_cand_chat_v2/base/3_place.odb
/OpenROAD-flow-scripts/flow/scripts/flow.sh 4_1_cts cts
Running cts.tcl, stage 4_1_cts
read_liberty /OpenROAD-flow-scripts/flow/platforms/sky130hd/lib/sky130_fd_sc_hd__tt_025C_1v80.lib
read_db ./results/sky130hd/d_dsp03_cand_chat_v2/base/3_place.odb
read_sdc ./results/sky130hd/d_dsp03_cand_chat_v2/base/3_place.sdc
source /OpenROAD-flow-scripts/flow/platforms/sky130hd/setRC.tcl
clock_tree_synthesis -sink_clustering_enable -repair_clock_nets
[INFO CTS-0050] Root buffer is sky130_fd_sc_hd__clkbuf_16.
[INFO CTS-0051] Sink buffer is sky130_fd_sc_hd__clkbuf_16.
[INFO CTS-0052] The following clock buffers will be used for CTS:
                    sky130_fd_sc_hd__clkbuf_16
[INFO CTS-0049] Characterization buffer is sky130_fd_sc_hd__clkbuf_16.
[INFO CTS-0007] Net "clk_i" found for clock "core_clock".
[INFO CTS-0010]  Clock net "clk_i" has 69 sinks.
[INFO CTS-0008] TritonCTS found 1 clock nets.
[INFO CTS-0097] Characterization used 1 buffer(s) types.
[INFO CTS-0201] 0 blockages from hard placement blockages and placed macros will be used.
[INFO CTS-0027] Generating H-Tree topology for net clk_i.
[INFO CTS-0028]  Total number of sinks: 69.
[INFO CTS-0090]  Sinks will be clustered based on buffer max cap.
[INFO CTS-0030]  Number of static layers: 0.
[INFO CTS-0020]  Wire segment unit: 13600  dbu (13 um).
[INFO CTS-0023]  Original sink region: [(659840, 1029580), (1545860, 1336820)].
[INFO CTS-0024]  Normalized sink region: [(48.5176, 75.7044), (113.666, 98.2956)].
[INFO CTS-0025]     Width:  65.1485.
[INFO CTS-0026]     Height: 22.5912.
 Level 1
    Direction: Horizontal
    Sinks per sub-region: 35
    Sub-region size: 32.5743 X 22.5912
[INFO CTS-0034]     Segment length (rounded): 16.
 Level 2
    Direction: Vertical
    Sinks per sub-region: 18
    Sub-region size: 32.5743 X 11.2956
[INFO CTS-0034]     Segment length (rounded): 6.
 Level 3
    Direction: Horizontal
    Sinks per sub-region: 9
    Sub-region size: 16.2871 X 11.2956
[INFO CTS-0034]     Segment length (rounded): 8.
[INFO CTS-0038]  Stop criterion found. Sink region hpwl is smaller than max wirelength (1911.535 um) and max number of sinks is 15.
[INFO CTS-0035]  Number of sinks covered: 69.
[INFO CTS-0018]     Created 9 clock buffers.
[INFO CTS-0012]     Minimum number of buffers in the clock path: 2.
[INFO CTS-0013]     Maximum number of buffers in the clock path: 2.
[INFO CTS-0015]     Created 9 clock nets.
[INFO CTS-0016]     Fanout distribution for the current clock = 5:1, 6:1, 7:1, 9:2, 10:2, 13:1..
[INFO CTS-0017]     Max level of the clock tree: 3.
[INFO CTS-0098] Clock net "clk_i"
[INFO CTS-0099]  Sinks 76
[INFO CTS-0100]  Leaf buffers 0
[INFO CTS-0101]  Average sink wire length 1574.70 um
[INFO CTS-0102]  Path depth 2 - 2
[INFO CTS-0207]  Dummy loads inserted 7
[INFO CTS-0500] Runtime: 3.65s
estimate_parasitics -placement
detailed_placement
[INFO DPL-0006] Core area: 4611196.25 um^2
[INFO DPL-0007] Movable instances area: 610275.30 um^2
[INFO DPL-0008] Fixed instances area within core: 76701.06 um^2
[INFO DPL-0009] Utilization: 14.9%
[INFO DPL-0005] Diamond search max displacement: +/- 500 sites horizontally, +/- 100 rows vertically.
[INFO DPL-1102] Legalizing using negotiation legalizer.
[INFO DPL-1103] Negotiation base search window: +/-20 sites horizontally, +/-5 rows vertically 
	Automatic search window extension enabled.
	Search window extendable up to the max displacement cap of +/-500 sites, +/-100 rows near walls.
[INFO DPL-1104] NegotiationLegalizer DRC penalty: 5.
[INFO DPL-0392] Negotiation cell height distribution (1 unique row-count(s)):
[INFO DPL-0393]   height 1 row(s): 148212 cells
          |      Total |  Illegal |  Illegal
Iteration | Violations |    Cells |    Sites
---------------------------------------------
        0 |          0 |         0 |         0
Negotiation phase 1 converged at iteration 0.
[INFO DPL-0500] Runtime: 0.63s
Placement Analysis
---------------------------------
total displacement      83665.4 u
average displacement        0.6 u
max displacement           11.3 u
original HPWL         3206954.9 u
legalized HPWL        3255574.7 u
delta HPWL                    2 %

estimate_parasitics -placement
repair_timing -setup_margin 0 -hold_margin 0 -repair_tns 100 -match_cell_footprint -verbose
[INFO RSZ-0100] Repair move sequence: UnbufferMove SizeUpMove SwapPinsMove BufferMove CloneMove SplitLoadMove 
[INFO RSZ-0094] Found 65 endpoints with setup violations.
[INFO RSZ-0099] Repairing 65 out of 65 (100.00%) violating endpoints...
   Iter   | Removed | Resized | Inserted | Cloned |  Pin  |   Area   |    WNS   |   StTNS    |   EnTNS    |  Viol  |  Worst  
          | Buffers |  Gates  | Buffers  |  Gates | Swaps |          |          |            |            | Endpts | St/EnPt 
------------------------------------------------------------------------------------------------------------------------------
       0* |       0 |       0 |        0 |      0 |     0 |    +0.0% |   -6.661 |     -690.5 |     -370.1 |     65 | flags_o\[0\]$_DFFE_PN0P_/D
      10* |       0 |       9 |        0 |      0 |     0 |    +0.0% |   -5.968 |     -629.3 |     -347.0 |     65 | flags_o\[0\]$_DFFE_PN0P_/D
      20* |       0 |      15 |        1 |      0 |     3 |    +0.0% |   -5.664 |     -605.0 |     -334.3 |     65 | flags_o\[0\]$_DFFE_PN0P_/D
      30* |       0 |      20 |        6 |      0 |     4 |    +0.0% |   -5.425 |     -576.2 |     -319.0 |     65 | flags_o\[0\]$_DFFE_PN0P_/D
      40* |       0 |      27 |        7 |      0 |     6 |    +0.0% |   -5.304 |     -557.7 |     -313.1 |     65 | flags_o\[0\]$_DFFE_PN0P_/D
      50* |       0 |      35 |       10 |      0 |     7 |    +0.0% |   -5.191 |     -544.3 |     -306.1 |     65 | flags_o\[0\]$_DFFE_PN0P_/D
      60* |       0 |      43 |       11 |      0 |     8 |    +0.0% |   -5.084 |     -534.0 |     -300.8 |     65 | flags_o\[0\]$_DFFE_PN0P_/D
      70* |       0 |      53 |       11 |      0 |     8 |    +0.1% |   -4.960 |     -516.8 |     -292.0 |     65 | flags_o\[0\]$_DFFE_PN0P_/D
      80* |       0 |      61 |       11 |      0 |    10 |    +0.1% |   -4.862 |     -506.7 |     -286.7 |     65 | flags_o\[0\]$_DFFE_PN0P_/D
      90* |       0 |      69 |       12 |      0 |    11 |    +0.1% |   -4.816 |     -499.8 |     -283.1 |     65 | flags_o\[0\]$_DFFE_PN0P_/D
     100* |       0 |      78 |       12 |      0 |    12 |    +0.1% |   -4.682 |     -490.5 |     -275.0 |     65 | flags_o\[0\]$_DFFE_PN0P_/D
     110* |       0 |      84 |       15 |      0 |    13 |    +0.1% |   -4.599 |     -480.8 |     -269.8 |     65 | flags_o\[0\]$_DFFE_PN0P_/D
     120* |       0 |      93 |       15 |      0 |    14 |    +0.1% |   -4.538 |     -472.6 |     -267.2 |     65 | flags_o\[0\]$_DFFE_PN0P_/D
     130* |       0 |     102 |       15 |      0 |    15 |    +0.1% |   -4.489 |     -465.7 |     -263.6 |     65 | flags_o\[0\]$_DFFE_PN0P_/D
     140* |       0 |     112 |       15 |      0 |    15 |    +0.1% |   -4.351 |     -447.3 |     -254.1 |     65 | flags_o\[0\]$_DFFE_PN0P_/D
     150* |       0 |     119 |       15 |      0 |    18 |    +0.1% |   -4.336 |     -445.8 |     -253.3 |     65 | flags_o\[0\]$_DFFE_PN0P_/D
     160* |       0 |     128 |       15 |      0 |    19 |    +0.1% |   -4.253 |     -438.0 |     -249.3 |     65 | flags_o\[0\]$_DFFE_PN0P_/D
     170* |       0 |     138 |       15 |      0 |    19 |    +0.1% |   -4.229 |     -434.6 |     -247.5 |     65 | flags_o\[0\]$_DFFE_PN0P_/D
     180* |       0 |     146 |       18 |      0 |    20 |    +0.1% |   -4.206 |     -427.3 |     -243.8 |     65 | flags_o\[0\]$_DFFE_PN0P_/D
     190* |       0 |     154 |       19 |      0 |    21 |    +0.1% |   -4.168 |     -424.9 |     -242.4 |     65 | flags_o\[0\]$_DFFE_PN0P_/D
     200* |       0 |     161 |       20 |      0 |    23 |    +0.1% |   -4.100 |     -421.4 |     -239.2 |     65 | flags_o\[0\]$_DFFE_PN0P_/D
     210* |       0 |     171 |       20 |      0 |    23 |    +0.1% |   -4.038 |     -414.8 |     -234.8 |     65 | flags_o\[0\]$_DFFE_PN0P_/D
     220* |       0 |     178 |       21 |      0 |    25 |    +0.1% |   -4.050 |     -414.0 |     -234.2 |     65 | flags_o\[0\]$_DFFE_PN0P_/D
     230* |       0 |     185 |       22 |      0 |    27 |    +0.1% |   -3.953 |     -405.2 |     -229.6 |     65 | flags_o\[0\]$_DFFE_PN0P_/D
     240* |       0 |     195 |       22 |      0 |    27 |    +0.2% |   -3.909 |     -398.6 |     -226.1 |     65 | flags_o\[0\]$_DFFE_PN0P_/D
     250* |       0 |     204 |       22 |      0 |    28 |    +0.2% |   -3.890 |     -397.3 |     -225.5 |     65 | flags_o\[0\]$_DFFE_PN0P_/D
     260* |       0 |     214 |       22 |      0 |    28 |    +0.2% |   -3.840 |     -392.3 |     -222.2 |     65 | flags_o\[0\]$_DFFE_PN0P_/D
     270* |       0 |     223 |       22 |      0 |    29 |    +0.2% |   -3.799 |     -386.9 |     -219.3 |     65 | flags_o\[0\]$_DFFE_PN0P_/D
     280* |       0 |     233 |       22 |      0 |    29 |    +0.2% |   -3.754 |     -381.9 |     -216.5 |     65 | flags_o\[0\]$_DFFE_PN0P_/D
     290* |       0 |     239 |       24 |      0 |    31 |    +0.2% |   -3.692 |     -374.8 |     -211.6 |     65 | flags_o\[0\]$_DFFE_PN0P_/D
     300* |       0 |     246 |       24 |      0 |    34 |    +0.2% |   -3.629 |     -368.6 |     -208.4 |     65 | flags_o\[0\]$_DFFE_PN0P_/D
     310* |       0 |     254 |       25 |      0 |    35 |    +0.2% |   -3.584 |     -361.3 |     -207.4 |     65 | flags_o\[0\]$_DFFE_PN0P_/D
     320* |       0 |     263 |       25 |      0 |    36 |    +0.2% |   -3.543 |     -358.7 |     -206.1 |     65 | flags_o\[0\]$_DFFE_PN0P_/D
     330* |       0 |     270 |       25 |      0 |    39 |    +0.2% |   -3.505 |     -353.0 |     -203.1 |     65 | flags_o\[0\]$_DFFE_PN0P_/D
     340* |       0 |     277 |       26 |      0 |    41 |    +0.2% |   -3.442 |     -345.7 |     -199.3 |     65 | flags_o\[0\]$_DFFE_PN0P_/D
     350* |       0 |     285 |       27 |      0 |    42 |    +0.2% |   -3.427 |     -344.4 |     -198.5 |     65 | flags_o\[0\]$_DFFE_PN0P_/D
     360* |       0 |     291 |       28 |      0 |    45 |    +0.2% |   -3.369 |     -335.3 |     -193.8 |     65 | flags_o\[0\]$_DFFE_PN0P_/D
     370* |       0 |     297 |       29 |      1 |    47 |    +0.2% |   -3.306 |     -328.4 |     -193.2 |     65 | flags_o\[0\]$_DFFE_PN0P_/D
     380* |       0 |     302 |       31 |      1 |    50 |    +0.2% |   -3.252 |     -321.6 |     -190.2 |     65 | flags_o\[0\]$_DFFE_PN0P_/D
     390* |       0 |     309 |       32 |      1 |    52 |    +0.2% |   -3.186 |     -314.0 |     -186.1 |     65 | flags_o\[0\]$_DFFE_PN0P_/D
     400* |       0 |     317 |       33 |      1 |    53 |    +0.2% |   -3.154 |     -309.5 |     -183.7 |     65 | flags_o\[0\]$_DFFE_PN0P_/D
     410* |       0 |     326 |       33 |      1 |    54 |    +0.2% |   -3.124 |     -306.4 |     -182.1 |     65 | flags_o\[0\]$_DFFE_PN0P_/D
     420* |       0 |     335 |       33 |      1 |    55 |    +0.2% |   -3.103 |     -304.4 |     -181.0 |     65 | flags_o\[0\]$_DFFE_PN0P_/D
     430* |       0 |     339 |       33 |      1 |    61 |    +0.2% |   -3.040 |     -296.8 |     -176.7 |     65 | flags_o\[0\]$_DFFE_PN0P_/D
     440* |       0 |     347 |       33 |      1 |    63 |    +0.3% |   -2.993 |     -291.5 |     -173.9 |     65 | flags_o\[0\]$_DFFE_PN0P_/D
     450* |       0 |     355 |       34 |      1 |    64 |    +0.3% |   -2.975 |     -289.0 |     -172.6 |     65 | flags_o\[0\]$_DFFE_PN0P_/D
     460* |       0 |     362 |       35 |      1 |    66 |    +0.3% |   -2.953 |     -285.3 |     -170.6 |     65 | flags_o\[0\]$_DFFE_PN0P_/D
     470* |       0 |     366 |       36 |      1 |    71 |    +0.3% |   -2.894 |     -280.2 |     -167.4 |     65 | flags_o\[0\]$_DFFE_PN0P_/D
     480* |       0 |     371 |       39 |      1 |    73 |    +0.3% |   -2.859 |     -275.5 |     -165.0 |     65 | flags_o\[0\]$_DFFE_PN0P_/D
     490* |       0 |     378 |       39 |      1 |    76 |    +0.3% |   -2.837 |     -272.8 |     -163.6 |     65 | flags_o\[0\]$_DFFE_PN0P_/D
     500* |       0 |     386 |       39 |      1 |    78 |    +0.3% |   -2.795 |     -267.4 |     -160.1 |     65 | flags_o\[0\]$_DFFE_PN0P_/D
     510* |       0 |     389 |       42 |      1 |    82 |    +0.3% |   -2.754 |     -264.4 |     -158.2 |     65 | flags_o\[0\]$_DFFE_PN0P_/D
     520* |       0 |     395 |       43 |      1 |    85 |    +0.3% |   -2.749 |     -263.1 |     -157.6 |     65 | flags_o\[0\]$_DFFE_PN0P_/D
     530* |       0 |     402 |       47 |      2 |    85 |    +0.3% |   -2.725 |     -260.7 |     -156.4 |     65 | flags_o\[0\]$_DFFE_PN0P_/D
     540* |       0 |     411 |       47 |      2 |    86 |    +0.3% |   -2.707 |     -258.6 |     -156.5 |     65 | flags_o\[0\]$_DFFE_PN0P_/D
     550* |       0 |     419 |       49 |      2 |    86 |    +0.3% |   -2.679 |     -255.4 |     -154.8 |     65 | flags_o\[0\]$_DFFE_PN0P_/D
     560* |       0 |     424 |       51 |      3 |    88 |    +0.3% |   -2.752 |     -259.8 |     -157.2 |     65 | flags_o\[0\]$_DFFE_PN0P_/D
     570* |       0 |     428 |       52 |      3 |    93 |    +0.3% |   -2.658 |     -252.0 |     -153.9 |     65 | flags_o\[0\]$_DFFE_PN0P_/D
     580* |       0 |     434 |       52 |      3 |    97 |    +0.3% |   -2.623 |     -248.8 |     -152.2 |     65 | flags_o\[0\]$_DFFE_PN0P_/D
     590* |       0 |     440 |       55 |      3 |    99 |    +0.3% |   -2.608 |     -246.8 |     -151.2 |     65 | flags_o\[0\]$_DFFE_PN0P_/D
     600* |       0 |     447 |       56 |      3 |   101 |    +0.3% |   -2.635 |     -246.5 |     -150.4 |     65 | flags_o\[0\]$_DFFE_PN0P_/D
     610* |       0 |     452 |       57 |      3 |   105 |    +0.3% |   -2.574 |     -242.8 |     -148.5 |     65 | flags_o\[0\]$_DFFE_PN0P_/D
     620* |       0 |     458 |       58 |      3 |   108 |    +0.4% |   -2.583 |     -242.4 |     -148.8 |     65 | flags_o\[0\]$_DFFE_PN0P_/D
     630* |       0 |     463 |       59 |      3 |   112 |    +0.4% |   -2.571 |     -241.4 |     -146.8 |     65 | flags_o\[0\]$_DFFE_PN0P_/D
     640* |       0 |     470 |       59 |      3 |   115 |    +0.4% |   -2.656 |     -247.3 |     -149.5 |     65 | flags_o\[0\]$_DFFE_PN0P_/D
     650* |       0 |     476 |       60 |      3 |   118 |    +0.4% |   -2.544 |     -240.4 |     -145.9 |     65 | flags_o\[0\]$_DFFE_PN0P_/D
     660* |       0 |     486 |       60 |      3 |   118 |    +0.4% |   -2.501 |     -236.6 |     -143.9 |     65 | flags_o\[0\]$_DFFE_PN0P_/D
     670* |       0 |     495 |       60 |      4 |   118 |    +0.4% |   -2.559 |     -240.2 |     -145.8 |     65 | flags_o\[0\]$_DFFE_PN0P_/D
     680* |       0 |     503 |       63 |      4 |   119 |    +0.4% |   -2.506 |     -236.8 |     -144.0 |     65 | flags_o\[0\]$_DFFE_PN0P_/D
     690* |       0 |     510 |       63 |      4 |   122 |    +0.4% |   -2.500 |     -235.0 |     -143.0 |     65 | flags_o\[0\]$_DFFE_PN0P_/D
     700* |       0 |     513 |       64 |      4 |   128 |    +0.4% |   -2.615 |     -241.9 |     -146.4 |     65 | flags_o\[0\]$_DFFE_PN0P_/D
     710* |       0 |     521 |       66 |      4 |   129 |    +0.4% |   -2.537 |     -240.5 |     -143.9 |     65 | flags_o\[0\]$_DFFE_PN0P_/D
     720* |       0 |     524 |       69 |      4 |   133 |    +0.4% |   -2.612 |     -239.0 |     -146.3 |     65 | flags_o\[0\]$_DFFE_PN0P_/D
     730* |       0 |     530 |       69 |      4 |   137 |    +0.4% |   -2.603 |     -238.4 |     -146.0 |     65 | flags_o\[0\]$_DFFE_PN0P_/D
     737* |       0 |     509 |       63 |      4 |   120 |    +0.4% |   -2.470 |     -233.3 |     -142.1 |     65 | flags_o\[0\]$_DFFE_PN0P_/D
     740* |       0 |     510 |       63 |      4 |   121 |    +0.4% |   -2.470 |     -233.3 |     -141.6 |     65 | flags_o\[0\]$_DFFE_PN0P_/D
     750* |       0 |     516 |       65 |      5 |   122 |    +0.4% |   -2.463 |     -231.7 |     -141.5 |     65 | flags_o\[0\]$_DFFE_PN0P_/D
     760* |       0 |     524 |       67 |      5 |   123 |    +0.4% |   -2.463 |     -226.7 |     -137.7 |     65 | flags_o\[0\]$_DFFE_PN0P_/D
     770* |       0 |     531 |       70 |      5 |   124 |    +0.4% |   -2.463 |     -225.5 |     -136.9 |     65 | flags_o\[0\]$_DFFE_PN0P_/D
     780* |       0 |     538 |       72 |      5 |   125 |    +0.4% |   -2.463 |     -223.7 |     -136.0 |     65 | flags_o\[0\]$_DFFE_PN0P_/D
     790* |       0 |     546 |       73 |      6 |   125 |    +0.4% |   -2.463 |     -223.0 |     -135.3 |     65 | flags_o\[0\]$_DFFE_PN0P_/D
     800* |       0 |     554 |       73 |      6 |   127 |    +0.4% |   -2.463 |     -222.2 |     -134.6 |     65 | flags_o\[0\]$_DFFE_PN0P_/D
     810* |       0 |     560 |       73 |      6 |   131 |    +0.4% |   -2.463 |     -220.0 |     -133.5 |     65 | flags_o\[0\]$_DFFE_PN0P_/D
     820* |       0 |     564 |       74 |      6 |   136 |    +0.4% |   -2.463 |     -220.2 |     -133.6 |     65 | flags_o\[0\]$_DFFE_PN0P_/D
     830* |       0 |     569 |       76 |      6 |   139 |    +0.4% |   -2.463 |     -215.8 |     -131.1 |     65 | flags_o\[0\]$_DFFE_PN0P_/D
     840* |       0 |     574 |       78 |      6 |   142 |    +0.4% |   -2.463 |     -215.4 |     -130.9 |     65 | flags_o\[0\]$_DFFE_PN0P_/D
     850* |       0 |     581 |       78 |      6 |   145 |    +0.4% |   -2.463 |     -213.9 |     -130.1 |     65 | flags_o\[0\]$_DFFE_PN0P_/D
     860* |       0 |     584 |       83 |      6 |   147 |    +0.5% |   -2.463 |     -213.7 |     -130.0 |     65 | flags_o\[0\]$_DFFE_PN0P_/D
     870* |       0 |     588 |       86 |      6 |   150 |    +0.5% |   -2.463 |     -212.8 |     -129.5 |     65 | flags_o\[0\]$_DFFE_PN0P_/D
     880* |       0 |     594 |       87 |      6 |   153 |    +0.5% |   -2.463 |     -213.7 |     -130.0 |     65 | flags_o\[0\]$_DFFE_PN0P_/D
     890* |       0 |     602 |       89 |      6 |   153 |    +0.5% |   -2.463 |     -211.8 |     -128.9 |     65 | flags_o\[0\]$_DFFE_PN0P_/D
     900* |       0 |     605 |       94 |      7 |   155 |    +0.5% |   -2.463 |     -218.1 |     -132.4 |     65 | flags_o\[0\]$_DFFE_PN0P_/D
     910* |       0 |     611 |       95 |      7 |   158 |    +0.5% |   -2.463 |     -213.8 |     -130.0 |     65 | flags_o\[0\]$_DFFE_PN0P_/D
     920* |       0 |     616 |       96 |      7 |   162 |    +0.5% |   -2.463 |     -210.9 |     -128.4 |     65 | flags_o\[0\]$_DFFE_PN0P_/D
     930* |       0 |     622 |       99 |      7 |   163 |    +0.5% |   -2.463 |     -210.4 |     -128.1 |     65 | flags_o\[0\]$_DFFE_PN0P_/D
     940* |       0 |     629 |      100 |      7 |   165 |    +0.5% |   -2.463 |     -214.9 |     -130.6 |     65 | flags_o\[0\]$_DFFE_PN0P_/D
     950* |       0 |     635 |      101 |      7 |   168 |    +0.5% |   -2.463 |     -216.8 |     -131.7 |     65 | flags_o\[0\]$_DFFE_PN0P_/D
     960* |       0 |     638 |      107 |      7 |   169 |    +0.5% |   -2.463 |     -216.3 |     -130.5 |     65 | flags_o\[0\]$_DFFE_PN0P_/D
     970* |       0 |     645 |      107 |      7 |   172 |    +0.5% |   -2.463 |     -215.4 |     -130.1 |     65 | flags_o\[0\]$_DFFE_PN0P_/D
     980* |       0 |     655 |      107 |      7 |   172 |    +0.5% |   -2.463 |     -213.7 |     -127.1 |     65 | flags_o\[0\]$_DFFE_PN0P_/D
     990* |       0 |     662 |      107 |      7 |   175 |    +0.5% |   -2.463 |     -212.8 |     -126.1 |     65 | flags_o\[0\]$_DFFE_PN0P_/D
    1000* |       0 |     669 |      107 |      7 |   178 |    +0.5% |   -2.463 |     -212.1 |     -125.2 |     65 | flags_o\[0\]$_DFFE_PN0P_/D
    1010* |       0 |     677 |      107 |      7 |   180 |    +0.5% |   -2.463 |     -210.5 |     -124.6 |     65 | flags_o\[0\]$_DFFE_PN0P_/D
    1020* |       0 |     678 |      114 |      7 |   182 |    +0.5% |   -2.463 |     -209.6 |     -124.1 |     65 | flags_o\[0\]$_DFFE_PN0P_/D
    1030* |       0 |     678 |      124 |      7 |   182 |    +0.6% |   -2.463 |     -209.3 |     -124.0 |     65 | flags_o\[0\]$_DFFE_PN0P_/D
    1040* |       0 |     682 |      130 |      7 |   182 |    +0.6% |   -2.463 |     -207.3 |     -122.8 |     65 | flags_o\[0\]$_DFFE_PN0P_/D
    1050* |       0 |     690 |      131 |      7 |   183 |    +0.6% |   -2.463 |     -205.6 |     -121.9 |     65 | flags_o\[0\]$_DFFE_PN0P_/D
    1060* |       0 |     694 |      133 |      7 |   187 |    +0.6% |   -2.463 |     -206.4 |     -122.3 |     65 | flags_o\[0\]$_DFFE_PN0P_/D
    1070* |       0 |     696 |      140 |      7 |   188 |    +0.6% |   -2.463 |     -208.3 |     -123.4 |     65 | flags_o\[0\]$_DFFE_PN0P_/D
    1080* |       0 |     697 |      144 |      7 |   193 |    +0.6% |   -2.463 |     -210.1 |     -124.4 |     65 | flags_o\[0\]$_DFFE_PN0P_/D
    1090* |       0 |     700 |      147 |      7 |   197 |    +0.6% |   -2.463 |     -205.3 |     -121.7 |     65 | flags_o\[0\]$_DFFE_PN0P_/D
    1100* |       0 |     705 |      149 |      7 |   200 |    +0.6% |   -2.463 |     -209.1 |     -123.9 |     65 | flags_o\[0\]$_DFFE_PN0P_/D
    1110* |       0 |     711 |      149 |      7 |   204 |    +0.6% |   -2.463 |     -208.8 |     -123.7 |     65 | flags_o\[0\]$_DFFE_PN0P_/D
    1120* |       0 |     715 |      149 |      7 |   210 |    +0.6% |   -2.463 |     -210.5 |     -124.6 |     65 | flags_o\[0\]$_DFFE_PN0P_/D
    1130* |       0 |     718 |      152 |      7 |   214 |    +0.6% |   -2.463 |     -210.5 |     -124.6 |     65 | flags_o\[0\]$_DFFE_PN0P_/D
    1140* |       0 |     724 |      153 |      7 |   217 |    +0.6% |   -2.463 |     -207.7 |     -123.2 |     65 | flags_o\[0\]$_DFFE_PN0P_/D
    1143* |       0 |     701 |      148 |      7 |   198 |    +0.6% |   -2.463 |     -204.3 |     -121.2 |     65 | flags_o\[0\]$_DFFE_PN0P_/D
    1150* |       0 |     704 |      149 |      7 |   200 |    +0.6% |   -2.463 |     -204.3 |     -123.3 |     65 | flags_o\[0\]$_DFFE_PN0P_/D
    1160* |       0 |     712 |      151 |      7 |   200 |    +0.6% |   -2.463 |     -201.8 |     -121.8 |     65 | flags_o\[0\]$_DFFE_PN0P_/D
    1170* |       0 |     716 |      155 |      7 |   202 |    +0.6% |   -2.463 |     -200.4 |     -121.0 |     65 | flags_o\[0\]$_DFFE_PN0P_/D
    1180* |       0 |     723 |      157 |      7 |   203 |    +0.6% |   -2.463 |     -199.6 |     -120.6 |     65 | flags_o\[0\]$_DFFE_PN0P_/D
    1190* |       0 |     727 |      160 |      7 |   206 |    +0.6% |   -2.463 |     -198.9 |     -120.1 |     65 | flags_o\[0\]$_DFFE_PN0P_/D
    1200* |       0 |     735 |      161 |      7 |   207 |    +0.6% |   -2.463 |     -196.6 |     -118.9 |     65 | flags_o\[0\]$_DFFE_PN0P_/D
    1210* |       0 |     744 |      161 |      7 |   208 |    +0.6% |   -2.463 |     -193.7 |     -116.9 |     65 | flags_o\[0\]$_DFFE_PN0P_/D
    1220* |       0 |     747 |      164 |      7 |   213 |    +0.6% |   -2.463 |     -193.4 |     -116.7 |     65 | flags_o\[0\]$_DFFE_PN0P_/D
    1230* |       0 |     753 |      166 |      7 |   215 |    +0.7% |   -2.463 |     -192.0 |     -115.4 |     65 | flags_o\[0\]$_DFFE_PN0P_/D
    1240* |       0 |     759 |      166 |      7 |   219 |    +0.7% |   -2.463 |     -191.4 |     -114.7 |     65 | flags_o\[0\]$_DFFE_PN0P_/D
    1250* |       0 |     762 |      168 |      7 |   224 |    +0.7% |   -2.463 |     -187.6 |     -112.3 |     65 | flags_o\[0\]$_DFFE_PN0P_/D
    1260* |       0 |     764 |      171 |      7 |   229 |    +0.7% |   -2.463 |     -190.3 |     -113.8 |     65 | flags_o\[0\]$_DFFE_PN0P_/D
    1270* |       0 |     765 |      174 |      7 |   235 |    +0.7% |   -2.463 |     -189.4 |     -113.7 |     65 | flags_o\[0\]$_DFFE_PN0P_/D
    1280* |       0 |     769 |      179 |      7 |   236 |    +0.7% |   -2.463 |     -188.4 |     -113.2 |     65 | flags_o\[0\]$_DFFE_PN0P_/D
    1290* |       0 |     773 |      180 |      7 |   241 |    +0.7% |   -2.463 |     -186.0 |     -111.4 |     65 | flags_o\[0\]$_DFFE_PN0P_/D
    1300* |       0 |     781 |      180 |      8 |   242 |    +0.7% |   -2.463 |     -187.9 |     -112.5 |     65 | flags_o\[0\]$_DFFE_PN0P_/D
    1310* |       0 |     787 |      182 |      8 |   244 |    +0.7% |   -2.463 |     -187.3 |     -112.2 |     65 | flags_o\[0\]$_DFFE_PN0P_/D
    1320* |       0 |     793 |      182 |      8 |   248 |    +0.7% |   -2.463 |     -185.4 |     -111.1 |     65 | flags_o\[0\]$_DFFE_PN0P_/D
    1330* |       0 |     799 |      183 |      8 |   251 |    +0.7% |   -2.463 |     -184.8 |     -110.8 |     65 | flags_o\[0\]$_DFFE_PN0P_/D
    1340* |       0 |     806 |      183 |      8 |   254 |    +0.7% |   -2.463 |     -188.7 |     -113.0 |     65 | flags_o\[0\]$_DFFE_PN0P_/D
    1350* |       0 |     810 |      185 |      8 |   258 |    +0.7% |   -2.463 |     -188.8 |     -113.0 |     65 | flags_o\[0\]$_DFFE_PN0P_/D
    1360* |       1 |     814 |      188 |      8 |   260 |    +0.7% |   -2.463 |     -186.9 |     -112.0 |     65 | flags_o\[0\]$_DFFE_PN0P_/D
    1370* |       1 |     819 |      188 |      8 |   265 |    +0.7% |   -2.463 |     -186.4 |     -111.4 |     65 | flags_o\[0\]$_DFFE_PN0P_/D
    1380* |       1 |     825 |      188 |      8 |   269 |    +0.7% |   -2.463 |     -185.9 |     -111.1 |     65 | flags_o\[0\]$_DFFE_PN0P_/D
    1388* |       0 |     806 |      183 |      8 |   252 |    +0.7% |   -2.463 |     -184.3 |     -110.5 |     65 | flags_o\[0\]$_DFFE_PN0P_/D
    1390* |       0 |     806 |      183 |      8 |   253 |    +0.7% |   -2.463 |     -184.3 |     -110.6 |     65 | flags_o\[0\]$_DFFE_PN0P_/D
    1400* |       0 |     814 |      185 |      8 |   253 |    +0.7% |   -2.463 |     -186.1 |     -111.6 |     65 | flags_o\[0\]$_DFFE_PN0P_/D
    1410* |       2 |     818 |      189 |      8 |   253 |    +0.7% |   -2.463 |     -184.8 |     -109.8 |     65 | flags_o\[0\]$_DFFE_PN0P_/D
    1420* |       7 |     818 |      194 |      8 |   253 |    +0.7% |   -2.463 |     -184.8 |     -109.8 |     65 | flags_o\[0\]$_DFFE_PN0P_/D
    1430* |      12 |     818 |      199 |      8 |   253 |    +0.7% |   -2.463 |     -184.8 |     -109.8 |     65 | flags_o\[0\]$_DFFE_PN0P_/D
    1440* |      17 |     818 |      204 |      8 |   253 |    +0.7% |   -2.463 |     -184.8 |     -109.8 |     65 | flags_o\[0\]$_DFFE_PN0P_/D
    1450* |      22 |     818 |      209 |      8 |   253 |    +0.7% |   -2.463 |     -184.8 |     -109.8 |     65 | flags_o\[0\]$_DFFE_PN0P_/D
    1459* |       1 |     818 |      189 |      8 |   253 |    +0.7% |   -2.463 |     -184.3 |     -109.5 |     65 | flags_o\[0\]$_DFFE_PN0P_/D
    1460* |       1 |     818 |      189 |      8 |   253 |    +0.7% |   -2.463 |     -184.3 |     -109.5 |     65 | flags_o\[0\]$_DFFE_PN0P_/D
    1470* |       5 |     818 |      196 |      8 |   254 |    +0.7% |   -2.463 |     -184.3 |     -110.3 |     65 | flags_o\[0\]$_DFFE_PN0P_/D
    1480* |      10 |     818 |      201 |      8 |   254 |    +0.7% |   -2.463 |     -184.3 |     -110.3 |     65 | flags_o\[0\]$_DFFE_PN0P_/D
    1490* |      15 |     818 |      206 |      8 |   254 |    +0.7% |   -2.463 |     -184.3 |     -110.3 |     65 | flags_o\[0\]$_DFFE_PN0P_/D
    1500* |      20 |     818 |      211 |      8 |   254 |    +0.7% |   -2.463 |     -184.3 |     -110.3 |     65 | flags_o\[0\]$_DFFE_PN0P_/D
    1510* |      25 |     818 |      216 |      8 |   254 |    +0.7% |   -2.463 |     -184.3 |     -110.3 |     65 | flags_o\[0\]$_DFFE_PN0P_/D
    1511* |       1 |     818 |      192 |      8 |   253 |    +0.7% |   -2.463 |     -184.3 |     -110.3 |     65 | flags_o\[0\]$_DFFE_PN0P_/D
    1520* |       4 |     819 |      195 |      8 |   254 |    +0.7% |   -2.463 |     -184.3 |     -110.3 |     65 | flags_o\[0\]$_DFFE_PN0P_/D
    1530* |       9 |     819 |      200 |      8 |   254 |    +0.7% |   -2.463 |     -184.3 |     -110.3 |     65 | flags_o\[0\]$_DFFE_PN0P_/D
    1540* |      14 |     819 |      205 |      8 |   254 |    +0.7% |   -2.463 |     -184.3 |     -110.3 |     65 | flags_o\[0\]$_DFFE_PN0P_/D
    1550* |      19 |     819 |      210 |      8 |   254 |    +0.7% |   -2.463 |     -184.3 |     -110.3 |     65 | flags_o\[0\]$_DFFE_PN0P_/D
    1560* |      24 |     819 |      215 |      8 |   254 |    +0.7% |   -2.463 |     -184.3 |     -110.3 |     65 | flags_o\[0\]$_DFFE_PN0P_/D
    1564* |       1 |     819 |      192 |      8 |   254 |    +0.7% |   -2.463 |     -184.3 |     -110.3 |     65 | flags_o\[0\]$_DFFE_PN0P_/D
    1570* |       2 |     820 |      193 |      8 |   256 |    +0.7% |   -2.463 |     -184.3 |     -109.9 |     65 | flags_o\[0\]$_DFFE_PN0P_/D
    1580* |       7 |     820 |      198 |      8 |   256 |    +0.7% |   -2.463 |     -184.3 |     -109.9 |     65 | flags_o\[0\]$_DFFE_PN0P_/D
    1590* |      12 |     820 |      203 |      8 |   256 |    +0.7% |   -2.463 |     -184.3 |     -109.9 |     65 | flags_o\[0\]$_DFFE_PN0P_/D
    1600* |      17 |     820 |      208 |      8 |   256 |    +0.7% |   -2.463 |     -184.3 |     -109.9 |     65 | flags_o\[0\]$_DFFE_PN0P_/D
    1610* |      22 |     820 |      213 |      8 |   256 |    +0.7% |   -2.463 |     -184.3 |     -109.9 |     65 | flags_o\[0\]$_DFFE_PN0P_/D
    1618* |       1 |     820 |      192 |      8 |   256 |    +0.7% |   -2.463 |     -184.3 |     -109.9 |     65 | flags_o\[0\]$_DFFE_PN0P_/D
    1620* |       1 |     821 |      192 |      8 |   256 |    +0.7% |   -2.463 |     -184.5 |     -109.8 |     65 | flags_o\[0\]$_DFFE_PN0P_/D
    1630* |       1 |     826 |      195 |     10 |   256 |    +0.7% |   -2.463 |     -184.5 |     -109.6 |     65 | flags_o\[0\]$_DFFE_PN0P_/D
    1640* |       3 |     829 |      198 |     10 |   259 |    +0.8% |   -2.463 |     -185.0 |     -109.9 |     65 | flags_o\[0\]$_DFFE_PN0P_/D
    1650* |       8 |     829 |      203 |     10 |   259 |    +0.8% |   -2.463 |     -185.0 |     -109.9 |     65 | flags_o\[0\]$_DFFE_PN0P_/D
    1660* |      13 |     829 |      208 |     10 |   259 |    +0.8% |   -2.463 |     -185.0 |     -109.9 |     65 | flags_o\[0\]$_DFFE_PN0P_/D
    1670* |      18 |     829 |      213 |     10 |   259 |    +0.8% |   -2.463 |     -185.0 |     -109.9 |     65 | flags_o\[0\]$_DFFE_PN0P_/D
    1680* |      23 |     829 |      218 |     10 |   259 |    +0.8% |   -2.463 |     -185.0 |     -109.9 |     65 | flags_o\[0\]$_DFFE_PN0P_/D
    1687* |       1 |     829 |      197 |     10 |   259 |    +0.8% |   -2.463 |     -184.5 |     -109.6 |     65 | flags_o\[0\]$_DFFE_PN0P_/D
    1690* |       2 |     829 |      197 |     10 |   260 |    +0.8% |   -2.463 |     -185.0 |     -109.9 |     65 | flags_o\[0\]$_DFFE_PN0P_/D
    1700* |       7 |     829 |      202 |     10 |   260 |    +0.8% |   -2.463 |     -185.0 |     -109.9 |     65 | flags_o\[0\]$_DFFE_PN0P_/D
    1700* |       1 |     829 |      197 |     10 |   259 |    +0.8% |   -2.463 |     -184.5 |     -109.6 |     65 | flags_o\[0\]$_DFFE_PN0P_/D
    1710* |       5 |     829 |      200 |     10 |   261 |    +0.8% |   -2.463 |     -185.0 |     -109.9 |     65 | flags_o\[0\]$_DFFE_PN0P_/D
    1720* |      10 |     829 |      205 |     10 |   261 |    +0.8% |   -2.463 |     -185.0 |     -109.9 |     65 | flags_o\[0\]$_DFFE_PN0P_/D
    1730* |      15 |     829 |      210 |     10 |   261 |    +0.8% |   -2.463 |     -185.0 |     -109.9 |     65 | flags_o\[0\]$_DFFE_PN0P_/D
    1740* |      20 |     829 |      215 |     10 |   261 |    +0.8% |   -2.463 |     -185.0 |     -109.9 |     65 | flags_o\[0\]$_DFFE_PN0P_/D
    1750* |      25 |     829 |      220 |     10 |   261 |    +0.8% |   -2.463 |     -185.0 |     -109.9 |     65 | flags_o\[0\]$_DFFE_PN0P_/D
    1751* |       1 |     829 |      197 |     10 |   259 |    +0.8% |   -2.463 |     -184.5 |     -109.6 |     65 | flags_o\[0\]$_DFFE_PN0P_/D
    1760* |       4 |     829 |      200 |     10 |   261 |    +0.8% |   -2.463 |     -185.0 |     -109.7 |     65 | flags_o\[0\]$_DFFE_PN0P_/D
    1770* |       9 |     829 |      205 |     10 |   261 |    +0.8% |   -2.463 |     -185.0 |     -109.7 |     65 | flags_o\[0\]$_DFFE_PN0P_/D
    1780* |      14 |     829 |      210 |     10 |   261 |    +0.8% |   -2.463 |     -185.0 |     -109.7 |     65 | flags_o\[0\]$_DFFE_PN0P_/D
    1790* |      19 |     829 |      215 |     10 |   261 |    +0.8% |   -2.463 |     -185.0 |     -109.7 |     65 | flags_o\[0\]$_DFFE_PN0P_/D
    1800* |      24 |     829 |      220 |     10 |   261 |    +0.8% |   -2.463 |     -185.0 |     -109.7 |     65 | flags_o\[0\]$_DFFE_PN0P_/D
    1804* |       1 |     829 |      198 |     10 |   260 |    +0.8% |   -2.463 |     -184.5 |     -109.4 |     65 | flags_o\[0\]$_DFFE_PN0P_/D
    1810* |       1 |     833 |      198 |     10 |   261 |    +0.8% |   -2.463 |     -184.5 |     -109.4 |     65 | flags_o\[0\]$_DFFE_PN0P_/D
    1820* |       6 |     833 |      203 |     10 |   261 |    +0.8% |   -2.463 |     -184.5 |     -109.4 |     65 | flags_o\[0\]$_DFFE_PN0P_/D
    1830* |      11 |     833 |      208 |     10 |   261 |    +0.8% |   -2.463 |     -184.5 |     -109.4 |     65 | flags_o\[0\]$_DFFE_PN0P_/D
    1840* |      16 |     833 |      213 |     10 |   261 |    +0.8% |   -2.463 |     -184.5 |     -109.4 |     65 | flags_o\[0\]$_DFFE_PN0P_/D
    1850* |      21 |     833 |      218 |     10 |   261 |    +0.8% |   -2.463 |     -184.5 |     -109.4 |     65 | flags_o\[0\]$_DFFE_PN0P_/D
    1860* |      26 |     833 |      223 |     10 |   261 |    +0.8% |   -2.463 |     -184.5 |     -109.4 |     65 | flags_o\[0\]$_DFFE_PN0P_/D
    1860* |       1 |     833 |      198 |     10 |   261 |    +0.8% |   -2.463 |     -184.5 |     -109.4 |     65 | flags_o\[0\]$_DFFE_PN0P_/D
    1870* |       6 |     833 |      202 |     10 |   261 |    +0.8% |   -2.463 |     -185.0 |     -109.7 |     65 | flags_o\[0\]$_DFFE_PN0P_/D
    1880* |      11 |     833 |      207 |     10 |   261 |    +0.8% |   -2.463 |     -185.0 |     -109.7 |     65 | flags_o\[0\]$_DFFE_PN0P_/D
    1890* |      16 |     833 |      212 |     10 |   261 |    +0.8% |   -2.463 |     -185.0 |     -109.7 |     65 | flags_o\[0\]$_DFFE_PN0P_/D
    1900* |      21 |     833 |      217 |     10 |   261 |    +0.8% |   -2.463 |     -185.0 |     -109.7 |     65 | flags_o\[0\]$_DFFE_PN0P_/D
    1910* |      26 |     833 |      222 |     10 |   261 |    +0.8% |   -2.463 |     -185.0 |     -109.7 |     65 | flags_o\[0\]$_DFFE_PN0P_/D
    1911* |       1 |     833 |      198 |     10 |   261 |    +0.8% |   -2.463 |     -184.5 |     -109.4 |     65 | flags_o\[0\]$_DFFE_PN0P_/D
    1920* |       4 |     836 |      200 |     10 |   261 |    +0.8% |   -2.463 |     -185.0 |     -109.0 |     65 | flags_o\[0\]$_DFFE_PN0P_/D
    1930* |       9 |     836 |      205 |     10 |   261 |    +0.8% |   -2.463 |     -185.0 |     -109.0 |     65 | flags_o\[0\]$_DFFE_PN0P_/D
    1940* |      14 |     836 |      210 |     10 |   261 |    +0.8% |   -2.463 |     -185.0 |     -109.0 |     65 | flags_o\[0\]$_DFFE_PN0P_/D
    1950* |      19 |     836 |      215 |     10 |   261 |    +0.8% |   -2.463 |     -185.0 |     -109.0 |     65 | flags_o\[0\]$_DFFE_PN0P_/D
    1960* |      24 |     836 |      220 |     10 |   261 |    +0.8% |   -2.463 |     -185.0 |     -109.0 |     65 | flags_o\[0\]$_DFFE_PN0P_/D
    1965* |       1 |     836 |      198 |     10 |   261 |    +0.8% |   -2.463 |     -184.5 |     -108.7 |     65 | flags_o\[0\]$_DFFE_PN0P_/D
    1970* |       2 |     836 |      199 |     10 |   263 |    +0.8% |   -2.463 |     -184.5 |     -108.7 |     65 | flags_o\[0\]$_DFFE_PN0P_/D
    1980* |       7 |     836 |      204 |     10 |   263 |    +0.8% |   -2.463 |     -184.5 |     -108.7 |     65 | flags_o\[0\]$_DFFE_PN0P_/D
    1990* |      12 |     836 |      209 |     10 |   263 |    +0.8% |   -2.463 |     -184.5 |     -108.7 |     65 | flags_o\[0\]$_DFFE_PN0P_/D
    2000* |      17 |     836 |      214 |     10 |   263 |    +0.8% |   -2.463 |     -184.5 |     -108.7 |     65 | flags_o\[0\]$_DFFE_PN0P_/D
    2010* |      22 |     836 |      219 |     10 |   263 |    +0.8% |   -2.463 |     -184.5 |     -108.7 |     65 | flags_o\[0\]$_DFFE_PN0P_/D
    2017* |       1 |     836 |      198 |     10 |   262 |    +0.8% |   -2.463 |     -184.5 |     -108.7 |     65 | flags_o\[0\]$_DFFE_PN0P_/D
    2020* |       1 |     836 |      198 |     10 |   264 |    +0.8% |   -2.463 |     -184.5 |     -108.7 |     65 | flags_o\[0\]$_DFFE_PN0P_/D
    2030* |       6 |     836 |      203 |     10 |   264 |    +0.8% |   -2.463 |     -184.5 |     -108.7 |     65 | flags_o\[0\]$_DFFE_PN0P_/D
    2040* |      11 |     836 |      208 |     10 |   264 |    +0.8% |   -2.463 |     -184.5 |     -108.7 |     65 | flags_o\[0\]$_DFFE_PN0P_/D
    2050* |      16 |     836 |      213 |     10 |   264 |    +0.8% |   -2.463 |     -184.5 |     -108.7 |     65 | flags_o\[0\]$_DFFE_PN0P_/D
    2060* |      21 |     836 |      218 |     10 |   264 |    +0.8% |   -2.463 |     -184.5 |     -108.7 |     65 | flags_o\[0\]$_DFFE_PN0P_/D
    2069* |       1 |     836 |      198 |     10 |   263 |    +0.8% |   -2.463 |     -184.5 |     -108.7 |     65 | flags_o\[0\]$_DFFE_PN0P_/D
    2070* |       1 |     836 |      198 |     10 |   263 |    +0.8% |   -2.463 |     -184.5 |     -108.7 |     65 | flags_o\[0\]$_DFFE_PN0P_/D
    2080* |       5 |     836 |      202 |     10 |   265 |    +0.8% |   -2.463 |     -184.5 |     -108.7 |     65 | flags_o\[0\]$_DFFE_PN0P_/D
    2090* |      10 |     836 |      207 |     10 |   265 |    +0.8% |   -2.463 |     -184.5 |     -108.7 |     65 | flags_o\[0\]$_DFFE_PN0P_/D
    2100* |      15 |     836 |      212 |     10 |   265 |    +0.8% |   -2.463 |     -184.5 |     -108.7 |     65 | flags_o\[0\]$_DFFE_PN0P_/D
    2100* |       1 |     836 |      198 |     10 |   263 |    +0.8% |   -2.463 |     -184.5 |     -108.7 |     65 | flags_o\[0\]$_DFFE_PN0P_/D
    2110* |       5 |     836 |      201 |     10 |   265 |    +0.8% |   -2.463 |     -185.0 |     -108.9 |     65 | flags_o\[0\]$_DFFE_PN0P_/D
    2120* |      10 |     836 |      206 |     10 |   265 |    +0.8% |   -2.463 |     -185.0 |     -108.9 |     65 | flags_o\[0\]$_DFFE_PN0P_/D
    2130* |      15 |     836 |      211 |     10 |   265 |    +0.8% |   -2.463 |     -185.0 |     -108.9 |     65 | flags_o\[0\]$_DFFE_PN0P_/D
    2140* |      20 |     836 |      216 |     10 |   265 |    +0.8% |   -2.463 |     -185.0 |     -108.9 |     65 | flags_o\[0\]$_DFFE_PN0P_/D
    2150* |      25 |     836 |      221 |     10 |   265 |    +0.8% |   -2.463 |     -185.0 |     -108.9 |     65 | flags_o\[0\]$_DFFE_PN0P_/D
    2152* |       1 |     836 |      198 |     10 |   264 |    +0.8% |   -2.463 |     -184.5 |     -108.7 |     65 | flags_o\[0\]$_DFFE_PN0P_/D
    2160* |       4 |     836 |      200 |     10 |   266 |    +0.8% |   -2.463 |     -185.0 |     -109.0 |     65 | flags_o\[0\]$_DFFE_PN0P_/D
    2170* |       9 |     836 |      205 |     10 |   266 |    +0.8% |   -2.463 |     -185.0 |     -109.0 |     65 | flags_o\[0\]$_DFFE_PN0P_/D
    2180* |      14 |     836 |      210 |     10 |   266 |    +0.8% |   -2.463 |     -185.0 |     -109.0 |     65 | flags_o\[0\]$_DFFE_PN0P_/D
    2190* |      19 |     836 |      215 |     10 |   266 |    +0.8% |   -2.463 |     -185.0 |     -109.0 |     65 | flags_o\[0\]$_DFFE_PN0P_/D
    2200* |      24 |     836 |      220 |     10 |   266 |    +0.8% |   -2.463 |     -185.0 |     -109.0 |     65 | flags_o\[0\]$_DFFE_PN0P_/D
    2200* |       1 |     836 |      198 |     10 |   264 |    +0.8% |   -2.463 |     -184.5 |     -108.7 |     65 | flags_o\[0\]$_DFFE_PN0P_/D
    2200* |       1 |     836 |      198 |     10 |   264 |    +0.8% |   -2.463 |     -184.5 |     -108.7 |     65 | flags_o\[0\]$_DFFE_PN0P_/D
    2200+ |       1 |     836 |      198 |     10 |   264 |    +0.8% |   -2.463 |     -184.5 |     -108.7 |     65 | flags_o\[0\]$_DFFE_PN0P_/D
    2208+ |       1 |     842 |      198 |     10 |   265 |    +0.8% |   -2.440 |     -183.0 |     -107.9 |     65 | flags_o\[0\]$_DFFE_PN0P_/D
    2209+ |       1 |     842 |      198 |     10 |   265 |    +0.8% |   -2.440 |     -183.0 |     -107.9 |     65 | flags_o\[0\]$_DFFE_PN0P_/D
    2210+ |       1 |     842 |      198 |     10 |   265 |    +0.8% |   -2.440 |     -183.0 |     -107.9 |     65 | flags_o\[0\]$_DFFE_PN0P_/D
    2210+ |       1 |     842 |      198 |     10 |   265 |    +0.8% |   -2.440 |     -183.0 |     -107.9 |     65 | flags_o\[0\]$_DFFE_PN0P_/D
    2211+ |       1 |     842 |      198 |     10 |   265 |    +0.8% |   -2.440 |     -183.0 |     -107.9 |     65 | flags_o\[0\]$_DFFE_PN0P_/D
    2212+ |       1 |     842 |      198 |     10 |   265 |    +0.8% |   -2.440 |     -183.0 |     -107.9 |     65 | flags_o\[0\]$_DFFE_PN0P_/D
    2213+ |       1 |     842 |      198 |     10 |   265 |    +0.8% |   -2.440 |     -183.0 |     -107.9 |     65 | flags_o\[0\]$_DFFE_PN0P_/D
    2214+ |       1 |     842 |      198 |     10 |   265 |    +0.8% |   -2.440 |     -183.0 |     -107.9 |     65 | flags_o\[0\]$_DFFE_PN0P_/D
    2215+ |       1 |     842 |      198 |     10 |   265 |    +0.8% |   -2.440 |     -183.0 |     -107.9 |     65 | flags_o\[0\]$_DFFE_PN0P_/D
    2216+ |       1 |     842 |      198 |     10 |   265 |    +0.8% |   -2.440 |     -183.0 |     -107.9 |     65 | flags_o\[0\]$_DFFE_PN0P_/D
    2217+ |       1 |     842 |      198 |     10 |   265 |    +0.8% |   -2.440 |     -183.0 |     -107.9 |     65 | flags_o\[0\]$_DFFE_PN0P_/D
    2218+ |       1 |     842 |      198 |     10 |   265 |    +0.8% |   -2.440 |     -183.0 |     -107.9 |     65 | flags_o\[0\]$_DFFE_PN0P_/D
    2219+ |       1 |     842 |      198 |     10 |   265 |    +0.8% |   -2.440 |     -183.0 |     -107.9 |     65 | flags_o\[0\]$_DFFE_PN0P_/D
    2220+ |       1 |     842 |      198 |     10 |   265 |    +0.8% |   -2.440 |     -183.0 |     -107.9 |     65 | flags_o\[0\]$_DFFE_PN0P_/D
    2220+ |       1 |     842 |      198 |     10 |   265 |    +0.8% |   -2.440 |     -183.0 |     -107.9 |     65 | flags_o\[0\]$_DFFE_PN0P_/D
    2221+ |       1 |     842 |      198 |     10 |   265 |    +0.8% |   -2.440 |     -183.0 |     -107.9 |     65 | flags_o\[0\]$_DFFE_PN0P_/D
    2222+ |       1 |     842 |      198 |     10 |   265 |    +0.8% |   -2.440 |     -183.0 |     -107.9 |     65 | flags_o\[0\]$_DFFE_PN0P_/D
    2223+ |       1 |     842 |      198 |     10 |   265 |    +0.8% |   -2.440 |     -183.0 |     -107.9 |     65 | flags_o\[0\]$_DFFE_PN0P_/D
    2224+ |       1 |     842 |      198 |     10 |   265 |    +0.8% |   -2.440 |     -183.0 |     -107.9 |     65 | flags_o\[0\]$_DFFE_PN0P_/D
    2225+ |       1 |     842 |      198 |     10 |   265 |    +0.8% |   -2.440 |     -183.0 |     -107.9 |     65 | flags_o\[0\]$_DFFE_PN0P_/D
    2226+ |       1 |     842 |      198 |     10 |   265 |    +0.8% |   -2.440 |     -183.0 |     -107.9 |     65 | flags_o\[0\]$_DFFE_PN0P_/D
    2227+ |       1 |     842 |      198 |     10 |   265 |    +0.8% |   -2.440 |     -183.0 |     -107.9 |     65 | flags_o\[0\]$_DFFE_PN0P_/D
    2228+ |       1 |     842 |      198 |     10 |   265 |    +0.8% |   -2.440 |     -183.0 |     -107.9 |     65 | flags_o\[0\]$_DFFE_PN0P_/D
    2229+ |       1 |     842 |      198 |     10 |   265 |    +0.8% |   -2.440 |     -183.0 |     -107.9 |     65 | flags_o\[0\]$_DFFE_PN0P_/D
    2230+ |       1 |     842 |      198 |     10 |   265 |    +0.8% |   -2.440 |     -183.0 |     -107.9 |     65 | flags_o\[0\]$_DFFE_PN0P_/D
    2230+ |       1 |     842 |      198 |     10 |   265 |    +0.8% |   -2.440 |     -183.0 |     -107.9 |     65 | flags_o\[0\]$_DFFE_PN0P_/D
    2231+ |       1 |     842 |      198 |     10 |   265 |    +0.8% |   -2.440 |     -183.0 |     -107.9 |     65 | flags_o\[0\]$_DFFE_PN0P_/D
    2232+ |       1 |     842 |      198 |     10 |   265 |    +0.8% |   -2.440 |     -183.0 |     -107.9 |     65 | flags_o\[0\]$_DFFE_PN0P_/D
    2233+ |       1 |     842 |      198 |     10 |   265 |    +0.8% |   -2.440 |     -183.0 |     -107.9 |     65 | flags_o\[0\]$_DFFE_PN0P_/D
    2234+ |       1 |     842 |      198 |     10 |   265 |    +0.8% |   -2.440 |     -183.0 |     -107.9 |     65 | flags_o\[0\]$_DFFE_PN0P_/D
    2235+ |       1 |     842 |      198 |     10 |   265 |    +0.8% |   -2.440 |     -183.0 |     -107.9 |     65 | flags_o\[0\]$_DFFE_PN0P_/D
    2236+ |       1 |     842 |      198 |     10 |   265 |    +0.8% |   -2.440 |     -183.0 |     -107.9 |     65 | flags_o\[0\]$_DFFE_PN0P_/D
    2237+ |       1 |     842 |      198 |     10 |   265 |    +0.8% |   -2.440 |     -183.0 |     -107.9 |     65 | flags_o\[0\]$_DFFE_PN0P_/D
    2238+ |       1 |     842 |      198 |     10 |   265 |    +0.8% |   -2.440 |     -183.0 |     -107.9 |     65 | flags_o\[0\]$_DFFE_PN0P_/D
    2239+ |       1 |     842 |      198 |     10 |   265 |    +0.8% |   -2.440 |     -183.0 |     -107.9 |     65 | flags_o\[0\]$_DFFE_PN0P_/D
    2240+ |       1 |     842 |      198 |     10 |   265 |    +0.8% |   -2.440 |     -183.0 |     -107.9 |     65 | flags_o\[0\]$_DFFE_PN0P_/D
    2240+ |       1 |     842 |      198 |     10 |   265 |    +0.8% |   -2.440 |     -183.0 |     -107.9 |     65 | flags_o\[0\]$_DFFE_PN0P_/D
    2241+ |       1 |     842 |      198 |     10 |   265 |    +0.8% |   -2.440 |     -183.0 |     -107.9 |     65 | flags_o\[0\]$_DFFE_PN0P_/D
    2245+ |       1 |     844 |      198 |     10 |   266 |    +0.8% |   -2.440 |     -182.8 |     -107.7 |     65 | flags_o\[0\]$_DFFE_PN0P_/D
    2246+ |       1 |     844 |      198 |     10 |   266 |    +0.8% |   -2.440 |     -182.8 |     -107.7 |     65 | flags_o\[0\]$_DFFE_PN0P_/D
    2247+ |       1 |     844 |      198 |     10 |   266 |    +0.8% |   -2.440 |     -182.8 |     -107.7 |     65 | flags_o\[0\]$_DFFE_PN0P_/D
    2249+ |       1 |     844 |      198 |     10 |   267 |    +0.8% |   -2.440 |     -181.8 |     -107.1 |     65 | flags_o\[0\]$_DFFE_PN0P_/D
    2250+ |       1 |     844 |      198 |     10 |   267 |    +0.8% |   -2.440 |     -181.8 |     -107.1 |     65 | flags_o\[0\]$_DFFE_PN0P_/D
    2251+ |       1 |     845 |      198 |     10 |   267 |    +0.8% |   -2.440 |     -181.7 |     -107.0 |     65 | flags_o\[0\]$_DFFE_PN0P_/D
    2252+ |       1 |     845 |      198 |     10 |   267 |    +0.8% |   -2.440 |     -181.7 |     -107.0 |     65 | flags_o\[0\]$_DFFE_PN0P_/D
    2253+ |       1 |     845 |      198 |     10 |   267 |    +0.8% |   -2.440 |     -181.7 |     -107.0 |     65 | flags_o\[0\]$_DFFE_PN0P_/D
    2254+ |       1 |     845 |      198 |     10 |   267 |    +0.8% |   -2.440 |     -181.7 |     -107.0 |     65 | flags_o\[0\]$_DFFE_PN0P_/D
    2260+ |       1 |     850 |      198 |     10 |   267 |    +0.8% |   -2.440 |     -180.6 |     -106.4 |     65 | flags_o\[0\]$_DFFE_PN0P_/D
    2260+ |       1 |     850 |      198 |     10 |   267 |    +0.8% |   -2.440 |     -180.6 |     -106.4 |     65 | flags_o\[0\]$_DFFE_PN0P_/D
    2266+ |       1 |     855 |      198 |     10 |   267 |    +0.8% |   -2.440 |     -180.0 |     -106.0 |     65 | flags_o\[0\]$_DFFE_PN0P_/D
    2267+ |       1 |     855 |      198 |     10 |   267 |    +0.8% |   -2.440 |     -180.0 |     -106.0 |     65 | flags_o\[0\]$_DFFE_PN0P_/D
    2268+ |       1 |     855 |      198 |     10 |   267 |    +0.8% |   -2.440 |     -180.0 |     -106.0 |     65 | flags_o\[0\]$_DFFE_PN0P_/D
    2269+ |       1 |     855 |      198 |     10 |   267 |    +0.8% |   -2.440 |     -180.0 |     -106.0 |     65 | flags_o\[0\]$_DFFE_PN0P_/D
    2270+ |       1 |     855 |      198 |     10 |   267 |    +0.8% |   -2.440 |     -180.0 |     -106.0 |     65 | flags_o\[0\]$_DFFE_PN0P_/D
    2270+ |       1 |     855 |      198 |     10 |   267 |    +0.8% |   -2.440 |     -180.0 |     -106.0 |     65 | flags_o\[0\]$_DFFE_PN0P_/D
    2271+ |       1 |     855 |      198 |     10 |   267 |    +0.8% |   -2.440 |     -180.0 |     -106.0 |     65 | flags_o\[0\]$_DFFE_PN0P_/D
    2272+ |       1 |     855 |      198 |     10 |   267 |    +0.8% |   -2.440 |     -180.0 |     -106.0 |     65 | flags_o\[0\]$_DFFE_PN0P_/D
    2273+ |       1 |     855 |      198 |     10 |   267 |    +0.8% |   -2.440 |     -180.0 |     -106.0 |     65 | flags_o\[0\]$_DFFE_PN0P_/D
    2274+ |       1 |     855 |      198 |     10 |   267 |    +0.8% |   -2.440 |     -180.0 |     -106.0 |     65 | flags_o\[0\]$_DFFE_PN0P_/D
    2275+ |       1 |     855 |      198 |     10 |   267 |    +0.8% |   -2.440 |     -180.0 |     -106.0 |     65 | flags_o\[0\]$_DFFE_PN0P_/D
    2276+ |       1 |     855 |      198 |     10 |   267 |    +0.8% |   -2.440 |     -180.0 |     -106.0 |     65 | flags_o\[0\]$_DFFE_PN0P_/D
    2277+ |       1 |     855 |      198 |     10 |   267 |    +0.8% |   -2.440 |     -180.0 |     -106.0 |     65 | flags_o\[0\]$_DFFE_PN0P_/D
    2278+ |       1 |     855 |      198 |     10 |   267 |    +0.8% |   -2.440 |     -180.0 |     -106.0 |     65 | flags_o\[0\]$_DFFE_PN0P_/D
    2280+ |       1 |     856 |      198 |     10 |   267 |    +0.8% |   -2.440 |     -180.0 |     -105.9 |     65 | flags_o\[0\]$_DFFE_PN0P_/D
    2280+ |       1 |     856 |      198 |     10 |   267 |    +0.8% |   -2.440 |     -180.0 |     -105.9 |     65 | flags_o\[0\]$_DFFE_PN0P_/D
    2282+ |       1 |     857 |      198 |     10 |   267 |    +0.8% |   -2.440 |     -180.0 |     -105.9 |     65 | flags_o\[0\]$_DFFE_PN0P_/D
    2283+ |       1 |     857 |      198 |     10 |   267 |    +0.8% |   -2.440 |     -180.0 |     -105.9 |     65 | flags_o\[0\]$_DFFE_PN0P_/D
    2284+ |       1 |     857 |      198 |     10 |   267 |    +0.8% |   -2.440 |     -180.0 |     -105.9 |     65 | flags_o\[0\]$_DFFE_PN0P_/D
    2285+ |       1 |     857 |      198 |     10 |   267 |    +0.8% |   -2.440 |     -180.0 |     -105.9 |     65 | flags_o\[0\]$_DFFE_PN0P_/D
    2286+ |       1 |     857 |      198 |     10 |   267 |    +0.8% |   -2.440 |     -180.0 |     -105.9 |     65 | flags_o\[0\]$_DFFE_PN0P_/D
    2289+ |       1 |     859 |      198 |     10 |   267 |    +0.8% |   -2.440 |     -180.0 |     -105.8 |     65 | flags_o\[0\]$_DFFE_PN0P_/D
    2290+ |       1 |     859 |      198 |     10 |   267 |    +0.8% |   -2.440 |     -180.0 |     -105.8 |     65 | flags_o\[0\]$_DFFE_PN0P_/D
    2290+ |       1 |     859 |      198 |     10 |   267 |    +0.8% |   -2.440 |     -180.0 |     -105.8 |     65 | flags_o\[0\]$_DFFE_PN0P_/D
    2291+ |       1 |     859 |      198 |     10 |   267 |    +0.8% |   -2.440 |     -180.0 |     -105.8 |     65 | flags_o\[0\]$_DFFE_PN0P_/D
    final |       1 |     859 |      198 |     10 |   267 |    +0.8% |   -2.440 |     -180.0 |     -105.8 |     65 | flags_o\[0\]$_DFFE_PN0P_/D
------------------------------------------------------------------------------------------------------------------------------
[INFO RSZ-0059] Removed 1 buffers.
[INFO RSZ-0040] Inserted 198 buffers.
[INFO RSZ-0051] Resized 859 instances: 859 up, 0 up match, 0 down, 0 VT
[INFO RSZ-0043] Swapped pins on 267 instances.
[INFO RSZ-0049] Cloned 10 instances.
[WARNING RSZ-0062] Unable to repair all setup violations.
[INFO RSZ-0505] Runtime: 332.97s
[INFO RSZ-0033] No hold violations found.
[INFO RSZ-0506] Runtime: 0.01s
Took 333 seconds: repair_timing -setup_margin 0 -hold_margin 0 -repair_tns 100 -match_cell_footprint -verbose
detailed_placement
[INFO DPL-0006] Core area: 4611196.25 um^2
[INFO DPL-0007] Movable instances area: 615574.13 um^2
[INFO DPL-0008] Fixed instances area within core: 76701.06 um^2
[INFO DPL-0009] Utilization: 15.0%
[INFO DPL-0005] Diamond search max displacement: +/- 500 sites horizontally, +/- 100 rows vertically.
[INFO DPL-1102] Legalizing using negotiation legalizer.
[INFO DPL-1103] Negotiation base search window: +/-20 sites horizontally, +/-5 rows vertically 
	Automatic search window extension enabled.
	Search window extendable up to the max displacement cap of +/-500 sites, +/-100 rows near walls.
[INFO DPL-1104] NegotiationLegalizer DRC penalty: 5.
[INFO DPL-0392] Negotiation cell height distribution (1 unique row-count(s)):
[INFO DPL-0393]   height 1 row(s): 148419 cells
          |      Total |  Illegal |  Illegal
Iteration | Violations |    Cells |    Sites
---------------------------------------------
        0 |         23 |         7 |        16
        1 |          0 |         0 |         0
Negotiation phase 1 converged at iteration 1.
[INFO DPL-0500] Runtime: 0.71s
Placement Analysis
---------------------------------
total displacement       2587.7 u
average displacement        0.0 u
max displacement           17.9 u
original HPWL         3259638.9 u
legalized HPWL        3262626.0 u
delta HPWL                    0 %

Report metrics stage 4, cts final...

==========================================================================
cts final report_design_area
--------------------------------------------------------------------------
Design area 692275 um^2 15% utilization.
write_db ./results/sky130hd/d_dsp03_cand_chat_v2/base/4_1_cts.odb
write_sdc -no_timestamp ./results/sky130hd/d_dsp03_cand_chat_v2/base/4_cts.sdc
Elapsed time: 5:51.77[h:]min:sec. CPU time: user 499.00 sys 383.28 (250%). Peak memory: 870704KB.
Log                       Ext     Elapsed/s Peak Memory/MB sha1sum result [0:20)
4_1_cts                   .odb          351            850 72110b01df2cd3d9df40
cp ./results/sky130hd/d_dsp03_cand_chat_v2/base/4_1_cts.odb ./results/sky130hd/d_dsp03_cand_chat_v2/base/4_cts.odb
/OpenROAD-flow-scripts/flow/scripts/flow.sh 5_1_grt global_route
Running global_route.tcl, stage 5_1_grt
read_liberty /OpenROAD-flow-scripts/flow/platforms/sky130hd/lib/sky130_fd_sc_hd__tt_025C_1v80.lib
read_db ./results/sky130hd/d_dsp03_cand_chat_v2/base/4_cts.odb
read_sdc ./results/sky130hd/d_dsp03_cand_chat_v2/base/4_cts.sdc
source /OpenROAD-flow-scripts/flow/platforms/sky130hd/setRC.tcl
pin_access
[INFO DRT-0149] Reading tech and libs.
[WARNING DRT-0349] LEF58_ENCLOSURE with no CUTCLASS is not supported. Skipping for layer mcon
[WARNING DRT-0349] LEF58_ENCLOSURE with no CUTCLASS is not supported. Skipping for layer mcon
[WARNING DRT-0349] LEF58_ENCLOSURE with no CUTCLASS is not supported. Skipping for layer via
[WARNING DRT-0349] LEF58_ENCLOSURE with no CUTCLASS is not supported. Skipping for layer via
[WARNING DRT-0349] LEF58_ENCLOSURE with no CUTCLASS is not supported. Skipping for layer via2
[WARNING DRT-0349] LEF58_ENCLOSURE with no CUTCLASS is not supported. Skipping for layer via2
[WARNING DRT-0349] LEF58_ENCLOSURE with no CUTCLASS is not supported. Skipping for layer via3
[WARNING DRT-0349] LEF58_ENCLOSURE with no CUTCLASS is not supported. Skipping for layer via3
[WARNING DRT-0349] LEF58_ENCLOSURE with no CUTCLASS is not supported. Skipping for layer via4
[WARNING DRT-0349] LEF58_ENCLOSURE with no CUTCLASS is not supported. Skipping for layer via4

Units:                1000
Number of layers:     13
Number of macros:     441
Number of vias:       29
Number of viarulegen: 25

[INFO DRT-0150] Reading design.

Design:                   fp_multifmt_fma
Die area:                 ( 0 0 ) ( 2151130 2151130 )
Number of track patterns: 12
Number of DEF vias:       0
Number of components:     148419
Number of terminals:      275
Number of snets:          2
Number of nets:           92984

[INFO DRT-0167] List of default vias:
  Layer via
    default via: M1M2_PR
  Layer via2
    default via: M2M3_PR
  Layer via3
    default via: M3M4_PR
  Layer via4
    default via: M4M5_PR
[INFO DRT-0162] Library cell analysis.
[INFO DRT-0163] Instance analysis.
  Complete 100000 instances.
[INFO DRT-0164] Number of unique instances = 397.
[INFO DRT-0168] Init region query.
[INFO DRT-0018]   Complete 100000 insts.
[INFO DRT-0024]   Complete FR_MASTERSLICE.
[INFO DRT-0024]   Complete Fr_VIA.
[INFO DRT-0024]   Complete li1.
[INFO DRT-0024]   Complete mcon.
[INFO DRT-0024]   Complete met1.
[INFO DRT-0024]   Complete via.
[INFO DRT-0024]   Complete met2.
[INFO DRT-0024]   Complete via2.
[INFO DRT-0024]   Complete met3.
[INFO DRT-0024]   Complete via3.
[INFO DRT-0024]   Complete met4.
[INFO DRT-0024]   Complete via4.
[INFO DRT-0024]   Complete met5.
[INFO DRT-0033] FR_MASTERSLICE shape region query size = 0.
[INFO DRT-0033] FR_VIA shape region query size = 0.
[INFO DRT-0033] li1 shape region query size = 2212233.
[INFO DRT-0033] mcon shape region query size = 1124505.
[INFO DRT-0033] met1 shape region query size = 396655.
[INFO DRT-0033] via shape region query size = 312050.
[INFO DRT-0033] met2 shape region query size = 187248.
[INFO DRT-0033] via2 shape region query size = 249640.
[INFO DRT-0033] met3 shape region query size = 187485.
[INFO DRT-0033] via3 shape region query size = 249640.
[INFO DRT-0033] met4 shape region query size = 74971.
[INFO DRT-0033] via4 shape region query size = 12403.
[INFO DRT-0033] met5 shape region query size = 12717.
[INFO DRT-0165] Start pin access.
[INFO DRT-0076]   Complete 1000 pins.
[INFO DRT-0076]   Complete 2000 pins.
[INFO DRT-0076]   Complete 3000 pins.
[INFO DRT-0078]   Complete 3336 pins.
[INFO DRT-0079]   Complete 100 unique inst patterns.
[INFO DRT-0079]   Complete 200 unique inst patterns.
[INFO DRT-0079]   Complete 300 unique inst patterns.
[INFO DRT-0081]   Complete 397 unique inst patterns.
[INFO DRT-0082]   Complete 10000 groups.
[INFO DRT-0082]   Complete 20000 groups.
[INFO DRT-0082]   Complete 30000 groups.
[INFO DRT-0082]   Complete 40000 groups.
[INFO DRT-0082]   Complete 50000 groups.
[INFO DRT-0082]   Complete 60000 groups.
[INFO DRT-0084]   Complete 62170 groups.
#scanned instances     = 148419
#unique  instances     = 397
#stdCellGenAp          = 13962
#stdCellValidPlanarAp  = 117
#stdCellValidViaAp     = 9873
#stdCellPinNoAp        = 8
#stdCellPinCnt         = 293487
#instTermValidViaApCnt = 0
#macroGenAp            = 0
#macroValidPlanarAp    = 0
#macroValidViaAp       = 0
#macroNoAp             = 0
[INFO DRT-0166] Complete pin access.
[INFO DRT-0267] cpu time = 00:18:49, elapsed time = 00:01:16, memory = 745.05 (MB), peak = 789.66 (MB)
Took 78 seconds: pin_access
global_route -congestion_report_file ./reports/sky130hd/d_dsp03_cand_chat_v2/base/congestion.rpt -congestion_iterations 30 -congestion_report_iter_step 5 -verbose
[INFO GRT-0020] Min routing layer: met1
[INFO GRT-0021] Max routing layer: met5
[INFO GRT-0022] Global adjustment: 0%
[INFO GRT-0023] Grid origin: (0, 0)
[INFO GRT-0088] Layer li1     Track-Pitch = 0.4600  line-2-Via Pitch: 0.3400
[INFO GRT-0088] Layer met1    Track-Pitch = 0.3400  line-2-Via Pitch: 0.3400
[INFO GRT-0088] Layer met2    Track-Pitch = 0.4600  line-2-Via Pitch: 0.3500
[INFO GRT-0088] Layer met3    Track-Pitch = 0.6800  line-2-Via Pitch: 0.6150
[INFO GRT-0088] Layer met4    Track-Pitch = 0.9200  line-2-Via Pitch: 1.0400
[INFO GRT-0088] Layer met5    Track-Pitch = 3.4000  line-2-Via Pitch: 3.1100
[INFO GRT-0003] Macros: 0
[INFO GRT-0004] Blockages: 14927
[INFO GRT-0019] Found 10 clock nets.
[INFO GRT-0001] Minimum degree: 2
[INFO GRT-0002] Maximum degree: 98

[INFO GRT-0053] Routing resources analysis:
          Routing      Original      Derated      Resource
Layer     Direction    Resources     Resources    Reduction (%)
---------------------------------------------------------------
li1        Vertical            0             0          0.00%
met1       Horizontal    1451313       1127173          22.33%
met2       Vertical      1246820        956970          23.25%
met3       Horizontal     915689        715211          21.89%
met4       Vertical       616280        442990          28.12%
met5       Horizontal     134850         98270          27.13%
---------------------------------------------------------------

[INFO GRT-0101] Running extra iterations to remove congestion.
[INFO GRT-0102] Start extra iteration 1/30
[INFO GRT-0102] Start extra iteration 2/30
[INFO GRT-0102] Start extra iteration 3/30
[INFO GRT-0197] Via related to pin nodes: 477517
[INFO GRT-0198] Via related Steiner nodes: 9198
[INFO GRT-0199] Via filling finished.
[INFO GRT-0111] Final number of vias: 602199
[INFO GRT-0112] Final usage 3D: 2320811

[INFO GRT-0096] Final congestion report:
Layer         Resource        Demand        Usage (%)    Max H / Max V / Total Congestion
---------------------------------------------------------------------------------------
li1                  0             0            0.00%             0 /  0 /  0
met1           1127173        237661           21.08%             0 /  0 /  0
met2            956970        210323           21.98%             0 /  0 /  0
met3            715211         33590            4.70%             0 /  0 /  0
met4            442990         32617            7.36%             0 /  0 /  0
met5             98270            23            0.02%             0 /  0 /  0
---------------------------------------------------------------------------------------
Total          3340614        514214           15.39%             0 /  0 /  0

[INFO GRT-0018] Total wirelength: 4959057 um
[INFO GRT-0014] Routed nets: 91752
[INFO GRT-0303] Global routing runtime = 00:00:11
Took 11 seconds: global_route -congestion_report_file ./reports/sky130hd/d_dsp03_cand_chat_v2/base/congestion.rpt -congestion_iterations 30 -congestion_report_iter_step 5 -verbose
estimate_parasitics -global_routing
Perform buffer insertion and gate resizing...
repair_design -verbose
Iteration |   Area    | Resized | Buffers | Nets repaired | Remaining
---------------------------------------------------------------------
        0 |     +0.0% |       0 |       0 |             0 |     92992
     1000 |     +0.0% |       0 |       0 |             0 |     91992
     2000 |     +0.0% |       0 |       0 |             0 |     90992
     3000 |     +0.0% |       0 |       0 |             0 |     89992
     4000 |     +0.0% |       0 |       0 |             0 |     88992
     5000 |     +0.0% |       0 |       0 |             0 |     87992
     6000 |     +0.0% |       0 |       0 |             0 |     86992
[WARNING RSZ-0104] Net _075172_ only has one pin. Check if it is intended to be dangling.
[WARNING RSZ-0104] Net _075171_ only has one pin. Check if it is intended to be dangling.
[WARNING RSZ-0104] Net _075170_ only has one pin. Check if it is intended to be dangling.
[WARNING RSZ-0104] Net _075737_ only has one pin. Check if it is intended to be dangling.
[WARNING RSZ-0104] Net _075173_ only has one pin. Check if it is intended to be dangling.
[WARNING RSZ-0104] Net _075169_ only has one pin. Check if it is intended to be dangling.
[WARNING RSZ-0104] Net _076376_ only has one pin. Check if it is intended to be dangling.
[WARNING RSZ-0104] Net _076375_ only has one pin. Check if it is intended to be dangling.
     7000 |     +0.0% |       0 |       0 |             0 |     85992
     8000 |     +0.0% |       0 |       0 |             0 |     84992
     9000 |     +0.0% |       0 |       0 |             0 |     83992
[WARNING RSZ-0104] Net _075386_ only has one pin. Check if it is intended to be dangling.
[WARNING RSZ-0104] Net _075108_ only has one pin. Check if it is intended to be dangling.
[WARNING RSZ-0104] Net _075388_ only has one pin. Check if it is intended to be dangling.
[WARNING RSZ-0104] Net _075387_ only has one pin. Check if it is intended to be dangling.
    10000 |     +0.0% |       0 |       0 |             0 |     82992
[WARNING RSZ-0104] Net _075972_ only has one pin. Check if it is intended to be dangling.
[WARNING RSZ-0104] Net _075971_ only has one pin. Check if it is intended to be dangling.
    11000 |     +0.0% |       0 |       0 |             0 |     81992
    12000 |     +0.0% |       0 |       0 |             0 |     80992
    13000 |     +0.0% |       0 |       0 |             0 |     79992
    14000 |     +0.0% |       0 |       0 |             0 |     78992
    15000 |     +0.0% |       0 |       0 |             0 |     77992
    16000 |     +0.0% |       0 |       0 |             0 |     76992
    17000 |     +0.0% |       0 |       0 |             0 |     75992
[WARNING RSZ-0104] Net _074850_ only has one pin. Check if it is intended to be dangling.
    18000 |     +0.0% |       0 |       0 |             0 |     74992
    19000 |     +0.0% |       0 |       0 |             0 |     73992
[WARNING RSZ-0104] Net _076232_ only has one pin. Check if it is intended to be dangling.
[WARNING RSZ-0104] Net _074795_ only has one pin. Check if it is intended to be dangling.
[WARNING RSZ-0104] Net _075710_ only has one pin. Check if it is intended to be dangling.
[WARNING RSZ-0104] Net _075709_ only has one pin. Check if it is intended to be dangling.
[WARNING RSZ-0104] Net _074796_ only has one pin. Check if it is intended to be dangling.
[WARNING RSZ-0104] Net _074794_ only has one pin. Check if it is intended to be dangling.
    20000 |     +0.0% |       0 |       0 |             0 |     72992
    21000 |     +0.0% |       0 |       0 |             0 |     71992
[WARNING RSZ-0104] Net _075765_ only has one pin. Check if it is intended to be dangling.
[WARNING RSZ-0104] Net _075762_ only has one pin. Check if it is intended to be dangling.
[WARNING RSZ-0104] Net _076024_ only has one pin. Check if it is intended to be dangling.
[WARNING RSZ-0104] Net _076023_ only has one pin. Check if it is intended to be dangling.
[WARNING RSZ-0104] Net _075764_ only has one pin. Check if it is intended to be dangling.
[WARNING RSZ-0104] Net _075763_ only has one pin. Check if it is intended to be dangling.
    22000 |     +0.0% |       0 |       0 |             0 |     70992
[WARNING RSZ-0104] Net _075559_ only has one pin. Check if it is intended to be dangling.
[WARNING RSZ-0104] Net _075514_ only has one pin. Check if it is intended to be dangling.
    23000 |     +0.0% |       0 |       0 |             0 |     69992
[WARNING RSZ-0104] Net _076361_ only has one pin. Check if it is intended to be dangling.
[WARNING RSZ-0104] Net _076355_ only has one pin. Check if it is intended to be dangling.
[WARNING RSZ-0104] Net _076253_ only has one pin. Check if it is intended to be dangling.
[WARNING RSZ-0104] Net _076244_ only has one pin. Check if it is intended to be dangling.
[WARNING RSZ-0104] Net _076167_ only has one pin. Check if it is intended to be dangling.
[WARNING RSZ-0104] Net _075513_ only has one pin. Check if it is intended to be dangling.
    24000 |     +0.0% |       0 |       0 |             0 |     68992
[WARNING RSZ-0104] Net _076415_ only has one pin. Check if it is intended to be dangling.
[WARNING RSZ-0104] Net _076362_ only has one pin. Check if it is intended to be dangling.
[WARNING RSZ-0104] Net _076309_ only has one pin. Check if it is intended to be dangling.
[WARNING RSZ-0104] Net _076251_ only has one pin. Check if it is intended to be dangling.
[WARNING RSZ-0104] Net _076220_ only has one pin. Check if it is intended to be dangling.
[WARNING RSZ-0104] Net _076212_ only has one pin. Check if it is intended to be dangling.
[WARNING RSZ-0104] Net _076189_ only has one pin. Check if it is intended to be dangling.
[WARNING RSZ-0104] Net _076165_ only has one pin. Check if it is intended to be dangling.
[WARNING RSZ-0104] Net _076111_ only has one pin. Check if it is intended to be dangling.
[WARNING RSZ-0104] Net _075974_ only has one pin. Check if it is intended to be dangling.
[WARNING RSZ-0104] Net _075831_ only has one pin. Check if it is intended to be dangling.
[WARNING RSZ-0104] Net _075743_ only has one pin. Check if it is intended to be dangling.
[WARNING RSZ-0104] Net _075742_ only has one pin. Check if it is intended to be dangling.
[WARNING RSZ-0104] Net _075740_ only has one pin. Check if it is intended to be dangling.
[WARNING RSZ-0104] Net _075671_ only has one pin. Check if it is intended to be dangling.
[WARNING RSZ-0104] Net _075522_ only has one pin. Check if it is intended to be dangling.
[WARNING RSZ-0104] Net _075521_ only has one pin. Check if it is intended to be dangling.
[WARNING RSZ-0104] Net _075512_ only has one pin. Check if it is intended to be dangling.
[WARNING RSZ-0104] Net _075511_ only has one pin. Check if it is intended to be dangling.
[WARNING RSZ-0104] Net _075356_ only has one pin. Check if it is intended to be dangling.
[WARNING RSZ-0104] Net _075337_ only has one pin. Check if it is intended to be dangling.
[WARNING RSZ-0104] Net _075306_ only has one pin. Check if it is intended to be dangling.
[WARNING RSZ-0104] Net _075302_ only has one pin. Check if it is intended to be dangling.
[WARNING RSZ-0104] Net _075275_ only has one pin. Check if it is intended to be dangling.
[WARNING RSZ-0104] Net _075168_ only has one pin. Check if it is intended to be dangling.
[WARNING RSZ-0104] Net _075101_ only has one pin. Check if it is intended to be dangling.
    25000 |     +0.0% |       0 |       0 |             0 |     67992
[WARNING RSZ-0104] Net _076405_ only has one pin. Check if it is intended to be dangling.
[WARNING RSZ-0104] Net _076385_ only has one pin. Check if it is intended to be dangling.
[WARNING RSZ-0104] Net _076381_ only has one pin. Check if it is intended to be dangling.
[WARNING RSZ-0104] Net _076307_ only has one pin. Check if it is intended to be dangling.
[WARNING RSZ-0104] Net _076252_ only has one pin. Check if it is intended to be dangling.
[WARNING RSZ-0104] Net _076247_ only has one pin. Check if it is intended to be dangling.
[WARNING RSZ-0104] Net _076219_ only has one pin. Check if it is intended to be dangling.
[WARNING RSZ-0104] Net _076218_ only has one pin. Check if it is intended to be dangling.
[WARNING RSZ-0104] Net _076210_ only has one pin. Check if it is intended to be dangling.
[WARNING RSZ-0104] Net _076200_ only has one pin. Check if it is intended to be dangling.
[WARNING RSZ-0104] Net _076144_ only has one pin. Check if it is intended to be dangling.
[WARNING RSZ-0104] Net _076110_ only has one pin. Check if it is intended to be dangling.
[WARNING RSZ-0104] Net _076105_ only has one pin. Check if it is intended to be dangling.
[WARNING RSZ-0104] Net _076104_ only has one pin. Check if it is intended to be dangling.
[WARNING RSZ-0104] Net _076103_ only has one pin. Check if it is intended to be dangling.
[WARNING RSZ-0104] Net _076102_ only has one pin. Check if it is intended to be dangling.
[WARNING RSZ-0104] Net _075994_ only has one pin. Check if it is intended to be dangling.
[WARNING RSZ-0104] Net _075993_ only has one pin. Check if it is intended to be dangling.
[WARNING RSZ-0104] Net _075973_ only has one pin. Check if it is intended to be dangling.
[WARNING RSZ-0104] Net _075781_ only has one pin. Check if it is intended to be dangling.
[WARNING RSZ-0104] Net _075664_ only has one pin. Check if it is intended to be dangling.
[WARNING RSZ-0104] Net _075663_ only has one pin. Check if it is intended to be dangling.
[WARNING RSZ-0104] Net _075661_ only has one pin. Check if it is intended to be dangling.
[WARNING RSZ-0104] Net _075524_ only has one pin. Check if it is intended to be dangling.
[WARNING RSZ-0104] Net _075498_ only has one pin. Check if it is intended to be dangling.
[WARNING RSZ-0104] Net _075436_ only has one pin. Check if it is intended to be dangling.
[WARNING RSZ-0104] Net _075354_ only has one pin. Check if it is intended to be dangling.
[WARNING RSZ-0104] Net _075335_ only has one pin. Check if it is intended to be dangling.
[WARNING RSZ-0104] Net _075301_ only has one pin. Check if it is intended to be dangling.
[WARNING RSZ-0104] Net _075300_ only has one pin. Check if it is intended to be dangling.
[WARNING RSZ-0104] Net _075167_ only has one pin. Check if it is intended to be dangling.
[WARNING RSZ-0104] Net _075100_ only has one pin. Check if it is intended to be dangling.
[WARNING RSZ-0104] Net _076384_ only has one pin. Check if it is intended to be dangling.
[WARNING RSZ-0104] Net _076383_ only has one pin. Check if it is intended to be dangling.
[WARNING RSZ-0104] Net _076380_ only has one pin. Check if it is intended to be dangling.
[WARNING RSZ-0104] Net _076379_ only has one pin. Check if it is intended to be dangling.
[WARNING RSZ-0104] Net _076308_ only has one pin. Check if it is intended to be dangling.
[WARNING RSZ-0104] Net _076245_ only has one pin. Check if it is intended to be dangling.
[WARNING RSZ-0104] Net _076211_ only has one pin. Check if it is intended to be dangling.
[WARNING RSZ-0104] Net _076199_ only has one pin. Check if it is intended to be dangling.
[WARNING RSZ-0104] Net _076198_ only has one pin. Check if it is intended to be dangling.
[WARNING RSZ-0104] Net _076166_ only has one pin. Check if it is intended to be dangling.
[WARNING RSZ-0104] Net _076143_ only has one pin. Check if it is intended to be dangling.
[WARNING RSZ-0104] Net _076142_ only has one pin. Check if it is intended to be dangling.
[WARNING RSZ-0104] Net _076079_ only has one pin. Check if it is intended to be dangling.
[WARNING RSZ-0104] Net _076000_ only has one pin. Check if it is intended to be dangling.
[WARNING RSZ-0104] Net _075970_ only has one pin. Check if it is intended to be dangling.
[WARNING RSZ-0104] Net _075662_ only has one pin. Check if it is intended to be dangling.
[WARNING RSZ-0104] Net _075523_ only has one pin. Check if it is intended to be dangling.
[WARNING RSZ-0104] Net _075516_ only has one pin. Check if it is intended to be dangling.
[WARNING RSZ-0104] Net _075515_ only has one pin. Check if it is intended to be dangling.
[WARNING RSZ-0104] Net _075497_ only has one pin. Check if it is intended to be dangling.
[WARNING RSZ-0104] Net _075439_ only has one pin. Check if it is intended to be dangling.
[WARNING RSZ-0104] Net _075434_ only has one pin. Check if it is intended to be dangling.
[WARNING RSZ-0104] Net _075355_ only has one pin. Check if it is intended to be dangling.
[WARNING RSZ-0104] Net _075353_ only has one pin. Check if it is intended to be dangling.
[WARNING RSZ-0104] Net _075336_ only has one pin. Check if it is intended to be dangling.
[WARNING RSZ-0104] Net _075304_ only has one pin. Check if it is intended to be dangling.
[WARNING RSZ-0104] Net _075160_ only has one pin. Check if it is intended to be dangling.
[WARNING RSZ-0104] Net _075159_ only has one pin. Check if it is intended to be dangling.
[WARNING RSZ-0104] Net _075158_ only has one pin. Check if it is intended to be dangling.
[WARNING RSZ-0104] Net _074919_ only has one pin. Check if it is intended to be dangling.
[WARNING RSZ-0104] Net _074918_ only has one pin. Check if it is intended to be dangling.
    26000 |     +0.0% |       0 |       0 |             0 |     66992
[WARNING RSZ-0104] Net _076246_ only has one pin. Check if it is intended to be dangling.
[WARNING RSZ-0104] Net _076237_ only has one pin. Check if it is intended to be dangling.
[WARNING RSZ-0104] Net _076236_ only has one pin. Check if it is intended to be dangling.
[WARNING RSZ-0104] Net _076078_ only has one pin. Check if it is intended to be dangling.
[WARNING RSZ-0104] Net _076077_ only has one pin. Check if it is intended to be dangling.
[WARNING RSZ-0104] Net _075989_ only has one pin. Check if it is intended to be dangling.
[WARNING RSZ-0104] Net _075969_ only has one pin. Check if it is intended to be dangling.
[WARNING RSZ-0104] Net _075968_ only has one pin. Check if it is intended to be dangling.
[WARNING RSZ-0104] Net _075967_ only has one pin. Check if it is intended to be dangling.
[WARNING RSZ-0104] Net _075964_ only has one pin. Check if it is intended to be dangling.
[WARNING RSZ-0104] Net _075859_ only has one pin. Check if it is intended to be dangling.
[WARNING RSZ-0104] Net _075723_ only has one pin. Check if it is intended to be dangling.
[WARNING RSZ-0104] Net _075437_ only has one pin. Check if it is intended to be dangling.
[WARNING RSZ-0104] Net _075435_ only has one pin. Check if it is intended to be dangling.
[WARNING RSZ-0104] Net _075352_ only has one pin. Check if it is intended to be dangling.
[WARNING RSZ-0104] Net _075305_ only has one pin. Check if it is intended to be dangling.
[WARNING RSZ-0104] Net _074849_ only has one pin. Check if it is intended to be dangling.
    27000 |     +0.0% |       1 |       0 |             1 |     65992
[WARNING RSZ-0104] Net _076374_ only has one pin. Check if it is intended to be dangling.
[WARNING RSZ-0104] Net _076335_ only has one pin. Check if it is intended to be dangling.
[WARNING RSZ-0104] Net _076250_ only has one pin. Check if it is intended to be dangling.
[WARNING RSZ-0104] Net _076174_ only has one pin. Check if it is intended to be dangling.
[WARNING RSZ-0104] Net _076112_ only has one pin. Check if it is intended to be dangling.
[WARNING RSZ-0104] Net _076109_ only has one pin. Check if it is intended to be dangling.
[WARNING RSZ-0104] Net _076108_ only has one pin. Check if it is intended to be dangling.
[WARNING RSZ-0104] Net _076038_ only has one pin. Check if it is intended to be dangling.
[WARNING RSZ-0104] Net _075966_ only has one pin. Check if it is intended to be dangling.
[WARNING RSZ-0104] Net _075965_ only has one pin. Check if it is intended to be dangling.
[WARNING RSZ-0104] Net _075963_ only has one pin. Check if it is intended to be dangling.
[WARNING RSZ-0104] Net _075858_ only has one pin. Check if it is intended to be dangling.
[WARNING RSZ-0104] Net _075857_ only has one pin. Check if it is intended to be dangling.
[WARNING RSZ-0104] Net _075722_ only has one pin. Check if it is intended to be dangling.
[WARNING RSZ-0104] Net _075683_ only has one pin. Check if it is intended to be dangling.
[WARNING RSZ-0104] Net _075531_ only has one pin. Check if it is intended to be dangling.
[WARNING RSZ-0104] Net _075520_ only has one pin. Check if it is intended to be dangling.
[WARNING RSZ-0104] Net _075510_ only has one pin. Check if it is intended to be dangling.
[WARNING RSZ-0104] Net _075477_ only has one pin. Check if it is intended to be dangling.
[WARNING RSZ-0104] Net _075470_ only has one pin. Check if it is intended to be dangling.
[WARNING RSZ-0104] Net _075442_ only has one pin. Check if it is intended to be dangling.
[WARNING RSZ-0104] Net _075438_ only has one pin. Check if it is intended to be dangling.
[WARNING RSZ-0104] Net _075346_ only has one pin. Check if it is intended to be dangling.
    28000 |     +0.0% |       1 |       0 |             1 |     64992
[WARNING RSZ-0104] Net _076373_ only has one pin. Check if it is intended to be dangling.
[WARNING RSZ-0104] Net _076334_ only has one pin. Check if it is intended to be dangling.
[WARNING RSZ-0104] Net _076332_ only has one pin. Check if it is intended to be dangling.
[WARNING RSZ-0104] Net _076331_ only has one pin. Check if it is intended to be dangling.
[WARNING RSZ-0104] Net _076330_ only has one pin. Check if it is intended to be dangling.
[WARNING RSZ-0104] Net _076320_ only has one pin. Check if it is intended to be dangling.
[WARNING RSZ-0104] Net _076288_ only has one pin. Check if it is intended to be dangling.
[WARNING RSZ-0104] Net _076249_ only has one pin. Check if it is intended to be dangling.
[WARNING RSZ-0104] Net _076234_ only has one pin. Check if it is intended to be dangling.
[WARNING RSZ-0104] Net _076233_ only has one pin. Check if it is intended to be dangling.
[WARNING RSZ-0104] Net _076193_ only has one pin. Check if it is intended to be dangling.
[WARNING RSZ-0104] Net _076015_ only has one pin. Check if it is intended to be dangling.
[WARNING RSZ-0104] Net _076007_ only has one pin. Check if it is intended to be dangling.
[WARNING RSZ-0104] Net _075962_ only has one pin. Check if it is intended to be dangling.
[WARNING RSZ-0104] Net _075848_ only has one pin. Check if it is intended to be dangling.
[WARNING RSZ-0104] Net _075721_ only has one pin. Check if it is intended to be dangling.
[WARNING RSZ-0104] Net _075566_ only has one pin. Check if it is intended to be dangling.
[WARNING RSZ-0104] Net _075526_ only has one pin. Check if it is intended to be dangling.
[WARNING RSZ-0104] Net _075525_ only has one pin. Check if it is intended to be dangling.
[WARNING RSZ-0104] Net _075509_ only has one pin. Check if it is intended to be dangling.
[WARNING RSZ-0104] Net _075496_ only has one pin. Check if it is intended to be dangling.
[WARNING RSZ-0104] Net _075474_ only has one pin. Check if it is intended to be dangling.
[WARNING RSZ-0104] Net _075473_ only has one pin. Check if it is intended to be dangling.
[WARNING RSZ-0104] Net _075445_ only has one pin. Check if it is intended to be dangling.
[WARNING RSZ-0104] Net _075441_ only has one pin. Check if it is intended to be dangling.
[WARNING RSZ-0104] Net _075351_ only has one pin. Check if it is intended to be dangling.
[WARNING RSZ-0104] Net _075345_ only has one pin. Check if it is intended to be dangling.
[WARNING RSZ-0104] Net _075308_ only has one pin. Check if it is intended to be dangling.
[WARNING RSZ-0104] Net _075145_ only has one pin. Check if it is intended to be dangling.
[WARNING RSZ-0104] Net _075103_ only has one pin. Check if it is intended to be dangling.
    29000 |     +0.0% |       1 |       0 |             1 |     63992
[WARNING RSZ-0104] Net _076372_ only has one pin. Check if it is intended to be dangling.
[WARNING RSZ-0104] Net _076333_ only has one pin. Check if it is intended to be dangling.
[WARNING RSZ-0104] Net _076319_ only has one pin. Check if it is intended to be dangling.
[WARNING RSZ-0104] Net _076248_ only has one pin. Check if it is intended to be dangling.
[WARNING RSZ-0104] Net _076221_ only has one pin. Check if it is intended to be dangling.
[WARNING RSZ-0104] Net _076107_ only has one pin. Check if it is intended to be dangling.
[WARNING RSZ-0104] Net _076106_ only has one pin. Check if it is intended to be dangling.
[WARNING RSZ-0104] Net _076039_ only has one pin. Check if it is intended to be dangling.
[WARNING RSZ-0104] Net _076014_ only has one pin. Check if it is intended to be dangling.
[WARNING RSZ-0104] Net _076013_ only has one pin. Check if it is intended to be dangling.
[WARNING RSZ-0104] Net _075934_ only has one pin. Check if it is intended to be dangling.
[WARNING RSZ-0104] Net _075705_ only has one pin. Check if it is intended to be dangling.
[WARNING RSZ-0104] Net _075565_ only has one pin. Check if it is intended to be dangling.
[WARNING RSZ-0104] Net _075495_ only has one pin. Check if it is intended to be dangling.
[WARNING RSZ-0104] Net _075476_ only has one pin. Check if it is intended to be dangling.
[WARNING RSZ-0104] Net _075469_ only has one pin. Check if it is intended to be dangling.
[WARNING RSZ-0104] Net _075444_ only has one pin. Check if it is intended to be dangling.
[WARNING RSZ-0104] Net _075443_ only has one pin. Check if it is intended to be dangling.
[WARNING RSZ-0104] Net _075440_ only has one pin. Check if it is intended to be dangling.
[WARNING RSZ-0104] Net _075419_ only has one pin. Check if it is intended to be dangling.
[WARNING RSZ-0104] Net _075418_ only has one pin. Check if it is intended to be dangling.
[WARNING RSZ-0104] Net _075144_ only has one pin. Check if it is intended to be dangling.
    30000 |     +0.0% |       1 |       0 |             1 |     62992
[WARNING RSZ-0104] Net _076354_ only has one pin. Check if it is intended to be dangling.
[WARNING RSZ-0104] Net _076318_ only has one pin. Check if it is intended to be dangling.
[WARNING RSZ-0104] Net _076006_ only has one pin. Check if it is intended to be dangling.
[WARNING RSZ-0104] Net _075847_ only has one pin. Check if it is intended to be dangling.
[WARNING RSZ-0104] Net _075703_ only has one pin. Check if it is intended to be dangling.
[WARNING RSZ-0104] Net _075564_ only has one pin. Check if it is intended to be dangling.
[WARNING RSZ-0104] Net _075530_ only has one pin. Check if it is intended to be dangling.
[WARNING RSZ-0104] Net _075143_ only has one pin. Check if it is intended to be dangling.
    31000 |     +0.0% |       1 |       0 |             1 |     61992
[WARNING RSZ-0104] Net _075704_ only has one pin. Check if it is intended to be dangling.
[WARNING RSZ-0104] Net _075532_ only has one pin. Check if it is intended to be dangling.
    32000 |     +0.0% |       1 |       0 |             1 |     60992
    33000 |     +0.0% |       1 |       0 |             1 |     59992
[WARNING RSZ-0104] Net _075950_ only has one pin. Check if it is intended to be dangling.
[WARNING RSZ-0104] Net _075949_ only has one pin. Check if it is intended to be dangling.
[WARNING RSZ-0104] Net _075281_ only has one pin. Check if it is intended to be dangling.
[WARNING RSZ-0104] Net _075280_ only has one pin. Check if it is intended to be dangling.
    34000 |     +0.0% |       1 |       0 |             1 |     58992
[WARNING RSZ-0104] Net _076337_ only has one pin. Check if it is intended to be dangling.
[WARNING RSZ-0104] Net _076336_ only has one pin. Check if it is intended to be dangling.
[WARNING RSZ-0104] Net _076242_ only has one pin. Check if it is intended to be dangling.
[WARNING RSZ-0104] Net _075941_ only has one pin. Check if it is intended to be dangling.
[WARNING RSZ-0104] Net _075940_ only has one pin. Check if it is intended to be dangling.
[WARNING RSZ-0104] Net _075939_ only has one pin. Check if it is intended to be dangling.
[WARNING RSZ-0104] Net _075938_ only has one pin. Check if it is intended to be dangling.
[WARNING RSZ-0104] Net _075829_ only has one pin. Check if it is intended to be dangling.
[WARNING RSZ-0104] Net _075828_ only has one pin. Check if it is intended to be dangling.
[WARNING RSZ-0104] Net _075457_ only has one pin. Check if it is intended to be dangling.
[WARNING RSZ-0104] Net _075456_ only has one pin. Check if it is intended to be dangling.
[WARNING RSZ-0104] Net _075455_ only has one pin. Check if it is intended to be dangling.
[WARNING RSZ-0104] Net _075220_ only has one pin. Check if it is intended to be dangling.
[WARNING RSZ-0104] Net _075219_ only has one pin. Check if it is intended to be dangling.
[WARNING RSZ-0104] Net _075218_ only has one pin. Check if it is intended to be dangling.
    35000 |     +0.0% |       1 |       0 |             1 |     57992
[WARNING RSZ-0104] Net _076378_ only has one pin. Check if it is intended to be dangling.
[WARNING RSZ-0104] Net _076377_ only has one pin. Check if it is intended to be dangling.
[WARNING RSZ-0104] Net _076341_ only has one pin. Check if it is intended to be dangling.
[WARNING RSZ-0104] Net _076101_ only has one pin. Check if it is intended to be dangling.
[WARNING RSZ-0104] Net _076100_ only has one pin. Check if it is intended to be dangling.
[WARNING RSZ-0104] Net _076094_ only has one pin. Check if it is intended to be dangling.
[WARNING RSZ-0104] Net _076071_ only has one pin. Check if it is intended to be dangling.
[WARNING RSZ-0104] Net _076070_ only has one pin. Check if it is intended to be dangling.
[WARNING RSZ-0104] Net _076058_ only has one pin. Check if it is intended to be dangling.
[WARNING RSZ-0104] Net _076047_ only has one pin. Check if it is intended to be dangling.
[WARNING RSZ-0104] Net _076034_ only has one pin. Check if it is intended to be dangling.
[WARNING RSZ-0104] Net _075925_ only has one pin. Check if it is intended to be dangling.
[WARNING RSZ-0104] Net _075924_ only has one pin. Check if it is intended to be dangling.
[WARNING RSZ-0104] Net _075888_ only has one pin. Check if it is intended to be dangling.
[WARNING RSZ-0104] Net _075887_ only has one pin. Check if it is intended to be dangling.
[WARNING RSZ-0104] Net _075820_ only has one pin. Check if it is intended to be dangling.
[WARNING RSZ-0104] Net _075819_ only has one pin. Check if it is intended to be dangling.
[WARNING RSZ-0104] Net _075811_ only has one pin. Check if it is intended to be dangling.
[WARNING RSZ-0104] Net _075607_ only has one pin. Check if it is intended to be dangling.
[WARNING RSZ-0104] Net _075605_ only has one pin. Check if it is intended to be dangling.
[WARNING RSZ-0104] Net _075602_ only has one pin. Check if it is intended to be dangling.
[WARNING RSZ-0104] Net _075360_ only has one pin. Check if it is intended to be dangling.
[WARNING RSZ-0104] Net _075359_ only has one pin. Check if it is intended to be dangling.
[WARNING RSZ-0104] Net _075340_ only has one pin. Check if it is intended to be dangling.
[WARNING RSZ-0104] Net _075314_ only has one pin. Check if it is intended to be dangling.
[WARNING RSZ-0104] Net _075182_ only has one pin. Check if it is intended to be dangling.
[WARNING RSZ-0104] Net _075181_ only has one pin. Check if it is intended to be dangling.
[WARNING RSZ-0104] Net _074916_ only has one pin. Check if it is intended to be dangling.
    36000 |     +0.0% |       1 |       0 |             1 |     56992
[WARNING RSZ-0104] Net _076402_ only has one pin. Check if it is intended to be dangling.
[WARNING RSZ-0104] Net _076401_ only has one pin. Check if it is intended to be dangling.
[WARNING RSZ-0104] Net _076394_ only has one pin. Check if it is intended to be dangling.
[WARNING RSZ-0104] Net _076393_ only has one pin. Check if it is intended to be dangling.
[WARNING RSZ-0104] Net _076382_ only has one pin. Check if it is intended to be dangling.
[WARNING RSZ-0104] Net _076310_ only has one pin. Check if it is intended to be dangling.
[WARNING RSZ-0104] Net _076292_ only has one pin. Check if it is intended to be dangling.
[WARNING RSZ-0104] Net _076261_ only has one pin. Check if it is intended to be dangling.
[WARNING RSZ-0104] Net _076175_ only has one pin. Check if it is intended to be dangling.
[WARNING RSZ-0104] Net _076115_ only has one pin. Check if it is intended to be dangling.
[WARNING RSZ-0104] Net _076114_ only has one pin. Check if it is intended to be dangling.
[WARNING RSZ-0104] Net _076057_ only has one pin. Check if it is intended to be dangling.
[WARNING RSZ-0104] Net _076056_ only has one pin. Check if it is intended to be dangling.
[WARNING RSZ-0104] Net _076046_ only has one pin. Check if it is intended to be dangling.
[WARNING RSZ-0104] Net _076032_ only has one pin. Check if it is intended to be dangling.
[WARNING RSZ-0104] Net _076022_ only has one pin. Check if it is intended to be dangling.
[WARNING RSZ-0104] Net _076021_ only has one pin. Check if it is intended to be dangling.
[WARNING RSZ-0104] Net _075991_ only has one pin. Check if it is intended to be dangling.
[WARNING RSZ-0104] Net _075990_ only has one pin. Check if it is intended to be dangling.
[WARNING RSZ-0104] Net _075979_ only has one pin. Check if it is intended to be dangling.
[WARNING RSZ-0104] Net _075978_ only has one pin. Check if it is intended to be dangling.
[WARNING RSZ-0104] Net _075922_ only has one pin. Check if it is intended to be dangling.
[WARNING RSZ-0104] Net _075871_ only has one pin. Check if it is intended to be dangling.
[WARNING RSZ-0104] Net _075830_ only has one pin. Check if it is intended to be dangling.
[WARNING RSZ-0104] Net _075810_ only has one pin. Check if it is intended to be dangling.
[WARNING RSZ-0104] Net _075777_ only has one pin. Check if it is intended to be dangling.
[WARNING RSZ-0104] Net _075741_ only has one pin. Check if it is intended to be dangling.
[WARNING RSZ-0104] Net _075692_ only has one pin. Check if it is intended to be dangling.
[WARNING RSZ-0104] Net _075679_ only has one pin. Check if it is intended to be dangling.
[WARNING RSZ-0104] Net _075678_ only has one pin. Check if it is intended to be dangling.
[WARNING RSZ-0104] Net _075677_ only has one pin. Check if it is intended to be dangling.
[WARNING RSZ-0104] Net _075634_ only has one pin. Check if it is intended to be dangling.
[WARNING RSZ-0104] Net _075618_ only has one pin. Check if it is intended to be dangling.
[WARNING RSZ-0104] Net _075283_ only has one pin. Check if it is intended to be dangling.
[WARNING RSZ-0104] Net _075282_ only has one pin. Check if it is intended to be dangling.
[WARNING RSZ-0104] Net _075113_ only has one pin. Check if it is intended to be dangling.
[WARNING RSZ-0104] Net _074908_ only has one pin. Check if it is intended to be dangling.
[WARNING RSZ-0104] Net _074907_ only has one pin. Check if it is intended to be dangling.
    37000 |     +0.0% |       1 |       0 |             1 |     55992
[WARNING RSZ-0104] Net _076360_ only has one pin. Check if it is intended to be dangling.
[WARNING RSZ-0104] Net _076339_ only has one pin. Check if it is intended to be dangling.
[WARNING RSZ-0104] Net _076338_ only has one pin. Check if it is intended to be dangling.
[WARNING RSZ-0104] Net _076284_ only has one pin. Check if it is intended to be dangling.
[WARNING RSZ-0104] Net _076208_ only has one pin. Check if it is intended to be dangling.
[WARNING RSZ-0104] Net _076204_ only has one pin. Check if it is intended to be dangling.
[WARNING RSZ-0104] Net _076173_ only has one pin. Check if it is intended to be dangling.
[WARNING RSZ-0104] Net _076172_ only has one pin. Check if it is intended to be dangling.
[WARNING RSZ-0104] Net _076123_ only has one pin. Check if it is intended to be dangling.
[WARNING RSZ-0104] Net _076087_ only has one pin. Check if it is intended to be dangling.
[WARNING RSZ-0104] Net _076066_ only has one pin. Check if it is intended to be dangling.
[WARNING RSZ-0104] Net _076033_ only has one pin. Check if it is intended to be dangling.
[WARNING RSZ-0104] Net _076019_ only has one pin. Check if it is intended to be dangling.
[WARNING RSZ-0104] Net _075986_ only has one pin. Check if it is intended to be dangling.
[WARNING RSZ-0104] Net _075985_ only has one pin. Check if it is intended to be dangling.
[WARNING RSZ-0104] Net _075984_ only has one pin. Check if it is intended to be dangling.
[WARNING RSZ-0104] Net _075983_ only has one pin. Check if it is intended to be dangling.
[WARNING RSZ-0104] Net _075961_ only has one pin. Check if it is intended to be dangling.
[WARNING RSZ-0104] Net _075937_ only has one pin. Check if it is intended to be dangling.
[WARNING RSZ-0104] Net _075920_ only has one pin. Check if it is intended to be dangling.
[WARNING RSZ-0104] Net _075912_ only has one pin. Check if it is intended to be dangling.
[WARNING RSZ-0104] Net _075875_ only has one pin. Check if it is intended to be dangling.
[WARNING RSZ-0104] Net _075874_ only has one pin. Check if it is intended to be dangling.
[WARNING RSZ-0104] Net _075870_ only has one pin. Check if it is intended to be dangling.
[WARNING RSZ-0104] Net _075869_ only has one pin. Check if it is intended to be dangling.
[WARNING RSZ-0104] Net _075818_ only has one pin. Check if it is intended to be dangling.
[WARNING RSZ-0104] Net _075809_ only has one pin. Check if it is intended to be dangling.
[WARNING RSZ-0104] Net _075757_ only has one pin. Check if it is intended to be dangling.
[WARNING RSZ-0104] Net _075691_ only has one pin. Check if it is intended to be dangling.
[WARNING RSZ-0104] Net _075690_ only has one pin. Check if it is intended to be dangling.
[WARNING RSZ-0104] Net _075651_ only has one pin. Check if it is intended to be dangling.
[WARNING RSZ-0104] Net _075632_ only has one pin. Check if it is intended to be dangling.
[WARNING RSZ-0104] Net _075622_ only has one pin. Check if it is intended to be dangling.
[WARNING RSZ-0104] Net _075616_ only has one pin. Check if it is intended to be dangling.
[WARNING RSZ-0104] Net _075606_ only has one pin. Check if it is intended to be dangling.
[WARNING RSZ-0104] Net _075599_ only has one pin. Check if it is intended to be dangling.
[WARNING RSZ-0104] Net _075569_ only has one pin. Check if it is intended to be dangling.
[WARNING RSZ-0104] Net _075414_ only has one pin. Check if it is intended to be dangling.
[WARNING RSZ-0104] Net _075295_ only has one pin. Check if it is intended to be dangling.
[WARNING RSZ-0104] Net _075294_ only has one pin. Check if it is intended to be dangling.
[WARNING RSZ-0104] Net _075293_ only has one pin. Check if it is intended to be dangling.
[WARNING RSZ-0104] Net _075292_ only has one pin. Check if it is intended to be dangling.
[WARNING RSZ-0104] Net _075227_ only has one pin. Check if it is intended to be dangling.
[WARNING RSZ-0104] Net _075111_ only has one pin. Check if it is intended to be dangling.
[WARNING RSZ-0104] Net _074914_ only has one pin. Check if it is intended to be dangling.
    38000 |     +0.0% |       1 |       0 |             1 |     54992
[WARNING RSZ-0104] Net _076396_ only has one pin. Check if it is intended to be dangling.
[WARNING RSZ-0104] Net _076359_ only has one pin. Check if it is intended to be dangling.
[WARNING RSZ-0104] Net _076285_ only has one pin. Check if it is intended to be dangling.
[WARNING RSZ-0104] Net _076265_ only has one pin. Check if it is intended to be dangling.
[WARNING RSZ-0104] Net _076215_ only has one pin. Check if it is intended to be dangling.
[WARNING RSZ-0104] Net _076203_ only has one pin. Check if it is intended to be dangling.
[WARNING RSZ-0104] Net _076171_ only has one pin. Check if it is intended to be dangling.
[WARNING RSZ-0104] Net _076147_ only has one pin. Check if it is intended to be dangling.
[WARNING RSZ-0104] Net _076121_ only has one pin. Check if it is intended to be dangling.
[WARNING RSZ-0104] Net _076065_ only has one pin. Check if it is intended to be dangling.
[WARNING RSZ-0104] Net _076045_ only has one pin. Check if it is intended to be dangling.
[WARNING RSZ-0104] Net _075960_ only has one pin. Check if it is intended to be dangling.
[WARNING RSZ-0104] Net _075936_ only has one pin. Check if it is intended to be dangling.
[WARNING RSZ-0104] Net _075921_ only has one pin. Check if it is intended to be dangling.
[WARNING RSZ-0104] Net _075911_ only has one pin. Check if it is intended to be dangling.
[WARNING RSZ-0104] Net _075892_ only has one pin. Check if it is intended to be dangling.
[WARNING RSZ-0104] Net _075833_ only has one pin. Check if it is intended to be dangling.
[WARNING RSZ-0104] Net _075832_ only has one pin. Check if it is intended to be dangling.
[WARNING RSZ-0104] Net _075730_ only has one pin. Check if it is intended to be dangling.
[WARNING RSZ-0104] Net _075682_ only has one pin. Check if it is intended to be dangling.
[WARNING RSZ-0104] Net _075681_ only has one pin. Check if it is intended to be dangling.
[WARNING RSZ-0104] Net _075646_ only has one pin. Check if it is intended to be dangling.
[WARNING RSZ-0104] Net _075637_ only has one pin. Check if it is intended to be dangling.
[WARNING RSZ-0104] Net _075633_ only has one pin. Check if it is intended to be dangling.
[WARNING RSZ-0104] Net _075631_ only has one pin. Check if it is intended to be dangling.
[WARNING RSZ-0104] Net _075617_ only has one pin. Check if it is intended to be dangling.
[WARNING RSZ-0104] Net _075598_ only has one pin. Check if it is intended to be dangling.
[WARNING RSZ-0104] Net _075568_ only has one pin. Check if it is intended to be dangling.
[WARNING RSZ-0104] Net _075567_ only has one pin. Check if it is intended to be dangling.
[WARNING RSZ-0104] Net _075448_ only has one pin. Check if it is intended to be dangling.
[WARNING RSZ-0104] Net _075413_ only has one pin. Check if it is intended to be dangling.
[WARNING RSZ-0104] Net _075299_ only has one pin. Check if it is intended to be dangling.
[WARNING RSZ-0104] Net _075298_ only has one pin. Check if it is intended to be dangling.
[WARNING RSZ-0104] Net _075287_ only has one pin. Check if it is intended to be dangling.
[WARNING RSZ-0104] Net _075286_ only has one pin. Check if it is intended to be dangling.
[WARNING RSZ-0104] Net _075226_ only has one pin. Check if it is intended to be dangling.
[WARNING RSZ-0104] Net _075112_ only has one pin. Check if it is intended to be dangling.
[WARNING RSZ-0104] Net _074915_ only has one pin. Check if it is intended to be dangling.
[WARNING RSZ-0104] Net _074746_ only has one pin. Check if it is intended to be dangling.
    39000 |     +0.0% |       1 |       0 |             1 |     53992
[WARNING RSZ-0104] Net _076395_ only has one pin. Check if it is intended to be dangling.
[WARNING RSZ-0104] Net _076351_ only has one pin. Check if it is intended to be dangling.
[WARNING RSZ-0104] Net _076214_ only has one pin. Check if it is intended to be dangling.
[WARNING RSZ-0104] Net _076213_ only has one pin. Check if it is intended to be dangling.
[WARNING RSZ-0104] Net _076202_ only has one pin. Check if it is intended to be dangling.
[WARNING RSZ-0104] Net _076122_ only has one pin. Check if it is intended to be dangling.
[WARNING RSZ-0104] Net _075959_ only has one pin. Check if it is intended to be dangling.
[WARNING RSZ-0104] Net _075895_ only has one pin. Check if it is intended to be dangling.
[WARNING RSZ-0104] Net _075891_ only has one pin. Check if it is intended to be dangling.
[WARNING RSZ-0104] Net _075890_ only has one pin. Check if it is intended to be dangling.
[WARNING RSZ-0104] Net _075878_ only has one pin. Check if it is intended to be dangling.
[WARNING RSZ-0104] Net _075729_ only has one pin. Check if it is intended to be dangling.
[WARNING RSZ-0104] Net _075728_ only has one pin. Check if it is intended to be dangling.
[WARNING RSZ-0104] Net _075636_ only has one pin. Check if it is intended to be dangling.
[WARNING RSZ-0104] Net _075635_ only has one pin. Check if it is intended to be dangling.
[WARNING RSZ-0104] Net _075630_ only has one pin. Check if it is intended to be dangling.
[WARNING RSZ-0104] Net _075597_ only has one pin. Check if it is intended to be dangling.
[WARNING RSZ-0104] Net _075563_ only has one pin. Check if it is intended to be dangling.
[WARNING RSZ-0104] Net _075561_ only has one pin. Check if it is intended to be dangling.
[WARNING RSZ-0104] Net _075412_ only has one pin. Check if it is intended to be dangling.
[WARNING RSZ-0104] Net _075255_ only has one pin. Check if it is intended to be dangling.
[WARNING RSZ-0104] Net _075225_ only has one pin. Check if it is intended to be dangling.
[WARNING RSZ-0104] Net _074819_ only has one pin. Check if it is intended to be dangling.
    40000 |     +0.0% |       1 |       0 |             1 |     52992
[WARNING RSZ-0104] Net _076350_ only has one pin. Check if it is intended to be dangling.
[WARNING RSZ-0104] Net _075935_ only has one pin. Check if it is intended to be dangling.
[WARNING RSZ-0104] Net _075894_ only has one pin. Check if it is intended to be dangling.
[WARNING RSZ-0104] Net _075739_ only has one pin. Check if it is intended to be dangling.
[WARNING RSZ-0104] Net _075689_ only has one pin. Check if it is intended to be dangling.
[WARNING RSZ-0104] Net _075688_ only has one pin. Check if it is intended to be dangling.
[WARNING RSZ-0104] Net _075629_ only has one pin. Check if it is intended to be dangling.
[WARNING RSZ-0104] Net _075562_ only has one pin. Check if it is intended to be dangling.
[WARNING RSZ-0104] Net _075093_ only has one pin. Check if it is intended to be dangling.
[WARNING RSZ-0104] Net _075091_ only has one pin. Check if it is intended to be dangling.
[WARNING RSZ-0104] Net _076349_ only has one pin. Check if it is intended to be dangling.
[WARNING RSZ-0104] Net _075893_ only has one pin. Check if it is intended to be dangling.
[WARNING RSZ-0104] Net _075550_ only has one pin. Check if it is intended to be dangling.
[WARNING RSZ-0104] Net _075254_ only has one pin. Check if it is intended to be dangling.
[WARNING RSZ-0104] Net _075185_ only has one pin. Check if it is intended to be dangling.
[WARNING RSZ-0104] Net _075092_ only has one pin. Check if it is intended to be dangling.
[WARNING RSZ-0104] Net _074942_ only has one pin. Check if it is intended to be dangling.
    41000 |     +0.0% |       1 |       0 |             1 |     51992
[WARNING RSZ-0104] Net _075579_ only has one pin. Check if it is intended to be dangling.
[WARNING RSZ-0104] Net _075578_ only has one pin. Check if it is intended to be dangling.
[WARNING RSZ-0104] Net _075138_ only has one pin. Check if it is intended to be dangling.
[WARNING RSZ-0104] Net _075137_ only has one pin. Check if it is intended to be dangling.
    42000 |     +0.0% |       1 |       0 |             1 |     50992
    43000 |     +0.0% |       1 |       0 |             1 |     49992
    44000 |     +0.0% |       1 |       0 |             1 |     48992
    45000 |     +0.0% |       1 |       0 |             1 |     47992
    46000 |     +0.0% |       1 |       0 |             1 |     46992
[WARNING RSZ-0104] Net _076345_ only has one pin. Check if it is intended to be dangling.
[WARNING RSZ-0104] Net _076240_ only has one pin. Check if it is intended to be dangling.
[WARNING RSZ-0104] Net _075933_ only has one pin. Check if it is intended to be dangling.
[WARNING RSZ-0104] Net _075855_ only has one pin. Check if it is intended to be dangling.
[WARNING RSZ-0104] Net _075362_ only has one pin. Check if it is intended to be dangling.
[WARNING RSZ-0104] Net _075361_ only has one pin. Check if it is intended to be dangling.
[WARNING RSZ-0104] Net _076346_ only has one pin. Check if it is intended to be dangling.
[WARNING RSZ-0104] Net _075696_ only has one pin. Check if it is intended to be dangling.
[WARNING RSZ-0104] Net _075379_ only has one pin. Check if it is intended to be dangling.
[WARNING RSZ-0104] Net _075237_ only has one pin. Check if it is intended to be dangling.
[WARNING RSZ-0104] Net _075236_ only has one pin. Check if it is intended to be dangling.
    47000 |     +0.0% |       1 |       0 |             1 |     45992
[WARNING RSZ-0104] Net _076353_ only has one pin. Check if it is intended to be dangling.
[WARNING RSZ-0104] Net _076311_ only has one pin. Check if it is intended to be dangling.
[WARNING RSZ-0104] Net _076299_ only has one pin. Check if it is intended to be dangling.
[WARNING RSZ-0104] Net _076293_ only has one pin. Check if it is intended to be dangling.
[WARNING RSZ-0104] Net _076275_ only has one pin. Check if it is intended to be dangling.
[WARNING RSZ-0104] Net _076273_ only has one pin. Check if it is intended to be dangling.
[WARNING RSZ-0104] Net _076271_ only has one pin. Check if it is intended to be dangling.
[WARNING RSZ-0104] Net _076241_ only has one pin. Check if it is intended to be dangling.
[WARNING RSZ-0104] Net _076181_ only has one pin. Check if it is intended to be dangling.
[WARNING RSZ-0104] Net _076180_ only has one pin. Check if it is intended to be dangling.
[WARNING RSZ-0104] Net _076179_ only has one pin. Check if it is intended to be dangling.
[WARNING RSZ-0104] Net _075932_ only has one pin. Check if it is intended to be dangling.
[WARNING RSZ-0104] Net _075868_ only has one pin. Check if it is intended to be dangling.
[WARNING RSZ-0104] Net _075867_ only has one pin. Check if it is intended to be dangling.
[WARNING RSZ-0104] Net _075753_ only has one pin. Check if it is intended to be dangling.
[WARNING RSZ-0104] Net _075695_ only has one pin. Check if it is intended to be dangling.
[WARNING RSZ-0104] Net _075694_ only has one pin. Check if it is intended to be dangling.
[WARNING RSZ-0104] Net _075620_ only has one pin. Check if it is intended to be dangling.
[WARNING RSZ-0104] Net _075385_ only has one pin. Check if it is intended to be dangling.
[WARNING RSZ-0104] Net _075384_ only has one pin. Check if it is intended to be dangling.
[WARNING RSZ-0104] Net _075358_ only has one pin. Check if it is intended to be dangling.
[WARNING RSZ-0104] Net _075279_ only has one pin. Check if it is intended to be dangling.
[WARNING RSZ-0104] Net _075151_ only has one pin. Check if it is intended to be dangling.
[WARNING RSZ-0104] Net _075150_ only has one pin. Check if it is intended to be dangling.
[WARNING RSZ-0104] Net _075149_ only has one pin. Check if it is intended to be dangling.
[WARNING RSZ-0104] Net _075070_ only has one pin. Check if it is intended to be dangling.
[WARNING RSZ-0104] Net _075069_ only has one pin. Check if it is intended to be dangling.
[WARNING RSZ-0104] Net _075068_ only has one pin. Check if it is intended to be dangling.
[WARNING RSZ-0104] Net _074939_ only has one pin. Check if it is intended to be dangling.
    48000 |     +0.0% |       1 |       0 |             1 |     44992
[WARNING RSZ-0104] Net _076400_ only has one pin. Check if it is intended to be dangling.
[WARNING RSZ-0104] Net _076277_ only has one pin. Check if it is intended to be dangling.
[WARNING RSZ-0104] Net _076274_ only has one pin. Check if it is intended to be dangling.
[WARNING RSZ-0104] Net _076230_ only has one pin. Check if it is intended to be dangling.
[WARNING RSZ-0104] Net _076148_ only has one pin. Check if it is intended to be dangling.
[WARNING RSZ-0104] Net _076084_ only has one pin. Check if it is intended to be dangling.
[WARNING RSZ-0104] Net _075977_ only has one pin. Check if it is intended to be dangling.
[WARNING RSZ-0104] Net _075976_ only has one pin. Check if it is intended to be dangling.
[WARNING RSZ-0104] Net _075549_ only has one pin. Check if it is intended to be dangling.
[WARNING RSZ-0104] Net _075548_ only has one pin. Check if it is intended to be dangling.
[WARNING RSZ-0104] Net _075472_ only has one pin. Check if it is intended to be dangling.
[WARNING RSZ-0104] Net _075432_ only has one pin. Check if it is intended to be dangling.
[WARNING RSZ-0104] Net _075357_ only has one pin. Check if it is intended to be dangling.
[WARNING RSZ-0104] Net _075278_ only has one pin. Check if it is intended to be dangling.
[WARNING RSZ-0104] Net _075217_ only has one pin. Check if it is intended to be dangling.
[WARNING RSZ-0104] Net _075215_ only has one pin. Check if it is intended to be dangling.
[WARNING RSZ-0104] Net _075157_ only has one pin. Check if it is intended to be dangling.
[WARNING RSZ-0104] Net _075156_ only has one pin. Check if it is intended to be dangling.
[WARNING RSZ-0104] Net _076399_ only has one pin. Check if it is intended to be dangling.
[WARNING RSZ-0104] Net _076352_ only has one pin. Check if it is intended to be dangling.
[WARNING RSZ-0104] Net _076312_ only has one pin. Check if it is intended to be dangling.
[WARNING RSZ-0104] Net _076298_ only has one pin. Check if it is intended to be dangling.
[WARNING RSZ-0104] Net _076297_ only has one pin. Check if it is intended to be dangling.
[WARNING RSZ-0104] Net _076296_ only has one pin. Check if it is intended to be dangling.
[WARNING RSZ-0104] Net _076085_ only has one pin. Check if it is intended to be dangling.
[WARNING RSZ-0104] Net _075982_ only has one pin. Check if it is intended to be dangling.
[WARNING RSZ-0104] Net _075975_ only has one pin. Check if it is intended to be dangling.
[WARNING RSZ-0104] Net _075944_ only has one pin. Check if it is intended to be dangling.
[WARNING RSZ-0104] Net _075943_ only has one pin. Check if it is intended to be dangling.
[WARNING RSZ-0104] Net _075771_ only has one pin. Check if it is intended to be dangling.
[WARNING RSZ-0104] Net _075619_ only has one pin. Check if it is intended to be dangling.
[WARNING RSZ-0104] Net _075504_ only has one pin. Check if it is intended to be dangling.
[WARNING RSZ-0104] Net _075503_ only has one pin. Check if it is intended to be dangling.
[WARNING RSZ-0104] Net _075422_ only has one pin. Check if it is intended to be dangling.
[WARNING RSZ-0104] Net _075421_ only has one pin. Check if it is intended to be dangling.
[WARNING RSZ-0104] Net _075339_ only has one pin. Check if it is intended to be dangling.
[WARNING RSZ-0104] Net _075216_ only has one pin. Check if it is intended to be dangling.
[WARNING RSZ-0104] Net _075155_ only has one pin. Check if it is intended to be dangling.
    49000 |     +0.0% |       1 |       0 |             1 |     43992
[WARNING RSZ-0104] Net _076388_ only has one pin. Check if it is intended to be dangling.
[WARNING RSZ-0104] Net _076386_ only has one pin. Check if it is intended to be dangling.
[WARNING RSZ-0104] Net _076371_ only has one pin. Check if it is intended to be dangling.
[WARNING RSZ-0104] Net _076370_ only has one pin. Check if it is intended to be dangling.
[WARNING RSZ-0104] Net _076295_ only has one pin. Check if it is intended to be dangling.
[WARNING RSZ-0104] Net _076280_ only has one pin. Check if it is intended to be dangling.
[WARNING RSZ-0104] Net _076086_ only has one pin. Check if it is intended to be dangling.
[WARNING RSZ-0104] Net _076083_ only has one pin. Check if it is intended to be dangling.
[WARNING RSZ-0104] Net _076069_ only has one pin. Check if it is intended to be dangling.
[WARNING RSZ-0104] Net _076067_ only has one pin. Check if it is intended to be dangling.
[WARNING RSZ-0104] Net _075955_ only has one pin. Check if it is intended to be dangling.
[WARNING RSZ-0104] Net _075954_ only has one pin. Check if it is intended to be dangling.
[WARNING RSZ-0104] Net _075942_ only has one pin. Check if it is intended to be dangling.
[WARNING RSZ-0104] Net _075918_ only has one pin. Check if it is intended to be dangling.
[WARNING RSZ-0104] Net _075916_ only has one pin. Check if it is intended to be dangling.
[WARNING RSZ-0104] Net _075686_ only has one pin. Check if it is intended to be dangling.
[WARNING RSZ-0104] Net _075684_ only has one pin. Check if it is intended to be dangling.
[WARNING RSZ-0104] Net _075647_ only has one pin. Check if it is intended to be dangling.
[WARNING RSZ-0104] Net _075641_ only has one pin. Check if it is intended to be dangling.
[WARNING RSZ-0104] Net _075577_ only has one pin. Check if it is intended to be dangling.
[WARNING RSZ-0104] Net _075508_ only has one pin. Check if it is intended to be dangling.
[WARNING RSZ-0104] Net _075502_ only has one pin. Check if it is intended to be dangling.
[WARNING RSZ-0104] Net _075478_ only has one pin. Check if it is intended to be dangling.
[WARNING RSZ-0104] Net _075447_ only has one pin. Check if it is intended to be dangling.
[WARNING RSZ-0104] Net _075446_ only has one pin. Check if it is intended to be dangling.
[WARNING RSZ-0104] Net _075433_ only has one pin. Check if it is intended to be dangling.
[WARNING RSZ-0104] Net _075420_ only has one pin. Check if it is intended to be dangling.
[WARNING RSZ-0104] Net _075338_ only has one pin. Check if it is intended to be dangling.
[WARNING RSZ-0104] Net _075235_ only has one pin. Check if it is intended to be dangling.
[WARNING RSZ-0104] Net _075234_ only has one pin. Check if it is intended to be dangling.
[WARNING RSZ-0104] Net _075200_ only has one pin. Check if it is intended to be dangling.
[WARNING RSZ-0104] Net _075154_ only has one pin. Check if it is intended to be dangling.
[WARNING RSZ-0104] Net _076408_ only has one pin. Check if it is intended to be dangling.
[WARNING RSZ-0104] Net _076407_ only has one pin. Check if it is intended to be dangling.
[WARNING RSZ-0104] Net _076406_ only has one pin. Check if it is intended to be dangling.
[WARNING RSZ-0104] Net _076387_ only has one pin. Check if it is intended to be dangling.
[WARNING RSZ-0104] Net _076369_ only has one pin. Check if it is intended to be dangling.
[WARNING RSZ-0104] Net _076267_ only has one pin. Check if it is intended to be dangling.
[WARNING RSZ-0104] Net _076266_ only has one pin. Check if it is intended to be dangling.
[WARNING RSZ-0104] Net _076068_ only has one pin. Check if it is intended to be dangling.
[WARNING RSZ-0104] Net _076042_ only has one pin. Check if it is intended to be dangling.
[WARNING RSZ-0104] Net _076041_ only has one pin. Check if it is intended to be dangling.
[WARNING RSZ-0104] Net _076003_ only has one pin. Check if it is intended to be dangling.
[WARNING RSZ-0104] Net _076002_ only has one pin. Check if it is intended to be dangling.
[WARNING RSZ-0104] Net _075917_ only has one pin. Check if it is intended to be dangling.
[WARNING RSZ-0104] Net _075877_ only has one pin. Check if it is intended to be dangling.
[WARNING RSZ-0104] Net _075876_ only has one pin. Check if it is intended to be dangling.
[WARNING RSZ-0104] Net _075865_ only has one pin. Check if it is intended to be dangling.
[WARNING RSZ-0104] Net _075863_ only has one pin. Check if it is intended to be dangling.
[WARNING RSZ-0104] Net _075766_ only has one pin. Check if it is intended to be dangling.
[WARNING RSZ-0104] Net _075685_ only has one pin. Check if it is intended to be dangling.
[WARNING RSZ-0104] Net _075660_ only has one pin. Check if it is intended to be dangling.
[WARNING RSZ-0104] Net _075658_ only has one pin. Check if it is intended to be dangling.
[WARNING RSZ-0104] Net _075640_ only has one pin. Check if it is intended to be dangling.
[WARNING RSZ-0104] Net _075589_ only has one pin. Check if it is intended to be dangling.
[WARNING RSZ-0104] Net _075588_ only has one pin. Check if it is intended to be dangling.
[WARNING RSZ-0104] Net _075480_ only has one pin. Check if it is intended to be dangling.
[WARNING RSZ-0104] Net _075459_ only has one pin. Check if it is intended to be dangling.
[WARNING RSZ-0104] Net _075364_ only has one pin. Check if it is intended to be dangling.
[WARNING RSZ-0104] Net _075363_ only has one pin. Check if it is intended to be dangling.
    50000 |     +0.0% |       1 |       0 |             1 |     42992
[WARNING RSZ-0104] Net _075256_ only has one pin. Check if it is intended to be dangling.
[WARNING RSZ-0104] Net _075233_ only has one pin. Check if it is intended to be dangling.
[WARNING RSZ-0104] Net _075199_ only has one pin. Check if it is intended to be dangling.
[WARNING RSZ-0104] Net _075198_ only has one pin. Check if it is intended to be dangling.
[WARNING RSZ-0104] Net _075153_ only has one pin. Check if it is intended to be dangling.
[WARNING RSZ-0104] Net _075152_ only has one pin. Check if it is intended to be dangling.
[WARNING RSZ-0104] Net _075148_ only has one pin. Check if it is intended to be dangling.
[WARNING RSZ-0104] Net _076291_ only has one pin. Check if it is intended to be dangling.
[WARNING RSZ-0104] Net _076289_ only has one pin. Check if it is intended to be dangling.
[WARNING RSZ-0104] Net _076283_ only has one pin. Check if it is intended to be dangling.
[WARNING RSZ-0104] Net _076282_ only has one pin. Check if it is intended to be dangling.
[WARNING RSZ-0104] Net _076281_ only has one pin. Check if it is intended to be dangling.
[WARNING RSZ-0104] Net _076090_ only has one pin. Check if it is intended to be dangling.
[WARNING RSZ-0104] Net _076088_ only has one pin. Check if it is intended to be dangling.
[WARNING RSZ-0104] Net _076028_ only has one pin. Check if it is intended to be dangling.
[WARNING RSZ-0104] Net _076001_ only has one pin. Check if it is intended to be dangling.
[WARNING RSZ-0104] Net _075864_ only has one pin. Check if it is intended to be dangling.
[WARNING RSZ-0104] Net _075756_ only has one pin. Check if it is intended to be dangling.
[WARNING RSZ-0104] Net _075754_ only has one pin. Check if it is intended to be dangling.
[WARNING RSZ-0104] Net _075659_ only has one pin. Check if it is intended to be dangling.
[WARNING RSZ-0104] Net _075147_ only has one pin. Check if it is intended to be dangling.
[WARNING RSZ-0104] Net _075146_ only has one pin. Check if it is intended to be dangling.
    51000 |     +0.0% |       1 |       0 |             1 |     41992
[WARNING RSZ-0104] Net _076290_ only has one pin. Check if it is intended to be dangling.
[WARNING RSZ-0104] Net _076260_ only has one pin. Check if it is intended to be dangling.
[WARNING RSZ-0104] Net _076257_ only has one pin. Check if it is intended to be dangling.
[WARNING RSZ-0104] Net _076207_ only has one pin. Check if it is intended to be dangling.
[WARNING RSZ-0104] Net _076205_ only has one pin. Check if it is intended to be dangling.
[WARNING RSZ-0104] Net _076170_ only has one pin. Check if it is intended to be dangling.
[WARNING RSZ-0104] Net _076169_ only has one pin. Check if it is intended to be dangling.
[WARNING RSZ-0104] Net _076117_ only has one pin. Check if it is intended to be dangling.
[WARNING RSZ-0104] Net _076116_ only has one pin. Check if it is intended to be dangling.
[WARNING RSZ-0104] Net _076089_ only has one pin. Check if it is intended to be dangling.
[WARNING RSZ-0104] Net _076030_ only has one pin. Check if it is intended to be dangling.
[WARNING RSZ-0104] Net _076029_ only has one pin. Check if it is intended to be dangling.
[WARNING RSZ-0104] Net _075862_ only has one pin. Check if it is intended to be dangling.
[WARNING RSZ-0104] Net _075861_ only has one pin. Check if it is intended to be dangling.
[WARNING RSZ-0104] Net _075755_ only has one pin. Check if it is intended to be dangling.
[WARNING RSZ-0104] Net _075486_ only has one pin. Check if it is intended to be dangling.
[WARNING RSZ-0104] Net _075485_ only has one pin. Check if it is intended to be dangling.
[WARNING RSZ-0104] Net _076410_ only has one pin. Check if it is intended to be dangling.
[WARNING RSZ-0104] Net _076206_ only has one pin. Check if it is intended to be dangling.
[WARNING RSZ-0104] Net _075484_ only has one pin. Check if it is intended to be dangling.
[WARNING RSZ-0104] Net _074901_ only has one pin. Check if it is intended to be dangling.
[WARNING RSZ-0104] Net _074900_ only has one pin. Check if it is intended to be dangling.
    52000 |     +0.0% |       1 |       0 |             1 |     40992
[WARNING RSZ-0104] Net _076411_ only has one pin. Check if it is intended to be dangling.
[WARNING RSZ-0104] Net _076404_ only has one pin. Check if it is intended to be dangling.
[WARNING RSZ-0104] Net _076258_ only has one pin. Check if it is intended to be dangling.
[WARNING RSZ-0104] Net _076217_ only has one pin. Check if it is intended to be dangling.
[WARNING RSZ-0104] Net _076216_ only has one pin. Check if it is intended to be dangling.
[WARNING RSZ-0104] Net _075841_ only has one pin. Check if it is intended to be dangling.
[WARNING RSZ-0104] Net _075840_ only has one pin. Check if it is intended to be dangling.
[WARNING RSZ-0104] Net _075780_ only has one pin. Check if it is intended to be dangling.
[WARNING RSZ-0104] Net _075778_ only has one pin. Check if it is intended to be dangling.
[WARNING RSZ-0104] Net _075719_ only has one pin. Check if it is intended to be dangling.
[WARNING RSZ-0104] Net _075718_ only has one pin. Check if it is intended to be dangling.
[WARNING RSZ-0104] Net _075574_ only has one pin. Check if it is intended to be dangling.
[WARNING RSZ-0104] Net _075350_ only has one pin. Check if it is intended to be dangling.
[WARNING RSZ-0104] Net _075348_ only has one pin. Check if it is intended to be dangling.
[WARNING RSZ-0104] Net _075102_ only has one pin. Check if it is intended to be dangling.
[WARNING RSZ-0104] Net _076403_ only has one pin. Check if it is intended to be dangling.
[WARNING RSZ-0104] Net _076306_ only has one pin. Check if it is intended to be dangling.
[WARNING RSZ-0104] Net _076301_ only has one pin. Check if it is intended to be dangling.
    53000 |     +0.0% |       1 |       0 |             1 |     39992
[WARNING RSZ-0104] Net _076300_ only has one pin. Check if it is intended to be dangling.
[WARNING RSZ-0104] Net _076259_ only has one pin. Check if it is intended to be dangling.
[WARNING RSZ-0104] Net _076120_ only has one pin. Check if it is intended to be dangling.
[WARNING RSZ-0104] Net _076118_ only has one pin. Check if it is intended to be dangling.
[WARNING RSZ-0104] Net _076062_ only has one pin. Check if it is intended to be dangling.
[WARNING RSZ-0104] Net _076061_ only has one pin. Check if it is intended to be dangling.
[WARNING RSZ-0104] Net _076044_ only has one pin. Check if it is intended to be dangling.
[WARNING RSZ-0104] Net _076043_ only has one pin. Check if it is intended to be dangling.
[WARNING RSZ-0104] Net _076031_ only has one pin. Check if it is intended to be dangling.
[WARNING RSZ-0104] Net _075906_ only has one pin. Check if it is intended to be dangling.
[WARNING RSZ-0104] Net _075905_ only has one pin. Check if it is intended to be dangling.
[WARNING RSZ-0104] Net _075817_ only has one pin. Check if it is intended to be dangling.
[WARNING RSZ-0104] Net _075815_ only has one pin. Check if it is intended to be dangling.
[WARNING RSZ-0104] Net _075745_ only has one pin. Check if it is intended to be dangling.
[WARNING RSZ-0104] Net _075744_ only has one pin. Check if it is intended to be dangling.
[WARNING RSZ-0104] Net _075426_ only has one pin. Check if it is intended to be dangling.
[WARNING RSZ-0104] Net _075424_ only has one pin. Check if it is intended to be dangling.
[WARNING RSZ-0104] Net _075423_ only has one pin. Check if it is intended to be dangling.
[WARNING RSZ-0104] Net _075368_ only has one pin. Check if it is intended to be dangling.
[WARNING RSZ-0104] Net _075367_ only has one pin. Check if it is intended to be dangling.
[WARNING RSZ-0104] Net _075270_ only has one pin. Check if it is intended to be dangling.
[WARNING RSZ-0104] Net _075189_ only has one pin. Check if it is intended to be dangling.
[WARNING RSZ-0104] Net _076409_ only has one pin. Check if it is intended to be dangling.
[WARNING RSZ-0104] Net _076304_ only has one pin. Check if it is intended to be dangling.
[WARNING RSZ-0104] Net _076302_ only has one pin. Check if it is intended to be dangling.
[WARNING RSZ-0104] Net _076256_ only has one pin. Check if it is intended to be dangling.
[WARNING RSZ-0104] Net _076254_ only has one pin. Check if it is intended to be dangling.
[WARNING RSZ-0104] Net _076229_ only has one pin. Check if it is intended to be dangling.
[WARNING RSZ-0104] Net _076227_ only has one pin. Check if it is intended to be dangling.
[WARNING RSZ-0104] Net _076224_ only has one pin. Check if it is intended to be dangling.
[WARNING RSZ-0104] Net _076196_ only has one pin. Check if it is intended to be dangling.
[WARNING RSZ-0104] Net _076194_ only has one pin. Check if it is intended to be dangling.
[WARNING RSZ-0104] Net _076188_ only has one pin. Check if it is intended to be dangling.
[WARNING RSZ-0104] Net _076186_ only has one pin. Check if it is intended to be dangling.
[WARNING RSZ-0104] Net _076184_ only has one pin. Check if it is intended to be dangling.
[WARNING RSZ-0104] Net _076182_ only has one pin. Check if it is intended to be dangling.
[WARNING RSZ-0104] Net _076149_ only has one pin. Check if it is intended to be dangling.
[WARNING RSZ-0104] Net _076099_ only has one pin. Check if it is intended to be dangling.
[WARNING RSZ-0104] Net _076097_ only has one pin. Check if it is intended to be dangling.
[WARNING RSZ-0104] Net _076095_ only has one pin. Check if it is intended to be dangling.
[WARNING RSZ-0104] Net _076064_ only has one pin. Check if it is intended to be dangling.
[WARNING RSZ-0104] Net _076063_ only has one pin. Check if it is intended to be dangling.
[WARNING RSZ-0104] Net _076060_ only has one pin. Check if it is intended to be dangling.
[WARNING RSZ-0104] Net _076059_ only has one pin. Check if it is intended to be dangling.
[WARNING RSZ-0104] Net _076050_ only has one pin. Check if it is intended to be dangling.
[WARNING RSZ-0104] Net _076048_ only has one pin. Check if it is intended to be dangling.
[WARNING RSZ-0104] Net _076027_ only has one pin. Check if it is intended to be dangling.
[WARNING RSZ-0104] Net _076018_ only has one pin. Check if it is intended to be dangling.
[WARNING RSZ-0104] Net _076017_ only has one pin. Check if it is intended to be dangling.
[WARNING RSZ-0104] Net _076016_ only has one pin. Check if it is intended to be dangling.
[WARNING RSZ-0104] Net _076012_ only has one pin. Check if it is intended to be dangling.
[WARNING RSZ-0104] Net _076010_ only has one pin. Check if it is intended to be dangling.
[WARNING RSZ-0104] Net _076005_ only has one pin. Check if it is intended to be dangling.
[WARNING RSZ-0104] Net _076004_ only has one pin. Check if it is intended to be dangling.
[WARNING RSZ-0104] Net _075988_ only has one pin. Check if it is intended to be dangling.
[WARNING RSZ-0104] Net _075987_ only has one pin. Check if it is intended to be dangling.
[WARNING RSZ-0104] Net _075898_ only has one pin. Check if it is intended to be dangling.
[WARNING RSZ-0104] Net _075839_ only has one pin. Check if it is intended to be dangling.
[WARNING RSZ-0104] Net _075837_ only has one pin. Check if it is intended to be dangling.
[WARNING RSZ-0104] Net _075816_ only has one pin. Check if it is intended to be dangling.
[WARNING RSZ-0104] Net _075779_ only has one pin. Check if it is intended to be dangling.
[WARNING RSZ-0104] Net _075776_ only has one pin. Check if it is intended to be dangling.
[WARNING RSZ-0104] Net _075774_ only has one pin. Check if it is intended to be dangling.
[WARNING RSZ-0104] Net _075760_ only has one pin. Check if it is intended to be dangling.
[WARNING RSZ-0104] Net _075758_ only has one pin. Check if it is intended to be dangling.
[WARNING RSZ-0104] Net _075717_ only has one pin. Check if it is intended to be dangling.
[WARNING RSZ-0104] Net _075715_ only has one pin. Check if it is intended to be dangling.
[WARNING RSZ-0104] Net _075708_ only has one pin. Check if it is intended to be dangling.
[WARNING RSZ-0104] Net _075706_ only has one pin. Check if it is intended to be dangling.
[WARNING RSZ-0104] Net _075558_ only has one pin. Check if it is intended to be dangling.
[WARNING RSZ-0104] Net _075557_ only has one pin. Check if it is intended to be dangling.
[WARNING RSZ-0104] Net _075556_ only has one pin. Check if it is intended to be dangling.
[WARNING RSZ-0104] Net _075555_ only has one pin. Check if it is intended to be dangling.
[WARNING RSZ-0104] Net _075554_ only has one pin. Check if it is intended to be dangling.
[WARNING RSZ-0104] Net _075468_ only has one pin. Check if it is intended to be dangling.
[WARNING RSZ-0104] Net _075467_ only has one pin. Check if it is intended to be dangling.
[WARNING RSZ-0104] Net _075428_ only has one pin. Check if it is intended to be dangling.
[WARNING RSZ-0104] Net _075427_ only has one pin. Check if it is intended to be dangling.
[WARNING RSZ-0104] Net _075425_ only has one pin. Check if it is intended to be dangling.
[WARNING RSZ-0104] Net _075390_ only has one pin. Check if it is intended to be dangling.
[WARNING RSZ-0104] Net _075389_ only has one pin. Check if it is intended to be dangling.
[WARNING RSZ-0104] Net _075349_ only has one pin. Check if it is intended to be dangling.
[WARNING RSZ-0104] Net _075333_ only has one pin. Check if it is intended to be dangling.
[WARNING RSZ-0104] Net _075332_ only has one pin. Check if it is intended to be dangling.
[WARNING RSZ-0104] Net _075313_ only has one pin. Check if it is intended to be dangling.
[WARNING RSZ-0104] Net _075311_ only has one pin. Check if it is intended to be dangling.
[WARNING RSZ-0104] Net _075273_ only has one pin. Check if it is intended to be dangling.
[WARNING RSZ-0104] Net _075272_ only has one pin. Check if it is intended to be dangling.
[WARNING RSZ-0104] Net _075271_ only has one pin. Check if it is intended to be dangling.
[WARNING RSZ-0104] Net _075231_ only has one pin. Check if it is intended to be dangling.
[WARNING RSZ-0104] Net _075230_ only has one pin. Check if it is intended to be dangling.
[WARNING RSZ-0104] Net _075057_ only has one pin. Check if it is intended to be dangling.
[WARNING RSZ-0104] Net _075010_ only has one pin. Check if it is intended to be dangling.
    54000 |     +0.0% |       1 |       0 |             1 |     38992
[WARNING RSZ-0104] Net _076305_ only has one pin. Check if it is intended to be dangling.
[WARNING RSZ-0104] Net _076294_ only has one pin. Check if it is intended to be dangling.
[WARNING RSZ-0104] Net _076279_ only has one pin. Check if it is intended to be dangling.
[WARNING RSZ-0104] Net _076264_ only has one pin. Check if it is intended to be dangling.
[WARNING RSZ-0104] Net _076263_ only has one pin. Check if it is intended to be dangling.
[WARNING RSZ-0104] Net _076262_ only has one pin. Check if it is intended to be dangling.
[WARNING RSZ-0104] Net _076255_ only has one pin. Check if it is intended to be dangling.
[WARNING RSZ-0104] Net _076228_ only has one pin. Check if it is intended to be dangling.
[WARNING RSZ-0104] Net _076222_ only has one pin. Check if it is intended to be dangling.
[WARNING RSZ-0104] Net _076195_ only has one pin. Check if it is intended to be dangling.
[WARNING RSZ-0104] Net _076187_ only has one pin. Check if it is intended to be dangling.
[WARNING RSZ-0104] Net _076164_ only has one pin. Check if it is intended to be dangling.
[WARNING RSZ-0104] Net _076162_ only has one pin. Check if it is intended to be dangling.
[WARNING RSZ-0104] Net _076145_ only has one pin. Check if it is intended to be dangling.
[WARNING RSZ-0104] Net _076125_ only has one pin. Check if it is intended to be dangling.
[WARNING RSZ-0104] Net _076124_ only has one pin. Check if it is intended to be dangling.
[WARNING RSZ-0104] Net _076119_ only has one pin. Check if it is intended to be dangling.
[WARNING RSZ-0104] Net _076098_ only has one pin. Check if it is intended to be dangling.
[WARNING RSZ-0104] Net _076096_ only has one pin. Check if it is intended to be dangling.
[WARNING RSZ-0104] Net _076049_ only has one pin. Check if it is intended to be dangling.
[WARNING RSZ-0104] Net _076040_ only has one pin. Check if it is intended to be dangling.
[WARNING RSZ-0104] Net _076026_ only has one pin. Check if it is intended to be dangling.
[WARNING RSZ-0104] Net _076025_ only has one pin. Check if it is intended to be dangling.
[WARNING RSZ-0104] Net _076011_ only has one pin. Check if it is intended to be dangling.
[WARNING RSZ-0104] Net _075928_ only has one pin. Check if it is intended to be dangling.
[WARNING RSZ-0104] Net _075866_ only has one pin. Check if it is intended to be dangling.
[WARNING RSZ-0104] Net _075838_ only has one pin. Check if it is intended to be dangling.
[WARNING RSZ-0104] Net _075814_ only has one pin. Check if it is intended to be dangling.
[WARNING RSZ-0104] Net _075812_ only has one pin. Check if it is intended to be dangling.
[WARNING RSZ-0104] Net _075808_ only has one pin. Check if it is intended to be dangling.
[WARNING RSZ-0104] Net _075807_ only has one pin. Check if it is intended to be dangling.
[WARNING RSZ-0104] Net _075802_ only has one pin. Check if it is intended to be dangling.
[WARNING RSZ-0104] Net _075775_ only has one pin. Check if it is intended to be dangling.
[WARNING RSZ-0104] Net _075759_ only has one pin. Check if it is intended to be dangling.
[WARNING RSZ-0104] Net _075707_ only has one pin. Check if it is intended to be dangling.
[WARNING RSZ-0104] Net _075571_ only has one pin. Check if it is intended to be dangling.
[WARNING RSZ-0104] Net _075552_ only has one pin. Check if it is intended to be dangling.
[WARNING RSZ-0104] Net _075551_ only has one pin. Check if it is intended to be dangling.
[WARNING RSZ-0104] Net _075392_ only has one pin. Check if it is intended to be dangling.
[WARNING RSZ-0104] Net _075374_ only has one pin. Check if it is intended to be dangling.
[WARNING RSZ-0104] Net _075373_ only has one pin. Check if it is intended to be dangling.
[WARNING RSZ-0104] Net _075312_ only has one pin. Check if it is intended to be dangling.
[WARNING RSZ-0104] Net _074953_ only has one pin. Check if it is intended to be dangling.
[WARNING RSZ-0104] Net _074952_ only has one pin. Check if it is intended to be dangling.
[WARNING RSZ-0104] Net _074951_ only has one pin. Check if it is intended to be dangling.
[WARNING RSZ-0104] Net _074950_ only has one pin. Check if it is intended to be dangling.
[WARNING RSZ-0104] Net _074948_ only has one pin. Check if it is intended to be dangling.
[WARNING RSZ-0104] Net _074947_ only has one pin. Check if it is intended to be dangling.
[WARNING RSZ-0104] Net _074946_ only has one pin. Check if it is intended to be dangling.
    55000 |     +0.0% |       1 |       0 |             1 |     37992
[WARNING RSZ-0104] Net _076272_ only has one pin. Check if it is intended to be dangling.
[WARNING RSZ-0104] Net _076223_ only has one pin. Check if it is intended to be dangling.
[WARNING RSZ-0104] Net _076183_ only has one pin. Check if it is intended to be dangling.
[WARNING RSZ-0104] Net _076163_ only has one pin. Check if it is intended to be dangling.
[WARNING RSZ-0104] Net _076076_ only has one pin. Check if it is intended to be dangling.
[WARNING RSZ-0104] Net _076074_ only has one pin. Check if it is intended to be dangling.
[WARNING RSZ-0104] Net _075956_ only has one pin. Check if it is intended to be dangling.
[WARNING RSZ-0104] Net _075813_ only has one pin. Check if it is intended to be dangling.
[WARNING RSZ-0104] Net _075806_ only has one pin. Check if it is intended to be dangling.
[WARNING RSZ-0104] Net _075801_ only has one pin. Check if it is intended to be dangling.
[WARNING RSZ-0104] Net _075716_ only has one pin. Check if it is intended to be dangling.
[WARNING RSZ-0104] Net _075317_ only has one pin. Check if it is intended to be dangling.
[WARNING RSZ-0104] Net _075315_ only has one pin. Check if it is intended to be dangling.
[WARNING RSZ-0104] Net _075134_ only has one pin. Check if it is intended to be dangling.
[WARNING RSZ-0104] Net _075106_ only has one pin. Check if it is intended to be dangling.
[WARNING RSZ-0104] Net _075104_ only has one pin. Check if it is intended to be dangling.
[WARNING RSZ-0104] Net _074949_ only has one pin. Check if it is intended to be dangling.
[WARNING RSZ-0104] Net _076075_ only has one pin. Check if it is intended to be dangling.
[WARNING RSZ-0104] Net _075316_ only has one pin. Check if it is intended to be dangling.
[WARNING RSZ-0104] Net _075105_ only has one pin. Check if it is intended to be dangling.
    56000 |     +0.0% |       1 |       0 |             1 |     36992
[WARNING RSZ-0104] Net _076390_ only has one pin. Check if it is intended to be dangling.
[WARNING RSZ-0104] Net _076389_ only has one pin. Check if it is intended to be dangling.
[WARNING RSZ-0104] Net _076326_ only has one pin. Check if it is intended to be dangling.
[WARNING RSZ-0104] Net _076325_ only has one pin. Check if it is intended to be dangling.
[WARNING RSZ-0104] Net _075953_ only has one pin. Check if it is intended to be dangling.
[WARNING RSZ-0104] Net _075952_ only has one pin. Check if it is intended to be dangling.
[WARNING RSZ-0104] Net _075796_ only has one pin. Check if it is intended to be dangling.
[WARNING RSZ-0104] Net _075790_ only has one pin. Check if it is intended to be dangling.
[WARNING RSZ-0104] Net _075714_ only has one pin. Check if it is intended to be dangling.
    57000 |     +0.0% |       1 |       0 |             1 |     35992
[WARNING RSZ-0104] Net _076368_ only has one pin. Check if it is intended to be dangling.
[WARNING RSZ-0104] Net _076348_ only has one pin. Check if it is intended to be dangling.
[WARNING RSZ-0104] Net _076347_ only has one pin. Check if it is intended to be dangling.
[WARNING RSZ-0104] Net _076324_ only has one pin. Check if it is intended to be dangling.
[WARNING RSZ-0104] Net _076197_ only has one pin. Check if it is intended to be dangling.
[WARNING RSZ-0104] Net _075795_ only has one pin. Check if it is intended to be dangling.
[WARNING RSZ-0104] Net _075789_ only has one pin. Check if it is intended to be dangling.
[WARNING RSZ-0104] Net _075761_ only has one pin. Check if it is intended to be dangling.
[WARNING RSZ-0104] Net _075702_ only has one pin. Check if it is intended to be dangling.
[WARNING RSZ-0104] Net _075700_ only has one pin. Check if it is intended to be dangling.
[WARNING RSZ-0104] Net _075687_ only has one pin. Check if it is intended to be dangling.
[WARNING RSZ-0104] Net _075674_ only has one pin. Check if it is intended to be dangling.
[WARNING RSZ-0104] Net _075667_ only has one pin. Check if it is intended to be dangling.
[WARNING RSZ-0104] Net _075666_ only has one pin. Check if it is intended to be dangling.
[WARNING RSZ-0104] Net _075665_ only has one pin. Check if it is intended to be dangling.
[WARNING RSZ-0104] Net _075570_ only has one pin. Check if it is intended to be dangling.
[WARNING RSZ-0104] Net _075560_ only has one pin. Check if it is intended to be dangling.
[WARNING RSZ-0104] Net _075475_ only has one pin. Check if it is intended to be dangling.
[WARNING RSZ-0104] Net _075394_ only has one pin. Check if it is intended to be dangling.
[WARNING RSZ-0104] Net _075331_ only has one pin. Check if it is intended to be dangling.
[WARNING RSZ-0104] Net _075330_ only has one pin. Check if it is intended to be dangling.
[WARNING RSZ-0104] Net _075320_ only has one pin. Check if it is intended to be dangling.
[WARNING RSZ-0104] Net _075245_ only has one pin. Check if it is intended to be dangling.
    58000 |     +0.0% |       1 |       0 |             1 |     34992
[WARNING RSZ-0104] Net _076323_ only has one pin. Check if it is intended to be dangling.
[WARNING RSZ-0104] Net _076321_ only has one pin. Check if it is intended to be dangling.
[WARNING RSZ-0104] Net _076225_ only has one pin. Check if it is intended to be dangling.
[WARNING RSZ-0104] Net _076158_ only has one pin. Check if it is intended to be dangling.
[WARNING RSZ-0104] Net _076157_ only has one pin. Check if it is intended to be dangling.
[WARNING RSZ-0104] Net _076135_ only has one pin. Check if it is intended to be dangling.
[WARNING RSZ-0104] Net _076133_ only has one pin. Check if it is intended to be dangling.
[WARNING RSZ-0104] Net _076126_ only has one pin. Check if it is intended to be dangling.
[WARNING RSZ-0104] Net _075998_ only has one pin. Check if it is intended to be dangling.
[WARNING RSZ-0104] Net _075951_ only has one pin. Check if it is intended to be dangling.
[WARNING RSZ-0104] Net _075910_ only has one pin. Check if it is intended to be dangling.
[WARNING RSZ-0104] Net _075908_ only has one pin. Check if it is intended to be dangling.
[WARNING RSZ-0104] Net _075885_ only has one pin. Check if it is intended to be dangling.
[WARNING RSZ-0104] Net _075827_ only has one pin. Check if it is intended to be dangling.
[WARNING RSZ-0104] Net _075805_ only has one pin. Check if it is intended to be dangling.
[WARNING RSZ-0104] Net _075803_ only has one pin. Check if it is intended to be dangling.
[WARNING RSZ-0104] Net _075799_ only has one pin. Check if it is intended to be dangling.
[WARNING RSZ-0104] Net _075798_ only has one pin. Check if it is intended to be dangling.
[WARNING RSZ-0104] Net _075797_ only has one pin. Check if it is intended to be dangling.
[WARNING RSZ-0104] Net _075748_ only has one pin. Check if it is intended to be dangling.
[WARNING RSZ-0104] Net _075746_ only has one pin. Check if it is intended to be dangling.
[WARNING RSZ-0104] Net _075701_ only has one pin. Check if it is intended to be dangling.
[WARNING RSZ-0104] Net _075699_ only has one pin. Check if it is intended to be dangling.
[WARNING RSZ-0104] Net _075697_ only has one pin. Check if it is intended to be dangling.
[WARNING RSZ-0104] Net _075673_ only has one pin. Check if it is intended to be dangling.
[WARNING RSZ-0104] Net _075672_ only has one pin. Check if it is intended to be dangling.
[WARNING RSZ-0104] Net _075329_ only has one pin. Check if it is intended to be dangling.
[WARNING RSZ-0104] Net _075319_ only has one pin. Check if it is intended to be dangling.
[WARNING RSZ-0104] Net _075318_ only has one pin. Check if it is intended to be dangling.
[WARNING RSZ-0104] Net _075238_ only has one pin. Check if it is intended to be dangling.
[WARNING RSZ-0104] Net _076414_ only has one pin. Check if it is intended to be dangling.
[WARNING RSZ-0104] Net _076412_ only has one pin. Check if it is intended to be dangling.
[WARNING RSZ-0104] Net _076344_ only has one pin. Check if it is intended to be dangling.
    59000 |     +0.0% |       1 |       0 |             1 |     33992
[WARNING RSZ-0104] Net _076342_ only has one pin. Check if it is intended to be dangling.
[WARNING RSZ-0104] Net _076322_ only has one pin. Check if it is intended to be dangling.
[WARNING RSZ-0104] Net _076270_ only has one pin. Check if it is intended to be dangling.
[WARNING RSZ-0104] Net _076268_ only has one pin. Check if it is intended to be dangling.
[WARNING RSZ-0104] Net _076231_ only has one pin. Check if it is intended to be dangling.
[WARNING RSZ-0104] Net _076168_ only has one pin. Check if it is intended to be dangling.
[WARNING RSZ-0104] Net _076160_ only has one pin. Check if it is intended to be dangling.
[WARNING RSZ-0104] Net _076156_ only has one pin. Check if it is intended to be dangling.
[WARNING RSZ-0104] Net _076153_ only has one pin. Check if it is intended to be dangling.
[WARNING RSZ-0104] Net _076134_ only has one pin. Check if it is intended to be dangling.
[WARNING RSZ-0104] Net _076132_ only has one pin. Check if it is intended to be dangling.
[WARNING RSZ-0104] Net _076131_ only has one pin. Check if it is intended to be dangling.
[WARNING RSZ-0104] Net _076130_ only has one pin. Check if it is intended to be dangling.
[WARNING RSZ-0104] Net _076093_ only has one pin. Check if it is intended to be dangling.
[WARNING RSZ-0104] Net _076092_ only has one pin. Check if it is intended to be dangling.
[WARNING RSZ-0104] Net _076082_ only has one pin. Check if it is intended to be dangling.
[WARNING RSZ-0104] Net _076080_ only has one pin. Check if it is intended to be dangling.
[WARNING RSZ-0104] Net _076073_ only has one pin. Check if it is intended to be dangling.
[WARNING RSZ-0104] Net _076072_ only has one pin. Check if it is intended to be dangling.
[WARNING RSZ-0104] Net _075931_ only has one pin. Check if it is intended to be dangling.
[WARNING RSZ-0104] Net _075929_ only has one pin. Check if it is intended to be dangling.
[WARNING RSZ-0104] Net _075909_ only has one pin. Check if it is intended to be dangling.
[WARNING RSZ-0104] Net _075873_ only has one pin. Check if it is intended to be dangling.
[WARNING RSZ-0104] Net _075853_ only has one pin. Check if it is intended to be dangling.
[WARNING RSZ-0104] Net _075846_ only has one pin. Check if it is intended to be dangling.
[WARNING RSZ-0104] Net _075845_ only has one pin. Check if it is intended to be dangling.
[WARNING RSZ-0104] Net _075844_ only has one pin. Check if it is intended to be dangling.
[WARNING RSZ-0104] Net _075843_ only has one pin. Check if it is intended to be dangling.
[WARNING RSZ-0104] Net _075842_ only has one pin. Check if it is intended to be dangling.
[WARNING RSZ-0104] Net _075823_ only has one pin. Check if it is intended to be dangling.
[WARNING RSZ-0104] Net _075822_ only has one pin. Check if it is intended to be dangling.
[WARNING RSZ-0104] Net _075804_ only has one pin. Check if it is intended to be dangling.
[WARNING RSZ-0104] Net _075793_ only has one pin. Check if it is intended to be dangling.
[WARNING RSZ-0104] Net _075792_ only has one pin. Check if it is intended to be dangling.
[WARNING RSZ-0104] Net _075791_ only has one pin. Check if it is intended to be dangling.
[WARNING RSZ-0104] Net _075786_ only has one pin. Check if it is intended to be dangling.
[WARNING RSZ-0104] Net _075773_ only has one pin. Check if it is intended to be dangling.
[WARNING RSZ-0104] Net _075747_ only has one pin. Check if it is intended to be dangling.
[WARNING RSZ-0104] Net _075698_ only has one pin. Check if it is intended to be dangling.
[WARNING RSZ-0104] Net _075654_ only has one pin. Check if it is intended to be dangling.
[WARNING RSZ-0104] Net _075652_ only has one pin. Check if it is intended to be dangling.
[WARNING RSZ-0104] Net _075615_ only has one pin. Check if it is intended to be dangling.
[WARNING RSZ-0104] Net _075603_ only has one pin. Check if it is intended to be dangling.
[WARNING RSZ-0104] Net _075553_ only has one pin. Check if it is intended to be dangling.
[WARNING RSZ-0104] Net _075529_ only has one pin. Check if it is intended to be dangling.
[WARNING RSZ-0104] Net _075527_ only has one pin. Check if it is intended to be dangling.
[WARNING RSZ-0104] Net _075465_ only has one pin. Check if it is intended to be dangling.
[WARNING RSZ-0104] Net _075464_ only has one pin. Check if it is intended to be dangling.
[WARNING RSZ-0104] Net _075410_ only has one pin. Check if it is intended to be dangling.
[WARNING RSZ-0104] Net _075408_ only has one pin. Check if it is intended to be dangling.
[WARNING RSZ-0104] Net _075401_ only has one pin. Check if it is intended to be dangling.
[WARNING RSZ-0104] Net _075400_ only has one pin. Check if it is intended to be dangling.
[WARNING RSZ-0104] Net _075397_ only has one pin. Check if it is intended to be dangling.
[WARNING RSZ-0104] Net _075396_ only has one pin. Check if it is intended to be dangling.
[WARNING RSZ-0104] Net _075395_ only has one pin. Check if it is intended to be dangling.
[WARNING RSZ-0104] Net _075266_ only has one pin. Check if it is intended to be dangling.
[WARNING RSZ-0104] Net _075187_ only has one pin. Check if it is intended to be dangling.
[WARNING RSZ-0104] Net _075186_ only has one pin. Check if it is intended to be dangling.
[WARNING RSZ-0104] Net _076413_ only has one pin. Check if it is intended to be dangling.
[WARNING RSZ-0104] Net _076398_ only has one pin. Check if it is intended to be dangling.
[WARNING RSZ-0104] Net _076391_ only has one pin. Check if it is intended to be dangling.
[WARNING RSZ-0104] Net _076343_ only has one pin. Check if it is intended to be dangling.
[WARNING RSZ-0104] Net _076329_ only has one pin. Check if it is intended to be dangling.
[WARNING RSZ-0104] Net _076328_ only has one pin. Check if it is intended to be dangling.
[WARNING RSZ-0104] Net _076327_ only has one pin. Check if it is intended to be dangling.
[WARNING RSZ-0104] Net _076269_ only has one pin. Check if it is intended to be dangling.
[WARNING RSZ-0104] Net _076192_ only has one pin. Check if it is intended to be dangling.
[WARNING RSZ-0104] Net _076190_ only has one pin. Check if it is intended to be dangling.
[WARNING RSZ-0104] Net _076159_ only has one pin. Check if it is intended to be dangling.
[WARNING RSZ-0104] Net _076146_ only has one pin. Check if it is intended to be dangling.
[WARNING RSZ-0104] Net _076129_ only has one pin. Check if it is intended to be dangling.
[WARNING RSZ-0104] Net _076127_ only has one pin. Check if it is intended to be dangling.
[WARNING RSZ-0104] Net _076091_ only has one pin. Check if it is intended to be dangling.
[WARNING RSZ-0104] Net _076081_ only has one pin. Check if it is intended to be dangling.
[WARNING RSZ-0104] Net _076009_ only has one pin. Check if it is intended to be dangling.
[WARNING RSZ-0104] Net _076008_ only has one pin. Check if it is intended to be dangling.
[WARNING RSZ-0104] Net _075948_ only has one pin. Check if it is intended to be dangling.
[WARNING RSZ-0104] Net _075946_ only has one pin. Check if it is intended to be dangling.
[WARNING RSZ-0104] Net _075930_ only has one pin. Check if it is intended to be dangling.
[WARNING RSZ-0104] Net _075927_ only has one pin. Check if it is intended to be dangling.
[WARNING RSZ-0104] Net _075926_ only has one pin. Check if it is intended to be dangling.
[WARNING RSZ-0104] Net _075915_ only has one pin. Check if it is intended to be dangling.
[WARNING RSZ-0104] Net _075913_ only has one pin. Check if it is intended to be dangling.
[WARNING RSZ-0104] Net _075900_ only has one pin. Check if it is intended to be dangling.
[WARNING RSZ-0104] Net _075899_ only has one pin. Check if it is intended to be dangling.
[WARNING RSZ-0104] Net _075872_ only has one pin. Check if it is intended to be dangling.
[WARNING RSZ-0104] Net _075854_ only has one pin. Check if it is intended to be dangling.
[WARNING RSZ-0104] Net _075852_ only has one pin. Check if it is intended to be dangling.
[WARNING RSZ-0104] Net _075851_ only has one pin. Check if it is intended to be dangling.
[WARNING RSZ-0104] Net _075850_ only has one pin. Check if it is intended to be dangling.
[WARNING RSZ-0104] Net _075849_ only has one pin. Check if it is intended to be dangling.
[WARNING RSZ-0104] Net _075785_ only has one pin. Check if it is intended to be dangling.
[WARNING RSZ-0104] Net _075772_ only has one pin. Check if it is intended to be dangling.
[WARNING RSZ-0104] Net _075770_ only has one pin. Check if it is intended to be dangling.
[WARNING RSZ-0104] Net _075768_ only has one pin. Check if it is intended to be dangling.
[WARNING RSZ-0104] Net _075735_ only has one pin. Check if it is intended to be dangling.
[WARNING RSZ-0104] Net _075733_ only has one pin. Check if it is intended to be dangling.
[WARNING RSZ-0104] Net _075732_ only has one pin. Check if it is intended to be dangling.
[WARNING RSZ-0104] Net _075655_ only has one pin. Check if it is intended to be dangling.
[WARNING RSZ-0104] Net _075653_ only has one pin. Check if it is intended to be dangling.
[WARNING RSZ-0104] Net _075576_ only has one pin. Check if it is intended to be dangling.
[WARNING RSZ-0104] Net _075528_ only has one pin. Check if it is intended to be dangling.
[WARNING RSZ-0104] Net _075519_ only has one pin. Check if it is intended to be dangling.
[WARNING RSZ-0104] Net _075517_ only has one pin. Check if it is intended to be dangling.
[WARNING RSZ-0104] Net _075499_ only has one pin. Check if it is intended to be dangling.
[WARNING RSZ-0104] Net _075451_ only has one pin. Check if it is intended to be dangling.
[WARNING RSZ-0104] Net _075449_ only has one pin. Check if it is intended to be dangling.
[WARNING RSZ-0104] Net _075409_ only has one pin. Check if it is intended to be dangling.
[WARNING RSZ-0104] Net _075399_ only has one pin. Check if it is intended to be dangling.
[WARNING RSZ-0104] Net _075398_ only has one pin. Check if it is intended to be dangling.
[WARNING RSZ-0104] Net _075347_ only has one pin. Check if it is intended to be dangling.
    60000 |     +0.0% |       1 |       0 |             1 |     32992
[WARNING RSZ-0104] Net _076397_ only has one pin. Check if it is intended to be dangling.
[WARNING RSZ-0104] Net _076392_ only has one pin. Check if it is intended to be dangling.
[WARNING RSZ-0104] Net _076366_ only has one pin. Check if it is intended to be dangling.
[WARNING RSZ-0104] Net _076364_ only has one pin. Check if it is intended to be dangling.
[WARNING RSZ-0104] Net _076363_ only has one pin. Check if it is intended to be dangling.
[WARNING RSZ-0104] Net _076358_ only has one pin. Check if it is intended to be dangling.
[WARNING RSZ-0104] Net _076356_ only has one pin. Check if it is intended to be dangling.
[WARNING RSZ-0104] Net _076243_ only has one pin. Check if it is intended to be dangling.
[WARNING RSZ-0104] Net _076239_ only has one pin. Check if it is intended to be dangling.
[WARNING RSZ-0104] Net _076191_ only has one pin. Check if it is intended to be dangling.
[WARNING RSZ-0104] Net _076185_ only has one pin. Check if it is intended to be dangling.
[WARNING RSZ-0104] Net _076141_ only has one pin. Check if it is intended to be dangling.
[WARNING RSZ-0104] Net _076140_ only has one pin. Check if it is intended to be dangling.
[WARNING RSZ-0104] Net _076139_ only has one pin. Check if it is intended to be dangling.
[WARNING RSZ-0104] Net _076128_ only has one pin. Check if it is intended to be dangling.
[WARNING RSZ-0104] Net _075997_ only has one pin. Check if it is intended to be dangling.
[WARNING RSZ-0104] Net _075947_ only has one pin. Check if it is intended to be dangling.
[WARNING RSZ-0104] Net _075914_ only has one pin. Check if it is intended to be dangling.
[WARNING RSZ-0104] Net _075856_ only has one pin. Check if it is intended to be dangling.
[WARNING RSZ-0104] Net _075788_ only has one pin. Check if it is intended to be dangling.
[WARNING RSZ-0104] Net _075787_ only has one pin. Check if it is intended to be dangling.
[WARNING RSZ-0104] Net _075769_ only has one pin. Check if it is intended to be dangling.
[WARNING RSZ-0104] Net _075734_ only has one pin. Check if it is intended to be dangling.
[WARNING RSZ-0104] message limit (1000) reached. This message will no longer print.
    61000 |     +0.0% |       1 |       0 |             1 |     31992
    62000 |     +0.0% |       1 |       0 |             1 |     30992
    63000 |     +0.0% |       1 |       0 |             1 |     29992
    64000 |     +0.0% |       1 |       0 |             1 |     28992
    65000 |     +0.0% |       1 |       0 |             1 |     27992
    66000 |     +0.0% |       1 |       0 |             1 |     26992
    67000 |     +0.0% |       1 |       0 |             1 |     25992
    68000 |     +0.0% |       1 |       0 |             1 |     24992
    69000 |     +0.0% |       1 |       0 |             1 |     23992
    70000 |     +0.0% |       1 |       0 |             1 |     22992
    71000 |     +0.0% |       1 |       0 |             1 |     21992
    72000 |     +0.0% |       1 |       0 |             1 |     20992
    73000 |     +0.0% |       1 |       0 |             1 |     19992
    74000 |     +0.0% |       1 |       0 |             1 |     18992
    75000 |     +0.0% |       1 |       0 |             1 |     17992
    76000 |     +0.0% |       1 |       0 |             1 |     16992
    77000 |     +0.0% |       1 |       0 |             1 |     15992
    78000 |     +0.0% |       1 |       0 |             1 |     14992
    79000 |     +0.0% |       1 |       0 |             1 |     13992
    80000 |     +0.0% |       1 |       0 |             1 |     12992
    81000 |     +0.0% |       2 |       0 |             2 |     11992
    82000 |     +0.0% |       2 |       0 |             2 |     10992
    83000 |     +0.0% |       2 |       0 |             2 |      9992
    84000 |     +0.0% |       3 |       0 |             3 |      8992
    85000 |     +0.0% |       3 |       0 |             3 |      7992
    86000 |     +0.0% |       3 |       0 |             3 |      6992
    87000 |     +0.0% |       3 |       0 |             3 |      5992
    88000 |     +0.0% |       3 |       0 |             3 |      4992
    89000 |     +0.0% |       3 |       0 |             3 |      3992
    90000 |     +0.0% |       3 |       0 |             3 |      2992
    91000 |     +0.0% |       3 |       0 |             3 |      1992
    92000 |     +0.0% |       3 |       0 |             3 |       992
    final |     +0.0% |       3 |       0 |             3 |         0
---------------------------------------------------------------------
[INFO RSZ-0034] Found 3 slew violations.
[INFO RSZ-0039] Resized 3 instances.
[INFO RSZ-0504] Runtime: 12.46s
Took 12 seconds: repair_design -verbose
global_route -start_incremental
detailed_placement
[INFO DPL-0006] Core area: 4611196.25 um^2
[INFO DPL-0007] Movable instances area: 615589.15 um^2
[INFO DPL-0008] Fixed instances area within core: 76701.06 um^2
[INFO DPL-0009] Utilization: 15.0%
[INFO DPL-0005] Diamond search max displacement: +/- 500 sites horizontally, +/- 100 rows vertically.
[INFO DPL-1102] Legalizing using negotiation legalizer.
[INFO DPL-1103] Negotiation base search window: +/-20 sites horizontally, +/-5 rows vertically 
	Automatic search window extension enabled.
	Search window extendable up to the max displacement cap of +/-500 sites, +/-100 rows near walls.
[INFO DPL-1104] NegotiationLegalizer DRC penalty: 5.
[INFO DPL-0392] Negotiation cell height distribution (1 unique row-count(s)):
[INFO DPL-0393]   height 1 row(s): 148419 cells
[INFO DPL-0500] Runtime: 0.61s
Placement Analysis
---------------------------------
total displacement          0.0 u
average displacement        0.0 u
max displacement            0.0 u
original HPWL         3262624.0 u
legalized HPWL        3262624.0 u
delta HPWL                    0 %

global_route -end_incremental -congestion_report_file ./reports/sky130hd/d_dsp03_cand_chat_v2/base/congestion_post_repair_design.rpt
Repair setup and hold violations...
estimate_parasitics -global_routing
repair_timing -setup_margin 0 -hold_margin 0 -repair_tns 100 -verbose
[INFO RSZ-0100] Repair move sequence: UnbufferMove SizeUpMove SwapPinsMove BufferMove CloneMove SplitLoadMove 
[INFO RSZ-0094] Found 65 endpoints with setup violations.
[INFO RSZ-0099] Repairing 65 out of 65 (100.00%) violating endpoints...
   Iter   | Removed | Resized | Inserted | Cloned |  Pin  |   Area   |    WNS   |   StTNS    |   EnTNS    |  Viol  |  Worst  
          | Buffers |  Gates  | Buffers  |  Gates | Swaps |          |          |            |            | Endpts | St/EnPt 
------------------------------------------------------------------------------------------------------------------------------
       0* |       0 |       0 |        0 |      0 |     0 |    +0.0% |   -5.574 |     -553.5 |     -309.8 |     65 | result_o\[17\]$_DFFE_PN1P_/D
      10* |       0 |       8 |        0 |      0 |     1 |    +0.0% |   -5.487 |     -548.1 |     -307.5 |     65 | flags_o\[0\]$_DFFE_PN0P_/D
      20* |       0 |      17 |        0 |      0 |     2 |    +0.0% |   -5.440 |     -545.1 |     -305.9 |     65 | flags_o\[0\]$_DFFE_PN0P_/D
      30* |       0 |      24 |        1 |      0 |     4 |    +0.0% |   -5.363 |     -540.4 |     -303.3 |     65 | flags_o\[0\]$_DFFE_PN0P_/D
      40* |       0 |      31 |        3 |      0 |     6 |    +0.0% |   -5.347 |     -539.4 |     -302.8 |     65 | flags_o\[0\]$_DFFE_PN0P_/D
      50* |       0 |      38 |        3 |      0 |     9 |    +0.0% |   -5.300 |     -536.5 |     -301.2 |     65 | flags_o\[0\]$_DFFE_PN0P_/D
      60* |       0 |      45 |        3 |      0 |    12 |    +0.0% |   -5.327 |     -538.1 |     -302.1 |     65 | flags_o\[0\]$_DFFE_PN0P_/D
      70* |       0 |      51 |        4 |      0 |    15 |    +0.0% |   -5.235 |     -532.4 |     -298.9 |     65 | flags_o\[0\]$_DFFE_PN0P_/D
      80* |       0 |      58 |        5 |      0 |    17 |    +0.0% |   -5.173 |     -528.6 |     -296.8 |     65 | flags_o\[0\]$_DFFE_PN0P_/D
      90* |       0 |      65 |        6 |      0 |    19 |    +0.0% |   -5.164 |     -528.1 |     -296.5 |     65 | flags_o\[0\]$_DFFE_PN0P_/D
     100* |       0 |      73 |        6 |      0 |    21 |    +0.0% |   -5.120 |     -525.5 |     -295.0 |     65 | flags_o\[0\]$_DFFE_PN0P_/D
     110* |       0 |      80 |        7 |      0 |    23 |    +0.1% |   -5.155 |     -527.5 |     -296.2 |     65 | flags_o\[0\]$_DFFE_PN0P_/D
     120* |       0 |      85 |        8 |      0 |    27 |    +0.1% |   -4.901 |     -512.3 |     -289.3 |     65 | flags_o\[0\]$_DFFE_PN0P_/D
     130* |       0 |      94 |        9 |      0 |    27 |    +0.1% |   -4.871 |     -510.5 |     -288.2 |     65 | flags_o\[0\]$_DFFE_PN0P_/D
     140* |       0 |     101 |       11 |      0 |    28 |    +0.1% |   -4.833 |     -508.2 |     -286.9 |     65 | flags_o\[0\]$_DFFE_PN0P_/D
     150* |       0 |     108 |       12 |      0 |    30 |    +0.1% |   -4.749 |     -504.9 |     -284.1 |     65 | flags_o\[0\]$_DFFE_PN0P_/D
     160* |       0 |     115 |       12 |      0 |    33 |    +0.1% |   -4.656 |     -499.5 |     -280.9 |     65 | flags_o\[0\]$_DFFE_PN0P_/D
     170* |       0 |     121 |       12 |      0 |    37 |    +0.1% |   -4.577 |     -497.3 |     -278.2 |     65 | flags_o\[0\]$_DFFE_PN0P_/D
     180* |       0 |     127 |       13 |      0 |    40 |    +0.1% |   -4.462 |     -489.9 |     -274.3 |     65 | flags_o\[0\]$_DFFE_PN0P_/D
     190* |       0 |     132 |       15 |      0 |    43 |    +0.1% |   -4.514 |     -492.6 |     -276.0 |     65 | flags_o\[0\]$_DFFE_PN0P_/D
     200* |       0 |     142 |       15 |      0 |    43 |    +0.1% |   -4.392 |     -482.9 |     -269.9 |     65 | flags_o\[0\]$_DFFE_PN0P_/D
     210* |       0 |     146 |       16 |      0 |    48 |    +0.1% |   -4.350 |     -479.9 |     -267.9 |     65 | flags_o\[0\]$_DFFE_PN0P_/D
     220* |       0 |     152 |       17 |      0 |    51 |    +0.1% |   -4.344 |     -478.8 |     -266.9 |     65 | flags_o\[0\]$_DFFE_PN0P_/D
     230* |       0 |     158 |       19 |      0 |    53 |    +0.1% |   -4.274 |     -474.5 |     -263.1 |     65 | flags_o\[0\]$_DFFE_PN0P_/D
     240* |       0 |     163 |       19 |      0 |    58 |    +0.1% |   -4.237 |     -471.5 |     -260.5 |     65 | result_o\[37\]$_DFFE_PN1P_/D
     250* |       0 |     170 |       19 |      0 |    61 |    +0.1% |   -4.229 |     -467.2 |     -258.7 |     65 | flags_o\[0\]$_DFFE_PN0P_/D
     260* |       0 |     176 |       21 |      0 |    63 |    +0.1% |   -4.166 |     -463.4 |     -255.8 |     65 | flags_o\[0\]$_DFFE_PN0P_/D
     270* |       0 |     182 |       24 |      0 |    65 |    +0.1% |   -4.149 |     -459.7 |     -253.5 |     65 | flags_o\[0\]$_DFFE_PN0P_/D
     280* |       0 |     189 |       24 |      0 |    68 |    +0.1% |   -4.130 |     -458.8 |     -252.9 |     65 | flags_o\[0\]$_DFFE_PN0P_/D
     290* |       0 |     199 |       24 |      0 |    68 |    +0.1% |   -4.104 |     -457.9 |     -252.0 |     65 | flags_o\[0\]$_DFFE_PN0P_/D
     300* |       0 |     203 |       24 |      0 |    74 |    +0.1% |   -4.187 |     -461.7 |     -254.3 |     65 | flags_o\[0\]$_DFFE_PN0P_/D
     310* |       0 |     207 |       25 |      0 |    79 |    +0.1% |   -4.120 |     -458.8 |     -252.4 |     65 | flags_o\[0\]$_DFFE_PN0P_/D
     320* |       0 |     213 |       26 |      0 |    82 |    +0.1% |   -4.049 |     -450.2 |     -248.5 |     65 | flags_o\[0\]$_DFFE_PN0P_/D
     330* |       0 |     216 |       27 |      0 |    88 |    +0.2% |   -4.270 |     -459.2 |     -255.0 |     65 | flags_o\[0\]$_DFFE_PN0P_/D
     340* |       0 |     219 |       29 |      0 |    93 |    +0.2% |   -4.222 |     -458.7 |     -253.5 |     65 | flags_o\[0\]$_DFFE_PN0P_/D
     350* |       0 |     220 |       31 |      0 |   100 |    +0.2% |   -4.201 |     -458.0 |     -252.8 |     65 | flags_o\[0\]$_DFFE_PN0P_/D
     360* |       0 |     225 |       34 |      0 |   102 |    +0.2% |   -4.068 |     -451.3 |     -248.8 |     65 | flags_o\[0\]$_DFFE_PN0P_/D
     370* |       0 |     231 |       34 |      0 |   106 |    +0.2% |   -4.013 |     -447.6 |     -246.1 |     65 | flags_o\[0\]$_DFFE_PN0P_/D
     380* |       0 |     236 |       35 |      0 |   110 |    +0.2% |   -4.035 |     -448.1 |     -246.3 |     65 | flags_o\[0\]$_DFFE_PN0P_/D
     390* |       0 |     241 |       36 |      0 |   114 |    +0.2% |   -4.000 |     -445.7 |     -244.8 |     65 | flags_o\[0\]$_DFFE_PN0P_/D
     400* |       0 |     244 |       39 |      0 |   118 |    +0.2% |   -3.993 |     -443.9 |     -243.8 |     65 | flags_o\[0\]$_DFFE_PN0P_/D
     410* |       0 |     250 |       41 |      0 |   120 |    +0.2% |   -3.952 |     -441.3 |     -242.0 |     65 | flags_o\[0\]$_DFFE_PN0P_/D
     420* |       0 |     254 |       42 |      0 |   125 |    +0.2% |   -3.949 |     -440.9 |     -241.8 |     65 | flags_o\[0\]$_DFFE_PN0P_/D
     430* |       0 |     258 |       42 |      0 |   131 |    +0.2% |   -4.002 |     -445.8 |     -241.8 |     65 | flags_o\[0\]$_DFFE_PN0P_/D
     440* |       0 |     265 |       42 |      0 |   134 |    +0.2% |   -3.980 |     -442.5 |     -239.8 |     65 | flags_o\[0\]$_DFFE_PN0P_/D
     450* |       0 |     273 |       43 |      0 |   135 |    +0.2% |   -3.961 |     -441.7 |     -239.2 |     65 | flags_o\[0\]$_DFFE_PN0P_/D
     460* |       0 |     280 |       44 |      0 |   137 |    +0.2% |   -3.949 |     -438.6 |     -238.8 |     65 | flags_o\[0\]$_DFFE_PN0P_/D
     470* |       0 |     282 |       47 |      0 |   142 |    +0.2% |   -3.992 |     -440.7 |     -240.2 |     65 | flags_o\[0\]$_DFFE_PN0P_/D
     480* |       0 |     290 |       49 |      0 |   142 |    +0.2% |   -3.903 |     -436.6 |     -237.2 |     65 | flags_o\[0\]$_DFFE_PN0P_/D
     490* |       0 |     295 |       49 |      0 |   147 |    +0.2% |   -3.886 |     -434.9 |     -236.2 |     65 | flags_o\[0\]$_DFFE_PN0P_/D
     500* |       0 |     298 |       50 |      0 |   153 |    +0.2% |   -3.868 |     -433.3 |     -234.8 |     65 | flags_o\[0\]$_DFFE_PN0P_/D
     510* |       0 |     304 |       51 |      0 |   156 |    +0.2% |   -3.851 |     -432.5 |     -234.2 |     65 | flags_o\[0\]$_DFFE_PN0P_/D
     520* |       0 |     310 |       51 |      0 |   160 |    +0.2% |   -3.970 |     -437.9 |     -237.7 |     65 | flags_o\[0\]$_DFFE_PN0P_/D
     530* |       0 |     313 |       52 |      0 |   166 |    +0.2% |   -3.971 |     -437.3 |     -237.7 |     65 | flags_o\[0\]$_DFFE_PN0P_/D
     540* |       0 |     317 |       53 |      0 |   171 |    +0.2% |   -3.953 |     -436.5 |     -237.2 |     65 | flags_o\[0\]$_DFFE_PN0P_/D
     550* |       0 |     319 |       55 |      0 |   177 |    +0.2% |   -3.898 |     -433.9 |     -235.6 |     65 | flags_o\[0\]$_DFFE_PN0P_/D
     560* |       0 |     322 |       58 |      0 |   182 |    +0.3% |   -3.857 |     -432.1 |     -234.3 |     65 | flags_o\[0\]$_DFFE_PN0P_/D
     570* |       0 |     330 |       58 |      0 |   184 |    +0.3% |   -3.844 |     -431.4 |     -233.6 |     65 | flags_o\[0\]$_DFFE_PN0P_/D
     580* |       0 |     335 |       61 |      0 |   187 |    +0.3% |   -3.821 |     -429.4 |     -232.2 |     65 | flags_o\[0\]$_DFFE_PN0P_/D
     590* |       0 |     337 |       61 |      0 |   195 |    +0.3% |   -4.096 |     -439.4 |     -240.6 |     65 | flags_o\[0\]$_DFFE_PN0P_/D
     600* |       0 |     340 |       61 |      0 |   202 |    +0.3% |   -4.111 |     -439.7 |     -241.1 |     65 | flags_o\[0\]$_DFFE_PN0P_/D
     610* |       0 |     346 |       62 |      0 |   205 |    +0.3% |   -4.131 |     -440.7 |     -241.7 |     65 | flags_o\[0\]$_DFFE_PN0P_/D
     620* |       0 |     353 |       64 |      0 |   206 |    +0.3% |   -4.097 |     -439.0 |     -240.6 |     65 | flags_o\[0\]$_DFFE_PN0P_/D
     630* |       0 |     355 |       65 |      0 |   213 |    +0.3% |   -4.127 |     -440.5 |     -241.7 |     65 | flags_o\[0\]$_DFFE_PN0P_/D
     631* |       0 |     336 |       61 |      0 |   187 |    +0.3% |   -3.820 |     -429.4 |     -232.2 |     65 | flags_o\[0\]$_DFFE_PN0P_/D
     640* |       0 |     342 |       62 |      0 |   188 |    +0.3% |   -3.820 |     -428.3 |     -231.5 |     65 | result_o\[37\]$_DFFE_PN1P_/D
     650* |       0 |     347 |       64 |      0 |   191 |    +0.3% |   -3.820 |     -427.9 |     -231.2 |     65 | result_o\[37\]$_DFFE_PN1P_/D
     660* |       0 |     352 |       65 |      0 |   195 |    +0.3% |   -3.820 |     -425.0 |     -230.6 |     65 | result_o\[37\]$_DFFE_PN1P_/D
     670* |       0 |     357 |       65 |      0 |   200 |    +0.3% |   -3.820 |     -422.1 |     -227.9 |     65 | result_o\[37\]$_DFFE_PN1P_/D
     680* |       0 |     363 |       66 |      0 |   203 |    +0.3% |   -3.814 |     -418.5 |     -225.1 |     65 | result_o\[2\]$_DFFE_PN1P_/D
     690* |       0 |     366 |       67 |      0 |   209 |    +0.3% |   -3.815 |     -423.1 |     -228.3 |     65 | flags_o\[0\]$_DFFE_PN0P_/D
     700* |       0 |     369 |       69 |      0 |   214 |    +0.3% |   -3.834 |     -423.9 |     -228.8 |     65 | flags_o\[0\]$_DFFE_PN0P_/D
     710* |       0 |     378 |       69 |      0 |   215 |    +0.3% |   -3.814 |     -421.9 |     -227.4 |     65 | result_o\[2\]$_DFFE_PN1P_/D
     720* |       0 |     384 |       70 |      0 |   218 |    +0.3% |   -3.814 |     -421.0 |     -226.5 |     65 | result_o\[2\]$_DFFE_PN1P_/D
     730* |       0 |     391 |       70 |      0 |   221 |    +0.3% |   -3.814 |     -419.6 |     -226.1 |     65 | result_o\[2\]$_DFFE_PN1P_/D
     731* |       0 |     364 |       66 |      0 |   203 |    +0.3% |   -3.814 |     -418.5 |     -225.1 |     65 | result_o\[2\]$_DFFE_PN1P_/D
     740* |       0 |     372 |       66 |      0 |   203 |    +0.3% |   -3.814 |     -418.5 |     -222.1 |     65 | result_o\[2\]$_DFFE_PN1P_/D
     750* |       0 |     380 |       67 |      0 |   204 |    +0.3% |   -3.814 |     -416.6 |     -220.6 |     65 | result_o\[2\]$_DFFE_PN1P_/D
     760* |       0 |     383 |       69 |      0 |   209 |    +0.3% |   -3.814 |     -417.9 |     -221.4 |     65 | result_o\[2\]$_DFFE_PN1P_/D
     770* |       0 |     390 |       70 |      0 |   211 |    +0.3% |   -3.814 |     -415.6 |     -219.9 |     65 | result_o\[2\]$_DFFE_PN1P_/D
     780* |       0 |     399 |       70 |      0 |   212 |    +0.3% |   -3.814 |     -414.6 |     -219.3 |     65 | result_o\[2\]$_DFFE_PN1P_/D
     790* |       0 |     407 |       71 |      0 |   213 |    +0.3% |   -3.814 |     -416.1 |     -220.2 |     65 | result_o\[2\]$_DFFE_PN1P_/D
     800* |       0 |     414 |       71 |      1 |   215 |    +0.3% |   -3.814 |     -416.5 |     -220.4 |     65 | result_o\[2\]$_DFFE_PN1P_/D
     810* |       0 |     424 |       71 |      1 |   215 |    +0.3% |   -3.814 |     -415.3 |     -219.7 |     65 | result_o\[2\]$_DFFE_PN1P_/D
     820* |       0 |     431 |       71 |      1 |   218 |    +0.3% |   -3.814 |     -414.9 |     -219.5 |     65 | result_o\[2\]$_DFFE_PN1P_/D
     830* |       0 |     438 |       71 |      1 |   221 |    +0.3% |   -3.814 |     -415.2 |     -219.6 |     65 | result_o\[2\]$_DFFE_PN1P_/D
     833* |       0 |     402 |       70 |      0 |   212 |    +0.3% |   -3.814 |     -414.4 |     -219.2 |     65 | result_o\[2\]$_DFFE_PN1P_/D
     840* |       0 |     408 |       70 |      0 |   212 |    +0.3% |   -3.708 |     -410.2 |     -217.6 |     65 | flags_o\[0\]$_DFFE_PN0P_/D
     850* |       0 |     416 |       71 |      0 |   213 |    +0.3% |   -3.708 |     -409.7 |     -217.3 |     65 | flags_o\[0\]$_DFFE_PN0P_/D
     860* |       0 |     425 |       71 |      1 |   213 |    +0.3% |   -3.708 |     -410.0 |     -217.5 |     65 | flags_o\[0\]$_DFFE_PN0P_/D
     870* |       0 |     434 |       72 |      1 |   213 |    +0.3% |   -3.708 |     -409.2 |     -216.9 |     65 | flags_o\[0\]$_DFFE_PN0P_/D
     880* |       0 |     442 |       72 |      1 |   215 |    +0.3% |   -3.708 |     -407.4 |     -215.8 |     65 | flags_o\[0\]$_DFFE_PN0P_/D
     890* |       0 |     451 |       72 |      1 |   216 |    +0.3% |   -3.708 |     -407.5 |     -215.9 |     65 | flags_o\[0\]$_DFFE_PN0P_/D
     900* |       0 |     456 |       75 |      1 |   219 |    +0.4% |   -3.708 |     -406.8 |     -215.5 |     65 | flags_o\[0\]$_DFFE_PN0P_/D
     910* |       0 |     465 |       75 |      1 |   220 |    +0.4% |   -3.708 |     -407.8 |     -216.0 |     65 | flags_o\[0\]$_DFFE_PN0P_/D
     920* |       0 |     467 |       76 |      1 |   227 |    +0.4% |   -3.708 |     -409.5 |     -217.5 |     65 | flags_o\[0\]$_DFFE_PN0P_/D
     930* |       0 |     476 |       77 |      1 |   227 |    +0.4% |   -3.708 |     -407.3 |     -216.1 |     65 | flags_o\[0\]$_DFFE_PN0P_/D
     940* |       0 |     484 |       79 |      1 |   228 |    +0.4% |   -3.708 |     -406.6 |     -215.7 |     65 | flags_o\[0\]$_DFFE_PN0P_/D
     950* |       0 |     491 |       79 |      1 |   231 |    +0.4% |   -3.708 |     -405.3 |     -215.1 |     65 | flags_o\[0\]$_DFFE_PN0P_/D
     960* |       0 |     499 |       81 |      1 |   232 |    +0.4% |   -3.708 |     -400.5 |     -213.2 |     65 | flags_o\[0\]$_DFFE_PN0P_/D
     970* |       0 |     507 |       81 |      1 |   234 |    +0.4% |   -3.708 |     -399.7 |     -212.8 |     65 | flags_o\[0\]$_DFFE_PN0P_/D
     980* |       0 |     517 |       81 |      1 |   234 |    +0.4% |   -3.708 |     -399.1 |     -212.5 |     65 | flags_o\[0\]$_DFFE_PN0P_/D
     990* |       0 |     525 |       82 |      1 |   235 |    +0.4% |   -3.708 |     -398.2 |     -211.9 |     65 | flags_o\[0\]$_DFFE_PN0P_/D
    1000* |       0 |     532 |       83 |      1 |   237 |    +0.4% |   -3.708 |     -398.0 |     -211.8 |     65 | flags_o\[0\]$_DFFE_PN0P_/D
    1010* |       0 |     538 |       86 |      1 |   238 |    +0.4% |   -3.708 |     -397.3 |     -211.4 |     65 | flags_o\[0\]$_DFFE_PN0P_/D
    1020* |       0 |     545 |       86 |      1 |   241 |    +0.4% |   -3.708 |     -397.0 |     -211.2 |     65 | flags_o\[0\]$_DFFE_PN0P_/D
    1030* |       0 |     550 |       87 |      1 |   245 |    +0.4% |   -3.708 |     -396.7 |     -211.0 |     65 | flags_o\[0\]$_DFFE_PN0P_/D
    1040* |       0 |     558 |       87 |      1 |   247 |    +0.4% |   -3.708 |     -395.9 |     -210.6 |     65 | flags_o\[0\]$_DFFE_PN0P_/D
    1050* |       0 |     566 |       87 |      1 |   249 |    +0.4% |   -3.708 |     -395.5 |     -210.4 |     65 | flags_o\[0\]$_DFFE_PN0P_/D
    1060* |       0 |     573 |       89 |      1 |   250 |    +0.4% |   -3.708 |     -393.7 |     -209.9 |     65 | flags_o\[0\]$_DFFE_PN0P_/D
    1070* |       0 |     580 |       89 |      1 |   253 |    +0.4% |   -3.708 |     -391.7 |     -208.8 |     65 | flags_o\[0\]$_DFFE_PN0P_/D
    1080* |       0 |     584 |       90 |      1 |   258 |    +0.4% |   -3.708 |     -391.0 |     -208.4 |     65 | flags_o\[0\]$_DFFE_PN0P_/D
    1090* |       0 |     592 |       91 |      1 |   259 |    +0.4% |   -3.708 |     -390.2 |     -208.0 |     65 | flags_o\[0\]$_DFFE_PN0P_/D
    1100* |       0 |     598 |       91 |      2 |   262 |    +0.5% |   -3.708 |     -388.9 |     -207.3 |     65 | flags_o\[0\]$_DFFE_PN0P_/D
    1110* |       0 |     607 |       91 |      2 |   263 |    +0.5% |   -3.708 |     -387.0 |     -206.3 |     65 | flags_o\[0\]$_DFFE_PN0P_/D
    1120* |       0 |     614 |       94 |      2 |   264 |    +0.5% |   -3.708 |     -386.1 |     -205.8 |     65 | flags_o\[0\]$_DFFE_PN0P_/D
    1130* |       0 |     619 |       95 |      2 |   268 |    +0.5% |   -3.708 |     -385.1 |     -205.2 |     65 | flags_o\[0\]$_DFFE_PN0P_/D
    1140* |       0 |     628 |       95 |      2 |   269 |    +0.5% |   -3.708 |     -384.7 |     -204.8 |     65 | flags_o\[0\]$_DFFE_PN0P_/D
    1150* |       0 |     633 |       97 |      2 |   272 |    +0.5% |   -3.708 |     -384.6 |     -204.7 |     65 | flags_o\[0\]$_DFFE_PN0P_/D
    1160* |       0 |     642 |       98 |      2 |   272 |    +0.5% |   -3.708 |     -384.5 |     -204.6 |     65 | flags_o\[0\]$_DFFE_PN0P_/D
    1170* |       0 |     651 |       99 |      2 |   272 |    +0.5% |   -3.708 |     -384.4 |     -204.5 |     65 | flags_o\[0\]$_DFFE_PN0P_/D
    1180* |       0 |     657 |       99 |      2 |   276 |    +0.5% |   -3.708 |     -384.5 |     -204.6 |     65 | flags_o\[0\]$_DFFE_PN0P_/D
    1190* |       0 |     666 |       99 |      2 |   277 |    +0.5% |   -3.708 |     -384.5 |     -204.6 |     65 | flags_o\[0\]$_DFFE_PN0P_/D
    1200* |       0 |     674 |      100 |      2 |   278 |    +0.5% |   -3.708 |     -383.9 |     -204.1 |     65 | flags_o\[0\]$_DFFE_PN0P_/D
    1210* |       0 |     681 |      100 |      2 |   281 |    +0.5% |   -3.708 |     -383.6 |     -203.8 |     65 | flags_o\[0\]$_DFFE_PN0P_/D
    1220* |       0 |     685 |      102 |      2 |   285 |    +0.5% |   -3.708 |     -383.7 |     -203.9 |     65 | flags_o\[0\]$_DFFE_PN0P_/D
    1230* |       0 |     691 |      103 |      2 |   288 |    +0.5% |   -3.708 |     -383.2 |     -203.6 |     65 | flags_o\[0\]$_DFFE_PN0P_/D
    1240* |       0 |     700 |      104 |      2 |   288 |    +0.5% |   -3.708 |     -382.7 |     -203.3 |     65 | flags_o\[0\]$_DFFE_PN0P_/D
    1250* |       0 |     705 |      107 |      2 |   291 |    +0.5% |   -3.708 |     -383.2 |     -203.8 |     65 | flags_o\[0\]$_DFFE_PN0P_/D
    1260* |       0 |     713 |      108 |      2 |   292 |    +0.5% |   -3.708 |     -382.9 |     -203.5 |     65 | flags_o\[0\]$_DFFE_PN0P_/D
    1270* |       0 |     722 |      109 |      2 |   292 |    +0.5% |   -3.708 |     -382.6 |     -203.2 |     65 | flags_o\[0\]$_DFFE_PN0P_/D
    1280* |       0 |     732 |      109 |      2 |   292 |    +0.6% |   -3.708 |     -381.7 |     -203.0 |     65 | flags_o\[0\]$_DFFE_PN0P_/D
    1290* |       0 |     737 |      111 |      2 |   295 |    +0.6% |   -3.708 |     -381.0 |     -202.5 |     65 | flags_o\[0\]$_DFFE_PN0P_/D
    1300* |       0 |     743 |      112 |      2 |   298 |    +0.6% |   -3.708 |     -379.0 |     -201.0 |     65 | flags_o\[0\]$_DFFE_PN0P_/D
    1310* |       0 |     750 |      113 |      2 |   300 |    +0.6% |   -3.708 |     -378.7 |     -200.7 |     65 | flags_o\[0\]$_DFFE_PN0P_/D
    1320* |       0 |     753 |      116 |      2 |   304 |    +0.6% |   -3.708 |     -378.6 |     -200.7 |     65 | flags_o\[0\]$_DFFE_PN0P_/D
    1330* |       0 |     759 |      118 |      2 |   306 |    +0.6% |   -3.708 |     -378.0 |     -200.3 |     65 | flags_o\[0\]$_DFFE_PN0P_/D
    1340* |       0 |     765 |      119 |      2 |   309 |    +0.6% |   -3.708 |     -377.2 |     -199.7 |     65 | flags_o\[0\]$_DFFE_PN0P_/D
    1350* |       0 |     768 |      120 |      2 |   315 |    +0.6% |   -3.708 |     -377.1 |     -199.5 |     65 | flags_o\[0\]$_DFFE_PN0P_/D
    1360* |       0 |     774 |      122 |      2 |   317 |    +0.6% |   -3.708 |     -376.6 |     -199.1 |     65 | flags_o\[0\]$_DFFE_PN0P_/D
    1370* |       0 |     779 |      123 |      2 |   321 |    +0.6% |   -3.708 |     -376.9 |     -199.3 |     65 | flags_o\[0\]$_DFFE_PN0P_/D
    1380* |       0 |     787 |      124 |      2 |   322 |    +0.6% |   -3.708 |     -374.1 |     -198.1 |     65 | flags_o\[0\]$_DFFE_PN0P_/D
    1390* |       0 |     793 |      126 |      2 |   324 |    +0.6% |   -3.708 |     -373.7 |     -197.9 |     65 | flags_o\[0\]$_DFFE_PN0P_/D
    1400* |       0 |     800 |      127 |      2 |   326 |    +0.6% |   -3.708 |     -372.2 |     -197.3 |     65 | flags_o\[0\]$_DFFE_PN0P_/D
    1410* |       0 |     808 |      128 |      2 |   327 |    +0.6% |   -3.708 |     -372.1 |     -197.3 |     65 | flags_o\[0\]$_DFFE_PN0P_/D
    1420* |       0 |     816 |      128 |      2 |   329 |    +0.6% |   -3.708 |     -372.1 |     -197.3 |     65 | flags_o\[0\]$_DFFE_PN0P_/D
    1430* |       0 |     824 |      128 |      2 |   331 |    +0.6% |   -3.708 |     -372.0 |     -197.2 |     65 | flags_o\[0\]$_DFFE_PN0P_/D
    1440* |       0 |     833 |      128 |      2 |   332 |    +0.6% |   -3.708 |     -372.0 |     -197.2 |     65 | flags_o\[0\]$_DFFE_PN0P_/D
    1450* |       0 |     841 |      128 |      2 |   334 |    +0.6% |   -3.708 |     -371.6 |     -197.0 |     65 | flags_o\[0\]$_DFFE_PN0P_/D
    1460* |       0 |     850 |      128 |      2 |   335 |    +0.6% |   -3.708 |     -370.1 |     -196.4 |     65 | flags_o\[0\]$_DFFE_PN0P_/D
    1470* |       0 |     859 |      128 |      2 |   336 |    +0.6% |   -3.708 |     -368.6 |     -195.2 |     65 | flags_o\[0\]$_DFFE_PN0P_/D
    1480* |       0 |     867 |      128 |      2 |   338 |    +0.7% |   -3.708 |     -367.9 |     -195.1 |     65 | flags_o\[0\]$_DFFE_PN0P_/D
    1490* |       0 |     876 |      130 |      2 |   338 |    +0.7% |   -3.708 |     -366.0 |     -194.7 |     65 | flags_o\[0\]$_DFFE_PN0P_/D
    1500* |       0 |     884 |      130 |      2 |   340 |    +0.7% |   -3.708 |     -364.7 |     -194.3 |     65 | flags_o\[0\]$_DFFE_PN0P_/D
    1510* |       0 |     892 |      130 |      2 |   342 |    +0.7% |   -3.708 |     -364.2 |     -193.2 |     65 | flags_o\[0\]$_DFFE_PN0P_/D
    1520* |       0 |     897 |      130 |      3 |   346 |    +0.7% |   -3.708 |     -364.8 |     -193.6 |     65 | flags_o\[0\]$_DFFE_PN0P_/D
    1530* |       0 |     902 |      131 |      3 |   350 |    +0.7% |   -3.708 |     -365.0 |     -193.8 |     65 | flags_o\[0\]$_DFFE_PN0P_/D
    1540* |       0 |     911 |      131 |      3 |   351 |    +0.7% |   -3.708 |     -364.6 |     -193.5 |     65 | flags_o\[0\]$_DFFE_PN0P_/D
    1550* |       0 |     917 |      134 |      3 |   352 |    +0.7% |   -3.708 |     -365.0 |     -193.8 |     65 | flags_o\[0\]$_DFFE_PN0P_/D
    1560* |       0 |     924 |      135 |      3 |   354 |    +0.7% |   -3.708 |     -364.6 |     -193.5 |     65 | flags_o\[0\]$_DFFE_PN0P_/D
    1563* |       0 |     895 |      130 |      2 |   342 |    +0.7% |   -3.708 |     -364.2 |     -193.2 |     65 | flags_o\[0\]$_DFFE_PN0P_/D
    1570* |       0 |     900 |      130 |      2 |   343 |    +0.7% |   -3.708 |     -363.7 |     -192.7 |     65 | flags_o\[0\]$_DFFE_PN0P_/D
    1580* |       0 |     908 |      131 |      2 |   344 |    +0.7% |   -3.708 |     -363.7 |     -192.3 |     65 | flags_o\[0\]$_DFFE_PN0P_/D
    1590* |       0 |     915 |      132 |      3 |   345 |    +0.7% |   -3.708 |     -361.6 |     -191.9 |     65 | flags_o\[0\]$_DFFE_PN0P_/D
    1600* |       0 |     923 |      134 |      3 |   345 |    +0.7% |   -3.708 |     -361.5 |     -191.8 |     65 | flags_o\[0\]$_DFFE_PN0P_/D
    1610* |       0 |     929 |      135 |      3 |   348 |    +0.7% |   -3.708 |     -362.0 |     -192.1 |     65 | flags_o\[0\]$_DFFE_PN0P_/D
    1620* |       0 |     935 |      135 |      3 |   352 |    +0.7% |   -3.708 |     -361.2 |     -191.5 |     65 | flags_o\[0\]$_DFFE_PN0P_/D
    1630* |       0 |     939 |      135 |      3 |   358 |    +0.7% |   -3.708 |     -361.0 |     -191.1 |     65 | flags_o\[0\]$_DFFE_PN0P_/D
    1640* |       0 |     945 |      137 |      3 |   360 |    +0.7% |   -3.708 |     -360.7 |     -190.7 |     65 | flags_o\[0\]$_DFFE_PN0P_/D
    1650* |       0 |     950 |      141 |      3 |   361 |    +0.7% |   -3.708 |     -360.0 |     -190.2 |     65 | flags_o\[0\]$_DFFE_PN0P_/D
    1660* |       0 |     957 |      141 |      3 |   364 |    +0.7% |   -3.708 |     -360.2 |     -190.3 |     65 | flags_o\[0\]$_DFFE_PN0P_/D
    1670* |       0 |     964 |      142 |      3 |   366 |    +0.7% |   -3.708 |     -360.0 |     -189.8 |     65 | flags_o\[0\]$_DFFE_PN0P_/D
    1680* |       0 |     972 |      143 |      3 |   367 |    +0.7% |   -3.708 |     -359.7 |     -189.6 |     65 | flags_o\[0\]$_DFFE_PN0P_/D
    1690* |       0 |     982 |      143 |      3 |   367 |    +0.7% |   -3.708 |     -359.5 |     -189.4 |     65 | flags_o\[0\]$_DFFE_PN0P_/D
    1700* |       0 |     990 |      144 |      3 |   368 |    +0.7% |   -3.708 |     -359.4 |     -189.3 |     65 | flags_o\[0\]$_DFFE_PN0P_/D
    1710* |       0 |     999 |      144 |      3 |   369 |    +0.7% |   -3.708 |     -359.3 |     -189.1 |     65 | flags_o\[0\]$_DFFE_PN0P_/D
    1720* |       0 |    1005 |      144 |      3 |   373 |    +0.8% |   -3.708 |     -359.3 |     -189.2 |     65 | flags_o\[0\]$_DFFE_PN0P_/D
    1730* |       1 |    1011 |      144 |      3 |   376 |    +0.8% |   -3.708 |     -359.5 |     -189.5 |     65 | flags_o\[0\]$_DFFE_PN0P_/D
    1740* |       1 |    1018 |      147 |      3 |   377 |    +0.8% |   -3.708 |     -359.3 |     -189.2 |     65 | flags_o\[0\]$_DFFE_PN0P_/D
    1750* |       1 |    1025 |      147 |      3 |   380 |    +0.8% |   -3.708 |     -359.2 |     -189.1 |     65 | flags_o\[0\]$_DFFE_PN0P_/D
    1760* |       1 |    1031 |      149 |      3 |   382 |    +0.8% |   -3.708 |     -359.1 |     -189.0 |     65 | flags_o\[0\]$_DFFE_PN0P_/D
    1770* |       1 |    1038 |      150 |      3 |   384 |    +0.8% |   -3.708 |     -359.6 |     -189.7 |     65 | flags_o\[0\]$_DFFE_PN0P_/D
    1780* |       1 |    1045 |      153 |      3 |   384 |    +0.8% |   -3.708 |     -359.1 |     -189.2 |     65 | flags_o\[0\]$_DFFE_PN0P_/D
    1790* |       1 |    1051 |      154 |      3 |   387 |    +0.8% |   -3.708 |     -359.0 |     -189.1 |     65 | flags_o\[0\]$_DFFE_PN0P_/D
    1800* |       1 |    1059 |      155 |      4 |   387 |    +0.8% |   -3.708 |     -359.1 |     -189.2 |     65 | flags_o\[0\]$_DFFE_PN0P_/D
    1810* |       1 |    1066 |      157 |      5 |   387 |    +0.8% |   -3.708 |     -359.6 |     -189.7 |     65 | flags_o\[0\]$_DFFE_PN0P_/D
    1820* |       1 |    1075 |      157 |      5 |   388 |    +0.8% |   -3.708 |     -359.1 |     -189.2 |     65 | flags_o\[0\]$_DFFE_PN0P_/D
    1830* |       2 |    1079 |      159 |      5 |   391 |    +0.8% |   -3.708 |     -360.4 |     -190.4 |     65 | flags_o\[0\]$_DFFE_PN0P_/D
    1840* |       2 |    1084 |      161 |      5 |   394 |    +0.8% |   -3.708 |     -360.3 |     -190.6 |     65 | flags_o\[0\]$_DFFE_PN0P_/D
    1843* |       1 |    1054 |      154 |      3 |   387 |    +0.8% |   -3.708 |     -358.8 |     -188.9 |     65 | flags_o\[0\]$_DFFE_PN0P_/D
    1850* |       1 |    1058 |      155 |      4 |   387 |    +0.8% |   -3.708 |     -359.3 |     -189.4 |     65 | flags_o\[0\]$_DFFE_PN0P_/D
    1860* |       1 |    1066 |      156 |      5 |   387 |    +0.8% |   -3.708 |     -359.6 |     -189.7 |     65 | flags_o\[0\]$_DFFE_PN0P_/D
    1870* |       1 |    1075 |      157 |      5 |   387 |    +0.8% |   -3.708 |     -359.3 |     -189.4 |     65 | flags_o\[0\]$_DFFE_PN0P_/D
    1880* |       2 |    1083 |      158 |      5 |   387 |    +0.8% |   -3.708 |     -360.2 |     -190.2 |     65 | flags_o\[0\]$_DFFE_PN0P_/D
    1890* |       2 |    1089 |      161 |      5 |   388 |    +0.8% |   -3.708 |     -359.3 |     -189.4 |     65 | flags_o\[0\]$_DFFE_PN0P_/D
    1900* |       2 |    1096 |      163 |      5 |   389 |    +0.8% |   -3.708 |     -358.7 |     -188.8 |     65 | flags_o\[0\]$_DFFE_PN0P_/D
    1910* |       2 |    1101 |      165 |      5 |   392 |    +0.8% |   -3.708 |     -358.9 |     -189.0 |     65 | flags_o\[0\]$_DFFE_PN0P_/D
    1920* |       2 |    1109 |      168 |      5 |   393 |    +0.8% |   -3.708 |     -358.6 |     -188.7 |     65 | flags_o\[0\]$_DFFE_PN0P_/D
    1930* |       2 |    1118 |      168 |      5 |   394 |    +0.9% |   -3.708 |     -358.5 |     -188.7 |     65 | flags_o\[0\]$_DFFE_PN0P_/D
    1940* |       2 |    1127 |      168 |      5 |   395 |    +0.9% |   -3.708 |     -358.5 |     -188.6 |     65 | flags_o\[0\]$_DFFE_PN0P_/D
    1950* |       2 |    1135 |      168 |      5 |   397 |    +0.9% |   -3.708 |     -358.2 |     -188.4 |     65 | flags_o\[0\]$_DFFE_PN0P_/D
    1960* |       2 |    1143 |      169 |      5 |   398 |    +0.9% |   -3.708 |     -358.1 |     -188.3 |     65 | flags_o\[0\]$_DFFE_PN0P_/D
    1970* |       2 |    1149 |      171 |      5 |   400 |    +0.9% |   -3.708 |     -358.2 |     -188.4 |     65 | flags_o\[0\]$_DFFE_PN0P_/D
    1980* |       2 |    1154 |      171 |      5 |   405 |    +0.9% |   -3.708 |     -358.4 |     -188.5 |     65 | flags_o\[0\]$_DFFE_PN0P_/D
    1990* |       2 |    1161 |      172 |      5 |   407 |    +0.9% |   -3.708 |     -357.8 |     -188.1 |     65 | flags_o\[0\]$_DFFE_PN0P_/D
    2000* |       2 |    1169 |      173 |      5 |   408 |    +0.9% |   -3.708 |     -359.5 |     -187.8 |     65 | flags_o\[0\]$_DFFE_PN0P_/D
    2010* |       2 |    1177 |      173 |      5 |   410 |    +0.9% |   -3.708 |     -359.5 |     -188.1 |     65 | flags_o\[0\]$_DFFE_PN0P_/D
    2020* |       2 |    1187 |      173 |      5 |   410 |    +0.9% |   -3.708 |     -359.5 |     -188.0 |     65 | flags_o\[0\]$_DFFE_PN0P_/D
    2030* |       2 |    1196 |      174 |      5 |   410 |    +0.9% |   -3.708 |     -359.4 |     -187.9 |     65 | flags_o\[0\]$_DFFE_PN0P_/D
    2040* |       2 |    1205 |      174 |      5 |   411 |    +0.9% |   -3.708 |     -359.4 |     -187.9 |     65 | flags_o\[0\]$_DFFE_PN0P_/D
    2050* |       2 |    1214 |      174 |      5 |   412 |    +0.9% |   -3.708 |     -359.4 |     -187.9 |     65 | flags_o\[0\]$_DFFE_PN0P_/D
    2052* |       2 |    1170 |      173 |      5 |   409 |    +0.9% |   -3.708 |     -359.5 |     -187.8 |     65 | flags_o\[0\]$_DFFE_PN0P_/D
    2060* |       2 |    1174 |      175 |      5 |   410 |    +0.9% |   -3.708 |     -358.4 |     -187.6 |     65 | flags_o\[0\]$_DFFE_PN0P_/D
    2070* |       2 |    1182 |      176 |      6 |   410 |    +0.9% |   -3.708 |     -357.4 |     -187.1 |     65 | flags_o\[0\]$_DFFE_PN0P_/D
    2080* |       2 |    1192 |      176 |      6 |   410 |    +0.9% |   -3.708 |     -357.2 |     -187.0 |     65 | flags_o\[0\]$_DFFE_PN0P_/D
    2090* |       2 |    1201 |      177 |      6 |   410 |    +0.9% |   -3.708 |     -357.2 |     -186.9 |     65 | flags_o\[0\]$_DFFE_PN0P_/D
    2100* |       2 |    1211 |      177 |      6 |   410 |    +0.9% |   -3.708 |     -357.1 |     -186.9 |     65 | flags_o\[0\]$_DFFE_PN0P_/D
    2110* |       2 |    1218 |      178 |      6 |   412 |    +0.9% |   -3.708 |     -357.1 |     -186.8 |     65 | flags_o\[0\]$_DFFE_PN0P_/D
    2120* |       2 |    1224 |      182 |      6 |   415 |    +0.9% |   -3.708 |     -357.0 |     -186.8 |     65 | flags_o\[0\]$_DFFE_PN0P_/D
    2130* |       2 |    1233 |      182 |      6 |   416 |    +0.9% |   -3.708 |     -355.4 |     -186.2 |     65 | flags_o\[0\]$_DFFE_PN0P_/D
    2140* |       2 |    1238 |      182 |      7 |   420 |    +0.9% |   -3.708 |     -354.6 |     -186.1 |     65 | flags_o\[0\]$_DFFE_PN0P_/D
    2150* |       2 |    1248 |      182 |      7 |   420 |    +1.0% |   -3.708 |     -354.5 |     -186.0 |     65 | flags_o\[0\]$_DFFE_PN0P_/D
    2160* |       2 |    1253 |      182 |      7 |   425 |    +1.0% |   -3.708 |     -354.4 |     -186.1 |     65 | flags_o\[0\]$_DFFE_PN0P_/D
    2170* |       2 |    1260 |      182 |      7 |   428 |    +1.0% |   -3.708 |     -354.3 |     -186.1 |     65 | flags_o\[0\]$_DFFE_PN0P_/D
    2180* |       2 |    1270 |      182 |      7 |   428 |    +1.0% |   -3.708 |     -354.3 |     -186.0 |     65 | flags_o\[0\]$_DFFE_PN0P_/D
    2190* |       2 |    1278 |      184 |      7 |   428 |    +1.0% |   -3.708 |     -354.4 |     -186.1 |     65 | flags_o\[0\]$_DFFE_PN0P_/D
    2200* |       2 |    1285 |      185 |      7 |   430 |    +1.0% |   -3.708 |     -354.3 |     -186.1 |     65 | flags_o\[0\]$_DFFE_PN0P_/D
    2210* |       2 |    1291 |      185 |      7 |   434 |    +1.0% |   -3.708 |     -354.4 |     -186.1 |     65 | flags_o\[0\]$_DFFE_PN0P_/D
    2220* |       2 |    1299 |      187 |      7 |   434 |    +1.0% |   -3.708 |     -354.3 |     -186.0 |     65 | flags_o\[0\]$_DFFE_PN0P_/D
    2230* |       2 |    1304 |      189 |      7 |   437 |    +1.0% |   -3.708 |     -354.2 |     -186.0 |     65 | flags_o\[0\]$_DFFE_PN0P_/D
    2240* |       2 |    1309 |      194 |      7 |   438 |    +1.0% |   -3.708 |     -355.2 |     -186.6 |     65 | flags_o\[0\]$_DFFE_PN0P_/D
    2250* |       3 |    1313 |      197 |      7 |   440 |    +1.0% |   -3.708 |     -354.4 |     -186.1 |     65 | flags_o\[0\]$_DFFE_PN0P_/D
    2260* |       3 |    1316 |      198 |      7 |   446 |    +1.0% |   -3.708 |     -354.3 |     -186.0 |     65 | flags_o\[0\]$_DFFE_PN0P_/D
    2270* |       3 |    1323 |      198 |      7 |   449 |    +1.0% |   -3.708 |     -354.4 |     -186.1 |     65 | flags_o\[0\]$_DFFE_PN0P_/D
    2280* |       3 |    1329 |      201 |      7 |   450 |    +1.0% |   -3.708 |     -354.6 |     -186.2 |     65 | flags_o\[0\]$_DFFE_PN0P_/D
    2283* |       2 |    1305 |      190 |      7 |   438 |    +1.0% |   -3.708 |     -354.2 |     -186.0 |     65 | flags_o\[0\]$_DFFE_PN0P_/D
    2290* |       2 |    1311 |      190 |      7 |   438 |    +1.0% |   -3.708 |     -354.2 |     -185.4 |     65 | flags_o\[0\]$_DFFE_PN0P_/D
    2300* |       2 |    1316 |      196 |      7 |   438 |    +1.0% |   -3.708 |     -354.7 |     -185.9 |     65 | flags_o\[0\]$_DFFE_PN0P_/D
    2310* |       3 |    1323 |      198 |      7 |   438 |    +1.0% |   -3.708 |     -354.4 |     -185.5 |     65 | flags_o\[0\]$_DFFE_PN0P_/D
    2320* |       3 |    1332 |      199 |      7 |   438 |    +1.0% |   -3.708 |     -354.3 |     -185.4 |     65 | flags_o\[0\]$_DFFE_PN0P_/D
    2330* |       3 |    1340 |      201 |      7 |   438 |    +1.0% |   -3.708 |     -354.2 |     -185.3 |     65 | flags_o\[0\]$_DFFE_PN0P_/D
    2340* |       3 |    1349 |      202 |      7 |   438 |    +1.0% |   -3.708 |     -354.1 |     -185.2 |     65 | flags_o\[0\]$_DFFE_PN0P_/D
    2350* |       3 |    1357 |      202 |      7 |   440 |    +1.0% |   -3.708 |     -354.0 |     -185.1 |     65 | flags_o\[0\]$_DFFE_PN0P_/D
    2360* |       3 |    1364 |      202 |      7 |   443 |    +1.0% |   -3.708 |     -354.0 |     -185.0 |     65 | flags_o\[0\]$_DFFE_PN0P_/D
    2370* |       3 |    1372 |      202 |      7 |   445 |    +1.0% |   -3.708 |     -353.9 |     -185.0 |     65 | flags_o\[0\]$_DFFE_PN0P_/D
    2380* |       3 |    1379 |      204 |      7 |   446 |    +1.0% |   -3.708 |     -353.9 |     -184.9 |     65 | flags_o\[0\]$_DFFE_PN0P_/D
    2390* |       3 |    1385 |      204 |      7 |   450 |    +1.1% |   -3.708 |     -353.9 |     -184.8 |     65 | flags_o\[0\]$_DFFE_PN0P_/D
    2400* |       3 |    1394 |      204 |      7 |   451 |    +1.1% |   -3.708 |     -353.8 |     -184.8 |     65 | flags_o\[0\]$_DFFE_PN0P_/D
    2410* |       4 |    1400 |      205 |      7 |   453 |    +1.1% |   -3.708 |     -353.8 |     -184.7 |     65 | flags_o\[0\]$_DFFE_PN0P_/D
    2420* |       4 |    1407 |      206 |      7 |   455 |    +1.1% |   -3.708 |     -353.8 |     -184.7 |     65 | flags_o\[0\]$_DFFE_PN0P_/D
    2430* |       4 |    1415 |      206 |      7 |   457 |    +1.1% |   -3.708 |     -353.8 |     -184.6 |     65 | flags_o\[0\]$_DFFE_PN0P_/D
    2440* |       4 |    1424 |      206 |      7 |   458 |    +1.1% |   -3.708 |     -353.6 |     -184.4 |     65 | flags_o\[0\]$_DFFE_PN0P_/D
    2450* |       4 |    1431 |      206 |      7 |   461 |    +1.1% |   -3.708 |     -353.6 |     -184.3 |     65 | flags_o\[0\]$_DFFE_PN0P_/D
    2460* |       4 |    1438 |      206 |      7 |   464 |    +1.1% |   -3.708 |     -353.7 |     -184.5 |     65 | flags_o\[0\]$_DFFE_PN0P_/D
    2470* |       4 |    1446 |      207 |      7 |   465 |    +1.1% |   -3.708 |     -353.5 |     -184.3 |     65 | flags_o\[0\]$_DFFE_PN0P_/D
    2480* |       4 |    1454 |      207 |      7 |   467 |    +1.1% |   -3.708 |     -353.7 |     -184.6 |     65 | flags_o\[0\]$_DFFE_PN0P_/D
    2490* |       4 |    1460 |      209 |      7 |   469 |    +1.1% |   -3.708 |     -353.6 |     -184.4 |     65 | flags_o\[0\]$_DFFE_PN0P_/D
    2500* |       4 |    1467 |      209 |      7 |   472 |    +1.1% |   -3.708 |     -353.5 |     -184.1 |     65 | flags_o\[0\]$_DFFE_PN0P_/D
    2510* |       4 |    1472 |      210 |      7 |   476 |    +1.1% |   -3.708 |     -353.5 |     -184.1 |     65 | flags_o\[0\]$_DFFE_PN0P_/D
    2520* |       4 |    1479 |      211 |      7 |   478 |    +1.1% |   -3.708 |     -353.5 |     -184.0 |     65 | flags_o\[0\]$_DFFE_PN0P_/D
    2530* |       4 |    1483 |      213 |      7 |   482 |    +1.1% |   -3.708 |     -353.1 |     -183.9 |     65 | flags_o\[0\]$_DFFE_PN0P_/D
    2540* |       4 |    1492 |      213 |      7 |   483 |    +1.1% |   -3.708 |     -353.1 |     -183.8 |     65 | flags_o\[0\]$_DFFE_PN0P_/D
    2550* |       5 |    1496 |      214 |      7 |   487 |    +1.1% |   -3.708 |     -353.1 |     -184.0 |     65 | flags_o\[0\]$_DFFE_PN0P_/D
    2560* |       5 |    1500 |      215 |      7 |   492 |    +1.1% |   -3.708 |     -353.4 |     -184.5 |     65 | flags_o\[0\]$_DFFE_PN0P_/D
    2570* |       6 |    1505 |      217 |      7 |   494 |    +1.1% |   -3.708 |     -353.2 |     -184.3 |     65 | flags_o\[0\]$_DFFE_PN0P_/D
    2580* |       6 |    1511 |      218 |      7 |   497 |    +1.2% |   -3.708 |     -353.4 |     -184.6 |     65 | flags_o\[0\]$_DFFE_PN0P_/D
    2590* |       6 |    1519 |      218 |      7 |   499 |    +1.2% |   -3.708 |     -352.8 |     -183.7 |     65 | flags_o\[0\]$_DFFE_PN0P_/D
    2600* |       6 |    1527 |      218 |      7 |   501 |    +1.2% |   -3.708 |     -352.7 |     -183.7 |     65 | flags_o\[0\]$_DFFE_PN0P_/D
    2610* |       6 |    1534 |      220 |      7 |   502 |    +1.2% |   -3.708 |     -352.7 |     -183.7 |     65 | flags_o\[0\]$_DFFE_PN0P_/D
    2620* |       6 |    1540 |      221 |      7 |   505 |    +1.2% |   -3.708 |     -352.6 |     -183.3 |     65 | flags_o\[0\]$_DFFE_PN0P_/D
    2630* |       6 |    1549 |      221 |      7 |   506 |    +1.2% |   -3.708 |     -352.6 |     -183.3 |     65 | flags_o\[0\]$_DFFE_PN0P_/D
    2640* |       6 |    1558 |      221 |      7 |   507 |    +1.2% |   -3.708 |     -352.5 |     -183.1 |     65 | flags_o\[0\]$_DFFE_PN0P_/D
    2650* |       6 |    1562 |      222 |      7 |   512 |    +1.2% |   -3.708 |     -352.5 |     -183.1 |     65 | flags_o\[0\]$_DFFE_PN0P_/D
    2660* |       6 |    1570 |      222 |      7 |   514 |    +1.2% |   -3.708 |     -352.5 |     -183.0 |     65 | flags_o\[0\]$_DFFE_PN0P_/D
    2670* |       6 |    1577 |      225 |      7 |   516 |    +1.2% |   -3.708 |     -352.6 |     -183.3 |     65 | flags_o\[0\]$_DFFE_PN0P_/D
    2680* |       6 |    1583 |      227 |      7 |   518 |    +1.2% |   -3.708 |     -352.5 |     -183.0 |     65 | flags_o\[0\]$_DFFE_PN0P_/D
    2690* |       7 |    1587 |      228 |      7 |   522 |    +1.2% |   -3.708 |     -352.5 |     -183.1 |     65 | flags_o\[0\]$_DFFE_PN0P_/D
    2700* |       7 |    1592 |      231 |      7 |   525 |    +1.2% |   -3.708 |     -352.5 |     -183.0 |     65 | flags_o\[0\]$_DFFE_PN0P_/D
    2710* |       9 |    1596 |      231 |      7 |   529 |    +1.2% |   -3.708 |     -352.5 |     -182.8 |     65 | flags_o\[0\]$_DFFE_PN0P_/D
    2720* |       9 |    1605 |      231 |      7 |   530 |    +1.2% |   -3.708 |     -352.3 |     -182.5 |     65 | flags_o\[0\]$_DFFE_PN0P_/D
    2730* |       9 |    1612 |      231 |      7 |   533 |    +1.2% |   -3.708 |     -352.3 |     -182.4 |     65 | flags_o\[0\]$_DFFE_PN0P_/D
    2740* |       9 |    1619 |      233 |      7 |   535 |    +1.2% |   -3.708 |     -352.2 |     -182.4 |     65 | flags_o\[0\]$_DFFE_PN0P_/D
    2750* |       9 |    1626 |      233 |      7 |   538 |    +1.2% |   -3.708 |     -351.9 |     -182.2 |     65 | flags_o\[0\]$_DFFE_PN0P_/D
    2760* |       9 |    1627 |      236 |      7 |   544 |    +1.2% |   -3.708 |     -351.9 |     -182.2 |     65 | flags_o\[0\]$_DFFE_PN0P_/D
    2770* |       9 |    1635 |      236 |      7 |   546 |    +1.2% |   -3.708 |     -351.7 |     -182.3 |     65 | flags_o\[0\]$_DFFE_PN0P_/D
    2780* |       9 |    1642 |      237 |      8 |   547 |    +1.2% |   -3.708 |     -351.7 |     -182.8 |     65 | flags_o\[0\]$_DFFE_PN0P_/D
    2790* |       9 |    1650 |      238 |      9 |   547 |    +1.2% |   -3.708 |     -351.6 |     -182.2 |     65 | flags_o\[0\]$_DFFE_PN0P_/D
    2800* |      10 |    1656 |      240 |      9 |   548 |    +1.3% |   -3.708 |     -351.5 |     -182.2 |     65 | flags_o\[0\]$_DFFE_PN0P_/D
    2810* |      10 |    1662 |      240 |      9 |   552 |    +1.3% |   -3.708 |     -351.5 |     -182.1 |     65 | flags_o\[0\]$_DFFE_PN0P_/D
    2820* |      10 |    1668 |      241 |      9 |   555 |    +1.3% |   -3.708 |     -351.5 |     -182.1 |     65 | flags_o\[0\]$_DFFE_PN0P_/D
    2830* |      10 |    1676 |      242 |      9 |   556 |    +1.3% |   -3.708 |     -351.5 |     -182.1 |     65 | flags_o\[0\]$_DFFE_PN0P_/D
    2840* |      10 |    1682 |      243 |      9 |   559 |    +1.3% |   -3.708 |     -351.5 |     -182.0 |     65 | flags_o\[0\]$_DFFE_PN0P_/D
    2850* |      10 |    1688 |      244 |      9 |   562 |    +1.3% |   -3.708 |     -351.4 |     -182.0 |     65 | flags_o\[0\]$_DFFE_PN0P_/D
    2860* |      10 |    1695 |      244 |      9 |   565 |    +1.3% |   -3.708 |     -351.4 |     -181.9 |     65 | flags_o\[0\]$_DFFE_PN0P_/D
    2870* |      10 |    1702 |      245 |      9 |   567 |    +1.3% |   -3.708 |     -351.4 |     -181.5 |     65 | flags_o\[0\]$_DFFE_PN0P_/D
    2880* |      10 |    1708 |      246 |      9 |   570 |    +1.3% |   -3.708 |     -351.4 |     -181.4 |     65 | flags_o\[0\]$_DFFE_PN0P_/D
    2890* |      10 |    1715 |      250 |      9 |   572 |    +1.3% |   -3.708 |     -351.4 |     -181.4 |     65 | flags_o\[0\]$_DFFE_PN0P_/D
    2900* |      10 |    1720 |      252 |      9 |   575 |    +1.3% |   -3.708 |     -351.4 |     -182.1 |     65 | flags_o\[0\]$_DFFE_PN0P_/D
    2900* |      10 |    1718 |      250 |      9 |   573 |    +1.3% |   -3.708 |     -351.4 |     -181.4 |     65 | flags_o\[0\]$_DFFE_PN0P_/D
    2910* |      10 |    1725 |      250 |      9 |   575 |    +1.3% |   -3.708 |     -346.1 |     -178.6 |     65 | flags_o\[0\]$_DFFE_PN0P_/D
    2920* |      10 |    1733 |      251 |      9 |   576 |    +1.3% |   -3.708 |     -336.7 |     -174.0 |     65 | flags_o\[0\]$_DFFE_PN0P_/D
    2930* |      10 |    1741 |      251 |      9 |   578 |    +1.3% |   -3.708 |     -330.3 |     -172.3 |     65 | flags_o\[0\]$_DFFE_PN0P_/D
    2940* |      10 |    1748 |      252 |      9 |   580 |    +1.3% |   -3.708 |     -320.0 |     -170.6 |     65 | flags_o\[0\]$_DFFE_PN0P_/D
    2950* |      10 |    1753 |      256 |      9 |   581 |    +1.3% |   -3.708 |     -319.9 |     -170.0 |     65 | flags_o\[0\]$_DFFE_PN0P_/D
    2960* |      10 |    1761 |      257 |      9 |   582 |    +1.3% |   -3.708 |     -318.2 |     -169.7 |     65 | flags_o\[0\]$_DFFE_PN0P_/D
    2970* |      10 |    1766 |      258 |      9 |   586 |    +1.3% |   -3.708 |     -318.7 |     -170.4 |     65 | flags_o\[0\]$_DFFE_PN0P_/D
    2980* |      10 |    1774 |      258 |      9 |   588 |    +1.3% |   -3.708 |     -318.5 |     -170.1 |     65 | flags_o\[0\]$_DFFE_PN0P_/D
    2990* |      10 |    1781 |      262 |      9 |   590 |    +1.4% |   -3.708 |     -318.4 |     -170.0 |     65 | flags_o\[0\]$_DFFE_PN0P_/D
    3000* |      10 |    1785 |      265 |      9 |   593 |    +1.4% |   -3.708 |     -318.4 |     -172.1 |     65 | flags_o\[0\]$_DFFE_PN0P_/D
    3010* |      10 |    1791 |      267 |      9 |   595 |    +1.4% |   -3.708 |     -318.3 |     -173.0 |     65 | flags_o\[0\]$_DFFE_PN0P_/D
    3012* |      10 |    1762 |      257 |      9 |   583 |    +1.3% |   -3.708 |     -318.1 |     -169.6 |     65 | flags_o\[0\]$_DFFE_PN0P_/D
    3020* |      10 |    1767 |      257 |      9 |   585 |    +1.3% |   -3.708 |     -317.7 |     -169.4 |     65 | flags_o\[0\]$_DFFE_PN0P_/D
    3030* |      10 |    1777 |      257 |      9 |   585 |    +1.3% |   -3.708 |     -317.7 |     -169.3 |     65 | flags_o\[0\]$_DFFE_PN0P_/D
    3040* |      10 |    1785 |      257 |      9 |   587 |    +1.4% |   -3.708 |     -317.7 |     -169.3 |     65 | flags_o\[0\]$_DFFE_PN0P_/D
    3050* |      10 |    1794 |      258 |      9 |   587 |    +1.4% |   -3.708 |     -317.5 |     -169.1 |     65 | flags_o\[0\]$_DFFE_PN0P_/D
    3060* |      10 |    1800 |      261 |      9 |   588 |    +1.4% |   -3.708 |     -317.4 |     -169.0 |     65 | flags_o\[0\]$_DFFE_PN0P_/D
    3070* |      11 |    1809 |      261 |      9 |   588 |    +1.4% |   -3.708 |     -317.0 |     -169.9 |     65 | flags_o\[0\]$_DFFE_PN0P_/D
    3078* |      11 |    1814 |      262 |      9 |   589 |    +1.4% |   -3.708 |     -316.9 |     -169.3 |     65 | flags_o\[0\]$_DFFE_PN0P_/D
    3080* |      11 |    1815 |      262 |      9 |   589 |    +1.4% |   -3.713 |     -317.2 |     -169.5 |     65 | flags_o\[0\]$_DFFE_PN0P_/D
    3090* |      11 |    1821 |      264 |      9 |   591 |    +1.4% |   -3.721 |     -317.8 |     -169.8 |     65 | flags_o\[0\]$_DFFE_PN0P_/D
    3100* |      11 |    1829 |      264 |      9 |   593 |    +1.4% |   -3.726 |     -318.1 |     -169.9 |     65 | flags_o\[0\]$_DFFE_PN0P_/D
    3110* |      11 |    1836 |      265 |      9 |   595 |    +1.4% |   -3.698 |     -316.4 |     -169.0 |     65 | flags_o\[0\]$_DFFE_PN0P_/D
    3120* |      11 |    1842 |      265 |      9 |   599 |    +1.4% |   -3.745 |     -319.9 |     -168.6 |     65 | flags_o\[0\]$_DFFE_PN0P_/D
    3130* |      12 |    1845 |      267 |      9 |   603 |    +1.4% |   -3.769 |     -321.4 |     -169.4 |     65 | flags_o\[0\]$_DFFE_PN0P_/D
    3140* |      12 |    1851 |      268 |      9 |   606 |    +1.4% |   -3.687 |     -316.3 |     -166.6 |     65 | flags_o\[0\]$_DFFE_PN0P_/D
    3150* |      12 |    1859 |      268 |      9 |   608 |    +1.4% |   -3.642 |     -313.5 |     -165.1 |     65 | flags_o\[0\]$_DFFE_PN0P_/D
    3160* |      12 |    1867 |      268 |      9 |   610 |    +1.4% |   -3.614 |     -311.8 |     -164.2 |     65 | flags_o\[0\]$_DFFE_PN0P_/D
    3170* |      12 |    1876 |      268 |      9 |   611 |    +1.4% |   -3.584 |     -309.9 |     -163.1 |     65 | flags_o\[0\]$_DFFE_PN0P_/D
    3180* |      12 |    1880 |      270 |      9 |   615 |    +1.4% |   -3.578 |     -309.5 |     -162.9 |     65 | flags_o\[0\]$_DFFE_PN0P_/D
    3190* |      12 |    1886 |      271 |      9 |   618 |    +1.4% |   -3.564 |     -308.7 |     -160.8 |     65 | flags_o\[0\]$_DFFE_PN0P_/D
    3200* |      12 |    1894 |      271 |      9 |   620 |    +1.4% |   -3.491 |     -304.1 |     -158.3 |     65 | flags_o\[0\]$_DFFE_PN0P_/D
    3210* |      12 |    1900 |      271 |      9 |   624 |    +1.4% |   -3.471 |     -302.9 |     -157.6 |     65 | flags_o\[0\]$_DFFE_PN0P_/D
    3220* |      12 |    1904 |      272 |      9 |   629 |    +1.4% |   -3.474 |     -303.0 |     -157.7 |     65 | flags_o\[0\]$_DFFE_PN0P_/D
    3230* |      12 |    1908 |      273 |      9 |   634 |    +1.4% |   -3.525 |     -305.3 |     -159.5 |     65 | flags_o\[0\]$_DFFE_PN0P_/D
    3240* |      12 |    1914 |      274 |      9 |   637 |    +1.4% |   -3.552 |     -306.9 |     -160.4 |     65 | flags_o\[0\]$_DFFE_PN0P_/D
    3250* |      12 |    1922 |      274 |      9 |   639 |    +1.5% |   -3.443 |     -300.2 |     -156.7 |     65 | flags_o\[0\]$_DFFE_PN0P_/D
    3260* |      12 |    1926 |      276 |      9 |   643 |    +1.5% |   -3.463 |     -300.5 |     -157.3 |     65 | flags_o\[0\]$_DFFE_PN0P_/D
    3270* |      12 |    1932 |      277 |      9 |   646 |    +1.5% |   -3.414 |     -296.9 |     -154.3 |     65 | flags_o\[0\]$_DFFE_PN0P_/D
    3280* |      13 |    1940 |      277 |      9 |   647 |    +1.5% |   -3.399 |     -296.0 |     -153.9 |     65 | flags_o\[0\]$_DFFE_PN0P_/D
    3290* |      13 |    1947 |      278 |      9 |   649 |    +1.5% |   -3.372 |     -294.3 |     -152.9 |     65 | flags_o\[0\]$_DFFE_PN0P_/D
    3300* |      13 |    1951 |      281 |      9 |   652 |    +1.5% |   -3.369 |     -294.1 |     -152.8 |     65 | flags_o\[0\]$_DFFE_PN0P_/D
    3310* |      14 |    1959 |      281 |      9 |   653 |    +1.5% |   -3.360 |     -293.0 |     -152.5 |     65 | flags_o\[0\]$_DFFE_PN0P_/D
    3320* |      14 |    1966 |      282 |      9 |   655 |    +1.5% |   -3.351 |     -292.4 |     -152.2 |     65 | flags_o\[0\]$_DFFE_PN0P_/D
    3330* |      14 |    1971 |      282 |      9 |   660 |    +1.5% |   -3.396 |     -295.3 |     -153.7 |     65 | flags_o\[0\]$_DFFE_PN0P_/D
    3340* |      14 |    1977 |      283 |      9 |   663 |    +1.5% |   -3.320 |     -292.9 |     -151.1 |     65 | flags_o\[0\]$_DFFE_PN0P_/D
    3350* |      14 |    1983 |      283 |      9 |   667 |    +1.5% |   -3.333 |     -288.7 |     -150.4 |     65 | flags_o\[0\]$_DFFE_PN0P_/D
    3360* |      14 |    1985 |      283 |      9 |   675 |    +1.5% |   -3.309 |     -288.5 |     -149.6 |     65 | flags_o\[0\]$_DFFE_PN0P_/D
    3370* |      14 |    1990 |      283 |      9 |   680 |    +1.5% |   -3.276 |     -288.2 |     -147.9 |     65 | flags_o\[0\]$_DFFE_PN0P_/D
    3380* |      14 |    1993 |      283 |      9 |   687 |    +1.5% |   -3.369 |     -288.9 |     -151.1 |     65 | flags_o\[0\]$_DFFE_PN0P_/D
    3390* |      14 |    2001 |      283 |      9 |   689 |    +1.5% |   -3.308 |     -288.9 |     -149.0 |     65 | flags_o\[0\]$_DFFE_PN0P_/D
    3400* |      14 |    2003 |      285 |      9 |   695 |    +1.5% |   -3.337 |     -290.7 |     -150.0 |     65 | flags_o\[0\]$_DFFE_PN0P_/D
    3410* |      14 |    2006 |      286 |      9 |   701 |    +1.5% |   -3.340 |     -290.8 |     -150.2 |     65 | flags_o\[0\]$_DFFE_PN0P_/D
    3420* |      15 |    2013 |      286 |      9 |   703 |    +1.5% |   -3.316 |     -289.3 |     -149.3 |     65 | flags_o\[0\]$_DFFE_PN0P_/D
    3423* |      14 |    1992 |      283 |      9 |   681 |    +1.5% |   -3.275 |     -288.2 |     -147.9 |     65 | flags_o\[0\]$_DFFE_PN0P_/D
    3430* |      14 |    1995 |      283 |     10 |   683 |    +1.5% |   -3.275 |     -288.2 |     -147.8 |     65 | flags_o\[0\]$_DFFE_PN0P_/D
    3435* |      14 |    1998 |      283 |     10 |   683 |    +1.5% |   -3.275 |     -288.2 |     -147.8 |     65 | flags_o\[0\]$_DFFE_PN0P_/D
    3440* |      14 |    2002 |      283 |     10 |   683 |    +1.5% |   -3.275 |     -281.7 |     -146.3 |     65 | flags_o\[0\]$_DFFE_PN0P_/D
    3450* |      14 |    2012 |      283 |     10 |   683 |    +1.5% |   -3.275 |     -276.1 |     -143.5 |     65 | flags_o\[0\]$_DFFE_PN0P_/D
    3460* |      14 |    2022 |      283 |     10 |   683 |    +1.5% |   -3.275 |     -270.7 |     -139.6 |     65 | flags_o\[0\]$_DFFE_PN0P_/D
    3470* |      14 |    2031 |      283 |     10 |   684 |    +1.5% |   -3.275 |     -265.8 |     -138.1 |     65 | flags_o\[0\]$_DFFE_PN0P_/D
    3480* |      14 |    2040 |      284 |     10 |   684 |    +1.5% |   -3.275 |     -262.5 |     -133.6 |     65 | flags_o\[0\]$_DFFE_PN0P_/D
    3490* |      14 |    2049 |      285 |     10 |   684 |    +1.5% |   -3.275 |     -261.4 |     -132.1 |     65 | flags_o\[0\]$_DFFE_PN0P_/D
    3500* |      14 |    2059 |      285 |     10 |   684 |    +1.5% |   -3.275 |     -257.6 |     -129.3 |     65 | flags_o\[0\]$_DFFE_PN0P_/D
    3510* |      14 |    2069 |      285 |     10 |   684 |    +1.5% |   -3.275 |     -253.9 |     -127.3 |     65 | flags_o\[0\]$_DFFE_PN0P_/D
    3520* |      14 |    2079 |      285 |     10 |   684 |    +1.6% |   -3.275 |     -251.9 |     -125.1 |     65 | flags_o\[0\]$_DFFE_PN0P_/D
    3530* |      14 |    2088 |      285 |     10 |   685 |    +1.6% |   -3.275 |     -249.7 |     -122.9 |     65 | flags_o\[0\]$_DFFE_PN0P_/D
    3540* |      14 |    2096 |      287 |     10 |   686 |    +1.6% |   -3.275 |     -248.7 |     -119.2 |     65 | flags_o\[0\]$_DFFE_PN0P_/D
    3548* |      14 |    2099 |      287 |     10 |   686 |    +1.6% |   -3.275 |     -248.6 |     -118.5 |     65 | flags_o\[0\]$_DFFE_PN0P_/D
    3550* |      14 |    2100 |      287 |     10 |   686 |    +1.6% |   -3.275 |     -248.6 |     -118.5 |     65 | flags_o\[0\]$_DFFE_PN0P_/D
    3560* |      14 |    2106 |      288 |     10 |   689 |    +1.6% |   -3.275 |     -248.5 |     -117.3 |     65 | flags_o\[0\]$_DFFE_PN0P_/D
    3570* |      14 |    2113 |      289 |     10 |   691 |    +1.6% |   -3.275 |     -248.5 |     -117.2 |     65 | flags_o\[0\]$_DFFE_PN0P_/D
    3571* |      14 |    2113 |      289 |     10 |   690 |    +1.6% |   -3.275 |     -248.5 |     -117.2 |     65 | flags_o\[0\]$_DFFE_PN0P_/D
    3579* |      14 |    2117 |      289 |     10 |   691 |    +1.6% |   -3.275 |     -248.5 |     -117.1 |     65 | flags_o\[0\]$_DFFE_PN0P_/D
    3580* |      14 |    2117 |      289 |     10 |   691 |    +1.6% |   -3.275 |     -248.5 |     -117.1 |     65 | flags_o\[0\]$_DFFE_PN0P_/D
    3590* |      14 |    2126 |      289 |     10 |   692 |    +1.6% |   -3.275 |     -248.3 |     -116.0 |     65 | flags_o\[0\]$_DFFE_PN0P_/D
    3600* |      14 |    2135 |      289 |     10 |   693 |    +1.6% |   -3.275 |     -248.3 |     -115.8 |     65 | flags_o\[0\]$_DFFE_PN0P_/D
    3610* |      14 |    2138 |      291 |     10 |   698 |    +1.6% |   -3.275 |     -248.3 |     -115.8 |     65 | flags_o\[0\]$_DFFE_PN0P_/D
    3617* |      14 |    2140 |      291 |     10 |   699 |    +1.6% |   -3.275 |     -248.3 |     -115.7 |     65 | flags_o\[0\]$_DFFE_PN0P_/D
    3620* |      14 |    2142 |      291 |     10 |   699 |    +1.6% |   -3.275 |     -248.3 |     -115.7 |     65 | flags_o\[0\]$_DFFE_PN0P_/D
    3630* |      14 |    2149 |      294 |     10 |   700 |    +1.6% |   -3.275 |     -248.3 |     -115.7 |     65 | flags_o\[0\]$_DFFE_PN0P_/D
    3640* |      15 |    2154 |      295 |     10 |   703 |    +1.6% |   -3.275 |     -248.3 |     -115.7 |     65 | flags_o\[0\]$_DFFE_PN0P_/D
    3641* |      15 |    2153 |      294 |     10 |   701 |    +1.6% |   -3.275 |     -248.3 |     -115.6 |     65 | flags_o\[0\]$_DFFE_PN0P_/D
    3650* |      15 |    2159 |      294 |     10 |   703 |    +1.6% |   -3.275 |     -248.3 |     -115.2 |     65 | flags_o\[0\]$_DFFE_PN0P_/D
    3655* |      15 |    2160 |      294 |     10 |   703 |    +1.6% |   -3.275 |     -248.3 |     -115.2 |     65 | flags_o\[0\]$_DFFE_PN0P_/D
    3660* |      15 |    2162 |      295 |     10 |   704 |    +1.6% |   -3.275 |     -248.3 |     -115.2 |     65 | flags_o\[0\]$_DFFE_PN0P_/D
    3662* |      15 |    2162 |      295 |     10 |   704 |    +1.6% |   -3.275 |     -248.3 |     -115.2 |     65 | flags_o\[0\]$_DFFE_PN0P_/D
    3670* |      15 |    2165 |      297 |     10 |   706 |    +1.6% |   -3.275 |     -248.3 |     -115.6 |     65 | flags_o\[0\]$_DFFE_PN0P_/D
    3671* |      15 |    2165 |      297 |     10 |   706 |    +1.6% |   -3.275 |     -248.3 |     -115.6 |     65 | flags_o\[0\]$_DFFE_PN0P_/D
    3678* |      15 |    2168 |      297 |     10 |   707 |    +1.6% |   -3.275 |     -248.3 |     -115.7 |     65 | flags_o\[0\]$_DFFE_PN0P_/D
    3680* |      15 |    2169 |      297 |     10 |   707 |    +1.6% |   -3.275 |     -248.3 |     -115.7 |     65 | flags_o\[0\]$_DFFE_PN0P_/D
    3684* |      15 |    2169 |      297 |     10 |   707 |    +1.6% |   -3.275 |     -248.3 |     -115.7 |     65 | flags_o\[0\]$_DFFE_PN0P_/D
    3690* |      15 |    2169 |      298 |     10 |   711 |    +1.6% |   -3.275 |     -248.3 |     -115.8 |     65 | flags_o\[0\]$_DFFE_PN0P_/D
    3691* |      15 |    2169 |      297 |     10 |   707 |    +1.6% |   -3.275 |     -248.3 |     -115.7 |     65 | flags_o\[0\]$_DFFE_PN0P_/D
    3700* |      15 |    2176 |      297 |     10 |   708 |    +1.6% |   -3.275 |     -248.3 |     -115.6 |     65 | flags_o\[0\]$_DFFE_PN0P_/D
    3702* |      15 |    2174 |      297 |     10 |   707 |    +1.6% |   -3.275 |     -248.3 |     -115.5 |     65 | flags_o\[0\]$_DFFE_PN0P_/D
    3709* |      15 |    2175 |      297 |     10 |   707 |    +1.6% |   -3.275 |     -248.3 |     -115.5 |     65 | flags_o\[0\]$_DFFE_PN0P_/D
    3710* |      15 |    2175 |      297 |     10 |   707 |    +1.6% |   -3.275 |     -248.3 |     -115.5 |     65 | flags_o\[0\]$_DFFE_PN0P_/D
    3719* |      15 |    2177 |      298 |     10 |   707 |    +1.6% |   -3.275 |     -248.3 |     -115.6 |     65 | flags_o\[0\]$_DFFE_PN0P_/D
    3720* |      15 |    2177 |      298 |     10 |   707 |    +1.6% |   -3.275 |     -248.3 |     -115.6 |     65 | flags_o\[0\]$_DFFE_PN0P_/D
    3730* |      15 |    2182 |      300 |     10 |   710 |    +1.6% |   -3.275 |     -248.3 |     -115.5 |     65 | flags_o\[0\]$_DFFE_PN0P_/D
    3740* |      15 |    2188 |      302 |     10 |   712 |    +1.6% |   -3.275 |     -248.3 |     -115.5 |     65 | flags_o\[0\]$_DFFE_PN0P_/D
    3743* |      15 |    2187 |      300 |     10 |   712 |    +1.6% |   -3.275 |     -248.3 |     -115.4 |     65 | flags_o\[0\]$_DFFE_PN0P_/D
    3750* |      15 |    2190 |      301 |     10 |   714 |    +1.6% |   -3.275 |     -248.3 |     -115.3 |     65 | flags_o\[0\]$_DFFE_PN0P_/D
    3752* |      15 |    2190 |      301 |     10 |   714 |    +1.6% |   -3.275 |     -248.3 |     -115.3 |     65 | flags_o\[0\]$_DFFE_PN0P_/D
    3760* |      15 |    2196 |      302 |     10 |   714 |    +1.6% |   -3.275 |     -248.3 |     -115.5 |     65 | flags_o\[0\]$_DFFE_PN0P_/D
    3760* |      15 |    2191 |      301 |     10 |   714 |    +1.6% |   -3.275 |     -248.3 |     -115.3 |     65 | flags_o\[0\]$_DFFE_PN0P_/D
    3770* |      15 |    2197 |      302 |     10 |   716 |    +1.6% |   -3.275 |     -248.3 |     -115.0 |     65 | flags_o\[0\]$_DFFE_PN0P_/D
    3780* |      15 |    2203 |      303 |     10 |   719 |    +1.7% |   -3.275 |     -248.3 |     -115.0 |     65 | flags_o\[0\]$_DFFE_PN0P_/D
    3780* |      15 |    2202 |      303 |     10 |   719 |    +1.7% |   -3.275 |     -248.3 |     -114.8 |     65 | flags_o\[0\]$_DFFE_PN0P_/D
    3788* |      15 |    2205 |      304 |     10 |   720 |    +1.7% |   -3.275 |     -248.3 |     -114.9 |     65 | flags_o\[0\]$_DFFE_PN0P_/D
    3790* |      15 |    2205 |      304 |     10 |   721 |    +1.7% |   -3.275 |     -248.3 |     -114.9 |     65 | flags_o\[0\]$_DFFE_PN0P_/D
    3800* |      15 |    2212 |      306 |     10 |   722 |    +1.7% |   -3.275 |     -248.3 |     -115.2 |     65 | flags_o\[0\]$_DFFE_PN0P_/D
    3800* |      15 |    2207 |      304 |     10 |   721 |    +1.7% |   -3.275 |     -248.3 |     -114.9 |     65 | flags_o\[0\]$_DFFE_PN0P_/D
    3810* |      15 |    2213 |      307 |     10 |   722 |    +1.7% |   -3.275 |     -248.3 |     -114.8 |     65 | flags_o\[0\]$_DFFE_PN0P_/D
    3820* |      15 |    2221 |      308 |     10 |   723 |    +1.7% |   -3.275 |     -247.7 |     -114.6 |     65 | flags_o\[0\]$_DFFE_PN0P_/D
    3830* |      15 |    2227 |      311 |     10 |   724 |    +1.7% |   -3.275 |     -247.7 |     -115.2 |     65 | flags_o\[0\]$_DFFE_PN0P_/D
    3831* |      15 |    2222 |      308 |     10 |   723 |    +1.7% |   -3.275 |     -247.7 |     -114.6 |     65 | flags_o\[0\]$_DFFE_PN0P_/D
    3840* |      15 |    2225 |      311 |     10 |   725 |    +1.7% |   -3.275 |     -247.7 |     -114.7 |     65 | flags_o\[0\]$_DFFE_PN0P_/D
    3850* |      15 |    2232 |      311 |     10 |   728 |    +1.7% |   -3.275 |     -247.7 |     -114.5 |     65 | flags_o\[0\]$_DFFE_PN0P_/D
    3860* |      15 |    2239 |      312 |     10 |   730 |    +1.7% |   -3.274 |     -247.5 |     -114.3 |     65 | flags_o\[0\]$_DFFE_PN0P_/D
    3870* |      15 |    2245 |      312 |     10 |   734 |    +1.7% |   -3.288 |     -247.6 |     -114.8 |     65 | flags_o\[0\]$_DFFE_PN0P_/D
    3880* |      15 |    2249 |      315 |     10 |   737 |    +1.7% |   -3.409 |     -254.5 |     -118.9 |     65 | flags_o\[0\]$_DFFE_PN0P_/D
    3890* |      15 |    2255 |      317 |     10 |   739 |    +1.7% |   -3.368 |     -252.5 |     -117.5 |     65 | flags_o\[0\]$_DFFE_PN0P_/D
    3900* |      17 |    2260 |      318 |     10 |   741 |    +1.7% |   -3.290 |     -247.7 |     -114.8 |     65 | flags_o\[0\]$_DFFE_PN0P_/D
    3910* |      17 |    2265 |      318 |     10 |   746 |    +1.7% |   -3.295 |     -248.0 |     -115.0 |     65 | flags_o\[0\]$_DFFE_PN0P_/D
    3917* |      15 |    2245 |      312 |     10 |   731 |    +1.7% |   -3.274 |     -247.5 |     -114.3 |     65 | flags_o\[0\]$_DFFE_PN0P_/D
    3920* |      15 |    2245 |      312 |     10 |   733 |    +1.7% |   -3.274 |     -247.5 |     -114.3 |     65 | flags_o\[0\]$_DFFE_PN0P_/D
    3930* |      15 |    2251 |      315 |     10 |   734 |    +1.7% |   -3.283 |     -248.0 |     -114.6 |     65 | flags_o\[0\]$_DFFE_PN0P_/D
    3940* |      16 |    2256 |      318 |     10 |   735 |    +1.7% |   -3.185 |     -242.0 |     -111.3 |     65 | flags_o\[0\]$_DFFE_PN0P_/D
    3950* |      17 |    2261 |      322 |     10 |   737 |    +1.7% |   -3.186 |     -242.0 |     -111.4 |     65 | flags_o\[0\]$_DFFE_PN0P_/D
    3960* |      17 |    2268 |      322 |     10 |   740 |    +1.7% |   -3.153 |     -240.0 |     -110.2 |     65 | flags_o\[0\]$_DFFE_PN0P_/D
    3970* |      18 |    2275 |      324 |     10 |   741 |    +1.7% |   -3.153 |     -240.0 |     -110.2 |     65 | flags_o\[0\]$_DFFE_PN0P_/D
    3980* |      18 |    2282 |      326 |     10 |   743 |    +1.7% |   -3.166 |     -240.8 |     -110.7 |     65 | flags_o\[0\]$_DFFE_PN0P_/D
    3990* |      18 |    2290 |      326 |     10 |   745 |    +1.7% |   -3.148 |     -239.7 |     -110.1 |     65 | flags_o\[0\]$_DFFE_PN0P_/D
    4000* |      18 |    2297 |      326 |     10 |   748 |    +1.7% |   -3.170 |     -241.0 |     -110.8 |     65 | flags_o\[0\]$_DFFE_PN0P_/D
    4010* |      18 |    2305 |      326 |     10 |   750 |    +1.7% |   -3.119 |     -237.9 |     -109.1 |     65 | flags_o\[0\]$_DFFE_PN0P_/D
    4020* |      19 |    2308 |      328 |     10 |   754 |    +1.7% |   -3.222 |     -244.3 |     -112.6 |     65 | flags_o\[0\]$_DFFE_PN0P_/D
    4030* |      19 |    2313 |      329 |     10 |   758 |    +1.7% |   -3.192 |     -242.4 |     -111.6 |     65 | flags_o\[0\]$_DFFE_PN0P_/D
    4040* |      19 |    2317 |      330 |     10 |   763 |    +1.8% |   -3.154 |     -240.0 |     -110.3 |     65 | flags_o\[0\]$_DFFE_PN0P_/D
    4050* |      19 |    2323 |      332 |     10 |   765 |    +1.8% |   -3.134 |     -238.8 |     -109.6 |     65 | flags_o\[0\]$_DFFE_PN0P_/D
    4060* |      19 |    2328 |      333 |     10 |   769 |    +1.8% |   -3.123 |     -238.1 |     -109.2 |     65 | flags_o\[0\]$_DFFE_PN0P_/D
    4063* |      19 |    2307 |      326 |     10 |   750 |    +1.7% |   -3.116 |     -237.7 |     -109.0 |     65 | flags_o\[0\]$_DFFE_PN0P_/D
    4070* |      19 |    2311 |      327 |     10 |   751 |    +1.7% |   -3.119 |     -237.9 |     -109.0 |     65 | flags_o\[0\]$_DFFE_PN0P_/D
    4080* |      19 |    2319 |      329 |     10 |   751 |    +1.8% |   -3.108 |     -237.2 |     -108.7 |     65 | flags_o\[0\]$_DFFE_PN0P_/D
    4090* |      19 |    2325 |      329 |     10 |   755 |    +1.8% |   -3.115 |     -236.6 |     -109.0 |     65 | flags_o\[0\]$_DFFE_PN0P_/D
    4100* |      20 |    2330 |      331 |     10 |   757 |    +1.8% |   -3.154 |     -239.0 |     -110.3 |     65 | flags_o\[0\]$_DFFE_PN0P_/D
    4110* |      20 |    2337 |      333 |     10 |   758 |    +1.8% |   -3.140 |     -238.1 |     -109.8 |     65 | flags_o\[0\]$_DFFE_PN0P_/D
    4120* |      20 |    2343 |      333 |     10 |   762 |    +1.8% |   -3.130 |     -237.5 |     -109.5 |     65 | flags_o\[0\]$_DFFE_PN0P_/D
    4130* |      20 |    2350 |      334 |     10 |   764 |    +1.8% |   -3.122 |     -237.0 |     -109.2 |     65 | flags_o\[0\]$_DFFE_PN0P_/D
    4138* |      19 |    2325 |      329 |     10 |   753 |    +1.8% |   -3.093 |     -236.2 |     -108.2 |     65 | flags_o\[0\]$_DFFE_PN0P_/D
    4140* |      19 |    2325 |      329 |     10 |   754 |    +1.8% |   -3.093 |     -236.2 |     -108.2 |     65 | flags_o\[0\]$_DFFE_PN0P_/D
    4150* |      21 |    2329 |      332 |     10 |   756 |    +1.8% |   -3.259 |     -246.6 |     -109.5 |     65 | flags_o\[0\]$_DFFE_PN0P_/D
    4160* |      21 |    2336 |      335 |     10 |   756 |    +1.8% |   -3.124 |     -238.2 |     -104.9 |     65 | flags_o\[0\]$_DFFE_PN0P_/D
    4170* |      21 |    2343 |      337 |     10 |   757 |    +1.8% |   -3.177 |     -241.5 |     -106.8 |     65 | flags_o\[0\]$_DFFE_PN0P_/D
    4180* |      21 |    2347 |      341 |     10 |   759 |    +1.8% |   -3.183 |     -241.9 |     -107.0 |     65 | flags_o\[0\]$_DFFE_PN0P_/D
    4189* |      19 |    2325 |      329 |     10 |   753 |    +1.8% |   -3.093 |     -236.2 |     -108.2 |     65 | flags_o\[0\]$_DFFE_PN0P_/D
    4190* |      19 |    2325 |      329 |     10 |   753 |    +1.8% |   -3.093 |     -236.2 |     -108.2 |     65 | flags_o\[0\]$_DFFE_PN0P_/D
    4200* |      21 |    2329 |      331 |     10 |   755 |    +1.8% |   -3.128 |     -238.5 |     -105.7 |     65 | flags_o\[0\]$_DFFE_PN0P_/D
    4210* |      21 |    2338 |      332 |     10 |   755 |    +1.8% |   -3.109 |     -237.3 |     -105.1 |     65 | flags_o\[0\]$_DFFE_PN0P_/D
    4220* |      22 |    2345 |      334 |     10 |   755 |    +1.8% |   -3.091 |     -236.1 |     -104.4 |     65 | flags_o\[0\]$_DFFE_PN0P_/D
    4230* |      22 |    2353 |      334 |     10 |   757 |    +1.8% |   -3.102 |     -236.8 |     -104.8 |     65 | flags_o\[0\]$_DFFE_PN0P_/D
    4240* |      22 |    2362 |      335 |     10 |   757 |    +1.8% |   -3.066 |     -234.6 |     -103.6 |     65 | flags_o\[0\]$_DFFE_PN0P_/D
    4250* |      22 |    2368 |      335 |     10 |   761 |    +1.8% |   -3.056 |     -234.0 |     -103.3 |     65 | flags_o\[0\]$_DFFE_PN0P_/D
    4260* |      22 |    2373 |      337 |     10 |   764 |    +1.8% |   -3.040 |     -233.0 |     -102.7 |     65 | flags_o\[0\]$_DFFE_PN0P_/D
    4270* |      22 |    2377 |      340 |     10 |   767 |    +1.8% |   -3.094 |     -236.4 |     -104.6 |     65 | flags_o\[0\]$_DFFE_PN0P_/D
    4280* |      24 |    2382 |      340 |     10 |   770 |    +1.8% |   -3.051 |     -233.7 |     -103.1 |     65 | flags_o\[0\]$_DFFE_PN0P_/D
    4290* |      25 |    2387 |      342 |     10 |   772 |    +1.8% |   -3.010 |     -231.2 |     -101.7 |     65 | flags_o\[0\]$_DFFE_PN0P_/D
    4300* |      25 |    2393 |      343 |     10 |   775 |    +1.8% |   -3.001 |     -230.6 |     -101.4 |     65 | flags_o\[0\]$_DFFE_PN0P_/D
    4310* |      25 |    2401 |      344 |     10 |   776 |    +1.8% |   -3.013 |     -231.3 |     -101.8 |     65 | flags_o\[0\]$_DFFE_PN0P_/D
    4320* |      25 |    2406 |      346 |     10 |   779 |    +1.8% |   -3.064 |     -234.4 |     -103.5 |     65 | flags_o\[0\]$_DFFE_PN0P_/D
    4330* |      25 |    2412 |      347 |     10 |   782 |    +1.8% |   -2.945 |     -227.1 |      -99.5 |     65 | flags_o\[0\]$_DFFE_PN0P_/D
    4340* |      25 |    2419 |      348 |     10 |   784 |    +1.8% |   -2.924 |     -226.7 |      -98.8 |     65 | flags_o\[0\]$_DFFE_PN0P_/D
    4350* |      25 |    2423 |      348 |     10 |   790 |    +1.8% |   -2.912 |     -226.3 |      -98.4 |     65 | flags_o\[0\]$_DFFE_PN0P_/D
    4360* |      25 |    2429 |      352 |     10 |   793 |    +1.8% |   -2.897 |     -226.1 |      -97.9 |     65 | flags_o\[0\]$_DFFE_PN0P_/D
    4370* |      25 |    2437 |      352 |     10 |   795 |    +1.8% |   -2.885 |     -225.3 |      -97.4 |     65 | flags_o\[0\]$_DFFE_PN0P_/D
    4380* |      25 |    2444 |      352 |     10 |   798 |    +1.8% |   -2.876 |     -225.2 |      -97.1 |     65 | flags_o\[0\]$_DFFE_PN0P_/D
    4390* |      25 |    2454 |      352 |     10 |   798 |    +1.9% |   -2.859 |     -224.3 |      -96.6 |     65 | flags_o\[0\]$_DFFE_PN0P_/D
    4400* |      25 |    2463 |      352 |     10 |   799 |    +1.9% |   -2.837 |     -223.4 |      -95.8 |     65 | flags_o\[0\]$_DFFE_PN0P_/D
    4410* |      25 |    2471 |      352 |     10 |   801 |    +1.9% |   -2.823 |     -222.5 |      -95.3 |     65 | flags_o\[0\]$_DFFE_PN0P_/D
    4420* |      25 |    2478 |      352 |     10 |   804 |    +1.9% |   -2.806 |     -222.2 |      -94.8 |     65 | flags_o\[0\]$_DFFE_PN0P_/D
    4430* |      25 |    2485 |      352 |     10 |   807 |    +1.9% |   -2.805 |     -222.0 |      -94.7 |     65 | flags_o\[0\]$_DFFE_PN0P_/D
    4440* |      26 |    2493 |      352 |     10 |   808 |    +1.9% |   -2.719 |     -216.7 |      -91.8 |     65 | flags_o\[0\]$_DFFE_PN0P_/D
    4450* |      26 |    2499 |      352 |     10 |   812 |    +1.9% |   -2.698 |     -215.3 |      -91.1 |     65 | flags_o\[0\]$_DFFE_PN0P_/D
    4460* |      26 |    2506 |      353 |     10 |   814 |    +1.9% |   -2.686 |     -214.6 |      -90.7 |     65 | flags_o\[0\]$_DFFE_PN0P_/D
    4470* |      26 |    2513 |      354 |     10 |   816 |    +1.9% |   -2.670 |     -213.6 |      -90.2 |     65 | flags_o\[0\]$_DFFE_PN0P_/D
    4480* |      26 |    2521 |      354 |     10 |   818 |    +1.9% |   -2.646 |     -212.1 |      -89.3 |     65 | flags_o\[0\]$_DFFE_PN0P_/D
    4490* |      27 |    2527 |      355 |     10 |   820 |    +1.9% |   -2.620 |     -210.5 |      -88.5 |     65 | flags_o\[0\]$_DFFE_PN0P_/D
    4500* |      27 |    2535 |      355 |     10 |   822 |    +1.9% |   -2.613 |     -210.0 |      -88.2 |     65 | flags_o\[0\]$_DFFE_PN0P_/D
    4510* |      27 |    2545 |      355 |     10 |   822 |    +1.9% |   -2.593 |     -208.9 |      -87.6 |     65 | flags_o\[0\]$_DFFE_PN0P_/D
    4520* |      28 |    2550 |      357 |     10 |   824 |    +1.9% |   -2.678 |     -214.5 |      -90.5 |     65 | flags_o\[0\]$_DFFE_PN0P_/D
    4530* |      28 |    2553 |      357 |     10 |   831 |    +1.9% |   -2.649 |     -212.6 |      -89.5 |     65 | flags_o\[0\]$_DFFE_PN0P_/D
    4540* |      28 |    2560 |      358 |     10 |   833 |    +1.9% |   -2.613 |     -210.4 |      -88.2 |     65 | flags_o\[0\]$_DFFE_PN0P_/D
    4550* |      28 |    2567 |      358 |     10 |   836 |    +1.9% |   -2.601 |     -209.7 |      -87.8 |     65 | flags_o\[0\]$_DFFE_PN0P_/D
    4560* |      28 |    2574 |      360 |     10 |   837 |    +1.9% |   -2.556 |     -206.9 |      -86.3 |     65 | flags_o\[0\]$_DFFE_PN0P_/D
    4570* |      28 |    2582 |      361 |     10 |   838 |    +1.9% |   -2.541 |     -205.9 |      -85.8 |     65 | flags_o\[0\]$_DFFE_PN0P_/D
    4580* |      28 |    2588 |      362 |     10 |   841 |    +1.9% |   -2.536 |     -205.6 |      -85.6 |     65 | flags_o\[0\]$_DFFE_PN0P_/D
    4590* |      28 |    2591 |      363 |     10 |   847 |    +1.9% |   -2.530 |     -205.3 |      -85.4 |     65 | flags_o\[0\]$_DFFE_PN0P_/D
    4600* |      28 |    2596 |      364 |     10 |   851 |    +2.0% |   -2.571 |     -207.8 |      -86.8 |     65 | flags_o\[0\]$_DFFE_PN0P_/D
    4610* |      28 |    2604 |      365 |     10 |   852 |    +2.0% |   -2.509 |     -203.9 |      -84.7 |     65 | flags_o\[0\]$_DFFE_PN0P_/D
    4620* |      28 |    2613 |      365 |     10 |   853 |    +2.0% |   -2.492 |     -202.9 |      -84.2 |     65 | flags_o\[0\]$_DFFE_PN0P_/D
    4630* |      28 |    2620 |      368 |     10 |   855 |    +2.0% |   -2.480 |     -203.6 |      -83.8 |     65 | flags_o\[0\]$_DFFE_PN0P_/D
    4640* |      29 |    2626 |      369 |     10 |   857 |    +2.0% |   -2.441 |     -201.1 |      -82.6 |     65 | flags_o\[0\]$_DFFE_PN0P_/D
    4650* |      31 |    2633 |      369 |     10 |   858 |    +2.0% |   -2.403 |     -198.8 |      -81.4 |     65 | flags_o\[0\]$_DFFE_PN0P_/D
    4660* |      31 |    2637 |      371 |     10 |   862 |    +2.0% |   -2.440 |     -201.1 |      -82.5 |     65 | flags_o\[0\]$_DFFE_PN0P_/D
    4670* |      31 |    2644 |      371 |     10 |   865 |    +2.0% |   -2.433 |     -200.6 |      -82.3 |     65 | flags_o\[0\]$_DFFE_PN0P_/D
    4680* |      31 |    2649 |      373 |     10 |   868 |    +2.0% |   -2.475 |     -203.1 |      -83.7 |     65 | flags_o\[0\]$_DFFE_PN0P_/D
    4690* |      33 |    2653 |      375 |     10 |   870 |    +2.0% |   -2.395 |     -198.1 |      -81.1 |     65 | flags_o\[0\]$_DFFE_PN0P_/D
    4700* |      38 |    2653 |      380 |     10 |   870 |    +2.0% |   -2.395 |     -198.1 |      -81.1 |     65 | flags_o\[0\]$_DFFE_PN0P_/D
    4710* |      43 |    2653 |      385 |     10 |   870 |    +2.0% |   -2.395 |     -198.1 |      -81.1 |     65 | flags_o\[0\]$_DFFE_PN0P_/D
    4720* |      48 |    2653 |      390 |     10 |   870 |    +2.0% |   -2.395 |     -198.1 |      -81.1 |     65 | flags_o\[0\]$_DFFE_PN0P_/D
    4730* |      53 |    2653 |      395 |     10 |   870 |    +2.0% |   -2.395 |     -198.1 |      -81.1 |     65 | flags_o\[0\]$_DFFE_PN0P_/D
    4738* |      32 |    2653 |      374 |     10 |   870 |    +2.0% |   -2.394 |     -198.1 |      -81.1 |     65 | flags_o\[0\]$_DFFE_PN0P_/D
    4740* |      32 |    2654 |      374 |     10 |   870 |    +2.0% |   -2.394 |     -195.6 |      -80.9 |     65 | flags_o\[0\]$_DFFE_PN0P_/D
    4750* |      33 |    2659 |      377 |     10 |   873 |    +2.0% |   -2.569 |     -203.0 |      -87.1 |     65 | flags_o\[0\]$_DFFE_PN0P_/D
    4760* |      38 |    2659 |      382 |     10 |   873 |    +2.0% |   -2.569 |     -203.0 |      -87.1 |     65 | flags_o\[0\]$_DFFE_PN0P_/D
    4770* |      43 |    2659 |      387 |     10 |   873 |    +2.0% |   -2.569 |     -203.0 |      -87.1 |     65 | flags_o\[0\]$_DFFE_PN0P_/D
    4780* |      48 |    2659 |      392 |     10 |   873 |    +2.0% |   -2.569 |     -203.0 |      -87.1 |     65 | flags_o\[0\]$_DFFE_PN0P_/D
    4790* |      53 |    2659 |      397 |     10 |   873 |    +2.0% |   -2.569 |     -203.0 |      -87.1 |     65 | flags_o\[0\]$_DFFE_PN0P_/D
    4799* |      32 |    2659 |      377 |     10 |   873 |    +2.0% |   -2.394 |     -192.2 |      -81.2 |     65 | flags_o\[0\]$_DFFE_PN0P_/D
    4800* |      32 |    2659 |      377 |     10 |   873 |    +2.0% |   -2.394 |     -192.2 |      -81.2 |     65 | flags_o\[0\]$_DFFE_PN0P_/D
    4800* |      32 |    2659 |      377 |     10 |   873 |    +2.0% |   -2.394 |     -192.2 |      -81.2 |     65 | flags_o\[0\]$_DFFE_PN0P_/D
    4810* |      35 |    2660 |      379 |     10 |   876 |    +2.0% |   -2.569 |     -203.0 |      -86.9 |     65 | flags_o\[0\]$_DFFE_PN0P_/D
    4820* |      40 |    2660 |      384 |     10 |   876 |    +2.0% |   -2.569 |     -203.0 |      -86.9 |     65 | flags_o\[0\]$_DFFE_PN0P_/D
    4830* |      45 |    2660 |      389 |     10 |   876 |    +2.0% |   -2.569 |     -203.0 |      -86.9 |     65 | flags_o\[0\]$_DFFE_PN0P_/D
    4840* |      50 |    2660 |      394 |     10 |   876 |    +2.0% |   -2.569 |     -203.0 |      -86.9 |     65 | flags_o\[0\]$_DFFE_PN0P_/D
    4850* |      55 |    2660 |      399 |     10 |   876 |    +2.0% |   -2.569 |     -203.0 |      -86.9 |     65 | flags_o\[0\]$_DFFE_PN0P_/D
    4851* |      32 |    2659 |      377 |     10 |   873 |    +2.0% |   -2.394 |     -192.2 |      -81.2 |     65 | flags_o\[0\]$_DFFE_PN0P_/D
    4860* |      34 |    2661 |      379 |     10 |   875 |    +2.0% |   -2.569 |     -203.1 |      -87.3 |     65 | flags_o\[0\]$_DFFE_PN0P_/D
    4870* |      39 |    2661 |      384 |     10 |   875 |    +2.0% |   -2.569 |     -203.1 |      -87.3 |     65 | flags_o\[0\]$_DFFE_PN0P_/D
    4880* |      44 |    2661 |      389 |     10 |   875 |    +2.0% |   -2.569 |     -203.1 |      -87.3 |     65 | flags_o\[0\]$_DFFE_PN0P_/D
    4890* |      49 |    2661 |      394 |     10 |   875 |    +2.0% |   -2.569 |     -203.1 |      -87.3 |     65 | flags_o\[0\]$_DFFE_PN0P_/D
    4900* |      54 |    2661 |      399 |     10 |   875 |    +2.0% |   -2.569 |     -203.1 |      -87.3 |     65 | flags_o\[0\]$_DFFE_PN0P_/D
    4900* |      32 |    2659 |      377 |     10 |   873 |    +2.0% |   -2.394 |     -192.2 |      -81.2 |     65 | flags_o\[0\]$_DFFE_PN0P_/D
    4900* |      32 |    2659 |      377 |     10 |   873 |    +2.0% |   -2.394 |     -192.2 |      -81.2 |     65 | flags_o\[0\]$_DFFE_PN0P_/D
    4900+ |      32 |    2659 |      377 |     10 |   873 |    +2.0% |   -2.394 |     -192.2 |      -81.2 |     65 | flags_o\[0\]$_DFFE_PN0P_/D
    4901+ |      32 |    2659 |      377 |     10 |   873 |    +2.0% |   -2.394 |     -192.2 |      -81.2 |     65 | flags_o\[0\]$_DFFE_PN0P_/D
    4902+ |      32 |    2659 |      377 |     10 |   873 |    +2.0% |   -2.394 |     -192.2 |      -81.2 |     65 | flags_o\[0\]$_DFFE_PN0P_/D
    4903+ |      32 |    2659 |      377 |     10 |   873 |    +2.0% |   -2.394 |     -192.2 |      -81.2 |     65 | flags_o\[0\]$_DFFE_PN0P_/D
    4904+ |      32 |    2659 |      377 |     10 |   873 |    +2.0% |   -2.394 |     -192.2 |      -81.2 |     65 | flags_o\[0\]$_DFFE_PN0P_/D
    4905+ |      32 |    2659 |      377 |     10 |   873 |    +2.0% |   -2.394 |     -192.2 |      -81.2 |     65 | flags_o\[0\]$_DFFE_PN0P_/D
    4906+ |      32 |    2659 |      377 |     10 |   873 |    +2.0% |   -2.394 |     -192.2 |      -81.2 |     65 | flags_o\[0\]$_DFFE_PN0P_/D
    4907+ |      32 |    2659 |      377 |     10 |   873 |    +2.0% |   -2.394 |     -192.2 |      -81.2 |     65 | flags_o\[0\]$_DFFE_PN0P_/D
    4908+ |      32 |    2659 |      377 |     10 |   873 |    +2.0% |   -2.394 |     -192.2 |      -81.2 |     65 | flags_o\[0\]$_DFFE_PN0P_/D
    4909+ |      32 |    2659 |      377 |     10 |   873 |    +2.0% |   -2.394 |     -192.2 |      -81.2 |     65 | flags_o\[0\]$_DFFE_PN0P_/D
    4910+ |      32 |    2659 |      377 |     10 |   873 |    +2.0% |   -2.394 |     -192.2 |      -81.2 |     65 | flags_o\[0\]$_DFFE_PN0P_/D
    4910+ |      32 |    2659 |      377 |     10 |   873 |    +2.0% |   -2.394 |     -192.2 |      -81.2 |     65 | flags_o\[0\]$_DFFE_PN0P_/D
    4911+ |      32 |    2659 |      377 |     10 |   873 |    +2.0% |   -2.394 |     -192.2 |      -81.2 |     65 | flags_o\[0\]$_DFFE_PN0P_/D
    4912+ |      32 |    2659 |      377 |     10 |   873 |    +2.0% |   -2.394 |     -192.2 |      -81.2 |     65 | flags_o\[0\]$_DFFE_PN0P_/D
    4913+ |      32 |    2659 |      377 |     10 |   873 |    +2.0% |   -2.394 |     -192.2 |      -81.2 |     65 | flags_o\[0\]$_DFFE_PN0P_/D
    4914+ |      32 |    2659 |      377 |     10 |   873 |    +2.0% |   -2.394 |     -192.2 |      -81.2 |     65 | flags_o\[0\]$_DFFE_PN0P_/D
    4915+ |      32 |    2659 |      377 |     10 |   873 |    +2.0% |   -2.394 |     -192.2 |      -81.2 |     65 | flags_o\[0\]$_DFFE_PN0P_/D
    4916+ |      32 |    2659 |      377 |     10 |   873 |    +2.0% |   -2.394 |     -192.2 |      -81.2 |     65 | flags_o\[0\]$_DFFE_PN0P_/D
    4917+ |      32 |    2659 |      377 |     10 |   873 |    +2.0% |   -2.394 |     -192.2 |      -81.2 |     65 | flags_o\[0\]$_DFFE_PN0P_/D
    4918+ |      32 |    2659 |      377 |     10 |   873 |    +2.0% |   -2.394 |     -192.2 |      -81.2 |     65 | flags_o\[0\]$_DFFE_PN0P_/D
    4919+ |      32 |    2659 |      377 |     10 |   873 |    +2.0% |   -2.394 |     -192.2 |      -81.2 |     65 | flags_o\[0\]$_DFFE_PN0P_/D
    4920+ |      32 |    2659 |      377 |     10 |   873 |    +2.0% |   -2.394 |     -192.2 |      -81.2 |     65 | flags_o\[0\]$_DFFE_PN0P_/D
    4920+ |      32 |    2659 |      377 |     10 |   873 |    +2.0% |   -2.394 |     -192.2 |      -81.2 |     65 | flags_o\[0\]$_DFFE_PN0P_/D
    4921+ |      32 |    2659 |      377 |     10 |   873 |    +2.0% |   -2.394 |     -192.2 |      -81.2 |     65 | flags_o\[0\]$_DFFE_PN0P_/D
    4922+ |      32 |    2659 |      377 |     10 |   873 |    +2.0% |   -2.394 |     -192.2 |      -81.2 |     65 | flags_o\[0\]$_DFFE_PN0P_/D
    4923+ |      32 |    2659 |      377 |     10 |   873 |    +2.0% |   -2.394 |     -192.2 |      -81.2 |     65 | flags_o\[0\]$_DFFE_PN0P_/D
    4926+ |      32 |    2661 |      377 |     10 |   873 |    +2.0% |   -2.387 |     -191.7 |      -80.9 |     65 | flags_o\[0\]$_DFFE_PN0P_/D
    4929+ |      32 |    2663 |      377 |     10 |   873 |    +2.0% |   -2.387 |     -191.7 |      -80.8 |     65 | flags_o\[0\]$_DFFE_PN0P_/D
    4930+ |      32 |    2663 |      377 |     10 |   873 |    +2.0% |   -2.387 |     -191.7 |      -80.8 |     65 | flags_o\[0\]$_DFFE_PN0P_/D
    4933+ |      32 |    2665 |      377 |     10 |   874 |    +2.0% |   -2.387 |     -191.7 |      -80.4 |     65 | flags_o\[0\]$_DFFE_PN0P_/D
    4936+ |      32 |    2667 |      377 |     10 |   874 |    +2.0% |   -2.387 |     -191.7 |      -80.3 |     65 | flags_o\[0\]$_DFFE_PN0P_/D
    4940+ |      32 |    2669 |      377 |     10 |   875 |    +2.0% |   -2.387 |     -191.7 |      -80.3 |     65 | flags_o\[0\]$_DFFE_PN0P_/D
    4944+ |      32 |    2672 |      377 |     10 |   876 |    +2.0% |   -2.380 |     -191.3 |      -80.0 |     65 | flags_o\[0\]$_DFFE_PN0P_/D
    4945+ |      32 |    2672 |      377 |     10 |   876 |    +2.0% |   -2.380 |     -191.3 |      -80.0 |     65 | flags_o\[0\]$_DFFE_PN0P_/D
    4946+ |      32 |    2672 |      377 |     10 |   876 |    +2.0% |   -2.380 |     -191.3 |      -80.0 |     65 | flags_o\[0\]$_DFFE_PN0P_/D
    4949+ |      32 |    2673 |      377 |     10 |   877 |    +2.0% |   -2.380 |     -191.3 |      -80.0 |     65 | flags_o\[0\]$_DFFE_PN0P_/D
    4950+ |      32 |    2673 |      377 |     10 |   877 |    +2.0% |   -2.380 |     -191.3 |      -80.0 |     65 | flags_o\[0\]$_DFFE_PN0P_/D
    4950+ |      32 |    2673 |      377 |     10 |   877 |    +2.0% |   -2.380 |     -191.3 |      -80.0 |     65 | flags_o\[0\]$_DFFE_PN0P_/D
    4953+ |      32 |    2675 |      377 |     10 |   877 |    +2.0% |   -2.380 |     -191.3 |      -80.0 |     65 | flags_o\[0\]$_DFFE_PN0P_/D
    4954+ |      32 |    2675 |      377 |     10 |   877 |    +2.0% |   -2.380 |     -191.3 |      -80.0 |     65 | flags_o\[0\]$_DFFE_PN0P_/D
    4958+ |      32 |    2678 |      377 |     10 |   877 |    +2.0% |   -2.380 |     -191.3 |      -79.9 |     65 | flags_o\[0\]$_DFFE_PN0P_/D
    4959+ |      32 |    2678 |      377 |     10 |   877 |    +2.0% |   -2.380 |     -191.3 |      -79.9 |     65 | flags_o\[0\]$_DFFE_PN0P_/D
    4960+ |      32 |    2678 |      377 |     10 |   877 |    +2.0% |   -2.380 |     -191.3 |      -79.9 |     65 | flags_o\[0\]$_DFFE_PN0P_/D
    4960+ |      32 |    2678 |      377 |     10 |   877 |    +2.0% |   -2.380 |     -191.3 |      -79.9 |     65 | flags_o\[0\]$_DFFE_PN0P_/D
    4962+ |      32 |    2678 |      377 |     10 |   878 |    +2.0% |   -2.380 |     -191.3 |      -79.8 |     65 | flags_o\[0\]$_DFFE_PN0P_/D
    4963+ |      32 |    2678 |      377 |     10 |   878 |    +2.0% |   -2.380 |     -191.3 |      -79.8 |     65 | flags_o\[0\]$_DFFE_PN0P_/D
    4966+ |      32 |    2679 |      377 |     10 |   879 |    +2.0% |   -2.380 |     -191.3 |      -79.8 |     65 | flags_o\[0\]$_DFFE_PN0P_/D
    4968+ |      32 |    2680 |      377 |     10 |   879 |    +2.0% |   -2.380 |     -191.3 |      -79.8 |     65 | flags_o\[0\]$_DFFE_PN0P_/D
    4969+ |      32 |    2680 |      377 |     10 |   879 |    +2.0% |   -2.380 |     -191.3 |      -79.8 |     65 | flags_o\[0\]$_DFFE_PN0P_/D
    4970+ |      32 |    2680 |      377 |     10 |   879 |    +2.0% |   -2.380 |     -191.3 |      -79.8 |     65 | flags_o\[0\]$_DFFE_PN0P_/D
    4970+ |      32 |    2680 |      377 |     10 |   879 |    +2.0% |   -2.380 |     -191.3 |      -79.8 |     65 | flags_o\[0\]$_DFFE_PN0P_/D
    4973+ |      32 |    2682 |      377 |     10 |   879 |    +2.0% |   -2.380 |     -191.3 |      -79.8 |     65 | flags_o\[0\]$_DFFE_PN0P_/D
    4974+ |      32 |    2682 |      377 |     10 |   879 |    +2.0% |   -2.380 |     -191.3 |      -79.8 |     65 | flags_o\[0\]$_DFFE_PN0P_/D
    4975+ |      32 |    2682 |      377 |     10 |   879 |    +2.0% |   -2.380 |     -191.3 |      -79.8 |     65 | flags_o\[0\]$_DFFE_PN0P_/D
    4976+ |      32 |    2682 |      377 |     10 |   879 |    +2.0% |   -2.380 |     -191.3 |      -79.8 |     65 | flags_o\[0\]$_DFFE_PN0P_/D
    4977+ |      32 |    2682 |      377 |     10 |   879 |    +2.0% |   -2.380 |     -191.3 |      -79.8 |     65 | flags_o\[0\]$_DFFE_PN0P_/D
    4978+ |      32 |    2682 |      377 |     10 |   879 |    +2.0% |   -2.380 |     -191.3 |      -79.8 |     65 | flags_o\[0\]$_DFFE_PN0P_/D
    4979+ |      32 |    2682 |      377 |     10 |   879 |    +2.0% |   -2.380 |     -191.3 |      -79.8 |     65 | flags_o\[0\]$_DFFE_PN0P_/D
    4980+ |      32 |    2682 |      377 |     10 |   879 |    +2.0% |   -2.380 |     -191.3 |      -79.8 |     65 | flags_o\[0\]$_DFFE_PN0P_/D
    4980+ |      32 |    2682 |      377 |     10 |   879 |    +2.0% |   -2.380 |     -191.3 |      -79.8 |     65 | flags_o\[0\]$_DFFE_PN0P_/D
    4981+ |      32 |    2682 |      377 |     10 |   879 |    +2.0% |   -2.380 |     -191.3 |      -79.8 |     65 | flags_o\[0\]$_DFFE_PN0P_/D
    4982+ |      32 |    2682 |      377 |     10 |   879 |    +2.0% |   -2.380 |     -191.3 |      -79.8 |     65 | flags_o\[0\]$_DFFE_PN0P_/D
    4983+ |      32 |    2682 |      377 |     10 |   879 |    +2.0% |   -2.380 |     -191.3 |      -79.8 |     65 | flags_o\[0\]$_DFFE_PN0P_/D
    4984+ |      32 |    2682 |      377 |     10 |   879 |    +2.0% |   -2.380 |     -191.3 |      -79.8 |     65 | flags_o\[0\]$_DFFE_PN0P_/D
    4985+ |      32 |    2682 |      377 |     10 |   879 |    +2.0% |   -2.380 |     -191.3 |      -79.8 |     65 | flags_o\[0\]$_DFFE_PN0P_/D
    4986+ |      32 |    2682 |      377 |     10 |   879 |    +2.0% |   -2.380 |     -191.3 |      -79.8 |     65 | flags_o\[0\]$_DFFE_PN0P_/D
    4987+ |      32 |    2682 |      377 |     10 |   879 |    +2.0% |   -2.380 |     -191.3 |      -79.8 |     65 | flags_o\[0\]$_DFFE_PN0P_/D
    4988+ |      32 |    2682 |      377 |     10 |   879 |    +2.0% |   -2.380 |     -191.3 |      -79.8 |     65 | flags_o\[0\]$_DFFE_PN0P_/D
    4989+ |      32 |    2682 |      377 |     10 |   879 |    +2.0% |   -2.380 |     -191.3 |      -79.8 |     65 | flags_o\[0\]$_DFFE_PN0P_/D
    4990+ |      32 |    2682 |      377 |     10 |   879 |    +2.0% |   -2.380 |     -191.3 |      -79.8 |     65 | flags_o\[0\]$_DFFE_PN0P_/D
    4990+ |      32 |    2682 |      377 |     10 |   879 |    +2.0% |   -2.380 |     -191.3 |      -79.8 |     65 | flags_o\[0\]$_DFFE_PN0P_/D
    4991+ |      32 |    2682 |      377 |     10 |   879 |    +2.0% |   -2.380 |     -191.3 |      -79.8 |     65 | flags_o\[0\]$_DFFE_PN0P_/D
    4993+ |      32 |    2683 |      377 |     10 |   879 |    +2.0% |   -2.380 |     -191.3 |      -79.7 |     65 | flags_o\[0\]$_DFFE_PN0P_/D
    4994+ |      32 |    2683 |      377 |     10 |   879 |    +2.0% |   -2.380 |     -191.3 |      -79.7 |     65 | flags_o\[0\]$_DFFE_PN0P_/D
    4997+ |      32 |    2685 |      377 |     10 |   879 |    +2.0% |   -2.380 |     -191.3 |      -79.7 |     65 | flags_o\[0\]$_DFFE_PN0P_/D
    final |      32 |    2685 |      377 |     10 |   879 |    +2.0% |   -2.380 |     -191.3 |      -79.7 |     65 | flags_o\[0\]$_DFFE_PN0P_/D
------------------------------------------------------------------------------------------------------------------------------
[INFO RSZ-0059] Removed 32 buffers.
[INFO RSZ-0045] Inserted 377 buffers, 1 to split loads.
[INFO RSZ-0051] Resized 2685 instances: 2685 up, 0 up match, 0 down, 0 VT
[INFO RSZ-0043] Swapped pins on 879 instances.
[INFO RSZ-0049] Cloned 10 instances.
[WARNING RSZ-0062] Unable to repair all setup violations.
[INFO RSZ-0505] Runtime: 1070.70s
[INFO RSZ-0033] No hold violations found.
[INFO RSZ-0506] Runtime: 0.43s
Took 1071 seconds: repair_timing -setup_margin 0 -hold_margin 0 -repair_tns 100 -verbose
global_route -start_incremental
detailed_placement
[INFO DPL-0006] Core area: 4611196.25 um^2
[INFO DPL-0007] Movable instances area: 629527.52 um^2
[INFO DPL-0008] Fixed instances area within core: 76701.06 um^2
[INFO DPL-0009] Utilization: 15.3%
[INFO DPL-0005] Diamond search max displacement: +/- 500 sites horizontally, +/- 100 rows vertically.
[INFO DPL-1102] Legalizing using negotiation legalizer.
[INFO DPL-1103] Negotiation base search window: +/-20 sites horizontally, +/-5 rows vertically 
	Automatic search window extension enabled.
	Search window extendable up to the max displacement cap of +/-500 sites, +/-100 rows near walls.
[INFO DPL-1104] NegotiationLegalizer DRC penalty: 5.
[INFO DPL-0392] Negotiation cell height distribution (1 unique row-count(s)):
[INFO DPL-0393]   height 1 row(s): 148774 cells
          |      Total |  Illegal |  Illegal
Iteration | Violations |    Cells |    Sites
---------------------------------------------
        0 |         80 |        20 |        60
        1 |          0 |         0 |         0
Negotiation phase 1 converged at iteration 1.
[INFO DPL-0500] Runtime: 0.91s
Placement Analysis
---------------------------------
total displacement       5792.4 u
average displacement        0.0 u
max displacement           19.5 u
original HPWL         3269100.1 u
legalized HPWL        3276436.7 u
delta HPWL                    0 %

check_placement -verbose
global_route -end_incremental -congestion_report_file ./reports/sky130hd/d_dsp03_cand_chat_v2/base/congestion_post_repair_timing.rpt
estimate_parasitics -global_routing
global_route -start_incremental
global_route -end_incremental -congestion_report_file ./reports/sky130hd/d_dsp03_cand_chat_v2/base/congestion_post_recover_power.rpt
Repair antennas...
[INFO GRT-0012] Found 433 antenna violations.
[INFO GRT-0302] Inserted 494 jumpers for 413 nets.
[INFO GRT-0012] Found 40 antenna violations.
[WARNING GRT-0243] Unable to repair antennas on net with diodes.
[INFO DPL-0006] Core area: 4611196.25 um^2
[INFO DPL-0007] Movable instances area: 629130.89 um^2
[INFO DPL-0008] Fixed instances area within core: 77460.54 um^2
[INFO DPL-0009] Utilization: 15.3%
[INFO DPL-0005] Diamond search max displacement: +/- 500 sites horizontally, +/- 100 rows vertically.
[INFO DPL-1102] Legalizing using negotiation legalizer.
[INFO DPL-1103] Negotiation base search window: +/-20 sites horizontally, +/-5 rows vertically 
	Automatic search window extension enabled.
	Search window extendable up to the max displacement cap of +/-500 sites, +/-100 rows near walls.
[INFO DPL-1104] NegotiationLegalizer DRC penalty: 5.
[INFO DPL-0392] Negotiation cell height distribution (1 unique row-count(s)):
[INFO DPL-0393]   height 1 row(s): 148919 cells
          |      Total |  Illegal |  Illegal
Iteration | Violations |    Cells |    Sites
---------------------------------------------
        0 |          0 |         0 |         0
Negotiation phase 1 converged at iteration 0.
[INFO DPL-0500] Runtime: 0.70s
[INFO GRT-0015] Inserted 145 diodes.
[INFO GRT-0012] Found 7 antenna violations.
[INFO GRT-0302] Inserted 11 jumpers for 7 nets.
[INFO GRT-0012] Found 2 antenna violations.
[INFO DPL-0006] Core area: 4611196.25 um^2
[INFO DPL-0007] Movable instances area: 629876.60 um^2
[INFO DPL-0008] Fixed instances area within core: 76727.34 um^2
[INFO DPL-0009] Utilization: 15.3%
[INFO DPL-0005] Diamond search max displacement: +/- 500 sites horizontally, +/- 100 rows vertically.
[INFO DPL-1102] Legalizing using negotiation legalizer.
[INFO DPL-1103] Negotiation base search window: +/-20 sites horizontally, +/-5 rows vertically 
	Automatic search window extension enabled.
	Search window extendable up to the max displacement cap of +/-500 sites, +/-100 rows near walls.
[INFO DPL-1104] NegotiationLegalizer DRC penalty: 5.
[INFO DPL-0392] Negotiation cell height distribution (1 unique row-count(s)):
[INFO DPL-0393]   height 1 row(s): 148924 cells
          |      Total |  Illegal |  Illegal
Iteration | Violations |    Cells |    Sites
---------------------------------------------
        0 |          0 |         0 |         0
Negotiation phase 1 converged at iteration 0.
[INFO DPL-0500] Runtime: 0.71s
[INFO GRT-0015] Inserted 5 diodes.
[INFO GRT-0012] Found 0 antenna violations.
[INFO ANT-0002] Found 0 net violations.
[INFO ANT-0001] Found 0 pin violations.
Estimate parasitics...
estimate_parasitics -global_routing
Report metrics stage 5, global route...

==========================================================================
global route report_design_area
--------------------------------------------------------------------------
Design area 706604 um^2 15% utilization.
[INFO FLW-0007] clock core_clock period 48.031200
[INFO FLW-0008] Clock core_clock period 48.129
[INFO FLW-0009] Clock core_clock slack -2.631
write_sdc -no_timestamp ./results/sky130hd/d_dsp03_cand_chat_v2/base/updated_clks.sdc
[INFO FLW-0011] Path endpoint path count 1597
write_db ./results/sky130hd/d_dsp03_cand_chat_v2/base/5_1_grt.odb
write_sdc -no_timestamp ./results/sky130hd/d_dsp03_cand_chat_v2/base/5_1_grt.sdc
Elapsed time: 20:16.03[h:]min:sec. CPU time: user 5856.69 sys 1107.14 (572%). Peak memory: 2378152KB.
Log                       Ext     Elapsed/s Peak Memory/MB sha1sum result [0:20)
5_1_grt                   .odb         1216           2322 1e83572d238000f85fba
5_1_grt                   .sdc                             db39dd94c64cd4d3c343
/OpenROAD-flow-scripts/flow/scripts/flow.sh 5_2_route detail_route
Running detail_route.tcl, stage 5_2_route
read_liberty /OpenROAD-flow-scripts/flow/platforms/sky130hd/lib/sky130_fd_sc_hd__tt_025C_1v80.lib
read_db ./results/sky130hd/d_dsp03_cand_chat_v2/base/5_1_grt.odb
read_sdc ./results/sky130hd/d_dsp03_cand_chat_v2/base/5_1_grt.sdc
source /OpenROAD-flow-scripts/flow/platforms/sky130hd/setRC.tcl
detailed_route -output_drc ./reports/sky130hd/d_dsp03_cand_chat_v2/base/5_route_drc.rpt -output_maze ./results/sky130hd/d_dsp03_cand_chat_v2/base/maze.log -droute_end_iter 64 -verbose 1 -drc_report_iter_step 5
[INFO DRT-0149] Reading tech and libs.
[WARNING DRT-0349] LEF58_ENCLOSURE with no CUTCLASS is not supported. Skipping for layer mcon
[WARNING DRT-0349] LEF58_ENCLOSURE with no CUTCLASS is not supported. Skipping for layer mcon
[WARNING DRT-0349] LEF58_ENCLOSURE with no CUTCLASS is not supported. Skipping for layer via
[WARNING DRT-0349] LEF58_ENCLOSURE with no CUTCLASS is not supported. Skipping for layer via
[WARNING DRT-0349] LEF58_ENCLOSURE with no CUTCLASS is not supported. Skipping for layer via2
[WARNING DRT-0349] LEF58_ENCLOSURE with no CUTCLASS is not supported. Skipping for layer via2
[WARNING DRT-0349] LEF58_ENCLOSURE with no CUTCLASS is not supported. Skipping for layer via3
[WARNING DRT-0349] LEF58_ENCLOSURE with no CUTCLASS is not supported. Skipping for layer via3
[WARNING DRT-0349] LEF58_ENCLOSURE with no CUTCLASS is not supported. Skipping for layer via4
[WARNING DRT-0349] LEF58_ENCLOSURE with no CUTCLASS is not supported. Skipping for layer via4

Units:                1000
Number of layers:     13
Number of macros:     441
Number of vias:       29
Number of viarulegen: 25

[INFO DRT-0150] Reading design.

Design:                   fp_multifmt_fma
Die area:                 ( 0 0 ) ( 2151130 2151130 )
Number of track patterns: 12
Number of DEF vias:       0
Number of components:     148924
Number of terminals:      275
Number of snets:          2
Number of nets:           93339

[INFO DRT-0167] List of default vias:
  Layer via
    default via: M1M2_PR
  Layer via2
    default via: M2M3_PR
  Layer via3
    default via: M3M4_PR
  Layer via4
    default via: M4M5_PR
[INFO DRT-0162] Library cell analysis.
[INFO DRT-0163] Instance analysis.
  Complete 100000 instances.
[INFO DRT-0164] Number of unique instances = 441.
[INFO DRT-0168] Init region query.
[INFO DRT-0018]   Complete 100000 insts.
[INFO DRT-0024]   Complete FR_MASTERSLICE.
[INFO DRT-0024]   Complete Fr_VIA.
[INFO DRT-0024]   Complete li1.
[INFO DRT-0024]   Complete mcon.
[INFO DRT-0024]   Complete met1.
[INFO DRT-0024]   Complete via.
[INFO DRT-0024]   Complete met2.
[INFO DRT-0024]   Complete via2.
[INFO DRT-0024]   Complete met3.
[INFO DRT-0024]   Complete via3.
[INFO DRT-0024]   Complete met4.
[INFO DRT-0024]   Complete via4.
[INFO DRT-0024]   Complete met5.
[INFO DRT-0033] FR_MASTERSLICE shape region query size = 0.
[INFO DRT-0033] FR_VIA shape region query size = 0.
[INFO DRT-0033] li1 shape region query size = 2241046.
[INFO DRT-0033] mcon shape region query size = 1147723.
[INFO DRT-0033] met1 shape region query size = 398264.
[INFO DRT-0033] via shape region query size = 312050.
[INFO DRT-0033] met2 shape region query size = 187248.
[INFO DRT-0033] via2 shape region query size = 249640.
[INFO DRT-0033] met3 shape region query size = 187485.
[INFO DRT-0033] via3 shape region query size = 249640.
[INFO DRT-0033] met4 shape region query size = 74971.
[INFO DRT-0033] via4 shape region query size = 12403.
[INFO DRT-0033] met5 shape region query size = 12717.
[INFO DRT-0165] Start pin access.
[INFO DRT-0076]   Complete 1000 pins.
[INFO DRT-0076]   Complete 2000 pins.
[INFO DRT-0076]   Complete 3000 pins.
[INFO DRT-0078]   Complete 3701 pins.
[INFO DRT-0079]   Complete 100 unique inst patterns.
[INFO DRT-0079]   Complete 200 unique inst patterns.
[INFO DRT-0079]   Complete 300 unique inst patterns.
[INFO DRT-0079]   Complete 400 unique inst patterns.
[INFO DRT-0081]   Complete 441 unique inst patterns.
[INFO DRT-0082]   Complete 10000 groups.
[INFO DRT-0082]   Complete 20000 groups.
[INFO DRT-0082]   Complete 30000 groups.
[INFO DRT-0082]   Complete 40000 groups.
[INFO DRT-0082]   Complete 50000 groups.
[INFO DRT-0082]   Complete 60000 groups.
[INFO DRT-0084]   Complete 62809 groups.
#scanned instances     = 148924
#unique  instances     = 441
#stdCellGenAp          = 15708
#stdCellValidPlanarAp  = 130
#stdCellValidViaAp     = 10956
#stdCellPinNoAp        = 10
#stdCellPinCnt         = 294198
#instTermValidViaApCnt = 0
#macroGenAp            = 0
#macroValidPlanarAp    = 0
#macroValidViaAp       = 0
#macroNoAp             = 0
[INFO DRT-0166] Complete pin access.
[INFO DRT-0267] cpu time = 00:19:09, elapsed time = 00:01:17, memory = 1219.95 (MB), peak = 1268.15 (MB)
[INFO DRT-0156] guideIn read 100000 guides.
[INFO DRT-0156] guideIn read 200000 guides.
[INFO DRT-0156] guideIn read 300000 guides.
[INFO DRT-0156] guideIn read 400000 guides.
[INFO DRT-0156] guideIn read 500000 guides.
[INFO DRT-0156] guideIn read 600000 guides.

[INFO DRT-0157] Number of guides:     654006

[INFO DRT-0169] Post process guides.
[INFO DRT-0176] GCELLGRID X 0 DO 311 STEP 6900 ;
[INFO DRT-0177] GCELLGRID Y 0 DO 311 STEP 6900 ;
[INFO DRT-0026]   Complete 100000 origin guides.
[INFO DRT-0026]   Complete 200000 origin guides.
[INFO DRT-0026]   Complete 300000 origin guides.
[INFO DRT-0026]   Complete 400000 origin guides.
[INFO DRT-0026]   Complete 500000 origin guides.
[INFO DRT-0026]   Complete 600000 origin guides.
[INFO DRT-0028]   Complete FR_MASTERSLICE.
[INFO DRT-0028]   Complete Fr_VIA.
[INFO DRT-0028]   Complete li1.
[INFO DRT-0028]   Complete mcon.
[INFO DRT-0028]   Complete met1.
[INFO DRT-0028]   Complete via.
[INFO DRT-0028]   Complete met2.
[INFO DRT-0028]   Complete via2.
[INFO DRT-0028]   Complete met3.
[INFO DRT-0028]   Complete via3.
[INFO DRT-0028]   Complete met4.
[INFO DRT-0028]   Complete via4.
[INFO DRT-0028]   Complete met5.
[INFO DRT-0178] Init guide query.
[INFO DRT-0035]   Complete FR_MASTERSLICE (guide).
[INFO DRT-0035]   Complete Fr_VIA (guide).
[INFO DRT-0035]   Complete li1 (guide).
[INFO DRT-0035]   Complete mcon (guide).
[INFO DRT-0035]   Complete met1 (guide).
[INFO DRT-0035]   Complete via (guide).
[INFO DRT-0035]   Complete met2 (guide).
[INFO DRT-0035]   Complete via2 (guide).
[INFO DRT-0035]   Complete met3 (guide).
[INFO DRT-0035]   Complete via3 (guide).
[INFO DRT-0035]   Complete met4 (guide).
[INFO DRT-0035]   Complete via4 (guide).
[INFO DRT-0035]   Complete met5 (guide).
[INFO DRT-0036] FR_MASTERSLICE guide region query size = 0.
[INFO DRT-0036] FR_VIA guide region query size = 0.
[INFO DRT-0036] li1 guide region query size = 236213.
[INFO DRT-0036] mcon guide region query size = 0.
[INFO DRT-0036] met1 guide region query size = 199736.
[INFO DRT-0036] via guide region query size = 0.
[INFO DRT-0036] met2 guide region query size = 95904.
[INFO DRT-0036] via2 guide region query size = 0.
[INFO DRT-0036] met3 guide region query size = 6169.
[INFO DRT-0036] via3 guide region query size = 0.
[INFO DRT-0036] met4 guide region query size = 2514.
[INFO DRT-0036] via4 guide region query size = 0.
[INFO DRT-0036] met5 guide region query size = 196.
[INFO DRT-0179] Init gr pin query.
[INFO DRT-0267] cpu time = 00:00:02, elapsed time = 00:00:00, memory = 1465.67 (MB), peak = 1464.36 (MB)
[INFO DRT-0245] skipped writing guide updates to database.
[INFO DRT-0181] Start track assignment.
[INFO DRT-0184] Done with 334631 vertical wires in 7 frboxes and 206101 horizontal wires in 7 frboxes.
[INFO DRT-0186] Done with 39393 vertical wires in 7 frboxes and 66672 horizontal wires in 7 frboxes.
[INFO DRT-0182] Complete track assignment.
[INFO DRT-0267] cpu time = 00:00:31, elapsed time = 00:00:08, memory = 2459.86 (MB), peak = 2635.37 (MB)
[INFO DRT-0187] Start routing data preparation.
[INFO DRT-0267] cpu time = 00:00:00, elapsed time = 00:00:00, memory = 2459.86 (MB), peak = 2635.37 (MB)
[INFO DRT-0194] Start detail routing.
[INFO DRT-0195] Start 0th optimization iteration.
    Completing 10% with 0 violations.
    elapsed time = 00:00:09, memory = 3266.84 (MB).
    Completing 20% with 0 violations.
    elapsed time = 00:00:32, memory = 4342.88 (MB).
    Completing 30% with 14101 violations.
    elapsed time = 00:00:47, memory = 4727.84 (MB).
    Completing 40% with 14101 violations.
    elapsed time = 00:01:05, memory = 4831.43 (MB).
    Completing 50% with 14101 violations.
    elapsed time = 00:01:24, memory = 5142.53 (MB).
    Completing 60% with 28757 violations.
    elapsed time = 00:01:44, memory = 5164.61 (MB).
    Completing 70% with 28757 violations.
    elapsed time = 00:02:10, memory = 5142.84 (MB).
    Completing 80% with 43952 violations.
    elapsed time = 00:02:26, memory = 5315.38 (MB).
    Completing 90% with 43952 violations.
    elapsed time = 00:02:50, memory = 5504.42 (MB).
    Completing 100% with 59987 violations.
    elapsed time = 00:03:23, memory = 5349.45 (MB).
[INFO DRT-0199]   Number of violations = 65892.
Viol/Layer         li1   mcon   met1    via   met2   met3   met4   via4   met5
Cut Spacing          0     86      0      0      0      0      0      2      0
Metal Spacing        0      0   9054      0   1944     50     25      0      0
Min Hole             0      0     24      0      2      0      0      0      0
NS Metal             0      0      2      0      0      0      0      0      0
Recheck             63      0   3982      0   1726     40     90      0      4
Short                0     18  44159      6   4503     49     51      1     11
[INFO DRT-0267] cpu time = 00:47:16, elapsed time = 00:03:24, memory = 5310.56 (MB), peak = 5646.34 (MB)
Total wire length = 3700643 um.
Total wire length on LAYER li1 = 0 um.
Total wire length on LAYER met1 = 1729726 um.
Total wire length on LAYER met2 = 1495112 um.
Total wire length on LAYER met3 = 251155 um.
Total wire length on LAYER met4 = 222663 um.
Total wire length on LAYER met5 = 1985 um.
Total number of vias = 617567.
Up-via summary (total 617567):

-------------------------
 FR_MASTERSLICE         0
            li1    292615
           met1    308877
           met2     11435
           met3      4344
           met4       296
-------------------------
               617567


[INFO DRT-0195] Start 1st optimization iteration.
    Completing 10% with 65892 violations.
    elapsed time = 00:00:09, memory = 5947.73 (MB).
    Completing 20% with 65892 violations.
    elapsed time = 00:00:32, memory = 5835.08 (MB).
    Completing 30% with 60508 violations.
    elapsed time = 00:00:49, memory = 5702.79 (MB).
    Completing 40% with 60508 violations.
    elapsed time = 00:01:06, memory = 5843.43 (MB).
    Completing 50% with 60508 violations.
    elapsed time = 00:01:27, memory = 6015.82 (MB).
    Completing 60% with 55872 violations.
    elapsed time = 00:01:45, memory = 6072.09 (MB).
    Completing 70% with 55872 violations.
    elapsed time = 00:02:10, memory = 6107.40 (MB).
    Completing 80% with 50545 violations.
    elapsed time = 00:02:28, memory = 5901.50 (MB).
    Completing 90% with 50545 violations.
    elapsed time = 00:02:48, memory = 6059.04 (MB).
    Completing 100% with 45382 violations.
    elapsed time = 00:03:16, memory = 5680.91 (MB).
[INFO DRT-0199]   Number of violations = 45382.
Viol/Layer        mcon   met1    via   met2   met3   met4
Cut Spacing        110      0      1      0      0      0
Metal Spacing        0   6326      0   1043     21      0
Min Hole             0      2      0      0      0      0
Short                0  36050      0   1806     11     12
[INFO DRT-0267] cpu time = 00:46:01, elapsed time = 00:03:17, memory = 5690.55 (MB), peak = 6206.77 (MB)
Total wire length = 3676648 um.
Total wire length on LAYER li1 = 0 um.
Total wire length on LAYER met1 = 1714157 um.
Total wire length on LAYER met2 = 1485216 um.
Total wire length on LAYER met3 = 253570 um.
Total wire length on LAYER met4 = 221936 um.
Total wire length on LAYER met5 = 1768 um.
Total number of vias = 611794.
Up-via summary (total 611794):

-------------------------
 FR_MASTERSLICE         0
            li1    292552
           met1    303060
           met2     11665
           met3      4253
           met4       264
-------------------------
               611794


[INFO DRT-0195] Start 2nd optimization iteration.
    Completing 10% with 45382 violations.
    elapsed time = 00:00:10, memory = 6062.06 (MB).
    Completing 20% with 45382 violations.
    elapsed time = 00:00:34, memory = 5982.94 (MB).
    Completing 30% with 45643 violations.
    elapsed time = 00:00:51, memory = 5914.41 (MB).
    Completing 40% with 45643 violations.
    elapsed time = 00:01:09, memory = 6158.74 (MB).
    Completing 50% with 45643 violations.
    elapsed time = 00:01:33, memory = 5831.46 (MB).
    Completing 60% with 45605 violations.
    elapsed time = 00:01:47, memory = 6068.22 (MB).
    Completing 70% with 45605 violations.
    elapsed time = 00:02:09, memory = 6061.78 (MB).
    Completing 80% with 43901 violations.
    elapsed time = 00:02:24, memory = 5835.03 (MB).
    Completing 90% with 43901 violations.
    elapsed time = 00:02:43, memory = 6104.41 (MB).
    Completing 100% with 42461 violations.
    elapsed time = 00:03:09, memory = 5777.73 (MB).
[INFO DRT-0199]   Number of violations = 42461.
Viol/Layer        mcon   met1    via   met2   met3   met4
Cut Spacing        118      0      1      0      0      0
Metal Spacing        0   5845      0   1081     20      2
Min Hole             0      0      0      1      0      0
Short                0  33608      0   1762     16      7
[INFO DRT-0267] cpu time = 00:45:03, elapsed time = 00:03:10, memory = 5717.32 (MB), peak = 6221.47 (MB)
Total wire length = 3670250 um.
Total wire length on LAYER li1 = 0 um.
Total wire length on LAYER met1 = 1710867 um.
Total wire length on LAYER met2 = 1482025 um.
Total wire length on LAYER met3 = 253581 um.
Total wire length on LAYER met4 = 221963 um.
Total wire length on LAYER met5 = 1812 um.
Total number of vias = 608593.
Up-via summary (total 608593):

-------------------------
 FR_MASTERSLICE         0
            li1    292537
           met1    300137
           met2     11377
           met3      4270
           met4       272
-------------------------
               608593


[INFO DRT-0195] Start 3rd optimization iteration.
    Completing 10% with 42461 violations.
    elapsed time = 00:00:09, memory = 6092.82 (MB).
    Completing 20% with 42461 violations.
    elapsed time = 00:00:27, memory = 6063.95 (MB).
    Completing 30% with 33325 violations.
    elapsed time = 00:00:40, memory = 5879.73 (MB).
    Completing 40% with 33325 violations.
    elapsed time = 00:00:58, memory = 6005.56 (MB).
    Completing 50% with 33325 violations.
    elapsed time = 00:01:19, memory = 6121.16 (MB).
    Completing 60% with 24660 violations.
    elapsed time = 00:01:37, memory = 6138.77 (MB).
    Completing 70% with 24660 violations.
    elapsed time = 00:02:01, memory = 6187.11 (MB).
    Completing 80% with 15769 violations.
    elapsed time = 00:02:18, memory = 5959.03 (MB).
    Completing 90% with 15769 violations.
    elapsed time = 00:02:38, memory = 6202.55 (MB).
    Completing 100% with 5662 violations.
    elapsed time = 00:03:07, memory = 5990.68 (MB).
[INFO DRT-0199]   Number of violations = 5666.
Viol/Layer        mcon   met1    via   met2   met3
Cut Spacing         12      0      6      0      0
Metal Spacing        0   1762      0    315      2
Min Hole             0      3      0      2      0
Recheck              0      4      0      0      0
Short                0   3311      1    246      2
[INFO DRT-0267] cpu time = 00:43:06, elapsed time = 00:03:08, memory = 5935.18 (MB), peak = 6285.05 (MB)
Total wire length = 3666241 um.
Total wire length on LAYER li1 = 0 um.
Total wire length on LAYER met1 = 1599692 um.
Total wire length on LAYER met2 = 1482121 um.
Total wire length on LAYER met3 = 356553 um.
Total wire length on LAYER met4 = 226157 um.
Total wire length on LAYER met5 = 1717 um.
Total number of vias = 630078.
Up-via summary (total 630078):

-------------------------
 FR_MASTERSLICE         0
            li1    292472
           met1    307401
           met2     25281
           met3      4676
           met4       248
-------------------------
               630078


[INFO DRT-0195] Start 4th optimization iteration.
    Completing 10% with 5666 violations.
    elapsed time = 00:00:00, memory = 6088.64 (MB).
    Completing 20% with 5666 violations.
    elapsed time = 00:00:04, memory = 6149.64 (MB).
    Completing 30% with 4404 violations.
    elapsed time = 00:00:10, memory = 5881.81 (MB).
    Completing 40% with 4404 violations.
    elapsed time = 00:00:12, memory = 6097.10 (MB).
    Completing 50% with 4404 violations.
    elapsed time = 00:00:14, memory = 6188.16 (MB).
    Completing 60% with 3156 violations.
    elapsed time = 00:00:31, memory = 6135.59 (MB).
    Completing 70% with 3156 violations.
    elapsed time = 00:00:35, memory = 6099.80 (MB).
    Completing 80% with 1940 violations.
    elapsed time = 00:00:39, memory = 5936.66 (MB).
    Completing 90% with 1940 violations.
    elapsed time = 00:00:41, memory = 6096.64 (MB).
    Completing 100% with 441 violations.
    elapsed time = 00:00:47, memory = 5910.52 (MB).
[INFO DRT-0199]   Number of violations = 441.
Viol/Layer        mcon   met1    via   met2
Cut Spacing          1      0      1      0
Metal Spacing        0    165      0     19
Short                0    242      0     13
[INFO DRT-0267] cpu time = 00:06:42, elapsed time = 00:00:48, memory = 5910.52 (MB), peak = 6285.05 (MB)
Total wire length = 3665730 um.
Total wire length on LAYER li1 = 0 um.
Total wire length on LAYER met1 = 1595278 um.
Total wire length on LAYER met2 = 1481549 um.
Total wire length on LAYER met3 = 360635 um.
Total wire length on LAYER met4 = 226549 um.
Total wire length on LAYER met5 = 1717 um.
Total number of vias = 630466.
Up-via summary (total 630466):

-------------------------
 FR_MASTERSLICE         0
            li1    292478
           met1    307345
           met2     25696
           met3      4699
           met4       248
-------------------------
               630466


[INFO DRT-0195] Start 5th optimization iteration.
    Completing 10% with 441 violations.
    elapsed time = 00:00:00, memory = 5910.52 (MB).
    Completing 20% with 441 violations.
    elapsed time = 00:00:00, memory = 5910.52 (MB).
    Completing 30% with 314 violations.
    elapsed time = 00:00:02, memory = 5910.52 (MB).
    Completing 40% with 314 violations.
    elapsed time = 00:00:02, memory = 5910.52 (MB).
    Completing 50% with 314 violations.
    elapsed time = 00:00:02, memory = 5913.98 (MB).
    Completing 60% with 255 violations.
    elapsed time = 00:00:10, memory = 5910.52 (MB).
    Completing 70% with 255 violations.
    elapsed time = 00:00:10, memory = 5910.52 (MB).
    Completing 80% with 87 violations.
    elapsed time = 00:00:12, memory = 5910.52 (MB).
    Completing 90% with 87 violations.
    elapsed time = 00:00:12, memory = 5910.52 (MB).
    Completing 100% with 20 violations.
    elapsed time = 00:00:15, memory = 5910.52 (MB).
[INFO DRT-0199]   Number of violations = 20.
Viol/Layer        met1
Metal Spacing        8
Short               12
[INFO DRT-0267] cpu time = 00:00:50, elapsed time = 00:00:15, memory = 5910.71 (MB), peak = 6285.05 (MB)
Total wire length = 3665699 um.
Total wire length on LAYER li1 = 0 um.
Total wire length on LAYER met1 = 1594890 um.
Total wire length on LAYER met2 = 1481508 um.
Total wire length on LAYER met3 = 360990 um.
Total wire length on LAYER met4 = 226593 um.
Total wire length on LAYER met5 = 1717 um.
Total number of vias = 630530.
Up-via summary (total 630530):

-------------------------
 FR_MASTERSLICE         0
            li1    292483
           met1    307355
           met2     25741
           met3      4703
           met4       248
-------------------------
               630530


[INFO DRT-0195] Start 6th guides tiles iteration.
    Completing 10% with 20 violations.
    elapsed time = 00:00:00, memory = 5910.71 (MB).
    Completing 20% with 20 violations.
    elapsed time = 00:00:00, memory = 5910.71 (MB).
    Completing 30% with 20 violations.
    elapsed time = 00:00:00, memory = 5910.71 (MB).
    Completing 40% with 20 violations.
    elapsed time = 00:00:00, memory = 5910.71 (MB).
    Completing 50% with 20 violations.
    elapsed time = 00:00:00, memory = 5910.71 (MB).
    Completing 60% with 20 violations.
    elapsed time = 00:00:00, memory = 5910.71 (MB).
    Completing 70% with 12 violations.
    elapsed time = 00:00:00, memory = 5910.71 (MB).
    Completing 80% with 12 violations.
    elapsed time = 00:00:00, memory = 5910.71 (MB).
    Completing 90% with 12 violations.
    elapsed time = 00:00:00, memory = 5910.71 (MB).
    Completing 100% with 2 violations.
    elapsed time = 00:00:00, memory = 5910.71 (MB).
[INFO DRT-0199]   Number of violations = 2.
Viol/Layer        met1
Metal Spacing        1
Short                1
[INFO DRT-0267] cpu time = 00:00:02, elapsed time = 00:00:00, memory = 5910.71 (MB), peak = 6285.05 (MB)
Total wire length = 3665720 um.
Total wire length on LAYER li1 = 0 um.
Total wire length on LAYER met1 = 1594910 um.
Total wire length on LAYER met2 = 1481519 um.
Total wire length on LAYER met3 = 360979 um.
Total wire length on LAYER met4 = 226593 um.
Total wire length on LAYER met5 = 1717 um.
Total number of vias = 630541.
Up-via summary (total 630541):

-------------------------
 FR_MASTERSLICE         0
            li1    292483
           met1    307370
           met2     25737
           met3      4703
           met4       248
-------------------------
               630541


[INFO DRT-0195] Start 7th guides tiles iteration.
    Completing 30% with 2 violations.
    elapsed time = 00:00:00, memory = 5910.71 (MB).
    Completing 60% with 2 violations.
    elapsed time = 00:00:00, memory = 5910.71 (MB).
    Completing 100% with 2 violations.
    elapsed time = 00:00:00, memory = 5910.71 (MB).
[INFO DRT-0199]   Number of violations = 2.
Viol/Layer        met1
Metal Spacing        1
Short                1
[INFO DRT-0267] cpu time = 00:00:00, elapsed time = 00:00:00, memory = 5910.71 (MB), peak = 6285.05 (MB)
Total wire length = 3665720 um.
Total wire length on LAYER li1 = 0 um.
Total wire length on LAYER met1 = 1594910 um.
Total wire length on LAYER met2 = 1481519 um.
Total wire length on LAYER met3 = 360979 um.
Total wire length on LAYER met4 = 226593 um.
Total wire length on LAYER met5 = 1717 um.
Total number of vias = 630541.
Up-via summary (total 630541):

-------------------------
 FR_MASTERSLICE         0
            li1    292483
           met1    307370
           met2     25737
           met3      4703
           met4       248
-------------------------
               630541


[INFO DRT-0195] Start 8th stubborn tiles iteration.
    Completing 10% with 2 violations.
    elapsed time = 00:00:01, memory = 6121.61 (MB).
    Completing 20% with 2 violations.
    elapsed time = 00:00:02, memory = 6046.12 (MB).
    Completing 30% with 2 violations.
    elapsed time = 00:00:04, memory = 6114.58 (MB).
    Completing 40% with 2 violations.
    elapsed time = 00:00:05, memory = 6134.61 (MB).
    Completing 50% with 2 violations.
    elapsed time = 00:00:06, memory = 6176.74 (MB).
    Completing 60% with 2 violations.
    elapsed time = 00:00:08, memory = 6229.84 (MB).
    Completing 70% with 2 violations.
    elapsed time = 00:00:08, memory = 6217.70 (MB).
    Completing 80% with 2 violations.
    elapsed time = 00:00:09, memory = 6216.39 (MB).
    Completing 90% with 2 violations.
    elapsed time = 00:00:10, memory = 6097.93 (MB).
    Completing 100% with 0 violations.
    elapsed time = 00:00:14, memory = 5913.51 (MB).
[INFO DRT-0199]   Number of violations = 0.
[INFO DRT-0267] cpu time = 00:03:02, elapsed time = 00:00:14, memory = 5913.51 (MB), peak = 6296.16 (MB)
Total wire length = 3665711 um.
Total wire length on LAYER li1 = 0 um.
Total wire length on LAYER met1 = 1594909 um.
Total wire length on LAYER met2 = 1481514 um.
Total wire length on LAYER met3 = 360976 um.
Total wire length on LAYER met4 = 226593 um.
Total wire length on LAYER met5 = 1717 um.
Total number of vias = 630539.
Up-via summary (total 630539):

-------------------------
 FR_MASTERSLICE         0
            li1    292483
           met1    307370
           met2     25735
           met3      4703
           met4       248
-------------------------
               630539


[INFO DRT-0198] Complete detail routing.
Total wire length = 3665711 um.
Total wire length on LAYER li1 = 0 um.
Total wire length on LAYER met1 = 1594909 um.
Total wire length on LAYER met2 = 1481514 um.
Total wire length on LAYER met3 = 360976 um.
Total wire length on LAYER met4 = 226593 um.
Total wire length on LAYER met5 = 1717 um.
Total number of vias = 630539.
Up-via summary (total 630539):

-------------------------
 FR_MASTERSLICE         0
            li1    292483
           met1    307370
           met2     25735
           met3      4703
           met4       248
-------------------------
               630539


[INFO DRT-0267] cpu time = 03:12:08, elapsed time = 00:14:21, memory = 5913.57 (MB), peak = 6296.16 (MB)

[INFO DRT-0180] Post processing.
[INFO DRT-0501] Runtime: 950.44s
Took 950 seconds: detailed_route -output_drc ./reports/sky130hd/d_dsp03_cand_chat_v2/base/5_route_drc.rpt -output_maze ./results/sky130hd/d_dsp03_cand_chat_v2/base/maze.log -droute_end_iter 64 -verbose 1 -drc_report_iter_step 5
[INFO GRT-0012] Found 152 antenna violations.
[WARNING GRT-0243] Unable to repair antennas on net with diodes.
[INFO DPL-0006] Core area: 4611196.25 um^2
[INFO DPL-0007] Movable instances area: 22.52 um^2
[INFO DPL-0008] Fixed instances area within core: 707402.20 um^2
[INFO DPL-0009] Utilization: 15.3%
[INFO DPL-0005] Diamond search max displacement: +/- 500 sites horizontally, +/- 100 rows vertically.
[INFO DPL-1102] Legalizing using negotiation legalizer.
[INFO DPL-1103] Negotiation base search window: +/-20 sites horizontally, +/-5 rows vertically 
	Automatic search window extension enabled.
	Search window extendable up to the max displacement cap of +/-500 sites, +/-100 rows near walls.
[INFO DPL-1104] NegotiationLegalizer DRC penalty: 5.
[INFO DPL-0392] Negotiation cell height distribution (1 unique row-count(s)):
[INFO DPL-0393]   height 1 row(s): 149252 cells
          |      Total |  Illegal |  Illegal
Iteration | Violations |    Cells |    Sites
---------------------------------------------
        0 |          0 |         0 |         0
Negotiation phase 1 converged at iteration 0.
[INFO DPL-0500] Runtime: 0.41s
[INFO GRT-0015] Inserted 328 diodes.
[INFO DRT-0018]   Complete 100000 insts.
[INFO DRT-0024]   Complete FR_MASTERSLICE.
[INFO DRT-0024]   Complete Fr_VIA.
[INFO DRT-0024]   Complete li1.
[INFO DRT-0024]   Complete mcon.
[INFO DRT-0024]   Complete met1.
[INFO DRT-0024]   Complete via.
[INFO DRT-0024]   Complete met2.
[INFO DRT-0024]   Complete via2.
[INFO DRT-0024]   Complete met3.
[INFO DRT-0024]   Complete via3.
[INFO DRT-0024]   Complete met4.
[INFO DRT-0024]   Complete via4.
[INFO DRT-0024]   Complete met5.
[INFO DRT-0165] Start pin access.
[INFO DRT-0076]   Complete 1000 pins.
[INFO DRT-0076]   Complete 2000 pins.
[INFO DRT-0076]   Complete 3000 pins.
[INFO DRT-0078]   Complete 3701 pins.
[INFO DRT-0079]   Complete 100 unique inst patterns.
[INFO DRT-0079]   Complete 200 unique inst patterns.
[INFO DRT-0079]   Complete 300 unique inst patterns.
[INFO DRT-0079]   Complete 400 unique inst patterns.
[INFO DRT-0081]   Complete 441 unique inst patterns.
[INFO DRT-0082]   Complete 10000 groups.
[INFO DRT-0082]   Complete 20000 groups.
[INFO DRT-0082]   Complete 30000 groups.
[INFO DRT-0082]   Complete 40000 groups.
[INFO DRT-0082]   Complete 50000 groups.
[INFO DRT-0082]   Complete 60000 groups.
[INFO DRT-0084]   Complete 62834 groups.
#scanned instances     = 149252
#unique  instances     = 441
#stdCellGenAp          = 15708
#stdCellValidPlanarAp  = 130
#stdCellValidViaAp     = 10956
#stdCellPinNoAp        = 10
#stdCellPinCnt         = 294198
#instTermValidViaApCnt = 0
#macroGenAp            = 0
#macroValidPlanarAp    = 0
#macroValidViaAp       = 0
#macroNoAp             = 0
[INFO DRT-0166] Complete pin access.
[INFO DRT-0267] cpu time = 00:20:18, elapsed time = 00:01:21, memory = 4460.49 (MB), peak = 6296.16 (MB)
[INFO DRT-0156] guideIn read 100000 guides.
[INFO DRT-0156] guideIn read 200000 guides.
[INFO DRT-0156] guideIn read 300000 guides.
[INFO DRT-0156] guideIn read 400000 guides.
[INFO DRT-0156] guideIn read 500000 guides.
[INFO DRT-0156] guideIn read 600000 guides.

[INFO DRT-0157] Number of guides:     653297

[INFO DRT-0169] Post process guides.
[INFO DRT-0176] GCELLGRID X 0 DO 311 STEP 6900 ;
[INFO DRT-0177] GCELLGRID Y 0 DO 311 STEP 6900 ;
[INFO DRT-0026]   Complete 100000 origin guides.
[INFO DRT-0026]   Complete 200000 origin guides.
[INFO DRT-0026]   Complete 300000 origin guides.
[INFO DRT-0026]   Complete 400000 origin guides.
[INFO DRT-0026]   Complete 500000 origin guides.
[INFO DRT-0026]   Complete 600000 origin guides.
[INFO DRT-0028]   Complete FR_MASTERSLICE.
[INFO DRT-0028]   Complete Fr_VIA.
[INFO DRT-0028]   Complete li1.
[INFO DRT-0028]   Complete mcon.
[INFO DRT-0028]   Complete met1.
[INFO DRT-0028]   Complete via.
[INFO DRT-0028]   Complete met2.
[INFO DRT-0028]   Complete via2.
[INFO DRT-0028]   Complete met3.
[INFO DRT-0028]   Complete via3.
[INFO DRT-0028]   Complete met4.
[INFO DRT-0028]   Complete via4.
[INFO DRT-0028]   Complete met5.
[INFO DRT-0178] Init guide query.
[INFO DRT-0035]   Complete FR_MASTERSLICE (guide).
[INFO DRT-0035]   Complete Fr_VIA (guide).
[INFO DRT-0035]   Complete li1 (guide).
[INFO DRT-0035]   Complete mcon (guide).
[INFO DRT-0035]   Complete met1 (guide).
[INFO DRT-0035]   Complete via (guide).
[INFO DRT-0035]   Complete met2 (guide).
[INFO DRT-0035]   Complete via2 (guide).
[INFO DRT-0035]   Complete met3 (guide).
[INFO DRT-0035]   Complete via3 (guide).
[INFO DRT-0035]   Complete met4 (guide).
[INFO DRT-0035]   Complete via4 (guide).
[INFO DRT-0035]   Complete met5 (guide).
[INFO DRT-0036] FR_MASTERSLICE guide region query size = 0.
[INFO DRT-0036] FR_VIA guide region query size = 0.
[INFO DRT-0036] li1 guide region query size = 236289.
[INFO DRT-0036] mcon guide region query size = 0.
[INFO DRT-0036] met1 guide region query size = 199757.
[INFO DRT-0036] via guide region query size = 0.
[INFO DRT-0036] met2 guide region query size = 95817.
[INFO DRT-0036] via2 guide region query size = 0.
[INFO DRT-0036] met3 guide region query size = 5945.
[INFO DRT-0036] via3 guide region query size = 0.
[INFO DRT-0036] met4 guide region query size = 2295.
[INFO DRT-0036] via4 guide region query size = 0.
[INFO DRT-0036] met5 guide region query size = 124.
[INFO DRT-0179] Init gr pin query.
[INFO DRT-0267] cpu time = 00:00:02, elapsed time = 00:00:00, memory = 4470.25 (MB), peak = 6296.16 (MB)
[INFO DRT-0245] skipped writing guide updates to database.
[INFO DRT-0181] Start track assignment.
[INFO DRT-0184] Done with 334401 vertical wires in 7 frboxes and 205826 horizontal wires in 7 frboxes.
[INFO DRT-0186] Done with 39324 vertical wires in 7 frboxes and 66869 horizontal wires in 7 frboxes.
[INFO DRT-0182] Complete track assignment.
[INFO DRT-0267] cpu time = 00:00:29, elapsed time = 00:00:08, memory = 4642.23 (MB), peak = 6296.16 (MB)
[INFO DRT-0187] Start routing data preparation.
[INFO DRT-0267] cpu time = 00:00:00, elapsed time = 00:00:00, memory = 4665.16 (MB), peak = 6296.16 (MB)
[INFO DRT-0194] Start detail routing.
[INFO DRT-0195] Start 0th optimization iteration.
    Completing 10% with 0 violations.
    elapsed time = 00:00:02, memory = 5113.88 (MB).
    Completing 20% with 0 violations.
    elapsed time = 00:00:06, memory = 5470.69 (MB).
    Completing 30% with 1878 violations.
    elapsed time = 00:00:11, memory = 5880.02 (MB).
    Completing 40% with 1878 violations.
    elapsed time = 00:00:14, memory = 5982.96 (MB).
    Completing 50% with 1878 violations.
    elapsed time = 00:00:18, memory = 6210.75 (MB).
    Completing 60% with 3589 violations.
    elapsed time = 00:00:22, memory = 6249.32 (MB).
    Completing 70% with 3589 violations.
    elapsed time = 00:00:26, memory = 6391.63 (MB).
    Completing 80% with 5068 violations.
    elapsed time = 00:00:33, memory = 6223.04 (MB).
    Completing 90% with 5068 violations.
    elapsed time = 00:00:36, memory = 6422.99 (MB).
    Completing 100% with 6557 violations.
    elapsed time = 00:00:42, memory = 6239.58 (MB).
[INFO DRT-0199]   Number of violations = 7424.
Viol/Layer         li1   mcon   met1   met2   met3   met4
Cut Spacing          0      1      0      0      0      0
Metal Spacing        0      0    433    238     27      0
Min Hole             0      0      4      0      0      0
Recheck              2      0    477    320     60      8
Short                0      0   4040   1663    124     27
[INFO DRT-0267] cpu time = 00:08:20, elapsed time = 00:00:42, memory = 6239.58 (MB), peak = 6577.54 (MB)
Total wire length = 3667996 um.
Total wire length on LAYER li1 = 0 um.
Total wire length on LAYER met1 = 1603723 um.
Total wire length on LAYER met2 = 1486150 um.
Total wire length on LAYER met3 = 354225 um.
Total wire length on LAYER met4 = 222463 um.
Total wire length on LAYER met5 = 1433 um.
Total number of vias = 630306.
Up-via summary (total 630306):

-------------------------
 FR_MASTERSLICE         0
            li1    292903
           met1    307707
           met2     24957
           met3      4515
           met4       224
-------------------------
               630306


[INFO DRT-0195] Start 1st optimization iteration.
    Completing 10% with 7424 violations.
    elapsed time = 00:00:01, memory = 6602.27 (MB).
    Completing 20% with 7424 violations.
    elapsed time = 00:00:05, memory = 6417.37 (MB).
    Completing 30% with 6424 violations.
    elapsed time = 00:00:08, memory = 6326.58 (MB).
    Completing 40% with 6424 violations.
    elapsed time = 00:00:11, memory = 6403.95 (MB).
    Completing 50% with 6424 violations.
    elapsed time = 00:00:14, memory = 6524.12 (MB).
    Completing 60% with 5324 violations.
    elapsed time = 00:00:18, memory = 6583.61 (MB).
    Completing 70% with 5324 violations.
    elapsed time = 00:00:21, memory = 6668.91 (MB).
    Completing 80% with 4183 violations.
    elapsed time = 00:00:25, memory = 6416.01 (MB).
    Completing 90% with 4183 violations.
    elapsed time = 00:00:28, memory = 6495.54 (MB).
    Completing 100% with 3079 violations.
    elapsed time = 00:00:33, memory = 6441.11 (MB).
[INFO DRT-0199]   Number of violations = 3079.
Viol/Layer        mcon   met1   met2   met3   met4
Cut Spacing          2      0      0      0      0
Metal Spacing        0    223     96     11      0
Short                0   2244    463     29     11
[INFO DRT-0267] cpu time = 00:07:13, elapsed time = 00:00:33, memory = 6399.77 (MB), peak = 6841.74 (MB)
Total wire length = 3666567 um.
Total wire length on LAYER li1 = 0 um.
Total wire length on LAYER met1 = 1602702 um.
Total wire length on LAYER met2 = 1485395 um.
Total wire length on LAYER met3 = 354504 um.
Total wire length on LAYER met4 = 222532 um.
Total wire length on LAYER met5 = 1433 um.
Total number of vias = 630074.
Up-via summary (total 630074):

-------------------------
 FR_MASTERSLICE         0
            li1    292898
           met1    307406
           met2     25022
           met3      4524
           met4       224
-------------------------
               630074


[INFO DRT-0195] Start 2nd optimization iteration.
    Completing 10% with 3079 violations.
    elapsed time = 00:00:00, memory = 6615.69 (MB).
    Completing 20% with 3079 violations.
    elapsed time = 00:00:02, memory = 6597.10 (MB).
    Completing 30% with 2978 violations.
    elapsed time = 00:00:04, memory = 6426.95 (MB).
    Completing 40% with 2978 violations.
    elapsed time = 00:00:06, memory = 6602.03 (MB).
    Completing 50% with 2978 violations.
    elapsed time = 00:00:09, memory = 6399.86 (MB).
    Completing 60% with 2923 violations.
    elapsed time = 00:00:10, memory = 6630.94 (MB).
    Completing 70% with 2923 violations.
    elapsed time = 00:00:12, memory = 6510.59 (MB).
    Completing 80% with 2719 violations.
    elapsed time = 00:00:14, memory = 6400.28 (MB).
    Completing 90% with 2719 violations.
    elapsed time = 00:00:16, memory = 6543.49 (MB).
    Completing 100% with 2599 violations.
    elapsed time = 00:00:19, memory = 6400.28 (MB).
[INFO DRT-0199]   Number of violations = 2599.
Viol/Layer        met1   met2   met3   met4
Metal Spacing      213     91      4      0
Short             1859    382     38     12
[INFO DRT-0267] cpu time = 00:03:48, elapsed time = 00:00:19, memory = 6337.14 (MB), peak = 6841.74 (MB)
Total wire length = 3666383 um.
Total wire length on LAYER li1 = 0 um.
Total wire length on LAYER met1 = 1602625 um.
Total wire length on LAYER met2 = 1485365 um.
Total wire length on LAYER met3 = 354377 um.
Total wire length on LAYER met4 = 222587 um.
Total wire length on LAYER met5 = 1427 um.
Total number of vias = 630000.
Up-via summary (total 630000):

-------------------------
 FR_MASTERSLICE         0
            li1    292901
           met1    307373
           met2     24977
           met3      4525
           met4       224
-------------------------
               630000


[INFO DRT-0195] Start 3rd optimization iteration.
    Completing 10% with 2599 violations.
    elapsed time = 00:00:00, memory = 6481.98 (MB).
    Completing 20% with 2599 violations.
    elapsed time = 00:00:02, memory = 6414.81 (MB).
    Completing 30% with 1976 violations.
    elapsed time = 00:00:08, memory = 6337.14 (MB).
    Completing 40% with 1976 violations.
    elapsed time = 00:00:09, memory = 6488.27 (MB).
    Completing 50% with 1976 violations.
    elapsed time = 00:00:11, memory = 6531.16 (MB).
    Completing 60% with 1328 violations.
    elapsed time = 00:00:16, memory = 6417.27 (MB).
    Completing 70% with 1328 violations.
    elapsed time = 00:00:18, memory = 6451.89 (MB).
    Completing 80% with 957 violations.
    elapsed time = 00:00:30, memory = 6337.31 (MB).
    Completing 90% with 957 violations.
    elapsed time = 00:00:32, memory = 6522.53 (MB).
    Completing 100% with 268 violations.
    elapsed time = 00:00:38, memory = 6337.31 (MB).
[INFO DRT-0199]   Number of violations = 268.
Viol/Layer        mcon   met1    via   met2   met3   met4
Cut Spacing          2      0      2      0      0      0
Metal Spacing        0     60      0     29      0      0
Short                0    126      0     42      3      4
[INFO DRT-0267] cpu time = 00:05:10, elapsed time = 00:00:38, memory = 6294.44 (MB), peak = 6841.74 (MB)
Total wire length = 3666219 um.
Total wire length on LAYER li1 = 0 um.
Total wire length on LAYER met1 = 1594264 um.
Total wire length on LAYER met2 = 1484552 um.
Total wire length on LAYER met3 = 362096 um.
Total wire length on LAYER met4 = 223839 um.
Total wire length on LAYER met5 = 1465 um.
Total number of vias = 631663.
Up-via summary (total 631663):

-------------------------
 FR_MASTERSLICE         0
            li1    292888
           met1    307951
           met2     25969
           met3      4631
           met4       224
-------------------------
               631663


[INFO DRT-0195] Start 4th optimization iteration.
    Completing 10% with 268 violations.
    elapsed time = 00:00:00, memory = 6294.44 (MB).
    Completing 20% with 268 violations.
    elapsed time = 00:00:00, memory = 6294.44 (MB).
    Completing 30% with 215 violations.
    elapsed time = 00:00:00, memory = 6294.44 (MB).
    Completing 40% with 215 violations.
    elapsed time = 00:00:00, memory = 6294.44 (MB).
    Completing 50% with 215 violations.
    elapsed time = 00:00:00, memory = 6294.44 (MB).
    Completing 60% with 98 violations.
    elapsed time = 00:00:03, memory = 6294.44 (MB).
    Completing 70% with 98 violations.
    elapsed time = 00:00:03, memory = 6294.44 (MB).
    Completing 80% with 15 violations.
    elapsed time = 00:00:04, memory = 6294.44 (MB).
    Completing 90% with 15 violations.
    elapsed time = 00:00:04, memory = 6294.44 (MB).
    Completing 100% with 0 violations.
    elapsed time = 00:00:04, memory = 6294.44 (MB).
[INFO DRT-0199]   Number of violations = 0.
[INFO DRT-0267] cpu time = 00:00:20, elapsed time = 00:00:05, memory = 6294.44 (MB), peak = 6841.74 (MB)
Total wire length = 3666125 um.
Total wire length on LAYER li1 = 0 um.
Total wire length on LAYER met1 = 1593960 um.
Total wire length on LAYER met2 = 1484552 um.
Total wire length on LAYER met3 = 362311 um.
Total wire length on LAYER met4 = 223835 um.
Total wire length on LAYER met5 = 1465 um.
Total number of vias = 631643.
Up-via summary (total 631643):

-------------------------
 FR_MASTERSLICE         0
            li1    292887
           met1    307938
           met2     25968
           met3      4626
           met4       224
-------------------------
               631643


[INFO DRT-0198] Complete detail routing.
Total wire length = 3666125 um.
Total wire length on LAYER li1 = 0 um.
Total wire length on LAYER met1 = 1593960 um.
Total wire length on LAYER met2 = 1484552 um.
Total wire length on LAYER met3 = 362311 um.
Total wire length on LAYER met4 = 223835 um.
Total wire length on LAYER met5 = 1465 um.
Total number of vias = 631643.
Up-via summary (total 631643):

-------------------------
 FR_MASTERSLICE         0
            li1    292887
           met1    307938
           met2     25968
           met3      4626
           met4       224
-------------------------
               631643


[INFO DRT-0267] cpu time = 00:24:53, elapsed time = 00:02:20, memory = 6294.44 (MB), peak = 6841.74 (MB)

[INFO DRT-0180] Post processing.
[INFO DRT-0501] Runtime: 233.79s
[INFO ANT-0002] Found 35 net violations.
[INFO ANT-0001] Found 35 pin violations.
[INFO GRT-0012] Found 35 antenna violations.
[INFO DPL-0006] Core area: 4611196.25 um^2
[INFO DPL-0007] Movable instances area: 75.07 um^2
[INFO DPL-0008] Fixed instances area within core: 707805.09 um^2
[INFO DPL-0009] Utilization: 15.4%
[INFO DPL-0005] Diamond search max displacement: +/- 500 sites horizontally, +/- 100 rows vertically.
[INFO DPL-1102] Legalizing using negotiation legalizer.
[INFO DPL-1103] Negotiation base search window: +/-20 sites horizontally, +/-5 rows vertically 
	Automatic search window extension enabled.
	Search window extendable up to the max displacement cap of +/-500 sites, +/-100 rows near walls.
[INFO DPL-1104] NegotiationLegalizer DRC penalty: 5.
[INFO DPL-0392] Negotiation cell height distribution (1 unique row-count(s)):
[INFO DPL-0393]   height 1 row(s): 149434 cells
          |      Total |  Illegal |  Illegal
Iteration | Violations |    Cells |    Sites
---------------------------------------------
        0 |          0 |         0 |         0
Negotiation phase 1 converged at iteration 0.
[INFO DPL-0500] Runtime: 0.51s
[INFO GRT-0015] Inserted 182 diodes.
[INFO DRT-0018]   Complete 100000 insts.
[INFO DRT-0024]   Complete FR_MASTERSLICE.
[INFO DRT-0024]   Complete Fr_VIA.
[INFO DRT-0024]   Complete li1.
[INFO DRT-0024]   Complete mcon.
[INFO DRT-0024]   Complete met1.
[INFO DRT-0024]   Complete via.
[INFO DRT-0024]   Complete met2.
[INFO DRT-0024]   Complete via2.
[INFO DRT-0024]   Complete met3.
[INFO DRT-0024]   Complete via3.
[INFO DRT-0024]   Complete met4.
[INFO DRT-0024]   Complete via4.
[INFO DRT-0024]   Complete met5.
[INFO DRT-0165] Start pin access.
[INFO DRT-0076]   Complete 1000 pins.
[INFO DRT-0076]   Complete 2000 pins.
[INFO DRT-0076]   Complete 3000 pins.
[INFO DRT-0078]   Complete 3701 pins.
[INFO DRT-0079]   Complete 100 unique inst patterns.
[INFO DRT-0079]   Complete 200 unique inst patterns.
[INFO DRT-0079]   Complete 300 unique inst patterns.
[INFO DRT-0079]   Complete 400 unique inst patterns.
[INFO DRT-0081]   Complete 441 unique inst patterns.
[INFO DRT-0082]   Complete 10000 groups.
[INFO DRT-0082]   Complete 20000 groups.
[INFO DRT-0082]   Complete 30000 groups.
[INFO DRT-0082]   Complete 40000 groups.
[INFO DRT-0082]   Complete 50000 groups.
[INFO DRT-0082]   Complete 60000 groups.
[INFO DRT-0084]   Complete 62850 groups.
#scanned instances     = 149434
#unique  instances     = 441
#stdCellGenAp          = 15708
#stdCellValidPlanarAp  = 130
#stdCellValidViaAp     = 10956
#stdCellPinNoAp        = 10
#stdCellPinCnt         = 294198
#instTermValidViaApCnt = 0
#macroGenAp            = 0
#macroValidPlanarAp    = 0
#macroValidViaAp       = 0
#macroNoAp             = 0
[INFO DRT-0166] Complete pin access.
[INFO DRT-0267] cpu time = 00:21:09, elapsed time = 00:01:25, memory = 6294.50 (MB), peak = 6841.74 (MB)
[INFO DRT-0156] guideIn read 100000 guides.
[INFO DRT-0156] guideIn read 200000 guides.
[INFO DRT-0156] guideIn read 300000 guides.
[INFO DRT-0156] guideIn read 400000 guides.
[INFO DRT-0156] guideIn read 500000 guides.
[INFO DRT-0156] guideIn read 600000 guides.

[INFO DRT-0157] Number of guides:     653342

[INFO DRT-0169] Post process guides.
[INFO DRT-0176] GCELLGRID X 0 DO 311 STEP 6900 ;
[INFO DRT-0177] GCELLGRID Y 0 DO 311 STEP 6900 ;
[INFO DRT-0026]   Complete 100000 origin guides.
[INFO DRT-0026]   Complete 200000 origin guides.
[INFO DRT-0026]   Complete 300000 origin guides.
[INFO DRT-0026]   Complete 400000 origin guides.
[INFO DRT-0026]   Complete 500000 origin guides.
[INFO DRT-0026]   Complete 600000 origin guides.
[INFO DRT-0028]   Complete FR_MASTERSLICE.
[INFO DRT-0028]   Complete Fr_VIA.
[INFO DRT-0028]   Complete li1.
[INFO DRT-0028]   Complete mcon.
[INFO DRT-0028]   Complete met1.
[INFO DRT-0028]   Complete via.
[INFO DRT-0028]   Complete met2.
[INFO DRT-0028]   Complete via2.
[INFO DRT-0028]   Complete met3.
[INFO DRT-0028]   Complete via3.
[INFO DRT-0028]   Complete met4.
[INFO DRT-0028]   Complete via4.
[INFO DRT-0028]   Complete met5.
[INFO DRT-0178] Init guide query.
[INFO DRT-0035]   Complete FR_MASTERSLICE (guide).
[INFO DRT-0035]   Complete Fr_VIA (guide).
[INFO DRT-0035]   Complete li1 (guide).
[INFO DRT-0035]   Complete mcon (guide).
[INFO DRT-0035]   Complete met1 (guide).
[INFO DRT-0035]   Complete via (guide).
[INFO DRT-0035]   Complete met2 (guide).
[INFO DRT-0035]   Complete via2 (guide).
[INFO DRT-0035]   Complete met3 (guide).
[INFO DRT-0035]   Complete via3 (guide).
[INFO DRT-0035]   Complete met4 (guide).
[INFO DRT-0035]   Complete via4 (guide).
[INFO DRT-0035]   Complete met5 (guide).
[INFO DRT-0036] FR_MASTERSLICE guide region query size = 0.
[INFO DRT-0036] FR_VIA guide region query size = 0.
[INFO DRT-0036] li1 guide region query size = 236325.
[INFO DRT-0036] mcon guide region query size = 0.
[INFO DRT-0036] met1 guide region query size = 199777.
[INFO DRT-0036] via guide region query size = 0.
[INFO DRT-0036] met2 guide region query size = 95816.
[INFO DRT-0036] via2 guide region query size = 0.
[INFO DRT-0036] met3 guide region query size = 5940.
[INFO DRT-0036] via3 guide region query size = 0.
[INFO DRT-0036] met4 guide region query size = 2294.
[INFO DRT-0036] via4 guide region query size = 0.
[INFO DRT-0036] met5 guide region query size = 123.
[INFO DRT-0179] Init gr pin query.
[INFO DRT-0267] cpu time = 00:00:02, elapsed time = 00:00:00, memory = 6294.50 (MB), peak = 6841.74 (MB)
[INFO DRT-0245] skipped writing guide updates to database.
[INFO DRT-0181] Start track assignment.
[INFO DRT-0184] Done with 334435 vertical wires in 7 frboxes and 205840 horizontal wires in 7 frboxes.
[INFO DRT-0186] Done with 39335 vertical wires in 7 frboxes and 66950 horizontal wires in 7 frboxes.
[INFO DRT-0182] Complete track assignment.
[INFO DRT-0267] cpu time = 00:00:30, elapsed time = 00:00:08, memory = 6294.45 (MB), peak = 6841.74 (MB)
[INFO DRT-0187] Start routing data preparation.
[INFO DRT-0267] cpu time = 00:00:00, elapsed time = 00:00:00, memory = 6294.45 (MB), peak = 6841.74 (MB)
[INFO DRT-0194] Start detail routing.
[INFO DRT-0195] Start 0th optimization iteration.
    Completing 10% with 0 violations.
    elapsed time = 00:00:01, memory = 6294.54 (MB).
    Completing 20% with 0 violations.
    elapsed time = 00:00:04, memory = 6376.96 (MB).
    Completing 30% with 164 violations.
    elapsed time = 00:00:07, memory = 6371.71 (MB).
    Completing 40% with 164 violations.
    elapsed time = 00:00:09, memory = 6408.09 (MB).
    Completing 50% with 164 violations.
    elapsed time = 00:00:12, memory = 6534.69 (MB).
    Completing 60% with 405 violations.
    elapsed time = 00:00:14, memory = 6571.59 (MB).
    Completing 70% with 405 violations.
    elapsed time = 00:00:17, memory = 6568.08 (MB).
    Completing 80% with 578 violations.
    elapsed time = 00:00:20, memory = 6435.79 (MB).
    Completing 90% with 578 violations.
    elapsed time = 00:00:22, memory = 6522.79 (MB).
    Completing 100% with 765 violations.
    elapsed time = 00:00:26, memory = 6405.19 (MB).
[INFO DRT-0199]   Number of violations = 906.
Viol/Layer        met1   met2   met3   met4   met5
Metal Spacing       40     37     24      6      0
Recheck             41     53     39      7      1
Short              323    207    103     23      2
[INFO DRT-0267] cpu time = 00:05:41, elapsed time = 00:00:26, memory = 6405.19 (MB), peak = 6841.74 (MB)
Total wire length = 3666701 um.
Total wire length on LAYER li1 = 0 um.
Total wire length on LAYER met1 = 1594109 um.
Total wire length on LAYER met2 = 1483653 um.
Total wire length on LAYER met3 = 362079 um.
Total wire length on LAYER met4 = 224905 um.
Total wire length on LAYER met5 = 1953 um.
Total number of vias = 631788.
Up-via summary (total 631788):

-------------------------
 FR_MASTERSLICE         0
            li1    293086
           met1    307964
           met2     25872
           met3      4642
           met4       224
-------------------------
               631788


[INFO DRT-0195] Start 1st optimization iteration.
    Completing 10% with 906 violations.
    elapsed time = 00:00:01, memory = 6694.99 (MB).
    Completing 20% with 906 violations.
    elapsed time = 00:00:03, memory = 6528.07 (MB).
    Completing 30% with 773 violations.
    elapsed time = 00:00:06, memory = 6437.89 (MB).
    Completing 40% with 773 violations.
    elapsed time = 00:00:08, memory = 6439.92 (MB).
    Completing 50% with 773 violations.
    elapsed time = 00:00:11, memory = 6565.61 (MB).
    Completing 60% with 599 violations.
    elapsed time = 00:00:13, memory = 6509.26 (MB).
    Completing 70% with 599 violations.
    elapsed time = 00:00:16, memory = 6637.32 (MB).
    Completing 80% with 433 violations.
    elapsed time = 00:00:19, memory = 6449.10 (MB).
    Completing 90% with 433 violations.
    elapsed time = 00:00:21, memory = 6558.72 (MB).
    Completing 100% with 243 violations.
    elapsed time = 00:00:24, memory = 6377.21 (MB).
[INFO DRT-0199]   Number of violations = 243.
Viol/Layer        met1   met2   met3   met4
Metal Spacing       13     14     13      5
Short              124     42     30      2
[INFO DRT-0267] cpu time = 00:05:30, elapsed time = 00:00:24, memory = 6377.21 (MB), peak = 6841.74 (MB)
Total wire length = 3666492 um.
Total wire length on LAYER li1 = 0 um.
Total wire length on LAYER met1 = 1594048 um.
Total wire length on LAYER met2 = 1483538 um.
Total wire length on LAYER met3 = 362030 um.
Total wire length on LAYER met4 = 224920 um.
Total wire length on LAYER met5 = 1953 um.
Total number of vias = 631735.
Up-via summary (total 631735):

-------------------------
 FR_MASTERSLICE         0
            li1    293082
           met1    307924
           met2     25865
           met3      4640
           met4       224
-------------------------
               631735


[INFO DRT-0195] Start 2nd optimization iteration.
    Completing 10% with 243 violations.
    elapsed time = 00:00:00, memory = 6377.21 (MB).
    Completing 20% with 243 violations.
    elapsed time = 00:00:00, memory = 6592.42 (MB).
    Completing 30% with 226 violations.
    elapsed time = 00:00:01, memory = 6377.21 (MB).
    Completing 40% with 226 violations.
    elapsed time = 00:00:01, memory = 6377.21 (MB).
    Completing 50% with 226 violations.
    elapsed time = 00:00:01, memory = 6377.21 (MB).
    Completing 60% with 216 violations.
    elapsed time = 00:00:01, memory = 6377.21 (MB).
    Completing 70% with 216 violations.
    elapsed time = 00:00:02, memory = 6553.50 (MB).
    Completing 80% with 182 violations.
    elapsed time = 00:00:02, memory = 6377.21 (MB).
    Completing 90% with 182 violations.
    elapsed time = 00:00:02, memory = 6377.21 (MB).
    Completing 100% with 168 violations.
    elapsed time = 00:00:04, memory = 6377.21 (MB).
[INFO DRT-0199]   Number of violations = 168.
Viol/Layer        met1   met2   met3
Metal Spacing        7      6      9
Short               93     26     27
[INFO DRT-0267] cpu time = 00:00:30, elapsed time = 00:00:04, memory = 6377.21 (MB), peak = 6841.74 (MB)
Total wire length = 3666479 um.
Total wire length on LAYER li1 = 0 um.
Total wire length on LAYER met1 = 1594048 um.
Total wire length on LAYER met2 = 1483558 um.
Total wire length on LAYER met3 = 362013 um.
Total wire length on LAYER met4 = 224905 um.
Total wire length on LAYER met5 = 1953 um.
Total number of vias = 631735.
Up-via summary (total 631735):

-------------------------
 FR_MASTERSLICE         0
            li1    293082
           met1    307930
           met2     25859
           met3      4640
           met4       224
-------------------------
               631735


[INFO DRT-0195] Start 3rd optimization iteration.
    Completing 10% with 168 violations.
    elapsed time = 00:00:00, memory = 6377.21 (MB).
    Completing 20% with 168 violations.
    elapsed time = 00:00:00, memory = 6377.21 (MB).
    Completing 30% with 137 violations.
    elapsed time = 00:00:00, memory = 6377.21 (MB).
    Completing 40% with 137 violations.
    elapsed time = 00:00:00, memory = 6377.21 (MB).
    Completing 50% with 137 violations.
    elapsed time = 00:00:00, memory = 6637.75 (MB).
    Completing 60% with 85 violations.
    elapsed time = 00:00:01, memory = 6377.21 (MB).
    Completing 70% with 85 violations.
    elapsed time = 00:00:01, memory = 6377.21 (MB).
    Completing 80% with 72 violations.
    elapsed time = 00:00:01, memory = 6377.21 (MB).
    Completing 90% with 72 violations.
    elapsed time = 00:00:01, memory = 6377.21 (MB).
    Completing 100% with 0 violations.
    elapsed time = 00:00:02, memory = 6377.21 (MB).
[INFO DRT-0199]   Number of violations = 0.
[INFO DRT-0267] cpu time = 00:00:22, elapsed time = 00:00:02, memory = 6377.21 (MB), peak = 6841.74 (MB)
Total wire length = 3666541 um.
Total wire length on LAYER li1 = 0 um.
Total wire length on LAYER met1 = 1593806 um.
Total wire length on LAYER met2 = 1483622 um.
Total wire length on LAYER met3 = 362216 um.
Total wire length on LAYER met4 = 224936 um.
Total wire length on LAYER met5 = 1958 um.
Total number of vias = 631886.
Up-via summary (total 631886):

-------------------------
 FR_MASTERSLICE         0
            li1    293081
           met1    307964
           met2     25968
           met3      4649
           met4       224
-------------------------
               631886


[INFO DRT-0198] Complete detail routing.
Total wire length = 3666541 um.
Total wire length on LAYER li1 = 0 um.
Total wire length on LAYER met1 = 1593806 um.
Total wire length on LAYER met2 = 1483622 um.
Total wire length on LAYER met3 = 362216 um.
Total wire length on LAYER met4 = 224936 um.
Total wire length on LAYER met5 = 1958 um.
Total number of vias = 631886.
Up-via summary (total 631886):

-------------------------
 FR_MASTERSLICE         0
            li1    293081
           met1    307964
           met2     25968
           met3      4649
           met4       224
-------------------------
               631886


[INFO DRT-0267] cpu time = 00:12:06, elapsed time = 00:00:58, memory = 6377.21 (MB), peak = 6841.74 (MB)

[INFO DRT-0180] Post processing.
[INFO DRT-0501] Runtime: 155.89s
[INFO ANT-0002] Found 11 net violations.
[INFO ANT-0001] Found 11 pin violations.
[INFO GRT-0012] Found 11 antenna violations.
[INFO DPL-0006] Core area: 4611196.25 um^2
[INFO DPL-0007] Movable instances area: 37.54 um^2
[INFO DPL-0008] Fixed instances area within core: 707962.74 um^2
[INFO DPL-0009] Utilization: 15.4%
[INFO DPL-0005] Diamond search max displacement: +/- 500 sites horizontally, +/- 100 rows vertically.
[INFO DPL-1102] Legalizing using negotiation legalizer.
[INFO DPL-1103] Negotiation base search window: +/-20 sites horizontally, +/-5 rows vertically 
	Automatic search window extension enabled.
	Search window extendable up to the max displacement cap of +/-500 sites, +/-100 rows near walls.
[INFO DPL-1104] NegotiationLegalizer DRC penalty: 5.
[INFO DPL-0392] Negotiation cell height distribution (1 unique row-count(s)):
[INFO DPL-0393]   height 1 row(s): 149482 cells
          |      Total |  Illegal |  Illegal
Iteration | Violations |    Cells |    Sites
---------------------------------------------
        0 |          0 |         0 |         0
Negotiation phase 1 converged at iteration 0.
[INFO DPL-0500] Runtime: 0.57s
[INFO GRT-0015] Inserted 48 diodes.
[INFO DRT-0018]   Complete 100000 insts.
[INFO DRT-0024]   Complete FR_MASTERSLICE.
[INFO DRT-0024]   Complete Fr_VIA.
[INFO DRT-0024]   Complete li1.
[INFO DRT-0024]   Complete mcon.
[INFO DRT-0024]   Complete met1.
[INFO DRT-0024]   Complete via.
[INFO DRT-0024]   Complete met2.
[INFO DRT-0024]   Complete via2.
[INFO DRT-0024]   Complete met3.
[INFO DRT-0024]   Complete via3.
[INFO DRT-0024]   Complete met4.
[INFO DRT-0024]   Complete via4.
[INFO DRT-0024]   Complete met5.
[INFO DRT-0165] Start pin access.
[INFO DRT-0076]   Complete 1000 pins.
[INFO DRT-0076]   Complete 2000 pins.
[INFO DRT-0076]   Complete 3000 pins.
[INFO DRT-0078]   Complete 3701 pins.
[INFO DRT-0079]   Complete 100 unique inst patterns.
[INFO DRT-0079]   Complete 200 unique inst patterns.
[INFO DRT-0079]   Complete 300 unique inst patterns.
[INFO DRT-0079]   Complete 400 unique inst patterns.
[INFO DRT-0081]   Complete 441 unique inst patterns.
[INFO DRT-0082]   Complete 10000 groups.
[INFO DRT-0082]   Complete 20000 groups.
[INFO DRT-0082]   Complete 30000 groups.
[INFO DRT-0082]   Complete 40000 groups.
[INFO DRT-0082]   Complete 50000 groups.
[INFO DRT-0082]   Complete 60000 groups.
[INFO DRT-0084]   Complete 62853 groups.
#scanned instances     = 149482
#unique  instances     = 441
#stdCellGenAp          = 15708
#stdCellValidPlanarAp  = 130
#stdCellValidViaAp     = 10956
#stdCellPinNoAp        = 10
#stdCellPinCnt         = 294198
#instTermValidViaApCnt = 0
#macroGenAp            = 0
#macroValidPlanarAp    = 0
#macroValidViaAp       = 0
#macroNoAp             = 0
[INFO DRT-0166] Complete pin access.
[INFO DRT-0267] cpu time = 00:21:04, elapsed time = 00:01:24, memory = 6203.26 (MB), peak = 6841.74 (MB)
[INFO DRT-0156] guideIn read 100000 guides.
[INFO DRT-0156] guideIn read 200000 guides.
[INFO DRT-0156] guideIn read 300000 guides.
[INFO DRT-0156] guideIn read 400000 guides.
[INFO DRT-0156] guideIn read 500000 guides.
[INFO DRT-0156] guideIn read 600000 guides.

[INFO DRT-0157] Number of guides:     653365

[INFO DRT-0169] Post process guides.
[INFO DRT-0176] GCELLGRID X 0 DO 311 STEP 6900 ;
[INFO DRT-0177] GCELLGRID Y 0 DO 311 STEP 6900 ;
[INFO DRT-0026]   Complete 100000 origin guides.
[INFO DRT-0026]   Complete 200000 origin guides.
[INFO DRT-0026]   Complete 300000 origin guides.
[INFO DRT-0026]   Complete 400000 origin guides.
[INFO DRT-0026]   Complete 500000 origin guides.
[INFO DRT-0026]   Complete 600000 origin guides.
[INFO DRT-0028]   Complete FR_MASTERSLICE.
[INFO DRT-0028]   Complete Fr_VIA.
[INFO DRT-0028]   Complete li1.
[INFO DRT-0028]   Complete mcon.
[INFO DRT-0028]   Complete met1.
[INFO DRT-0028]   Complete via.
[INFO DRT-0028]   Complete met2.
[INFO DRT-0028]   Complete via2.
[INFO DRT-0028]   Complete met3.
[INFO DRT-0028]   Complete via3.
[INFO DRT-0028]   Complete met4.
[INFO DRT-0028]   Complete via4.
[INFO DRT-0028]   Complete met5.
[INFO DRT-0178] Init guide query.
[INFO DRT-0035]   Complete FR_MASTERSLICE (guide).
[INFO DRT-0035]   Complete Fr_VIA (guide).
[INFO DRT-0035]   Complete li1 (guide).
[INFO DRT-0035]   Complete mcon (guide).
[INFO DRT-0035]   Complete met1 (guide).
[INFO DRT-0035]   Complete via (guide).
[INFO DRT-0035]   Complete met2 (guide).
[INFO DRT-0035]   Complete via2 (guide).
[INFO DRT-0035]   Complete met3 (guide).
[INFO DRT-0035]   Complete via3 (guide).
[INFO DRT-0035]   Complete met4 (guide).
[INFO DRT-0035]   Complete via4 (guide).
[INFO DRT-0035]   Complete met5 (guide).
[INFO DRT-0036] FR_MASTERSLICE guide region query size = 0.
[INFO DRT-0036] FR_VIA guide region query size = 0.
[INFO DRT-0036] li1 guide region query size = 236333.
[INFO DRT-0036] mcon guide region query size = 0.
[INFO DRT-0036] met1 guide region query size = 199783.
[INFO DRT-0036] via guide region query size = 0.
[INFO DRT-0036] met2 guide region query size = 95818.
[INFO DRT-0036] via2 guide region query size = 0.
[INFO DRT-0036] met3 guide region query size = 5942.
[INFO DRT-0036] via3 guide region query size = 0.
[INFO DRT-0036] met4 guide region query size = 2295.
[INFO DRT-0036] via4 guide region query size = 0.
[INFO DRT-0036] met5 guide region query size = 123.
[INFO DRT-0179] Init gr pin query.
[INFO DRT-0267] cpu time = 00:00:02, elapsed time = 00:00:00, memory = 6203.26 (MB), peak = 6841.74 (MB)
[INFO DRT-0245] skipped writing guide updates to database.
[INFO DRT-0181] Start track assignment.
[INFO DRT-0184] Done with 334446 vertical wires in 7 frboxes and 205848 horizontal wires in 7 frboxes.
[INFO DRT-0186] Done with 39344 vertical wires in 7 frboxes and 66815 horizontal wires in 7 frboxes.
[INFO DRT-0182] Complete track assignment.
[INFO DRT-0267] cpu time = 00:00:30, elapsed time = 00:00:08, memory = 6203.21 (MB), peak = 6841.74 (MB)
[INFO DRT-0187] Start routing data preparation.
[INFO DRT-0267] cpu time = 00:00:00, elapsed time = 00:00:00, memory = 6203.21 (MB), peak = 6841.74 (MB)
[INFO DRT-0194] Start detail routing.
[INFO DRT-0195] Start 0th optimization iteration.
    Completing 10% with 0 violations.
    elapsed time = 00:00:01, memory = 6478.82 (MB).
    Completing 20% with 0 violations.
    elapsed time = 00:00:03, memory = 6350.05 (MB).
    Completing 30% with 54 violations.
    elapsed time = 00:00:06, memory = 6347.50 (MB).
    Completing 40% with 54 violations.
    elapsed time = 00:00:08, memory = 6394.92 (MB).
    Completing 50% with 54 violations.
    elapsed time = 00:00:11, memory = 6474.86 (MB).
    Completing 60% with 141 violations.
    elapsed time = 00:00:13, memory = 6469.32 (MB).
    Completing 70% with 141 violations.
    elapsed time = 00:00:15, memory = 6516.02 (MB).
    Completing 80% with 178 violations.
    elapsed time = 00:00:18, memory = 6424.17 (MB).
    Completing 90% with 178 violations.
    elapsed time = 00:00:20, memory = 6546.81 (MB).
    Completing 100% with 242 violations.
    elapsed time = 00:00:24, memory = 6287.81 (MB).
[INFO DRT-0199]   Number of violations = 306.
Viol/Layer        met1   met2   met3   met5
Metal Spacing       21     13      5      0
Recheck             14     25     24      1
Short               86     64     51      2
[INFO DRT-0267] cpu time = 00:05:23, elapsed time = 00:00:24, memory = 6287.81 (MB), peak = 6841.74 (MB)
Total wire length = 3666615 um.
Total wire length on LAYER li1 = 0 um.
Total wire length on LAYER met1 = 1593907 um.
Total wire length on LAYER met2 = 1483619 um.
Total wire length on LAYER met3 = 362171 um.
Total wire length on LAYER met4 = 224957 um.
Total wire length on LAYER met5 = 1958 um.
Total number of vias = 631920.
Up-via summary (total 631920):

-------------------------
 FR_MASTERSLICE         0
            li1    293140
           met1    307968
           met2     25938
           met3      4650
           met4       224
-------------------------
               631920


[INFO DRT-0195] Start 1st optimization iteration.
    Completing 10% with 306 violations.
    elapsed time = 00:00:01, memory = 6547.88 (MB).
    Completing 20% with 306 violations.
    elapsed time = 00:00:03, memory = 6477.58 (MB).
    Completing 30% with 264 violations.
    elapsed time = 00:00:06, memory = 6383.20 (MB).
    Completing 40% with 264 violations.
    elapsed time = 00:00:08, memory = 6481.43 (MB).
    Completing 50% with 264 violations.
    elapsed time = 00:00:11, memory = 6539.26 (MB).
    Completing 60% with 157 violations.
    elapsed time = 00:00:13, memory = 6436.43 (MB).
    Completing 70% with 157 violations.
    elapsed time = 00:00:16, memory = 6606.61 (MB).
    Completing 80% with 108 violations.
    elapsed time = 00:00:18, memory = 6491.29 (MB).
    Completing 90% with 108 violations.
    elapsed time = 00:00:21, memory = 6524.64 (MB).
    Completing 100% with 33 violations.
    elapsed time = 00:00:24, memory = 6324.12 (MB).
[INFO DRT-0199]   Number of violations = 33.
Viol/Layer        met1   met2   met3
Metal Spacing        1      2      0
Short               21      2      7
[INFO DRT-0267] cpu time = 00:05:21, elapsed time = 00:00:24, memory = 6324.12 (MB), peak = 6841.74 (MB)
Total wire length = 3666545 um.
Total wire length on LAYER li1 = 0 um.
Total wire length on LAYER met1 = 1593904 um.
Total wire length on LAYER met2 = 1483568 um.
Total wire length on LAYER met3 = 362156 um.
Total wire length on LAYER met4 = 224957 um.
Total wire length on LAYER met5 = 1958 um.
Total number of vias = 631890.
Up-via summary (total 631890):

-------------------------
 FR_MASTERSLICE         0
            li1    293136
           met1    307942
           met2     25938
           met3      4650
           met4       224
-------------------------
               631890


[INFO DRT-0195] Start 2nd optimization iteration.
    Completing 10% with 33 violations.
    elapsed time = 00:00:00, memory = 6324.12 (MB).
    Completing 20% with 33 violations.
    elapsed time = 00:00:00, memory = 6324.12 (MB).
    Completing 30% with 31 violations.
    elapsed time = 00:00:00, memory = 6324.12 (MB).
    Completing 40% with 31 violations.
    elapsed time = 00:00:00, memory = 6324.12 (MB).
    Completing 50% with 31 violations.
    elapsed time = 00:00:00, memory = 6324.12 (MB).
    Completing 60% with 30 violations.
    elapsed time = 00:00:00, memory = 6324.12 (MB).
    Completing 70% with 30 violations.
    elapsed time = 00:00:00, memory = 6324.12 (MB).
    Completing 80% with 25 violations.
    elapsed time = 00:00:01, memory = 6324.12 (MB).
    Completing 90% with 25 violations.
    elapsed time = 00:00:01, memory = 6324.12 (MB).
    Completing 100% with 22 violations.
    elapsed time = 00:00:01, memory = 6352.37 (MB).
[INFO DRT-0199]   Number of violations = 22.
Viol/Layer        met1   met2   met3
Metal Spacing        0      2      0
Short               13      3      4
[INFO DRT-0267] cpu time = 00:00:07, elapsed time = 00:00:01, memory = 6352.37 (MB), peak = 6841.74 (MB)
Total wire length = 3666544 um.
Total wire length on LAYER li1 = 0 um.
Total wire length on LAYER met1 = 1593902 um.
Total wire length on LAYER met2 = 1483573 um.
Total wire length on LAYER met3 = 362153 um.
Total wire length on LAYER met4 = 224957 um.
Total wire length on LAYER met5 = 1958 um.
Total number of vias = 631898.
Up-via summary (total 631898):

-------------------------
 FR_MASTERSLICE         0
            li1    293139
           met1    307947
           met2     25938
           met3      4650
           met4       224
-------------------------
               631898


[INFO DRT-0195] Start 3rd guides tiles iteration.
    Completing 10% with 22 violations.
    elapsed time = 00:00:00, memory = 6535.16 (MB).
    Completing 20% with 22 violations.
    elapsed time = 00:00:00, memory = 6576.34 (MB).
    Completing 30% with 22 violations.
    elapsed time = 00:00:00, memory = 6665.84 (MB).
    Completing 40% with 22 violations.
    elapsed time = 00:00:00, memory = 6773.39 (MB).
    Completing 50% with 22 violations.
    elapsed time = 00:00:00, memory = 6829.82 (MB).
    Completing 60% with 22 violations.
    elapsed time = 00:00:00, memory = 6790.27 (MB).
    Completing 70% with 22 violations.
    elapsed time = 00:00:00, memory = 6681.88 (MB).
    Completing 80% with 22 violations.
    elapsed time = 00:00:00, memory = 6574.77 (MB).
    Completing 90% with 22 violations.
    elapsed time = 00:00:01, memory = 6352.37 (MB).
    Completing 100% with 2 violations.
    elapsed time = 00:00:01, memory = 6352.37 (MB).
[INFO DRT-0199]   Number of violations = 2.
Viol/Layer        met1
Short                2
[INFO DRT-0267] cpu time = 00:00:05, elapsed time = 00:00:01, memory = 6352.37 (MB), peak = 6841.74 (MB)
Total wire length = 3666507 um.
Total wire length on LAYER li1 = 0 um.
Total wire length on LAYER met1 = 1592875 um.
Total wire length on LAYER met2 = 1483402 um.
Total wire length on LAYER met3 = 363152 um.
Total wire length on LAYER met4 = 225118 um.
Total wire length on LAYER met5 = 1958 um.
Total number of vias = 631916.
Up-via summary (total 631916):

-------------------------
 FR_MASTERSLICE         0
            li1    293138
           met1    307943
           met2     25959
           met3      4652
           met4       224
-------------------------
               631916


[INFO DRT-0195] Start 4th guides tiles iteration.
    Completing 100% with 2 violations.
    elapsed time = 00:00:00, memory = 6352.37 (MB).
[INFO DRT-0199]   Number of violations = 2.
Viol/Layer        met1
Short                2
[INFO DRT-0267] cpu time = 00:00:00, elapsed time = 00:00:00, memory = 6352.37 (MB), peak = 6841.74 (MB)
Total wire length = 3666507 um.
Total wire length on LAYER li1 = 0 um.
Total wire length on LAYER met1 = 1592875 um.
Total wire length on LAYER met2 = 1483402 um.
Total wire length on LAYER met3 = 363152 um.
Total wire length on LAYER met4 = 225118 um.
Total wire length on LAYER met5 = 1958 um.
Total number of vias = 631916.
Up-via summary (total 631916):

-------------------------
 FR_MASTERSLICE         0
            li1    293138
           met1    307943
           met2     25959
           met3      4652
           met4       224
-------------------------
               631916


[INFO DRT-0195] Start 5th stubborn tiles iteration.
    Completing 10% with 2 violations.
    elapsed time = 00:00:00, memory = 6500.21 (MB).
    Completing 20% with 2 violations.
    elapsed time = 00:00:00, memory = 6500.21 (MB).
    Completing 30% with 2 violations.
    elapsed time = 00:00:01, memory = 6500.21 (MB).
    Completing 40% with 2 violations.
    elapsed time = 00:00:01, memory = 6500.21 (MB).
    Completing 50% with 2 violations.
    elapsed time = 00:00:01, memory = 6500.21 (MB).
    Completing 60% with 2 violations.
    elapsed time = 00:00:01, memory = 6500.21 (MB).
    Completing 70% with 2 violations.
    elapsed time = 00:00:01, memory = 6500.21 (MB).
    Completing 80% with 2 violations.
    elapsed time = 00:00:01, memory = 6500.21 (MB).
    Completing 90% with 2 violations.
    elapsed time = 00:00:02, memory = 6500.21 (MB).
    Completing 100% with 0 violations.
    elapsed time = 00:00:03, memory = 6324.12 (MB).
[INFO DRT-0199]   Number of violations = 0.
[INFO DRT-0267] cpu time = 00:00:33, elapsed time = 00:00:03, memory = 6324.12 (MB), peak = 6841.74 (MB)
Total wire length = 3666507 um.
Total wire length on LAYER li1 = 0 um.
Total wire length on LAYER met1 = 1592878 um.
Total wire length on LAYER met2 = 1483403 um.
Total wire length on LAYER met3 = 363149 um.
Total wire length on LAYER met4 = 225118 um.
Total wire length on LAYER met5 = 1958 um.
Total number of vias = 631916.
Up-via summary (total 631916):

-------------------------
 FR_MASTERSLICE         0
            li1    293138
           met1    307944
           met2     25958
           met3      4652
           met4       224
-------------------------
               631916


[INFO DRT-0198] Complete detail routing.
Total wire length = 3666507 um.
Total wire length on LAYER li1 = 0 um.
Total wire length on LAYER met1 = 1592878 um.
Total wire length on LAYER met2 = 1483403 um.
Total wire length on LAYER met3 = 363149 um.
Total wire length on LAYER met4 = 225118 um.
Total wire length on LAYER met5 = 1958 um.
Total number of vias = 631916.
Up-via summary (total 631916):

-------------------------
 FR_MASTERSLICE         0
            li1    293138
           met1    307944
           met2     25958
           met3      4652
           met4       224
-------------------------
               631916


[INFO DRT-0267] cpu time = 00:11:33, elapsed time = 00:00:57, memory = 6324.12 (MB), peak = 6841.74 (MB)

[INFO DRT-0180] Post processing.
[INFO DRT-0501] Runtime: 153.96s
[INFO ANT-0002] Found 2 net violations.
[INFO ANT-0001] Found 2 pin violations.
[INFO GRT-0012] Found 2 antenna violations.
[INFO DPL-0006] Core area: 4611196.25 um^2
[INFO DPL-0007] Movable instances area: 15.01 um^2
[INFO DPL-0008] Fixed instances area within core: 708027.80 um^2
[INFO DPL-0009] Utilization: 15.4%
[INFO DPL-0005] Diamond search max displacement: +/- 500 sites horizontally, +/- 100 rows vertically.
[INFO DPL-1102] Legalizing using negotiation legalizer.
[INFO DPL-1103] Negotiation base search window: +/-20 sites horizontally, +/-5 rows vertically 
	Automatic search window extension enabled.
	Search window extendable up to the max displacement cap of +/-500 sites, +/-100 rows near walls.
[INFO DPL-1104] NegotiationLegalizer DRC penalty: 5.
[INFO DPL-0392] Negotiation cell height distribution (1 unique row-count(s)):
[INFO DPL-0393]   height 1 row(s): 149499 cells
          |      Total |  Illegal |  Illegal
Iteration | Violations |    Cells |    Sites
---------------------------------------------
        0 |          0 |         0 |         0
Negotiation phase 1 converged at iteration 0.
[INFO DPL-0500] Runtime: 0.61s
[INFO GRT-0015] Inserted 17 diodes.
[INFO DRT-0018]   Complete 100000 insts.
[INFO DRT-0024]   Complete FR_MASTERSLICE.
[INFO DRT-0024]   Complete Fr_VIA.
[INFO DRT-0024]   Complete li1.
[INFO DRT-0024]   Complete mcon.
[INFO DRT-0024]   Complete met1.
[INFO DRT-0024]   Complete via.
[INFO DRT-0024]   Complete met2.
[INFO DRT-0024]   Complete via2.
[INFO DRT-0024]   Complete met3.
[INFO DRT-0024]   Complete via3.
[INFO DRT-0024]   Complete met4.
[INFO DRT-0024]   Complete via4.
[INFO DRT-0024]   Complete met5.
[INFO DRT-0165] Start pin access.
[INFO DRT-0076]   Complete 1000 pins.
[INFO DRT-0076]   Complete 2000 pins.
[INFO DRT-0076]   Complete 3000 pins.
[INFO DRT-0078]   Complete 3701 pins.
[INFO DRT-0079]   Complete 100 unique inst patterns.
[INFO DRT-0079]   Complete 200 unique inst patterns.
[INFO DRT-0079]   Complete 300 unique inst patterns.
[INFO DRT-0079]   Complete 400 unique inst patterns.
[INFO DRT-0081]   Complete 441 unique inst patterns.
[INFO DRT-0082]   Complete 10000 groups.
[INFO DRT-0082]   Complete 20000 groups.
[INFO DRT-0082]   Complete 30000 groups.
[INFO DRT-0082]   Complete 40000 groups.
[INFO DRT-0082]   Complete 50000 groups.
[INFO DRT-0082]   Complete 60000 groups.
[INFO DRT-0084]   Complete 62853 groups.
#scanned instances     = 149499
#unique  instances     = 441
#stdCellGenAp          = 15708
#stdCellValidPlanarAp  = 130
#stdCellValidViaAp     = 10956
#stdCellPinNoAp        = 10
#stdCellPinCnt         = 294198
#instTermValidViaApCnt = 0
#macroGenAp            = 0
#macroValidPlanarAp    = 0
#macroValidViaAp       = 0
#macroNoAp             = 0
[INFO DRT-0166] Complete pin access.
[INFO DRT-0267] cpu time = 00:21:00, elapsed time = 00:01:24, memory = 6287.77 (MB), peak = 6841.74 (MB)
[INFO DRT-0156] guideIn read 100000 guides.
[INFO DRT-0156] guideIn read 200000 guides.
[INFO DRT-0156] guideIn read 300000 guides.
[INFO DRT-0156] guideIn read 400000 guides.
[INFO DRT-0156] guideIn read 500000 guides.
[INFO DRT-0156] guideIn read 600000 guides.

[INFO DRT-0157] Number of guides:     653368

[INFO DRT-0169] Post process guides.
[INFO DRT-0176] GCELLGRID X 0 DO 311 STEP 6900 ;
[INFO DRT-0177] GCELLGRID Y 0 DO 311 STEP 6900 ;
[INFO DRT-0026]   Complete 100000 origin guides.
[INFO DRT-0026]   Complete 200000 origin guides.
[INFO DRT-0026]   Complete 300000 origin guides.
[INFO DRT-0026]   Complete 400000 origin guides.
[INFO DRT-0026]   Complete 500000 origin guides.
[INFO DRT-0026]   Complete 600000 origin guides.
[INFO DRT-0028]   Complete FR_MASTERSLICE.
[INFO DRT-0028]   Complete Fr_VIA.
[INFO DRT-0028]   Complete li1.
[INFO DRT-0028]   Complete mcon.
[INFO DRT-0028]   Complete met1.
[INFO DRT-0028]   Complete via.
[INFO DRT-0028]   Complete met2.
[INFO DRT-0028]   Complete via2.
[INFO DRT-0028]   Complete met3.
[INFO DRT-0028]   Complete via3.
[INFO DRT-0028]   Complete met4.
[INFO DRT-0028]   Complete via4.
[INFO DRT-0028]   Complete met5.
[INFO DRT-0178] Init guide query.
[INFO DRT-0035]   Complete FR_MASTERSLICE (guide).
[INFO DRT-0035]   Complete Fr_VIA (guide).
[INFO DRT-0035]   Complete li1 (guide).
[INFO DRT-0035]   Complete mcon (guide).
[INFO DRT-0035]   Complete met1 (guide).
[INFO DRT-0035]   Complete via (guide).
[INFO DRT-0035]   Complete met2 (guide).
[INFO DRT-0035]   Complete via2 (guide).
[INFO DRT-0035]   Complete met3 (guide).
[INFO DRT-0035]   Complete via3 (guide).
[INFO DRT-0035]   Complete met4 (guide).
[INFO DRT-0035]   Complete via4 (guide).
[INFO DRT-0035]   Complete met5 (guide).
[INFO DRT-0036] FR_MASTERSLICE guide region query size = 0.
[INFO DRT-0036] FR_VIA guide region query size = 0.
[INFO DRT-0036] li1 guide region query size = 236335.
[INFO DRT-0036] mcon guide region query size = 0.
[INFO DRT-0036] met1 guide region query size = 199783.
[INFO DRT-0036] via guide region query size = 0.
[INFO DRT-0036] met2 guide region query size = 95818.
[INFO DRT-0036] via2 guide region query size = 0.
[INFO DRT-0036] met3 guide region query size = 5942.
[INFO DRT-0036] via3 guide region query size = 0.
[INFO DRT-0036] met4 guide region query size = 2295.
[INFO DRT-0036] via4 guide region query size = 0.
[INFO DRT-0036] met5 guide region query size = 123.
[INFO DRT-0179] Init gr pin query.
[INFO DRT-0267] cpu time = 00:00:02, elapsed time = 00:00:00, memory = 6287.77 (MB), peak = 6841.74 (MB)
[INFO DRT-0245] skipped writing guide updates to database.
[INFO DRT-0181] Start track assignment.
[INFO DRT-0184] Done with 334448 vertical wires in 7 frboxes and 205848 horizontal wires in 7 frboxes.
[INFO DRT-0186] Done with 39254 vertical wires in 7 frboxes and 66730 horizontal wires in 7 frboxes.
[INFO DRT-0182] Complete track assignment.
[INFO DRT-0267] cpu time = 00:00:30, elapsed time = 00:00:08, memory = 6287.73 (MB), peak = 6841.74 (MB)
[INFO DRT-0187] Start routing data preparation.
[INFO DRT-0267] cpu time = 00:00:00, elapsed time = 00:00:00, memory = 6287.73 (MB), peak = 6841.74 (MB)
[INFO DRT-0194] Start detail routing.
[INFO DRT-0195] Start 0th optimization iteration.
    Completing 10% with 0 violations.
    elapsed time = 00:00:01, memory = 6645.94 (MB).
    Completing 20% with 0 violations.
    elapsed time = 00:00:03, memory = 6506.32 (MB).
    Completing 30% with 13 violations.
    elapsed time = 00:00:06, memory = 6463.65 (MB).
    Completing 40% with 13 violations.
    elapsed time = 00:00:08, memory = 6467.87 (MB).
    Completing 50% with 13 violations.
    elapsed time = 00:00:10, memory = 6552.25 (MB).
    Completing 60% with 15 violations.
    elapsed time = 00:00:13, memory = 6599.48 (MB).
    Completing 70% with 15 violations.
    elapsed time = 00:00:15, memory = 6551.25 (MB).
    Completing 80% with 24 violations.
    elapsed time = 00:00:18, memory = 6528.97 (MB).
    Completing 90% with 24 violations.
    elapsed time = 00:00:20, memory = 6754.05 (MB).
    Completing 100% with 27 violations.
    elapsed time = 00:00:23, memory = 6376.03 (MB).
[INFO DRT-0199]   Number of violations = 35.
Viol/Layer        met2   met3   met5
Metal Spacing        0      3      0
Recheck              0      7      1
Short                4     18      2
[INFO DRT-0267] cpu time = 00:05:17, elapsed time = 00:00:24, memory = 6376.03 (MB), peak = 6841.74 (MB)
Total wire length = 3666530 um.
Total wire length on LAYER li1 = 0 um.
Total wire length on LAYER met1 = 1592860 um.
Total wire length on LAYER met2 = 1483401 um.
Total wire length on LAYER met3 = 363191 um.
Total wire length on LAYER met4 = 225118 um.
Total wire length on LAYER met5 = 1958 um.
Total number of vias = 631928.
Up-via summary (total 631928):

-------------------------
 FR_MASTERSLICE         0
            li1    293157
           met1    307939
           met2     25956
           met3      4652
           met4       224
-------------------------
               631928


[INFO DRT-0195] Start 1st optimization iteration.
    Completing 10% with 35 violations.
    elapsed time = 00:00:01, memory = 6685.24 (MB).
    Completing 20% with 35 violations.
    elapsed time = 00:00:03, memory = 6526.36 (MB).
    Completing 30% with 24 violations.
    elapsed time = 00:00:06, memory = 6500.84 (MB).
    Completing 40% with 24 violations.
    elapsed time = 00:00:08, memory = 6578.94 (MB).
    Completing 50% with 24 violations.
    elapsed time = 00:00:10, memory = 6623.34 (MB).
    Completing 60% with 22 violations.
    elapsed time = 00:00:13, memory = 6611.85 (MB).
    Completing 70% with 22 violations.
    elapsed time = 00:00:15, memory = 6705.30 (MB).
    Completing 80% with 8 violations.
    elapsed time = 00:00:18, memory = 6544.80 (MB).
    Completing 90% with 8 violations.
    elapsed time = 00:00:20, memory = 6649.73 (MB).
    Completing 100% with 7 violations.
    elapsed time = 00:00:23, memory = 6435.49 (MB).
[INFO DRT-0199]   Number of violations = 7.
Viol/Layer        met3
Short                7
[INFO DRT-0267] cpu time = 00:05:15, elapsed time = 00:00:23, memory = 6435.49 (MB), peak = 6841.74 (MB)
Total wire length = 3666530 um.
Total wire length on LAYER li1 = 0 um.
Total wire length on LAYER met1 = 1592858 um.
Total wire length on LAYER met2 = 1483396 um.
Total wire length on LAYER met3 = 363197 um.
Total wire length on LAYER met4 = 225118 um.
Total wire length on LAYER met5 = 1958 um.
Total number of vias = 631930.
Up-via summary (total 631930):

-------------------------
 FR_MASTERSLICE         0
            li1    293158
           met1    307938
           met2     25958
           met3      4652
           met4       224
-------------------------
               631930


[INFO DRT-0195] Start 2nd optimization iteration.
    Completing 10% with 7 violations.
    elapsed time = 00:00:00, memory = 6435.49 (MB).
    Completing 20% with 7 violations.
    elapsed time = 00:00:00, memory = 6435.49 (MB).
    Completing 30% with 7 violations.
    elapsed time = 00:00:00, memory = 6435.49 (MB).
    Completing 40% with 7 violations.
    elapsed time = 00:00:00, memory = 6435.49 (MB).
    Completing 50% with 7 violations.
    elapsed time = 00:00:00, memory = 6435.49 (MB).
    Completing 60% with 7 violations.
    elapsed time = 00:00:00, memory = 6435.49 (MB).
    Completing 70% with 7 violations.
    elapsed time = 00:00:00, memory = 6435.49 (MB).
    Completing 80% with 7 violations.
    elapsed time = 00:00:00, memory = 6435.49 (MB).
    Completing 90% with 7 violations.
    elapsed time = 00:00:00, memory = 6435.49 (MB).
    Completing 100% with 7 violations.
    elapsed time = 00:00:00, memory = 6435.49 (MB).
[INFO DRT-0199]   Number of violations = 7.
Viol/Layer        met3
Metal Spacing        2
Short                5
[INFO DRT-0267] cpu time = 00:00:02, elapsed time = 00:00:00, memory = 6435.49 (MB), peak = 6841.74 (MB)
Total wire length = 3666532 um.
Total wire length on LAYER li1 = 0 um.
Total wire length on LAYER met1 = 1592858 um.
Total wire length on LAYER met2 = 1483396 um.
Total wire length on LAYER met3 = 363200 um.
Total wire length on LAYER met4 = 225118 um.
Total wire length on LAYER met5 = 1958 um.
Total number of vias = 631930.
Up-via summary (total 631930):

-------------------------
 FR_MASTERSLICE         0
            li1    293158
           met1    307938
           met2     25958
           met3      4652
           met4       224
-------------------------
               631930


[INFO DRT-0195] Start 3rd guides tiles iteration.
    Completing 50% with 7 violations.
    elapsed time = 00:00:00, memory = 6435.49 (MB).
    Completing 100% with 0 violations.
    elapsed time = 00:00:00, memory = 6435.49 (MB).
[INFO DRT-0199]   Number of violations = 0.
[INFO DRT-0267] cpu time = 00:00:01, elapsed time = 00:00:00, memory = 6435.49 (MB), peak = 6841.74 (MB)
Total wire length = 3666516 um.
Total wire length on LAYER li1 = 0 um.
Total wire length on LAYER met1 = 1592901 um.
Total wire length on LAYER met2 = 1483397 um.
Total wire length on LAYER met3 = 363140 um.
Total wire length on LAYER met4 = 225118 um.
Total wire length on LAYER met5 = 1958 um.
Total number of vias = 631922.
Up-via summary (total 631922):

-------------------------
 FR_MASTERSLICE         0
            li1    293157
           met1    307934
           met2     25955
           met3      4652
           met4       224
-------------------------
               631922


[INFO DRT-0198] Complete detail routing.
Total wire length = 3666516 um.
Total wire length on LAYER li1 = 0 um.
Total wire length on LAYER met1 = 1592901 um.
Total wire length on LAYER met2 = 1483397 um.
Total wire length on LAYER met3 = 363140 um.
Total wire length on LAYER met4 = 225118 um.
Total wire length on LAYER met5 = 1958 um.
Total number of vias = 631922.
Up-via summary (total 631922):

-------------------------
 FR_MASTERSLICE         0
            li1    293157
           met1    307934
           met2     25955
           met3      4652
           met4       224
-------------------------
               631922


[INFO DRT-0267] cpu time = 00:10:37, elapsed time = 00:00:50, memory = 6435.49 (MB), peak = 6841.74 (MB)

[INFO DRT-0180] Post processing.
[INFO DRT-0501] Runtime: 146.78s
[INFO ANT-0002] Found 1 net violations.
[INFO ANT-0001] Found 1 pin violations.
[INFO GRT-0012] Found 1 antenna violations.
[INFO DPL-0006] Core area: 4611196.25 um^2
[INFO DPL-0007] Movable instances area: 0.00 um^2
[INFO DPL-0008] Fixed instances area within core: 708052.83 um^2
[INFO DPL-0009] Utilization: 15.4%
[INFO DPL-0005] Diamond search max displacement: +/- 500 sites horizontally, +/- 100 rows vertically.
[INFO DPL-1102] Legalizing using negotiation legalizer.
[INFO DPL-1103] Negotiation base search window: +/-20 sites horizontally, +/-5 rows vertically 
	Automatic search window extension enabled.
	Search window extendable up to the max displacement cap of +/-500 sites, +/-100 rows near walls.
[INFO DPL-1104] NegotiationLegalizer DRC penalty: 5.
[INFO DPL-0392] Negotiation cell height distribution (1 unique row-count(s)):
[INFO DPL-0393]   height 1 row(s): 149503 cells
[INFO DPL-0500] Runtime: 0.63s
[INFO GRT-0015] Inserted 4 diodes.
[INFO DRT-0018]   Complete 100000 insts.
[INFO DRT-0024]   Complete FR_MASTERSLICE.
[INFO DRT-0024]   Complete Fr_VIA.
[INFO DRT-0024]   Complete li1.
[INFO DRT-0024]   Complete mcon.
[INFO DRT-0024]   Complete met1.
[INFO DRT-0024]   Complete via.
[INFO DRT-0024]   Complete met2.
[INFO DRT-0024]   Complete via2.
[INFO DRT-0024]   Complete met3.
[INFO DRT-0024]   Complete via3.
[INFO DRT-0024]   Complete met4.
[INFO DRT-0024]   Complete via4.
[INFO DRT-0024]   Complete met5.
[INFO DRT-0165] Start pin access.
[INFO DRT-0076]   Complete 1000 pins.
[INFO DRT-0076]   Complete 2000 pins.
[INFO DRT-0076]   Complete 3000 pins.
[INFO DRT-0078]   Complete 3701 pins.
[INFO DRT-0079]   Complete 100 unique inst patterns.
[INFO DRT-0079]   Complete 200 unique inst patterns.
[INFO DRT-0079]   Complete 300 unique inst patterns.
[INFO DRT-0079]   Complete 400 unique inst patterns.
[INFO DRT-0081]   Complete 441 unique inst patterns.
[INFO DRT-0082]   Complete 10000 groups.
[INFO DRT-0082]   Complete 20000 groups.
[INFO DRT-0082]   Complete 30000 groups.
[INFO DRT-0082]   Complete 40000 groups.
[INFO DRT-0082]   Complete 50000 groups.
[INFO DRT-0082]   Complete 60000 groups.
[INFO DRT-0084]   Complete 62853 groups.
#scanned instances     = 149503
#unique  instances     = 441
#stdCellGenAp          = 15708
#stdCellValidPlanarAp  = 130
#stdCellValidViaAp     = 10956
#stdCellPinNoAp        = 10
#stdCellPinCnt         = 294198
#instTermValidViaApCnt = 0
#macroGenAp            = 0
#macroValidPlanarAp    = 0
#macroValidViaAp       = 0
#macroNoAp             = 0
[INFO DRT-0166] Complete pin access.
[INFO DRT-0267] cpu time = 00:20:54, elapsed time = 00:01:24, memory = 6435.45 (MB), peak = 6841.74 (MB)
[INFO DRT-0156] guideIn read 100000 guides.
[INFO DRT-0156] guideIn read 200000 guides.
[INFO DRT-0156] guideIn read 300000 guides.
[INFO DRT-0156] guideIn read 400000 guides.
[INFO DRT-0156] guideIn read 500000 guides.
[INFO DRT-0156] guideIn read 600000 guides.

[INFO DRT-0157] Number of guides:     653370

[INFO DRT-0169] Post process guides.
[INFO DRT-0176] GCELLGRID X 0 DO 311 STEP 6900 ;
[INFO DRT-0177] GCELLGRID Y 0 DO 311 STEP 6900 ;
[INFO DRT-0026]   Complete 100000 origin guides.
[INFO DRT-0026]   Complete 200000 origin guides.
[INFO DRT-0026]   Complete 300000 origin guides.
[INFO DRT-0026]   Complete 400000 origin guides.
[INFO DRT-0026]   Complete 500000 origin guides.
[INFO DRT-0026]   Complete 600000 origin guides.
[INFO DRT-0028]   Complete FR_MASTERSLICE.
[INFO DRT-0028]   Complete Fr_VIA.
[INFO DRT-0028]   Complete li1.
[INFO DRT-0028]   Complete mcon.
[INFO DRT-0028]   Complete met1.
[INFO DRT-0028]   Complete via.
[INFO DRT-0028]   Complete met2.
[INFO DRT-0028]   Complete via2.
[INFO DRT-0028]   Complete met3.
[INFO DRT-0028]   Complete via3.
[INFO DRT-0028]   Complete met4.
[INFO DRT-0028]   Complete via4.
[INFO DRT-0028]   Complete met5.
[INFO DRT-0178] Init guide query.
[INFO DRT-0035]   Complete FR_MASTERSLICE (guide).
[INFO DRT-0035]   Complete Fr_VIA (guide).
[INFO DRT-0035]   Complete li1 (guide).
[INFO DRT-0035]   Complete mcon (guide).
[INFO DRT-0035]   Complete met1 (guide).
[INFO DRT-0035]   Complete via (guide).
[INFO DRT-0035]   Complete met2 (guide).
[INFO DRT-0035]   Complete via2 (guide).
[INFO DRT-0035]   Complete met3 (guide).
[INFO DRT-0035]   Complete via3 (guide).
[INFO DRT-0035]   Complete met4 (guide).
[INFO DRT-0035]   Complete via4 (guide).
[INFO DRT-0035]   Complete met5 (guide).
[INFO DRT-0036] FR_MASTERSLICE guide region query size = 0.
[INFO DRT-0036] FR_VIA guide region query size = 0.
[INFO DRT-0036] li1 guide region query size = 236336.
[INFO DRT-0036] mcon guide region query size = 0.
[INFO DRT-0036] met1 guide region query size = 199784.
[INFO DRT-0036] via guide region query size = 0.
[INFO DRT-0036] met2 guide region query size = 95818.
[INFO DRT-0036] via2 guide region query size = 0.
[INFO DRT-0036] met3 guide region query size = 5942.
[INFO DRT-0036] via3 guide region query size = 0.
[INFO DRT-0036] met4 guide region query size = 2295.
[INFO DRT-0036] via4 guide region query size = 0.
[INFO DRT-0036] met5 guide region query size = 123.
[INFO DRT-0179] Init gr pin query.
[INFO DRT-0267] cpu time = 00:00:02, elapsed time = 00:00:00, memory = 6435.45 (MB), peak = 6841.74 (MB)
[INFO DRT-0245] skipped writing guide updates to database.
[INFO DRT-0181] Start track assignment.
[INFO DRT-0184] Done with 334449 vertical wires in 7 frboxes and 205849 horizontal wires in 7 frboxes.
[INFO DRT-0186] Done with 39272 vertical wires in 7 frboxes and 66770 horizontal wires in 7 frboxes.
[INFO DRT-0182] Complete track assignment.
[INFO DRT-0267] cpu time = 00:00:29, elapsed time = 00:00:08, memory = 6435.40 (MB), peak = 6841.74 (MB)
[INFO DRT-0187] Start routing data preparation.
[INFO DRT-0267] cpu time = 00:00:00, elapsed time = 00:00:00, memory = 6435.40 (MB), peak = 6841.74 (MB)
[INFO DRT-0194] Start detail routing.
[INFO DRT-0195] Start 0th optimization iteration.
    Completing 10% with 0 violations.
    elapsed time = 00:00:01, memory = 6555.12 (MB).
    Completing 20% with 0 violations.
    elapsed time = 00:00:03, memory = 6483.70 (MB).
    Completing 30% with 12 violations.
    elapsed time = 00:00:06, memory = 6471.67 (MB).
    Completing 40% with 12 violations.
    elapsed time = 00:00:08, memory = 6495.61 (MB).
    Completing 50% with 12 violations.
    elapsed time = 00:00:10, memory = 6596.38 (MB).
    Completing 60% with 12 violations.
    elapsed time = 00:00:13, memory = 6566.53 (MB).
    Completing 70% with 12 violations.
    elapsed time = 00:00:15, memory = 6661.12 (MB).
    Completing 80% with 14 violations.
    elapsed time = 00:00:18, memory = 6441.71 (MB).
    Completing 90% with 14 violations.
    elapsed time = 00:00:20, memory = 6662.93 (MB).
    Completing 100% with 14 violations.
    elapsed time = 00:00:23, memory = 6473.11 (MB).
[INFO DRT-0199]   Number of violations = 22.
Viol/Layer        met3
Recheck              8
Short               14
[INFO DRT-0267] cpu time = 00:05:15, elapsed time = 00:00:23, memory = 6473.11 (MB), peak = 6878.14 (MB)
Total wire length = 3666530 um.
Total wire length on LAYER li1 = 0 um.
Total wire length on LAYER met1 = 1592904 um.
Total wire length on LAYER met2 = 1483396 um.
Total wire length on LAYER met3 = 363151 um.
Total wire length on LAYER met4 = 225118 um.
Total wire length on LAYER met5 = 1958 um.
Total number of vias = 631926.
Up-via summary (total 631926):

-------------------------
 FR_MASTERSLICE         0
            li1    293161
           met1    307934
           met2     25955
           met3      4652
           met4       224
-------------------------
               631926


[INFO DRT-0195] Start 1st optimization iteration.
    Completing 10% with 22 violations.
    elapsed time = 00:00:01, memory = 6733.20 (MB).
    Completing 20% with 22 violations.
    elapsed time = 00:00:03, memory = 6508.60 (MB).
    Completing 30% with 12 violations.
    elapsed time = 00:00:06, memory = 6573.85 (MB).
    Completing 40% with 12 violations.
    elapsed time = 00:00:08, memory = 6622.90 (MB).
    Completing 50% with 12 violations.
    elapsed time = 00:00:10, memory = 6620.90 (MB).
    Completing 60% with 12 violations.
    elapsed time = 00:00:13, memory = 6717.97 (MB).
    Completing 70% with 12 violations.
    elapsed time = 00:00:15, memory = 6684.24 (MB).
    Completing 80% with 1 violations.
    elapsed time = 00:00:18, memory = 6647.83 (MB).
    Completing 90% with 1 violations.
    elapsed time = 00:00:20, memory = 6697.39 (MB).
    Completing 100% with 1 violations.
    elapsed time = 00:00:23, memory = 6470.81 (MB).
[INFO DRT-0199]   Number of violations = 1.
Viol/Layer        met3
Short                1
[INFO DRT-0267] cpu time = 00:05:15, elapsed time = 00:00:23, memory = 6470.81 (MB), peak = 6957.44 (MB)
Total wire length = 3666526 um.
Total wire length on LAYER li1 = 0 um.
Total wire length on LAYER met1 = 1592904 um.
Total wire length on LAYER met2 = 1483396 um.
Total wire length on LAYER met3 = 363148 um.
Total wire length on LAYER met4 = 225118 um.
Total wire length on LAYER met5 = 1958 um.
Total number of vias = 631927.
Up-via summary (total 631927):

-------------------------
 FR_MASTERSLICE         0
            li1    293162
           met1    307934
           met2     25955
           met3      4652
           met4       224
-------------------------
               631927


[INFO DRT-0195] Start 2nd optimization iteration.
    Completing 10% with 1 violations.
    elapsed time = 00:00:00, memory = 6470.81 (MB).
    Completing 20% with 1 violations.
    elapsed time = 00:00:00, memory = 6470.81 (MB).
    Completing 30% with 1 violations.
    elapsed time = 00:00:00, memory = 6470.81 (MB).
    Completing 40% with 1 violations.
    elapsed time = 00:00:00, memory = 6470.81 (MB).
    Completing 50% with 1 violations.
    elapsed time = 00:00:00, memory = 6470.81 (MB).
    Completing 60% with 1 violations.
    elapsed time = 00:00:00, memory = 6470.81 (MB).
    Completing 70% with 1 violations.
    elapsed time = 00:00:00, memory = 6470.81 (MB).
    Completing 80% with 1 violations.
    elapsed time = 00:00:00, memory = 6470.81 (MB).
    Completing 90% with 1 violations.
    elapsed time = 00:00:00, memory = 6470.81 (MB).
    Completing 100% with 1 violations.
    elapsed time = 00:00:00, memory = 6470.81 (MB).
[INFO DRT-0199]   Number of violations = 1.
Viol/Layer        met3
Short                1
[INFO DRT-0267] cpu time = 00:00:01, elapsed time = 00:00:00, memory = 6470.81 (MB), peak = 6957.44 (MB)
Total wire length = 3666526 um.
Total wire length on LAYER li1 = 0 um.
Total wire length on LAYER met1 = 1592904 um.
Total wire length on LAYER met2 = 1483396 um.
Total wire length on LAYER met3 = 363148 um.
Total wire length on LAYER met4 = 225118 um.
Total wire length on LAYER met5 = 1958 um.
Total number of vias = 631927.
Up-via summary (total 631927):

-------------------------
 FR_MASTERSLICE         0
            li1    293162
           met1    307934
           met2     25955
           met3      4652
           met4       224
-------------------------
               631927


[INFO DRT-0195] Start 3rd guides tiles iteration.
    Completing 100% with 0 violations.
    elapsed time = 00:00:00, memory = 6470.81 (MB).
[INFO DRT-0199]   Number of violations = 0.
[INFO DRT-0267] cpu time = 00:00:01, elapsed time = 00:00:00, memory = 6470.81 (MB), peak = 6957.44 (MB)
Total wire length = 3666514 um.
Total wire length on LAYER li1 = 0 um.
Total wire length on LAYER met1 = 1592905 um.
Total wire length on LAYER met2 = 1483397 um.
Total wire length on LAYER met3 = 363134 um.
Total wire length on LAYER met4 = 225118 um.
Total wire length on LAYER met5 = 1958 um.
Total number of vias = 631926.
Up-via summary (total 631926):

-------------------------
 FR_MASTERSLICE         0
            li1    293161
           met1    307934
           met2     25955
           met3      4652
           met4       224
-------------------------
               631926


[INFO DRT-0198] Complete detail routing.
Total wire length = 3666514 um.
Total wire length on LAYER li1 = 0 um.
Total wire length on LAYER met1 = 1592905 um.
Total wire length on LAYER met2 = 1483397 um.
Total wire length on LAYER met3 = 363134 um.
Total wire length on LAYER met4 = 225118 um.
Total wire length on LAYER met5 = 1958 um.
Total number of vias = 631926.
Up-via summary (total 631926):

-------------------------
 FR_MASTERSLICE         0
            li1    293161
           met1    307934
           met2     25955
           met3      4652
           met4       224
-------------------------
               631926


[INFO DRT-0267] cpu time = 00:10:34, elapsed time = 00:00:49, memory = 6470.81 (MB), peak = 6957.44 (MB)

[INFO DRT-0180] Post processing.
[INFO DRT-0501] Runtime: 145.46s
[INFO ANT-0002] Found 0 net violations.
[INFO ANT-0001] Found 0 pin violations.
[INFO ANT-0002] Found 0 net violations.
[INFO ANT-0001] Found 0 pin violations.
Design area 708053 um^2 15% utilization.
write_db ./results/sky130hd/d_dsp03_cand_chat_v2/base/5_2_route.odb
Elapsed time: 30:47.47[h:]min:sec. CPU time: user 23980.88 sys 55.10 (1301%). Peak memory: 7124420KB.
Log                       Ext     Elapsed/s Peak Memory/MB sha1sum result [0:20)
5_2_route                 .odb         1847           6957 3de70126b468dea8eba1
/OpenROAD-flow-scripts/flow/scripts/flow.sh 5_3_fillcell fillcell
Running fillcell.tcl, stage 5_3_fillcell
read_liberty /OpenROAD-flow-scripts/flow/platforms/sky130hd/lib/sky130_fd_sc_hd__tt_025C_1v80.lib
read_db ./results/sky130hd/d_dsp03_cand_chat_v2/base/5_2_route.odb
read_sdc ./results/sky130hd/d_dsp03_cand_chat_v2/base/5_1_grt.sdc
source /OpenROAD-flow-scripts/flow/platforms/sky130hd/setRC.tcl
filler_placement "sky130_fd_sc_hd__fill_1 sky130_fd_sc_hd__fill_2 sky130_fd_sc_hd__fill_4 sky130_fd_sc_hd__fill_8"
[INFO DPL-0001] Placed 533707 filler instances.
Design area 708053 um^2 15% utilization.
write_db ./results/sky130hd/d_dsp03_cand_chat_v2/base/5_3_fillcell.odb
Elapsed time: 0:04.04[h:]min:sec. CPU time: user 3.59 sys 0.44 (99%). Peak memory: 1105956KB.
Log                       Ext     Elapsed/s Peak Memory/MB sha1sum result [0:20)
5_3_fillcell              .odb            4           1080 8d9a8e8076dabcbc5808
cp ./results/sky130hd/d_dsp03_cand_chat_v2/base/5_3_fillcell.odb ./results/sky130hd/d_dsp03_cand_chat_v2/base/5_route.odb
cp ./results/sky130hd/d_dsp03_cand_chat_v2/base/5_1_grt.sdc ./results/sky130hd/d_dsp03_cand_chat_v2/base/5_route.sdc
/OpenROAD-flow-scripts/flow/scripts/flow.sh 6_1_fill density_fill
Running density_fill.tcl, stage 6_1_fill
read_liberty /OpenROAD-flow-scripts/flow/platforms/sky130hd/lib/sky130_fd_sc_hd__tt_025C_1v80.lib
read_db ./results/sky130hd/d_dsp03_cand_chat_v2/base/5_route.odb
read_sdc ./results/sky130hd/d_dsp03_cand_chat_v2/base/5_route.sdc
source /OpenROAD-flow-scripts/flow/platforms/sky130hd/setRC.tcl
exec cp ./results/sky130hd/d_dsp03_cand_chat_v2/base/5_route.odb ./results/sky130hd/d_dsp03_cand_chat_v2/base/6_1_fill.odb
Elapsed time: 0:01.66[h:]min:sec. CPU time: user 1.30 sys 0.35 (99%). Peak memory: 716552KB.
Log                       Ext     Elapsed/s Peak Memory/MB sha1sum result [0:20)
6_1_fill                  .odb            1            699 8d9a8e8076dabcbc5808
cp ./results/sky130hd/d_dsp03_cand_chat_v2/base/5_route.sdc ./results/sky130hd/d_dsp03_cand_chat_v2/base/6_1_fill.sdc
/OpenROAD-flow-scripts/flow/scripts/flow.sh 6_report final_report
Running final_report.tcl, stage 6_report
read_liberty /OpenROAD-flow-scripts/flow/platforms/sky130hd/lib/sky130_fd_sc_hd__tt_025C_1v80.lib
read_db ./results/sky130hd/d_dsp03_cand_chat_v2/base/6_1_fill.odb
read_sdc ./results/sky130hd/d_dsp03_cand_chat_v2/base/6_1_fill.sdc
source /OpenROAD-flow-scripts/flow/platforms/sky130hd/setRC.tcl
write_db ./results/sky130hd/d_dsp03_cand_chat_v2/base/6_final.odb
write_sdc -no_timestamp ./results/sky130hd/d_dsp03_cand_chat_v2/base/6_final.sdc
Deleted 0 routing obstructions
Warning: master sky130_ef_sc_hd__decap_12 has signal pins but no liberty cell
[INFO RCX-0431] Defined process_corner X with ext_model_index 0
[INFO RCX-0029] Defined extraction corner X
[WARNING RCX-0514] The ext_model_file option is deprecated. Use set_extraction_rules_file command instead.
[INFO RCX-0435] Reading extraction model file /OpenROAD-flow-scripts/flow/platforms/sky130hd/rcx_patterns.rules ...
[INFO RCX-0436] RC segment generation fp_multifmt_fma (max_merge_res 50.0) ...
[INFO RCX-0040] Final 357600 rc segments
[INFO RCX-0439] Coupling Cap extraction fp_multifmt_fma ...
[INFO RCX-0440] Coupling threshhold is 0.1000 fF, coupling capacitance less than 0.1000 fF will be grounded.
[INFO RCX-0442] 20% of 776022 wires extracted
[INFO RCX-0442] 44% of 776022 wires extracted
[INFO RCX-0442] 58% of 776022 wires extracted
[INFO RCX-0442] 64% of 776022 wires extracted
[INFO RCX-0442] 74% of 776022 wires extracted
[INFO RCX-0442] 84% of 776022 wires extracted
[INFO RCX-0442] 100% of 776022 wires extracted
[INFO RCX-0045] Extract 93339 nets, 449706 rsegs, 449706 caps, 834191 ccs
[INFO RCX-0443] 93339 nets finished
[INFO PSM-0040] All shapes on net VDD are connected.
########## IR report #################
Net              : VDD
Corner           : default
Total power      : 6.88e-01 W
Supply voltage   : 1.80e+00 V
Worstcase voltage: 1.80e+00 V
Average voltage  : 1.80e+00 V
Average IR drop  : 3.31e-05 V
Worstcase IR drop: 2.92e-03 V
Percentage drop  : 0.16 %
######################################
[INFO PSM-0040] All shapes on net VSS are connected.
########## IR report #################
Net              : VSS
Corner           : default
Total power      : 6.88e-01 W
Supply voltage   : 0.00e+00 V
Worstcase voltage: 2.75e-03 V
Average voltage  : 3.34e-05 V
Average IR drop  : 3.34e-05 V
Worstcase IR drop: 2.75e-03 V
Percentage drop  : 0.15 %
######################################
Cell type report:                       Count       Area
  Fill cell                            533707 3903143.42
  Tap cell                              61302   76701.06
  Antenna cell                            729    1824.25
  Clock buffer                              9     225.22
  Timing Repair Buffer                  20761  165865.33
  Inverter                               3637   13708.15
  Clock inverter                            7      96.34
  Sequential cell                          69    1806.73
  Multi-Input combinational cell        62989  447825.75
  Total                                683210 4611196.25
Report metrics stage 6, finish...

==========================================================================
finish report_design_area
--------------------------------------------------------------------------
Design area 708053 um^2 15% utilization.
[WARNING GUI-0076] QStandardPaths: XDG_RUNTIME_DIR not set, defaulting to '/tmp/runtime-'
Elapsed time: 1:14.32[h:]min:sec. CPU time: user 83.96 sys 19.98 (139%). Peak memory: 2812236KB.
Log                       Ext     Elapsed/s Peak Memory/MB sha1sum result [0:20)
6_report                                 74           2746                  N/A
cp /OpenROAD-flow-scripts/flow/platforms/sky130hd/lef/sky130_fd_sc_hd.tlef ./objects/sky130hd/d_dsp03_cand_chat_v2/base/klayout_tech.lef
/usr/bin/python3 /OpenROAD-flow-scripts/flow/util/generate_klayout_tech.py \
	--template /OpenROAD-flow-scripts/flow/platforms/sky130hd/sky130hd.lyt \
	--output ./objects/sky130hd/d_dsp03_cand_chat_v2/base/klayout.lyt \
	--lef-files ./objects/sky130hd/d_dsp03_cand_chat_v2/base/klayout_tech.lef /OpenROAD-flow-scripts/flow/platforms/sky130hd/lef/sky130_fd_sc_hd_merged.lef   \
	--map-files 
/usr/bin/python3 /OpenROAD-flow-scripts/flow/scripts/run_command.py --log /OpenROAD-flow-scripts/flow/logs/sky130hd/d_dsp03_cand_chat_v2/base/6_1_merge.log --tee -- \
        /OpenROAD-flow-scripts/flow/scripts/klayout.sh -zz -rd design_name=fp_multifmt_fma \
        -rd in_def=./results/sky130hd/d_dsp03_cand_chat_v2/base/6_final.def \
        -rd in_files="/OpenROAD-flow-scripts/flow/platforms/sky130hd/gds/sky130_fd_sc_hd.gds  " \
        -rd seal_file="" \
        -rd out_file=./results/sky130hd/d_dsp03_cand_chat_v2/base/6_1_merged.gds \
        -rd tech_file=./objects/sky130hd/d_dsp03_cand_chat_v2/base/klayout.lyt \
        -rd layer_map= \
        -r /OpenROAD-flow-scripts/flow/util/def2stream.py
KLayout 0.30.7
[INFO] Reporting cells prior to loading DEF ...
	/OpenROAD-flow-scripts/flow/platforms/sky130hd/gds/sky130_fd_sc_hd.gds
[INFO] All LEF cells have matching GDS/OAS cells
[INFO] No orphan cells in the final layout
Elapsed time: 0:07.15[h:]min:sec. CPU time: user 6.77 sys 0.36 (99%). Peak memory: 1185528KB.
cp results/sky130hd/d_dsp03_cand_chat_v2/base/6_1_merged.gds results/sky130hd/d_dsp03_cand_chat_v2/base/6_final.gds
./logs/sky130hd/d_dsp03_cand_chat_v2/base
Log                       Ext     Elapsed/s Peak Memory/MB sha1sum result [0:20)
1_1_yosys_canonicalize    .rtlil          3            298 f22a039e80801c7e03e8
1_2_yosys                 .v           1365           3165 9e3d91953359813c472a
1_2_yosys                 .sdc                             95fedfb2a7e96a963bd7
1_synth                   .odb            1            312 cbb10de2bc45ad3b7daa
1_synth                   .sdc                             f7c68b696e4a5492df2c
2_1_floorplan             .odb           29            405 17feee0c5a8517c2cebb
2_1_floorplan             .sdc                             f7c68b696e4a5492df2c
2_2_floorplan_macro       .odb            0            241 17feee0c5a8517c2cebb
2_3_floorplan_tapcell     .odb            0            234 69b53f4d81ef2dfe6c3c
2_4_floorplan_pdn         .odb            3            474 a3e85ea4dfb98a917c52
3_1_place_gp_skip_io      .odb           43            495 db3c6ab8ff459e312d69
3_2_place_iop             .odb            0            326 410fe258f81d22961b36
3_3_place_gp              .odb          335           1295 e76ba75a3c607ed569d6
3_4_place_resized         .odb           18            573 91c8f52d54d98b29e6b9
3_5_place_dp              .odb           41            829 645cf2ba0eb716daf1ba
4_1_cts                   .odb          351            850 72110b01df2cd3d9df40
5_1_grt                   .odb         1216           2322 1e83572d238000f85fba
5_1_grt                   .sdc                             db39dd94c64cd4d3c343
5_2_route                 .odb         1847           6957 3de70126b468dea8eba1
5_3_fillcell              .odb            4           1080 8d9a8e8076dabcbc5808
6_1_fill                  .odb            1            699 8d9a8e8076dabcbc5808
6_1_fill                  .sdc                             db39dd94c64cd4d3c343
6_1_merge                                 7           1157                  N/A
6_report                                 74           2746                  N/A
Total                                  5338           6957                     
