clean build: wiped sky130hd/d_ca04_async_fifo_cdc (results, logs, objects, reports)
constraining to CLK_PERIOD_NS=4.5000 (SDC + synthesis)
OPENROAD: /OpenROAD-flow-scripts/tools/OpenROAD
mkdir -p results/sky130hd/d_ca04_async_fifo_cdc/base/
echo 4500 > results/sky130hd/d_ca04_async_fifo_cdc/base/clock_period.txt
/OpenROAD-flow-scripts/flow/scripts/synth.sh /OpenROAD-flow-scripts/flow/scripts/synth_canonicalize.tcl ./logs/sky130hd/d_ca04_async_fifo_cdc/base/1_1_yosys_canonicalize.log
Using ABC speed script.
Extracting clock period from SDC file: ./results/sky130hd/d_ca04_async_fifo_cdc/base/clock_period.txt
Setting clock period to 4500
1. Executing Liberty frontend: /OpenROAD-flow-scripts/flow/platforms/sky130hd/lib/sky130_fd_sc_hd__tt_025C_1v80.lib
2. Executing Liberty frontend: /OpenROAD-flow-scripts/flow/platforms/sky130hd/lib/sky130_fd_sc_hd__tt_025C_1v80.lib
3. Executing SLANG frontend.
3.1. Executing PROC_CLEAN pass (remove empty switches from decision trees).
3.2. Executing TRIBUF pass.
3.3. Executing PROC_RMDEAD pass (remove dead branches from decision trees).
3.4. Executing PROC_PRUNE pass (remove redundant assignments in processes).
3.5. Executing PROC_INIT pass (extract init attributes).
3.6. Executing PROC_ROM pass (convert switches to ROMs).
3.7. Executing PROC_MUX pass (convert decision trees to multiplexers).
3.8. Executing PROC_CLEAN pass (remove empty switches from decision trees).
3.9. Executing OPT_EXPR pass (perform const folding).
4. Executing HIERARCHY pass (managing design hierarchy).
4.1. Analyzing design hierarchy..
4.2. Analyzing design hierarchy..
5. Executing OPT_CLEAN pass (remove unused cells and wires).
6. Executing RTLIL backend.
End of script. Logfile hash: 23b11143f3, time: 0.52s, user: 0.41s, system: 0.03s, MEM: 84.16 MB peak
Yosys 0.68+post (git sha1 UNKNOWN, Release, GNU /usr/local/bin/wrapped-cc/g++ 11.4.0)
Time spent: 57% 2x read_slang (0 sec), 26% 4x read_liberty (0 sec), ...
Elapsed time: 0:00.58[h:]min:sec. CPU time: user 0.50 sys 0.03 (92%). Peak memory: 88396KB.
Log                       Ext     Elapsed/s Peak Memory/MB sha1sum result [0:20)
1_1_yosys_canonicalize    .rtlil          0             86 62f757a249a528627a7c
/OpenROAD-flow-scripts/flow/scripts/synth.sh /OpenROAD-flow-scripts/flow/scripts/synth.tcl ./logs/sky130hd/d_ca04_async_fifo_cdc/base/1_2_yosys.log
Using ABC speed script.
Extracting clock period from SDC file: ./results/sky130hd/d_ca04_async_fifo_cdc/base/clock_period.txt
Setting clock period to 4500
1. Executing RTLIL frontend.
2. Executing HIERARCHY pass (managing design hierarchy).
2.1. Analyzing design hierarchy..
2.2. Analyzing design hierarchy..
3. Executing SYNTH pass.
3.1. Executing HIERARCHY pass (managing design hierarchy).
3.1.1. Analyzing design hierarchy..
3.1.2. Analyzing design hierarchy..
3.2. Executing PROC pass (convert processes to netlists).
3.2.1. Executing PROC_CLEAN pass (remove empty switches from decision trees).
3.2.2. Executing PROC_RMDEAD pass (remove dead branches from decision trees).
3.2.3. Executing PROC_PRUNE pass (remove redundant assignments in processes).
3.2.4. Executing PROC_INIT pass (extract init attributes).
3.2.5. Executing PROC_ARST pass (detect async resets in processes).
3.2.6. Executing PROC_ROM pass (convert switches to ROMs).
3.2.7. Executing PROC_MUX pass (convert decision trees to multiplexers).
3.2.8. Executing PROC_DLATCH pass (convert process syncs to latches).
3.2.9. Executing PROC_DFF pass (convert process syncs to FFs).
3.2.10. Executing PROC_MEMWR pass (convert process memory writes to cells).
3.2.11. Executing PROC_CLEAN pass (remove empty switches from decision trees).
3.2.12. Executing OPT_EXPR pass (perform const folding).
3.3. Executing CHECK pass (checking for obvious problems).
3.4. Executing FLATTEN pass (flatten design).
3.5. Executing OPT_EXPR pass (perform const folding).
3.6. Executing OPT_CLEAN pass (remove unused cells and wires).
3.7. Executing CHECK pass (checking for obvious problems).
3.8. Executing OPT pass (performing simple optimizations).
3.8.1. Executing OPT_EXPR pass (perform const folding).
3.8.2. Executing OPT_MERGE pass (detect identical cells).
3.8.3. Executing OPT_MUXTREE pass (detect dead branches in mux trees).
3.8.4. Executing OPT_REDUCE pass (consolidate $*mux and $reduce_* inputs).
3.8.5. Executing OPT_MERGE pass (detect identical cells).
3.8.6. Executing OPT_DFF pass (perform DFF optimizations).
3.8.7. Executing OPT_CLEAN pass (remove unused cells and wires).
3.8.8. Executing OPT_EXPR pass (perform const folding).
3.8.9. Rerunning OPT passes. (Maybe there is more to do..)
3.8.10. Executing OPT_MUXTREE pass (detect dead branches in mux trees).
3.8.11. Executing OPT_REDUCE pass (consolidate $*mux and $reduce_* inputs).
3.8.12. Executing OPT_MERGE pass (detect identical cells).
3.8.13. Executing OPT_DFF pass (perform DFF optimizations).
3.8.14. Executing OPT_CLEAN pass (remove unused cells and wires).
3.8.15. Executing OPT_EXPR pass (perform const folding).
3.8.16. Finished fast OPT passes. (There is nothing left to do.)
3.9. Executing FSM pass (extract and optimize FSM).
3.9.1. Executing FSM_DETECT pass (finding FSMs in design).
3.9.2. Executing FSM_EXTRACT pass (extracting FSM from design).
3.9.3. Executing FSM_OPT pass (simple optimizations of FSMs).
3.9.4. Executing OPT_CLEAN pass (remove unused cells and wires).
3.9.5. Executing FSM_OPT pass (simple optimizations of FSMs).
3.9.6. Executing FSM_RECODE pass (re-assigning FSM state encoding).
3.9.7. Executing FSM_INFO pass (dumping all available information on FSM cells).
3.9.8. Executing FSM_MAP pass (mapping FSMs to basic logic).
3.10. Executing OPT pass (performing simple optimizations).
3.10.1. Executing OPT_EXPR pass (perform const folding).
3.10.2. Executing OPT_MERGE pass (detect identical cells).
3.10.3. Executing OPT_MUXTREE pass (detect dead branches in mux trees).
3.10.4. Executing OPT_REDUCE pass (consolidate $*mux and $reduce_* inputs).
3.10.5. Executing OPT_MERGE pass (detect identical cells).
3.10.6. Executing OPT_DFF pass (perform DFF optimizations).
3.10.7. Executing OPT_CLEAN pass (remove unused cells and wires).
3.10.8. Executing OPT_EXPR pass (perform const folding).
3.10.9. Rerunning OPT passes. (Maybe there is more to do..)
3.10.10. Executing OPT_MUXTREE pass (detect dead branches in mux trees).
3.10.11. Executing OPT_REDUCE pass (consolidate $*mux and $reduce_* inputs).
3.10.12. Executing OPT_MERGE pass (detect identical cells).
3.10.13. Executing OPT_DFF pass (perform DFF optimizations).
3.10.14. Executing OPT_CLEAN pass (remove unused cells and wires).
3.10.15. Executing OPT_EXPR pass (perform const folding).
3.10.16. Finished fast OPT passes. (There is nothing left to do.)
3.11. Executing WREDUCE pass (reducing word size of cells).
3.12. Executing PEEPOPT pass (run peephole optimizers).
3.13. Executing OPT_CLEAN pass (remove unused cells and wires).
3.14. Executing ALUMACC pass (create $alu and $macc cells).
3.15. Executing SHARE pass (SAT-based resource sharing).
3.16. Executing OPT pass (performing simple optimizations).
3.16.1. Executing OPT_EXPR pass (perform const folding).
3.16.2. Executing OPT_MERGE pass (detect identical cells).
3.16.3. Executing OPT_MUXTREE pass (detect dead branches in mux trees).
3.16.4. Executing OPT_REDUCE pass (consolidate $*mux and $reduce_* inputs).
3.16.5. Executing OPT_MERGE pass (detect identical cells).
3.16.6. Executing OPT_DFF pass (perform DFF optimizations).
3.16.7. Executing OPT_CLEAN pass (remove unused cells and wires).
3.16.8. Executing OPT_EXPR pass (perform const folding).
3.16.9. Rerunning OPT passes. (Maybe there is more to do..)
3.16.10. Executing OPT_MUXTREE pass (detect dead branches in mux trees).
3.16.11. Executing OPT_REDUCE pass (consolidate $*mux and $reduce_* inputs).
3.16.12. Executing OPT_MERGE pass (detect identical cells).
3.16.13. Executing OPT_DFF pass (perform DFF optimizations).
3.16.14. Executing OPT_CLEAN pass (remove unused cells and wires).
3.16.15. Executing OPT_EXPR pass (perform const folding).
3.16.16. Finished fast OPT passes. (There is nothing left to do.)
3.17. Executing MEMORY pass.
3.17.1. Executing OPT_MEM pass (optimize memories).
3.17.2. Executing OPT_MEM_PRIORITY pass (removing unnecessary memory write priority relations).
3.17.3. Executing OPT_MEM_FEEDBACK pass (finding memory read-to-write feedback paths).
3.17.4. Executing MEMORY_BMUX2ROM pass (converting muxes to ROMs).
3.17.5. Executing MEMORY_DFF pass (merging $dff cells to $memrd).
3.17.6. Executing OPT_CLEAN pass (remove unused cells and wires).
3.17.7. Executing MEMORY_SHARE pass (consolidating $memrd/$memwr cells).
3.17.8. Executing OPT_MEM_WIDEN pass (optimize memories where all ports are wide).
3.17.9. Executing OPT_CLEAN pass (remove unused cells and wires).
3.17.10. Executing MEMORY_COLLECT pass (generating $mem cells).
3.18. Executing OPT_CLEAN pass (remove unused cells and wires).
4. Executing SYNTH pass.
4.1. Executing OPT pass (performing simple optimizations).
4.1.1. Executing OPT_EXPR pass (perform const folding).
4.1.2. Executing OPT_MERGE pass (detect identical cells).
4.1.3. Executing OPT_DFF pass (perform DFF optimizations).
4.1.4. Executing OPT_CLEAN pass (remove unused cells and wires).
4.1.5. Finished fast OPT passes.
4.2. Executing MEMORY_MAP pass (converting memories to logic and flip-flops).
4.3. Executing OPT pass (performing simple optimizations).
4.3.1. Executing OPT_EXPR pass (perform const folding).
4.3.2. Executing OPT_MERGE pass (detect identical cells).
4.3.3. Executing OPT_MUXTREE pass (detect dead branches in mux trees).
4.3.4. Executing OPT_REDUCE pass (consolidate $*mux and $reduce_* inputs).
4.3.5. Executing OPT_MERGE pass (detect identical cells).
4.3.6. Executing OPT_SHARE pass.
4.3.7. Executing OPT_DFF pass (perform DFF optimizations).
4.3.8. Executing OPT_CLEAN pass (remove unused cells and wires).
4.3.9. Executing OPT_EXPR pass (perform const folding).
4.3.10. Rerunning OPT passes. (Maybe there is more to do..)
4.3.11. Executing OPT_MUXTREE pass (detect dead branches in mux trees).
4.3.12. Executing OPT_REDUCE pass (consolidate $*mux and $reduce_* inputs).
4.3.13. Executing OPT_MERGE pass (detect identical cells).
4.3.14. Executing OPT_SHARE pass.
4.3.15. Executing OPT_DFF pass (perform DFF optimizations).
4.3.16. Executing OPT_CLEAN pass (remove unused cells and wires).
4.3.17. Executing OPT_EXPR pass (perform const folding).
4.3.18. Finished fast OPT passes. (There is nothing left to do.)
4.4. Executing TECHMAP pass (map to technology primitives).
4.4.1. Executing Verilog-2005 frontend: /OpenROAD-flow-scripts/tools/install/yosys/bin/../share/yosys/techmap.v
4.4.2. Executing Verilog-2005 frontend: /OpenROAD-flow-scripts/flow/platforms/common/lcu_kogge_stone.v
4.4.3. Continuing TECHMAP pass.
4.5. Executing OPT pass (performing simple optimizations).
4.5.1. Executing OPT_EXPR pass (perform const folding).
4.5.2. Executing OPT_MERGE pass (detect identical cells).
4.5.3. Executing OPT_DFF pass (perform DFF optimizations).
4.5.4. Executing OPT_CLEAN pass (remove unused cells and wires).
4.5.5. Rerunning OPT passes. (Removed registers in this run.)
4.5.6. Executing OPT_EXPR pass (perform const folding).
4.5.7. Executing OPT_MERGE pass (detect identical cells).
4.5.8. Executing OPT_DFF pass (perform DFF optimizations).
4.5.9. Executing OPT_CLEAN pass (remove unused cells and wires).
4.5.10. Finished fast OPT passes.
4.6. Executing HIERARCHY pass (managing design hierarchy).
4.6.1. Analyzing design hierarchy..
4.6.2. Analyzing design hierarchy..
4.7. Printing statistics.
4.8. Executing CHECK pass (checking for obvious problems).
5. Executing OPT pass (performing simple optimizations).
5.1. Executing OPT_EXPR pass (perform const folding).
5.2. Executing OPT_MERGE pass (detect identical cells).
5.3. Executing OPT_MUXTREE pass (detect dead branches in mux trees).
5.4. Executing OPT_REDUCE pass (consolidate $*mux and $reduce_* inputs).
5.5. Executing OPT_MERGE pass (detect identical cells).
5.6. Executing OPT_DFF pass (perform DFF optimizations).
5.7. Executing OPT_CLEAN pass (remove unused cells and wires).
5.8. Executing OPT_EXPR pass (perform const folding).
5.9. Rerunning OPT passes. (Maybe there is more to do..)
5.10. Executing OPT_MUXTREE pass (detect dead branches in mux trees).
5.11. Executing OPT_REDUCE pass (consolidate $*mux and $reduce_* inputs).
5.12. Executing OPT_MERGE pass (detect identical cells).
5.13. Executing OPT_DFF pass (perform DFF optimizations).
5.14. Executing OPT_CLEAN pass (remove unused cells and wires).
5.15. Executing OPT_EXPR pass (perform const folding).
5.16. Finished fast OPT passes. (There is nothing left to do.)
6. Executing EXTRACT_FA pass (find and extract full/half adders).
7. Executing TECHMAP pass (map to technology primitives).
7.1. Executing Verilog-2005 frontend: /OpenROAD-flow-scripts/flow/platforms/sky130hd/cells_adders_hd.v
7.2. Continuing TECHMAP pass.
8. Executing TECHMAP pass (map to technology primitives).
8.1. Executing Verilog-2005 frontend: /OpenROAD-flow-scripts/tools/install/yosys/bin/../share/yosys/techmap.v
8.2. Continuing TECHMAP pass.
9. Executing OPT pass (performing simple optimizations).
9.1. Executing OPT_EXPR pass (perform const folding).
9.2. Executing OPT_MERGE pass (detect identical cells).
9.3. Executing OPT_DFF pass (perform DFF optimizations).
9.4. Executing OPT_CLEAN pass (remove unused cells and wires).
9.5. Finished fast OPT passes.
10. Executing DFFLEGALIZE pass (convert FFs to types supported by the target).
11. Executing TECHMAP pass (map to technology primitives).
11.1. Executing Verilog-2005 frontend: /OpenROAD-flow-scripts/flow/platforms/sky130hd/cells_latch_hd.v
11.2. Continuing TECHMAP pass.
12. Executing DFFLIBMAP pass (mapping DFF cells to sequential cells from liberty file).
12.1. Executing DFFLEGALIZE pass (convert FFs to types supported by the target).
13. Executing OPT pass (performing simple optimizations).
13.1. Executing OPT_EXPR pass (perform const folding).
13.2. Executing OPT_MERGE pass (detect identical cells).
13.3. Executing OPT_MUXTREE pass (detect dead branches in mux trees).
13.4. Executing OPT_REDUCE pass (consolidate $*mux and $reduce_* inputs).
13.5. Executing OPT_MERGE pass (detect identical cells).
13.6. Executing OPT_DFF pass (perform DFF optimizations).
13.7. Executing OPT_CLEAN pass (remove unused cells and wires).
13.8. Executing OPT_EXPR pass (perform const folding).
13.9. Finished fast OPT passes. (There is nothing left to do.)
14. Executing SETUNDEF pass (replace undef values with defined constants).
abc -script /OpenROAD-flow-scripts/flow/scripts/abc_speed.script -liberty /OpenROAD-flow-scripts/flow/platforms/sky130hd/lib/sky130_fd_sc_hd__tt_025C_1v80.lib -dont_use sky130_fd_sc_hd__probe_p_8 -dont_use sky130_fd_sc_hd__probec_p_8 -dont_use sky130_fd_sc_hd__lpflow_bleeder_1 -dont_use sky130_fd_sc_hd__lpflow_clkbufkapwr_1 -dont_use sky130_fd_sc_hd__lpflow_clkbufkapwr_16 -dont_use sky130_fd_sc_hd__lpflow_clkbufkapwr_2 -dont_use sky130_fd_sc_hd__lpflow_clkbufkapwr_4 -dont_use sky130_fd_sc_hd__lpflow_clkbufkapwr_8 -dont_use sky130_fd_sc_hd__lpflow_clkinvkapwr_1 -dont_use sky130_fd_sc_hd__lpflow_clkinvkapwr_16 -dont_use sky130_fd_sc_hd__lpflow_clkinvkapwr_2 -dont_use sky130_fd_sc_hd__lpflow_clkinvkapwr_4 -dont_use sky130_fd_sc_hd__lpflow_clkinvkapwr_8 -dont_use sky130_fd_sc_hd__lpflow_decapkapwr_12 -dont_use sky130_fd_sc_hd__lpflow_decapkapwr_3 -dont_use sky130_fd_sc_hd__lpflow_decapkapwr_4 -dont_use sky130_fd_sc_hd__lpflow_decapkapwr_6 -dont_use sky130_fd_sc_hd__lpflow_decapkapwr_8 -dont_use sky130_fd_sc_hd__lpflow_inputiso0n_1 -dont_use sky130_fd_sc_hd__lpflow_inputiso0p_1 -dont_use sky130_fd_sc_hd__lpflow_inputiso1n_1 -dont_use sky130_fd_sc_hd__lpflow_inputiso1p_1 -dont_use sky130_fd_sc_hd__lpflow_inputisolatch_1 -dont_use sky130_fd_sc_hd__lpflow_isobufsrc_1 -dont_use sky130_fd_sc_hd__lpflow_isobufsrc_16 -dont_use sky130_fd_sc_hd__lpflow_isobufsrc_2 -dont_use sky130_fd_sc_hd__lpflow_isobufsrc_4 -dont_use sky130_fd_sc_hd__lpflow_isobufsrc_8 -dont_use sky130_fd_sc_hd__lpflow_isobufsrckapwr_16 -dont_use sky130_fd_sc_hd__lpflow_lsbuf_lh_hl_isowell_tap_1 -dont_use sky130_fd_sc_hd__lpflow_lsbuf_lh_hl_isowell_tap_2 -dont_use sky130_fd_sc_hd__lpflow_lsbuf_lh_hl_isowell_tap_4 -dont_use sky130_fd_sc_hd__lpflow_lsbuf_lh_isowell_4 -dont_use sky130_fd_sc_hd__lpflow_lsbuf_lh_isowell_tap_1 -dont_use sky130_fd_sc_hd__lpflow_lsbuf_lh_isowell_tap_2 -dont_use sky130_fd_sc_hd__lpflow_lsbuf_lh_isowell_tap_4 -constr ./objects/sky130hd/d_ca04_async_fifo_cdc/base/abc.constr -D 4500
15. Executing ABC pass (technology mapping using ABC).
15.1. Extracting gate netlist of module `\async_fifo_cdc' to `<abc-temp-dir>/input.blif'..
15.1.1. Executed ABC.
15.1.2. Re-integrating ABC results.
16. Executing SPLITNETS pass (splitting up multi-bit signals).
17. Executing OPT_CLEAN pass (remove unused cells and wires).
18. Executing HILOMAP pass (mapping to constant drivers).
19. Executing INSBUF pass (insert buffer cells for connected wires).
20. Executing CHECK pass (checking for obvious problems).
21. Printing statistics.
22. Executing CHECK pass (checking for obvious problems).
23. Executing Verilog backend.
23.1. Executing BMUXMAP pass.
23.2. Executing DEMUXMAP pass.
End of script. Logfile hash: a06c42b9a7, time: 2.83s, user: 0.63s, system: 0.09s, MEM: 85.30 MB peak
Yosys 0.68+post (git sha1 UNKNOWN, Release, GNU /usr/local/bin/wrapped-cc/g++ 11.4.0)
Time spent: 77% 1x abc (1 sec), 3% 24x opt_clean (0 sec), ...
Elapsed time: 0:02.89[h:]min:sec. CPU time: user 2.74 sys 0.11 (98%). Peak memory: 89140KB.
Log                       Ext     Elapsed/s Peak Memory/MB sha1sum result [0:20)
1_2_yosys                 .v              2             87 32e958e4bc931cc27063
cp /work/domains/comp_arch/design/d_ca04_async_fifo_cdc/orfs/constraint.sdc ./results/sky130hd/d_ca04_async_fifo_cdc/base/1_2_yosys.sdc
OpenROAD 26Q3-1080-gab6fd26351 
Features included (+) or not (-): +GPU +GUI +Python
This program is licensed under the BSD-3 license. See the LICENSE file for details.
Components of this program may be licensed under more restrictive licenses which must be honored.
[INFO ORD-0030] Using 10 thread(s).
mkdir -p ./objects/sky130hd/d_ca04_async_fifo_cdc/base
/OpenROAD-flow-scripts/flow/scripts/flow.sh 1_synth synth_odb
Running synth_odb.tcl, stage 1_synth
read_liberty /OpenROAD-flow-scripts/flow/platforms/sky130hd/lib/sky130_fd_sc_hd__tt_025C_1v80.lib
[INFO ODB-0227] LEF file: /OpenROAD-flow-scripts/flow/platforms/sky130hd/lef/sky130_fd_sc_hd.tlef, created 13 layers, 25 vias
[INFO ODB-0227] LEF file: /OpenROAD-flow-scripts/flow/platforms/sky130hd/lef/sky130_fd_sc_hd_merged.lef, created 441 library cells
link_design async_fifo_cdc
read_sdc ./results/sky130hd/d_ca04_async_fifo_cdc/base/1_2_yosys.sdc
source /OpenROAD-flow-scripts/flow/platforms/sky130hd/setRC.tcl
eliminate_dead_logic
Removed 0 unused instances and 0 unused nets.
Design area 15361 um^2 100% utilization.
write_db ./results/sky130hd/d_ca04_async_fifo_cdc/base/1_synth.odb
write_sdc -no_timestamp ./results/sky130hd/d_ca04_async_fifo_cdc/base/1_synth.sdc
Elapsed time: 0:00.68[h:]min:sec. CPU time: user 0.62 sys 0.02 (95%). Peak memory: 149296KB.
Log                       Ext     Elapsed/s Peak Memory/MB sha1sum result [0:20)
1_synth                   .odb            0            145 6d257907d09a20eef051
1_synth                   .sdc                             fe6451089bd5960df93f
/OpenROAD-flow-scripts/flow/scripts/flow.sh 2_1_floorplan floorplan
Running floorplan.tcl, stage 2_1_floorplan
read_liberty /OpenROAD-flow-scripts/flow/platforms/sky130hd/lib/sky130_fd_sc_hd__tt_025C_1v80.lib
read_db ./results/sky130hd/d_ca04_async_fifo_cdc/base/1_synth.odb
read_sdc ./results/sky130hd/d_ca04_async_fifo_cdc/base/1_synth.sdc
source /OpenROAD-flow-scripts/flow/platforms/sky130hd/setRC.tcl
Master sky130_ef_sc_hd__decap_12 is loaded but not used in the design

==========================================================================
Floorplan check_setup
--------------------------------------------------------------------------
number instances in verilog is 1085
[INFO IFP-0107] Defining die area using utilization: 10.00% and aspect ratio: 1.
[WARNING IFP-0028] Core area lower left (1.000, 1.000) snapped to (1.380, 2.720).
[INFO IFP-0001] Added 143 rows of 851 site unithd.
[INFO IFP-0100] Die BBox:  (  0.000  0.000 ) ( 393.930 393.930 ) um
[INFO IFP-0101] Core BBox: (  1.380  2.720 ) ( 392.840 391.680 ) um
[INFO IFP-0102] Core area:                       152262.282 um^2
[INFO IFP-0103] Total instances area:             15360.982 um^2
[INFO IFP-0104] Effective utilization:                0.101
[INFO IFP-0105] Number of instances:                   1085
source /OpenROAD-flow-scripts/flow/platforms/sky130hd/make_tracks.tcl
source /OpenROAD-flow-scripts/flow/platforms/sky130hd/fastroute.tcl
Repair tie lo fanout...
Repair tie hi fanout...
repair_timing -setup_margin 0 -hold_margin 0 -repair_tns 100 -match_cell_footprint -setup -skip_last_gasp -sequence unbuffer,sizeup,swap,vt_swap -verbose
[WARNING EST-0027] no estimated parasitics. Using wire load models.
[INFO RSZ-0100] Repair move sequence: UnbufferMove SizeUpMove SwapPinsMove 
[INFO RSZ-0098] No setup violations found
[INFO RSZ-0505] Runtime: 0.04s
Default units for flow
 time 1ns
 capacitance 1pF
 resistance 1kohm
 voltage 1v
 current 1mA
 power 1nW
 distance 1um
   Layer   | Unit Resistance | Unit Capacitance 
           |       (kohm/um) |          (pF/um)
------------------------------------------------
       li1 |        7.18e-02 |         1.50e-04
      met1 |        1.21e-03 |         1.72e-04
      met2 |        1.22e-03 |         1.36e-04
      met3 |        1.66e-04 |         2.15e-04
      met4 |        1.68e-04 |         1.48e-04
      met5 |        1.84e-05 |         1.54e-04
------------------------------------------------

   Layer   | Via Resistance 
           |         (kohm) 
----------------------------
      mcon |       9.25e-03 
       via |       4.50e-03 
      via2 |       3.37e-03 
      via3 |       3.77e-04 
      via4 |       5.80e-06 
----------------------------
Report metrics stage 2, floorplan final...

==========================================================================
floorplan final report_design_area
--------------------------------------------------------------------------
Design area 15361 um^2 10% utilization.
write_db ./results/sky130hd/d_ca04_async_fifo_cdc/base/2_1_floorplan.odb
write_sdc -no_timestamp ./results/sky130hd/d_ca04_async_fifo_cdc/base/2_1_floorplan.sdc
Elapsed time: 0:00.88[h:]min:sec. CPU time: user 0.82 sys 0.05 (99%). Peak memory: 186964KB.
Log                       Ext     Elapsed/s Peak Memory/MB sha1sum result [0:20)
2_1_floorplan             .odb            0            182 88212955a44094e2e63c
2_1_floorplan             .sdc                             fe6451089bd5960df93f
/OpenROAD-flow-scripts/flow/scripts/flow.sh 2_2_floorplan_macro macro_place
Running macro_place.tcl, stage 2_2_floorplan_macro
read_liberty /OpenROAD-flow-scripts/flow/platforms/sky130hd/lib/sky130_fd_sc_hd__tt_025C_1v80.lib
read_db ./results/sky130hd/d_ca04_async_fifo_cdc/base/2_1_floorplan.odb
read_sdc ./results/sky130hd/d_ca04_async_fifo_cdc/base/2_1_floorplan.sdc
source /OpenROAD-flow-scripts/flow/platforms/sky130hd/setRC.tcl
No macros found: Skipping macro_placement
Design area 15361 um^2 10% utilization.
write_db ./results/sky130hd/d_ca04_async_fifo_cdc/base/2_2_floorplan_macro.odb
Elapsed time: 0:00.56[h:]min:sec. CPU time: user 0.53 sys 0.02 (97%). Peak memory: 143956KB.
Log                       Ext     Elapsed/s Peak Memory/MB sha1sum result [0:20)
2_2_floorplan_macro       .odb            0            140 88212955a44094e2e63c
/OpenROAD-flow-scripts/flow/scripts/flow.sh 2_3_floorplan_tapcell tapcell
Running tapcell.tcl, stage 2_3_floorplan_tapcell
read_liberty /OpenROAD-flow-scripts/flow/platforms/sky130hd/lib/sky130_fd_sc_hd__tt_025C_1v80.lib
read_db ./results/sky130hd/d_ca04_async_fifo_cdc/base/2_2_floorplan_macro.odb
read_sdc ./results/sky130hd/d_ca04_async_fifo_cdc/base/2_1_floorplan.sdc
source /OpenROAD-flow-scripts/flow/platforms/sky130hd/setRC.tcl
[INFO TAP-0005] Inserted 2030 tapcells.
Design area 17901 um^2 12% utilization.
write_db ./results/sky130hd/d_ca04_async_fifo_cdc/base/2_3_floorplan_tapcell.odb
Elapsed time: 0:00.59[h:]min:sec. CPU time: user 0.56 sys 0.02 (97%). Peak memory: 144264KB.
Log                       Ext     Elapsed/s Peak Memory/MB sha1sum result [0:20)
2_3_floorplan_tapcell     .odb            0            140 e033af45b96e2c01dff7
/OpenROAD-flow-scripts/flow/scripts/flow.sh 2_4_floorplan_pdn pdn
Running pdn.tcl, stage 2_4_floorplan_pdn
read_liberty /OpenROAD-flow-scripts/flow/platforms/sky130hd/lib/sky130_fd_sc_hd__tt_025C_1v80.lib
read_db ./results/sky130hd/d_ca04_async_fifo_cdc/base/2_3_floorplan_tapcell.odb
read_sdc ./results/sky130hd/d_ca04_async_fifo_cdc/base/2_1_floorplan.sdc
source /OpenROAD-flow-scripts/flow/platforms/sky130hd/setRC.tcl
[WARNING PDN-1051] No instances found for grid (CORE_macro_grid_1).
[WARNING PDN-1051] No instances found for grid (CORE_macro_grid_2).
[INFO PDN-0001] Inserting grid: grid
[INFO PDN-0500] Runtime: 0.07s
Design area 17901 um^2 12% utilization.
write_db ./results/sky130hd/d_ca04_async_fifo_cdc/base/2_4_floorplan_pdn.odb
Elapsed time: 0:00.69[h:]min:sec. CPU time: user 0.64 sys 0.02 (97%). Peak memory: 156528KB.
Log                       Ext     Elapsed/s Peak Memory/MB sha1sum result [0:20)
2_4_floorplan_pdn         .odb            0            152 f922b733943d030f5e47
cp ./results/sky130hd/d_ca04_async_fifo_cdc/base/2_4_floorplan_pdn.odb ./results/sky130hd/d_ca04_async_fifo_cdc/base/2_floorplan.odb
cp ./results/sky130hd/d_ca04_async_fifo_cdc/base/2_1_floorplan.sdc ./results/sky130hd/d_ca04_async_fifo_cdc/base/2_floorplan.sdc
/OpenROAD-flow-scripts/flow/scripts/flow.sh 3_1_place_gp_skip_io global_place_skip_io
Running global_place_skip_io.tcl, stage 3_1_place_gp_skip_io
read_liberty /OpenROAD-flow-scripts/flow/platforms/sky130hd/lib/sky130_fd_sc_hd__tt_025C_1v80.lib
read_db ./results/sky130hd/d_ca04_async_fifo_cdc/base/2_floorplan.odb
read_sdc ./results/sky130hd/d_ca04_async_fifo_cdc/base/2_floorplan.sdc
source /OpenROAD-flow-scripts/flow/platforms/sky130hd/setRC.tcl
global_placement -skip_io -density 0.5 -pad_left 0 -pad_right 0
[INFO GPL-0001] ---- Initialize GPL Main Data Structures
[INFO GPL-0002] DBU: 1000
[INFO GPL-0003] SiteSize: (  0.460  2.720 ) um
[INFO GPL-0004] CoreBBox: (  1.380  2.720 ) ( 392.840 391.680 ) um
[INFO GPL-0016] Core area:                  152262.282 um^2
[INFO GPL-0036] Movable instances area:      15360.982 um^2
[INFO GPL-0037] Total instances area:        17900.918 um^2
[INFO GPL-0035] Pin density area adjust:      1043.397 um^2
[INFO GPL-0032] ---- Initialize Region: Top-level
[INFO GPL-0006] Number of instances:              3115
[INFO GPL-0007] Movable instances:                1085
[INFO GPL-0008] Fixed instances:                  2030
[INFO GPL-0009] Dummy instances:                     0
[INFO GPL-0010] Number of nets:                   1125
[INFO GPL-0011] Number of pins:                   4177
[INFO GPL-0012] Die BBox:       (  0.000  0.000 ) ( 393.930 393.930 ) um
[INFO GPL-0013] Placement BBox: (  1.380  2.720 ) ( 392.840 391.680 ) um
[INFO GPL-0014] Region name: top-level.
[INFO GPL-0015] Region area:                152262.282 um^2
[INFO GPL-0017] Fixed instances area:         2539.936 um^2
[INFO GPL-0018] Movable instances area:      16404.379 um^2
[INFO GPL-0019] Utilization:                    10.957 %
[INFO GPL-0020] Standard cells area:         16404.379 um^2
[INFO GPL-0021] Large instances area:            0.000 um^2
[INFO GPL-0005] ---- Execute Conjugate Gradient Initial Placement.
[INFO GPL-0051] Source of initial instance position counters:
	Odb location = 0	Core center = 1085	Region center = 0
[INFO GPL-0033] ---- Initialize Nesterov Region: Top-level
[INFO GPL-0023] Placement target density:       0.5000
[INFO GPL-0024] Movable insts average area:     15.119 um^2
[INFO GPL-0025] Ideal bin area:                 30.238 um^2
[INFO GPL-0026] Ideal bin count:                  5035
[INFO GPL-0027] Total bin area:             152262.282 um^2
[INFO GPL-0028] Bin count (X, Y):          64 ,     64
[INFO GPL-0029] Bin size (W * H):       6.117 *  6.077 um
[INFO GPL-0030] Number of bins:                   4096
[INFO GPL-0084] ---- Execute Nesterov Global Placement.
[INFO GPL-0031] HPWL: Half-Perimeter Wirelength
Iteration | Overflow |     HPWL (um) |  HPWL(%) |   Penalty | Group
---------------------------------------------------------------
        0 |   0.9955 |  3.057971e+03 |   +0.00% |  1.71e-15 |      
       10 |   0.9910 |  2.600803e+03 |  -14.95% |  2.78e-15 |      
       20 |   0.9908 |  2.525947e+03 |   -2.88% |  4.53e-15 |      
       30 |   0.9905 |  2.519171e+03 |   -0.27% |  7.38e-15 |      
       40 |   0.9906 |  2.519664e+03 |   +0.02% |  1.20e-14 |      
       50 |   0.9908 |  2.520694e+03 |   +0.04% |  1.96e-14 |      
       60 |   0.9907 |  2.520189e+03 |   -0.02% |  3.19e-14 |      
       70 |   0.9906 |  2.520282e+03 |   +0.00% |  5.20e-14 |      
       80 |   0.9906 |  2.521920e+03 |   +0.06% |  8.46e-14 |      
       90 |   0.9906 |  2.525148e+03 |   +0.13% |  1.38e-13 |      
      100 |   0.9905 |  2.532597e+03 |   +0.29% |  2.25e-13 |      
      110 |   0.9903 |  2.548958e+03 |   +0.65% |  3.66e-13 |      
      120 |   0.9894 |  2.582202e+03 |   +1.30% |  5.96e-13 |      
      130 |   0.9887 |  2.644693e+03 |   +2.42% |  9.71e-13 |      
      140 |   0.9885 |  2.756021e+03 |   +4.21% |  1.58e-12 |      
      150 |   0.9877 |  2.932918e+03 |   +6.42% |  2.58e-12 |      
      160 |   0.9840 |  3.258120e+03 |  +11.09% |  4.19e-12 |      
      170 |   0.9681 |  4.078012e+03 |  +25.16% |  6.83e-12 |      
      180 |   0.9434 |  5.423485e+03 |  +32.99% |  1.11e-11 |      
      190 |   0.9257 |  6.112613e+03 |  +12.71% |  1.81e-11 |      
      200 |   0.9141 |  6.597186e+03 |   +7.93% |  2.95e-11 |      
      210 |   0.8883 |  7.847093e+03 |  +18.95% |  4.81e-11 |      
      220 |   0.8571 |  8.891581e+03 |  +13.31% |  7.83e-11 |      
      230 |   0.8233 |  9.882644e+03 |  +11.15% |  1.28e-10 |      
      240 |   0.7880 |  1.103147e+04 |  +11.62% |  2.08e-10 |      
      250 |   0.7521 |  1.225542e+04 |  +11.10% |  3.38e-10 |      
      260 |   0.7019 |  1.353207e+04 |  +10.42% |  5.51e-10 |      
      270 |   0.6681 |  1.470814e+04 |   +8.69% |  8.97e-10 |      
      280 |   0.6210 |  1.594894e+04 |   +8.44% |  1.46e-09 |      
      290 |   0.5751 |  1.691101e+04 |   +6.03% |  2.38e-09 |      
      300 |   0.5259 |  1.772250e+04 |   +4.80% |  3.88e-09 |      
      310 |   0.4753 |  1.813972e+04 |   +2.35% |  6.31e-09 |      
      320 |   0.4273 |  1.851710e+04 |   +2.08% |  1.03e-08 |      
      330 |   0.3823 |  1.873942e+04 |   +1.20% |  1.68e-08 |      
      340 |   0.3471 |  1.898546e+04 |   +1.31% |  2.73e-08 |      
      350 |   0.3107 |  1.921093e+04 |   +1.19% |  4.06e-08 |      
      360 |   0.2825 |  1.945244e+04 |   +1.26% |  5.98e-08 |      
      370 |   0.2491 |  1.962797e+04 |   +0.90% |  8.81e-08 |      
      380 |   0.2171 |  1.979345e+04 |   +0.84% |  1.30e-07 |      
      390 |   0.1879 |  1.991193e+04 |   +0.60% |  1.91e-07 |      
      400 |   0.1611 |  2.007038e+04 |   +0.80% |  2.82e-07 |      
      410 |   0.1342 |  2.022601e+04 |   +0.78% |  4.15e-07 |      
      420 |   0.1081 |  2.040902e+04 |   +0.90% |  6.11e-07 |      
      425 |   0.0988 |  2.051938e+04 |          |  7.71e-07 |      
---------------------------------------------------------------
[INFO GPL-1001] Global placement finished at iteration 425
[INFO GPL-1002] Placed Cell Area            16404.3791
[INFO GPL-1003] Available Free Area         149722.3456
[INFO GPL-1004] Minimum Feasible Density        0.1100 (cell_area / free_area)
[INFO GPL-1006]   Suggested Target Densities:
[INFO GPL-1007]     - For 90% usage of free space: 0.1217
[INFO GPL-1008]     - For 80% usage of free space: 0.1370
[INFO GPL-1009]     - For 50% usage of free space: 0.2191
[INFO GPL-1014] Final placement area: 16404.38 (+0.00%)
Design area 17901 um^2 12% utilization.
write_db ./results/sky130hd/d_ca04_async_fifo_cdc/base/3_1_place_gp_skip_io.odb
Elapsed time: 0:01.89[h:]min:sec. CPU time: user 7.07 sys 0.23 (385%). Peak memory: 152252KB.
Log                       Ext     Elapsed/s Peak Memory/MB sha1sum result [0:20)
3_1_place_gp_skip_io      .odb            1            148 1bed07802d3cce8c13fd
/OpenROAD-flow-scripts/flow/scripts/flow.sh 3_2_place_iop io_placement
Running io_placement.tcl, stage 3_2_place_iop
read_liberty /OpenROAD-flow-scripts/flow/platforms/sky130hd/lib/sky130_fd_sc_hd__tt_025C_1v80.lib
read_db ./results/sky130hd/d_ca04_async_fifo_cdc/base/3_1_place_gp_skip_io.odb
read_sdc ./results/sky130hd/d_ca04_async_fifo_cdc/base/2_floorplan.sdc
source /OpenROAD-flow-scripts/flow/platforms/sky130hd/setRC.tcl
place_pins -hor_layers met3 -ver_layers met2
Found 0 macro blocks.
Using 2 tracks default min distance between IO pins.
[INFO PPL-0001] Number of available slots 1424
[INFO PPL-0002] Number of I/O             72
[INFO PPL-0003] Number of I/O w/sink      72
[INFO PPL-0004] Number of I/O w/o sink    0
[INFO PPL-0005] Slots per section         200
[INFO PPL-0008] Successfully assigned pins to sections.
[INFO PPL-0012] I/O nets HPWL: 11848.00 um.
Design area 17901 um^2 12% utilization.
write_db ./results/sky130hd/d_ca04_async_fifo_cdc/base/3_2_place_iop.odb
Elapsed time: 0:00.60[h:]min:sec. CPU time: user 0.55 sys 0.04 (97%). Peak memory: 147272KB.
Log                       Ext     Elapsed/s Peak Memory/MB sha1sum result [0:20)
3_2_place_iop             .odb            0            143 5eb29073a7b8ea6a55f4
/OpenROAD-flow-scripts/flow/scripts/flow.sh 3_3_place_gp global_place
Running global_place.tcl, stage 3_3_place_gp
read_liberty /OpenROAD-flow-scripts/flow/platforms/sky130hd/lib/sky130_fd_sc_hd__tt_025C_1v80.lib
read_db ./results/sky130hd/d_ca04_async_fifo_cdc/base/3_2_place_iop.odb
read_sdc ./results/sky130hd/d_ca04_async_fifo_cdc/base/2_floorplan.sdc
source /OpenROAD-flow-scripts/flow/platforms/sky130hd/setRC.tcl
[INFO RSZ-0026] Removed 70 buffers.
Perform port buffering...
[INFO RSZ-0027] Inserted 36 sky130_fd_sc_hd__clkdlybuf4s50_1 input buffers.
[INFO RSZ-0028] Inserted 34 sky130_fd_sc_hd__clkdlybuf4s50_1 output buffers.
global_placement -density 0.5 -pad_left 0 -pad_right 0 -routability_driven -timing_driven -force_center_initial_place -min_phi_coef 0.95 -max_phi_coef 1.05
[INFO GPL-0001] ---- Initialize GPL Main Data Structures
[INFO GPL-0002] DBU: 1000
[INFO GPL-0003] SiteSize: (  0.460  2.720 ) um
[INFO GPL-0004] CoreBBox: (  1.380  2.720 ) ( 392.840 391.680 ) um
[INFO GPL-0016] Core area:                  152262.282 um^2
[INFO GPL-0036] Movable instances area:      15730.086 um^2
[INFO GPL-0037] Total instances area:        18270.022 um^2
[INFO GPL-0035] Pin density area adjust:      1192.685 um^2
[INFO GPL-0032] ---- Initialize Region: Top-level
[INFO GPL-0006] Number of instances:              3115
[INFO GPL-0007] Movable instances:                1085
[INFO GPL-0008] Fixed instances:                  2030
[INFO GPL-0009] Dummy instances:                     0
[INFO GPL-0010] Number of nets:                   1125
[INFO GPL-0011] Number of pins:                   4249
[INFO GPL-0012] Die BBox:       (  0.000  0.000 ) ( 393.930 393.930 ) um
[INFO GPL-0013] Placement BBox: (  1.380  2.720 ) ( 392.840 391.680 ) um
[INFO GPL-0014] Region name: top-level.
[INFO GPL-0015] Region area:                152262.282 um^2
[INFO GPL-0017] Fixed instances area:         2539.936 um^2
[INFO GPL-0018] Movable instances area:      16922.771 um^2
[INFO GPL-0019] Utilization:                    11.303 %
[INFO GPL-0020] Standard cells area:         16922.771 um^2
[INFO GPL-0021] Large instances area:            0.000 um^2
[INFO GPL-0005] ---- Execute Conjugate Gradient Initial Placement.
[INFO GPL-0051] Source of initial instance position counters:
	Odb location = 0	Core center = 1085	Region center = 0
[InitialPlace]  Iter: 1 conjugate gradient residual: 0.00000011 HPWL: 34679609
[InitialPlace]  Iter: 2 conjugate gradient residual: 0.00000024 HPWL: 27625465
[InitialPlace]  Iter: 3 conjugate gradient residual: 0.00001599 HPWL: 27586114
[InitialPlace]  Iter: 4 conjugate gradient residual: 0.00002264 HPWL: 27777222
[InitialPlace]  Iter: 5 conjugate gradient residual: 0.00004421 HPWL: 27933894
[InitialPlace]  Iter: 6 conjugate gradient residual: 0.00006592 HPWL: 28292174
[InitialPlace]  Iter: 7 conjugate gradient residual: 0.00004318 HPWL: 28591131
[InitialPlace]  Iter: 8 conjugate gradient residual: 0.00003690 HPWL: 29132622
[InitialPlace]  Iter: 9 conjugate gradient residual: 0.00004226 HPWL: 29433510
[InitialPlace]  Iter: 10 conjugate gradient residual: 0.00005490 HPWL: 29692843
[InitialPlace]  Iter: 11 conjugate gradient residual: 0.00005097 HPWL: 29810119
[InitialPlace]  Iter: 12 conjugate gradient residual: 0.00004370 HPWL: 29904688
[InitialPlace]  Iter: 13 conjugate gradient residual: 0.00006431 HPWL: 29975754
[InitialPlace]  Iter: 14 conjugate gradient residual: 0.00003737 HPWL: 30025836
[InitialPlace]  Iter: 15 conjugate gradient residual: 0.00006534 HPWL: 30072289
[InitialPlace]  Iter: 16 conjugate gradient residual: 0.00004043 HPWL: 30155735
[InitialPlace]  Iter: 17 conjugate gradient residual: 0.00005663 HPWL: 30153716
[InitialPlace]  Iter: 18 conjugate gradient residual: 0.00003886 HPWL: 30135991
[InitialPlace]  Iter: 19 conjugate gradient residual: 0.00006355 HPWL: 30161035
[InitialPlace]  Iter: 20 conjugate gradient residual: 0.00008661 HPWL: 30133988
[INFO GPL-0033] ---- Initialize Nesterov Region: Top-level
[INFO GPL-0023] Placement target density:       0.5000
[INFO GPL-0024] Movable insts average area:     15.597 um^2
[INFO GPL-0025] Ideal bin area:                 31.194 um^2
[INFO GPL-0026] Ideal bin count:                  4881
[INFO GPL-0027] Total bin area:             152262.282 um^2
[INFO GPL-0028] Bin count (X, Y):          64 ,     64
[INFO GPL-0029] Bin size (W * H):       6.117 *  6.077 um
[INFO GPL-0030] Number of bins:                   4096
[INFO GPL-0084] ---- Execute Nesterov Global Placement.
[INFO GPL-0031] HPWL: Half-Perimeter Wirelength
Iteration | Overflow |     HPWL (um) |  HPWL(%) |   Penalty | Group
---------------------------------------------------------------
        0 |   0.7016 |  2.214535e+04 |   +0.00% |  3.49e-14 |      
       10 |   0.6635 |  2.232056e+04 |   +0.79% |  5.68e-14 |      
       20 |   0.6875 |  2.193249e+04 |   -1.74% |  9.25e-14 |      
       30 |   0.7114 |  2.205328e+04 |   +0.55% |  1.51e-13 |      
       40 |   0.7257 |  2.208801e+04 |   +0.16% |  2.45e-13 |      
       50 |   0.7155 |  2.210887e+04 |   +0.09% |  4.00e-13 |      
       60 |   0.7014 |  2.197032e+04 |   -0.63% |  6.51e-13 |      
       70 |   0.7006 |  2.186494e+04 |   -0.48% |  1.06e-12 |      
       80 |   0.7075 |  2.194056e+04 |   +0.35% |  1.73e-12 |      
       90 |   0.7072 |  2.205238e+04 |   +0.51% |  2.81e-12 |      
      100 |   0.7045 |  2.203966e+04 |   -0.06% |  4.58e-12 |      
      110 |   0.7047 |  2.198178e+04 |   -0.26% |  7.47e-12 |      
      120 |   0.6986 |  2.199908e+04 |   +0.08% |  1.22e-11 |      
      130 |   0.6947 |  2.206762e+04 |   +0.31% |  1.98e-11 |      
      140 |   0.6923 |  2.217607e+04 |   +0.49% |  3.23e-11 |      
      150 |   0.6834 |  2.223210e+04 |   +0.25% |  5.26e-11 |      
      160 |   0.6676 |  2.211333e+04 |   -0.53% |  8.56e-11 |      
      170 |   0.6485 |  2.205308e+04 |   -0.27% |  1.39e-10 |      
      180 |   0.6332 |  2.213578e+04 |   +0.37% |  2.27e-10 |      
[INFO GPL-0100] Timing-driven iteration 1/2, virtual: false.
[INFO GPL-0101]    Iter: 181, overflow: 0.633, keep resizer changes at: 1, HPWL: 22135777
Iteration |   Area    | Resized | Buffers | Nets repaired | Remaining
---------------------------------------------------------------------
        0 |     +0.0% |       0 |       0 |             0 |      1125
    final |     +2.8% |      13 |      23 |            17 |         0
---------------------------------------------------------------------
[INFO RSZ-0034] Found 17 slew violations.
[INFO RSZ-0036] Found 10 capacitance violations.
[INFO RSZ-0039] Resized 13 instances.
[INFO RSZ-0038] Inserted 23 buffers in 17 nets.
   Iter   |    Area   | Removed | Inserted |   Pins
          |           | Buffers | Buffers  | Remaining
-------------------------------------------------------
        0 |     +0.0% |       0 |        0 |      1087
      100 |     +0.0% |       0 |        0 |       987
      200 |     -0.2% |       2 |        1 |       887
      300 |     -0.2% |       2 |        1 |       787
      400 |     -1.0% |      14 |        9 |       687
      500 |     -1.0% |      14 |        9 |       587
      600 |     -1.0% |      14 |        9 |       487
      700 |     -1.4% |      19 |       12 |       387
      800 |     -1.4% |      19 |       12 |       287
      900 |     -1.4% |      19 |       12 |       187
     1000 |     -1.4% |      19 |       12 |        87
    final |     -1.6% |      23 |       17 |         0
-------------------------------------------------------
[INFO GPL-0106] Timing-driven: worst slack 1.2988378e-09
[INFO GPL-0107] Timing-driven: repair_design delta area: 185.912 um^2 (+1.10%)
[INFO GPL-0108] Timing-driven: repair_design, gpl delta gcells: 17 (+1.57%)
[INFO GPL-0109] Timing-driven: repair_design, gcells created: 40, deleted: 23
[INFO GPL-0110] Timing-driven: new target density: 0.5012417
[INFO GPL-0038] Routability snapshot saved at iter = 187
      186 |   0.5970 |  2.502747e+04 |          |           |      
Iteration | Overflow |     HPWL (um) |  HPWL(%) |   Penalty | Group
---------------------------------------------------------------
      190 |   0.6083 |  2.514350e+04 |  +13.59% |  3.70e-10 |      
      200 |   0.6541 |  2.476646e+04 |   -1.50% |  6.03e-10 |      
      210 |   0.5655 |  2.565298e+04 |   +3.58% |  9.82e-10 |      
      220 |   0.5360 |  2.504288e+04 |   -2.38% |  1.60e-09 |      
      230 |   0.4814 |  2.503525e+04 |   -0.03% |  2.60e-09 |      
      240 |   0.4590 |  2.465382e+04 |   -1.52% |  4.24e-09 |      
      250 |   0.4011 |  2.486534e+04 |   +0.86% |  6.91e-09 |      
      260 |   0.3838 |  2.479331e+04 |   -0.29% |  1.13e-08 |      
      270 |   0.3358 |  2.506429e+04 |   +1.09% |  1.80e-08 |      
      280 |   0.3103 |  2.509488e+04 |   +0.12% |  2.65e-08 |      
[INFO GPL-0040] Routability iteration: 1
[INFO GPL-0041] Total routing overflow: 0.0000
[INFO GPL-0042] Number of overflowed tiles: 0 (0.00%)
[INFO GPL-0043] Average top 0.5% routing congestion: 0.8139
[INFO GPL-0044] Average top 1.0% routing congestion: 0.7795
[INFO GPL-0045] Average top 2.0% routing congestion: 0.7413
[INFO GPL-0046] Average top 5.0% routing congestion: 0.6859
[INFO GPL-0047] Routability iteration weighted routing congestion: 0.7967
[INFO GPL-0050] Weighted routing congestion is lower than target routing congestion(1.0100), end routability optimization.
[INFO GPL-0090] Routability finished. Target routing congestion achieved succesfully.
Iteration | Overflow |     HPWL (um) |  HPWL(%) |   Penalty | Group
---------------------------------------------------------------
      290 |   0.2799 |  2.507465e+04 |   -0.08% |  3.90e-08 |      
      300 |   0.2536 |  2.516988e+04 |   +0.38% |  5.74e-08 |      
      310 |   0.2275 |  2.514634e+04 |   -0.09% |  8.46e-08 |      
      320 |   0.1967 |  2.517391e+04 |   +0.11% |  1.25e-07 |      
[INFO GPL-0100] Timing-driven iteration 2/2, virtual: false.
[INFO GPL-0101]    Iter: 323, overflow: 0.194, keep resizer changes at: 1, HPWL: 25176331
Iteration |   Area    | Resized | Buffers | Nets repaired | Remaining
---------------------------------------------------------------------
        0 |     +0.0% |       0 |       0 |             0 |      1142
    final |     +0.1% |       0 |       1 |             1 |         0
---------------------------------------------------------------------
[INFO RSZ-0036] Found 1 capacitance violations.
[INFO RSZ-0038] Inserted 1 buffers in 1 nets.
   Iter   |    Area   | Removed | Inserted |   Pins
          |           | Buffers | Buffers  | Remaining
-------------------------------------------------------
        0 |     +0.0% |       0 |        0 |      1087
      100 |     +0.0% |       0 |        0 |       987
      200 |     +0.0% |       1 |        2 |       887
      300 |     +0.0% |       1 |        2 |       787
      400 |     +0.2% |       9 |       13 |       687
      500 |     +0.2% |       9 |       13 |       587
      600 |     +0.2% |       9 |       13 |       487
      700 |     +0.3% |      13 |       20 |       387
      800 |     +0.3% |      13 |       20 |       287
      900 |     +0.3% |      13 |       20 |       187
     1000 |     +0.4% |      13 |       21 |        87
    final |     +0.5% |      18 |       28 |         0
-------------------------------------------------------
[INFO GPL-0106] Timing-driven: worst slack 1.3269921e-09
[INFO GPL-0107] Timing-driven: repair_design delta area: 107.603 um^2 (+0.63%)
[INFO GPL-0108] Timing-driven: repair_design, gpl delta gcells: 11 (+1.00%)
[INFO GPL-0109] Timing-driven: repair_design, gcells created: 29, deleted: 18
[INFO GPL-0110] Timing-driven: new target density: 0.5019604
Iteration | Overflow |     HPWL (um) |  HPWL(%) |   Penalty | Group
---------------------------------------------------------------
      330 |   0.1880 |  2.711694e+04 |   +7.72% |  1.84e-07 |      
      340 |   0.1562 |  2.702665e+04 |   -0.33% |  2.70e-07 |      
      350 |   0.1305 |  2.701408e+04 |   -0.05% |  3.98e-07 |      
      360 |   0.1107 |  2.697070e+04 |   -0.16% |  5.87e-07 |      
      364 |   0.0984 |  2.700815e+04 |          |  7.12e-07 |      
---------------------------------------------------------------
[INFO GPL-1001] Global placement finished at iteration 364
[INFO GPL-1017] Routability mode iteration count: 97
[INFO GPL-1005] Routability final weighted congestion: 0.7695
[INFO GPL-1002] Placed Cell Area            17216.2865
[INFO GPL-1003] Available Free Area         149722.3456
[INFO GPL-1004] Minimum Feasible Density        0.1200 (cell_area / free_area)
[INFO GPL-1006]   Suggested Target Densities:
[INFO GPL-1007]     - For 90% usage of free space: 0.1278
[INFO GPL-1008]     - For 80% usage of free space: 0.1437
[INFO GPL-1009]     - For 50% usage of free space: 0.2300
[INFO GPL-1011] Original area (um^2): 16922.77
[INFO GPL-1012] Total routability artificial inflation: 0.00 (+0.00%)
[INFO GPL-1013] Total timing-driven delta area: 293.52 (+1.73%)
[INFO GPL-1014] Final placement area: 17216.29 (+1.73%)
estimate_parasitics -placement
Report metrics stage 3, global place...

==========================================================================
global place report_design_area
--------------------------------------------------------------------------
Design area 18584 um^2 12% utilization.
write_db ./results/sky130hd/d_ca04_async_fifo_cdc/base/3_3_place_gp.odb
Elapsed time: 0:02.40[h:]min:sec. CPU time: user 6.51 sys 0.26 (282%). Peak memory: 301488KB.
Log                       Ext     Elapsed/s Peak Memory/MB sha1sum result [0:20)
3_3_place_gp              .odb            2            294 423a3fe545ad3a11df30
/OpenROAD-flow-scripts/flow/scripts/flow.sh 3_4_place_resized resize
Running resize.tcl, stage 3_4_place_resized
read_liberty /OpenROAD-flow-scripts/flow/platforms/sky130hd/lib/sky130_fd_sc_hd__tt_025C_1v80.lib
read_db ./results/sky130hd/d_ca04_async_fifo_cdc/base/3_3_place_gp.odb
read_sdc ./results/sky130hd/d_ca04_async_fifo_cdc/base/2_floorplan.sdc
source /OpenROAD-flow-scripts/flow/platforms/sky130hd/setRC.tcl
estimate_parasitics -placement
Perform buffer insertion and gate resizing...
repair_design -verbose -match_cell_footprint
Iteration |   Area    | Resized | Buffers | Nets repaired | Remaining
---------------------------------------------------------------------
        0 |     +0.0% |       0 |       0 |             0 |      1153
       10 |     +0.0% |       0 |       0 |             0 |      1143
       20 |     +0.0% |       0 |       0 |             0 |      1133
       30 |     +0.0% |       0 |       0 |             0 |      1123
       40 |     +0.0% |       0 |       0 |             0 |      1113
       50 |     +0.0% |       0 |       0 |             0 |      1103
       60 |     +0.0% |       0 |       0 |             0 |      1093
       70 |     +0.0% |       0 |       0 |             0 |      1083
       80 |     +0.0% |       0 |       0 |             0 |      1073
       90 |     +0.0% |       0 |       0 |             0 |      1063
      100 |     +0.0% |       0 |       0 |             0 |      1053
      110 |     +0.0% |       0 |       0 |             0 |      1043
      120 |     +0.0% |       0 |       0 |             0 |      1033
      130 |     +0.0% |       0 |       0 |             0 |      1023
      140 |     +0.0% |       0 |       0 |             0 |      1013
      150 |     +0.0% |       0 |       0 |             0 |      1003
      160 |     +0.0% |       0 |       0 |             0 |       993
      170 |     +0.0% |       0 |       0 |             0 |       983
      180 |     +0.0% |       0 |       0 |             0 |       973
      190 |     +0.0% |       0 |       0 |             0 |       963
      200 |     +0.0% |       0 |       0 |             0 |       953
      210 |     +0.0% |       0 |       0 |             0 |       943
      220 |     +0.0% |       0 |       0 |             0 |       933
      230 |     +0.0% |       0 |       0 |             0 |       923
      240 |     +0.0% |       0 |       0 |             0 |       913
      250 |     +0.0% |       0 |       0 |             0 |       903
      260 |     +0.0% |       0 |       0 |             0 |       893
      270 |     +0.0% |       0 |       0 |             0 |       883
      280 |     +0.0% |       0 |       0 |             0 |       873
      290 |     +0.0% |       0 |       0 |             0 |       863
      300 |     +0.0% |       0 |       0 |             0 |       853
      310 |     +0.0% |       0 |       0 |             0 |       843
      320 |     +0.0% |       0 |       0 |             0 |       833
      330 |     +0.0% |       0 |       0 |             0 |       823
      340 |     +0.0% |       0 |       0 |             0 |       813
      350 |     +0.0% |       0 |       0 |             0 |       803
      360 |     +0.0% |       0 |       0 |             0 |       793
      370 |     +0.0% |       0 |       0 |             0 |       783
      380 |     +0.0% |       0 |       0 |             0 |       773
      390 |     +0.0% |       0 |       0 |             0 |       763
      400 |     +0.0% |       0 |       0 |             0 |       753
      410 |     +0.0% |       0 |       0 |             0 |       743
      420 |     +0.0% |       0 |       0 |             0 |       733
      430 |     +0.0% |       0 |       0 |             0 |       723
      440 |     +0.0% |       0 |       0 |             0 |       713
      450 |     +0.0% |       0 |       0 |             0 |       703
      460 |     +0.0% |       0 |       0 |             0 |       693
      470 |     +0.0% |       0 |       0 |             0 |       683
      480 |     +0.0% |       0 |       0 |             0 |       673
      490 |     +0.0% |       0 |       0 |             0 |       663
      500 |     +0.0% |       0 |       0 |             0 |       653
      510 |     +0.0% |       0 |       0 |             0 |       643
      520 |     +0.0% |       0 |       0 |             0 |       633
      530 |     +0.0% |       0 |       0 |             0 |       623
      540 |     +0.0% |       0 |       0 |             0 |       613
      550 |     +0.0% |       0 |       0 |             0 |       603
      560 |     +0.0% |       0 |       0 |             0 |       593
      570 |     +0.0% |       0 |       0 |             0 |       583
      580 |     +0.0% |       0 |       0 |             0 |       573
      590 |     +0.0% |       0 |       0 |             0 |       563
      600 |     +0.0% |       0 |       0 |             0 |       553
      610 |     +0.0% |       0 |       0 |             0 |       543
      620 |     +0.0% |       0 |       0 |             0 |       533
      630 |     +0.0% |       0 |       0 |             0 |       523
      640 |     +0.0% |       0 |       0 |             0 |       513
      650 |     +0.0% |       0 |       0 |             0 |       503
      660 |     +0.0% |       0 |       0 |             0 |       493
      670 |     +0.0% |       0 |       0 |             0 |       483
      680 |     +0.0% |       0 |       0 |             0 |       473
      690 |     +0.0% |       0 |       0 |             0 |       463
      700 |     +0.0% |       0 |       0 |             0 |       453
      710 |     +0.0% |       0 |       0 |             0 |       443
      720 |     +0.0% |       0 |       0 |             0 |       433
      730 |     +0.0% |       0 |       0 |             0 |       423
      740 |     +0.0% |       0 |       0 |             0 |       413
      750 |     +0.0% |       0 |       0 |             0 |       403
      760 |     +0.0% |       0 |       0 |             0 |       393
      770 |     +0.0% |       0 |       0 |             0 |       383
      780 |     +0.0% |       0 |       0 |             0 |       373
      790 |     +0.0% |       0 |       0 |             0 |       363
      800 |     +0.0% |       0 |       0 |             0 |       353
      810 |     +0.0% |       0 |       0 |             0 |       343
      820 |     +0.0% |       0 |       0 |             0 |       333
      830 |     +0.0% |       0 |       0 |             0 |       323
      840 |     +0.0% |       0 |       0 |             0 |       313
      850 |     +0.0% |       0 |       0 |             0 |       303
      860 |     +0.0% |       0 |       0 |             0 |       293
      870 |     +0.0% |       0 |       0 |             0 |       283
      880 |     +0.0% |       0 |       0 |             0 |       273
      890 |     +0.0% |       0 |       0 |             0 |       263
      900 |     +0.0% |       0 |       0 |             0 |       253
      910 |     +0.0% |       0 |       0 |             0 |       243
      920 |     +0.0% |       0 |       0 |             0 |       233
      930 |     +0.0% |       0 |       0 |             0 |       223
      940 |     +0.0% |       0 |       0 |             0 |       213
      950 |     +0.0% |       0 |       0 |             0 |       203
      960 |     +0.0% |       0 |       0 |             0 |       193
      970 |     +0.0% |       0 |       0 |             0 |       183
      980 |     +0.0% |       0 |       0 |             0 |       173
      990 |     +0.0% |       0 |       0 |             0 |       163
     1000 |     +0.0% |       0 |       0 |             0 |       153
     1010 |     +0.0% |       0 |       0 |             0 |       143
     1020 |     +0.0% |       0 |       0 |             0 |       133
     1030 |     +0.0% |       0 |       0 |             0 |       123
     1040 |     +0.0% |       0 |       0 |             0 |       113
     1050 |     +0.0% |       0 |       0 |             0 |       103
     1060 |     +0.0% |       0 |       0 |             0 |        93
     1070 |     +0.0% |       0 |       0 |             0 |        83
     1080 |     +0.0% |       0 |       0 |             0 |        73
     1090 |     +0.0% |       0 |       0 |             0 |        63
     1100 |     +0.0% |       0 |       0 |             0 |        53
     1110 |     +0.0% |       0 |       0 |             0 |        43
     1120 |     +0.0% |       0 |       0 |             0 |        33
     1130 |     +0.0% |       0 |       0 |             0 |        23
     1140 |     +0.0% |       0 |       0 |             0 |        13
     1150 |     +0.0% |       0 |       0 |             0 |         3
    final |     +0.0% |       0 |       0 |             0 |         0
---------------------------------------------------------------------
[INFO RSZ-0504] Runtime: 0.12s
Floating nets: 
Report metrics stage 3, resizer...

==========================================================================
resizer report_design_area
--------------------------------------------------------------------------
Design area 18584 um^2 12% utilization.
Instance count before 3143, after 3143
Pin count before 4233, after 4233
write_db ./results/sky130hd/d_ca04_async_fifo_cdc/base/3_4_place_resized.odb
Elapsed time: 0:01.08[h:]min:sec. CPU time: user 1.14 sys 0.09 (113%). Peak memory: 186372KB.
Log                       Ext     Elapsed/s Peak Memory/MB sha1sum result [0:20)
3_4_place_resized         .odb            1            182 423a3fe545ad3a11df30
/OpenROAD-flow-scripts/flow/scripts/flow.sh 3_5_place_dp detail_place
Running detail_place.tcl, stage 3_5_place_dp
read_liberty /OpenROAD-flow-scripts/flow/platforms/sky130hd/lib/sky130_fd_sc_hd__tt_025C_1v80.lib
read_db ./results/sky130hd/d_ca04_async_fifo_cdc/base/3_4_place_resized.odb
read_sdc ./results/sky130hd/d_ca04_async_fifo_cdc/base/2_floorplan.sdc
source /OpenROAD-flow-scripts/flow/platforms/sky130hd/setRC.tcl
detailed_placement
[INFO DPL-0006] Core area: 152262.28 um^2
[INFO DPL-0007] Movable instances area: 16044.14 um^2
[INFO DPL-0008] Fixed instances area within core: 2539.94 um^2
[INFO DPL-0009] Utilization: 12.2%
[INFO DPL-0005] Diamond search max displacement: +/- 500 sites horizontally, +/- 100 rows vertically.
[INFO DPL-1102] Legalizing using negotiation legalizer.
[INFO DPL-1103] Negotiation base search window: +/-20 sites horizontally, +/-5 rows vertically 
	Automatic search window extension enabled.
	Search window extendable up to the max displacement cap of +/-500 sites, +/-100 rows near walls.
[INFO DPL-1104] NegotiationLegalizer DRC penalty: 5.
[INFO DPL-0392] Negotiation cell height distribution (1 unique row-count(s)):
[INFO DPL-0393]   height 1 row(s): 3143 cells
          |      Total |  Illegal |  Illegal
Iteration | Violations |    Cells |    Sites
---------------------------------------------
        0 |          0 |         0 |         0
Negotiation phase 1 converged at iteration 0.
[INFO DPL-0500] Runtime: 0.03s
Placement Analysis
---------------------------------
total displacement       3447.5 u
average displacement        1.1 u
max displacement           14.8 u
original HPWL           27051.1 u
legalized HPWL          29988.9 u
delta HPWL                   11 %

improve_placement -max_displacement "5 1"
Detailed placement improvement.
[INFO DPL-0401] Setting random seed to 1.
[INFO DPL-0402] Setting maximum displacement 5 1 to 13600 2720 units.
[INFO DPL-0320] Collected 2102 fixed cells.
[INFO DPL-0318] Collected 1113 single height cells.
[INFO DPL-0321] Collected 0 wide cells.
[INFO DPL-0322] Image (1380, 2720) - (392840, 391680)
[INFO DPL-0310] Assigned 1113 cells into segments.  Movement in X-direction is 0.000000, movement in Y-direction is 0.000000.
[INFO DPL-0313] Found 0 cells in wrong regions.
[INFO DPL-0315] Found 0 row alignment problems.
[INFO DPL-0314] Found 0 site alignment problems.
[INFO DPL-0311] Found 0 overlaps between adjacent cells.
[INFO DPL-0312] Found 0 edge spacing violations and 0 padding violations.
[INFO DPL-0303] Running algorithm for independent set matching.
[INFO DPL-0300] Set matching objective is wirelength.
[INFO DPL-0301] Pass   1 of matching; objective is 2.999430e+07.
[INFO DPL-0302] End of matching; objective is 2.998492e+07, improvement is 0.03 percent.
[INFO DPL-0303] Running algorithm for global swaps.
[INFO DPL-0306] Pass   1 of global swaps; hpwl is 2.954495e+07.
[INFO DPL-0306] Pass   2 of global swaps; hpwl is 2.948306e+07.
[INFO DPL-0307] End of global swaps; objective is 2.948306e+07, improvement is 1.67 percent.
[INFO DPL-0303] Running algorithm for vertical swaps.
[INFO DPL-0308] Pass   1 of vertical swaps; hpwl is 2.934712e+07.
[INFO DPL-0309] End of vertical swaps; objective is 2.934712e+07, improvement is 0.46 percent.
[INFO DPL-0303] Running algorithm for reordering.
[INFO DPL-0304] Pass   1 of reordering; objective is 2.933816e+07.
[INFO DPL-0305] End of reordering; objective is 2.933816e+07, improvement is 0.03 percent.
[INFO DPL-0303] Running algorithm for random improvement.
[INFO DPL-0324] Random improver is using random generator.
[INFO DPL-0325] Random improver is using hpwl objective.
[INFO DPL-0326] Random improver cost string is (a).
[INFO DPL-0332] End of pass, Generator random called 22260 times.
[INFO DPL-0335] Generator random, Cumulative attempts 22260, swaps 2219, moves  7416 since last reset.
[INFO DPL-0333] End of pass, Objective hpwl, Initial cost 2.855450e+07, Scratch cost 2.811430e+07, Incremental cost 2.811430e+07, Mismatch? N
[INFO DPL-0338] End of pass, Total cost is 2.811430e+07.
[INFO DPL-0327] Pass   1 of random improver; improvement in cost is 1.54 percent.
[INFO DPL-0332] End of pass, Generator random called 22260 times.
[INFO DPL-0335] Generator random, Cumulative attempts 44520, swaps 4340, moves 14674 since last reset.
[INFO DPL-0333] End of pass, Objective hpwl, Initial cost 2.811430e+07, Scratch cost 2.801665e+07, Incremental cost 2.801665e+07, Mismatch? N
[INFO DPL-0338] End of pass, Total cost is 2.801665e+07.
[INFO DPL-0327] Pass   2 of random improver; improvement in cost is 0.35 percent.
[INFO DPL-0328] End of random improver; improvement is 1.883577 percent.
[INFO DPL-0380] Cell flipping.
[INFO DPL-0382] Changed 0 cell orientations for row compatibility.
[INFO DPL-0383] Performed 158 cell flips.
[INFO DPL-0384] End of flipping; objective is 2.843248e+07, improvement is 1.28 percent.
[INFO DPL-0313] Found 0 cells in wrong regions.
[INFO DPL-0315] Found 0 row alignment problems.
[INFO DPL-0314] Found 0 site alignment problems.
[INFO DPL-0311] Found 0 overlaps between adjacent cells.
[INFO DPL-0312] Found 0 edge spacing violations and 0 padding violations.
Detailed Improvement Results
------------------------------------------
Original HPWL            29988.9 u (   14661.0,    15327.9)
Final HPWL               28450.4 u (   14310.3,    14140.2)
Delta HPWL                  -5.1 % (      -2.4,       -7.7)

optimize_mirroring
[INFO DPL-0020] Mirrored 26 instances
[INFO DPL-0021] HPWL before           28450.4 u
[INFO DPL-0022] HPWL after            28416.3 u
[INFO DPL-0023] HPWL delta               -0.1 %
[INFO FLW-0012] Placement violations .
estimate_parasitics -placement
Report metrics stage 3, detailed place...

==========================================================================
detailed place report_design_area
--------------------------------------------------------------------------
Design area 18584 um^2 12% utilization.
write_db ./results/sky130hd/d_ca04_async_fifo_cdc/base/3_5_place_dp.odb
write_sdc -no_timestamp ./results/sky130hd/d_ca04_async_fifo_cdc/base/3_place.sdc
Elapsed time: 0:01.20[h:]min:sec. CPU time: user 1.20 sys 0.11 (108%). Peak memory: 168968KB.
Log                       Ext     Elapsed/s Peak Memory/MB sha1sum result [0:20)
3_5_place_dp              .odb            1            165 9db76b39e79ce6aaac95
cp ./results/sky130hd/d_ca04_async_fifo_cdc/base/3_5_place_dp.odb ./results/sky130hd/d_ca04_async_fifo_cdc/base/3_place.odb
/OpenROAD-flow-scripts/flow/scripts/flow.sh 4_1_cts cts
Running cts.tcl, stage 4_1_cts
read_liberty /OpenROAD-flow-scripts/flow/platforms/sky130hd/lib/sky130_fd_sc_hd__tt_025C_1v80.lib
read_db ./results/sky130hd/d_ca04_async_fifo_cdc/base/3_place.odb
read_sdc ./results/sky130hd/d_ca04_async_fifo_cdc/base/3_place.sdc
source /OpenROAD-flow-scripts/flow/platforms/sky130hd/setRC.tcl
clock_tree_synthesis -sink_clustering_enable -repair_clock_nets
[INFO CTS-0050] Root buffer is sky130_fd_sc_hd__clkbuf_16.
[INFO CTS-0051] Sink buffer is sky130_fd_sc_hd__clkbuf_16.
[INFO CTS-0052] The following clock buffers will be used for CTS:
                    sky130_fd_sc_hd__clkbuf_16
[INFO CTS-0049] Characterization buffer is sky130_fd_sc_hd__clkbuf_16.
[INFO CTS-0007] Net "wr_clk" found for clock "wr_clock".
[INFO CTS-0010]  Clock net "wr_clk" has 268 sinks.
[INFO CTS-0007] Net "rd_clk" found for clock "rd_clock".
[INFO CTS-0010]  Clock net "rd_clk" has 78 sinks.
[INFO CTS-0008] TritonCTS found 2 clock nets.
[INFO CTS-0097] Characterization used 1 buffer(s) types.
[INFO CTS-0201] 0 blockages from hard placement blockages and placed macros will be used.
[INFO CTS-0027] Generating H-Tree topology for net wr_clk.
[INFO CTS-0028]  Total number of sinks: 268.
[INFO CTS-0090]  Sinks will be clustered based on buffer max cap.
[INFO CTS-0030]  Number of static layers: 0.
[INFO CTS-0020]  Wire segment unit: 13600  dbu (13 um).
[INFO CTS-0206] Best clustering solution was found from max clustering size of 12 and max clustering diameter of 79.
[INFO CTS-0019]  Total number of sinks after clustering: 26.
[INFO CTS-0024]  Normalized sink region: [(12.5455, 9.86243), (23.8669, 21.9352)].
[INFO CTS-0025]     Width:  11.3214.
[INFO CTS-0026]     Height: 12.0727.
 Level 1
    Direction: Vertical
    Sinks per sub-region: 13
    Sub-region size: 11.3214 X 6.0364
[INFO CTS-0034]     Segment length (rounded): 4.
[INFO CTS-0038]  Stop criterion found. Sink region hpwl is smaller than max wirelength (1911.535 um) and max number of sinks is 15.
[INFO CTS-0035]  Number of sinks covered: 26.
[INFO CTS-0201] 0 blockages from hard placement blockages and placed macros will be used.
[INFO CTS-0027] Generating H-Tree topology for net rd_clk.
[INFO CTS-0028]  Total number of sinks: 78.
[INFO CTS-0090]  Sinks will be clustered based on buffer max cap.
[INFO CTS-0030]  Number of static layers: 0.
[INFO CTS-0020]  Wire segment unit: 13600  dbu (13 um).
[INFO CTS-0023]  Original sink region: [(213245, 112820), (369645, 346740)].
[INFO CTS-0024]  Normalized sink region: [(15.6798, 8.29559), (27.1798, 25.4956)].
[INFO CTS-0025]     Width:  11.5000.
[INFO CTS-0026]     Height: 17.2000.
 Level 1
    Direction: Vertical
    Sinks per sub-region: 39
    Sub-region size: 11.5000 X 8.6000
[INFO CTS-0034]     Segment length (rounded): 4.
 Level 2
    Direction: Horizontal
    Sinks per sub-region: 20
    Sub-region size: 5.7500 X 8.6000
[INFO CTS-0034]     Segment length (rounded): 2.
 Level 3
    Direction: Vertical
    Sinks per sub-region: 10
    Sub-region size: 5.7500 X 4.3000
[INFO CTS-0034]     Segment length (rounded): 2.
[INFO CTS-0038]  Stop criterion found. Sink region hpwl is smaller than max wirelength (1911.535 um) and max number of sinks is 15.
[INFO CTS-0035]  Number of sinks covered: 78.
[INFO CTS-0018]     Created 29 clock buffers.
[INFO CTS-0012]     Minimum number of buffers in the clock path: 3.
[INFO CTS-0013]     Maximum number of buffers in the clock path: 3.
[INFO CTS-0015]     Created 29 clock nets.
[INFO CTS-0016]     Fanout distribution for the current clock = 8:2, 9:3, 10:10, 11:7, 12:4, 13:2..
[INFO CTS-0017]     Max level of the clock tree: 1.
[INFO CTS-0018]     Created 9 clock buffers.
[INFO CTS-0012]     Minimum number of buffers in the clock path: 2.
[INFO CTS-0013]     Maximum number of buffers in the clock path: 2.
[INFO CTS-0015]     Created 9 clock nets.
[INFO CTS-0016]     Fanout distribution for the current clock = 5:1, 8:2, 10:2, 11:1, 12:1, 14:1..
[INFO CTS-0017]     Max level of the clock tree: 3.
[INFO CTS-0098] Clock net "wr_clk"
[INFO CTS-0099]  Sinks 290
[INFO CTS-0100]  Leaf buffers 26
[INFO CTS-0101]  Average sink wire length 354.73 um
[INFO CTS-0102]  Path depth 3 - 3
[INFO CTS-0207]  Dummy loads inserted 22
[INFO CTS-0098] Clock net "rd_clk"
[INFO CTS-0099]  Sinks 85
[INFO CTS-0100]  Leaf buffers 0
[INFO CTS-0101]  Average sink wire length 428.85 um
[INFO CTS-0102]  Path depth 2 - 2
[INFO CTS-0207]  Dummy loads inserted 7
[INFO CTS-0500] Runtime: 0.62s
estimate_parasitics -placement
detailed_placement
[INFO DPL-0006] Core area: 152262.28 um^2
[INFO DPL-0007] Movable instances area: 17341.63 um^2
[INFO DPL-0008] Fixed instances area within core: 2539.94 um^2
[INFO DPL-0009] Utilization: 13.1%
[INFO DPL-0005] Diamond search max displacement: +/- 500 sites horizontally, +/- 100 rows vertically.
[INFO DPL-1102] Legalizing using negotiation legalizer.
[INFO DPL-1103] Negotiation base search window: +/-20 sites horizontally, +/-5 rows vertically 
	Automatic search window extension enabled.
	Search window extendable up to the max displacement cap of +/-500 sites, +/-100 rows near walls.
[INFO DPL-1104] NegotiationLegalizer DRC penalty: 5.
[INFO DPL-0392] Negotiation cell height distribution (1 unique row-count(s)):
[INFO DPL-0393]   height 1 row(s): 3210 cells
          |      Total |  Illegal |  Illegal
Iteration | Violations |    Cells |    Sites
---------------------------------------------
        0 |          4 |         2 |         2
        1 |          0 |         0 |         0
Negotiation phase 1 converged at iteration 1.
[INFO DPL-0500] Runtime: 0.02s
Placement Analysis
---------------------------------
total displacement       1083.6 u
average displacement        0.3 u
max displacement           15.2 u
original HPWL           31259.4 u
legalized HPWL          31834.2 u
delta HPWL                    2 %

estimate_parasitics -placement
repair_timing -setup_margin 0 -hold_margin 0 -repair_tns 100 -match_cell_footprint -verbose
[INFO RSZ-0100] Repair move sequence: UnbufferMove SizeUpMove SwapPinsMove BufferMove CloneMove SplitLoadMove 
[INFO RSZ-0098] No setup violations found
[INFO RSZ-0505] Runtime: 0.05s
[INFO RSZ-0033] No hold violations found.
[INFO RSZ-0506] Runtime: 0.02s
detailed_placement
[INFO DPL-0006] Core area: 152262.28 um^2
[INFO DPL-0007] Movable instances area: 17341.63 um^2
[INFO DPL-0008] Fixed instances area within core: 2539.94 um^2
[INFO DPL-0009] Utilization: 13.1%
[INFO DPL-0005] Diamond search max displacement: +/- 500 sites horizontally, +/- 100 rows vertically.
[INFO DPL-1102] Legalizing using negotiation legalizer.
[INFO DPL-1103] Negotiation base search window: +/-20 sites horizontally, +/-5 rows vertically 
	Automatic search window extension enabled.
	Search window extendable up to the max displacement cap of +/-500 sites, +/-100 rows near walls.
[INFO DPL-1104] NegotiationLegalizer DRC penalty: 5.
[INFO DPL-0392] Negotiation cell height distribution (1 unique row-count(s)):
[INFO DPL-0393]   height 1 row(s): 3210 cells
[INFO DPL-0500] Runtime: 0.01s
Placement Analysis
---------------------------------
total displacement          0.0 u
average displacement        0.0 u
max displacement            0.0 u
original HPWL           31834.2 u
legalized HPWL          31834.2 u
delta HPWL                    0 %

Report metrics stage 4, cts final...

==========================================================================
cts final report_design_area
--------------------------------------------------------------------------
Design area 19882 um^2 13% utilization.
write_db ./results/sky130hd/d_ca04_async_fifo_cdc/base/4_1_cts.odb
write_sdc -no_timestamp ./results/sky130hd/d_ca04_async_fifo_cdc/base/4_cts.sdc
Elapsed time: 0:01.72[h:]min:sec. CPU time: user 1.81 sys 0.15 (113%). Peak memory: 204084KB.
Log                       Ext     Elapsed/s Peak Memory/MB sha1sum result [0:20)
4_1_cts                   .odb            1            199 2f6c1e3c13e15ca8aa50
cp ./results/sky130hd/d_ca04_async_fifo_cdc/base/4_1_cts.odb ./results/sky130hd/d_ca04_async_fifo_cdc/base/4_cts.odb
/OpenROAD-flow-scripts/flow/scripts/flow.sh 5_1_grt global_route
Running global_route.tcl, stage 5_1_grt
read_liberty /OpenROAD-flow-scripts/flow/platforms/sky130hd/lib/sky130_fd_sc_hd__tt_025C_1v80.lib
read_db ./results/sky130hd/d_ca04_async_fifo_cdc/base/4_cts.odb
read_sdc ./results/sky130hd/d_ca04_async_fifo_cdc/base/4_cts.sdc
source /OpenROAD-flow-scripts/flow/platforms/sky130hd/setRC.tcl
pin_access
[INFO DRT-0149] Reading tech and libs.
[WARNING DRT-0349] LEF58_ENCLOSURE with no CUTCLASS is not supported. Skipping for layer mcon
[WARNING DRT-0349] LEF58_ENCLOSURE with no CUTCLASS is not supported. Skipping for layer mcon
[WARNING DRT-0349] LEF58_ENCLOSURE with no CUTCLASS is not supported. Skipping for layer via
[WARNING DRT-0349] LEF58_ENCLOSURE with no CUTCLASS is not supported. Skipping for layer via
[WARNING DRT-0349] LEF58_ENCLOSURE with no CUTCLASS is not supported. Skipping for layer via2
[WARNING DRT-0349] LEF58_ENCLOSURE with no CUTCLASS is not supported. Skipping for layer via2
[WARNING DRT-0349] LEF58_ENCLOSURE with no CUTCLASS is not supported. Skipping for layer via3
[WARNING DRT-0349] LEF58_ENCLOSURE with no CUTCLASS is not supported. Skipping for layer via3
[WARNING DRT-0349] LEF58_ENCLOSURE with no CUTCLASS is not supported. Skipping for layer via4
[WARNING DRT-0349] LEF58_ENCLOSURE with no CUTCLASS is not supported. Skipping for layer via4

Units:                1000
Number of layers:     13
Number of macros:     441
Number of vias:       29
Number of viarulegen: 25

[INFO DRT-0150] Reading design.
[WARNING DRT-0120] Large net net35 has 114 pins which may impact routing performance. Consider optimization.

Design:                   async_fifo_cdc
Die area:                 ( 0 0 ) ( 393930 393930 )
Number of track patterns: 12
Number of DEF vias:       0
Number of components:     3210
Number of terminals:      74
Number of snets:          2
Number of nets:           1191

[INFO DRT-0167] List of default vias:
  Layer via
    default via: M1M2_PR
  Layer via2
    default via: M2M3_PR
  Layer via3
    default via: M3M4_PR
  Layer via4
    default via: M4M5_PR
[INFO DRT-0162] Library cell analysis.
[INFO DRT-0163] Instance analysis.
[INFO DRT-0164] Number of unique instances = 74.
[INFO DRT-0168] Init region query.
[INFO DRT-0024]   Complete FR_MASTERSLICE.
[INFO DRT-0024]   Complete Fr_VIA.
[INFO DRT-0024]   Complete li1.
[INFO DRT-0024]   Complete mcon.
[INFO DRT-0024]   Complete met1.
[INFO DRT-0024]   Complete via.
[INFO DRT-0024]   Complete met2.
[INFO DRT-0024]   Complete via2.
[INFO DRT-0024]   Complete met3.
[INFO DRT-0024]   Complete via3.
[INFO DRT-0024]   Complete met4.
[INFO DRT-0024]   Complete via4.
[INFO DRT-0024]   Complete met5.
[INFO DRT-0033] FR_MASTERSLICE shape region query size = 0.
[INFO DRT-0033] FR_VIA shape region query size = 0.
[INFO DRT-0033] li1 shape region query size = 58551.
[INFO DRT-0033] mcon shape region query size = 35315.
[INFO DRT-0033] met1 shape region query size = 14167.
[INFO DRT-0033] via shape region query size = 10080.
[INFO DRT-0033] met2 shape region query size = 6082.
[INFO DRT-0033] via2 shape region query size = 8064.
[INFO DRT-0033] met3 shape region query size = 6086.
[INFO DRT-0033] via3 shape region query size = 8064.
[INFO DRT-0033] met4 shape region query size = 2436.
[INFO DRT-0033] via4 shape region query size = 392.
[INFO DRT-0033] met5 shape region query size = 448.
[INFO DRT-0165] Start pin access.
[INFO DRT-0078]   Complete 539 pins.
[INFO DRT-0081]   Complete 74 unique inst patterns.
[INFO DRT-0084]   Complete 958 groups.
#scanned instances     = 3210
#unique  instances     = 74
#stdCellGenAp          = 2444
#stdCellValidPlanarAp  = 46
#stdCellValidViaAp     = 1535
#stdCellPinNoAp        = 0
#stdCellPinCnt         = 4338
#instTermValidViaApCnt = 0
#macroGenAp            = 0
#macroValidPlanarAp    = 0
#macroValidViaAp       = 0
#macroNoAp             = 0
[INFO DRT-0166] Complete pin access.
[INFO DRT-0267] cpu time = 00:00:43, elapsed time = 00:00:06, memory = 169.68 (MB), peak = 168.41 (MB)
Took 6 seconds: pin_access
global_route -congestion_report_file ./reports/sky130hd/d_ca04_async_fifo_cdc/base/congestion.rpt -congestion_iterations 30 -congestion_report_iter_step 5 -verbose
[INFO GRT-0020] Min routing layer: met1
[INFO GRT-0021] Max routing layer: met5
[INFO GRT-0022] Global adjustment: 0%
[INFO GRT-0023] Grid origin: (0, 0)
[INFO GRT-0088] Layer li1     Track-Pitch = 0.4600  line-2-Via Pitch: 0.3400
[INFO GRT-0088] Layer met1    Track-Pitch = 0.3400  line-2-Via Pitch: 0.3400
[INFO GRT-0088] Layer met2    Track-Pitch = 0.4600  line-2-Via Pitch: 0.3500
[INFO GRT-0088] Layer met3    Track-Pitch = 0.6800  line-2-Via Pitch: 0.6150
[INFO GRT-0088] Layer met4    Track-Pitch = 0.9200  line-2-Via Pitch: 1.0400
[INFO GRT-0088] Layer met5    Track-Pitch = 3.4000  line-2-Via Pitch: 3.1100
[INFO GRT-0003] Macros: 0
[INFO GRT-0004] Blockages: 5561
[INFO GRT-0019] Found 40 clock nets.
[INFO GRT-0001] Minimum degree: 2
[INFO GRT-0002] Maximum degree: 114

[INFO GRT-0053] Routing resources analysis:
          Routing      Original      Derated      Resource
Layer     Direction    Resources     Resources    Reduction (%)
---------------------------------------------------------------
li1        Vertical            0             0          0.00%
met1       Horizontal      45995         35693          22.40%
met2       Vertical        41440         31808          23.24%
met3       Horizontal      30310         23674          21.89%
met4       Vertical        20496         14392          29.78%
met5       Horizontal       4480          3248          27.50%
---------------------------------------------------------------

[INFO GRT-0197] Via related to pin nodes: 7374
[INFO GRT-0198] Via related Steiner nodes: 226
[INFO GRT-0199] Via filling finished.
[INFO GRT-0111] Final number of vias: 9311
[INFO GRT-0112] Final usage 3D: 34270

[INFO GRT-0096] Final congestion report:
Layer         Resource        Demand        Usage (%)    Max H / Max V / Total Congestion
---------------------------------------------------------------------------------------
li1                  0             0            0.00%             0 /  0 /  0
met1             35693          2784            7.80%             0 /  0 /  0
met2             31808          2664            8.38%             0 /  0 /  0
met3             23674           524            2.21%             0 /  0 /  0
met4             14392           365            2.54%             0 /  0 /  0
met5              3248             0            0.00%             0 /  0 /  0
---------------------------------------------------------------------------------------
Total           108815          6337            5.82%             0 /  0 /  0

[INFO GRT-0018] Total wirelength: 64935 um
[INFO GRT-0014] Routed nets: 1191
[INFO GRT-0303] Global routing runtime = 00:00:00
estimate_parasitics -global_routing
Perform buffer insertion and gate resizing...
repair_design -verbose
Iteration |   Area    | Resized | Buffers | Nets repaired | Remaining
---------------------------------------------------------------------
        0 |     +0.0% |       0 |       0 |             0 |      1220
       10 |     +0.0% |       0 |       0 |             0 |      1210
       20 |     +0.0% |       0 |       0 |             0 |      1200
       30 |     +0.0% |       0 |       0 |             0 |      1190
       40 |     +0.0% |       0 |       0 |             0 |      1180
       50 |     +0.0% |       0 |       0 |             0 |      1170
       60 |     +0.0% |       0 |       0 |             0 |      1160
       70 |     +0.0% |       0 |       0 |             0 |      1150
       80 |     +0.0% |       0 |       0 |             0 |      1140
       90 |     +0.0% |       0 |       0 |             0 |      1130
      100 |     +0.0% |       0 |       0 |             0 |      1120
      110 |     +0.0% |       0 |       0 |             0 |      1110
      120 |     +0.0% |       0 |       0 |             0 |      1100
      130 |     +0.0% |       0 |       0 |             0 |      1090
      140 |     +0.0% |       0 |       0 |             0 |      1080
      150 |     +0.0% |       0 |       0 |             0 |      1070
      160 |     +0.0% |       0 |       0 |             0 |      1060
      170 |     +0.0% |       0 |       0 |             0 |      1050
      180 |     +0.0% |       0 |       0 |             0 |      1040
      190 |     +0.0% |       0 |       0 |             0 |      1030
      200 |     +0.0% |       0 |       0 |             0 |      1020
      210 |     +0.0% |       0 |       0 |             0 |      1010
      220 |     +0.0% |       0 |       0 |             0 |      1000
      230 |     +0.0% |       0 |       0 |             0 |       990
      240 |     +0.0% |       0 |       0 |             0 |       980
      250 |     +0.0% |       0 |       0 |             0 |       970
      260 |     +0.0% |       0 |       0 |             0 |       960
      270 |     +0.0% |       0 |       0 |             0 |       950
      280 |     +0.0% |       0 |       0 |             0 |       940
      290 |     +0.0% |       0 |       0 |             0 |       930
      300 |     +0.0% |       0 |       0 |             0 |       920
      310 |     +0.0% |       0 |       0 |             0 |       910
      320 |     +0.0% |       0 |       0 |             0 |       900
      330 |     +0.0% |       0 |       0 |             0 |       890
      340 |     +0.0% |       0 |       0 |             0 |       880
      350 |     +0.0% |       0 |       0 |             0 |       870
      360 |     +0.0% |       0 |       0 |             0 |       860
      370 |     +0.0% |       0 |       0 |             0 |       850
      380 |     +0.0% |       0 |       0 |             0 |       840
      390 |     +0.0% |       0 |       0 |             0 |       830
      400 |     +0.0% |       0 |       0 |             0 |       820
      410 |     +0.0% |       0 |       0 |             0 |       810
      420 |     +0.0% |       0 |       0 |             0 |       800
      430 |     +0.0% |       0 |       0 |             0 |       790
      440 |     +0.0% |       0 |       0 |             0 |       780
      450 |     +0.0% |       0 |       0 |             0 |       770
      460 |     +0.0% |       0 |       0 |             0 |       760
      470 |     +0.0% |       0 |       0 |             0 |       750
      480 |     +0.0% |       0 |       0 |             0 |       740
      490 |     +0.0% |       0 |       0 |             0 |       730
      500 |     +0.0% |       0 |       0 |             0 |       720
      510 |     +0.0% |       0 |       0 |             0 |       710
      520 |     +0.0% |       0 |       0 |             0 |       700
      530 |     +0.0% |       0 |       0 |             0 |       690
      540 |     +0.0% |       0 |       0 |             0 |       680
      550 |     +0.0% |       0 |       0 |             0 |       670
      560 |     +0.0% |       0 |       0 |             0 |       660
      570 |     +0.0% |       0 |       0 |             0 |       650
      580 |     +0.0% |       0 |       0 |             0 |       640
      590 |     +0.0% |       0 |       0 |             0 |       630
      600 |     +0.0% |       0 |       0 |             0 |       620
      610 |     +0.0% |       0 |       0 |             0 |       610
      620 |     +0.0% |       0 |       0 |             0 |       600
      630 |     +0.0% |       0 |       0 |             0 |       590
      640 |     +0.0% |       0 |       0 |             0 |       580
      650 |     +0.0% |       0 |       0 |             0 |       570
      660 |     +0.0% |       0 |       0 |             0 |       560
      670 |     +0.0% |       0 |       0 |             0 |       550
      680 |     +0.0% |       0 |       0 |             0 |       540
      690 |     +0.0% |       0 |       0 |             0 |       530
      700 |     +0.0% |       0 |       0 |             0 |       520
      710 |     +0.0% |       0 |       0 |             0 |       510
      720 |     +0.0% |       0 |       0 |             0 |       500
      730 |     +0.0% |       0 |       0 |             0 |       490
      740 |     +0.0% |       0 |       0 |             0 |       480
      750 |     +0.0% |       0 |       0 |             0 |       470
      760 |     +0.0% |       0 |       0 |             0 |       460
      770 |     +0.0% |       0 |       0 |             0 |       450
      780 |     +0.0% |       0 |       0 |             0 |       440
      790 |     +0.0% |       0 |       0 |             0 |       430
      800 |     +0.0% |       0 |       0 |             0 |       420
      810 |     +0.0% |       0 |       0 |             0 |       410
      820 |     +0.0% |       0 |       0 |             0 |       400
      830 |     +0.0% |       0 |       0 |             0 |       390
      840 |     +0.0% |       0 |       0 |             0 |       380
      850 |     +0.0% |       0 |       0 |             0 |       370
      860 |     +0.0% |       0 |       0 |             0 |       360
      870 |     +0.0% |       0 |       0 |             0 |       350
      880 |     +0.0% |       0 |       0 |             0 |       340
      890 |     +0.0% |       0 |       0 |             0 |       330
      900 |     +0.0% |       0 |       0 |             0 |       320
      910 |     +0.0% |       0 |       0 |             0 |       310
      920 |     +0.0% |       0 |       0 |             0 |       300
      930 |     +0.0% |       0 |       0 |             0 |       290
      940 |     +0.0% |       0 |       0 |             0 |       280
      950 |     +0.0% |       0 |       0 |             0 |       270
      960 |     +0.0% |       0 |       0 |             0 |       260
      970 |     +0.0% |       0 |       0 |             0 |       250
      980 |     +0.0% |       0 |       0 |             0 |       240
      990 |     +0.0% |       0 |       0 |             0 |       230
     1000 |     +0.0% |       0 |       0 |             0 |       220
     1010 |     +0.0% |       0 |       0 |             0 |       210
     1020 |     +0.0% |       0 |       0 |             0 |       200
     1030 |     +0.0% |       0 |       0 |             0 |       190
     1040 |     +0.0% |       0 |       0 |             0 |       180
     1050 |     +0.0% |       0 |       0 |             0 |       170
     1060 |     +0.0% |       0 |       0 |             0 |       160
     1070 |     +0.0% |       0 |       0 |             0 |       150
     1080 |     +0.0% |       0 |       0 |             0 |       140
     1090 |     +0.0% |       0 |       0 |             0 |       130
     1100 |     +0.0% |       0 |       0 |             0 |       120
     1110 |     +0.0% |       0 |       0 |             0 |       110
     1120 |     +0.0% |       0 |       0 |             0 |       100
     1130 |     +0.0% |       0 |       0 |             0 |        90
     1140 |     +0.0% |       0 |       0 |             0 |        80
     1150 |     +0.0% |       0 |       0 |             0 |        70
     1160 |     +0.0% |       0 |       0 |             0 |        60
     1170 |     +0.0% |       0 |       0 |             0 |        50
     1180 |     +0.0% |       0 |       0 |             0 |        40
     1190 |     +0.0% |       0 |       0 |             0 |        30
     1200 |     +0.0% |       0 |       0 |             0 |        20
     1210 |     +0.0% |       0 |       0 |             0 |        10
     1220 |     +0.0% |       0 |       0 |             0 |         0
    final |     +0.0% |       0 |       0 |             0 |         0
---------------------------------------------------------------------
[INFO RSZ-0504] Runtime: 0.14s
global_route -start_incremental
detailed_placement
[INFO DPL-0006] Core area: 152262.28 um^2
[INFO DPL-0007] Movable instances area: 17341.63 um^2
[INFO DPL-0008] Fixed instances area within core: 2539.94 um^2
[INFO DPL-0009] Utilization: 13.1%
[INFO DPL-0005] Diamond search max displacement: +/- 500 sites horizontally, +/- 100 rows vertically.
[INFO DPL-1102] Legalizing using negotiation legalizer.
[INFO DPL-1103] Negotiation base search window: +/-20 sites horizontally, +/-5 rows vertically 
	Automatic search window extension enabled.
	Search window extendable up to the max displacement cap of +/-500 sites, +/-100 rows near walls.
[INFO DPL-1104] NegotiationLegalizer DRC penalty: 5.
[INFO DPL-0392] Negotiation cell height distribution (1 unique row-count(s)):
[INFO DPL-0393]   height 1 row(s): 3210 cells
[INFO DPL-0500] Runtime: 0.01s
Placement Analysis
---------------------------------
total displacement          0.0 u
average displacement        0.0 u
max displacement            0.0 u
original HPWL           31834.2 u
legalized HPWL          31834.2 u
delta HPWL                    0 %

global_route -end_incremental -congestion_report_file ./reports/sky130hd/d_ca04_async_fifo_cdc/base/congestion_post_repair_design.rpt
Repair setup and hold violations...
estimate_parasitics -global_routing
repair_timing -setup_margin 0 -hold_margin 0 -repair_tns 100 -verbose
[INFO RSZ-0100] Repair move sequence: UnbufferMove SizeUpMove SwapPinsMove BufferMove CloneMove SplitLoadMove 
[INFO RSZ-0098] No setup violations found
[INFO RSZ-0505] Runtime: 0.05s
[INFO RSZ-0033] No hold violations found.
[INFO RSZ-0506] Runtime: 0.02s
global_route -start_incremental
detailed_placement
[INFO DPL-0006] Core area: 152262.28 um^2
[INFO DPL-0007] Movable instances area: 17341.63 um^2
[INFO DPL-0008] Fixed instances area within core: 2539.94 um^2
[INFO DPL-0009] Utilization: 13.1%
[INFO DPL-0005] Diamond search max displacement: +/- 500 sites horizontally, +/- 100 rows vertically.
[INFO DPL-1102] Legalizing using negotiation legalizer.
[INFO DPL-1103] Negotiation base search window: +/-20 sites horizontally, +/-5 rows vertically 
	Automatic search window extension enabled.
	Search window extendable up to the max displacement cap of +/-500 sites, +/-100 rows near walls.
[INFO DPL-1104] NegotiationLegalizer DRC penalty: 5.
[INFO DPL-0392] Negotiation cell height distribution (1 unique row-count(s)):
[INFO DPL-0393]   height 1 row(s): 3210 cells
[INFO DPL-0500] Runtime: 0.01s
Placement Analysis
---------------------------------
total displacement          0.0 u
average displacement        0.0 u
max displacement            0.0 u
original HPWL           31834.2 u
legalized HPWL          31834.2 u
delta HPWL                    0 %

check_placement -verbose
global_route -end_incremental -congestion_report_file ./reports/sky130hd/d_ca04_async_fifo_cdc/base/congestion_post_repair_timing.rpt
estimate_parasitics -global_routing
global_route -start_incremental
global_route -end_incremental -congestion_report_file ./reports/sky130hd/d_ca04_async_fifo_cdc/base/congestion_post_recover_power.rpt
Repair antennas...
[INFO GRT-0012] Found 19 antenna violations.
[INFO GRT-0302] Inserted 18 jumpers for 18 nets.
[INFO GRT-0012] Found 1 antenna violations.
[INFO DPL-0006] Core area: 152262.28 um^2
[INFO DPL-0007] Movable instances area: 17316.61 um^2
[INFO DPL-0008] Fixed instances area within core: 2567.46 um^2
[INFO DPL-0009] Utilization: 13.1%
[INFO DPL-0005] Diamond search max displacement: +/- 500 sites horizontally, +/- 100 rows vertically.
[INFO DPL-1102] Legalizing using negotiation legalizer.
[INFO DPL-1103] Negotiation base search window: +/-20 sites horizontally, +/-5 rows vertically 
	Automatic search window extension enabled.
	Search window extendable up to the max displacement cap of +/-500 sites, +/-100 rows near walls.
[INFO DPL-1104] NegotiationLegalizer DRC penalty: 5.
[INFO DPL-0392] Negotiation cell height distribution (1 unique row-count(s)):
[INFO DPL-0393]   height 1 row(s): 3211 cells
[INFO DPL-0500] Runtime: 0.01s
[INFO GRT-0015] Inserted 1 diodes.
[INFO GRT-0012] Found 0 antenna violations.
[INFO ANT-0002] Found 0 net violations.
[INFO ANT-0001] Found 0 pin violations.
Estimate parasitics...
estimate_parasitics -global_routing
Report metrics stage 5, global route...

==========================================================================
global route report_design_area
--------------------------------------------------------------------------
Design area 19884 um^2 13% utilization.
[INFO FLW-0007] clock wr_clock period 4.500000
[WARNING FLW-0010] more than one clock found. Skipping sdc update.
[INFO FLW-0011] Path endpoint path count 756
write_db ./results/sky130hd/d_ca04_async_fifo_cdc/base/5_1_grt.odb
write_sdc -no_timestamp ./results/sky130hd/d_ca04_async_fifo_cdc/base/5_1_grt.sdc
Elapsed time: 0:08.91[h:]min:sec. CPU time: user 51.72 sys 0.21 (583%). Peak memory: 353652KB.
Log                       Ext     Elapsed/s Peak Memory/MB sha1sum result [0:20)
5_1_grt                   .odb            8            345 66520e80301515b3d9da
5_1_grt                   .sdc                             1a3ffefef167d9a6b881
/OpenROAD-flow-scripts/flow/scripts/flow.sh 5_2_route detail_route
Running detail_route.tcl, stage 5_2_route
read_liberty /OpenROAD-flow-scripts/flow/platforms/sky130hd/lib/sky130_fd_sc_hd__tt_025C_1v80.lib
read_db ./results/sky130hd/d_ca04_async_fifo_cdc/base/5_1_grt.odb
read_sdc ./results/sky130hd/d_ca04_async_fifo_cdc/base/5_1_grt.sdc
source /OpenROAD-flow-scripts/flow/platforms/sky130hd/setRC.tcl
detailed_route -output_drc ./reports/sky130hd/d_ca04_async_fifo_cdc/base/5_route_drc.rpt -output_maze ./results/sky130hd/d_ca04_async_fifo_cdc/base/maze.log -droute_end_iter 64 -verbose 1 -drc_report_iter_step 5
[INFO DRT-0149] Reading tech and libs.
[WARNING DRT-0349] LEF58_ENCLOSURE with no CUTCLASS is not supported. Skipping for layer mcon
[WARNING DRT-0349] LEF58_ENCLOSURE with no CUTCLASS is not supported. Skipping for layer mcon
[WARNING DRT-0349] LEF58_ENCLOSURE with no CUTCLASS is not supported. Skipping for layer via
[WARNING DRT-0349] LEF58_ENCLOSURE with no CUTCLASS is not supported. Skipping for layer via
[WARNING DRT-0349] LEF58_ENCLOSURE with no CUTCLASS is not supported. Skipping for layer via2
[WARNING DRT-0349] LEF58_ENCLOSURE with no CUTCLASS is not supported. Skipping for layer via2
[WARNING DRT-0349] LEF58_ENCLOSURE with no CUTCLASS is not supported. Skipping for layer via3
[WARNING DRT-0349] LEF58_ENCLOSURE with no CUTCLASS is not supported. Skipping for layer via3
[WARNING DRT-0349] LEF58_ENCLOSURE with no CUTCLASS is not supported. Skipping for layer via4
[WARNING DRT-0349] LEF58_ENCLOSURE with no CUTCLASS is not supported. Skipping for layer via4

Units:                1000
Number of layers:     13
Number of macros:     441
Number of vias:       29
Number of viarulegen: 25

[INFO DRT-0150] Reading design.
[WARNING DRT-0120] Large net net35 has 114 pins which may impact routing performance. Consider optimization.

Design:                   async_fifo_cdc
Die area:                 ( 0 0 ) ( 393930 393930 )
Number of track patterns: 12
Number of DEF vias:       0
Number of components:     3211
Number of terminals:      74
Number of snets:          2
Number of nets:           1191

[INFO DRT-0167] List of default vias:
  Layer via
    default via: M1M2_PR
  Layer via2
    default via: M2M3_PR
  Layer via3
    default via: M3M4_PR
  Layer via4
    default via: M4M5_PR
[INFO DRT-0162] Library cell analysis.
[INFO DRT-0163] Instance analysis.
[INFO DRT-0164] Number of unique instances = 75.
[INFO DRT-0168] Init region query.
[INFO DRT-0024]   Complete FR_MASTERSLICE.
[INFO DRT-0024]   Complete Fr_VIA.
[INFO DRT-0024]   Complete li1.
[INFO DRT-0024]   Complete mcon.
[INFO DRT-0024]   Complete met1.
[INFO DRT-0024]   Complete via.
[INFO DRT-0024]   Complete met2.
[INFO DRT-0024]   Complete via2.
[INFO DRT-0024]   Complete met3.
[INFO DRT-0024]   Complete via3.
[INFO DRT-0024]   Complete met4.
[INFO DRT-0024]   Complete via4.
[INFO DRT-0024]   Complete met5.
[INFO DRT-0033] FR_MASTERSLICE shape region query size = 0.
[INFO DRT-0033] FR_VIA shape region query size = 0.
[INFO DRT-0033] li1 shape region query size = 58554.
[INFO DRT-0033] mcon shape region query size = 35319.
[INFO DRT-0033] met1 shape region query size = 14169.
[INFO DRT-0033] via shape region query size = 10080.
[INFO DRT-0033] met2 shape region query size = 6082.
[INFO DRT-0033] via2 shape region query size = 8064.
[INFO DRT-0033] met3 shape region query size = 6086.
[INFO DRT-0033] via3 shape region query size = 8064.
[INFO DRT-0033] met4 shape region query size = 2436.
[INFO DRT-0033] via4 shape region query size = 392.
[INFO DRT-0033] met5 shape region query size = 448.
[INFO DRT-0165] Start pin access.
[INFO DRT-0078]   Complete 544 pins.
[INFO DRT-0081]   Complete 75 unique inst patterns.
[INFO DRT-0084]   Complete 959 groups.
#scanned instances     = 3211
#unique  instances     = 75
#stdCellGenAp          = 2456
#stdCellValidPlanarAp  = 46
#stdCellValidViaAp     = 1547
#stdCellPinNoAp        = 0
#stdCellPinCnt         = 4338
#instTermValidViaApCnt = 0
#macroGenAp            = 0
#macroValidPlanarAp    = 0
#macroValidViaAp       = 0
#macroNoAp             = 0
[INFO DRT-0166] Complete pin access.
[INFO DRT-0267] cpu time = 00:00:44, elapsed time = 00:00:06, memory = 273.52 (MB), peak = 272.35 (MB)

[INFO DRT-0157] Number of guides:     10301

[INFO DRT-0169] Post process guides.
[INFO DRT-0176] GCELLGRID X 0 DO 57 STEP 6900 ;
[INFO DRT-0177] GCELLGRID Y 0 DO 57 STEP 6900 ;
[INFO DRT-0028]   Complete FR_MASTERSLICE.
[INFO DRT-0028]   Complete Fr_VIA.
[INFO DRT-0028]   Complete li1.
[INFO DRT-0028]   Complete mcon.
[INFO DRT-0028]   Complete met1.
[INFO DRT-0028]   Complete via.
[INFO DRT-0028]   Complete met2.
[INFO DRT-0028]   Complete via2.
[INFO DRT-0028]   Complete met3.
[INFO DRT-0028]   Complete via3.
[INFO DRT-0028]   Complete met4.
[INFO DRT-0028]   Complete via4.
[INFO DRT-0028]   Complete met5.
[INFO DRT-0178] Init guide query.
[INFO DRT-0035]   Complete FR_MASTERSLICE (guide).
[INFO DRT-0035]   Complete Fr_VIA (guide).
[INFO DRT-0035]   Complete li1 (guide).
[INFO DRT-0035]   Complete mcon (guide).
[INFO DRT-0035]   Complete met1 (guide).
[INFO DRT-0035]   Complete via (guide).
[INFO DRT-0035]   Complete met2 (guide).
[INFO DRT-0035]   Complete via2 (guide).
[INFO DRT-0035]   Complete met3 (guide).
[INFO DRT-0035]   Complete via3 (guide).
[INFO DRT-0035]   Complete met4 (guide).
[INFO DRT-0035]   Complete via4 (guide).
[INFO DRT-0035]   Complete met5 (guide).
[INFO DRT-0036] FR_MASTERSLICE guide region query size = 0.
[INFO DRT-0036] FR_VIA guide region query size = 0.
[INFO DRT-0036] li1 guide region query size = 3239.
[INFO DRT-0036] mcon guide region query size = 0.
[INFO DRT-0036] met1 guide region query size = 3065.
[INFO DRT-0036] via guide region query size = 0.
[INFO DRT-0036] met2 guide region query size = 1562.
[INFO DRT-0036] via2 guide region query size = 0.
[INFO DRT-0036] met3 guide region query size = 143.
[INFO DRT-0036] via3 guide region query size = 0.
[INFO DRT-0036] met4 guide region query size = 67.
[INFO DRT-0036] via4 guide region query size = 0.
[INFO DRT-0036] met5 guide region query size = 10.
[INFO DRT-0179] Init gr pin query.
[INFO DRT-0267] cpu time = 00:00:00, elapsed time = 00:00:00, memory = 278.89 (MB), peak = 277.88 (MB)
[INFO DRT-0245] skipped writing guide updates to database.
[INFO DRT-0181] Start track assignment.
[INFO DRT-0184] Done with 4868 vertical wires in 2 frboxes and 3218 horizontal wires in 2 frboxes.
[INFO DRT-0186] Done with 377 vertical wires in 2 frboxes and 752 horizontal wires in 2 frboxes.
[INFO DRT-0182] Complete track assignment.
[INFO DRT-0267] cpu time = 00:00:00, elapsed time = 00:00:00, memory = 310.72 (MB), peak = 318.38 (MB)
[INFO DRT-0187] Start routing data preparation.
[INFO DRT-0267] cpu time = 00:00:00, elapsed time = 00:00:00, memory = 310.73 (MB), peak = 318.38 (MB)
[INFO DRT-0194] Start detail routing.
[INFO DRT-0195] Start 0th optimization iteration.
    Completing 10% with 0 violations.
    elapsed time = 00:00:00, memory = 384.30 (MB).
    Completing 20% with 0 violations.
    elapsed time = 00:00:00, memory = 402.62 (MB).
    Completing 30% with 0 violations.
    elapsed time = 00:00:01, memory = 396.65 (MB).
    Completing 40% with 86 violations.
    elapsed time = 00:00:01, memory = 456.38 (MB).
    Completing 50% with 86 violations.
    elapsed time = 00:00:02, memory = 461.96 (MB).
    Completing 60% with 143 violations.
    elapsed time = 00:00:03, memory = 462.30 (MB).
    Completing 70% with 143 violations.
    elapsed time = 00:00:03, memory = 505.44 (MB).
    Completing 80% with 143 violations.
    elapsed time = 00:00:05, memory = 499.91 (MB).
    Completing 90% with 223 violations.
    elapsed time = 00:00:05, memory = 550.29 (MB).
    Completing 100% with 274 violations.
    elapsed time = 00:00:07, memory = 565.22 (MB).
[INFO DRT-0199]   Number of violations = 416.
Viol/Layer         li1   mcon   met1    via   met2   met3
Cut Spacing          0      2      0      0      0      0
Metal Spacing        0      0     57      0     44      4
Min Hole             0      0      2      0      0      0
Recheck              1      0    101      0     34      6
Short                0      0    164      1      0      0
[INFO DRT-0267] cpu time = 00:00:21, elapsed time = 00:00:07, memory = 910.55 (MB), peak = 909.54 (MB)
Total wire length = 43319 um.
Total wire length on LAYER li1 = 0 um.
Total wire length on LAYER met1 = 19913 um.
Total wire length on LAYER met2 = 18913 um.
Total wire length on LAYER met3 = 3083 um.
Total wire length on LAYER met4 = 1279 um.
Total wire length on LAYER met5 = 129 um.
Total number of vias = 8968.
Up-via summary (total 8968):

-----------------------
 FR_MASTERSLICE       0
            li1    4020
           met1    4694
           met2     139
           met3      95
           met4      20
-----------------------
               8968


[INFO DRT-0195] Start 1st optimization iteration.
    Completing 10% with 416 violations.
    elapsed time = 00:00:00, memory = 924.64 (MB).
    Completing 20% with 416 violations.
    elapsed time = 00:00:00, memory = 940.15 (MB).
    Completing 30% with 416 violations.
    elapsed time = 00:00:02, memory = 924.93 (MB).
    Completing 40% with 297 violations.
    elapsed time = 00:00:02, memory = 939.24 (MB).
    Completing 50% with 297 violations.
    elapsed time = 00:00:02, memory = 939.25 (MB).
    Completing 60% with 229 violations.
    elapsed time = 00:00:03, memory = 948.92 (MB).
    Completing 70% with 229 violations.
    elapsed time = 00:00:03, memory = 974.01 (MB).
    Completing 80% with 229 violations.
    elapsed time = 00:00:06, memory = 948.92 (MB).
    Completing 90% with 142 violations.
    elapsed time = 00:00:06, memory = 976.09 (MB).
    Completing 100% with 84 violations.
    elapsed time = 00:00:08, memory = 983.26 (MB).
[INFO DRT-0199]   Number of violations = 84.
Viol/Layer        met1   met2
Metal Spacing       11      4
Short               65      4
[INFO DRT-0267] cpu time = 00:00:19, elapsed time = 00:00:08, memory = 986.26 (MB), peak = 985.34 (MB)
Total wire length = 42903 um.
Total wire length on LAYER li1 = 0 um.
Total wire length on LAYER met1 = 19580 um.
Total wire length on LAYER met2 = 18879 um.
Total wire length on LAYER met3 = 3164 um.
Total wire length on LAYER met4 = 1151 um.
Total wire length on LAYER met5 = 128 um.
Total number of vias = 8856.
Up-via summary (total 8856):

-----------------------
 FR_MASTERSLICE       0
            li1    4017
           met1    4584
           met2     145
           met3      90
           met4      20
-----------------------
               8856


[INFO DRT-0195] Start 2nd optimization iteration.
    Completing 10% with 84 violations.
    elapsed time = 00:00:00, memory = 986.26 (MB).
    Completing 20% with 84 violations.
    elapsed time = 00:00:00, memory = 986.26 (MB).
    Completing 30% with 84 violations.
    elapsed time = 00:00:01, memory = 1010.28 (MB).
    Completing 40% with 96 violations.
    elapsed time = 00:00:01, memory = 1010.28 (MB).
    Completing 50% with 96 violations.
    elapsed time = 00:00:01, memory = 1010.28 (MB).
    Completing 60% with 91 violations.
    elapsed time = 00:00:02, memory = 1026.78 (MB).
    Completing 70% with 91 violations.
    elapsed time = 00:00:02, memory = 1026.78 (MB).
    Completing 80% with 91 violations.
    elapsed time = 00:00:04, memory = 1040.59 (MB).
    Completing 90% with 81 violations.
    elapsed time = 00:00:04, memory = 1040.59 (MB).
    Completing 100% with 67 violations.
    elapsed time = 00:00:06, memory = 1046.80 (MB).
[INFO DRT-0199]   Number of violations = 67.
Viol/Layer        met1   met2
Metal Spacing        6      2
Short               59      0
[INFO DRT-0267] cpu time = 00:00:14, elapsed time = 00:00:06, memory = 1046.80 (MB), peak = 1045.89 (MB)
Total wire length = 42911 um.
Total wire length on LAYER li1 = 0 um.
Total wire length on LAYER met1 = 19490 um.
Total wire length on LAYER met2 = 18992 um.
Total wire length on LAYER met3 = 3138 um.
Total wire length on LAYER met4 = 1160 um.
Total wire length on LAYER met5 = 129 um.
Total number of vias = 8842.
Up-via summary (total 8842):

-----------------------
 FR_MASTERSLICE       0
            li1    4015
           met1    4567
           met2     147
           met3      93
           met4      20
-----------------------
               8842


[INFO DRT-0195] Start 3rd guides tiles iteration.
    Completing 10% with 67 violations.
    elapsed time = 00:00:00, memory = 1046.81 (MB).
    Completing 20% with 67 violations.
    elapsed time = 00:00:00, memory = 1046.81 (MB).
    Completing 30% with 67 violations.
    elapsed time = 00:00:00, memory = 1046.81 (MB).
    Completing 40% with 67 violations.
    elapsed time = 00:00:00, memory = 1046.81 (MB).
    Completing 50% with 67 violations.
    elapsed time = 00:00:00, memory = 1046.82 (MB).
    Completing 60% with 31 violations.
    elapsed time = 00:00:00, memory = 1046.82 (MB).
    Completing 70% with 31 violations.
    elapsed time = 00:00:00, memory = 1046.82 (MB).
    Completing 80% with 31 violations.
    elapsed time = 00:00:00, memory = 1046.82 (MB).
    Completing 90% with 8 violations.
    elapsed time = 00:00:00, memory = 1046.82 (MB).
    Completing 100% with 0 violations.
    elapsed time = 00:00:01, memory = 1046.82 (MB).
[INFO DRT-0199]   Number of violations = 0.
[INFO DRT-0267] cpu time = 00:00:02, elapsed time = 00:00:01, memory = 1046.82 (MB), peak = 1071.14 (MB)
Total wire length = 42917 um.
Total wire length on LAYER li1 = 0 um.
Total wire length on LAYER met1 = 19212 um.
Total wire length on LAYER met2 = 19029 um.
Total wire length on LAYER met3 = 3385 um.
Total wire length on LAYER met4 = 1160 um.
Total wire length on LAYER met5 = 129 um.
Total number of vias = 8904.
Up-via summary (total 8904):

-----------------------
 FR_MASTERSLICE       0
            li1    4012
           met1    4602
           met2     177
           met3      93
           met4      20
-----------------------
               8904


[INFO DRT-0198] Complete detail routing.
Total wire length = 42917 um.
Total wire length on LAYER li1 = 0 um.
Total wire length on LAYER met1 = 19212 um.
Total wire length on LAYER met2 = 19029 um.
Total wire length on LAYER met3 = 3385 um.
Total wire length on LAYER met4 = 1160 um.
Total wire length on LAYER met5 = 129 um.
Total number of vias = 8904.
Up-via summary (total 8904):

-----------------------
 FR_MASTERSLICE       0
            li1    4012
           met1    4602
           met2     177
           met3      93
           met4      20
-----------------------
               8904


[INFO DRT-0267] cpu time = 00:00:58, elapsed time = 00:00:23, memory = 1046.95 (MB), peak = 1071.14 (MB)

[INFO DRT-0180] Post processing.
[INFO DRT-0501] Runtime: 30.24s
Took 30 seconds: detailed_route -output_drc ./reports/sky130hd/d_ca04_async_fifo_cdc/base/5_route_drc.rpt -output_maze ./results/sky130hd/d_ca04_async_fifo_cdc/base/maze.log -droute_end_iter 64 -verbose 1 -drc_report_iter_step 5
[INFO GRT-0012] Found 1 antenna violations.
[INFO DPL-0006] Core area: 152262.28 um^2
[INFO DPL-0007] Movable instances area: 0.00 um^2
[INFO DPL-0008] Fixed instances area within core: 19886.57 um^2
[INFO DPL-0009] Utilization: 13.1%
[INFO DPL-0005] Diamond search max displacement: +/- 500 sites horizontally, +/- 100 rows vertically.
[INFO DPL-1102] Legalizing using negotiation legalizer.
[INFO DPL-1103] Negotiation base search window: +/-20 sites horizontally, +/-5 rows vertically 
	Automatic search window extension enabled.
	Search window extendable up to the max displacement cap of +/-500 sites, +/-100 rows near walls.
[INFO DPL-1104] NegotiationLegalizer DRC penalty: 5.
[INFO DPL-0392] Negotiation cell height distribution (1 unique row-count(s)):
[INFO DPL-0393]   height 1 row(s): 3212 cells
[INFO DPL-0500] Runtime: 0.01s
[INFO GRT-0015] Inserted 1 diodes.
[WARNING DRT-0120] Large net net35 has 114 pins which may impact routing performance. Consider optimization.
[INFO DRT-0024]   Complete FR_MASTERSLICE.
[INFO DRT-0024]   Complete Fr_VIA.
[INFO DRT-0024]   Complete li1.
[INFO DRT-0024]   Complete mcon.
[INFO DRT-0024]   Complete met1.
[INFO DRT-0024]   Complete via.
[INFO DRT-0024]   Complete met2.
[INFO DRT-0024]   Complete via2.
[INFO DRT-0024]   Complete met3.
[INFO DRT-0024]   Complete via3.
[INFO DRT-0024]   Complete met4.
[INFO DRT-0024]   Complete via4.
[INFO DRT-0024]   Complete met5.
[INFO DRT-0165] Start pin access.
[INFO DRT-0078]   Complete 544 pins.
[INFO DRT-0081]   Complete 75 unique inst patterns.
[INFO DRT-0084]   Complete 960 groups.
#scanned instances     = 3212
#unique  instances     = 75
#stdCellGenAp          = 2456
#stdCellValidPlanarAp  = 46
#stdCellValidViaAp     = 1547
#stdCellPinNoAp        = 0
#stdCellPinCnt         = 4338
#instTermValidViaApCnt = 0
#macroGenAp            = 0
#macroValidPlanarAp    = 0
#macroValidViaAp       = 0
#macroNoAp             = 0
[INFO DRT-0166] Complete pin access.
[INFO DRT-0267] cpu time = 00:00:49, elapsed time = 00:00:06, memory = 961.52 (MB), peak = 1071.14 (MB)

[INFO DRT-0157] Number of guides:     10301

[INFO DRT-0169] Post process guides.
[INFO DRT-0176] GCELLGRID X 0 DO 57 STEP 6900 ;
[INFO DRT-0177] GCELLGRID Y 0 DO 57 STEP 6900 ;
[INFO DRT-0028]   Complete FR_MASTERSLICE.
[INFO DRT-0028]   Complete Fr_VIA.
[INFO DRT-0028]   Complete li1.
[INFO DRT-0028]   Complete mcon.
[INFO DRT-0028]   Complete met1.
[INFO DRT-0028]   Complete via.
[INFO DRT-0028]   Complete met2.
[INFO DRT-0028]   Complete via2.
[INFO DRT-0028]   Complete met3.
[INFO DRT-0028]   Complete via3.
[INFO DRT-0028]   Complete met4.
[INFO DRT-0028]   Complete via4.
[INFO DRT-0028]   Complete met5.
[INFO DRT-0178] Init guide query.
[INFO DRT-0035]   Complete FR_MASTERSLICE (guide).
[INFO DRT-0035]   Complete Fr_VIA (guide).
[INFO DRT-0035]   Complete li1 (guide).
[INFO DRT-0035]   Complete mcon (guide).
[INFO DRT-0035]   Complete met1 (guide).
[INFO DRT-0035]   Complete via (guide).
[INFO DRT-0035]   Complete met2 (guide).
[INFO DRT-0035]   Complete via2 (guide).
[INFO DRT-0035]   Complete met3 (guide).
[INFO DRT-0035]   Complete via3 (guide).
[INFO DRT-0035]   Complete met4 (guide).
[INFO DRT-0035]   Complete via4 (guide).
[INFO DRT-0035]   Complete met5 (guide).
[INFO DRT-0036] FR_MASTERSLICE guide region query size = 0.
[INFO DRT-0036] FR_VIA guide region query size = 0.
[INFO DRT-0036] li1 guide region query size = 3239.
[INFO DRT-0036] mcon guide region query size = 0.
[INFO DRT-0036] met1 guide region query size = 3065.
[INFO DRT-0036] via guide region query size = 0.
[INFO DRT-0036] met2 guide region query size = 1562.
[INFO DRT-0036] via2 guide region query size = 0.
[INFO DRT-0036] met3 guide region query size = 143.
[INFO DRT-0036] via3 guide region query size = 0.
[INFO DRT-0036] met4 guide region query size = 67.
[INFO DRT-0036] via4 guide region query size = 0.
[INFO DRT-0036] met5 guide region query size = 10.
[INFO DRT-0179] Init gr pin query.
[INFO DRT-0267] cpu time = 00:00:00, elapsed time = 00:00:00, memory = 961.52 (MB), peak = 1071.14 (MB)
[INFO DRT-0245] skipped writing guide updates to database.
[INFO DRT-0181] Start track assignment.
[INFO DRT-0184] Done with 4868 vertical wires in 2 frboxes and 3218 horizontal wires in 2 frboxes.
[INFO DRT-0186] Done with 374 vertical wires in 2 frboxes and 753 horizontal wires in 2 frboxes.
[INFO DRT-0182] Complete track assignment.
[INFO DRT-0267] cpu time = 00:00:00, elapsed time = 00:00:00, memory = 961.52 (MB), peak = 1071.14 (MB)
[INFO DRT-0187] Start routing data preparation.
[INFO DRT-0267] cpu time = 00:00:00, elapsed time = 00:00:00, memory = 961.52 (MB), peak = 1071.14 (MB)
[INFO DRT-0194] Start detail routing.
[INFO DRT-0195] Start 0th optimization iteration.
    Completing 10% with 0 violations.
    elapsed time = 00:00:00, memory = 961.54 (MB).
    Completing 20% with 0 violations.
    elapsed time = 00:00:00, memory = 961.55 (MB).
    Completing 30% with 0 violations.
    elapsed time = 00:00:00, memory = 961.57 (MB).
    Completing 40% with 0 violations.
    elapsed time = 00:00:00, memory = 961.57 (MB).
    Completing 50% with 0 violations.
    elapsed time = 00:00:00, memory = 961.57 (MB).
    Completing 60% with 0 violations.
    elapsed time = 00:00:01, memory = 961.58 (MB).
    Completing 70% with 0 violations.
    elapsed time = 00:00:01, memory = 961.59 (MB).
    Completing 80% with 0 violations.
    elapsed time = 00:00:02, memory = 961.60 (MB).
    Completing 90% with 0 violations.
    elapsed time = 00:00:02, memory = 961.60 (MB).
    Completing 100% with 0 violations.
    elapsed time = 00:00:03, memory = 961.60 (MB).
[INFO DRT-0199]   Number of violations = 0.
[INFO DRT-0267] cpu time = 00:00:10, elapsed time = 00:00:03, memory = 1060.12 (MB), peak = 1071.14 (MB)
Total wire length = 42917 um.
Total wire length on LAYER li1 = 0 um.
Total wire length on LAYER met1 = 19212 um.
Total wire length on LAYER met2 = 19029 um.
Total wire length on LAYER met3 = 3385 um.
Total wire length on LAYER met4 = 1160 um.
Total wire length on LAYER met5 = 129 um.
Total number of vias = 8906.
Up-via summary (total 8906):

-----------------------
 FR_MASTERSLICE       0
            li1    4013
           met1    4603
           met2     177
           met3      93
           met4      20
-----------------------
               8906


[INFO DRT-0198] Complete detail routing.
Total wire length = 42917 um.
Total wire length on LAYER li1 = 0 um.
Total wire length on LAYER met1 = 19212 um.
Total wire length on LAYER met2 = 19029 um.
Total wire length on LAYER met3 = 3385 um.
Total wire length on LAYER met4 = 1160 um.
Total wire length on LAYER met5 = 129 um.
Total number of vias = 8906.
Up-via summary (total 8906):

-----------------------
 FR_MASTERSLICE       0
            li1    4013
           met1    4603
           met2     177
           met3      93
           met4      20
-----------------------
               8906


[INFO DRT-0267] cpu time = 00:00:10, elapsed time = 00:00:03, memory = 1060.12 (MB), peak = 1071.14 (MB)

[INFO DRT-0180] Post processing.
[INFO DRT-0501] Runtime: 10.68s
[INFO ANT-0002] Found 0 net violations.
[INFO ANT-0001] Found 0 pin violations.
[INFO ANT-0002] Found 0 net violations.
[INFO ANT-0001] Found 0 pin violations.
Design area 19887 um^2 13% utilization.
write_db ./results/sky130hd/d_ca04_async_fifo_cdc/base/5_2_route.odb
Elapsed time: 0:43.04[h:]min:sec. CPU time: user 170.11 sys 0.44 (396%). Peak memory: 1096844KB.
Log                       Ext     Elapsed/s Peak Memory/MB sha1sum result [0:20)
5_2_route                 .odb           43           1071 01194c47867065777845
/OpenROAD-flow-scripts/flow/scripts/flow.sh 5_3_fillcell fillcell
Running fillcell.tcl, stage 5_3_fillcell
read_liberty /OpenROAD-flow-scripts/flow/platforms/sky130hd/lib/sky130_fd_sc_hd__tt_025C_1v80.lib
read_db ./results/sky130hd/d_ca04_async_fifo_cdc/base/5_2_route.odb
read_sdc ./results/sky130hd/d_ca04_async_fifo_cdc/base/5_1_grt.sdc
source /OpenROAD-flow-scripts/flow/platforms/sky130hd/setRC.tcl
filler_placement "sky130_fd_sc_hd__fill_1 sky130_fd_sc_hd__fill_2 sky130_fd_sc_hd__fill_4 sky130_fd_sc_hd__fill_8"
[INFO DPL-0001] Placed 16965 filler instances.
Design area 19887 um^2 13% utilization.
write_db ./results/sky130hd/d_ca04_async_fifo_cdc/base/5_3_fillcell.odb
Elapsed time: 0:00.72[h:]min:sec. CPU time: user 0.61 sys 0.06 (92%). Peak memory: 173704KB.
Log                       Ext     Elapsed/s Peak Memory/MB sha1sum result [0:20)
5_3_fillcell              .odb            0            169 48de18bbeb1cf410a686
cp ./results/sky130hd/d_ca04_async_fifo_cdc/base/5_3_fillcell.odb ./results/sky130hd/d_ca04_async_fifo_cdc/base/5_route.odb
cp ./results/sky130hd/d_ca04_async_fifo_cdc/base/5_1_grt.sdc ./results/sky130hd/d_ca04_async_fifo_cdc/base/5_route.sdc
/OpenROAD-flow-scripts/flow/scripts/flow.sh 6_1_fill density_fill
Running density_fill.tcl, stage 6_1_fill
read_liberty /OpenROAD-flow-scripts/flow/platforms/sky130hd/lib/sky130_fd_sc_hd__tt_025C_1v80.lib
read_db ./results/sky130hd/d_ca04_async_fifo_cdc/base/5_route.odb
read_sdc ./results/sky130hd/d_ca04_async_fifo_cdc/base/5_route.sdc
source /OpenROAD-flow-scripts/flow/platforms/sky130hd/setRC.tcl
exec cp ./results/sky130hd/d_ca04_async_fifo_cdc/base/5_route.odb ./results/sky130hd/d_ca04_async_fifo_cdc/base/6_1_fill.odb
Elapsed time: 0:00.62[h:]min:sec. CPU time: user 0.56 sys 0.05 (97%). Peak memory: 157796KB.
Log                       Ext     Elapsed/s Peak Memory/MB sha1sum result [0:20)
6_1_fill                  .odb            0            154 48de18bbeb1cf410a686
cp ./results/sky130hd/d_ca04_async_fifo_cdc/base/5_route.sdc ./results/sky130hd/d_ca04_async_fifo_cdc/base/6_1_fill.sdc
/OpenROAD-flow-scripts/flow/scripts/flow.sh 6_report final_report
Running final_report.tcl, stage 6_report
read_liberty /OpenROAD-flow-scripts/flow/platforms/sky130hd/lib/sky130_fd_sc_hd__tt_025C_1v80.lib
read_db ./results/sky130hd/d_ca04_async_fifo_cdc/base/6_1_fill.odb
read_sdc ./results/sky130hd/d_ca04_async_fifo_cdc/base/6_1_fill.sdc
source /OpenROAD-flow-scripts/flow/platforms/sky130hd/setRC.tcl
write_db ./results/sky130hd/d_ca04_async_fifo_cdc/base/6_final.odb
write_sdc -no_timestamp ./results/sky130hd/d_ca04_async_fifo_cdc/base/6_final.sdc
Deleted 0 routing obstructions
Warning: master sky130_ef_sc_hd__decap_12 has signal pins but no liberty cell
[INFO RCX-0431] Defined process_corner X with ext_model_index 0
[INFO RCX-0029] Defined extraction corner X
[WARNING RCX-0514] The ext_model_file option is deprecated. Use set_extraction_rules_file command instead.
[INFO RCX-0435] Reading extraction model file /OpenROAD-flow-scripts/flow/platforms/sky130hd/rcx_patterns.rules ...
[INFO RCX-0436] RC segment generation async_fifo_cdc (max_merge_res 50.0) ...
[INFO RCX-0040] Final 5321 rc segments
[INFO RCX-0439] Coupling Cap extraction async_fifo_cdc ...
[INFO RCX-0440] Coupling threshhold is 0.1000 fF, coupling capacitance less than 0.1000 fF will be grounded.
[INFO RCX-0442] 66% of 12901 wires extracted
[INFO RCX-0442] 100% of 12901 wires extracted
[INFO RCX-0045] Extract 1191 nets, 6512 rsegs, 6512 caps, 8500 ccs
[INFO RCX-0443] 1191 nets finished
[INFO PSM-0040] All shapes on net VDD are connected.
########## IR report #################
Net              : VDD
Corner           : default
Total power      : 1.29e-02 W
Supply voltage   : 1.80e+00 V
Worstcase voltage: 1.80e+00 V
Average voltage  : 1.80e+00 V
Average IR drop  : 1.77e-05 V
Worstcase IR drop: 3.71e-04 V
Percentage drop  : 0.02 %
######################################
[INFO PSM-0040] All shapes on net VSS are connected.
########## IR report #################
Net              : VSS
Corner           : default
Total power      : 1.29e-02 W
Supply voltage   : 0.00e+00 V
Worstcase voltage: 3.78e-04 V
Average voltage  : 1.82e-05 V
Average IR drop  : 1.82e-05 V
Worstcase IR drop: 3.78e-04 V
Percentage drop  : 0.02 %
######################################
Cell type report:                       Count       Area
  Fill cell                             16965  132375.71
  Tap cell                               2030    2539.94
  Antenna cell                              2       5.00
  Clock buffer                             56    1128.58
  Timing Repair Buffer                     98     963.42
  Inverter                                  3      11.26
  Clock inverter                           11     168.91
  Sequential cell                         346    8662.06
  Multi-Input combinational cell          666    6407.40
  Total                                 20177  152262.28
Report metrics stage 6, finish...

==========================================================================
finish report_design_area
--------------------------------------------------------------------------
Design area 19887 um^2 13% utilization.
[WARNING GUI-0076] QStandardPaths: XDG_RUNTIME_DIR not set, defaulting to '/tmp/runtime-'
Elapsed time: 0:03.79[h:]min:sec. CPU time: user 3.72 sys 0.24 (104%). Peak memory: 339192KB.
Log                       Ext     Elapsed/s Peak Memory/MB sha1sum result [0:20)
6_report                                  3            331                  N/A
cp /OpenROAD-flow-scripts/flow/platforms/sky130hd/lef/sky130_fd_sc_hd.tlef ./objects/sky130hd/d_ca04_async_fifo_cdc/base/klayout_tech.lef
/usr/bin/python3 /OpenROAD-flow-scripts/flow/util/generate_klayout_tech.py \
	--template /OpenROAD-flow-scripts/flow/platforms/sky130hd/sky130hd.lyt \
	--output ./objects/sky130hd/d_ca04_async_fifo_cdc/base/klayout.lyt \
	--lef-files ./objects/sky130hd/d_ca04_async_fifo_cdc/base/klayout_tech.lef /OpenROAD-flow-scripts/flow/platforms/sky130hd/lef/sky130_fd_sc_hd_merged.lef   \
	--map-files 
/usr/bin/python3 /OpenROAD-flow-scripts/flow/scripts/run_command.py --log /OpenROAD-flow-scripts/flow/logs/sky130hd/d_ca04_async_fifo_cdc/base/6_1_merge.log --tee -- \
        /OpenROAD-flow-scripts/flow/scripts/klayout.sh -zz -rd design_name=async_fifo_cdc \
        -rd in_def=./results/sky130hd/d_ca04_async_fifo_cdc/base/6_final.def \
        -rd in_files="/OpenROAD-flow-scripts/flow/platforms/sky130hd/gds/sky130_fd_sc_hd.gds  " \
        -rd seal_file="" \
        -rd out_file=./results/sky130hd/d_ca04_async_fifo_cdc/base/6_1_merged.gds \
        -rd tech_file=./objects/sky130hd/d_ca04_async_fifo_cdc/base/klayout.lyt \
        -rd layer_map= \
        -r /OpenROAD-flow-scripts/flow/util/def2stream.py
KLayout 0.30.7
[INFO] Reporting cells prior to loading DEF ...
	/OpenROAD-flow-scripts/flow/platforms/sky130hd/gds/sky130_fd_sc_hd.gds
[INFO] All LEF cells have matching GDS/OAS cells
[INFO] No orphan cells in the final layout
Elapsed time: 0:06.45[h:]min:sec. CPU time: user 6.11 sys 0.27 (98%). Peak memory: 889972KB.
cp results/sky130hd/d_ca04_async_fifo_cdc/base/6_1_merged.gds results/sky130hd/d_ca04_async_fifo_cdc/base/6_final.gds
./logs/sky130hd/d_ca04_async_fifo_cdc/base
Log                       Ext     Elapsed/s Peak Memory/MB sha1sum result [0:20)
1_1_yosys_canonicalize    .rtlil          0             86 62f757a249a528627a7c
1_2_yosys                 .v              2             87 32e958e4bc931cc27063
1_2_yosys                 .sdc                             d743368b4d77cebfbe3e
1_synth                   .odb            0            145 6d257907d09a20eef051
1_synth                   .sdc                             fe6451089bd5960df93f
2_1_floorplan             .odb            0            182 88212955a44094e2e63c
2_1_floorplan             .sdc                             fe6451089bd5960df93f
2_2_floorplan_macro       .odb            0            140 88212955a44094e2e63c
2_3_floorplan_tapcell     .odb            0            140 e033af45b96e2c01dff7
2_4_floorplan_pdn         .odb            0            152 f922b733943d030f5e47
3_1_place_gp_skip_io      .odb            1            148 1bed07802d3cce8c13fd
3_2_place_iop             .odb            0            143 5eb29073a7b8ea6a55f4
3_3_place_gp              .odb            2            294 423a3fe545ad3a11df30
3_4_place_resized         .odb            1            182 423a3fe545ad3a11df30
3_5_place_dp              .odb            1            165 9db76b39e79ce6aaac95
4_1_cts                   .odb            1            199 2f6c1e3c13e15ca8aa50
5_1_grt                   .odb            8            345 66520e80301515b3d9da
5_1_grt                   .sdc                             1a3ffefef167d9a6b881
5_2_route                 .odb           43           1071 01194c47867065777845
5_3_fillcell              .odb            0            169 48de18bbeb1cf410a686
6_1_fill                  .odb            0            154 48de18bbeb1cf410a686
6_1_fill                  .sdc                             1a3ffefef167d9a6b881
6_1_merge                                 6            869                  N/A
6_report                                  3            331                  N/A
Total                                    68           1071                     
