clean build: wiped sky130hd/d_ca01_nonblocking_dcache (results, logs, objects, reports)
constraining to CLK_PERIOD_NS=7.5000 (SDC + synthesis)
OPENROAD: /OpenROAD-flow-scripts/tools/OpenROAD
mkdir -p results/sky130hd/d_ca01_nonblocking_dcache/base/
echo 7500 > results/sky130hd/d_ca01_nonblocking_dcache/base/clock_period.txt
/OpenROAD-flow-scripts/flow/scripts/synth.sh /OpenROAD-flow-scripts/flow/scripts/synth_canonicalize.tcl ./logs/sky130hd/d_ca01_nonblocking_dcache/base/1_1_yosys_canonicalize.log
Using ABC speed script.
Extracting clock period from SDC file: ./results/sky130hd/d_ca01_nonblocking_dcache/base/clock_period.txt
Setting clock period to 7500
1. Executing Liberty frontend: /OpenROAD-flow-scripts/flow/platforms/sky130hd/lib/sky130_fd_sc_hd__tt_025C_1v80.lib
2. Executing Liberty frontend: /OpenROAD-flow-scripts/flow/platforms/sky130hd/lib/sky130_fd_sc_hd__tt_025C_1v80.lib
3. Executing SLANG frontend.
3.1. Executing PROC_CLEAN pass (remove empty switches from decision trees).
3.2. Executing TRIBUF pass.
3.3. Executing PROC_RMDEAD pass (remove dead branches from decision trees).
3.4. Executing PROC_PRUNE pass (remove redundant assignments in processes).
3.5. Executing PROC_INIT pass (extract init attributes).
3.6. Executing PROC_ROM pass (convert switches to ROMs).
3.7. Executing PROC_MUX pass (convert decision trees to multiplexers).
3.8. Executing PROC_CLEAN pass (remove empty switches from decision trees).
3.9. Executing OPT_EXPR pass (perform const folding).
4. Executing HIERARCHY pass (managing design hierarchy).
4.1. Analyzing design hierarchy..
4.2. Analyzing design hierarchy..
5. Executing OPT_CLEAN pass (remove unused cells and wires).
6. Executing RTLIL backend.
End of script. Logfile hash: b9f2803cd3, time: 0.72s, user: 0.58s, system: 0.07s, MEM: 94.07 MB peak
Yosys 0.68+post (git sha1 UNKNOWN, Release, GNU /usr/local/bin/wrapped-cc/g++ 11.4.0)
Time spent: 57% 2x read_slang (0 sec), 19% 4x read_liberty (0 sec), ...
Elapsed time: 0:00.78[h:]min:sec. CPU time: user 0.68 sys 0.08 (96%). Peak memory: 98772KB.
Log                       Ext     Elapsed/s Peak Memory/MB sha1sum result [0:20)
1_1_yosys_canonicalize    .rtlil          0             96 88ebb25691f19c0fd4e5
/OpenROAD-flow-scripts/flow/scripts/synth.sh /OpenROAD-flow-scripts/flow/scripts/synth.tcl ./logs/sky130hd/d_ca01_nonblocking_dcache/base/1_2_yosys.log
Using ABC speed script.
Extracting clock period from SDC file: ./results/sky130hd/d_ca01_nonblocking_dcache/base/clock_period.txt
Setting clock period to 7500
1. Executing RTLIL frontend.
2. Executing HIERARCHY pass (managing design hierarchy).
2.1. Analyzing design hierarchy..
2.2. Analyzing design hierarchy..
3. Executing SYNTH pass.
3.1. Executing HIERARCHY pass (managing design hierarchy).
3.1.1. Analyzing design hierarchy..
3.1.2. Analyzing design hierarchy..
3.2. Executing PROC pass (convert processes to netlists).
3.2.1. Executing PROC_CLEAN pass (remove empty switches from decision trees).
3.2.2. Executing PROC_RMDEAD pass (remove dead branches from decision trees).
3.2.3. Executing PROC_PRUNE pass (remove redundant assignments in processes).
3.2.4. Executing PROC_INIT pass (extract init attributes).
3.2.5. Executing PROC_ARST pass (detect async resets in processes).
3.2.6. Executing PROC_ROM pass (convert switches to ROMs).
3.2.7. Executing PROC_MUX pass (convert decision trees to multiplexers).
3.2.8. Executing PROC_DLATCH pass (convert process syncs to latches).
3.2.9. Executing PROC_DFF pass (convert process syncs to FFs).
3.2.10. Executing PROC_MEMWR pass (convert process memory writes to cells).
3.2.11. Executing PROC_CLEAN pass (remove empty switches from decision trees).
3.2.12. Executing OPT_EXPR pass (perform const folding).
3.3. Executing CHECK pass (checking for obvious problems).
3.4. Executing FLATTEN pass (flatten design).
3.5. Executing OPT_EXPR pass (perform const folding).
3.6. Executing OPT_CLEAN pass (remove unused cells and wires).
3.7. Executing CHECK pass (checking for obvious problems).
3.8. Executing OPT pass (performing simple optimizations).
3.8.1. Executing OPT_EXPR pass (perform const folding).
3.8.2. Executing OPT_MERGE pass (detect identical cells).
3.8.3. Executing OPT_MUXTREE pass (detect dead branches in mux trees).
3.8.4. Executing OPT_REDUCE pass (consolidate $*mux and $reduce_* inputs).
3.8.5. Executing OPT_MERGE pass (detect identical cells).
3.8.6. Executing OPT_DFF pass (perform DFF optimizations).
3.8.7. Executing OPT_CLEAN pass (remove unused cells and wires).
3.8.8. Executing OPT_EXPR pass (perform const folding).
3.8.9. Rerunning OPT passes. (Maybe there is more to do..)
3.8.10. Executing OPT_MUXTREE pass (detect dead branches in mux trees).
3.8.11. Executing OPT_REDUCE pass (consolidate $*mux and $reduce_* inputs).
3.8.12. Executing OPT_MERGE pass (detect identical cells).
3.8.13. Executing OPT_DFF pass (perform DFF optimizations).
3.8.14. Executing OPT_CLEAN pass (remove unused cells and wires).
3.8.15. Executing OPT_EXPR pass (perform const folding).
3.8.16. Rerunning OPT passes. (Maybe there is more to do..)
3.8.17. Executing OPT_MUXTREE pass (detect dead branches in mux trees).
3.8.18. Executing OPT_REDUCE pass (consolidate $*mux and $reduce_* inputs).
3.8.19. Executing OPT_MERGE pass (detect identical cells).
3.8.20. Executing OPT_DFF pass (perform DFF optimizations).
3.8.21. Executing OPT_CLEAN pass (remove unused cells and wires).
3.8.22. Executing OPT_EXPR pass (perform const folding).
3.8.23. Finished fast OPT passes. (There is nothing left to do.)
3.9. Executing FSM pass (extract and optimize FSM).
3.9.1. Executing FSM_DETECT pass (finding FSMs in design).
3.9.2. Executing FSM_EXTRACT pass (extracting FSM from design).
3.9.3. Executing FSM_OPT pass (simple optimizations of FSMs).
3.9.4. Executing OPT_CLEAN pass (remove unused cells and wires).
3.9.5. Executing FSM_OPT pass (simple optimizations of FSMs).
3.9.6. Executing FSM_RECODE pass (re-assigning FSM state encoding).
3.9.7. Executing FSM_INFO pass (dumping all available information on FSM cells).
3.9.8. Executing FSM_MAP pass (mapping FSMs to basic logic).
3.10. Executing OPT pass (performing simple optimizations).
3.10.1. Executing OPT_EXPR pass (perform const folding).
3.10.2. Executing OPT_MERGE pass (detect identical cells).
3.10.3. Executing OPT_MUXTREE pass (detect dead branches in mux trees).
3.10.4. Executing OPT_REDUCE pass (consolidate $*mux and $reduce_* inputs).
3.10.5. Executing OPT_MERGE pass (detect identical cells).
3.10.6. Executing OPT_DFF pass (perform DFF optimizations).
3.10.7. Executing OPT_CLEAN pass (remove unused cells and wires).
3.10.8. Executing OPT_EXPR pass (perform const folding).
3.10.9. Rerunning OPT passes. (Maybe there is more to do..)
3.10.10. Executing OPT_MUXTREE pass (detect dead branches in mux trees).
3.10.11. Executing OPT_REDUCE pass (consolidate $*mux and $reduce_* inputs).
3.10.12. Executing OPT_MERGE pass (detect identical cells).
3.10.13. Executing OPT_DFF pass (perform DFF optimizations).
3.10.14. Executing OPT_CLEAN pass (remove unused cells and wires).
3.10.15. Executing OPT_EXPR pass (perform const folding).
3.10.16. Rerunning OPT passes. (Maybe there is more to do..)
3.10.17. Executing OPT_MUXTREE pass (detect dead branches in mux trees).
3.10.18. Executing OPT_REDUCE pass (consolidate $*mux and $reduce_* inputs).
3.10.19. Executing OPT_MERGE pass (detect identical cells).
3.10.20. Executing OPT_DFF pass (perform DFF optimizations).
3.10.21. Executing OPT_CLEAN pass (remove unused cells and wires).
3.10.22. Executing OPT_EXPR pass (perform const folding).
3.10.23. Finished fast OPT passes. (There is nothing left to do.)
3.11. Executing WREDUCE pass (reducing word size of cells).
3.12. Executing PEEPOPT pass (run peephole optimizers).
3.13. Executing OPT_CLEAN pass (remove unused cells and wires).
3.14. Executing ALUMACC pass (create $alu and $macc cells).
3.15. Executing SHARE pass (SAT-based resource sharing).
3.16. Executing OPT pass (performing simple optimizations).
3.16.1. Executing OPT_EXPR pass (perform const folding).
3.16.2. Executing OPT_MERGE pass (detect identical cells).
3.16.3. Executing OPT_MUXTREE pass (detect dead branches in mux trees).
3.16.4. Executing OPT_REDUCE pass (consolidate $*mux and $reduce_* inputs).
3.16.5. Executing OPT_MERGE pass (detect identical cells).
3.16.6. Executing OPT_DFF pass (perform DFF optimizations).
3.16.7. Executing OPT_CLEAN pass (remove unused cells and wires).
3.16.8. Executing OPT_EXPR pass (perform const folding).
3.16.9. Rerunning OPT passes. (Maybe there is more to do..)
3.16.10. Executing OPT_MUXTREE pass (detect dead branches in mux trees).
3.16.11. Executing OPT_REDUCE pass (consolidate $*mux and $reduce_* inputs).
3.16.12. Executing OPT_MERGE pass (detect identical cells).
3.16.13. Executing OPT_DFF pass (perform DFF optimizations).
3.16.14. Executing OPT_CLEAN pass (remove unused cells and wires).
3.16.15. Executing OPT_EXPR pass (perform const folding).
3.16.16. Rerunning OPT passes. (Maybe there is more to do..)
3.16.17. Executing OPT_MUXTREE pass (detect dead branches in mux trees).
3.16.18. Executing OPT_REDUCE pass (consolidate $*mux and $reduce_* inputs).
3.16.19. Executing OPT_MERGE pass (detect identical cells).
3.16.20. Executing OPT_DFF pass (perform DFF optimizations).
3.16.21. Executing OPT_CLEAN pass (remove unused cells and wires).
3.16.22. Executing OPT_EXPR pass (perform const folding).
3.16.23. Rerunning OPT passes. (Maybe there is more to do..)
3.16.24. Executing OPT_MUXTREE pass (detect dead branches in mux trees).
3.16.25. Executing OPT_REDUCE pass (consolidate $*mux and $reduce_* inputs).
3.16.26. Executing OPT_MERGE pass (detect identical cells).
3.16.27. Executing OPT_DFF pass (perform DFF optimizations).
3.16.28. Executing OPT_CLEAN pass (remove unused cells and wires).
3.16.29. Executing OPT_EXPR pass (perform const folding).
3.16.30. Rerunning OPT passes. (Maybe there is more to do..)
3.16.31. Executing OPT_MUXTREE pass (detect dead branches in mux trees).
3.16.32. Executing OPT_REDUCE pass (consolidate $*mux and $reduce_* inputs).
3.16.33. Executing OPT_MERGE pass (detect identical cells).
3.16.34. Executing OPT_DFF pass (perform DFF optimizations).
3.16.35. Executing OPT_CLEAN pass (remove unused cells and wires).
3.16.36. Executing OPT_EXPR pass (perform const folding).
3.16.37. Finished fast OPT passes. (There is nothing left to do.)
3.17. Executing MEMORY pass.
3.17.1. Executing OPT_MEM pass (optimize memories).
3.17.2. Executing OPT_MEM_PRIORITY pass (removing unnecessary memory write priority relations).
3.17.3. Executing OPT_MEM_FEEDBACK pass (finding memory read-to-write feedback paths).
3.17.4. Executing MEMORY_BMUX2ROM pass (converting muxes to ROMs).
3.17.5. Executing MEMORY_DFF pass (merging $dff cells to $memrd).
3.17.6. Executing OPT_CLEAN pass (remove unused cells and wires).
3.17.7. Executing MEMORY_SHARE pass (consolidating $memrd/$memwr cells).
3.17.8. Executing OPT_MEM_WIDEN pass (optimize memories where all ports are wide).
3.17.9. Executing OPT_CLEAN pass (remove unused cells and wires).
3.17.10. Executing MEMORY_COLLECT pass (generating $mem cells).
3.18. Executing OPT_CLEAN pass (remove unused cells and wires).
4. Executing SYNTH pass.
4.1. Executing OPT pass (performing simple optimizations).
4.1.1. Executing OPT_EXPR pass (perform const folding).
4.1.2. Executing OPT_MERGE pass (detect identical cells).
4.1.3. Executing OPT_DFF pass (perform DFF optimizations).
4.1.4. Executing OPT_CLEAN pass (remove unused cells and wires).
4.1.5. Finished fast OPT passes.
4.2. Executing MEMORY_MAP pass (converting memories to logic and flip-flops).
4.3. Executing OPT pass (performing simple optimizations).
4.3.1. Executing OPT_EXPR pass (perform const folding).
4.3.2. Executing OPT_MERGE pass (detect identical cells).
4.3.3. Executing OPT_MUXTREE pass (detect dead branches in mux trees).
4.3.4. Executing OPT_REDUCE pass (consolidate $*mux and $reduce_* inputs).
4.3.5. Executing OPT_MERGE pass (detect identical cells).
4.3.6. Executing OPT_SHARE pass.
4.3.7. Executing OPT_DFF pass (perform DFF optimizations).
4.3.8. Executing OPT_CLEAN pass (remove unused cells and wires).
4.3.9. Executing OPT_EXPR pass (perform const folding).
4.3.10. Rerunning OPT passes. (Maybe there is more to do..)
4.3.11. Executing OPT_MUXTREE pass (detect dead branches in mux trees).
4.3.12. Executing OPT_REDUCE pass (consolidate $*mux and $reduce_* inputs).
4.3.13. Executing OPT_MERGE pass (detect identical cells).
4.3.14. Executing OPT_SHARE pass.
4.3.15. Executing OPT_DFF pass (perform DFF optimizations).
4.3.16. Executing OPT_CLEAN pass (remove unused cells and wires).
4.3.17. Executing OPT_EXPR pass (perform const folding).
4.3.18. Rerunning OPT passes. (Maybe there is more to do..)
4.3.19. Executing OPT_MUXTREE pass (detect dead branches in mux trees).
4.3.20. Executing OPT_REDUCE pass (consolidate $*mux and $reduce_* inputs).
4.3.21. Executing OPT_MERGE pass (detect identical cells).
4.3.22. Executing OPT_SHARE pass.
4.3.23. Executing OPT_DFF pass (perform DFF optimizations).
4.3.24. Executing OPT_CLEAN pass (remove unused cells and wires).
4.3.25. Executing OPT_EXPR pass (perform const folding).
4.3.26. Rerunning OPT passes. (Maybe there is more to do..)
4.3.27. Executing OPT_MUXTREE pass (detect dead branches in mux trees).
4.3.28. Executing OPT_REDUCE pass (consolidate $*mux and $reduce_* inputs).
4.3.29. Executing OPT_MERGE pass (detect identical cells).
4.3.30. Executing OPT_SHARE pass.
4.3.31. Executing OPT_DFF pass (perform DFF optimizations).
4.3.32. Executing OPT_CLEAN pass (remove unused cells and wires).
4.3.33. Executing OPT_EXPR pass (perform const folding).
4.3.34. Rerunning OPT passes. (Maybe there is more to do..)
4.3.35. Executing OPT_MUXTREE pass (detect dead branches in mux trees).
4.3.36. Executing OPT_REDUCE pass (consolidate $*mux and $reduce_* inputs).
4.3.37. Executing OPT_MERGE pass (detect identical cells).
4.3.38. Executing OPT_SHARE pass.
4.3.39. Executing OPT_DFF pass (perform DFF optimizations).
4.3.40. Executing OPT_CLEAN pass (remove unused cells and wires).
4.3.41. Executing OPT_EXPR pass (perform const folding).
4.3.42. Rerunning OPT passes. (Maybe there is more to do..)
4.3.43. Executing OPT_MUXTREE pass (detect dead branches in mux trees).
4.3.44. Executing OPT_REDUCE pass (consolidate $*mux and $reduce_* inputs).
4.3.45. Executing OPT_MERGE pass (detect identical cells).
4.3.46. Executing OPT_SHARE pass.
4.3.47. Executing OPT_DFF pass (perform DFF optimizations).
4.3.48. Executing OPT_CLEAN pass (remove unused cells and wires).
4.3.49. Executing OPT_EXPR pass (perform const folding).
4.3.50. Rerunning OPT passes. (Maybe there is more to do..)
4.3.51. Executing OPT_MUXTREE pass (detect dead branches in mux trees).
4.3.52. Executing OPT_REDUCE pass (consolidate $*mux and $reduce_* inputs).
4.3.53. Executing OPT_MERGE pass (detect identical cells).
4.3.54. Executing OPT_SHARE pass.
4.3.55. Executing OPT_DFF pass (perform DFF optimizations).
4.3.56. Executing OPT_CLEAN pass (remove unused cells and wires).
4.3.57. Executing OPT_EXPR pass (perform const folding).
4.3.58. Finished fast OPT passes. (There is nothing left to do.)
4.4. Executing TECHMAP pass (map to technology primitives).
4.4.1. Executing Verilog-2005 frontend: /OpenROAD-flow-scripts/tools/install/yosys/bin/../share/yosys/techmap.v
4.4.2. Executing Verilog-2005 frontend: /OpenROAD-flow-scripts/flow/platforms/common/lcu_kogge_stone.v
4.4.3. Continuing TECHMAP pass.
4.5. Executing OPT pass (performing simple optimizations).
4.5.1. Executing OPT_EXPR pass (perform const folding).
4.5.2. Executing OPT_MERGE pass (detect identical cells).
4.5.3. Executing OPT_DFF pass (perform DFF optimizations).
4.5.4. Executing OPT_CLEAN pass (remove unused cells and wires).
4.5.5. Rerunning OPT passes. (Removed registers in this run.)
4.5.6. Executing OPT_EXPR pass (perform const folding).
4.5.7. Executing OPT_MERGE pass (detect identical cells).
4.5.8. Executing OPT_DFF pass (perform DFF optimizations).
4.5.9. Executing OPT_CLEAN pass (remove unused cells and wires).
4.5.10. Rerunning OPT passes. (Removed registers in this run.)
4.5.11. Executing OPT_EXPR pass (perform const folding).
4.5.12. Executing OPT_MERGE pass (detect identical cells).
4.5.13. Executing OPT_DFF pass (perform DFF optimizations).
4.5.14. Executing OPT_CLEAN pass (remove unused cells and wires).
4.5.15. Finished fast OPT passes.
4.6. Executing HIERARCHY pass (managing design hierarchy).
4.6.1. Analyzing design hierarchy..
4.6.2. Analyzing design hierarchy..
4.7. Printing statistics.
4.8. Executing CHECK pass (checking for obvious problems).
5. Executing OPT pass (performing simple optimizations).
5.1. Executing OPT_EXPR pass (perform const folding).
5.2. Executing OPT_MERGE pass (detect identical cells).
5.3. Executing OPT_MUXTREE pass (detect dead branches in mux trees).
5.4. Executing OPT_REDUCE pass (consolidate $*mux and $reduce_* inputs).
5.5. Executing OPT_MERGE pass (detect identical cells).
5.6. Executing OPT_DFF pass (perform DFF optimizations).
5.7. Executing OPT_CLEAN pass (remove unused cells and wires).
5.8. Executing OPT_EXPR pass (perform const folding).
5.9. Rerunning OPT passes. (Maybe there is more to do..)
5.10. Executing OPT_MUXTREE pass (detect dead branches in mux trees).
5.11. Executing OPT_REDUCE pass (consolidate $*mux and $reduce_* inputs).
5.12. Executing OPT_MERGE pass (detect identical cells).
5.13. Executing OPT_DFF pass (perform DFF optimizations).
5.14. Executing OPT_CLEAN pass (remove unused cells and wires).
5.15. Executing OPT_EXPR pass (perform const folding).
5.16. Finished fast OPT passes. (There is nothing left to do.)
6. Executing EXTRACT_FA pass (find and extract full/half adders).
7. Executing TECHMAP pass (map to technology primitives).
7.1. Executing Verilog-2005 frontend: /OpenROAD-flow-scripts/flow/platforms/sky130hd/cells_adders_hd.v
7.2. Continuing TECHMAP pass.
8. Executing TECHMAP pass (map to technology primitives).
8.1. Executing Verilog-2005 frontend: /OpenROAD-flow-scripts/tools/install/yosys/bin/../share/yosys/techmap.v
8.2. Continuing TECHMAP pass.
9. Executing OPT pass (performing simple optimizations).
9.1. Executing OPT_EXPR pass (perform const folding).
9.2. Executing OPT_MERGE pass (detect identical cells).
9.3. Executing OPT_DFF pass (perform DFF optimizations).
9.4. Executing OPT_CLEAN pass (remove unused cells and wires).
9.5. Finished fast OPT passes.
10. Executing DFFLEGALIZE pass (convert FFs to types supported by the target).
11. Executing TECHMAP pass (map to technology primitives).
11.1. Executing Verilog-2005 frontend: /OpenROAD-flow-scripts/flow/platforms/sky130hd/cells_latch_hd.v
11.2. Continuing TECHMAP pass.
12. Executing DFFLIBMAP pass (mapping DFF cells to sequential cells from liberty file).
12.1. Executing DFFLEGALIZE pass (convert FFs to types supported by the target).
13. Executing OPT pass (performing simple optimizations).
13.1. Executing OPT_EXPR pass (perform const folding).
13.2. Executing OPT_MERGE pass (detect identical cells).
13.3. Executing OPT_MUXTREE pass (detect dead branches in mux trees).
13.4. Executing OPT_REDUCE pass (consolidate $*mux and $reduce_* inputs).
13.5. Executing OPT_MERGE pass (detect identical cells).
13.6. Executing OPT_DFF pass (perform DFF optimizations).
13.7. Executing OPT_CLEAN pass (remove unused cells and wires).
13.8. Executing OPT_EXPR pass (perform const folding).
13.9. Rerunning OPT passes. (Maybe there is more to do..)
13.10. Executing OPT_MUXTREE pass (detect dead branches in mux trees).
13.11. Executing OPT_REDUCE pass (consolidate $*mux and $reduce_* inputs).
13.12. Executing OPT_MERGE pass (detect identical cells).
13.13. Executing OPT_DFF pass (perform DFF optimizations).
13.14. Executing OPT_CLEAN pass (remove unused cells and wires).
13.15. Executing OPT_EXPR pass (perform const folding).
13.16. Finished fast OPT passes. (There is nothing left to do.)
14. Executing SETUNDEF pass (replace undef values with defined constants).
abc -script /OpenROAD-flow-scripts/flow/scripts/abc_speed.script -liberty /OpenROAD-flow-scripts/flow/platforms/sky130hd/lib/sky130_fd_sc_hd__tt_025C_1v80.lib -dont_use sky130_fd_sc_hd__probe_p_8 -dont_use sky130_fd_sc_hd__probec_p_8 -dont_use sky130_fd_sc_hd__lpflow_bleeder_1 -dont_use sky130_fd_sc_hd__lpflow_clkbufkapwr_1 -dont_use sky130_fd_sc_hd__lpflow_clkbufkapwr_16 -dont_use sky130_fd_sc_hd__lpflow_clkbufkapwr_2 -dont_use sky130_fd_sc_hd__lpflow_clkbufkapwr_4 -dont_use sky130_fd_sc_hd__lpflow_clkbufkapwr_8 -dont_use sky130_fd_sc_hd__lpflow_clkinvkapwr_1 -dont_use sky130_fd_sc_hd__lpflow_clkinvkapwr_16 -dont_use sky130_fd_sc_hd__lpflow_clkinvkapwr_2 -dont_use sky130_fd_sc_hd__lpflow_clkinvkapwr_4 -dont_use sky130_fd_sc_hd__lpflow_clkinvkapwr_8 -dont_use sky130_fd_sc_hd__lpflow_decapkapwr_12 -dont_use sky130_fd_sc_hd__lpflow_decapkapwr_3 -dont_use sky130_fd_sc_hd__lpflow_decapkapwr_4 -dont_use sky130_fd_sc_hd__lpflow_decapkapwr_6 -dont_use sky130_fd_sc_hd__lpflow_decapkapwr_8 -dont_use sky130_fd_sc_hd__lpflow_inputiso0n_1 -dont_use sky130_fd_sc_hd__lpflow_inputiso0p_1 -dont_use sky130_fd_sc_hd__lpflow_inputiso1n_1 -dont_use sky130_fd_sc_hd__lpflow_inputiso1p_1 -dont_use sky130_fd_sc_hd__lpflow_inputisolatch_1 -dont_use sky130_fd_sc_hd__lpflow_isobufsrc_1 -dont_use sky130_fd_sc_hd__lpflow_isobufsrc_16 -dont_use sky130_fd_sc_hd__lpflow_isobufsrc_2 -dont_use sky130_fd_sc_hd__lpflow_isobufsrc_4 -dont_use sky130_fd_sc_hd__lpflow_isobufsrc_8 -dont_use sky130_fd_sc_hd__lpflow_isobufsrckapwr_16 -dont_use sky130_fd_sc_hd__lpflow_lsbuf_lh_hl_isowell_tap_1 -dont_use sky130_fd_sc_hd__lpflow_lsbuf_lh_hl_isowell_tap_2 -dont_use sky130_fd_sc_hd__lpflow_lsbuf_lh_hl_isowell_tap_4 -dont_use sky130_fd_sc_hd__lpflow_lsbuf_lh_isowell_4 -dont_use sky130_fd_sc_hd__lpflow_lsbuf_lh_isowell_tap_1 -dont_use sky130_fd_sc_hd__lpflow_lsbuf_lh_isowell_tap_2 -dont_use sky130_fd_sc_hd__lpflow_lsbuf_lh_isowell_tap_4 -constr ./objects/sky130hd/d_ca01_nonblocking_dcache/base/abc.constr -D 7500
15. Executing ABC pass (technology mapping using ABC).
15.1. Extracting gate netlist of module `\nonblocking_dcache' to `<abc-temp-dir>/input.blif'..
15.1.1. Executed ABC.
15.1.2. Re-integrating ABC results.
Took 23 seconds: abc -script /OpenROAD-flow-scripts/flow/scripts/abc_speed.script -liberty /OpenROAD-flow-scripts/flow/platforms/sky130hd/lib/sky130_fd_sc_hd__tt_025C_1v80.lib -dont_use sky130_fd_sc_hd__probe_p_8 -dont_use sky130_fd_sc_hd__probec_p_8 -dont_use sky130_fd_sc_hd__lpflow_bleeder_1 -dont_use sky130_fd_sc_hd__lpflow_clkbufkapwr_1 -dont_use sky130_fd_sc_hd__lpflow_clkbufkapwr_16 -dont_use sky130_fd_sc_hd__lpflow_clkbufkapwr_2 -dont_use sky130_fd_sc_hd__lpflow_clkbufkapwr_4 -dont_use sky130_fd_sc_hd__lpflow_clkbufkapwr_8 -dont_use sky130_fd_sc_hd__lpflow_clkinvkapwr_1 -dont_use sky130_fd_sc_hd__lpflow_clkinvkapwr_16 -dont_use sky130_fd_sc_hd__lpflow_clkinvkapwr_2 -dont_use sky130_fd_sc_hd__lpflow_clkinvkapwr_4 -dont_use sky130_fd_sc_hd__lpflow_clkinvkapwr_8 -dont_use sky130_fd_sc_hd__lpflow_decapkapwr_12 -dont_use sky130_fd_sc_hd__lpflow_decapkapwr_3 -dont_use sky130_fd_sc_hd__lpflow_decapkapwr_4 -dont_use sky130_fd_sc_hd__lpflow_decapkapwr_6 -dont_use sky130_fd_sc_hd__lpflow_decapkapwr_8 -dont_use sky130_fd_sc_hd__lpflow_inputiso0n_1 -dont_use sky130_fd_sc_hd__lpflow_inputiso0p_1 -dont_use sky130_fd_sc_hd__lpflow_inputiso1n_1 -dont_use sky130_fd_sc_hd__lpflow_inputiso1p_1 -dont_use sky130_fd_sc_hd__lpflow_inputisolatch_1 -dont_use sky130_fd_sc_hd__lpflow_isobufsrc_1 -dont_use sky130_fd_sc_hd__lpflow_isobufsrc_16 -dont_use sky130_fd_sc_hd__lpflow_isobufsrc_2 -dont_use sky130_fd_sc_hd__lpflow_isobufsrc_4 -dont_use sky130_fd_sc_hd__lpflow_isobufsrc_8 -dont_use sky130_fd_sc_hd__lpflow_isobufsrckapwr_16 -dont_use sky130_fd_sc_hd__lpflow_lsbuf_lh_hl_isowell_tap_1 -dont_use sky130_fd_sc_hd__lpflow_lsbuf_lh_hl_isowell_tap_2 -dont_use sky130_fd_sc_hd__lpflow_lsbuf_lh_hl_isowell_tap_4 -dont_use sky130_fd_sc_hd__lpflow_lsbuf_lh_isowell_4 -dont_use sky130_fd_sc_hd__lpflow_lsbuf_lh_isowell_tap_1 -dont_use sky130_fd_sc_hd__lpflow_lsbuf_lh_isowell_tap_2 -dont_use sky130_fd_sc_hd__lpflow_lsbuf_lh_isowell_tap_4 -constr ./objects/sky130hd/d_ca01_nonblocking_dcache/base/abc.constr -D 7500
16. Executing SPLITNETS pass (splitting up multi-bit signals).
17. Executing OPT_CLEAN pass (remove unused cells and wires).
18. Executing HILOMAP pass (mapping to constant drivers).
19. Executing INSBUF pass (insert buffer cells for connected wires).
20. Executing CHECK pass (checking for obvious problems).
21. Printing statistics.
22. Executing CHECK pass (checking for obvious problems).
23. Executing Verilog backend.
23.1. Executing BMUXMAP pass.
23.2. Executing DEMUXMAP pass.
End of script. Logfile hash: 1f04af7786, time: 33.62s, user: 12.57s, system: 0.27s, MEM: 182.03 MB peak
Yosys 0.68+post (git sha1 UNKNOWN, Release, GNU /usr/local/bin/wrapped-cc/g++ 11.4.0)
Time spent: 64% 1x abc (22 sec), 9% 1x extract_fa (3 sec), ...
Elapsed time: 0:33.71[h:]min:sec. CPU time: user 34.78 sys 0.34 (104%). Peak memory: 188172KB.
Log                       Ext     Elapsed/s Peak Memory/MB sha1sum result [0:20)
1_2_yosys                 .v             33            183 b164221fe276ac504111
cp /work/domains/comp_arch/design/d_ca01_nonblocking_dcache/orfs/constraint.sdc ./results/sky130hd/d_ca01_nonblocking_dcache/base/1_2_yosys.sdc
OpenROAD 26Q3-1080-gab6fd26351 
Features included (+) or not (-): +GPU +GUI +Python
This program is licensed under the BSD-3 license. See the LICENSE file for details.
Components of this program may be licensed under more restrictive licenses which must be honored.
[INFO ORD-0030] Using 10 thread(s).
mkdir -p ./objects/sky130hd/d_ca01_nonblocking_dcache/base
/OpenROAD-flow-scripts/flow/scripts/flow.sh 1_synth synth_odb
Running synth_odb.tcl, stage 1_synth
read_liberty /OpenROAD-flow-scripts/flow/platforms/sky130hd/lib/sky130_fd_sc_hd__tt_025C_1v80.lib
[INFO ODB-0227] LEF file: /OpenROAD-flow-scripts/flow/platforms/sky130hd/lef/sky130_fd_sc_hd.tlef, created 13 layers, 25 vias
[INFO ODB-0227] LEF file: /OpenROAD-flow-scripts/flow/platforms/sky130hd/lef/sky130_fd_sc_hd_merged.lef, created 441 library cells
link_design nonblocking_dcache
read_sdc ./results/sky130hd/d_ca01_nonblocking_dcache/base/1_2_yosys.sdc
source /OpenROAD-flow-scripts/flow/platforms/sky130hd/setRC.tcl
eliminate_dead_logic
Removed 0 unused instances and 0 unused nets.
Design area 449760 um^2 100% utilization.
write_db ./results/sky130hd/d_ca01_nonblocking_dcache/base/1_synth.odb
write_sdc -no_timestamp ./results/sky130hd/d_ca01_nonblocking_dcache/base/1_synth.sdc
Elapsed time: 0:01.09[h:]min:sec. CPU time: user 0.97 sys 0.05 (93%). Peak memory: 218476KB.
Log                       Ext     Elapsed/s Peak Memory/MB sha1sum result [0:20)
1_synth                   .odb            1            213 bc49b41b44cbaf91cf59
1_synth                   .sdc                             cc37a5d5d8bc3c3912ea
/OpenROAD-flow-scripts/flow/scripts/flow.sh 2_1_floorplan floorplan
Running floorplan.tcl, stage 2_1_floorplan
read_liberty /OpenROAD-flow-scripts/flow/platforms/sky130hd/lib/sky130_fd_sc_hd__tt_025C_1v80.lib
read_db ./results/sky130hd/d_ca01_nonblocking_dcache/base/1_synth.odb
read_sdc ./results/sky130hd/d_ca01_nonblocking_dcache/base/1_synth.sdc
source /OpenROAD-flow-scripts/flow/platforms/sky130hd/setRC.tcl
Master sky130_ef_sc_hd__decap_12 is loaded but not used in the design

==========================================================================
Floorplan check_setup
--------------------------------------------------------------------------
number instances in verilog is 22166
[INFO IFP-0107] Defining die area using utilization: 10.00% and aspect ratio: 1.
[WARNING IFP-0028] Core area lower left (1.000, 1.000) snapped to (1.380, 2.720).
[INFO IFP-0001] Added 779 rows of 4609 site unithd.
[INFO IFP-0100] Die BBox:  (  0.000  0.000 ) ( 2122.755 2122.755 ) um
[INFO IFP-0101] Core BBox: (  1.380  2.720 ) ( 2121.520 2121.600 ) um
[INFO IFP-0102] Core area:                      4492322.243 um^2
[INFO IFP-0103] Total instances area:            449760.106 um^2
[INFO IFP-0104] Effective utilization:                0.100
[INFO IFP-0105] Number of instances:                  22166
source /OpenROAD-flow-scripts/flow/platforms/sky130hd/make_tracks.tcl
source /OpenROAD-flow-scripts/flow/platforms/sky130hd/fastroute.tcl
Repair tie lo fanout...
[INFO RSZ-0042] Inserted 4 tie sky130_fd_sc_hd__conb_1 instances.
Repair tie hi fanout...
repair_timing -setup_margin 0 -hold_margin 0 -repair_tns 100 -match_cell_footprint -setup -skip_last_gasp -sequence unbuffer,sizeup,swap,vt_swap -verbose
[WARNING EST-0027] no estimated parasitics. Using wire load models.
[INFO RSZ-0100] Repair move sequence: UnbufferMove SizeUpMove SwapPinsMove 
[INFO RSZ-0094] Found 7002 endpoints with setup violations.
[INFO RSZ-0099] Repairing 7002 out of 7002 (100.00%) violating endpoints...
   Iter   | Removed | Resized | Inserted | Cloned |  Pin  |   Area   |    WNS   |   StTNS    |   EnTNS    |  Viol  |  Worst  
          | Buffers |  Gates  | Buffers  |  Gates | Swaps |          |          |            |            | Endpts | St/EnPt 
------------------------------------------------------------------------------------------------------------------------------
       0* |       0 |       0 |        0 |      0 |     0 |    +0.0% |   -7.719 |    -3388.0 |   -25391.7 |   7002 | u_anchor.data_mem0.data_mem.synth.nz.bk\[1\].mem_1rw_sync.synth.nz.mem\[0\]\[7\]$_DFFE_PP_/D
      10* |       0 |       9 |        0 |      0 |     0 |    +0.0% |   -4.145 |    -2976.3 |   -16318.8 |   7002 | u_anchor.data_mem0.data_mem.synth.nz.bk\[3\].mem_1rw_sync.synth.nz.mem\[0\]\[0\]$_DFFE_PP_/D
      20* |       0 |      19 |        0 |      0 |     0 |    +0.0% |   -2.796 |    -2655.2 |    -7084.9 |   7002 | u_anchor.data_mem0.data_mem.synth.nz.bk\[0\].mem_1rw_sync.synth.nz.mem\[0\]\[1\]$_DFFE_PP_/D
      30* |       0 |      29 |        0 |      0 |     0 |    +0.0% |   -0.704 |      -20.0 |    -1755.2 |   7002 | u_anchor.miss_fifo0.mem_1r1w.synth.nz.mem\[6\]\[0\]$_DFFE_PP_/DE
      30* |       0 |      28 |        0 |      0 |     0 |    +0.0% |   -0.687 |      -18.9 |    -1803.0 |   7002 | u_anchor.miss_fifo0.mem_1r1w.synth.nz.mem\[7\]\[0\]$_DFFE_PP_/DE
      32* |       0 |      29 |        0 |      0 |     0 |    +0.0% |   -0.687 |      -18.9 |    -1742.2 |   7002 | u_anchor.miss_fifo0.mem_1r1w.synth.nz.mem\[7\]\[0\]$_DFFE_PP_/DE
      33* |       0 |      29 |        0 |      0 |     0 |    +0.0% |   -0.687 |      -18.9 |    -1742.2 |   7002 | u_anchor.miss_fifo0.mem_1r1w.synth.nz.mem\[7\]\[0\]$_DFFE_PP_/DE
      34* |       0 |      29 |        0 |      0 |     0 |    +0.0% |   -0.687 |      -18.9 |    -1742.2 |   7002 | u_anchor.miss_fifo0.mem_1r1w.synth.nz.mem\[7\]\[0\]$_DFFE_PP_/DE
      35* |       0 |      29 |        0 |      0 |     0 |    +0.0% |   -0.687 |      -18.9 |    -1742.2 |   7002 | u_anchor.miss_fifo0.mem_1r1w.synth.nz.mem\[7\]\[0\]$_DFFE_PP_/DE
      36* |       0 |      29 |        0 |      0 |     0 |    +0.0% |   -0.687 |      -18.9 |    -1742.2 |   7002 | u_anchor.miss_fifo0.mem_1r1w.synth.nz.mem\[7\]\[0\]$_DFFE_PP_/DE
      37* |       0 |      29 |        0 |      0 |     0 |    +0.0% |   -0.687 |      -18.9 |    -1742.2 |   7002 | u_anchor.miss_fifo0.mem_1r1w.synth.nz.mem\[7\]\[0\]$_DFFE_PP_/DE
      38* |       0 |      29 |        0 |      0 |     0 |    +0.0% |   -0.687 |      -18.9 |    -1742.2 |   7002 | u_anchor.miss_fifo0.mem_1r1w.synth.nz.mem\[7\]\[0\]$_DFFE_PP_/DE
      39* |       0 |      29 |        0 |      0 |     0 |    +0.0% |   -0.687 |      -18.9 |    -1742.2 |   7002 | u_anchor.miss_fifo0.mem_1r1w.synth.nz.mem\[7\]\[0\]$_DFFE_PP_/DE
      40* |       0 |      29 |        0 |      0 |     0 |    +0.0% |   -0.687 |      -18.9 |    -1742.2 |   7002 | u_anchor.miss_fifo0.mem_1r1w.synth.nz.mem\[7\]\[0\]$_DFFE_PP_/DE
      40* |       0 |      29 |        0 |      0 |     0 |    +0.0% |   -0.687 |      -18.9 |    -1742.2 |   7002 | u_anchor.miss_fifo0.mem_1r1w.synth.nz.mem\[7\]\[0\]$_DFFE_PP_/DE
      41* |       0 |      29 |        0 |      0 |     0 |    +0.0% |   -0.687 |      -18.9 |    -1742.2 |   7002 | u_anchor.miss_fifo0.mem_1r1w.synth.nz.mem\[7\]\[0\]$_DFFE_PP_/DE
      42* |       0 |      29 |        0 |      0 |     0 |    +0.0% |   -0.687 |      -18.9 |    -1742.2 |   7002 | u_anchor.miss_fifo0.mem_1r1w.synth.nz.mem\[7\]\[0\]$_DFFE_PP_/DE
      43* |       0 |      29 |        0 |      0 |     0 |    +0.0% |   -0.687 |      -18.9 |    -1742.2 |   7002 | u_anchor.miss_fifo0.mem_1r1w.synth.nz.mem\[7\]\[0\]$_DFFE_PP_/DE
      44* |       0 |      29 |        0 |      0 |     0 |    +0.0% |   -0.687 |      -18.9 |    -1742.2 |   7002 | u_anchor.miss_fifo0.mem_1r1w.synth.nz.mem\[7\]\[0\]$_DFFE_PP_/DE
      45* |       0 |      29 |        0 |      0 |     0 |    +0.0% |   -0.687 |      -18.9 |    -1742.2 |   7002 | u_anchor.miss_fifo0.mem_1r1w.synth.nz.mem\[7\]\[0\]$_DFFE_PP_/DE
      46* |       0 |      29 |        0 |      0 |     0 |    +0.0% |   -0.687 |      -18.9 |    -1742.2 |   7002 | u_anchor.miss_fifo0.mem_1r1w.synth.nz.mem\[7\]\[0\]$_DFFE_PP_/DE
      47* |       0 |      29 |        0 |      0 |     0 |    +0.0% |   -0.687 |      -18.9 |    -1742.2 |   7002 | u_anchor.miss_fifo0.mem_1r1w.synth.nz.mem\[7\]\[0\]$_DFFE_PP_/DE
      48* |       0 |      29 |        0 |      0 |     0 |    +0.0% |   -0.687 |      -18.9 |    -1742.2 |   7002 | u_anchor.miss_fifo0.mem_1r1w.synth.nz.mem\[7\]\[0\]$_DFFE_PP_/DE
      49* |       0 |      29 |        0 |      0 |     0 |    +0.0% |   -0.687 |      -18.9 |    -1742.2 |   7002 | u_anchor.miss_fifo0.mem_1r1w.synth.nz.mem\[7\]\[0\]$_DFFE_PP_/DE
      50* |       0 |      29 |        0 |      0 |     0 |    +0.0% |   -0.687 |      -18.9 |    -1742.2 |   7002 | u_anchor.miss_fifo0.mem_1r1w.synth.nz.mem\[7\]\[0\]$_DFFE_PP_/DE
      50* |       0 |      29 |        0 |      0 |     0 |    +0.0% |   -0.687 |      -18.9 |    -1742.2 |   7002 | u_anchor.miss_fifo0.mem_1r1w.synth.nz.mem\[7\]\[0\]$_DFFE_PP_/DE
      51* |       0 |      29 |        0 |      0 |     0 |    +0.0% |   -0.687 |      -18.9 |    -1742.2 |   7002 | u_anchor.miss_fifo0.mem_1r1w.synth.nz.mem\[7\]\[0\]$_DFFE_PP_/DE
      52* |       0 |      29 |        0 |      0 |     0 |    +0.0% |   -0.687 |      -18.9 |    -1742.2 |   7002 | u_anchor.miss_fifo0.mem_1r1w.synth.nz.mem\[7\]\[0\]$_DFFE_PP_/DE
      53* |       0 |      29 |        0 |      0 |     0 |    +0.0% |   -0.687 |      -18.9 |    -1742.2 |   7002 | u_anchor.miss_fifo0.mem_1r1w.synth.nz.mem\[7\]\[0\]$_DFFE_PP_/DE
      54* |       0 |      29 |        0 |      0 |     0 |    +0.0% |   -0.687 |      -18.9 |    -1742.2 |   7002 | u_anchor.miss_fifo0.mem_1r1w.synth.nz.mem\[7\]\[0\]$_DFFE_PP_/DE
      55* |       0 |      29 |        0 |      0 |     0 |    +0.0% |   -0.687 |      -18.9 |    -1742.2 |   7002 | u_anchor.miss_fifo0.mem_1r1w.synth.nz.mem\[7\]\[0\]$_DFFE_PP_/DE
      56* |       0 |      29 |        0 |      0 |     0 |    +0.0% |   -0.687 |      -18.9 |    -1742.2 |   7002 | u_anchor.miss_fifo0.mem_1r1w.synth.nz.mem\[7\]\[0\]$_DFFE_PP_/DE
      57* |       0 |      29 |        0 |      0 |     0 |    +0.0% |   -0.687 |      -18.9 |    -1742.2 |   7002 | u_anchor.miss_fifo0.mem_1r1w.synth.nz.mem\[7\]\[0\]$_DFFE_PP_/DE
      58* |       0 |      29 |        0 |      0 |     0 |    +0.0% |   -0.687 |      -18.9 |    -1742.2 |   7002 | u_anchor.miss_fifo0.mem_1r1w.synth.nz.mem\[7\]\[0\]$_DFFE_PP_/DE
      59* |       0 |      29 |        0 |      0 |     0 |    +0.0% |   -0.687 |      -18.9 |    -1742.2 |   7002 | u_anchor.miss_fifo0.mem_1r1w.synth.nz.mem\[7\]\[0\]$_DFFE_PP_/DE
      60* |       0 |      29 |        0 |      0 |     0 |    +0.0% |   -0.687 |      -18.9 |    -1742.2 |   7002 | u_anchor.miss_fifo0.mem_1r1w.synth.nz.mem\[7\]\[0\]$_DFFE_PP_/DE
      60* |       0 |      29 |        0 |      0 |     0 |    +0.0% |   -0.687 |      -18.9 |    -1742.2 |   7002 | u_anchor.miss_fifo0.mem_1r1w.synth.nz.mem\[7\]\[0\]$_DFFE_PP_/DE
      61* |       0 |      29 |        0 |      0 |     0 |    +0.0% |   -0.687 |      -18.9 |    -1742.2 |   7002 | u_anchor.miss_fifo0.mem_1r1w.synth.nz.mem\[7\]\[0\]$_DFFE_PP_/DE
      62* |       0 |      29 |        0 |      0 |     0 |    +0.0% |   -0.687 |      -18.9 |    -1742.2 |   7002 | u_anchor.miss_fifo0.mem_1r1w.synth.nz.mem\[7\]\[0\]$_DFFE_PP_/DE
      63* |       0 |      29 |        0 |      0 |     0 |    +0.0% |   -0.687 |      -18.9 |    -1742.2 |   7002 | u_anchor.miss_fifo0.mem_1r1w.synth.nz.mem\[7\]\[0\]$_DFFE_PP_/DE
      64* |       0 |      29 |        0 |      0 |     0 |    +0.0% |   -0.687 |      -18.9 |    -1742.2 |   7002 | u_anchor.miss_fifo0.mem_1r1w.synth.nz.mem\[7\]\[0\]$_DFFE_PP_/DE
      65* |       0 |      29 |        0 |      0 |     0 |    +0.0% |   -0.687 |      -18.9 |    -1742.2 |   7002 | u_anchor.miss_fifo0.mem_1r1w.synth.nz.mem\[7\]\[0\]$_DFFE_PP_/DE
      66* |       0 |      29 |        0 |      0 |     0 |    +0.0% |   -0.687 |      -18.9 |    -1742.2 |   7002 | u_anchor.miss_fifo0.mem_1r1w.synth.nz.mem\[7\]\[0\]$_DFFE_PP_/DE
      67* |       0 |      29 |        0 |      0 |     0 |    +0.0% |   -0.687 |      -18.9 |    -1742.2 |   7002 | u_anchor.miss_fifo0.mem_1r1w.synth.nz.mem\[7\]\[0\]$_DFFE_PP_/DE
      68* |       0 |      29 |        0 |      0 |     0 |    +0.0% |   -0.687 |      -18.9 |    -1742.2 |   7002 | u_anchor.miss_fifo0.mem_1r1w.synth.nz.mem\[7\]\[0\]$_DFFE_PP_/DE
      69* |       0 |      29 |        0 |      0 |     0 |    +0.0% |   -0.687 |      -18.9 |    -1742.2 |   7002 | u_anchor.miss_fifo0.mem_1r1w.synth.nz.mem\[7\]\[0\]$_DFFE_PP_/DE
      70* |       0 |      29 |        0 |      0 |     0 |    +0.0% |   -0.687 |      -18.9 |    -1742.2 |   7002 | u_anchor.miss_fifo0.mem_1r1w.synth.nz.mem\[7\]\[0\]$_DFFE_PP_/DE
      70* |       0 |      29 |        0 |      0 |     0 |    +0.0% |   -0.687 |      -18.9 |    -1742.2 |   7002 | u_anchor.miss_fifo0.mem_1r1w.synth.nz.mem\[7\]\[0\]$_DFFE_PP_/DE
      71* |       0 |      29 |        0 |      0 |     0 |    +0.0% |   -0.687 |      -18.9 |    -1742.2 |   7002 | u_anchor.miss_fifo0.mem_1r1w.synth.nz.mem\[7\]\[0\]$_DFFE_PP_/DE
      72* |       0 |      29 |        0 |      0 |     0 |    +0.0% |   -0.687 |      -18.9 |    -1742.2 |   7002 | u_anchor.miss_fifo0.mem_1r1w.synth.nz.mem\[7\]\[0\]$_DFFE_PP_/DE
      73* |       0 |      29 |        0 |      0 |     0 |    +0.0% |   -0.687 |      -18.9 |    -1742.2 |   7002 | u_anchor.miss_fifo0.mem_1r1w.synth.nz.mem\[7\]\[0\]$_DFFE_PP_/DE
      74* |       0 |      29 |        0 |      0 |     0 |    +0.0% |   -0.687 |      -18.9 |    -1742.2 |   7002 | u_anchor.miss_fifo0.mem_1r1w.synth.nz.mem\[7\]\[0\]$_DFFE_PP_/DE
      75* |       0 |      29 |        0 |      0 |     0 |    +0.0% |   -0.687 |      -18.9 |    -1742.2 |   7002 | u_anchor.miss_fifo0.mem_1r1w.synth.nz.mem\[7\]\[0\]$_DFFE_PP_/DE
      76* |       0 |      29 |        0 |      0 |     0 |    +0.0% |   -0.687 |      -18.9 |    -1742.2 |   7002 | u_anchor.miss_fifo0.mem_1r1w.synth.nz.mem\[7\]\[0\]$_DFFE_PP_/DE
      77* |       0 |      29 |        0 |      0 |     0 |    +0.0% |   -0.687 |      -18.9 |    -1742.2 |   7002 | u_anchor.miss_fifo0.mem_1r1w.synth.nz.mem\[7\]\[0\]$_DFFE_PP_/DE
      78* |       0 |      29 |        0 |      0 |     0 |    +0.0% |   -0.687 |      -18.9 |    -1742.2 |   7002 | u_anchor.miss_fifo0.mem_1r1w.synth.nz.mem\[7\]\[0\]$_DFFE_PP_/DE
      79* |       0 |      29 |        0 |      0 |     0 |    +0.0% |   -0.687 |      -18.9 |    -1742.2 |   7002 | u_anchor.miss_fifo0.mem_1r1w.synth.nz.mem\[7\]\[0\]$_DFFE_PP_/DE
      80* |       0 |      29 |        0 |      0 |     0 |    +0.0% |   -0.687 |      -18.9 |    -1742.2 |   7002 | u_anchor.miss_fifo0.mem_1r1w.synth.nz.mem\[7\]\[0\]$_DFFE_PP_/DE
      80* |       0 |      29 |        0 |      0 |     0 |    +0.0% |   -0.687 |      -18.9 |    -1742.2 |   7002 | u_anchor.miss_fifo0.mem_1r1w.synth.nz.mem\[7\]\[0\]$_DFFE_PP_/DE
      81* |       0 |      29 |        0 |      0 |     0 |    +0.0% |   -0.687 |      -18.9 |    -1742.2 |   7002 | u_anchor.miss_fifo0.mem_1r1w.synth.nz.mem\[7\]\[0\]$_DFFE_PP_/DE
      82* |       0 |      29 |        0 |      0 |     0 |    +0.0% |   -0.687 |      -18.9 |    -1742.2 |   7002 | u_anchor.miss_fifo0.mem_1r1w.synth.nz.mem\[7\]\[0\]$_DFFE_PP_/DE
      83* |       0 |      29 |        0 |      0 |     0 |    +0.0% |   -0.687 |      -18.9 |    -1742.2 |   7002 | u_anchor.miss_fifo0.mem_1r1w.synth.nz.mem\[7\]\[0\]$_DFFE_PP_/DE
      84* |       0 |      29 |        0 |      0 |     0 |    +0.0% |   -0.687 |      -18.9 |    -1742.2 |   7002 | u_anchor.miss_fifo0.mem_1r1w.synth.nz.mem\[7\]\[0\]$_DFFE_PP_/DE
      85* |       0 |      29 |        0 |      0 |     0 |    +0.0% |   -0.687 |      -18.9 |    -1742.2 |   7002 | u_anchor.miss_fifo0.mem_1r1w.synth.nz.mem\[7\]\[0\]$_DFFE_PP_/DE
      86* |       0 |      29 |        0 |      0 |     0 |    +0.0% |   -0.687 |      -18.9 |    -1742.2 |   7002 | u_anchor.miss_fifo0.mem_1r1w.synth.nz.mem\[7\]\[0\]$_DFFE_PP_/DE
      87* |       0 |      29 |        0 |      0 |     0 |    +0.0% |   -0.687 |      -18.9 |    -1742.2 |   7002 | u_anchor.miss_fifo0.mem_1r1w.synth.nz.mem\[7\]\[0\]$_DFFE_PP_/DE
      88* |       0 |      29 |        0 |      0 |     0 |    +0.0% |   -0.687 |      -18.9 |    -1742.2 |   7002 | u_anchor.miss_fifo0.mem_1r1w.synth.nz.mem\[7\]\[0\]$_DFFE_PP_/DE
      89* |       0 |      29 |        0 |      0 |     0 |    +0.0% |   -0.687 |      -18.9 |    -1742.2 |   7002 | u_anchor.miss_fifo0.mem_1r1w.synth.nz.mem\[7\]\[0\]$_DFFE_PP_/DE
      90* |       0 |      29 |        0 |      0 |     0 |    +0.0% |   -0.687 |      -18.9 |    -1742.2 |   7002 | u_anchor.miss_fifo0.mem_1r1w.synth.nz.mem\[7\]\[0\]$_DFFE_PP_/DE
      90* |       0 |      29 |        0 |      0 |     0 |    +0.0% |   -0.687 |      -18.9 |    -1742.2 |   7002 | u_anchor.miss_fifo0.mem_1r1w.synth.nz.mem\[7\]\[0\]$_DFFE_PP_/DE
      91* |       0 |      29 |        0 |      0 |     0 |    +0.0% |   -0.687 |      -18.9 |    -1742.2 |   7002 | u_anchor.miss_fifo0.mem_1r1w.synth.nz.mem\[7\]\[0\]$_DFFE_PP_/DE
      92* |       0 |      29 |        0 |      0 |     0 |    +0.0% |   -0.687 |      -18.9 |    -1742.2 |   7002 | u_anchor.miss_fifo0.mem_1r1w.synth.nz.mem\[7\]\[0\]$_DFFE_PP_/DE
      93* |       0 |      29 |        0 |      0 |     0 |    +0.0% |   -0.687 |      -18.9 |    -1742.2 |   7002 | u_anchor.miss_fifo0.mem_1r1w.synth.nz.mem\[7\]\[0\]$_DFFE_PP_/DE
      94* |       0 |      29 |        0 |      0 |     0 |    +0.0% |   -0.687 |      -18.9 |    -1742.2 |   7002 | u_anchor.miss_fifo0.mem_1r1w.synth.nz.mem\[7\]\[0\]$_DFFE_PP_/DE
      95* |       0 |      29 |        0 |      0 |     0 |    +0.0% |   -0.687 |      -18.9 |    -1742.2 |   7002 | u_anchor.miss_fifo0.mem_1r1w.synth.nz.mem\[7\]\[0\]$_DFFE_PP_/DE
      96* |       0 |      29 |        0 |      0 |     0 |    +0.0% |   -0.687 |      -18.9 |    -1742.2 |   7002 | u_anchor.miss_fifo0.mem_1r1w.synth.nz.mem\[7\]\[0\]$_DFFE_PP_/DE
      97* |       0 |      29 |        0 |      0 |     0 |    +0.0% |   -0.687 |      -18.9 |    -1742.2 |   7002 | u_anchor.miss_fifo0.mem_1r1w.synth.nz.mem\[7\]\[0\]$_DFFE_PP_/DE
      98* |       0 |      29 |        0 |      0 |     0 |    +0.0% |   -0.687 |      -18.9 |    -1742.2 |   7002 | u_anchor.miss_fifo0.mem_1r1w.synth.nz.mem\[7\]\[0\]$_DFFE_PP_/DE
      99* |       0 |      29 |        0 |      0 |     0 |    +0.0% |   -0.687 |      -18.9 |    -1742.2 |   7002 | u_anchor.miss_fifo0.mem_1r1w.synth.nz.mem\[7\]\[0\]$_DFFE_PP_/DE
     100* |       0 |      29 |        0 |      0 |     0 |    +0.0% |   -0.687 |      -18.9 |    -1742.2 |   7002 | u_anchor.miss_fifo0.mem_1r1w.synth.nz.mem\[7\]\[0\]$_DFFE_PP_/DE
     100* |       0 |      29 |        0 |      0 |     0 |    +0.0% |   -0.687 |      -18.9 |    -1742.2 |   7002 | u_anchor.miss_fifo0.mem_1r1w.synth.nz.mem\[7\]\[0\]$_DFFE_PP_/DE
     101* |       0 |      29 |        0 |      0 |     0 |    +0.0% |   -0.687 |      -18.9 |    -1742.2 |   7002 | u_anchor.miss_fifo0.mem_1r1w.synth.nz.mem\[7\]\[0\]$_DFFE_PP_/DE
     102* |       0 |      29 |        0 |      0 |     0 |    +0.0% |   -0.687 |      -18.9 |    -1742.2 |   7002 | u_anchor.miss_fifo0.mem_1r1w.synth.nz.mem\[7\]\[0\]$_DFFE_PP_/DE
     103* |       0 |      29 |        0 |      0 |     0 |    +0.0% |   -0.687 |      -18.9 |    -1742.2 |   7002 | u_anchor.miss_fifo0.mem_1r1w.synth.nz.mem\[7\]\[0\]$_DFFE_PP_/DE
     104* |       0 |      29 |        0 |      0 |     0 |    +0.0% |   -0.687 |      -18.9 |    -1742.2 |   7002 | u_anchor.miss_fifo0.mem_1r1w.synth.nz.mem\[7\]\[0\]$_DFFE_PP_/DE
     105* |       0 |      29 |        0 |      0 |     0 |    +0.0% |   -0.687 |      -18.9 |    -1742.2 |   7002 | u_anchor.miss_fifo0.mem_1r1w.synth.nz.mem\[7\]\[0\]$_DFFE_PP_/DE
     106* |       0 |      29 |        0 |      0 |     0 |    +0.0% |   -0.687 |      -18.9 |    -1742.2 |   7002 | u_anchor.miss_fifo0.mem_1r1w.synth.nz.mem\[7\]\[0\]$_DFFE_PP_/DE
     107* |       0 |      29 |        0 |      0 |     0 |    +0.0% |   -0.687 |      -18.9 |    -1742.2 |   7002 | u_anchor.miss_fifo0.mem_1r1w.synth.nz.mem\[7\]\[0\]$_DFFE_PP_/DE
     108* |       0 |      29 |        0 |      0 |     0 |    +0.0% |   -0.687 |      -18.9 |    -1742.2 |   7002 | u_anchor.miss_fifo0.mem_1r1w.synth.nz.mem\[7\]\[0\]$_DFFE_PP_/DE
     109* |       0 |      29 |        0 |      0 |     0 |    +0.0% |   -0.687 |      -18.9 |    -1742.2 |   7002 | u_anchor.miss_fifo0.mem_1r1w.synth.nz.mem\[7\]\[0\]$_DFFE_PP_/DE
     110* |       0 |      29 |        0 |      0 |     0 |    +0.0% |   -0.687 |      -18.9 |    -1742.2 |   7002 | u_anchor.miss_fifo0.mem_1r1w.synth.nz.mem\[7\]\[0\]$_DFFE_PP_/DE
     110* |       0 |      29 |        0 |      0 |     0 |    +0.0% |   -0.687 |      -18.9 |    -1742.2 |   7002 | u_anchor.miss_fifo0.mem_1r1w.synth.nz.mem\[7\]\[0\]$_DFFE_PP_/DE
     111* |       0 |      29 |        0 |      0 |     0 |    +0.0% |   -0.687 |      -18.9 |    -1742.2 |   7002 | u_anchor.miss_fifo0.mem_1r1w.synth.nz.mem\[7\]\[0\]$_DFFE_PP_/DE
     112* |       0 |      29 |        0 |      0 |     0 |    +0.0% |   -0.687 |      -18.9 |    -1742.2 |   7002 | u_anchor.miss_fifo0.mem_1r1w.synth.nz.mem\[7\]\[0\]$_DFFE_PP_/DE
     113* |       0 |      29 |        0 |      0 |     0 |    +0.0% |   -0.687 |      -18.9 |    -1742.2 |   7002 | u_anchor.miss_fifo0.mem_1r1w.synth.nz.mem\[7\]\[0\]$_DFFE_PP_/DE
     114* |       0 |      29 |        0 |      0 |     0 |    +0.0% |   -0.687 |      -18.9 |    -1742.2 |   7002 | u_anchor.miss_fifo0.mem_1r1w.synth.nz.mem\[7\]\[0\]$_DFFE_PP_/DE
     115* |       0 |      29 |        0 |      0 |     0 |    +0.0% |   -0.687 |      -18.9 |    -1742.2 |   7002 | u_anchor.miss_fifo0.mem_1r1w.synth.nz.mem\[7\]\[0\]$_DFFE_PP_/DE
     116* |       0 |      29 |        0 |      0 |     0 |    +0.0% |   -0.687 |      -18.9 |    -1742.2 |   7002 | u_anchor.miss_fifo0.mem_1r1w.synth.nz.mem\[7\]\[0\]$_DFFE_PP_/DE
     117* |       0 |      29 |        0 |      0 |     0 |    +0.0% |   -0.687 |      -18.9 |    -1742.2 |   7002 | u_anchor.miss_fifo0.mem_1r1w.synth.nz.mem\[7\]\[0\]$_DFFE_PP_/DE
     118* |       0 |      29 |        0 |      0 |     0 |    +0.0% |   -0.687 |      -18.9 |    -1742.2 |   7002 | u_anchor.miss_fifo0.mem_1r1w.synth.nz.mem\[7\]\[0\]$_DFFE_PP_/DE
     119* |       0 |      29 |        0 |      0 |     0 |    +0.0% |   -0.687 |      -18.9 |    -1742.2 |   7002 | u_anchor.miss_fifo0.mem_1r1w.synth.nz.mem\[7\]\[0\]$_DFFE_PP_/DE
     120* |       0 |      29 |        0 |      0 |     0 |    +0.0% |   -0.687 |      -18.9 |    -1742.2 |   7002 | u_anchor.miss_fifo0.mem_1r1w.synth.nz.mem\[7\]\[0\]$_DFFE_PP_/DE
     120* |       0 |      29 |        0 |      0 |     0 |    +0.0% |   -0.687 |      -18.9 |    -1742.2 |   7002 | u_anchor.miss_fifo0.mem_1r1w.synth.nz.mem\[7\]\[0\]$_DFFE_PP_/DE
     121* |       0 |      29 |        0 |      0 |     0 |    +0.0% |   -0.687 |      -18.9 |    -1742.2 |   7002 | u_anchor.miss_fifo0.mem_1r1w.synth.nz.mem\[7\]\[0\]$_DFFE_PP_/DE
     122* |       0 |      29 |        0 |      0 |     0 |    +0.0% |   -0.687 |      -18.9 |    -1742.2 |   7002 | u_anchor.miss_fifo0.mem_1r1w.synth.nz.mem\[7\]\[0\]$_DFFE_PP_/DE
     123* |       0 |      29 |        0 |      0 |     0 |    +0.0% |   -0.687 |      -18.9 |    -1742.2 |   7002 | u_anchor.miss_fifo0.mem_1r1w.synth.nz.mem\[7\]\[0\]$_DFFE_PP_/DE
     124* |       0 |      29 |        0 |      0 |     0 |    +0.0% |   -0.687 |      -18.9 |    -1742.2 |   7002 | u_anchor.miss_fifo0.mem_1r1w.synth.nz.mem\[7\]\[0\]$_DFFE_PP_/DE
     125* |       0 |      29 |        0 |      0 |     0 |    +0.0% |   -0.687 |      -18.9 |    -1742.2 |   7002 | u_anchor.miss_fifo0.mem_1r1w.synth.nz.mem\[7\]\[0\]$_DFFE_PP_/DE
     126* |       0 |      29 |        0 |      0 |     0 |    +0.0% |   -0.687 |      -18.9 |    -1742.2 |   7002 | u_anchor.miss_fifo0.mem_1r1w.synth.nz.mem\[7\]\[0\]$_DFFE_PP_/DE
     127* |       0 |      29 |        0 |      0 |     0 |    +0.0% |   -0.687 |      -18.9 |    -1742.2 |   7002 | u_anchor.miss_fifo0.mem_1r1w.synth.nz.mem\[7\]\[0\]$_DFFE_PP_/DE
     128* |       0 |      29 |        0 |      0 |     0 |    +0.0% |   -0.687 |      -18.9 |    -1742.2 |   7002 | u_anchor.miss_fifo0.mem_1r1w.synth.nz.mem\[7\]\[0\]$_DFFE_PP_/DE
     129* |       0 |      29 |        0 |      0 |     0 |    +0.0% |   -0.687 |      -18.9 |    -1742.2 |   7002 | u_anchor.miss_fifo0.mem_1r1w.synth.nz.mem\[7\]\[0\]$_DFFE_PP_/DE
     130* |       0 |      29 |        0 |      0 |     0 |    +0.0% |   -0.687 |      -18.9 |    -1742.2 |   7002 | u_anchor.miss_fifo0.mem_1r1w.synth.nz.mem\[7\]\[0\]$_DFFE_PP_/DE
     130* |       0 |      29 |        0 |      0 |     0 |    +0.0% |   -0.687 |      -18.9 |    -1742.2 |   7002 | u_anchor.miss_fifo0.mem_1r1w.synth.nz.mem\[7\]\[0\]$_DFFE_PP_/DE
     131* |       0 |      29 |        0 |      0 |     0 |    +0.0% |   -0.687 |      -18.9 |    -1742.2 |   7002 | u_anchor.miss_fifo0.mem_1r1w.synth.nz.mem\[7\]\[0\]$_DFFE_PP_/DE
     132* |       0 |      29 |        0 |      0 |     0 |    +0.0% |   -0.687 |      -18.9 |    -1742.2 |   7002 | u_anchor.miss_fifo0.mem_1r1w.synth.nz.mem\[7\]\[0\]$_DFFE_PP_/DE
     133* |       0 |      29 |        0 |      0 |     0 |    +0.0% |   -0.687 |      -18.9 |    -1742.2 |   7002 | u_anchor.miss_fifo0.mem_1r1w.synth.nz.mem\[7\]\[0\]$_DFFE_PP_/DE
     134* |       0 |      29 |        0 |      0 |     0 |    +0.0% |   -0.687 |      -18.9 |    -1742.2 |   7002 | u_anchor.miss_fifo0.mem_1r1w.synth.nz.mem\[7\]\[0\]$_DFFE_PP_/DE
     135* |       0 |      29 |        0 |      0 |     0 |    +0.0% |   -0.687 |      -18.9 |    -1742.2 |   7002 | u_anchor.miss_fifo0.mem_1r1w.synth.nz.mem\[7\]\[0\]$_DFFE_PP_/DE
     136* |       0 |      29 |        0 |      0 |     0 |    +0.0% |   -0.687 |      -18.9 |    -1742.2 |   7002 | u_anchor.miss_fifo0.mem_1r1w.synth.nz.mem\[7\]\[0\]$_DFFE_PP_/DE
     137* |       0 |      29 |        0 |      0 |     0 |    +0.0% |   -0.687 |      -18.9 |    -1742.2 |   7002 | u_anchor.miss_fifo0.mem_1r1w.synth.nz.mem\[7\]\[0\]$_DFFE_PP_/DE
     138* |       0 |      29 |        0 |      0 |     0 |    +0.0% |   -0.687 |      -18.9 |    -1742.2 |   7002 | u_anchor.miss_fifo0.mem_1r1w.synth.nz.mem\[7\]\[0\]$_DFFE_PP_/DE
     139* |       0 |      29 |        0 |      0 |     0 |    +0.0% |   -0.687 |      -18.9 |    -1742.2 |   7002 | u_anchor.miss_fifo0.mem_1r1w.synth.nz.mem\[7\]\[0\]$_DFFE_PP_/DE
     140* |       0 |      29 |        0 |      0 |     0 |    +0.0% |   -0.687 |      -18.9 |    -1742.2 |   7002 | u_anchor.miss_fifo0.mem_1r1w.synth.nz.mem\[7\]\[0\]$_DFFE_PP_/DE
     140* |       0 |      29 |        0 |      0 |     0 |    +0.0% |   -0.687 |      -18.9 |    -1742.2 |   7002 | u_anchor.miss_fifo0.mem_1r1w.synth.nz.mem\[7\]\[0\]$_DFFE_PP_/DE
     141* |       0 |      29 |        0 |      0 |     0 |    +0.0% |   -0.687 |      -18.9 |    -1742.2 |   7002 | u_anchor.miss_fifo0.mem_1r1w.synth.nz.mem\[7\]\[0\]$_DFFE_PP_/DE
     142* |       0 |      29 |        0 |      0 |     0 |    +0.0% |   -0.687 |      -18.9 |    -1742.2 |   7002 | u_anchor.miss_fifo0.mem_1r1w.synth.nz.mem\[7\]\[0\]$_DFFE_PP_/DE
     143* |       0 |      29 |        0 |      0 |     0 |    +0.0% |   -0.687 |      -18.9 |    -1742.2 |   7002 | u_anchor.miss_fifo0.mem_1r1w.synth.nz.mem\[7\]\[0\]$_DFFE_PP_/DE
     144* |       0 |      29 |        0 |      0 |     0 |    +0.0% |   -0.687 |      -18.9 |    -1742.2 |   7002 | u_anchor.miss_fifo0.mem_1r1w.synth.nz.mem\[7\]\[0\]$_DFFE_PP_/DE
     145* |       0 |      29 |        0 |      0 |     0 |    +0.0% |   -0.687 |      -18.9 |    -1742.2 |   7002 | u_anchor.miss_fifo0.mem_1r1w.synth.nz.mem\[7\]\[0\]$_DFFE_PP_/DE
     146* |       0 |      29 |        0 |      0 |     0 |    +0.0% |   -0.687 |      -18.9 |    -1742.2 |   7002 | u_anchor.miss_fifo0.mem_1r1w.synth.nz.mem\[7\]\[0\]$_DFFE_PP_/DE
     147* |       0 |      29 |        0 |      0 |     0 |    +0.0% |   -0.687 |      -18.9 |    -1742.2 |   7002 | u_anchor.miss_fifo0.mem_1r1w.synth.nz.mem\[7\]\[0\]$_DFFE_PP_/DE
     148* |       0 |      29 |        0 |      0 |     0 |    +0.0% |   -0.687 |      -18.9 |    -1742.2 |   7002 | u_anchor.miss_fifo0.mem_1r1w.synth.nz.mem\[7\]\[0\]$_DFFE_PP_/DE
     149* |       0 |      29 |        0 |      0 |     0 |    +0.0% |   -0.687 |      -18.9 |    -1742.2 |   7002 | u_anchor.miss_fifo0.mem_1r1w.synth.nz.mem\[7\]\[0\]$_DFFE_PP_/DE
     150* |       0 |      29 |        0 |      0 |     0 |    +0.0% |   -0.687 |      -18.9 |    -1742.2 |   7002 | u_anchor.miss_fifo0.mem_1r1w.synth.nz.mem\[7\]\[0\]$_DFFE_PP_/DE
     150* |       0 |      29 |        0 |      0 |     0 |    +0.0% |   -0.687 |      -18.9 |    -1742.2 |   7002 | u_anchor.miss_fifo0.mem_1r1w.synth.nz.mem\[7\]\[0\]$_DFFE_PP_/DE
     151* |       0 |      29 |        0 |      0 |     0 |    +0.0% |   -0.687 |      -18.9 |    -1742.2 |   7002 | u_anchor.miss_fifo0.mem_1r1w.synth.nz.mem\[7\]\[0\]$_DFFE_PP_/DE
     152* |       0 |      29 |        0 |      0 |     0 |    +0.0% |   -0.687 |      -18.9 |    -1742.2 |   7002 | u_anchor.miss_fifo0.mem_1r1w.synth.nz.mem\[7\]\[0\]$_DFFE_PP_/DE
     153* |       0 |      29 |        0 |      0 |     0 |    +0.0% |   -0.687 |      -18.9 |    -1742.2 |   7002 | u_anchor.miss_fifo0.mem_1r1w.synth.nz.mem\[7\]\[0\]$_DFFE_PP_/DE
     154* |       0 |      29 |        0 |      0 |     0 |    +0.0% |   -0.687 |      -18.9 |    -1742.2 |   7002 | u_anchor.miss_fifo0.mem_1r1w.synth.nz.mem\[7\]\[0\]$_DFFE_PP_/DE
     155* |       0 |      29 |        0 |      0 |     0 |    +0.0% |   -0.687 |      -18.9 |    -1742.2 |   7002 | u_anchor.miss_fifo0.mem_1r1w.synth.nz.mem\[7\]\[0\]$_DFFE_PP_/DE
     156* |       0 |      29 |        0 |      0 |     0 |    +0.0% |   -0.687 |      -18.9 |    -1742.2 |   7002 | u_anchor.miss_fifo0.mem_1r1w.synth.nz.mem\[7\]\[0\]$_DFFE_PP_/DE
     157* |       0 |      29 |        0 |      0 |     0 |    +0.0% |   -0.687 |      -18.9 |    -1742.2 |   7002 | u_anchor.miss_fifo0.mem_1r1w.synth.nz.mem\[7\]\[0\]$_DFFE_PP_/DE
     158* |       0 |      29 |        0 |      0 |     0 |    +0.0% |   -0.687 |      -18.9 |    -1742.2 |   7002 | u_anchor.miss_fifo0.mem_1r1w.synth.nz.mem\[7\]\[0\]$_DFFE_PP_/DE
     159* |       0 |      29 |        0 |      0 |     0 |    +0.0% |   -0.687 |      -18.9 |    -1742.2 |   7002 | u_anchor.miss_fifo0.mem_1r1w.synth.nz.mem\[7\]\[0\]$_DFFE_PP_/DE
     160* |       0 |      29 |        0 |      0 |     0 |    +0.0% |   -0.687 |      -18.9 |    -1742.2 |   7002 | u_anchor.miss_fifo0.mem_1r1w.synth.nz.mem\[7\]\[0\]$_DFFE_PP_/DE
     160* |       0 |      29 |        0 |      0 |     0 |    +0.0% |   -0.687 |      -18.9 |    -1742.2 |   7002 | u_anchor.miss_fifo0.mem_1r1w.synth.nz.mem\[7\]\[0\]$_DFFE_PP_/DE
     161* |       0 |      29 |        0 |      0 |     0 |    +0.0% |   -0.687 |      -18.9 |    -1742.2 |   7002 | u_anchor.miss_fifo0.mem_1r1w.synth.nz.mem\[7\]\[0\]$_DFFE_PP_/DE
     162* |       0 |      29 |        0 |      0 |     0 |    +0.0% |   -0.687 |      -18.9 |    -1742.2 |   7002 | u_anchor.miss_fifo0.mem_1r1w.synth.nz.mem\[7\]\[0\]$_DFFE_PP_/DE
     163* |       0 |      29 |        0 |      0 |     0 |    +0.0% |   -0.687 |      -18.9 |    -1742.2 |   7002 | u_anchor.miss_fifo0.mem_1r1w.synth.nz.mem\[7\]\[0\]$_DFFE_PP_/DE
     164* |       0 |      29 |        0 |      0 |     0 |    +0.0% |   -0.687 |      -18.9 |    -1742.2 |   7002 | u_anchor.miss_fifo0.mem_1r1w.synth.nz.mem\[7\]\[0\]$_DFFE_PP_/DE
     165* |       0 |      29 |        0 |      0 |     0 |    +0.0% |   -0.687 |      -18.9 |    -1742.2 |   7002 | u_anchor.miss_fifo0.mem_1r1w.synth.nz.mem\[7\]\[0\]$_DFFE_PP_/DE
     166* |       0 |      29 |        0 |      0 |     0 |    +0.0% |   -0.687 |      -18.9 |    -1742.2 |   7002 | u_anchor.miss_fifo0.mem_1r1w.synth.nz.mem\[7\]\[0\]$_DFFE_PP_/DE
     167* |       0 |      29 |        0 |      0 |     0 |    +0.0% |   -0.687 |      -18.9 |    -1742.2 |   7002 | u_anchor.miss_fifo0.mem_1r1w.synth.nz.mem\[7\]\[0\]$_DFFE_PP_/DE
     168* |       0 |      29 |        0 |      0 |     0 |    +0.0% |   -0.687 |      -18.9 |    -1742.2 |   7002 | u_anchor.miss_fifo0.mem_1r1w.synth.nz.mem\[7\]\[0\]$_DFFE_PP_/DE
     169* |       0 |      29 |        0 |      0 |     0 |    +0.0% |   -0.687 |      -18.9 |    -1742.2 |   7002 | u_anchor.miss_fifo0.mem_1r1w.synth.nz.mem\[7\]\[0\]$_DFFE_PP_/DE
     170* |       0 |      29 |        0 |      0 |     0 |    +0.0% |   -0.687 |      -18.9 |    -1742.2 |   7002 | u_anchor.miss_fifo0.mem_1r1w.synth.nz.mem\[7\]\[0\]$_DFFE_PP_/DE
     170* |       0 |      29 |        0 |      0 |     0 |    +0.0% |   -0.687 |      -18.9 |    -1742.2 |   7002 | u_anchor.miss_fifo0.mem_1r1w.synth.nz.mem\[7\]\[0\]$_DFFE_PP_/DE
     171* |       0 |      29 |        0 |      0 |     0 |    +0.0% |   -0.687 |      -18.9 |    -1742.2 |   7002 | u_anchor.miss_fifo0.mem_1r1w.synth.nz.mem\[7\]\[0\]$_DFFE_PP_/DE
     172* |       0 |      29 |        0 |      0 |     0 |    +0.0% |   -0.687 |      -18.9 |    -1742.2 |   7002 | u_anchor.miss_fifo0.mem_1r1w.synth.nz.mem\[7\]\[0\]$_DFFE_PP_/DE
     173* |       0 |      29 |        0 |      0 |     0 |    +0.0% |   -0.687 |      -18.9 |    -1742.2 |   7002 | u_anchor.miss_fifo0.mem_1r1w.synth.nz.mem\[7\]\[0\]$_DFFE_PP_/DE
     174* |       0 |      29 |        0 |      0 |     0 |    +0.0% |   -0.687 |      -18.9 |    -1742.2 |   7002 | u_anchor.miss_fifo0.mem_1r1w.synth.nz.mem\[7\]\[0\]$_DFFE_PP_/DE
     175* |       0 |      29 |        0 |      0 |     0 |    +0.0% |   -0.687 |      -18.9 |    -1742.2 |   7002 | u_anchor.miss_fifo0.mem_1r1w.synth.nz.mem\[7\]\[0\]$_DFFE_PP_/DE
     176* |       0 |      29 |        0 |      0 |     0 |    +0.0% |   -0.687 |      -18.9 |    -1742.2 |   7002 | u_anchor.miss_fifo0.mem_1r1w.synth.nz.mem\[7\]\[0\]$_DFFE_PP_/DE
     177* |       0 |      29 |        0 |      0 |     0 |    +0.0% |   -0.687 |      -18.9 |    -1742.2 |   7002 | u_anchor.miss_fifo0.mem_1r1w.synth.nz.mem\[7\]\[0\]$_DFFE_PP_/DE
     178* |       0 |      29 |        0 |      0 |     0 |    +0.0% |   -0.687 |      -18.9 |    -1742.2 |   7002 | u_anchor.miss_fifo0.mem_1r1w.synth.nz.mem\[7\]\[0\]$_DFFE_PP_/DE
     179* |       0 |      29 |        0 |      0 |     0 |    +0.0% |   -0.687 |      -18.9 |    -1742.2 |   7002 | u_anchor.miss_fifo0.mem_1r1w.synth.nz.mem\[7\]\[0\]$_DFFE_PP_/DE
     180* |       0 |      29 |        0 |      0 |     0 |    +0.0% |   -0.687 |      -18.9 |    -1742.2 |   7002 | u_anchor.miss_fifo0.mem_1r1w.synth.nz.mem\[7\]\[0\]$_DFFE_PP_/DE
     180* |       0 |      29 |        0 |      0 |     0 |    +0.0% |   -0.687 |      -18.9 |    -1742.2 |   7002 | u_anchor.miss_fifo0.mem_1r1w.synth.nz.mem\[7\]\[0\]$_DFFE_PP_/DE
     181* |       0 |      29 |        0 |      0 |     0 |    +0.0% |   -0.687 |      -18.9 |    -1742.2 |   7002 | u_anchor.miss_fifo0.mem_1r1w.synth.nz.mem\[7\]\[0\]$_DFFE_PP_/DE
     182* |       0 |      29 |        0 |      0 |     0 |    +0.0% |   -0.687 |      -18.9 |    -1742.2 |   7002 | u_anchor.miss_fifo0.mem_1r1w.synth.nz.mem\[7\]\[0\]$_DFFE_PP_/DE
     183* |       0 |      29 |        0 |      0 |     0 |    +0.0% |   -0.687 |      -18.9 |    -1742.2 |   7002 | u_anchor.miss_fifo0.mem_1r1w.synth.nz.mem\[7\]\[0\]$_DFFE_PP_/DE
     184* |       0 |      29 |        0 |      0 |     0 |    +0.0% |   -0.687 |      -18.9 |    -1742.2 |   7002 | u_anchor.miss_fifo0.mem_1r1w.synth.nz.mem\[7\]\[0\]$_DFFE_PP_/DE
     185* |       0 |      29 |        0 |      0 |     0 |    +0.0% |   -0.687 |      -18.9 |    -1742.2 |   7002 | u_anchor.miss_fifo0.mem_1r1w.synth.nz.mem\[7\]\[0\]$_DFFE_PP_/DE
     186* |       0 |      29 |        0 |      0 |     0 |    +0.0% |   -0.687 |      -18.9 |    -1742.2 |   7002 | u_anchor.miss_fifo0.mem_1r1w.synth.nz.mem\[7\]\[0\]$_DFFE_PP_/DE
     187* |       0 |      29 |        0 |      0 |     0 |    +0.0% |   -0.687 |      -18.9 |    -1742.2 |   7002 | u_anchor.miss_fifo0.mem_1r1w.synth.nz.mem\[7\]\[0\]$_DFFE_PP_/DE
     188* |       0 |      29 |        0 |      0 |     0 |    +0.0% |   -0.687 |      -18.9 |    -1742.2 |   7002 | u_anchor.miss_fifo0.mem_1r1w.synth.nz.mem\[7\]\[0\]$_DFFE_PP_/DE
     189* |       0 |      29 |        0 |      0 |     0 |    +0.0% |   -0.687 |      -18.9 |    -1742.2 |   7002 | u_anchor.miss_fifo0.mem_1r1w.synth.nz.mem\[7\]\[0\]$_DFFE_PP_/DE
     190* |       0 |      29 |        0 |      0 |     0 |    +0.0% |   -0.687 |      -18.9 |    -1742.2 |   7002 | u_anchor.miss_fifo0.mem_1r1w.synth.nz.mem\[7\]\[0\]$_DFFE_PP_/DE
     190* |       0 |      29 |        0 |      0 |     0 |    +0.0% |   -0.687 |      -18.9 |    -1742.2 |   7002 | u_anchor.miss_fifo0.mem_1r1w.synth.nz.mem\[7\]\[0\]$_DFFE_PP_/DE
     191* |       0 |      29 |        0 |      0 |     0 |    +0.0% |   -0.687 |      -18.9 |    -1742.2 |   7002 | u_anchor.miss_fifo0.mem_1r1w.synth.nz.mem\[7\]\[0\]$_DFFE_PP_/DE
     192* |       0 |      29 |        0 |      0 |     0 |    +0.0% |   -0.687 |      -18.9 |    -1742.2 |   7002 | u_anchor.miss_fifo0.mem_1r1w.synth.nz.mem\[7\]\[0\]$_DFFE_PP_/DE
     193* |       0 |      29 |        0 |      0 |     0 |    +0.0% |   -0.687 |      -18.9 |    -1742.2 |   7002 | u_anchor.miss_fifo0.mem_1r1w.synth.nz.mem\[7\]\[0\]$_DFFE_PP_/DE
     194* |       0 |      29 |        0 |      0 |     0 |    +0.0% |   -0.687 |      -18.9 |    -1742.2 |   7002 | u_anchor.miss_fifo0.mem_1r1w.synth.nz.mem\[7\]\[0\]$_DFFE_PP_/DE
     195* |       0 |      29 |        0 |      0 |     0 |    +0.0% |   -0.687 |      -18.9 |    -1742.2 |   7002 | u_anchor.miss_fifo0.mem_1r1w.synth.nz.mem\[7\]\[0\]$_DFFE_PP_/DE
     196* |       0 |      29 |        0 |      0 |     0 |    +0.0% |   -0.687 |      -18.9 |    -1742.2 |   7002 | u_anchor.miss_fifo0.mem_1r1w.synth.nz.mem\[7\]\[0\]$_DFFE_PP_/DE
     197* |       0 |      29 |        0 |      0 |     0 |    +0.0% |   -0.687 |      -18.9 |    -1742.2 |   7002 | u_anchor.miss_fifo0.mem_1r1w.synth.nz.mem\[7\]\[0\]$_DFFE_PP_/DE
     198* |       0 |      29 |        0 |      0 |     0 |    +0.0% |   -0.687 |      -18.9 |    -1742.2 |   7002 | u_anchor.miss_fifo0.mem_1r1w.synth.nz.mem\[7\]\[0\]$_DFFE_PP_/DE
     199* |       0 |      29 |        0 |      0 |     0 |    +0.0% |   -0.687 |      -18.9 |    -1742.2 |   7002 | u_anchor.miss_fifo0.mem_1r1w.synth.nz.mem\[7\]\[0\]$_DFFE_PP_/DE
     200* |       0 |      29 |        0 |      0 |     0 |    +0.0% |   -0.687 |      -18.9 |    -1742.2 |   7002 | u_anchor.miss_fifo0.mem_1r1w.synth.nz.mem\[7\]\[0\]$_DFFE_PP_/DE
     200* |       0 |      29 |        0 |      0 |     0 |    +0.0% |   -0.687 |      -18.9 |    -1742.2 |   7002 | u_anchor.miss_fifo0.mem_1r1w.synth.nz.mem\[7\]\[0\]$_DFFE_PP_/DE
     201* |       0 |      29 |        0 |      0 |     0 |    +0.0% |   -0.687 |      -18.9 |    -1742.2 |   7002 | u_anchor.miss_fifo0.mem_1r1w.synth.nz.mem\[7\]\[0\]$_DFFE_PP_/DE
     202* |       0 |      29 |        0 |      0 |     0 |    +0.0% |   -0.687 |      -18.9 |    -1742.2 |   7002 | u_anchor.miss_fifo0.mem_1r1w.synth.nz.mem\[7\]\[0\]$_DFFE_PP_/DE
     203* |       0 |      29 |        0 |      0 |     0 |    +0.0% |   -0.687 |      -18.9 |    -1742.2 |   7002 | u_anchor.miss_fifo0.mem_1r1w.synth.nz.mem\[7\]\[0\]$_DFFE_PP_/DE
     204* |       0 |      29 |        0 |      0 |     0 |    +0.0% |   -0.687 |      -18.9 |    -1742.2 |   7002 | u_anchor.miss_fifo0.mem_1r1w.synth.nz.mem\[7\]\[0\]$_DFFE_PP_/DE
     205* |       0 |      29 |        0 |      0 |     0 |    +0.0% |   -0.687 |      -18.9 |    -1742.2 |   7002 | u_anchor.miss_fifo0.mem_1r1w.synth.nz.mem\[7\]\[0\]$_DFFE_PP_/DE
     206* |       0 |      29 |        0 |      0 |     0 |    +0.0% |   -0.687 |      -18.9 |    -1742.2 |   7002 | u_anchor.miss_fifo0.mem_1r1w.synth.nz.mem\[7\]\[0\]$_DFFE_PP_/DE
     207* |       0 |      29 |        0 |      0 |     0 |    +0.0% |   -0.687 |      -18.9 |    -1742.2 |   7002 | u_anchor.miss_fifo0.mem_1r1w.synth.nz.mem\[7\]\[0\]$_DFFE_PP_/DE
     208* |       0 |      29 |        0 |      0 |     0 |    +0.0% |   -0.687 |      -18.9 |    -1742.2 |   7002 | u_anchor.miss_fifo0.mem_1r1w.synth.nz.mem\[7\]\[0\]$_DFFE_PP_/DE
     209* |       0 |      29 |        0 |      0 |     0 |    +0.0% |   -0.687 |      -18.9 |    -1742.2 |   7002 | u_anchor.miss_fifo0.mem_1r1w.synth.nz.mem\[7\]\[0\]$_DFFE_PP_/DE
     210* |       0 |      29 |        0 |      0 |     0 |    +0.0% |   -0.687 |      -18.9 |    -1742.2 |   7002 | u_anchor.miss_fifo0.mem_1r1w.synth.nz.mem\[7\]\[0\]$_DFFE_PP_/DE
     210* |       0 |      29 |        0 |      0 |     0 |    +0.0% |   -0.687 |      -18.9 |    -1742.2 |   7002 | u_anchor.miss_fifo0.mem_1r1w.synth.nz.mem\[7\]\[0\]$_DFFE_PP_/DE
     211* |       0 |      29 |        0 |      0 |     0 |    +0.0% |   -0.687 |      -18.9 |    -1742.2 |   7002 | u_anchor.miss_fifo0.mem_1r1w.synth.nz.mem\[7\]\[0\]$_DFFE_PP_/DE
     212* |       0 |      29 |        0 |      0 |     0 |    +0.0% |   -0.687 |      -18.9 |    -1742.2 |   7002 | u_anchor.miss_fifo0.mem_1r1w.synth.nz.mem\[7\]\[0\]$_DFFE_PP_/DE
     213* |       0 |      29 |        0 |      0 |     0 |    +0.0% |   -0.687 |      -18.9 |    -1742.2 |   7002 | u_anchor.miss_fifo0.mem_1r1w.synth.nz.mem\[7\]\[0\]$_DFFE_PP_/DE
     214* |       0 |      29 |        0 |      0 |     0 |    +0.0% |   -0.687 |      -18.9 |    -1742.2 |   7002 | u_anchor.miss_fifo0.mem_1r1w.synth.nz.mem\[7\]\[0\]$_DFFE_PP_/DE
     215* |       0 |      29 |        0 |      0 |     0 |    +0.0% |   -0.687 |      -18.9 |    -1742.2 |   7002 | u_anchor.miss_fifo0.mem_1r1w.synth.nz.mem\[7\]\[0\]$_DFFE_PP_/DE
     216* |       0 |      29 |        0 |      0 |     0 |    +0.0% |   -0.687 |      -18.9 |    -1742.2 |   7002 | u_anchor.miss_fifo0.mem_1r1w.synth.nz.mem\[7\]\[0\]$_DFFE_PP_/DE
     217* |       0 |      29 |        0 |      0 |     0 |    +0.0% |   -0.687 |      -18.9 |    -1742.2 |   7002 | u_anchor.miss_fifo0.mem_1r1w.synth.nz.mem\[7\]\[0\]$_DFFE_PP_/DE
     218* |       0 |      29 |        0 |      0 |     0 |    +0.0% |   -0.687 |      -18.9 |    -1742.2 |   7002 | u_anchor.miss_fifo0.mem_1r1w.synth.nz.mem\[7\]\[0\]$_DFFE_PP_/DE
     219* |       0 |      29 |        0 |      0 |     0 |    +0.0% |   -0.687 |      -18.9 |    -1742.2 |   7002 | u_anchor.miss_fifo0.mem_1r1w.synth.nz.mem\[7\]\[0\]$_DFFE_PP_/DE
     220* |       0 |      29 |        0 |      0 |     0 |    +0.0% |   -0.687 |      -18.9 |    -1742.2 |   7002 | u_anchor.miss_fifo0.mem_1r1w.synth.nz.mem\[7\]\[0\]$_DFFE_PP_/DE
     220* |       0 |      29 |        0 |      0 |     0 |    +0.0% |   -0.687 |      -18.9 |    -1742.2 |   7002 | u_anchor.miss_fifo0.mem_1r1w.synth.nz.mem\[7\]\[0\]$_DFFE_PP_/DE
     221* |       0 |      29 |        0 |      0 |     0 |    +0.0% |   -0.687 |      -18.9 |    -1742.2 |   7002 | u_anchor.miss_fifo0.mem_1r1w.synth.nz.mem\[7\]\[0\]$_DFFE_PP_/DE
     222* |       0 |      29 |        0 |      0 |     0 |    +0.0% |   -0.687 |      -18.9 |    -1742.2 |   7002 | u_anchor.miss_fifo0.mem_1r1w.synth.nz.mem\[7\]\[0\]$_DFFE_PP_/DE
     223* |       0 |      29 |        0 |      0 |     0 |    +0.0% |   -0.687 |      -18.9 |    -1742.2 |   7002 | u_anchor.miss_fifo0.mem_1r1w.synth.nz.mem\[7\]\[0\]$_DFFE_PP_/DE
     224* |       0 |      29 |        0 |      0 |     0 |    +0.0% |   -0.687 |      -18.9 |    -1742.2 |   7002 | u_anchor.miss_fifo0.mem_1r1w.synth.nz.mem\[7\]\[0\]$_DFFE_PP_/DE
     225* |       0 |      29 |        0 |      0 |     0 |    +0.0% |   -0.687 |      -18.9 |    -1742.2 |   7002 | u_anchor.miss_fifo0.mem_1r1w.synth.nz.mem\[7\]\[0\]$_DFFE_PP_/DE
     226* |       0 |      29 |        0 |      0 |     0 |    +0.0% |   -0.687 |      -18.9 |    -1742.2 |   7002 | u_anchor.miss_fifo0.mem_1r1w.synth.nz.mem\[7\]\[0\]$_DFFE_PP_/DE
     227* |       0 |      29 |        0 |      0 |     0 |    +0.0% |   -0.687 |      -18.9 |    -1742.2 |   7002 | u_anchor.miss_fifo0.mem_1r1w.synth.nz.mem\[7\]\[0\]$_DFFE_PP_/DE
     228* |       0 |      29 |        0 |      0 |     0 |    +0.0% |   -0.687 |      -18.9 |    -1742.2 |   7002 | u_anchor.miss_fifo0.mem_1r1w.synth.nz.mem\[7\]\[0\]$_DFFE_PP_/DE
     229* |       0 |      29 |        0 |      0 |     0 |    +0.0% |   -0.687 |      -18.9 |    -1742.2 |   7002 | u_anchor.miss_fifo0.mem_1r1w.synth.nz.mem\[7\]\[0\]$_DFFE_PP_/DE
     230* |       0 |      29 |        0 |      0 |     0 |    +0.0% |   -0.687 |      -18.9 |    -1742.2 |   7002 | u_anchor.miss_fifo0.mem_1r1w.synth.nz.mem\[7\]\[0\]$_DFFE_PP_/DE
     230* |       0 |      29 |        0 |      0 |     0 |    +0.0% |   -0.687 |      -18.9 |    -1742.2 |   7002 | u_anchor.miss_fifo0.mem_1r1w.synth.nz.mem\[7\]\[0\]$_DFFE_PP_/DE
     231* |       0 |      29 |        0 |      0 |     0 |    +0.0% |   -0.687 |      -18.9 |    -1742.2 |   7002 | u_anchor.miss_fifo0.mem_1r1w.synth.nz.mem\[7\]\[0\]$_DFFE_PP_/DE
     232* |       0 |      29 |        0 |      0 |     0 |    +0.0% |   -0.687 |      -18.9 |    -1742.2 |   7002 | u_anchor.miss_fifo0.mem_1r1w.synth.nz.mem\[7\]\[0\]$_DFFE_PP_/DE
     233* |       0 |      29 |        0 |      0 |     0 |    +0.0% |   -0.687 |      -18.9 |    -1742.2 |   7002 | u_anchor.miss_fifo0.mem_1r1w.synth.nz.mem\[7\]\[0\]$_DFFE_PP_/DE
     234* |       0 |      29 |        0 |      0 |     0 |    +0.0% |   -0.687 |      -18.9 |    -1742.2 |   7002 | u_anchor.miss_fifo0.mem_1r1w.synth.nz.mem\[7\]\[0\]$_DFFE_PP_/DE
     235* |       0 |      29 |        0 |      0 |     0 |    +0.0% |   -0.687 |      -18.9 |    -1742.2 |   7002 | u_anchor.miss_fifo0.mem_1r1w.synth.nz.mem\[7\]\[0\]$_DFFE_PP_/DE
     236* |       0 |      29 |        0 |      0 |     0 |    +0.0% |   -0.687 |      -18.9 |    -1742.2 |   7002 | u_anchor.miss_fifo0.mem_1r1w.synth.nz.mem\[7\]\[0\]$_DFFE_PP_/DE
     237* |       0 |      29 |        0 |      0 |     0 |    +0.0% |   -0.687 |      -18.9 |    -1742.2 |   7002 | u_anchor.miss_fifo0.mem_1r1w.synth.nz.mem\[7\]\[0\]$_DFFE_PP_/DE
     238* |       0 |      29 |        0 |      0 |     0 |    +0.0% |   -0.687 |      -18.9 |    -1742.2 |   7002 | u_anchor.miss_fifo0.mem_1r1w.synth.nz.mem\[7\]\[0\]$_DFFE_PP_/DE
     239* |       0 |      29 |        0 |      0 |     0 |    +0.0% |   -0.687 |      -18.9 |    -1742.2 |   7002 | u_anchor.miss_fifo0.mem_1r1w.synth.nz.mem\[7\]\[0\]$_DFFE_PP_/DE
     240* |       0 |      29 |        0 |      0 |     0 |    +0.0% |   -0.687 |      -18.9 |    -1742.2 |   7002 | u_anchor.miss_fifo0.mem_1r1w.synth.nz.mem\[7\]\[0\]$_DFFE_PP_/DE
     240* |       0 |      29 |        0 |      0 |     0 |    +0.0% |   -0.687 |      -18.9 |    -1742.2 |   7002 | u_anchor.miss_fifo0.mem_1r1w.synth.nz.mem\[7\]\[0\]$_DFFE_PP_/DE
     241* |       0 |      29 |        0 |      0 |     0 |    +0.0% |   -0.687 |      -18.9 |    -1742.2 |   7002 | u_anchor.miss_fifo0.mem_1r1w.synth.nz.mem\[7\]\[0\]$_DFFE_PP_/DE
     242* |       0 |      29 |        0 |      0 |     0 |    +0.0% |   -0.687 |      -18.9 |    -1742.2 |   7002 | u_anchor.miss_fifo0.mem_1r1w.synth.nz.mem\[7\]\[0\]$_DFFE_PP_/DE
     243* |       0 |      29 |        0 |      0 |     0 |    +0.0% |   -0.687 |      -18.9 |    -1742.2 |   7002 | u_anchor.miss_fifo0.mem_1r1w.synth.nz.mem\[7\]\[0\]$_DFFE_PP_/DE
     244* |       0 |      29 |        0 |      0 |     0 |    +0.0% |   -0.687 |      -18.9 |    -1742.2 |   7002 | u_anchor.miss_fifo0.mem_1r1w.synth.nz.mem\[7\]\[0\]$_DFFE_PP_/DE
     245* |       0 |      29 |        0 |      0 |     0 |    +0.0% |   -0.687 |      -18.9 |    -1742.2 |   7002 | u_anchor.miss_fifo0.mem_1r1w.synth.nz.mem\[7\]\[0\]$_DFFE_PP_/DE
     246* |       0 |      29 |        0 |      0 |     0 |    +0.0% |   -0.687 |      -18.9 |    -1742.2 |   7002 | u_anchor.miss_fifo0.mem_1r1w.synth.nz.mem\[7\]\[0\]$_DFFE_PP_/DE
     247* |       0 |      29 |        0 |      0 |     0 |    +0.0% |   -0.687 |      -18.9 |    -1742.2 |   7002 | u_anchor.miss_fifo0.mem_1r1w.synth.nz.mem\[7\]\[0\]$_DFFE_PP_/DE
     248* |       0 |      29 |        0 |      0 |     0 |    +0.0% |   -0.687 |      -18.9 |    -1742.2 |   7002 | u_anchor.miss_fifo0.mem_1r1w.synth.nz.mem\[7\]\[0\]$_DFFE_PP_/DE
     249* |       0 |      29 |        0 |      0 |     0 |    +0.0% |   -0.687 |      -18.9 |    -1742.2 |   7002 | u_anchor.miss_fifo0.mem_1r1w.synth.nz.mem\[7\]\[0\]$_DFFE_PP_/DE
     250* |       0 |      29 |        0 |      0 |     0 |    +0.0% |   -0.687 |      -18.9 |    -1742.2 |   7002 | u_anchor.miss_fifo0.mem_1r1w.synth.nz.mem\[7\]\[0\]$_DFFE_PP_/DE
     250* |       0 |      29 |        0 |      0 |     0 |    +0.0% |   -0.687 |      -18.9 |    -1742.2 |   7002 | u_anchor.miss_fifo0.mem_1r1w.synth.nz.mem\[7\]\[0\]$_DFFE_PP_/DE
     251* |       0 |      29 |        0 |      0 |     0 |    +0.0% |   -0.687 |      -18.9 |    -1742.2 |   7002 | u_anchor.miss_fifo0.mem_1r1w.synth.nz.mem\[7\]\[0\]$_DFFE_PP_/DE
     252* |       0 |      29 |        0 |      0 |     0 |    +0.0% |   -0.687 |      -18.9 |    -1742.2 |   7002 | u_anchor.miss_fifo0.mem_1r1w.synth.nz.mem\[7\]\[0\]$_DFFE_PP_/DE
     253* |       0 |      29 |        0 |      0 |     0 |    +0.0% |   -0.687 |      -18.9 |    -1742.2 |   7002 | u_anchor.miss_fifo0.mem_1r1w.synth.nz.mem\[7\]\[0\]$_DFFE_PP_/DE
     254* |       0 |      29 |        0 |      0 |     0 |    +0.0% |   -0.687 |      -18.9 |    -1742.2 |   7002 | u_anchor.miss_fifo0.mem_1r1w.synth.nz.mem\[7\]\[0\]$_DFFE_PP_/DE
     255* |       0 |      29 |        0 |      0 |     0 |    +0.0% |   -0.687 |      -18.9 |    -1742.2 |   7002 | u_anchor.miss_fifo0.mem_1r1w.synth.nz.mem\[7\]\[0\]$_DFFE_PP_/DE
     256* |       0 |      29 |        0 |      0 |     0 |    +0.0% |   -0.687 |      -18.9 |    -1742.2 |   7002 | u_anchor.miss_fifo0.mem_1r1w.synth.nz.mem\[7\]\[0\]$_DFFE_PP_/DE
     257* |       0 |      29 |        0 |      0 |     0 |    +0.0% |   -0.687 |      -18.9 |    -1742.2 |   7002 | u_anchor.miss_fifo0.mem_1r1w.synth.nz.mem\[7\]\[0\]$_DFFE_PP_/DE
     258* |       0 |      29 |        0 |      0 |     0 |    +0.0% |   -0.687 |      -18.9 |    -1742.2 |   7002 | u_anchor.miss_fifo0.mem_1r1w.synth.nz.mem\[7\]\[0\]$_DFFE_PP_/DE
     259* |       0 |      29 |        0 |      0 |     0 |    +0.0% |   -0.687 |      -18.9 |    -1742.2 |   7002 | u_anchor.miss_fifo0.mem_1r1w.synth.nz.mem\[7\]\[0\]$_DFFE_PP_/DE
     260* |       0 |      29 |        0 |      0 |     0 |    +0.0% |   -0.687 |      -18.9 |    -1742.2 |   7002 | u_anchor.miss_fifo0.mem_1r1w.synth.nz.mem\[7\]\[0\]$_DFFE_PP_/DE
     260* |       0 |      29 |        0 |      0 |     0 |    +0.0% |   -0.687 |      -18.9 |    -1742.2 |   7002 | u_anchor.miss_fifo0.mem_1r1w.synth.nz.mem\[7\]\[0\]$_DFFE_PP_/DE
     261* |       0 |      29 |        0 |      0 |     0 |    +0.0% |   -0.687 |      -18.9 |    -1742.2 |   7002 | u_anchor.miss_fifo0.mem_1r1w.synth.nz.mem\[7\]\[0\]$_DFFE_PP_/DE
     262* |       0 |      29 |        0 |      0 |     0 |    +0.0% |   -0.687 |      -18.9 |    -1742.2 |   7002 | u_anchor.miss_fifo0.mem_1r1w.synth.nz.mem\[7\]\[0\]$_DFFE_PP_/DE
     263* |       0 |      29 |        0 |      0 |     0 |    +0.0% |   -0.687 |      -18.9 |    -1742.2 |   7002 | u_anchor.miss_fifo0.mem_1r1w.synth.nz.mem\[7\]\[0\]$_DFFE_PP_/DE
     264* |       0 |      29 |        0 |      0 |     0 |    +0.0% |   -0.687 |      -18.9 |    -1742.2 |   7002 | u_anchor.miss_fifo0.mem_1r1w.synth.nz.mem\[7\]\[0\]$_DFFE_PP_/DE
     265* |       0 |      29 |        0 |      0 |     0 |    +0.0% |   -0.687 |      -18.9 |    -1742.2 |   7002 | u_anchor.miss_fifo0.mem_1r1w.synth.nz.mem\[7\]\[0\]$_DFFE_PP_/DE
     266* |       0 |      29 |        0 |      0 |     0 |    +0.0% |   -0.687 |      -18.9 |    -1742.2 |   7002 | u_anchor.miss_fifo0.mem_1r1w.synth.nz.mem\[7\]\[0\]$_DFFE_PP_/DE
     267* |       0 |      29 |        0 |      0 |     0 |    +0.0% |   -0.687 |      -18.9 |    -1742.2 |   7002 | u_anchor.miss_fifo0.mem_1r1w.synth.nz.mem\[7\]\[0\]$_DFFE_PP_/DE
     268* |       0 |      29 |        0 |      0 |     0 |    +0.0% |   -0.687 |      -18.9 |    -1742.2 |   7002 | u_anchor.miss_fifo0.mem_1r1w.synth.nz.mem\[7\]\[0\]$_DFFE_PP_/DE
     269* |       0 |      29 |        0 |      0 |     0 |    +0.0% |   -0.687 |      -18.9 |    -1742.2 |   7002 | u_anchor.miss_fifo0.mem_1r1w.synth.nz.mem\[7\]\[0\]$_DFFE_PP_/DE
     270* |       0 |      29 |        0 |      0 |     0 |    +0.0% |   -0.687 |      -18.9 |    -1742.2 |   7002 | u_anchor.miss_fifo0.mem_1r1w.synth.nz.mem\[7\]\[0\]$_DFFE_PP_/DE
     270* |       0 |      29 |        0 |      0 |     0 |    +0.0% |   -0.687 |      -18.9 |    -1742.2 |   7002 | u_anchor.miss_fifo0.mem_1r1w.synth.nz.mem\[7\]\[0\]$_DFFE_PP_/DE
     271* |       0 |      29 |        0 |      0 |     0 |    +0.0% |   -0.687 |      -18.9 |    -1742.2 |   7002 | u_anchor.miss_fifo0.mem_1r1w.synth.nz.mem\[7\]\[0\]$_DFFE_PP_/DE
     272* |       0 |      29 |        0 |      0 |     0 |    +0.0% |   -0.687 |      -18.9 |    -1742.2 |   7002 | u_anchor.miss_fifo0.mem_1r1w.synth.nz.mem\[7\]\[0\]$_DFFE_PP_/DE
     273* |       0 |      29 |        0 |      0 |     0 |    +0.0% |   -0.687 |      -18.9 |    -1742.2 |   7002 | u_anchor.miss_fifo0.mem_1r1w.synth.nz.mem\[7\]\[0\]$_DFFE_PP_/DE
     274* |       0 |      29 |        0 |      0 |     0 |    +0.0% |   -0.687 |      -18.9 |    -1742.2 |   7002 | u_anchor.miss_fifo0.mem_1r1w.synth.nz.mem\[7\]\[0\]$_DFFE_PP_/DE
     275* |       0 |      29 |        0 |      0 |     0 |    +0.0% |   -0.687 |      -18.9 |    -1742.2 |   7002 | u_anchor.miss_fifo0.mem_1r1w.synth.nz.mem\[7\]\[0\]$_DFFE_PP_/DE
     276* |       0 |      29 |        0 |      0 |     0 |    +0.0% |   -0.687 |      -18.9 |    -1742.2 |   7002 | u_anchor.miss_fifo0.mem_1r1w.synth.nz.mem\[7\]\[0\]$_DFFE_PP_/DE
     277* |       0 |      29 |        0 |      0 |     0 |    +0.0% |   -0.687 |      -18.9 |    -1742.2 |   7002 | u_anchor.miss_fifo0.mem_1r1w.synth.nz.mem\[7\]\[0\]$_DFFE_PP_/DE
     278* |       0 |      29 |        0 |      0 |     0 |    +0.0% |   -0.687 |      -18.9 |    -1742.2 |   7002 | u_anchor.miss_fifo0.mem_1r1w.synth.nz.mem\[7\]\[0\]$_DFFE_PP_/DE
     279* |       0 |      29 |        0 |      0 |     0 |    +0.0% |   -0.687 |      -18.9 |    -1742.2 |   7002 | u_anchor.miss_fifo0.mem_1r1w.synth.nz.mem\[7\]\[0\]$_DFFE_PP_/DE
     280* |       0 |      29 |        0 |      0 |     0 |    +0.0% |   -0.687 |      -18.9 |    -1742.2 |   7002 | u_anchor.miss_fifo0.mem_1r1w.synth.nz.mem\[7\]\[0\]$_DFFE_PP_/DE
     280* |       0 |      29 |        0 |      0 |     0 |    +0.0% |   -0.687 |      -18.9 |    -1742.2 |   7002 | u_anchor.miss_fifo0.mem_1r1w.synth.nz.mem\[7\]\[0\]$_DFFE_PP_/DE
     281* |       0 |      29 |        0 |      0 |     0 |    +0.0% |   -0.687 |      -18.9 |    -1742.2 |   7002 | u_anchor.miss_fifo0.mem_1r1w.synth.nz.mem\[7\]\[0\]$_DFFE_PP_/DE
     282* |       0 |      29 |        0 |      0 |     0 |    +0.0% |   -0.687 |      -18.9 |    -1742.2 |   7002 | u_anchor.miss_fifo0.mem_1r1w.synth.nz.mem\[7\]\[0\]$_DFFE_PP_/DE
     283* |       0 |      29 |        0 |      0 |     0 |    +0.0% |   -0.687 |      -18.9 |    -1742.2 |   7002 | u_anchor.miss_fifo0.mem_1r1w.synth.nz.mem\[7\]\[0\]$_DFFE_PP_/DE
     284* |       0 |      29 |        0 |      0 |     0 |    +0.0% |   -0.687 |      -18.9 |    -1742.2 |   7002 | u_anchor.miss_fifo0.mem_1r1w.synth.nz.mem\[7\]\[0\]$_DFFE_PP_/DE
     285* |       0 |      29 |        0 |      0 |     0 |    +0.0% |   -0.687 |      -18.9 |    -1742.2 |   7002 | u_anchor.miss_fifo0.mem_1r1w.synth.nz.mem\[7\]\[0\]$_DFFE_PP_/DE
     286* |       0 |      29 |        0 |      0 |     0 |    +0.0% |   -0.687 |      -18.9 |    -1742.2 |   7002 | u_anchor.miss_fifo0.mem_1r1w.synth.nz.mem\[7\]\[0\]$_DFFE_PP_/DE
     288* |       0 |      30 |        0 |      0 |     0 |    +0.0% |   -0.687 |      -18.8 |    -1663.2 |   7002 | u_anchor.miss_fifo0.mem_1r1w.synth.nz.mem\[7\]\[0\]$_DFFE_PP_/DE
     289* |       0 |      30 |        0 |      0 |     0 |    +0.0% |   -0.687 |      -18.8 |    -1663.2 |   7002 | u_anchor.miss_fifo0.mem_1r1w.synth.nz.mem\[7\]\[0\]$_DFFE_PP_/DE
     290* |       0 |      30 |        0 |      0 |     0 |    +0.0% |   -0.687 |      -18.8 |    -1663.2 |   7002 | u_anchor.miss_fifo0.mem_1r1w.synth.nz.mem\[7\]\[0\]$_DFFE_PP_/DE
     290* |       0 |      30 |        0 |      0 |     0 |    +0.0% |   -0.687 |      -18.8 |    -1663.2 |   7002 | u_anchor.miss_fifo0.mem_1r1w.synth.nz.mem\[7\]\[0\]$_DFFE_PP_/DE
     291* |       0 |      30 |        0 |      0 |     0 |    +0.0% |   -0.687 |      -18.8 |    -1663.2 |   7002 | u_anchor.miss_fifo0.mem_1r1w.synth.nz.mem\[7\]\[0\]$_DFFE_PP_/DE
     292* |       0 |      30 |        0 |      0 |     0 |    +0.0% |   -0.687 |      -18.8 |    -1663.2 |   7002 | u_anchor.miss_fifo0.mem_1r1w.synth.nz.mem\[7\]\[0\]$_DFFE_PP_/DE
     293* |       0 |      30 |        0 |      0 |     0 |    +0.0% |   -0.687 |      -18.8 |    -1663.2 |   7002 | u_anchor.miss_fifo0.mem_1r1w.synth.nz.mem\[7\]\[0\]$_DFFE_PP_/DE
     294* |       0 |      30 |        0 |      0 |     0 |    +0.0% |   -0.687 |      -18.8 |    -1663.2 |   7002 | u_anchor.miss_fifo0.mem_1r1w.synth.nz.mem\[7\]\[0\]$_DFFE_PP_/DE
     295* |       0 |      30 |        0 |      0 |     0 |    +0.0% |   -0.687 |      -18.8 |    -1663.2 |   7002 | u_anchor.miss_fifo0.mem_1r1w.synth.nz.mem\[7\]\[0\]$_DFFE_PP_/DE
     296* |       0 |      30 |        0 |      0 |     0 |    +0.0% |   -0.687 |      -18.8 |    -1663.2 |   7002 | u_anchor.miss_fifo0.mem_1r1w.synth.nz.mem\[7\]\[0\]$_DFFE_PP_/DE
     297* |       0 |      30 |        0 |      0 |     0 |    +0.0% |   -0.687 |      -18.8 |    -1663.2 |   7002 | u_anchor.miss_fifo0.mem_1r1w.synth.nz.mem\[7\]\[0\]$_DFFE_PP_/DE
     298* |       0 |      30 |        0 |      0 |     0 |    +0.0% |   -0.687 |      -18.8 |    -1663.2 |   7002 | u_anchor.miss_fifo0.mem_1r1w.synth.nz.mem\[7\]\[0\]$_DFFE_PP_/DE
     299* |       0 |      30 |        0 |      0 |     0 |    +0.0% |   -0.687 |      -18.8 |    -1663.2 |   7002 | u_anchor.miss_fifo0.mem_1r1w.synth.nz.mem\[7\]\[0\]$_DFFE_PP_/DE
     300* |       0 |      30 |        0 |      0 |     0 |    +0.0% |   -0.687 |      -18.8 |    -1663.2 |   7002 | u_anchor.miss_fifo0.mem_1r1w.synth.nz.mem\[7\]\[0\]$_DFFE_PP_/DE
     300* |       0 |      30 |        0 |      0 |     0 |    +0.0% |   -0.687 |      -18.8 |    -1663.2 |   7002 | u_anchor.miss_fifo0.mem_1r1w.synth.nz.mem\[7\]\[0\]$_DFFE_PP_/DE
     301* |       0 |      30 |        0 |      0 |     0 |    +0.0% |   -0.687 |      -18.8 |    -1663.2 |   7002 | u_anchor.miss_fifo0.mem_1r1w.synth.nz.mem\[7\]\[0\]$_DFFE_PP_/DE
     302* |       0 |      30 |        0 |      0 |     0 |    +0.0% |   -0.687 |      -18.8 |    -1663.2 |   7002 | u_anchor.miss_fifo0.mem_1r1w.synth.nz.mem\[7\]\[0\]$_DFFE_PP_/DE
     303* |       0 |      30 |        0 |      0 |     0 |    +0.0% |   -0.687 |      -18.8 |    -1663.2 |   7002 | u_anchor.miss_fifo0.mem_1r1w.synth.nz.mem\[7\]\[0\]$_DFFE_PP_/DE
     304* |       0 |      30 |        0 |      0 |     0 |    +0.0% |   -0.687 |      -18.8 |    -1663.2 |   7002 | u_anchor.miss_fifo0.mem_1r1w.synth.nz.mem\[7\]\[0\]$_DFFE_PP_/DE
     305* |       0 |      30 |        0 |      0 |     0 |    +0.0% |   -0.687 |      -18.8 |    -1663.2 |   7002 | u_anchor.miss_fifo0.mem_1r1w.synth.nz.mem\[7\]\[0\]$_DFFE_PP_/DE
     306* |       0 |      30 |        0 |      0 |     0 |    +0.0% |   -0.687 |      -18.8 |    -1663.2 |   7002 | u_anchor.miss_fifo0.mem_1r1w.synth.nz.mem\[7\]\[0\]$_DFFE_PP_/DE
     307* |       0 |      30 |        0 |      0 |     0 |    +0.0% |   -0.687 |      -18.8 |    -1663.2 |   7002 | u_anchor.miss_fifo0.mem_1r1w.synth.nz.mem\[7\]\[0\]$_DFFE_PP_/DE
     308* |       0 |      30 |        0 |      0 |     0 |    +0.0% |   -0.687 |      -18.8 |    -1663.2 |   7002 | u_anchor.miss_fifo0.mem_1r1w.synth.nz.mem\[7\]\[0\]$_DFFE_PP_/DE
     309* |       0 |      30 |        0 |      0 |     0 |    +0.0% |   -0.687 |      -18.8 |    -1663.2 |   7002 | u_anchor.miss_fifo0.mem_1r1w.synth.nz.mem\[7\]\[0\]$_DFFE_PP_/DE
     310* |       0 |      30 |        0 |      0 |     0 |    +0.0% |   -0.687 |      -18.8 |    -1663.2 |   7002 | u_anchor.miss_fifo0.mem_1r1w.synth.nz.mem\[7\]\[0\]$_DFFE_PP_/DE
     310* |       0 |      30 |        0 |      0 |     0 |    +0.0% |   -0.687 |      -18.8 |    -1663.2 |   7002 | u_anchor.miss_fifo0.mem_1r1w.synth.nz.mem\[7\]\[0\]$_DFFE_PP_/DE
     311* |       0 |      30 |        0 |      0 |     0 |    +0.0% |   -0.687 |      -18.8 |    -1663.2 |   7002 | u_anchor.miss_fifo0.mem_1r1w.synth.nz.mem\[7\]\[0\]$_DFFE_PP_/DE
     312* |       0 |      30 |        0 |      0 |     0 |    +0.0% |   -0.687 |      -18.8 |    -1663.2 |   7002 | u_anchor.miss_fifo0.mem_1r1w.synth.nz.mem\[7\]\[0\]$_DFFE_PP_/DE
     313* |       0 |      30 |        0 |      0 |     0 |    +0.0% |   -0.687 |      -18.8 |    -1663.2 |   7002 | u_anchor.miss_fifo0.mem_1r1w.synth.nz.mem\[7\]\[0\]$_DFFE_PP_/DE
     314* |       0 |      30 |        0 |      0 |     0 |    +0.0% |   -0.687 |      -18.8 |    -1663.2 |   7002 | u_anchor.miss_fifo0.mem_1r1w.synth.nz.mem\[7\]\[0\]$_DFFE_PP_/DE
     315* |       0 |      30 |        0 |      0 |     0 |    +0.0% |   -0.687 |      -18.8 |    -1663.2 |   7002 | u_anchor.miss_fifo0.mem_1r1w.synth.nz.mem\[7\]\[0\]$_DFFE_PP_/DE
     316* |       0 |      30 |        0 |      0 |     0 |    +0.0% |   -0.687 |      -18.8 |    -1663.2 |   7002 | u_anchor.miss_fifo0.mem_1r1w.synth.nz.mem\[7\]\[0\]$_DFFE_PP_/DE
     317* |       0 |      30 |        0 |      0 |     0 |    +0.0% |   -0.687 |      -18.8 |    -1663.2 |   7002 | u_anchor.miss_fifo0.mem_1r1w.synth.nz.mem\[7\]\[0\]$_DFFE_PP_/DE
     318* |       0 |      30 |        0 |      0 |     0 |    +0.0% |   -0.687 |      -18.8 |    -1663.2 |   7002 | u_anchor.miss_fifo0.mem_1r1w.synth.nz.mem\[7\]\[0\]$_DFFE_PP_/DE
     319* |       0 |      30 |        0 |      0 |     0 |    +0.0% |   -0.687 |      -18.8 |    -1663.2 |   7002 | u_anchor.miss_fifo0.mem_1r1w.synth.nz.mem\[7\]\[0\]$_DFFE_PP_/DE
     320* |       0 |      30 |        0 |      0 |     0 |    +0.0% |   -0.687 |      -18.8 |    -1663.2 |   7002 | u_anchor.miss_fifo0.mem_1r1w.synth.nz.mem\[7\]\[0\]$_DFFE_PP_/DE
     320* |       0 |      30 |        0 |      0 |     0 |    +0.0% |   -0.687 |      -18.8 |    -1663.2 |   7002 | u_anchor.miss_fifo0.mem_1r1w.synth.nz.mem\[7\]\[0\]$_DFFE_PP_/DE
     321* |       0 |      30 |        0 |      0 |     0 |    +0.0% |   -0.687 |      -18.8 |    -1663.2 |   7002 | u_anchor.miss_fifo0.mem_1r1w.synth.nz.mem\[7\]\[0\]$_DFFE_PP_/DE
     322* |       0 |      30 |        0 |      0 |     0 |    +0.0% |   -0.687 |      -18.8 |    -1663.2 |   7002 | u_anchor.miss_fifo0.mem_1r1w.synth.nz.mem\[7\]\[0\]$_DFFE_PP_/DE
     323* |       0 |      30 |        0 |      0 |     0 |    +0.0% |   -0.687 |      -18.8 |    -1663.2 |   7002 | u_anchor.miss_fifo0.mem_1r1w.synth.nz.mem\[7\]\[0\]$_DFFE_PP_/DE
     324* |       0 |      30 |        0 |      0 |     0 |    +0.0% |   -0.687 |      -18.8 |    -1663.2 |   7002 | u_anchor.miss_fifo0.mem_1r1w.synth.nz.mem\[7\]\[0\]$_DFFE_PP_/DE
     325* |       0 |      30 |        0 |      0 |     0 |    +0.0% |   -0.687 |      -18.8 |    -1663.2 |   7002 | u_anchor.miss_fifo0.mem_1r1w.synth.nz.mem\[7\]\[0\]$_DFFE_PP_/DE
     326* |       0 |      30 |        0 |      0 |     0 |    +0.0% |   -0.687 |      -18.8 |    -1663.2 |   7002 | u_anchor.miss_fifo0.mem_1r1w.synth.nz.mem\[7\]\[0\]$_DFFE_PP_/DE
     327* |       0 |      30 |        0 |      0 |     0 |    +0.0% |   -0.687 |      -18.8 |    -1663.2 |   7002 | u_anchor.miss_fifo0.mem_1r1w.synth.nz.mem\[7\]\[0\]$_DFFE_PP_/DE
     328* |       0 |      30 |        0 |      0 |     0 |    +0.0% |   -0.687 |      -18.8 |    -1663.2 |   7002 | u_anchor.miss_fifo0.mem_1r1w.synth.nz.mem\[7\]\[0\]$_DFFE_PP_/DE
     329* |       0 |      30 |        0 |      0 |     0 |    +0.0% |   -0.687 |      -18.8 |    -1663.2 |   7002 | u_anchor.miss_fifo0.mem_1r1w.synth.nz.mem\[7\]\[0\]$_DFFE_PP_/DE
     330* |       0 |      30 |        0 |      0 |     0 |    +0.0% |   -0.687 |      -18.8 |    -1663.2 |   7002 | u_anchor.miss_fifo0.mem_1r1w.synth.nz.mem\[7\]\[0\]$_DFFE_PP_/DE
     330* |       0 |      30 |        0 |      0 |     0 |    +0.0% |   -0.687 |      -18.8 |    -1663.2 |   7002 | u_anchor.miss_fifo0.mem_1r1w.synth.nz.mem\[7\]\[0\]$_DFFE_PP_/DE
     331* |       0 |      30 |        0 |      0 |     0 |    +0.0% |   -0.687 |      -18.8 |    -1663.2 |   7002 | u_anchor.miss_fifo0.mem_1r1w.synth.nz.mem\[7\]\[0\]$_DFFE_PP_/DE
     332* |       0 |      30 |        0 |      0 |     0 |    +0.0% |   -0.687 |      -18.8 |    -1663.2 |   7002 | u_anchor.miss_fifo0.mem_1r1w.synth.nz.mem\[7\]\[0\]$_DFFE_PP_/DE
     333* |       0 |      30 |        0 |      0 |     0 |    +0.0% |   -0.687 |      -18.8 |    -1663.2 |   7002 | u_anchor.miss_fifo0.mem_1r1w.synth.nz.mem\[7\]\[0\]$_DFFE_PP_/DE
     334* |       0 |      30 |        0 |      0 |     0 |    +0.0% |   -0.687 |      -18.8 |    -1663.2 |   7002 | u_anchor.miss_fifo0.mem_1r1w.synth.nz.mem\[7\]\[0\]$_DFFE_PP_/DE
     335* |       0 |      30 |        0 |      0 |     0 |    +0.0% |   -0.687 |      -18.8 |    -1663.2 |   7002 | u_anchor.miss_fifo0.mem_1r1w.synth.nz.mem\[7\]\[0\]$_DFFE_PP_/DE
     336* |       0 |      30 |        0 |      0 |     0 |    +0.0% |   -0.687 |      -18.8 |    -1663.2 |   7002 | u_anchor.miss_fifo0.mem_1r1w.synth.nz.mem\[7\]\[0\]$_DFFE_PP_/DE
     337* |       0 |      30 |        0 |      0 |     0 |    +0.0% |   -0.687 |      -18.8 |    -1663.2 |   7002 | u_anchor.miss_fifo0.mem_1r1w.synth.nz.mem\[7\]\[0\]$_DFFE_PP_/DE
     338* |       0 |      30 |        0 |      0 |     0 |    +0.0% |   -0.687 |      -18.8 |    -1663.2 |   7002 | u_anchor.miss_fifo0.mem_1r1w.synth.nz.mem\[7\]\[0\]$_DFFE_PP_/DE
     339* |       0 |      30 |        0 |      0 |     0 |    +0.0% |   -0.687 |      -18.8 |    -1663.2 |   7002 | u_anchor.miss_fifo0.mem_1r1w.synth.nz.mem\[7\]\[0\]$_DFFE_PP_/DE
     340* |       0 |      30 |        0 |      0 |     0 |    +0.0% |   -0.687 |      -18.8 |    -1663.2 |   7002 | u_anchor.miss_fifo0.mem_1r1w.synth.nz.mem\[7\]\[0\]$_DFFE_PP_/DE
     340* |       0 |      30 |        0 |      0 |     0 |    +0.0% |   -0.687 |      -18.8 |    -1663.2 |   7002 | u_anchor.miss_fifo0.mem_1r1w.synth.nz.mem\[7\]\[0\]$_DFFE_PP_/DE
     341* |       0 |      30 |        0 |      0 |     0 |    +0.0% |   -0.687 |      -18.8 |    -1663.2 |   7002 | u_anchor.miss_fifo0.mem_1r1w.synth.nz.mem\[7\]\[0\]$_DFFE_PP_/DE
     342* |       0 |      30 |        0 |      0 |     0 |    +0.0% |   -0.687 |      -18.8 |    -1663.2 |   7002 | u_anchor.miss_fifo0.mem_1r1w.synth.nz.mem\[7\]\[0\]$_DFFE_PP_/DE
     343* |       0 |      30 |        0 |      0 |     0 |    +0.0% |   -0.687 |      -18.8 |    -1663.2 |   7002 | u_anchor.miss_fifo0.mem_1r1w.synth.nz.mem\[7\]\[0\]$_DFFE_PP_/DE
     344* |       0 |      30 |        0 |      0 |     0 |    +0.0% |   -0.687 |      -18.8 |    -1663.2 |   7002 | u_anchor.miss_fifo0.mem_1r1w.synth.nz.mem\[7\]\[0\]$_DFFE_PP_/DE
     345* |       0 |      30 |        0 |      0 |     0 |    +0.0% |   -0.687 |      -18.8 |    -1663.2 |   7002 | u_anchor.miss_fifo0.mem_1r1w.synth.nz.mem\[7\]\[0\]$_DFFE_PP_/DE
     346* |       0 |      30 |        0 |      0 |     0 |    +0.0% |   -0.687 |      -18.8 |    -1663.2 |   7002 | u_anchor.miss_fifo0.mem_1r1w.synth.nz.mem\[7\]\[0\]$_DFFE_PP_/DE
     347* |       0 |      30 |        0 |      0 |     0 |    +0.0% |   -0.687 |      -18.8 |    -1663.2 |   7002 | u_anchor.miss_fifo0.mem_1r1w.synth.nz.mem\[7\]\[0\]$_DFFE_PP_/DE
     348* |       0 |      30 |        0 |      0 |     0 |    +0.0% |   -0.687 |      -18.8 |    -1663.2 |   7002 | u_anchor.miss_fifo0.mem_1r1w.synth.nz.mem\[7\]\[0\]$_DFFE_PP_/DE
     349* |       0 |      30 |        0 |      0 |     0 |    +0.0% |   -0.687 |      -18.8 |    -1663.2 |   7002 | u_anchor.miss_fifo0.mem_1r1w.synth.nz.mem\[7\]\[0\]$_DFFE_PP_/DE
     350* |       0 |      30 |        0 |      0 |     0 |    +0.0% |   -0.687 |      -18.8 |    -1663.2 |   7002 | u_anchor.miss_fifo0.mem_1r1w.synth.nz.mem\[7\]\[0\]$_DFFE_PP_/DE
     350* |       0 |      30 |        0 |      0 |     0 |    +0.0% |   -0.687 |      -18.8 |    -1663.2 |   7002 | u_anchor.miss_fifo0.mem_1r1w.synth.nz.mem\[7\]\[0\]$_DFFE_PP_/DE
     351* |       0 |      30 |        0 |      0 |     0 |    +0.0% |   -0.687 |      -18.8 |    -1663.2 |   7002 | u_anchor.miss_fifo0.mem_1r1w.synth.nz.mem\[7\]\[0\]$_DFFE_PP_/DE
     352* |       0 |      30 |        0 |      0 |     0 |    +0.0% |   -0.687 |      -18.8 |    -1663.2 |   7002 | u_anchor.miss_fifo0.mem_1r1w.synth.nz.mem\[7\]\[0\]$_DFFE_PP_/DE
     353* |       0 |      30 |        0 |      0 |     0 |    +0.0% |   -0.687 |      -18.8 |    -1663.2 |   7002 | u_anchor.miss_fifo0.mem_1r1w.synth.nz.mem\[7\]\[0\]$_DFFE_PP_/DE
     354* |       0 |      30 |        0 |      0 |     0 |    +0.0% |   -0.687 |      -18.8 |    -1663.2 |   7002 | u_anchor.miss_fifo0.mem_1r1w.synth.nz.mem\[7\]\[0\]$_DFFE_PP_/DE
     355* |       0 |      30 |        0 |      0 |     0 |    +0.0% |   -0.687 |      -18.8 |    -1663.2 |   7002 | u_anchor.miss_fifo0.mem_1r1w.synth.nz.mem\[7\]\[0\]$_DFFE_PP_/DE
     356* |       0 |      30 |        0 |      0 |     0 |    +0.0% |   -0.687 |      -18.8 |    -1663.2 |   7002 | u_anchor.miss_fifo0.mem_1r1w.synth.nz.mem\[7\]\[0\]$_DFFE_PP_/DE
     357* |       0 |      30 |        0 |      0 |     0 |    +0.0% |   -0.687 |      -18.8 |    -1663.2 |   7002 | u_anchor.miss_fifo0.mem_1r1w.synth.nz.mem\[7\]\[0\]$_DFFE_PP_/DE
     358* |       0 |      30 |        0 |      0 |     0 |    +0.0% |   -0.687 |      -18.8 |    -1663.2 |   7002 | u_anchor.miss_fifo0.mem_1r1w.synth.nz.mem\[7\]\[0\]$_DFFE_PP_/DE
     359* |       0 |      30 |        0 |      0 |     0 |    +0.0% |   -0.687 |      -18.8 |    -1663.2 |   7002 | u_anchor.miss_fifo0.mem_1r1w.synth.nz.mem\[7\]\[0\]$_DFFE_PP_/DE
     360* |       0 |      30 |        0 |      0 |     0 |    +0.0% |   -0.687 |      -18.8 |    -1663.2 |   7002 | u_anchor.miss_fifo0.mem_1r1w.synth.nz.mem\[7\]\[0\]$_DFFE_PP_/DE
     360* |       0 |      30 |        0 |      0 |     0 |    +0.0% |   -0.687 |      -18.8 |    -1663.2 |   7002 | u_anchor.miss_fifo0.mem_1r1w.synth.nz.mem\[7\]\[0\]$_DFFE_PP_/DE
     361* |       0 |      30 |        0 |      0 |     0 |    +0.0% |   -0.687 |      -18.8 |    -1663.2 |   7002 | u_anchor.miss_fifo0.mem_1r1w.synth.nz.mem\[7\]\[0\]$_DFFE_PP_/DE
     362* |       0 |      30 |        0 |      0 |     0 |    +0.0% |   -0.687 |      -18.8 |    -1663.2 |   7002 | u_anchor.miss_fifo0.mem_1r1w.synth.nz.mem\[7\]\[0\]$_DFFE_PP_/DE
     363* |       0 |      30 |        0 |      0 |     0 |    +0.0% |   -0.687 |      -18.8 |    -1663.2 |   7002 | u_anchor.miss_fifo0.mem_1r1w.synth.nz.mem\[7\]\[0\]$_DFFE_PP_/DE
     364* |       0 |      30 |        0 |      0 |     0 |    +0.0% |   -0.687 |      -18.8 |    -1663.2 |   7002 | u_anchor.miss_fifo0.mem_1r1w.synth.nz.mem\[7\]\[0\]$_DFFE_PP_/DE
     365* |       0 |      30 |        0 |      0 |     0 |    +0.0% |   -0.687 |      -18.8 |    -1663.2 |   7002 | u_anchor.miss_fifo0.mem_1r1w.synth.nz.mem\[7\]\[0\]$_DFFE_PP_/DE
     366* |       0 |      30 |        0 |      0 |     0 |    +0.0% |   -0.687 |      -18.8 |    -1663.2 |   7002 | u_anchor.miss_fifo0.mem_1r1w.synth.nz.mem\[7\]\[0\]$_DFFE_PP_/DE
     367* |       0 |      30 |        0 |      0 |     0 |    +0.0% |   -0.687 |      -18.8 |    -1663.2 |   7002 | u_anchor.miss_fifo0.mem_1r1w.synth.nz.mem\[7\]\[0\]$_DFFE_PP_/DE
     368* |       0 |      30 |        0 |      0 |     0 |    +0.0% |   -0.687 |      -18.8 |    -1663.2 |   7002 | u_anchor.miss_fifo0.mem_1r1w.synth.nz.mem\[7\]\[0\]$_DFFE_PP_/DE
     369* |       0 |      30 |        0 |      0 |     0 |    +0.0% |   -0.687 |      -18.8 |    -1663.2 |   7002 | u_anchor.miss_fifo0.mem_1r1w.synth.nz.mem\[7\]\[0\]$_DFFE_PP_/DE
     370* |       0 |      30 |        0 |      0 |     0 |    +0.0% |   -0.687 |      -18.8 |    -1663.2 |   7002 | u_anchor.miss_fifo0.mem_1r1w.synth.nz.mem\[7\]\[0\]$_DFFE_PP_/DE
     370* |       0 |      30 |        0 |      0 |     0 |    +0.0% |   -0.687 |      -18.8 |    -1663.2 |   7002 | u_anchor.miss_fifo0.mem_1r1w.synth.nz.mem\[7\]\[0\]$_DFFE_PP_/DE
     371* |       0 |      30 |        0 |      0 |     0 |    +0.0% |   -0.687 |      -18.8 |    -1663.2 |   7002 | u_anchor.miss_fifo0.mem_1r1w.synth.nz.mem\[7\]\[0\]$_DFFE_PP_/DE
     372* |       0 |      30 |        0 |      0 |     0 |    +0.0% |   -0.687 |      -18.8 |    -1663.2 |   7002 | u_anchor.miss_fifo0.mem_1r1w.synth.nz.mem\[7\]\[0\]$_DFFE_PP_/DE
     373* |       0 |      30 |        0 |      0 |     0 |    +0.0% |   -0.687 |      -18.8 |    -1663.2 |   7002 | u_anchor.miss_fifo0.mem_1r1w.synth.nz.mem\[7\]\[0\]$_DFFE_PP_/DE
     374* |       0 |      30 |        0 |      0 |     0 |    +0.0% |   -0.687 |      -18.8 |    -1663.2 |   7002 | u_anchor.miss_fifo0.mem_1r1w.synth.nz.mem\[7\]\[0\]$_DFFE_PP_/DE
     375* |       0 |      30 |        0 |      0 |     0 |    +0.0% |   -0.687 |      -18.8 |    -1663.2 |   7002 | u_anchor.miss_fifo0.mem_1r1w.synth.nz.mem\[7\]\[0\]$_DFFE_PP_/DE
     376* |       0 |      30 |        0 |      0 |     0 |    +0.0% |   -0.687 |      -18.8 |    -1663.2 |   7002 | u_anchor.miss_fifo0.mem_1r1w.synth.nz.mem\[7\]\[0\]$_DFFE_PP_/DE
     377* |       0 |      30 |        0 |      0 |     0 |    +0.0% |   -0.687 |      -18.8 |    -1663.2 |   7002 | u_anchor.miss_fifo0.mem_1r1w.synth.nz.mem\[7\]\[0\]$_DFFE_PP_/DE
     378* |       0 |      30 |        0 |      0 |     0 |    +0.0% |   -0.687 |      -18.8 |    -1663.2 |   7002 | u_anchor.miss_fifo0.mem_1r1w.synth.nz.mem\[7\]\[0\]$_DFFE_PP_/DE
     379* |       0 |      30 |        0 |      0 |     0 |    +0.0% |   -0.687 |      -18.8 |    -1663.2 |   7002 | u_anchor.miss_fifo0.mem_1r1w.synth.nz.mem\[7\]\[0\]$_DFFE_PP_/DE
     380* |       0 |      30 |        0 |      0 |     0 |    +0.0% |   -0.687 |      -18.8 |    -1663.2 |   7002 | u_anchor.miss_fifo0.mem_1r1w.synth.nz.mem\[7\]\[0\]$_DFFE_PP_/DE
     380* |       0 |      30 |        0 |      0 |     0 |    +0.0% |   -0.687 |      -18.8 |    -1663.2 |   7002 | u_anchor.miss_fifo0.mem_1r1w.synth.nz.mem\[7\]\[0\]$_DFFE_PP_/DE
     381* |       0 |      30 |        0 |      0 |     0 |    +0.0% |   -0.687 |      -18.8 |    -1663.2 |   7002 | u_anchor.miss_fifo0.mem_1r1w.synth.nz.mem\[7\]\[0\]$_DFFE_PP_/DE
     382* |       0 |      30 |        0 |      0 |     0 |    +0.0% |   -0.687 |      -18.8 |    -1663.2 |   7002 | u_anchor.miss_fifo0.mem_1r1w.synth.nz.mem\[7\]\[0\]$_DFFE_PP_/DE
     383* |       0 |      30 |        0 |      0 |     0 |    +0.0% |   -0.687 |      -18.8 |    -1663.2 |   7002 | u_anchor.miss_fifo0.mem_1r1w.synth.nz.mem\[7\]\[0\]$_DFFE_PP_/DE
     384* |       0 |      30 |        0 |      0 |     0 |    +0.0% |   -0.687 |      -18.8 |    -1663.2 |   7002 | u_anchor.miss_fifo0.mem_1r1w.synth.nz.mem\[7\]\[0\]$_DFFE_PP_/DE
     385* |       0 |      30 |        0 |      0 |     0 |    +0.0% |   -0.687 |      -18.8 |    -1663.2 |   7002 | u_anchor.miss_fifo0.mem_1r1w.synth.nz.mem\[7\]\[0\]$_DFFE_PP_/DE
     386* |       0 |      30 |        0 |      0 |     0 |    +0.0% |   -0.687 |      -18.8 |    -1663.2 |   7002 | u_anchor.miss_fifo0.mem_1r1w.synth.nz.mem\[7\]\[0\]$_DFFE_PP_/DE
     387* |       0 |      30 |        0 |      0 |     0 |    +0.0% |   -0.687 |      -18.8 |    -1663.2 |   7002 | u_anchor.miss_fifo0.mem_1r1w.synth.nz.mem\[7\]\[0\]$_DFFE_PP_/DE
     388* |       0 |      30 |        0 |      0 |     0 |    +0.0% |   -0.687 |      -18.8 |    -1663.2 |   7002 | u_anchor.miss_fifo0.mem_1r1w.synth.nz.mem\[7\]\[0\]$_DFFE_PP_/DE
     389* |       0 |      30 |        0 |      0 |     0 |    +0.0% |   -0.687 |      -18.8 |    -1663.2 |   7002 | u_anchor.miss_fifo0.mem_1r1w.synth.nz.mem\[7\]\[0\]$_DFFE_PP_/DE
     390* |       0 |      30 |        0 |      0 |     0 |    +0.0% |   -0.687 |      -18.8 |    -1663.2 |   7002 | u_anchor.miss_fifo0.mem_1r1w.synth.nz.mem\[7\]\[0\]$_DFFE_PP_/DE
     390* |       0 |      30 |        0 |      0 |     0 |    +0.0% |   -0.687 |      -18.8 |    -1663.2 |   7002 | u_anchor.miss_fifo0.mem_1r1w.synth.nz.mem\[7\]\[0\]$_DFFE_PP_/DE
     391* |       0 |      30 |        0 |      0 |     0 |    +0.0% |   -0.687 |      -18.8 |    -1663.2 |   7002 | u_anchor.miss_fifo0.mem_1r1w.synth.nz.mem\[7\]\[0\]$_DFFE_PP_/DE
     392* |       0 |      30 |        0 |      0 |     0 |    +0.0% |   -0.687 |      -18.8 |    -1663.2 |   7002 | u_anchor.miss_fifo0.mem_1r1w.synth.nz.mem\[7\]\[0\]$_DFFE_PP_/DE
     393* |       0 |      30 |        0 |      0 |     0 |    +0.0% |   -0.687 |      -18.8 |    -1663.2 |   7002 | u_anchor.miss_fifo0.mem_1r1w.synth.nz.mem\[7\]\[0\]$_DFFE_PP_/DE
     394* |       0 |      30 |        0 |      0 |     0 |    +0.0% |   -0.687 |      -18.8 |    -1663.2 |   7002 | u_anchor.miss_fifo0.mem_1r1w.synth.nz.mem\[7\]\[0\]$_DFFE_PP_/DE
     395* |       0 |      30 |        0 |      0 |     0 |    +0.0% |   -0.687 |      -18.8 |    -1663.2 |   7002 | u_anchor.miss_fifo0.mem_1r1w.synth.nz.mem\[7\]\[0\]$_DFFE_PP_/DE
     396* |       0 |      30 |        0 |      0 |     0 |    +0.0% |   -0.687 |      -18.8 |    -1663.2 |   7002 | u_anchor.miss_fifo0.mem_1r1w.synth.nz.mem\[7\]\[0\]$_DFFE_PP_/DE
     397* |       0 |      30 |        0 |      0 |     0 |    +0.0% |   -0.687 |      -18.8 |    -1663.2 |   7002 | u_anchor.miss_fifo0.mem_1r1w.synth.nz.mem\[7\]\[0\]$_DFFE_PP_/DE
     398* |       0 |      30 |        0 |      0 |     0 |    +0.0% |   -0.687 |      -18.8 |    -1663.2 |   7002 | u_anchor.miss_fifo0.mem_1r1w.synth.nz.mem\[7\]\[0\]$_DFFE_PP_/DE
     399* |       0 |      30 |        0 |      0 |     0 |    +0.0% |   -0.687 |      -18.8 |    -1663.2 |   7002 | u_anchor.miss_fifo0.mem_1r1w.synth.nz.mem\[7\]\[0\]$_DFFE_PP_/DE
     400* |       0 |      30 |        0 |      0 |     0 |    +0.0% |   -0.687 |      -18.8 |    -1663.2 |   7002 | u_anchor.miss_fifo0.mem_1r1w.synth.nz.mem\[7\]\[0\]$_DFFE_PP_/DE
     400* |       0 |      30 |        0 |      0 |     0 |    +0.0% |   -0.687 |      -18.8 |    -1663.2 |   7002 | u_anchor.miss_fifo0.mem_1r1w.synth.nz.mem\[7\]\[0\]$_DFFE_PP_/DE
     401* |       0 |      30 |        0 |      0 |     0 |    +0.0% |   -0.687 |      -18.8 |    -1663.2 |   7002 | u_anchor.miss_fifo0.mem_1r1w.synth.nz.mem\[7\]\[0\]$_DFFE_PP_/DE
     402* |       0 |      30 |        0 |      0 |     0 |    +0.0% |   -0.687 |      -18.8 |    -1663.2 |   7002 | u_anchor.miss_fifo0.mem_1r1w.synth.nz.mem\[7\]\[0\]$_DFFE_PP_/DE
     403* |       0 |      30 |        0 |      0 |     0 |    +0.0% |   -0.687 |      -18.8 |    -1663.2 |   7002 | u_anchor.miss_fifo0.mem_1r1w.synth.nz.mem\[7\]\[0\]$_DFFE_PP_/DE
     404* |       0 |      30 |        0 |      0 |     0 |    +0.0% |   -0.687 |      -18.8 |    -1663.2 |   7002 | u_anchor.miss_fifo0.mem_1r1w.synth.nz.mem\[7\]\[0\]$_DFFE_PP_/DE
     405* |       0 |      30 |        0 |      0 |     0 |    +0.0% |   -0.687 |      -18.8 |    -1663.2 |   7002 | u_anchor.miss_fifo0.mem_1r1w.synth.nz.mem\[7\]\[0\]$_DFFE_PP_/DE
     406* |       0 |      30 |        0 |      0 |     0 |    +0.0% |   -0.687 |      -18.8 |    -1663.2 |   7002 | u_anchor.miss_fifo0.mem_1r1w.synth.nz.mem\[7\]\[0\]$_DFFE_PP_/DE
     407* |       0 |      30 |        0 |      0 |     0 |    +0.0% |   -0.687 |      -18.8 |    -1663.2 |   7002 | u_anchor.miss_fifo0.mem_1r1w.synth.nz.mem\[7\]\[0\]$_DFFE_PP_/DE
     408* |       0 |      30 |        0 |      0 |     0 |    +0.0% |   -0.687 |      -18.8 |    -1663.2 |   7002 | u_anchor.miss_fifo0.mem_1r1w.synth.nz.mem\[7\]\[0\]$_DFFE_PP_/DE
     409* |       0 |      30 |        0 |      0 |     0 |    +0.0% |   -0.687 |      -18.8 |    -1663.2 |   7002 | u_anchor.miss_fifo0.mem_1r1w.synth.nz.mem\[7\]\[0\]$_DFFE_PP_/DE
     410* |       0 |      30 |        0 |      0 |     0 |    +0.0% |   -0.687 |      -18.8 |    -1663.2 |   7002 | u_anchor.miss_fifo0.mem_1r1w.synth.nz.mem\[7\]\[0\]$_DFFE_PP_/DE
     410* |       0 |      30 |        0 |      0 |     0 |    +0.0% |   -0.687 |      -18.8 |    -1663.2 |   7002 | u_anchor.miss_fifo0.mem_1r1w.synth.nz.mem\[7\]\[0\]$_DFFE_PP_/DE
     411* |       0 |      30 |        0 |      0 |     0 |    +0.0% |   -0.687 |      -18.8 |    -1663.2 |   7002 | u_anchor.miss_fifo0.mem_1r1w.synth.nz.mem\[7\]\[0\]$_DFFE_PP_/DE
     412* |       0 |      30 |        0 |      0 |     0 |    +0.0% |   -0.687 |      -18.8 |    -1663.2 |   7002 | u_anchor.miss_fifo0.mem_1r1w.synth.nz.mem\[7\]\[0\]$_DFFE_PP_/DE
     413* |       0 |      30 |        0 |      0 |     0 |    +0.0% |   -0.687 |      -18.8 |    -1663.2 |   7002 | u_anchor.miss_fifo0.mem_1r1w.synth.nz.mem\[7\]\[0\]$_DFFE_PP_/DE
     414* |       0 |      30 |        0 |      0 |     0 |    +0.0% |   -0.687 |      -18.8 |    -1663.2 |   7002 | u_anchor.miss_fifo0.mem_1r1w.synth.nz.mem\[7\]\[0\]$_DFFE_PP_/DE
     415* |       0 |      30 |        0 |      0 |     0 |    +0.0% |   -0.687 |      -18.8 |    -1663.2 |   7002 | u_anchor.miss_fifo0.mem_1r1w.synth.nz.mem\[7\]\[0\]$_DFFE_PP_/DE
     416* |       0 |      30 |        0 |      0 |     0 |    +0.0% |   -0.687 |      -18.8 |    -1663.2 |   7002 | u_anchor.miss_fifo0.mem_1r1w.synth.nz.mem\[7\]\[0\]$_DFFE_PP_/DE
     417* |       0 |      30 |        0 |      0 |     0 |    +0.0% |   -0.687 |      -18.8 |    -1663.2 |   7002 | u_anchor.miss_fifo0.mem_1r1w.synth.nz.mem\[7\]\[0\]$_DFFE_PP_/DE
     418* |       0 |      30 |        0 |      0 |     0 |    +0.0% |   -0.687 |      -18.8 |    -1663.2 |   7002 | u_anchor.miss_fifo0.mem_1r1w.synth.nz.mem\[7\]\[0\]$_DFFE_PP_/DE
     419* |       0 |      30 |        0 |      0 |     0 |    +0.0% |   -0.687 |      -18.8 |    -1663.2 |   7002 | u_anchor.miss_fifo0.mem_1r1w.synth.nz.mem\[7\]\[0\]$_DFFE_PP_/DE
     420* |       0 |      30 |        0 |      0 |     0 |    +0.0% |   -0.687 |      -18.8 |    -1663.2 |   7002 | u_anchor.miss_fifo0.mem_1r1w.synth.nz.mem\[7\]\[0\]$_DFFE_PP_/DE
     420* |       0 |      30 |        0 |      0 |     0 |    +0.0% |   -0.687 |      -18.8 |    -1663.2 |   7002 | u_anchor.miss_fifo0.mem_1r1w.synth.nz.mem\[7\]\[0\]$_DFFE_PP_/DE
     421* |       0 |      30 |        0 |      0 |     0 |    +0.0% |   -0.687 |      -18.8 |    -1663.2 |   7002 | u_anchor.miss_fifo0.mem_1r1w.synth.nz.mem\[7\]\[0\]$_DFFE_PP_/DE
     422* |       0 |      30 |        0 |      0 |     0 |    +0.0% |   -0.687 |      -18.8 |    -1663.2 |   7002 | u_anchor.miss_fifo0.mem_1r1w.synth.nz.mem\[7\]\[0\]$_DFFE_PP_/DE
     423* |       0 |      30 |        0 |      0 |     0 |    +0.0% |   -0.687 |      -18.8 |    -1663.2 |   7002 | u_anchor.miss_fifo0.mem_1r1w.synth.nz.mem\[7\]\[0\]$_DFFE_PP_/DE
     424* |       0 |      30 |        0 |      0 |     0 |    +0.0% |   -0.687 |      -18.8 |    -1663.2 |   7002 | u_anchor.miss_fifo0.mem_1r1w.synth.nz.mem\[7\]\[0\]$_DFFE_PP_/DE
     425* |       0 |      30 |        0 |      0 |     0 |    +0.0% |   -0.687 |      -18.8 |    -1663.2 |   7002 | u_anchor.miss_fifo0.mem_1r1w.synth.nz.mem\[7\]\[0\]$_DFFE_PP_/DE
     426* |       0 |      30 |        0 |      0 |     0 |    +0.0% |   -0.687 |      -18.8 |    -1663.2 |   7002 | u_anchor.miss_fifo0.mem_1r1w.synth.nz.mem\[7\]\[0\]$_DFFE_PP_/DE
     427* |       0 |      30 |        0 |      0 |     0 |    +0.0% |   -0.687 |      -18.8 |    -1663.2 |   7002 | u_anchor.miss_fifo0.mem_1r1w.synth.nz.mem\[7\]\[0\]$_DFFE_PP_/DE
     428* |       0 |      30 |        0 |      0 |     0 |    +0.0% |   -0.687 |      -18.8 |    -1663.2 |   7002 | u_anchor.miss_fifo0.mem_1r1w.synth.nz.mem\[7\]\[0\]$_DFFE_PP_/DE
     429* |       0 |      30 |        0 |      0 |     0 |    +0.0% |   -0.687 |      -18.8 |    -1663.2 |   7002 | u_anchor.miss_fifo0.mem_1r1w.synth.nz.mem\[7\]\[0\]$_DFFE_PP_/DE
     430* |       0 |      30 |        0 |      0 |     0 |    +0.0% |   -0.687 |      -18.8 |    -1663.2 |   7002 | u_anchor.miss_fifo0.mem_1r1w.synth.nz.mem\[7\]\[0\]$_DFFE_PP_/DE
     430* |       0 |      30 |        0 |      0 |     0 |    +0.0% |   -0.687 |      -18.8 |    -1663.2 |   7002 | u_anchor.miss_fifo0.mem_1r1w.synth.nz.mem\[7\]\[0\]$_DFFE_PP_/DE
     431* |       0 |      30 |        0 |      0 |     0 |    +0.0% |   -0.687 |      -18.8 |    -1663.2 |   7002 | u_anchor.miss_fifo0.mem_1r1w.synth.nz.mem\[7\]\[0\]$_DFFE_PP_/DE
     432* |       0 |      30 |        0 |      0 |     0 |    +0.0% |   -0.687 |      -18.8 |    -1663.2 |   7002 | u_anchor.miss_fifo0.mem_1r1w.synth.nz.mem\[7\]\[0\]$_DFFE_PP_/DE
     433* |       0 |      30 |        0 |      0 |     0 |    +0.0% |   -0.687 |      -18.8 |    -1663.2 |   7002 | u_anchor.miss_fifo0.mem_1r1w.synth.nz.mem\[7\]\[0\]$_DFFE_PP_/DE
     434* |       0 |      30 |        0 |      0 |     0 |    +0.0% |   -0.687 |      -18.8 |    -1663.2 |   7002 | u_anchor.miss_fifo0.mem_1r1w.synth.nz.mem\[7\]\[0\]$_DFFE_PP_/DE
     435* |       0 |      30 |        0 |      0 |     0 |    +0.0% |   -0.687 |      -18.8 |    -1663.2 |   7002 | u_anchor.miss_fifo0.mem_1r1w.synth.nz.mem\[7\]\[0\]$_DFFE_PP_/DE
     436* |       0 |      30 |        0 |      0 |     0 |    +0.0% |   -0.687 |      -18.8 |    -1663.2 |   7002 | u_anchor.miss_fifo0.mem_1r1w.synth.nz.mem\[7\]\[0\]$_DFFE_PP_/DE
     437* |       0 |      30 |        0 |      0 |     0 |    +0.0% |   -0.687 |      -18.8 |    -1663.2 |   7002 | u_anchor.miss_fifo0.mem_1r1w.synth.nz.mem\[7\]\[0\]$_DFFE_PP_/DE
     438* |       0 |      30 |        0 |      0 |     0 |    +0.0% |   -0.687 |      -18.8 |    -1663.2 |   7002 | u_anchor.miss_fifo0.mem_1r1w.synth.nz.mem\[7\]\[0\]$_DFFE_PP_/DE
     439* |       0 |      30 |        0 |      0 |     0 |    +0.0% |   -0.687 |      -18.8 |    -1663.2 |   7002 | u_anchor.miss_fifo0.mem_1r1w.synth.nz.mem\[7\]\[0\]$_DFFE_PP_/DE
     440* |       0 |      30 |        0 |      0 |     0 |    +0.0% |   -0.687 |      -18.8 |    -1663.2 |   7002 | u_anchor.miss_fifo0.mem_1r1w.synth.nz.mem\[7\]\[0\]$_DFFE_PP_/DE
     440* |       0 |      30 |        0 |      0 |     0 |    +0.0% |   -0.687 |      -18.8 |    -1663.2 |   7002 | u_anchor.miss_fifo0.mem_1r1w.synth.nz.mem\[7\]\[0\]$_DFFE_PP_/DE
     441* |       0 |      30 |        0 |      0 |     0 |    +0.0% |   -0.687 |      -18.8 |    -1663.2 |   7002 | u_anchor.miss_fifo0.mem_1r1w.synth.nz.mem\[7\]\[0\]$_DFFE_PP_/DE
     442* |       0 |      30 |        0 |      0 |     0 |    +0.0% |   -0.687 |      -18.8 |    -1663.2 |   7002 | u_anchor.miss_fifo0.mem_1r1w.synth.nz.mem\[7\]\[0\]$_DFFE_PP_/DE
     443* |       0 |      30 |        0 |      0 |     0 |    +0.0% |   -0.687 |      -18.8 |    -1663.2 |   7002 | u_anchor.miss_fifo0.mem_1r1w.synth.nz.mem\[7\]\[0\]$_DFFE_PP_/DE
     444* |       0 |      30 |        0 |      0 |     0 |    +0.0% |   -0.687 |      -18.8 |    -1663.2 |   7002 | u_anchor.miss_fifo0.mem_1r1w.synth.nz.mem\[7\]\[0\]$_DFFE_PP_/DE
     445* |       0 |      30 |        0 |      0 |     0 |    +0.0% |   -0.687 |      -18.8 |    -1663.2 |   7002 | u_anchor.miss_fifo0.mem_1r1w.synth.nz.mem\[7\]\[0\]$_DFFE_PP_/DE
     446* |       0 |      30 |        0 |      0 |     0 |    +0.0% |   -0.687 |      -18.8 |    -1663.2 |   7002 | u_anchor.miss_fifo0.mem_1r1w.synth.nz.mem\[7\]\[0\]$_DFFE_PP_/DE
     447* |       0 |      30 |        0 |      0 |     0 |    +0.0% |   -0.687 |      -18.8 |    -1663.2 |   7002 | u_anchor.miss_fifo0.mem_1r1w.synth.nz.mem\[7\]\[0\]$_DFFE_PP_/DE
     448* |       0 |      30 |        0 |      0 |     0 |    +0.0% |   -0.687 |      -18.8 |    -1663.2 |   7002 | u_anchor.miss_fifo0.mem_1r1w.synth.nz.mem\[7\]\[0\]$_DFFE_PP_/DE
     449* |       0 |      30 |        0 |      0 |     0 |    +0.0% |   -0.687 |      -18.8 |    -1663.2 |   7002 | u_anchor.miss_fifo0.mem_1r1w.synth.nz.mem\[7\]\[0\]$_DFFE_PP_/DE
     450* |       0 |      30 |        0 |      0 |     0 |    +0.0% |   -0.687 |      -18.8 |    -1663.2 |   7002 | u_anchor.miss_fifo0.mem_1r1w.synth.nz.mem\[7\]\[0\]$_DFFE_PP_/DE
     450* |       0 |      30 |        0 |      0 |     0 |    +0.0% |   -0.687 |      -18.8 |    -1663.2 |   7002 | u_anchor.miss_fifo0.mem_1r1w.synth.nz.mem\[7\]\[0\]$_DFFE_PP_/DE
     451* |       0 |      30 |        0 |      0 |     0 |    +0.0% |   -0.687 |      -18.8 |    -1663.2 |   7002 | u_anchor.miss_fifo0.mem_1r1w.synth.nz.mem\[7\]\[0\]$_DFFE_PP_/DE
     452* |       0 |      30 |        0 |      0 |     0 |    +0.0% |   -0.687 |      -18.8 |    -1663.2 |   7002 | u_anchor.miss_fifo0.mem_1r1w.synth.nz.mem\[7\]\[0\]$_DFFE_PP_/DE
     453* |       0 |      30 |        0 |      0 |     0 |    +0.0% |   -0.687 |      -18.8 |    -1663.2 |   7002 | u_anchor.miss_fifo0.mem_1r1w.synth.nz.mem\[7\]\[0\]$_DFFE_PP_/DE
     454* |       0 |      30 |        0 |      0 |     0 |    +0.0% |   -0.687 |      -18.8 |    -1663.2 |   7002 | u_anchor.miss_fifo0.mem_1r1w.synth.nz.mem\[7\]\[0\]$_DFFE_PP_/DE
     455* |       0 |      30 |        0 |      0 |     0 |    +0.0% |   -0.687 |      -18.8 |    -1663.2 |   7002 | u_anchor.miss_fifo0.mem_1r1w.synth.nz.mem\[7\]\[0\]$_DFFE_PP_/DE
     456* |       0 |      30 |        0 |      0 |     0 |    +0.0% |   -0.687 |      -18.8 |    -1663.2 |   7002 | u_anchor.miss_fifo0.mem_1r1w.synth.nz.mem\[7\]\[0\]$_DFFE_PP_/DE
     457* |       0 |      30 |        0 |      0 |     0 |    +0.0% |   -0.687 |      -18.8 |    -1663.2 |   7002 | u_anchor.miss_fifo0.mem_1r1w.synth.nz.mem\[7\]\[0\]$_DFFE_PP_/DE
     458* |       0 |      30 |        0 |      0 |     0 |    +0.0% |   -0.687 |      -18.8 |    -1663.2 |   7002 | u_anchor.miss_fifo0.mem_1r1w.synth.nz.mem\[7\]\[0\]$_DFFE_PP_/DE
     459* |       0 |      30 |        0 |      0 |     0 |    +0.0% |   -0.687 |      -18.8 |    -1663.2 |   7002 | u_anchor.miss_fifo0.mem_1r1w.synth.nz.mem\[7\]\[0\]$_DFFE_PP_/DE
     460* |       0 |      30 |        0 |      0 |     0 |    +0.0% |   -0.687 |      -18.8 |    -1663.2 |   7002 | u_anchor.miss_fifo0.mem_1r1w.synth.nz.mem\[7\]\[0\]$_DFFE_PP_/DE
     460* |       0 |      30 |        0 |      0 |     0 |    +0.0% |   -0.687 |      -18.8 |    -1663.2 |   7002 | u_anchor.miss_fifo0.mem_1r1w.synth.nz.mem\[7\]\[0\]$_DFFE_PP_/DE
     461* |       0 |      30 |        0 |      0 |     0 |    +0.0% |   -0.687 |      -18.8 |    -1663.2 |   7002 | u_anchor.miss_fifo0.mem_1r1w.synth.nz.mem\[7\]\[0\]$_DFFE_PP_/DE
     462* |       0 |      30 |        0 |      0 |     0 |    +0.0% |   -0.687 |      -18.8 |    -1663.2 |   7002 | u_anchor.miss_fifo0.mem_1r1w.synth.nz.mem\[7\]\[0\]$_DFFE_PP_/DE
     463* |       0 |      30 |        0 |      0 |     0 |    +0.0% |   -0.687 |      -18.8 |    -1663.2 |   7002 | u_anchor.miss_fifo0.mem_1r1w.synth.nz.mem\[7\]\[0\]$_DFFE_PP_/DE
     464* |       0 |      30 |        0 |      0 |     0 |    +0.0% |   -0.687 |      -18.8 |    -1663.2 |   7002 | u_anchor.miss_fifo0.mem_1r1w.synth.nz.mem\[7\]\[0\]$_DFFE_PP_/DE
     465* |       0 |      30 |        0 |      0 |     0 |    +0.0% |   -0.687 |      -18.8 |    -1663.2 |   7002 | u_anchor.miss_fifo0.mem_1r1w.synth.nz.mem\[7\]\[0\]$_DFFE_PP_/DE
     466* |       0 |      30 |        0 |      0 |     0 |    +0.0% |   -0.687 |      -18.8 |    -1663.2 |   7002 | u_anchor.miss_fifo0.mem_1r1w.synth.nz.mem\[7\]\[0\]$_DFFE_PP_/DE
     467* |       0 |      30 |        0 |      0 |     0 |    +0.0% |   -0.687 |      -18.8 |    -1663.2 |   7002 | u_anchor.miss_fifo0.mem_1r1w.synth.nz.mem\[7\]\[0\]$_DFFE_PP_/DE
     468* |       0 |      30 |        0 |      0 |     0 |    +0.0% |   -0.687 |      -18.8 |    -1663.2 |   7002 | u_anchor.miss_fifo0.mem_1r1w.synth.nz.mem\[7\]\[0\]$_DFFE_PP_/DE
     469* |       0 |      30 |        0 |      0 |     0 |    +0.0% |   -0.687 |      -18.8 |    -1663.2 |   7002 | u_anchor.miss_fifo0.mem_1r1w.synth.nz.mem\[7\]\[0\]$_DFFE_PP_/DE
     470* |       0 |      30 |        0 |      0 |     0 |    +0.0% |   -0.687 |      -18.8 |    -1663.2 |   7002 | u_anchor.miss_fifo0.mem_1r1w.synth.nz.mem\[7\]\[0\]$_DFFE_PP_/DE
     470* |       0 |      30 |        0 |      0 |     0 |    +0.0% |   -0.687 |      -18.8 |    -1663.2 |   7002 | u_anchor.miss_fifo0.mem_1r1w.synth.nz.mem\[7\]\[0\]$_DFFE_PP_/DE
     471* |       0 |      30 |        0 |      0 |     0 |    +0.0% |   -0.687 |      -18.8 |    -1663.2 |   7002 | u_anchor.miss_fifo0.mem_1r1w.synth.nz.mem\[7\]\[0\]$_DFFE_PP_/DE
     472* |       0 |      30 |        0 |      0 |     0 |    +0.0% |   -0.687 |      -18.8 |    -1663.2 |   7002 | u_anchor.miss_fifo0.mem_1r1w.synth.nz.mem\[7\]\[0\]$_DFFE_PP_/DE
     473* |       0 |      30 |        0 |      0 |     0 |    +0.0% |   -0.687 |      -18.8 |    -1663.2 |   7002 | u_anchor.miss_fifo0.mem_1r1w.synth.nz.mem\[7\]\[0\]$_DFFE_PP_/DE
     474* |       0 |      30 |        0 |      0 |     0 |    +0.0% |   -0.687 |      -18.8 |    -1663.2 |   7002 | u_anchor.miss_fifo0.mem_1r1w.synth.nz.mem\[7\]\[0\]$_DFFE_PP_/DE
     475* |       0 |      30 |        0 |      0 |     0 |    +0.0% |   -0.687 |      -18.8 |    -1663.2 |   7002 | u_anchor.miss_fifo0.mem_1r1w.synth.nz.mem\[7\]\[0\]$_DFFE_PP_/DE
     476* |       0 |      30 |        0 |      0 |     0 |    +0.0% |   -0.687 |      -18.8 |    -1663.2 |   7002 | u_anchor.miss_fifo0.mem_1r1w.synth.nz.mem\[7\]\[0\]$_DFFE_PP_/DE
     477* |       0 |      30 |        0 |      0 |     0 |    +0.0% |   -0.687 |      -18.8 |    -1663.2 |   7002 | u_anchor.miss_fifo0.mem_1r1w.synth.nz.mem\[7\]\[0\]$_DFFE_PP_/DE
     478* |       0 |      30 |        0 |      0 |     0 |    +0.0% |   -0.687 |      -18.8 |    -1663.2 |   7002 | u_anchor.miss_fifo0.mem_1r1w.synth.nz.mem\[7\]\[0\]$_DFFE_PP_/DE
     479* |       0 |      30 |        0 |      0 |     0 |    +0.0% |   -0.687 |      -18.8 |    -1663.2 |   7002 | u_anchor.miss_fifo0.mem_1r1w.synth.nz.mem\[7\]\[0\]$_DFFE_PP_/DE
     480* |       0 |      30 |        0 |      0 |     0 |    +0.0% |   -0.687 |      -18.8 |    -1663.2 |   7002 | u_anchor.miss_fifo0.mem_1r1w.synth.nz.mem\[7\]\[0\]$_DFFE_PP_/DE
     480* |       0 |      30 |        0 |      0 |     0 |    +0.0% |   -0.687 |      -18.8 |    -1663.2 |   7002 | u_anchor.miss_fifo0.mem_1r1w.synth.nz.mem\[7\]\[0\]$_DFFE_PP_/DE
     481* |       0 |      30 |        0 |      0 |     0 |    +0.0% |   -0.687 |      -18.8 |    -1663.2 |   7002 | u_anchor.miss_fifo0.mem_1r1w.synth.nz.mem\[7\]\[0\]$_DFFE_PP_/DE
     482* |       0 |      30 |        0 |      0 |     0 |    +0.0% |   -0.687 |      -18.8 |    -1663.2 |   7002 | u_anchor.miss_fifo0.mem_1r1w.synth.nz.mem\[7\]\[0\]$_DFFE_PP_/DE
     483* |       0 |      30 |        0 |      0 |     0 |    +0.0% |   -0.687 |      -18.8 |    -1663.2 |   7002 | u_anchor.miss_fifo0.mem_1r1w.synth.nz.mem\[7\]\[0\]$_DFFE_PP_/DE
     484* |       0 |      30 |        0 |      0 |     0 |    +0.0% |   -0.687 |      -18.8 |    -1663.2 |   7002 | u_anchor.miss_fifo0.mem_1r1w.synth.nz.mem\[7\]\[0\]$_DFFE_PP_/DE
     485* |       0 |      30 |        0 |      0 |     0 |    +0.0% |   -0.687 |      -18.8 |    -1663.2 |   7002 | u_anchor.miss_fifo0.mem_1r1w.synth.nz.mem\[7\]\[0\]$_DFFE_PP_/DE
     486* |       0 |      30 |        0 |      0 |     0 |    +0.0% |   -0.687 |      -18.8 |    -1663.2 |   7002 | u_anchor.miss_fifo0.mem_1r1w.synth.nz.mem\[7\]\[0\]$_DFFE_PP_/DE
     487* |       0 |      30 |        0 |      0 |     0 |    +0.0% |   -0.687 |      -18.8 |    -1663.2 |   7002 | u_anchor.miss_fifo0.mem_1r1w.synth.nz.mem\[7\]\[0\]$_DFFE_PP_/DE
     488* |       0 |      30 |        0 |      0 |     0 |    +0.0% |   -0.687 |      -18.8 |    -1663.2 |   7002 | u_anchor.miss_fifo0.mem_1r1w.synth.nz.mem\[7\]\[0\]$_DFFE_PP_/DE
     489* |       0 |      30 |        0 |      0 |     0 |    +0.0% |   -0.687 |      -18.8 |    -1663.2 |   7002 | u_anchor.miss_fifo0.mem_1r1w.synth.nz.mem\[7\]\[0\]$_DFFE_PP_/DE
     490* |       0 |      30 |        0 |      0 |     0 |    +0.0% |   -0.687 |      -18.8 |    -1663.2 |   7002 | u_anchor.miss_fifo0.mem_1r1w.synth.nz.mem\[7\]\[0\]$_DFFE_PP_/DE
     490* |       0 |      30 |        0 |      0 |     0 |    +0.0% |   -0.687 |      -18.8 |    -1663.2 |   7002 | u_anchor.miss_fifo0.mem_1r1w.synth.nz.mem\[7\]\[0\]$_DFFE_PP_/DE
     491* |       0 |      30 |        0 |      0 |     0 |    +0.0% |   -0.687 |      -18.8 |    -1663.2 |   7002 | u_anchor.miss_fifo0.mem_1r1w.synth.nz.mem\[7\]\[0\]$_DFFE_PP_/DE
     492* |       0 |      30 |        0 |      0 |     0 |    +0.0% |   -0.687 |      -18.8 |    -1663.2 |   7002 | u_anchor.miss_fifo0.mem_1r1w.synth.nz.mem\[7\]\[0\]$_DFFE_PP_/DE
     493* |       0 |      30 |        0 |      0 |     0 |    +0.0% |   -0.687 |      -18.8 |    -1663.2 |   7002 | u_anchor.miss_fifo0.mem_1r1w.synth.nz.mem\[7\]\[0\]$_DFFE_PP_/DE
     494* |       0 |      30 |        0 |      0 |     0 |    +0.0% |   -0.687 |      -18.8 |    -1663.2 |   7002 | u_anchor.miss_fifo0.mem_1r1w.synth.nz.mem\[7\]\[0\]$_DFFE_PP_/DE
     495* |       0 |      30 |        0 |      0 |     0 |    +0.0% |   -0.687 |      -18.8 |    -1663.2 |   7002 | u_anchor.miss_fifo0.mem_1r1w.synth.nz.mem\[7\]\[0\]$_DFFE_PP_/DE
     496* |       0 |      30 |        0 |      0 |     0 |    +0.0% |   -0.687 |      -18.8 |    -1663.2 |   7002 | u_anchor.miss_fifo0.mem_1r1w.synth.nz.mem\[7\]\[0\]$_DFFE_PP_/DE
     497* |       0 |      30 |        0 |      0 |     0 |    +0.0% |   -0.687 |      -18.8 |    -1663.2 |   7002 | u_anchor.miss_fifo0.mem_1r1w.synth.nz.mem\[7\]\[0\]$_DFFE_PP_/DE
     498* |       0 |      30 |        0 |      0 |     0 |    +0.0% |   -0.687 |      -18.8 |    -1663.2 |   7002 | u_anchor.miss_fifo0.mem_1r1w.synth.nz.mem\[7\]\[0\]$_DFFE_PP_/DE
     499* |       0 |      30 |        0 |      0 |     0 |    +0.0% |   -0.687 |      -18.8 |    -1663.2 |   7002 | u_anchor.miss_fifo0.mem_1r1w.synth.nz.mem\[7\]\[0\]$_DFFE_PP_/DE
     500* |       0 |      30 |        0 |      0 |     0 |    +0.0% |   -0.687 |      -18.8 |    -1663.2 |   7002 | u_anchor.miss_fifo0.mem_1r1w.synth.nz.mem\[7\]\[0\]$_DFFE_PP_/DE
     500* |       0 |      30 |        0 |      0 |     0 |    +0.0% |   -0.687 |      -18.8 |    -1663.2 |   7002 | u_anchor.miss_fifo0.mem_1r1w.synth.nz.mem\[7\]\[0\]$_DFFE_PP_/DE
     501* |       0 |      30 |        0 |      0 |     0 |    +0.0% |   -0.687 |      -18.8 |    -1663.2 |   7002 | u_anchor.miss_fifo0.mem_1r1w.synth.nz.mem\[7\]\[0\]$_DFFE_PP_/DE
     502* |       0 |      30 |        0 |      0 |     0 |    +0.0% |   -0.687 |      -18.8 |    -1663.2 |   7002 | u_anchor.miss_fifo0.mem_1r1w.synth.nz.mem\[7\]\[0\]$_DFFE_PP_/DE
     503* |       0 |      30 |        0 |      0 |     0 |    +0.0% |   -0.687 |      -18.8 |    -1663.2 |   7002 | u_anchor.miss_fifo0.mem_1r1w.synth.nz.mem\[7\]\[0\]$_DFFE_PP_/DE
     504* |       0 |      30 |        0 |      0 |     0 |    +0.0% |   -0.687 |      -18.8 |    -1663.2 |   7002 | u_anchor.miss_fifo0.mem_1r1w.synth.nz.mem\[7\]\[0\]$_DFFE_PP_/DE
     505* |       0 |      30 |        0 |      0 |     0 |    +0.0% |   -0.687 |      -18.8 |    -1663.2 |   7002 | u_anchor.miss_fifo0.mem_1r1w.synth.nz.mem\[7\]\[0\]$_DFFE_PP_/DE
     506* |       0 |      30 |        0 |      0 |     0 |    +0.0% |   -0.687 |      -18.8 |    -1663.2 |   7002 | u_anchor.miss_fifo0.mem_1r1w.synth.nz.mem\[7\]\[0\]$_DFFE_PP_/DE
     507* |       0 |      30 |        0 |      0 |     0 |    +0.0% |   -0.687 |      -18.8 |    -1663.2 |   7002 | u_anchor.miss_fifo0.mem_1r1w.synth.nz.mem\[7\]\[0\]$_DFFE_PP_/DE
     508* |       0 |      30 |        0 |      0 |     0 |    +0.0% |   -0.687 |      -18.8 |    -1663.2 |   7002 | u_anchor.miss_fifo0.mem_1r1w.synth.nz.mem\[7\]\[0\]$_DFFE_PP_/DE
     509* |       0 |      30 |        0 |      0 |     0 |    +0.0% |   -0.687 |      -18.8 |    -1663.2 |   7002 | u_anchor.miss_fifo0.mem_1r1w.synth.nz.mem\[7\]\[0\]$_DFFE_PP_/DE
     510* |       0 |      30 |        0 |      0 |     0 |    +0.0% |   -0.687 |      -18.8 |    -1663.2 |   7002 | u_anchor.miss_fifo0.mem_1r1w.synth.nz.mem\[7\]\[0\]$_DFFE_PP_/DE
     510* |       0 |      30 |        0 |      0 |     0 |    +0.0% |   -0.687 |      -18.8 |    -1663.2 |   7002 | u_anchor.miss_fifo0.mem_1r1w.synth.nz.mem\[7\]\[0\]$_DFFE_PP_/DE
     511* |       0 |      30 |        0 |      0 |     0 |    +0.0% |   -0.687 |      -18.8 |    -1663.2 |   7002 | u_anchor.miss_fifo0.mem_1r1w.synth.nz.mem\[7\]\[0\]$_DFFE_PP_/DE
     512* |       0 |      30 |        0 |      0 |     0 |    +0.0% |   -0.687 |      -18.8 |    -1663.2 |   7002 | u_anchor.miss_fifo0.mem_1r1w.synth.nz.mem\[7\]\[0\]$_DFFE_PP_/DE
     513* |       0 |      30 |        0 |      0 |     0 |    +0.0% |   -0.687 |      -18.8 |    -1663.2 |   7002 | u_anchor.miss_fifo0.mem_1r1w.synth.nz.mem\[7\]\[0\]$_DFFE_PP_/DE
     514* |       0 |      30 |        0 |      0 |     0 |    +0.0% |   -0.687 |      -18.8 |    -1663.2 |   7002 | u_anchor.miss_fifo0.mem_1r1w.synth.nz.mem\[7\]\[0\]$_DFFE_PP_/DE
     515* |       0 |      30 |        0 |      0 |     0 |    +0.0% |   -0.687 |      -18.8 |    -1663.2 |   7002 | u_anchor.miss_fifo0.mem_1r1w.synth.nz.mem\[7\]\[0\]$_DFFE_PP_/DE
     516* |       0 |      30 |        0 |      0 |     0 |    +0.0% |   -0.687 |      -18.8 |    -1663.2 |   7002 | u_anchor.miss_fifo0.mem_1r1w.synth.nz.mem\[7\]\[0\]$_DFFE_PP_/DE
     517* |       0 |      30 |        0 |      0 |     0 |    +0.0% |   -0.687 |      -18.8 |    -1663.2 |   7002 | u_anchor.miss_fifo0.mem_1r1w.synth.nz.mem\[7\]\[0\]$_DFFE_PP_/DE
     518* |       0 |      30 |        0 |      0 |     0 |    +0.0% |   -0.687 |      -18.8 |    -1663.2 |   7002 | u_anchor.miss_fifo0.mem_1r1w.synth.nz.mem\[7\]\[0\]$_DFFE_PP_/DE
     519* |       0 |      30 |        0 |      0 |     0 |    +0.0% |   -0.687 |      -18.8 |    -1663.2 |   7002 | u_anchor.miss_fifo0.mem_1r1w.synth.nz.mem\[7\]\[0\]$_DFFE_PP_/DE
     520* |       0 |      30 |        0 |      0 |     0 |    +0.0% |   -0.687 |      -18.8 |    -1663.2 |   7002 | u_anchor.miss_fifo0.mem_1r1w.synth.nz.mem\[7\]\[0\]$_DFFE_PP_/DE
     520* |       0 |      30 |        0 |      0 |     0 |    +0.0% |   -0.687 |      -18.8 |    -1663.2 |   7002 | u_anchor.miss_fifo0.mem_1r1w.synth.nz.mem\[7\]\[0\]$_DFFE_PP_/DE
     521* |       0 |      30 |        0 |      0 |     0 |    +0.0% |   -0.687 |      -18.8 |    -1663.2 |   7002 | u_anchor.miss_fifo0.mem_1r1w.synth.nz.mem\[7\]\[0\]$_DFFE_PP_/DE
     522* |       0 |      30 |        0 |      0 |     0 |    +0.0% |   -0.687 |      -18.8 |    -1663.2 |   7002 | u_anchor.miss_fifo0.mem_1r1w.synth.nz.mem\[7\]\[0\]$_DFFE_PP_/DE
     523* |       0 |      30 |        0 |      0 |     0 |    +0.0% |   -0.687 |      -18.8 |    -1663.2 |   7002 | u_anchor.miss_fifo0.mem_1r1w.synth.nz.mem\[7\]\[0\]$_DFFE_PP_/DE
     524* |       0 |      30 |        0 |      0 |     0 |    +0.0% |   -0.687 |      -18.8 |    -1663.2 |   7002 | u_anchor.miss_fifo0.mem_1r1w.synth.nz.mem\[7\]\[0\]$_DFFE_PP_/DE
     525* |       0 |      30 |        0 |      0 |     0 |    +0.0% |   -0.687 |      -18.8 |    -1663.2 |   7002 | u_anchor.miss_fifo0.mem_1r1w.synth.nz.mem\[7\]\[0\]$_DFFE_PP_/DE
     526* |       0 |      30 |        0 |      0 |     0 |    +0.0% |   -0.687 |      -18.8 |    -1663.2 |   7002 | u_anchor.miss_fifo0.mem_1r1w.synth.nz.mem\[7\]\[0\]$_DFFE_PP_/DE
     527* |       0 |      30 |        0 |      0 |     0 |    +0.0% |   -0.687 |      -18.8 |    -1663.2 |   7002 | u_anchor.miss_fifo0.mem_1r1w.synth.nz.mem\[7\]\[0\]$_DFFE_PP_/DE
     528* |       0 |      30 |        0 |      0 |     0 |    +0.0% |   -0.687 |      -18.8 |    -1663.2 |   7002 | u_anchor.miss_fifo0.mem_1r1w.synth.nz.mem\[7\]\[0\]$_DFFE_PP_/DE
     529* |       0 |      30 |        0 |      0 |     0 |    +0.0% |   -0.687 |      -18.8 |    -1663.2 |   7002 | u_anchor.miss_fifo0.mem_1r1w.synth.nz.mem\[7\]\[0\]$_DFFE_PP_/DE
     530* |       0 |      30 |        0 |      0 |     0 |    +0.0% |   -0.687 |      -18.8 |    -1663.2 |   7002 | u_anchor.miss_fifo0.mem_1r1w.synth.nz.mem\[7\]\[0\]$_DFFE_PP_/DE
     530* |       0 |      30 |        0 |      0 |     0 |    +0.0% |   -0.687 |      -18.8 |    -1663.2 |   7002 | u_anchor.miss_fifo0.mem_1r1w.synth.nz.mem\[7\]\[0\]$_DFFE_PP_/DE
     531* |       0 |      30 |        0 |      0 |     0 |    +0.0% |   -0.687 |      -18.8 |    -1663.2 |   7002 | u_anchor.miss_fifo0.mem_1r1w.synth.nz.mem\[7\]\[0\]$_DFFE_PP_/DE
     532* |       0 |      30 |        0 |      0 |     0 |    +0.0% |   -0.687 |      -18.8 |    -1663.2 |   7002 | u_anchor.miss_fifo0.mem_1r1w.synth.nz.mem\[7\]\[0\]$_DFFE_PP_/DE
     533* |       0 |      30 |        0 |      0 |     0 |    +0.0% |   -0.687 |      -18.8 |    -1663.2 |   7002 | u_anchor.miss_fifo0.mem_1r1w.synth.nz.mem\[7\]\[0\]$_DFFE_PP_/DE
     534* |       0 |      30 |        0 |      0 |     0 |    +0.0% |   -0.687 |      -18.8 |    -1663.2 |   7002 | u_anchor.miss_fifo0.mem_1r1w.synth.nz.mem\[7\]\[0\]$_DFFE_PP_/DE
     535* |       0 |      30 |        0 |      0 |     0 |    +0.0% |   -0.687 |      -18.8 |    -1663.2 |   7002 | u_anchor.miss_fifo0.mem_1r1w.synth.nz.mem\[7\]\[0\]$_DFFE_PP_/DE
     536* |       0 |      30 |        0 |      0 |     0 |    +0.0% |   -0.687 |      -18.8 |    -1663.2 |   7002 | u_anchor.miss_fifo0.mem_1r1w.synth.nz.mem\[7\]\[0\]$_DFFE_PP_/DE
     537* |       0 |      30 |        0 |      0 |     0 |    +0.0% |   -0.687 |      -18.8 |    -1663.2 |   7002 | u_anchor.miss_fifo0.mem_1r1w.synth.nz.mem\[7\]\[0\]$_DFFE_PP_/DE
     538* |       0 |      30 |        0 |      0 |     0 |    +0.0% |   -0.687 |      -18.8 |    -1663.2 |   7002 | u_anchor.miss_fifo0.mem_1r1w.synth.nz.mem\[7\]\[0\]$_DFFE_PP_/DE
     539* |       0 |      30 |        0 |      0 |     0 |    +0.0% |   -0.687 |      -18.8 |    -1663.2 |   7002 | u_anchor.miss_fifo0.mem_1r1w.synth.nz.mem\[7\]\[0\]$_DFFE_PP_/DE
     540* |       0 |      30 |        0 |      0 |     0 |    +0.0% |   -0.687 |      -18.8 |    -1663.2 |   7002 | u_anchor.miss_fifo0.mem_1r1w.synth.nz.mem\[7\]\[0\]$_DFFE_PP_/DE
     540* |       0 |      30 |        0 |      0 |     0 |    +0.0% |   -0.687 |      -18.8 |    -1663.2 |   7002 | u_anchor.miss_fifo0.mem_1r1w.synth.nz.mem\[7\]\[0\]$_DFFE_PP_/DE
     541* |       0 |      30 |        0 |      0 |     0 |    +0.0% |   -0.687 |      -18.8 |    -1663.2 |   7002 | u_anchor.miss_fifo0.mem_1r1w.synth.nz.mem\[7\]\[0\]$_DFFE_PP_/DE
     542* |       0 |      30 |        0 |      0 |     0 |    +0.0% |   -0.687 |      -18.8 |    -1663.2 |   7002 | u_anchor.miss_fifo0.mem_1r1w.synth.nz.mem\[7\]\[0\]$_DFFE_PP_/DE
     543* |       0 |      30 |        0 |      0 |     0 |    +0.0% |   -0.687 |      -18.8 |    -1663.2 |   7002 | u_anchor.miss_fifo0.mem_1r1w.synth.nz.mem\[7\]\[0\]$_DFFE_PP_/DE
     545* |       0 |      31 |        0 |      0 |     0 |    +0.0% |   -0.687 |      -18.9 |    -1595.7 |   7002 | u_anchor.miss_fifo0.mem_1r1w.synth.nz.mem\[7\]\[0\]$_DFFE_PP_/DE
     546* |       0 |      31 |        0 |      0 |     0 |    +0.0% |   -0.687 |      -18.9 |    -1595.7 |   7002 | u_anchor.miss_fifo0.mem_1r1w.synth.nz.mem\[7\]\[0\]$_DFFE_PP_/DE
     547* |       0 |      31 |        0 |      0 |     0 |    +0.0% |   -0.687 |      -18.9 |    -1595.7 |   7002 | u_anchor.miss_fifo0.mem_1r1w.synth.nz.mem\[7\]\[0\]$_DFFE_PP_/DE
     548* |       0 |      31 |        0 |      0 |     0 |    +0.0% |   -0.687 |      -18.9 |    -1595.7 |   7002 | u_anchor.miss_fifo0.mem_1r1w.synth.nz.mem\[7\]\[0\]$_DFFE_PP_/DE
     549* |       0 |      31 |        0 |      0 |     0 |    +0.0% |   -0.687 |      -18.9 |    -1595.7 |   7002 | u_anchor.miss_fifo0.mem_1r1w.synth.nz.mem\[7\]\[0\]$_DFFE_PP_/DE
     550* |       0 |      31 |        0 |      0 |     0 |    +0.0% |   -0.687 |      -18.9 |    -1595.7 |   7002 | u_anchor.miss_fifo0.mem_1r1w.synth.nz.mem\[7\]\[0\]$_DFFE_PP_/DE
     550* |       0 |      31 |        0 |      0 |     0 |    +0.0% |   -0.687 |      -18.9 |    -1595.7 |   7002 | u_anchor.miss_fifo0.mem_1r1w.synth.nz.mem\[7\]\[0\]$_DFFE_PP_/DE
     551* |       0 |      31 |        0 |      0 |     0 |    +0.0% |   -0.687 |      -18.9 |    -1595.7 |   7002 | u_anchor.miss_fifo0.mem_1r1w.synth.nz.mem\[7\]\[0\]$_DFFE_PP_/DE
     552* |       0 |      31 |        0 |      0 |     0 |    +0.0% |   -0.687 |      -18.9 |    -1595.7 |   7002 | u_anchor.miss_fifo0.mem_1r1w.synth.nz.mem\[7\]\[0\]$_DFFE_PP_/DE
     553* |       0 |      31 |        0 |      0 |     0 |    +0.0% |   -0.687 |      -18.9 |    -1595.7 |   7002 | u_anchor.miss_fifo0.mem_1r1w.synth.nz.mem\[7\]\[0\]$_DFFE_PP_/DE
     554* |       0 |      31 |        0 |      0 |     0 |    +0.0% |   -0.687 |      -18.9 |    -1595.7 |   7002 | u_anchor.miss_fifo0.mem_1r1w.synth.nz.mem\[7\]\[0\]$_DFFE_PP_/DE
     555* |       0 |      31 |        0 |      0 |     0 |    +0.0% |   -0.687 |      -18.9 |    -1595.7 |   7002 | u_anchor.miss_fifo0.mem_1r1w.synth.nz.mem\[7\]\[0\]$_DFFE_PP_/DE
     556* |       0 |      31 |        0 |      0 |     0 |    +0.0% |   -0.687 |      -18.9 |    -1595.7 |   7002 | u_anchor.miss_fifo0.mem_1r1w.synth.nz.mem\[7\]\[0\]$_DFFE_PP_/DE
     557* |       0 |      31 |        0 |      0 |     0 |    +0.0% |   -0.687 |      -18.9 |    -1595.7 |   7002 | u_anchor.miss_fifo0.mem_1r1w.synth.nz.mem\[7\]\[0\]$_DFFE_PP_/DE
     558* |       0 |      31 |        0 |      0 |     0 |    +0.0% |   -0.687 |      -18.9 |    -1595.7 |   7002 | u_anchor.miss_fifo0.mem_1r1w.synth.nz.mem\[7\]\[0\]$_DFFE_PP_/DE
     559* |       0 |      31 |        0 |      0 |     0 |    +0.0% |   -0.687 |      -18.9 |    -1595.7 |   7002 | u_anchor.miss_fifo0.mem_1r1w.synth.nz.mem\[7\]\[0\]$_DFFE_PP_/DE
     560* |       0 |      31 |        0 |      0 |     0 |    +0.0% |   -0.687 |      -18.9 |    -1595.7 |   7002 | u_anchor.miss_fifo0.mem_1r1w.synth.nz.mem\[7\]\[0\]$_DFFE_PP_/DE
     560* |       0 |      31 |        0 |      0 |     0 |    +0.0% |   -0.687 |      -18.9 |    -1595.7 |   7002 | u_anchor.miss_fifo0.mem_1r1w.synth.nz.mem\[7\]\[0\]$_DFFE_PP_/DE
     561* |       0 |      31 |        0 |      0 |     0 |    +0.0% |   -0.687 |      -18.9 |    -1595.7 |   7002 | u_anchor.miss_fifo0.mem_1r1w.synth.nz.mem\[7\]\[0\]$_DFFE_PP_/DE
     562* |       0 |      31 |        0 |      0 |     0 |    +0.0% |   -0.687 |      -18.9 |    -1595.7 |   7002 | u_anchor.miss_fifo0.mem_1r1w.synth.nz.mem\[7\]\[0\]$_DFFE_PP_/DE
     563* |       0 |      31 |        0 |      0 |     0 |    +0.0% |   -0.687 |      -18.9 |    -1595.7 |   7002 | u_anchor.miss_fifo0.mem_1r1w.synth.nz.mem\[7\]\[0\]$_DFFE_PP_/DE
     564* |       0 |      31 |        0 |      0 |     0 |    +0.0% |   -0.687 |      -18.9 |    -1595.7 |   7002 | u_anchor.miss_fifo0.mem_1r1w.synth.nz.mem\[7\]\[0\]$_DFFE_PP_/DE
     565* |       0 |      31 |        0 |      0 |     0 |    +0.0% |   -0.687 |      -18.9 |    -1595.7 |   7002 | u_anchor.miss_fifo0.mem_1r1w.synth.nz.mem\[7\]\[0\]$_DFFE_PP_/DE
     566* |       0 |      31 |        0 |      0 |     0 |    +0.0% |   -0.687 |      -18.9 |    -1595.7 |   7002 | u_anchor.miss_fifo0.mem_1r1w.synth.nz.mem\[7\]\[0\]$_DFFE_PP_/DE
     567* |       0 |      31 |        0 |      0 |     0 |    +0.0% |   -0.687 |      -18.9 |    -1595.7 |   7002 | u_anchor.miss_fifo0.mem_1r1w.synth.nz.mem\[7\]\[0\]$_DFFE_PP_/DE
     568* |       0 |      31 |        0 |      0 |     0 |    +0.0% |   -0.687 |      -18.9 |    -1595.7 |   7002 | u_anchor.miss_fifo0.mem_1r1w.synth.nz.mem\[7\]\[0\]$_DFFE_PP_/DE
     569* |       0 |      31 |        0 |      0 |     0 |    +0.0% |   -0.687 |      -18.9 |    -1595.7 |   7002 | u_anchor.miss_fifo0.mem_1r1w.synth.nz.mem\[7\]\[0\]$_DFFE_PP_/DE
     570* |       0 |      31 |        0 |      0 |     0 |    +0.0% |   -0.687 |      -18.9 |    -1595.7 |   7002 | u_anchor.miss_fifo0.mem_1r1w.synth.nz.mem\[7\]\[0\]$_DFFE_PP_/DE
     570* |       0 |      31 |        0 |      0 |     0 |    +0.0% |   -0.687 |      -18.9 |    -1595.7 |   7002 | u_anchor.miss_fifo0.mem_1r1w.synth.nz.mem\[7\]\[0\]$_DFFE_PP_/DE
     571* |       0 |      31 |        0 |      0 |     0 |    +0.0% |   -0.687 |      -18.9 |    -1595.7 |   7002 | u_anchor.miss_fifo0.mem_1r1w.synth.nz.mem\[7\]\[0\]$_DFFE_PP_/DE
     572* |       0 |      31 |        0 |      0 |     0 |    +0.0% |   -0.687 |      -18.9 |    -1595.7 |   7002 | u_anchor.miss_fifo0.mem_1r1w.synth.nz.mem\[7\]\[0\]$_DFFE_PP_/DE
     573* |       0 |      31 |        0 |      0 |     0 |    +0.0% |   -0.687 |      -18.9 |    -1595.7 |   7002 | u_anchor.miss_fifo0.mem_1r1w.synth.nz.mem\[7\]\[0\]$_DFFE_PP_/DE
     574* |       0 |      31 |        0 |      0 |     0 |    +0.0% |   -0.687 |      -18.9 |    -1595.7 |   7002 | u_anchor.miss_fifo0.mem_1r1w.synth.nz.mem\[7\]\[0\]$_DFFE_PP_/DE
     575* |       0 |      31 |        0 |      0 |     0 |    +0.0% |   -0.687 |      -18.9 |    -1595.7 |   7002 | u_anchor.miss_fifo0.mem_1r1w.synth.nz.mem\[7\]\[0\]$_DFFE_PP_/DE
     576* |       0 |      31 |        0 |      0 |     0 |    +0.0% |   -0.687 |      -18.9 |    -1595.7 |   7002 | u_anchor.miss_fifo0.mem_1r1w.synth.nz.mem\[7\]\[0\]$_DFFE_PP_/DE
     577* |       0 |      31 |        0 |      0 |     0 |    +0.0% |   -0.687 |      -18.9 |    -1595.7 |   7002 | u_anchor.miss_fifo0.mem_1r1w.synth.nz.mem\[7\]\[0\]$_DFFE_PP_/DE
     578* |       0 |      31 |        0 |      0 |     0 |    +0.0% |   -0.687 |      -18.9 |    -1595.7 |   7002 | u_anchor.miss_fifo0.mem_1r1w.synth.nz.mem\[7\]\[0\]$_DFFE_PP_/DE
     579* |       0 |      31 |        0 |      0 |     0 |    +0.0% |   -0.687 |      -18.9 |    -1595.7 |   7002 | u_anchor.miss_fifo0.mem_1r1w.synth.nz.mem\[7\]\[0\]$_DFFE_PP_/DE
     580* |       0 |      31 |        0 |      0 |     0 |    +0.0% |   -0.687 |      -18.9 |    -1595.7 |   7002 | u_anchor.miss_fifo0.mem_1r1w.synth.nz.mem\[7\]\[0\]$_DFFE_PP_/DE
     580* |       0 |      31 |        0 |      0 |     0 |    +0.0% |   -0.687 |      -18.9 |    -1595.7 |   7002 | u_anchor.miss_fifo0.mem_1r1w.synth.nz.mem\[7\]\[0\]$_DFFE_PP_/DE
     581* |       0 |      31 |        0 |      0 |     0 |    +0.0% |   -0.687 |      -18.9 |    -1595.7 |   7002 | u_anchor.miss_fifo0.mem_1r1w.synth.nz.mem\[7\]\[0\]$_DFFE_PP_/DE
     582* |       0 |      31 |        0 |      0 |     0 |    +0.0% |   -0.687 |      -18.9 |    -1595.7 |   7002 | u_anchor.miss_fifo0.mem_1r1w.synth.nz.mem\[7\]\[0\]$_DFFE_PP_/DE
     583* |       0 |      31 |        0 |      0 |     0 |    +0.0% |   -0.687 |      -18.9 |    -1595.7 |   7002 | u_anchor.miss_fifo0.mem_1r1w.synth.nz.mem\[7\]\[0\]$_DFFE_PP_/DE
     584* |       0 |      31 |        0 |      0 |     0 |    +0.0% |   -0.687 |      -18.9 |    -1595.7 |   7002 | u_anchor.miss_fifo0.mem_1r1w.synth.nz.mem\[7\]\[0\]$_DFFE_PP_/DE
     585* |       0 |      31 |        0 |      0 |     0 |    +0.0% |   -0.687 |      -18.9 |    -1595.7 |   7002 | u_anchor.miss_fifo0.mem_1r1w.synth.nz.mem\[7\]\[0\]$_DFFE_PP_/DE
     586* |       0 |      31 |        0 |      0 |     0 |    +0.0% |   -0.687 |      -18.9 |    -1595.7 |   7002 | u_anchor.miss_fifo0.mem_1r1w.synth.nz.mem\[7\]\[0\]$_DFFE_PP_/DE
     587* |       0 |      31 |        0 |      0 |     0 |    +0.0% |   -0.687 |      -18.9 |    -1595.7 |   7002 | u_anchor.miss_fifo0.mem_1r1w.synth.nz.mem\[7\]\[0\]$_DFFE_PP_/DE
     588* |       0 |      31 |        0 |      0 |     0 |    +0.0% |   -0.687 |      -18.9 |    -1595.7 |   7002 | u_anchor.miss_fifo0.mem_1r1w.synth.nz.mem\[7\]\[0\]$_DFFE_PP_/DE
     589* |       0 |      31 |        0 |      0 |     0 |    +0.0% |   -0.687 |      -18.9 |    -1595.7 |   7002 | u_anchor.miss_fifo0.mem_1r1w.synth.nz.mem\[7\]\[0\]$_DFFE_PP_/DE
     590* |       0 |      31 |        0 |      0 |     0 |    +0.0% |   -0.687 |      -18.9 |    -1595.7 |   7002 | u_anchor.miss_fifo0.mem_1r1w.synth.nz.mem\[7\]\[0\]$_DFFE_PP_/DE
     590* |       0 |      31 |        0 |      0 |     0 |    +0.0% |   -0.687 |      -18.9 |    -1595.7 |   7002 | u_anchor.miss_fifo0.mem_1r1w.synth.nz.mem\[7\]\[0\]$_DFFE_PP_/DE
     591* |       0 |      31 |        0 |      0 |     0 |    +0.0% |   -0.687 |      -18.9 |    -1595.7 |   7002 | u_anchor.miss_fifo0.mem_1r1w.synth.nz.mem\[7\]\[0\]$_DFFE_PP_/DE
     592* |       0 |      31 |        0 |      0 |     0 |    +0.0% |   -0.687 |      -18.9 |    -1595.7 |   7002 | u_anchor.miss_fifo0.mem_1r1w.synth.nz.mem\[7\]\[0\]$_DFFE_PP_/DE
     593* |       0 |      31 |        0 |      0 |     0 |    +0.0% |   -0.687 |      -18.9 |    -1595.7 |   7002 | u_anchor.miss_fifo0.mem_1r1w.synth.nz.mem\[7\]\[0\]$_DFFE_PP_/DE
     594* |       0 |      31 |        0 |      0 |     0 |    +0.0% |   -0.687 |      -18.9 |    -1595.7 |   7002 | u_anchor.miss_fifo0.mem_1r1w.synth.nz.mem\[7\]\[0\]$_DFFE_PP_/DE
     595* |       0 |      31 |        0 |      0 |     0 |    +0.0% |   -0.687 |      -18.9 |    -1595.7 |   7002 | u_anchor.miss_fifo0.mem_1r1w.synth.nz.mem\[7\]\[0\]$_DFFE_PP_/DE
     596* |       0 |      31 |        0 |      0 |     0 |    +0.0% |   -0.687 |      -18.9 |    -1595.7 |   7002 | u_anchor.miss_fifo0.mem_1r1w.synth.nz.mem\[7\]\[0\]$_DFFE_PP_/DE
     597* |       0 |      31 |        0 |      0 |     0 |    +0.0% |   -0.687 |      -18.9 |    -1595.7 |   7002 | u_anchor.miss_fifo0.mem_1r1w.synth.nz.mem\[7\]\[0\]$_DFFE_PP_/DE
     598* |       0 |      31 |        0 |      0 |     0 |    +0.0% |   -0.687 |      -18.9 |    -1595.7 |   7002 | u_anchor.miss_fifo0.mem_1r1w.synth.nz.mem\[7\]\[0\]$_DFFE_PP_/DE
     599* |       0 |      31 |        0 |      0 |     0 |    +0.0% |   -0.687 |      -18.9 |    -1595.7 |   7002 | u_anchor.miss_fifo0.mem_1r1w.synth.nz.mem\[7\]\[0\]$_DFFE_PP_/DE
     600* |       0 |      31 |        0 |      0 |     0 |    +0.0% |   -0.687 |      -18.9 |    -1595.7 |   7002 | u_anchor.miss_fifo0.mem_1r1w.synth.nz.mem\[7\]\[0\]$_DFFE_PP_/DE
     600* |       0 |      31 |        0 |      0 |     0 |    +0.0% |   -0.687 |      -18.9 |    -1595.7 |   7002 | u_anchor.miss_fifo0.mem_1r1w.synth.nz.mem\[7\]\[0\]$_DFFE_PP_/DE
     601* |       0 |      31 |        0 |      0 |     0 |    +0.0% |   -0.687 |      -18.9 |    -1595.7 |   7002 | u_anchor.miss_fifo0.mem_1r1w.synth.nz.mem\[7\]\[0\]$_DFFE_PP_/DE
     602* |       0 |      31 |        0 |      0 |     0 |    +0.0% |   -0.687 |      -18.9 |    -1595.7 |   7002 | u_anchor.miss_fifo0.mem_1r1w.synth.nz.mem\[7\]\[0\]$_DFFE_PP_/DE
     603* |       0 |      31 |        0 |      0 |     0 |    +0.0% |   -0.687 |      -18.9 |    -1595.7 |   7002 | u_anchor.miss_fifo0.mem_1r1w.synth.nz.mem\[7\]\[0\]$_DFFE_PP_/DE
     604* |       0 |      31 |        0 |      0 |     0 |    +0.0% |   -0.687 |      -18.9 |    -1595.7 |   7002 | u_anchor.miss_fifo0.mem_1r1w.synth.nz.mem\[7\]\[0\]$_DFFE_PP_/DE
     605* |       0 |      31 |        0 |      0 |     0 |    +0.0% |   -0.687 |      -18.9 |    -1595.7 |   7002 | u_anchor.miss_fifo0.mem_1r1w.synth.nz.mem\[7\]\[0\]$_DFFE_PP_/DE
     606* |       0 |      31 |        0 |      0 |     0 |    +0.0% |   -0.687 |      -18.9 |    -1595.7 |   7002 | u_anchor.miss_fifo0.mem_1r1w.synth.nz.mem\[7\]\[0\]$_DFFE_PP_/DE
     607* |       0 |      31 |        0 |      0 |     0 |    +0.0% |   -0.687 |      -18.9 |    -1595.7 |   7002 | u_anchor.miss_fifo0.mem_1r1w.synth.nz.mem\[7\]\[0\]$_DFFE_PP_/DE
     608* |       0 |      31 |        0 |      0 |     0 |    +0.0% |   -0.687 |      -18.9 |    -1595.7 |   7002 | u_anchor.miss_fifo0.mem_1r1w.synth.nz.mem\[7\]\[0\]$_DFFE_PP_/DE
     609* |       0 |      31 |        0 |      0 |     0 |    +0.0% |   -0.687 |      -18.9 |    -1595.7 |   7002 | u_anchor.miss_fifo0.mem_1r1w.synth.nz.mem\[7\]\[0\]$_DFFE_PP_/DE
     610* |       0 |      31 |        0 |      0 |     0 |    +0.0% |   -0.687 |      -18.9 |    -1595.7 |   7002 | u_anchor.miss_fifo0.mem_1r1w.synth.nz.mem\[7\]\[0\]$_DFFE_PP_/DE
     610* |       0 |      31 |        0 |      0 |     0 |    +0.0% |   -0.687 |      -18.9 |    -1595.7 |   7002 | u_anchor.miss_fifo0.mem_1r1w.synth.nz.mem\[7\]\[0\]$_DFFE_PP_/DE
     611* |       0 |      31 |        0 |      0 |     0 |    +0.0% |   -0.687 |      -18.9 |    -1595.7 |   7002 | u_anchor.miss_fifo0.mem_1r1w.synth.nz.mem\[7\]\[0\]$_DFFE_PP_/DE
     612* |       0 |      31 |        0 |      0 |     0 |    +0.0% |   -0.687 |      -18.9 |    -1595.7 |   7002 | u_anchor.miss_fifo0.mem_1r1w.synth.nz.mem\[7\]\[0\]$_DFFE_PP_/DE
     613* |       0 |      31 |        0 |      0 |     0 |    +0.0% |   -0.687 |      -18.9 |    -1595.7 |   7002 | u_anchor.miss_fifo0.mem_1r1w.synth.nz.mem\[7\]\[0\]$_DFFE_PP_/DE
     614* |       0 |      31 |        0 |      0 |     0 |    +0.0% |   -0.687 |      -18.9 |    -1595.7 |   7002 | u_anchor.miss_fifo0.mem_1r1w.synth.nz.mem\[7\]\[0\]$_DFFE_PP_/DE
     615* |       0 |      31 |        0 |      0 |     0 |    +0.0% |   -0.687 |      -18.9 |    -1595.7 |   7002 | u_anchor.miss_fifo0.mem_1r1w.synth.nz.mem\[7\]\[0\]$_DFFE_PP_/DE
     616* |       0 |      31 |        0 |      0 |     0 |    +0.0% |   -0.687 |      -18.9 |    -1595.7 |   7002 | u_anchor.miss_fifo0.mem_1r1w.synth.nz.mem\[7\]\[0\]$_DFFE_PP_/DE
     617* |       0 |      31 |        0 |      0 |     0 |    +0.0% |   -0.687 |      -18.9 |    -1595.7 |   7002 | u_anchor.miss_fifo0.mem_1r1w.synth.nz.mem\[7\]\[0\]$_DFFE_PP_/DE
     618* |       0 |      31 |        0 |      0 |     0 |    +0.0% |   -0.687 |      -18.9 |    -1595.7 |   7002 | u_anchor.miss_fifo0.mem_1r1w.synth.nz.mem\[7\]\[0\]$_DFFE_PP_/DE
     619* |       0 |      31 |        0 |      0 |     0 |    +0.0% |   -0.687 |      -18.9 |    -1595.7 |   7002 | u_anchor.miss_fifo0.mem_1r1w.synth.nz.mem\[7\]\[0\]$_DFFE_PP_/DE
     620* |       0 |      31 |        0 |      0 |     0 |    +0.0% |   -0.687 |      -18.9 |    -1595.7 |   7002 | u_anchor.miss_fifo0.mem_1r1w.synth.nz.mem\[7\]\[0\]$_DFFE_PP_/DE
     620* |       0 |      31 |        0 |      0 |     0 |    +0.0% |   -0.687 |      -18.9 |    -1595.7 |   7002 | u_anchor.miss_fifo0.mem_1r1w.synth.nz.mem\[7\]\[0\]$_DFFE_PP_/DE
     621* |       0 |      31 |        0 |      0 |     0 |    +0.0% |   -0.687 |      -18.9 |    -1595.7 |   7002 | u_anchor.miss_fifo0.mem_1r1w.synth.nz.mem\[7\]\[0\]$_DFFE_PP_/DE
     622* |       0 |      31 |        0 |      0 |     0 |    +0.0% |   -0.687 |      -18.9 |    -1595.7 |   7002 | u_anchor.miss_fifo0.mem_1r1w.synth.nz.mem\[7\]\[0\]$_DFFE_PP_/DE
     623* |       0 |      31 |        0 |      0 |     0 |    +0.0% |   -0.687 |      -18.9 |    -1595.7 |   7002 | u_anchor.miss_fifo0.mem_1r1w.synth.nz.mem\[7\]\[0\]$_DFFE_PP_/DE
     624* |       0 |      31 |        0 |      0 |     0 |    +0.0% |   -0.687 |      -18.9 |    -1595.7 |   7002 | u_anchor.miss_fifo0.mem_1r1w.synth.nz.mem\[7\]\[0\]$_DFFE_PP_/DE
     625* |       0 |      31 |        0 |      0 |     0 |    +0.0% |   -0.687 |      -18.9 |    -1595.7 |   7002 | u_anchor.miss_fifo0.mem_1r1w.synth.nz.mem\[7\]\[0\]$_DFFE_PP_/DE
     626* |       0 |      31 |        0 |      0 |     0 |    +0.0% |   -0.687 |      -18.9 |    -1595.7 |   7002 | u_anchor.miss_fifo0.mem_1r1w.synth.nz.mem\[7\]\[0\]$_DFFE_PP_/DE
     627* |       0 |      31 |        0 |      0 |     0 |    +0.0% |   -0.687 |      -18.9 |    -1595.7 |   7002 | u_anchor.miss_fifo0.mem_1r1w.synth.nz.mem\[7\]\[0\]$_DFFE_PP_/DE
     628* |       0 |      31 |        0 |      0 |     0 |    +0.0% |   -0.687 |      -18.9 |    -1595.7 |   7002 | u_anchor.miss_fifo0.mem_1r1w.synth.nz.mem\[7\]\[0\]$_DFFE_PP_/DE
     629* |       0 |      31 |        0 |      0 |     0 |    +0.0% |   -0.687 |      -18.9 |    -1595.7 |   7002 | u_anchor.miss_fifo0.mem_1r1w.synth.nz.mem\[7\]\[0\]$_DFFE_PP_/DE
     630* |       0 |      31 |        0 |      0 |     0 |    +0.0% |   -0.687 |      -18.9 |    -1595.7 |   7002 | u_anchor.miss_fifo0.mem_1r1w.synth.nz.mem\[7\]\[0\]$_DFFE_PP_/DE
     630* |       0 |      31 |        0 |      0 |     0 |    +0.0% |   -0.687 |      -18.9 |    -1595.7 |   7002 | u_anchor.miss_fifo0.mem_1r1w.synth.nz.mem\[7\]\[0\]$_DFFE_PP_/DE
     631* |       0 |      31 |        0 |      0 |     0 |    +0.0% |   -0.687 |      -18.9 |    -1595.7 |   7002 | u_anchor.miss_fifo0.mem_1r1w.synth.nz.mem\[7\]\[0\]$_DFFE_PP_/DE
     632* |       0 |      31 |        0 |      0 |     0 |    +0.0% |   -0.687 |      -18.9 |    -1595.7 |   7002 | u_anchor.miss_fifo0.mem_1r1w.synth.nz.mem\[7\]\[0\]$_DFFE_PP_/DE
     633* |       0 |      31 |        0 |      0 |     0 |    +0.0% |   -0.687 |      -18.9 |    -1595.7 |   7002 | u_anchor.miss_fifo0.mem_1r1w.synth.nz.mem\[7\]\[0\]$_DFFE_PP_/DE
     634* |       0 |      31 |        0 |      0 |     0 |    +0.0% |   -0.687 |      -18.9 |    -1595.7 |   7002 | u_anchor.miss_fifo0.mem_1r1w.synth.nz.mem\[7\]\[0\]$_DFFE_PP_/DE
     635* |       0 |      31 |        0 |      0 |     0 |    +0.0% |   -0.687 |      -18.9 |    -1595.7 |   7002 | u_anchor.miss_fifo0.mem_1r1w.synth.nz.mem\[7\]\[0\]$_DFFE_PP_/DE
     636* |       0 |      31 |        0 |      0 |     0 |    +0.0% |   -0.687 |      -18.9 |    -1595.7 |   7002 | u_anchor.miss_fifo0.mem_1r1w.synth.nz.mem\[7\]\[0\]$_DFFE_PP_/DE
     637* |       0 |      31 |        0 |      0 |     0 |    +0.0% |   -0.687 |      -18.9 |    -1595.7 |   7002 | u_anchor.miss_fifo0.mem_1r1w.synth.nz.mem\[7\]\[0\]$_DFFE_PP_/DE
     638* |       0 |      31 |        0 |      0 |     0 |    +0.0% |   -0.687 |      -18.9 |    -1595.7 |   7002 | u_anchor.miss_fifo0.mem_1r1w.synth.nz.mem\[7\]\[0\]$_DFFE_PP_/DE
     639* |       0 |      31 |        0 |      0 |     0 |    +0.0% |   -0.687 |      -18.9 |    -1595.7 |   7002 | u_anchor.miss_fifo0.mem_1r1w.synth.nz.mem\[7\]\[0\]$_DFFE_PP_/DE
     640* |       0 |      31 |        0 |      0 |     0 |    +0.0% |   -0.687 |      -18.9 |    -1595.7 |   7002 | u_anchor.miss_fifo0.mem_1r1w.synth.nz.mem\[7\]\[0\]$_DFFE_PP_/DE
     640* |       0 |      31 |        0 |      0 |     0 |    +0.0% |   -0.687 |      -18.9 |    -1595.7 |   7002 | u_anchor.miss_fifo0.mem_1r1w.synth.nz.mem\[7\]\[0\]$_DFFE_PP_/DE
     641* |       0 |      31 |        0 |      0 |     0 |    +0.0% |   -0.687 |      -18.9 |    -1595.7 |   7002 | u_anchor.miss_fifo0.mem_1r1w.synth.nz.mem\[7\]\[0\]$_DFFE_PP_/DE
     642* |       0 |      31 |        0 |      0 |     0 |    +0.0% |   -0.687 |      -18.9 |    -1595.7 |   7002 | u_anchor.miss_fifo0.mem_1r1w.synth.nz.mem\[7\]\[0\]$_DFFE_PP_/DE
     643* |       0 |      31 |        0 |      0 |     0 |    +0.0% |   -0.687 |      -18.9 |    -1595.7 |   7002 | u_anchor.miss_fifo0.mem_1r1w.synth.nz.mem\[7\]\[0\]$_DFFE_PP_/DE
     644* |       0 |      31 |        0 |      0 |     0 |    +0.0% |   -0.687 |      -18.9 |    -1595.7 |   7002 | u_anchor.miss_fifo0.mem_1r1w.synth.nz.mem\[7\]\[0\]$_DFFE_PP_/DE
     645* |       0 |      31 |        0 |      0 |     0 |    +0.0% |   -0.687 |      -18.9 |    -1595.7 |   7002 | u_anchor.miss_fifo0.mem_1r1w.synth.nz.mem\[7\]\[0\]$_DFFE_PP_/DE
     646* |       0 |      31 |        0 |      0 |     0 |    +0.0% |   -0.687 |      -18.9 |    -1595.7 |   7002 | u_anchor.miss_fifo0.mem_1r1w.synth.nz.mem\[7\]\[0\]$_DFFE_PP_/DE
     647* |       0 |      31 |        0 |      0 |     0 |    +0.0% |   -0.687 |      -18.9 |    -1595.7 |   7002 | u_anchor.miss_fifo0.mem_1r1w.synth.nz.mem\[7\]\[0\]$_DFFE_PP_/DE
     648* |       0 |      31 |        0 |      0 |     0 |    +0.0% |   -0.687 |      -18.9 |    -1595.7 |   7002 | u_anchor.miss_fifo0.mem_1r1w.synth.nz.mem\[7\]\[0\]$_DFFE_PP_/DE
     649* |       0 |      31 |        0 |      0 |     0 |    +0.0% |   -0.687 |      -18.9 |    -1595.7 |   7002 | u_anchor.miss_fifo0.mem_1r1w.synth.nz.mem\[7\]\[0\]$_DFFE_PP_/DE
     650* |       0 |      31 |        0 |      0 |     0 |    +0.0% |   -0.687 |      -18.9 |    -1595.7 |   7002 | u_anchor.miss_fifo0.mem_1r1w.synth.nz.mem\[7\]\[0\]$_DFFE_PP_/DE
     650* |       0 |      31 |        0 |      0 |     0 |    +0.0% |   -0.687 |      -18.9 |    -1595.7 |   7002 | u_anchor.miss_fifo0.mem_1r1w.synth.nz.mem\[7\]\[0\]$_DFFE_PP_/DE
     651* |       0 |      31 |        0 |      0 |     0 |    +0.0% |   -0.687 |      -18.9 |    -1595.7 |   7002 | u_anchor.miss_fifo0.mem_1r1w.synth.nz.mem\[7\]\[0\]$_DFFE_PP_/DE
     652* |       0 |      31 |        0 |      0 |     0 |    +0.0% |   -0.687 |      -18.9 |    -1595.7 |   7002 | u_anchor.miss_fifo0.mem_1r1w.synth.nz.mem\[7\]\[0\]$_DFFE_PP_/DE
     653* |       0 |      31 |        0 |      0 |     0 |    +0.0% |   -0.687 |      -18.9 |    -1595.7 |   7002 | u_anchor.miss_fifo0.mem_1r1w.synth.nz.mem\[7\]\[0\]$_DFFE_PP_/DE
     654* |       0 |      31 |        0 |      0 |     0 |    +0.0% |   -0.687 |      -18.9 |    -1595.7 |   7002 | u_anchor.miss_fifo0.mem_1r1w.synth.nz.mem\[7\]\[0\]$_DFFE_PP_/DE
     655* |       0 |      31 |        0 |      0 |     0 |    +0.0% |   -0.687 |      -18.9 |    -1595.7 |   7002 | u_anchor.miss_fifo0.mem_1r1w.synth.nz.mem\[7\]\[0\]$_DFFE_PP_/DE
     656* |       0 |      31 |        0 |      0 |     0 |    +0.0% |   -0.687 |      -18.9 |    -1595.7 |   7002 | u_anchor.miss_fifo0.mem_1r1w.synth.nz.mem\[7\]\[0\]$_DFFE_PP_/DE
     657* |       0 |      31 |        0 |      0 |     0 |    +0.0% |   -0.687 |      -18.9 |    -1595.7 |   7002 | u_anchor.miss_fifo0.mem_1r1w.synth.nz.mem\[7\]\[0\]$_DFFE_PP_/DE
     658* |       0 |      31 |        0 |      0 |     0 |    +0.0% |   -0.687 |      -18.9 |    -1595.7 |   7002 | u_anchor.miss_fifo0.mem_1r1w.synth.nz.mem\[7\]\[0\]$_DFFE_PP_/DE
     659* |       0 |      31 |        0 |      0 |     0 |    +0.0% |   -0.687 |      -18.9 |    -1595.7 |   7002 | u_anchor.miss_fifo0.mem_1r1w.synth.nz.mem\[7\]\[0\]$_DFFE_PP_/DE
     660* |       0 |      31 |        0 |      0 |     0 |    +0.0% |   -0.687 |      -18.9 |    -1595.7 |   7002 | u_anchor.miss_fifo0.mem_1r1w.synth.nz.mem\[7\]\[0\]$_DFFE_PP_/DE
     660* |       0 |      31 |        0 |      0 |     0 |    +0.0% |   -0.687 |      -18.9 |    -1595.7 |   7002 | u_anchor.miss_fifo0.mem_1r1w.synth.nz.mem\[7\]\[0\]$_DFFE_PP_/DE
     661* |       0 |      31 |        0 |      0 |     0 |    +0.0% |   -0.687 |      -18.9 |    -1595.7 |   7002 | u_anchor.miss_fifo0.mem_1r1w.synth.nz.mem\[7\]\[0\]$_DFFE_PP_/DE
     662* |       0 |      31 |        0 |      0 |     0 |    +0.0% |   -0.687 |      -18.9 |    -1595.7 |   7002 | u_anchor.miss_fifo0.mem_1r1w.synth.nz.mem\[7\]\[0\]$_DFFE_PP_/DE
     663* |       0 |      31 |        0 |      0 |     0 |    +0.0% |   -0.687 |      -18.9 |    -1595.7 |   7002 | u_anchor.miss_fifo0.mem_1r1w.synth.nz.mem\[7\]\[0\]$_DFFE_PP_/DE
     664* |       0 |      31 |        0 |      0 |     0 |    +0.0% |   -0.687 |      -18.9 |    -1595.7 |   7002 | u_anchor.miss_fifo0.mem_1r1w.synth.nz.mem\[7\]\[0\]$_DFFE_PP_/DE
     665* |       0 |      31 |        0 |      0 |     0 |    +0.0% |   -0.687 |      -18.9 |    -1595.7 |   7002 | u_anchor.miss_fifo0.mem_1r1w.synth.nz.mem\[7\]\[0\]$_DFFE_PP_/DE
     666* |       0 |      31 |        0 |      0 |     0 |    +0.0% |   -0.687 |      -18.9 |    -1595.7 |   7002 | u_anchor.miss_fifo0.mem_1r1w.synth.nz.mem\[7\]\[0\]$_DFFE_PP_/DE
     667* |       0 |      31 |        0 |      0 |     0 |    +0.0% |   -0.687 |      -18.9 |    -1595.7 |   7002 | u_anchor.miss_fifo0.mem_1r1w.synth.nz.mem\[7\]\[0\]$_DFFE_PP_/DE
     668* |       0 |      31 |        0 |      0 |     0 |    +0.0% |   -0.687 |      -18.9 |    -1595.7 |   7002 | u_anchor.miss_fifo0.mem_1r1w.synth.nz.mem\[7\]\[0\]$_DFFE_PP_/DE
     669* |       0 |      31 |        0 |      0 |     0 |    +0.0% |   -0.687 |      -18.9 |    -1595.7 |   7002 | u_anchor.miss_fifo0.mem_1r1w.synth.nz.mem\[7\]\[0\]$_DFFE_PP_/DE
     670* |       0 |      31 |        0 |      0 |     0 |    +0.0% |   -0.687 |      -18.9 |    -1595.7 |   7002 | u_anchor.miss_fifo0.mem_1r1w.synth.nz.mem\[7\]\[0\]$_DFFE_PP_/DE
     670* |       0 |      31 |        0 |      0 |     0 |    +0.0% |   -0.687 |      -18.9 |    -1595.7 |   7002 | u_anchor.miss_fifo0.mem_1r1w.synth.nz.mem\[7\]\[0\]$_DFFE_PP_/DE
     671* |       0 |      31 |        0 |      0 |     0 |    +0.0% |   -0.687 |      -18.9 |    -1595.7 |   7002 | u_anchor.miss_fifo0.mem_1r1w.synth.nz.mem\[7\]\[0\]$_DFFE_PP_/DE
     672* |       0 |      31 |        0 |      0 |     0 |    +0.0% |   -0.687 |      -18.9 |    -1595.7 |   7002 | u_anchor.miss_fifo0.mem_1r1w.synth.nz.mem\[7\]\[0\]$_DFFE_PP_/DE
     673* |       0 |      31 |        0 |      0 |     0 |    +0.0% |   -0.687 |      -18.9 |    -1595.7 |   7002 | u_anchor.miss_fifo0.mem_1r1w.synth.nz.mem\[7\]\[0\]$_DFFE_PP_/DE
     674* |       0 |      31 |        0 |      0 |     0 |    +0.0% |   -0.687 |      -18.9 |    -1595.7 |   7002 | u_anchor.miss_fifo0.mem_1r1w.synth.nz.mem\[7\]\[0\]$_DFFE_PP_/DE
     675* |       0 |      31 |        0 |      0 |     0 |    +0.0% |   -0.687 |      -18.9 |    -1595.7 |   7002 | u_anchor.miss_fifo0.mem_1r1w.synth.nz.mem\[7\]\[0\]$_DFFE_PP_/DE
     676* |       0 |      31 |        0 |      0 |     0 |    +0.0% |   -0.687 |      -18.9 |    -1595.7 |   7002 | u_anchor.miss_fifo0.mem_1r1w.synth.nz.mem\[7\]\[0\]$_DFFE_PP_/DE
     677* |       0 |      31 |        0 |      0 |     0 |    +0.0% |   -0.687 |      -18.9 |    -1595.7 |   7002 | u_anchor.miss_fifo0.mem_1r1w.synth.nz.mem\[7\]\[0\]$_DFFE_PP_/DE
     678* |       0 |      31 |        0 |      0 |     0 |    +0.0% |   -0.687 |      -18.9 |    -1595.7 |   7002 | u_anchor.miss_fifo0.mem_1r1w.synth.nz.mem\[7\]\[0\]$_DFFE_PP_/DE
     679* |       0 |      31 |        0 |      0 |     0 |    +0.0% |   -0.687 |      -18.9 |    -1595.7 |   7002 | u_anchor.miss_fifo0.mem_1r1w.synth.nz.mem\[7\]\[0\]$_DFFE_PP_/DE
     680* |       0 |      31 |        0 |      0 |     0 |    +0.0% |   -0.687 |      -18.9 |    -1595.7 |   7002 | u_anchor.miss_fifo0.mem_1r1w.synth.nz.mem\[7\]\[0\]$_DFFE_PP_/DE
     680* |       0 |      31 |        0 |      0 |     0 |    +0.0% |   -0.687 |      -18.9 |    -1595.7 |   7002 | u_anchor.miss_fifo0.mem_1r1w.synth.nz.mem\[7\]\[0\]$_DFFE_PP_/DE
     681* |       0 |      31 |        0 |      0 |     0 |    +0.0% |   -0.687 |      -18.9 |    -1595.7 |   7002 | u_anchor.miss_fifo0.mem_1r1w.synth.nz.mem\[7\]\[0\]$_DFFE_PP_/DE
     682* |       0 |      31 |        0 |      0 |     0 |    +0.0% |   -0.687 |      -18.9 |    -1595.7 |   7002 | u_anchor.miss_fifo0.mem_1r1w.synth.nz.mem\[7\]\[0\]$_DFFE_PP_/DE
     683* |       0 |      31 |        0 |      0 |     0 |    +0.0% |   -0.687 |      -18.9 |    -1595.7 |   7002 | u_anchor.miss_fifo0.mem_1r1w.synth.nz.mem\[7\]\[0\]$_DFFE_PP_/DE
     684* |       0 |      31 |        0 |      0 |     0 |    +0.0% |   -0.687 |      -18.9 |    -1595.7 |   7002 | u_anchor.miss_fifo0.mem_1r1w.synth.nz.mem\[7\]\[0\]$_DFFE_PP_/DE
     685* |       0 |      31 |        0 |      0 |     0 |    +0.0% |   -0.687 |      -18.9 |    -1595.7 |   7002 | u_anchor.miss_fifo0.mem_1r1w.synth.nz.mem\[7\]\[0\]$_DFFE_PP_/DE
     686* |       0 |      31 |        0 |      0 |     0 |    +0.0% |   -0.687 |      -18.9 |    -1595.7 |   7002 | u_anchor.miss_fifo0.mem_1r1w.synth.nz.mem\[7\]\[0\]$_DFFE_PP_/DE
     687* |       0 |      31 |        0 |      0 |     0 |    +0.0% |   -0.687 |      -18.9 |    -1595.7 |   7002 | u_anchor.miss_fifo0.mem_1r1w.synth.nz.mem\[7\]\[0\]$_DFFE_PP_/DE
     688* |       0 |      31 |        0 |      0 |     0 |    +0.0% |   -0.687 |      -18.9 |    -1595.7 |   7002 | u_anchor.miss_fifo0.mem_1r1w.synth.nz.mem\[7\]\[0\]$_DFFE_PP_/DE
     689* |       0 |      31 |        0 |      0 |     0 |    +0.0% |   -0.687 |      -18.9 |    -1595.7 |   7002 | u_anchor.miss_fifo0.mem_1r1w.synth.nz.mem\[7\]\[0\]$_DFFE_PP_/DE
     690* |       0 |      31 |        0 |      0 |     0 |    +0.0% |   -0.687 |      -18.9 |    -1595.7 |   7002 | u_anchor.miss_fifo0.mem_1r1w.synth.nz.mem\[7\]\[0\]$_DFFE_PP_/DE
     690* |       0 |      31 |        0 |      0 |     0 |    +0.0% |   -0.687 |      -18.9 |    -1595.7 |   7002 | u_anchor.miss_fifo0.mem_1r1w.synth.nz.mem\[7\]\[0\]$_DFFE_PP_/DE
     691* |       0 |      31 |        0 |      0 |     0 |    +0.0% |   -0.687 |      -18.9 |    -1595.7 |   7002 | u_anchor.miss_fifo0.mem_1r1w.synth.nz.mem\[7\]\[0\]$_DFFE_PP_/DE
     692* |       0 |      31 |        0 |      0 |     0 |    +0.0% |   -0.687 |      -18.9 |    -1595.7 |   7002 | u_anchor.miss_fifo0.mem_1r1w.synth.nz.mem\[7\]\[0\]$_DFFE_PP_/DE
     693* |       0 |      31 |        0 |      0 |     0 |    +0.0% |   -0.687 |      -18.9 |    -1595.7 |   7002 | u_anchor.miss_fifo0.mem_1r1w.synth.nz.mem\[7\]\[0\]$_DFFE_PP_/DE
     694* |       0 |      31 |        0 |      0 |     0 |    +0.0% |   -0.687 |      -18.9 |    -1595.7 |   7002 | u_anchor.miss_fifo0.mem_1r1w.synth.nz.mem\[7\]\[0\]$_DFFE_PP_/DE
     695* |       0 |      31 |        0 |      0 |     0 |    +0.0% |   -0.687 |      -18.9 |    -1595.7 |   7002 | u_anchor.miss_fifo0.mem_1r1w.synth.nz.mem\[7\]\[0\]$_DFFE_PP_/DE
     696* |       0 |      31 |        0 |      0 |     0 |    +0.0% |   -0.687 |      -18.9 |    -1595.7 |   7002 | u_anchor.miss_fifo0.mem_1r1w.synth.nz.mem\[7\]\[0\]$_DFFE_PP_/DE
     697* |       0 |      31 |        0 |      0 |     0 |    +0.0% |   -0.687 |      -18.9 |    -1595.7 |   7002 | u_anchor.miss_fifo0.mem_1r1w.synth.nz.mem\[7\]\[0\]$_DFFE_PP_/DE
     698* |       0 |      31 |        0 |      0 |     0 |    +0.0% |   -0.687 |      -18.9 |    -1595.7 |   7002 | u_anchor.miss_fifo0.mem_1r1w.synth.nz.mem\[7\]\[0\]$_DFFE_PP_/DE
     699* |       0 |      31 |        0 |      0 |     0 |    +0.0% |   -0.687 |      -18.9 |    -1595.7 |   7002 | u_anchor.miss_fifo0.mem_1r1w.synth.nz.mem\[7\]\[0\]$_DFFE_PP_/DE
     700* |       0 |      31 |        0 |      0 |     0 |    +0.0% |   -0.687 |      -18.9 |    -1595.7 |   7002 | u_anchor.miss_fifo0.mem_1r1w.synth.nz.mem\[7\]\[0\]$_DFFE_PP_/DE
     700* |       0 |      31 |        0 |      0 |     0 |    +0.0% |   -0.687 |      -18.9 |    -1595.7 |   7002 | u_anchor.miss_fifo0.mem_1r1w.synth.nz.mem\[7\]\[0\]$_DFFE_PP_/DE
     701* |       0 |      31 |        0 |      0 |     0 |    +0.0% |   -0.687 |      -18.9 |    -1595.7 |   7002 | u_anchor.miss_fifo0.mem_1r1w.synth.nz.mem\[7\]\[0\]$_DFFE_PP_/DE
     702* |       0 |      31 |        0 |      0 |     0 |    +0.0% |   -0.687 |      -18.9 |    -1595.7 |   7002 | u_anchor.miss_fifo0.mem_1r1w.synth.nz.mem\[7\]\[0\]$_DFFE_PP_/DE
     703* |       0 |      31 |        0 |      0 |     0 |    +0.0% |   -0.687 |      -18.9 |    -1595.7 |   7002 | u_anchor.miss_fifo0.mem_1r1w.synth.nz.mem\[7\]\[0\]$_DFFE_PP_/DE
     704* |       0 |      31 |        0 |      0 |     0 |    +0.0% |   -0.687 |      -18.9 |    -1595.7 |   7002 | u_anchor.miss_fifo0.mem_1r1w.synth.nz.mem\[7\]\[0\]$_DFFE_PP_/DE
     705* |       0 |      31 |        0 |      0 |     0 |    +0.0% |   -0.687 |      -18.9 |    -1595.7 |   7002 | u_anchor.miss_fifo0.mem_1r1w.synth.nz.mem\[7\]\[0\]$_DFFE_PP_/DE
     706* |       0 |      31 |        0 |      0 |     0 |    +0.0% |   -0.687 |      -18.9 |    -1595.7 |   7002 | u_anchor.miss_fifo0.mem_1r1w.synth.nz.mem\[7\]\[0\]$_DFFE_PP_/DE
     707* |       0 |      31 |        0 |      0 |     0 |    +0.0% |   -0.687 |      -18.9 |    -1595.7 |   7002 | u_anchor.miss_fifo0.mem_1r1w.synth.nz.mem\[7\]\[0\]$_DFFE_PP_/DE
     708* |       0 |      31 |        0 |      0 |     0 |    +0.0% |   -0.687 |      -18.9 |    -1595.7 |   7002 | u_anchor.miss_fifo0.mem_1r1w.synth.nz.mem\[7\]\[0\]$_DFFE_PP_/DE
     709* |       0 |      31 |        0 |      0 |     0 |    +0.0% |   -0.687 |      -18.9 |    -1595.7 |   7002 | u_anchor.miss_fifo0.mem_1r1w.synth.nz.mem\[7\]\[0\]$_DFFE_PP_/DE
     710* |       0 |      31 |        0 |      0 |     0 |    +0.0% |   -0.687 |      -18.9 |    -1595.7 |   7002 | u_anchor.miss_fifo0.mem_1r1w.synth.nz.mem\[7\]\[0\]$_DFFE_PP_/DE
     710* |       0 |      31 |        0 |      0 |     0 |    +0.0% |   -0.687 |      -18.9 |    -1595.7 |   7002 | u_anchor.miss_fifo0.mem_1r1w.synth.nz.mem\[7\]\[0\]$_DFFE_PP_/DE
     711* |       0 |      31 |        0 |      0 |     0 |    +0.0% |   -0.687 |      -18.9 |    -1595.7 |   7002 | u_anchor.miss_fifo0.mem_1r1w.synth.nz.mem\[7\]\[0\]$_DFFE_PP_/DE
     712* |       0 |      31 |        0 |      0 |     0 |    +0.0% |   -0.687 |      -18.9 |    -1595.7 |   7002 | u_anchor.miss_fifo0.mem_1r1w.synth.nz.mem\[7\]\[0\]$_DFFE_PP_/DE
     713* |       0 |      31 |        0 |      0 |     0 |    +0.0% |   -0.687 |      -18.9 |    -1595.7 |   7002 | u_anchor.miss_fifo0.mem_1r1w.synth.nz.mem\[7\]\[0\]$_DFFE_PP_/DE
     714* |       0 |      31 |        0 |      0 |     0 |    +0.0% |   -0.687 |      -18.9 |    -1595.7 |   7002 | u_anchor.miss_fifo0.mem_1r1w.synth.nz.mem\[7\]\[0\]$_DFFE_PP_/DE
     715* |       0 |      31 |        0 |      0 |     0 |    +0.0% |   -0.687 |      -18.9 |    -1595.7 |   7002 | u_anchor.miss_fifo0.mem_1r1w.synth.nz.mem\[7\]\[0\]$_DFFE_PP_/DE
     716* |       0 |      31 |        0 |      0 |     0 |    +0.0% |   -0.687 |      -18.9 |    -1595.7 |   7002 | u_anchor.miss_fifo0.mem_1r1w.synth.nz.mem\[7\]\[0\]$_DFFE_PP_/DE
     717* |       0 |      31 |        0 |      0 |     0 |    +0.0% |   -0.687 |      -18.9 |    -1595.7 |   7002 | u_anchor.miss_fifo0.mem_1r1w.synth.nz.mem\[7\]\[0\]$_DFFE_PP_/DE
     718* |       0 |      31 |        0 |      0 |     0 |    +0.0% |   -0.687 |      -18.9 |    -1595.7 |   7002 | u_anchor.miss_fifo0.mem_1r1w.synth.nz.mem\[7\]\[0\]$_DFFE_PP_/DE
     719* |       0 |      31 |        0 |      0 |     0 |    +0.0% |   -0.687 |      -18.9 |    -1595.7 |   7002 | u_anchor.miss_fifo0.mem_1r1w.synth.nz.mem\[7\]\[0\]$_DFFE_PP_/DE
     720* |       0 |      31 |        0 |      0 |     0 |    +0.0% |   -0.687 |      -18.9 |    -1595.7 |   7002 | u_anchor.miss_fifo0.mem_1r1w.synth.nz.mem\[7\]\[0\]$_DFFE_PP_/DE
     720* |       0 |      31 |        0 |      0 |     0 |    +0.0% |   -0.687 |      -18.9 |    -1595.7 |   7002 | u_anchor.miss_fifo0.mem_1r1w.synth.nz.mem\[7\]\[0\]$_DFFE_PP_/DE
     721* |       0 |      31 |        0 |      0 |     0 |    +0.0% |   -0.687 |      -18.9 |    -1595.7 |   7002 | u_anchor.miss_fifo0.mem_1r1w.synth.nz.mem\[7\]\[0\]$_DFFE_PP_/DE
     722* |       0 |      31 |        0 |      0 |     0 |    +0.0% |   -0.687 |      -18.9 |    -1595.7 |   7002 | u_anchor.miss_fifo0.mem_1r1w.synth.nz.mem\[7\]\[0\]$_DFFE_PP_/DE
     723* |       0 |      31 |        0 |      0 |     0 |    +0.0% |   -0.687 |      -18.9 |    -1595.7 |   7002 | u_anchor.miss_fifo0.mem_1r1w.synth.nz.mem\[7\]\[0\]$_DFFE_PP_/DE
     724* |       0 |      31 |        0 |      0 |     0 |    +0.0% |   -0.687 |      -18.9 |    -1595.7 |   7002 | u_anchor.miss_fifo0.mem_1r1w.synth.nz.mem\[7\]\[0\]$_DFFE_PP_/DE
     725* |       0 |      31 |        0 |      0 |     0 |    +0.0% |   -0.687 |      -18.9 |    -1595.7 |   7002 | u_anchor.miss_fifo0.mem_1r1w.synth.nz.mem\[7\]\[0\]$_DFFE_PP_/DE
     726* |       0 |      31 |        0 |      0 |     0 |    +0.0% |   -0.687 |      -18.9 |    -1595.7 |   7002 | u_anchor.miss_fifo0.mem_1r1w.synth.nz.mem\[7\]\[0\]$_DFFE_PP_/DE
     727* |       0 |      31 |        0 |      0 |     0 |    +0.0% |   -0.687 |      -18.9 |    -1595.7 |   7002 | u_anchor.miss_fifo0.mem_1r1w.synth.nz.mem\[7\]\[0\]$_DFFE_PP_/DE
     728* |       0 |      31 |        0 |      0 |     0 |    +0.0% |   -0.687 |      -18.9 |    -1595.7 |   7002 | u_anchor.miss_fifo0.mem_1r1w.synth.nz.mem\[7\]\[0\]$_DFFE_PP_/DE
     729* |       0 |      31 |        0 |      0 |     0 |    +0.0% |   -0.687 |      -18.9 |    -1595.7 |   7002 | u_anchor.miss_fifo0.mem_1r1w.synth.nz.mem\[7\]\[0\]$_DFFE_PP_/DE
     730* |       0 |      31 |        0 |      0 |     0 |    +0.0% |   -0.687 |      -18.9 |    -1595.7 |   7002 | u_anchor.miss_fifo0.mem_1r1w.synth.nz.mem\[7\]\[0\]$_DFFE_PP_/DE
     730* |       0 |      31 |        0 |      0 |     0 |    +0.0% |   -0.687 |      -18.9 |    -1595.7 |   7002 | u_anchor.miss_fifo0.mem_1r1w.synth.nz.mem\[7\]\[0\]$_DFFE_PP_/DE
     731* |       0 |      31 |        0 |      0 |     0 |    +0.0% |   -0.687 |      -18.9 |    -1595.7 |   7002 | u_anchor.miss_fifo0.mem_1r1w.synth.nz.mem\[7\]\[0\]$_DFFE_PP_/DE
     732* |       0 |      31 |        0 |      0 |     0 |    +0.0% |   -0.687 |      -18.9 |    -1595.7 |   7002 | u_anchor.miss_fifo0.mem_1r1w.synth.nz.mem\[7\]\[0\]$_DFFE_PP_/DE
     733* |       0 |      31 |        0 |      0 |     0 |    +0.0% |   -0.687 |      -18.9 |    -1595.7 |   7002 | u_anchor.miss_fifo0.mem_1r1w.synth.nz.mem\[7\]\[0\]$_DFFE_PP_/DE
     734* |       0 |      31 |        0 |      0 |     0 |    +0.0% |   -0.687 |      -18.9 |    -1595.7 |   7002 | u_anchor.miss_fifo0.mem_1r1w.synth.nz.mem\[7\]\[0\]$_DFFE_PP_/DE
     735* |       0 |      31 |        0 |      0 |     0 |    +0.0% |   -0.687 |      -18.9 |    -1595.7 |   7002 | u_anchor.miss_fifo0.mem_1r1w.synth.nz.mem\[7\]\[0\]$_DFFE_PP_/DE
     736* |       0 |      31 |        0 |      0 |     0 |    +0.0% |   -0.687 |      -18.9 |    -1595.7 |   7002 | u_anchor.miss_fifo0.mem_1r1w.synth.nz.mem\[7\]\[0\]$_DFFE_PP_/DE
     737* |       0 |      31 |        0 |      0 |     0 |    +0.0% |   -0.687 |      -18.9 |    -1595.7 |   7002 | u_anchor.miss_fifo0.mem_1r1w.synth.nz.mem\[7\]\[0\]$_DFFE_PP_/DE
     738* |       0 |      31 |        0 |      0 |     0 |    +0.0% |   -0.687 |      -18.9 |    -1595.7 |   7002 | u_anchor.miss_fifo0.mem_1r1w.synth.nz.mem\[7\]\[0\]$_DFFE_PP_/DE
     739* |       0 |      31 |        0 |      0 |     0 |    +0.0% |   -0.687 |      -18.9 |    -1595.7 |   7002 | u_anchor.miss_fifo0.mem_1r1w.synth.nz.mem\[7\]\[0\]$_DFFE_PP_/DE
     740* |       0 |      31 |        0 |      0 |     0 |    +0.0% |   -0.687 |      -18.9 |    -1595.7 |   7002 | u_anchor.miss_fifo0.mem_1r1w.synth.nz.mem\[7\]\[0\]$_DFFE_PP_/DE
     740* |       0 |      31 |        0 |      0 |     0 |    +0.0% |   -0.687 |      -18.9 |    -1595.7 |   7002 | u_anchor.miss_fifo0.mem_1r1w.synth.nz.mem\[7\]\[0\]$_DFFE_PP_/DE
     741* |       0 |      31 |        0 |      0 |     0 |    +0.0% |   -0.687 |      -18.9 |    -1595.7 |   7002 | u_anchor.miss_fifo0.mem_1r1w.synth.nz.mem\[7\]\[0\]$_DFFE_PP_/DE
     742* |       0 |      31 |        0 |      0 |     0 |    +0.0% |   -0.687 |      -18.9 |    -1595.7 |   7002 | u_anchor.miss_fifo0.mem_1r1w.synth.nz.mem\[7\]\[0\]$_DFFE_PP_/DE
     743* |       0 |      31 |        0 |      0 |     0 |    +0.0% |   -0.687 |      -18.9 |    -1595.7 |   7002 | u_anchor.miss_fifo0.mem_1r1w.synth.nz.mem\[7\]\[0\]$_DFFE_PP_/DE
     744* |       0 |      31 |        0 |      0 |     0 |    +0.0% |   -0.687 |      -18.9 |    -1595.7 |   7002 | u_anchor.miss_fifo0.mem_1r1w.synth.nz.mem\[7\]\[0\]$_DFFE_PP_/DE
     745* |       0 |      31 |        0 |      0 |     0 |    +0.0% |   -0.687 |      -18.9 |    -1595.7 |   7002 | u_anchor.miss_fifo0.mem_1r1w.synth.nz.mem\[7\]\[0\]$_DFFE_PP_/DE
     746* |       0 |      31 |        0 |      0 |     0 |    +0.0% |   -0.687 |      -18.9 |    -1595.7 |   7002 | u_anchor.miss_fifo0.mem_1r1w.synth.nz.mem\[7\]\[0\]$_DFFE_PP_/DE
     747* |       0 |      31 |        0 |      0 |     0 |    +0.0% |   -0.687 |      -18.9 |    -1595.7 |   7002 | u_anchor.miss_fifo0.mem_1r1w.synth.nz.mem\[7\]\[0\]$_DFFE_PP_/DE
     748* |       0 |      31 |        0 |      0 |     0 |    +0.0% |   -0.687 |      -18.9 |    -1595.7 |   7002 | u_anchor.miss_fifo0.mem_1r1w.synth.nz.mem\[7\]\[0\]$_DFFE_PP_/DE
     749* |       0 |      31 |        0 |      0 |     0 |    +0.0% |   -0.687 |      -18.9 |    -1595.7 |   7002 | u_anchor.miss_fifo0.mem_1r1w.synth.nz.mem\[7\]\[0\]$_DFFE_PP_/DE
     750* |       0 |      31 |        0 |      0 |     0 |    +0.0% |   -0.687 |      -18.9 |    -1595.7 |   7002 | u_anchor.miss_fifo0.mem_1r1w.synth.nz.mem\[7\]\[0\]$_DFFE_PP_/DE
     750* |       0 |      31 |        0 |      0 |     0 |    +0.0% |   -0.687 |      -18.9 |    -1595.7 |   7002 | u_anchor.miss_fifo0.mem_1r1w.synth.nz.mem\[7\]\[0\]$_DFFE_PP_/DE
     751* |       0 |      31 |        0 |      0 |     0 |    +0.0% |   -0.687 |      -18.9 |    -1595.7 |   7002 | u_anchor.miss_fifo0.mem_1r1w.synth.nz.mem\[7\]\[0\]$_DFFE_PP_/DE
     752* |       0 |      31 |        0 |      0 |     0 |    +0.0% |   -0.687 |      -18.9 |    -1595.7 |   7002 | u_anchor.miss_fifo0.mem_1r1w.synth.nz.mem\[7\]\[0\]$_DFFE_PP_/DE
     753* |       0 |      31 |        0 |      0 |     0 |    +0.0% |   -0.687 |      -18.9 |    -1595.7 |   7002 | u_anchor.miss_fifo0.mem_1r1w.synth.nz.mem\[7\]\[0\]$_DFFE_PP_/DE
     754* |       0 |      31 |        0 |      0 |     0 |    +0.0% |   -0.687 |      -18.9 |    -1595.7 |   7002 | u_anchor.miss_fifo0.mem_1r1w.synth.nz.mem\[7\]\[0\]$_DFFE_PP_/DE
     755* |       0 |      31 |        0 |      0 |     0 |    +0.0% |   -0.687 |      -18.9 |    -1595.7 |   7002 | u_anchor.miss_fifo0.mem_1r1w.synth.nz.mem\[7\]\[0\]$_DFFE_PP_/DE
     756* |       0 |      31 |        0 |      0 |     0 |    +0.0% |   -0.687 |      -18.9 |    -1595.7 |   7002 | u_anchor.miss_fifo0.mem_1r1w.synth.nz.mem\[7\]\[0\]$_DFFE_PP_/DE
     757* |       0 |      31 |        0 |      0 |     0 |    +0.0% |   -0.687 |      -18.9 |    -1595.7 |   7002 | u_anchor.miss_fifo0.mem_1r1w.synth.nz.mem\[7\]\[0\]$_DFFE_PP_/DE
     758* |       0 |      31 |        0 |      0 |     0 |    +0.0% |   -0.687 |      -18.9 |    -1595.7 |   7002 | u_anchor.miss_fifo0.mem_1r1w.synth.nz.mem\[7\]\[0\]$_DFFE_PP_/DE
     759* |       0 |      31 |        0 |      0 |     0 |    +0.0% |   -0.687 |      -18.9 |    -1595.7 |   7002 | u_anchor.miss_fifo0.mem_1r1w.synth.nz.mem\[7\]\[0\]$_DFFE_PP_/DE
     760* |       0 |      31 |        0 |      0 |     0 |    +0.0% |   -0.687 |      -18.9 |    -1595.7 |   7002 | u_anchor.miss_fifo0.mem_1r1w.synth.nz.mem\[7\]\[0\]$_DFFE_PP_/DE
     760* |       0 |      31 |        0 |      0 |     0 |    +0.0% |   -0.687 |      -18.9 |    -1595.7 |   7002 | u_anchor.miss_fifo0.mem_1r1w.synth.nz.mem\[7\]\[0\]$_DFFE_PP_/DE
     761* |       0 |      31 |        0 |      0 |     0 |    +0.0% |   -0.687 |      -18.9 |    -1595.7 |   7002 | u_anchor.miss_fifo0.mem_1r1w.synth.nz.mem\[7\]\[0\]$_DFFE_PP_/DE
     762* |       0 |      31 |        0 |      0 |     0 |    +0.0% |   -0.687 |      -18.9 |    -1595.7 |   7002 | u_anchor.miss_fifo0.mem_1r1w.synth.nz.mem\[7\]\[0\]$_DFFE_PP_/DE
     763* |       0 |      31 |        0 |      0 |     0 |    +0.0% |   -0.687 |      -18.9 |    -1595.7 |   7002 | u_anchor.miss_fifo0.mem_1r1w.synth.nz.mem\[7\]\[0\]$_DFFE_PP_/DE
     764* |       0 |      31 |        0 |      0 |     0 |    +0.0% |   -0.687 |      -18.9 |    -1595.7 |   7002 | u_anchor.miss_fifo0.mem_1r1w.synth.nz.mem\[7\]\[0\]$_DFFE_PP_/DE
     765* |       0 |      31 |        0 |      0 |     0 |    +0.0% |   -0.687 |      -18.9 |    -1595.7 |   7002 | u_anchor.miss_fifo0.mem_1r1w.synth.nz.mem\[7\]\[0\]$_DFFE_PP_/DE
     766* |       0 |      31 |        0 |      0 |     0 |    +0.0% |   -0.687 |      -18.9 |    -1595.7 |   7002 | u_anchor.miss_fifo0.mem_1r1w.synth.nz.mem\[7\]\[0\]$_DFFE_PP_/DE
     767* |       0 |      31 |        0 |      0 |     0 |    +0.0% |   -0.687 |      -18.9 |    -1595.7 |   7002 | u_anchor.miss_fifo0.mem_1r1w.synth.nz.mem\[7\]\[0\]$_DFFE_PP_/DE
     768* |       0 |      31 |        0 |      0 |     0 |    +0.0% |   -0.687 |      -18.9 |    -1595.7 |   7002 | u_anchor.miss_fifo0.mem_1r1w.synth.nz.mem\[7\]\[0\]$_DFFE_PP_/DE
     769* |       0 |      31 |        0 |      0 |     0 |    +0.0% |   -0.687 |      -18.9 |    -1595.7 |   7002 | u_anchor.miss_fifo0.mem_1r1w.synth.nz.mem\[7\]\[0\]$_DFFE_PP_/DE
     770* |       0 |      31 |        0 |      0 |     0 |    +0.0% |   -0.687 |      -18.9 |    -1595.7 |   7002 | u_anchor.miss_fifo0.mem_1r1w.synth.nz.mem\[7\]\[0\]$_DFFE_PP_/DE
     770* |       0 |      31 |        0 |      0 |     0 |    +0.0% |   -0.687 |      -18.9 |    -1595.7 |   7002 | u_anchor.miss_fifo0.mem_1r1w.synth.nz.mem\[7\]\[0\]$_DFFE_PP_/DE
     771* |       0 |      31 |        0 |      0 |     0 |    +0.0% |   -0.687 |      -18.9 |    -1595.7 |   7002 | u_anchor.miss_fifo0.mem_1r1w.synth.nz.mem\[7\]\[0\]$_DFFE_PP_/DE
     772* |       0 |      31 |        0 |      0 |     0 |    +0.0% |   -0.687 |      -18.9 |    -1595.7 |   7002 | u_anchor.miss_fifo0.mem_1r1w.synth.nz.mem\[7\]\[0\]$_DFFE_PP_/DE
     773* |       0 |      31 |        0 |      0 |     0 |    +0.0% |   -0.687 |      -18.9 |    -1595.7 |   7002 | u_anchor.miss_fifo0.mem_1r1w.synth.nz.mem\[7\]\[0\]$_DFFE_PP_/DE
     774* |       0 |      31 |        0 |      0 |     0 |    +0.0% |   -0.687 |      -18.9 |    -1595.7 |   7002 | u_anchor.miss_fifo0.mem_1r1w.synth.nz.mem\[7\]\[0\]$_DFFE_PP_/DE
     775* |       0 |      31 |        0 |      0 |     0 |    +0.0% |   -0.687 |      -18.9 |    -1595.7 |   7002 | u_anchor.miss_fifo0.mem_1r1w.synth.nz.mem\[7\]\[0\]$_DFFE_PP_/DE
     776* |       0 |      31 |        0 |      0 |     0 |    +0.0% |   -0.687 |      -18.9 |    -1595.7 |   7002 | u_anchor.miss_fifo0.mem_1r1w.synth.nz.mem\[7\]\[0\]$_DFFE_PP_/DE
     777* |       0 |      31 |        0 |      0 |     0 |    +0.0% |   -0.687 |      -18.9 |    -1595.7 |   7002 | u_anchor.miss_fifo0.mem_1r1w.synth.nz.mem\[7\]\[0\]$_DFFE_PP_/DE
     778* |       0 |      31 |        0 |      0 |     0 |    +0.0% |   -0.687 |      -18.9 |    -1595.7 |   7002 | u_anchor.miss_fifo0.mem_1r1w.synth.nz.mem\[7\]\[0\]$_DFFE_PP_/DE
     779* |       0 |      31 |        0 |      0 |     0 |    +0.0% |   -0.687 |      -18.9 |    -1595.7 |   7002 | u_anchor.miss_fifo0.mem_1r1w.synth.nz.mem\[7\]\[0\]$_DFFE_PP_/DE
     780* |       0 |      31 |        0 |      0 |     0 |    +0.0% |   -0.687 |      -18.9 |    -1595.7 |   7002 | u_anchor.miss_fifo0.mem_1r1w.synth.nz.mem\[7\]\[0\]$_DFFE_PP_/DE
     780* |       0 |      31 |        0 |      0 |     0 |    +0.0% |   -0.687 |      -18.9 |    -1595.7 |   7002 | u_anchor.miss_fifo0.mem_1r1w.synth.nz.mem\[7\]\[0\]$_DFFE_PP_/DE
     781* |       0 |      31 |        0 |      0 |     0 |    +0.0% |   -0.687 |      -18.9 |    -1595.7 |   7002 | u_anchor.miss_fifo0.mem_1r1w.synth.nz.mem\[7\]\[0\]$_DFFE_PP_/DE
     782* |       0 |      31 |        0 |      0 |     0 |    +0.0% |   -0.687 |      -18.9 |    -1595.7 |   7002 | u_anchor.miss_fifo0.mem_1r1w.synth.nz.mem\[7\]\[0\]$_DFFE_PP_/DE
     783* |       0 |      31 |        0 |      0 |     0 |    +0.0% |   -0.687 |      -18.9 |    -1595.7 |   7002 | u_anchor.miss_fifo0.mem_1r1w.synth.nz.mem\[7\]\[0\]$_DFFE_PP_/DE
     784* |       0 |      31 |        0 |      0 |     0 |    +0.0% |   -0.687 |      -18.9 |    -1595.7 |   7002 | u_anchor.miss_fifo0.mem_1r1w.synth.nz.mem\[7\]\[0\]$_DFFE_PP_/DE
     785* |       0 |      31 |        0 |      0 |     0 |    +0.0% |   -0.687 |      -18.9 |    -1595.7 |   7002 | u_anchor.miss_fifo0.mem_1r1w.synth.nz.mem\[7\]\[0\]$_DFFE_PP_/DE
     786* |       0 |      31 |        0 |      0 |     0 |    +0.0% |   -0.687 |      -18.9 |    -1595.7 |   7002 | u_anchor.miss_fifo0.mem_1r1w.synth.nz.mem\[7\]\[0\]$_DFFE_PP_/DE
     787* |       0 |      31 |        0 |      0 |     0 |    +0.0% |   -0.687 |      -18.9 |    -1595.7 |   7002 | u_anchor.miss_fifo0.mem_1r1w.synth.nz.mem\[7\]\[0\]$_DFFE_PP_/DE
     788* |       0 |      31 |        0 |      0 |     0 |    +0.0% |   -0.687 |      -18.9 |    -1595.7 |   7002 | u_anchor.miss_fifo0.mem_1r1w.synth.nz.mem\[7\]\[0\]$_DFFE_PP_/DE
     789* |       0 |      31 |        0 |      0 |     0 |    +0.0% |   -0.687 |      -18.9 |    -1595.7 |   7002 | u_anchor.miss_fifo0.mem_1r1w.synth.nz.mem\[7\]\[0\]$_DFFE_PP_/DE
     790* |       0 |      31 |        0 |      0 |     0 |    +0.0% |   -0.687 |      -18.9 |    -1595.7 |   7002 | u_anchor.miss_fifo0.mem_1r1w.synth.nz.mem\[7\]\[0\]$_DFFE_PP_/DE
     790* |       0 |      31 |        0 |      0 |     0 |    +0.0% |   -0.687 |      -18.9 |    -1595.7 |   7002 | u_anchor.miss_fifo0.mem_1r1w.synth.nz.mem\[7\]\[0\]$_DFFE_PP_/DE
     791* |       0 |      31 |        0 |      0 |     0 |    +0.0% |   -0.687 |      -18.9 |    -1595.7 |   7002 | u_anchor.miss_fifo0.mem_1r1w.synth.nz.mem\[7\]\[0\]$_DFFE_PP_/DE
     792* |       0 |      31 |        0 |      0 |     0 |    +0.0% |   -0.687 |      -18.9 |    -1595.7 |   7002 | u_anchor.miss_fifo0.mem_1r1w.synth.nz.mem\[7\]\[0\]$_DFFE_PP_/DE
     793* |       0 |      31 |        0 |      0 |     0 |    +0.0% |   -0.687 |      -18.9 |    -1595.7 |   7002 | u_anchor.miss_fifo0.mem_1r1w.synth.nz.mem\[7\]\[0\]$_DFFE_PP_/DE
     794* |       0 |      31 |        0 |      0 |     0 |    +0.0% |   -0.687 |      -18.9 |    -1595.7 |   7002 | u_anchor.miss_fifo0.mem_1r1w.synth.nz.mem\[7\]\[0\]$_DFFE_PP_/DE
     795* |       0 |      31 |        0 |      0 |     0 |    +0.0% |   -0.687 |      -18.9 |    -1595.7 |   7002 | u_anchor.miss_fifo0.mem_1r1w.synth.nz.mem\[7\]\[0\]$_DFFE_PP_/DE
     796* |       0 |      31 |        0 |      0 |     0 |    +0.0% |   -0.687 |      -18.9 |    -1595.7 |   7002 | u_anchor.miss_fifo0.mem_1r1w.synth.nz.mem\[7\]\[0\]$_DFFE_PP_/DE
     797* |       0 |      31 |        0 |      0 |     0 |    +0.0% |   -0.687 |      -18.9 |    -1595.7 |   7002 | u_anchor.miss_fifo0.mem_1r1w.synth.nz.mem\[7\]\[0\]$_DFFE_PP_/DE
     798* |       0 |      31 |        0 |      0 |     0 |    +0.0% |   -0.687 |      -18.9 |    -1595.7 |   7002 | u_anchor.miss_fifo0.mem_1r1w.synth.nz.mem\[7\]\[0\]$_DFFE_PP_/DE
     799* |       0 |      31 |        0 |      0 |     0 |    +0.0% |   -0.687 |      -18.9 |    -1595.7 |   7002 | u_anchor.miss_fifo0.mem_1r1w.synth.nz.mem\[7\]\[0\]$_DFFE_PP_/DE
     800* |       0 |      31 |        0 |      0 |     0 |    +0.0% |   -0.687 |      -18.9 |    -1595.7 |   7002 | u_anchor.miss_fifo0.mem_1r1w.synth.nz.mem\[7\]\[0\]$_DFFE_PP_/DE
     800* |       0 |      31 |        0 |      0 |     0 |    +0.0% |   -0.687 |      -18.9 |    -1595.7 |   7002 | u_anchor.miss_fifo0.mem_1r1w.synth.nz.mem\[7\]\[0\]$_DFFE_PP_/DE
     802* |       0 |      32 |        0 |      0 |     0 |    +0.0% |   -0.687 |      -18.9 |    -1526.7 |   7002 | u_anchor.miss_fifo0.mem_1r1w.synth.nz.mem\[7\]\[0\]$_DFFE_PP_/DE
     804* |       0 |      33 |        0 |      0 |     0 |    +0.0% |   -0.687 |      -18.8 |    -1457.5 |   7002 | u_anchor.miss_fifo0.mem_1r1w.synth.nz.mem\[7\]\[0\]$_DFFE_PP_/DE
     806* |       0 |      34 |        0 |      0 |     0 |    +0.0% |   -0.687 |      -18.8 |    -1388.6 |   7002 | u_anchor.miss_fifo0.mem_1r1w.synth.nz.mem\[7\]\[0\]$_DFFE_PP_/DE
     808* |       0 |      35 |        0 |      0 |     0 |    +0.0% |   -0.687 |      -18.8 |    -1319.9 |   7002 | u_anchor.miss_fifo0.mem_1r1w.synth.nz.mem\[7\]\[0\]$_DFFE_PP_/DE
     810* |       0 |      36 |        0 |      0 |     0 |    +0.0% |   -0.687 |      -18.8 |    -1251.1 |   7002 | u_anchor.miss_fifo0.mem_1r1w.synth.nz.mem\[7\]\[0\]$_DFFE_PP_/DE
     810* |       0 |      36 |        0 |      0 |     0 |    +0.0% |   -0.687 |      -18.8 |    -1251.1 |   7002 | u_anchor.miss_fifo0.mem_1r1w.synth.nz.mem\[7\]\[0\]$_DFFE_PP_/DE
     812* |       0 |      37 |        0 |      0 |     0 |    +0.0% |   -0.687 |      -15.5 |    -1183.1 |   7002 | u_anchor.miss_fifo0.mem_1r1w.synth.nz.mem\[7\]\[0\]$_DFFE_PP_/DE
     813* |       0 |      37 |        0 |      0 |     0 |    +0.0% |   -0.687 |      -15.5 |    -1183.1 |   7002 | u_anchor.miss_fifo0.mem_1r1w.synth.nz.mem\[7\]\[0\]$_DFFE_PP_/DE
     814* |       0 |      37 |        0 |      0 |     0 |    +0.0% |   -0.687 |      -15.5 |    -1183.1 |   7002 | u_anchor.miss_fifo0.mem_1r1w.synth.nz.mem\[7\]\[0\]$_DFFE_PP_/DE
     815* |       0 |      37 |        0 |      0 |     0 |    +0.0% |   -0.687 |      -15.5 |    -1183.1 |   7002 | u_anchor.miss_fifo0.mem_1r1w.synth.nz.mem\[7\]\[0\]$_DFFE_PP_/DE
     816* |       0 |      37 |        0 |      0 |     0 |    +0.0% |   -0.687 |      -15.5 |    -1183.1 |   7002 | u_anchor.miss_fifo0.mem_1r1w.synth.nz.mem\[7\]\[0\]$_DFFE_PP_/DE
     817* |       0 |      37 |        0 |      0 |     0 |    +0.0% |   -0.687 |      -15.5 |    -1183.1 |   7002 | u_anchor.miss_fifo0.mem_1r1w.synth.nz.mem\[7\]\[0\]$_DFFE_PP_/DE
     818* |       0 |      37 |        0 |      0 |     0 |    +0.0% |   -0.687 |      -15.5 |    -1183.1 |   7002 | u_anchor.miss_fifo0.mem_1r1w.synth.nz.mem\[7\]\[0\]$_DFFE_PP_/DE
     819* |       0 |      37 |        0 |      0 |     0 |    +0.0% |   -0.687 |      -15.5 |    -1183.1 |   7002 | u_anchor.miss_fifo0.mem_1r1w.synth.nz.mem\[7\]\[0\]$_DFFE_PP_/DE
     820* |       0 |      37 |        0 |      0 |     0 |    +0.0% |   -0.687 |      -15.5 |    -1183.1 |   7002 | u_anchor.miss_fifo0.mem_1r1w.synth.nz.mem\[7\]\[0\]$_DFFE_PP_/DE
     820* |       0 |      37 |        0 |      0 |     0 |    +0.0% |   -0.687 |      -15.5 |    -1183.1 |   7002 | u_anchor.miss_fifo0.mem_1r1w.synth.nz.mem\[7\]\[0\]$_DFFE_PP_/DE
     821* |       0 |      37 |        0 |      0 |     0 |    +0.0% |   -0.687 |      -15.5 |    -1183.1 |   7002 | u_anchor.miss_fifo0.mem_1r1w.synth.nz.mem\[7\]\[0\]$_DFFE_PP_/DE
     822* |       0 |      37 |        0 |      0 |     0 |    +0.0% |   -0.687 |      -15.5 |    -1183.1 |   7002 | u_anchor.miss_fifo0.mem_1r1w.synth.nz.mem\[7\]\[0\]$_DFFE_PP_/DE
     823* |       0 |      37 |        0 |      0 |     0 |    +0.0% |   -0.687 |      -15.5 |    -1183.1 |   7002 | u_anchor.miss_fifo0.mem_1r1w.synth.nz.mem\[7\]\[0\]$_DFFE_PP_/DE
     824* |       0 |      37 |        0 |      0 |     0 |    +0.0% |   -0.687 |      -15.5 |    -1183.1 |   7002 | u_anchor.miss_fifo0.mem_1r1w.synth.nz.mem\[7\]\[0\]$_DFFE_PP_/DE
     825* |       0 |      37 |        0 |      0 |     0 |    +0.0% |   -0.687 |      -15.5 |    -1183.1 |   7002 | u_anchor.miss_fifo0.mem_1r1w.synth.nz.mem\[7\]\[0\]$_DFFE_PP_/DE
     826* |       0 |      37 |        0 |      0 |     0 |    +0.0% |   -0.687 |      -15.5 |    -1183.1 |   7002 | u_anchor.miss_fifo0.mem_1r1w.synth.nz.mem\[7\]\[0\]$_DFFE_PP_/DE
     827* |       0 |      37 |        0 |      0 |     0 |    +0.0% |   -0.687 |      -15.5 |    -1183.1 |   7002 | u_anchor.miss_fifo0.mem_1r1w.synth.nz.mem\[7\]\[0\]$_DFFE_PP_/DE
     828* |       0 |      37 |        0 |      0 |     0 |    +0.0% |   -0.687 |      -15.5 |    -1183.1 |   7002 | u_anchor.miss_fifo0.mem_1r1w.synth.nz.mem\[7\]\[0\]$_DFFE_PP_/DE
     829* |       0 |      37 |        0 |      0 |     0 |    +0.0% |   -0.687 |      -15.5 |    -1183.1 |   7002 | u_anchor.miss_fifo0.mem_1r1w.synth.nz.mem\[7\]\[0\]$_DFFE_PP_/DE
     830* |       0 |      37 |        0 |      0 |     0 |    +0.0% |   -0.687 |      -15.5 |    -1183.1 |   7002 | u_anchor.miss_fifo0.mem_1r1w.synth.nz.mem\[7\]\[0\]$_DFFE_PP_/DE
     830* |       0 |      37 |        0 |      0 |     0 |    +0.0% |   -0.687 |      -15.5 |    -1183.1 |   7002 | u_anchor.miss_fifo0.mem_1r1w.synth.nz.mem\[7\]\[0\]$_DFFE_PP_/DE
     831* |       0 |      37 |        0 |      0 |     0 |    +0.0% |   -0.687 |      -15.5 |    -1183.1 |   7002 | u_anchor.miss_fifo0.mem_1r1w.synth.nz.mem\[7\]\[0\]$_DFFE_PP_/DE
     832* |       0 |      37 |        0 |      0 |     0 |    +0.0% |   -0.687 |      -15.5 |    -1183.1 |   7002 | u_anchor.miss_fifo0.mem_1r1w.synth.nz.mem\[7\]\[0\]$_DFFE_PP_/DE
     833* |       0 |      37 |        0 |      0 |     0 |    +0.0% |   -0.687 |      -15.5 |    -1183.1 |   7002 | u_anchor.miss_fifo0.mem_1r1w.synth.nz.mem\[7\]\[0\]$_DFFE_PP_/DE
     834* |       0 |      37 |        0 |      0 |     0 |    +0.0% |   -0.687 |      -15.5 |    -1183.1 |   7002 | u_anchor.miss_fifo0.mem_1r1w.synth.nz.mem\[7\]\[0\]$_DFFE_PP_/DE
     835* |       0 |      37 |        0 |      0 |     0 |    +0.0% |   -0.687 |      -15.5 |    -1183.1 |   7002 | u_anchor.miss_fifo0.mem_1r1w.synth.nz.mem\[7\]\[0\]$_DFFE_PP_/DE
     836* |       0 |      37 |        0 |      0 |     0 |    +0.0% |   -0.687 |      -15.5 |    -1183.1 |   7002 | u_anchor.miss_fifo0.mem_1r1w.synth.nz.mem\[7\]\[0\]$_DFFE_PP_/DE
     837* |       0 |      37 |        0 |      0 |     0 |    +0.0% |   -0.687 |      -15.5 |    -1183.1 |   7002 | u_anchor.miss_fifo0.mem_1r1w.synth.nz.mem\[7\]\[0\]$_DFFE_PP_/DE
     838* |       0 |      37 |        0 |      0 |     0 |    +0.0% |   -0.687 |      -15.5 |    -1183.1 |   7002 | u_anchor.miss_fifo0.mem_1r1w.synth.nz.mem\[7\]\[0\]$_DFFE_PP_/DE
     839* |       0 |      37 |        0 |      0 |     0 |    +0.0% |   -0.687 |      -15.5 |    -1183.1 |   7002 | u_anchor.miss_fifo0.mem_1r1w.synth.nz.mem\[7\]\[0\]$_DFFE_PP_/DE
     840* |       0 |      37 |        0 |      0 |     0 |    +0.0% |   -0.687 |      -15.5 |    -1183.1 |   7002 | u_anchor.miss_fifo0.mem_1r1w.synth.nz.mem\[7\]\[0\]$_DFFE_PP_/DE
     840* |       0 |      37 |        0 |      0 |     0 |    +0.0% |   -0.687 |      -15.5 |    -1183.1 |   7002 | u_anchor.miss_fifo0.mem_1r1w.synth.nz.mem\[7\]\[0\]$_DFFE_PP_/DE
     841* |       0 |      37 |        0 |      0 |     0 |    +0.0% |   -0.687 |      -15.5 |    -1183.1 |   7002 | u_anchor.miss_fifo0.mem_1r1w.synth.nz.mem\[7\]\[0\]$_DFFE_PP_/DE
     842* |       0 |      37 |        0 |      0 |     0 |    +0.0% |   -0.687 |      -15.5 |    -1183.1 |   7002 | u_anchor.miss_fifo0.mem_1r1w.synth.nz.mem\[7\]\[0\]$_DFFE_PP_/DE
     843* |       0 |      37 |        0 |      0 |     0 |    +0.0% |   -0.687 |      -15.5 |    -1183.1 |   7002 | u_anchor.miss_fifo0.mem_1r1w.synth.nz.mem\[7\]\[0\]$_DFFE_PP_/DE
     844* |       0 |      37 |        0 |      0 |     0 |    +0.0% |   -0.687 |      -15.5 |    -1183.1 |   7002 | u_anchor.miss_fifo0.mem_1r1w.synth.nz.mem\[7\]\[0\]$_DFFE_PP_/DE
     845* |       0 |      37 |        0 |      0 |     0 |    +0.0% |   -0.687 |      -15.5 |    -1183.1 |   7002 | u_anchor.miss_fifo0.mem_1r1w.synth.nz.mem\[7\]\[0\]$_DFFE_PP_/DE
     846* |       0 |      37 |        0 |      0 |     0 |    +0.0% |   -0.687 |      -15.5 |    -1183.1 |   7002 | u_anchor.miss_fifo0.mem_1r1w.synth.nz.mem\[7\]\[0\]$_DFFE_PP_/DE
     847* |       0 |      37 |        0 |      0 |     0 |    +0.0% |   -0.687 |      -15.5 |    -1183.1 |   7002 | u_anchor.miss_fifo0.mem_1r1w.synth.nz.mem\[7\]\[0\]$_DFFE_PP_/DE
     848* |       0 |      37 |        0 |      0 |     0 |    +0.0% |   -0.687 |      -15.5 |    -1183.1 |   7002 | u_anchor.miss_fifo0.mem_1r1w.synth.nz.mem\[7\]\[0\]$_DFFE_PP_/DE
     849* |       0 |      37 |        0 |      0 |     0 |    +0.0% |   -0.687 |      -15.5 |    -1183.1 |   7002 | u_anchor.miss_fifo0.mem_1r1w.synth.nz.mem\[7\]\[0\]$_DFFE_PP_/DE
     850* |       0 |      37 |        0 |      0 |     0 |    +0.0% |   -0.687 |      -15.5 |    -1183.1 |   7002 | u_anchor.miss_fifo0.mem_1r1w.synth.nz.mem\[7\]\[0\]$_DFFE_PP_/DE
     850* |       0 |      37 |        0 |      0 |     0 |    +0.0% |   -0.687 |      -15.5 |    -1183.1 |   7002 | u_anchor.miss_fifo0.mem_1r1w.synth.nz.mem\[7\]\[0\]$_DFFE_PP_/DE
     851* |       0 |      37 |        0 |      0 |     0 |    +0.0% |   -0.687 |      -15.5 |    -1183.1 |   7002 | u_anchor.miss_fifo0.mem_1r1w.synth.nz.mem\[7\]\[0\]$_DFFE_PP_/DE
     852* |       0 |      37 |        0 |      0 |     0 |    +0.0% |   -0.687 |      -15.5 |    -1183.1 |   7002 | u_anchor.miss_fifo0.mem_1r1w.synth.nz.mem\[7\]\[0\]$_DFFE_PP_/DE
     853* |       0 |      37 |        0 |      0 |     0 |    +0.0% |   -0.687 |      -15.5 |    -1183.1 |   7002 | u_anchor.miss_fifo0.mem_1r1w.synth.nz.mem\[7\]\[0\]$_DFFE_PP_/DE
     854* |       0 |      37 |        0 |      0 |     0 |    +0.0% |   -0.687 |      -15.5 |    -1183.1 |   7002 | u_anchor.miss_fifo0.mem_1r1w.synth.nz.mem\[7\]\[0\]$_DFFE_PP_/DE
     855* |       0 |      37 |        0 |      0 |     0 |    +0.0% |   -0.687 |      -15.5 |    -1183.1 |   7002 | u_anchor.miss_fifo0.mem_1r1w.synth.nz.mem\[7\]\[0\]$_DFFE_PP_/DE
     856* |       0 |      37 |        0 |      0 |     0 |    +0.0% |   -0.687 |      -15.5 |    -1183.1 |   7002 | u_anchor.miss_fifo0.mem_1r1w.synth.nz.mem\[7\]\[0\]$_DFFE_PP_/DE
     857* |       0 |      37 |        0 |      0 |     0 |    +0.0% |   -0.687 |      -15.5 |    -1183.1 |   7002 | u_anchor.miss_fifo0.mem_1r1w.synth.nz.mem\[7\]\[0\]$_DFFE_PP_/DE
     858* |       0 |      37 |        0 |      0 |     0 |    +0.0% |   -0.687 |      -15.5 |    -1183.1 |   7002 | u_anchor.miss_fifo0.mem_1r1w.synth.nz.mem\[7\]\[0\]$_DFFE_PP_/DE
     859* |       0 |      37 |        0 |      0 |     0 |    +0.0% |   -0.687 |      -15.5 |    -1183.1 |   7002 | u_anchor.miss_fifo0.mem_1r1w.synth.nz.mem\[7\]\[0\]$_DFFE_PP_/DE
     860* |       0 |      37 |        0 |      0 |     0 |    +0.0% |   -0.687 |      -15.5 |    -1183.1 |   7002 | u_anchor.miss_fifo0.mem_1r1w.synth.nz.mem\[7\]\[0\]$_DFFE_PP_/DE
     860* |       0 |      37 |        0 |      0 |     0 |    +0.0% |   -0.687 |      -15.5 |    -1183.1 |   7002 | u_anchor.miss_fifo0.mem_1r1w.synth.nz.mem\[7\]\[0\]$_DFFE_PP_/DE
     861* |       0 |      37 |        0 |      0 |     0 |    +0.0% |   -0.687 |      -15.5 |    -1183.1 |   7002 | u_anchor.miss_fifo0.mem_1r1w.synth.nz.mem\[7\]\[0\]$_DFFE_PP_/DE
     862* |       0 |      37 |        0 |      0 |     0 |    +0.0% |   -0.687 |      -15.5 |    -1183.1 |   7002 | u_anchor.miss_fifo0.mem_1r1w.synth.nz.mem\[7\]\[0\]$_DFFE_PP_/DE
     863* |       0 |      37 |        0 |      0 |     0 |    +0.0% |   -0.687 |      -15.5 |    -1183.1 |   7002 | u_anchor.miss_fifo0.mem_1r1w.synth.nz.mem\[7\]\[0\]$_DFFE_PP_/DE
     864* |       0 |      37 |        0 |      0 |     0 |    +0.0% |   -0.687 |      -15.5 |    -1183.1 |   7002 | u_anchor.miss_fifo0.mem_1r1w.synth.nz.mem\[7\]\[0\]$_DFFE_PP_/DE
     865* |       0 |      37 |        0 |      0 |     0 |    +0.0% |   -0.687 |      -15.5 |    -1183.1 |   7002 | u_anchor.miss_fifo0.mem_1r1w.synth.nz.mem\[7\]\[0\]$_DFFE_PP_/DE
     866* |       0 |      37 |        0 |      0 |     0 |    +0.0% |   -0.687 |      -15.5 |    -1183.1 |   7002 | u_anchor.miss_fifo0.mem_1r1w.synth.nz.mem\[7\]\[0\]$_DFFE_PP_/DE
     867* |       0 |      37 |        0 |      0 |     0 |    +0.0% |   -0.687 |      -15.5 |    -1183.1 |   7002 | u_anchor.miss_fifo0.mem_1r1w.synth.nz.mem\[7\]\[0\]$_DFFE_PP_/DE
     868* |       0 |      37 |        0 |      0 |     0 |    +0.0% |   -0.687 |      -15.5 |    -1183.1 |   7002 | u_anchor.miss_fifo0.mem_1r1w.synth.nz.mem\[7\]\[0\]$_DFFE_PP_/DE
     869* |       0 |      37 |        0 |      0 |     0 |    +0.0% |   -0.687 |      -15.5 |    -1183.1 |   7002 | u_anchor.miss_fifo0.mem_1r1w.synth.nz.mem\[7\]\[0\]$_DFFE_PP_/DE
     870* |       0 |      37 |        0 |      0 |     0 |    +0.0% |   -0.687 |      -15.5 |    -1183.1 |   7002 | u_anchor.miss_fifo0.mem_1r1w.synth.nz.mem\[7\]\[0\]$_DFFE_PP_/DE
     870* |       0 |      37 |        0 |      0 |     0 |    +0.0% |   -0.687 |      -15.5 |    -1183.1 |   7002 | u_anchor.miss_fifo0.mem_1r1w.synth.nz.mem\[7\]\[0\]$_DFFE_PP_/DE
     871* |       0 |      37 |        0 |      0 |     0 |    +0.0% |   -0.687 |      -15.5 |    -1183.1 |   7002 | u_anchor.miss_fifo0.mem_1r1w.synth.nz.mem\[7\]\[0\]$_DFFE_PP_/DE
     872* |       0 |      37 |        0 |      0 |     0 |    +0.0% |   -0.687 |      -15.5 |    -1183.1 |   7002 | u_anchor.miss_fifo0.mem_1r1w.synth.nz.mem\[7\]\[0\]$_DFFE_PP_/DE
     873* |       0 |      37 |        0 |      0 |     0 |    +0.0% |   -0.687 |      -15.5 |    -1183.1 |   7002 | u_anchor.miss_fifo0.mem_1r1w.synth.nz.mem\[7\]\[0\]$_DFFE_PP_/DE
     874* |       0 |      37 |        0 |      0 |     0 |    +0.0% |   -0.687 |      -15.5 |    -1183.1 |   7002 | u_anchor.miss_fifo0.mem_1r1w.synth.nz.mem\[7\]\[0\]$_DFFE_PP_/DE
     875* |       0 |      37 |        0 |      0 |     0 |    +0.0% |   -0.687 |      -15.5 |    -1183.1 |   7002 | u_anchor.miss_fifo0.mem_1r1w.synth.nz.mem\[7\]\[0\]$_DFFE_PP_/DE
     876* |       0 |      37 |        0 |      0 |     0 |    +0.0% |   -0.687 |      -15.5 |    -1183.1 |   7002 | u_anchor.miss_fifo0.mem_1r1w.synth.nz.mem\[7\]\[0\]$_DFFE_PP_/DE
     877* |       0 |      37 |        0 |      0 |     0 |    +0.0% |   -0.687 |      -15.5 |    -1183.1 |   7002 | u_anchor.miss_fifo0.mem_1r1w.synth.nz.mem\[7\]\[0\]$_DFFE_PP_/DE
     878* |       0 |      37 |        0 |      0 |     0 |    +0.0% |   -0.687 |      -15.5 |    -1183.1 |   7002 | u_anchor.miss_fifo0.mem_1r1w.synth.nz.mem\[7\]\[0\]$_DFFE_PP_/DE
     879* |       0 |      37 |        0 |      0 |     0 |    +0.0% |   -0.687 |      -15.5 |    -1183.1 |   7002 | u_anchor.miss_fifo0.mem_1r1w.synth.nz.mem\[7\]\[0\]$_DFFE_PP_/DE
     880* |       0 |      37 |        0 |      0 |     0 |    +0.0% |   -0.687 |      -15.5 |    -1183.1 |   7002 | u_anchor.miss_fifo0.mem_1r1w.synth.nz.mem\[7\]\[0\]$_DFFE_PP_/DE
     880* |       0 |      37 |        0 |      0 |     0 |    +0.0% |   -0.687 |      -15.5 |    -1183.1 |   7002 | u_anchor.miss_fifo0.mem_1r1w.synth.nz.mem\[7\]\[0\]$_DFFE_PP_/DE
     881* |       0 |      37 |        0 |      0 |     0 |    +0.0% |   -0.687 |      -15.5 |    -1183.1 |   7002 | u_anchor.miss_fifo0.mem_1r1w.synth.nz.mem\[7\]\[0\]$_DFFE_PP_/DE
     882* |       0 |      37 |        0 |      0 |     0 |    +0.0% |   -0.687 |      -15.5 |    -1183.1 |   7002 | u_anchor.miss_fifo0.mem_1r1w.synth.nz.mem\[7\]\[0\]$_DFFE_PP_/DE
     883* |       0 |      37 |        0 |      0 |     0 |    +0.0% |   -0.687 |      -15.5 |    -1183.1 |   7002 | u_anchor.miss_fifo0.mem_1r1w.synth.nz.mem\[7\]\[0\]$_DFFE_PP_/DE
     884* |       0 |      37 |        0 |      0 |     0 |    +0.0% |   -0.687 |      -15.5 |    -1183.1 |   7002 | u_anchor.miss_fifo0.mem_1r1w.synth.nz.mem\[7\]\[0\]$_DFFE_PP_/DE
     885* |       0 |      37 |        0 |      0 |     0 |    +0.0% |   -0.687 |      -15.5 |    -1183.1 |   7002 | u_anchor.miss_fifo0.mem_1r1w.synth.nz.mem\[7\]\[0\]$_DFFE_PP_/DE
     886* |       0 |      37 |        0 |      0 |     0 |    +0.0% |   -0.687 |      -15.5 |    -1183.1 |   7002 | u_anchor.miss_fifo0.mem_1r1w.synth.nz.mem\[7\]\[0\]$_DFFE_PP_/DE
     887* |       0 |      37 |        0 |      0 |     0 |    +0.0% |   -0.687 |      -15.5 |    -1183.1 |   7002 | u_anchor.miss_fifo0.mem_1r1w.synth.nz.mem\[7\]\[0\]$_DFFE_PP_/DE
     888* |       0 |      37 |        0 |      0 |     0 |    +0.0% |   -0.687 |      -15.5 |    -1183.1 |   7002 | u_anchor.miss_fifo0.mem_1r1w.synth.nz.mem\[7\]\[0\]$_DFFE_PP_/DE
     889* |       0 |      37 |        0 |      0 |     0 |    +0.0% |   -0.687 |      -15.5 |    -1183.1 |   7002 | u_anchor.miss_fifo0.mem_1r1w.synth.nz.mem\[7\]\[0\]$_DFFE_PP_/DE
     890* |       0 |      37 |        0 |      0 |     0 |    +0.0% |   -0.687 |      -15.5 |    -1183.1 |   7002 | u_anchor.miss_fifo0.mem_1r1w.synth.nz.mem\[7\]\[0\]$_DFFE_PP_/DE
     890* |       0 |      37 |        0 |      0 |     0 |    +0.0% |   -0.687 |      -15.5 |    -1183.1 |   7002 | u_anchor.miss_fifo0.mem_1r1w.synth.nz.mem\[7\]\[0\]$_DFFE_PP_/DE
     891* |       0 |      37 |        0 |      0 |     0 |    +0.0% |   -0.687 |      -15.5 |    -1183.1 |   7002 | u_anchor.miss_fifo0.mem_1r1w.synth.nz.mem\[7\]\[0\]$_DFFE_PP_/DE
     892* |       0 |      37 |        0 |      0 |     0 |    +0.0% |   -0.687 |      -15.5 |    -1183.1 |   7002 | u_anchor.miss_fifo0.mem_1r1w.synth.nz.mem\[7\]\[0\]$_DFFE_PP_/DE
     893* |       0 |      37 |        0 |      0 |     0 |    +0.0% |   -0.687 |      -15.5 |    -1183.1 |   7002 | u_anchor.miss_fifo0.mem_1r1w.synth.nz.mem\[7\]\[0\]$_DFFE_PP_/DE
     894* |       0 |      37 |        0 |      0 |     0 |    +0.0% |   -0.687 |      -15.5 |    -1183.1 |   7002 | u_anchor.miss_fifo0.mem_1r1w.synth.nz.mem\[7\]\[0\]$_DFFE_PP_/DE
     895* |       0 |      37 |        0 |      0 |     0 |    +0.0% |   -0.687 |      -15.5 |    -1183.1 |   7002 | u_anchor.miss_fifo0.mem_1r1w.synth.nz.mem\[7\]\[0\]$_DFFE_PP_/DE
     896* |       0 |      37 |        0 |      0 |     0 |    +0.0% |   -0.687 |      -15.5 |    -1183.1 |   7002 | u_anchor.miss_fifo0.mem_1r1w.synth.nz.mem\[7\]\[0\]$_DFFE_PP_/DE
     897* |       0 |      37 |        0 |      0 |     0 |    +0.0% |   -0.687 |      -15.5 |    -1183.1 |   7002 | u_anchor.miss_fifo0.mem_1r1w.synth.nz.mem\[7\]\[0\]$_DFFE_PP_/DE
     898* |       0 |      37 |        0 |      0 |     0 |    +0.0% |   -0.687 |      -15.5 |    -1183.1 |   7002 | u_anchor.miss_fifo0.mem_1r1w.synth.nz.mem\[7\]\[0\]$_DFFE_PP_/DE
     899* |       0 |      37 |        0 |      0 |     0 |    +0.0% |   -0.687 |      -15.5 |    -1183.1 |   7002 | u_anchor.miss_fifo0.mem_1r1w.synth.nz.mem\[7\]\[0\]$_DFFE_PP_/DE
     900* |       0 |      37 |        0 |      0 |     0 |    +0.0% |   -0.687 |      -15.5 |    -1183.1 |   7002 | u_anchor.miss_fifo0.mem_1r1w.synth.nz.mem\[7\]\[0\]$_DFFE_PP_/DE
     900* |       0 |      37 |        0 |      0 |     0 |    +0.0% |   -0.687 |      -15.5 |    -1183.1 |   7002 | u_anchor.miss_fifo0.mem_1r1w.synth.nz.mem\[7\]\[0\]$_DFFE_PP_/DE
     901* |       0 |      37 |        0 |      0 |     0 |    +0.0% |   -0.687 |      -15.5 |    -1183.1 |   7002 | u_anchor.miss_fifo0.mem_1r1w.synth.nz.mem\[7\]\[0\]$_DFFE_PP_/DE
     902* |       0 |      37 |        0 |      0 |     0 |    +0.0% |   -0.687 |      -15.5 |    -1183.1 |   7002 | u_anchor.miss_fifo0.mem_1r1w.synth.nz.mem\[7\]\[0\]$_DFFE_PP_/DE
     903* |       0 |      37 |        0 |      0 |     0 |    +0.0% |   -0.687 |      -15.5 |    -1183.1 |   7002 | u_anchor.miss_fifo0.mem_1r1w.synth.nz.mem\[7\]\[0\]$_DFFE_PP_/DE
     904* |       0 |      37 |        0 |      0 |     0 |    +0.0% |   -0.687 |      -15.5 |    -1183.1 |   7002 | u_anchor.miss_fifo0.mem_1r1w.synth.nz.mem\[7\]\[0\]$_DFFE_PP_/DE
     905* |       0 |      37 |        0 |      0 |     0 |    +0.0% |   -0.687 |      -15.5 |    -1183.1 |   7002 | u_anchor.miss_fifo0.mem_1r1w.synth.nz.mem\[7\]\[0\]$_DFFE_PP_/DE
     906* |       0 |      37 |        0 |      0 |     0 |    +0.0% |   -0.687 |      -15.5 |    -1183.1 |   7002 | u_anchor.miss_fifo0.mem_1r1w.synth.nz.mem\[7\]\[0\]$_DFFE_PP_/DE
     907* |       0 |      37 |        0 |      0 |     0 |    +0.0% |   -0.687 |      -15.5 |    -1183.1 |   7002 | u_anchor.miss_fifo0.mem_1r1w.synth.nz.mem\[7\]\[0\]$_DFFE_PP_/DE
     908* |       0 |      37 |        0 |      0 |     0 |    +0.0% |   -0.687 |      -15.5 |    -1183.1 |   7002 | u_anchor.miss_fifo0.mem_1r1w.synth.nz.mem\[7\]\[0\]$_DFFE_PP_/DE
     909* |       0 |      37 |        0 |      0 |     0 |    +0.0% |   -0.687 |      -15.5 |    -1183.1 |   7002 | u_anchor.miss_fifo0.mem_1r1w.synth.nz.mem\[7\]\[0\]$_DFFE_PP_/DE
     910* |       0 |      37 |        0 |      0 |     0 |    +0.0% |   -0.687 |      -15.5 |    -1183.1 |   7002 | u_anchor.miss_fifo0.mem_1r1w.synth.nz.mem\[7\]\[0\]$_DFFE_PP_/DE
     910* |       0 |      37 |        0 |      0 |     0 |    +0.0% |   -0.687 |      -15.5 |    -1183.1 |   7002 | u_anchor.miss_fifo0.mem_1r1w.synth.nz.mem\[7\]\[0\]$_DFFE_PP_/DE
     911* |       0 |      37 |        0 |      0 |     0 |    +0.0% |   -0.687 |      -15.5 |    -1183.1 |   7002 | u_anchor.miss_fifo0.mem_1r1w.synth.nz.mem\[7\]\[0\]$_DFFE_PP_/DE
     912* |       0 |      37 |        0 |      0 |     0 |    +0.0% |   -0.687 |      -15.5 |    -1183.1 |   7002 | u_anchor.miss_fifo0.mem_1r1w.synth.nz.mem\[7\]\[0\]$_DFFE_PP_/DE
     913* |       0 |      37 |        0 |      0 |     0 |    +0.0% |   -0.687 |      -15.5 |    -1183.1 |   7002 | u_anchor.miss_fifo0.mem_1r1w.synth.nz.mem\[7\]\[0\]$_DFFE_PP_/DE
     914* |       0 |      37 |        0 |      0 |     0 |    +0.0% |   -0.687 |      -15.5 |    -1183.1 |   7002 | u_anchor.miss_fifo0.mem_1r1w.synth.nz.mem\[7\]\[0\]$_DFFE_PP_/DE
     915* |       0 |      37 |        0 |      0 |     0 |    +0.0% |   -0.687 |      -15.5 |    -1183.1 |   7002 | u_anchor.miss_fifo0.mem_1r1w.synth.nz.mem\[7\]\[0\]$_DFFE_PP_/DE
     916* |       0 |      37 |        0 |      0 |     0 |    +0.0% |   -0.687 |      -15.5 |    -1183.1 |   7002 | u_anchor.miss_fifo0.mem_1r1w.synth.nz.mem\[7\]\[0\]$_DFFE_PP_/DE
     917* |       0 |      37 |        0 |      0 |     0 |    +0.0% |   -0.687 |      -15.5 |    -1183.1 |   7002 | u_anchor.miss_fifo0.mem_1r1w.synth.nz.mem\[7\]\[0\]$_DFFE_PP_/DE
     918* |       0 |      37 |        0 |      0 |     0 |    +0.0% |   -0.687 |      -15.5 |    -1183.1 |   7002 | u_anchor.miss_fifo0.mem_1r1w.synth.nz.mem\[7\]\[0\]$_DFFE_PP_/DE
     919* |       0 |      37 |        0 |      0 |     0 |    +0.0% |   -0.687 |      -15.5 |    -1183.1 |   7002 | u_anchor.miss_fifo0.mem_1r1w.synth.nz.mem\[7\]\[0\]$_DFFE_PP_/DE
     920* |       0 |      37 |        0 |      0 |     0 |    +0.0% |   -0.687 |      -15.5 |    -1183.1 |   7002 | u_anchor.miss_fifo0.mem_1r1w.synth.nz.mem\[7\]\[0\]$_DFFE_PP_/DE
     920* |       0 |      37 |        0 |      0 |     0 |    +0.0% |   -0.687 |      -15.5 |    -1183.1 |   7002 | u_anchor.miss_fifo0.mem_1r1w.synth.nz.mem\[7\]\[0\]$_DFFE_PP_/DE
     921* |       0 |      37 |        0 |      0 |     0 |    +0.0% |   -0.687 |      -15.5 |    -1183.1 |   7002 | u_anchor.miss_fifo0.mem_1r1w.synth.nz.mem\[7\]\[0\]$_DFFE_PP_/DE
     922* |       0 |      37 |        0 |      0 |     0 |    +0.0% |   -0.687 |      -15.5 |    -1183.1 |   7002 | u_anchor.miss_fifo0.mem_1r1w.synth.nz.mem\[7\]\[0\]$_DFFE_PP_/DE
     923* |       0 |      37 |        0 |      0 |     0 |    +0.0% |   -0.687 |      -15.5 |    -1183.1 |   7002 | u_anchor.miss_fifo0.mem_1r1w.synth.nz.mem\[7\]\[0\]$_DFFE_PP_/DE
     924* |       0 |      37 |        0 |      0 |     0 |    +0.0% |   -0.687 |      -15.5 |    -1183.1 |   7002 | u_anchor.miss_fifo0.mem_1r1w.synth.nz.mem\[7\]\[0\]$_DFFE_PP_/DE
     925* |       0 |      37 |        0 |      0 |     0 |    +0.0% |   -0.687 |      -15.5 |    -1183.1 |   7002 | u_anchor.miss_fifo0.mem_1r1w.synth.nz.mem\[7\]\[0\]$_DFFE_PP_/DE
     926* |       0 |      37 |        0 |      0 |     0 |    +0.0% |   -0.687 |      -15.5 |    -1183.1 |   7002 | u_anchor.miss_fifo0.mem_1r1w.synth.nz.mem\[7\]\[0\]$_DFFE_PP_/DE
     927* |       0 |      37 |        0 |      0 |     0 |    +0.0% |   -0.687 |      -15.5 |    -1183.1 |   7002 | u_anchor.miss_fifo0.mem_1r1w.synth.nz.mem\[7\]\[0\]$_DFFE_PP_/DE
     928* |       0 |      37 |        0 |      0 |     0 |    +0.0% |   -0.687 |      -15.5 |    -1183.1 |   7002 | u_anchor.miss_fifo0.mem_1r1w.synth.nz.mem\[7\]\[0\]$_DFFE_PP_/DE
     929* |       0 |      37 |        0 |      0 |     0 |    +0.0% |   -0.687 |      -15.5 |    -1183.1 |   7002 | u_anchor.miss_fifo0.mem_1r1w.synth.nz.mem\[7\]\[0\]$_DFFE_PP_/DE
     930* |       0 |      37 |        0 |      0 |     0 |    +0.0% |   -0.687 |      -15.5 |    -1183.1 |   7002 | u_anchor.miss_fifo0.mem_1r1w.synth.nz.mem\[7\]\[0\]$_DFFE_PP_/DE
     930* |       0 |      37 |        0 |      0 |     0 |    +0.0% |   -0.687 |      -15.5 |    -1183.1 |   7002 | u_anchor.miss_fifo0.mem_1r1w.synth.nz.mem\[7\]\[0\]$_DFFE_PP_/DE
     931* |       0 |      37 |        0 |      0 |     0 |    +0.0% |   -0.687 |      -15.5 |    -1183.1 |   7002 | u_anchor.miss_fifo0.mem_1r1w.synth.nz.mem\[7\]\[0\]$_DFFE_PP_/DE
     932* |       0 |      37 |        0 |      0 |     0 |    +0.0% |   -0.687 |      -15.5 |    -1183.1 |   7002 | u_anchor.miss_fifo0.mem_1r1w.synth.nz.mem\[7\]\[0\]$_DFFE_PP_/DE
     933* |       0 |      37 |        0 |      0 |     0 |    +0.0% |   -0.687 |      -15.5 |    -1183.1 |   7002 | u_anchor.miss_fifo0.mem_1r1w.synth.nz.mem\[7\]\[0\]$_DFFE_PP_/DE
     934* |       0 |      37 |        0 |      0 |     0 |    +0.0% |   -0.687 |      -15.5 |    -1183.1 |   7002 | u_anchor.miss_fifo0.mem_1r1w.synth.nz.mem\[7\]\[0\]$_DFFE_PP_/DE
     935* |       0 |      37 |        0 |      0 |     0 |    +0.0% |   -0.687 |      -15.5 |    -1183.1 |   7002 | u_anchor.miss_fifo0.mem_1r1w.synth.nz.mem\[7\]\[0\]$_DFFE_PP_/DE
     936* |       0 |      37 |        0 |      0 |     0 |    +0.0% |   -0.687 |      -15.5 |    -1183.1 |   7002 | u_anchor.miss_fifo0.mem_1r1w.synth.nz.mem\[7\]\[0\]$_DFFE_PP_/DE
     937* |       0 |      37 |        0 |      0 |     0 |    +0.0% |   -0.687 |      -15.5 |    -1183.1 |   7002 | u_anchor.miss_fifo0.mem_1r1w.synth.nz.mem\[7\]\[0\]$_DFFE_PP_/DE
     938* |       0 |      37 |        0 |      0 |     0 |    +0.0% |   -0.687 |      -15.5 |    -1183.1 |   7002 | u_anchor.miss_fifo0.mem_1r1w.synth.nz.mem\[7\]\[0\]$_DFFE_PP_/DE
     939* |       0 |      37 |        0 |      0 |     0 |    +0.0% |   -0.687 |      -15.5 |    -1183.1 |   7002 | u_anchor.miss_fifo0.mem_1r1w.synth.nz.mem\[7\]\[0\]$_DFFE_PP_/DE
     940* |       0 |      37 |        0 |      0 |     0 |    +0.0% |   -0.687 |      -15.5 |    -1183.1 |   7002 | u_anchor.miss_fifo0.mem_1r1w.synth.nz.mem\[7\]\[0\]$_DFFE_PP_/DE
     940* |       0 |      37 |        0 |      0 |     0 |    +0.0% |   -0.687 |      -15.5 |    -1183.1 |   7002 | u_anchor.miss_fifo0.mem_1r1w.synth.nz.mem\[7\]\[0\]$_DFFE_PP_/DE
     941* |       0 |      37 |        0 |      0 |     0 |    +0.0% |   -0.687 |      -15.5 |    -1183.1 |   7002 | u_anchor.miss_fifo0.mem_1r1w.synth.nz.mem\[7\]\[0\]$_DFFE_PP_/DE
     942* |       0 |      37 |        0 |      0 |     0 |    +0.0% |   -0.687 |      -15.5 |    -1183.1 |   7002 | u_anchor.miss_fifo0.mem_1r1w.synth.nz.mem\[7\]\[0\]$_DFFE_PP_/DE
     943* |       0 |      37 |        0 |      0 |     0 |    +0.0% |   -0.687 |      -15.5 |    -1183.1 |   7002 | u_anchor.miss_fifo0.mem_1r1w.synth.nz.mem\[7\]\[0\]$_DFFE_PP_/DE
     944* |       0 |      37 |        0 |      0 |     0 |    +0.0% |   -0.687 |      -15.5 |    -1183.1 |   7002 | u_anchor.miss_fifo0.mem_1r1w.synth.nz.mem\[7\]\[0\]$_DFFE_PP_/DE
     945* |       0 |      37 |        0 |      0 |     0 |    +0.0% |   -0.687 |      -15.5 |    -1183.1 |   7002 | u_anchor.miss_fifo0.mem_1r1w.synth.nz.mem\[7\]\[0\]$_DFFE_PP_/DE
     946* |       0 |      37 |        0 |      0 |     0 |    +0.0% |   -0.687 |      -15.5 |    -1183.1 |   7002 | u_anchor.miss_fifo0.mem_1r1w.synth.nz.mem\[7\]\[0\]$_DFFE_PP_/DE
     947* |       0 |      37 |        0 |      0 |     0 |    +0.0% |   -0.687 |      -15.5 |    -1183.1 |   7002 | u_anchor.miss_fifo0.mem_1r1w.synth.nz.mem\[7\]\[0\]$_DFFE_PP_/DE
     948* |       0 |      37 |        0 |      0 |     0 |    +0.0% |   -0.687 |      -15.5 |    -1183.1 |   7002 | u_anchor.miss_fifo0.mem_1r1w.synth.nz.mem\[7\]\[0\]$_DFFE_PP_/DE
     949* |       0 |      37 |        0 |      0 |     0 |    +0.0% |   -0.687 |      -15.5 |    -1183.1 |   7002 | u_anchor.miss_fifo0.mem_1r1w.synth.nz.mem\[7\]\[0\]$_DFFE_PP_/DE
     950* |       0 |      37 |        0 |      0 |     0 |    +0.0% |   -0.687 |      -15.5 |    -1183.1 |   7002 | u_anchor.miss_fifo0.mem_1r1w.synth.nz.mem\[7\]\[0\]$_DFFE_PP_/DE
     950* |       0 |      37 |        0 |      0 |     0 |    +0.0% |   -0.687 |      -15.5 |    -1183.1 |   7002 | u_anchor.miss_fifo0.mem_1r1w.synth.nz.mem\[7\]\[0\]$_DFFE_PP_/DE
     951* |       0 |      37 |        0 |      0 |     0 |    +0.0% |   -0.687 |      -15.5 |    -1183.1 |   7002 | u_anchor.miss_fifo0.mem_1r1w.synth.nz.mem\[7\]\[0\]$_DFFE_PP_/DE
     952* |       0 |      37 |        0 |      0 |     0 |    +0.0% |   -0.687 |      -15.5 |    -1183.1 |   7002 | u_anchor.miss_fifo0.mem_1r1w.synth.nz.mem\[7\]\[0\]$_DFFE_PP_/DE
     953* |       0 |      37 |        0 |      0 |     0 |    +0.0% |   -0.687 |      -15.5 |    -1183.1 |   7002 | u_anchor.miss_fifo0.mem_1r1w.synth.nz.mem\[7\]\[0\]$_DFFE_PP_/DE
     954* |       0 |      37 |        0 |      0 |     0 |    +0.0% |   -0.687 |      -15.5 |    -1183.1 |   7002 | u_anchor.miss_fifo0.mem_1r1w.synth.nz.mem\[7\]\[0\]$_DFFE_PP_/DE
     955* |       0 |      37 |        0 |      0 |     0 |    +0.0% |   -0.687 |      -15.5 |    -1183.1 |   7002 | u_anchor.miss_fifo0.mem_1r1w.synth.nz.mem\[7\]\[0\]$_DFFE_PP_/DE
     956* |       0 |      37 |        0 |      0 |     0 |    +0.0% |   -0.687 |      -15.5 |    -1183.1 |   7002 | u_anchor.miss_fifo0.mem_1r1w.synth.nz.mem\[7\]\[0\]$_DFFE_PP_/DE
     957* |       0 |      37 |        0 |      0 |     0 |    +0.0% |   -0.687 |      -15.5 |    -1183.1 |   7002 | u_anchor.miss_fifo0.mem_1r1w.synth.nz.mem\[7\]\[0\]$_DFFE_PP_/DE
     958* |       0 |      37 |        0 |      0 |     0 |    +0.0% |   -0.687 |      -15.5 |    -1183.1 |   7002 | u_anchor.miss_fifo0.mem_1r1w.synth.nz.mem\[7\]\[0\]$_DFFE_PP_/DE
     959* |       0 |      37 |        0 |      0 |     0 |    +0.0% |   -0.687 |      -15.5 |    -1183.1 |   7002 | u_anchor.miss_fifo0.mem_1r1w.synth.nz.mem\[7\]\[0\]$_DFFE_PP_/DE
     960* |       0 |      37 |        0 |      0 |     0 |    +0.0% |   -0.687 |      -15.5 |    -1183.1 |   7002 | u_anchor.miss_fifo0.mem_1r1w.synth.nz.mem\[7\]\[0\]$_DFFE_PP_/DE
     960* |       0 |      37 |        0 |      0 |     0 |    +0.0% |   -0.687 |      -15.5 |    -1183.1 |   7002 | u_anchor.miss_fifo0.mem_1r1w.synth.nz.mem\[7\]\[0\]$_DFFE_PP_/DE
     961* |       0 |      37 |        0 |      0 |     0 |    +0.0% |   -0.687 |      -15.5 |    -1183.1 |   7002 | u_anchor.miss_fifo0.mem_1r1w.synth.nz.mem\[7\]\[0\]$_DFFE_PP_/DE
     962* |       0 |      37 |        0 |      0 |     0 |    +0.0% |   -0.687 |      -15.5 |    -1183.1 |   7002 | u_anchor.miss_fifo0.mem_1r1w.synth.nz.mem\[7\]\[0\]$_DFFE_PP_/DE
     963* |       0 |      37 |        0 |      0 |     0 |    +0.0% |   -0.687 |      -15.5 |    -1183.1 |   7002 | u_anchor.miss_fifo0.mem_1r1w.synth.nz.mem\[7\]\[0\]$_DFFE_PP_/DE
     964* |       0 |      37 |        0 |      0 |     0 |    +0.0% |   -0.687 |      -15.5 |    -1183.1 |   7002 | u_anchor.miss_fifo0.mem_1r1w.synth.nz.mem\[7\]\[0\]$_DFFE_PP_/DE
     965* |       0 |      37 |        0 |      0 |     0 |    +0.0% |   -0.687 |      -15.5 |    -1183.1 |   7002 | u_anchor.miss_fifo0.mem_1r1w.synth.nz.mem\[7\]\[0\]$_DFFE_PP_/DE
     966* |       0 |      37 |        0 |      0 |     0 |    +0.0% |   -0.687 |      -15.5 |    -1183.1 |   7002 | u_anchor.miss_fifo0.mem_1r1w.synth.nz.mem\[7\]\[0\]$_DFFE_PP_/DE
     967* |       0 |      37 |        0 |      0 |     0 |    +0.0% |   -0.687 |      -15.5 |    -1183.1 |   7002 | u_anchor.miss_fifo0.mem_1r1w.synth.nz.mem\[7\]\[0\]$_DFFE_PP_/DE
     968* |       0 |      37 |        0 |      0 |     0 |    +0.0% |   -0.687 |      -15.5 |    -1183.1 |   7002 | u_anchor.miss_fifo0.mem_1r1w.synth.nz.mem\[7\]\[0\]$_DFFE_PP_/DE
     969* |       0 |      37 |        0 |      0 |     0 |    +0.0% |   -0.687 |      -15.5 |    -1183.1 |   7002 | u_anchor.miss_fifo0.mem_1r1w.synth.nz.mem\[7\]\[0\]$_DFFE_PP_/DE
     970* |       0 |      37 |        0 |      0 |     0 |    +0.0% |   -0.687 |      -15.5 |    -1183.1 |   7002 | u_anchor.miss_fifo0.mem_1r1w.synth.nz.mem\[7\]\[0\]$_DFFE_PP_/DE
     970* |       0 |      37 |        0 |      0 |     0 |    +0.0% |   -0.687 |      -15.5 |    -1183.1 |   7002 | u_anchor.miss_fifo0.mem_1r1w.synth.nz.mem\[7\]\[0\]$_DFFE_PP_/DE
     971* |       0 |      37 |        0 |      0 |     0 |    +0.0% |   -0.687 |      -15.5 |    -1183.1 |   7002 | u_anchor.miss_fifo0.mem_1r1w.synth.nz.mem\[7\]\[0\]$_DFFE_PP_/DE
     972* |       0 |      37 |        0 |      0 |     0 |    +0.0% |   -0.687 |      -15.5 |    -1183.1 |   7002 | u_anchor.miss_fifo0.mem_1r1w.synth.nz.mem\[7\]\[0\]$_DFFE_PP_/DE
     973* |       0 |      37 |        0 |      0 |     0 |    +0.0% |   -0.687 |      -15.5 |    -1183.1 |   7002 | u_anchor.miss_fifo0.mem_1r1w.synth.nz.mem\[7\]\[0\]$_DFFE_PP_/DE
     974* |       0 |      37 |        0 |      0 |     0 |    +0.0% |   -0.687 |      -15.5 |    -1183.1 |   7002 | u_anchor.miss_fifo0.mem_1r1w.synth.nz.mem\[7\]\[0\]$_DFFE_PP_/DE
     975* |       0 |      37 |        0 |      0 |     0 |    +0.0% |   -0.687 |      -15.5 |    -1183.1 |   7002 | u_anchor.miss_fifo0.mem_1r1w.synth.nz.mem\[7\]\[0\]$_DFFE_PP_/DE
     976* |       0 |      37 |        0 |      0 |     0 |    +0.0% |   -0.687 |      -15.5 |    -1183.1 |   7002 | u_anchor.miss_fifo0.mem_1r1w.synth.nz.mem\[7\]\[0\]$_DFFE_PP_/DE
     977* |       0 |      37 |        0 |      0 |     0 |    +0.0% |   -0.687 |      -15.5 |    -1183.1 |   7002 | u_anchor.miss_fifo0.mem_1r1w.synth.nz.mem\[7\]\[0\]$_DFFE_PP_/DE
     978* |       0 |      37 |        0 |      0 |     0 |    +0.0% |   -0.687 |      -15.5 |    -1183.1 |   7002 | u_anchor.miss_fifo0.mem_1r1w.synth.nz.mem\[7\]\[0\]$_DFFE_PP_/DE
     979* |       0 |      37 |        0 |      0 |     0 |    +0.0% |   -0.687 |      -15.5 |    -1183.1 |   7002 | u_anchor.miss_fifo0.mem_1r1w.synth.nz.mem\[7\]\[0\]$_DFFE_PP_/DE
     980* |       0 |      37 |        0 |      0 |     0 |    +0.0% |   -0.687 |      -15.5 |    -1183.1 |   7002 | u_anchor.miss_fifo0.mem_1r1w.synth.nz.mem\[7\]\[0\]$_DFFE_PP_/DE
     980* |       0 |      37 |        0 |      0 |     0 |    +0.0% |   -0.687 |      -15.5 |    -1183.1 |   7002 | u_anchor.miss_fifo0.mem_1r1w.synth.nz.mem\[7\]\[0\]$_DFFE_PP_/DE
     981* |       0 |      37 |        0 |      0 |     0 |    +0.0% |   -0.687 |      -15.5 |    -1183.1 |   7002 | u_anchor.miss_fifo0.mem_1r1w.synth.nz.mem\[7\]\[0\]$_DFFE_PP_/DE
     982* |       0 |      37 |        0 |      0 |     0 |    +0.0% |   -0.687 |      -15.5 |    -1183.1 |   7002 | u_anchor.miss_fifo0.mem_1r1w.synth.nz.mem\[7\]\[0\]$_DFFE_PP_/DE
     983* |       0 |      37 |        0 |      0 |     0 |    +0.0% |   -0.687 |      -15.5 |    -1183.1 |   7002 | u_anchor.miss_fifo0.mem_1r1w.synth.nz.mem\[7\]\[0\]$_DFFE_PP_/DE
     984* |       0 |      37 |        0 |      0 |     0 |    +0.0% |   -0.687 |      -15.5 |    -1183.1 |   7002 | u_anchor.miss_fifo0.mem_1r1w.synth.nz.mem\[7\]\[0\]$_DFFE_PP_/DE
     985* |       0 |      37 |        0 |      0 |     0 |    +0.0% |   -0.687 |      -15.5 |    -1183.1 |   7002 | u_anchor.miss_fifo0.mem_1r1w.synth.nz.mem\[7\]\[0\]$_DFFE_PP_/DE
     986* |       0 |      37 |        0 |      0 |     0 |    +0.0% |   -0.687 |      -15.5 |    -1183.1 |   7002 | u_anchor.miss_fifo0.mem_1r1w.synth.nz.mem\[7\]\[0\]$_DFFE_PP_/DE
     987* |       0 |      37 |        0 |      0 |     0 |    +0.0% |   -0.687 |      -15.5 |    -1183.1 |   7002 | u_anchor.miss_fifo0.mem_1r1w.synth.nz.mem\[7\]\[0\]$_DFFE_PP_/DE
     988* |       0 |      37 |        0 |      0 |     0 |    +0.0% |   -0.687 |      -15.5 |    -1183.1 |   7002 | u_anchor.miss_fifo0.mem_1r1w.synth.nz.mem\[7\]\[0\]$_DFFE_PP_/DE
     989* |       0 |      37 |        0 |      0 |     0 |    +0.0% |   -0.687 |      -15.5 |    -1183.1 |   7002 | u_anchor.miss_fifo0.mem_1r1w.synth.nz.mem\[7\]\[0\]$_DFFE_PP_/DE
     990* |       0 |      37 |        0 |      0 |     0 |    +0.0% |   -0.687 |      -15.5 |    -1183.1 |   7002 | u_anchor.miss_fifo0.mem_1r1w.synth.nz.mem\[7\]\[0\]$_DFFE_PP_/DE
     990* |       0 |      37 |        0 |      0 |     0 |    +0.0% |   -0.687 |      -15.5 |    -1183.1 |   7002 | u_anchor.miss_fifo0.mem_1r1w.synth.nz.mem\[7\]\[0\]$_DFFE_PP_/DE
     991* |       0 |      37 |        0 |      0 |     0 |    +0.0% |   -0.687 |      -15.5 |    -1183.1 |   7002 | u_anchor.miss_fifo0.mem_1r1w.synth.nz.mem\[7\]\[0\]$_DFFE_PP_/DE
     992* |       0 |      37 |        0 |      0 |     0 |    +0.0% |   -0.687 |      -15.5 |    -1183.1 |   7002 | u_anchor.miss_fifo0.mem_1r1w.synth.nz.mem\[7\]\[0\]$_DFFE_PP_/DE
     993* |       0 |      37 |        0 |      0 |     0 |    +0.0% |   -0.687 |      -15.5 |    -1183.1 |   7002 | u_anchor.miss_fifo0.mem_1r1w.synth.nz.mem\[7\]\[0\]$_DFFE_PP_/DE
     994* |       0 |      37 |        0 |      0 |     0 |    +0.0% |   -0.687 |      -15.5 |    -1183.1 |   7002 | u_anchor.miss_fifo0.mem_1r1w.synth.nz.mem\[7\]\[0\]$_DFFE_PP_/DE
     995* |       0 |      37 |        0 |      0 |     0 |    +0.0% |   -0.687 |      -15.5 |    -1183.1 |   7002 | u_anchor.miss_fifo0.mem_1r1w.synth.nz.mem\[7\]\[0\]$_DFFE_PP_/DE
     996* |       0 |      37 |        0 |      0 |     0 |    +0.0% |   -0.687 |      -15.5 |    -1183.1 |   7002 | u_anchor.miss_fifo0.mem_1r1w.synth.nz.mem\[7\]\[0\]$_DFFE_PP_/DE
     997* |       0 |      37 |        0 |      0 |     0 |    +0.0% |   -0.687 |      -15.5 |    -1183.1 |   7002 | u_anchor.miss_fifo0.mem_1r1w.synth.nz.mem\[7\]\[0\]$_DFFE_PP_/DE
     998* |       0 |      37 |        0 |      0 |     0 |    +0.0% |   -0.687 |      -15.5 |    -1183.1 |   7002 | u_anchor.miss_fifo0.mem_1r1w.synth.nz.mem\[7\]\[0\]$_DFFE_PP_/DE
     999* |       0 |      37 |        0 |      0 |     0 |    +0.0% |   -0.687 |      -15.5 |    -1183.1 |   7002 | u_anchor.miss_fifo0.mem_1r1w.synth.nz.mem\[7\]\[0\]$_DFFE_PP_/DE
    1000* |       0 |      37 |        0 |      0 |     0 |    +0.0% |   -0.687 |      -15.5 |    -1183.1 |   7002 | u_anchor.miss_fifo0.mem_1r1w.synth.nz.mem\[7\]\[0\]$_DFFE_PP_/DE
    1000* |       0 |      37 |        0 |      0 |     0 |    +0.0% |   -0.687 |      -15.5 |    -1183.1 |   7002 | u_anchor.miss_fifo0.mem_1r1w.synth.nz.mem\[7\]\[0\]$_DFFE_PP_/DE
    1001* |       0 |      37 |        0 |      0 |     0 |    +0.0% |   -0.687 |      -15.5 |    -1183.1 |   7002 | u_anchor.miss_fifo0.mem_1r1w.synth.nz.mem\[7\]\[0\]$_DFFE_PP_/DE
    1002* |       0 |      37 |        0 |      0 |     0 |    +0.0% |   -0.687 |      -15.5 |    -1183.1 |   7002 | u_anchor.miss_fifo0.mem_1r1w.synth.nz.mem\[7\]\[0\]$_DFFE_PP_/DE
    1003* |       0 |      37 |        0 |      0 |     0 |    +0.0% |   -0.687 |      -15.5 |    -1183.1 |   7002 | u_anchor.miss_fifo0.mem_1r1w.synth.nz.mem\[7\]\[0\]$_DFFE_PP_/DE
    1004* |       0 |      37 |        0 |      0 |     0 |    +0.0% |   -0.687 |      -15.5 |    -1183.1 |   7002 | u_anchor.miss_fifo0.mem_1r1w.synth.nz.mem\[7\]\[0\]$_DFFE_PP_/DE
    1005* |       0 |      37 |        0 |      0 |     0 |    +0.0% |   -0.687 |      -15.5 |    -1183.1 |   7002 | u_anchor.miss_fifo0.mem_1r1w.synth.nz.mem\[7\]\[0\]$_DFFE_PP_/DE
    1006* |       0 |      37 |        0 |      0 |     0 |    +0.0% |   -0.687 |      -15.5 |    -1183.1 |   7002 | u_anchor.miss_fifo0.mem_1r1w.synth.nz.mem\[7\]\[0\]$_DFFE_PP_/DE
    1007* |       0 |      37 |        0 |      0 |     0 |    +0.0% |   -0.687 |      -15.5 |    -1183.1 |   7002 | u_anchor.miss_fifo0.mem_1r1w.synth.nz.mem\[7\]\[0\]$_DFFE_PP_/DE
    1008* |       0 |      37 |        0 |      0 |     0 |    +0.0% |   -0.687 |      -15.5 |    -1183.1 |   7002 | u_anchor.miss_fifo0.mem_1r1w.synth.nz.mem\[7\]\[0\]$_DFFE_PP_/DE
    1009* |       0 |      37 |        0 |      0 |     0 |    +0.0% |   -0.687 |      -15.5 |    -1183.1 |   7002 | u_anchor.miss_fifo0.mem_1r1w.synth.nz.mem\[7\]\[0\]$_DFFE_PP_/DE
    1010* |       0 |      37 |        0 |      0 |     0 |    +0.0% |   -0.687 |      -15.5 |    -1183.1 |   7002 | u_anchor.miss_fifo0.mem_1r1w.synth.nz.mem\[7\]\[0\]$_DFFE_PP_/DE
    1010* |       0 |      37 |        0 |      0 |     0 |    +0.0% |   -0.687 |      -15.5 |    -1183.1 |   7002 | u_anchor.miss_fifo0.mem_1r1w.synth.nz.mem\[7\]\[0\]$_DFFE_PP_/DE
    1011* |       0 |      37 |        0 |      0 |     0 |    +0.0% |   -0.687 |      -15.5 |    -1183.1 |   7002 | u_anchor.miss_fifo0.mem_1r1w.synth.nz.mem\[7\]\[0\]$_DFFE_PP_/DE
    1012* |       0 |      37 |        0 |      0 |     0 |    +0.0% |   -0.687 |      -15.5 |    -1183.1 |   7002 | u_anchor.miss_fifo0.mem_1r1w.synth.nz.mem\[7\]\[0\]$_DFFE_PP_/DE
    1013* |       0 |      37 |        0 |      0 |     0 |    +0.0% |   -0.687 |      -15.5 |    -1183.1 |   7002 | u_anchor.miss_fifo0.mem_1r1w.synth.nz.mem\[7\]\[0\]$_DFFE_PP_/DE
    1014* |       0 |      37 |        0 |      0 |     0 |    +0.0% |   -0.687 |      -15.5 |    -1183.1 |   7002 | u_anchor.miss_fifo0.mem_1r1w.synth.nz.mem\[7\]\[0\]$_DFFE_PP_/DE
    1015* |       0 |      37 |        0 |      0 |     0 |    +0.0% |   -0.687 |      -15.5 |    -1183.1 |   7002 | u_anchor.miss_fifo0.mem_1r1w.synth.nz.mem\[7\]\[0\]$_DFFE_PP_/DE
    1016* |       0 |      37 |        0 |      0 |     0 |    +0.0% |   -0.687 |      -15.5 |    -1183.1 |   7002 | u_anchor.miss_fifo0.mem_1r1w.synth.nz.mem\[7\]\[0\]$_DFFE_PP_/DE
    1017* |       0 |      37 |        0 |      0 |     0 |    +0.0% |   -0.687 |      -15.5 |    -1183.1 |   7002 | u_anchor.miss_fifo0.mem_1r1w.synth.nz.mem\[7\]\[0\]$_DFFE_PP_/DE
    1018* |       0 |      37 |        0 |      0 |     0 |    +0.0% |   -0.687 |      -15.5 |    -1183.1 |   7002 | u_anchor.miss_fifo0.mem_1r1w.synth.nz.mem\[7\]\[0\]$_DFFE_PP_/DE
    1019* |       0 |      37 |        0 |      0 |     0 |    +0.0% |   -0.687 |      -15.5 |    -1183.1 |   7002 | u_anchor.miss_fifo0.mem_1r1w.synth.nz.mem\[7\]\[0\]$_DFFE_PP_/DE
    1020* |       0 |      37 |        0 |      0 |     0 |    +0.0% |   -0.687 |      -15.5 |    -1183.1 |   7002 | u_anchor.miss_fifo0.mem_1r1w.synth.nz.mem\[7\]\[0\]$_DFFE_PP_/DE
    1020* |       0 |      37 |        0 |      0 |     0 |    +0.0% |   -0.687 |      -15.5 |    -1183.1 |   7002 | u_anchor.miss_fifo0.mem_1r1w.synth.nz.mem\[7\]\[0\]$_DFFE_PP_/DE
    1021* |       0 |      37 |        0 |      0 |     0 |    +0.0% |   -0.687 |      -15.5 |    -1183.1 |   7002 | u_anchor.miss_fifo0.mem_1r1w.synth.nz.mem\[7\]\[0\]$_DFFE_PP_/DE
    1022* |       0 |      37 |        0 |      0 |     0 |    +0.0% |   -0.687 |      -15.5 |    -1183.1 |   7002 | u_anchor.miss_fifo0.mem_1r1w.synth.nz.mem\[7\]\[0\]$_DFFE_PP_/DE
    1023* |       0 |      37 |        0 |      0 |     0 |    +0.0% |   -0.687 |      -15.5 |    -1183.1 |   7002 | u_anchor.miss_fifo0.mem_1r1w.synth.nz.mem\[7\]\[0\]$_DFFE_PP_/DE
    1024* |       0 |      37 |        0 |      0 |     0 |    +0.0% |   -0.687 |      -15.5 |    -1183.1 |   7002 | u_anchor.miss_fifo0.mem_1r1w.synth.nz.mem\[7\]\[0\]$_DFFE_PP_/DE
    1025* |       0 |      37 |        0 |      0 |     0 |    +0.0% |   -0.687 |      -15.5 |    -1183.1 |   7002 | u_anchor.miss_fifo0.mem_1r1w.synth.nz.mem\[7\]\[0\]$_DFFE_PP_/DE
    1026* |       0 |      37 |        0 |      0 |     0 |    +0.0% |   -0.687 |      -15.5 |    -1183.1 |   7002 | u_anchor.miss_fifo0.mem_1r1w.synth.nz.mem\[7\]\[0\]$_DFFE_PP_/DE
    1027* |       0 |      37 |        0 |      0 |     0 |    +0.0% |   -0.687 |      -15.5 |    -1183.1 |   7002 | u_anchor.miss_fifo0.mem_1r1w.synth.nz.mem\[7\]\[0\]$_DFFE_PP_/DE
    1028* |       0 |      37 |        0 |      0 |     0 |    +0.0% |   -0.687 |      -15.5 |    -1183.1 |   7002 | u_anchor.miss_fifo0.mem_1r1w.synth.nz.mem\[7\]\[0\]$_DFFE_PP_/DE
    1029* |       0 |      37 |        0 |      0 |     0 |    +0.0% |   -0.687 |      -15.5 |    -1183.1 |   7002 | u_anchor.miss_fifo0.mem_1r1w.synth.nz.mem\[7\]\[0\]$_DFFE_PP_/DE
    1030* |       0 |      37 |        0 |      0 |     0 |    +0.0% |   -0.687 |      -15.5 |    -1183.1 |   7002 | u_anchor.miss_fifo0.mem_1r1w.synth.nz.mem\[7\]\[0\]$_DFFE_PP_/DE
    1030* |       0 |      37 |        0 |      0 |     0 |    +0.0% |   -0.687 |      -15.5 |    -1183.1 |   7002 | u_anchor.miss_fifo0.mem_1r1w.synth.nz.mem\[7\]\[0\]$_DFFE_PP_/DE
    1031* |       0 |      37 |        0 |      0 |     0 |    +0.0% |   -0.687 |      -15.5 |    -1183.1 |   7002 | u_anchor.miss_fifo0.mem_1r1w.synth.nz.mem\[7\]\[0\]$_DFFE_PP_/DE
    1032* |       0 |      37 |        0 |      0 |     0 |    +0.0% |   -0.687 |      -15.5 |    -1183.1 |   7002 | u_anchor.miss_fifo0.mem_1r1w.synth.nz.mem\[7\]\[0\]$_DFFE_PP_/DE
    1033* |       0 |      37 |        0 |      0 |     0 |    +0.0% |   -0.687 |      -15.5 |    -1183.1 |   7002 | u_anchor.miss_fifo0.mem_1r1w.synth.nz.mem\[7\]\[0\]$_DFFE_PP_/DE
    1034* |       0 |      37 |        0 |      0 |     0 |    +0.0% |   -0.687 |      -15.5 |    -1183.1 |   7002 | u_anchor.miss_fifo0.mem_1r1w.synth.nz.mem\[7\]\[0\]$_DFFE_PP_/DE
    1035* |       0 |      37 |        0 |      0 |     0 |    +0.0% |   -0.687 |      -15.5 |    -1183.1 |   7002 | u_anchor.miss_fifo0.mem_1r1w.synth.nz.mem\[7\]\[0\]$_DFFE_PP_/DE
    1036* |       0 |      37 |        0 |      0 |     0 |    +0.0% |   -0.687 |      -15.5 |    -1183.1 |   7002 | u_anchor.miss_fifo0.mem_1r1w.synth.nz.mem\[7\]\[0\]$_DFFE_PP_/DE
    1037* |       0 |      37 |        0 |      0 |     0 |    +0.0% |   -0.687 |      -15.5 |    -1183.1 |   7002 | u_anchor.miss_fifo0.mem_1r1w.synth.nz.mem\[7\]\[0\]$_DFFE_PP_/DE
    1038* |       0 |      37 |        0 |      0 |     0 |    +0.0% |   -0.687 |      -15.5 |    -1183.1 |   7002 | u_anchor.miss_fifo0.mem_1r1w.synth.nz.mem\[7\]\[0\]$_DFFE_PP_/DE
    1039* |       0 |      37 |        0 |      0 |     0 |    +0.0% |   -0.687 |      -15.5 |    -1183.1 |   7002 | u_anchor.miss_fifo0.mem_1r1w.synth.nz.mem\[7\]\[0\]$_DFFE_PP_/DE
    1040* |       0 |      37 |        0 |      0 |     0 |    +0.0% |   -0.687 |      -15.5 |    -1183.1 |   7002 | u_anchor.miss_fifo0.mem_1r1w.synth.nz.mem\[7\]\[0\]$_DFFE_PP_/DE
    1040* |       0 |      37 |        0 |      0 |     0 |    +0.0% |   -0.687 |      -15.5 |    -1183.1 |   7002 | u_anchor.miss_fifo0.mem_1r1w.synth.nz.mem\[7\]\[0\]$_DFFE_PP_/DE
    1041* |       0 |      37 |        0 |      0 |     0 |    +0.0% |   -0.687 |      -15.5 |    -1183.1 |   7002 | u_anchor.miss_fifo0.mem_1r1w.synth.nz.mem\[7\]\[0\]$_DFFE_PP_/DE
    1042* |       0 |      37 |        0 |      0 |     0 |    +0.0% |   -0.687 |      -15.5 |    -1183.1 |   7002 | u_anchor.miss_fifo0.mem_1r1w.synth.nz.mem\[7\]\[0\]$_DFFE_PP_/DE
    1043* |       0 |      37 |        0 |      0 |     0 |    +0.0% |   -0.687 |      -15.5 |    -1183.1 |   7002 | u_anchor.miss_fifo0.mem_1r1w.synth.nz.mem\[7\]\[0\]$_DFFE_PP_/DE
    1044* |       0 |      37 |        0 |      0 |     0 |    +0.0% |   -0.687 |      -15.5 |    -1183.1 |   7002 | u_anchor.miss_fifo0.mem_1r1w.synth.nz.mem\[7\]\[0\]$_DFFE_PP_/DE
    1045* |       0 |      37 |        0 |      0 |     0 |    +0.0% |   -0.687 |      -15.5 |    -1183.1 |   7002 | u_anchor.miss_fifo0.mem_1r1w.synth.nz.mem\[7\]\[0\]$_DFFE_PP_/DE
    1046* |       0 |      37 |        0 |      0 |     0 |    +0.0% |   -0.687 |      -15.5 |    -1183.1 |   7002 | u_anchor.miss_fifo0.mem_1r1w.synth.nz.mem\[7\]\[0\]$_DFFE_PP_/DE
    1047* |       0 |      37 |        0 |      0 |     0 |    +0.0% |   -0.687 |      -15.5 |    -1183.1 |   7002 | u_anchor.miss_fifo0.mem_1r1w.synth.nz.mem\[7\]\[0\]$_DFFE_PP_/DE
    1048* |       0 |      37 |        0 |      0 |     0 |    +0.0% |   -0.687 |      -15.5 |    -1183.1 |   7002 | u_anchor.miss_fifo0.mem_1r1w.synth.nz.mem\[7\]\[0\]$_DFFE_PP_/DE
    1049* |       0 |      37 |        0 |      0 |     0 |    +0.0% |   -0.687 |      -15.5 |    -1183.1 |   7002 | u_anchor.miss_fifo0.mem_1r1w.synth.nz.mem\[7\]\[0\]$_DFFE_PP_/DE
    1050* |       0 |      37 |        0 |      0 |     0 |    +0.0% |   -0.687 |      -15.5 |    -1183.1 |   7002 | u_anchor.miss_fifo0.mem_1r1w.synth.nz.mem\[7\]\[0\]$_DFFE_PP_/DE
    1050* |       0 |      37 |        0 |      0 |     0 |    +0.0% |   -0.687 |      -15.5 |    -1183.1 |   7002 | u_anchor.miss_fifo0.mem_1r1w.synth.nz.mem\[7\]\[0\]$_DFFE_PP_/DE
    1051* |       0 |      37 |        0 |      0 |     0 |    +0.0% |   -0.687 |      -15.5 |    -1183.1 |   7002 | u_anchor.miss_fifo0.mem_1r1w.synth.nz.mem\[7\]\[0\]$_DFFE_PP_/DE
    1052* |       0 |      37 |        0 |      0 |     0 |    +0.0% |   -0.687 |      -15.5 |    -1183.1 |   7002 | u_anchor.miss_fifo0.mem_1r1w.synth.nz.mem\[7\]\[0\]$_DFFE_PP_/DE
    1053* |       0 |      37 |        0 |      0 |     0 |    +0.0% |   -0.687 |      -15.5 |    -1183.1 |   7002 | u_anchor.miss_fifo0.mem_1r1w.synth.nz.mem\[7\]\[0\]$_DFFE_PP_/DE
    1054* |       0 |      37 |        0 |      0 |     0 |    +0.0% |   -0.687 |      -15.5 |    -1183.1 |   7002 | u_anchor.miss_fifo0.mem_1r1w.synth.nz.mem\[7\]\[0\]$_DFFE_PP_/DE
    1055* |       0 |      37 |        0 |      0 |     0 |    +0.0% |   -0.687 |      -15.5 |    -1183.1 |   7002 | u_anchor.miss_fifo0.mem_1r1w.synth.nz.mem\[7\]\[0\]$_DFFE_PP_/DE
    1056* |       0 |      37 |        0 |      0 |     0 |    +0.0% |   -0.687 |      -15.5 |    -1183.1 |   7002 | u_anchor.miss_fifo0.mem_1r1w.synth.nz.mem\[7\]\[0\]$_DFFE_PP_/DE
    1057* |       0 |      37 |        0 |      0 |     0 |    +0.0% |   -0.687 |      -15.5 |    -1183.1 |   7002 | u_anchor.miss_fifo0.mem_1r1w.synth.nz.mem\[7\]\[0\]$_DFFE_PP_/DE
    1058* |       0 |      37 |        0 |      0 |     0 |    +0.0% |   -0.687 |      -15.5 |    -1183.1 |   7002 | u_anchor.miss_fifo0.mem_1r1w.synth.nz.mem\[7\]\[0\]$_DFFE_PP_/DE
    1059* |       0 |      37 |        0 |      0 |     0 |    +0.0% |   -0.687 |      -15.5 |    -1183.1 |   7002 | u_anchor.miss_fifo0.mem_1r1w.synth.nz.mem\[7\]\[0\]$_DFFE_PP_/DE
    1060* |       0 |      37 |        0 |      0 |     0 |    +0.0% |   -0.687 |      -15.5 |    -1183.1 |   7002 | u_anchor.miss_fifo0.mem_1r1w.synth.nz.mem\[7\]\[0\]$_DFFE_PP_/DE
    1060* |       0 |      37 |        0 |      0 |     0 |    +0.0% |   -0.687 |      -15.5 |    -1183.1 |   7002 | u_anchor.miss_fifo0.mem_1r1w.synth.nz.mem\[7\]\[0\]$_DFFE_PP_/DE
    1061* |       0 |      37 |        0 |      0 |     0 |    +0.0% |   -0.687 |      -15.5 |    -1183.1 |   7002 | u_anchor.miss_fifo0.mem_1r1w.synth.nz.mem\[7\]\[0\]$_DFFE_PP_/DE
    1062* |       0 |      37 |        0 |      0 |     0 |    +0.0% |   -0.687 |      -15.5 |    -1183.1 |   7002 | u_anchor.miss_fifo0.mem_1r1w.synth.nz.mem\[7\]\[0\]$_DFFE_PP_/DE
    1063* |       0 |      37 |        0 |      0 |     0 |    +0.0% |   -0.687 |      -15.5 |    -1183.1 |   7002 | u_anchor.miss_fifo0.mem_1r1w.synth.nz.mem\[7\]\[0\]$_DFFE_PP_/DE
    1064* |       0 |      37 |        0 |      0 |     0 |    +0.0% |   -0.687 |      -15.5 |    -1183.1 |   7002 | u_anchor.miss_fifo0.mem_1r1w.synth.nz.mem\[7\]\[0\]$_DFFE_PP_/DE
    1065* |       0 |      37 |        0 |      0 |     0 |    +0.0% |   -0.687 |      -15.5 |    -1183.1 |   7002 | u_anchor.miss_fifo0.mem_1r1w.synth.nz.mem\[7\]\[0\]$_DFFE_PP_/DE
    1066* |       0 |      37 |        0 |      0 |     0 |    +0.0% |   -0.687 |      -15.5 |    -1183.1 |   7002 | u_anchor.miss_fifo0.mem_1r1w.synth.nz.mem\[7\]\[0\]$_DFFE_PP_/DE
    1067* |       0 |      37 |        0 |      0 |     0 |    +0.0% |   -0.687 |      -15.5 |    -1183.1 |   7002 | u_anchor.miss_fifo0.mem_1r1w.synth.nz.mem\[7\]\[0\]$_DFFE_PP_/DE
    1068* |       0 |      37 |        0 |      0 |     0 |    +0.0% |   -0.687 |      -15.5 |    -1183.1 |   7002 | u_anchor.miss_fifo0.mem_1r1w.synth.nz.mem\[7\]\[0\]$_DFFE_PP_/DE
    1069* |       0 |      37 |        0 |      0 |     0 |    +0.0% |   -0.687 |      -15.5 |    -1183.1 |   7002 | u_anchor.miss_fifo0.mem_1r1w.synth.nz.mem\[7\]\[0\]$_DFFE_PP_/DE
    1070* |       0 |      37 |        0 |      0 |     0 |    +0.0% |   -0.687 |      -15.5 |    -1183.1 |   7002 | u_anchor.miss_fifo0.mem_1r1w.synth.nz.mem\[7\]\[0\]$_DFFE_PP_/DE
    1070* |       0 |      37 |        0 |      0 |     0 |    +0.0% |   -0.687 |      -15.5 |    -1183.1 |   7002 | u_anchor.miss_fifo0.mem_1r1w.synth.nz.mem\[7\]\[0\]$_DFFE_PP_/DE
    1071* |       0 |      37 |        0 |      0 |     0 |    +0.0% |   -0.687 |      -15.5 |    -1183.1 |   7002 | u_anchor.miss_fifo0.mem_1r1w.synth.nz.mem\[7\]\[0\]$_DFFE_PP_/DE
    1072* |       0 |      37 |        0 |      0 |     0 |    +0.0% |   -0.687 |      -15.5 |    -1183.1 |   7002 | u_anchor.miss_fifo0.mem_1r1w.synth.nz.mem\[7\]\[0\]$_DFFE_PP_/DE
    1073* |       0 |      37 |        0 |      0 |     0 |    +0.0% |   -0.687 |      -15.5 |    -1183.1 |   7002 | u_anchor.miss_fifo0.mem_1r1w.synth.nz.mem\[7\]\[0\]$_DFFE_PP_/DE
    1074* |       0 |      37 |        0 |      0 |     0 |    +0.0% |   -0.687 |      -15.5 |    -1183.1 |   7002 | u_anchor.miss_fifo0.mem_1r1w.synth.nz.mem\[7\]\[0\]$_DFFE_PP_/DE
    1075* |       0 |      37 |        0 |      0 |     0 |    +0.0% |   -0.687 |      -15.5 |    -1183.1 |   7002 | u_anchor.miss_fifo0.mem_1r1w.synth.nz.mem\[7\]\[0\]$_DFFE_PP_/DE
    1076* |       0 |      37 |        0 |      0 |     0 |    +0.0% |   -0.687 |      -15.5 |    -1183.1 |   7002 | u_anchor.miss_fifo0.mem_1r1w.synth.nz.mem\[7\]\[0\]$_DFFE_PP_/DE
    1077* |       0 |      37 |        0 |      0 |     0 |    +0.0% |   -0.687 |      -15.5 |    -1183.1 |   7002 | u_anchor.miss_fifo0.mem_1r1w.synth.nz.mem\[7\]\[0\]$_DFFE_PP_/DE
    1078* |       0 |      37 |        0 |      0 |     0 |    +0.0% |   -0.687 |      -15.5 |    -1183.1 |   7002 | u_anchor.miss_fifo0.mem_1r1w.synth.nz.mem\[7\]\[0\]$_DFFE_PP_/DE
    1079* |       0 |      37 |        0 |      0 |     0 |    +0.0% |   -0.687 |      -15.5 |    -1183.1 |   7002 | u_anchor.miss_fifo0.mem_1r1w.synth.nz.mem\[7\]\[0\]$_DFFE_PP_/DE
    1080* |       0 |      37 |        0 |      0 |     0 |    +0.0% |   -0.687 |      -15.5 |    -1183.1 |   7002 | u_anchor.miss_fifo0.mem_1r1w.synth.nz.mem\[7\]\[0\]$_DFFE_PP_/DE
    1080* |       0 |      37 |        0 |      0 |     0 |    +0.0% |   -0.687 |      -15.5 |    -1183.1 |   7002 | u_anchor.miss_fifo0.mem_1r1w.synth.nz.mem\[7\]\[0\]$_DFFE_PP_/DE
    1081* |       0 |      37 |        0 |      0 |     0 |    +0.0% |   -0.687 |      -15.5 |    -1183.1 |   7002 | u_anchor.miss_fifo0.mem_1r1w.synth.nz.mem\[7\]\[0\]$_DFFE_PP_/DE
    1082* |       0 |      37 |        0 |      0 |     0 |    +0.0% |   -0.687 |      -15.5 |    -1183.1 |   7002 | u_anchor.miss_fifo0.mem_1r1w.synth.nz.mem\[7\]\[0\]$_DFFE_PP_/DE
    1083* |       0 |      37 |        0 |      0 |     0 |    +0.0% |   -0.687 |      -15.5 |    -1183.1 |   7002 | u_anchor.miss_fifo0.mem_1r1w.synth.nz.mem\[7\]\[0\]$_DFFE_PP_/DE
    1084* |       0 |      37 |        0 |      0 |     0 |    +0.0% |   -0.687 |      -15.5 |    -1183.1 |   7002 | u_anchor.miss_fifo0.mem_1r1w.synth.nz.mem\[7\]\[0\]$_DFFE_PP_/DE
    1085* |       0 |      37 |        0 |      0 |     0 |    +0.0% |   -0.687 |      -15.5 |    -1183.1 |   7002 | u_anchor.miss_fifo0.mem_1r1w.synth.nz.mem\[7\]\[0\]$_DFFE_PP_/DE
    1086* |       0 |      37 |        0 |      0 |     0 |    +0.0% |   -0.687 |      -15.5 |    -1183.1 |   7002 | u_anchor.miss_fifo0.mem_1r1w.synth.nz.mem\[7\]\[0\]$_DFFE_PP_/DE
    1087* |       0 |      37 |        0 |      0 |     0 |    +0.0% |   -0.687 |      -15.5 |    -1183.1 |   7002 | u_anchor.miss_fifo0.mem_1r1w.synth.nz.mem\[7\]\[0\]$_DFFE_PP_/DE
    1088* |       0 |      37 |        0 |      0 |     0 |    +0.0% |   -0.687 |      -15.5 |    -1183.1 |   7002 | u_anchor.miss_fifo0.mem_1r1w.synth.nz.mem\[7\]\[0\]$_DFFE_PP_/DE
    1089* |       0 |      37 |        0 |      0 |     0 |    +0.0% |   -0.687 |      -15.5 |    -1183.1 |   7002 | u_anchor.miss_fifo0.mem_1r1w.synth.nz.mem\[7\]\[0\]$_DFFE_PP_/DE
    1090* |       0 |      37 |        0 |      0 |     0 |    +0.0% |   -0.687 |      -15.5 |    -1183.1 |   7002 | u_anchor.miss_fifo0.mem_1r1w.synth.nz.mem\[7\]\[0\]$_DFFE_PP_/DE
    1090* |       0 |      37 |        0 |      0 |     0 |    +0.0% |   -0.687 |      -15.5 |    -1183.1 |   7002 | u_anchor.miss_fifo0.mem_1r1w.synth.nz.mem\[7\]\[0\]$_DFFE_PP_/DE
    1091* |       0 |      37 |        0 |      0 |     0 |    +0.0% |   -0.687 |      -15.5 |    -1183.1 |   7002 | u_anchor.miss_fifo0.mem_1r1w.synth.nz.mem\[7\]\[0\]$_DFFE_PP_/DE
    1092* |       0 |      37 |        0 |      0 |     0 |    +0.0% |   -0.687 |      -15.5 |    -1183.1 |   7002 | u_anchor.miss_fifo0.mem_1r1w.synth.nz.mem\[7\]\[0\]$_DFFE_PP_/DE
    1093* |       0 |      37 |        0 |      0 |     0 |    +0.0% |   -0.687 |      -15.5 |    -1183.1 |   7002 | u_anchor.miss_fifo0.mem_1r1w.synth.nz.mem\[7\]\[0\]$_DFFE_PP_/DE
    1094* |       0 |      37 |        0 |      0 |     0 |    +0.0% |   -0.687 |      -15.5 |    -1183.1 |   7002 | u_anchor.miss_fifo0.mem_1r1w.synth.nz.mem\[7\]\[0\]$_DFFE_PP_/DE
    1095* |       0 |      37 |        0 |      0 |     0 |    +0.0% |   -0.687 |      -15.5 |    -1183.1 |   7002 | u_anchor.miss_fifo0.mem_1r1w.synth.nz.mem\[7\]\[0\]$_DFFE_PP_/DE
    1096* |       0 |      37 |        0 |      0 |     0 |    +0.0% |   -0.687 |      -15.5 |    -1183.1 |   7002 | u_anchor.miss_fifo0.mem_1r1w.synth.nz.mem\[7\]\[0\]$_DFFE_PP_/DE
    1097* |       0 |      37 |        0 |      0 |     0 |    +0.0% |   -0.687 |      -15.5 |    -1183.1 |   7002 | u_anchor.miss_fifo0.mem_1r1w.synth.nz.mem\[7\]\[0\]$_DFFE_PP_/DE
    1098* |       0 |      37 |        0 |      0 |     0 |    +0.0% |   -0.687 |      -15.5 |    -1183.1 |   7002 | u_anchor.miss_fifo0.mem_1r1w.synth.nz.mem\[7\]\[0\]$_DFFE_PP_/DE
    1099* |       0 |      37 |        0 |      0 |     0 |    +0.0% |   -0.687 |      -15.5 |    -1183.1 |   7002 | u_anchor.miss_fifo0.mem_1r1w.synth.nz.mem\[7\]\[0\]$_DFFE_PP_/DE
    1100* |       0 |      37 |        0 |      0 |     0 |    +0.0% |   -0.687 |      -15.5 |    -1183.1 |   7002 | u_anchor.miss_fifo0.mem_1r1w.synth.nz.mem\[7\]\[0\]$_DFFE_PP_/DE
    1100* |       0 |      37 |        0 |      0 |     0 |    +0.0% |   -0.687 |      -15.5 |    -1183.1 |   7002 | u_anchor.miss_fifo0.mem_1r1w.synth.nz.mem\[7\]\[0\]$_DFFE_PP_/DE
    1101* |       0 |      37 |        0 |      0 |     0 |    +0.0% |   -0.687 |      -15.5 |    -1183.1 |   7002 | u_anchor.miss_fifo0.mem_1r1w.synth.nz.mem\[7\]\[0\]$_DFFE_PP_/DE
    1102* |       0 |      37 |        0 |      0 |     0 |    +0.0% |   -0.687 |      -15.5 |    -1183.1 |   7002 | u_anchor.miss_fifo0.mem_1r1w.synth.nz.mem\[7\]\[0\]$_DFFE_PP_/DE
    1103* |       0 |      37 |        0 |      0 |     0 |    +0.0% |   -0.687 |      -15.5 |    -1183.1 |   7002 | u_anchor.miss_fifo0.mem_1r1w.synth.nz.mem\[7\]\[0\]$_DFFE_PP_/DE
    1104* |       0 |      37 |        0 |      0 |     0 |    +0.0% |   -0.687 |      -15.5 |    -1183.1 |   7002 | u_anchor.miss_fifo0.mem_1r1w.synth.nz.mem\[7\]\[0\]$_DFFE_PP_/DE
    1105* |       0 |      37 |        0 |      0 |     0 |    +0.0% |   -0.687 |      -15.5 |    -1183.1 |   7002 | u_anchor.miss_fifo0.mem_1r1w.synth.nz.mem\[7\]\[0\]$_DFFE_PP_/DE
    1106* |       0 |      37 |        0 |      0 |     0 |    +0.0% |   -0.687 |      -15.5 |    -1183.1 |   7002 | u_anchor.miss_fifo0.mem_1r1w.synth.nz.mem\[7\]\[0\]$_DFFE_PP_/DE
    1107* |       0 |      37 |        0 |      0 |     0 |    +0.0% |   -0.687 |      -15.5 |    -1183.1 |   7002 | u_anchor.miss_fifo0.mem_1r1w.synth.nz.mem\[7\]\[0\]$_DFFE_PP_/DE
    1108* |       0 |      37 |        0 |      0 |     0 |    +0.0% |   -0.687 |      -15.5 |    -1183.1 |   7002 | u_anchor.miss_fifo0.mem_1r1w.synth.nz.mem\[7\]\[0\]$_DFFE_PP_/DE
    1109* |       0 |      37 |        0 |      0 |     0 |    +0.0% |   -0.687 |      -15.5 |    -1183.1 |   7002 | u_anchor.miss_fifo0.mem_1r1w.synth.nz.mem\[7\]\[0\]$_DFFE_PP_/DE
    1110* |       0 |      37 |        0 |      0 |     0 |    +0.0% |   -0.687 |      -15.5 |    -1183.1 |   7002 | u_anchor.miss_fifo0.mem_1r1w.synth.nz.mem\[7\]\[0\]$_DFFE_PP_/DE
    1110* |       0 |      37 |        0 |      0 |     0 |    +0.0% |   -0.687 |      -15.5 |    -1183.1 |   7002 | u_anchor.miss_fifo0.mem_1r1w.synth.nz.mem\[7\]\[0\]$_DFFE_PP_/DE
    1111* |       0 |      37 |        0 |      0 |     0 |    +0.0% |   -0.687 |      -15.5 |    -1183.1 |   7002 | u_anchor.miss_fifo0.mem_1r1w.synth.nz.mem\[7\]\[0\]$_DFFE_PP_/DE
    1112* |       0 |      37 |        0 |      0 |     0 |    +0.0% |   -0.687 |      -15.5 |    -1183.1 |   7002 | u_anchor.miss_fifo0.mem_1r1w.synth.nz.mem\[7\]\[0\]$_DFFE_PP_/DE
    1113* |       0 |      37 |        0 |      0 |     0 |    +0.0% |   -0.687 |      -15.5 |    -1183.1 |   7002 | u_anchor.miss_fifo0.mem_1r1w.synth.nz.mem\[7\]\[0\]$_DFFE_PP_/DE
    1114* |       0 |      37 |        0 |      0 |     0 |    +0.0% |   -0.687 |      -15.5 |    -1183.1 |   7002 | u_anchor.miss_fifo0.mem_1r1w.synth.nz.mem\[7\]\[0\]$_DFFE_PP_/DE
    1115* |       0 |      37 |        0 |      0 |     0 |    +0.0% |   -0.687 |      -15.5 |    -1183.1 |   7002 | u_anchor.miss_fifo0.mem_1r1w.synth.nz.mem\[7\]\[0\]$_DFFE_PP_/DE
    1116* |       0 |      37 |        0 |      0 |     0 |    +0.0% |   -0.687 |      -15.5 |    -1183.1 |   7002 | u_anchor.miss_fifo0.mem_1r1w.synth.nz.mem\[7\]\[0\]$_DFFE_PP_/DE
    1117* |       0 |      37 |        0 |      0 |     0 |    +0.0% |   -0.687 |      -15.5 |    -1183.1 |   7002 | u_anchor.miss_fifo0.mem_1r1w.synth.nz.mem\[7\]\[0\]$_DFFE_PP_/DE
    1118* |       0 |      37 |        0 |      0 |     0 |    +0.0% |   -0.687 |      -15.5 |    -1183.1 |   7002 | u_anchor.miss_fifo0.mem_1r1w.synth.nz.mem\[7\]\[0\]$_DFFE_PP_/DE
    1119* |       0 |      37 |        0 |      0 |     0 |    +0.0% |   -0.687 |      -15.5 |    -1183.1 |   7002 | u_anchor.miss_fifo0.mem_1r1w.synth.nz.mem\[7\]\[0\]$_DFFE_PP_/DE
    1120* |       0 |      37 |        0 |      0 |     0 |    +0.0% |   -0.687 |      -15.5 |    -1183.1 |   7002 | u_anchor.miss_fifo0.mem_1r1w.synth.nz.mem\[7\]\[0\]$_DFFE_PP_/DE
    1120* |       0 |      37 |        0 |      0 |     0 |    +0.0% |   -0.687 |      -15.5 |    -1183.1 |   7002 | u_anchor.miss_fifo0.mem_1r1w.synth.nz.mem\[7\]\[0\]$_DFFE_PP_/DE
    1121* |       0 |      37 |        0 |      0 |     0 |    +0.0% |   -0.687 |      -15.5 |    -1183.1 |   7002 | u_anchor.miss_fifo0.mem_1r1w.synth.nz.mem\[7\]\[0\]$_DFFE_PP_/DE
    1122* |       0 |      37 |        0 |      0 |     0 |    +0.0% |   -0.687 |      -15.5 |    -1183.1 |   7002 | u_anchor.miss_fifo0.mem_1r1w.synth.nz.mem\[7\]\[0\]$_DFFE_PP_/DE
    1123* |       0 |      37 |        0 |      0 |     0 |    +0.0% |   -0.687 |      -15.5 |    -1183.1 |   7002 | u_anchor.miss_fifo0.mem_1r1w.synth.nz.mem\[7\]\[0\]$_DFFE_PP_/DE
    1124* |       0 |      37 |        0 |      0 |     0 |    +0.0% |   -0.687 |      -15.5 |    -1183.1 |   7002 | u_anchor.miss_fifo0.mem_1r1w.synth.nz.mem\[7\]\[0\]$_DFFE_PP_/DE
    1125* |       0 |      37 |        0 |      0 |     0 |    +0.0% |   -0.687 |      -15.5 |    -1183.1 |   7002 | u_anchor.miss_fifo0.mem_1r1w.synth.nz.mem\[7\]\[0\]$_DFFE_PP_/DE
    1126* |       0 |      37 |        0 |      0 |     0 |    +0.0% |   -0.687 |      -15.5 |    -1183.1 |   7002 | u_anchor.miss_fifo0.mem_1r1w.synth.nz.mem\[7\]\[0\]$_DFFE_PP_/DE
    1127* |       0 |      37 |        0 |      0 |     0 |    +0.0% |   -0.687 |      -15.5 |    -1183.1 |   7002 | u_anchor.miss_fifo0.mem_1r1w.synth.nz.mem\[7\]\[0\]$_DFFE_PP_/DE
    1128* |       0 |      37 |        0 |      0 |     0 |    +0.0% |   -0.687 |      -15.5 |    -1183.1 |   7002 | u_anchor.miss_fifo0.mem_1r1w.synth.nz.mem\[7\]\[0\]$_DFFE_PP_/DE
    1129* |       0 |      37 |        0 |      0 |     0 |    +0.0% |   -0.687 |      -15.5 |    -1183.1 |   7002 | u_anchor.miss_fifo0.mem_1r1w.synth.nz.mem\[7\]\[0\]$_DFFE_PP_/DE
    1130* |       0 |      37 |        0 |      0 |     0 |    +0.0% |   -0.687 |      -15.5 |    -1183.1 |   7002 | u_anchor.miss_fifo0.mem_1r1w.synth.nz.mem\[7\]\[0\]$_DFFE_PP_/DE
    1130* |       0 |      37 |        0 |      0 |     0 |    +0.0% |   -0.687 |      -15.5 |    -1183.1 |   7002 | u_anchor.miss_fifo0.mem_1r1w.synth.nz.mem\[7\]\[0\]$_DFFE_PP_/DE
    1131* |       0 |      37 |        0 |      0 |     0 |    +0.0% |   -0.687 |      -15.5 |    -1183.1 |   7002 | u_anchor.miss_fifo0.mem_1r1w.synth.nz.mem\[7\]\[0\]$_DFFE_PP_/DE
    1132* |       0 |      37 |        0 |      0 |     0 |    +0.0% |   -0.687 |      -15.5 |    -1183.1 |   7002 | u_anchor.miss_fifo0.mem_1r1w.synth.nz.mem\[7\]\[0\]$_DFFE_PP_/DE
    1133* |       0 |      37 |        0 |      0 |     0 |    +0.0% |   -0.687 |      -15.5 |    -1183.1 |   7002 | u_anchor.miss_fifo0.mem_1r1w.synth.nz.mem\[7\]\[0\]$_DFFE_PP_/DE
    1134* |       0 |      37 |        0 |      0 |     0 |    +0.0% |   -0.687 |      -15.5 |    -1183.1 |   7002 | u_anchor.miss_fifo0.mem_1r1w.synth.nz.mem\[7\]\[0\]$_DFFE_PP_/DE
    1135* |       0 |      37 |        0 |      0 |     0 |    +0.0% |   -0.687 |      -15.5 |    -1183.1 |   7002 | u_anchor.miss_fifo0.mem_1r1w.synth.nz.mem\[7\]\[0\]$_DFFE_PP_/DE
    1136* |       0 |      37 |        0 |      0 |     0 |    +0.0% |   -0.687 |      -15.5 |    -1183.1 |   7002 | u_anchor.miss_fifo0.mem_1r1w.synth.nz.mem\[7\]\[0\]$_DFFE_PP_/DE
    1137* |       0 |      37 |        0 |      0 |     0 |    +0.0% |   -0.687 |      -15.5 |    -1183.1 |   7002 | u_anchor.miss_fifo0.mem_1r1w.synth.nz.mem\[7\]\[0\]$_DFFE_PP_/DE
    1138* |       0 |      37 |        0 |      0 |     0 |    +0.0% |   -0.687 |      -15.5 |    -1183.1 |   7002 | u_anchor.miss_fifo0.mem_1r1w.synth.nz.mem\[7\]\[0\]$_DFFE_PP_/DE
    1139* |       0 |      37 |        0 |      0 |     0 |    +0.0% |   -0.687 |      -15.5 |    -1183.1 |   7002 | u_anchor.miss_fifo0.mem_1r1w.synth.nz.mem\[7\]\[0\]$_DFFE_PP_/DE
    1140* |       0 |      37 |        0 |      0 |     0 |    +0.0% |   -0.687 |      -15.5 |    -1183.1 |   7002 | u_anchor.miss_fifo0.mem_1r1w.synth.nz.mem\[7\]\[0\]$_DFFE_PP_/DE
    1140* |       0 |      37 |        0 |      0 |     0 |    +0.0% |   -0.687 |      -15.5 |    -1183.1 |   7002 | u_anchor.miss_fifo0.mem_1r1w.synth.nz.mem\[7\]\[0\]$_DFFE_PP_/DE
    1141* |       0 |      37 |        0 |      0 |     0 |    +0.0% |   -0.687 |      -15.5 |    -1183.1 |   7002 | u_anchor.miss_fifo0.mem_1r1w.synth.nz.mem\[7\]\[0\]$_DFFE_PP_/DE
    1142* |       0 |      37 |        0 |      0 |     0 |    +0.0% |   -0.687 |      -15.5 |    -1183.1 |   7002 | u_anchor.miss_fifo0.mem_1r1w.synth.nz.mem\[7\]\[0\]$_DFFE_PP_/DE
    1143* |       0 |      37 |        0 |      0 |     0 |    +0.0% |   -0.687 |      -15.5 |    -1183.1 |   7002 | u_anchor.miss_fifo0.mem_1r1w.synth.nz.mem\[7\]\[0\]$_DFFE_PP_/DE
    1144* |       0 |      37 |        0 |      0 |     0 |    +0.0% |   -0.687 |      -15.5 |    -1183.1 |   7002 | u_anchor.miss_fifo0.mem_1r1w.synth.nz.mem\[7\]\[0\]$_DFFE_PP_/DE
    1145* |       0 |      37 |        0 |      0 |     0 |    +0.0% |   -0.687 |      -15.5 |    -1183.1 |   7002 | u_anchor.miss_fifo0.mem_1r1w.synth.nz.mem\[7\]\[0\]$_DFFE_PP_/DE
    1146* |       0 |      37 |        0 |      0 |     0 |    +0.0% |   -0.687 |      -15.5 |    -1183.1 |   7002 | u_anchor.miss_fifo0.mem_1r1w.synth.nz.mem\[7\]\[0\]$_DFFE_PP_/DE
    1147* |       0 |      37 |        0 |      0 |     0 |    +0.0% |   -0.687 |      -15.5 |    -1183.1 |   7002 | u_anchor.miss_fifo0.mem_1r1w.synth.nz.mem\[7\]\[0\]$_DFFE_PP_/DE
    1148* |       0 |      37 |        0 |      0 |     0 |    +0.0% |   -0.687 |      -15.5 |    -1183.1 |   7002 | u_anchor.miss_fifo0.mem_1r1w.synth.nz.mem\[7\]\[0\]$_DFFE_PP_/DE
    1149* |       0 |      37 |        0 |      0 |     0 |    +0.0% |   -0.687 |      -15.5 |    -1183.1 |   7002 | u_anchor.miss_fifo0.mem_1r1w.synth.nz.mem\[7\]\[0\]$_DFFE_PP_/DE
    1150* |       0 |      37 |        0 |      0 |     0 |    +0.0% |   -0.687 |      -15.5 |    -1183.1 |   7002 | u_anchor.miss_fifo0.mem_1r1w.synth.nz.mem\[7\]\[0\]$_DFFE_PP_/DE
    1150* |       0 |      37 |        0 |      0 |     0 |    +0.0% |   -0.687 |      -15.5 |    -1183.1 |   7002 | u_anchor.miss_fifo0.mem_1r1w.synth.nz.mem\[7\]\[0\]$_DFFE_PP_/DE
    1151* |       0 |      37 |        0 |      0 |     0 |    +0.0% |   -0.687 |      -15.5 |    -1183.1 |   7002 | u_anchor.miss_fifo0.mem_1r1w.synth.nz.mem\[7\]\[0\]$_DFFE_PP_/DE
    1152* |       0 |      37 |        0 |      0 |     0 |    +0.0% |   -0.687 |      -15.5 |    -1183.1 |   7002 | u_anchor.miss_fifo0.mem_1r1w.synth.nz.mem\[7\]\[0\]$_DFFE_PP_/DE
    1153* |       0 |      37 |        0 |      0 |     0 |    +0.0% |   -0.687 |      -15.5 |    -1183.1 |   7002 | u_anchor.miss_fifo0.mem_1r1w.synth.nz.mem\[7\]\[0\]$_DFFE_PP_/DE
    1154* |       0 |      37 |        0 |      0 |     0 |    +0.0% |   -0.687 |      -15.5 |    -1183.1 |   7002 | u_anchor.miss_fifo0.mem_1r1w.synth.nz.mem\[7\]\[0\]$_DFFE_PP_/DE
    1155* |       0 |      37 |        0 |      0 |     0 |    +0.0% |   -0.687 |      -15.5 |    -1183.1 |   7002 | u_anchor.miss_fifo0.mem_1r1w.synth.nz.mem\[7\]\[0\]$_DFFE_PP_/DE
    1156* |       0 |      37 |        0 |      0 |     0 |    +0.0% |   -0.687 |      -15.5 |    -1183.1 |   7002 | u_anchor.miss_fifo0.mem_1r1w.synth.nz.mem\[7\]\[0\]$_DFFE_PP_/DE
    1157* |       0 |      37 |        0 |      0 |     0 |    +0.0% |   -0.687 |      -15.5 |    -1183.1 |   7002 | u_anchor.miss_fifo0.mem_1r1w.synth.nz.mem\[7\]\[0\]$_DFFE_PP_/DE
    1158* |       0 |      37 |        0 |      0 |     0 |    +0.0% |   -0.687 |      -15.5 |    -1183.1 |   7002 | u_anchor.miss_fifo0.mem_1r1w.synth.nz.mem\[7\]\[0\]$_DFFE_PP_/DE
    1159* |       0 |      37 |        0 |      0 |     0 |    +0.0% |   -0.687 |      -15.5 |    -1183.1 |   7002 | u_anchor.miss_fifo0.mem_1r1w.synth.nz.mem\[7\]\[0\]$_DFFE_PP_/DE
    1160* |       0 |      37 |        0 |      0 |     0 |    +0.0% |   -0.687 |      -15.5 |    -1183.1 |   7002 | u_anchor.miss_fifo0.mem_1r1w.synth.nz.mem\[7\]\[0\]$_DFFE_PP_/DE
    1160* |       0 |      37 |        0 |      0 |     0 |    +0.0% |   -0.687 |      -15.5 |    -1183.1 |   7002 | u_anchor.miss_fifo0.mem_1r1w.synth.nz.mem\[7\]\[0\]$_DFFE_PP_/DE
    1161* |       0 |      37 |        0 |      0 |     0 |    +0.0% |   -0.687 |      -15.5 |    -1183.1 |   7002 | u_anchor.miss_fifo0.mem_1r1w.synth.nz.mem\[7\]\[0\]$_DFFE_PP_/DE
    1162* |       0 |      37 |        0 |      0 |     0 |    +0.0% |   -0.687 |      -15.5 |    -1183.1 |   7002 | u_anchor.miss_fifo0.mem_1r1w.synth.nz.mem\[7\]\[0\]$_DFFE_PP_/DE
    1163* |       0 |      37 |        0 |      0 |     0 |    +0.0% |   -0.687 |      -15.5 |    -1183.1 |   7002 | u_anchor.miss_fifo0.mem_1r1w.synth.nz.mem\[7\]\[0\]$_DFFE_PP_/DE
    1164* |       0 |      37 |        0 |      0 |     0 |    +0.0% |   -0.687 |      -15.5 |    -1183.1 |   7002 | u_anchor.miss_fifo0.mem_1r1w.synth.nz.mem\[7\]\[0\]$_DFFE_PP_/DE
    1165* |       0 |      37 |        0 |      0 |     0 |    +0.0% |   -0.687 |      -15.5 |    -1183.1 |   7002 | u_anchor.miss_fifo0.mem_1r1w.synth.nz.mem\[7\]\[0\]$_DFFE_PP_/DE
    1166* |       0 |      37 |        0 |      0 |     0 |    +0.0% |   -0.687 |      -15.5 |    -1183.1 |   7002 | u_anchor.miss_fifo0.mem_1r1w.synth.nz.mem\[7\]\[0\]$_DFFE_PP_/DE
    1167* |       0 |      37 |        0 |      0 |     0 |    +0.0% |   -0.687 |      -15.5 |    -1183.1 |   7002 | u_anchor.miss_fifo0.mem_1r1w.synth.nz.mem\[7\]\[0\]$_DFFE_PP_/DE
    1168* |       0 |      37 |        0 |      0 |     0 |    +0.0% |   -0.687 |      -15.5 |    -1183.1 |   7002 | u_anchor.miss_fifo0.mem_1r1w.synth.nz.mem\[7\]\[0\]$_DFFE_PP_/DE
    1169* |       0 |      37 |        0 |      0 |     0 |    +0.0% |   -0.687 |      -15.5 |    -1183.1 |   7002 | u_anchor.miss_fifo0.mem_1r1w.synth.nz.mem\[7\]\[0\]$_DFFE_PP_/DE
    1170* |       0 |      37 |        0 |      0 |     0 |    +0.0% |   -0.687 |      -15.5 |    -1183.1 |   7002 | u_anchor.miss_fifo0.mem_1r1w.synth.nz.mem\[7\]\[0\]$_DFFE_PP_/DE
    1170* |       0 |      37 |        0 |      0 |     0 |    +0.0% |   -0.687 |      -15.5 |    -1183.1 |   7002 | u_anchor.miss_fifo0.mem_1r1w.synth.nz.mem\[7\]\[0\]$_DFFE_PP_/DE
    1171* |       0 |      37 |        0 |      0 |     0 |    +0.0% |   -0.687 |      -15.5 |    -1183.1 |   7002 | u_anchor.miss_fifo0.mem_1r1w.synth.nz.mem\[7\]\[0\]$_DFFE_PP_/DE
    1172* |       0 |      37 |        0 |      0 |     0 |    +0.0% |   -0.687 |      -15.5 |    -1183.1 |   7002 | u_anchor.miss_fifo0.mem_1r1w.synth.nz.mem\[7\]\[0\]$_DFFE_PP_/DE
    1173* |       0 |      37 |        0 |      0 |     0 |    +0.0% |   -0.687 |      -15.5 |    -1183.1 |   7002 | u_anchor.miss_fifo0.mem_1r1w.synth.nz.mem\[7\]\[0\]$_DFFE_PP_/DE
    1174* |       0 |      37 |        0 |      0 |     0 |    +0.0% |   -0.687 |      -15.5 |    -1183.1 |   7002 | u_anchor.miss_fifo0.mem_1r1w.synth.nz.mem\[7\]\[0\]$_DFFE_PP_/DE
    1175* |       0 |      37 |        0 |      0 |     0 |    +0.0% |   -0.687 |      -15.5 |    -1183.1 |   7002 | u_anchor.miss_fifo0.mem_1r1w.synth.nz.mem\[7\]\[0\]$_DFFE_PP_/DE
    1176* |       0 |      37 |        0 |      0 |     0 |    +0.0% |   -0.687 |      -15.5 |    -1183.1 |   7002 | u_anchor.miss_fifo0.mem_1r1w.synth.nz.mem\[7\]\[0\]$_DFFE_PP_/DE
    1177* |       0 |      37 |        0 |      0 |     0 |    +0.0% |   -0.687 |      -15.5 |    -1183.1 |   7002 | u_anchor.miss_fifo0.mem_1r1w.synth.nz.mem\[7\]\[0\]$_DFFE_PP_/DE
    1178* |       0 |      37 |        0 |      0 |     0 |    +0.0% |   -0.687 |      -15.5 |    -1183.1 |   7002 | u_anchor.miss_fifo0.mem_1r1w.synth.nz.mem\[7\]\[0\]$_DFFE_PP_/DE
    1179* |       0 |      37 |        0 |      0 |     0 |    +0.0% |   -0.687 |      -15.5 |    -1183.1 |   7002 | u_anchor.miss_fifo0.mem_1r1w.synth.nz.mem\[7\]\[0\]$_DFFE_PP_/DE
    1180* |       0 |      37 |        0 |      0 |     0 |    +0.0% |   -0.687 |      -15.5 |    -1183.1 |   7002 | u_anchor.miss_fifo0.mem_1r1w.synth.nz.mem\[7\]\[0\]$_DFFE_PP_/DE
    1180* |       0 |      37 |        0 |      0 |     0 |    +0.0% |   -0.687 |      -15.5 |    -1183.1 |   7002 | u_anchor.miss_fifo0.mem_1r1w.synth.nz.mem\[7\]\[0\]$_DFFE_PP_/DE
    1181* |       0 |      37 |        0 |      0 |     0 |    +0.0% |   -0.687 |      -15.5 |    -1183.1 |   7002 | u_anchor.miss_fifo0.mem_1r1w.synth.nz.mem\[7\]\[0\]$_DFFE_PP_/DE
    1182* |       0 |      37 |        0 |      0 |     0 |    +0.0% |   -0.687 |      -15.5 |    -1183.1 |   7002 | u_anchor.miss_fifo0.mem_1r1w.synth.nz.mem\[7\]\[0\]$_DFFE_PP_/DE
    1183* |       0 |      37 |        0 |      0 |     0 |    +0.0% |   -0.687 |      -15.5 |    -1183.1 |   7002 | u_anchor.miss_fifo0.mem_1r1w.synth.nz.mem\[7\]\[0\]$_DFFE_PP_/DE
    1184* |       0 |      37 |        0 |      0 |     0 |    +0.0% |   -0.687 |      -15.5 |    -1183.1 |   7002 | u_anchor.miss_fifo0.mem_1r1w.synth.nz.mem\[7\]\[0\]$_DFFE_PP_/DE
    1185* |       0 |      37 |        0 |      0 |     0 |    +0.0% |   -0.687 |      -15.5 |    -1183.1 |   7002 | u_anchor.miss_fifo0.mem_1r1w.synth.nz.mem\[7\]\[0\]$_DFFE_PP_/DE
    1186* |       0 |      37 |        0 |      0 |     0 |    +0.0% |   -0.687 |      -15.5 |    -1183.1 |   7002 | u_anchor.miss_fifo0.mem_1r1w.synth.nz.mem\[7\]\[0\]$_DFFE_PP_/DE
    1187* |       0 |      37 |        0 |      0 |     0 |    +0.0% |   -0.687 |      -15.5 |    -1183.1 |   7002 | u_anchor.miss_fifo0.mem_1r1w.synth.nz.mem\[7\]\[0\]$_DFFE_PP_/DE
    1188* |       0 |      37 |        0 |      0 |     0 |    +0.0% |   -0.687 |      -15.5 |    -1183.1 |   7002 | u_anchor.miss_fifo0.mem_1r1w.synth.nz.mem\[7\]\[0\]$_DFFE_PP_/DE
    1189* |       0 |      37 |        0 |      0 |     0 |    +0.0% |   -0.687 |      -15.5 |    -1183.1 |   7002 | u_anchor.miss_fifo0.mem_1r1w.synth.nz.mem\[7\]\[0\]$_DFFE_PP_/DE
    1190* |       0 |      37 |        0 |      0 |     0 |    +0.0% |   -0.687 |      -15.5 |    -1183.1 |   7002 | u_anchor.miss_fifo0.mem_1r1w.synth.nz.mem\[7\]\[0\]$_DFFE_PP_/DE
    1190* |       0 |      37 |        0 |      0 |     0 |    +0.0% |   -0.687 |      -15.5 |    -1183.1 |   7002 | u_anchor.miss_fifo0.mem_1r1w.synth.nz.mem\[7\]\[0\]$_DFFE_PP_/DE
    1191* |       0 |      37 |        0 |      0 |     0 |    +0.0% |   -0.687 |      -15.5 |    -1183.1 |   7002 | u_anchor.miss_fifo0.mem_1r1w.synth.nz.mem\[7\]\[0\]$_DFFE_PP_/DE
    1192* |       0 |      37 |        0 |      0 |     0 |    +0.0% |   -0.687 |      -15.5 |    -1183.1 |   7002 | u_anchor.miss_fifo0.mem_1r1w.synth.nz.mem\[7\]\[0\]$_DFFE_PP_/DE
    1193* |       0 |      37 |        0 |      0 |     0 |    +0.0% |   -0.687 |      -15.5 |    -1183.1 |   7002 | u_anchor.miss_fifo0.mem_1r1w.synth.nz.mem\[7\]\[0\]$_DFFE_PP_/DE
    1194* |       0 |      37 |        0 |      0 |     0 |    +0.0% |   -0.687 |      -15.5 |    -1183.1 |   7002 | u_anchor.miss_fifo0.mem_1r1w.synth.nz.mem\[7\]\[0\]$_DFFE_PP_/DE
    1195* |       0 |      37 |        0 |      0 |     0 |    +0.0% |   -0.687 |      -15.5 |    -1183.1 |   7002 | u_anchor.miss_fifo0.mem_1r1w.synth.nz.mem\[7\]\[0\]$_DFFE_PP_/DE
    1196* |       0 |      37 |        0 |      0 |     0 |    +0.0% |   -0.687 |      -15.5 |    -1183.1 |   7002 | u_anchor.miss_fifo0.mem_1r1w.synth.nz.mem\[7\]\[0\]$_DFFE_PP_/DE
    1197* |       0 |      37 |        0 |      0 |     0 |    +0.0% |   -0.687 |      -15.5 |    -1183.1 |   7002 | u_anchor.miss_fifo0.mem_1r1w.synth.nz.mem\[7\]\[0\]$_DFFE_PP_/DE
    1198* |       0 |      37 |        0 |      0 |     0 |    +0.0% |   -0.687 |      -15.5 |    -1183.1 |   7002 | u_anchor.miss_fifo0.mem_1r1w.synth.nz.mem\[7\]\[0\]$_DFFE_PP_/DE
    1199* |       0 |      37 |        0 |      0 |     0 |    +0.0% |   -0.687 |      -15.5 |    -1183.1 |   7002 | u_anchor.miss_fifo0.mem_1r1w.synth.nz.mem\[7\]\[0\]$_DFFE_PP_/DE
    1200* |       0 |      37 |        0 |      0 |     0 |    +0.0% |   -0.687 |      -15.5 |    -1183.1 |   7002 | u_anchor.miss_fifo0.mem_1r1w.synth.nz.mem\[7\]\[0\]$_DFFE_PP_/DE
    1200* |       0 |      37 |        0 |      0 |     0 |    +0.0% |   -0.687 |      -15.5 |    -1183.1 |   7002 | u_anchor.miss_fifo0.mem_1r1w.synth.nz.mem\[7\]\[0\]$_DFFE_PP_/DE
    1200* |       0 |      37 |        0 |      0 |     0 |    +0.0% |   -0.687 |      -15.5 |    -1183.1 |   7002 | u_anchor.miss_fifo0.mem_1r1w.synth.nz.mem\[7\]\[0\]$_DFFE_PP_/DE
    final |       0 |      37 |        0 |      0 |     0 |    +0.0% |   -0.687 |      -15.5 |    -1183.1 |   4698 | u_anchor.miss_fifo0.mem_1r1w.synth.nz.mem\[7\]\[0\]$_DFFE_PP_/DE
------------------------------------------------------------------------------------------------------------------------------
[INFO RSZ-0051] Resized 37 instances: 37 up, 0 up match, 0 down, 0 VT
[WARNING RSZ-0062] Unable to repair all setup violations.
[INFO RSZ-0505] Runtime: 28.88s
Took 29 seconds: repair_timing -setup_margin 0 -hold_margin 0 -repair_tns 100 -match_cell_footprint -setup -skip_last_gasp -sequence unbuffer,sizeup,swap,vt_swap -verbose
Default units for flow
 time 1ns
 capacitance 1pF
 resistance 1kohm
 voltage 1v
 current 1mA
 power 1nW
 distance 1um
   Layer   | Unit Resistance | Unit Capacitance 
           |       (kohm/um) |          (pF/um)
------------------------------------------------
       li1 |        7.18e-02 |         1.50e-04
      met1 |        1.21e-03 |         1.72e-04
      met2 |        1.22e-03 |         1.36e-04
      met3 |        1.66e-04 |         2.15e-04
      met4 |        1.68e-04 |         1.48e-04
      met5 |        1.84e-05 |         1.54e-04
------------------------------------------------

   Layer   | Via Resistance 
           |         (kohm) 
----------------------------
      mcon |       9.25e-03 
       via |       4.50e-03 
      via2 |       3.37e-03 
      via3 |       3.77e-04 
      via4 |       5.80e-06 
----------------------------
Report metrics stage 2, floorplan final...

==========================================================================
floorplan final report_design_area
--------------------------------------------------------------------------
Design area 449973 um^2 10% utilization.
write_db ./results/sky130hd/d_ca01_nonblocking_dcache/base/2_1_floorplan.odb
write_sdc -no_timestamp ./results/sky130hd/d_ca01_nonblocking_dcache/base/2_1_floorplan.sdc
Elapsed time: 0:35.85[h:]min:sec. CPU time: user 38.72 sys 2.19 (114%). Peak memory: 282932KB.
Log                       Ext     Elapsed/s Peak Memory/MB sha1sum result [0:20)
2_1_floorplan             .odb           35            276 01fe473035e6364bc135
2_1_floorplan             .sdc                             cc37a5d5d8bc3c3912ea
/OpenROAD-flow-scripts/flow/scripts/flow.sh 2_2_floorplan_macro macro_place
Running macro_place.tcl, stage 2_2_floorplan_macro
read_liberty /OpenROAD-flow-scripts/flow/platforms/sky130hd/lib/sky130_fd_sc_hd__tt_025C_1v80.lib
read_db ./results/sky130hd/d_ca01_nonblocking_dcache/base/2_1_floorplan.odb
read_sdc ./results/sky130hd/d_ca01_nonblocking_dcache/base/2_1_floorplan.sdc
source /OpenROAD-flow-scripts/flow/platforms/sky130hd/setRC.tcl
No macros found: Skipping macro_placement
Design area 449973 um^2 10% utilization.
write_db ./results/sky130hd/d_ca01_nonblocking_dcache/base/2_2_floorplan_macro.odb
Elapsed time: 0:00.88[h:]min:sec. CPU time: user 0.78 sys 0.06 (95%). Peak memory: 184812KB.
Log                       Ext     Elapsed/s Peak Memory/MB sha1sum result [0:20)
2_2_floorplan_macro       .odb            0            180 01fe473035e6364bc135
/OpenROAD-flow-scripts/flow/scripts/flow.sh 2_3_floorplan_tapcell tapcell
Running tapcell.tcl, stage 2_3_floorplan_tapcell
read_liberty /OpenROAD-flow-scripts/flow/platforms/sky130hd/lib/sky130_fd_sc_hd__tt_025C_1v80.lib
read_db ./results/sky130hd/d_ca01_nonblocking_dcache/base/2_2_floorplan_macro.odb
read_sdc ./results/sky130hd/d_ca01_nonblocking_dcache/base/2_1_floorplan.sdc
source /OpenROAD-flow-scripts/flow/platforms/sky130hd/setRC.tcl
[INFO TAP-0005] Inserted 59746 tapcells.
Design area 524727 um^2 12% utilization.
write_db ./results/sky130hd/d_ca01_nonblocking_dcache/base/2_3_floorplan_tapcell.odb
Elapsed time: 0:00.98[h:]min:sec. CPU time: user 0.77 sys 0.07 (85%). Peak memory: 203724KB.
Log                       Ext     Elapsed/s Peak Memory/MB sha1sum result [0:20)
2_3_floorplan_tapcell     .odb            0            198 df9ad82f095e02879af0
/OpenROAD-flow-scripts/flow/scripts/flow.sh 2_4_floorplan_pdn pdn
Running pdn.tcl, stage 2_4_floorplan_pdn
read_liberty /OpenROAD-flow-scripts/flow/platforms/sky130hd/lib/sky130_fd_sc_hd__tt_025C_1v80.lib
read_db ./results/sky130hd/d_ca01_nonblocking_dcache/base/2_3_floorplan_tapcell.odb
read_sdc ./results/sky130hd/d_ca01_nonblocking_dcache/base/2_1_floorplan.sdc
source /OpenROAD-flow-scripts/flow/platforms/sky130hd/setRC.tcl
[WARNING PDN-1051] No instances found for grid (CORE_macro_grid_1).
[WARNING PDN-1051] No instances found for grid (CORE_macro_grid_2).
[INFO PDN-0001] Inserting grid: grid
[INFO PDN-0500] Runtime: 1.45s
Design area 524727 um^2 12% utilization.
write_db ./results/sky130hd/d_ca01_nonblocking_dcache/base/2_4_floorplan_pdn.odb
Elapsed time: 0:03.42[h:]min:sec. CPU time: user 3.07 sys 0.19 (95%). Peak memory: 418172KB.
Log                       Ext     Elapsed/s Peak Memory/MB sha1sum result [0:20)
2_4_floorplan_pdn         .odb            3            408 a7e13a63286e9bbcc1fe
cp ./results/sky130hd/d_ca01_nonblocking_dcache/base/2_4_floorplan_pdn.odb ./results/sky130hd/d_ca01_nonblocking_dcache/base/2_floorplan.odb
cp ./results/sky130hd/d_ca01_nonblocking_dcache/base/2_1_floorplan.sdc ./results/sky130hd/d_ca01_nonblocking_dcache/base/2_floorplan.sdc
/OpenROAD-flow-scripts/flow/scripts/flow.sh 3_1_place_gp_skip_io global_place_skip_io
Running global_place_skip_io.tcl, stage 3_1_place_gp_skip_io
read_liberty /OpenROAD-flow-scripts/flow/platforms/sky130hd/lib/sky130_fd_sc_hd__tt_025C_1v80.lib
read_db ./results/sky130hd/d_ca01_nonblocking_dcache/base/2_floorplan.odb
read_sdc ./results/sky130hd/d_ca01_nonblocking_dcache/base/2_floorplan.sdc
source /OpenROAD-flow-scripts/flow/platforms/sky130hd/setRC.tcl
global_placement -skip_io -density 0.5 -pad_left 0 -pad_right 0
[INFO GPL-0001] ---- Initialize GPL Main Data Structures
[INFO GPL-0002] DBU: 1000
[INFO GPL-0003] SiteSize: (  0.460  2.720 ) um
[INFO GPL-0004] CoreBBox: (  1.380  2.720 ) ( 2121.520 2121.600 ) um
[INFO GPL-0016] Core area:                  4492322.243 um^2
[INFO GPL-0036] Movable instances area:     449972.810 um^2
[INFO GPL-0037] Total instances area:       524727.005 um^2
[INFO GPL-0035] Pin density area adjust:     14862.931 um^2
[INFO GPL-0032] ---- Initialize Region: Top-level
[INFO GPL-0006] Number of instances:             81915
[INFO GPL-0007] Movable instances:               22169
[INFO GPL-0008] Fixed instances:                 59746
[INFO GPL-0009] Dummy instances:                     0
[INFO GPL-0010] Number of nets:                  22308
[INFO GPL-0011] Number of pins:                  93091
[INFO GPL-0012] Die BBox:       (  0.000  0.000 ) ( 2122.755 2122.755 ) um
[INFO GPL-0013] Placement BBox: (  1.380  2.720 ) ( 2121.520 2121.600 ) um
[INFO GPL-0014] Region name: top-level.
[INFO GPL-0015] Region area:                4492322.243 um^2
[INFO GPL-0017] Fixed instances area:        74754.195 um^2
[INFO GPL-0018] Movable instances area:     464835.741 um^2
[INFO GPL-0019] Utilization:                    10.522 %
[INFO GPL-0020] Standard cells area:        464835.741 um^2
[INFO GPL-0021] Large instances area:            0.000 um^2
[INFO GPL-0005] ---- Execute Conjugate Gradient Initial Placement.
[INFO GPL-0051] Source of initial instance position counters:
	Odb location = 0	Core center = 22169	Region center = 0
[INFO GPL-0033] ---- Initialize Nesterov Region: Top-level
[INFO GPL-0023] Placement target density:       0.5000
[INFO GPL-0024] Movable insts average area:     20.968 um^2
[INFO GPL-0025] Ideal bin area:                 41.936 um^2
[INFO GPL-0026] Ideal bin count:                107124
[INFO GPL-0027] Total bin area:             4492322.243 um^2
[INFO GPL-0028] Bin count (X, Y):         256 ,    256
[INFO GPL-0029] Bin size (W * H):       8.282 *  8.277 um
[INFO GPL-0030] Number of bins:                  65536
[INFO GPL-0084] ---- Execute Nesterov Global Placement.
[INFO GPL-0031] HPWL: Half-Perimeter Wirelength
Iteration | Overflow |     HPWL (um) |  HPWL(%) |   Penalty | Group
---------------------------------------------------------------
        0 |   0.9996 |  6.922441e+04 |   +0.00% |  4.92e-16 |      
       10 |   0.9991 |  2.041242e+04 |  -70.51% |  8.01e-16 |      
       20 |   0.9991 |  1.932115e+04 |   -5.35% |  1.30e-15 |      
       30 |   0.9991 |  1.914632e+04 |   -0.90% |  2.12e-15 |      
       40 |   0.9991 |  1.901807e+04 |   -0.67% |  3.46e-15 |      
       50 |   0.9991 |  1.895819e+04 |   -0.31% |  5.64e-15 |      
       60 |   0.9990 |  1.894172e+04 |   -0.09% |  9.18e-15 |      
       70 |   0.9989 |  1.894257e+04 |   +0.00% |  1.50e-14 |      
       80 |   0.9988 |  1.918301e+04 |   +1.27% |  2.44e-14 |      
       90 |   0.9987 |  2.020698e+04 |   +5.34% |  3.97e-14 |      
      100 |   0.9986 |  2.314117e+04 |  +14.52% |  6.46e-14 |      
      110 |   0.9980 |  2.992274e+04 |  +29.31% |  1.05e-13 |      
      120 |   0.9971 |  4.292100e+04 |  +43.44% |  1.71e-13 |      
      130 |   0.9954 |  6.728409e+04 |  +56.76% |  2.78e-13 |      
      140 |   0.9919 |  9.817282e+04 |  +45.91% |  4.51e-13 |      
      150 |   0.9878 |  1.283324e+05 |  +30.72% |  7.33e-13 |      
      160 |   0.9831 |  1.593185e+05 |  +24.15% |  1.19e-12 |      
      170 |   0.9762 |  1.968029e+05 |  +23.53% |  1.93e-12 |      
      180 |   0.9666 |  2.409162e+05 |  +22.41% |  3.13e-12 |      
      190 |   0.9558 |  2.898536e+05 |  +20.31% |  5.07e-12 |      
      200 |   0.9416 |  3.440749e+05 |  +18.71% |  8.21e-12 |      
      210 |   0.9182 |  4.054556e+05 |  +17.84% |  1.33e-11 |      
      220 |   0.8904 |  4.799230e+05 |  +18.37% |  2.15e-11 |      
      230 |   0.8619 |  5.673129e+05 |  +18.21% |  3.46e-11 |      
      240 |   0.8297 |  6.353231e+05 |  +11.99% |  5.60e-11 |      
      250 |   0.7927 |  6.961488e+05 |   +9.57% |  9.06e-11 |      
      260 |   0.7584 |  7.420801e+05 |   +6.60% |  1.47e-10 |      
      270 |   0.7170 |  8.066492e+05 |   +8.70% |  2.37e-10 |      
      280 |   0.6765 |  8.537034e+05 |   +5.83% |  3.85e-10 |      
      290 |   0.6397 |  8.968274e+05 |   +5.05% |  6.24e-10 |      
      300 |   0.5990 |  9.349096e+05 |   +4.25% |  1.01e-09 |      
      310 |   0.5582 |  9.627232e+05 |   +2.98% |  1.64e-09 |      
      320 |   0.5134 |  9.859821e+05 |   +2.42% |  2.67e-09 |      
      330 |   0.4690 |  1.003096e+06 |   +1.74% |  4.34e-09 |      
      340 |   0.4246 |  1.013648e+06 |   +1.05% |  7.06e-09 |      
      350 |   0.3777 |  1.022757e+06 |   +0.90% |  1.15e-08 |      
      360 |   0.3335 |  1.027758e+06 |   +0.49% |  1.83e-08 |      
      370 |   0.2972 |  1.029559e+06 |   +0.18% |  2.70e-08 |      
      380 |   0.2611 |  1.032353e+06 |   +0.27% |  3.98e-08 |      
      390 |   0.2291 |  1.035067e+06 |   +0.26% |  5.86e-08 |      
      400 |   0.2025 |  1.038069e+06 |   +0.29% |  8.63e-08 |      
      410 |   0.1776 |  1.040855e+06 |   +0.27% |  1.27e-07 |      
      420 |   0.1547 |  1.043437e+06 |   +0.25% |  1.87e-07 |      
      430 |   0.1344 |  1.046665e+06 |   +0.31% |  2.76e-07 |      
      440 |   0.1183 |  1.050310e+06 |   +0.35% |  4.06e-07 |      
      450 |   0.1024 |  1.055607e+06 |   +0.50% |  5.97e-07 |      
      452 |   0.0994 |  1.056748e+06 |          |  6.71e-07 |      
---------------------------------------------------------------
[INFO GPL-1001] Global placement finished at iteration 452
[INFO GPL-1002] Placed Cell Area            464835.7409
[INFO GPL-1003] Available Free Area         4417568.0480
[INFO GPL-1004] Minimum Feasible Density        0.1100 (cell_area / free_area)
[INFO GPL-1006]   Suggested Target Densities:
[INFO GPL-1007]     - For 90% usage of free space: 0.1169
[INFO GPL-1008]     - For 80% usage of free space: 0.1315
[INFO GPL-1009]     - For 50% usage of free space: 0.2104
[INFO GPL-1014] Final placement area: 464835.74 (+0.00%)
Took 10 seconds: global_placement -skip_io -density 0.5 -pad_left 0 -pad_right 0
Design area 524727 um^2 12% utilization.
write_db ./results/sky130hd/d_ca01_nonblocking_dcache/base/3_1_place_gp_skip_io.odb
Elapsed time: 0:11.43[h:]min:sec. CPU time: user 26.13 sys 0.46 (232%). Peak memory: 305392KB.
Log                       Ext     Elapsed/s Peak Memory/MB sha1sum result [0:20)
3_1_place_gp_skip_io      .odb           11            298 9093d2da54ba119ba552
/OpenROAD-flow-scripts/flow/scripts/flow.sh 3_2_place_iop io_placement
Running io_placement.tcl, stage 3_2_place_iop
read_liberty /OpenROAD-flow-scripts/flow/platforms/sky130hd/lib/sky130_fd_sc_hd__tt_025C_1v80.lib
read_db ./results/sky130hd/d_ca01_nonblocking_dcache/base/3_1_place_gp_skip_io.odb
read_sdc ./results/sky130hd/d_ca01_nonblocking_dcache/base/2_floorplan.sdc
source /OpenROAD-flow-scripts/flow/platforms/sky130hd/setRC.tcl
place_pins -hor_layers met3 -ver_layers met2
Found 0 macro blocks.
Using 2 tracks default min distance between IO pins.
[INFO PPL-0001] Number of available slots 7726
[INFO PPL-0002] Number of I/O             218
[INFO PPL-0003] Number of I/O w/sink      218
[INFO PPL-0004] Number of I/O w/o sink    0
[INFO PPL-0005] Slots per section         200
[INFO PPL-0008] Successfully assigned pins to sections.
[INFO PPL-0012] I/O nets HPWL: 179342.95 um.
Design area 524727 um^2 12% utilization.
write_db ./results/sky130hd/d_ca01_nonblocking_dcache/base/3_2_place_iop.odb
Elapsed time: 0:01.26[h:]min:sec. CPU time: user 0.94 sys 0.12 (84%). Peak memory: 271524KB.
Log                       Ext     Elapsed/s Peak Memory/MB sha1sum result [0:20)
3_2_place_iop             .odb            1            265 6570f3f3a6eb3f2ad8e5
/OpenROAD-flow-scripts/flow/scripts/flow.sh 3_3_place_gp global_place
Running global_place.tcl, stage 3_3_place_gp
read_liberty /OpenROAD-flow-scripts/flow/platforms/sky130hd/lib/sky130_fd_sc_hd__tt_025C_1v80.lib
read_db ./results/sky130hd/d_ca01_nonblocking_dcache/base/3_2_place_iop.odb
read_sdc ./results/sky130hd/d_ca01_nonblocking_dcache/base/2_floorplan.sdc
source /OpenROAD-flow-scripts/flow/platforms/sky130hd/setRC.tcl
[INFO RSZ-0026] Removed 1492 buffers.
Perform port buffering...
[INFO RSZ-0027] Inserted 111 sky130_fd_sc_hd__clkdlybuf4s50_1 input buffers.
[INFO RSZ-0028] Inserted 102 sky130_fd_sc_hd__clkdlybuf4s50_1 output buffers.
global_placement -density 0.5 -pad_left 0 -pad_right 0 -routability_driven -timing_driven -force_center_initial_place -min_phi_coef 0.95 -max_phi_coef 1.05
[INFO GPL-0001] ---- Initialize GPL Main Data Structures
[INFO GPL-0002] DBU: 1000
[INFO GPL-0003] SiteSize: (  0.460  2.720 ) um
[INFO GPL-0004] CoreBBox: (  1.380  2.720 ) ( 2121.520 2121.600 ) um
[INFO GPL-0016] Core area:                  4492322.243 um^2
[INFO GPL-0036] Movable instances area:     445664.928 um^2
[INFO GPL-0037] Total instances area:       520419.123 um^2
[INFO GPL-0035] Pin density area adjust:     14871.716 um^2
[INFO GPL-0032] ---- Initialize Region: Top-level
[INFO GPL-0006] Number of instances:             80636
[INFO GPL-0007] Movable instances:               20890
[INFO GPL-0008] Fixed instances:                 59746
[INFO GPL-0009] Dummy instances:                     0
[INFO GPL-0010] Number of nets:                  21029
[INFO GPL-0011] Number of pins:                  90751
[INFO GPL-0012] Die BBox:       (  0.000  0.000 ) ( 2122.755 2122.755 ) um
[INFO GPL-0013] Placement BBox: (  1.380  2.720 ) ( 2121.520 2121.600 ) um
[INFO GPL-0014] Region name: top-level.
[INFO GPL-0015] Region area:                4492322.243 um^2
[INFO GPL-0017] Fixed instances area:        74754.195 um^2
[INFO GPL-0018] Movable instances area:     460536.644 um^2
[INFO GPL-0019] Utilization:                    10.425 %
[INFO GPL-0020] Standard cells area:        460536.644 um^2
[INFO GPL-0021] Large instances area:            0.000 um^2
[INFO GPL-0005] ---- Execute Conjugate Gradient Initial Placement.
[INFO GPL-0051] Source of initial instance position counters:
	Odb location = 0	Core center = 20890	Region center = 0
[InitialPlace]  Iter: 1 conjugate gradient residual: 0.00794379 HPWL: 1137321685
[InitialPlace]  Iter: 2 conjugate gradient residual: 0.00086984 HPWL: 526983597
[InitialPlace]  Iter: 3 conjugate gradient residual: 0.00049355 HPWL: 505985542
[InitialPlace]  Iter: 4 conjugate gradient residual: 0.00041432 HPWL: 496515565
[InitialPlace]  Iter: 5 conjugate gradient residual: 0.00053512 HPWL: 487425269
[InitialPlace]  Iter: 6 conjugate gradient residual: 0.00053660 HPWL: 482855133
[InitialPlace]  Iter: 7 conjugate gradient residual: 0.00043983 HPWL: 476243488
[InitialPlace]  Iter: 8 conjugate gradient residual: 0.00044892 HPWL: 470911646
[InitialPlace]  Iter: 9 conjugate gradient residual: 0.00051174 HPWL: 463505671
[InitialPlace]  Iter: 10 conjugate gradient residual: 0.00035011 HPWL: 456981456
[InitialPlace]  Iter: 11 conjugate gradient residual: 0.00043458 HPWL: 452789714
[InitialPlace]  Iter: 12 conjugate gradient residual: 0.00056353 HPWL: 449917864
[InitialPlace]  Iter: 13 conjugate gradient residual: 0.00113006 HPWL: 440880956
[InitialPlace]  Iter: 14 conjugate gradient residual: 0.00033785 HPWL: 419493576
[InitialPlace]  Iter: 15 conjugate gradient residual: 0.00031796 HPWL: 415548293
[InitialPlace]  Iter: 16 conjugate gradient residual: 0.00028145 HPWL: 412977994
[InitialPlace]  Iter: 17 conjugate gradient residual: 0.00024360 HPWL: 409090209
[InitialPlace]  Iter: 18 conjugate gradient residual: 0.00020028 HPWL: 407063418
[InitialPlace]  Iter: 19 conjugate gradient residual: 0.00020637 HPWL: 404225156
[InitialPlace]  Iter: 20 conjugate gradient residual: 0.00022511 HPWL: 399879611
[INFO GPL-0033] ---- Initialize Nesterov Region: Top-level
[INFO GPL-0023] Placement target density:       0.5000
[INFO GPL-0024] Movable insts average area:     22.046 um^2
[INFO GPL-0025] Ideal bin area:                 44.092 um^2
[INFO GPL-0026] Ideal bin count:                101886
[INFO GPL-0027] Total bin area:             4492322.243 um^2
[INFO GPL-0028] Bin count (X, Y):         256 ,    256
[INFO GPL-0029] Bin size (W * H):       8.282 *  8.277 um
[INFO GPL-0030] Number of bins:                  65536
[INFO GPL-0084] ---- Execute Nesterov Global Placement.
[INFO GPL-0031] HPWL: Half-Perimeter Wirelength
Iteration | Overflow |     HPWL (um) |  HPWL(%) |   Penalty | Group
---------------------------------------------------------------
        0 |   0.9882 |  1.483799e+05 |   +0.00% |  1.06e-16 |      
       10 |   0.9768 |  1.780592e+05 |  +20.00% |  1.72e-16 |      
       20 |   0.9684 |  1.965668e+05 |  +10.39% |  2.79e-16 |      
       30 |   0.9636 |  2.000959e+05 |   +1.80% |  4.54e-16 |      
       40 |   0.9622 |  2.019803e+05 |   +0.94% |  7.40e-16 |      
       50 |   0.9621 |  2.046700e+05 |   +1.33% |  1.20e-15 |      
       60 |   0.9623 |  2.074807e+05 |   +1.37% |  1.96e-15 |      
       70 |   0.9619 |  2.074664e+05 |   -0.01% |  3.20e-15 |      
       80 |   0.9618 |  2.043450e+05 |   -1.50% |  5.20e-15 |      
       90 |   0.9625 |  2.003558e+05 |   -1.95% |  8.48e-15 |      
      100 |   0.9628 |  1.975544e+05 |   -1.40% |  1.38e-14 |      
      110 |   0.9634 |  1.962588e+05 |   -0.66% |  2.25e-14 |      
      120 |   0.9636 |  1.959135e+05 |   -0.18% |  3.66e-14 |      
      130 |   0.9635 |  1.965262e+05 |   +0.31% |  5.97e-14 |      
      140 |   0.9630 |  1.983569e+05 |   +0.93% |  9.72e-14 |      
      150 |   0.9629 |  2.017764e+05 |   +1.72% |  1.58e-13 |      
      160 |   0.9618 |  2.069903e+05 |   +2.58% |  2.58e-13 |      
      170 |   0.9598 |  2.146412e+05 |   +3.70% |  4.19e-13 |      
      180 |   0.9572 |  2.260238e+05 |   +5.30% |  6.82e-13 |      
      190 |   0.9537 |  2.429983e+05 |   +7.51% |  1.11e-12 |      
      200 |   0.9484 |  2.683598e+05 |  +10.44% |  1.80e-12 |      
      210 |   0.9384 |  3.027274e+05 |  +12.81% |  2.92e-12 |      
      220 |   0.9245 |  3.561747e+05 |  +17.66% |  4.74e-12 |      
      230 |   0.9090 |  4.003301e+05 |  +12.40% |  7.67e-12 |      
      240 |   0.8928 |  4.172977e+05 |   +4.24% |  1.25e-11 |      
      250 |   0.8758 |  4.493730e+05 |   +7.69% |  2.03e-11 |      
      260 |   0.8518 |  5.458771e+05 |  +21.48% |  3.27e-11 |      
      270 |   0.8284 |  5.946002e+05 |   +8.93% |  5.29e-11 |      
      280 |   0.8001 |  6.593828e+05 |  +10.90% |  8.56e-11 |      
      290 |   0.7743 |  6.402583e+05 |   -2.90% |  1.39e-10 |      
      300 |   0.7435 |  6.975155e+05 |   +8.94% |  2.25e-10 |      
      310 |   0.7134 |  7.094031e+05 |   +1.70% |  3.66e-10 |      
      320 |   0.6820 |  7.159698e+05 |   +0.93% |  5.95e-10 |      
      330 |   0.6344 |  7.218226e+05 |   +0.82% |  9.68e-10 |      
[INFO GPL-0100] Timing-driven iteration 1/2, virtual: false.
[INFO GPL-0101]    Iter: 331, overflow: 0.634, keep resizer changes at: 1, HPWL: 721822578
Iteration |   Area    | Resized | Buffers | Nets repaired | Remaining
---------------------------------------------------------------------
        0 |     +0.0% |       0 |       0 |             0 |     21033
    final |     +3.3% |     325 |     699 |           329 |         0
---------------------------------------------------------------------
[INFO RSZ-0034] Found 334 slew violations.
[INFO RSZ-0036] Found 154 capacitance violations.
[INFO RSZ-0039] Resized 325 instances.
[INFO RSZ-0038] Inserted 699 buffers in 329 nets.
   Iter   |    Area   | Removed | Inserted |   Pins
          |           | Buffers | Buffers  | Remaining
-------------------------------------------------------
        0 |     +0.0% |       0 |        0 |     20913
     2000 |     +1.6% |     196 |     1334 |     18913
     4000 |     +1.8% |     526 |     2096 |     16913
     6000 |     +2.1% |     531 |     2370 |     14913
     8000 |     +2.2% |     532 |     2402 |     12913
    10000 |     +2.3% |     554 |     2547 |     10913
    12000 |     +2.4% |     560 |     2635 |      8913
    14000 |     +2.4% |     565 |     2640 |      6913
    16000 |     +2.4% |     565 |     2640 |      4913
    18000 |     +2.4% |     565 |     2640 |      2913
    20000 |     +2.4% |     565 |     2640 |       913
    final |     +2.8% |     699 |     3186 |         0
-------------------------------------------------------
[INFO GPL-0106] Timing-driven: worst slack -2.553318e-10
[INFO GPL-0107] Timing-driven: repair_design delta area: 31627.184 um^2 (+6.87%)
[INFO GPL-0108] Timing-driven: repair_design, gpl delta gcells: 3186 (+15.25%)
[INFO GPL-0109] Timing-driven: repair_design, gcells created: 3885, deleted: 699
[INFO GPL-0110] Timing-driven: new target density: 0.5071594
Iteration | Overflow |     HPWL (um) |  HPWL(%) |   Penalty | Group
---------------------------------------------------------------
      340 |   0.6014 |  8.877464e+05 |  +22.99% |  1.54e-09 |      
[INFO GPL-0038] Routability snapshot saved at iter = 342
      341 |   0.5966 |  8.880803e+05 |          |           |      
      350 |   0.5373 |  9.101622e+05 |   +2.53% |  2.51e-09 |      
      360 |   0.5037 |  9.087265e+05 |   -0.16% |  4.09e-09 |      
      370 |   0.4543 |  9.117948e+05 |   +0.34% |  6.66e-09 |      
      380 |   0.4041 |  9.189053e+05 |   +0.78% |  1.08e-08 |      
      390 |   0.3534 |  9.150774e+05 |   -0.42% |  1.76e-08 |      
      400 |   0.3121 |  9.128172e+05 |   -0.25% |  2.65e-08 |      
[INFO GPL-0040] Routability iteration: 1
[WARNING GRT-0281] Net clk_i has a large fanout of 11380 terminals.
[INFO GPL-0041] Total routing overflow: 8.0480
[INFO GPL-0042] Number of overflowed tiles: 112 (0.12%)
[INFO GPL-0043] Average top 0.5% routing congestion: 0.9632
[INFO GPL-0044] Average top 1.0% routing congestion: 0.9119
[INFO GPL-0045] Average top 2.0% routing congestion: 0.8592
[INFO GPL-0046] Average top 5.0% routing congestion: 0.7848
[INFO GPL-0047] Routability iteration weighted routing congestion: 0.9375
[INFO GPL-0050] Weighted routing congestion is lower than target routing congestion(1.0100), end routability optimization.
[INFO GPL-0090] Routability finished. Target routing congestion achieved succesfully.
Iteration | Overflow |     HPWL (um) |  HPWL(%) |   Penalty | Group
---------------------------------------------------------------
      410 |   0.2763 |  9.134335e+05 |   +0.07% |  3.91e-08 |      
      420 |   0.2407 |  9.117250e+05 |   -0.19% |  5.76e-08 |      
      430 |   0.2101 |  9.118999e+05 |   +0.02% |  8.48e-08 |      
[INFO GPL-0100] Timing-driven iteration 2/2, virtual: false.
[INFO GPL-0101]    Iter: 437, overflow: 0.193, keep resizer changes at: 1, HPWL: 912394757
Iteration |   Area    | Resized | Buffers | Nets repaired | Remaining
---------------------------------------------------------------------
        0 |     +0.0% |       0 |       0 |             0 |     24219
    final |     +0.0% |       8 |       5 |             9 |         0
---------------------------------------------------------------------
[INFO RSZ-0034] Found 9 slew violations.
[INFO RSZ-0036] Found 1 capacitance violations.
[INFO RSZ-0039] Resized 8 instances.
[INFO RSZ-0038] Inserted 5 buffers in 9 nets.
   Iter   |    Area   | Removed | Inserted |   Pins
          |           | Buffers | Buffers  | Remaining
-------------------------------------------------------
        0 |     +0.0% |       0 |        0 |     20913
     2000 |     +1.3% |    1335 |     1372 |     18913
     4000 |     +0.6% |    2101 |     1833 |     16913
     6000 |     +0.3% |    2375 |     1891 |     14913
     8000 |     +0.3% |    2407 |     1904 |     12913
    10000 |     +0.2% |    2552 |     1980 |     10913
    12000 |     +0.1% |    2640 |     2027 |      8913
    14000 |     +0.1% |    2645 |     2034 |      6913
    16000 |     +0.1% |    2645 |     2034 |      4913
    18000 |     +0.1% |    2645 |     2034 |      2913
    20000 |     +0.1% |    2645 |     2034 |       913
    final |     +0.1% |    3191 |     2538 |         0
-------------------------------------------------------
[INFO GPL-0106] Timing-driven: worst slack 4.760159e-11
[INFO GPL-0107] Timing-driven: repair_design delta area: 860.575 um^2 (+0.17%)
[INFO GPL-0108] Timing-driven: repair_design, gpl delta gcells: -648 (-2.69%)
[INFO GPL-0109] Timing-driven: repair_design, gcells created: 2543, deleted: 3191
[INFO GPL-0110] Timing-driven: new target density: 0.5073542
Iteration | Overflow |     HPWL (um) |  HPWL(%) |   Penalty | Group
---------------------------------------------------------------
      440 |   0.1872 |  9.492941e+05 |   +4.10% |  1.24e-07 |      
      450 |   0.1587 |  9.442671e+05 |   -0.53% |  1.83e-07 |      
      460 |   0.1376 |  9.352202e+05 |   -0.96% |  2.70e-07 |      
      470 |   0.1178 |  9.329613e+05 |   -0.24% |  3.98e-07 |      
      480 |   0.1014 |  9.343776e+05 |   +0.15% |  5.85e-07 |      
      481 |   0.0997 |  9.346119e+05 |          |  6.33e-07 |      
---------------------------------------------------------------
[INFO GPL-1001] Global placement finished at iteration 481
[INFO GPL-1017] Routability mode iteration count: 62
[INFO GPL-1005] Routability final weighted congestion: 0.8909
[INFO GPL-1002] Placed Cell Area            493024.4020
[INFO GPL-1003] Available Free Area         4417568.0480
[INFO GPL-1004] Minimum Feasible Density        0.1100 (cell_area / free_area)
[INFO GPL-1006]   Suggested Target Densities:
[INFO GPL-1007]     - For 90% usage of free space: 0.1240
[INFO GPL-1008]     - For 80% usage of free space: 0.1395
[INFO GPL-1009]     - For 50% usage of free space: 0.2232
[INFO GPL-1011] Original area (um^2): 460536.64
[INFO GPL-1012] Total routability artificial inflation: 0.00 (+0.00%)
[INFO GPL-1013] Total timing-driven delta area: 32487.76 (+7.05%)
[INFO GPL-1014] Final placement area: 493024.40 (+7.05%)
Took 41 seconds: global_placement -density 0.5 -pad_left 0 -pad_right 0 -routability_driven -timing_driven -force_center_initial_place -min_phi_coef 0.95 -max_phi_coef 1.05
estimate_parasitics -placement
Report metrics stage 3, global place...

==========================================================================
global place report_design_area
--------------------------------------------------------------------------
Design area 553612 um^2 12% utilization.
write_db ./results/sky130hd/d_ca01_nonblocking_dcache/base/3_3_place_gp.odb
Elapsed time: 0:49.13[h:]min:sec. CPU time: user 91.31 sys 11.49 (209%). Peak memory: 841532KB.
Log                       Ext     Elapsed/s Peak Memory/MB sha1sum result [0:20)
3_3_place_gp              .odb           49            821 574d53bc5ded4835498d
/OpenROAD-flow-scripts/flow/scripts/flow.sh 3_4_place_resized resize
Running resize.tcl, stage 3_4_place_resized
read_liberty /OpenROAD-flow-scripts/flow/platforms/sky130hd/lib/sky130_fd_sc_hd__tt_025C_1v80.lib
read_db ./results/sky130hd/d_ca01_nonblocking_dcache/base/3_3_place_gp.odb
read_sdc ./results/sky130hd/d_ca01_nonblocking_dcache/base/2_floorplan.sdc
source /OpenROAD-flow-scripts/flow/platforms/sky130hd/setRC.tcl
estimate_parasitics -placement
Perform buffer insertion and gate resizing...
repair_design -verbose -match_cell_footprint
Iteration |   Area    | Resized | Buffers | Nets repaired | Remaining
---------------------------------------------------------------------
        0 |     +0.0% |       0 |       0 |             0 |     23571
     1000 |     +0.0% |       0 |       0 |             0 |     22571
     2000 |     +0.0% |       1 |       1 |             2 |     21571
     3000 |     +0.0% |       2 |       1 |             3 |     20571
     4000 |     +0.0% |       2 |       1 |             3 |     19571
     5000 |     +0.0% |       2 |       1 |             3 |     18571
     6000 |     +0.0% |       2 |       1 |             3 |     17571
     7000 |     +0.0% |       2 |       1 |             3 |     16571
     8000 |     +0.0% |       2 |       1 |             3 |     15571
     9000 |     +0.0% |       2 |       1 |             3 |     14571
    10000 |     +0.0% |       2 |       1 |             3 |     13571
    11000 |     +0.0% |       2 |       1 |             3 |     12571
    12000 |     +0.0% |       2 |       1 |             3 |     11571
    13000 |     +0.0% |       2 |       1 |             3 |     10571
    14000 |     +0.0% |       2 |       1 |             3 |      9571
    15000 |     +0.0% |       2 |       1 |             3 |      8571
    16000 |     +0.0% |       2 |       1 |             3 |      7571
    17000 |     +0.0% |       2 |       1 |             3 |      6571
    18000 |     +0.0% |       2 |       1 |             3 |      5571
    19000 |     +0.0% |       2 |       1 |             3 |      4571
    20000 |     +0.0% |       2 |       1 |             3 |      3571
    21000 |     +0.0% |       2 |       1 |             3 |      2571
    22000 |     +0.0% |       2 |       1 |             3 |      1571
    23000 |     +0.0% |       2 |       1 |             3 |       571
    final |     +0.0% |       2 |       1 |             3 |         0
---------------------------------------------------------------------
[INFO RSZ-0034] Found 2 slew violations.
[INFO RSZ-0036] Found 1 capacitance violations.
[INFO RSZ-0039] Resized 2 instances.
[INFO RSZ-0038] Inserted 1 buffers in 3 nets.
[INFO RSZ-0504] Runtime: 2.13s
Floating nets: 
Report metrics stage 3, resizer...

==========================================================================
resizer report_design_area
--------------------------------------------------------------------------
Design area 553627 um^2 12% utilization.
Instance count before 83174, after 83175
Pin count before 95613, after 95615
write_db ./results/sky130hd/d_ca01_nonblocking_dcache/base/3_4_place_resized.odb
Elapsed time: 0:15.39[h:]min:sec. CPU time: user 20.07 sys 3.46 (152%). Peak memory: 354876KB.
Log                       Ext     Elapsed/s Peak Memory/MB sha1sum result [0:20)
3_4_place_resized         .odb           15            346 57ee0c67eeef2f8f2687
/OpenROAD-flow-scripts/flow/scripts/flow.sh 3_5_place_dp detail_place
Running detail_place.tcl, stage 3_5_place_dp
read_liberty /OpenROAD-flow-scripts/flow/platforms/sky130hd/lib/sky130_fd_sc_hd__tt_025C_1v80.lib
read_db ./results/sky130hd/d_ca01_nonblocking_dcache/base/3_4_place_resized.odb
read_sdc ./results/sky130hd/d_ca01_nonblocking_dcache/base/2_floorplan.sdc
source /OpenROAD-flow-scripts/flow/platforms/sky130hd/setRC.tcl
detailed_placement
[INFO DPL-0006] Core area: 4492322.24 um^2
[INFO DPL-0007] Movable instances area: 478873.03 um^2
[INFO DPL-0008] Fixed instances area within core: 74754.20 um^2
[INFO DPL-0009] Utilization: 12.3%
[INFO DPL-0005] Diamond search max displacement: +/- 500 sites horizontally, +/- 100 rows vertically.
[INFO DPL-1102] Legalizing using negotiation legalizer.
[INFO DPL-1103] Negotiation base search window: +/-20 sites horizontally, +/-5 rows vertically 
	Automatic search window extension enabled.
	Search window extendable up to the max displacement cap of +/-500 sites, +/-100 rows near walls.
[INFO DPL-1104] NegotiationLegalizer DRC penalty: 5.
[INFO DPL-0392] Negotiation cell height distribution (1 unique row-count(s)):
[INFO DPL-0393]   height 1 row(s): 83175 cells
          |      Total |  Illegal |  Illegal
Iteration | Violations |    Cells |    Sites
---------------------------------------------
        0 |        236 |        56 |       180
        1 |          0 |         0 |         0
Negotiation phase 1 converged at iteration 1.
[INFO DPL-0500] Runtime: 0.64s
Placement Analysis
---------------------------------
total displacement      92384.6 u
average displacement        1.1 u
max displacement           30.1 u
original HPWL          934976.1 u
legalized HPWL        1008550.1 u
delta HPWL                    8 %

improve_placement -max_displacement "5 1"
Detailed placement improvement.
[INFO DPL-0401] Setting random seed to 1.
[INFO DPL-0402] Setting maximum displacement 5 1 to 13600 2720 units.
[INFO DPL-0320] Collected 59964 fixed cells.
[INFO DPL-0318] Collected 23429 single height cells.
[INFO DPL-0321] Collected 0 wide cells.
[INFO DPL-0322] Image (1380, 2720) - (2121520, 2121600)
[INFO DPL-0310] Assigned 23429 cells into segments.  Movement in X-direction is 0.000000, movement in Y-direction is 0.000000.
[INFO DPL-0313] Found 0 cells in wrong regions.
[INFO DPL-0315] Found 0 row alignment problems.
[INFO DPL-0314] Found 0 site alignment problems.
[INFO DPL-0311] Found 0 overlaps between adjacent cells.
[INFO DPL-0312] Found 0 edge spacing violations and 0 padding violations.
[INFO DPL-0303] Running algorithm for independent set matching.
[INFO DPL-0300] Set matching objective is wirelength.
[INFO DPL-0301] Pass   1 of matching; objective is 1.008509e+09.
[INFO DPL-0302] End of matching; objective is 1.007985e+09, improvement is 0.05 percent.
[INFO DPL-0303] Running algorithm for global swaps.
[INFO DPL-0306] Pass   1 of global swaps; hpwl is 9.950673e+08.
[INFO DPL-0306] Pass   2 of global swaps; hpwl is 9.932788e+08.
[INFO DPL-0307] End of global swaps; objective is 9.932788e+08, improvement is 1.46 percent.
[INFO DPL-0303] Running algorithm for vertical swaps.
[INFO DPL-0308] Pass   1 of vertical swaps; hpwl is 9.895891e+08.
[INFO DPL-0309] End of vertical swaps; objective is 9.895891e+08, improvement is 0.37 percent.
[INFO DPL-0303] Running algorithm for reordering.
[INFO DPL-0304] Pass   1 of reordering; objective is 9.894718e+08.
[INFO DPL-0305] End of reordering; objective is 9.894718e+08, improvement is 0.01 percent.
[INFO DPL-0303] Running algorithm for random improvement.
[INFO DPL-0324] Random improver is using random generator.
[INFO DPL-0325] Random improver is using hpwl objective.
[INFO DPL-0326] Random improver cost string is (a).
[INFO DPL-0332] End of pass, Generator random called 468580 times.
[INFO DPL-0335] Generator random, Cumulative attempts 468580, swaps 66638, moves 113094 since last reset.
[INFO DPL-0333] End of pass, Objective hpwl, Initial cost 9.627581e+08, Scratch cost 9.538829e+08, Incremental cost 9.538829e+08, Mismatch? N
[INFO DPL-0338] End of pass, Total cost is 9.538829e+08.
[INFO DPL-0327] Pass   1 of random improver; improvement in cost is 0.92 percent.
[INFO DPL-0328] End of random improver; improvement is 0.921848 percent.
[INFO DPL-0380] Cell flipping.
[INFO DPL-0382] Changed 0 cell orientations for row compatibility.
[INFO DPL-0383] Performed 3613 cell flips.
[INFO DPL-0384] End of flipping; objective is 9.723672e+08, improvement is 0.84 percent.
[INFO DPL-0313] Found 0 cells in wrong regions.
[INFO DPL-0315] Found 0 row alignment problems.
[INFO DPL-0314] Found 0 site alignment problems.
[INFO DPL-0311] Found 0 overlaps between adjacent cells.
[INFO DPL-0312] Found 0 edge spacing violations and 0 padding violations.
Detailed Improvement Results
------------------------------------------
Original HPWL          1008550.1 u (  469777.2,   538772.9)
Final HPWL              972479.1 u (  456628.9,   515850.2)
Delta HPWL                  -3.6 % (      -2.8,       -4.3)

optimize_mirroring
[INFO DPL-0020] Mirrored 681 instances
[INFO DPL-0021] HPWL before          972479.1 u
[INFO DPL-0022] HPWL after           972220.4 u
[INFO DPL-0023] HPWL delta               -0.0 %
[INFO FLW-0012] Placement violations .
estimate_parasitics -placement
Report metrics stage 3, detailed place...

==========================================================================
detailed place report_design_area
--------------------------------------------------------------------------
Design area 553627 um^2 12% utilization.
write_db ./results/sky130hd/d_ca01_nonblocking_dcache/base/3_5_place_dp.odb
write_sdc -no_timestamp ./results/sky130hd/d_ca01_nonblocking_dcache/base/3_place.sdc
Elapsed time: 0:16.76[h:]min:sec. CPU time: user 20.84 sys 3.26 (143%). Peak memory: 561820KB.
Log                       Ext     Elapsed/s Peak Memory/MB sha1sum result [0:20)
3_5_place_dp              .odb           16            548 6ae49b7d28f57e6439be
cp ./results/sky130hd/d_ca01_nonblocking_dcache/base/3_5_place_dp.odb ./results/sky130hd/d_ca01_nonblocking_dcache/base/3_place.odb
/OpenROAD-flow-scripts/flow/scripts/flow.sh 4_1_cts cts
Running cts.tcl, stage 4_1_cts
read_liberty /OpenROAD-flow-scripts/flow/platforms/sky130hd/lib/sky130_fd_sc_hd__tt_025C_1v80.lib
read_db ./results/sky130hd/d_ca01_nonblocking_dcache/base/3_place.odb
read_sdc ./results/sky130hd/d_ca01_nonblocking_dcache/base/3_place.sdc
source /OpenROAD-flow-scripts/flow/platforms/sky130hd/setRC.tcl
clock_tree_synthesis -sink_clustering_enable -repair_clock_nets
[INFO CTS-0050] Root buffer is sky130_fd_sc_hd__clkbuf_16.
[INFO CTS-0051] Sink buffer is sky130_fd_sc_hd__clkbuf_16.
[INFO CTS-0052] The following clock buffers will be used for CTS:
                    sky130_fd_sc_hd__clkbuf_16
[INFO CTS-0049] Characterization buffer is sky130_fd_sc_hd__clkbuf_16.
[INFO CTS-0007] Net "clk_i" found for clock "core_clock".
[INFO CTS-0010]  Clock net "clk_i" has 11379 sinks.
[INFO CTS-0008] TritonCTS found 1 clock nets.
[INFO CTS-0097] Characterization used 1 buffer(s) types.
[INFO CTS-0201] 0 blockages from hard placement blockages and placed macros will be used.
[INFO CTS-0027] Generating H-Tree topology for net clk_i.
[INFO CTS-0028]  Total number of sinks: 11379.
[INFO CTS-0090]  Sinks will be clustered based on buffer max cap.
[INFO CTS-0030]  Number of static layers: 0.
[INFO CTS-0020]  Wire segment unit: 13600  dbu (13 um).
[INFO CTS-0206] Best clustering solution was found from max clustering size of 14 and max clustering diameter of 127.
[INFO CTS-0019]  Total number of sinks after clustering: 1096.
[INFO CTS-0024]  Normalized sink region: [(0.843917, 24.7672), (90.7499, 126.593)].
[INFO CTS-0025]     Width:  89.9060.
[INFO CTS-0026]     Height: 101.8258.
 Level 1
    Direction: Vertical
    Sinks per sub-region: 548
    Sub-region size: 89.9060 X 50.9129
[INFO CTS-0034]     Segment length (rounded): 26.
 Level 2
    Direction: Horizontal
    Sinks per sub-region: 274
    Sub-region size: 44.9530 X 50.9129
[INFO CTS-0034]     Segment length (rounded): 22.
 Level 3
    Direction: Vertical
    Sinks per sub-region: 137
    Sub-region size: 44.9530 X 25.4564
[INFO CTS-0034]     Segment length (rounded): 12.
 Level 4
    Direction: Horizontal
    Sinks per sub-region: 69
    Sub-region size: 22.4765 X 25.4564
[INFO CTS-0034]     Segment length (rounded): 12.
 Level 5
    Direction: Vertical
    Sinks per sub-region: 35
    Sub-region size: 22.4765 X 12.7282
[INFO CTS-0034]     Segment length (rounded): 6.
 Level 6
    Direction: Horizontal
    Sinks per sub-region: 18
    Sub-region size: 11.2383 X 12.7282
[INFO CTS-0034]     Segment length (rounded): 6.
 Level 7
    Direction: Vertical
    Sinks per sub-region: 9
    Sub-region size: 11.2383 X 6.3641
[INFO CTS-0034]     Segment length (rounded): 4.
[INFO CTS-0038]  Stop criterion found. Sink region hpwl is smaller than max wirelength (1911.535 um) and max number of sinks is 15.
[INFO CTS-0035]  Number of sinks covered: 1096.
[INFO CTS-0018]     Created 1267 clock buffers.
[INFO CTS-0012]     Minimum number of buffers in the clock path: 6.
[INFO CTS-0013]     Maximum number of buffers in the clock path: 6.
[INFO CTS-0015]     Created 1267 clock nets.
[INFO CTS-0016]     Fanout distribution for the current clock = 2:1, 3:6, 4:8, 5:9, 6:20, 7:31, 8:79, 9:197, 10:299, 11:324, 12:180, 13:59, 14:10, 15:1..
[INFO CTS-0017]     Max level of the clock tree: 7.
[INFO CTS-0098] Clock net "clk_i"
[INFO CTS-0099]  Sinks 12370
[INFO CTS-0100]  Leaf buffers 1096
[INFO CTS-0101]  Average sink wire length 2274.41 um
[INFO CTS-0102]  Path depth 5 - 6
[INFO CTS-0207]  Dummy loads inserted 991
[INFO CTS-0500] Runtime: 2.00s
estimate_parasitics -placement
detailed_placement
[INFO DPL-0006] Core area: 4492322.24 um^2
[INFO DPL-0007] Movable instances area: 518684.96 um^2
[INFO DPL-0008] Fixed instances area within core: 74754.20 um^2
[INFO DPL-0009] Utilization: 13.2%
[INFO DPL-0005] Diamond search max displacement: +/- 500 sites horizontally, +/- 100 rows vertically.
[INFO DPL-1102] Legalizing using negotiation legalizer.
[INFO DPL-1103] Negotiation base search window: +/-20 sites horizontally, +/-5 rows vertically 
	Automatic search window extension enabled.
	Search window extendable up to the max displacement cap of +/-500 sites, +/-100 rows near walls.
[INFO DPL-1104] NegotiationLegalizer DRC penalty: 5.
[INFO DPL-0392] Negotiation cell height distribution (1 unique row-count(s)):
[INFO DPL-0393]   height 1 row(s): 85433 cells
          |      Total |  Illegal |  Illegal
Iteration | Violations |    Cells |    Sites
---------------------------------------------
        0 |        104 |        24 |        80
        1 |          0 |         0 |         0
Negotiation phase 1 converged at iteration 1.
[INFO DPL-0500] Runtime: 0.46s
Placement Analysis
---------------------------------
total displacement      31582.9 u
average displacement        0.4 u
max displacement           25.5 u
original HPWL         1067905.6 u
legalized HPWL        1081264.7 u
delta HPWL                    1 %

estimate_parasitics -placement
repair_timing -setup_margin 0 -hold_margin 0 -repair_tns 100 -match_cell_footprint -verbose
[INFO RSZ-0100] Repair move sequence: UnbufferMove SizeUpMove SwapPinsMove BufferMove CloneMove SplitLoadMove 
[INFO RSZ-0094] Found 3023 endpoints with setup violations.
[INFO RSZ-0099] Repairing 3023 out of 3023 (100.00%) violating endpoints...
   Iter   | Removed | Resized | Inserted | Cloned |  Pin  |   Area   |    WNS   |   StTNS    |   EnTNS    |  Viol  |  Worst  
          | Buffers |  Gates  | Buffers  |  Gates | Swaps |          |          |            |            | Endpts | St/EnPt 
------------------------------------------------------------------------------------------------------------------------------
       0* |       0 |       0 |        0 |      0 |     0 |    +0.0% |   -2.120 |    -3039.5 |     -653.7 |   3023 | req_ready_o
      10* |       0 |       3 |        4 |      1 |     4 |    +0.0% |   -1.787 |    -2710.4 |     -515.8 |   3023 | rsp_data_o[5]
      20* |       0 |      10 |        7 |      3 |     4 |    +0.0% |   -1.748 |    -2710.3 |     -515.5 |   3023 | rsp_data_o[5]
      30* |       0 |      17 |        8 |      5 |     4 |    +0.1% |   -1.720 |    -2626.0 |     -513.8 |   3023 | rsp_data_o[5]
      40* |       1 |      25 |        8 |      6 |     4 |    +0.1% |   -1.671 |    -2625.9 |     -512.7 |   3023 | rsp_data_o[1]
      50* |       1 |      33 |        8 |      8 |     4 |    +0.1% |   -1.663 |    -2625.9 |     -512.9 |   3023 | rsp_data_o[5]
      60* |       1 |      38 |       12 |     11 |     4 |    +0.1% |   -1.645 |    -2591.6 |     -512.5 |   3023 | rsp_data_o[0]
      70* |       1 |      44 |       23 |     12 |     4 |    +0.1% |   -1.635 |    -2591.6 |     -512.8 |   3023 | rsp_data_o[1]
      80* |       1 |      51 |       27 |     14 |     4 |    +0.2% |   -1.632 |    -2591.6 |     -513.4 |   3023 | rsp_data_o[20]
      90* |       1 |      59 |       30 |     15 |     4 |    +0.2% |   -1.603 |    -2590.3 |     -512.6 |   3023 | rsp_data_o[28]
     100* |       1 |      67 |       31 |     16 |     4 |    +0.2% |   -1.636 |    -2576.3 |     -514.1 |   3023 | rsp_data_o[0]
     110* |       1 |      75 |       38 |     17 |     4 |    +0.2% |   -1.627 |    -2542.8 |     -513.7 |   3023 | rsp_data_o[29]
     120* |       1 |      82 |       45 |     17 |     5 |    +0.2% |   -1.620 |    -2547.3 |     -513.6 |   3023 | rsp_data_o[0]
     130* |       1 |      89 |       45 |     20 |     5 |    +0.3% |   -1.622 |    -2541.2 |     -513.7 |   3023 | rsp_data_o[0]
     140* |       1 |      94 |       54 |     22 |     5 |    +0.3% |   -1.587 |    -2521.7 |     -512.5 |   3023 | rsp_data_o[21]
     150* |       1 |     104 |       54 |     22 |     5 |    +0.3% |   -1.574 |    -2490.1 |     -512.2 |   3023 | rsp_data_o[3]
     160* |       1 |     111 |       58 |     23 |     5 |    +0.3% |   -1.563 |    -2468.8 |     -512.1 |   3023 | rsp_data_o[17]
     170* |       1 |     119 |       63 |     23 |     5 |    +0.3% |   -1.548 |    -2470.2 |     -511.4 |   3023 | rsp_data_o[5]
     180* |       1 |     123 |       80 |     24 |     5 |    +0.4% |   -1.544 |    -2478.5 |     -511.4 |   3023 | rsp_data_o[0]
     190* |       1 |     128 |       83 |     26 |     5 |    +0.4% |   -1.548 |    -2473.3 |     -511.9 |   3023 | rsp_data_o[25]
     200* |       1 |     135 |       84 |     28 |     5 |    +0.4% |   -1.557 |    -2463.8 |     -512.2 |   3023 | rsp_data_o[0]
     210* |       1 |     143 |       86 |     28 |     5 |    +0.4% |   -1.537 |    -2427.0 |     -511.6 |   3023 | rsp_data_o[1]
     220* |       1 |     152 |       87 |     28 |     5 |    +0.4% |   -1.524 |    -2227.8 |     -510.9 |   3023 | rsp_data_o[3]
     230* |       1 |     160 |       88 |     28 |     6 |    +0.4% |   -1.514 |    -2143.9 |     -540.8 |   3023 | rsp_data_o[28]
     240* |       3 |     168 |       88 |     28 |     6 |    +0.4% |   -1.506 |    -1972.4 |     -239.1 |   3023 | rsp_data_o[11]
     250* |       3 |     177 |       89 |     28 |     6 |    +0.4% |   -1.484 |    -1814.1 |     -238.5 |   3023 | rsp_data_o[17]
     260* |       3 |     185 |       90 |     29 |     6 |    +0.4% |   -1.545 |    -1873.1 |     -239.1 |   3023 | rsp_data_o[20]
     270* |       3 |     193 |       91 |     29 |     7 |    +0.4% |   -1.515 |    -1855.8 |     -238.8 |   3023 | rsp_data_o[28]
     280* |       3 |     198 |       93 |     29 |    10 |    +0.4% |   -1.505 |    -1845.9 |     -238.3 |   3023 | rsp_data_o[3]
     290* |       3 |     204 |       98 |     29 |    10 |    +0.5% |   -1.493 |    -1839.0 |     -238.1 |   3023 | rsp_data_o[0]
     300* |       3 |     210 |      104 |     29 |    11 |    +0.5% |   -1.475 |    -1784.2 |     -238.0 |   3023 | rsp_data_o[8]
     310* |       3 |     219 |      106 |     29 |    11 |    +0.5% |   -1.467 |    -1648.4 |     -237.7 |   3023 | rsp_data_o[31]
     320* |       3 |     226 |      109 |     30 |    11 |    +0.5% |   -1.447 |    -1519.9 |     -237.0 |   3023 | rsp_data_o[1]
     330* |       3 |     235 |      109 |     30 |    12 |    +0.5% |   -1.434 |    -1361.4 |     -235.7 |   3023 | rsp_data_o[6]
     340* |       3 |     242 |      116 |     30 |    12 |    +0.5% |   -1.399 |    -1282.9 |     -132.0 |   3023 | rsp_data_o[0]
     350* |       3 |     252 |      116 |     30 |    12 |    +0.5% |   -1.377 |    -1116.5 |     -131.6 |   3023 | rsp_data_o[3]
     360* |       3 |     259 |      118 |     30 |    13 |    +0.5% |   -1.366 |    -1073.3 |     -131.2 |   3023 | rsp_data_o[10]
     370* |       4 |     268 |      118 |     30 |    13 |    +0.5% |   -1.356 |    -1050.1 |     -130.6 |   3023 | rsp_data_o[2]
     380* |       4 |     276 |      120 |     30 |    13 |    +0.5% |   -1.333 |     -980.2 |     -130.2 |   3023 | rsp_data_o[25]
     390* |       4 |     283 |      122 |     30 |    14 |    +0.5% |   -1.323 |     -964.3 |     -129.7 |   3023 | rsp_data_o[10]
     400* |       4 |     291 |      127 |     30 |    15 |    +0.5% |   -1.315 |     -939.1 |     -129.2 |   3023 | rsp_data_o[14]
     410* |       4 |     299 |      129 |     30 |    15 |    +0.6% |   -1.298 |     -891.4 |     -128.9 |   3023 | req_ready_o
     420* |       4 |     307 |      129 |     30 |    17 |    +0.6% |   -1.293 |     -840.3 |     -128.5 |   3023 | rsp_data_o[10]
     430* |       5 |     313 |      133 |     30 |    17 |    +0.6% |   -1.280 |     -785.5 |     -128.4 |   3023 | rsp_data_o[4]
     435* |       5 |     316 |      133 |     30 |    17 |    +0.6% |   -1.277 |     -752.2 |     -128.1 |   3023 | rsp_data_o[12]
     436* |       5 |     316 |      133 |     30 |    17 |    +0.6% |   -1.277 |     -752.2 |     -128.1 |   3023 | rsp_data_o[12]
     440* |       5 |     318 |      134 |     30 |    17 |    +0.6% |   -1.283 |     -753.0 |     -128.1 |   3023 | rsp_data_o[31]
     441* |       5 |     317 |      133 |     30 |    17 |    +0.6% |   -1.277 |     -752.2 |     -128.0 |   3023 | rsp_data_o[12]
     446* |       5 |     318 |      133 |     30 |    17 |    +0.6% |   -1.277 |     -752.2 |     -127.9 |   3023 | rsp_data_o[12]
     449* |       5 |     318 |      133 |     30 |    17 |    +0.6% |   -1.277 |     -752.2 |     -127.9 |   3023 | rsp_data_o[12]
     450* |       5 |     318 |      133 |     30 |    17 |    +0.6% |   -1.277 |     -752.2 |     -127.9 |   3023 | rsp_data_o[12]
     452* |       5 |     318 |      133 |     30 |    17 |    +0.6% |   -1.277 |     -752.2 |     -127.9 |   3023 | rsp_data_o[12]
     458* |       5 |     318 |      133 |     30 |    17 |    +0.6% |   -1.277 |     -752.2 |     -127.9 |   3023 | rsp_data_o[12]
     460* |       5 |     318 |      133 |     30 |    18 |    +0.6% |   -1.278 |     -752.3 |     -127.9 |   3023 | rsp_data_o[12]
     465* |       5 |     318 |      133 |     30 |    17 |    +0.6% |   -1.277 |     -752.2 |     -127.9 |   3023 | rsp_data_o[12]
     470* |       5 |     321 |      134 |     30 |    17 |    +0.6% |   -1.283 |     -753.0 |     -127.9 |   3023 | rsp_data_o[31]
     471* |       5 |     320 |      133 |     30 |    17 |    +0.6% |   -1.277 |     -752.2 |     -127.8 |   3023 | rsp_data_o[12]
     477* |       5 |     322 |      133 |     30 |    17 |    +0.6% |   -1.277 |     -752.2 |     -127.7 |   3023 | rsp_data_o[12]
     480* |       5 |     323 |      133 |     30 |    18 |    +0.6% |   -1.278 |     -752.4 |     -127.6 |   3023 | rsp_data_o[12]
     483* |       5 |     323 |      133 |     30 |    17 |    +0.6% |   -1.277 |     -752.2 |     -127.6 |   3023 | rsp_data_o[12]
     490* |       5 |     325 |      136 |     30 |    18 |    +0.6% |   -1.279 |     -753.2 |     -127.5 |   3023 | rsp_data_o[31]
     490* |       5 |     324 |      133 |     30 |    17 |    +0.6% |   -1.277 |     -752.2 |     -127.5 |   3023 | rsp_data_o[12]
     498* |       5 |     324 |      133 |     30 |    17 |    +0.6% |   -1.277 |     -752.2 |     -127.5 |   3023 | rsp_data_o[12]
     500* |       5 |     324 |      133 |     30 |    18 |    +0.6% |   -1.278 |     -752.4 |     -127.5 |   3023 | rsp_data_o[12]
     510* |       5 |     329 |      138 |     30 |    18 |    +0.6% |   -1.279 |     -753.2 |     -127.6 |   3023 | rsp_data_o[31]
     510* |       5 |     324 |      133 |     30 |    17 |    +0.6% |   -1.277 |     -752.2 |     -127.5 |   3023 | rsp_data_o[12]
     519* |       5 |     325 |      133 |     30 |    17 |    +0.6% |   -1.277 |     -752.2 |     -127.5 |   3023 | rsp_data_o[12]
     520* |       5 |     325 |      133 |     30 |    17 |    +0.6% |   -1.277 |     -752.2 |     -127.5 |   3023 | rsp_data_o[12]
     526* |       5 |     327 |      133 |     30 |    17 |    +0.6% |   -1.277 |     -707.1 |     -127.4 |   3023 | rsp_data_o[12]
     530* |       5 |     330 |      133 |     30 |    17 |    +0.6% |   -1.280 |     -702.9 |     -127.4 |   3023 | rsp_data_o[0]
     532* |       5 |     327 |      133 |     30 |    17 |    +0.6% |   -1.277 |     -707.1 |     -127.4 |   3023 | rsp_data_o[12]
     540* |       5 |     332 |      135 |     30 |    17 |    +0.6% |   -1.281 |     -708.8 |     -127.4 |   3023 | rsp_data_o[31]
     542* |       5 |     330 |      135 |     30 |    17 |    +0.6% |   -1.277 |     -707.1 |     -127.3 |   3023 | rsp_data_o[12]
     549* |       5 |     330 |      135 |     30 |    17 |    +0.6% |   -1.277 |     -707.1 |     -127.3 |   3023 | rsp_data_o[12]
     550* |       5 |     330 |      135 |     30 |    17 |    +0.6% |   -1.277 |     -707.1 |     -127.3 |   3023 | rsp_data_o[12]
     557* |       5 |     330 |      136 |     30 |    17 |    +0.6% |   -1.277 |     -706.6 |     -127.3 |   3023 | rsp_data_o[12]
     560* |       5 |     332 |      136 |     30 |    17 |    +0.6% |   -1.277 |     -706.6 |     -127.2 |   3023 | rsp_data_o[12]
     564* |       5 |     332 |      136 |     30 |    17 |    +0.6% |   -1.277 |     -706.6 |     -127.2 |   3023 | rsp_data_o[12]
     568* |       5 |     334 |      136 |     30 |    17 |    +0.6% |   -1.277 |     -706.6 |     -127.1 |   3023 | rsp_data_o[12]
     570* |       5 |     335 |      136 |     30 |    17 |    +0.6% |   -1.277 |     -706.6 |     -127.0 |   3023 | rsp_data_o[12]
     572* |       5 |     336 |      136 |     30 |    17 |    +0.6% |   -1.277 |     -706.6 |     -126.9 |   3023 | rsp_data_o[12]
     576* |       5 |     338 |      136 |     30 |    17 |    +0.6% |   -1.277 |     -706.6 |     -126.8 |   3023 | rsp_data_o[12]
     580* |       5 |     340 |      136 |     30 |    18 |    +0.6% |   -1.278 |     -707.5 |     -126.8 |   3023 | rsp_data_o[12]
     590* |       5 |     347 |      141 |     30 |    19 |    +0.6% |   -1.277 |     -708.4 |     -126.6 |   3023 | rsp_data_o[0]
     591* |       5 |     338 |      136 |     30 |    18 |    +0.6% |   -1.277 |     -706.4 |     -126.8 |   3023 | rsp_data_o[12]
     600* |       5 |     344 |      138 |     30 |    18 |    +0.6% |   -1.280 |     -714.0 |     -126.6 |   3023 | rsp_data_o[12]
     610* |       5 |     350 |      144 |     30 |    19 |    +0.6% |   -1.277 |     -712.4 |     -126.5 |   3023 | rsp_data_o[0]
     610* |       5 |     348 |      142 |     30 |    18 |    +0.6% |   -1.277 |     -712.2 |     -126.6 |   3023 | rsp_data_o[0]
     620* |       5 |     353 |      144 |     30 |    20 |    +0.6% |   -1.278 |     -717.4 |     -126.4 |   3023 | rsp_data_o[0]
     622* |       5 |     349 |      142 |     30 |    19 |    +0.6% |   -1.277 |     -711.6 |     -126.4 |   3023 | rsp_data_o[0]
     630* |       5 |     354 |      143 |     30 |    20 |    +0.6% |   -1.278 |     -713.8 |     -126.2 |   3023 | rsp_data_o[0]
     635* |       5 |     349 |      142 |     30 |    19 |    +0.6% |   -1.277 |     -711.6 |     -126.4 |   3023 | rsp_data_o[0]
     640* |       5 |     351 |      143 |     30 |    20 |    +0.6% |   -1.277 |     -712.3 |     -126.3 |   3023 | rsp_data_o[0]
     647* |       5 |     353 |      143 |     30 |    20 |    +0.6% |   -1.277 |     -712.3 |     -126.2 |   3023 | rsp_data_o[0]
     650* |       5 |     355 |      143 |     30 |    20 |    +0.6% |   -1.277 |     -712.3 |     -126.1 |   3023 | rsp_data_o[0]
     658* |       5 |     356 |      144 |     30 |    20 |    +0.6% |   -1.277 |     -707.3 |     -126.2 |   3023 | rsp_data_o[0]
     660* |       5 |     357 |      144 |     30 |    20 |    +0.6% |   -1.278 |     -704.6 |     -126.2 |   3023 | rsp_data_o[0]
     669* |       5 |     356 |      144 |     30 |    20 |    +0.6% |   -1.277 |     -707.3 |     -126.2 |   3023 | rsp_data_o[0]
     670* |       5 |     356 |      144 |     30 |    20 |    +0.6% |   -1.277 |     -707.3 |     -126.2 |   3023 | rsp_data_o[0]
     680* |       5 |     363 |      146 |     30 |    21 |    +0.6% |   -1.278 |     -711.8 |     -125.8 |   3023 | rsp_data_o[5]
     681* |       5 |     356 |      144 |     30 |    20 |    +0.6% |   -1.277 |     -707.3 |     -126.2 |   3023 | rsp_data_o[0]
     688* |       5 |     356 |      144 |     30 |    20 |    +0.6% |   -1.277 |     -707.3 |     -126.2 |   3023 | rsp_data_o[0]
     690* |       5 |     357 |      144 |     30 |    20 |    +0.6% |   -1.277 |     -707.3 |     -124.6 |   3023 | rsp_data_o[0]
     690* |       5 |     357 |      144 |     30 |    20 |    +0.6% |   -1.277 |     -707.3 |     -124.6 |   3023 | rsp_data_o[0]
     691* |       5 |     357 |      144 |     30 |    20 |    +0.6% |   -1.277 |     -707.3 |     -124.6 |   3023 | rsp_data_o[0]
     692* |       5 |     357 |      144 |     30 |    20 |    +0.6% |   -1.277 |     -707.3 |     -124.6 |   3023 | rsp_data_o[0]
     693* |       5 |     357 |      144 |     30 |    20 |    +0.6% |   -1.277 |     -707.3 |     -124.6 |   3023 | rsp_data_o[0]
     694* |       5 |     357 |      144 |     30 |    20 |    +0.6% |   -1.277 |     -707.3 |     -124.6 |   3023 | rsp_data_o[0]
     695* |       5 |     357 |      144 |     30 |    20 |    +0.6% |   -1.277 |     -707.3 |     -124.6 |   3023 | rsp_data_o[0]
     696* |       5 |     357 |      144 |     30 |    20 |    +0.6% |   -1.277 |     -707.3 |     -124.6 |   3023 | rsp_data_o[0]
     697* |       5 |     357 |      144 |     30 |    20 |    +0.6% |   -1.277 |     -707.3 |     -124.6 |   3023 | rsp_data_o[0]
     699* |       5 |     358 |      144 |     30 |    20 |    +0.6% |   -1.277 |     -707.3 |     -123.2 |   3023 | rsp_data_o[0]
     700* |       5 |     358 |      144 |     30 |    20 |    +0.6% |   -1.277 |     -707.3 |     -123.2 |   3023 | rsp_data_o[0]
     700* |       5 |     358 |      144 |     30 |    20 |    +0.6% |   -1.277 |     -707.3 |     -123.2 |   3023 | rsp_data_o[0]
     701* |       5 |     358 |      144 |     30 |    20 |    +0.6% |   -1.277 |     -707.3 |     -123.2 |   3023 | rsp_data_o[0]
     702* |       5 |     358 |      144 |     30 |    20 |    +0.6% |   -1.277 |     -707.3 |     -123.2 |   3023 | rsp_data_o[0]
     703* |       5 |     358 |      144 |     30 |    20 |    +0.6% |   -1.277 |     -707.3 |     -123.2 |   3023 | rsp_data_o[0]
     704* |       5 |     358 |      144 |     30 |    20 |    +0.6% |   -1.277 |     -707.3 |     -123.2 |   3023 | rsp_data_o[0]
     705* |       5 |     358 |      144 |     30 |    20 |    +0.6% |   -1.277 |     -707.3 |     -123.2 |   3023 | rsp_data_o[0]
     708* |       5 |     358 |      146 |     30 |    21 |    +0.6% |   -1.277 |     -707.3 |      -62.2 |   3023 | rsp_data_o[0]
     709* |       5 |     358 |      146 |     30 |    21 |    +0.6% |   -1.277 |     -707.3 |      -62.2 |   3023 | rsp_data_o[0]
     710* |       5 |     358 |      146 |     30 |    21 |    +0.6% |   -1.277 |     -707.3 |      -62.2 |   3023 | rsp_data_o[0]
     710* |       5 |     358 |      146 |     30 |    21 |    +0.6% |   -1.277 |     -707.3 |      -62.2 |   3023 | rsp_data_o[0]
     711* |       5 |     358 |      146 |     30 |    21 |    +0.6% |   -1.277 |     -707.3 |      -62.2 |   3023 | rsp_data_o[0]
     712* |       5 |     358 |      146 |     30 |    21 |    +0.6% |   -1.277 |     -707.3 |      -62.2 |   3023 | rsp_data_o[0]
     713* |       5 |     358 |      146 |     30 |    21 |    +0.6% |   -1.277 |     -707.3 |      -62.2 |   3023 | rsp_data_o[0]
     714* |       5 |     358 |      146 |     30 |    21 |    +0.6% |   -1.277 |     -707.3 |      -62.2 |   3023 | rsp_data_o[0]
     715* |       5 |     358 |      146 |     30 |    21 |    +0.6% |   -1.277 |     -707.3 |      -62.2 |   3023 | rsp_data_o[0]
     716* |       5 |     358 |      146 |     30 |    21 |    +0.6% |   -1.277 |     -707.3 |      -62.2 |   3023 | rsp_data_o[0]
     717* |       5 |     358 |      146 |     30 |    21 |    +0.6% |   -1.277 |     -707.3 |      -62.2 |   3023 | rsp_data_o[0]
     718* |       5 |     358 |      146 |     30 |    21 |    +0.6% |   -1.277 |     -707.3 |      -62.2 |   3023 | rsp_data_o[0]
     719* |       5 |     358 |      146 |     30 |    21 |    +0.6% |   -1.277 |     -707.3 |      -62.2 |   3023 | rsp_data_o[0]
     720* |       5 |     358 |      146 |     30 |    21 |    +0.6% |   -1.277 |     -707.3 |      -62.2 |   3023 | rsp_data_o[0]
     720* |       5 |     358 |      146 |     30 |    21 |    +0.6% |   -1.277 |     -707.3 |      -62.2 |   3023 | rsp_data_o[0]
     721* |       5 |     358 |      146 |     30 |    21 |    +0.6% |   -1.277 |     -707.3 |      -62.2 |   3023 | rsp_data_o[0]
     722* |       5 |     358 |      146 |     30 |    21 |    +0.6% |   -1.277 |     -707.3 |      -62.2 |   3023 | rsp_data_o[0]
     723* |       5 |     358 |      146 |     30 |    21 |    +0.6% |   -1.277 |     -707.3 |      -62.2 |   3023 | rsp_data_o[0]
     724* |       5 |     358 |      146 |     30 |    21 |    +0.6% |   -1.277 |     -707.3 |      -62.2 |   3023 | rsp_data_o[0]
     726* |       5 |     359 |      146 |     30 |    21 |    +0.6% |   -1.277 |     -707.3 |      -61.8 |   3023 | rsp_data_o[0]
     727* |       5 |     359 |      146 |     30 |    21 |    +0.6% |   -1.277 |     -707.3 |      -61.8 |   3023 | rsp_data_o[0]
     728* |       5 |     359 |      146 |     30 |    21 |    +0.6% |   -1.277 |     -707.3 |      -61.8 |   3023 | rsp_data_o[0]
     729* |       5 |     359 |      146 |     30 |    21 |    +0.6% |   -1.277 |     -707.3 |      -61.8 |   3023 | rsp_data_o[0]
     730* |       5 |     359 |      146 |     30 |    21 |    +0.6% |   -1.277 |     -707.3 |      -61.8 |   3023 | rsp_data_o[0]
     730* |       5 |     359 |      146 |     30 |    21 |    +0.6% |   -1.277 |     -707.3 |      -61.8 |   3023 | rsp_data_o[0]
     731* |       5 |     359 |      146 |     30 |    21 |    +0.6% |   -1.277 |     -707.3 |      -61.8 |   3023 | rsp_data_o[0]
     732* |       5 |     359 |      146 |     30 |    21 |    +0.6% |   -1.277 |     -707.3 |      -61.8 |   3023 | rsp_data_o[0]
     733* |       5 |     359 |      146 |     30 |    21 |    +0.6% |   -1.277 |     -707.3 |      -61.8 |   3023 | rsp_data_o[0]
     734* |       5 |     359 |      146 |     30 |    21 |    +0.6% |   -1.277 |     -707.3 |      -61.8 |   3023 | rsp_data_o[0]
     735* |       5 |     359 |      146 |     30 |    21 |    +0.6% |   -1.277 |     -707.3 |      -61.8 |   3023 | rsp_data_o[0]
     736* |       5 |     359 |      146 |     30 |    21 |    +0.6% |   -1.277 |     -707.3 |      -61.8 |   3023 | rsp_data_o[0]
     737* |       5 |     359 |      146 |     30 |    21 |    +0.6% |   -1.277 |     -707.3 |      -61.8 |   3023 | rsp_data_o[0]
     738* |       5 |     359 |      146 |     30 |    21 |    +0.6% |   -1.277 |     -707.3 |      -61.8 |   3023 | rsp_data_o[0]
     739* |       5 |     359 |      146 |     30 |    21 |    +0.6% |   -1.277 |     -707.3 |      -61.8 |   3023 | rsp_data_o[0]
     740* |       5 |     359 |      146 |     30 |    21 |    +0.6% |   -1.277 |     -707.3 |      -61.8 |   3023 | rsp_data_o[0]
     741* |       5 |     360 |      146 |     30 |    21 |    +0.6% |   -1.277 |     -707.3 |      -38.5 |   3023 | rsp_data_o[0]
     742* |       5 |     360 |      146 |     30 |    21 |    +0.6% |   -1.277 |     -707.3 |      -38.5 |   3023 | rsp_data_o[0]
     743* |       5 |     360 |      146 |     30 |    21 |    +0.6% |   -1.277 |     -707.3 |      -38.5 |   3023 | rsp_data_o[0]
     744* |       5 |     360 |      146 |     30 |    21 |    +0.6% |   -1.277 |     -707.3 |      -38.5 |   3023 | rsp_data_o[0]
     745* |       5 |     360 |      146 |     30 |    21 |    +0.6% |   -1.277 |     -707.3 |      -38.5 |   3023 | rsp_data_o[0]
     746* |       5 |     360 |      146 |     30 |    21 |    +0.6% |   -1.277 |     -707.3 |      -38.5 |   3023 | rsp_data_o[0]
     747* |       5 |     360 |      146 |     30 |    21 |    +0.6% |   -1.277 |     -707.3 |      -38.5 |   3023 | rsp_data_o[0]
     748* |       5 |     360 |      146 |     30 |    21 |    +0.6% |   -1.277 |     -707.3 |      -38.5 |   3023 | rsp_data_o[0]
     749* |       5 |     360 |      146 |     30 |    21 |    +0.6% |   -1.277 |     -707.3 |      -38.5 |   3023 | rsp_data_o[0]
     750* |       5 |     360 |      146 |     30 |    21 |    +0.6% |   -1.277 |     -707.3 |      -38.5 |   3023 | rsp_data_o[0]
     750* |       5 |     360 |      146 |     30 |    21 |    +0.6% |   -1.277 |     -707.3 |      -38.5 |   3023 | rsp_data_o[0]
     751* |       5 |     360 |      146 |     30 |    21 |    +0.6% |   -1.277 |     -707.3 |      -38.5 |   3023 | rsp_data_o[0]
     752* |       5 |     360 |      146 |     30 |    21 |    +0.6% |   -1.277 |     -707.3 |      -38.5 |   3023 | rsp_data_o[0]
     753* |       5 |     360 |      146 |     30 |    21 |    +0.6% |   -1.277 |     -707.3 |      -38.5 |   3023 | rsp_data_o[0]
     754* |       5 |     360 |      146 |     30 |    21 |    +0.6% |   -1.277 |     -707.3 |      -38.5 |   3023 | rsp_data_o[0]
     755* |       5 |     360 |      146 |     30 |    21 |    +0.6% |   -1.277 |     -707.3 |      -38.5 |   3023 | rsp_data_o[0]
     756* |       5 |     360 |      146 |     30 |    21 |    +0.6% |   -1.277 |     -707.3 |      -38.5 |   3023 | rsp_data_o[0]
     757* |       5 |     360 |      146 |     30 |    21 |    +0.6% |   -1.277 |     -707.3 |      -38.5 |   3023 | rsp_data_o[0]
     758* |       5 |     360 |      146 |     30 |    21 |    +0.6% |   -1.277 |     -707.3 |      -38.5 |   3023 | rsp_data_o[0]
     759* |       5 |     360 |      146 |     30 |    21 |    +0.6% |   -1.277 |     -707.3 |      -38.5 |   3023 | rsp_data_o[0]
     760* |       5 |     360 |      146 |     30 |    21 |    +0.6% |   -1.277 |     -707.3 |      -38.5 |   3023 | rsp_data_o[0]
     760* |       5 |     360 |      146 |     30 |    21 |    +0.6% |   -1.277 |     -707.3 |      -38.5 |   3023 | rsp_data_o[0]
     761* |       5 |     360 |      146 |     30 |    21 |    +0.6% |   -1.277 |     -707.3 |      -38.5 |   3023 | rsp_data_o[0]
     762* |       5 |     360 |      146 |     30 |    21 |    +0.6% |   -1.277 |     -707.3 |      -38.5 |   3023 | rsp_data_o[0]
     763* |       5 |     360 |      146 |     30 |    21 |    +0.6% |   -1.277 |     -707.3 |      -38.5 |   3023 | rsp_data_o[0]
     764* |       5 |     360 |      146 |     30 |    21 |    +0.6% |   -1.277 |     -707.3 |      -38.5 |   3023 | rsp_data_o[0]
     765* |       5 |     360 |      146 |     30 |    21 |    +0.6% |   -1.277 |     -707.3 |      -38.5 |   3023 | rsp_data_o[0]
     766* |       5 |     360 |      146 |     30 |    21 |    +0.6% |   -1.277 |     -707.3 |      -38.5 |   3023 | rsp_data_o[0]
     767* |       5 |     360 |      146 |     30 |    21 |    +0.6% |   -1.277 |     -707.3 |      -38.5 |   3023 | rsp_data_o[0]
     768* |       5 |     360 |      146 |     30 |    21 |    +0.6% |   -1.277 |     -707.3 |      -38.5 |   3023 | rsp_data_o[0]
     769* |       5 |     360 |      146 |     30 |    21 |    +0.6% |   -1.277 |     -707.3 |      -38.5 |   3023 | rsp_data_o[0]
     770* |       5 |     360 |      146 |     30 |    21 |    +0.6% |   -1.277 |     -707.3 |      -38.5 |   3023 | rsp_data_o[0]
     770* |       5 |     360 |      146 |     30 |    21 |    +0.6% |   -1.277 |     -707.3 |      -38.5 |   3023 | rsp_data_o[0]
     771* |       5 |     360 |      146 |     30 |    21 |    +0.6% |   -1.277 |     -707.3 |      -38.5 |   3023 | rsp_data_o[0]
     772* |       5 |     360 |      146 |     30 |    21 |    +0.6% |   -1.277 |     -707.3 |      -38.5 |   3023 | rsp_data_o[0]
     773* |       5 |     360 |      146 |     30 |    21 |    +0.6% |   -1.277 |     -707.3 |      -38.5 |   3023 | rsp_data_o[0]
     774* |       5 |     360 |      146 |     30 |    21 |    +0.6% |   -1.277 |     -707.3 |      -38.5 |   3023 | rsp_data_o[0]
     775* |       5 |     360 |      146 |     30 |    21 |    +0.6% |   -1.277 |     -707.3 |      -38.5 |   3023 | rsp_data_o[0]
     776* |       5 |     360 |      146 |     30 |    21 |    +0.6% |   -1.277 |     -707.3 |      -38.5 |   3023 | rsp_data_o[0]
     777* |       5 |     360 |      146 |     30 |    21 |    +0.6% |   -1.277 |     -707.3 |      -38.5 |   3023 | rsp_data_o[0]
     778* |       5 |     360 |      146 |     30 |    21 |    +0.6% |   -1.277 |     -707.3 |      -38.5 |   3023 | rsp_data_o[0]
     779* |       5 |     360 |      146 |     30 |    21 |    +0.6% |   -1.277 |     -707.3 |      -38.5 |   3023 | rsp_data_o[0]
     780* |       5 |     360 |      146 |     30 |    21 |    +0.6% |   -1.277 |     -707.3 |      -38.5 |   3023 | rsp_data_o[0]
     780* |       5 |     360 |      146 |     30 |    21 |    +0.6% |   -1.277 |     -707.3 |      -38.5 |   3023 | rsp_data_o[0]
     781* |       5 |     360 |      146 |     30 |    21 |    +0.6% |   -1.277 |     -707.3 |      -38.5 |   3023 | rsp_data_o[0]
     782* |       5 |     360 |      146 |     30 |    21 |    +0.6% |   -1.277 |     -707.3 |      -38.5 |   3023 | rsp_data_o[0]
     783* |       5 |     360 |      146 |     30 |    21 |    +0.6% |   -1.277 |     -707.3 |      -38.5 |   3023 | rsp_data_o[0]
     784* |       5 |     360 |      146 |     30 |    21 |    +0.6% |   -1.277 |     -707.3 |      -38.5 |   3023 | rsp_data_o[0]
     785* |       5 |     360 |      146 |     30 |    21 |    +0.6% |   -1.277 |     -707.3 |      -38.5 |   3023 | rsp_data_o[0]
     786* |       5 |     360 |      146 |     30 |    21 |    +0.6% |   -1.277 |     -707.3 |      -38.5 |   3023 | rsp_data_o[0]
     787* |       5 |     360 |      146 |     30 |    21 |    +0.6% |   -1.277 |     -707.3 |      -38.5 |   3023 | rsp_data_o[0]
     788* |       5 |     360 |      146 |     30 |    21 |    +0.6% |   -1.277 |     -707.3 |      -38.5 |   3023 | rsp_data_o[0]
     789* |       5 |     360 |      146 |     30 |    21 |    +0.6% |   -1.277 |     -707.3 |      -38.5 |   3023 | rsp_data_o[0]
     790* |       5 |     360 |      146 |     30 |    21 |    +0.6% |   -1.277 |     -707.3 |      -38.5 |   3023 | rsp_data_o[0]
     790* |       5 |     360 |      146 |     30 |    21 |    +0.6% |   -1.277 |     -707.3 |      -38.5 |   3023 | rsp_data_o[0]
     791* |       5 |     360 |      146 |     30 |    21 |    +0.6% |   -1.277 |     -707.3 |      -38.5 |   3023 | rsp_data_o[0]
     792* |       5 |     360 |      146 |     30 |    21 |    +0.6% |   -1.277 |     -707.3 |      -38.5 |   3023 | rsp_data_o[0]
     793* |       5 |     360 |      146 |     30 |    21 |    +0.6% |   -1.277 |     -707.3 |      -38.5 |   3023 | rsp_data_o[0]
     794* |       5 |     360 |      146 |     30 |    21 |    +0.6% |   -1.277 |     -707.3 |      -38.5 |   3023 | rsp_data_o[0]
     795* |       5 |     360 |      146 |     30 |    21 |    +0.6% |   -1.277 |     -707.3 |      -38.5 |   3023 | rsp_data_o[0]
     796* |       5 |     360 |      146 |     30 |    21 |    +0.6% |   -1.277 |     -707.3 |      -38.5 |   3023 | rsp_data_o[0]
     797* |       5 |     360 |      146 |     30 |    21 |    +0.6% |   -1.277 |     -707.3 |      -38.5 |   3023 | rsp_data_o[0]
     798* |       5 |     360 |      146 |     30 |    21 |    +0.6% |   -1.277 |     -707.3 |      -38.5 |   3023 | rsp_data_o[0]
     799* |       5 |     360 |      146 |     30 |    21 |    +0.6% |   -1.277 |     -707.3 |      -38.5 |   3023 | rsp_data_o[0]
     800* |       5 |     360 |      146 |     30 |    21 |    +0.6% |   -1.277 |     -707.3 |      -38.5 |   3023 | rsp_data_o[0]
     800* |       5 |     360 |      146 |     30 |    21 |    +0.6% |   -1.277 |     -707.3 |      -38.5 |   3023 | rsp_data_o[0]
     801* |       5 |     360 |      146 |     30 |    21 |    +0.6% |   -1.277 |     -707.3 |      -38.5 |   3023 | rsp_data_o[0]
     802* |       5 |     360 |      146 |     30 |    21 |    +0.6% |   -1.277 |     -707.3 |      -38.5 |   3023 | rsp_data_o[0]
     803* |       5 |     360 |      146 |     30 |    21 |    +0.6% |   -1.277 |     -707.3 |      -38.5 |   3023 | rsp_data_o[0]
     804* |       5 |     360 |      146 |     30 |    21 |    +0.6% |   -1.277 |     -707.3 |      -38.5 |   3023 | rsp_data_o[0]
     805* |       5 |     360 |      146 |     30 |    21 |    +0.6% |   -1.277 |     -707.3 |      -38.5 |   3023 | rsp_data_o[0]
     806* |       5 |     360 |      146 |     30 |    21 |    +0.6% |   -1.277 |     -707.3 |      -38.5 |   3023 | rsp_data_o[0]
     807* |       5 |     360 |      146 |     30 |    21 |    +0.6% |   -1.277 |     -707.3 |      -38.5 |   3023 | rsp_data_o[0]
     808* |       5 |     360 |      146 |     30 |    21 |    +0.6% |   -1.277 |     -707.3 |      -38.5 |   3023 | rsp_data_o[0]
     809* |       5 |     360 |      146 |     30 |    21 |    +0.6% |   -1.277 |     -707.3 |      -38.5 |   3023 | rsp_data_o[0]
     810* |       5 |     360 |      146 |     30 |    21 |    +0.6% |   -1.277 |     -707.3 |      -38.5 |   3023 | rsp_data_o[0]
     810* |       5 |     360 |      146 |     30 |    21 |    +0.6% |   -1.277 |     -707.3 |      -38.5 |   3023 | rsp_data_o[0]
     811* |       5 |     360 |      146 |     30 |    21 |    +0.6% |   -1.277 |     -707.3 |      -38.5 |   3023 | rsp_data_o[0]
     812* |       5 |     360 |      146 |     30 |    21 |    +0.6% |   -1.277 |     -707.3 |      -38.5 |   3023 | rsp_data_o[0]
     813* |       5 |     360 |      146 |     30 |    21 |    +0.6% |   -1.277 |     -707.3 |      -38.5 |   3023 | rsp_data_o[0]
     814* |       5 |     360 |      146 |     30 |    21 |    +0.6% |   -1.277 |     -707.3 |      -38.5 |   3023 | rsp_data_o[0]
     815* |       5 |     360 |      146 |     30 |    21 |    +0.6% |   -1.277 |     -707.3 |      -38.5 |   3023 | rsp_data_o[0]
     816* |       5 |     360 |      146 |     30 |    21 |    +0.6% |   -1.277 |     -707.3 |      -38.5 |   3023 | rsp_data_o[0]
     817* |       5 |     360 |      146 |     30 |    21 |    +0.6% |   -1.277 |     -707.3 |      -38.5 |   3023 | rsp_data_o[0]
     818* |       5 |     360 |      146 |     30 |    21 |    +0.6% |   -1.277 |     -707.3 |      -38.5 |   3023 | rsp_data_o[0]
     819* |       5 |     360 |      146 |     30 |    21 |    +0.6% |   -1.277 |     -707.3 |      -38.5 |   3023 | rsp_data_o[0]
     820* |       5 |     360 |      146 |     30 |    21 |    +0.6% |   -1.277 |     -707.3 |      -38.5 |   3023 | rsp_data_o[0]
     820* |       5 |     360 |      146 |     30 |    21 |    +0.6% |   -1.277 |     -707.3 |      -38.5 |   3023 | rsp_data_o[0]
     821* |       5 |     360 |      146 |     30 |    21 |    +0.6% |   -1.277 |     -707.3 |      -38.5 |   3023 | rsp_data_o[0]
     822* |       5 |     360 |      146 |     30 |    21 |    +0.6% |   -1.277 |     -707.3 |      -38.5 |   3023 | rsp_data_o[0]
     823* |       5 |     360 |      146 |     30 |    21 |    +0.6% |   -1.277 |     -707.3 |      -38.5 |   3023 | rsp_data_o[0]
     824* |       5 |     360 |      146 |     30 |    21 |    +0.6% |   -1.277 |     -707.3 |      -38.5 |   3023 | rsp_data_o[0]
     825* |       5 |     360 |      146 |     30 |    21 |    +0.6% |   -1.277 |     -707.3 |      -38.5 |   3023 | rsp_data_o[0]
     826* |       5 |     360 |      146 |     30 |    21 |    +0.6% |   -1.277 |     -707.3 |      -38.5 |   3023 | rsp_data_o[0]
     827* |       5 |     360 |      146 |     30 |    21 |    +0.6% |   -1.277 |     -707.3 |      -38.5 |   3023 | rsp_data_o[0]
     828* |       5 |     360 |      146 |     30 |    21 |    +0.6% |   -1.277 |     -707.3 |      -38.5 |   3023 | rsp_data_o[0]
     829* |       5 |     360 |      146 |     30 |    21 |    +0.6% |   -1.277 |     -707.3 |      -38.5 |   3023 | rsp_data_o[0]
     830* |       5 |     360 |      146 |     30 |    21 |    +0.6% |   -1.277 |     -707.3 |      -38.5 |   3023 | rsp_data_o[0]
     830* |       5 |     360 |      146 |     30 |    21 |    +0.6% |   -1.277 |     -707.3 |      -38.5 |   3023 | rsp_data_o[0]
     831* |       5 |     360 |      146 |     30 |    21 |    +0.6% |   -1.277 |     -707.3 |      -38.5 |   3023 | rsp_data_o[0]
     832* |       5 |     360 |      146 |     30 |    21 |    +0.6% |   -1.277 |     -707.3 |      -38.5 |   3023 | rsp_data_o[0]
     833* |       5 |     360 |      146 |     30 |    21 |    +0.6% |   -1.277 |     -707.3 |      -38.5 |   3023 | rsp_data_o[0]
     834* |       5 |     360 |      146 |     30 |    21 |    +0.6% |   -1.277 |     -707.3 |      -38.5 |   3023 | rsp_data_o[0]
     835* |       5 |     360 |      146 |     30 |    21 |    +0.6% |   -1.277 |     -707.3 |      -38.5 |   3023 | rsp_data_o[0]
     836* |       5 |     360 |      146 |     30 |    21 |    +0.6% |   -1.277 |     -707.3 |      -38.5 |   3023 | rsp_data_o[0]
     837* |       5 |     360 |      146 |     30 |    21 |    +0.6% |   -1.277 |     -707.3 |      -38.5 |   3023 | rsp_data_o[0]
     838* |       5 |     360 |      146 |     30 |    21 |    +0.6% |   -1.277 |     -707.3 |      -38.5 |   3023 | rsp_data_o[0]
     839* |       5 |     360 |      146 |     30 |    21 |    +0.6% |   -1.277 |     -707.3 |      -38.5 |   3023 | rsp_data_o[0]
     840* |       5 |     360 |      146 |     30 |    21 |    +0.6% |   -1.277 |     -707.3 |      -38.5 |   3023 | rsp_data_o[0]
     840* |       5 |     360 |      146 |     30 |    21 |    +0.6% |   -1.277 |     -707.3 |      -38.5 |   3023 | rsp_data_o[0]
     841* |       5 |     360 |      146 |     30 |    21 |    +0.6% |   -1.277 |     -707.3 |      -38.5 |   3023 | rsp_data_o[0]
     842* |       5 |     360 |      146 |     30 |    21 |    +0.6% |   -1.277 |     -707.3 |      -38.5 |   3023 | rsp_data_o[0]
     843* |       5 |     360 |      146 |     30 |    21 |    +0.6% |   -1.277 |     -707.3 |      -38.5 |   3023 | rsp_data_o[0]
     844* |       5 |     360 |      146 |     30 |    21 |    +0.6% |   -1.277 |     -707.3 |      -38.5 |   3023 | rsp_data_o[0]
     845* |       5 |     360 |      146 |     30 |    21 |    +0.6% |   -1.277 |     -707.3 |      -38.5 |   3023 | rsp_data_o[0]
     846* |       5 |     360 |      146 |     30 |    21 |    +0.6% |   -1.277 |     -707.3 |      -38.5 |   3023 | rsp_data_o[0]
     847* |       5 |     360 |      146 |     30 |    21 |    +0.6% |   -1.277 |     -707.3 |      -38.5 |   3023 | rsp_data_o[0]
     848* |       5 |     360 |      146 |     30 |    21 |    +0.6% |   -1.277 |     -707.3 |      -38.5 |   3023 | rsp_data_o[0]
     849* |       5 |     360 |      146 |     30 |    21 |    +0.6% |   -1.277 |     -707.3 |      -38.5 |   3023 | rsp_data_o[0]
     850* |       5 |     360 |      146 |     30 |    21 |    +0.6% |   -1.277 |     -707.3 |      -38.5 |   3023 | rsp_data_o[0]
     850* |       5 |     360 |      146 |     30 |    21 |    +0.6% |   -1.277 |     -707.3 |      -38.5 |   3023 | rsp_data_o[0]
     851* |       5 |     360 |      146 |     30 |    21 |    +0.6% |   -1.277 |     -707.3 |      -38.5 |   3023 | rsp_data_o[0]
     852* |       5 |     360 |      146 |     30 |    21 |    +0.6% |   -1.277 |     -707.3 |      -38.5 |   3023 | rsp_data_o[0]
     853* |       5 |     360 |      146 |     30 |    21 |    +0.6% |   -1.277 |     -707.3 |      -38.5 |   3023 | rsp_data_o[0]
     854* |       5 |     360 |      146 |     30 |    21 |    +0.6% |   -1.277 |     -707.3 |      -38.5 |   3023 | rsp_data_o[0]
     855* |       5 |     360 |      146 |     30 |    21 |    +0.6% |   -1.277 |     -707.3 |      -38.5 |   3023 | rsp_data_o[0]
     856* |       5 |     360 |      146 |     30 |    21 |    +0.6% |   -1.277 |     -707.3 |      -38.5 |   3023 | rsp_data_o[0]
     857* |       5 |     360 |      146 |     30 |    21 |    +0.6% |   -1.277 |     -707.3 |      -38.5 |   3023 | rsp_data_o[0]
     858* |       5 |     360 |      146 |     30 |    21 |    +0.6% |   -1.277 |     -707.3 |      -38.5 |   3023 | rsp_data_o[0]
     859* |       5 |     360 |      146 |     30 |    21 |    +0.6% |   -1.277 |     -707.3 |      -38.5 |   3023 | rsp_data_o[0]
     860* |       5 |     360 |      146 |     30 |    21 |    +0.6% |   -1.277 |     -707.3 |      -38.5 |   3023 | rsp_data_o[0]
     860* |       5 |     360 |      146 |     30 |    21 |    +0.6% |   -1.277 |     -707.3 |      -38.5 |   3023 | rsp_data_o[0]
     861* |       5 |     360 |      146 |     30 |    21 |    +0.6% |   -1.277 |     -707.3 |      -38.5 |   3023 | rsp_data_o[0]
     862* |       5 |     360 |      146 |     30 |    21 |    +0.6% |   -1.277 |     -707.3 |      -38.5 |   3023 | rsp_data_o[0]
     863* |       5 |     360 |      146 |     30 |    21 |    +0.6% |   -1.277 |     -707.3 |      -38.5 |   3023 | rsp_data_o[0]
     864* |       5 |     360 |      146 |     30 |    21 |    +0.6% |   -1.277 |     -707.3 |      -38.5 |   3023 | rsp_data_o[0]
     865* |       5 |     360 |      146 |     30 |    21 |    +0.6% |   -1.277 |     -707.3 |      -38.5 |   3023 | rsp_data_o[0]
     866* |       5 |     360 |      146 |     30 |    21 |    +0.6% |   -1.277 |     -707.3 |      -38.5 |   3023 | rsp_data_o[0]
     867* |       5 |     360 |      146 |     30 |    21 |    +0.6% |   -1.277 |     -707.3 |      -38.5 |   3023 | rsp_data_o[0]
     868* |       5 |     360 |      146 |     30 |    21 |    +0.6% |   -1.277 |     -707.3 |      -38.5 |   3023 | rsp_data_o[0]
     869* |       5 |     360 |      146 |     30 |    21 |    +0.6% |   -1.277 |     -707.3 |      -38.5 |   3023 | rsp_data_o[0]
     870* |       5 |     360 |      146 |     30 |    21 |    +0.6% |   -1.277 |     -707.3 |      -38.5 |   3023 | rsp_data_o[0]
     870* |       5 |     360 |      146 |     30 |    21 |    +0.6% |   -1.277 |     -707.3 |      -38.5 |   3023 | rsp_data_o[0]
     871* |       5 |     360 |      146 |     30 |    21 |    +0.6% |   -1.277 |     -707.3 |      -38.5 |   3023 | rsp_data_o[0]
     872* |       5 |     360 |      146 |     30 |    21 |    +0.6% |   -1.277 |     -707.3 |      -38.5 |   3023 | rsp_data_o[0]
     873* |       5 |     360 |      146 |     30 |    21 |    +0.6% |   -1.277 |     -707.3 |      -38.5 |   3023 | rsp_data_o[0]
     874* |       5 |     360 |      146 |     30 |    21 |    +0.6% |   -1.277 |     -707.3 |      -38.5 |   3023 | rsp_data_o[0]
     875* |       5 |     360 |      146 |     30 |    21 |    +0.6% |   -1.277 |     -707.3 |      -38.5 |   3023 | rsp_data_o[0]
     876* |       5 |     360 |      146 |     30 |    21 |    +0.6% |   -1.277 |     -707.3 |      -38.5 |   3023 | rsp_data_o[0]
     877* |       5 |     360 |      146 |     30 |    21 |    +0.6% |   -1.277 |     -707.3 |      -38.5 |   3023 | rsp_data_o[0]
     878* |       5 |     360 |      146 |     30 |    21 |    +0.6% |   -1.277 |     -707.3 |      -38.5 |   3023 | rsp_data_o[0]
     879* |       5 |     360 |      146 |     30 |    21 |    +0.6% |   -1.277 |     -707.3 |      -38.5 |   3023 | rsp_data_o[0]
     880* |       5 |     360 |      146 |     30 |    21 |    +0.6% |   -1.277 |     -707.3 |      -38.5 |   3023 | rsp_data_o[0]
     880* |       5 |     360 |      146 |     30 |    21 |    +0.6% |   -1.277 |     -707.3 |      -38.5 |   3023 | rsp_data_o[0]
     881* |       5 |     360 |      146 |     30 |    21 |    +0.6% |   -1.277 |     -707.3 |      -38.5 |   3023 | rsp_data_o[0]
     882* |       5 |     360 |      146 |     30 |    21 |    +0.6% |   -1.277 |     -707.3 |      -38.5 |   3023 | rsp_data_o[0]
     883* |       5 |     360 |      146 |     30 |    21 |    +0.6% |   -1.277 |     -707.3 |      -38.5 |   3023 | rsp_data_o[0]
     884* |       5 |     360 |      146 |     30 |    21 |    +0.6% |   -1.277 |     -707.3 |      -38.5 |   3023 | rsp_data_o[0]
     885* |       5 |     360 |      146 |     30 |    21 |    +0.6% |   -1.277 |     -707.3 |      -38.5 |   3023 | rsp_data_o[0]
     886* |       5 |     360 |      146 |     30 |    21 |    +0.6% |   -1.277 |     -707.3 |      -38.5 |   3023 | rsp_data_o[0]
     887* |       5 |     360 |      146 |     30 |    21 |    +0.6% |   -1.277 |     -707.3 |      -38.5 |   3023 | rsp_data_o[0]
     888* |       5 |     360 |      146 |     30 |    21 |    +0.6% |   -1.277 |     -707.3 |      -38.5 |   3023 | rsp_data_o[0]
     889* |       5 |     360 |      146 |     30 |    21 |    +0.6% |   -1.277 |     -707.3 |      -38.5 |   3023 | rsp_data_o[0]
     890* |       5 |     360 |      146 |     30 |    21 |    +0.6% |   -1.277 |     -707.3 |      -38.5 |   3023 | rsp_data_o[0]
     890* |       5 |     360 |      146 |     30 |    21 |    +0.6% |   -1.277 |     -707.3 |      -38.5 |   3023 | rsp_data_o[0]
     891* |       5 |     360 |      146 |     30 |    21 |    +0.6% |   -1.277 |     -707.3 |      -38.5 |   3023 | rsp_data_o[0]
     892* |       5 |     360 |      146 |     30 |    21 |    +0.6% |   -1.277 |     -707.3 |      -38.5 |   3023 | rsp_data_o[0]
     893* |       5 |     360 |      146 |     30 |    21 |    +0.6% |   -1.277 |     -707.3 |      -38.5 |   3023 | rsp_data_o[0]
     894* |       5 |     360 |      146 |     30 |    21 |    +0.6% |   -1.277 |     -707.3 |      -38.5 |   3023 | rsp_data_o[0]
     895* |       5 |     360 |      146 |     30 |    21 |    +0.6% |   -1.277 |     -707.3 |      -38.5 |   3023 | rsp_data_o[0]
     896* |       5 |     360 |      146 |     30 |    21 |    +0.6% |   -1.277 |     -707.3 |      -38.5 |   3023 | rsp_data_o[0]
     897* |       5 |     360 |      146 |     30 |    21 |    +0.6% |   -1.277 |     -707.3 |      -38.5 |   3023 | rsp_data_o[0]
     898* |       5 |     360 |      146 |     30 |    21 |    +0.6% |   -1.277 |     -707.3 |      -38.5 |   3023 | rsp_data_o[0]
     899* |       5 |     360 |      146 |     30 |    21 |    +0.6% |   -1.277 |     -707.3 |      -38.5 |   3023 | rsp_data_o[0]
     900* |       5 |     360 |      146 |     30 |    21 |    +0.6% |   -1.277 |     -707.3 |      -38.5 |   3023 | rsp_data_o[0]
     900* |       5 |     360 |      146 |     30 |    21 |    +0.6% |   -1.277 |     -707.3 |      -38.5 |   3023 | rsp_data_o[0]
     901* |       5 |     360 |      146 |     30 |    21 |    +0.6% |   -1.277 |     -707.3 |      -38.5 |   3023 | rsp_data_o[0]
     902* |       5 |     360 |      146 |     30 |    21 |    +0.6% |   -1.277 |     -707.3 |      -38.5 |   3023 | rsp_data_o[0]
     903* |       5 |     360 |      146 |     30 |    21 |    +0.6% |   -1.277 |     -707.3 |      -38.5 |   3023 | rsp_data_o[0]
     904* |       5 |     360 |      146 |     30 |    21 |    +0.6% |   -1.277 |     -707.3 |      -38.5 |   3023 | rsp_data_o[0]
     905* |       5 |     360 |      146 |     30 |    21 |    +0.6% |   -1.277 |     -707.3 |      -38.5 |   3023 | rsp_data_o[0]
     906* |       5 |     360 |      146 |     30 |    21 |    +0.6% |   -1.277 |     -707.3 |      -38.5 |   3023 | rsp_data_o[0]
     907* |       5 |     360 |      146 |     30 |    21 |    +0.6% |   -1.277 |     -707.3 |      -38.5 |   3023 | rsp_data_o[0]
     908* |       5 |     360 |      146 |     30 |    21 |    +0.6% |   -1.277 |     -707.3 |      -38.5 |   3023 | rsp_data_o[0]
     909* |       5 |     360 |      146 |     30 |    21 |    +0.6% |   -1.277 |     -707.3 |      -38.5 |   3023 | rsp_data_o[0]
     910* |       5 |     360 |      146 |     30 |    21 |    +0.6% |   -1.277 |     -707.3 |      -38.5 |   3023 | rsp_data_o[0]
     910* |       5 |     360 |      146 |     30 |    21 |    +0.6% |   -1.277 |     -707.3 |      -38.5 |   3023 | rsp_data_o[0]
     911* |       5 |     360 |      146 |     30 |    21 |    +0.6% |   -1.277 |     -707.3 |      -38.5 |   3023 | rsp_data_o[0]
     912* |       5 |     360 |      146 |     30 |    21 |    +0.6% |   -1.277 |     -707.3 |      -38.5 |   3023 | rsp_data_o[0]
     913* |       5 |     360 |      146 |     30 |    21 |    +0.6% |   -1.277 |     -707.3 |      -38.5 |   3023 | rsp_data_o[0]
     914* |       5 |     360 |      146 |     30 |    21 |    +0.6% |   -1.277 |     -707.3 |      -38.5 |   3023 | rsp_data_o[0]
     915* |       5 |     360 |      146 |     30 |    21 |    +0.6% |   -1.277 |     -707.3 |      -38.5 |   3023 | rsp_data_o[0]
     916* |       5 |     360 |      146 |     30 |    21 |    +0.6% |   -1.277 |     -707.3 |      -38.5 |   3023 | rsp_data_o[0]
     917* |       5 |     360 |      146 |     30 |    21 |    +0.6% |   -1.277 |     -707.3 |      -38.5 |   3023 | rsp_data_o[0]
     918* |       5 |     360 |      146 |     30 |    21 |    +0.6% |   -1.277 |     -707.3 |      -38.5 |   3023 | rsp_data_o[0]
     919* |       5 |     360 |      146 |     30 |    21 |    +0.6% |   -1.277 |     -707.3 |      -38.5 |   3023 | rsp_data_o[0]
     920* |       5 |     360 |      146 |     30 |    21 |    +0.6% |   -1.277 |     -707.3 |      -38.5 |   3023 | rsp_data_o[0]
     920* |       5 |     360 |      146 |     30 |    21 |    +0.6% |   -1.277 |     -707.3 |      -38.5 |   3023 | rsp_data_o[0]
     921* |       5 |     360 |      146 |     30 |    21 |    +0.6% |   -1.277 |     -707.3 |      -38.5 |   3023 | rsp_data_o[0]
     922* |       5 |     360 |      146 |     30 |    21 |    +0.6% |   -1.277 |     -707.3 |      -38.5 |   3023 | rsp_data_o[0]
     923* |       5 |     360 |      146 |     30 |    21 |    +0.6% |   -1.277 |     -707.3 |      -38.5 |   3023 | rsp_data_o[0]
     924* |       5 |     360 |      146 |     30 |    21 |    +0.6% |   -1.277 |     -707.3 |      -38.5 |   3023 | rsp_data_o[0]
     925* |       5 |     360 |      146 |     30 |    21 |    +0.6% |   -1.277 |     -707.3 |      -38.5 |   3023 | rsp_data_o[0]
     926* |       5 |     360 |      146 |     30 |    21 |    +0.6% |   -1.277 |     -707.3 |      -38.5 |   3023 | rsp_data_o[0]
     927* |       5 |     360 |      146 |     30 |    21 |    +0.6% |   -1.277 |     -707.3 |      -38.5 |   3023 | rsp_data_o[0]
     928* |       5 |     360 |      146 |     30 |    21 |    +0.6% |   -1.277 |     -707.3 |      -38.5 |   3023 | rsp_data_o[0]
     929* |       5 |     360 |      146 |     30 |    21 |    +0.6% |   -1.277 |     -707.3 |      -38.5 |   3023 | rsp_data_o[0]
     930* |       5 |     360 |      146 |     30 |    21 |    +0.6% |   -1.277 |     -707.3 |      -38.5 |   3023 | rsp_data_o[0]
     930* |       5 |     360 |      146 |     30 |    21 |    +0.6% |   -1.277 |     -707.3 |      -38.5 |   3023 | rsp_data_o[0]
     931* |       5 |     360 |      146 |     30 |    21 |    +0.6% |   -1.277 |     -707.3 |      -38.5 |   3023 | rsp_data_o[0]
     932* |       5 |     360 |      146 |     30 |    21 |    +0.6% |   -1.277 |     -707.3 |      -38.5 |   3023 | rsp_data_o[0]
     933* |       5 |     360 |      146 |     30 |    21 |    +0.6% |   -1.277 |     -707.3 |      -38.5 |   3023 | rsp_data_o[0]
     934* |       5 |     360 |      146 |     30 |    21 |    +0.6% |   -1.277 |     -707.3 |      -38.5 |   3023 | rsp_data_o[0]
     935* |       5 |     360 |      146 |     30 |    21 |    +0.6% |   -1.277 |     -707.3 |      -38.5 |   3023 | rsp_data_o[0]
     936* |       5 |     360 |      146 |     30 |    21 |    +0.6% |   -1.277 |     -707.3 |      -38.5 |   3023 | rsp_data_o[0]
     937* |       5 |     360 |      146 |     30 |    21 |    +0.6% |   -1.277 |     -707.3 |      -38.5 |   3023 | rsp_data_o[0]
     938* |       5 |     360 |      146 |     30 |    21 |    +0.6% |   -1.277 |     -707.3 |      -38.5 |   3023 | rsp_data_o[0]
     939* |       5 |     360 |      146 |     30 |    21 |    +0.6% |   -1.277 |     -707.3 |      -38.5 |   3023 | rsp_data_o[0]
     940* |       5 |     360 |      146 |     30 |    21 |    +0.6% |   -1.277 |     -707.3 |      -38.5 |   3023 | rsp_data_o[0]
     940* |       5 |     360 |      146 |     30 |    21 |    +0.6% |   -1.277 |     -707.3 |      -38.5 |   3023 | rsp_data_o[0]
     941* |       5 |     360 |      146 |     30 |    21 |    +0.6% |   -1.277 |     -707.3 |      -38.5 |   3023 | rsp_data_o[0]
     942* |       5 |     360 |      146 |     30 |    21 |    +0.6% |   -1.277 |     -707.3 |      -38.5 |   3023 | rsp_data_o[0]
     943* |       5 |     360 |      146 |     30 |    21 |    +0.6% |   -1.277 |     -707.3 |      -38.5 |   3023 | rsp_data_o[0]
     944* |       5 |     360 |      146 |     30 |    21 |    +0.6% |   -1.277 |     -707.3 |      -38.5 |   3023 | rsp_data_o[0]
     945* |       5 |     360 |      146 |     30 |    21 |    +0.6% |   -1.277 |     -707.3 |      -38.5 |   3023 | rsp_data_o[0]
     946* |       5 |     360 |      146 |     30 |    21 |    +0.6% |   -1.277 |     -707.3 |      -38.5 |   3023 | rsp_data_o[0]
     947* |       5 |     360 |      146 |     30 |    21 |    +0.6% |   -1.277 |     -707.3 |      -38.5 |   3023 | rsp_data_o[0]
     948* |       5 |     360 |      146 |     30 |    21 |    +0.6% |   -1.277 |     -707.3 |      -38.5 |   3023 | rsp_data_o[0]
     949* |       5 |     360 |      146 |     30 |    21 |    +0.6% |   -1.277 |     -707.3 |      -38.5 |   3023 | rsp_data_o[0]
     950* |       5 |     360 |      146 |     30 |    21 |    +0.6% |   -1.277 |     -707.3 |      -38.5 |   3023 | rsp_data_o[0]
     950* |       5 |     360 |      146 |     30 |    21 |    +0.6% |   -1.277 |     -707.3 |      -38.5 |   3023 | rsp_data_o[0]
     951* |       5 |     360 |      146 |     30 |    21 |    +0.6% |   -1.277 |     -707.3 |      -38.5 |   3023 | rsp_data_o[0]
     952* |       5 |     360 |      146 |     30 |    21 |    +0.6% |   -1.277 |     -707.3 |      -38.5 |   3023 | rsp_data_o[0]
     953* |       5 |     360 |      146 |     30 |    21 |    +0.6% |   -1.277 |     -707.3 |      -38.5 |   3023 | rsp_data_o[0]
     954* |       5 |     360 |      146 |     30 |    21 |    +0.6% |   -1.277 |     -707.3 |      -38.5 |   3023 | rsp_data_o[0]
     955* |       5 |     360 |      146 |     30 |    21 |    +0.6% |   -1.277 |     -707.3 |      -38.5 |   3023 | rsp_data_o[0]
     956* |       5 |     360 |      146 |     30 |    21 |    +0.6% |   -1.277 |     -707.3 |      -38.5 |   3023 | rsp_data_o[0]
     957* |       5 |     360 |      146 |     30 |    21 |    +0.6% |   -1.277 |     -707.3 |      -38.5 |   3023 | rsp_data_o[0]
     958* |       5 |     360 |      146 |     30 |    21 |    +0.6% |   -1.277 |     -707.3 |      -38.5 |   3023 | rsp_data_o[0]
     959* |       5 |     360 |      146 |     30 |    21 |    +0.6% |   -1.277 |     -707.3 |      -38.5 |   3023 | rsp_data_o[0]
     960* |       5 |     360 |      146 |     30 |    21 |    +0.6% |   -1.277 |     -707.3 |      -38.5 |   3023 | rsp_data_o[0]
     960* |       5 |     360 |      146 |     30 |    21 |    +0.6% |   -1.277 |     -707.3 |      -38.5 |   3023 | rsp_data_o[0]
     961* |       5 |     360 |      146 |     30 |    21 |    +0.6% |   -1.277 |     -707.3 |      -38.5 |   3023 | rsp_data_o[0]
     962* |       5 |     360 |      146 |     30 |    21 |    +0.6% |   -1.277 |     -707.3 |      -38.5 |   3023 | rsp_data_o[0]
     963* |       5 |     360 |      146 |     30 |    21 |    +0.6% |   -1.277 |     -707.3 |      -38.5 |   3023 | rsp_data_o[0]
     964* |       5 |     360 |      146 |     30 |    21 |    +0.6% |   -1.277 |     -707.3 |      -38.5 |   3023 | rsp_data_o[0]
     965* |       5 |     360 |      146 |     30 |    21 |    +0.6% |   -1.277 |     -707.3 |      -38.5 |   3023 | rsp_data_o[0]
     966* |       5 |     360 |      146 |     30 |    21 |    +0.6% |   -1.277 |     -707.3 |      -38.5 |   3023 | rsp_data_o[0]
     967* |       5 |     360 |      146 |     30 |    21 |    +0.6% |   -1.277 |     -707.3 |      -38.5 |   3023 | rsp_data_o[0]
     968* |       5 |     360 |      146 |     30 |    21 |    +0.6% |   -1.277 |     -707.3 |      -38.5 |   3023 | rsp_data_o[0]
     969* |       5 |     360 |      146 |     30 |    21 |    +0.6% |   -1.277 |     -707.3 |      -38.5 |   3023 | rsp_data_o[0]
     970* |       5 |     360 |      146 |     30 |    21 |    +0.6% |   -1.277 |     -707.3 |      -38.5 |   3023 | rsp_data_o[0]
     970* |       5 |     360 |      146 |     30 |    21 |    +0.6% |   -1.277 |     -707.3 |      -38.5 |   3023 | rsp_data_o[0]
     971* |       5 |     360 |      146 |     30 |    21 |    +0.6% |   -1.277 |     -707.3 |      -38.5 |   3023 | rsp_data_o[0]
     972* |       5 |     360 |      146 |     30 |    21 |    +0.6% |   -1.277 |     -707.3 |      -38.5 |   3023 | rsp_data_o[0]
     973* |       5 |     360 |      146 |     30 |    21 |    +0.6% |   -1.277 |     -707.3 |      -38.5 |   3023 | rsp_data_o[0]
     974* |       5 |     360 |      146 |     30 |    21 |    +0.6% |   -1.277 |     -707.3 |      -38.5 |   3023 | rsp_data_o[0]
     975* |       5 |     360 |      146 |     30 |    21 |    +0.6% |   -1.277 |     -707.3 |      -38.5 |   3023 | rsp_data_o[0]
     976* |       5 |     360 |      146 |     30 |    21 |    +0.6% |   -1.277 |     -707.3 |      -38.5 |   3023 | rsp_data_o[0]
     977* |       5 |     360 |      146 |     30 |    21 |    +0.6% |   -1.277 |     -707.3 |      -38.5 |   3023 | rsp_data_o[0]
     978* |       5 |     360 |      146 |     30 |    21 |    +0.6% |   -1.277 |     -707.3 |      -38.5 |   3023 | rsp_data_o[0]
     979* |       5 |     360 |      146 |     30 |    21 |    +0.6% |   -1.277 |     -707.3 |      -38.5 |   3023 | rsp_data_o[0]
     980* |       5 |     360 |      146 |     30 |    21 |    +0.6% |   -1.277 |     -707.3 |      -38.5 |   3023 | rsp_data_o[0]
     980* |       5 |     360 |      146 |     30 |    21 |    +0.6% |   -1.277 |     -707.3 |      -38.5 |   3023 | rsp_data_o[0]
     981* |       5 |     360 |      146 |     30 |    21 |    +0.6% |   -1.277 |     -707.3 |      -38.5 |   3023 | rsp_data_o[0]
     982* |       5 |     360 |      146 |     30 |    21 |    +0.6% |   -1.277 |     -707.3 |      -38.5 |   3023 | rsp_data_o[0]
     983* |       5 |     360 |      146 |     30 |    21 |    +0.6% |   -1.277 |     -707.3 |      -38.5 |   3023 | rsp_data_o[0]
     984* |       5 |     360 |      146 |     30 |    21 |    +0.6% |   -1.277 |     -707.3 |      -38.5 |   3023 | rsp_data_o[0]
     985* |       5 |     360 |      146 |     30 |    21 |    +0.6% |   -1.277 |     -707.3 |      -38.5 |   3023 | rsp_data_o[0]
     986* |       5 |     360 |      146 |     30 |    21 |    +0.6% |   -1.277 |     -707.3 |      -38.5 |   3023 | rsp_data_o[0]
     987* |       5 |     360 |      146 |     30 |    21 |    +0.6% |   -1.277 |     -707.3 |      -38.5 |   3023 | rsp_data_o[0]
     988* |       5 |     360 |      146 |     30 |    21 |    +0.6% |   -1.277 |     -707.3 |      -38.5 |   3023 | rsp_data_o[0]
     989* |       5 |     360 |      146 |     30 |    21 |    +0.6% |   -1.277 |     -707.3 |      -38.5 |   3023 | rsp_data_o[0]
     990* |       5 |     360 |      146 |     30 |    21 |    +0.6% |   -1.277 |     -707.3 |      -38.5 |   3023 | rsp_data_o[0]
     990* |       5 |     360 |      146 |     30 |    21 |    +0.6% |   -1.277 |     -707.3 |      -38.5 |   3023 | rsp_data_o[0]
     991* |       5 |     360 |      146 |     30 |    21 |    +0.6% |   -1.277 |     -707.3 |      -38.5 |   3023 | rsp_data_o[0]
     992* |       5 |     360 |      146 |     30 |    21 |    +0.6% |   -1.277 |     -707.3 |      -38.5 |   3023 | rsp_data_o[0]
     993* |       5 |     360 |      146 |     30 |    21 |    +0.6% |   -1.277 |     -707.3 |      -38.5 |   3023 | rsp_data_o[0]
     994* |       5 |     360 |      146 |     30 |    21 |    +0.6% |   -1.277 |     -707.3 |      -38.5 |   3023 | rsp_data_o[0]
     995* |       5 |     360 |      146 |     30 |    21 |    +0.6% |   -1.277 |     -707.3 |      -38.5 |   3023 | rsp_data_o[0]
     996* |       5 |     360 |      146 |     30 |    21 |    +0.6% |   -1.277 |     -707.3 |      -38.5 |   3023 | rsp_data_o[0]
     997* |       5 |     360 |      146 |     30 |    21 |    +0.6% |   -1.277 |     -707.3 |      -38.5 |   3023 | rsp_data_o[0]
     998* |       5 |     360 |      146 |     30 |    21 |    +0.6% |   -1.277 |     -707.3 |      -38.5 |   3023 | rsp_data_o[0]
     999* |       5 |     360 |      146 |     30 |    21 |    +0.6% |   -1.277 |     -707.3 |      -38.5 |   3023 | rsp_data_o[0]
    1000* |       5 |     360 |      146 |     30 |    21 |    +0.6% |   -1.277 |     -707.3 |      -38.5 |   3023 | rsp_data_o[0]
    1000* |       5 |     360 |      146 |     30 |    21 |    +0.6% |   -1.277 |     -707.3 |      -38.5 |   3023 | rsp_data_o[0]
    1001* |       5 |     360 |      146 |     30 |    21 |    +0.6% |   -1.277 |     -707.3 |      -38.5 |   3023 | rsp_data_o[0]
    1002* |       5 |     360 |      146 |     30 |    21 |    +0.6% |   -1.277 |     -707.3 |      -38.5 |   3023 | rsp_data_o[0]
    1003* |       5 |     360 |      146 |     30 |    21 |    +0.6% |   -1.277 |     -707.3 |      -38.5 |   3023 | rsp_data_o[0]
    1004* |       5 |     360 |      146 |     30 |    21 |    +0.6% |   -1.277 |     -707.3 |      -38.5 |   3023 | rsp_data_o[0]
    1005* |       5 |     360 |      146 |     30 |    21 |    +0.6% |   -1.277 |     -707.3 |      -38.5 |   3023 | rsp_data_o[0]
    1006* |       5 |     360 |      146 |     30 |    21 |    +0.6% |   -1.277 |     -707.3 |      -38.5 |   3023 | rsp_data_o[0]
    1007* |       5 |     360 |      146 |     30 |    21 |    +0.6% |   -1.277 |     -707.3 |      -38.5 |   3023 | rsp_data_o[0]
    1008* |       5 |     360 |      146 |     30 |    21 |    +0.6% |   -1.277 |     -707.3 |      -38.5 |   3023 | rsp_data_o[0]
    1009* |       5 |     360 |      146 |     30 |    21 |    +0.6% |   -1.277 |     -707.3 |      -38.5 |   3023 | rsp_data_o[0]
    1010* |       5 |     360 |      146 |     30 |    21 |    +0.6% |   -1.277 |     -707.3 |      -38.5 |   3023 | rsp_data_o[0]
    1010* |       5 |     360 |      146 |     30 |    21 |    +0.6% |   -1.277 |     -707.3 |      -38.5 |   3023 | rsp_data_o[0]
    1011* |       5 |     360 |      146 |     30 |    21 |    +0.6% |   -1.277 |     -707.3 |      -38.5 |   3023 | rsp_data_o[0]
    1012* |       5 |     360 |      146 |     30 |    21 |    +0.6% |   -1.277 |     -707.3 |      -38.5 |   3023 | rsp_data_o[0]
    1013* |       5 |     360 |      146 |     30 |    21 |    +0.6% |   -1.277 |     -707.3 |      -38.5 |   3023 | rsp_data_o[0]
    1014* |       5 |     360 |      146 |     30 |    21 |    +0.6% |   -1.277 |     -707.3 |      -38.5 |   3023 | rsp_data_o[0]
    1015* |       5 |     360 |      146 |     30 |    21 |    +0.6% |   -1.277 |     -707.3 |      -38.5 |   3023 | rsp_data_o[0]
    1016* |       5 |     360 |      146 |     30 |    21 |    +0.6% |   -1.277 |     -707.3 |      -38.5 |   3023 | rsp_data_o[0]
    1017* |       5 |     360 |      146 |     30 |    21 |    +0.6% |   -1.277 |     -707.3 |      -38.5 |   3023 | rsp_data_o[0]
    1018* |       5 |     360 |      146 |     30 |    21 |    +0.6% |   -1.277 |     -707.3 |      -38.5 |   3023 | rsp_data_o[0]
    1019* |       5 |     360 |      146 |     30 |    21 |    +0.6% |   -1.277 |     -707.3 |      -38.5 |   3023 | rsp_data_o[0]
    1020* |       5 |     360 |      146 |     30 |    21 |    +0.6% |   -1.277 |     -707.3 |      -38.5 |   3023 | rsp_data_o[0]
    1020* |       5 |     360 |      146 |     30 |    21 |    +0.6% |   -1.277 |     -707.3 |      -38.5 |   3023 | rsp_data_o[0]
    1021* |       5 |     360 |      146 |     30 |    21 |    +0.6% |   -1.277 |     -707.3 |      -38.5 |   3023 | rsp_data_o[0]
    1022* |       5 |     360 |      146 |     30 |    21 |    +0.6% |   -1.277 |     -707.3 |      -38.5 |   3023 | rsp_data_o[0]
    1023* |       5 |     360 |      146 |     30 |    21 |    +0.6% |   -1.277 |     -707.3 |      -38.5 |   3023 | rsp_data_o[0]
    1024* |       5 |     360 |      146 |     30 |    21 |    +0.6% |   -1.277 |     -707.3 |      -38.5 |   3023 | rsp_data_o[0]
    1025* |       5 |     360 |      146 |     30 |    21 |    +0.6% |   -1.277 |     -707.3 |      -38.5 |   3023 | rsp_data_o[0]
    1026* |       5 |     360 |      146 |     30 |    21 |    +0.6% |   -1.277 |     -707.3 |      -38.5 |   3023 | rsp_data_o[0]
    1027* |       5 |     360 |      146 |     30 |    21 |    +0.6% |   -1.277 |     -707.3 |      -38.5 |   3023 | rsp_data_o[0]
    1028* |       5 |     360 |      146 |     30 |    21 |    +0.6% |   -1.277 |     -707.3 |      -38.5 |   3023 | rsp_data_o[0]
    1029* |       5 |     360 |      146 |     30 |    21 |    +0.6% |   -1.277 |     -707.3 |      -38.5 |   3023 | rsp_data_o[0]
    1030* |       5 |     360 |      146 |     30 |    21 |    +0.6% |   -1.277 |     -707.3 |      -38.5 |   3023 | rsp_data_o[0]
    1030* |       5 |     360 |      146 |     30 |    21 |    +0.6% |   -1.277 |     -707.3 |      -38.5 |   3023 | rsp_data_o[0]
    1031* |       5 |     360 |      146 |     30 |    21 |    +0.6% |   -1.277 |     -707.3 |      -38.5 |   3023 | rsp_data_o[0]
    1032* |       5 |     360 |      146 |     30 |    21 |    +0.6% |   -1.277 |     -707.3 |      -38.5 |   3023 | rsp_data_o[0]
    1033* |       5 |     360 |      146 |     30 |    21 |    +0.6% |   -1.277 |     -707.3 |      -38.5 |   3023 | rsp_data_o[0]
    1034* |       5 |     360 |      146 |     30 |    21 |    +0.6% |   -1.277 |     -707.3 |      -38.5 |   3023 | rsp_data_o[0]
    1035* |       5 |     360 |      146 |     30 |    21 |    +0.6% |   -1.277 |     -707.3 |      -38.5 |   3023 | rsp_data_o[0]
    1036* |       5 |     360 |      146 |     30 |    21 |    +0.6% |   -1.277 |     -707.3 |      -38.5 |   3023 | rsp_data_o[0]
    1037* |       5 |     360 |      146 |     30 |    21 |    +0.6% |   -1.277 |     -707.3 |      -38.5 |   3023 | rsp_data_o[0]
    1038* |       5 |     360 |      146 |     30 |    21 |    +0.6% |   -1.277 |     -707.3 |      -38.5 |   3023 | rsp_data_o[0]
    1039* |       5 |     360 |      146 |     30 |    21 |    +0.6% |   -1.277 |     -707.3 |      -38.5 |   3023 | rsp_data_o[0]
    1040* |       5 |     360 |      146 |     30 |    21 |    +0.6% |   -1.277 |     -707.3 |      -38.5 |   3023 | rsp_data_o[0]
    1040* |       5 |     360 |      146 |     30 |    21 |    +0.6% |   -1.277 |     -707.3 |      -38.5 |   3023 | rsp_data_o[0]
    1041* |       5 |     360 |      146 |     30 |    21 |    +0.6% |   -1.277 |     -707.3 |      -38.5 |   3023 | rsp_data_o[0]
    1042* |       5 |     360 |      146 |     30 |    21 |    +0.6% |   -1.277 |     -707.3 |      -38.5 |   3023 | rsp_data_o[0]
    1043* |       5 |     360 |      146 |     30 |    21 |    +0.6% |   -1.277 |     -707.3 |      -38.5 |   3023 | rsp_data_o[0]
    1044* |       5 |     360 |      146 |     30 |    21 |    +0.6% |   -1.277 |     -707.3 |      -38.5 |   3023 | rsp_data_o[0]
    1045* |       5 |     360 |      146 |     30 |    21 |    +0.6% |   -1.277 |     -707.3 |      -38.5 |   3023 | rsp_data_o[0]
    1046* |       5 |     360 |      146 |     30 |    21 |    +0.6% |   -1.277 |     -707.3 |      -38.5 |   3023 | rsp_data_o[0]
    1047* |       5 |     360 |      146 |     30 |    21 |    +0.6% |   -1.277 |     -707.3 |      -38.5 |   3023 | rsp_data_o[0]
    1048* |       5 |     360 |      146 |     30 |    21 |    +0.6% |   -1.277 |     -707.3 |      -38.5 |   3023 | rsp_data_o[0]
    1049* |       5 |     360 |      146 |     30 |    21 |    +0.6% |   -1.277 |     -707.3 |      -38.5 |   3023 | rsp_data_o[0]
    1050* |       5 |     360 |      146 |     30 |    21 |    +0.6% |   -1.277 |     -707.3 |      -38.5 |   3023 | rsp_data_o[0]
    1050* |       5 |     360 |      146 |     30 |    21 |    +0.6% |   -1.277 |     -707.3 |      -38.5 |   3023 | rsp_data_o[0]
    1051* |       5 |     360 |      146 |     30 |    21 |    +0.6% |   -1.277 |     -707.3 |      -38.5 |   3023 | rsp_data_o[0]
    1052* |       5 |     360 |      146 |     30 |    21 |    +0.6% |   -1.277 |     -707.3 |      -38.5 |   3023 | rsp_data_o[0]
    1053* |       5 |     360 |      146 |     30 |    21 |    +0.6% |   -1.277 |     -707.3 |      -38.5 |   3023 | rsp_data_o[0]
    1054* |       5 |     360 |      146 |     30 |    21 |    +0.6% |   -1.277 |     -707.3 |      -38.5 |   3023 | rsp_data_o[0]
    1055* |       5 |     360 |      146 |     30 |    21 |    +0.6% |   -1.277 |     -707.3 |      -38.5 |   3023 | rsp_data_o[0]
    1056* |       5 |     360 |      146 |     30 |    21 |    +0.6% |   -1.277 |     -707.3 |      -38.5 |   3023 | rsp_data_o[0]
    1057* |       5 |     360 |      146 |     30 |    21 |    +0.6% |   -1.277 |     -707.3 |      -38.5 |   3023 | rsp_data_o[0]
    1058* |       5 |     360 |      146 |     30 |    21 |    +0.6% |   -1.277 |     -707.3 |      -38.5 |   3023 | rsp_data_o[0]
    1059* |       5 |     360 |      146 |     30 |    21 |    +0.6% |   -1.277 |     -707.3 |      -38.5 |   3023 | rsp_data_o[0]
    1060* |       5 |     360 |      146 |     30 |    21 |    +0.6% |   -1.277 |     -707.3 |      -38.5 |   3023 | rsp_data_o[0]
    1060* |       5 |     360 |      146 |     30 |    21 |    +0.6% |   -1.277 |     -707.3 |      -38.5 |   3023 | rsp_data_o[0]
    1061* |       5 |     360 |      146 |     30 |    21 |    +0.6% |   -1.277 |     -707.3 |      -38.5 |   3023 | rsp_data_o[0]
    1062* |       5 |     360 |      146 |     30 |    21 |    +0.6% |   -1.277 |     -707.3 |      -38.5 |   3023 | rsp_data_o[0]
    1063* |       5 |     360 |      146 |     30 |    21 |    +0.6% |   -1.277 |     -707.3 |      -38.5 |   3023 | rsp_data_o[0]
    1064* |       5 |     360 |      146 |     30 |    21 |    +0.6% |   -1.277 |     -707.3 |      -38.5 |   3023 | rsp_data_o[0]
    1065* |       5 |     360 |      146 |     30 |    21 |    +0.6% |   -1.277 |     -707.3 |      -38.5 |   3023 | rsp_data_o[0]
    1066* |       5 |     360 |      146 |     30 |    21 |    +0.6% |   -1.277 |     -707.3 |      -38.5 |   3023 | rsp_data_o[0]
    1067* |       5 |     360 |      146 |     30 |    21 |    +0.6% |   -1.277 |     -707.3 |      -38.5 |   3023 | rsp_data_o[0]
    1068* |       5 |     360 |      146 |     30 |    21 |    +0.6% |   -1.277 |     -707.3 |      -38.5 |   3023 | rsp_data_o[0]
    1069* |       5 |     360 |      146 |     30 |    21 |    +0.6% |   -1.277 |     -707.3 |      -38.5 |   3023 | rsp_data_o[0]
    1070* |       5 |     360 |      146 |     30 |    21 |    +0.6% |   -1.277 |     -707.3 |      -38.5 |   3023 | rsp_data_o[0]
    1070* |       5 |     360 |      146 |     30 |    21 |    +0.6% |   -1.277 |     -707.3 |      -38.5 |   3023 | rsp_data_o[0]
    1071* |       5 |     360 |      146 |     30 |    21 |    +0.6% |   -1.277 |     -707.3 |      -38.5 |   3023 | rsp_data_o[0]
    1072* |       5 |     360 |      146 |     30 |    21 |    +0.6% |   -1.277 |     -707.3 |      -38.5 |   3023 | rsp_data_o[0]
    1073* |       5 |     360 |      146 |     30 |    21 |    +0.6% |   -1.277 |     -707.3 |      -38.5 |   3023 | rsp_data_o[0]
    1074* |       5 |     360 |      146 |     30 |    21 |    +0.6% |   -1.277 |     -707.3 |      -38.5 |   3023 | rsp_data_o[0]
    1075* |       5 |     360 |      146 |     30 |    21 |    +0.6% |   -1.277 |     -707.3 |      -38.5 |   3023 | rsp_data_o[0]
    1076* |       5 |     360 |      146 |     30 |    21 |    +0.6% |   -1.277 |     -707.3 |      -38.5 |   3023 | rsp_data_o[0]
    1077* |       5 |     360 |      146 |     30 |    21 |    +0.6% |   -1.277 |     -707.3 |      -38.5 |   3023 | rsp_data_o[0]
    1078* |       5 |     360 |      146 |     30 |    21 |    +0.6% |   -1.277 |     -707.3 |      -38.5 |   3023 | rsp_data_o[0]
    1079* |       5 |     360 |      146 |     30 |    21 |    +0.6% |   -1.277 |     -707.3 |      -38.5 |   3023 | rsp_data_o[0]
    1080* |       5 |     360 |      146 |     30 |    21 |    +0.6% |   -1.277 |     -707.3 |      -38.5 |   3023 | rsp_data_o[0]
    1080* |       5 |     360 |      146 |     30 |    21 |    +0.6% |   -1.277 |     -707.3 |      -38.5 |   3023 | rsp_data_o[0]
    1081* |       5 |     360 |      146 |     30 |    21 |    +0.6% |   -1.277 |     -707.3 |      -38.5 |   3023 | rsp_data_o[0]
    1082* |       5 |     360 |      146 |     30 |    21 |    +0.6% |   -1.277 |     -707.3 |      -38.5 |   3023 | rsp_data_o[0]
    1083* |       5 |     360 |      146 |     30 |    21 |    +0.6% |   -1.277 |     -707.3 |      -38.5 |   3023 | rsp_data_o[0]
    1084* |       5 |     360 |      146 |     30 |    21 |    +0.6% |   -1.277 |     -707.3 |      -38.5 |   3023 | rsp_data_o[0]
    1085* |       5 |     360 |      146 |     30 |    21 |    +0.6% |   -1.277 |     -707.3 |      -38.5 |   3023 | rsp_data_o[0]
    1086* |       5 |     360 |      146 |     30 |    21 |    +0.6% |   -1.277 |     -707.3 |      -38.5 |   3023 | rsp_data_o[0]
    1087* |       5 |     360 |      146 |     30 |    21 |    +0.6% |   -1.277 |     -707.3 |      -38.5 |   3023 | rsp_data_o[0]
    1088* |       5 |     360 |      146 |     30 |    21 |    +0.6% |   -1.277 |     -707.3 |      -38.5 |   3023 | rsp_data_o[0]
    1089* |       5 |     360 |      146 |     30 |    21 |    +0.6% |   -1.277 |     -707.3 |      -38.5 |   3023 | rsp_data_o[0]
    1090* |       5 |     360 |      146 |     30 |    21 |    +0.6% |   -1.277 |     -707.3 |      -38.5 |   3023 | rsp_data_o[0]
    1090* |       5 |     360 |      146 |     30 |    21 |    +0.6% |   -1.277 |     -707.3 |      -38.5 |   3023 | rsp_data_o[0]
    1091* |       5 |     360 |      146 |     30 |    21 |    +0.6% |   -1.277 |     -707.3 |      -38.5 |   3023 | rsp_data_o[0]
    1092* |       5 |     360 |      146 |     30 |    21 |    +0.6% |   -1.277 |     -707.3 |      -38.5 |   3023 | rsp_data_o[0]
    1093* |       5 |     360 |      146 |     30 |    21 |    +0.6% |   -1.277 |     -707.3 |      -38.5 |   3023 | rsp_data_o[0]
    1094* |       5 |     360 |      146 |     30 |    21 |    +0.6% |   -1.277 |     -707.3 |      -38.5 |   3023 | rsp_data_o[0]
    1095* |       5 |     360 |      146 |     30 |    21 |    +0.6% |   -1.277 |     -707.3 |      -38.5 |   3023 | rsp_data_o[0]
    1096* |       5 |     360 |      146 |     30 |    21 |    +0.6% |   -1.277 |     -707.3 |      -38.5 |   3023 | rsp_data_o[0]
    1097* |       5 |     360 |      146 |     30 |    21 |    +0.6% |   -1.277 |     -707.3 |      -38.5 |   3023 | rsp_data_o[0]
    1098* |       5 |     360 |      146 |     30 |    21 |    +0.6% |   -1.277 |     -707.3 |      -38.5 |   3023 | rsp_data_o[0]
    1099* |       5 |     360 |      146 |     30 |    21 |    +0.6% |   -1.277 |     -707.3 |      -38.5 |   3023 | rsp_data_o[0]
    1100* |       5 |     360 |      146 |     30 |    21 |    +0.6% |   -1.277 |     -707.3 |      -38.5 |   3023 | rsp_data_o[0]
    1100* |       5 |     360 |      146 |     30 |    21 |    +0.6% |   -1.277 |     -707.3 |      -38.5 |   3023 | rsp_data_o[0]
    1101* |       5 |     360 |      146 |     30 |    21 |    +0.6% |   -1.277 |     -707.3 |      -38.5 |   3023 | rsp_data_o[0]
    1102* |       5 |     360 |      146 |     30 |    21 |    +0.6% |   -1.277 |     -707.3 |      -38.5 |   3023 | rsp_data_o[0]
    1103* |       5 |     360 |      146 |     30 |    21 |    +0.6% |   -1.277 |     -707.3 |      -38.5 |   3023 | rsp_data_o[0]
    1104* |       5 |     360 |      146 |     30 |    21 |    +0.6% |   -1.277 |     -707.3 |      -38.5 |   3023 | rsp_data_o[0]
    1105* |       5 |     360 |      146 |     30 |    21 |    +0.6% |   -1.277 |     -707.3 |      -38.5 |   3023 | rsp_data_o[0]
    1106* |       5 |     360 |      146 |     30 |    21 |    +0.6% |   -1.277 |     -707.3 |      -38.5 |   3023 | rsp_data_o[0]
    1107* |       5 |     360 |      146 |     30 |    21 |    +0.6% |   -1.277 |     -707.3 |      -38.5 |   3023 | rsp_data_o[0]
    1108* |       5 |     360 |      146 |     30 |    21 |    +0.6% |   -1.277 |     -707.3 |      -38.5 |   3023 | rsp_data_o[0]
    1109* |       5 |     360 |      146 |     30 |    21 |    +0.6% |   -1.277 |     -707.3 |      -38.5 |   3023 | rsp_data_o[0]
    1110* |       5 |     360 |      146 |     30 |    21 |    +0.6% |   -1.277 |     -707.3 |      -38.5 |   3023 | rsp_data_o[0]
    1110* |       5 |     360 |      146 |     30 |    21 |    +0.6% |   -1.277 |     -707.3 |      -38.5 |   3023 | rsp_data_o[0]
    1111* |       5 |     360 |      146 |     30 |    21 |    +0.6% |   -1.277 |     -707.3 |      -38.5 |   3023 | rsp_data_o[0]
    1112* |       5 |     360 |      146 |     30 |    21 |    +0.6% |   -1.277 |     -707.3 |      -38.5 |   3023 | rsp_data_o[0]
    1113* |       5 |     360 |      146 |     30 |    21 |    +0.6% |   -1.277 |     -707.3 |      -38.5 |   3023 | rsp_data_o[0]
    1114* |       5 |     360 |      146 |     30 |    21 |    +0.6% |   -1.277 |     -707.3 |      -38.5 |   3023 | rsp_data_o[0]
    1115* |       5 |     360 |      146 |     30 |    21 |    +0.6% |   -1.277 |     -707.3 |      -38.5 |   3023 | rsp_data_o[0]
    1116* |       5 |     360 |      146 |     30 |    21 |    +0.6% |   -1.277 |     -707.3 |      -38.5 |   3023 | rsp_data_o[0]
    1117* |       5 |     360 |      146 |     30 |    21 |    +0.6% |   -1.277 |     -707.3 |      -38.5 |   3023 | rsp_data_o[0]
    1118* |       5 |     360 |      146 |     30 |    21 |    +0.6% |   -1.277 |     -707.3 |      -38.5 |   3023 | rsp_data_o[0]
    1119* |       5 |     360 |      146 |     30 |    21 |    +0.6% |   -1.277 |     -707.3 |      -38.5 |   3023 | rsp_data_o[0]
    1120* |       5 |     360 |      146 |     30 |    21 |    +0.6% |   -1.277 |     -707.3 |      -38.5 |   3023 | rsp_data_o[0]
    1120* |       5 |     360 |      146 |     30 |    21 |    +0.6% |   -1.277 |     -707.3 |      -38.5 |   3023 | rsp_data_o[0]
    1121* |       5 |     360 |      146 |     30 |    21 |    +0.6% |   -1.277 |     -707.3 |      -38.5 |   3023 | rsp_data_o[0]
    1122* |       5 |     360 |      146 |     30 |    21 |    +0.6% |   -1.277 |     -707.3 |      -38.5 |   3023 | rsp_data_o[0]
    1123* |       5 |     360 |      146 |     30 |    21 |    +0.6% |   -1.277 |     -707.3 |      -38.5 |   3023 | rsp_data_o[0]
    1124* |       5 |     360 |      146 |     30 |    21 |    +0.6% |   -1.277 |     -707.3 |      -38.5 |   3023 | rsp_data_o[0]
    1125* |       5 |     360 |      146 |     30 |    21 |    +0.6% |   -1.277 |     -707.3 |      -38.5 |   3023 | rsp_data_o[0]
    1126* |       5 |     360 |      146 |     30 |    21 |    +0.6% |   -1.277 |     -707.3 |      -38.5 |   3023 | rsp_data_o[0]
    1127* |       5 |     360 |      146 |     30 |    21 |    +0.6% |   -1.277 |     -707.3 |      -38.5 |   3023 | rsp_data_o[0]
    1128* |       5 |     360 |      146 |     30 |    21 |    +0.6% |   -1.277 |     -707.3 |      -38.5 |   3023 | rsp_data_o[0]
    1129* |       5 |     360 |      146 |     30 |    21 |    +0.6% |   -1.277 |     -707.3 |      -38.5 |   3023 | rsp_data_o[0]
    1130* |       5 |     360 |      146 |     30 |    21 |    +0.6% |   -1.277 |     -707.3 |      -38.5 |   3023 | rsp_data_o[0]
    1130* |       5 |     360 |      146 |     30 |    21 |    +0.6% |   -1.277 |     -707.3 |      -38.5 |   3023 | rsp_data_o[0]
    1131* |       5 |     360 |      146 |     30 |    21 |    +0.6% |   -1.277 |     -707.3 |      -38.5 |   3023 | rsp_data_o[0]
    1132* |       5 |     360 |      146 |     30 |    21 |    +0.6% |   -1.277 |     -707.3 |      -38.5 |   3023 | rsp_data_o[0]
    1133* |       5 |     360 |      146 |     30 |    21 |    +0.6% |   -1.277 |     -707.3 |      -38.5 |   3023 | rsp_data_o[0]
    1134* |       5 |     360 |      146 |     30 |    21 |    +0.6% |   -1.277 |     -707.3 |      -38.5 |   3023 | rsp_data_o[0]
    1135* |       5 |     360 |      146 |     30 |    21 |    +0.6% |   -1.277 |     -707.3 |      -38.5 |   3023 | rsp_data_o[0]
    1136* |       5 |     360 |      146 |     30 |    21 |    +0.6% |   -1.277 |     -707.3 |      -38.5 |   3023 | rsp_data_o[0]
    1137* |       5 |     360 |      146 |     30 |    21 |    +0.6% |   -1.277 |     -707.3 |      -38.5 |   3023 | rsp_data_o[0]
    1138* |       5 |     360 |      146 |     30 |    21 |    +0.6% |   -1.277 |     -707.3 |      -38.5 |   3023 | rsp_data_o[0]
    1139* |       5 |     360 |      146 |     30 |    21 |    +0.6% |   -1.277 |     -707.3 |      -38.5 |   3023 | rsp_data_o[0]
    1140* |       5 |     360 |      146 |     30 |    21 |    +0.6% |   -1.277 |     -707.3 |      -38.5 |   3023 | rsp_data_o[0]
    1140* |       5 |     360 |      146 |     30 |    21 |    +0.6% |   -1.277 |     -707.3 |      -38.5 |   3023 | rsp_data_o[0]
    1141* |       5 |     360 |      146 |     30 |    21 |    +0.6% |   -1.277 |     -707.3 |      -38.5 |   3023 | rsp_data_o[0]
    1142* |       5 |     360 |      146 |     30 |    21 |    +0.6% |   -1.277 |     -707.3 |      -38.5 |   3023 | rsp_data_o[0]
    1143* |       5 |     360 |      146 |     30 |    21 |    +0.6% |   -1.277 |     -707.3 |      -38.5 |   3023 | rsp_data_o[0]
    1144* |       5 |     360 |      146 |     30 |    21 |    +0.6% |   -1.277 |     -707.3 |      -38.5 |   3023 | rsp_data_o[0]
    1145* |       5 |     360 |      146 |     30 |    21 |    +0.6% |   -1.277 |     -707.3 |      -38.5 |   3023 | rsp_data_o[0]
    1146* |       5 |     360 |      146 |     30 |    21 |    +0.6% |   -1.277 |     -707.3 |      -38.5 |   3023 | rsp_data_o[0]
    1147* |       5 |     360 |      146 |     30 |    21 |    +0.6% |   -1.277 |     -707.3 |      -38.5 |   3023 | rsp_data_o[0]
    1148* |       5 |     360 |      146 |     30 |    21 |    +0.6% |   -1.277 |     -707.3 |      -38.5 |   3023 | rsp_data_o[0]
    1149* |       5 |     360 |      146 |     30 |    21 |    +0.6% |   -1.277 |     -707.3 |      -38.5 |   3023 | rsp_data_o[0]
    1150* |       5 |     360 |      146 |     30 |    21 |    +0.6% |   -1.277 |     -707.3 |      -38.5 |   3023 | rsp_data_o[0]
    1150* |       5 |     360 |      146 |     30 |    21 |    +0.6% |   -1.277 |     -707.3 |      -38.5 |   3023 | rsp_data_o[0]
    1151* |       5 |     360 |      146 |     30 |    21 |    +0.6% |   -1.277 |     -707.3 |      -38.5 |   3023 | rsp_data_o[0]
    1152* |       5 |     360 |      146 |     30 |    21 |    +0.6% |   -1.277 |     -707.3 |      -38.5 |   3023 | rsp_data_o[0]
    1153* |       5 |     360 |      146 |     30 |    21 |    +0.6% |   -1.277 |     -707.3 |      -38.5 |   3023 | rsp_data_o[0]
    1154* |       5 |     360 |      146 |     30 |    21 |    +0.6% |   -1.277 |     -707.3 |      -38.5 |   3023 | rsp_data_o[0]
    1155* |       5 |     360 |      146 |     30 |    21 |    +0.6% |   -1.277 |     -707.3 |      -38.5 |   3023 | rsp_data_o[0]
    1156* |       5 |     360 |      146 |     30 |    21 |    +0.6% |   -1.277 |     -707.3 |      -38.5 |   3023 | rsp_data_o[0]
    1157* |       5 |     360 |      146 |     30 |    21 |    +0.6% |   -1.277 |     -707.3 |      -38.5 |   3023 | rsp_data_o[0]
    1158* |       5 |     360 |      146 |     30 |    21 |    +0.6% |   -1.277 |     -707.3 |      -38.5 |   3023 | rsp_data_o[0]
    1159* |       5 |     360 |      146 |     30 |    21 |    +0.6% |   -1.277 |     -707.3 |      -38.5 |   3023 | rsp_data_o[0]
    1160* |       5 |     360 |      146 |     30 |    21 |    +0.6% |   -1.277 |     -707.3 |      -38.5 |   3023 | rsp_data_o[0]
    1160* |       5 |     360 |      146 |     30 |    21 |    +0.6% |   -1.277 |     -707.3 |      -38.5 |   3023 | rsp_data_o[0]
    1161* |       5 |     360 |      146 |     30 |    21 |    +0.6% |   -1.277 |     -707.3 |      -38.5 |   3023 | rsp_data_o[0]
    1162* |       5 |     360 |      146 |     30 |    21 |    +0.6% |   -1.277 |     -707.3 |      -38.5 |   3023 | rsp_data_o[0]
    1163* |       5 |     360 |      146 |     30 |    21 |    +0.6% |   -1.277 |     -707.3 |      -38.5 |   3023 | rsp_data_o[0]
    1164* |       5 |     360 |      146 |     30 |    21 |    +0.6% |   -1.277 |     -707.3 |      -38.5 |   3023 | rsp_data_o[0]
    1165* |       5 |     360 |      146 |     30 |    21 |    +0.6% |   -1.277 |     -707.3 |      -38.5 |   3023 | rsp_data_o[0]
    1166* |       5 |     360 |      146 |     30 |    21 |    +0.6% |   -1.277 |     -707.3 |      -38.5 |   3023 | rsp_data_o[0]
    1167* |       5 |     360 |      146 |     30 |    21 |    +0.6% |   -1.277 |     -707.3 |      -38.5 |   3023 | rsp_data_o[0]
    1168* |       5 |     360 |      146 |     30 |    21 |    +0.6% |   -1.277 |     -707.3 |      -38.5 |   3023 | rsp_data_o[0]
    1169* |       5 |     360 |      146 |     30 |    21 |    +0.6% |   -1.277 |     -707.3 |      -38.5 |   3023 | rsp_data_o[0]
    1170* |       5 |     360 |      146 |     30 |    21 |    +0.6% |   -1.277 |     -707.3 |      -38.5 |   3023 | rsp_data_o[0]
    1170* |       5 |     360 |      146 |     30 |    21 |    +0.6% |   -1.277 |     -707.3 |      -38.5 |   3023 | rsp_data_o[0]
    1171* |       5 |     360 |      146 |     30 |    21 |    +0.6% |   -1.277 |     -707.3 |      -38.5 |   3023 | rsp_data_o[0]
    1172* |       5 |     360 |      146 |     30 |    21 |    +0.6% |   -1.277 |     -707.3 |      -38.5 |   3023 | rsp_data_o[0]
    1173* |       5 |     360 |      146 |     30 |    21 |    +0.6% |   -1.277 |     -707.3 |      -38.5 |   3023 | rsp_data_o[0]
    1174* |       5 |     360 |      146 |     30 |    21 |    +0.6% |   -1.277 |     -707.3 |      -38.5 |   3023 | rsp_data_o[0]
    1175* |       5 |     360 |      146 |     30 |    21 |    +0.6% |   -1.277 |     -707.3 |      -38.5 |   3023 | rsp_data_o[0]
    1176* |       5 |     360 |      146 |     30 |    21 |    +0.6% |   -1.277 |     -707.3 |      -38.5 |   3023 | rsp_data_o[0]
    1177* |       5 |     360 |      146 |     30 |    21 |    +0.6% |   -1.277 |     -707.3 |      -38.5 |   3023 | rsp_data_o[0]
    1178* |       5 |     360 |      146 |     30 |    21 |    +0.6% |   -1.277 |     -707.3 |      -38.5 |   3023 | rsp_data_o[0]
    1179* |       5 |     360 |      146 |     30 |    21 |    +0.6% |   -1.277 |     -707.3 |      -38.5 |   3023 | rsp_data_o[0]
    1180* |       5 |     360 |      146 |     30 |    21 |    +0.6% |   -1.277 |     -707.3 |      -38.5 |   3023 | rsp_data_o[0]
    1180* |       5 |     360 |      146 |     30 |    21 |    +0.6% |   -1.277 |     -707.3 |      -38.5 |   3023 | rsp_data_o[0]
    1181* |       5 |     360 |      146 |     30 |    21 |    +0.6% |   -1.277 |     -707.3 |      -38.5 |   3023 | rsp_data_o[0]
    1182* |       5 |     360 |      146 |     30 |    21 |    +0.6% |   -1.277 |     -707.3 |      -38.5 |   3023 | rsp_data_o[0]
    1183* |       5 |     360 |      146 |     30 |    21 |    +0.6% |   -1.277 |     -707.3 |      -38.5 |   3023 | rsp_data_o[0]
    1184* |       5 |     360 |      146 |     30 |    21 |    +0.6% |   -1.277 |     -707.3 |      -38.5 |   3023 | rsp_data_o[0]
    1185* |       5 |     360 |      146 |     30 |    21 |    +0.6% |   -1.277 |     -707.3 |      -38.5 |   3023 | rsp_data_o[0]
    1186* |       5 |     360 |      146 |     30 |    21 |    +0.6% |   -1.277 |     -707.3 |      -38.5 |   3023 | rsp_data_o[0]
    1187* |       5 |     360 |      146 |     30 |    21 |    +0.6% |   -1.277 |     -707.3 |      -38.5 |   3023 | rsp_data_o[0]
    1188* |       5 |     360 |      146 |     30 |    21 |    +0.6% |   -1.277 |     -707.3 |      -38.5 |   3023 | rsp_data_o[0]
    1189* |       5 |     360 |      146 |     30 |    21 |    +0.6% |   -1.277 |     -707.3 |      -38.5 |   3023 | rsp_data_o[0]
    1190* |       5 |     360 |      146 |     30 |    21 |    +0.6% |   -1.277 |     -707.3 |      -38.5 |   3023 | rsp_data_o[0]
    1190* |       5 |     360 |      146 |     30 |    21 |    +0.6% |   -1.277 |     -707.3 |      -38.5 |   3023 | rsp_data_o[0]
    1191* |       5 |     360 |      146 |     30 |    21 |    +0.6% |   -1.277 |     -707.3 |      -38.5 |   3023 | rsp_data_o[0]
    1192* |       5 |     360 |      146 |     30 |    21 |    +0.6% |   -1.277 |     -707.3 |      -38.5 |   3023 | rsp_data_o[0]
    1193* |       5 |     360 |      146 |     30 |    21 |    +0.6% |   -1.277 |     -707.3 |      -38.5 |   3023 | rsp_data_o[0]
    1194* |       5 |     360 |      146 |     30 |    21 |    +0.6% |   -1.277 |     -707.3 |      -38.5 |   3023 | rsp_data_o[0]
    1195* |       5 |     360 |      146 |     30 |    21 |    +0.6% |   -1.277 |     -707.3 |      -38.5 |   3023 | rsp_data_o[0]
    1196* |       5 |     360 |      146 |     30 |    21 |    +0.6% |   -1.277 |     -707.3 |      -38.5 |   3023 | rsp_data_o[0]
    1197* |       5 |     360 |      146 |     30 |    21 |    +0.6% |   -1.277 |     -707.3 |      -38.5 |   3023 | rsp_data_o[0]
    1198* |       5 |     360 |      146 |     30 |    21 |    +0.6% |   -1.277 |     -707.3 |      -38.5 |   3023 | rsp_data_o[0]
    1199* |       5 |     360 |      146 |     30 |    21 |    +0.6% |   -1.277 |     -707.3 |      -38.5 |   3023 | rsp_data_o[0]
    1200* |       5 |     360 |      146 |     30 |    21 |    +0.6% |   -1.277 |     -707.3 |      -38.5 |   3023 | rsp_data_o[0]
    1200* |       5 |     360 |      146 |     30 |    21 |    +0.6% |   -1.277 |     -707.3 |      -38.5 |   3023 | rsp_data_o[0]
    1200* |       5 |     360 |      146 |     30 |    21 |    +0.6% |   -1.277 |     -707.3 |      -38.5 |   3023 | rsp_data_o[0]
    1200+ |       5 |     360 |      146 |     30 |    21 |    +0.6% |   -1.277 |     -707.3 |      -38.5 |     33 | rsp_data_o[0]
    1201+ |       5 |     360 |      146 |     30 |    21 |    +0.6% |   -1.277 |     -707.3 |      -38.5 |     33 | rsp_data_o[0]
    1202+ |       5 |     360 |      146 |     30 |    21 |    +0.6% |   -1.277 |     -707.3 |      -38.5 |     33 | rsp_data_o[0]
    1206+ |       5 |     363 |      146 |     30 |    21 |    +0.6% |   -1.277 |     -702.4 |      -38.2 |     33 | rsp_data_o[0]
    1207+ |       5 |     363 |      146 |     30 |    21 |    +0.6% |   -1.277 |     -702.4 |      -38.2 |     33 | rsp_data_o[0]
    1208+ |       5 |     363 |      146 |     30 |    21 |    +0.6% |   -1.277 |     -702.4 |      -38.2 |     33 | rsp_data_o[0]
    1209+ |       5 |     363 |      146 |     30 |    21 |    +0.6% |   -1.277 |     -702.4 |      -38.2 |     33 | rsp_data_o[0]
    1210+ |       5 |     363 |      146 |     30 |    21 |    +0.6% |   -1.277 |     -702.4 |      -38.2 |     33 | rsp_data_o[0]
    1210+ |       5 |     363 |      146 |     30 |    21 |    +0.6% |   -1.277 |     -702.4 |      -38.2 |     33 | rsp_data_o[0]
    1211+ |       5 |     363 |      146 |     30 |    21 |    +0.6% |   -1.277 |     -702.4 |      -38.2 |     33 | rsp_data_o[0]
    1219+ |       5 |     370 |      146 |     30 |    21 |    +0.6% |   -1.277 |     -698.8 |      -38.2 |     33 | rsp_data_o[0]
    1220+ |       5 |     370 |      146 |     30 |    21 |    +0.6% |   -1.277 |     -698.8 |      -38.2 |     33 | rsp_data_o[0]
    1220+ |       5 |     370 |      146 |     30 |    21 |    +0.6% |   -1.277 |     -698.8 |      -38.2 |     33 | rsp_data_o[0]
    1221+ |       5 |     370 |      146 |     30 |    21 |    +0.6% |   -1.277 |     -698.8 |      -38.2 |     33 | rsp_data_o[0]
    1222+ |       5 |     370 |      146 |     30 |    21 |    +0.6% |   -1.277 |     -698.8 |      -38.2 |     33 | rsp_data_o[0]
    1223+ |       5 |     370 |      146 |     30 |    21 |    +0.6% |   -1.277 |     -698.8 |      -38.2 |     33 | rsp_data_o[0]
    1226+ |       5 |     372 |      146 |     30 |    21 |    +0.6% |   -1.277 |     -698.8 |      -38.1 |     33 | rsp_data_o[0]
    1229+ |       5 |     374 |      146 |     30 |    21 |    +0.6% |   -1.277 |     -698.8 |      -37.9 |     33 | rsp_data_o[0]
    1230+ |       5 |     374 |      146 |     30 |    21 |    +0.6% |   -1.277 |     -698.8 |      -37.9 |     33 | rsp_data_o[0]
    1230+ |       5 |     374 |      146 |     30 |    21 |    +0.6% |   -1.277 |     -698.8 |      -37.9 |     33 | rsp_data_o[0]
    1231+ |       5 |     374 |      146 |     30 |    21 |    +0.6% |   -1.277 |     -698.8 |      -37.9 |     33 | rsp_data_o[0]
    1232+ |       5 |     374 |      146 |     30 |    21 |    +0.6% |   -1.277 |     -698.8 |      -37.9 |     33 | rsp_data_o[0]
    1233+ |       5 |     374 |      146 |     30 |    21 |    +0.6% |   -1.277 |     -698.8 |      -37.9 |     33 | rsp_data_o[0]
    1234+ |       5 |     374 |      146 |     30 |    21 |    +0.6% |   -1.277 |     -698.8 |      -37.9 |     33 | rsp_data_o[0]
    1235+ |       5 |     374 |      146 |     30 |    21 |    +0.6% |   -1.277 |     -698.8 |      -37.9 |     33 | rsp_data_o[0]
    1236+ |       5 |     374 |      146 |     30 |    21 |    +0.6% |   -1.277 |     -698.8 |      -37.9 |     33 | rsp_data_o[0]
    1237+ |       5 |     374 |      146 |     30 |    21 |    +0.6% |   -1.277 |     -698.8 |      -37.9 |     33 | rsp_data_o[0]
    1238+ |       5 |     374 |      146 |     30 |    21 |    +0.6% |   -1.277 |     -698.8 |      -37.9 |     33 | rsp_data_o[0]
    1239+ |       5 |     374 |      146 |     30 |    21 |    +0.6% |   -1.277 |     -698.8 |      -37.9 |     33 | rsp_data_o[0]
    1240+ |       5 |     374 |      146 |     30 |    21 |    +0.6% |   -1.277 |     -698.8 |      -37.9 |     33 | rsp_data_o[0]
    1240+ |       5 |     374 |      146 |     30 |    21 |    +0.6% |   -1.277 |     -698.8 |      -37.9 |     33 | rsp_data_o[0]
    1241+ |       5 |     374 |      146 |     30 |    21 |    +0.6% |   -1.277 |     -698.8 |      -37.9 |     33 | rsp_data_o[0]
    1242+ |       5 |     374 |      146 |     30 |    21 |    +0.6% |   -1.277 |     -698.8 |      -37.9 |     33 | rsp_data_o[0]
    1243+ |       5 |     374 |      146 |     30 |    21 |    +0.6% |   -1.277 |     -698.8 |      -37.9 |     33 | rsp_data_o[0]
    1244+ |       5 |     374 |      146 |     30 |    21 |    +0.6% |   -1.277 |     -698.8 |      -37.9 |     33 | rsp_data_o[0]
    1245+ |       5 |     374 |      146 |     30 |    21 |    +0.6% |   -1.277 |     -698.8 |      -37.9 |     33 | rsp_data_o[0]
    1246+ |       5 |     374 |      146 |     30 |    21 |    +0.6% |   -1.277 |     -698.8 |      -37.9 |     33 | rsp_data_o[0]
    1247+ |       5 |     374 |      146 |     30 |    21 |    +0.6% |   -1.277 |     -698.8 |      -37.9 |     33 | rsp_data_o[0]
    final |       5 |     374 |      146 |     30 |    21 |    +0.6% |   -1.277 |     -698.8 |      -37.9 |     33 | rsp_data_o[0]
------------------------------------------------------------------------------------------------------------------------------
[INFO RSZ-0059] Removed 5 buffers.
[INFO RSZ-0045] Inserted 146 buffers, 1 to split loads.
[INFO RSZ-0051] Resized 374 instances: 374 up, 0 up match, 0 down, 0 VT
[INFO RSZ-0043] Swapped pins on 21 instances.
[INFO RSZ-0049] Cloned 30 instances.
[WARNING RSZ-0062] Unable to repair all setup violations.
[INFO RSZ-0505] Runtime: 57.42s
[INFO RSZ-0033] No hold violations found.
[INFO RSZ-0506] Runtime: 0.15s
Took 58 seconds: repair_timing -setup_margin 0 -hold_margin 0 -repair_tns 100 -match_cell_footprint -verbose
detailed_placement
[INFO DPL-0006] Core area: 4492322.24 um^2
[INFO DPL-0007] Movable instances area: 522168.30 um^2
[INFO DPL-0008] Fixed instances area within core: 74754.20 um^2
[INFO DPL-0009] Utilization: 13.3%
[INFO DPL-0005] Diamond search max displacement: +/- 500 sites horizontally, +/- 100 rows vertically.
[INFO DPL-1102] Legalizing using negotiation legalizer.
[INFO DPL-1103] Negotiation base search window: +/-20 sites horizontally, +/-5 rows vertically 
	Automatic search window extension enabled.
	Search window extendable up to the max displacement cap of +/-500 sites, +/-100 rows near walls.
[INFO DPL-1104] NegotiationLegalizer DRC penalty: 5.
[INFO DPL-0392] Negotiation cell height distribution (1 unique row-count(s)):
[INFO DPL-0393]   height 1 row(s): 85604 cells
          |      Total |  Illegal |  Illegal
Iteration | Violations |    Cells |    Sites
---------------------------------------------
        0 |         26 |         4 |        22
        1 |          0 |         0 |         0
Negotiation phase 1 converged at iteration 1.
[INFO DPL-0500] Runtime: 0.43s
Placement Analysis
---------------------------------
total displacement       1503.5 u
average displacement        0.0 u
max displacement           22.4 u
original HPWL         1092523.8 u
legalized HPWL        1093529.6 u
delta HPWL                    0 %

Report metrics stage 4, cts final...

==========================================================================
cts final report_design_area
--------------------------------------------------------------------------
Design area 596923 um^2 13% utilization.
write_db ./results/sky130hd/d_ca01_nonblocking_dcache/base/4_1_cts.odb
write_sdc -no_timestamp ./results/sky130hd/d_ca01_nonblocking_dcache/base/4_cts.sdc
Elapsed time: 1:23.32[h:]min:sec. CPU time: user 244.36 sys 66.92 (373%). Peak memory: 696520KB.
Log                       Ext     Elapsed/s Peak Memory/MB sha1sum result [0:20)
4_1_cts                   .odb           83            680 677ae89b336e78ce7cac
cp ./results/sky130hd/d_ca01_nonblocking_dcache/base/4_1_cts.odb ./results/sky130hd/d_ca01_nonblocking_dcache/base/4_cts.odb
/OpenROAD-flow-scripts/flow/scripts/flow.sh 5_1_grt global_route
Running global_route.tcl, stage 5_1_grt
read_liberty /OpenROAD-flow-scripts/flow/platforms/sky130hd/lib/sky130_fd_sc_hd__tt_025C_1v80.lib
read_db ./results/sky130hd/d_ca01_nonblocking_dcache/base/4_cts.odb
read_sdc ./results/sky130hd/d_ca01_nonblocking_dcache/base/4_cts.sdc
source /OpenROAD-flow-scripts/flow/platforms/sky130hd/setRC.tcl
pin_access
[INFO DRT-0149] Reading tech and libs.
[WARNING DRT-0349] LEF58_ENCLOSURE with no CUTCLASS is not supported. Skipping for layer mcon
[WARNING DRT-0349] LEF58_ENCLOSURE with no CUTCLASS is not supported. Skipping for layer mcon
[WARNING DRT-0349] LEF58_ENCLOSURE with no CUTCLASS is not supported. Skipping for layer via
[WARNING DRT-0349] LEF58_ENCLOSURE with no CUTCLASS is not supported. Skipping for layer via
[WARNING DRT-0349] LEF58_ENCLOSURE with no CUTCLASS is not supported. Skipping for layer via2
[WARNING DRT-0349] LEF58_ENCLOSURE with no CUTCLASS is not supported. Skipping for layer via2
[WARNING DRT-0349] LEF58_ENCLOSURE with no CUTCLASS is not supported. Skipping for layer via3
[WARNING DRT-0349] LEF58_ENCLOSURE with no CUTCLASS is not supported. Skipping for layer via3
[WARNING DRT-0349] LEF58_ENCLOSURE with no CUTCLASS is not supported. Skipping for layer via4
[WARNING DRT-0349] LEF58_ENCLOSURE with no CUTCLASS is not supported. Skipping for layer via4

Units:                1000
Number of layers:     13
Number of macros:     441
Number of vias:       29
Number of viarulegen: 25

[INFO DRT-0150] Reading design.
[WARNING DRT-0120] Large net net6634 has 107 pins which may impact routing performance. Consider optimization.
[WARNING DRT-0120] Large net net5798 has 177 pins which may impact routing performance. Consider optimization.
[WARNING DRT-0120] Large net net5796 has 133 pins which may impact routing performance. Consider optimization.
[WARNING DRT-0120] Large net net5793 has 217 pins which may impact routing performance. Consider optimization.
[WARNING DRT-0120] Large net net5792 has 210 pins which may impact routing performance. Consider optimization.
[WARNING DRT-0120] Large net net5790 has 213 pins which may impact routing performance. Consider optimization.
[WARNING DRT-0120] Large net net5784 has 212 pins which may impact routing performance. Consider optimization.
[WARNING DRT-0120] Large net net5782 has 185 pins which may impact routing performance. Consider optimization.
[WARNING DRT-0120] Large net net5753 has 204 pins which may impact routing performance. Consider optimization.
[WARNING DRT-0120] Large net net5751 has 105 pins which may impact routing performance. Consider optimization.
[WARNING DRT-0120] Large net net5747 has 119 pins which may impact routing performance. Consider optimization.
[WARNING DRT-0120] Large net net5746 has 139 pins which may impact routing performance. Consider optimization.
[WARNING DRT-0120] Large net net5851 has 129 pins which may impact routing performance. Consider optimization.
[WARNING DRT-0120] Large net net5743 has 105 pins which may impact routing performance. Consider optimization.
[WARNING DRT-0120] Large net net5735 has 178 pins which may impact routing performance. Consider optimization.
[WARNING DRT-0120] Large net net5675 has 223 pins which may impact routing performance. Consider optimization.
[WARNING DRT-0120] Large net net5674 has 147 pins which may impact routing performance. Consider optimization.
[WARNING DRT-0120] Large net _07992_ has 140 pins which may impact routing performance. Consider optimization.
[WARNING DRT-0120] Large net net5671 has 179 pins which may impact routing performance. Consider optimization.
[WARNING DRT-0120] Large net net5670 has 165 pins which may impact routing performance. Consider optimization.
[WARNING DRT-0120] Large net net5668 has 157 pins which may impact routing performance. Consider optimization.
[WARNING DRT-0120] Large net net5667 has 101 pins which may impact routing performance. Consider optimization.
[WARNING DRT-0120] Large net net5666 has 177 pins which may impact routing performance. Consider optimization.
[WARNING DRT-0120] Large net net5625 has 224 pins which may impact routing performance. Consider optimization.
[WARNING DRT-0120] Large net net5623 has 105 pins which may impact routing performance. Consider optimization.
[WARNING DRT-0120] Large net net5622 has 114 pins which may impact routing performance. Consider optimization.
[WARNING DRT-0120] Large net net5620 has 136 pins which may impact routing performance. Consider optimization.
[WARNING DRT-0120] Large net net5617 has 167 pins which may impact routing performance. Consider optimization.
[WARNING DRT-0120] Large net net5615 has 121 pins which may impact routing performance. Consider optimization.
[WARNING DRT-0120] Large net net5606 has 171 pins which may impact routing performance. Consider optimization.
[WARNING DRT-0120] Large net net5607 has 165 pins which may impact routing performance. Consider optimization.
[WARNING DRT-0120] Large net net5657 has 110 pins which may impact routing performance. Consider optimization.
[WARNING DRT-0120] Large net net5663 has 135 pins which may impact routing performance. Consider optimization.
[WARNING DRT-0120] Large net net5738 has 158 pins which may impact routing performance. Consider optimization.
[WARNING DRT-0120] Large net net6029 has 131 pins which may impact routing performance. Consider optimization.

Design:                   nonblocking_dcache
Die area:                 ( 0 0 ) ( 2122755 2122755 )
Number of track patterns: 12
Number of DEF vias:       0
Number of components:     85604
Number of terminals:      220
Number of snets:          2
Number of nets:           25006

[INFO DRT-0167] List of default vias:
  Layer via
    default via: M1M2_PR
  Layer via2
    default via: M2M3_PR
  Layer via3
    default via: M3M4_PR
  Layer via4
    default via: M4M5_PR
[INFO DRT-0162] Library cell analysis.
[INFO DRT-0163] Instance analysis.
[INFO DRT-0164] Number of unique instances = 285.
[INFO DRT-0168] Init region query.
[INFO DRT-0024]   Complete FR_MASTERSLICE.
[INFO DRT-0024]   Complete Fr_VIA.
[INFO DRT-0024]   Complete li1.
[INFO DRT-0024]   Complete mcon.
[INFO DRT-0024]   Complete met1.
[INFO DRT-0024]   Complete via.
[INFO DRT-0024]   Complete met2.
[INFO DRT-0024]   Complete via2.
[INFO DRT-0024]   Complete met3.
[INFO DRT-0024]   Complete via3.
[INFO DRT-0024]   Complete met4.
[INFO DRT-0024]   Complete via4.
[INFO DRT-0024]   Complete met5.
[INFO DRT-0033] FR_MASTERSLICE shape region query size = 0.
[INFO DRT-0033] FR_VIA shape region query size = 0.
[INFO DRT-0033] li1 shape region query size = 1585470.
[INFO DRT-0033] mcon shape region query size = 1093830.
[INFO DRT-0033] met1 shape region query size = 438920.
[INFO DRT-0033] via shape region query size = 304200.
[INFO DRT-0033] met2 shape region query size = 182551.
[INFO DRT-0033] via2 shape region query size = 243360.
[INFO DRT-0033] met3 shape region query size = 182707.
[INFO DRT-0033] via3 shape region query size = 243360.
[INFO DRT-0033] met4 shape region query size = 73086.
[INFO DRT-0033] via4 shape region query size = 12090.
[INFO DRT-0033] met5 shape region query size = 12400.
[INFO DRT-0165] Start pin access.
[INFO DRT-0076]   Complete 1000 pins.
[INFO DRT-0076]   Complete 2000 pins.
[INFO DRT-0078]   Complete 2304 pins.
[INFO DRT-0079]   Complete 100 unique inst patterns.
[INFO DRT-0079]   Complete 200 unique inst patterns.
[INFO DRT-0081]   Complete 285 unique inst patterns.
[INFO DRT-0082]   Complete 10000 groups.
[INFO DRT-0082]   Complete 20000 groups.
[INFO DRT-0084]   Complete 20965 groups.
#scanned instances     = 85604
#unique  instances     = 285
#stdCellGenAp          = 9192
#stdCellValidPlanarAp  = 95
#stdCellValidViaAp     = 6802
#stdCellPinNoAp        = 3
#stdCellPinCnt         = 99478
#instTermValidViaApCnt = 0
#macroGenAp            = 0
#macroValidPlanarAp    = 0
#macroValidViaAp       = 0
#macroNoAp             = 0
[INFO DRT-0166] Complete pin access.
[INFO DRT-0267] cpu time = 00:11:48, elapsed time = 00:01:17, memory = 591.32 (MB), peak = 614.10 (MB)
Took 79 seconds: pin_access
global_route -congestion_report_file ./reports/sky130hd/d_ca01_nonblocking_dcache/base/congestion.rpt -congestion_iterations 30 -congestion_report_iter_step 5 -verbose
[INFO GRT-0020] Min routing layer: met1
[INFO GRT-0021] Max routing layer: met5
[INFO GRT-0022] Global adjustment: 0%
[INFO GRT-0023] Grid origin: (0, 0)
[INFO GRT-0088] Layer li1     Track-Pitch = 0.4600  line-2-Via Pitch: 0.3400
[INFO GRT-0088] Layer met1    Track-Pitch = 0.3400  line-2-Via Pitch: 0.3400
[INFO GRT-0088] Layer met2    Track-Pitch = 0.4600  line-2-Via Pitch: 0.3500
[INFO GRT-0088] Layer met3    Track-Pitch = 0.6800  line-2-Via Pitch: 0.6150
[INFO GRT-0088] Layer met4    Track-Pitch = 0.9200  line-2-Via Pitch: 1.0400
[INFO GRT-0088] Layer met5    Track-Pitch = 3.4000  line-2-Via Pitch: 3.1100
[INFO GRT-0003] Macros: 0
[INFO GRT-0004] Blockages: 292391
[INFO GRT-0019] Found 1268 clock nets.
[INFO GRT-0001] Minimum degree: 2
[INFO GRT-0002] Maximum degree: 224

[INFO GRT-0053] Routing resources analysis:
          Routing      Original      Derated      Resource
Layer     Direction    Resources     Resources    Reduction (%)
---------------------------------------------------------------
li1        Vertical            0             0          0.00%
met1       Horizontal    1299974       1006748          22.56%
met2       Vertical      1215126        932688          23.24%
met3       Horizontal     891786        696650          21.88%
met4       Vertical       600678        431766          28.12%
met5       Horizontal     131274         95472          27.27%
---------------------------------------------------------------

[INFO GRT-0101] Running extra iterations to remove congestion.
[INFO GRT-0102] Start extra iteration 1/30
[INFO GRT-0102] Start extra iteration 2/30
[INFO GRT-0102] Start extra iteration 3/30
[INFO GRT-0197] Via related to pin nodes: 191184
[INFO GRT-0198] Via related Steiner nodes: 7008
[INFO GRT-0199] Via filling finished.
[INFO GRT-0111] Final number of vias: 251598
[INFO GRT-0112] Final usage 3D: 960316

[INFO GRT-0096] Final congestion report:
Layer         Resource        Demand        Usage (%)    Max H / Max V / Total Congestion
---------------------------------------------------------------------------------------
li1                  0             0            0.00%             0 /  0 /  0
met1           1006748         68491            6.80%             0 /  0 /  0
met2            932688         95191           10.21%             0 /  0 /  0
met3            696650         31704            4.55%             0 /  0 /  0
met4            431766          9884            2.29%             0 /  0 /  0
met5             95472           252            0.26%             0 /  0 /  0
---------------------------------------------------------------------------------------
Total          3163324        205522            6.50%             0 /  0 /  0

[INFO GRT-0018] Total wirelength: 2028862 um
[INFO GRT-0014] Routed nets: 24994
[INFO GRT-0303] Global routing runtime = 00:00:05
Took 5 seconds: global_route -congestion_report_file ./reports/sky130hd/d_ca01_nonblocking_dcache/base/congestion.rpt -congestion_iterations 30 -congestion_report_iter_step 5 -verbose
estimate_parasitics -global_routing
Perform buffer insertion and gate resizing...
repair_design -verbose
Iteration |   Area    | Resized | Buffers | Nets repaired | Remaining
---------------------------------------------------------------------
        0 |     +0.0% |       0 |       0 |             0 |     26001
     1000 |     +0.0% |       0 |       0 |             0 |     25001
     2000 |     +0.0% |       0 |       0 |             0 |     24001
     3000 |     +0.0% |       3 |       0 |             1 |     23001
     4000 |     +0.0% |       3 |       1 |             2 |     22001
[WARNING RSZ-0104] Net _10413_ only has one pin. Check if it is intended to be dangling.
[WARNING RSZ-0104] Net _10410_ only has one pin. Check if it is intended to be dangling.
[WARNING RSZ-0104] Net _10412_ only has one pin. Check if it is intended to be dangling.
[WARNING RSZ-0104] Net _10411_ only has one pin. Check if it is intended to be dangling.
[WARNING RSZ-0104] Net _10409_ only has one pin. Check if it is intended to be dangling.
     5000 |     +0.0% |       3 |       1 |             2 |     21001
     6000 |     +0.0% |       3 |       1 |             2 |     20001
     7000 |     +0.0% |       3 |       1 |             2 |     19001
     8000 |     +0.0% |       3 |       1 |             2 |     18001
[WARNING RSZ-0104] Net _10418_ only has one pin. Check if it is intended to be dangling.
     9000 |     +0.0% |       3 |       1 |             2 |     17001
    10000 |     +0.0% |       3 |       1 |             2 |     16001
    11000 |     +0.0% |       3 |       1 |             2 |     15001
[WARNING RSZ-0104] Net _10415_ only has one pin. Check if it is intended to be dangling.
[WARNING RSZ-0104] Net _10414_ only has one pin. Check if it is intended to be dangling.
[WARNING RSZ-0104] Net _10420_ only has one pin. Check if it is intended to be dangling.
[WARNING RSZ-0104] Net _10419_ only has one pin. Check if it is intended to be dangling.
[WARNING RSZ-0104] Net _10417_ only has one pin. Check if it is intended to be dangling.
[WARNING RSZ-0104] Net _10416_ only has one pin. Check if it is intended to be dangling.
    12000 |     +0.0% |       3 |       1 |             2 |     14001
    13000 |     +0.0% |       3 |       1 |             2 |     13001
    14000 |     +0.0% |       3 |       1 |             2 |     12001
    15000 |     +0.0% |       3 |       1 |             2 |     11001
    16000 |     +0.0% |       3 |       1 |             2 |     10001
    17000 |     +0.0% |       3 |       1 |             2 |      9001
    18000 |     +0.0% |       3 |       1 |             2 |      8001
    19000 |     +0.0% |       3 |       1 |             2 |      7001
    20000 |     +0.0% |       3 |       1 |             2 |      6001
    21000 |     +0.0% |       3 |       1 |             2 |      5001
    22000 |     +0.0% |       3 |       1 |             2 |      4001
    23000 |     +0.0% |       3 |       1 |             2 |      3001
    24000 |     +0.0% |       3 |       1 |             2 |      2001
    25000 |     +0.0% |       3 |       1 |             2 |      1001
    26000 |     +0.0% |       3 |       1 |             2 |         1
    final |     +0.0% |       3 |       1 |             2 |         0
---------------------------------------------------------------------
[INFO RSZ-0034] Found 4 slew violations.
[INFO RSZ-0039] Resized 3 instances.
[INFO RSZ-0038] Inserted 1 buffers in 2 nets.
[INFO RSZ-0504] Runtime: 2.28s
global_route -start_incremental
detailed_placement
[INFO DPL-0006] Core area: 4492322.24 um^2
[INFO DPL-0007] Movable instances area: 522210.84 um^2
[INFO DPL-0008] Fixed instances area within core: 74754.20 um^2
[INFO DPL-0009] Utilization: 13.3%
[INFO DPL-0005] Diamond search max displacement: +/- 500 sites horizontally, +/- 100 rows vertically.
[INFO DPL-1102] Legalizing using negotiation legalizer.
[INFO DPL-1103] Negotiation base search window: +/-20 sites horizontally, +/-5 rows vertically 
	Automatic search window extension enabled.
	Search window extendable up to the max displacement cap of +/-500 sites, +/-100 rows near walls.
[INFO DPL-1104] NegotiationLegalizer DRC penalty: 5.
[INFO DPL-0392] Negotiation cell height distribution (1 unique row-count(s)):
[INFO DPL-0393]   height 1 row(s): 85605 cells
          |      Total |  Illegal |  Illegal
Iteration | Violations |    Cells |    Sites
---------------------------------------------
        0 |          0 |         0 |         0
Negotiation phase 1 converged at iteration 0.
[INFO DPL-0500] Runtime: 0.29s
Placement Analysis
---------------------------------
total displacement          9.5 u
average displacement        0.0 u
max displacement            5.4 u
original HPWL         1093873.1 u
legalized HPWL        1093880.2 u
delta HPWL                    0 %

global_route -end_incremental -congestion_report_file ./reports/sky130hd/d_ca01_nonblocking_dcache/base/congestion_post_repair_design.rpt
Repair setup and hold violations...
estimate_parasitics -global_routing
repair_timing -setup_margin 0 -hold_margin 0 -repair_tns 100 -verbose
[INFO RSZ-0100] Repair move sequence: UnbufferMove SizeUpMove SwapPinsMove BufferMove CloneMove SplitLoadMove 
[INFO RSZ-0094] Found 3769 endpoints with setup violations.
[INFO RSZ-0099] Repairing 3769 out of 3769 (100.00%) violating endpoints...
   Iter   | Removed | Resized | Inserted | Cloned |  Pin  |   Area   |    WNS   |   StTNS    |   EnTNS    |  Viol  |  Worst  
          | Buffers |  Gates  | Buffers  |  Gates | Swaps |          |          |            |            | Endpts | St/EnPt 
------------------------------------------------------------------------------------------------------------------------------
       0* |       0 |       0 |        0 |      0 |     0 |    +0.0% |   -1.481 |     -789.4 |     -377.1 |   3769 | req_ready_o
      10* |       0 |       4 |        0 |      2 |     3 |    +0.0% |   -1.389 |     -751.1 |      -96.8 |   3769 | req_ready_o
      20* |       1 |      11 |        3 |      2 |     3 |    +0.0% |   -1.330 |     -737.9 |      -91.2 |   3769 | rsp_data_o[3]
      30* |       1 |      17 |        5 |      2 |     5 |    +0.0% |   -1.323 |     -739.1 |      -90.6 |   3769 | rsp_data_o[11]
      40* |       1 |      25 |        5 |      2 |     7 |    +0.0% |   -1.293 |     -701.5 |      -89.9 |   3769 | req_ready_o
      50* |       1 |      34 |        7 |      2 |     7 |    +0.0% |   -1.271 |     -684.8 |      -89.7 |   3769 | req_ready_o
      60* |       1 |      39 |       14 |      2 |     7 |    +0.1% |   -1.260 |     -673.7 |      -89.2 |   3769 | rsp_data_o[1]
      70* |       2 |      45 |       14 |      3 |     9 |    +0.1% |   -1.239 |     -625.6 |      -88.9 |   3769 | rsp_data_o[1]
      80* |       2 |      54 |       17 |      3 |     9 |    +0.1% |   -1.227 |     -622.2 |      -88.8 |   3769 | rsp_data_o[1]
      90* |       2 |      60 |       24 |      3 |    10 |    +0.1% |   -1.217 |     -615.0 |      -88.4 |   3769 | rsp_data_o[24]
      99* |       3 |      65 |       24 |      3 |    10 |    +0.1% |   -1.212 |     -606.8 |      -88.1 |   3769 | rsp_data_o[0]
     100* |       3 |      65 |       24 |      3 |    10 |    +0.1% |   -1.212 |     -606.8 |      -88.1 |   3769 | rsp_data_o[0]
     110* |       3 |      68 |       44 |      5 |    10 |    +0.1% |   -1.212 |     -606.7 |      -88.1 |   3769 | rsp_data_o[0]
     120* |       3 |      73 |       46 |      8 |    10 |    +0.1% |   -1.272 |     -602.2 |      -89.6 |   3769 | rsp_data_o[10]
     125* |       3 |      71 |       45 |      5 |    10 |    +0.1% |   -1.212 |     -602.2 |      -88.1 |   3769 | rsp_data_o[0]
     130* |       3 |      72 |       47 |      5 |    11 |    +0.1% |   -1.212 |     -594.5 |      -88.0 |   3769 | rsp_data_o[0]
     140* |       4 |      79 |       49 |      5 |    11 |    +0.1% |   -1.216 |     -592.6 |      -87.6 |   3769 | rsp_data_o[0]
     141* |       3 |      72 |       47 |      5 |    11 |    +0.1% |   -1.212 |     -594.5 |      -88.0 |   3769 | rsp_data_o[0]
     150* |       4 |      77 |       48 |      5 |    12 |    +0.1% |   -1.215 |     -588.7 |      -87.6 |   3769 | rsp_data_o[0]
     152* |       3 |      73 |       47 |      5 |    11 |    +0.1% |   -1.212 |     -594.5 |      -87.9 |   3769 | rsp_data_o[0]
     160* |       3 |      79 |       47 |      6 |    11 |    +0.1% |   -1.215 |     -593.1 |      -87.9 |   3769 | rsp_data_o[0]
     170* |       4 |      84 |       49 |      8 |    11 |    +0.1% |   -1.255 |     -594.4 |      -88.9 |   3769 | rsp_data_o[10]
     176* |       3 |      78 |       47 |      6 |    11 |    +0.1% |   -1.212 |     -593.1 |      -87.9 |   3769 | rsp_data_o[0]
     180* |       3 |      80 |       47 |      6 |    12 |    +0.1% |   -1.212 |     -594.4 |      -87.6 |   3769 | rsp_data_o[0]
     190* |       4 |      87 |       49 |      6 |    12 |    +0.1% |   -1.215 |     -590.3 |      -87.2 |   3769 | rsp_data_o[0]
     191* |       3 |      78 |       47 |      6 |    11 |    +0.1% |   -1.212 |     -593.1 |      -87.9 |   3769 | rsp_data_o[0]
     196* |       4 |      78 |       48 |      6 |    12 |    +0.1% |   -1.212 |     -592.2 |      -87.8 |   3769 | rsp_data_o[0]
     197* |       4 |      78 |       48 |      6 |    12 |    +0.1% |   -1.212 |     -592.2 |      -87.8 |   3769 | rsp_data_o[0]
     200* |       4 |      80 |       48 |      6 |    12 |    +0.1% |   -1.212 |     -588.1 |      -87.8 |   3769 | rsp_data_o[0]
     206* |       4 |      80 |       48 |      6 |    12 |    +0.1% |   -1.212 |     -588.1 |      -87.8 |   3769 | rsp_data_o[0]
     210* |       4 |      82 |       49 |      6 |    12 |    +0.1% |   -1.212 |     -588.1 |      -87.7 |   3769 | rsp_data_o[0]
     217* |       4 |      82 |       49 |      6 |    12 |    +0.1% |   -1.212 |     -588.1 |      -87.7 |   3769 | rsp_data_o[0]
     220* |       4 |      84 |       49 |      6 |    12 |    +0.1% |   -1.213 |     -596.7 |      -87.7 |   3769 | rsp_data_o[0]
     230* |       5 |      89 |       52 |      6 |    13 |    +0.1% |   -1.215 |     -590.5 |      -87.4 |   3769 | rsp_data_o[0]
     234* |       4 |      83 |       49 |      6 |    12 |    +0.1% |   -1.212 |     -593.4 |      -87.7 |   3769 | rsp_data_o[0]
     240* |       4 |      86 |       50 |      6 |    13 |    +0.1% |   -1.212 |     -593.6 |      -87.7 |   3769 | rsp_data_o[0]
     243* |       4 |      85 |       49 |      6 |    12 |    +0.1% |   -1.212 |     -593.4 |      -87.5 |   3769 | rsp_data_o[0]
     250* |       5 |      88 |       50 |      6 |    13 |    +0.1% |   -1.212 |     -593.5 |      -87.4 |   3769 | rsp_data_o[0]
     252* |       4 |      87 |       49 |      6 |    12 |    +0.1% |   -1.212 |     -593.4 |      -87.4 |   3769 | rsp_data_o[0]
     260* |       4 |      92 |       50 |      6 |    13 |    +0.1% |   -1.212 |     -591.3 |      -87.3 |   3769 | rsp_data_o[0]
     265* |       4 |      92 |       49 |      6 |    13 |    +0.1% |   -1.212 |     -591.3 |      -87.2 |   3769 | rsp_data_o[0]
     270* |       4 |      93 |       51 |      6 |    14 |    +0.1% |   -1.212 |     -591.4 |      -87.2 |   3769 | rsp_data_o[0]
     274* |       4 |      92 |       50 |      6 |    13 |    +0.1% |   -1.212 |     -591.3 |      -87.2 |   3769 | rsp_data_o[0]
     280* |       4 |      94 |       52 |      6 |    14 |    +0.1% |   -1.213 |     -588.0 |      -87.2 |   3769 | rsp_data_o[0]
     281* |       4 |      92 |       51 |      6 |    14 |    +0.1% |   -1.212 |     -587.3 |      -87.2 |   3769 | rsp_data_o[0]
     288* |       4 |      92 |       51 |      6 |    14 |    +0.1% |   -1.212 |     -587.3 |      -87.2 |   3769 | rsp_data_o[0]
     290* |       4 |      93 |       51 |      6 |    14 |    +0.1% |   -1.212 |     -582.7 |      -87.1 |   3769 | rsp_data_o[0]
     300* |       5 |     100 |       52 |      6 |    15 |    +0.1% |   -1.215 |     -584.5 |      -86.7 |   3769 | rsp_data_o[0]
     303* |       4 |      94 |       51 |      6 |    14 |    +0.1% |   -1.212 |     -582.7 |      -87.0 |   3769 | rsp_data_o[0]
     310* |       4 |      99 |       51 |      6 |    15 |    +0.1% |   -1.213 |     -583.7 |      -86.9 |   3769 | rsp_data_o[0]
     320* |       5 |     105 |       53 |      6 |    16 |    +0.1% |   -1.216 |     -581.1 |      -86.5 |   3769 | rsp_data_o[0]
     322* |       4 |      94 |       51 |      6 |    14 |    +0.1% |   -1.212 |     -582.7 |      -87.0 |   3769 | rsp_data_o[0]
     330* |       5 |      98 |       53 |      6 |    14 |    +0.1% |   -1.215 |     -585.9 |      -87.0 |   3769 | rsp_data_o[0]
     333* |       4 |      94 |       52 |      6 |    14 |    +0.1% |   -1.212 |     -582.7 |      -87.1 |   3769 | rsp_data_o[0]
     340* |       5 |      97 |       53 |      6 |    15 |    +0.1% |   -1.215 |     -582.6 |      -86.9 |   3769 | rsp_data_o[0]
     341* |       5 |      95 |       53 |      6 |    15 |    +0.1% |   -1.212 |     -582.5 |      -87.0 |   3769 | rsp_data_o[0]
     348* |       5 |      95 |       55 |      6 |    15 |    +0.1% |   -1.212 |     -582.5 |      -87.0 |   3769 | rsp_data_o[0]
     350* |       5 |      95 |       56 |      6 |    15 |    +0.1% |   -1.212 |     -582.5 |      -87.0 |   3769 | rsp_data_o[0]
     354* |       5 |      95 |       56 |      6 |    15 |    +0.1% |   -1.212 |     -582.5 |      -87.0 |   3769 | rsp_data_o[0]
     360* |       6 |      97 |       57 |      6 |    16 |    +0.1% |   -1.214 |     -582.3 |      -86.2 |   3769 | rsp_data_o[0]
     360* |       5 |      95 |       57 |      6 |    15 |    +0.1% |   -1.212 |     -582.5 |      -87.0 |   3769 | rsp_data_o[0]
     367* |       5 |      95 |       58 |      6 |    15 |    +0.1% |   -1.212 |     -582.5 |      -87.0 |   3769 | rsp_data_o[0]
     370* |       5 |      97 |       58 |      6 |    15 |    +0.1% |   -1.215 |     -576.6 |      -86.9 |   3769 | rsp_data_o[0]
     379* |       5 |      96 |       58 |      6 |    15 |    +0.1% |   -1.212 |     -576.6 |      -86.9 |   3769 | rsp_data_o[0]
     380* |       5 |      96 |       58 |      6 |    15 |    +0.1% |   -1.212 |     -576.6 |      -86.9 |   3769 | rsp_data_o[0]
     390* |       6 |     102 |       60 |      6 |    16 |    +0.1% |   -1.216 |     -581.0 |      -86.7 |   3769 | rsp_data_o[0]
     390* |       5 |      96 |       59 |      6 |    15 |    +0.1% |   -1.212 |     -576.6 |      -86.9 |   3769 | rsp_data_o[0]
     394* |       5 |      96 |       59 |      6 |    15 |    +0.1% |   -1.212 |     -576.6 |      -86.9 |   3769 | rsp_data_o[0]
     400* |       5 |      99 |       60 |      6 |    16 |    +0.1% |   -1.215 |     -577.5 |      -86.8 |   3769 | rsp_data_o[0]
     400* |       5 |      96 |       59 |      6 |    15 |    +0.1% |   -1.212 |     -576.6 |      -86.9 |   3769 | rsp_data_o[0]
     404* |       5 |      96 |       59 |      6 |    15 |    +0.1% |   -1.212 |     -576.6 |      -86.9 |   3769 | rsp_data_o[0]
     410* |       5 |     100 |       60 |      6 |    15 |    +0.1% |   -1.216 |     -581.7 |      -86.8 |   3769 | rsp_data_o[0]
     412* |       5 |      96 |       59 |      6 |    15 |    +0.1% |   -1.212 |     -576.6 |      -86.9 |   3769 | rsp_data_o[0]
     417* |       5 |      96 |       59 |      6 |    15 |    +0.1% |   -1.212 |     -576.6 |      -86.9 |   3769 | rsp_data_o[0]
     420* |       5 |      96 |       60 |      6 |    16 |    +0.1% |   -1.212 |     -576.9 |      -86.9 |   3769 | rsp_data_o[0]
     428* |       5 |      96 |       60 |      6 |    16 |    +0.1% |   -1.212 |     -576.9 |      -86.9 |   3769 | rsp_data_o[0]
     430* |       5 |      97 |       60 |      6 |    16 |    +0.1% |   -1.212 |     -572.9 |      -86.9 |   3769 | rsp_data_o[0]
     430* |       5 |      97 |       60 |      6 |    16 |    +0.1% |   -1.212 |     -572.9 |      -86.9 |   3769 | rsp_data_o[0]
     431* |       5 |      97 |       60 |      6 |    16 |    +0.1% |   -1.212 |     -572.9 |      -86.9 |   3769 | rsp_data_o[0]
     432* |       5 |      97 |       60 |      6 |    16 |    +0.1% |   -1.212 |     -572.9 |      -86.9 |   3769 | rsp_data_o[0]
     433* |       5 |      97 |       60 |      6 |    16 |    +0.1% |   -1.212 |     -572.9 |      -86.9 |   3769 | rsp_data_o[0]
     434* |       5 |      97 |       60 |      6 |    16 |    +0.1% |   -1.212 |     -572.9 |      -86.9 |   3769 | rsp_data_o[0]
     435* |       5 |      97 |       60 |      6 |    16 |    +0.1% |   -1.212 |     -572.9 |      -86.9 |   3769 | rsp_data_o[0]
     436* |       5 |      97 |       60 |      6 |    16 |    +0.1% |   -1.212 |     -572.9 |      -86.9 |   3769 | rsp_data_o[0]
     437* |       5 |      97 |       60 |      6 |    16 |    +0.1% |   -1.212 |     -572.9 |      -86.9 |   3769 | rsp_data_o[0]
     438* |       5 |      97 |       60 |      6 |    16 |    +0.1% |   -1.212 |     -572.9 |      -86.9 |   3769 | rsp_data_o[0]
     439* |       5 |      97 |       60 |      6 |    16 |    +0.1% |   -1.212 |     -572.9 |      -86.9 |   3769 | rsp_data_o[0]
     440* |       5 |      97 |       60 |      6 |    16 |    +0.1% |   -1.212 |     -572.9 |      -86.9 |   3769 | rsp_data_o[0]
     440* |       5 |      97 |       60 |      6 |    16 |    +0.1% |   -1.212 |     -572.9 |      -86.9 |   3769 | rsp_data_o[0]
     441* |       5 |      97 |       60 |      6 |    16 |    +0.1% |   -1.212 |     -572.9 |      -86.9 |   3769 | rsp_data_o[0]
     442* |       5 |      97 |       60 |      6 |    16 |    +0.1% |   -1.212 |     -572.9 |      -86.9 |   3769 | rsp_data_o[0]
     443* |       5 |      97 |       60 |      6 |    16 |    +0.1% |   -1.212 |     -572.9 |      -86.9 |   3769 | rsp_data_o[0]
     444* |       5 |      97 |       60 |      6 |    16 |    +0.1% |   -1.212 |     -572.9 |      -86.9 |   3769 | rsp_data_o[0]
     445* |       5 |      97 |       60 |      6 |    16 |    +0.1% |   -1.212 |     -572.9 |      -86.9 |   3769 | rsp_data_o[0]
     446* |       5 |      97 |       60 |      6 |    16 |    +0.1% |   -1.212 |     -572.9 |      -86.9 |   3769 | rsp_data_o[0]
     447* |       5 |      97 |       60 |      6 |    16 |    +0.1% |   -1.212 |     -572.9 |      -86.9 |   3769 | rsp_data_o[0]
     448* |       5 |      97 |       60 |      6 |    16 |    +0.1% |   -1.212 |     -572.9 |      -86.9 |   3769 | rsp_data_o[0]
     449* |       5 |      97 |       60 |      6 |    16 |    +0.1% |   -1.212 |     -572.9 |      -86.9 |   3769 | rsp_data_o[0]
     450* |       5 |      97 |       60 |      6 |    16 |    +0.1% |   -1.212 |     -572.9 |      -86.9 |   3769 | rsp_data_o[0]
     450* |       5 |      97 |       60 |      6 |    16 |    +0.1% |   -1.212 |     -572.9 |      -86.9 |   3769 | rsp_data_o[0]
     451* |       5 |      97 |       60 |      6 |    16 |    +0.1% |   -1.212 |     -572.9 |      -86.9 |   3769 | rsp_data_o[0]
     452* |       5 |      97 |       60 |      6 |    16 |    +0.1% |   -1.212 |     -572.9 |      -86.9 |   3769 | rsp_data_o[0]
     453* |       5 |      97 |       60 |      6 |    16 |    +0.1% |   -1.212 |     -572.9 |      -86.9 |   3769 | rsp_data_o[0]
     454* |       5 |      97 |       60 |      6 |    16 |    +0.1% |   -1.212 |     -572.9 |      -86.9 |   3769 | rsp_data_o[0]
     455* |       5 |      97 |       60 |      6 |    16 |    +0.1% |   -1.212 |     -572.9 |      -86.9 |   3769 | rsp_data_o[0]
     456* |       5 |      97 |       60 |      6 |    16 |    +0.1% |   -1.212 |     -572.9 |      -86.9 |   3769 | rsp_data_o[0]
     457* |       5 |      97 |       60 |      6 |    16 |    +0.1% |   -1.212 |     -572.9 |      -86.9 |   3769 | rsp_data_o[0]
     458* |       5 |      97 |       60 |      6 |    16 |    +0.1% |   -1.212 |     -572.9 |      -86.9 |   3769 | rsp_data_o[0]
     459* |       5 |      97 |       60 |      6 |    16 |    +0.1% |   -1.212 |     -572.9 |      -86.9 |   3769 | rsp_data_o[0]
     460* |       5 |      97 |       60 |      6 |    16 |    +0.1% |   -1.212 |     -572.9 |      -86.9 |   3769 | rsp_data_o[0]
     460* |       5 |      97 |       60 |      6 |    16 |    +0.1% |   -1.212 |     -572.9 |      -86.9 |   3769 | rsp_data_o[0]
     461* |       5 |      97 |       60 |      6 |    16 |    +0.1% |   -1.212 |     -572.9 |      -86.9 |   3769 | rsp_data_o[0]
     462* |       5 |      97 |       60 |      6 |    16 |    +0.1% |   -1.212 |     -572.9 |      -86.9 |   3769 | rsp_data_o[0]
     463* |       5 |      97 |       60 |      6 |    16 |    +0.1% |   -1.212 |     -572.9 |      -86.9 |   3769 | rsp_data_o[0]
     464* |       5 |      97 |       60 |      6 |    16 |    +0.1% |   -1.212 |     -572.9 |      -86.9 |   3769 | rsp_data_o[0]
     465* |       5 |      97 |       60 |      6 |    16 |    +0.1% |   -1.212 |     -572.9 |      -86.9 |   3769 | rsp_data_o[0]
     466* |       5 |      97 |       60 |      6 |    16 |    +0.1% |   -1.212 |     -572.9 |      -86.9 |   3769 | rsp_data_o[0]
     467* |       5 |      97 |       60 |      6 |    16 |    +0.1% |   -1.212 |     -572.9 |      -86.9 |   3769 | rsp_data_o[0]
     468* |       5 |      97 |       60 |      6 |    16 |    +0.1% |   -1.212 |     -572.9 |      -86.9 |   3769 | rsp_data_o[0]
     469* |       5 |      97 |       60 |      6 |    16 |    +0.1% |   -1.212 |     -572.9 |      -86.9 |   3769 | rsp_data_o[0]
     470* |       5 |      97 |       60 |      6 |    16 |    +0.1% |   -1.212 |     -572.9 |      -86.9 |   3769 | rsp_data_o[0]
     470* |       5 |      97 |       60 |      6 |    16 |    +0.1% |   -1.212 |     -572.9 |      -86.9 |   3769 | rsp_data_o[0]
     471* |       5 |      97 |       60 |      6 |    16 |    +0.1% |   -1.212 |     -572.9 |      -86.9 |   3769 | rsp_data_o[0]
     472* |       5 |      97 |       60 |      6 |    16 |    +0.1% |   -1.212 |     -572.9 |      -86.9 |   3769 | rsp_data_o[0]
     473* |       5 |      97 |       60 |      6 |    16 |    +0.1% |   -1.212 |     -572.9 |      -86.9 |   3769 | rsp_data_o[0]
     474* |       5 |      97 |       60 |      6 |    16 |    +0.1% |   -1.212 |     -572.9 |      -86.9 |   3769 | rsp_data_o[0]
     475* |       5 |      97 |       60 |      6 |    16 |    +0.1% |   -1.212 |     -572.9 |      -86.9 |   3769 | rsp_data_o[0]
     476* |       5 |      97 |       60 |      6 |    16 |    +0.1% |   -1.212 |     -572.9 |      -86.9 |   3769 | rsp_data_o[0]
     477* |       5 |      97 |       60 |      6 |    16 |    +0.1% |   -1.212 |     -572.9 |      -86.9 |   3769 | rsp_data_o[0]
     478* |       5 |      97 |       60 |      6 |    16 |    +0.1% |   -1.212 |     -572.9 |      -86.9 |   3769 | rsp_data_o[0]
     479* |       5 |      97 |       60 |      6 |    16 |    +0.1% |   -1.212 |     -572.9 |      -86.9 |   3769 | rsp_data_o[0]
     480* |       5 |      97 |       60 |      6 |    16 |    +0.1% |   -1.212 |     -572.9 |      -86.9 |   3769 | rsp_data_o[0]
     480* |       5 |      97 |       60 |      6 |    16 |    +0.1% |   -1.212 |     -572.9 |      -86.9 |   3769 | rsp_data_o[0]
     481* |       5 |      97 |       60 |      6 |    16 |    +0.1% |   -1.212 |     -572.9 |      -86.9 |   3769 | rsp_data_o[0]
     482* |       5 |      97 |       60 |      6 |    16 |    +0.1% |   -1.212 |     -572.9 |      -86.9 |   3769 | rsp_data_o[0]
     483* |       5 |      97 |       60 |      6 |    16 |    +0.1% |   -1.212 |     -572.9 |      -86.9 |   3769 | rsp_data_o[0]
     484* |       5 |      97 |       60 |      6 |    16 |    +0.1% |   -1.212 |     -572.9 |      -86.9 |   3769 | rsp_data_o[0]
     485* |       5 |      97 |       60 |      6 |    16 |    +0.1% |   -1.212 |     -572.9 |      -86.9 |   3769 | rsp_data_o[0]
     486* |       5 |      97 |       60 |      6 |    16 |    +0.1% |   -1.212 |     -572.9 |      -86.9 |   3769 | rsp_data_o[0]
     487* |       5 |      97 |       60 |      6 |    16 |    +0.1% |   -1.212 |     -572.9 |      -86.9 |   3769 | rsp_data_o[0]
     488* |       5 |      97 |       60 |      6 |    16 |    +0.1% |   -1.212 |     -572.9 |      -86.9 |   3769 | rsp_data_o[0]
     489* |       5 |      97 |       60 |      6 |    16 |    +0.1% |   -1.212 |     -572.9 |      -86.9 |   3769 | rsp_data_o[0]
     490* |       5 |      97 |       60 |      6 |    16 |    +0.1% |   -1.212 |     -572.9 |      -86.9 |   3769 | rsp_data_o[0]
     490* |       5 |      97 |       60 |      6 |    16 |    +0.1% |   -1.212 |     -572.9 |      -86.9 |   3769 | rsp_data_o[0]
     491* |       5 |      97 |       60 |      6 |    16 |    +0.1% |   -1.212 |     -572.9 |      -86.9 |   3769 | rsp_data_o[0]
     492* |       5 |      97 |       60 |      6 |    16 |    +0.1% |   -1.212 |     -572.9 |      -86.9 |   3769 | rsp_data_o[0]
     493* |       5 |      97 |       60 |      6 |    16 |    +0.1% |   -1.212 |     -572.9 |      -86.9 |   3769 | rsp_data_o[0]
     494* |       5 |      97 |       60 |      6 |    16 |    +0.1% |   -1.212 |     -572.9 |      -86.9 |   3769 | rsp_data_o[0]
     495* |       5 |      97 |       60 |      6 |    16 |    +0.1% |   -1.212 |     -572.9 |      -86.9 |   3769 | rsp_data_o[0]
     496* |       5 |      97 |       60 |      6 |    16 |    +0.1% |   -1.212 |     -572.9 |      -86.9 |   3769 | rsp_data_o[0]
     497* |       5 |      97 |       60 |      6 |    16 |    +0.1% |   -1.212 |     -572.9 |      -86.9 |   3769 | rsp_data_o[0]
     498* |       5 |      97 |       60 |      6 |    16 |    +0.1% |   -1.212 |     -572.9 |      -86.9 |   3769 | rsp_data_o[0]
     499* |       5 |      97 |       60 |      6 |    16 |    +0.1% |   -1.212 |     -572.9 |      -86.9 |   3769 | rsp_data_o[0]
     500* |       5 |      97 |       60 |      6 |    16 |    +0.1% |   -1.212 |     -572.9 |      -86.9 |   3769 | rsp_data_o[0]
     500* |       5 |      97 |       60 |      6 |    16 |    +0.1% |   -1.212 |     -572.9 |      -86.9 |   3769 | rsp_data_o[0]
     501* |       5 |      97 |       60 |      6 |    16 |    +0.1% |   -1.212 |     -572.9 |      -86.9 |   3769 | rsp_data_o[0]
     502* |       5 |      97 |       60 |      6 |    16 |    +0.1% |   -1.212 |     -572.9 |      -86.9 |   3769 | rsp_data_o[0]
     503* |       5 |      97 |       60 |      6 |    16 |    +0.1% |   -1.212 |     -572.9 |      -86.9 |   3769 | rsp_data_o[0]
     504* |       5 |      97 |       60 |      6 |    16 |    +0.1% |   -1.212 |     -572.9 |      -86.9 |   3769 | rsp_data_o[0]
     505* |       5 |      97 |       60 |      6 |    16 |    +0.1% |   -1.212 |     -572.9 |      -86.9 |   3769 | rsp_data_o[0]
     506* |       5 |      97 |       60 |      6 |    16 |    +0.1% |   -1.212 |     -572.9 |      -86.9 |   3769 | rsp_data_o[0]
     507* |       5 |      97 |       60 |      6 |    16 |    +0.1% |   -1.212 |     -572.9 |      -86.9 |   3769 | rsp_data_o[0]
     508* |       5 |      97 |       60 |      6 |    16 |    +0.1% |   -1.212 |     -572.9 |      -86.9 |   3769 | rsp_data_o[0]
     509* |       5 |      97 |       60 |      6 |    16 |    +0.1% |   -1.212 |     -572.9 |      -86.9 |   3769 | rsp_data_o[0]
     510* |       5 |      97 |       60 |      6 |    16 |    +0.1% |   -1.212 |     -572.9 |      -86.9 |   3769 | rsp_data_o[0]
     510* |       5 |      97 |       60 |      6 |    16 |    +0.1% |   -1.212 |     -572.9 |      -86.9 |   3769 | rsp_data_o[0]
     511* |       5 |      97 |       60 |      6 |    16 |    +0.1% |   -1.212 |     -572.9 |      -86.9 |   3769 | rsp_data_o[0]
     512* |       5 |      97 |       60 |      6 |    16 |    +0.1% |   -1.212 |     -572.9 |      -86.9 |   3769 | rsp_data_o[0]
     513* |       5 |      97 |       60 |      6 |    16 |    +0.1% |   -1.212 |     -572.9 |      -86.9 |   3769 | rsp_data_o[0]
     514* |       5 |      97 |       60 |      6 |    16 |    +0.1% |   -1.212 |     -572.9 |      -86.9 |   3769 | rsp_data_o[0]
     515* |       5 |      97 |       60 |      6 |    16 |    +0.1% |   -1.212 |     -572.9 |      -86.9 |   3769 | rsp_data_o[0]
     516* |       5 |      97 |       60 |      6 |    16 |    +0.1% |   -1.212 |     -572.9 |      -86.9 |   3769 | rsp_data_o[0]
     517* |       5 |      97 |       60 |      6 |    16 |    +0.1% |   -1.212 |     -572.9 |      -86.9 |   3769 | rsp_data_o[0]
     518* |       5 |      97 |       60 |      6 |    16 |    +0.1% |   -1.212 |     -572.9 |      -86.9 |   3769 | rsp_data_o[0]
     519* |       5 |      97 |       60 |      6 |    16 |    +0.1% |   -1.212 |     -572.9 |      -86.9 |   3769 | rsp_data_o[0]
     520* |       5 |      97 |       60 |      6 |    16 |    +0.1% |   -1.212 |     -572.9 |      -86.9 |   3769 | rsp_data_o[0]
     520* |       5 |      97 |       60 |      6 |    16 |    +0.1% |   -1.212 |     -572.9 |      -86.9 |   3769 | rsp_data_o[0]
     521* |       5 |      97 |       60 |      6 |    16 |    +0.1% |   -1.212 |     -572.9 |      -86.9 |   3769 | rsp_data_o[0]
     522* |       5 |      97 |       60 |      6 |    16 |    +0.1% |   -1.212 |     -572.9 |      -86.9 |   3769 | rsp_data_o[0]
     523* |       5 |      97 |       60 |      6 |    16 |    +0.1% |   -1.212 |     -572.9 |      -86.9 |   3769 | rsp_data_o[0]
     524* |       5 |      97 |       60 |      6 |    16 |    +0.1% |   -1.212 |     -572.9 |      -86.9 |   3769 | rsp_data_o[0]
     525* |       5 |      97 |       60 |      6 |    16 |    +0.1% |   -1.212 |     -572.9 |      -86.9 |   3769 | rsp_data_o[0]
     526* |       5 |      97 |       60 |      6 |    16 |    +0.1% |   -1.212 |     -572.9 |      -86.9 |   3769 | rsp_data_o[0]
     527* |       5 |      97 |       60 |      6 |    16 |    +0.1% |   -1.212 |     -572.9 |      -86.9 |   3769 | rsp_data_o[0]
     528* |       5 |      97 |       60 |      6 |    16 |    +0.1% |   -1.212 |     -572.9 |      -86.9 |   3769 | rsp_data_o[0]
     529* |       5 |      97 |       60 |      6 |    16 |    +0.1% |   -1.212 |     -572.9 |      -86.9 |   3769 | rsp_data_o[0]
     530* |       5 |      97 |       60 |      6 |    16 |    +0.1% |   -1.212 |     -572.9 |      -86.9 |   3769 | rsp_data_o[0]
     530* |       5 |      97 |       60 |      6 |    16 |    +0.1% |   -1.212 |     -572.9 |      -86.9 |   3769 | rsp_data_o[0]
     531* |       5 |      97 |       60 |      6 |    16 |    +0.1% |   -1.212 |     -572.9 |      -86.9 |   3769 | rsp_data_o[0]
     532* |       5 |      97 |       60 |      6 |    16 |    +0.1% |   -1.212 |     -572.9 |      -86.9 |   3769 | rsp_data_o[0]
     533* |       5 |      97 |       60 |      6 |    16 |    +0.1% |   -1.212 |     -572.9 |      -86.9 |   3769 | rsp_data_o[0]
     534* |       5 |      97 |       60 |      6 |    16 |    +0.1% |   -1.212 |     -572.9 |      -86.9 |   3769 | rsp_data_o[0]
     535* |       5 |      97 |       60 |      6 |    16 |    +0.1% |   -1.212 |     -572.9 |      -86.9 |   3769 | rsp_data_o[0]
     536* |       5 |      97 |       60 |      6 |    16 |    +0.1% |   -1.212 |     -572.9 |      -86.9 |   3769 | rsp_data_o[0]
     537* |       5 |      97 |       60 |      6 |    16 |    +0.1% |   -1.212 |     -572.9 |      -86.9 |   3769 | rsp_data_o[0]
     538* |       5 |      97 |       60 |      6 |    16 |    +0.1% |   -1.212 |     -572.9 |      -86.9 |   3769 | rsp_data_o[0]
     539* |       5 |      97 |       60 |      6 |    16 |    +0.1% |   -1.212 |     -572.9 |      -86.9 |   3769 | rsp_data_o[0]
     540* |       5 |      97 |       60 |      6 |    16 |    +0.1% |   -1.212 |     -572.9 |      -86.9 |   3769 | rsp_data_o[0]
     540* |       5 |      97 |       60 |      6 |    16 |    +0.1% |   -1.212 |     -572.9 |      -86.9 |   3769 | rsp_data_o[0]
     541* |       5 |      97 |       60 |      6 |    16 |    +0.1% |   -1.212 |     -572.9 |      -86.9 |   3769 | rsp_data_o[0]
     542* |       5 |      97 |       60 |      6 |    16 |    +0.1% |   -1.212 |     -572.9 |      -86.9 |   3769 | rsp_data_o[0]
     543* |       5 |      97 |       60 |      6 |    16 |    +0.1% |   -1.212 |     -572.9 |      -86.9 |   3769 | rsp_data_o[0]
     544* |       5 |      97 |       60 |      6 |    16 |    +0.1% |   -1.212 |     -572.9 |      -86.9 |   3769 | rsp_data_o[0]
     545* |       5 |      97 |       60 |      6 |    16 |    +0.1% |   -1.212 |     -572.9 |      -86.9 |   3769 | rsp_data_o[0]
     546* |       5 |      97 |       60 |      6 |    16 |    +0.1% |   -1.212 |     -572.9 |      -86.9 |   3769 | rsp_data_o[0]
     547* |       5 |      97 |       60 |      6 |    16 |    +0.1% |   -1.212 |     -572.9 |      -86.9 |   3769 | rsp_data_o[0]
     548* |       5 |      97 |       60 |      6 |    16 |    +0.1% |   -1.212 |     -572.9 |      -86.9 |   3769 | rsp_data_o[0]
     549* |       5 |      97 |       60 |      6 |    16 |    +0.1% |   -1.212 |     -572.9 |      -86.9 |   3769 | rsp_data_o[0]
     550* |       5 |      97 |       60 |      6 |    16 |    +0.1% |   -1.212 |     -572.9 |      -86.9 |   3769 | rsp_data_o[0]
     550* |       5 |      97 |       60 |      6 |    16 |    +0.1% |   -1.212 |     -572.9 |      -86.9 |   3769 | rsp_data_o[0]
     551* |       5 |      97 |       60 |      6 |    16 |    +0.1% |   -1.212 |     -572.9 |      -86.9 |   3769 | rsp_data_o[0]
     552* |       5 |      97 |       60 |      6 |    16 |    +0.1% |   -1.212 |     -572.9 |      -86.9 |   3769 | rsp_data_o[0]
     553* |       5 |      97 |       60 |      6 |    16 |    +0.1% |   -1.212 |     -572.9 |      -86.9 |   3769 | rsp_data_o[0]
     554* |       5 |      97 |       60 |      6 |    16 |    +0.1% |   -1.212 |     -572.9 |      -86.9 |   3769 | rsp_data_o[0]
     555* |       5 |      97 |       60 |      6 |    16 |    +0.1% |   -1.212 |     -572.9 |      -86.9 |   3769 | rsp_data_o[0]
     556* |       5 |      97 |       60 |      6 |    16 |    +0.1% |   -1.212 |     -572.9 |      -86.9 |   3769 | rsp_data_o[0]
     557* |       5 |      97 |       60 |      6 |    16 |    +0.1% |   -1.212 |     -572.9 |      -86.9 |   3769 | rsp_data_o[0]
     558* |       5 |      97 |       60 |      6 |    16 |    +0.1% |   -1.212 |     -572.9 |      -86.9 |   3769 | rsp_data_o[0]
     559* |       5 |      97 |       60 |      6 |    16 |    +0.1% |   -1.212 |     -572.9 |      -86.9 |   3769 | rsp_data_o[0]
     560* |       5 |      97 |       60 |      6 |    16 |    +0.1% |   -1.212 |     -572.9 |      -86.9 |   3769 | rsp_data_o[0]
     560* |       5 |      97 |       60 |      6 |    16 |    +0.1% |   -1.212 |     -572.9 |      -86.9 |   3769 | rsp_data_o[0]
     561* |       5 |      97 |       60 |      6 |    16 |    +0.1% |   -1.212 |     -572.9 |      -86.9 |   3769 | rsp_data_o[0]
     562* |       5 |      97 |       60 |      6 |    16 |    +0.1% |   -1.212 |     -572.9 |      -86.9 |   3769 | rsp_data_o[0]
     563* |       5 |      97 |       60 |      6 |    16 |    +0.1% |   -1.212 |     -572.9 |      -86.9 |   3769 | rsp_data_o[0]
     564* |       5 |      97 |       60 |      6 |    16 |    +0.1% |   -1.212 |     -572.9 |      -86.9 |   3769 | rsp_data_o[0]
     565* |       5 |      97 |       60 |      6 |    16 |    +0.1% |   -1.212 |     -572.9 |      -86.9 |   3769 | rsp_data_o[0]
     566* |       5 |      97 |       60 |      6 |    16 |    +0.1% |   -1.212 |     -572.9 |      -86.9 |   3769 | rsp_data_o[0]
     567* |       5 |      97 |       60 |      6 |    16 |    +0.1% |   -1.212 |     -572.9 |      -86.9 |   3769 | rsp_data_o[0]
     568* |       5 |      97 |       60 |      6 |    16 |    +0.1% |   -1.212 |     -572.9 |      -86.9 |   3769 | rsp_data_o[0]
     569* |       5 |      97 |       60 |      6 |    16 |    +0.1% |   -1.212 |     -572.9 |      -86.9 |   3769 | rsp_data_o[0]
     570* |       5 |      97 |       60 |      6 |    16 |    +0.1% |   -1.212 |     -572.9 |      -86.9 |   3769 | rsp_data_o[0]
     570* |       5 |      97 |       60 |      6 |    16 |    +0.1% |   -1.212 |     -572.9 |      -86.9 |   3769 | rsp_data_o[0]
     571* |       5 |      97 |       60 |      6 |    16 |    +0.1% |   -1.212 |     -572.9 |      -86.9 |   3769 | rsp_data_o[0]
     572* |       5 |      97 |       60 |      6 |    16 |    +0.1% |   -1.212 |     -572.9 |      -86.9 |   3769 | rsp_data_o[0]
     573* |       5 |      97 |       60 |      6 |    16 |    +0.1% |   -1.212 |     -572.9 |      -86.9 |   3769 | rsp_data_o[0]
     574* |       5 |      97 |       60 |      6 |    16 |    +0.1% |   -1.212 |     -572.9 |      -86.9 |   3769 | rsp_data_o[0]
     575* |       5 |      97 |       60 |      6 |    16 |    +0.1% |   -1.212 |     -572.9 |      -86.9 |   3769 | rsp_data_o[0]
     576* |       5 |      97 |       60 |      6 |    16 |    +0.1% |   -1.212 |     -572.9 |      -86.9 |   3769 | rsp_data_o[0]
     577* |       5 |      97 |       60 |      6 |    16 |    +0.1% |   -1.212 |     -572.9 |      -86.9 |   3769 | rsp_data_o[0]
     578* |       5 |      97 |       60 |      6 |    16 |    +0.1% |   -1.212 |     -572.9 |      -86.9 |   3769 | rsp_data_o[0]
     579* |       5 |      97 |       60 |      6 |    16 |    +0.1% |   -1.212 |     -572.9 |      -86.9 |   3769 | rsp_data_o[0]
     580* |       5 |      97 |       60 |      6 |    16 |    +0.1% |   -1.212 |     -572.9 |      -86.9 |   3769 | rsp_data_o[0]
     580* |       5 |      97 |       60 |      6 |    16 |    +0.1% |   -1.212 |     -572.9 |      -86.9 |   3769 | rsp_data_o[0]
     581* |       5 |      97 |       60 |      6 |    16 |    +0.1% |   -1.212 |     -572.9 |      -86.9 |   3769 | rsp_data_o[0]
     582* |       5 |      97 |       60 |      6 |    16 |    +0.1% |   -1.212 |     -572.9 |      -86.9 |   3769 | rsp_data_o[0]
     583* |       5 |      97 |       60 |      6 |    16 |    +0.1% |   -1.212 |     -572.9 |      -86.9 |   3769 | rsp_data_o[0]
     584* |       5 |      97 |       60 |      6 |    16 |    +0.1% |   -1.212 |     -572.9 |      -86.9 |   3769 | rsp_data_o[0]
     585* |       5 |      97 |       60 |      6 |    16 |    +0.1% |   -1.212 |     -572.9 |      -86.9 |   3769 | rsp_data_o[0]
     586* |       5 |      97 |       60 |      6 |    16 |    +0.1% |   -1.212 |     -572.9 |      -86.9 |   3769 | rsp_data_o[0]
     587* |       5 |      97 |       60 |      6 |    16 |    +0.1% |   -1.212 |     -572.9 |      -86.9 |   3769 | rsp_data_o[0]
     588* |       5 |      97 |       60 |      6 |    16 |    +0.1% |   -1.212 |     -572.9 |      -86.9 |   3769 | rsp_data_o[0]
     589* |       5 |      97 |       60 |      6 |    16 |    +0.1% |   -1.212 |     -572.9 |      -86.9 |   3769 | rsp_data_o[0]
     590* |       5 |      97 |       60 |      6 |    16 |    +0.1% |   -1.212 |     -572.9 |      -86.9 |   3769 | rsp_data_o[0]
     590* |       5 |      97 |       60 |      6 |    16 |    +0.1% |   -1.212 |     -572.9 |      -86.9 |   3769 | rsp_data_o[0]
     591* |       5 |      97 |       60 |      6 |    16 |    +0.1% |   -1.212 |     -572.9 |      -86.9 |   3769 | rsp_data_o[0]
     592* |       5 |      97 |       60 |      6 |    16 |    +0.1% |   -1.212 |     -572.9 |      -86.9 |   3769 | rsp_data_o[0]
     593* |       5 |      97 |       60 |      6 |    16 |    +0.1% |   -1.212 |     -572.9 |      -86.9 |   3769 | rsp_data_o[0]
     594* |       5 |      97 |       60 |      6 |    16 |    +0.1% |   -1.212 |     -572.9 |      -86.9 |   3769 | rsp_data_o[0]
     595* |       5 |      97 |       60 |      6 |    16 |    +0.1% |   -1.212 |     -572.9 |      -86.9 |   3769 | rsp_data_o[0]
     596* |       5 |      97 |       60 |      6 |    16 |    +0.1% |   -1.212 |     -572.9 |      -86.9 |   3769 | rsp_data_o[0]
     597* |       5 |      97 |       60 |      6 |    16 |    +0.1% |   -1.212 |     -572.9 |      -86.9 |   3769 | rsp_data_o[0]
     598* |       5 |      97 |       60 |      6 |    16 |    +0.1% |   -1.212 |     -572.9 |      -86.9 |   3769 | rsp_data_o[0]
     599* |       5 |      97 |       60 |      6 |    16 |    +0.1% |   -1.212 |     -572.9 |      -86.9 |   3769 | rsp_data_o[0]
     600* |       5 |      97 |       60 |      6 |    16 |    +0.1% |   -1.212 |     -572.9 |      -86.9 |   3769 | rsp_data_o[0]
     600* |       5 |      97 |       60 |      6 |    16 |    +0.1% |   -1.212 |     -572.9 |      -86.9 |   3769 | rsp_data_o[0]
     601* |       5 |      97 |       60 |      6 |    16 |    +0.1% |   -1.212 |     -572.9 |      -86.9 |   3769 | rsp_data_o[0]
     602* |       5 |      97 |       60 |      6 |    16 |    +0.1% |   -1.212 |     -572.9 |      -86.9 |   3769 | rsp_data_o[0]
     603* |       5 |      97 |       60 |      6 |    16 |    +0.1% |   -1.212 |     -572.9 |      -86.9 |   3769 | rsp_data_o[0]
     604* |       5 |      97 |       60 |      6 |    16 |    +0.1% |   -1.212 |     -572.9 |      -86.9 |   3769 | rsp_data_o[0]
     605* |       5 |      97 |       60 |      6 |    16 |    +0.1% |   -1.212 |     -572.9 |      -86.9 |   3769 | rsp_data_o[0]
     606* |       5 |      97 |       60 |      6 |    16 |    +0.1% |   -1.212 |     -572.9 |      -86.9 |   3769 | rsp_data_o[0]
     607* |       5 |      97 |       60 |      6 |    16 |    +0.1% |   -1.212 |     -572.9 |      -86.9 |   3769 | rsp_data_o[0]
     608* |       5 |      97 |       60 |      6 |    16 |    +0.1% |   -1.212 |     -572.9 |      -86.9 |   3769 | rsp_data_o[0]
     609* |       5 |      97 |       60 |      6 |    16 |    +0.1% |   -1.212 |     -572.9 |      -86.9 |   3769 | rsp_data_o[0]
     610* |       5 |      97 |       60 |      6 |    16 |    +0.1% |   -1.212 |     -572.9 |      -86.9 |   3769 | rsp_data_o[0]
     610* |       5 |      97 |       60 |      6 |    16 |    +0.1% |   -1.212 |     -572.9 |      -86.9 |   3769 | rsp_data_o[0]
     611* |       5 |      97 |       60 |      6 |    16 |    +0.1% |   -1.212 |     -572.9 |      -86.9 |   3769 | rsp_data_o[0]
     612* |       5 |      97 |       60 |      6 |    16 |    +0.1% |   -1.212 |     -572.9 |      -86.9 |   3769 | rsp_data_o[0]
     613* |       5 |      97 |       60 |      6 |    16 |    +0.1% |   -1.212 |     -572.9 |      -86.9 |   3769 | rsp_data_o[0]
     614* |       5 |      97 |       60 |      6 |    16 |    +0.1% |   -1.212 |     -572.9 |      -86.9 |   3769 | rsp_data_o[0]
     615* |       5 |      97 |       60 |      6 |    16 |    +0.1% |   -1.212 |     -572.9 |      -86.9 |   3769 | rsp_data_o[0]
     616* |       5 |      97 |       60 |      6 |    16 |    +0.1% |   -1.212 |     -572.9 |      -86.9 |   3769 | rsp_data_o[0]
     617* |       5 |      97 |       60 |      6 |    16 |    +0.1% |   -1.212 |     -572.9 |      -86.9 |   3769 | rsp_data_o[0]
     618* |       5 |      97 |       60 |      6 |    16 |    +0.1% |   -1.212 |     -572.9 |      -86.9 |   3769 | rsp_data_o[0]
     619* |       5 |      97 |       60 |      6 |    16 |    +0.1% |   -1.212 |     -572.9 |      -86.9 |   3769 | rsp_data_o[0]
     620* |       5 |      97 |       60 |      6 |    16 |    +0.1% |   -1.212 |     -572.9 |      -86.9 |   3769 | rsp_data_o[0]
     620* |       5 |      97 |       60 |      6 |    16 |    +0.1% |   -1.212 |     -572.9 |      -86.9 |   3769 | rsp_data_o[0]
     621* |       5 |      97 |       60 |      6 |    16 |    +0.1% |   -1.212 |     -572.9 |      -86.9 |   3769 | rsp_data_o[0]
     622* |       5 |      97 |       60 |      6 |    16 |    +0.1% |   -1.212 |     -572.9 |      -86.9 |   3769 | rsp_data_o[0]
     623* |       5 |      97 |       60 |      6 |    16 |    +0.1% |   -1.212 |     -572.9 |      -86.9 |   3769 | rsp_data_o[0]
     624* |       5 |      97 |       60 |      6 |    16 |    +0.1% |   -1.212 |     -572.9 |      -86.9 |   3769 | rsp_data_o[0]
     625* |       5 |      97 |       60 |      6 |    16 |    +0.1% |   -1.212 |     -572.9 |      -86.9 |   3769 | rsp_data_o[0]
     626* |       5 |      97 |       60 |      6 |    16 |    +0.1% |   -1.212 |     -572.9 |      -86.9 |   3769 | rsp_data_o[0]
     627* |       5 |      97 |       60 |      6 |    16 |    +0.1% |   -1.212 |     -572.9 |      -86.9 |   3769 | rsp_data_o[0]
     628* |       5 |      97 |       60 |      6 |    16 |    +0.1% |   -1.212 |     -572.9 |      -86.9 |   3769 | rsp_data_o[0]
     629* |       5 |      97 |       60 |      6 |    16 |    +0.1% |   -1.212 |     -572.9 |      -86.9 |   3769 | rsp_data_o[0]
     630* |       5 |      97 |       60 |      6 |    16 |    +0.1% |   -1.212 |     -572.9 |      -86.9 |   3769 | rsp_data_o[0]
     630* |       5 |      97 |       60 |      6 |    16 |    +0.1% |   -1.212 |     -572.9 |      -86.9 |   3769 | rsp_data_o[0]
     631* |       5 |      97 |       60 |      6 |    16 |    +0.1% |   -1.212 |     -572.9 |      -86.9 |   3769 | rsp_data_o[0]
     632* |       5 |      97 |       60 |      6 |    16 |    +0.1% |   -1.212 |     -572.9 |      -86.9 |   3769 | rsp_data_o[0]
     633* |       5 |      97 |       60 |      6 |    16 |    +0.1% |   -1.212 |     -572.9 |      -86.9 |   3769 | rsp_data_o[0]
     634* |       5 |      97 |       60 |      6 |    16 |    +0.1% |   -1.212 |     -572.9 |      -86.9 |   3769 | rsp_data_o[0]
     635* |       5 |      97 |       60 |      6 |    16 |    +0.1% |   -1.212 |     -572.9 |      -86.9 |   3769 | rsp_data_o[0]
     636* |       5 |      97 |       60 |      6 |    16 |    +0.1% |   -1.212 |     -572.9 |      -86.9 |   3769 | rsp_data_o[0]
     637* |       5 |      97 |       60 |      6 |    16 |    +0.1% |   -1.212 |     -572.9 |      -86.9 |   3769 | rsp_data_o[0]
     638* |       5 |      97 |       60 |      6 |    16 |    +0.1% |   -1.212 |     -572.9 |      -86.9 |   3769 | rsp_data_o[0]
     639* |       5 |      97 |       60 |      6 |    16 |    +0.1% |   -1.212 |     -572.9 |      -86.9 |   3769 | rsp_data_o[0]
     640* |       5 |      97 |       60 |      6 |    16 |    +0.1% |   -1.212 |     -572.9 |      -86.9 |   3769 | rsp_data_o[0]
     640* |       5 |      97 |       60 |      6 |    16 |    +0.1% |   -1.212 |     -572.9 |      -86.9 |   3769 | rsp_data_o[0]
     641* |       5 |      97 |       60 |      6 |    16 |    +0.1% |   -1.212 |     -572.9 |      -86.9 |   3769 | rsp_data_o[0]
     642* |       5 |      97 |       60 |      6 |    16 |    +0.1% |   -1.212 |     -572.9 |      -86.9 |   3769 | rsp_data_o[0]
     643* |       5 |      97 |       60 |      6 |    16 |    +0.1% |   -1.212 |     -572.9 |      -86.9 |   3769 | rsp_data_o[0]
     644* |       5 |      97 |       60 |      6 |    16 |    +0.1% |   -1.212 |     -572.9 |      -86.9 |   3769 | rsp_data_o[0]
     645* |       5 |      97 |       60 |      6 |    16 |    +0.1% |   -1.212 |     -572.9 |      -86.9 |   3769 | rsp_data_o[0]
     646* |       5 |      97 |       60 |      6 |    16 |    +0.1% |   -1.212 |     -572.9 |      -86.9 |   3769 | rsp_data_o[0]
     647* |       5 |      97 |       60 |      6 |    16 |    +0.1% |   -1.212 |     -572.9 |      -86.9 |   3769 | rsp_data_o[0]
     648* |       5 |      97 |       60 |      6 |    16 |    +0.1% |   -1.212 |     -572.9 |      -86.9 |   3769 | rsp_data_o[0]
     649* |       5 |      97 |       60 |      6 |    16 |    +0.1% |   -1.212 |     -572.9 |      -86.9 |   3769 | rsp_data_o[0]
     650* |       5 |      97 |       60 |      6 |    16 |    +0.1% |   -1.212 |     -572.9 |      -86.9 |   3769 | rsp_data_o[0]
     650* |       5 |      97 |       60 |      6 |    16 |    +0.1% |   -1.212 |     -572.9 |      -86.9 |   3769 | rsp_data_o[0]
     651* |       5 |      97 |       60 |      6 |    16 |    +0.1% |   -1.212 |     -572.9 |      -86.9 |   3769 | rsp_data_o[0]
     652* |       5 |      97 |       60 |      6 |    16 |    +0.1% |   -1.212 |     -572.9 |      -86.9 |   3769 | rsp_data_o[0]
     653* |       5 |      97 |       60 |      6 |    16 |    +0.1% |   -1.212 |     -572.9 |      -86.9 |   3769 | rsp_data_o[0]
     654* |       5 |      97 |       60 |      6 |    16 |    +0.1% |   -1.212 |     -572.9 |      -86.9 |   3769 | rsp_data_o[0]
     655* |       5 |      97 |       60 |      6 |    16 |    +0.1% |   -1.212 |     -572.9 |      -86.9 |   3769 | rsp_data_o[0]
     656* |       5 |      97 |       60 |      6 |    16 |    +0.1% |   -1.212 |     -572.9 |      -86.9 |   3769 | rsp_data_o[0]
     657* |       5 |      97 |       60 |      6 |    16 |    +0.1% |   -1.212 |     -572.9 |      -86.9 |   3769 | rsp_data_o[0]
     658* |       5 |      97 |       60 |      6 |    16 |    +0.1% |   -1.212 |     -572.9 |      -86.9 |   3769 | rsp_data_o[0]
     659* |       5 |      97 |       60 |      6 |    16 |    +0.1% |   -1.212 |     -572.9 |      -86.9 |   3769 | rsp_data_o[0]
     660* |       5 |      97 |       60 |      6 |    16 |    +0.1% |   -1.212 |     -572.9 |      -86.9 |   3769 | rsp_data_o[0]
     660* |       5 |      97 |       60 |      6 |    16 |    +0.1% |   -1.212 |     -572.9 |      -86.9 |   3769 | rsp_data_o[0]
     661* |       5 |      97 |       60 |      6 |    16 |    +0.1% |   -1.212 |     -572.9 |      -86.9 |   3769 | rsp_data_o[0]
     662* |       5 |      97 |       60 |      6 |    16 |    +0.1% |   -1.212 |     -572.9 |      -86.9 |   3769 | rsp_data_o[0]
     663* |       5 |      97 |       60 |      6 |    16 |    +0.1% |   -1.212 |     -572.9 |      -86.9 |   3769 | rsp_data_o[0]
     664* |       5 |      97 |       60 |      6 |    16 |    +0.1% |   -1.212 |     -572.9 |      -86.9 |   3769 | rsp_data_o[0]
     665* |       5 |      97 |       60 |      6 |    16 |    +0.1% |   -1.212 |     -572.9 |      -86.9 |   3769 | rsp_data_o[0]
     666* |       5 |      97 |       60 |      6 |    16 |    +0.1% |   -1.212 |     -572.9 |      -86.9 |   3769 | rsp_data_o[0]
     667* |       5 |      97 |       60 |      6 |    16 |    +0.1% |   -1.212 |     -572.9 |      -86.9 |   3769 | rsp_data_o[0]
     668* |       5 |      97 |       60 |      6 |    16 |    +0.1% |   -1.212 |     -572.9 |      -86.9 |   3769 | rsp_data_o[0]
     669* |       5 |      97 |       60 |      6 |    16 |    +0.1% |   -1.212 |     -572.9 |      -86.9 |   3769 | rsp_data_o[0]
     670* |       5 |      97 |       60 |      6 |    16 |    +0.1% |   -1.212 |     -572.9 |      -86.9 |   3769 | rsp_data_o[0]
     670* |       5 |      97 |       60 |      6 |    16 |    +0.1% |   -1.212 |     -572.9 |      -86.9 |   3769 | rsp_data_o[0]
     671* |       5 |      97 |       60 |      6 |    16 |    +0.1% |   -1.212 |     -572.9 |      -86.9 |   3769 | rsp_data_o[0]
     672* |       5 |      97 |       60 |      6 |    16 |    +0.1% |   -1.212 |     -572.9 |      -86.9 |   3769 | rsp_data_o[0]
     674* |       5 |      98 |       60 |      6 |    16 |    +0.1% |   -1.212 |     -572.9 |      -36.3 |   3769 | rsp_data_o[0]
     675* |       5 |      98 |       60 |      6 |    16 |    +0.1% |   -1.212 |     -572.9 |      -36.3 |   3769 | rsp_data_o[0]
     676* |       5 |      98 |       60 |      6 |    16 |    +0.1% |   -1.212 |     -572.9 |      -36.3 |   3769 | rsp_data_o[0]
     677* |       5 |      98 |       60 |      6 |    16 |    +0.1% |   -1.212 |     -572.9 |      -36.3 |   3769 | rsp_data_o[0]
     678* |       5 |      98 |       60 |      6 |    16 |    +0.1% |   -1.212 |     -572.9 |      -36.3 |   3769 | rsp_data_o[0]
     679* |       5 |      98 |       60 |      6 |    16 |    +0.1% |   -1.212 |     -572.9 |      -36.3 |   3769 | rsp_data_o[0]
     680* |       5 |      98 |       60 |      6 |    16 |    +0.1% |   -1.212 |     -572.9 |      -36.3 |   3769 | rsp_data_o[0]
     680* |       5 |      98 |       60 |      6 |    16 |    +0.1% |   -1.212 |     -572.9 |      -36.3 |   3769 | rsp_data_o[0]
     681* |       5 |      98 |       60 |      6 |    16 |    +0.1% |   -1.212 |     -572.9 |      -36.3 |   3769 | rsp_data_o[0]
     682* |       5 |      98 |       60 |      6 |    16 |    +0.1% |   -1.212 |     -572.9 |      -36.3 |   3769 | rsp_data_o[0]
     683* |       5 |      98 |       60 |      6 |    16 |    +0.1% |   -1.212 |     -572.9 |      -36.3 |   3769 | rsp_data_o[0]
     684* |       5 |      98 |       60 |      6 |    16 |    +0.1% |   -1.212 |     -572.9 |      -36.3 |   3769 | rsp_data_o[0]
     685* |       5 |      98 |       60 |      6 |    16 |    +0.1% |   -1.212 |     -572.9 |      -36.3 |   3769 | rsp_data_o[0]
     686* |       5 |      98 |       60 |      6 |    16 |    +0.1% |   -1.212 |     -572.9 |      -36.3 |   3769 | rsp_data_o[0]
     687* |       5 |      98 |       60 |      6 |    16 |    +0.1% |   -1.212 |     -572.9 |      -36.3 |   3769 | rsp_data_o[0]
     688* |       5 |      98 |       60 |      6 |    16 |    +0.1% |   -1.212 |     -572.9 |      -36.3 |   3769 | rsp_data_o[0]
     689* |       5 |      98 |       60 |      6 |    16 |    +0.1% |   -1.212 |     -572.9 |      -36.3 |   3769 | rsp_data_o[0]
     690* |       5 |      98 |       60 |      6 |    16 |    +0.1% |   -1.212 |     -572.9 |      -36.3 |   3769 | rsp_data_o[0]
     690* |       5 |      98 |       60 |      6 |    16 |    +0.1% |   -1.212 |     -572.9 |      -36.3 |   3769 | rsp_data_o[0]
     691* |       5 |      98 |       60 |      6 |    16 |    +0.1% |   -1.212 |     -572.9 |      -36.3 |   3769 | rsp_data_o[0]
     692* |       5 |      98 |       60 |      6 |    16 |    +0.1% |   -1.212 |     -572.9 |      -36.3 |   3769 | rsp_data_o[0]
     693* |       5 |      98 |       60 |      6 |    16 |    +0.1% |   -1.212 |     -572.9 |      -36.3 |   3769 | rsp_data_o[0]
     694* |       5 |      98 |       60 |      6 |    16 |    +0.1% |   -1.212 |     -572.9 |      -36.3 |   3769 | rsp_data_o[0]
     695* |       5 |      98 |       60 |      6 |    16 |    +0.1% |   -1.212 |     -572.9 |      -36.3 |   3769 | rsp_data_o[0]
     696* |       5 |      98 |       60 |      6 |    16 |    +0.1% |   -1.212 |     -572.9 |      -36.3 |   3769 | rsp_data_o[0]
     697* |       5 |      98 |       60 |      6 |    16 |    +0.1% |   -1.212 |     -572.9 |      -36.3 |   3769 | rsp_data_o[0]
     698* |       5 |      98 |       60 |      6 |    16 |    +0.1% |   -1.212 |     -572.9 |      -36.3 |   3769 | rsp_data_o[0]
     699* |       5 |      98 |       60 |      6 |    16 |    +0.1% |   -1.212 |     -572.9 |      -36.3 |   3769 | rsp_data_o[0]
     700* |       5 |      98 |       60 |      6 |    16 |    +0.1% |   -1.212 |     -572.9 |      -36.3 |   3769 | rsp_data_o[0]
     700* |       5 |      98 |       60 |      6 |    16 |    +0.1% |   -1.212 |     -572.9 |      -36.3 |   3769 | rsp_data_o[0]
     701* |       5 |      98 |       60 |      6 |    16 |    +0.1% |   -1.212 |     -572.9 |      -36.3 |   3769 | rsp_data_o[0]
     702* |       5 |      98 |       60 |      6 |    16 |    +0.1% |   -1.212 |     -572.9 |      -36.3 |   3769 | rsp_data_o[0]
     703* |       5 |      98 |       60 |      6 |    16 |    +0.1% |   -1.212 |     -572.9 |      -36.3 |   3769 | rsp_data_o[0]
     704* |       5 |      98 |       60 |      6 |    16 |    +0.1% |   -1.212 |     -572.9 |      -36.3 |   3769 | rsp_data_o[0]
     705* |       5 |      98 |       60 |      6 |    16 |    +0.1% |   -1.212 |     -572.9 |      -36.3 |   3769 | rsp_data_o[0]
     706* |       5 |      98 |       60 |      6 |    16 |    +0.1% |   -1.212 |     -572.9 |      -36.3 |   3769 | rsp_data_o[0]
     707* |       5 |      98 |       60 |      6 |    16 |    +0.1% |   -1.212 |     -572.9 |      -36.3 |   3769 | rsp_data_o[0]
     708* |       5 |      98 |       60 |      6 |    16 |    +0.1% |   -1.212 |     -572.9 |      -36.3 |   3769 | rsp_data_o[0]
     709* |       5 |      98 |       60 |      6 |    16 |    +0.1% |   -1.212 |     -572.9 |      -36.3 |   3769 | rsp_data_o[0]
     710* |       5 |      98 |       60 |      6 |    16 |    +0.1% |   -1.212 |     -572.9 |      -36.3 |   3769 | rsp_data_o[0]
     710* |       5 |      98 |       60 |      6 |    16 |    +0.1% |   -1.212 |     -572.9 |      -36.3 |   3769 | rsp_data_o[0]
     711* |       5 |      98 |       60 |      6 |    16 |    +0.1% |   -1.212 |     -572.9 |      -36.3 |   3769 | rsp_data_o[0]
     712* |       5 |      98 |       60 |      6 |    16 |    +0.1% |   -1.212 |     -572.9 |      -36.3 |   3769 | rsp_data_o[0]
     713* |       5 |      98 |       60 |      6 |    16 |    +0.1% |   -1.212 |     -572.9 |      -36.3 |   3769 | rsp_data_o[0]
     714* |       5 |      98 |       60 |      6 |    16 |    +0.1% |   -1.212 |     -572.9 |      -36.3 |   3769 | rsp_data_o[0]
     715* |       5 |      98 |       60 |      6 |    16 |    +0.1% |   -1.212 |     -572.9 |      -36.3 |   3769 | rsp_data_o[0]
     716* |       5 |      98 |       60 |      6 |    16 |    +0.1% |   -1.212 |     -572.9 |      -36.3 |   3769 | rsp_data_o[0]
     717* |       5 |      98 |       60 |      6 |    16 |    +0.1% |   -1.212 |     -572.9 |      -36.3 |   3769 | rsp_data_o[0]
     718* |       5 |      98 |       60 |      6 |    16 |    +0.1% |   -1.212 |     -572.9 |      -36.3 |   3769 | rsp_data_o[0]
     719* |       5 |      98 |       60 |      6 |    16 |    +0.1% |   -1.212 |     -572.9 |      -36.3 |   3769 | rsp_data_o[0]
     720* |       5 |      98 |       60 |      6 |    16 |    +0.1% |   -1.212 |     -572.9 |      -36.3 |   3769 | rsp_data_o[0]
     720* |       5 |      98 |       60 |      6 |    16 |    +0.1% |   -1.212 |     -572.9 |      -36.3 |   3769 | rsp_data_o[0]
     721* |       5 |      98 |       60 |      6 |    16 |    +0.1% |   -1.212 |     -572.9 |      -36.3 |   3769 | rsp_data_o[0]
     722* |       5 |      98 |       60 |      6 |    16 |    +0.1% |   -1.212 |     -572.9 |      -36.3 |   3769 | rsp_data_o[0]
     723* |       5 |      98 |       60 |      6 |    16 |    +0.1% |   -1.212 |     -572.9 |      -36.3 |   3769 | rsp_data_o[0]
     724* |       5 |      98 |       60 |      6 |    16 |    +0.1% |   -1.212 |     -572.9 |      -36.3 |   3769 | rsp_data_o[0]
     725* |       5 |      98 |       60 |      6 |    16 |    +0.1% |   -1.212 |     -572.9 |      -36.3 |   3769 | rsp_data_o[0]
     726* |       5 |      98 |       60 |      6 |    16 |    +0.1% |   -1.212 |     -572.9 |      -36.3 |   3769 | rsp_data_o[0]
     727* |       5 |      98 |       60 |      6 |    16 |    +0.1% |   -1.212 |     -572.9 |      -36.3 |   3769 | rsp_data_o[0]
     728* |       5 |      98 |       60 |      6 |    16 |    +0.1% |   -1.212 |     -572.9 |      -36.3 |   3769 | rsp_data_o[0]
     729* |       5 |      98 |       60 |      6 |    16 |    +0.1% |   -1.212 |     -572.9 |      -36.3 |   3769 | rsp_data_o[0]
     730* |       5 |      98 |       60 |      6 |    16 |    +0.1% |   -1.212 |     -572.9 |      -36.3 |   3769 | rsp_data_o[0]
     730* |       5 |      98 |       60 |      6 |    16 |    +0.1% |   -1.212 |     -572.9 |      -36.3 |   3769 | rsp_data_o[0]
     731* |       5 |      98 |       60 |      6 |    16 |    +0.1% |   -1.212 |     -572.9 |      -36.3 |   3769 | rsp_data_o[0]
     732* |       5 |      98 |       60 |      6 |    16 |    +0.1% |   -1.212 |     -572.9 |      -36.3 |   3769 | rsp_data_o[0]
     733* |       5 |      98 |       60 |      6 |    16 |    +0.1% |   -1.212 |     -572.9 |      -36.3 |   3769 | rsp_data_o[0]
     734* |       5 |      98 |       60 |      6 |    16 |    +0.1% |   -1.212 |     -572.9 |      -36.3 |   3769 | rsp_data_o[0]
     735* |       5 |      98 |       60 |      6 |    16 |    +0.1% |   -1.212 |     -572.9 |      -36.3 |   3769 | rsp_data_o[0]
     736* |       5 |      98 |       60 |      6 |    16 |    +0.1% |   -1.212 |     -572.9 |      -36.3 |   3769 | rsp_data_o[0]
     737* |       5 |      98 |       60 |      6 |    16 |    +0.1% |   -1.212 |     -572.9 |      -36.3 |   3769 | rsp_data_o[0]
     738* |       5 |      98 |       60 |      6 |    16 |    +0.1% |   -1.212 |     -572.9 |      -36.3 |   3769 | rsp_data_o[0]
     739* |       5 |      98 |       60 |      6 |    16 |    +0.1% |   -1.212 |     -572.9 |      -36.3 |   3769 | rsp_data_o[0]
     740* |       5 |      98 |       60 |      6 |    16 |    +0.1% |   -1.212 |     -572.9 |      -36.3 |   3769 | rsp_data_o[0]
     740* |       5 |      98 |       60 |      6 |    16 |    +0.1% |   -1.212 |     -572.9 |      -36.3 |   3769 | rsp_data_o[0]
     741* |       5 |      98 |       60 |      6 |    16 |    +0.1% |   -1.212 |     -572.9 |      -36.3 |   3769 | rsp_data_o[0]
     742* |       5 |      98 |       60 |      6 |    16 |    +0.1% |   -1.212 |     -572.9 |      -36.3 |   3769 | rsp_data_o[0]
     743* |       5 |      98 |       60 |      6 |    16 |    +0.1% |   -1.212 |     -572.9 |      -36.3 |   3769 | rsp_data_o[0]
     744* |       5 |      98 |       60 |      6 |    16 |    +0.1% |   -1.212 |     -572.9 |      -36.3 |   3769 | rsp_data_o[0]
     745* |       5 |      98 |       60 |      6 |    16 |    +0.1% |   -1.212 |     -572.9 |      -36.3 |   3769 | rsp_data_o[0]
     746* |       5 |      98 |       60 |      6 |    16 |    +0.1% |   -1.212 |     -572.9 |      -36.3 |   3769 | rsp_data_o[0]
     747* |       5 |      98 |       60 |      6 |    16 |    +0.1% |   -1.212 |     -572.9 |      -36.3 |   3769 | rsp_data_o[0]
     748* |       5 |      98 |       60 |      6 |    16 |    +0.1% |   -1.212 |     -572.9 |      -36.3 |   3769 | rsp_data_o[0]
     749* |       5 |      98 |       60 |      6 |    16 |    +0.1% |   -1.212 |     -572.9 |      -36.3 |   3769 | rsp_data_o[0]
     750* |       5 |      98 |       60 |      6 |    16 |    +0.1% |   -1.212 |     -572.9 |      -36.3 |   3769 | rsp_data_o[0]
     750* |       5 |      98 |       60 |      6 |    16 |    +0.1% |   -1.212 |     -572.9 |      -36.3 |   3769 | rsp_data_o[0]
     751* |       5 |      98 |       60 |      6 |    16 |    +0.1% |   -1.212 |     -572.9 |      -36.3 |   3769 | rsp_data_o[0]
     752* |       5 |      98 |       60 |      6 |    16 |    +0.1% |   -1.212 |     -572.9 |      -36.3 |   3769 | rsp_data_o[0]
     753* |       5 |      98 |       60 |      6 |    16 |    +0.1% |   -1.212 |     -572.9 |      -36.3 |   3769 | rsp_data_o[0]
     754* |       5 |      98 |       60 |      6 |    16 |    +0.1% |   -1.212 |     -572.9 |      -36.3 |   3769 | rsp_data_o[0]
     755* |       5 |      98 |       60 |      6 |    16 |    +0.1% |   -1.212 |     -572.9 |      -36.3 |   3769 | rsp_data_o[0]
     756* |       5 |      98 |       60 |      6 |    16 |    +0.1% |   -1.212 |     -572.9 |      -36.3 |   3769 | rsp_data_o[0]
     757* |       5 |      98 |       60 |      6 |    16 |    +0.1% |   -1.212 |     -572.9 |      -36.3 |   3769 | rsp_data_o[0]
     758* |       5 |      98 |       60 |      6 |    16 |    +0.1% |   -1.212 |     -572.9 |      -36.3 |   3769 | rsp_data_o[0]
     759* |       5 |      98 |       60 |      6 |    16 |    +0.1% |   -1.212 |     -572.9 |      -36.3 |   3769 | rsp_data_o[0]
     760* |       5 |      98 |       60 |      6 |    16 |    +0.1% |   -1.212 |     -572.9 |      -36.3 |   3769 | rsp_data_o[0]
     760* |       5 |      98 |       60 |      6 |    16 |    +0.1% |   -1.212 |     -572.9 |      -36.3 |   3769 | rsp_data_o[0]
     761* |       5 |      98 |       60 |      6 |    16 |    +0.1% |   -1.212 |     -572.9 |      -36.3 |   3769 | rsp_data_o[0]
     762* |       5 |      98 |       60 |      6 |    16 |    +0.1% |   -1.212 |     -572.9 |      -36.3 |   3769 | rsp_data_o[0]
     763* |       5 |      98 |       60 |      6 |    16 |    +0.1% |   -1.212 |     -572.9 |      -36.3 |   3769 | rsp_data_o[0]
     764* |       5 |      98 |       60 |      6 |    16 |    +0.1% |   -1.212 |     -572.9 |      -36.3 |   3769 | rsp_data_o[0]
     765* |       5 |      98 |       60 |      6 |    16 |    +0.1% |   -1.212 |     -572.9 |      -36.3 |   3769 | rsp_data_o[0]
     766* |       5 |      98 |       60 |      6 |    16 |    +0.1% |   -1.212 |     -572.9 |      -36.3 |   3769 | rsp_data_o[0]
     767* |       5 |      98 |       60 |      6 |    16 |    +0.1% |   -1.212 |     -572.9 |      -36.3 |   3769 | rsp_data_o[0]
     768* |       5 |      98 |       60 |      6 |    16 |    +0.1% |   -1.212 |     -572.9 |      -36.3 |   3769 | rsp_data_o[0]
     769* |       5 |      98 |       60 |      6 |    16 |    +0.1% |   -1.212 |     -572.9 |      -36.3 |   3769 | rsp_data_o[0]
     770* |       5 |      98 |       60 |      6 |    16 |    +0.1% |   -1.212 |     -572.9 |      -36.3 |   3769 | rsp_data_o[0]
     770* |       5 |      98 |       60 |      6 |    16 |    +0.1% |   -1.212 |     -572.9 |      -36.3 |   3769 | rsp_data_o[0]
     771* |       5 |      98 |       60 |      6 |    16 |    +0.1% |   -1.212 |     -572.9 |      -36.3 |   3769 | rsp_data_o[0]
     772* |       5 |      98 |       60 |      6 |    16 |    +0.1% |   -1.212 |     -572.9 |      -36.3 |   3769 | rsp_data_o[0]
     773* |       5 |      98 |       60 |      6 |    16 |    +0.1% |   -1.212 |     -572.9 |      -36.3 |   3769 | rsp_data_o[0]
     774* |       5 |      98 |       60 |      6 |    16 |    +0.1% |   -1.212 |     -572.9 |      -36.3 |   3769 | rsp_data_o[0]
     775* |       5 |      98 |       60 |      6 |    16 |    +0.1% |   -1.212 |     -572.9 |      -36.3 |   3769 | rsp_data_o[0]
     776* |       5 |      98 |       60 |      6 |    16 |    +0.1% |   -1.212 |     -572.9 |      -36.3 |   3769 | rsp_data_o[0]
     777* |       5 |      98 |       60 |      6 |    16 |    +0.1% |   -1.212 |     -572.9 |      -36.3 |   3769 | rsp_data_o[0]
     778* |       5 |      98 |       60 |      6 |    16 |    +0.1% |   -1.212 |     -572.9 |      -36.3 |   3769 | rsp_data_o[0]
     779* |       5 |      98 |       60 |      6 |    16 |    +0.1% |   -1.212 |     -572.9 |      -36.3 |   3769 | rsp_data_o[0]
     780* |       5 |      98 |       60 |      6 |    16 |    +0.1% |   -1.212 |     -572.9 |      -36.3 |   3769 | rsp_data_o[0]
     780* |       5 |      98 |       60 |      6 |    16 |    +0.1% |   -1.212 |     -572.9 |      -36.3 |   3769 | rsp_data_o[0]
     781* |       5 |      98 |       60 |      6 |    16 |    +0.1% |   -1.212 |     -572.9 |      -36.3 |   3769 | rsp_data_o[0]
     782* |       5 |      98 |       60 |      6 |    16 |    +0.1% |   -1.212 |     -572.9 |      -36.3 |   3769 | rsp_data_o[0]
     783* |       5 |      98 |       60 |      6 |    16 |    +0.1% |   -1.212 |     -572.9 |      -36.3 |   3769 | rsp_data_o[0]
     784* |       5 |      98 |       60 |      6 |    16 |    +0.1% |   -1.212 |     -572.9 |      -36.3 |   3769 | rsp_data_o[0]
     785* |       5 |      98 |       60 |      6 |    16 |    +0.1% |   -1.212 |     -572.9 |      -36.3 |   3769 | rsp_data_o[0]
     786* |       5 |      98 |       60 |      6 |    16 |    +0.1% |   -1.212 |     -572.9 |      -36.3 |   3769 | rsp_data_o[0]
     787* |       5 |      98 |       60 |      6 |    16 |    +0.1% |   -1.212 |     -572.9 |      -36.3 |   3769 | rsp_data_o[0]
     788* |       5 |      98 |       60 |      6 |    16 |    +0.1% |   -1.212 |     -572.9 |      -36.3 |   3769 | rsp_data_o[0]
     789* |       5 |      98 |       60 |      6 |    16 |    +0.1% |   -1.212 |     -572.9 |      -36.3 |   3769 | rsp_data_o[0]
     790* |       5 |      98 |       60 |      6 |    16 |    +0.1% |   -1.212 |     -572.9 |      -36.3 |   3769 | rsp_data_o[0]
     790* |       5 |      98 |       60 |      6 |    16 |    +0.1% |   -1.212 |     -572.9 |      -36.3 |   3769 | rsp_data_o[0]
     791* |       5 |      98 |       60 |      6 |    16 |    +0.1% |   -1.212 |     -572.9 |      -36.3 |   3769 | rsp_data_o[0]
     792* |       5 |      98 |       60 |      6 |    16 |    +0.1% |   -1.212 |     -572.9 |      -36.3 |   3769 | rsp_data_o[0]
     793* |       5 |      98 |       60 |      6 |    16 |    +0.1% |   -1.212 |     -572.9 |      -36.3 |   3769 | rsp_data_o[0]
     794* |       5 |      98 |       60 |      6 |    16 |    +0.1% |   -1.212 |     -572.9 |      -36.3 |   3769 | rsp_data_o[0]
     795* |       5 |      98 |       60 |      6 |    16 |    +0.1% |   -1.212 |     -572.9 |      -36.3 |   3769 | rsp_data_o[0]
     796* |       5 |      98 |       60 |      6 |    16 |    +0.1% |   -1.212 |     -572.9 |      -36.3 |   3769 | rsp_data_o[0]
     797* |       5 |      98 |       60 |      6 |    16 |    +0.1% |   -1.212 |     -572.9 |      -36.3 |   3769 | rsp_data_o[0]
     798* |       5 |      98 |       60 |      6 |    16 |    +0.1% |   -1.212 |     -572.9 |      -36.3 |   3769 | rsp_data_o[0]
     799* |       5 |      98 |       60 |      6 |    16 |    +0.1% |   -1.212 |     -572.9 |      -36.3 |   3769 | rsp_data_o[0]
     800* |       5 |      98 |       60 |      6 |    16 |    +0.1% |   -1.212 |     -572.9 |      -36.3 |   3769 | rsp_data_o[0]
     800* |       5 |      98 |       60 |      6 |    16 |    +0.1% |   -1.212 |     -572.9 |      -36.3 |   3769 | rsp_data_o[0]
     801* |       5 |      98 |       60 |      6 |    16 |    +0.1% |   -1.212 |     -572.9 |      -36.3 |   3769 | rsp_data_o[0]
     802* |       5 |      98 |       60 |      6 |    16 |    +0.1% |   -1.212 |     -572.9 |      -36.3 |   3769 | rsp_data_o[0]
     803* |       5 |      98 |       60 |      6 |    16 |    +0.1% |   -1.212 |     -572.9 |      -36.3 |   3769 | rsp_data_o[0]
     804* |       5 |      98 |       60 |      6 |    16 |    +0.1% |   -1.212 |     -572.9 |      -36.3 |   3769 | rsp_data_o[0]
     805* |       5 |      98 |       60 |      6 |    16 |    +0.1% |   -1.212 |     -572.9 |      -36.3 |   3769 | rsp_data_o[0]
     806* |       5 |      98 |       60 |      6 |    16 |    +0.1% |   -1.212 |     -572.9 |      -36.3 |   3769 | rsp_data_o[0]
     807* |       5 |      98 |       60 |      6 |    16 |    +0.1% |   -1.212 |     -572.9 |      -36.3 |   3769 | rsp_data_o[0]
     808* |       5 |      98 |       60 |      6 |    16 |    +0.1% |   -1.212 |     -572.9 |      -36.3 |   3769 | rsp_data_o[0]
     809* |       5 |      98 |       60 |      6 |    16 |    +0.1% |   -1.212 |     -572.9 |      -36.3 |   3769 | rsp_data_o[0]
     810* |       5 |      98 |       60 |      6 |    16 |    +0.1% |   -1.212 |     -572.9 |      -36.3 |   3769 | rsp_data_o[0]
     810* |       5 |      98 |       60 |      6 |    16 |    +0.1% |   -1.212 |     -572.9 |      -36.3 |   3769 | rsp_data_o[0]
     811* |       5 |      98 |       60 |      6 |    16 |    +0.1% |   -1.212 |     -572.9 |      -36.3 |   3769 | rsp_data_o[0]
     812* |       5 |      98 |       60 |      6 |    16 |    +0.1% |   -1.212 |     -572.9 |      -36.3 |   3769 | rsp_data_o[0]
     813* |       5 |      98 |       60 |      6 |    16 |    +0.1% |   -1.212 |     -572.9 |      -36.3 |   3769 | rsp_data_o[0]
     814* |       5 |      98 |       60 |      6 |    16 |    +0.1% |   -1.212 |     -572.9 |      -36.3 |   3769 | rsp_data_o[0]
     815* |       5 |      98 |       60 |      6 |    16 |    +0.1% |   -1.212 |     -572.9 |      -36.3 |   3769 | rsp_data_o[0]
     816* |       5 |      98 |       60 |      6 |    16 |    +0.1% |   -1.212 |     -572.9 |      -36.3 |   3769 | rsp_data_o[0]
     817* |       5 |      98 |       60 |      6 |    16 |    +0.1% |   -1.212 |     -572.9 |      -36.3 |   3769 | rsp_data_o[0]
     818* |       5 |      98 |       60 |      6 |    16 |    +0.1% |   -1.212 |     -572.9 |      -36.3 |   3769 | rsp_data_o[0]
     819* |       5 |      98 |       60 |      6 |    16 |    +0.1% |   -1.212 |     -572.9 |      -36.3 |   3769 | rsp_data_o[0]
     820* |       5 |      98 |       60 |      6 |    16 |    +0.1% |   -1.212 |     -572.9 |      -36.3 |   3769 | rsp_data_o[0]
     820* |       5 |      98 |       60 |      6 |    16 |    +0.1% |   -1.212 |     -572.9 |      -36.3 |   3769 | rsp_data_o[0]
     821* |       5 |      98 |       60 |      6 |    16 |    +0.1% |   -1.212 |     -572.9 |      -36.3 |   3769 | rsp_data_o[0]
     822* |       5 |      98 |       60 |      6 |    16 |    +0.1% |   -1.212 |     -572.9 |      -36.3 |   3769 | rsp_data_o[0]
     823* |       5 |      98 |       60 |      6 |    16 |    +0.1% |   -1.212 |     -572.9 |      -36.3 |   3769 | rsp_data_o[0]
     824* |       5 |      98 |       60 |      6 |    16 |    +0.1% |   -1.212 |     -572.9 |      -36.3 |   3769 | rsp_data_o[0]
     825* |       5 |      98 |       60 |      6 |    16 |    +0.1% |   -1.212 |     -572.9 |      -36.3 |   3769 | rsp_data_o[0]
     826* |       5 |      98 |       60 |      6 |    16 |    +0.1% |   -1.212 |     -572.9 |      -36.3 |   3769 | rsp_data_o[0]
     827* |       5 |      98 |       60 |      6 |    16 |    +0.1% |   -1.212 |     -572.9 |      -36.3 |   3769 | rsp_data_o[0]
     828* |       5 |      98 |       60 |      6 |    16 |    +0.1% |   -1.212 |     -572.9 |      -36.3 |   3769 | rsp_data_o[0]
     829* |       5 |      98 |       60 |      6 |    16 |    +0.1% |   -1.212 |     -572.9 |      -36.3 |   3769 | rsp_data_o[0]
     830* |       5 |      98 |       60 |      6 |    16 |    +0.1% |   -1.212 |     -572.9 |      -36.3 |   3769 | rsp_data_o[0]
     830* |       5 |      98 |       60 |      6 |    16 |    +0.1% |   -1.212 |     -572.9 |      -36.3 |   3769 | rsp_data_o[0]
     831* |       5 |      98 |       60 |      6 |    16 |    +0.1% |   -1.212 |     -572.9 |      -36.3 |   3769 | rsp_data_o[0]
     832* |       5 |      98 |       60 |      6 |    16 |    +0.1% |   -1.212 |     -572.9 |      -36.3 |   3769 | rsp_data_o[0]
     833* |       5 |      98 |       60 |      6 |    16 |    +0.1% |   -1.212 |     -572.9 |      -36.3 |   3769 | rsp_data_o[0]
     834* |       5 |      98 |       60 |      6 |    16 |    +0.1% |   -1.212 |     -572.9 |      -36.3 |   3769 | rsp_data_o[0]
     835* |       5 |      98 |       60 |      6 |    16 |    +0.1% |   -1.212 |     -572.9 |      -36.3 |   3769 | rsp_data_o[0]
     836* |       5 |      98 |       60 |      6 |    16 |    +0.1% |   -1.212 |     -572.9 |      -36.3 |   3769 | rsp_data_o[0]
     837* |       5 |      98 |       60 |      6 |    16 |    +0.1% |   -1.212 |     -572.9 |      -36.3 |   3769 | rsp_data_o[0]
     838* |       5 |      98 |       60 |      6 |    16 |    +0.1% |   -1.212 |     -572.9 |      -36.3 |   3769 | rsp_data_o[0]
     839* |       5 |      98 |       60 |      6 |    16 |    +0.1% |   -1.212 |     -572.9 |      -36.3 |   3769 | rsp_data_o[0]
     840* |       5 |      98 |       60 |      6 |    16 |    +0.1% |   -1.212 |     -572.9 |      -36.3 |   3769 | rsp_data_o[0]
     840* |       5 |      98 |       60 |      6 |    16 |    +0.1% |   -1.212 |     -572.9 |      -36.3 |   3769 | rsp_data_o[0]
     841* |       5 |      98 |       60 |      6 |    16 |    +0.1% |   -1.212 |     -572.9 |      -36.3 |   3769 | rsp_data_o[0]
     842* |       5 |      98 |       60 |      6 |    16 |    +0.1% |   -1.212 |     -572.9 |      -36.3 |   3769 | rsp_data_o[0]
     843* |       5 |      98 |       60 |      6 |    16 |    +0.1% |   -1.212 |     -572.9 |      -36.3 |   3769 | rsp_data_o[0]
     844* |       5 |      98 |       60 |      6 |    16 |    +0.1% |   -1.212 |     -572.9 |      -36.3 |   3769 | rsp_data_o[0]
     845* |       5 |      98 |       60 |      6 |    16 |    +0.1% |   -1.212 |     -572.9 |      -36.3 |   3769 | rsp_data_o[0]
     846* |       5 |      98 |       60 |      6 |    16 |    +0.1% |   -1.212 |     -572.9 |      -36.3 |   3769 | rsp_data_o[0]
     847* |       5 |      98 |       60 |      6 |    16 |    +0.1% |   -1.212 |     -572.9 |      -36.3 |   3769 | rsp_data_o[0]
     848* |       5 |      98 |       60 |      6 |    16 |    +0.1% |   -1.212 |     -572.9 |      -36.3 |   3769 | rsp_data_o[0]
     849* |       5 |      98 |       60 |      6 |    16 |    +0.1% |   -1.212 |     -572.9 |      -36.3 |   3769 | rsp_data_o[0]
     850* |       5 |      98 |       60 |      6 |    16 |    +0.1% |   -1.212 |     -572.9 |      -36.3 |   3769 | rsp_data_o[0]
     850* |       5 |      98 |       60 |      6 |    16 |    +0.1% |   -1.212 |     -572.9 |      -36.3 |   3769 | rsp_data_o[0]
     851* |       5 |      98 |       60 |      6 |    16 |    +0.1% |   -1.212 |     -572.9 |      -36.3 |   3769 | rsp_data_o[0]
     852* |       5 |      98 |       60 |      6 |    16 |    +0.1% |   -1.212 |     -572.9 |      -36.3 |   3769 | rsp_data_o[0]
     853* |       5 |      98 |       60 |      6 |    16 |    +0.1% |   -1.212 |     -572.9 |      -36.3 |   3769 | rsp_data_o[0]
     854* |       5 |      98 |       60 |      6 |    16 |    +0.1% |   -1.212 |     -572.9 |      -36.3 |   3769 | rsp_data_o[0]
     855* |       5 |      98 |       60 |      6 |    16 |    +0.1% |   -1.212 |     -572.9 |      -36.3 |   3769 | rsp_data_o[0]
     856* |       5 |      98 |       60 |      6 |    16 |    +0.1% |   -1.212 |     -572.9 |      -36.3 |   3769 | rsp_data_o[0]
     857* |       5 |      98 |       60 |      6 |    16 |    +0.1% |   -1.212 |     -572.9 |      -36.3 |   3769 | rsp_data_o[0]
     858* |       5 |      98 |       60 |      6 |    16 |    +0.1% |   -1.212 |     -572.9 |      -36.3 |   3769 | rsp_data_o[0]
     859* |       5 |      98 |       60 |      6 |    16 |    +0.1% |   -1.212 |     -572.9 |      -36.3 |   3769 | rsp_data_o[0]
     860* |       5 |      98 |       60 |      6 |    16 |    +0.1% |   -1.212 |     -572.9 |      -36.3 |   3769 | rsp_data_o[0]
     860* |       5 |      98 |       60 |      6 |    16 |    +0.1% |   -1.212 |     -572.9 |      -36.3 |   3769 | rsp_data_o[0]
     861* |       5 |      98 |       60 |      6 |    16 |    +0.1% |   -1.212 |     -572.9 |      -36.3 |   3769 | rsp_data_o[0]
     862* |       5 |      98 |       60 |      6 |    16 |    +0.1% |   -1.212 |     -572.9 |      -36.3 |   3769 | rsp_data_o[0]
     863* |       5 |      98 |       60 |      6 |    16 |    +0.1% |   -1.212 |     -572.9 |      -36.3 |   3769 | rsp_data_o[0]
     864* |       5 |      98 |       60 |      6 |    16 |    +0.1% |   -1.212 |     -572.9 |      -36.3 |   3769 | rsp_data_o[0]
     865* |       5 |      98 |       60 |      6 |    16 |    +0.1% |   -1.212 |     -572.9 |      -36.3 |   3769 | rsp_data_o[0]
     866* |       5 |      98 |       60 |      6 |    16 |    +0.1% |   -1.212 |     -572.9 |      -36.3 |   3769 | rsp_data_o[0]
     867* |       5 |      98 |       60 |      6 |    16 |    +0.1% |   -1.212 |     -572.9 |      -36.3 |   3769 | rsp_data_o[0]
     868* |       5 |      98 |       60 |      6 |    16 |    +0.1% |   -1.212 |     -572.9 |      -36.3 |   3769 | rsp_data_o[0]
     869* |       5 |      98 |       60 |      6 |    16 |    +0.1% |   -1.212 |     -572.9 |      -36.3 |   3769 | rsp_data_o[0]
     870* |       5 |      98 |       60 |      6 |    16 |    +0.1% |   -1.212 |     -572.9 |      -36.3 |   3769 | rsp_data_o[0]
     870* |       5 |      98 |       60 |      6 |    16 |    +0.1% |   -1.212 |     -572.9 |      -36.3 |   3769 | rsp_data_o[0]
     871* |       5 |      98 |       60 |      6 |    16 |    +0.1% |   -1.212 |     -572.9 |      -36.3 |   3769 | rsp_data_o[0]
     872* |       5 |      98 |       60 |      6 |    16 |    +0.1% |   -1.212 |     -572.9 |      -36.3 |   3769 | rsp_data_o[0]
     873* |       5 |      98 |       60 |      6 |    16 |    +0.1% |   -1.212 |     -572.9 |      -36.3 |   3769 | rsp_data_o[0]
     874* |       5 |      98 |       60 |      6 |    16 |    +0.1% |   -1.212 |     -572.9 |      -36.3 |   3769 | rsp_data_o[0]
     875* |       5 |      98 |       60 |      6 |    16 |    +0.1% |   -1.212 |     -572.9 |      -36.3 |   3769 | rsp_data_o[0]
     876* |       5 |      98 |       60 |      6 |    16 |    +0.1% |   -1.212 |     -572.9 |      -36.3 |   3769 | rsp_data_o[0]
     877* |       5 |      98 |       60 |      6 |    16 |    +0.1% |   -1.212 |     -572.9 |      -36.3 |   3769 | rsp_data_o[0]
     878* |       5 |      98 |       60 |      6 |    16 |    +0.1% |   -1.212 |     -572.9 |      -36.3 |   3769 | rsp_data_o[0]
     879* |       5 |      98 |       60 |      6 |    16 |    +0.1% |   -1.212 |     -572.9 |      -36.3 |   3769 | rsp_data_o[0]
     880* |       5 |      98 |       60 |      6 |    16 |    +0.1% |   -1.212 |     -572.9 |      -36.3 |   3769 | rsp_data_o[0]
     880* |       5 |      98 |       60 |      6 |    16 |    +0.1% |   -1.212 |     -572.9 |      -36.3 |   3769 | rsp_data_o[0]
     881* |       5 |      98 |       60 |      6 |    16 |    +0.1% |   -1.212 |     -572.9 |      -36.3 |   3769 | rsp_data_o[0]
     882* |       5 |      98 |       60 |      6 |    16 |    +0.1% |   -1.212 |     -572.9 |      -36.3 |   3769 | rsp_data_o[0]
     883* |       5 |      98 |       60 |      6 |    16 |    +0.1% |   -1.212 |     -572.9 |      -36.3 |   3769 | rsp_data_o[0]
     884* |       5 |      98 |       60 |      6 |    16 |    +0.1% |   -1.212 |     -572.9 |      -36.3 |   3769 | rsp_data_o[0]
     885* |       5 |      98 |       60 |      6 |    16 |    +0.1% |   -1.212 |     -572.9 |      -36.3 |   3769 | rsp_data_o[0]
     886* |       5 |      98 |       60 |      6 |    16 |    +0.1% |   -1.212 |     -572.9 |      -36.3 |   3769 | rsp_data_o[0]
     887* |       5 |      98 |       60 |      6 |    16 |    +0.1% |   -1.212 |     -572.9 |      -36.3 |   3769 | rsp_data_o[0]
     888* |       5 |      98 |       60 |      6 |    16 |    +0.1% |   -1.212 |     -572.9 |      -36.3 |   3769 | rsp_data_o[0]
     889* |       5 |      98 |       60 |      6 |    16 |    +0.1% |   -1.212 |     -572.9 |      -36.3 |   3769 | rsp_data_o[0]
     890* |       5 |      98 |       60 |      6 |    16 |    +0.1% |   -1.212 |     -572.9 |      -36.3 |   3769 | rsp_data_o[0]
     890* |       5 |      98 |       60 |      6 |    16 |    +0.1% |   -1.212 |     -572.9 |      -36.3 |   3769 | rsp_data_o[0]
     891* |       5 |      98 |       60 |      6 |    16 |    +0.1% |   -1.212 |     -572.9 |      -36.3 |   3769 | rsp_data_o[0]
     892* |       5 |      98 |       60 |      6 |    16 |    +0.1% |   -1.212 |     -572.9 |      -36.3 |   3769 | rsp_data_o[0]
     893* |       5 |      98 |       60 |      6 |    16 |    +0.1% |   -1.212 |     -572.9 |      -36.3 |   3769 | rsp_data_o[0]
     894* |       5 |      98 |       60 |      6 |    16 |    +0.1% |   -1.212 |     -572.9 |      -36.3 |   3769 | rsp_data_o[0]
     895* |       5 |      98 |       60 |      6 |    16 |    +0.1% |   -1.212 |     -572.9 |      -36.3 |   3769 | rsp_data_o[0]
     896* |       5 |      98 |       60 |      6 |    16 |    +0.1% |   -1.212 |     -572.9 |      -36.3 |   3769 | rsp_data_o[0]
     897* |       5 |      98 |       60 |      6 |    16 |    +0.1% |   -1.212 |     -572.9 |      -36.3 |   3769 | rsp_data_o[0]
     898* |       5 |      98 |       60 |      6 |    16 |    +0.1% |   -1.212 |     -572.9 |      -36.3 |   3769 | rsp_data_o[0]
     899* |       5 |      98 |       60 |      6 |    16 |    +0.1% |   -1.212 |     -572.9 |      -36.3 |   3769 | rsp_data_o[0]
     900* |       5 |      98 |       60 |      6 |    16 |    +0.1% |   -1.212 |     -572.9 |      -36.3 |   3769 | rsp_data_o[0]
     900* |       5 |      98 |       60 |      6 |    16 |    +0.1% |   -1.212 |     -572.9 |      -36.3 |   3769 | rsp_data_o[0]
     901* |       5 |      98 |       60 |      6 |    16 |    +0.1% |   -1.212 |     -572.9 |      -36.3 |   3769 | rsp_data_o[0]
     902* |       5 |      98 |       60 |      6 |    16 |    +0.1% |   -1.212 |     -572.9 |      -36.3 |   3769 | rsp_data_o[0]
     903* |       5 |      98 |       60 |      6 |    16 |    +0.1% |   -1.212 |     -572.9 |      -36.3 |   3769 | rsp_data_o[0]
     904* |       5 |      98 |       60 |      6 |    16 |    +0.1% |   -1.212 |     -572.9 |      -36.3 |   3769 | rsp_data_o[0]
     905* |       5 |      98 |       60 |      6 |    16 |    +0.1% |   -1.212 |     -572.9 |      -36.3 |   3769 | rsp_data_o[0]
     906* |       5 |      98 |       60 |      6 |    16 |    +0.1% |   -1.212 |     -572.9 |      -36.3 |   3769 | rsp_data_o[0]
     907* |       5 |      98 |       60 |      6 |    16 |    +0.1% |   -1.212 |     -572.9 |      -36.3 |   3769 | rsp_data_o[0]
     908* |       5 |      98 |       60 |      6 |    16 |    +0.1% |   -1.212 |     -572.9 |      -36.3 |   3769 | rsp_data_o[0]
     909* |       5 |      98 |       60 |      6 |    16 |    +0.1% |   -1.212 |     -572.9 |      -36.3 |   3769 | rsp_data_o[0]
     910* |       5 |      98 |       60 |      6 |    16 |    +0.1% |   -1.212 |     -572.9 |      -36.3 |   3769 | rsp_data_o[0]
     910* |       5 |      98 |       60 |      6 |    16 |    +0.1% |   -1.212 |     -572.9 |      -36.3 |   3769 | rsp_data_o[0]
     911* |       5 |      98 |       60 |      6 |    16 |    +0.1% |   -1.212 |     -572.9 |      -36.3 |   3769 | rsp_data_o[0]
     912* |       5 |      98 |       60 |      6 |    16 |    +0.1% |   -1.212 |     -572.9 |      -36.3 |   3769 | rsp_data_o[0]
     913* |       5 |      98 |       60 |      6 |    16 |    +0.1% |   -1.212 |     -572.9 |      -36.3 |   3769 | rsp_data_o[0]
     914* |       5 |      98 |       60 |      6 |    16 |    +0.1% |   -1.212 |     -572.9 |      -36.3 |   3769 | rsp_data_o[0]
     915* |       5 |      98 |       60 |      6 |    16 |    +0.1% |   -1.212 |     -572.9 |      -36.3 |   3769 | rsp_data_o[0]
     916* |       5 |      98 |       60 |      6 |    16 |    +0.1% |   -1.212 |     -572.9 |      -36.3 |   3769 | rsp_data_o[0]
     917* |       5 |      98 |       60 |      6 |    16 |    +0.1% |   -1.212 |     -572.9 |      -36.3 |   3769 | rsp_data_o[0]
     918* |       5 |      98 |       60 |      6 |    16 |    +0.1% |   -1.212 |     -572.9 |      -36.3 |   3769 | rsp_data_o[0]
     919* |       5 |      98 |       60 |      6 |    16 |    +0.1% |   -1.212 |     -572.9 |      -36.3 |   3769 | rsp_data_o[0]
     920* |       5 |      98 |       60 |      6 |    16 |    +0.1% |   -1.212 |     -572.9 |      -36.3 |   3769 | rsp_data_o[0]
     920* |       5 |      98 |       60 |      6 |    16 |    +0.1% |   -1.212 |     -572.9 |      -36.3 |   3769 | rsp_data_o[0]
     921* |       5 |      98 |       60 |      6 |    16 |    +0.1% |   -1.212 |     -572.9 |      -36.3 |   3769 | rsp_data_o[0]
     922* |       5 |      98 |       60 |      6 |    16 |    +0.1% |   -1.212 |     -572.9 |      -36.3 |   3769 | rsp_data_o[0]
     923* |       5 |      98 |       60 |      6 |    16 |    +0.1% |   -1.212 |     -572.9 |      -36.3 |   3769 | rsp_data_o[0]
     924* |       5 |      98 |       60 |      6 |    16 |    +0.1% |   -1.212 |     -572.9 |      -36.3 |   3769 | rsp_data_o[0]
     925* |       5 |      98 |       60 |      6 |    16 |    +0.1% |   -1.212 |     -572.9 |      -36.3 |   3769 | rsp_data_o[0]
     926* |       5 |      98 |       60 |      6 |    16 |    +0.1% |   -1.212 |     -572.9 |      -36.3 |   3769 | rsp_data_o[0]
     927* |       5 |      98 |       60 |      6 |    16 |    +0.1% |   -1.212 |     -572.9 |      -36.3 |   3769 | rsp_data_o[0]
     928* |       5 |      98 |       60 |      6 |    16 |    +0.1% |   -1.212 |     -572.9 |      -36.3 |   3769 | rsp_data_o[0]
     929* |       5 |      98 |       60 |      6 |    16 |    +0.1% |   -1.212 |     -572.9 |      -36.3 |   3769 | rsp_data_o[0]
     930* |       5 |      98 |       60 |      6 |    16 |    +0.1% |   -1.212 |     -572.9 |      -36.3 |   3769 | rsp_data_o[0]
     930* |       5 |      98 |       60 |      6 |    16 |    +0.1% |   -1.212 |     -572.9 |      -36.3 |   3769 | rsp_data_o[0]
     931* |       5 |      98 |       60 |      6 |    16 |    +0.1% |   -1.212 |     -572.9 |      -36.3 |   3769 | rsp_data_o[0]
     932* |       5 |      98 |       60 |      6 |    16 |    +0.1% |   -1.212 |     -572.9 |      -36.3 |   3769 | rsp_data_o[0]
     933* |       5 |      98 |       60 |      6 |    16 |    +0.1% |   -1.212 |     -572.9 |      -36.3 |   3769 | rsp_data_o[0]
     934* |       5 |      98 |       60 |      6 |    16 |    +0.1% |   -1.212 |     -572.9 |      -36.3 |   3769 | rsp_data_o[0]
     935* |       5 |      98 |       60 |      6 |    16 |    +0.1% |   -1.212 |     -572.9 |      -36.3 |   3769 | rsp_data_o[0]
     936* |       5 |      98 |       60 |      6 |    16 |    +0.1% |   -1.212 |     -572.9 |      -36.3 |   3769 | rsp_data_o[0]
     937* |       5 |      98 |       60 |      6 |    16 |    +0.1% |   -1.212 |     -572.9 |      -36.3 |   3769 | rsp_data_o[0]
     938* |       5 |      98 |       60 |      6 |    16 |    +0.1% |   -1.212 |     -572.9 |      -36.3 |   3769 | rsp_data_o[0]
     939* |       5 |      98 |       60 |      6 |    16 |    +0.1% |   -1.212 |     -572.9 |      -36.3 |   3769 | rsp_data_o[0]
     940* |       5 |      98 |       60 |      6 |    16 |    +0.1% |   -1.212 |     -572.9 |      -36.3 |   3769 | rsp_data_o[0]
     940* |       5 |      98 |       60 |      6 |    16 |    +0.1% |   -1.212 |     -572.9 |      -36.3 |   3769 | rsp_data_o[0]
     941* |       5 |      98 |       60 |      6 |    16 |    +0.1% |   -1.212 |     -572.9 |      -36.3 |   3769 | rsp_data_o[0]
     942* |       5 |      98 |       60 |      6 |    16 |    +0.1% |   -1.212 |     -572.9 |      -36.3 |   3769 | rsp_data_o[0]
     943* |       5 |      98 |       60 |      6 |    16 |    +0.1% |   -1.212 |     -572.9 |      -36.3 |   3769 | rsp_data_o[0]
     944* |       5 |      98 |       60 |      6 |    16 |    +0.1% |   -1.212 |     -572.9 |      -36.3 |   3769 | rsp_data_o[0]
     945* |       5 |      98 |       60 |      6 |    16 |    +0.1% |   -1.212 |     -572.9 |      -36.3 |   3769 | rsp_data_o[0]
     946* |       5 |      98 |       60 |      6 |    16 |    +0.1% |   -1.212 |     -572.9 |      -36.3 |   3769 | rsp_data_o[0]
     947* |       5 |      98 |       60 |      6 |    16 |    +0.1% |   -1.212 |     -572.9 |      -36.3 |   3769 | rsp_data_o[0]
     948* |       5 |      98 |       60 |      6 |    16 |    +0.1% |   -1.212 |     -572.9 |      -36.3 |   3769 | rsp_data_o[0]
     949* |       5 |      98 |       60 |      6 |    16 |    +0.1% |   -1.212 |     -572.9 |      -36.3 |   3769 | rsp_data_o[0]
     950* |       5 |      98 |       60 |      6 |    16 |    +0.1% |   -1.212 |     -572.9 |      -36.3 |   3769 | rsp_data_o[0]
     950* |       5 |      98 |       60 |      6 |    16 |    +0.1% |   -1.212 |     -572.9 |      -36.3 |   3769 | rsp_data_o[0]
     951* |       5 |      98 |       60 |      6 |    16 |    +0.1% |   -1.212 |     -572.9 |      -36.3 |   3769 | rsp_data_o[0]
     952* |       5 |      98 |       60 |      6 |    16 |    +0.1% |   -1.212 |     -572.9 |      -36.3 |   3769 | rsp_data_o[0]
     953* |       5 |      98 |       60 |      6 |    16 |    +0.1% |   -1.212 |     -572.9 |      -36.3 |   3769 | rsp_data_o[0]
     954* |       5 |      98 |       60 |      6 |    16 |    +0.1% |   -1.212 |     -572.9 |      -36.3 |   3769 | rsp_data_o[0]
     955* |       5 |      98 |       60 |      6 |    16 |    +0.1% |   -1.212 |     -572.9 |      -36.3 |   3769 | rsp_data_o[0]
     956* |       5 |      98 |       60 |      6 |    16 |    +0.1% |   -1.212 |     -572.9 |      -36.3 |   3769 | rsp_data_o[0]
     957* |       5 |      98 |       60 |      6 |    16 |    +0.1% |   -1.212 |     -572.9 |      -36.3 |   3769 | rsp_data_o[0]
     958* |       5 |      98 |       60 |      6 |    16 |    +0.1% |   -1.212 |     -572.9 |      -36.3 |   3769 | rsp_data_o[0]
     959* |       5 |      98 |       60 |      6 |    16 |    +0.1% |   -1.212 |     -572.9 |      -36.3 |   3769 | rsp_data_o[0]
     960* |       5 |      98 |       60 |      6 |    16 |    +0.1% |   -1.212 |     -572.9 |      -36.3 |   3769 | rsp_data_o[0]
     960* |       5 |      98 |       60 |      6 |    16 |    +0.1% |   -1.212 |     -572.9 |      -36.3 |   3769 | rsp_data_o[0]
     961* |       5 |      98 |       60 |      6 |    16 |    +0.1% |   -1.212 |     -572.9 |      -36.3 |   3769 | rsp_data_o[0]
     962* |       5 |      98 |       60 |      6 |    16 |    +0.1% |   -1.212 |     -572.9 |      -36.3 |   3769 | rsp_data_o[0]
     963* |       5 |      98 |       60 |      6 |    16 |    +0.1% |   -1.212 |     -572.9 |      -36.3 |   3769 | rsp_data_o[0]
     964* |       5 |      98 |       60 |      6 |    16 |    +0.1% |   -1.212 |     -572.9 |      -36.3 |   3769 | rsp_data_o[0]
     965* |       5 |      98 |       60 |      6 |    16 |    +0.1% |   -1.212 |     -572.9 |      -36.3 |   3769 | rsp_data_o[0]
     966* |       5 |      98 |       60 |      6 |    16 |    +0.1% |   -1.212 |     -572.9 |      -36.3 |   3769 | rsp_data_o[0]
     967* |       5 |      98 |       60 |      6 |    16 |    +0.1% |   -1.212 |     -572.9 |      -36.3 |   3769 | rsp_data_o[0]
     968* |       5 |      98 |       60 |      6 |    16 |    +0.1% |   -1.212 |     -572.9 |      -36.3 |   3769 | rsp_data_o[0]
     969* |       5 |      98 |       60 |      6 |    16 |    +0.1% |   -1.212 |     -572.9 |      -36.3 |   3769 | rsp_data_o[0]
     970* |       5 |      98 |       60 |      6 |    16 |    +0.1% |   -1.212 |     -572.9 |      -36.3 |   3769 | rsp_data_o[0]
     970* |       5 |      98 |       60 |      6 |    16 |    +0.1% |   -1.212 |     -572.9 |      -36.3 |   3769 | rsp_data_o[0]
     971* |       5 |      98 |       60 |      6 |    16 |    +0.1% |   -1.212 |     -572.9 |      -36.3 |   3769 | rsp_data_o[0]
     972* |       5 |      98 |       60 |      6 |    16 |    +0.1% |   -1.212 |     -572.9 |      -36.3 |   3769 | rsp_data_o[0]
     973* |       5 |      98 |       60 |      6 |    16 |    +0.1% |   -1.212 |     -572.9 |      -36.3 |   3769 | rsp_data_o[0]
     974* |       5 |      98 |       60 |      6 |    16 |    +0.1% |   -1.212 |     -572.9 |      -36.3 |   3769 | rsp_data_o[0]
     975* |       5 |      98 |       60 |      6 |    16 |    +0.1% |   -1.212 |     -572.9 |      -36.3 |   3769 | rsp_data_o[0]
     976* |       5 |      98 |       60 |      6 |    16 |    +0.1% |   -1.212 |     -572.9 |      -36.3 |   3769 | rsp_data_o[0]
     977* |       5 |      98 |       60 |      6 |    16 |    +0.1% |   -1.212 |     -572.9 |      -36.3 |   3769 | rsp_data_o[0]
     978* |       5 |      98 |       60 |      6 |    16 |    +0.1% |   -1.212 |     -572.9 |      -36.3 |   3769 | rsp_data_o[0]
     979* |       5 |      98 |       60 |      6 |    16 |    +0.1% |   -1.212 |     -572.9 |      -36.3 |   3769 | rsp_data_o[0]
     980* |       5 |      98 |       60 |      6 |    16 |    +0.1% |   -1.212 |     -572.9 |      -36.3 |   3769 | rsp_data_o[0]
     980* |       5 |      98 |       60 |      6 |    16 |    +0.1% |   -1.212 |     -572.9 |      -36.3 |   3769 | rsp_data_o[0]
     981* |       5 |      98 |       60 |      6 |    16 |    +0.1% |   -1.212 |     -572.9 |      -36.3 |   3769 | rsp_data_o[0]
     982* |       5 |      98 |       60 |      6 |    16 |    +0.1% |   -1.212 |     -572.9 |      -36.3 |   3769 | rsp_data_o[0]
     983* |       5 |      98 |       60 |      6 |    16 |    +0.1% |   -1.212 |     -572.9 |      -36.3 |   3769 | rsp_data_o[0]
     984* |       5 |      98 |       60 |      6 |    16 |    +0.1% |   -1.212 |     -572.9 |      -36.3 |   3769 | rsp_data_o[0]
     985* |       5 |      98 |       60 |      6 |    16 |    +0.1% |   -1.212 |     -572.9 |      -36.3 |   3769 | rsp_data_o[0]
     986* |       5 |      98 |       60 |      6 |    16 |    +0.1% |   -1.212 |     -572.9 |      -36.3 |   3769 | rsp_data_o[0]
     987* |       5 |      98 |       60 |      6 |    16 |    +0.1% |   -1.212 |     -572.9 |      -36.3 |   3769 | rsp_data_o[0]
     988* |       5 |      98 |       60 |      6 |    16 |    +0.1% |   -1.212 |     -572.9 |      -36.3 |   3769 | rsp_data_o[0]
     989* |       5 |      98 |       60 |      6 |    16 |    +0.1% |   -1.212 |     -572.9 |      -36.3 |   3769 | rsp_data_o[0]
     990* |       5 |      98 |       60 |      6 |    16 |    +0.1% |   -1.212 |     -572.9 |      -36.3 |   3769 | rsp_data_o[0]
     990* |       5 |      98 |       60 |      6 |    16 |    +0.1% |   -1.212 |     -572.9 |      -36.3 |   3769 | rsp_data_o[0]
     991* |       5 |      98 |       60 |      6 |    16 |    +0.1% |   -1.212 |     -572.9 |      -36.3 |   3769 | rsp_data_o[0]
     992* |       5 |      98 |       60 |      6 |    16 |    +0.1% |   -1.212 |     -572.9 |      -36.3 |   3769 | rsp_data_o[0]
     993* |       5 |      98 |       60 |      6 |    16 |    +0.1% |   -1.212 |     -572.9 |      -36.3 |   3769 | rsp_data_o[0]
     994* |       5 |      98 |       60 |      6 |    16 |    +0.1% |   -1.212 |     -572.9 |      -36.3 |   3769 | rsp_data_o[0]
     995* |       5 |      98 |       60 |      6 |    16 |    +0.1% |   -1.212 |     -572.9 |      -36.3 |   3769 | rsp_data_o[0]
     996* |       5 |      98 |       60 |      6 |    16 |    +0.1% |   -1.212 |     -572.9 |      -36.3 |   3769 | rsp_data_o[0]
     997* |       5 |      98 |       60 |      6 |    16 |    +0.1% |   -1.212 |     -572.9 |      -36.3 |   3769 | rsp_data_o[0]
     998* |       5 |      98 |       60 |      6 |    16 |    +0.1% |   -1.212 |     -572.9 |      -36.3 |   3769 | rsp_data_o[0]
     999* |       5 |      98 |       60 |      6 |    16 |    +0.1% |   -1.212 |     -572.9 |      -36.3 |   3769 | rsp_data_o[0]
    1000* |       5 |      98 |       60 |      6 |    16 |    +0.1% |   -1.212 |     -572.9 |      -36.3 |   3769 | rsp_data_o[0]
    1000* |       5 |      98 |       60 |      6 |    16 |    +0.1% |   -1.212 |     -572.9 |      -36.3 |   3769 | rsp_data_o[0]
    1001* |       5 |      98 |       60 |      6 |    16 |    +0.1% |   -1.212 |     -572.9 |      -36.3 |   3769 | rsp_data_o[0]
    1002* |       5 |      98 |       60 |      6 |    16 |    +0.1% |   -1.212 |     -572.9 |      -36.3 |   3769 | rsp_data_o[0]
    1003* |       5 |      98 |       60 |      6 |    16 |    +0.1% |   -1.212 |     -572.9 |      -36.3 |   3769 | rsp_data_o[0]
    1004* |       5 |      98 |       60 |      6 |    16 |    +0.1% |   -1.212 |     -572.9 |      -36.3 |   3769 | rsp_data_o[0]
    1005* |       5 |      98 |       60 |      6 |    16 |    +0.1% |   -1.212 |     -572.9 |      -36.3 |   3769 | rsp_data_o[0]
    1006* |       5 |      98 |       60 |      6 |    16 |    +0.1% |   -1.212 |     -572.9 |      -36.3 |   3769 | rsp_data_o[0]
    1007* |       5 |      98 |       60 |      6 |    16 |    +0.1% |   -1.212 |     -572.9 |      -36.3 |   3769 | rsp_data_o[0]
    1008* |       5 |      98 |       60 |      6 |    16 |    +0.1% |   -1.212 |     -572.9 |      -36.3 |   3769 | rsp_data_o[0]
    1009* |       5 |      98 |       60 |      6 |    16 |    +0.1% |   -1.212 |     -572.9 |      -36.3 |   3769 | rsp_data_o[0]
    1010* |       5 |      98 |       60 |      6 |    16 |    +0.1% |   -1.212 |     -572.9 |      -36.3 |   3769 | rsp_data_o[0]
    1010* |       5 |      98 |       60 |      6 |    16 |    +0.1% |   -1.212 |     -572.9 |      -36.3 |   3769 | rsp_data_o[0]
    1011* |       5 |      98 |       60 |      6 |    16 |    +0.1% |   -1.212 |     -572.9 |      -36.3 |   3769 | rsp_data_o[0]
    1012* |       5 |      98 |       60 |      6 |    16 |    +0.1% |   -1.212 |     -572.9 |      -36.3 |   3769 | rsp_data_o[0]
    1013* |       5 |      98 |       60 |      6 |    16 |    +0.1% |   -1.212 |     -572.9 |      -36.3 |   3769 | rsp_data_o[0]
    1014* |       5 |      98 |       60 |      6 |    16 |    +0.1% |   -1.212 |     -572.9 |      -36.3 |   3769 | rsp_data_o[0]
    1015* |       5 |      98 |       60 |      6 |    16 |    +0.1% |   -1.212 |     -572.9 |      -36.3 |   3769 | rsp_data_o[0]
    1016* |       5 |      98 |       60 |      6 |    16 |    +0.1% |   -1.212 |     -572.9 |      -36.3 |   3769 | rsp_data_o[0]
    1017* |       5 |      98 |       60 |      6 |    16 |    +0.1% |   -1.212 |     -572.9 |      -36.3 |   3769 | rsp_data_o[0]
    1018* |       5 |      98 |       60 |      6 |    16 |    +0.1% |   -1.212 |     -572.9 |      -36.3 |   3769 | rsp_data_o[0]
    1019* |       5 |      98 |       60 |      6 |    16 |    +0.1% |   -1.212 |     -572.9 |      -36.3 |   3769 | rsp_data_o[0]
    1020* |       5 |      98 |       60 |      6 |    16 |    +0.1% |   -1.212 |     -572.9 |      -36.3 |   3769 | rsp_data_o[0]
    1020* |       5 |      98 |       60 |      6 |    16 |    +0.1% |   -1.212 |     -572.9 |      -36.3 |   3769 | rsp_data_o[0]
    1021* |       5 |      98 |       60 |      6 |    16 |    +0.1% |   -1.212 |     -572.9 |      -36.3 |   3769 | rsp_data_o[0]
    1022* |       5 |      98 |       60 |      6 |    16 |    +0.1% |   -1.212 |     -572.9 |      -36.3 |   3769 | rsp_data_o[0]
    1023* |       5 |      98 |       60 |      6 |    16 |    +0.1% |   -1.212 |     -572.9 |      -36.3 |   3769 | rsp_data_o[0]
    1024* |       5 |      98 |       60 |      6 |    16 |    +0.1% |   -1.212 |     -572.9 |      -36.3 |   3769 | rsp_data_o[0]
    1025* |       5 |      98 |       60 |      6 |    16 |    +0.1% |   -1.212 |     -572.9 |      -36.3 |   3769 | rsp_data_o[0]
    1026* |       5 |      98 |       60 |      6 |    16 |    +0.1% |   -1.212 |     -572.9 |      -36.3 |   3769 | rsp_data_o[0]
    1027* |       5 |      98 |       60 |      6 |    16 |    +0.1% |   -1.212 |     -572.9 |      -36.3 |   3769 | rsp_data_o[0]
    1028* |       5 |      98 |       60 |      6 |    16 |    +0.1% |   -1.212 |     -572.9 |      -36.3 |   3769 | rsp_data_o[0]
    1029* |       5 |      98 |       60 |      6 |    16 |    +0.1% |   -1.212 |     -572.9 |      -36.3 |   3769 | rsp_data_o[0]
    1030* |       5 |      98 |       60 |      6 |    16 |    +0.1% |   -1.212 |     -572.9 |      -36.3 |   3769 | rsp_data_o[0]
    1030* |       5 |      98 |       60 |      6 |    16 |    +0.1% |   -1.212 |     -572.9 |      -36.3 |   3769 | rsp_data_o[0]
    1031* |       5 |      98 |       60 |      6 |    16 |    +0.1% |   -1.212 |     -572.9 |      -36.3 |   3769 | rsp_data_o[0]
    1032* |       5 |      98 |       60 |      6 |    16 |    +0.1% |   -1.212 |     -572.9 |      -36.3 |   3769 | rsp_data_o[0]
    1033* |       5 |      98 |       60 |      6 |    16 |    +0.1% |   -1.212 |     -572.9 |      -36.3 |   3769 | rsp_data_o[0]
    1034* |       5 |      98 |       60 |      6 |    16 |    +0.1% |   -1.212 |     -572.9 |      -36.3 |   3769 | rsp_data_o[0]
    1035* |       5 |      98 |       60 |      6 |    16 |    +0.1% |   -1.212 |     -572.9 |      -36.3 |   3769 | rsp_data_o[0]
    1036* |       5 |      98 |       60 |      6 |    16 |    +0.1% |   -1.212 |     -572.9 |      -36.3 |   3769 | rsp_data_o[0]
    1037* |       5 |      98 |       60 |      6 |    16 |    +0.1% |   -1.212 |     -572.9 |      -36.3 |   3769 | rsp_data_o[0]
    1038* |       5 |      98 |       60 |      6 |    16 |    +0.1% |   -1.212 |     -572.9 |      -36.3 |   3769 | rsp_data_o[0]
    1039* |       5 |      98 |       60 |      6 |    16 |    +0.1% |   -1.212 |     -572.9 |      -36.3 |   3769 | rsp_data_o[0]
    1040* |       5 |      98 |       60 |      6 |    16 |    +0.1% |   -1.212 |     -572.9 |      -36.3 |   3769 | rsp_data_o[0]
    1040* |       5 |      98 |       60 |      6 |    16 |    +0.1% |   -1.212 |     -572.9 |      -36.3 |   3769 | rsp_data_o[0]
    1041* |       5 |      98 |       60 |      6 |    16 |    +0.1% |   -1.212 |     -572.9 |      -36.3 |   3769 | rsp_data_o[0]
    1042* |       5 |      98 |       60 |      6 |    16 |    +0.1% |   -1.212 |     -572.9 |      -36.3 |   3769 | rsp_data_o[0]
    1043* |       5 |      98 |       60 |      6 |    16 |    +0.1% |   -1.212 |     -572.9 |      -36.3 |   3769 | rsp_data_o[0]
    1044* |       5 |      98 |       60 |      6 |    16 |    +0.1% |   -1.212 |     -572.9 |      -36.3 |   3769 | rsp_data_o[0]
    1045* |       5 |      98 |       60 |      6 |    16 |    +0.1% |   -1.212 |     -572.9 |      -36.3 |   3769 | rsp_data_o[0]
    1046* |       5 |      98 |       60 |      6 |    16 |    +0.1% |   -1.212 |     -572.9 |      -36.3 |   3769 | rsp_data_o[0]
    1047* |       5 |      98 |       60 |      6 |    16 |    +0.1% |   -1.212 |     -572.9 |      -36.3 |   3769 | rsp_data_o[0]
    1048* |       5 |      98 |       60 |      6 |    16 |    +0.1% |   -1.212 |     -572.9 |      -36.3 |   3769 | rsp_data_o[0]
    1049* |       5 |      98 |       60 |      6 |    16 |    +0.1% |   -1.212 |     -572.9 |      -36.3 |   3769 | rsp_data_o[0]
    1050* |       5 |      98 |       60 |      6 |    16 |    +0.1% |   -1.212 |     -572.9 |      -36.3 |   3769 | rsp_data_o[0]
    1050* |       5 |      98 |       60 |      6 |    16 |    +0.1% |   -1.212 |     -572.9 |      -36.3 |   3769 | rsp_data_o[0]
    1051* |       5 |      98 |       60 |      6 |    16 |    +0.1% |   -1.212 |     -572.9 |      -36.3 |   3769 | rsp_data_o[0]
    1052* |       5 |      98 |       60 |      6 |    16 |    +0.1% |   -1.212 |     -572.9 |      -36.3 |   3769 | rsp_data_o[0]
    1053* |       5 |      98 |       60 |      6 |    16 |    +0.1% |   -1.212 |     -572.9 |      -36.3 |   3769 | rsp_data_o[0]
    1054* |       5 |      98 |       60 |      6 |    16 |    +0.1% |   -1.212 |     -572.9 |      -36.3 |   3769 | rsp_data_o[0]
    1055* |       5 |      98 |       60 |      6 |    16 |    +0.1% |   -1.212 |     -572.9 |      -36.3 |   3769 | rsp_data_o[0]
    1056* |       5 |      98 |       60 |      6 |    16 |    +0.1% |   -1.212 |     -572.9 |      -36.3 |   3769 | rsp_data_o[0]
    1057* |       5 |      98 |       60 |      6 |    16 |    +0.1% |   -1.212 |     -572.9 |      -36.3 |   3769 | rsp_data_o[0]
    1058* |       5 |      98 |       60 |      6 |    16 |    +0.1% |   -1.212 |     -572.9 |      -36.3 |   3769 | rsp_data_o[0]
    1059* |       5 |      98 |       60 |      6 |    16 |    +0.1% |   -1.212 |     -572.9 |      -36.3 |   3769 | rsp_data_o[0]
    1060* |       5 |      98 |       60 |      6 |    16 |    +0.1% |   -1.212 |     -572.9 |      -36.3 |   3769 | rsp_data_o[0]
    1060* |       5 |      98 |       60 |      6 |    16 |    +0.1% |   -1.212 |     -572.9 |      -36.3 |   3769 | rsp_data_o[0]
    1061* |       5 |      98 |       60 |      6 |    16 |    +0.1% |   -1.212 |     -572.9 |      -36.3 |   3769 | rsp_data_o[0]
    1062* |       5 |      98 |       60 |      6 |    16 |    +0.1% |   -1.212 |     -572.9 |      -36.3 |   3769 | rsp_data_o[0]
    1063* |       5 |      98 |       60 |      6 |    16 |    +0.1% |   -1.212 |     -572.9 |      -36.3 |   3769 | rsp_data_o[0]
    1064* |       5 |      98 |       60 |      6 |    16 |    +0.1% |   -1.212 |     -572.9 |      -36.3 |   3769 | rsp_data_o[0]
    1065* |       5 |      98 |       60 |      6 |    16 |    +0.1% |   -1.212 |     -572.9 |      -36.3 |   3769 | rsp_data_o[0]
    1066* |       5 |      98 |       60 |      6 |    16 |    +0.1% |   -1.212 |     -572.9 |      -36.3 |   3769 | rsp_data_o[0]
    1067* |       5 |      98 |       60 |      6 |    16 |    +0.1% |   -1.212 |     -572.9 |      -36.3 |   3769 | rsp_data_o[0]
    1068* |       5 |      98 |       60 |      6 |    16 |    +0.1% |   -1.212 |     -572.9 |      -36.3 |   3769 | rsp_data_o[0]
    1069* |       5 |      98 |       60 |      6 |    16 |    +0.1% |   -1.212 |     -572.9 |      -36.3 |   3769 | rsp_data_o[0]
    1070* |       5 |      98 |       60 |      6 |    16 |    +0.1% |   -1.212 |     -572.9 |      -36.3 |   3769 | rsp_data_o[0]
    1070* |       5 |      98 |       60 |      6 |    16 |    +0.1% |   -1.212 |     -572.9 |      -36.3 |   3769 | rsp_data_o[0]
    1071* |       5 |      98 |       60 |      6 |    16 |    +0.1% |   -1.212 |     -572.9 |      -36.3 |   3769 | rsp_data_o[0]
    1072* |       5 |      98 |       60 |      6 |    16 |    +0.1% |   -1.212 |     -572.9 |      -36.3 |   3769 | rsp_data_o[0]
    1073* |       5 |      98 |       60 |      6 |    16 |    +0.1% |   -1.212 |     -572.9 |      -36.3 |   3769 | rsp_data_o[0]
    1074* |       5 |      98 |       60 |      6 |    16 |    +0.1% |   -1.212 |     -572.9 |      -36.3 |   3769 | rsp_data_o[0]
    1075* |       5 |      98 |       60 |      6 |    16 |    +0.1% |   -1.212 |     -572.9 |      -36.3 |   3769 | rsp_data_o[0]
    1076* |       5 |      98 |       60 |      6 |    16 |    +0.1% |   -1.212 |     -572.9 |      -36.3 |   3769 | rsp_data_o[0]
    1077* |       5 |      98 |       60 |      6 |    16 |    +0.1% |   -1.212 |     -572.9 |      -36.3 |   3769 | rsp_data_o[0]
    1078* |       5 |      98 |       60 |      6 |    16 |    +0.1% |   -1.212 |     -572.9 |      -36.3 |   3769 | rsp_data_o[0]
    1079* |       5 |      98 |       60 |      6 |    16 |    +0.1% |   -1.212 |     -572.9 |      -36.3 |   3769 | rsp_data_o[0]
    1080* |       5 |      98 |       60 |      6 |    16 |    +0.1% |   -1.212 |     -572.9 |      -36.3 |   3769 | rsp_data_o[0]
    1080* |       5 |      98 |       60 |      6 |    16 |    +0.1% |   -1.212 |     -572.9 |      -36.3 |   3769 | rsp_data_o[0]
    1081* |       5 |      98 |       60 |      6 |    16 |    +0.1% |   -1.212 |     -572.9 |      -36.3 |   3769 | rsp_data_o[0]
    1082* |       5 |      98 |       60 |      6 |    16 |    +0.1% |   -1.212 |     -572.9 |      -36.3 |   3769 | rsp_data_o[0]
    1083* |       5 |      98 |       60 |      6 |    16 |    +0.1% |   -1.212 |     -572.9 |      -36.3 |   3769 | rsp_data_o[0]
    1084* |       5 |      98 |       60 |      6 |    16 |    +0.1% |   -1.212 |     -572.9 |      -36.3 |   3769 | rsp_data_o[0]
    1085* |       5 |      98 |       60 |      6 |    16 |    +0.1% |   -1.212 |     -572.9 |      -36.3 |   3769 | rsp_data_o[0]
    1086* |       5 |      98 |       60 |      6 |    16 |    +0.1% |   -1.212 |     -572.9 |      -36.3 |   3769 | rsp_data_o[0]
    1087* |       5 |      98 |       60 |      6 |    16 |    +0.1% |   -1.212 |     -572.9 |      -36.3 |   3769 | rsp_data_o[0]
    1088* |       5 |      98 |       60 |      6 |    16 |    +0.1% |   -1.212 |     -572.9 |      -36.3 |   3769 | rsp_data_o[0]
    1089* |       5 |      98 |       60 |      6 |    16 |    +0.1% |   -1.212 |     -572.9 |      -36.3 |   3769 | rsp_data_o[0]
    1090* |       5 |      98 |       60 |      6 |    16 |    +0.1% |   -1.212 |     -572.9 |      -36.3 |   3769 | rsp_data_o[0]
    1090* |       5 |      98 |       60 |      6 |    16 |    +0.1% |   -1.212 |     -572.9 |      -36.3 |   3769 | rsp_data_o[0]
    1091* |       5 |      98 |       60 |      6 |    16 |    +0.1% |   -1.212 |     -572.9 |      -36.3 |   3769 | rsp_data_o[0]
    1092* |       5 |      98 |       60 |      6 |    16 |    +0.1% |   -1.212 |     -572.9 |      -36.3 |   3769 | rsp_data_o[0]
    1093* |       5 |      98 |       60 |      6 |    16 |    +0.1% |   -1.212 |     -572.9 |      -36.3 |   3769 | rsp_data_o[0]
    1094* |       5 |      98 |       60 |      6 |    16 |    +0.1% |   -1.212 |     -572.9 |      -36.3 |   3769 | rsp_data_o[0]
    1095* |       5 |      98 |       60 |      6 |    16 |    +0.1% |   -1.212 |     -572.9 |      -36.3 |   3769 | rsp_data_o[0]
    1096* |       5 |      98 |       60 |      6 |    16 |    +0.1% |   -1.212 |     -572.9 |      -36.3 |   3769 | rsp_data_o[0]
    1097* |       5 |      98 |       60 |      6 |    16 |    +0.1% |   -1.212 |     -572.9 |      -36.3 |   3769 | rsp_data_o[0]
    1098* |       5 |      98 |       60 |      6 |    16 |    +0.1% |   -1.212 |     -572.9 |      -36.3 |   3769 | rsp_data_o[0]
    1099* |       5 |      98 |       60 |      6 |    16 |    +0.1% |   -1.212 |     -572.9 |      -36.3 |   3769 | rsp_data_o[0]
    1100* |       5 |      98 |       60 |      6 |    16 |    +0.1% |   -1.212 |     -572.9 |      -36.3 |   3769 | rsp_data_o[0]
    1100* |       5 |      98 |       60 |      6 |    16 |    +0.1% |   -1.212 |     -572.9 |      -36.3 |   3769 | rsp_data_o[0]
    1101* |       5 |      98 |       60 |      6 |    16 |    +0.1% |   -1.212 |     -572.9 |      -36.3 |   3769 | rsp_data_o[0]
    1102* |       5 |      98 |       60 |      6 |    16 |    +0.1% |   -1.212 |     -572.9 |      -36.3 |   3769 | rsp_data_o[0]
    1103* |       5 |      98 |       60 |      6 |    16 |    +0.1% |   -1.212 |     -572.9 |      -36.3 |   3769 | rsp_data_o[0]
    1104* |       5 |      98 |       60 |      6 |    16 |    +0.1% |   -1.212 |     -572.9 |      -36.3 |   3769 | rsp_data_o[0]
    1105* |       5 |      98 |       60 |      6 |    16 |    +0.1% |   -1.212 |     -572.9 |      -36.3 |   3769 | rsp_data_o[0]
    1106* |       5 |      98 |       60 |      6 |    16 |    +0.1% |   -1.212 |     -572.9 |      -36.3 |   3769 | rsp_data_o[0]
    1107* |       5 |      98 |       60 |      6 |    16 |    +0.1% |   -1.212 |     -572.9 |      -36.3 |   3769 | rsp_data_o[0]
    1108* |       5 |      98 |       60 |      6 |    16 |    +0.1% |   -1.212 |     -572.9 |      -36.3 |   3769 | rsp_data_o[0]
    1109* |       5 |      98 |       60 |      6 |    16 |    +0.1% |   -1.212 |     -572.9 |      -36.3 |   3769 | rsp_data_o[0]
    1110* |       5 |      98 |       60 |      6 |    16 |    +0.1% |   -1.212 |     -572.9 |      -36.3 |   3769 | rsp_data_o[0]
    1110* |       5 |      98 |       60 |      6 |    16 |    +0.1% |   -1.212 |     -572.9 |      -36.3 |   3769 | rsp_data_o[0]
    1111* |       5 |      98 |       60 |      6 |    16 |    +0.1% |   -1.212 |     -572.9 |      -36.3 |   3769 | rsp_data_o[0]
    1112* |       5 |      98 |       60 |      6 |    16 |    +0.1% |   -1.212 |     -572.9 |      -36.3 |   3769 | rsp_data_o[0]
    1113* |       5 |      98 |       60 |      6 |    16 |    +0.1% |   -1.212 |     -572.9 |      -36.3 |   3769 | rsp_data_o[0]
    1114* |       5 |      98 |       60 |      6 |    16 |    +0.1% |   -1.212 |     -572.9 |      -36.3 |   3769 | rsp_data_o[0]
    1115* |       5 |      98 |       60 |      6 |    16 |    +0.1% |   -1.212 |     -572.9 |      -36.3 |   3769 | rsp_data_o[0]
    1116* |       5 |      98 |       60 |      6 |    16 |    +0.1% |   -1.212 |     -572.9 |      -36.3 |   3769 | rsp_data_o[0]
    1117* |       5 |      98 |       60 |      6 |    16 |    +0.1% |   -1.212 |     -572.9 |      -36.3 |   3769 | rsp_data_o[0]
    1118* |       5 |      98 |       60 |      6 |    16 |    +0.1% |   -1.212 |     -572.9 |      -36.3 |   3769 | rsp_data_o[0]
    1119* |       5 |      98 |       60 |      6 |    16 |    +0.1% |   -1.212 |     -572.9 |      -36.3 |   3769 | rsp_data_o[0]
    1120* |       5 |      98 |       60 |      6 |    16 |    +0.1% |   -1.212 |     -572.9 |      -36.3 |   3769 | rsp_data_o[0]
    1120* |       5 |      98 |       60 |      6 |    16 |    +0.1% |   -1.212 |     -572.9 |      -36.3 |   3769 | rsp_data_o[0]
    1121* |       5 |      98 |       60 |      6 |    16 |    +0.1% |   -1.212 |     -572.9 |      -36.3 |   3769 | rsp_data_o[0]
    1122* |       5 |      98 |       60 |      6 |    16 |    +0.1% |   -1.212 |     -572.9 |      -36.3 |   3769 | rsp_data_o[0]
    1123* |       5 |      98 |       60 |      6 |    16 |    +0.1% |   -1.212 |     -572.9 |      -36.3 |   3769 | rsp_data_o[0]
    1124* |       5 |      98 |       60 |      6 |    16 |    +0.1% |   -1.212 |     -572.9 |      -36.3 |   3769 | rsp_data_o[0]
    1125* |       5 |      98 |       60 |      6 |    16 |    +0.1% |   -1.212 |     -572.9 |      -36.3 |   3769 | rsp_data_o[0]
    1126* |       5 |      98 |       60 |      6 |    16 |    +0.1% |   -1.212 |     -572.9 |      -36.3 |   3769 | rsp_data_o[0]
    1127* |       5 |      98 |       60 |      6 |    16 |    +0.1% |   -1.212 |     -572.9 |      -36.3 |   3769 | rsp_data_o[0]
    1128* |       5 |      98 |       60 |      6 |    16 |    +0.1% |   -1.212 |     -572.9 |      -36.3 |   3769 | rsp_data_o[0]
    1129* |       5 |      98 |       60 |      6 |    16 |    +0.1% |   -1.212 |     -572.9 |      -36.3 |   3769 | rsp_data_o[0]
    1130* |       5 |      98 |       60 |      6 |    16 |    +0.1% |   -1.212 |     -572.9 |      -36.3 |   3769 | rsp_data_o[0]
    1130* |       5 |      98 |       60 |      6 |    16 |    +0.1% |   -1.212 |     -572.9 |      -36.3 |   3769 | rsp_data_o[0]
    1131* |       5 |      98 |       60 |      6 |    16 |    +0.1% |   -1.212 |     -572.9 |      -36.3 |   3769 | rsp_data_o[0]
    1132* |       5 |      98 |       60 |      6 |    16 |    +0.1% |   -1.212 |     -572.9 |      -36.3 |   3769 | rsp_data_o[0]
    1133* |       5 |      98 |       60 |      6 |    16 |    +0.1% |   -1.212 |     -572.9 |      -36.3 |   3769 | rsp_data_o[0]
    1134* |       5 |      98 |       60 |      6 |    16 |    +0.1% |   -1.212 |     -572.9 |      -36.3 |   3769 | rsp_data_o[0]
    1135* |       5 |      98 |       60 |      6 |    16 |    +0.1% |   -1.212 |     -572.9 |      -36.3 |   3769 | rsp_data_o[0]
    1136* |       5 |      98 |       60 |      6 |    16 |    +0.1% |   -1.212 |     -572.9 |      -36.3 |   3769 | rsp_data_o[0]
    1137* |       5 |      98 |       60 |      6 |    16 |    +0.1% |   -1.212 |     -572.9 |      -36.3 |   3769 | rsp_data_o[0]
    1138* |       5 |      98 |       60 |      6 |    16 |    +0.1% |   -1.212 |     -572.9 |      -36.3 |   3769 | rsp_data_o[0]
    1139* |       5 |      98 |       60 |      6 |    16 |    +0.1% |   -1.212 |     -572.9 |      -36.3 |   3769 | rsp_data_o[0]
    1140* |       5 |      98 |       60 |      6 |    16 |    +0.1% |   -1.212 |     -572.9 |      -36.3 |   3769 | rsp_data_o[0]
    1140* |       5 |      98 |       60 |      6 |    16 |    +0.1% |   -1.212 |     -572.9 |      -36.3 |   3769 | rsp_data_o[0]
    1141* |       5 |      98 |       60 |      6 |    16 |    +0.1% |   -1.212 |     -572.9 |      -36.3 |   3769 | rsp_data_o[0]
    1142* |       5 |      98 |       60 |      6 |    16 |    +0.1% |   -1.212 |     -572.9 |      -36.3 |   3769 | rsp_data_o[0]
    1143* |       5 |      98 |       60 |      6 |    16 |    +0.1% |   -1.212 |     -572.9 |      -36.3 |   3769 | rsp_data_o[0]
    1144* |       5 |      98 |       60 |      6 |    16 |    +0.1% |   -1.212 |     -572.9 |      -36.3 |   3769 | rsp_data_o[0]
    1145* |       5 |      98 |       60 |      6 |    16 |    +0.1% |   -1.212 |     -572.9 |      -36.3 |   3769 | rsp_data_o[0]
    1146* |       5 |      98 |       60 |      6 |    16 |    +0.1% |   -1.212 |     -572.9 |      -36.3 |   3769 | rsp_data_o[0]
    1147* |       5 |      98 |       60 |      6 |    16 |    +0.1% |   -1.212 |     -572.9 |      -36.3 |   3769 | rsp_data_o[0]
    1148* |       5 |      98 |       60 |      6 |    16 |    +0.1% |   -1.212 |     -572.9 |      -36.3 |   3769 | rsp_data_o[0]
    1149* |       5 |      98 |       60 |      6 |    16 |    +0.1% |   -1.212 |     -572.9 |      -36.3 |   3769 | rsp_data_o[0]
    1150* |       5 |      98 |       60 |      6 |    16 |    +0.1% |   -1.212 |     -572.9 |      -36.3 |   3769 | rsp_data_o[0]
    1150* |       5 |      98 |       60 |      6 |    16 |    +0.1% |   -1.212 |     -572.9 |      -36.3 |   3769 | rsp_data_o[0]
    1151* |       5 |      98 |       60 |      6 |    16 |    +0.1% |   -1.212 |     -572.9 |      -36.3 |   3769 | rsp_data_o[0]
    1152* |       5 |      98 |       60 |      6 |    16 |    +0.1% |   -1.212 |     -572.9 |      -36.3 |   3769 | rsp_data_o[0]
    1153* |       5 |      98 |       60 |      6 |    16 |    +0.1% |   -1.212 |     -572.9 |      -36.3 |   3769 | rsp_data_o[0]
    1154* |       5 |      98 |       60 |      6 |    16 |    +0.1% |   -1.212 |     -572.9 |      -36.3 |   3769 | rsp_data_o[0]
    1155* |       5 |      98 |       60 |      6 |    16 |    +0.1% |   -1.212 |     -572.9 |      -36.3 |   3769 | rsp_data_o[0]
    1156* |       5 |      98 |       60 |      6 |    16 |    +0.1% |   -1.212 |     -572.9 |      -36.3 |   3769 | rsp_data_o[0]
    1157* |       5 |      98 |       60 |      6 |    16 |    +0.1% |   -1.212 |     -572.9 |      -36.3 |   3769 | rsp_data_o[0]
    1158* |       5 |      98 |       60 |      6 |    16 |    +0.1% |   -1.212 |     -572.9 |      -36.3 |   3769 | rsp_data_o[0]
    1159* |       5 |      98 |       60 |      6 |    16 |    +0.1% |   -1.212 |     -572.9 |      -36.3 |   3769 | rsp_data_o[0]
    1160* |       5 |      98 |       60 |      6 |    16 |    +0.1% |   -1.212 |     -572.9 |      -36.3 |   3769 | rsp_data_o[0]
    1160* |       5 |      98 |       60 |      6 |    16 |    +0.1% |   -1.212 |     -572.9 |      -36.3 |   3769 | rsp_data_o[0]
    1161* |       5 |      98 |       60 |      6 |    16 |    +0.1% |   -1.212 |     -572.9 |      -36.3 |   3769 | rsp_data_o[0]
    1162* |       5 |      98 |       60 |      6 |    16 |    +0.1% |   -1.212 |     -572.9 |      -36.3 |   3769 | rsp_data_o[0]
    1163* |       5 |      98 |       60 |      6 |    16 |    +0.1% |   -1.212 |     -572.9 |      -36.3 |   3769 | rsp_data_o[0]
    1164* |       5 |      98 |       60 |      6 |    16 |    +0.1% |   -1.212 |     -572.9 |      -36.3 |   3769 | rsp_data_o[0]
    1165* |       5 |      98 |       60 |      6 |    16 |    +0.1% |   -1.212 |     -572.9 |      -36.3 |   3769 | rsp_data_o[0]
    1166* |       5 |      98 |       60 |      6 |    16 |    +0.1% |   -1.212 |     -572.9 |      -36.3 |   3769 | rsp_data_o[0]
    1167* |       5 |      98 |       60 |      6 |    16 |    +0.1% |   -1.212 |     -572.9 |      -36.3 |   3769 | rsp_data_o[0]
    1168* |       5 |      98 |       60 |      6 |    16 |    +0.1% |   -1.212 |     -572.9 |      -36.3 |   3769 | rsp_data_o[0]
    1169* |       5 |      98 |       60 |      6 |    16 |    +0.1% |   -1.212 |     -572.9 |      -36.3 |   3769 | rsp_data_o[0]
    1170* |       5 |      98 |       60 |      6 |    16 |    +0.1% |   -1.212 |     -572.9 |      -36.3 |   3769 | rsp_data_o[0]
    1170* |       5 |      98 |       60 |      6 |    16 |    +0.1% |   -1.212 |     -572.9 |      -36.3 |   3769 | rsp_data_o[0]
    1171* |       5 |      98 |       60 |      6 |    16 |    +0.1% |   -1.212 |     -572.9 |      -36.3 |   3769 | rsp_data_o[0]
    1172* |       5 |      98 |       60 |      6 |    16 |    +0.1% |   -1.212 |     -572.9 |      -36.3 |   3769 | rsp_data_o[0]
    1173* |       5 |      98 |       60 |      6 |    16 |    +0.1% |   -1.212 |     -572.9 |      -36.3 |   3769 | rsp_data_o[0]
    1174* |       5 |      98 |       60 |      6 |    16 |    +0.1% |   -1.212 |     -572.9 |      -36.3 |   3769 | rsp_data_o[0]
    1175* |       5 |      98 |       60 |      6 |    16 |    +0.1% |   -1.212 |     -572.9 |      -36.3 |   3769 | rsp_data_o[0]
    1176* |       5 |      98 |       60 |      6 |    16 |    +0.1% |   -1.212 |     -572.9 |      -36.3 |   3769 | rsp_data_o[0]
    1177* |       5 |      98 |       60 |      6 |    16 |    +0.1% |   -1.212 |     -572.9 |      -36.3 |   3769 | rsp_data_o[0]
    1178* |       5 |      98 |       60 |      6 |    16 |    +0.1% |   -1.212 |     -572.9 |      -36.3 |   3769 | rsp_data_o[0]
    1179* |       5 |      98 |       60 |      6 |    16 |    +0.1% |   -1.212 |     -572.9 |      -36.3 |   3769 | rsp_data_o[0]
    1180* |       5 |      98 |       60 |      6 |    16 |    +0.1% |   -1.212 |     -572.9 |      -36.3 |   3769 | rsp_data_o[0]
    1180* |       5 |      98 |       60 |      6 |    16 |    +0.1% |   -1.212 |     -572.9 |      -36.3 |   3769 | rsp_data_o[0]
    1181* |       5 |      98 |       60 |      6 |    16 |    +0.1% |   -1.212 |     -572.9 |      -36.3 |   3769 | rsp_data_o[0]
    1182* |       5 |      98 |       60 |      6 |    16 |    +0.1% |   -1.212 |     -572.9 |      -36.3 |   3769 | rsp_data_o[0]
    1183* |       5 |      98 |       60 |      6 |    16 |    +0.1% |   -1.212 |     -572.9 |      -36.3 |   3769 | rsp_data_o[0]
    1184* |       5 |      98 |       60 |      6 |    16 |    +0.1% |   -1.212 |     -572.9 |      -36.3 |   3769 | rsp_data_o[0]
    1185* |       5 |      98 |       60 |      6 |    16 |    +0.1% |   -1.212 |     -572.9 |      -36.3 |   3769 | rsp_data_o[0]
    1186* |       5 |      98 |       60 |      6 |    16 |    +0.1% |   -1.212 |     -572.9 |      -36.3 |   3769 | rsp_data_o[0]
    1187* |       5 |      98 |       60 |      6 |    16 |    +0.1% |   -1.212 |     -572.9 |      -36.3 |   3769 | rsp_data_o[0]
    1188* |       5 |      98 |       60 |      6 |    16 |    +0.1% |   -1.212 |     -572.9 |      -36.3 |   3769 | rsp_data_o[0]
    1189* |       5 |      98 |       60 |      6 |    16 |    +0.1% |   -1.212 |     -572.9 |      -36.3 |   3769 | rsp_data_o[0]
    1190* |       5 |      98 |       60 |      6 |    16 |    +0.1% |   -1.212 |     -572.9 |      -36.3 |   3769 | rsp_data_o[0]
    1190* |       5 |      98 |       60 |      6 |    16 |    +0.1% |   -1.212 |     -572.9 |      -36.3 |   3769 | rsp_data_o[0]
    1191* |       5 |      98 |       60 |      6 |    16 |    +0.1% |   -1.212 |     -572.9 |      -36.3 |   3769 | rsp_data_o[0]
    1192* |       5 |      98 |       60 |      6 |    16 |    +0.1% |   -1.212 |     -572.9 |      -36.3 |   3769 | rsp_data_o[0]
    1193* |       5 |      98 |       60 |      6 |    16 |    +0.1% |   -1.212 |     -572.9 |      -36.3 |   3769 | rsp_data_o[0]
    1194* |       5 |      98 |       60 |      6 |    16 |    +0.1% |   -1.212 |     -572.9 |      -36.3 |   3769 | rsp_data_o[0]
    1195* |       5 |      98 |       60 |      6 |    16 |    +0.1% |   -1.212 |     -572.9 |      -36.3 |   3769 | rsp_data_o[0]
    1196* |       5 |      98 |       60 |      6 |    16 |    +0.1% |   -1.212 |     -572.9 |      -36.3 |   3769 | rsp_data_o[0]
    1197* |       5 |      98 |       60 |      6 |    16 |    +0.1% |   -1.212 |     -572.9 |      -36.3 |   3769 | rsp_data_o[0]
    1198* |       5 |      98 |       60 |      6 |    16 |    +0.1% |   -1.212 |     -572.9 |      -36.3 |   3769 | rsp_data_o[0]
    1199* |       5 |      98 |       60 |      6 |    16 |    +0.1% |   -1.212 |     -572.9 |      -36.3 |   3769 | rsp_data_o[0]
    1200* |       5 |      98 |       60 |      6 |    16 |    +0.1% |   -1.212 |     -572.9 |      -36.3 |   3769 | rsp_data_o[0]
    1200* |       5 |      98 |       60 |      6 |    16 |    +0.1% |   -1.212 |     -572.9 |      -36.3 |   3769 | rsp_data_o[0]
    1200* |       5 |      98 |       60 |      6 |    16 |    +0.1% |   -1.212 |     -572.9 |      -36.3 |   3769 | rsp_data_o[0]
    1200+ |       5 |      98 |       60 |      6 |    16 |    +0.1% |   -1.212 |     -572.9 |      -36.3 |     33 | rsp_data_o[0]
    1201+ |       5 |      98 |       60 |      6 |    16 |    +0.1% |   -1.212 |     -572.9 |      -36.3 |     33 | rsp_data_o[0]
    1202+ |       5 |      98 |       60 |      6 |    16 |    +0.1% |   -1.212 |     -572.9 |      -36.3 |     33 | rsp_data_o[0]
    1204+ |       5 |      99 |       60 |      6 |    16 |    +0.1% |   -1.212 |     -572.9 |      -36.2 |     33 | rsp_data_o[0]
    1205+ |       5 |      99 |       60 |      6 |    16 |    +0.1% |   -1.212 |     -572.9 |      -36.2 |     33 | rsp_data_o[0]
    1207+ |       5 |     100 |       60 |      6 |    16 |    +0.1% |   -1.212 |     -572.9 |      -36.2 |     33 | rsp_data_o[0]
    1208+ |       5 |     100 |       60 |      6 |    16 |    +0.1% |   -1.212 |     -572.9 |      -36.2 |     33 | rsp_data_o[0]
    1209+ |       5 |     100 |       60 |      6 |    16 |    +0.1% |   -1.212 |     -572.9 |      -36.2 |     33 | rsp_data_o[0]
    1210+ |       5 |     100 |       60 |      6 |    16 |    +0.1% |   -1.212 |     -572.9 |      -36.2 |     33 | rsp_data_o[0]
    1210+ |       5 |     100 |       60 |      6 |    16 |    +0.1% |   -1.212 |     -572.9 |      -36.2 |     33 | rsp_data_o[0]
    1211+ |       5 |     100 |       60 |      6 |    16 |    +0.1% |   -1.212 |     -572.9 |      -36.2 |     33 | rsp_data_o[0]
    1212+ |       5 |     100 |       60 |      6 |    16 |    +0.1% |   -1.212 |     -572.9 |      -36.2 |     33 | rsp_data_o[0]
    1213+ |       5 |     100 |       60 |      6 |    16 |    +0.1% |   -1.212 |     -572.9 |      -36.2 |     33 | rsp_data_o[0]
    1214+ |       5 |     100 |       60 |      6 |    16 |    +0.1% |   -1.212 |     -572.9 |      -36.2 |     33 | rsp_data_o[0]
    1215+ |       5 |     100 |       60 |      6 |    16 |    +0.1% |   -1.212 |     -572.9 |      -36.2 |     33 | rsp_data_o[0]
    1216+ |       5 |     100 |       60 |      6 |    16 |    +0.1% |   -1.212 |     -572.9 |      -36.2 |     33 | rsp_data_o[0]
    1217+ |       5 |     100 |       60 |      6 |    16 |    +0.1% |   -1.212 |     -572.9 |      -36.2 |     33 | rsp_data_o[0]
    1218+ |       5 |     100 |       60 |      6 |    16 |    +0.1% |   -1.212 |     -572.9 |      -36.2 |     33 | rsp_data_o[0]
    1219+ |       5 |     100 |       60 |      6 |    16 |    +0.1% |   -1.212 |     -572.9 |      -36.2 |     33 | rsp_data_o[0]
    1220+ |       5 |     100 |       60 |      6 |    16 |    +0.1% |   -1.212 |     -572.9 |      -36.2 |     33 | rsp_data_o[0]
    1220+ |       5 |     100 |       60 |      6 |    16 |    +0.1% |   -1.212 |     -572.9 |      -36.2 |     33 | rsp_data_o[0]
    1221+ |       5 |     100 |       60 |      6 |    16 |    +0.1% |   -1.212 |     -572.9 |      -36.2 |     33 | rsp_data_o[0]
    1222+ |       5 |     100 |       60 |      6 |    16 |    +0.1% |   -1.212 |     -572.9 |      -36.2 |     33 | rsp_data_o[0]
    1223+ |       5 |     100 |       60 |      6 |    16 |    +0.1% |   -1.212 |     -572.9 |      -36.2 |     33 | rsp_data_o[0]
    1224+ |       5 |     100 |       60 |      6 |    16 |    +0.1% |   -1.212 |     -572.9 |      -36.2 |     33 | rsp_data_o[0]
    1225+ |       5 |     100 |       60 |      6 |    16 |    +0.1% |   -1.212 |     -572.9 |      -36.2 |     33 | rsp_data_o[0]
    1226+ |       5 |     100 |       60 |      6 |    16 |    +0.1% |   -1.212 |     -572.9 |      -36.2 |     33 | rsp_data_o[0]
    1227+ |       5 |     100 |       60 |      6 |    16 |    +0.1% |   -1.212 |     -572.9 |      -36.2 |     33 | rsp_data_o[0]
    1228+ |       5 |     100 |       60 |      6 |    16 |    +0.1% |   -1.212 |     -572.9 |      -36.2 |     33 | rsp_data_o[0]
    1229+ |       5 |     100 |       60 |      6 |    16 |    +0.1% |   -1.212 |     -572.9 |      -36.2 |     33 | rsp_data_o[0]
    1230+ |       5 |     100 |       60 |      6 |    16 |    +0.1% |   -1.212 |     -572.9 |      -36.2 |     33 | rsp_data_o[0]
    1230+ |       5 |     100 |       60 |      6 |    16 |    +0.1% |   -1.212 |     -572.9 |      -36.2 |     33 | rsp_data_o[0]
    1231+ |       5 |     100 |       60 |      6 |    16 |    +0.1% |   -1.212 |     -572.9 |      -36.2 |     33 | rsp_data_o[0]
    1233+ |       5 |     101 |       60 |      6 |    16 |    +0.1% |   -1.212 |     -572.9 |      -36.2 |     33 | rsp_data_o[0]
    1234+ |       5 |     101 |       60 |      6 |    16 |    +0.1% |   -1.212 |     -572.9 |      -36.2 |     33 | rsp_data_o[0]
    1235+ |       5 |     101 |       60 |      6 |    16 |    +0.1% |   -1.212 |     -572.9 |      -36.2 |     33 | rsp_data_o[0]
    1236+ |       5 |     101 |       60 |      6 |    16 |    +0.1% |   -1.212 |     -572.9 |      -36.2 |     33 | rsp_data_o[0]
    final |       5 |     101 |       60 |      6 |    16 |    +0.1% |   -1.212 |     -572.9 |      -36.2 |     33 | rsp_data_o[0]
------------------------------------------------------------------------------------------------------------------------------
[INFO RSZ-0059] Removed 5 buffers.
[INFO RSZ-0040] Inserted 60 buffers.
[INFO RSZ-0051] Resized 101 instances: 101 up, 0 up match, 0 down, 0 VT
[INFO RSZ-0043] Swapped pins on 16 instances.
[INFO RSZ-0049] Cloned 6 instances.
[WARNING RSZ-0062] Unable to repair all setup violations.
[INFO RSZ-0505] Runtime: 88.80s
[INFO RSZ-0033] No hold violations found.
[INFO RSZ-0506] Runtime: 0.99s
Took 90 seconds: repair_timing -setup_margin 0 -hold_margin 0 -repair_tns 100 -verbose
global_route -start_incremental
detailed_placement
[INFO DPL-0006] Core area: 4492322.24 um^2
[INFO DPL-0007] Movable instances area: 523065.41 um^2
[INFO DPL-0008] Fixed instances area within core: 74754.20 um^2
[INFO DPL-0009] Utilization: 13.3%
[INFO DPL-0005] Diamond search max displacement: +/- 500 sites horizontally, +/- 100 rows vertically.
[INFO DPL-1102] Legalizing using negotiation legalizer.
[INFO DPL-1103] Negotiation base search window: +/-20 sites horizontally, +/-5 rows vertically 
	Automatic search window extension enabled.
	Search window extendable up to the max displacement cap of +/-500 sites, +/-100 rows near walls.
[INFO DPL-1104] NegotiationLegalizer DRC penalty: 5.
[INFO DPL-0392] Negotiation cell height distribution (1 unique row-count(s)):
[INFO DPL-0393]   height 1 row(s): 85666 cells
          |      Total |  Illegal |  Illegal
Iteration | Violations |    Cells |    Sites
---------------------------------------------
        0 |         42 |         6 |        36
        1 |          0 |         0 |         0
Negotiation phase 1 converged at iteration 1.
[INFO DPL-0500] Runtime: 0.69s
Placement Analysis
---------------------------------
total displacement        422.7 u
average displacement        0.0 u
max displacement           13.6 u
original HPWL         1096057.9 u
legalized HPWL        1096342.5 u
delta HPWL                    0 %

check_placement -verbose
global_route -end_incremental -congestion_report_file ./reports/sky130hd/d_ca01_nonblocking_dcache/base/congestion_post_repair_timing.rpt
estimate_parasitics -global_routing
global_route -start_incremental
global_route -end_incremental -congestion_report_file ./reports/sky130hd/d_ca01_nonblocking_dcache/base/congestion_post_recover_power.rpt
Repair antennas...
[INFO GRT-0012] Found 119 antenna violations.
[INFO GRT-0302] Inserted 115 jumpers for 103 nets.
[INFO GRT-0012] Found 18 antenna violations.
[INFO DPL-0006] Core area: 4492322.24 um^2
[INFO DPL-0007] Movable instances area: 522875.23 um^2
[INFO DPL-0008] Fixed instances area within core: 75169.59 um^2
[INFO DPL-0009] Utilization: 13.3%
[INFO DPL-0005] Diamond search max displacement: +/- 500 sites horizontally, +/- 100 rows vertically.
[INFO DPL-1102] Legalizing using negotiation legalizer.
[INFO DPL-1103] Negotiation base search window: +/-20 sites horizontally, +/-5 rows vertically 
	Automatic search window extension enabled.
	Search window extendable up to the max displacement cap of +/-500 sites, +/-100 rows near walls.
[INFO DPL-1104] NegotiationLegalizer DRC penalty: 5.
[INFO DPL-0392] Negotiation cell height distribution (1 unique row-count(s)):
[INFO DPL-0393]   height 1 row(s): 85756 cells
          |      Total |  Illegal |  Illegal
Iteration | Violations |    Cells |    Sites
---------------------------------------------
        0 |         54 |         4 |        50
        1 |          0 |         0 |         0
Negotiation phase 1 converged at iteration 1.
[INFO DPL-0500] Runtime: 0.39s
[INFO GRT-0015] Inserted 90 diodes.
[INFO GRT-0012] Found 7 antenna violations.
[INFO GRT-0302] Inserted 7 jumpers for 5 nets.
[INFO GRT-0012] Found 2 antenna violations.
[INFO DPL-0006] Core area: 4492322.24 um^2
[INFO DPL-0007] Movable instances area: 523270.61 um^2
[INFO DPL-0008] Fixed instances area within core: 74791.73 um^2
[INFO DPL-0009] Utilization: 13.3%
[INFO DPL-0005] Diamond search max displacement: +/- 500 sites horizontally, +/- 100 rows vertically.
[INFO DPL-1102] Legalizing using negotiation legalizer.
[INFO DPL-1103] Negotiation base search window: +/-20 sites horizontally, +/-5 rows vertically 
	Automatic search window extension enabled.
	Search window extendable up to the max displacement cap of +/-500 sites, +/-100 rows near walls.
[INFO DPL-1104] NegotiationLegalizer DRC penalty: 5.
[INFO DPL-0392] Negotiation cell height distribution (1 unique row-count(s)):
[INFO DPL-0393]   height 1 row(s): 85763 cells
          |      Total |  Illegal |  Illegal
Iteration | Violations |    Cells |    Sites
---------------------------------------------
        0 |          0 |         0 |         0
Negotiation phase 1 converged at iteration 0.
[INFO DPL-0500] Runtime: 0.40s
[INFO GRT-0015] Inserted 7 diodes.
[INFO GRT-0012] Found 0 antenna violations.
[INFO ANT-0002] Found 0 net violations.
[INFO ANT-0001] Found 0 pin violations.
Estimate parasitics...
estimate_parasitics -global_routing
Report metrics stage 5, global route...

==========================================================================
global route report_design_area
--------------------------------------------------------------------------
Design area 598062 um^2 13% utilization.
[INFO FLW-0007] clock core_clock period 7.500000
[INFO FLW-0008] Clock core_clock period 8.282
[INFO FLW-0009] Clock core_clock slack -1.218
write_sdc -no_timestamp ./results/sky130hd/d_ca01_nonblocking_dcache/base/updated_clks.sdc
[INFO FLW-0011] Path endpoint path count 23282
write_db ./results/sky130hd/d_ca01_nonblocking_dcache/base/5_1_grt.odb
write_sdc -no_timestamp ./results/sky130hd/d_ca01_nonblocking_dcache/base/5_1_grt.sdc
Elapsed time: 4:39.97[h:]min:sec. CPU time: user 1537.08 sys 53.93 (568%). Peak memory: 1550168KB.
Log                       Ext     Elapsed/s Peak Memory/MB sha1sum result [0:20)
5_1_grt                   .odb          279           1513 a951cfa4be4a10d6d261
5_1_grt                   .sdc                             43f480c44f8e1207ce69
/OpenROAD-flow-scripts/flow/scripts/flow.sh 5_2_route detail_route
Running detail_route.tcl, stage 5_2_route
read_liberty /OpenROAD-flow-scripts/flow/platforms/sky130hd/lib/sky130_fd_sc_hd__tt_025C_1v80.lib
read_db ./results/sky130hd/d_ca01_nonblocking_dcache/base/5_1_grt.odb
read_sdc ./results/sky130hd/d_ca01_nonblocking_dcache/base/5_1_grt.sdc
source /OpenROAD-flow-scripts/flow/platforms/sky130hd/setRC.tcl
detailed_route -output_drc ./reports/sky130hd/d_ca01_nonblocking_dcache/base/5_route_drc.rpt -output_maze ./results/sky130hd/d_ca01_nonblocking_dcache/base/maze.log -droute_end_iter 64 -verbose 1 -drc_report_iter_step 5
[INFO DRT-0149] Reading tech and libs.
[WARNING DRT-0349] LEF58_ENCLOSURE with no CUTCLASS is not supported. Skipping for layer mcon
[WARNING DRT-0349] LEF58_ENCLOSURE with no CUTCLASS is not supported. Skipping for layer mcon
[WARNING DRT-0349] LEF58_ENCLOSURE with no CUTCLASS is not supported. Skipping for layer via
[WARNING DRT-0349] LEF58_ENCLOSURE with no CUTCLASS is not supported. Skipping for layer via
[WARNING DRT-0349] LEF58_ENCLOSURE with no CUTCLASS is not supported. Skipping for layer via2
[WARNING DRT-0349] LEF58_ENCLOSURE with no CUTCLASS is not supported. Skipping for layer via2
[WARNING DRT-0349] LEF58_ENCLOSURE with no CUTCLASS is not supported. Skipping for layer via3
[WARNING DRT-0349] LEF58_ENCLOSURE with no CUTCLASS is not supported. Skipping for layer via3
[WARNING DRT-0349] LEF58_ENCLOSURE with no CUTCLASS is not supported. Skipping for layer via4
[WARNING DRT-0349] LEF58_ENCLOSURE with no CUTCLASS is not supported. Skipping for layer via4

Units:                1000
Number of layers:     13
Number of macros:     441
Number of vias:       29
Number of viarulegen: 25

[INFO DRT-0150] Reading design.
[WARNING DRT-0120] Large net net6634 has 107 pins which may impact routing performance. Consider optimization.
[WARNING DRT-0120] Large net net5798 has 177 pins which may impact routing performance. Consider optimization.
[WARNING DRT-0120] Large net net5796 has 133 pins which may impact routing performance. Consider optimization.
[WARNING DRT-0120] Large net net5793 has 217 pins which may impact routing performance. Consider optimization.
[WARNING DRT-0120] Large net net5792 has 210 pins which may impact routing performance. Consider optimization.
[WARNING DRT-0120] Large net net5790 has 213 pins which may impact routing performance. Consider optimization.
[WARNING DRT-0120] Large net net5784 has 212 pins which may impact routing performance. Consider optimization.
[WARNING DRT-0120] Large net net5782 has 185 pins which may impact routing performance. Consider optimization.
[WARNING DRT-0120] Large net net5753 has 204 pins which may impact routing performance. Consider optimization.
[WARNING DRT-0120] Large net net5751 has 105 pins which may impact routing performance. Consider optimization.
[WARNING DRT-0120] Large net net5747 has 119 pins which may impact routing performance. Consider optimization.
[WARNING DRT-0120] Large net net5746 has 139 pins which may impact routing performance. Consider optimization.
[WARNING DRT-0120] Large net net5851 has 129 pins which may impact routing performance. Consider optimization.
[WARNING DRT-0120] Large net net5743 has 105 pins which may impact routing performance. Consider optimization.
[WARNING DRT-0120] Large net net5735 has 178 pins which may impact routing performance. Consider optimization.
[WARNING DRT-0120] Large net net5674 has 147 pins which may impact routing performance. Consider optimization.
[WARNING DRT-0120] Large net _07992_ has 140 pins which may impact routing performance. Consider optimization.
[WARNING DRT-0120] Large net net5671 has 179 pins which may impact routing performance. Consider optimization.
[WARNING DRT-0120] Large net net5670 has 165 pins which may impact routing performance. Consider optimization.
[WARNING DRT-0120] Large net net5668 has 157 pins which may impact routing performance. Consider optimization.
[WARNING DRT-0120] Large net net5667 has 101 pins which may impact routing performance. Consider optimization.
[WARNING DRT-0120] Large net net5666 has 177 pins which may impact routing performance. Consider optimization.
[WARNING DRT-0120] Large net net5625 has 224 pins which may impact routing performance. Consider optimization.
[WARNING DRT-0120] Large net net5623 has 105 pins which may impact routing performance. Consider optimization.
[WARNING DRT-0120] Large net net5622 has 114 pins which may impact routing performance. Consider optimization.
[WARNING DRT-0120] Large net net5620 has 136 pins which may impact routing performance. Consider optimization.
[WARNING DRT-0120] Large net net5617 has 167 pins which may impact routing performance. Consider optimization.
[WARNING DRT-0120] Large net net5615 has 121 pins which may impact routing performance. Consider optimization.
[WARNING DRT-0120] Large net net5606 has 171 pins which may impact routing performance. Consider optimization.
[WARNING DRT-0120] Large net net5607 has 165 pins which may impact routing performance. Consider optimization.
[WARNING DRT-0120] Large net net5657 has 110 pins which may impact routing performance. Consider optimization.
[WARNING DRT-0120] Large net net5663 has 135 pins which may impact routing performance. Consider optimization.
[WARNING DRT-0120] Large net net5738 has 158 pins which may impact routing performance. Consider optimization.
[WARNING DRT-0120] Large net net6029 has 131 pins which may impact routing performance. Consider optimization.
[WARNING DRT-0120] Large net net6874 has 141 pins which may impact routing performance. Consider optimization.

Design:                   nonblocking_dcache
Die area:                 ( 0 0 ) ( 2122755 2122755 )
Number of track patterns: 12
Number of DEF vias:       0
Number of components:     85763
Number of terminals:      220
Number of snets:          2
Number of nets:           25068

[INFO DRT-0167] List of default vias:
  Layer via
    default via: M1M2_PR
  Layer via2
    default via: M2M3_PR
  Layer via3
    default via: M3M4_PR
  Layer via4
    default via: M4M5_PR
[INFO DRT-0162] Library cell analysis.
[INFO DRT-0163] Instance analysis.
[INFO DRT-0164] Number of unique instances = 292.
[INFO DRT-0168] Init region query.
[INFO DRT-0024]   Complete FR_MASTERSLICE.
[INFO DRT-0024]   Complete Fr_VIA.
[INFO DRT-0024]   Complete li1.
[INFO DRT-0024]   Complete mcon.
[INFO DRT-0024]   Complete met1.
[INFO DRT-0024]   Complete via.
[INFO DRT-0024]   Complete met2.
[INFO DRT-0024]   Complete via2.
[INFO DRT-0024]   Complete met3.
[INFO DRT-0024]   Complete via3.
[INFO DRT-0024]   Complete met4.
[INFO DRT-0024]   Complete via4.
[INFO DRT-0024]   Complete met5.
[INFO DRT-0033] FR_MASTERSLICE shape region query size = 0.
[INFO DRT-0033] FR_VIA shape region query size = 0.
[INFO DRT-0033] li1 shape region query size = 1587864.
[INFO DRT-0033] mcon shape region query size = 1095656.
[INFO DRT-0033] met1 shape region query size = 439244.
[INFO DRT-0033] via shape region query size = 304200.
[INFO DRT-0033] met2 shape region query size = 182551.
[INFO DRT-0033] via2 shape region query size = 243360.
[INFO DRT-0033] met3 shape region query size = 182707.
[INFO DRT-0033] via3 shape region query size = 243360.
[INFO DRT-0033] met4 shape region query size = 73086.
[INFO DRT-0033] via4 shape region query size = 12090.
[INFO DRT-0033] met5 shape region query size = 12400.
[INFO DRT-0165] Start pin access.
[INFO DRT-0076]   Complete 1000 pins.
[INFO DRT-0076]   Complete 2000 pins.
[INFO DRT-0078]   Complete 2358 pins.
[INFO DRT-0079]   Complete 100 unique inst patterns.
[INFO DRT-0079]   Complete 200 unique inst patterns.
[INFO DRT-0081]   Complete 292 unique inst patterns.
[INFO DRT-0082]   Complete 10000 groups.
[INFO DRT-0082]   Complete 20000 groups.
[INFO DRT-0084]   Complete 21058 groups.
#scanned instances     = 85763
#unique  instances     = 292
#stdCellGenAp          = 9366
#stdCellValidPlanarAp  = 95
#stdCellValidViaAp     = 6940
#stdCellPinNoAp        = 3
#stdCellPinCnt         = 99602
#instTermValidViaApCnt = 0
#macroGenAp            = 0
#macroValidPlanarAp    = 0
#macroValidViaAp       = 0
#macroNoAp             = 0
[INFO DRT-0166] Complete pin access.
[INFO DRT-0267] cpu time = 00:14:09, elapsed time = 00:01:32, memory = 906.50 (MB), peak = 927.82 (MB)
[INFO DRT-0156] guideIn read 100000 guides.
[INFO DRT-0156] guideIn read 200000 guides.

[INFO DRT-0157] Number of guides:     271334

[INFO DRT-0169] Post process guides.
[INFO DRT-0176] GCELLGRID X 0 DO 307 STEP 6900 ;
[INFO DRT-0177] GCELLGRID Y 0 DO 307 STEP 6900 ;
[INFO DRT-0026]   Complete 100000 origin guides.
[INFO DRT-0026]   Complete 200000 origin guides.
[INFO DRT-0028]   Complete FR_MASTERSLICE.
[INFO DRT-0028]   Complete Fr_VIA.
[INFO DRT-0028]   Complete li1.
[INFO DRT-0028]   Complete mcon.
[INFO DRT-0028]   Complete met1.
[INFO DRT-0028]   Complete via.
[INFO DRT-0028]   Complete met2.
[INFO DRT-0028]   Complete via2.
[INFO DRT-0028]   Complete met3.
[INFO DRT-0028]   Complete via3.
[INFO DRT-0028]   Complete met4.
[INFO DRT-0028]   Complete via4.
[INFO DRT-0028]   Complete met5.
[INFO DRT-0178] Init guide query.
[INFO DRT-0035]   Complete FR_MASTERSLICE (guide).
[INFO DRT-0035]   Complete Fr_VIA (guide).
[INFO DRT-0035]   Complete li1 (guide).
[INFO DRT-0035]   Complete mcon (guide).
[INFO DRT-0035]   Complete met1 (guide).
[INFO DRT-0035]   Complete via (guide).
[INFO DRT-0035]   Complete met2 (guide).
[INFO DRT-0035]   Complete via2 (guide).
[INFO DRT-0035]   Complete met3 (guide).
[INFO DRT-0035]   Complete via3 (guide).
[INFO DRT-0035]   Complete met4 (guide).
[INFO DRT-0035]   Complete via4 (guide).
[INFO DRT-0035]   Complete met5 (guide).
[INFO DRT-0036] FR_MASTERSLICE guide region query size = 0.
[INFO DRT-0036] FR_VIA guide region query size = 0.
[INFO DRT-0036] li1 guide region query size = 84022.
[INFO DRT-0036] mcon guide region query size = 0.
[INFO DRT-0036] met1 guide region query size = 81819.
[INFO DRT-0036] via guide region query size = 0.
[INFO DRT-0036] met2 guide region query size = 48237.
[INFO DRT-0036] via2 guide region query size = 0.
[INFO DRT-0036] met3 guide region query size = 6126.
[INFO DRT-0036] via3 guide region query size = 0.
[INFO DRT-0036] met4 guide region query size = 1644.
[INFO DRT-0036] via4 guide region query size = 0.
[INFO DRT-0036] met5 guide region query size = 67.
[INFO DRT-0179] Init gr pin query.
[INFO DRT-0267] cpu time = 00:00:02, elapsed time = 00:00:00, memory = 994.03 (MB), peak = 993.07 (MB)
[INFO DRT-0245] skipped writing guide updates to database.
[INFO DRT-0181] Start track assignment.
[INFO DRT-0184] Done with 133903 vertical wires in 7 frboxes and 88012 horizontal wires in 7 frboxes.
[INFO DRT-0186] Done with 12989 vertical wires in 7 frboxes and 22719 horizontal wires in 7 frboxes.
[INFO DRT-0182] Complete track assignment.
[INFO DRT-0267] cpu time = 00:00:32, elapsed time = 00:00:10, memory = 1772.54 (MB), peak = 1791.06 (MB)
[INFO DRT-0187] Start routing data preparation.
[INFO DRT-0267] cpu time = 00:00:00, elapsed time = 00:00:00, memory = 1772.55 (MB), peak = 1791.06 (MB)
[INFO DRT-0194] Start detail routing.
[INFO DRT-0195] Start 0th optimization iteration.
    Completing 10% with 0 violations.
    elapsed time = 00:00:38, memory = 2405.40 (MB).
    Completing 20% with 0 violations.
    elapsed time = 00:00:53, memory = 2809.56 (MB).
    Completing 30% with 3544 violations.
    elapsed time = 00:01:16, memory = 3028.81 (MB).
    Completing 40% with 3544 violations.
    elapsed time = 00:01:45, memory = 3069.19 (MB).
    Completing 50% with 3544 violations.
    elapsed time = 00:01:48, memory = 3072.30 (MB).
    Completing 60% with 6939 violations.
    elapsed time = 00:02:30, memory = 3259.21 (MB).
    Completing 70% with 6939 violations.
    elapsed time = 00:02:41, memory = 3275.19 (MB).
    Completing 80% with 10019 violations.
    elapsed time = 00:03:17, memory = 3313.47 (MB).
    Completing 90% with 10019 violations.
    elapsed time = 00:03:43, memory = 3314.28 (MB).
    Completing 100% with 12986 violations.
    elapsed time = 00:03:47, memory = 3321.16 (MB).
[INFO DRT-0199]   Number of violations = 16574.
Viol/Layer         li1   mcon   met1    via   met2   via2   met3   met4   met5
Cut Spacing          0     42      0      1      0      1      0      0      0
Metal Spacing        0      0   3915      0    790      0     50     10      3
Min Hole             0      0     26      0      1      0      0      0      0
Recheck             38      0   2348      0   1082      0     72     45      3
Short                0      2   6893      8   1144      3     75     17      5
[INFO DRT-0267] cpu time = 00:35:44, elapsed time = 00:03:48, memory = 3323.54 (MB), peak = 3444.90 (MB)
Total wire length = 1474807 um.
Total wire length on LAYER li1 = 0 um.
Total wire length on LAYER met1 = 512579 um.
Total wire length on LAYER met2 = 687933 um.
Total wire length on LAYER met3 = 213868 um.
Total wire length on LAYER met4 = 58302 um.
Total wire length on LAYER met5 = 2122 um.
Total number of vias = 234016.
Up-via summary (total 234016):

-------------------------
 FR_MASTERSLICE         0
            li1     97513
           met1    124549
           met2      9390
           met3      2442
           met4       122
-------------------------
               234016


[INFO DRT-0195] Start 1st optimization iteration.
    Completing 10% with 16574 violations.
    elapsed time = 00:00:43, memory = 3393.11 (MB).
    Completing 20% with 16574 violations.
    elapsed time = 00:00:56, memory = 3484.23 (MB).
    Completing 30% with 14078 violations.
    elapsed time = 00:01:11, memory = 3622.25 (MB).
    Completing 40% with 14078 violations.
    elapsed time = 00:01:43, memory = 3540.45 (MB).
    Completing 50% with 14078 violations.
    elapsed time = 00:01:43, memory = 3540.45 (MB).
    Completing 60% with 11534 violations.
    elapsed time = 00:02:31, memory = 3548.01 (MB).
    Completing 70% with 11534 violations.
    elapsed time = 00:02:48, memory = 3548.01 (MB).
    Completing 80% with 8850 violations.
    elapsed time = 00:03:20, memory = 3582.95 (MB).
    Completing 90% with 8850 violations.
    elapsed time = 00:03:59, memory = 3564.56 (MB).
    Completing 100% with 6102 violations.
    elapsed time = 00:04:06, memory = 3572.09 (MB).
[INFO DRT-0199]   Number of violations = 6102.
Viol/Layer        mcon   met1    via   met2   met3   met4
Cut Spacing          8      0      1      0      0      0
Metal Spacing        0   1711      0    210     16      2
Min Hole             0      0      0      1      0      0
Short                0   3805      1    332     12      3
[INFO DRT-0267] cpu time = 00:38:13, elapsed time = 00:04:08, memory = 3572.09 (MB), peak = 3694.77 (MB)
Total wire length = 1464502 um.
Total wire length on LAYER li1 = 0 um.
Total wire length on LAYER met1 = 509556 um.
Total wire length on LAYER met2 = 682601 um.
Total wire length on LAYER met3 = 212590 um.
Total wire length on LAYER met4 = 57616 um.
Total wire length on LAYER met5 = 2138 um.
Total number of vias = 230512.
Up-via summary (total 230512):

-------------------------
 FR_MASTERSLICE         0
            li1     97545
           met1    121260
           met2      9276
           met3      2317
           met4       114
-------------------------
               230512


[INFO DRT-0195] Start 2nd optimization iteration.
    Completing 10% with 6102 violations.
    elapsed time = 00:00:38, memory = 3607.36 (MB).
    Completing 20% with 6102 violations.
    elapsed time = 00:00:50, memory = 3607.36 (MB).
    Completing 30% with 5926 violations.
    elapsed time = 00:01:08, memory = 3699.15 (MB).
    Completing 40% with 5926 violations.
    elapsed time = 00:01:42, memory = 3622.68 (MB).
    Completing 50% with 5926 violations.
    elapsed time = 00:01:42, memory = 3622.68 (MB).
    Completing 60% with 5794 violations.
    elapsed time = 00:02:20, memory = 3622.68 (MB).
    Completing 70% with 5794 violations.
    elapsed time = 00:02:35, memory = 3622.68 (MB).
    Completing 80% with 5643 violations.
    elapsed time = 00:02:52, memory = 3664.11 (MB).
    Completing 90% with 5643 violations.
    elapsed time = 00:03:29, memory = 3622.68 (MB).
    Completing 100% with 5426 violations.
    elapsed time = 00:03:34, memory = 3622.68 (MB).
[INFO DRT-0199]   Number of violations = 5426.
Viol/Layer        mcon   met1   met2   met3   met4
Cut Spacing         11      0      0      0      0
Metal Spacing        0   1517    215      9      1
Min Hole             0      3      0      0      0
Short                0   3345    317      8      0
[INFO DRT-0267] cpu time = 00:33:35, elapsed time = 00:03:35, memory = 3622.68 (MB), peak = 3769.08 (MB)
Total wire length = 1461679 um.
Total wire length on LAYER li1 = 0 um.
Total wire length on LAYER met1 = 508368 um.
Total wire length on LAYER met2 = 681790 um.
Total wire length on LAYER met3 = 212148 um.
Total wire length on LAYER met4 = 57277 um.
Total wire length on LAYER met5 = 2093 um.
Total number of vias = 229546.
Up-via summary (total 229546):

-------------------------
 FR_MASTERSLICE         0
            li1     97572
           met1    120485
           met2      9129
           met3      2248
           met4       112
-------------------------
               229546


[INFO DRT-0195] Start 3rd optimization iteration.
    Completing 10% with 5426 violations.
    elapsed time = 00:00:25, memory = 3739.27 (MB).
    Completing 20% with 5426 violations.
    elapsed time = 00:00:35, memory = 3724.48 (MB).
    Completing 30% with 3845 violations.
    elapsed time = 00:00:54, memory = 3798.20 (MB).
    Completing 40% with 3845 violations.
    elapsed time = 00:01:13, memory = 3715.99 (MB).
    Completing 50% with 3845 violations.
    elapsed time = 00:01:18, memory = 3678.14 (MB).
    Completing 60% with 2844 violations.
    elapsed time = 00:01:39, memory = 3707.57 (MB).
    Completing 70% with 2844 violations.
    elapsed time = 00:01:42, memory = 3707.57 (MB).
    Completing 80% with 1656 violations.
    elapsed time = 00:01:59, memory = 3676.40 (MB).
    Completing 90% with 1656 violations.
    elapsed time = 00:02:12, memory = 3676.40 (MB).
    Completing 100% with 523 violations.
    elapsed time = 00:02:15, memory = 3676.40 (MB).
[INFO DRT-0199]   Number of violations = 523.
Viol/Layer        mcon   met1   met2   met3
Cut Spacing          1      0      0      0
Metal Spacing        0    160     41      1
Min Hole             0      0      1      0
Short                0    288     27      4
[INFO DRT-0267] cpu time = 00:20:20, elapsed time = 00:02:16, memory = 3676.40 (MB), peak = 3815.34 (MB)
Total wire length = 1461130 um.
Total wire length on LAYER li1 = 0 um.
Total wire length on LAYER met1 = 496816 um.
Total wire length on LAYER met2 = 681928 um.
Total wire length on LAYER met3 = 222324 um.
Total wire length on LAYER met4 = 57997 um.
Total wire length on LAYER met5 = 2063 um.
Total number of vias = 231811.
Up-via summary (total 231811):

-------------------------
 FR_MASTERSLICE         0
            li1     97561
           met1    121203
           met2     10631
           met3      2306
           met4       110
-------------------------
               231811


[INFO DRT-0195] Start 4th optimization iteration.
    Completing 10% with 523 violations.
    elapsed time = 00:00:00, memory = 3676.40 (MB).
    Completing 20% with 523 violations.
    elapsed time = 00:00:01, memory = 3750.33 (MB).
    Completing 30% with 331 violations.
    elapsed time = 00:00:11, memory = 3676.40 (MB).
    Completing 40% with 331 violations.
    elapsed time = 00:00:13, memory = 3713.73 (MB).
    Completing 50% with 331 violations.
    elapsed time = 00:00:25, memory = 3676.40 (MB).
    Completing 60% with 244 violations.
    elapsed time = 00:00:27, memory = 3676.40 (MB).
    Completing 70% with 244 violations.
    elapsed time = 00:00:28, memory = 3676.40 (MB).
    Completing 80% with 149 violations.
    elapsed time = 00:00:32, memory = 3676.40 (MB).
    Completing 90% with 149 violations.
    elapsed time = 00:00:32, memory = 3676.40 (MB).
    Completing 100% with 103 violations.
    elapsed time = 00:00:36, memory = 3676.40 (MB).
[INFO DRT-0199]   Number of violations = 103.
Viol/Layer        met1   met2
Metal Spacing       22     12
Min Hole             0      1
Short               38     30
[INFO DRT-0267] cpu time = 00:02:18, elapsed time = 00:00:36, memory = 3676.40 (MB), peak = 3815.34 (MB)
Total wire length = 1461097 um.
Total wire length on LAYER li1 = 0 um.
Total wire length on LAYER met1 = 496520 um.
Total wire length on LAYER met2 = 681943 um.
Total wire length on LAYER met3 = 222587 um.
Total wire length on LAYER met4 = 57982 um.
Total wire length on LAYER met5 = 2063 um.
Total number of vias = 231838.
Up-via summary (total 231838):

-------------------------
 FR_MASTERSLICE         0
            li1     97560
           met1    121200
           met2     10661
           met3      2307
           met4       110
-------------------------
               231838


[INFO DRT-0195] Start 5th optimization iteration.
    Completing 10% with 103 violations.
    elapsed time = 00:00:00, memory = 3676.40 (MB).
    Completing 20% with 103 violations.
    elapsed time = 00:00:00, memory = 3676.40 (MB).
    Completing 30% with 61 violations.
    elapsed time = 00:00:02, memory = 3676.40 (MB).
    Completing 40% with 61 violations.
    elapsed time = 00:00:02, memory = 3676.40 (MB).
    Completing 50% with 61 violations.
    elapsed time = 00:00:02, memory = 3676.40 (MB).
    Completing 60% with 51 violations.
    elapsed time = 00:00:03, memory = 3676.40 (MB).
    Completing 70% with 51 violations.
    elapsed time = 00:00:03, memory = 3676.40 (MB).
    Completing 80% with 42 violations.
    elapsed time = 00:00:14, memory = 3676.41 (MB).
    Completing 90% with 42 violations.
    elapsed time = 00:00:14, memory = 3676.41 (MB).
    Completing 100% with 28 violations.
    elapsed time = 00:00:17, memory = 3676.41 (MB).
[INFO DRT-0199]   Number of violations = 28.
Viol/Layer        met1
Metal Spacing       12
Short               16
[INFO DRT-0267] cpu time = 00:00:22, elapsed time = 00:00:17, memory = 3676.59 (MB), peak = 3815.34 (MB)
Total wire length = 1461053 um.
Total wire length on LAYER li1 = 0 um.
Total wire length on LAYER met1 = 496404 um.
Total wire length on LAYER met2 = 681960 um.
Total wire length on LAYER met3 = 222640 um.
Total wire length on LAYER met4 = 57984 um.
Total wire length on LAYER met5 = 2063 um.
Total number of vias = 231836.
Up-via summary (total 231836):

-------------------------
 FR_MASTERSLICE         0
            li1     97560
           met1    121201
           met2     10658
           met3      2307
           met4       110
-------------------------
               231836


[INFO DRT-0195] Start 6th guides tiles iteration.
    Completing 50% with 28 violations.
    elapsed time = 00:00:01, memory = 3676.59 (MB).
    Completing 100% with 28 violations.
    elapsed time = 00:00:02, memory = 3676.59 (MB).
[INFO DRT-0199]   Number of violations = 28.
Viol/Layer        met1
Metal Spacing       12
Short               16
[INFO DRT-0267] cpu time = 00:00:02, elapsed time = 00:00:02, memory = 3676.59 (MB), peak = 3815.34 (MB)
Total wire length = 1461053 um.
Total wire length on LAYER li1 = 0 um.
Total wire length on LAYER met1 = 496404 um.
Total wire length on LAYER met2 = 681960 um.
Total wire length on LAYER met3 = 222640 um.
Total wire length on LAYER met4 = 57984 um.
Total wire length on LAYER met5 = 2063 um.
Total number of vias = 231836.
Up-via summary (total 231836):

-------------------------
 FR_MASTERSLICE         0
            li1     97560
           met1    121201
           met2     10658
           met3      2307
           met4       110
-------------------------
               231836


[INFO DRT-0195] Start 7th stubborn tiles iteration.
    Completing 10% with 28 violations.
    elapsed time = 00:00:08, memory = 3676.61 (MB).
    Completing 20% with 28 violations.
    elapsed time = 00:00:18, memory = 3676.64 (MB).
    Completing 30% with 28 violations.
    elapsed time = 00:00:24, memory = 3676.64 (MB).
    Completing 40% with 28 violations.
    elapsed time = 00:00:30, memory = 3676.64 (MB).
    Completing 50% with 28 violations.
    elapsed time = 00:00:34, memory = 3676.64 (MB).
    Completing 60% with 1 violations.
    elapsed time = 00:00:37, memory = 3676.64 (MB).
    Completing 70% with 1 violations.
    elapsed time = 00:00:40, memory = 3676.64 (MB).
    Completing 80% with 1 violations.
    elapsed time = 00:00:41, memory = 3676.64 (MB).
    Completing 90% with 1 violations.
    elapsed time = 00:00:49, memory = 3676.75 (MB).
    Completing 100% with 0 violations.
    elapsed time = 00:00:55, memory = 3676.75 (MB).
[INFO DRT-0199]   Number of violations = 0.
[INFO DRT-0267] cpu time = 00:08:10, elapsed time = 00:00:55, memory = 3676.75 (MB), peak = 3815.34 (MB)
Total wire length = 1461073 um.
Total wire length on LAYER li1 = 0 um.
Total wire length on LAYER met1 = 496414 um.
Total wire length on LAYER met2 = 681961 um.
Total wire length on LAYER met3 = 222650 um.
Total wire length on LAYER met4 = 57984 um.
Total wire length on LAYER met5 = 2063 um.
Total number of vias = 231837.
Up-via summary (total 231837):

-------------------------
 FR_MASTERSLICE         0
            li1     97560
           met1    121197
           met2     10663
           met3      2307
           met4       110
-------------------------
               231837


[INFO DRT-0198] Complete detail routing.
Total wire length = 1461073 um.
Total wire length on LAYER li1 = 0 um.
Total wire length on LAYER met1 = 496414 um.
Total wire length on LAYER met2 = 681961 um.
Total wire length on LAYER met3 = 222650 um.
Total wire length on LAYER met4 = 57984 um.
Total wire length on LAYER met5 = 2063 um.
Total number of vias = 231837.
Up-via summary (total 231837):

-------------------------
 FR_MASTERSLICE         0
            li1     97560
           met1    121197
           met2     10663
           met3      2307
           met4       110
-------------------------
               231837


[INFO DRT-0267] cpu time = 02:18:49, elapsed time = 00:15:42, memory = 3676.75 (MB), peak = 3815.34 (MB)

[INFO DRT-0180] Post processing.
[INFO DRT-0501] Runtime: 1049.79s
Took 1050 seconds: detailed_route -output_drc ./reports/sky130hd/d_ca01_nonblocking_dcache/base/5_route_drc.rpt -output_maze ./results/sky130hd/d_ca01_nonblocking_dcache/base/maze.log -droute_end_iter 64 -verbose 1 -drc_report_iter_step 5
[INFO GRT-0012] Found 35 antenna violations.
[INFO DPL-0006] Core area: 4492322.24 um^2
[INFO DPL-0007] Movable instances area: 25.02 um^2
[INFO DPL-0008] Fixed instances area within core: 598214.99 um^2
[INFO DPL-0009] Utilization: 13.3%
[INFO DPL-0005] Diamond search max displacement: +/- 500 sites horizontally, +/- 100 rows vertically.
[INFO DPL-1102] Legalizing using negotiation legalizer.
[INFO DPL-1103] Negotiation base search window: +/-20 sites horizontally, +/-5 rows vertically 
	Automatic search window extension enabled.
	Search window extendable up to the max displacement cap of +/-500 sites, +/-100 rows near walls.
[INFO DPL-1104] NegotiationLegalizer DRC penalty: 5.
[INFO DPL-0392] Negotiation cell height distribution (1 unique row-count(s)):
[INFO DPL-0393]   height 1 row(s): 85834 cells
          |      Total |  Illegal |  Illegal
Iteration | Violations |    Cells |    Sites
---------------------------------------------
        0 |          0 |         0 |         0
Negotiation phase 1 converged at iteration 0.
[INFO DPL-0500] Runtime: 0.55s
[INFO GRT-0015] Inserted 71 diodes.
[WARNING DRT-0120] Large net net6634 has 107 pins which may impact routing performance. Consider optimization.
[WARNING DRT-0120] Large net net5798 has 177 pins which may impact routing performance. Consider optimization.
[WARNING DRT-0120] Large net net5796 has 133 pins which may impact routing performance. Consider optimization.
[WARNING DRT-0120] Large net net5793 has 217 pins which may impact routing performance. Consider optimization.
[WARNING DRT-0120] Large net net5792 has 210 pins which may impact routing performance. Consider optimization.
[WARNING DRT-0120] Large net net5790 has 213 pins which may impact routing performance. Consider optimization.
[WARNING DRT-0120] Large net net5784 has 212 pins which may impact routing performance. Consider optimization.
[WARNING DRT-0120] Large net net5782 has 185 pins which may impact routing performance. Consider optimization.
[WARNING DRT-0120] Large net net5753 has 204 pins which may impact routing performance. Consider optimization.
[WARNING DRT-0120] Large net net5751 has 105 pins which may impact routing performance. Consider optimization.
[WARNING DRT-0120] Large net net5747 has 119 pins which may impact routing performance. Consider optimization.
[WARNING DRT-0120] Large net net5746 has 139 pins which may impact routing performance. Consider optimization.
[WARNING DRT-0120] Large net net5851 has 129 pins which may impact routing performance. Consider optimization.
[WARNING DRT-0120] Large net net5743 has 105 pins which may impact routing performance. Consider optimization.
[WARNING DRT-0120] Large net net5735 has 178 pins which may impact routing performance. Consider optimization.
[WARNING DRT-0120] Large net net5674 has 147 pins which may impact routing performance. Consider optimization.
[WARNING DRT-0120] Large net _07992_ has 140 pins which may impact routing performance. Consider optimization.
[WARNING DRT-0120] Large net net5671 has 179 pins which may impact routing performance. Consider optimization.
[WARNING DRT-0120] Large net net5670 has 165 pins which may impact routing performance. Consider optimization.
[WARNING DRT-0120] Large net net5668 has 157 pins which may impact routing performance. Consider optimization.
[WARNING DRT-0120] Large net net5667 has 101 pins which may impact routing performance. Consider optimization.
[WARNING DRT-0120] Large net net5666 has 177 pins which may impact routing performance. Consider optimization.
[WARNING DRT-0120] Large net net5625 has 224 pins which may impact routing performance. Consider optimization.
[WARNING DRT-0120] Large net net5623 has 105 pins which may impact routing performance. Consider optimization.
[WARNING DRT-0120] Large net net5622 has 114 pins which may impact routing performance. Consider optimization.
[WARNING DRT-0120] Large net net5620 has 136 pins which may impact routing performance. Consider optimization.
[WARNING DRT-0120] Large net net5617 has 167 pins which may impact routing performance. Consider optimization.
[WARNING DRT-0120] Large net net5615 has 121 pins which may impact routing performance. Consider optimization.
[WARNING DRT-0120] Large net net5606 has 171 pins which may impact routing performance. Consider optimization.
[WARNING DRT-0120] Large net net5607 has 165 pins which may impact routing performance. Consider optimization.
[WARNING DRT-0120] Large net net5657 has 110 pins which may impact routing performance. Consider optimization.
[WARNING DRT-0120] Large net net5663 has 135 pins which may impact routing performance. Consider optimization.
[WARNING DRT-0120] Large net net5738 has 158 pins which may impact routing performance. Consider optimization.
[WARNING DRT-0120] Large net net6029 has 131 pins which may impact routing performance. Consider optimization.
[WARNING DRT-0120] Large net net6874 has 141 pins which may impact routing performance. Consider optimization.
[INFO DRT-0024]   Complete FR_MASTERSLICE.
[INFO DRT-0024]   Complete Fr_VIA.
[INFO DRT-0024]   Complete li1.
[INFO DRT-0024]   Complete mcon.
[INFO DRT-0024]   Complete met1.
[INFO DRT-0024]   Complete via.
[INFO DRT-0024]   Complete met2.
[INFO DRT-0024]   Complete via2.
[INFO DRT-0024]   Complete met3.
[INFO DRT-0024]   Complete via3.
[INFO DRT-0024]   Complete met4.
[INFO DRT-0024]   Complete via4.
[INFO DRT-0024]   Complete met5.
[INFO DRT-0165] Start pin access.
[INFO DRT-0076]   Complete 1000 pins.
[INFO DRT-0076]   Complete 2000 pins.
[INFO DRT-0078]   Complete 2358 pins.
[INFO DRT-0079]   Complete 100 unique inst patterns.
[INFO DRT-0079]   Complete 200 unique inst patterns.
[INFO DRT-0081]   Complete 292 unique inst patterns.
[INFO DRT-0082]   Complete 10000 groups.
[INFO DRT-0082]   Complete 20000 groups.
[INFO DRT-0084]   Complete 21071 groups.
#scanned instances     = 85834
#unique  instances     = 292
#stdCellGenAp          = 9366
#stdCellValidPlanarAp  = 95
#stdCellValidViaAp     = 6940
#stdCellPinNoAp        = 3
#stdCellPinCnt         = 99602
#instTermValidViaApCnt = 0
#macroGenAp            = 0
#macroValidPlanarAp    = 0
#macroValidViaAp       = 0
#macroNoAp             = 0
[INFO DRT-0166] Complete pin access.
[INFO DRT-0267] cpu time = 00:19:01, elapsed time = 00:02:05, memory = 3186.69 (MB), peak = 3815.34 (MB)
[INFO DRT-0156] guideIn read 100000 guides.
[INFO DRT-0156] guideIn read 200000 guides.

[INFO DRT-0157] Number of guides:     271220

[INFO DRT-0169] Post process guides.
[INFO DRT-0176] GCELLGRID X 0 DO 307 STEP 6900 ;
[INFO DRT-0177] GCELLGRID Y 0 DO 307 STEP 6900 ;
[INFO DRT-0026]   Complete 100000 origin guides.
[INFO DRT-0026]   Complete 200000 origin guides.
[INFO DRT-0028]   Complete FR_MASTERSLICE.
[INFO DRT-0028]   Complete Fr_VIA.
[INFO DRT-0028]   Complete li1.
[INFO DRT-0028]   Complete mcon.
[INFO DRT-0028]   Complete met1.
[INFO DRT-0028]   Complete via.
[INFO DRT-0028]   Complete met2.
[INFO DRT-0028]   Complete via2.
[INFO DRT-0028]   Complete met3.
[INFO DRT-0028]   Complete via3.
[INFO DRT-0028]   Complete met4.
[INFO DRT-0028]   Complete via4.
[INFO DRT-0028]   Complete met5.
[INFO DRT-0178] Init guide query.
[INFO DRT-0035]   Complete FR_MASTERSLICE (guide).
[INFO DRT-0035]   Complete Fr_VIA (guide).
[INFO DRT-0035]   Complete li1 (guide).
[INFO DRT-0035]   Complete mcon (guide).
[INFO DRT-0035]   Complete met1 (guide).
[INFO DRT-0035]   Complete via (guide).
[INFO DRT-0035]   Complete met2 (guide).
[INFO DRT-0035]   Complete via2 (guide).
[INFO DRT-0035]   Complete met3 (guide).
[INFO DRT-0035]   Complete via3 (guide).
[INFO DRT-0035]   Complete met4 (guide).
[INFO DRT-0035]   Complete via4 (guide).
[INFO DRT-0035]   Complete met5 (guide).
[INFO DRT-0036] FR_MASTERSLICE guide region query size = 0.
[INFO DRT-0036] FR_VIA guide region query size = 0.
[INFO DRT-0036] li1 guide region query size = 84049.
[INFO DRT-0036] mcon guide region query size = 0.
[INFO DRT-0036] met1 guide region query size = 81826.
[INFO DRT-0036] via guide region query size = 0.
[INFO DRT-0036] met2 guide region query size = 48215.
[INFO DRT-0036] via2 guide region query size = 0.
[INFO DRT-0036] met3 guide region query size = 6078.
[INFO DRT-0036] via3 guide region query size = 0.
[INFO DRT-0036] met4 guide region query size = 1606.
[INFO DRT-0036] via4 guide region query size = 0.
[INFO DRT-0036] met5 guide region query size = 55.
[INFO DRT-0179] Init gr pin query.
[INFO DRT-0267] cpu time = 00:00:02, elapsed time = 00:00:00, memory = 3186.69 (MB), peak = 3815.34 (MB)
[INFO DRT-0245] skipped writing guide updates to database.
[INFO DRT-0181] Start track assignment.
[INFO DRT-0184] Done with 133870 vertical wires in 7 frboxes and 87959 horizontal wires in 7 frboxes.
[INFO DRT-0186] Done with 12920 vertical wires in 7 frboxes and 22675 horizontal wires in 7 frboxes.
[INFO DRT-0182] Complete track assignment.
[INFO DRT-0267] cpu time = 00:00:33, elapsed time = 00:00:10, memory = 3342.16 (MB), peak = 3815.34 (MB)
[INFO DRT-0187] Start routing data preparation.
[INFO DRT-0267] cpu time = 00:00:00, elapsed time = 00:00:00, memory = 3342.16 (MB), peak = 3815.34 (MB)
[INFO DRT-0194] Start detail routing.
[INFO DRT-0195] Start 0th optimization iteration.
    Completing 10% with 0 violations.
    elapsed time = 00:00:12, memory = 3397.49 (MB).
    Completing 20% with 0 violations.
    elapsed time = 00:00:19, memory = 3527.90 (MB).
    Completing 30% with 284 violations.
    elapsed time = 00:00:32, memory = 3739.81 (MB).
    Completing 40% with 284 violations.
    elapsed time = 00:00:47, memory = 3724.52 (MB).
    Completing 50% with 284 violations.
    elapsed time = 00:00:48, memory = 3734.45 (MB).
    Completing 60% with 567 violations.
    elapsed time = 00:01:08, memory = 3767.84 (MB).
    Completing 70% with 567 violations.
    elapsed time = 00:01:11, memory = 3767.84 (MB).
    Completing 80% with 791 violations.
    elapsed time = 00:01:21, memory = 3767.84 (MB).
    Completing 90% with 791 violations.
    elapsed time = 00:01:31, memory = 3794.53 (MB).
    Completing 100% with 990 violations.
    elapsed time = 00:01:33, memory = 3794.53 (MB).
[INFO DRT-0199]   Number of violations = 1212.
Viol/Layer        mcon   met1   met2   met3   met4
Cut Spacing          1      0      0      0      0
Metal Spacing        0    131     45     23      1
Min Hole             0      3      0      0      0
Recheck              0     76     96     49      1
Short                0    436    235    113      2
[INFO DRT-0267] cpu time = 00:13:48, elapsed time = 00:01:34, memory = 3807.49 (MB), peak = 3838.13 (MB)
Total wire length = 1461687 um.
Total wire length on LAYER li1 = 0 um.
Total wire length on LAYER met1 = 496646 um.
Total wire length on LAYER met2 = 683831 um.
Total wire length on LAYER met3 = 222802 um.
Total wire length on LAYER met4 = 56463 um.
Total wire length on LAYER met5 = 1943 um.
Total number of vias = 231987.
Up-via summary (total 231987):

-------------------------
 FR_MASTERSLICE         0
            li1     97658
           met1    121328
           met2     10630
           met3      2267
           met4       104
-------------------------
               231987


[INFO DRT-0195] Start 1st optimization iteration.
    Completing 10% with 1212 violations.
    elapsed time = 00:00:17, memory = 3823.26 (MB).
    Completing 20% with 1212 violations.
    elapsed time = 00:00:23, memory = 3823.27 (MB).
    Completing 30% with 929 violations.
    elapsed time = 00:00:31, memory = 3853.55 (MB).
    Completing 40% with 929 violations.
    elapsed time = 00:00:47, memory = 3784.64 (MB).
    Completing 50% with 929 violations.
    elapsed time = 00:00:48, memory = 3784.64 (MB).
    Completing 60% with 767 violations.
    elapsed time = 00:01:07, memory = 3784.64 (MB).
    Completing 70% with 767 violations.
    elapsed time = 00:01:13, memory = 3802.44 (MB).
    Completing 80% with 494 violations.
    elapsed time = 00:01:21, memory = 3834.22 (MB).
    Completing 90% with 494 violations.
    elapsed time = 00:01:33, memory = 3834.22 (MB).
    Completing 100% with 313 violations.
    elapsed time = 00:01:36, memory = 3834.22 (MB).
[INFO DRT-0199]   Number of violations = 313.
Viol/Layer        mcon   met1   met2   met3
Cut Spacing          2      0      0      0
Metal Spacing        0     42     16      8
Short                0    160     51     34
[INFO DRT-0267] cpu time = 00:14:26, elapsed time = 00:01:36, memory = 3787.65 (MB), peak = 3930.81 (MB)
Total wire length = 1461396 um.
Total wire length on LAYER li1 = 0 um.
Total wire length on LAYER met1 = 496575 um.
Total wire length on LAYER met2 = 683687 um.
Total wire length on LAYER met3 = 222729 um.
Total wire length on LAYER met4 = 56461 um.
Total wire length on LAYER met5 = 1943 um.
Total number of vias = 231894.
Up-via summary (total 231894):

-------------------------
 FR_MASTERSLICE         0
            li1     97662
           met1    121244
           met2     10619
           met3      2265
           met4       104
-------------------------
               231894


[INFO DRT-0195] Start 2nd optimization iteration.
    Completing 10% with 313 violations.
    elapsed time = 00:00:03, memory = 3787.65 (MB).
    Completing 20% with 313 violations.
    elapsed time = 00:00:04, memory = 3787.65 (MB).
    Completing 30% with 236 violations.
    elapsed time = 00:00:05, memory = 3787.65 (MB).
    Completing 40% with 236 violations.
    elapsed time = 00:00:06, memory = 3787.65 (MB).
    Completing 50% with 236 violations.
    elapsed time = 00:00:06, memory = 3787.65 (MB).
    Completing 60% with 236 violations.
    elapsed time = 00:00:10, memory = 3822.54 (MB).
    Completing 70% with 236 violations.
    elapsed time = 00:00:10, memory = 3787.65 (MB).
    Completing 80% with 249 violations.
    elapsed time = 00:00:12, memory = 3787.65 (MB).
    Completing 90% with 249 violations.
    elapsed time = 00:00:13, memory = 3823.89 (MB).
    Completing 100% with 239 violations.
    elapsed time = 00:00:14, memory = 3787.65 (MB).
[INFO DRT-0199]   Number of violations = 239.
Viol/Layer        met1   met2   met3
Metal Spacing       42      3     10
Short              109     43     32
[INFO DRT-0267] cpu time = 00:01:54, elapsed time = 00:00:15, memory = 3787.65 (MB), peak = 3930.81 (MB)
Total wire length = 1461306 um.
Total wire length on LAYER li1 = 0 um.
Total wire length on LAYER met1 = 496534 um.
Total wire length on LAYER met2 = 683649 um.
Total wire length on LAYER met3 = 222717 um.
Total wire length on LAYER met4 = 56461 um.
Total wire length on LAYER met5 = 1943 um.
Total number of vias = 231862.
Up-via summary (total 231862):

-------------------------
 FR_MASTERSLICE         0
            li1     97659
           met1    121226
           met2     10608
           met3      2265
           met4       104
-------------------------
               231862


[INFO DRT-0195] Start 3rd optimization iteration.
    Completing 10% with 239 violations.
    elapsed time = 00:00:01, memory = 3905.57 (MB).
    Completing 20% with 239 violations.
    elapsed time = 00:00:01, memory = 3864.20 (MB).
    Completing 30% with 183 violations.
    elapsed time = 00:00:05, memory = 3787.65 (MB).
    Completing 40% with 183 violations.
    elapsed time = 00:00:07, memory = 3820.12 (MB).
    Completing 50% with 183 violations.
    elapsed time = 00:00:09, memory = 3787.65 (MB).
    Completing 60% with 132 violations.
    elapsed time = 00:00:10, memory = 3821.50 (MB).
    Completing 70% with 132 violations.
    elapsed time = 00:00:10, memory = 3821.50 (MB).
    Completing 80% with 74 violations.
    elapsed time = 00:00:13, memory = 3787.65 (MB).
    Completing 90% with 74 violations.
    elapsed time = 00:00:14, memory = 3787.65 (MB).
    Completing 100% with 43 violations.
    elapsed time = 00:00:17, memory = 3787.65 (MB).
[INFO DRT-0199]   Number of violations = 43.
Viol/Layer        met1   met2
Metal Spacing       30      4
Short                9      0
[INFO DRT-0267] cpu time = 00:01:32, elapsed time = 00:00:18, memory = 3787.65 (MB), peak = 3975.56 (MB)
Total wire length = 1461265 um.
Total wire length on LAYER li1 = 0 um.
Total wire length on LAYER met1 = 496392 um.
Total wire length on LAYER met2 = 683495 um.
Total wire length on LAYER met3 = 222709 um.
Total wire length on LAYER met4 = 56689 um.
Total wire length on LAYER met5 = 1978 um.
Total number of vias = 232032.
Up-via summary (total 232032):

-------------------------
 FR_MASTERSLICE         0
            li1     97660
           met1    121263
           met2     10725
           met3      2280
           met4       104
-------------------------
               232032


[INFO DRT-0195] Start 4th guides tiles iteration.
    Completing 20% with 43 violations.
    elapsed time = 00:00:00, memory = 3787.65 (MB).
    Completing 40% with 43 violations.
    elapsed time = 00:00:03, memory = 3787.65 (MB).
    Completing 60% with 27 violations.
    elapsed time = 00:00:03, memory = 3787.65 (MB).
    Completing 80% with 27 violations.
    elapsed time = 00:00:03, memory = 3787.65 (MB).
    Completing 100% with 21 violations.
    elapsed time = 00:00:03, memory = 3787.65 (MB).
[INFO DRT-0199]   Number of violations = 21.
Viol/Layer        met1
Metal Spacing       17
Short                4
[INFO DRT-0267] cpu time = 00:00:04, elapsed time = 00:00:03, memory = 3787.65 (MB), peak = 3975.56 (MB)
Total wire length = 1461253 um.
Total wire length on LAYER li1 = 0 um.
Total wire length on LAYER met1 = 496199 um.
Total wire length on LAYER met2 = 683492 um.
Total wire length on LAYER met3 = 222883 um.
Total wire length on LAYER met4 = 56698 um.
Total wire length on LAYER met5 = 1978 um.
Total number of vias = 232034.
Up-via summary (total 232034):

-------------------------
 FR_MASTERSLICE         0
            li1     97660
           met1    121249
           met2     10737
           met3      2284
           met4       104
-------------------------
               232034


[INFO DRT-0195] Start 5th guides tiles iteration.
    Completing 30% with 21 violations.
    elapsed time = 00:00:01, memory = 3787.65 (MB).
    Completing 60% with 12 violations.
    elapsed time = 00:00:01, memory = 3787.65 (MB).
    Completing 100% with 3 violations.
    elapsed time = 00:00:01, memory = 3787.65 (MB).
[INFO DRT-0199]   Number of violations = 3.
Viol/Layer        met1
Metal Spacing        3
[INFO DRT-0267] cpu time = 00:00:02, elapsed time = 00:00:02, memory = 3787.65 (MB), peak = 3975.56 (MB)
Total wire length = 1461250 um.
Total wire length on LAYER li1 = 0 um.
Total wire length on LAYER met1 = 496188 um.
Total wire length on LAYER met2 = 683493 um.
Total wire length on LAYER met3 = 222890 um.
Total wire length on LAYER met4 = 56698 um.
Total wire length on LAYER met5 = 1978 um.
Total number of vias = 232039.
Up-via summary (total 232039):

-------------------------
 FR_MASTERSLICE         0
            li1     97660
           met1    121251
           met2     10740
           met3      2284
           met4       104
-------------------------
               232039


[INFO DRT-0195] Start 6th guides tiles iteration.
    Completing 50% with 3 violations.
    elapsed time = 00:00:01, memory = 3787.65 (MB).
    Completing 100% with 1 violations.
    elapsed time = 00:00:01, memory = 3787.65 (MB).
[INFO DRT-0199]   Number of violations = 1.
Viol/Layer        met1
Metal Spacing        1
[INFO DRT-0267] cpu time = 00:00:01, elapsed time = 00:00:01, memory = 3787.65 (MB), peak = 3975.56 (MB)
Total wire length = 1461246 um.
Total wire length on LAYER li1 = 0 um.
Total wire length on LAYER met1 = 496142 um.
Total wire length on LAYER met2 = 683491 um.
Total wire length on LAYER met3 = 222935 um.
Total wire length on LAYER met4 = 56698 um.
Total wire length on LAYER met5 = 1978 um.
Total number of vias = 232039.
Up-via summary (total 232039):

-------------------------
 FR_MASTERSLICE         0
            li1     97660
           met1    121249
           met2     10742
           met3      2284
           met4       104
-------------------------
               232039


[INFO DRT-0195] Start 7th guides tiles iteration.
    Completing 50% with 1 violations.
    elapsed time = 00:00:00, memory = 3787.65 (MB).
    Completing 100% with 1 violations.
    elapsed time = 00:00:00, memory = 3787.65 (MB).
[INFO DRT-0199]   Number of violations = 1.
Viol/Layer        met1
Metal Spacing        1
[INFO DRT-0267] cpu time = 00:00:00, elapsed time = 00:00:00, memory = 3787.65 (MB), peak = 3975.56 (MB)
Total wire length = 1461246 um.
Total wire length on LAYER li1 = 0 um.
Total wire length on LAYER met1 = 496142 um.
Total wire length on LAYER met2 = 683491 um.
Total wire length on LAYER met3 = 222935 um.
Total wire length on LAYER met4 = 56698 um.
Total wire length on LAYER met5 = 1978 um.
Total number of vias = 232039.
Up-via summary (total 232039):

-------------------------
 FR_MASTERSLICE         0
            li1     97660
           met1    121249
           met2     10742
           met3      2284
           met4       104
-------------------------
               232039


[INFO DRT-0195] Start 8th stubborn tiles iteration.
    Completing 10% with 1 violations.
    elapsed time = 00:00:01, memory = 3815.65 (MB).
    Completing 20% with 1 violations.
    elapsed time = 00:00:01, memory = 3844.64 (MB).
    Completing 30% with 1 violations.
    elapsed time = 00:00:03, memory = 3844.64 (MB).
    Completing 40% with 1 violations.
    elapsed time = 00:00:04, memory = 3844.64 (MB).
    Completing 50% with 1 violations.
    elapsed time = 00:00:04, memory = 3872.04 (MB).
    Completing 60% with 1 violations.
    elapsed time = 00:00:05, memory = 3872.04 (MB).
    Completing 70% with 1 violations.
    elapsed time = 00:00:06, memory = 3872.04 (MB).
    Completing 80% with 1 violations.
    elapsed time = 00:00:07, memory = 3872.04 (MB).
    Completing 90% with 1 violations.
    elapsed time = 00:00:08, memory = 3872.16 (MB).
    Completing 100% with 0 violations.
    elapsed time = 00:00:10, memory = 3872.16 (MB).
[INFO DRT-0199]   Number of violations = 0.
[INFO DRT-0267] cpu time = 00:01:23, elapsed time = 00:00:10, memory = 3872.16 (MB), peak = 3975.56 (MB)
Total wire length = 1461240 um.
Total wire length on LAYER li1 = 0 um.
Total wire length on LAYER met1 = 496138 um.
Total wire length on LAYER met2 = 683486 um.
Total wire length on LAYER met3 = 222938 um.
Total wire length on LAYER met4 = 56698 um.
Total wire length on LAYER met5 = 1978 um.
Total number of vias = 232037.
Up-via summary (total 232037):

-------------------------
 FR_MASTERSLICE         0
            li1     97660
           met1    121247
           met2     10742
           met3      2284
           met4       104
-------------------------
               232037


[INFO DRT-0198] Complete detail routing.
Total wire length = 1461240 um.
Total wire length on LAYER li1 = 0 um.
Total wire length on LAYER met1 = 496138 um.
Total wire length on LAYER met2 = 683486 um.
Total wire length on LAYER met3 = 222938 um.
Total wire length on LAYER met4 = 56698 um.
Total wire length on LAYER met5 = 1978 um.
Total number of vias = 232037.
Up-via summary (total 232037):

-------------------------
 FR_MASTERSLICE         0
            li1     97660
           met1    121247
           met2     10742
           met3      2284
           met4       104
-------------------------
               232037


[INFO DRT-0267] cpu time = 00:33:14, elapsed time = 00:04:03, memory = 3872.16 (MB), peak = 3975.56 (MB)

[INFO DRT-0180] Post processing.
[INFO DRT-0501] Runtime: 381.74s
[INFO ANT-0002] Found 7 net violations.
[INFO ANT-0001] Found 8 pin violations.
[INFO GRT-0012] Found 7 antenna violations.
[INFO DPL-0006] Core area: 4492322.24 um^2
[INFO DPL-0007] Movable instances area: 40.04 um^2
[INFO DPL-0008] Fixed instances area within core: 598277.55 um^2
[INFO DPL-0009] Utilization: 13.3%
[INFO DPL-0005] Diamond search max displacement: +/- 500 sites horizontally, +/- 100 rows vertically.
[INFO DPL-1102] Legalizing using negotiation legalizer.
[INFO DPL-1103] Negotiation base search window: +/-20 sites horizontally, +/-5 rows vertically 
	Automatic search window extension enabled.
	Search window extendable up to the max displacement cap of +/-500 sites, +/-100 rows near walls.
[INFO DPL-1104] NegotiationLegalizer DRC penalty: 5.
[INFO DPL-0392] Negotiation cell height distribution (1 unique row-count(s)):
[INFO DPL-0393]   height 1 row(s): 85865 cells
          |      Total |  Illegal |  Illegal
Iteration | Violations |    Cells |    Sites
---------------------------------------------
        0 |          0 |         0 |         0
Negotiation phase 1 converged at iteration 0.
[INFO DPL-0500] Runtime: 0.71s
[INFO GRT-0015] Inserted 31 diodes.
[WARNING DRT-0120] Large net net6634 has 107 pins which may impact routing performance. Consider optimization.
[WARNING DRT-0120] Large net net5798 has 177 pins which may impact routing performance. Consider optimization.
[WARNING DRT-0120] Large net net5796 has 133 pins which may impact routing performance. Consider optimization.
[WARNING DRT-0120] Large net net5793 has 217 pins which may impact routing performance. Consider optimization.
[WARNING DRT-0120] Large net net5792 has 210 pins which may impact routing performance. Consider optimization.
[WARNING DRT-0120] Large net net5790 has 213 pins which may impact routing performance. Consider optimization.
[WARNING DRT-0120] Large net net5784 has 212 pins which may impact routing performance. Consider optimization.
[WARNING DRT-0120] Large net net5782 has 185 pins which may impact routing performance. Consider optimization.
[WARNING DRT-0120] Large net net5753 has 204 pins which may impact routing performance. Consider optimization.
[WARNING DRT-0120] Large net net5751 has 105 pins which may impact routing performance. Consider optimization.
[WARNING DRT-0120] Large net net5747 has 119 pins which may impact routing performance. Consider optimization.
[WARNING DRT-0120] Large net net5746 has 139 pins which may impact routing performance. Consider optimization.
[WARNING DRT-0120] Large net net5851 has 129 pins which may impact routing performance. Consider optimization.
[WARNING DRT-0120] Large net net5743 has 105 pins which may impact routing performance. Consider optimization.
[WARNING DRT-0120] Large net net5735 has 178 pins which may impact routing performance. Consider optimization.
[WARNING DRT-0120] Large net net5674 has 147 pins which may impact routing performance. Consider optimization.
[WARNING DRT-0120] Large net _07992_ has 140 pins which may impact routing performance. Consider optimization.
[WARNING DRT-0120] Large net net5671 has 179 pins which may impact routing performance. Consider optimization.
[WARNING DRT-0120] Large net net5670 has 165 pins which may impact routing performance. Consider optimization.
[WARNING DRT-0120] Large net net5668 has 157 pins which may impact routing performance. Consider optimization.
[WARNING DRT-0120] Large net net5667 has 101 pins which may impact routing performance. Consider optimization.
[WARNING DRT-0120] Large net net5666 has 177 pins which may impact routing performance. Consider optimization.
[WARNING DRT-0120] Large net net5625 has 224 pins which may impact routing performance. Consider optimization.
[WARNING DRT-0120] Large net net5623 has 105 pins which may impact routing performance. Consider optimization.
[WARNING DRT-0120] Large net net5622 has 114 pins which may impact routing performance. Consider optimization.
[WARNING DRT-0120] Large net net5620 has 136 pins which may impact routing performance. Consider optimization.
[WARNING DRT-0120] Large net net5617 has 167 pins which may impact routing performance. Consider optimization.
[WARNING DRT-0120] Large net net5615 has 121 pins which may impact routing performance. Consider optimization.
[WARNING DRT-0120] Large net net5606 has 171 pins which may impact routing performance. Consider optimization.
[WARNING DRT-0120] Large net net5607 has 165 pins which may impact routing performance. Consider optimization.
[WARNING DRT-0120] Large net net5657 has 110 pins which may impact routing performance. Consider optimization.
[WARNING DRT-0120] Large net net5663 has 135 pins which may impact routing performance. Consider optimization.
[WARNING DRT-0120] Large net net5738 has 158 pins which may impact routing performance. Consider optimization.
[WARNING DRT-0120] Large net net6029 has 131 pins which may impact routing performance. Consider optimization.
[WARNING DRT-0120] Large net net6874 has 141 pins which may impact routing performance. Consider optimization.
[INFO DRT-0024]   Complete FR_MASTERSLICE.
[INFO DRT-0024]   Complete Fr_VIA.
[INFO DRT-0024]   Complete li1.
[INFO DRT-0024]   Complete mcon.
[INFO DRT-0024]   Complete met1.
[INFO DRT-0024]   Complete via.
[INFO DRT-0024]   Complete met2.
[INFO DRT-0024]   Complete via2.
[INFO DRT-0024]   Complete met3.
[INFO DRT-0024]   Complete via3.
[INFO DRT-0024]   Complete met4.
[INFO DRT-0024]   Complete via4.
[INFO DRT-0024]   Complete met5.
[INFO DRT-0165] Start pin access.
[INFO DRT-0076]   Complete 1000 pins.
[INFO DRT-0076]   Complete 2000 pins.
[INFO DRT-0078]   Complete 2358 pins.
[INFO DRT-0079]   Complete 100 unique inst patterns.
[INFO DRT-0079]   Complete 200 unique inst patterns.
[INFO DRT-0081]   Complete 292 unique inst patterns.
[INFO DRT-0082]   Complete 10000 groups.
[INFO DRT-0082]   Complete 20000 groups.
[INFO DRT-0084]   Complete 21072 groups.
#scanned instances     = 85865
#unique  instances     = 292
#stdCellGenAp          = 9366
#stdCellValidPlanarAp  = 95
#stdCellValidViaAp     = 6940
#stdCellPinNoAp        = 3
#stdCellPinCnt         = 99602
#instTermValidViaApCnt = 0
#macroGenAp            = 0
#macroValidPlanarAp    = 0
#macroValidViaAp       = 0
#macroNoAp             = 0
[INFO DRT-0166] Complete pin access.
[INFO DRT-0267] cpu time = 00:13:29, elapsed time = 00:01:29, memory = 3830.60 (MB), peak = 3975.56 (MB)
[INFO DRT-0156] guideIn read 100000 guides.
[INFO DRT-0156] guideIn read 200000 guides.

[INFO DRT-0157] Number of guides:     271228

[INFO DRT-0169] Post process guides.
[INFO DRT-0176] GCELLGRID X 0 DO 307 STEP 6900 ;
[INFO DRT-0177] GCELLGRID Y 0 DO 307 STEP 6900 ;
[INFO DRT-0026]   Complete 100000 origin guides.
[INFO DRT-0026]   Complete 200000 origin guides.
[INFO DRT-0028]   Complete FR_MASTERSLICE.
[INFO DRT-0028]   Complete Fr_VIA.
[INFO DRT-0028]   Complete li1.
[INFO DRT-0028]   Complete mcon.
[INFO DRT-0028]   Complete met1.
[INFO DRT-0028]   Complete via.
[INFO DRT-0028]   Complete met2.
[INFO DRT-0028]   Complete via2.
[INFO DRT-0028]   Complete met3.
[INFO DRT-0028]   Complete via3.
[INFO DRT-0028]   Complete met4.
[INFO DRT-0028]   Complete via4.
[INFO DRT-0028]   Complete met5.
[INFO DRT-0178] Init guide query.
[INFO DRT-0035]   Complete FR_MASTERSLICE (guide).
[INFO DRT-0035]   Complete Fr_VIA (guide).
[INFO DRT-0035]   Complete li1 (guide).
[INFO DRT-0035]   Complete mcon (guide).
[INFO DRT-0035]   Complete met1 (guide).
[INFO DRT-0035]   Complete via (guide).
[INFO DRT-0035]   Complete met2 (guide).
[INFO DRT-0035]   Complete via2 (guide).
[INFO DRT-0035]   Complete met3 (guide).
[INFO DRT-0035]   Complete via3 (guide).
[INFO DRT-0035]   Complete met4 (guide).
[INFO DRT-0035]   Complete via4 (guide).
[INFO DRT-0035]   Complete met5 (guide).
[INFO DRT-0036] FR_MASTERSLICE guide region query size = 0.
[INFO DRT-0036] FR_VIA guide region query size = 0.
[INFO DRT-0036] li1 guide region query size = 84053.
[INFO DRT-0036] mcon guide region query size = 0.
[INFO DRT-0036] met1 guide region query size = 81830.
[INFO DRT-0036] via guide region query size = 0.
[INFO DRT-0036] met2 guide region query size = 48213.
[INFO DRT-0036] via2 guide region query size = 0.
[INFO DRT-0036] met3 guide region query size = 6074.
[INFO DRT-0036] via3 guide region query size = 0.
[INFO DRT-0036] met4 guide region query size = 1605.
[INFO DRT-0036] via4 guide region query size = 0.
[INFO DRT-0036] met5 guide region query size = 55.
[INFO DRT-0179] Init gr pin query.
[INFO DRT-0267] cpu time = 00:00:02, elapsed time = 00:00:00, memory = 3830.60 (MB), peak = 3975.56 (MB)
[INFO DRT-0245] skipped writing guide updates to database.
[INFO DRT-0181] Start track assignment.
[INFO DRT-0184] Done with 133871 vertical wires in 7 frboxes and 87959 horizontal wires in 7 frboxes.
[INFO DRT-0186] Done with 12966 vertical wires in 7 frboxes and 22699 horizontal wires in 7 frboxes.
[INFO DRT-0182] Complete track assignment.
[INFO DRT-0267] cpu time = 00:00:25, elapsed time = 00:00:08, memory = 3830.60 (MB), peak = 3975.56 (MB)
[INFO DRT-0187] Start routing data preparation.
[INFO DRT-0267] cpu time = 00:00:00, elapsed time = 00:00:00, memory = 3830.60 (MB), peak = 3975.56 (MB)
[INFO DRT-0194] Start detail routing.
[INFO DRT-0195] Start 0th optimization iteration.
    Completing 10% with 0 violations.
    elapsed time = 00:00:08, memory = 3830.63 (MB).
    Completing 20% with 0 violations.
    elapsed time = 00:00:11, memory = 3831.95 (MB).
    Completing 30% with 71 violations.
    elapsed time = 00:00:17, memory = 3867.82 (MB).
    Completing 40% with 71 violations.
    elapsed time = 00:00:27, memory = 3867.83 (MB).
    Completing 50% with 71 violations.
    elapsed time = 00:00:27, memory = 3867.84 (MB).
    Completing 60% with 148 violations.
    elapsed time = 00:00:41, memory = 3873.13 (MB).
    Completing 70% with 148 violations.
    elapsed time = 00:00:44, memory = 3873.13 (MB).
    Completing 80% with 222 violations.
    elapsed time = 00:00:51, memory = 3877.50 (MB).
    Completing 90% with 222 violations.
    elapsed time = 00:00:59, memory = 3877.50 (MB).
    Completing 100% with 276 violations.
    elapsed time = 00:01:02, memory = 3882.41 (MB).
[INFO DRT-0199]   Number of violations = 336.
Viol/Layer        mcon   met1   met2   met3   met4
Cut Spacing          1      0      0      0      0
Metal Spacing        0     30      7      4      6
Recheck              0     12     25     18      5
Short                0    129     51     40      8
[INFO DRT-0267] cpu time = 00:09:10, elapsed time = 00:01:02, memory = 3882.41 (MB), peak = 3975.56 (MB)
Total wire length = 1461394 um.
Total wire length on LAYER li1 = 0 um.
Total wire length on LAYER met1 = 496285 um.
Total wire length on LAYER met2 = 683529 um.
Total wire length on LAYER met3 = 222900 um.
Total wire length on LAYER met4 = 56701 um.
Total wire length on LAYER met5 = 1978 um.
Total number of vias = 232066.
Up-via summary (total 232066):

-------------------------
 FR_MASTERSLICE         0
            li1     97696
           met1    121296
           met2     10689
           met3      2281
           met4       104
-------------------------
               232066


[INFO DRT-0195] Start 1st optimization iteration.
    Completing 10% with 336 violations.
    elapsed time = 00:00:11, memory = 3913.23 (MB).
    Completing 20% with 336 violations.
    elapsed time = 00:00:15, memory = 3917.88 (MB).
    Completing 30% with 241 violations.
    elapsed time = 00:00:21, memory = 3955.60 (MB).
    Completing 40% with 241 violations.
    elapsed time = 00:00:32, memory = 3920.55 (MB).
    Completing 50% with 241 violations.
    elapsed time = 00:00:32, memory = 3920.55 (MB).
    Completing 60% with 162 violations.
    elapsed time = 00:00:43, memory = 3922.21 (MB).
    Completing 70% with 162 violations.
    elapsed time = 00:00:47, memory = 3922.21 (MB).
    Completing 80% with 62 violations.
    elapsed time = 00:00:52, memory = 3945.03 (MB).
    Completing 90% with 62 violations.
    elapsed time = 00:01:03, memory = 3947.97 (MB).
    Completing 100% with 27 violations.
    elapsed time = 00:01:06, memory = 3922.21 (MB).
[INFO DRT-0199]   Number of violations = 27.
Viol/Layer        met1   met2   met3
Metal Spacing        4      0      3
Short               14      2      4
[INFO DRT-0267] cpu time = 00:09:48, elapsed time = 00:01:07, memory = 3922.21 (MB), peak = 4068.10 (MB)
Total wire length = 1461321 um.
Total wire length on LAYER li1 = 0 um.
Total wire length on LAYER met1 = 496278 um.
Total wire length on LAYER met2 = 683493 um.
Total wire length on LAYER met3 = 222871 um.
Total wire length on LAYER met4 = 56699 um.
Total wire length on LAYER met5 = 1978 um.
Total number of vias = 232015.
Up-via summary (total 232015):

-------------------------
 FR_MASTERSLICE         0
            li1     97692
           met1    121256
           met2     10686
           met3      2277
           met4       104
-------------------------
               232015


[INFO DRT-0195] Start 2nd optimization iteration.
    Completing 10% with 27 violations.
    elapsed time = 00:00:00, memory = 3922.21 (MB).
    Completing 20% with 27 violations.
    elapsed time = 00:00:00, memory = 3922.21 (MB).
    Completing 30% with 27 violations.
    elapsed time = 00:00:02, memory = 3922.21 (MB).
    Completing 40% with 27 violations.
    elapsed time = 00:00:02, memory = 3922.21 (MB).
    Completing 50% with 27 violations.
    elapsed time = 00:00:02, memory = 3922.21 (MB).
    Completing 60% with 19 violations.
    elapsed time = 00:00:04, memory = 3922.21 (MB).
    Completing 70% with 19 violations.
    elapsed time = 00:00:04, memory = 3922.21 (MB).
    Completing 80% with 19 violations.
    elapsed time = 00:00:05, memory = 3922.21 (MB).
    Completing 90% with 19 violations.
    elapsed time = 00:00:05, memory = 3922.21 (MB).
    Completing 100% with 21 violations.
    elapsed time = 00:00:07, memory = 3922.21 (MB).
[INFO DRT-0199]   Number of violations = 21.
Viol/Layer        met1   met2   met3
Metal Spacing        5      0      2
Short                7      1      6
[INFO DRT-0267] cpu time = 00:00:26, elapsed time = 00:00:08, memory = 3922.21 (MB), peak = 4068.10 (MB)
Total wire length = 1461293 um.
Total wire length on LAYER li1 = 0 um.
Total wire length on LAYER met1 = 496262 um.
Total wire length on LAYER met2 = 683483 um.
Total wire length on LAYER met3 = 222868 um.
Total wire length on LAYER met4 = 56700 um.
Total wire length on LAYER met5 = 1978 um.
Total number of vias = 232012.
Up-via summary (total 232012):

-------------------------
 FR_MASTERSLICE         0
            li1     97690
           met1    121255
           met2     10683
           met3      2280
           met4       104
-------------------------
               232012


[INFO DRT-0195] Start 3rd guides tiles iteration.
    Completing 10% with 21 violations.
    elapsed time = 00:00:00, memory = 4382.86 (MB).
    Completing 20% with 21 violations.
    elapsed time = 00:00:02, memory = 4382.86 (MB).
    Completing 30% with 21 violations.
    elapsed time = 00:00:03, memory = 4319.65 (MB).
    Completing 40% with 21 violations.
    elapsed time = 00:00:29, memory = 3922.22 (MB).
    Completing 50% with 13 violations.
    elapsed time = 00:00:29, memory = 3922.22 (MB).
    Completing 60% with 13 violations.
    elapsed time = 00:00:29, memory = 3924.22 (MB).
    Completing 70% with 13 violations.
    elapsed time = 00:00:29, memory = 3924.22 (MB).
    Completing 80% with 13 violations.
    elapsed time = 00:00:29, memory = 3924.23 (MB).
    Completing 100% with 5 violations.
    elapsed time = 00:00:30, memory = 3924.23 (MB).
[INFO DRT-0199]   Number of violations = 5.
Viol/Layer        met1   met3
Metal Spacing        1      0
Short                2      2
[INFO DRT-0267] cpu time = 00:00:36, elapsed time = 00:00:30, memory = 3924.23 (MB), peak = 4382.14 (MB)
Total wire length = 1461299 um.
Total wire length on LAYER li1 = 0 um.
Total wire length on LAYER met1 = 496280 um.
Total wire length on LAYER met2 = 683302 um.
Total wire length on LAYER met3 = 222830 um.
Total wire length on LAYER met4 = 56908 um.
Total wire length on LAYER met5 = 1978 um.
Total number of vias = 232030.
Up-via summary (total 232030):

-------------------------
 FR_MASTERSLICE         0
            li1     97690
           met1    121260
           met2     10691
           met3      2285
           met4       104
-------------------------
               232030


[INFO DRT-0195] Start 4th guides tiles iteration.
    Completing 50% with 5 violations.
    elapsed time = 00:00:01, memory = 3924.23 (MB).
    Completing 100% with 0 violations.
    elapsed time = 00:00:04, memory = 3924.23 (MB).
[INFO DRT-0199]   Number of violations = 0.
[INFO DRT-0267] cpu time = 00:00:04, elapsed time = 00:00:04, memory = 3924.23 (MB), peak = 4382.14 (MB)
Total wire length = 1461267 um.
Total wire length on LAYER li1 = 0 um.
Total wire length on LAYER met1 = 496276 um.
Total wire length on LAYER met2 = 683288 um.
Total wire length on LAYER met3 = 222816 um.
Total wire length on LAYER met4 = 56908 um.
Total wire length on LAYER met5 = 1978 um.
Total number of vias = 232024.
Up-via summary (total 232024):

-------------------------
 FR_MASTERSLICE         0
            li1     97690
           met1    121254
           met2     10691
           met3      2285
           met4       104
-------------------------
               232024


[INFO DRT-0198] Complete detail routing.
Total wire length = 1461267 um.
Total wire length on LAYER li1 = 0 um.
Total wire length on LAYER met1 = 496276 um.
Total wire length on LAYER met2 = 683288 um.
Total wire length on LAYER met3 = 222816 um.
Total wire length on LAYER met4 = 56908 um.
Total wire length on LAYER met5 = 1978 um.
Total number of vias = 232024.
Up-via summary (total 232024):

-------------------------
 FR_MASTERSLICE         0
            li1     97690
           met1    121254
           met2     10691
           met3      2285
           met4       104
-------------------------
               232024


[INFO DRT-0267] cpu time = 00:20:06, elapsed time = 00:02:52, memory = 3924.23 (MB), peak = 4382.14 (MB)

[INFO DRT-0180] Post processing.
[INFO DRT-0501] Runtime: 273.19s
[INFO ANT-0002] Found 2 net violations.
[INFO ANT-0001] Found 3 pin violations.
[INFO GRT-0012] Found 2 antenna violations.
[INFO DPL-0006] Core area: 4492322.24 um^2
[INFO DPL-0007] Movable instances area: 2.50 um^2
[INFO DPL-0008] Fixed instances area within core: 598322.59 um^2
[INFO DPL-0009] Utilization: 13.3%
[INFO DPL-0005] Diamond search max displacement: +/- 500 sites horizontally, +/- 100 rows vertically.
[INFO DPL-1102] Legalizing using negotiation legalizer.
[INFO DPL-1103] Negotiation base search window: +/-20 sites horizontally, +/-5 rows vertically 
	Automatic search window extension enabled.
	Search window extendable up to the max displacement cap of +/-500 sites, +/-100 rows near walls.
[INFO DPL-1104] NegotiationLegalizer DRC penalty: 5.
[INFO DPL-0392] Negotiation cell height distribution (1 unique row-count(s)):
[INFO DPL-0393]   height 1 row(s): 85868 cells
          |      Total |  Illegal |  Illegal
Iteration | Violations |    Cells |    Sites
---------------------------------------------
        0 |          0 |         0 |         0
Negotiation phase 1 converged at iteration 0.
[INFO DPL-0500] Runtime: 0.45s
[INFO GRT-0015] Inserted 3 diodes.
[WARNING DRT-0120] Large net net6634 has 107 pins which may impact routing performance. Consider optimization.
[WARNING DRT-0120] Large net net5798 has 177 pins which may impact routing performance. Consider optimization.
[WARNING DRT-0120] Large net net5796 has 133 pins which may impact routing performance. Consider optimization.
[WARNING DRT-0120] Large net net5793 has 217 pins which may impact routing performance. Consider optimization.
[WARNING DRT-0120] Large net net5792 has 210 pins which may impact routing performance. Consider optimization.
[WARNING DRT-0120] Large net net5790 has 213 pins which may impact routing performance. Consider optimization.
[WARNING DRT-0120] Large net net5784 has 212 pins which may impact routing performance. Consider optimization.
[WARNING DRT-0120] Large net net5782 has 185 pins which may impact routing performance. Consider optimization.
[WARNING DRT-0120] Large net net5753 has 204 pins which may impact routing performance. Consider optimization.
[WARNING DRT-0120] Large net net5751 has 105 pins which may impact routing performance. Consider optimization.
[WARNING DRT-0120] Large net net5747 has 119 pins which may impact routing performance. Consider optimization.
[WARNING DRT-0120] Large net net5746 has 139 pins which may impact routing performance. Consider optimization.
[WARNING DRT-0120] Large net net5851 has 129 pins which may impact routing performance. Consider optimization.
[WARNING DRT-0120] Large net net5743 has 105 pins which may impact routing performance. Consider optimization.
[WARNING DRT-0120] Large net net5735 has 178 pins which may impact routing performance. Consider optimization.
[WARNING DRT-0120] Large net net5674 has 147 pins which may impact routing performance. Consider optimization.
[WARNING DRT-0120] Large net _07992_ has 140 pins which may impact routing performance. Consider optimization.
[WARNING DRT-0120] Large net net5671 has 179 pins which may impact routing performance. Consider optimization.
[WARNING DRT-0120] Large net net5670 has 165 pins which may impact routing performance. Consider optimization.
[WARNING DRT-0120] Large net net5668 has 157 pins which may impact routing performance. Consider optimization.
[WARNING DRT-0120] Large net net5667 has 101 pins which may impact routing performance. Consider optimization.
[WARNING DRT-0120] Large net net5666 has 177 pins which may impact routing performance. Consider optimization.
[WARNING DRT-0120] Large net net5625 has 224 pins which may impact routing performance. Consider optimization.
[WARNING DRT-0120] Large net net5623 has 105 pins which may impact routing performance. Consider optimization.
[WARNING DRT-0120] Large net net5622 has 114 pins which may impact routing performance. Consider optimization.
[WARNING DRT-0120] Large net net5620 has 136 pins which may impact routing performance. Consider optimization.
[WARNING DRT-0120] Large net net5617 has 167 pins which may impact routing performance. Consider optimization.
[WARNING DRT-0120] Large net net5615 has 121 pins which may impact routing performance. Consider optimization.
[WARNING DRT-0120] Large net net5606 has 171 pins which may impact routing performance. Consider optimization.
[WARNING DRT-0120] Large net net5607 has 165 pins which may impact routing performance. Consider optimization.
[WARNING DRT-0120] Large net net5657 has 110 pins which may impact routing performance. Consider optimization.
[WARNING DRT-0120] Large net net5663 has 135 pins which may impact routing performance. Consider optimization.
[WARNING DRT-0120] Large net net5738 has 158 pins which may impact routing performance. Consider optimization.
[WARNING DRT-0120] Large net net6029 has 131 pins which may impact routing performance. Consider optimization.
[WARNING DRT-0120] Large net net6874 has 141 pins which may impact routing performance. Consider optimization.
[INFO DRT-0024]   Complete FR_MASTERSLICE.
[INFO DRT-0024]   Complete Fr_VIA.
[INFO DRT-0024]   Complete li1.
[INFO DRT-0024]   Complete mcon.
[INFO DRT-0024]   Complete met1.
[INFO DRT-0024]   Complete via.
[INFO DRT-0024]   Complete met2.
[INFO DRT-0024]   Complete via2.
[INFO DRT-0024]   Complete met3.
[INFO DRT-0024]   Complete via3.
[INFO DRT-0024]   Complete met4.
[INFO DRT-0024]   Complete via4.
[INFO DRT-0024]   Complete met5.
[INFO DRT-0165] Start pin access.
[INFO DRT-0076]   Complete 1000 pins.
[INFO DRT-0076]   Complete 2000 pins.
[INFO DRT-0078]   Complete 2358 pins.
[INFO DRT-0079]   Complete 100 unique inst patterns.
[INFO DRT-0079]   Complete 200 unique inst patterns.
[INFO DRT-0081]   Complete 292 unique inst patterns.
[INFO DRT-0082]   Complete 10000 groups.
[INFO DRT-0082]   Complete 20000 groups.
[INFO DRT-0084]   Complete 21073 groups.
#scanned instances     = 85868
#unique  instances     = 292
#stdCellGenAp          = 9366
#stdCellValidPlanarAp  = 95
#stdCellValidViaAp     = 6940
#stdCellPinNoAp        = 3
#stdCellPinCnt         = 99602
#instTermValidViaApCnt = 0
#macroGenAp            = 0
#macroValidPlanarAp    = 0
#macroValidViaAp       = 0
#macroNoAp             = 0
[INFO DRT-0166] Complete pin access.
[INFO DRT-0267] cpu time = 00:12:58, elapsed time = 00:01:24, memory = 3924.16 (MB), peak = 4382.14 (MB)
[INFO DRT-0156] guideIn read 100000 guides.
[INFO DRT-0156] guideIn read 200000 guides.

[INFO DRT-0157] Number of guides:     271234

[INFO DRT-0169] Post process guides.
[INFO DRT-0176] GCELLGRID X 0 DO 307 STEP 6900 ;
[INFO DRT-0177] GCELLGRID Y 0 DO 307 STEP 6900 ;
[INFO DRT-0026]   Complete 100000 origin guides.
[INFO DRT-0026]   Complete 200000 origin guides.
[INFO DRT-0028]   Complete FR_MASTERSLICE.
[INFO DRT-0028]   Complete Fr_VIA.
[INFO DRT-0028]   Complete li1.
[INFO DRT-0028]   Complete mcon.
[INFO DRT-0028]   Complete met1.
[INFO DRT-0028]   Complete via.
[INFO DRT-0028]   Complete met2.
[INFO DRT-0028]   Complete via2.
[INFO DRT-0028]   Complete met3.
[INFO DRT-0028]   Complete via3.
[INFO DRT-0028]   Complete met4.
[INFO DRT-0028]   Complete via4.
[INFO DRT-0028]   Complete met5.
[INFO DRT-0178] Init guide query.
[INFO DRT-0035]   Complete FR_MASTERSLICE (guide).
[INFO DRT-0035]   Complete Fr_VIA (guide).
[INFO DRT-0035]   Complete li1 (guide).
[INFO DRT-0035]   Complete mcon (guide).
[INFO DRT-0035]   Complete met1 (guide).
[INFO DRT-0035]   Complete via (guide).
[INFO DRT-0035]   Complete met2 (guide).
[INFO DRT-0035]   Complete via2 (guide).
[INFO DRT-0035]   Complete met3 (guide).
[INFO DRT-0035]   Complete via3 (guide).
[INFO DRT-0035]   Complete met4 (guide).
[INFO DRT-0035]   Complete via4 (guide).
[INFO DRT-0035]   Complete met5 (guide).
[INFO DRT-0036] FR_MASTERSLICE guide region query size = 0.
[INFO DRT-0036] FR_VIA guide region query size = 0.
[INFO DRT-0036] li1 guide region query size = 84055.
[INFO DRT-0036] mcon guide region query size = 0.
[INFO DRT-0036] met1 guide region query size = 81831.
[INFO DRT-0036] via guide region query size = 0.
[INFO DRT-0036] met2 guide region query size = 48214.
[INFO DRT-0036] via2 guide region query size = 0.
[INFO DRT-0036] met3 guide region query size = 6074.
[INFO DRT-0036] via3 guide region query size = 0.
[INFO DRT-0036] met4 guide region query size = 1605.
[INFO DRT-0036] via4 guide region query size = 0.
[INFO DRT-0036] met5 guide region query size = 55.
[INFO DRT-0179] Init gr pin query.
[INFO DRT-0267] cpu time = 00:00:01, elapsed time = 00:00:00, memory = 3924.16 (MB), peak = 4382.14 (MB)
[INFO DRT-0245] skipped writing guide updates to database.
[INFO DRT-0181] Start track assignment.
[INFO DRT-0184] Done with 133874 vertical wires in 7 frboxes and 87960 horizontal wires in 7 frboxes.
[INFO DRT-0186] Done with 12945 vertical wires in 7 frboxes and 22805 horizontal wires in 7 frboxes.
[INFO DRT-0182] Complete track assignment.
[INFO DRT-0267] cpu time = 00:00:23, elapsed time = 00:00:07, memory = 3924.16 (MB), peak = 4382.14 (MB)
[INFO DRT-0187] Start routing data preparation.
[INFO DRT-0267] cpu time = 00:00:00, elapsed time = 00:00:00, memory = 3924.16 (MB), peak = 4382.14 (MB)
[INFO DRT-0194] Start detail routing.
[INFO DRT-0195] Start 0th optimization iteration.
    Completing 10% with 0 violations.
    elapsed time = 00:00:07, memory = 3924.20 (MB).
    Completing 20% with 0 violations.
    elapsed time = 00:00:10, memory = 3924.21 (MB).
    Completing 30% with 17 violations.
    elapsed time = 00:00:14, memory = 3947.03 (MB).
    Completing 40% with 17 violations.
    elapsed time = 00:00:21, memory = 3947.03 (MB).
    Completing 50% with 17 violations.
    elapsed time = 00:00:22, memory = 3947.04 (MB).
    Completing 60% with 41 violations.
    elapsed time = 00:00:31, memory = 3924.21 (MB).
    Completing 70% with 41 violations.
    elapsed time = 00:00:33, memory = 3924.22 (MB).
    Completing 80% with 51 violations.
    elapsed time = 00:00:38, memory = 3924.22 (MB).
    Completing 90% with 51 violations.
    elapsed time = 00:00:44, memory = 3924.22 (MB).
    Completing 100% with 59 violations.
    elapsed time = 00:00:45, memory = 3924.22 (MB).
[INFO DRT-0199]   Number of violations = 72.
Viol/Layer        met1   met2   met3   met4
Metal Spacing        6      2      4      0
Recheck              3      2      6      2
Short               17     15     13      2
[INFO DRT-0267] cpu time = 00:07:07, elapsed time = 00:00:46, memory = 3924.22 (MB), peak = 4382.14 (MB)
Total wire length = 1461266 um.
Total wire length on LAYER li1 = 0 um.
Total wire length on LAYER met1 = 496209 um.
Total wire length on LAYER met2 = 683298 um.
Total wire length on LAYER met3 = 222878 um.
Total wire length on LAYER met4 = 56901 um.
Total wire length on LAYER met5 = 1978 um.
Total number of vias = 232032.
Up-via summary (total 232032):

-------------------------
 FR_MASTERSLICE         0
            li1     97698
           met1    121257
           met2     10691
           met3      2282
           met4       104
-------------------------
               232032


[INFO DRT-0195] Start 1st optimization iteration.
    Completing 10% with 72 violations.
    elapsed time = 00:00:07, memory = 3943.58 (MB).
    Completing 20% with 72 violations.
    elapsed time = 00:00:10, memory = 3943.59 (MB).
    Completing 30% with 52 violations.
    elapsed time = 00:00:13, memory = 3943.59 (MB).
    Completing 40% with 52 violations.
    elapsed time = 00:00:21, memory = 3943.59 (MB).
    Completing 50% with 52 violations.
    elapsed time = 00:00:21, memory = 3943.59 (MB).
    Completing 60% with 35 violations.
    elapsed time = 00:00:31, memory = 3951.68 (MB).
    Completing 70% with 35 violations.
    elapsed time = 00:00:34, memory = 3951.68 (MB).
    Completing 80% with 23 violations.
    elapsed time = 00:00:38, memory = 3951.68 (MB).
    Completing 90% with 23 violations.
    elapsed time = 00:00:50, memory = 3951.68 (MB).
    Completing 100% with 14 violations.
    elapsed time = 00:00:52, memory = 3952.07 (MB).
[INFO DRT-0199]   Number of violations = 14.
Viol/Layer        met1   met2   met3
Metal Spacing        0      8      1
Short                2      1      2
[INFO DRT-0267] cpu time = 00:08:01, elapsed time = 00:00:53, memory = 3951.68 (MB), peak = 4382.14 (MB)
Total wire length = 1461251 um.
Total wire length on LAYER li1 = 0 um.
Total wire length on LAYER met1 = 496217 um.
Total wire length on LAYER met2 = 683273 um.
Total wire length on LAYER met3 = 222885 um.
Total wire length on LAYER met4 = 56897 um.
Total wire length on LAYER met5 = 1978 um.
Total number of vias = 232030.
Up-via summary (total 232030):

-------------------------
 FR_MASTERSLICE         0
            li1     97698
           met1    121255
           met2     10691
           met3      2282
           met4       104
-------------------------
               232030


[INFO DRT-0195] Start 2nd optimization iteration.
    Completing 10% with 14 violations.
    elapsed time = 00:00:00, memory = 3951.68 (MB).
    Completing 20% with 14 violations.
    elapsed time = 00:00:00, memory = 3951.68 (MB).
    Completing 30% with 12 violations.
    elapsed time = 00:00:00, memory = 3951.68 (MB).
    Completing 40% with 12 violations.
    elapsed time = 00:00:00, memory = 3951.68 (MB).
    Completing 50% with 12 violations.
    elapsed time = 00:00:00, memory = 3951.68 (MB).
    Completing 60% with 10 violations.
    elapsed time = 00:00:01, memory = 3951.68 (MB).
    Completing 70% with 10 violations.
    elapsed time = 00:00:01, memory = 3951.68 (MB).
    Completing 80% with 1 violations.
    elapsed time = 00:00:01, memory = 3951.68 (MB).
    Completing 90% with 1 violations.
    elapsed time = 00:00:01, memory = 3951.68 (MB).
    Completing 100% with 1 violations.
    elapsed time = 00:00:01, memory = 3951.68 (MB).
[INFO DRT-0199]   Number of violations = 1.
Viol/Layer        met3
Metal Spacing        1
[INFO DRT-0267] cpu time = 00:00:02, elapsed time = 00:00:01, memory = 3951.68 (MB), peak = 4382.14 (MB)
Total wire length = 1461241 um.
Total wire length on LAYER li1 = 0 um.
Total wire length on LAYER met1 = 496207 um.
Total wire length on LAYER met2 = 683276 um.
Total wire length on LAYER met3 = 222882 um.
Total wire length on LAYER met4 = 56897 um.
Total wire length on LAYER met5 = 1978 um.
Total number of vias = 232030.
Up-via summary (total 232030):

-------------------------
 FR_MASTERSLICE         0
            li1     97698
           met1    121255
           met2     10691
           met3      2282
           met4       104
-------------------------
               232030


[INFO DRT-0195] Start 3rd guides tiles iteration.
    Completing 100% with 0 violations.
    elapsed time = 00:00:00, memory = 3951.68 (MB).
[INFO DRT-0199]   Number of violations = 0.
[INFO DRT-0267] cpu time = 00:00:00, elapsed time = 00:00:00, memory = 3951.68 (MB), peak = 4382.14 (MB)
Total wire length = 1461244 um.
Total wire length on LAYER li1 = 0 um.
Total wire length on LAYER met1 = 496208 um.
Total wire length on LAYER met2 = 683278 um.
Total wire length on LAYER met3 = 222882 um.
Total wire length on LAYER met4 = 56897 um.
Total wire length on LAYER met5 = 1978 um.
Total number of vias = 232034.
Up-via summary (total 232034):

-------------------------
 FR_MASTERSLICE         0
            li1     97698
           met1    121255
           met2     10695
           met3      2282
           met4       104
-------------------------
               232034


[INFO DRT-0198] Complete detail routing.
Total wire length = 1461244 um.
Total wire length on LAYER li1 = 0 um.
Total wire length on LAYER met1 = 496208 um.
Total wire length on LAYER met2 = 683278 um.
Total wire length on LAYER met3 = 222882 um.
Total wire length on LAYER met4 = 56897 um.
Total wire length on LAYER met5 = 1978 um.
Total number of vias = 232034.
Up-via summary (total 232034):

-------------------------
 FR_MASTERSLICE         0
            li1     97698
           met1    121255
           met2     10695
           met3      2282
           met4       104
-------------------------
               232034


[INFO DRT-0267] cpu time = 00:15:12, elapsed time = 00:01:42, memory = 3951.68 (MB), peak = 4382.14 (MB)

[INFO DRT-0180] Post processing.
[INFO DRT-0501] Runtime: 196.19s
[INFO ANT-0002] Found 1 net violations.
[INFO ANT-0001] Found 1 pin violations.
[INFO GRT-0012] Found 1 antenna violations.
[INFO DPL-0006] Core area: 4492322.24 um^2
[INFO DPL-0007] Movable instances area: 5.00 um^2
[INFO DPL-0008] Fixed instances area within core: 598325.09 um^2
[INFO DPL-0009] Utilization: 13.3%
[INFO DPL-0005] Diamond search max displacement: +/- 500 sites horizontally, +/- 100 rows vertically.
[INFO DPL-1102] Legalizing using negotiation legalizer.
[INFO DPL-1103] Negotiation base search window: +/-20 sites horizontally, +/-5 rows vertically 
	Automatic search window extension enabled.
	Search window extendable up to the max displacement cap of +/-500 sites, +/-100 rows near walls.
[INFO DPL-1104] NegotiationLegalizer DRC penalty: 5.
[INFO DPL-0392] Negotiation cell height distribution (1 unique row-count(s)):
[INFO DPL-0393]   height 1 row(s): 85870 cells
          |      Total |  Illegal |  Illegal
Iteration | Violations |    Cells |    Sites
---------------------------------------------
        0 |          0 |         0 |         0
Negotiation phase 1 converged at iteration 0.
[INFO DPL-0500] Runtime: 0.33s
[INFO GRT-0015] Inserted 2 diodes.
[WARNING DRT-0120] Large net net6634 has 107 pins which may impact routing performance. Consider optimization.
[WARNING DRT-0120] Large net net5798 has 177 pins which may impact routing performance. Consider optimization.
[WARNING DRT-0120] Large net net5796 has 133 pins which may impact routing performance. Consider optimization.
[WARNING DRT-0120] Large net net5793 has 217 pins which may impact routing performance. Consider optimization.
[WARNING DRT-0120] Large net net5792 has 210 pins which may impact routing performance. Consider optimization.
[WARNING DRT-0120] Large net net5790 has 213 pins which may impact routing performance. Consider optimization.
[WARNING DRT-0120] Large net net5784 has 212 pins which may impact routing performance. Consider optimization.
[WARNING DRT-0120] Large net net5782 has 185 pins which may impact routing performance. Consider optimization.
[WARNING DRT-0120] Large net net5753 has 204 pins which may impact routing performance. Consider optimization.
[WARNING DRT-0120] Large net net5751 has 105 pins which may impact routing performance. Consider optimization.
[WARNING DRT-0120] Large net net5747 has 119 pins which may impact routing performance. Consider optimization.
[WARNING DRT-0120] Large net net5746 has 139 pins which may impact routing performance. Consider optimization.
[WARNING DRT-0120] Large net net5851 has 129 pins which may impact routing performance. Consider optimization.
[WARNING DRT-0120] Large net net5743 has 105 pins which may impact routing performance. Consider optimization.
[WARNING DRT-0120] Large net net5735 has 178 pins which may impact routing performance. Consider optimization.
[WARNING DRT-0120] Large net net5674 has 147 pins which may impact routing performance. Consider optimization.
[WARNING DRT-0120] Large net _07992_ has 140 pins which may impact routing performance. Consider optimization.
[WARNING DRT-0120] Large net net5671 has 179 pins which may impact routing performance. Consider optimization.
[WARNING DRT-0120] Large net net5670 has 165 pins which may impact routing performance. Consider optimization.
[WARNING DRT-0120] Large net net5668 has 157 pins which may impact routing performance. Consider optimization.
[WARNING DRT-0120] Large net net5667 has 101 pins which may impact routing performance. Consider optimization.
[WARNING DRT-0120] Large net net5666 has 177 pins which may impact routing performance. Consider optimization.
[WARNING DRT-0120] Large net net5625 has 224 pins which may impact routing performance. Consider optimization.
[WARNING DRT-0120] Large net net5623 has 105 pins which may impact routing performance. Consider optimization.
[WARNING DRT-0120] Large net net5622 has 114 pins which may impact routing performance. Consider optimization.
[WARNING DRT-0120] Large net net5620 has 136 pins which may impact routing performance. Consider optimization.
[WARNING DRT-0120] Large net net5617 has 167 pins which may impact routing performance. Consider optimization.
[WARNING DRT-0120] Large net net5615 has 121 pins which may impact routing performance. Consider optimization.
[WARNING DRT-0120] Large net net5606 has 171 pins which may impact routing performance. Consider optimization.
[WARNING DRT-0120] Large net net5607 has 165 pins which may impact routing performance. Consider optimization.
[WARNING DRT-0120] Large net net5657 has 110 pins which may impact routing performance. Consider optimization.
[WARNING DRT-0120] Large net net5663 has 135 pins which may impact routing performance. Consider optimization.
[WARNING DRT-0120] Large net net5738 has 158 pins which may impact routing performance. Consider optimization.
[WARNING DRT-0120] Large net net6029 has 131 pins which may impact routing performance. Consider optimization.
[WARNING DRT-0120] Large net net6874 has 141 pins which may impact routing performance. Consider optimization.
[INFO DRT-0024]   Complete FR_MASTERSLICE.
[INFO DRT-0024]   Complete Fr_VIA.
[INFO DRT-0024]   Complete li1.
[INFO DRT-0024]   Complete mcon.
[INFO DRT-0024]   Complete met1.
[INFO DRT-0024]   Complete via.
[INFO DRT-0024]   Complete met2.
[INFO DRT-0024]   Complete via2.
[INFO DRT-0024]   Complete met3.
[INFO DRT-0024]   Complete via3.
[INFO DRT-0024]   Complete met4.
[INFO DRT-0024]   Complete via4.
[INFO DRT-0024]   Complete met5.
[INFO DRT-0165] Start pin access.
[INFO DRT-0076]   Complete 1000 pins.
[INFO DRT-0076]   Complete 2000 pins.
[INFO DRT-0078]   Complete 2358 pins.
[INFO DRT-0079]   Complete 100 unique inst patterns.
[INFO DRT-0079]   Complete 200 unique inst patterns.
[INFO DRT-0081]   Complete 292 unique inst patterns.
[INFO DRT-0082]   Complete 10000 groups.
[INFO DRT-0082]   Complete 20000 groups.
[INFO DRT-0084]   Complete 21073 groups.
#scanned instances     = 85870
#unique  instances     = 292
#stdCellGenAp          = 9366
#stdCellValidPlanarAp  = 95
#stdCellValidViaAp     = 6940
#stdCellPinNoAp        = 3
#stdCellPinCnt         = 99602
#instTermValidViaApCnt = 0
#macroGenAp            = 0
#macroValidPlanarAp    = 0
#macroValidViaAp       = 0
#macroNoAp             = 0
[INFO DRT-0166] Complete pin access.
[INFO DRT-0267] cpu time = 00:13:42, elapsed time = 00:01:28, memory = 3951.61 (MB), peak = 4382.14 (MB)
[INFO DRT-0156] guideIn read 100000 guides.
[INFO DRT-0156] guideIn read 200000 guides.

[INFO DRT-0157] Number of guides:     271236

[INFO DRT-0169] Post process guides.
[INFO DRT-0176] GCELLGRID X 0 DO 307 STEP 6900 ;
[INFO DRT-0177] GCELLGRID Y 0 DO 307 STEP 6900 ;
[INFO DRT-0026]   Complete 100000 origin guides.
[INFO DRT-0026]   Complete 200000 origin guides.
[INFO DRT-0028]   Complete FR_MASTERSLICE.
[INFO DRT-0028]   Complete Fr_VIA.
[INFO DRT-0028]   Complete li1.
[INFO DRT-0028]   Complete mcon.
[INFO DRT-0028]   Complete met1.
[INFO DRT-0028]   Complete via.
[INFO DRT-0028]   Complete met2.
[INFO DRT-0028]   Complete via2.
[INFO DRT-0028]   Complete met3.
[INFO DRT-0028]   Complete via3.
[INFO DRT-0028]   Complete met4.
[INFO DRT-0028]   Complete via4.
[INFO DRT-0028]   Complete met5.
[INFO DRT-0178] Init guide query.
[INFO DRT-0035]   Complete FR_MASTERSLICE (guide).
[INFO DRT-0035]   Complete Fr_VIA (guide).
[INFO DRT-0035]   Complete li1 (guide).
[INFO DRT-0035]   Complete mcon (guide).
[INFO DRT-0035]   Complete met1 (guide).
[INFO DRT-0035]   Complete via (guide).
[INFO DRT-0035]   Complete met2 (guide).
[INFO DRT-0035]   Complete via2 (guide).
[INFO DRT-0035]   Complete met3 (guide).
[INFO DRT-0035]   Complete via3 (guide).
[INFO DRT-0035]   Complete met4 (guide).
[INFO DRT-0035]   Complete via4 (guide).
[INFO DRT-0035]   Complete met5 (guide).
[INFO DRT-0036] FR_MASTERSLICE guide region query size = 0.
[INFO DRT-0036] FR_VIA guide region query size = 0.
[INFO DRT-0036] li1 guide region query size = 84056.
[INFO DRT-0036] mcon guide region query size = 0.
[INFO DRT-0036] met1 guide region query size = 81832.
[INFO DRT-0036] via guide region query size = 0.
[INFO DRT-0036] met2 guide region query size = 48214.
[INFO DRT-0036] via2 guide region query size = 0.
[INFO DRT-0036] met3 guide region query size = 6074.
[INFO DRT-0036] via3 guide region query size = 0.
[INFO DRT-0036] met4 guide region query size = 1605.
[INFO DRT-0036] via4 guide region query size = 0.
[INFO DRT-0036] met5 guide region query size = 55.
[INFO DRT-0179] Init gr pin query.
[INFO DRT-0267] cpu time = 00:00:01, elapsed time = 00:00:00, memory = 3951.61 (MB), peak = 4382.14 (MB)
[INFO DRT-0245] skipped writing guide updates to database.
[INFO DRT-0181] Start track assignment.
[INFO DRT-0184] Done with 133875 vertical wires in 7 frboxes and 87961 horizontal wires in 7 frboxes.
[INFO DRT-0186] Done with 12936 vertical wires in 7 frboxes and 22766 horizontal wires in 7 frboxes.
[INFO DRT-0182] Complete track assignment.
[INFO DRT-0267] cpu time = 00:00:21, elapsed time = 00:00:06, memory = 3951.61 (MB), peak = 4382.14 (MB)
[INFO DRT-0187] Start routing data preparation.
[INFO DRT-0267] cpu time = 00:00:00, elapsed time = 00:00:00, memory = 3951.61 (MB), peak = 4382.14 (MB)
[INFO DRT-0194] Start detail routing.
[INFO DRT-0195] Start 0th optimization iteration.
    Completing 10% with 0 violations.
    elapsed time = 00:00:08, memory = 3951.64 (MB).
    Completing 20% with 0 violations.
    elapsed time = 00:00:11, memory = 3958.98 (MB).
    Completing 30% with 33 violations.
    elapsed time = 00:00:16, memory = 3979.59 (MB).
    Completing 40% with 33 violations.
    elapsed time = 00:00:24, memory = 3979.59 (MB).
    Completing 50% with 33 violations.
    elapsed time = 00:00:25, memory = 3979.60 (MB).
    Completing 60% with 36 violations.
    elapsed time = 00:00:37, memory = 4003.79 (MB).
    Completing 70% with 36 violations.
    elapsed time = 00:00:42, memory = 4003.80 (MB).
    Completing 80% with 49 violations.
    elapsed time = 00:00:49, memory = 4003.80 (MB).
    Completing 90% with 49 violations.
    elapsed time = 00:00:57, memory = 4003.81 (MB).
    Completing 100% with 49 violations.
    elapsed time = 00:00:59, memory = 4003.81 (MB).
[INFO DRT-0199]   Number of violations = 69.
Viol/Layer        met1   met2   met3
Metal Spacing        3      1      2
Recheck              7      1     12
Short               20      3     20
[INFO DRT-0267] cpu time = 00:08:48, elapsed time = 00:00:59, memory = 4003.81 (MB), peak = 4382.14 (MB)
Total wire length = 1461272 um.
Total wire length on LAYER li1 = 0 um.
Total wire length on LAYER met1 = 496188 um.
Total wire length on LAYER met2 = 683288 um.
Total wire length on LAYER met3 = 222920 um.
Total wire length on LAYER met4 = 56897 um.
Total wire length on LAYER met5 = 1978 um.
Total number of vias = 232051.
Up-via summary (total 232051):

-------------------------
 FR_MASTERSLICE         0
            li1     97703
           met1    121266
           met2     10696
           met3      2282
           met4       104
-------------------------
               232051


[INFO DRT-0195] Start 1st optimization iteration.
    Completing 10% with 69 violations.
    elapsed time = 00:00:09, memory = 4003.81 (MB).
    Completing 20% with 69 violations.
    elapsed time = 00:00:13, memory = 4003.81 (MB).
    Completing 30% with 27 violations.
    elapsed time = 00:00:18, memory = 4003.81 (MB).
    Completing 40% with 27 violations.
    elapsed time = 00:00:27, memory = 4003.81 (MB).
    Completing 50% with 27 violations.
    elapsed time = 00:00:27, memory = 4003.81 (MB).
    Completing 60% with 22 violations.
    elapsed time = 00:00:37, memory = 4003.81 (MB).
    Completing 70% with 22 violations.
    elapsed time = 00:00:43, memory = 4003.81 (MB).
    Completing 80% with 2 violations.
    elapsed time = 00:00:51, memory = 4003.81 (MB).
    Completing 90% with 2 violations.
    elapsed time = 00:01:04, memory = 4003.82 (MB).
    Completing 100% with 2 violations.
    elapsed time = 00:01:07, memory = 4003.82 (MB).
[INFO DRT-0199]   Number of violations = 2.
Viol/Layer        met3
Short                2
[INFO DRT-0267] cpu time = 00:09:52, elapsed time = 00:01:07, memory = 4003.82 (MB), peak = 4382.14 (MB)
Total wire length = 1461250 um.
Total wire length on LAYER li1 = 0 um.
Total wire length on LAYER met1 = 496185 um.
Total wire length on LAYER met2 = 683283 um.
Total wire length on LAYER met3 = 222905 um.
Total wire length on LAYER met4 = 56897 um.
Total wire length on LAYER met5 = 1978 um.
Total number of vias = 232038.
Up-via summary (total 232038):

-------------------------
 FR_MASTERSLICE         0
            li1     97702
           met1    121255
           met2     10695
           met3      2282
           met4       104
-------------------------
               232038


[INFO DRT-0195] Start 2nd optimization iteration.
    Completing 10% with 2 violations.
    elapsed time = 00:00:00, memory = 4003.82 (MB).
    Completing 20% with 2 violations.
    elapsed time = 00:00:00, memory = 4003.82 (MB).
    Completing 30% with 2 violations.
    elapsed time = 00:00:00, memory = 4003.82 (MB).
    Completing 40% with 2 violations.
    elapsed time = 00:00:00, memory = 4003.82 (MB).
    Completing 50% with 2 violations.
    elapsed time = 00:00:00, memory = 4003.82 (MB).
    Completing 60% with 2 violations.
    elapsed time = 00:00:00, memory = 4003.82 (MB).
    Completing 70% with 2 violations.
    elapsed time = 00:00:00, memory = 4003.82 (MB).
    Completing 80% with 2 violations.
    elapsed time = 00:00:01, memory = 4003.82 (MB).
    Completing 90% with 2 violations.
    elapsed time = 00:00:01, memory = 4003.82 (MB).
    Completing 100% with 2 violations.
    elapsed time = 00:00:01, memory = 4003.82 (MB).
[INFO DRT-0199]   Number of violations = 2.
Viol/Layer        met3
Short                2
[INFO DRT-0267] cpu time = 00:00:01, elapsed time = 00:00:01, memory = 4003.82 (MB), peak = 4382.14 (MB)
Total wire length = 1461250 um.
Total wire length on LAYER li1 = 0 um.
Total wire length on LAYER met1 = 496185 um.
Total wire length on LAYER met2 = 683283 um.
Total wire length on LAYER met3 = 222905 um.
Total wire length on LAYER met4 = 56897 um.
Total wire length on LAYER met5 = 1978 um.
Total number of vias = 232038.
Up-via summary (total 232038):

-------------------------
 FR_MASTERSLICE         0
            li1     97702
           met1    121255
           met2     10695
           met3      2282
           met4       104
-------------------------
               232038


[INFO DRT-0195] Start 3rd guides tiles iteration.
    Completing 50% with 2 violations.
    elapsed time = 00:00:03, memory = 4003.82 (MB).
    Completing 100% with 0 violations.
    elapsed time = 00:00:03, memory = 4003.82 (MB).
[INFO DRT-0199]   Number of violations = 0.
[INFO DRT-0267] cpu time = 00:00:03, elapsed time = 00:00:03, memory = 4003.82 (MB), peak = 4382.14 (MB)
Total wire length = 1461243 um.
Total wire length on LAYER li1 = 0 um.
Total wire length on LAYER met1 = 496221 um.
Total wire length on LAYER met2 = 683279 um.
Total wire length on LAYER met3 = 222823 um.
Total wire length on LAYER met4 = 56897 um.
Total wire length on LAYER met5 = 2021 um.
Total number of vias = 232040.
Up-via summary (total 232040):

-------------------------
 FR_MASTERSLICE         0
            li1     97702
           met1    121257
           met2     10695
           met3      2282
           met4       104
-------------------------
               232040


[INFO DRT-0198] Complete detail routing.
Total wire length = 1461243 um.
Total wire length on LAYER li1 = 0 um.
Total wire length on LAYER met1 = 496221 um.
Total wire length on LAYER met2 = 683279 um.
Total wire length on LAYER met3 = 222823 um.
Total wire length on LAYER met4 = 56897 um.
Total wire length on LAYER met5 = 2021 um.
Total number of vias = 232040.
Up-via summary (total 232040):

-------------------------
 FR_MASTERSLICE         0
            li1     97702
           met1    121257
           met2     10695
           met3      2282
           met4       104
-------------------------
               232040


[INFO DRT-0267] cpu time = 00:18:46, elapsed time = 00:02:12, memory = 4003.82 (MB), peak = 4382.14 (MB)

[INFO DRT-0180] Post processing.
[INFO DRT-0501] Runtime: 229.68s
[INFO ANT-0002] Found 0 net violations.
[INFO ANT-0001] Found 0 pin violations.
[INFO ANT-0002] Found 0 net violations.
[INFO ANT-0001] Found 0 pin violations.
Design area 598330 um^2 13% utilization.
write_db ./results/sky130hd/d_ca01_nonblocking_dcache/base/5_2_route.odb
Elapsed time: 37:47.34[h:]min:sec. CPU time: user 19248.27 sys 26.54 (850%). Peak memory: 4487316KB.
Log                       Ext     Elapsed/s Peak Memory/MB sha1sum result [0:20)
5_2_route                 .odb         2267           4382 1133f2a2d2ba14ecf411
/OpenROAD-flow-scripts/flow/scripts/flow.sh 5_3_fillcell fillcell
Running fillcell.tcl, stage 5_3_fillcell
read_liberty /OpenROAD-flow-scripts/flow/platforms/sky130hd/lib/sky130_fd_sc_hd__tt_025C_1v80.lib
read_db ./results/sky130hd/d_ca01_nonblocking_dcache/base/5_2_route.odb
read_sdc ./results/sky130hd/d_ca01_nonblocking_dcache/base/5_1_grt.sdc
source /OpenROAD-flow-scripts/flow/platforms/sky130hd/setRC.tcl
filler_placement "sky130_fd_sc_hd__fill_1 sky130_fd_sc_hd__fill_2 sky130_fd_sc_hd__fill_4 sky130_fd_sc_hd__fill_8"
[INFO DPL-0001] Placed 495854 filler instances.
Design area 598330 um^2 13% utilization.
write_db ./results/sky130hd/d_ca01_nonblocking_dcache/base/5_3_fillcell.odb
Elapsed time: 0:05.94[h:]min:sec. CPU time: user 4.34 sys 0.73 (85%). Peak memory: 916244KB.
Log                       Ext     Elapsed/s Peak Memory/MB sha1sum result [0:20)
5_3_fillcell              .odb            5            894 809bcf3f2d0ab1c4c52b
cp ./results/sky130hd/d_ca01_nonblocking_dcache/base/5_3_fillcell.odb ./results/sky130hd/d_ca01_nonblocking_dcache/base/5_route.odb
cp ./results/sky130hd/d_ca01_nonblocking_dcache/base/5_1_grt.sdc ./results/sky130hd/d_ca01_nonblocking_dcache/base/5_route.sdc
/OpenROAD-flow-scripts/flow/scripts/flow.sh 6_1_fill density_fill
Running density_fill.tcl, stage 6_1_fill
read_liberty /OpenROAD-flow-scripts/flow/platforms/sky130hd/lib/sky130_fd_sc_hd__tt_025C_1v80.lib
read_db ./results/sky130hd/d_ca01_nonblocking_dcache/base/5_route.odb
read_sdc ./results/sky130hd/d_ca01_nonblocking_dcache/base/5_route.sdc
source /OpenROAD-flow-scripts/flow/platforms/sky130hd/setRC.tcl
exec cp ./results/sky130hd/d_ca01_nonblocking_dcache/base/5_route.odb ./results/sky130hd/d_ca01_nonblocking_dcache/base/6_1_fill.odb
Elapsed time: 0:02.10[h:]min:sec. CPU time: user 1.41 sys 0.52 (91%). Peak memory: 587052KB.
Log                       Ext     Elapsed/s Peak Memory/MB sha1sum result [0:20)
6_1_fill                  .odb            2            573 809bcf3f2d0ab1c4c52b
cp ./results/sky130hd/d_ca01_nonblocking_dcache/base/5_route.sdc ./results/sky130hd/d_ca01_nonblocking_dcache/base/6_1_fill.sdc
/OpenROAD-flow-scripts/flow/scripts/flow.sh 6_report final_report
Running final_report.tcl, stage 6_report
read_liberty /OpenROAD-flow-scripts/flow/platforms/sky130hd/lib/sky130_fd_sc_hd__tt_025C_1v80.lib
read_db ./results/sky130hd/d_ca01_nonblocking_dcache/base/6_1_fill.odb
read_sdc ./results/sky130hd/d_ca01_nonblocking_dcache/base/6_1_fill.sdc
source /OpenROAD-flow-scripts/flow/platforms/sky130hd/setRC.tcl
write_db ./results/sky130hd/d_ca01_nonblocking_dcache/base/6_final.odb
write_sdc -no_timestamp ./results/sky130hd/d_ca01_nonblocking_dcache/base/6_final.sdc
Deleted 0 routing obstructions
Warning: master sky130_ef_sc_hd__decap_12 has signal pins but no liberty cell
[INFO RCX-0431] Defined process_corner X with ext_model_index 0
[INFO RCX-0029] Defined extraction corner X
[WARNING RCX-0514] The ext_model_file option is deprecated. Use set_extraction_rules_file command instead.
[INFO RCX-0435] Reading extraction model file /OpenROAD-flow-scripts/flow/platforms/sky130hd/rcx_patterns.rules ...
[INFO RCX-0436] RC segment generation nonblocking_dcache (max_merge_res 50.0) ...
[INFO RCX-0040] Final 135920 rc segments
[INFO RCX-0439] Coupling Cap extraction nonblocking_dcache ...
[INFO RCX-0440] Coupling threshhold is 0.1000 fF, coupling capacitance less than 0.1000 fF will be grounded.
[INFO RCX-0442] 8% of 370021 wires extracted
[INFO RCX-0442] 27% of 370021 wires extracted
[INFO RCX-0442] 51% of 370021 wires extracted
[INFO RCX-0442] 68% of 370021 wires extracted
[INFO RCX-0442] 81% of 370021 wires extracted
[INFO RCX-0442] 94% of 370021 wires extracted
[INFO RCX-0442] 99% of 370021 wires extracted
[INFO RCX-0045] Extract 25068 nets, 160975 rsegs, 160975 caps, 267156 ccs
[INFO RCX-0443] 25068 nets finished
[INFO PSM-0040] All shapes on net VDD are connected.
########## IR report #################
Net              : VDD
Corner           : default
Total power      : 1.54e-01 W
Supply voltage   : 1.80e+00 V
Worstcase voltage: 1.80e+00 V
Average voltage  : 1.80e+00 V
Average IR drop  : 6.98e-06 V
Worstcase IR drop: 2.47e-04 V
Percentage drop  : 0.01 %
######################################
[INFO PSM-0040] All shapes on net VSS are connected.
########## IR report #################
Net              : VSS
Corner           : default
Total power      : 1.54e-01 W
Supply voltage   : 0.00e+00 V
Worstcase voltage: 2.43e-04 V
Average voltage  : 6.95e-06 V
Average IR drop  : 6.95e-06 V
Worstcase IR drop: 2.43e-04 V
Percentage drop  : 0.01 %
######################################
Cell type report:                       Count       Area
  Fill cell                            495854 3893992.15
  Tap cell                              59746   74754.20
  Antenna cell                            204     510.49
  Clock buffer                           1600   33866.23
  Timing Repair Buffer                   2985   36762.76
  Inverter                                 94     369.10
  Clock inverter                          658    5945.70
  Sequential cell                       11379  335001.29
  Multi-Input combinational cell         9204  111120.32
  Total                                581724 4492322.24
Report metrics stage 6, finish...

==========================================================================
finish report_design_area
--------------------------------------------------------------------------
Design area 598330 um^2 13% utilization.
[WARNING GUI-0076] QStandardPaths: XDG_RUNTIME_DIR not set, defaulting to '/tmp/runtime-'
Elapsed time: 1:23.91[h:]min:sec. CPU time: user 228.62 sys 9.40 (283%). Peak memory: 2174840KB.
Log                       Ext     Elapsed/s Peak Memory/MB sha1sum result [0:20)
6_report                                 83           2123                  N/A
cp /OpenROAD-flow-scripts/flow/platforms/sky130hd/lef/sky130_fd_sc_hd.tlef ./objects/sky130hd/d_ca01_nonblocking_dcache/base/klayout_tech.lef
/usr/bin/python3 /OpenROAD-flow-scripts/flow/util/generate_klayout_tech.py \
	--template /OpenROAD-flow-scripts/flow/platforms/sky130hd/sky130hd.lyt \
	--output ./objects/sky130hd/d_ca01_nonblocking_dcache/base/klayout.lyt \
	--lef-files ./objects/sky130hd/d_ca01_nonblocking_dcache/base/klayout_tech.lef /OpenROAD-flow-scripts/flow/platforms/sky130hd/lef/sky130_fd_sc_hd_merged.lef   \
	--map-files 
/usr/bin/python3 /OpenROAD-flow-scripts/flow/scripts/run_command.py --log /OpenROAD-flow-scripts/flow/logs/sky130hd/d_ca01_nonblocking_dcache/base/6_1_merge.log --tee -- \
        /OpenROAD-flow-scripts/flow/scripts/klayout.sh -zz -rd design_name=nonblocking_dcache \
        -rd in_def=./results/sky130hd/d_ca01_nonblocking_dcache/base/6_final.def \
        -rd in_files="/OpenROAD-flow-scripts/flow/platforms/sky130hd/gds/sky130_fd_sc_hd.gds  " \
        -rd seal_file="" \
        -rd out_file=./results/sky130hd/d_ca01_nonblocking_dcache/base/6_1_merged.gds \
        -rd tech_file=./objects/sky130hd/d_ca01_nonblocking_dcache/base/klayout.lyt \
        -rd layer_map= \
        -r /OpenROAD-flow-scripts/flow/util/def2stream.py
KLayout 0.30.7
[INFO] Reporting cells prior to loading DEF ...
	/OpenROAD-flow-scripts/flow/platforms/sky130hd/gds/sky130_fd_sc_hd.gds
[INFO] All LEF cells have matching GDS/OAS cells
[INFO] No orphan cells in the final layout
Elapsed time: 0:17.76[h:]min:sec. CPU time: user 16.72 sys 0.90 (99%). Peak memory: 1396200KB.
cp results/sky130hd/d_ca01_nonblocking_dcache/base/6_1_merged.gds results/sky130hd/d_ca01_nonblocking_dcache/base/6_final.gds
./logs/sky130hd/d_ca01_nonblocking_dcache/base
Log                       Ext     Elapsed/s Peak Memory/MB sha1sum result [0:20)
1_1_yosys_canonicalize    .rtlil          0             96 88ebb25691f19c0fd4e5
1_2_yosys                 .v             33            183 b164221fe276ac504111
1_2_yosys                 .sdc                             5d2ee4c9073dbb6786d6
1_synth                   .odb            1            213 bc49b41b44cbaf91cf59
1_synth                   .sdc                             cc37a5d5d8bc3c3912ea
2_1_floorplan             .odb           35            276 01fe473035e6364bc135
2_1_floorplan             .sdc                             cc37a5d5d8bc3c3912ea
2_2_floorplan_macro       .odb            0            180 01fe473035e6364bc135
2_3_floorplan_tapcell     .odb            0            198 df9ad82f095e02879af0
2_4_floorplan_pdn         .odb            3            408 a7e13a63286e9bbcc1fe
3_1_place_gp_skip_io      .odb           11            298 9093d2da54ba119ba552
3_2_place_iop             .odb            1            265 6570f3f3a6eb3f2ad8e5
3_3_place_gp              .odb           49            821 574d53bc5ded4835498d
3_4_place_resized         .odb           15            346 57ee0c67eeef2f8f2687
3_5_place_dp              .odb           16            548 6ae49b7d28f57e6439be
4_1_cts                   .odb           83            680 677ae89b336e78ce7cac
5_1_grt                   .odb          279           1513 a951cfa4be4a10d6d261
5_1_grt                   .sdc                             43f480c44f8e1207ce69
5_2_route                 .odb         2267           4382 1133f2a2d2ba14ecf411
5_3_fillcell              .odb            5            894 809bcf3f2d0ab1c4c52b
6_1_fill                  .odb            2            573 809bcf3f2d0ab1c4c52b
6_1_fill                  .sdc                             43f480c44f8e1207ce69
6_1_merge                                17           1363                  N/A
6_report                                 83           2123                  N/A
Total                                  2900           4382                     
