000000000000000000000000000000000000000000000000000000000000000000000000
00000000000000000000000000000007f000000000000007f000000000000007f0000000
0000000000000000000000000000000ff00000000000000ff00000000000000ff8000010
000000000000000000000000000000100000000000000010000000000000001000000000
000000000000000000000020000000000000000000000000000000200000000000000020
00000000000000000000002000000007f000000000000007f000002000000007f0000021
0000000000000000000000200000000ff00000000000000ff80000000000000ff8000000
000000000000000000000020000000100000000000000010000000200000001000000020
00000000000000000fffffe00000000000000000000000000fffffe0000000000fffffe0
00000000000000000fffffe000000007f000000000000008000000000000000800000001
00000000000000000fffffe00000000ff00000000000000ff00000200000000ff8000010
00000000000000000fffffe00000001000000000000000100fffffe0000000100fffffe0
000000000000000010000000000000000000000000000000100000000000000010000000
00000000000000001000000000000007f000000000000007e000000000000007e0000001
0000000000000000100000000000000ff000000000000008200000000000000ff0000000
000000000000000010000000000000100000000000000000000000000000000000000000
000000000000000010000020000000000000000000000000100000200000000010000020
00000000000000001000002000000007f00000000000000fefffffe00000000fefffffe1
0000000000000000100000200000000ff000000000000007f80000000000000ff0000000
000000000000000010000020000000100000000000000000000000200000000000000020
0000000000000007f0000000000000000000000000000007f000000000000007f0000000
0000000000000007f000000000000007f00000000000000ff00000000000000ff0000000
0000000000000007f00000000000000ff000000000000010000000000000000ff0000000
0000000000000007f00000000000001000000000000000000fffffe0000000000fffffe0
0000000000000007f0000020000000000000000000000007f000002000000007f0000020
0000000000000007f000002000000007f00000000000000ff80000000000000ff8000000
0000000000000007f00000200000000ff000000000000010000000200000000ff0000000
0000000000000007f0000020000000100000000000000000100000000000000010000000
000000000000000800000000000000000000000000000008000000000000000800000000
00000000000000080000000000000007f00000000000000ff00000200000000ff8000010
0000000000000008000000000000000ff0000000000000100fffffe00000000ff0000000
000000000000000800000000000000100000000000000000100000200000000010000020
0000000000000007e0000000000000000000000000000007e000000000000007e0000000
0000000000000007e000000000000007f000000000000008200000000000000821000000
0000000000000007e00000000000000ff000000000000000000000000000000ff0000000
0000000000000007e0000000000000100000000000000007f000000000000007f0000000
000000000000000fefffffe000000000000000000000000fefffffe00000000fefffffe0
000000000000000fefffffe000000007f000000000000007f80000000000000fefffffe1
000000000000000fefffffe00000000ff000000000000000000000200000000ff0000000
000000000000000fefffffe0000000100000000000000007f000002000000007f0000020
000000000000000ff000000000000000000000000000000ff00000000000000ff8000010
000000000000000ff000000000000007f000000000000010000000000000000ff0000000
000000000000000ff00000000000000ff0000000000000000fffffe00000000ff0000000
000000000000000ff0000000000000100000000000000008000000000000000ff8000010
000000000000000ff800000000000000000000000000000ff80000000000000ff8000000
000000000000000ff800000000000007f000000000000010000000200000000ff8000000
000000000000000ff80000000000000ff000000000000000100000000000000ff8000000
000000000000000ff8000000000000100000000000000007e00000000000000ff8000000
000000000000000ff000002000000000000000000000000ff00000200000000ff8000010
000000000000000ff000002000000007f0000000000000100fffffe00000000ff8000010
000000000000000ff00000200000000ff000000000000000100000200000000ff8000010
000000000000000ff000002000000010000000000000000fefffffe00000000ff8000010
000000000000000820000000000000000000000000000008200000000000000820000000
00000000000000082000000000000007f000000000000000000000000000000820000000
0000000000000008200000000000000ff000000000000007f00000000000000ff0000000
00000000000000082000000000000010000000000000000ff00000000000000ff0000000
0000000000000007f8000000000000000000000000000007f800000000000007f8000000
0000000000000007f800000000000007f0000000000000000000002000000007f8000001
0000000000000007f80000000000000ff000000000000007f00000200000000ff0000000
0000000000000007f800000000000010000000000000000ff80000000000000ff8000000
000000000000001000000000000000000000000000000010000000000000001000000000
00000000000000100000000000000007f0000000000000000fffffe0000000000fffffe0
0000000000000010000000000000000ff000000000000008000000000000000ff8000010
00000000000000100000000000000010000000000000000ff00000200000000ff8000010
000000000000001000000020000000000000000000000010000000200000001000000020
00000000000000100000002000000007f00000000000000010000000000000000fffffe0
0000000000000010000000200000000ff000000000000007e00000000000001ff0000000
000000000000001000000020000000100000000000000008200000000000000820000000
00000000000000100fffffe00000000000000000000000100fffffe0000000100fffffe0
00000000000000100fffffe000000007f000000000000000100000200000000000000040
00000000000000100fffffe00000000ff00000000000000fefffffe00000001ff0000000
00000000000000100fffffe0000000100000000000000007f800000000000007f8000000
000000200000000000000000000000000000000000000000000000000000000000000000
00000020000000000000000000000007f000000000000007f000000000000007f0000000
0000002000000000000000000000000ff00000000000000ff00000000000000ff8000010
000000200000000000000000000000100000000000000010000000000000001000000000
000000200000000000000020000000000000000000000000000000200000000000000020
00000020000000000000002000000007f000000000000007f000002000000007f0000021
0000002000000000000000200000000ff00000000000000ff80000000000000ff8000000
000000200000000000000020000000100000000000000010000000200000001000000020
00000020000000000fffffe00000000000000000000000000fffffe0000000000fffffe0
00000020000000000fffffe000000007f000000000000008000000000000000800000001
00000020000000000fffffe00000000ff00000000000000ff00000200000000ff8000010
00000020000000000fffffe00000001000000000000000100fffffe0000000100fffffe0
000000200000000010000000000000000000000000000000100000000000000010000000
00000020000000001000000000000007f000000000000007e000000000000007e0000001
0000002000000000100000000000000ff000000000000008200000000000000ff0000000
000000200000000010000000000000100000000000000000000000000000000000000000
000000200000000010000020000000000000000000000000100000200000000010000020
00000020000000001000002000000007f00000000000000fefffffe00000000fefffffe1
0000002000000000100000200000000ff000000000000007f80000000000000ff0000000
000000200000000010000020000000100000000000000000000000200000000000000020
0000002000000007f0000000000000000000000000000007f000000000000007f0000000
0000002000000007f000000000000007f00000000000000ff00000000000000ff0000000
0000002000000007f00000000000000ff000000000000010000000000000000ff0000000
0000002000000007f00000000000001000000000000000000fffffe0000000000fffffe0
0000002000000007f0000020000000000000000000000007f000002000000007f0000020
0000002000000007f000002000000007f00000000000000ff80000000000000ff8000000
0000002000000007f00000200000000ff000000000000010000000200000000ff0000000
0000002000000007f0000020000000100000000000000000100000000000000010000000
000000200000000800000000000000000000000000000008000000000000000800000000
00000020000000080000000000000007f00000000000000ff00000200000000ff8000010
0000002000000008000000000000000ff0000000000000100fffffe00000000ff0000000
000000200000000800000000000000100000000000000000100000200000000010000020
0000002000000007e0000000000000000000000000000007e000000000000007e0000000
0000002000000007e000000000000007f000000000000008200000000000000821000000
0000002000000007e00000000000000ff000000000000000000000000000000ff0000000
0000002000000007e0000000000000100000000000000007f000000000000007f0000000
000000200000000fefffffe000000000000000000000000fefffffe00000000fefffffe0
000000200000000fefffffe000000007f000000000000007f80000000000000fefffffe1
000000200000000fefffffe00000000ff000000000000000000000200000000ff0000000
000000200000000fefffffe0000000100000000000000007f000002000000007f0000020
000000200000000ff000000000000000000000000000000ff00000000000000ff8000010
000000200000000ff000000000000007f000000000000010000000000000000ff0000000
000000200000000ff00000000000000ff0000000000000000fffffe00000000ff0000000
000000200000000ff0000000000000100000000000000008000000000000000ff8000010
000000200000000ff800000000000000000000000000000ff80000000000000ff8000000
000000200000000ff800000000000007f000000000000010000000200000000ff8000000
000000200000000ff80000000000000ff000000000000000100000000000000ff8000000
000000200000000ff8000000000000100000000000000007e00000000000000ff8000000
000000200000000ff000002000000000000000000000000ff00000200000000ff8000010
000000200000000ff000002000000007f0000000000000100fffffe00000000ff8000010
000000200000000ff00000200000000ff000000000000000100000200000000ff8000010
000000200000000ff000002000000010000000000000000fefffffe00000000ff8000010
000000200000000820000000000000000000000000000008200000000000000820000000
00000020000000082000000000000007f000000000000000000000000000000820000000
0000002000000008200000000000000ff000000000000007f00000000000000ff0000000
00000020000000082000000000000010000000000000000ff00000000000000ff0000000
0000002000000007f8000000000000000000000000000007f800000000000007f8000000
0000002000000007f800000000000007f0000000000000000000002000000007f8000001
0000002000000007f80000000000000ff000000000000007f00000200000000ff0000000
0000002000000007f800000000000010000000000000000ff80000000000000ff8000000
000000200000001000000000000000000000000000000010000000000000001000000000
00000020000000100000000000000007f0000000000000000fffffe0000000000fffffe0
0000002000000010000000000000000ff000000000000008000000000000000ff8000010
00000020000000100000000000000010000000000000000ff00000200000000ff8000010
000000200000001000000020000000000000000000000010000000200000001000000020
00000020000000100000002000000007f00000000000000010000000000000000fffffe0
0000002000000010000000200000000ff000000000000007e00000000000001ff0000000
000000200000001000000020000000100000000000000008200000000000000820000000
00000020000000100fffffe00000000000000000000000100fffffe0000000100fffffe0
00000020000000100fffffe000000007f000000000000000100000200000000000000040
00000020000000100fffffe00000000ff00000000000000fefffffe00000001ff0000000
00000020000000100fffffe0000000100000000000000007f800000000000007f8000000
000000400000000000000000000000000000000000000000000000000000000000000000
00000040000000000000000000000007f000000000000007f000000000000007f0000000
0000004000000000000000000000000ff00000000000000ff00000000000000ff8000010
000000400000000000000000000000100000000000000010000000000000001000000000
000000400000000000000020000000000000000000000000000000200000000000000020
00000040000000000000002000000007f000000000000007f000002000000007f0000021
0000004000000000000000200000000ff00000000000000ff80000000000000ff8000000
000000400000000000000020000000100000000000000010000000200000001000000020
00000040000000000fffffe00000000000000000000000000fffffe0000000000fffffe0
00000040000000000fffffe000000007f000000000000008000000000000000800000001
00000040000000000fffffe00000000ff00000000000000ff00000200000000ff8000010
00000040000000000fffffe00000001000000000000000100fffffe0000000100fffffe0
000000400000000010000000000000000000000000000000100000000000000010000000
00000040000000001000000000000007f000000000000007e000000000000007e0000001
0000004000000000100000000000000ff000000000000008200000000000000ff0000000
000000400000000010000000000000100000000000000000000000000000001000000000
000000400000000010000020000000000000000000000000100000200000000010000020
00000040000000001000002000000007f00000000000000fefffffe00000000fefffffe1
0000004000000000100000200000000ff000000000000007f80000000000000ff0000000
000000400000000010000020000000100000000000000000000000200000000000000020
0000004000000007f0000000000000000000000000000007f000000000000007f0000000
0000004000000007f000000000000007f00000000000000ff00000000000000ff0000000
0000004000000007f00000000000000ff000000000000010000000000000000ff0000000
0000004000000007f00000000000001000000000000000000fffffe0000000000fffffe0
0000004000000007f0000020000000000000000000000007f000002000000007f0000020
0000004000000007f000002000000007f00000000000000ff80000000000000ff8000000
0000004000000007f00000200000000ff000000000000010000000200000000ff0000000
0000004000000007f0000020000000100000000000000000100000000000000010000000
000000400000000800000000000000000000000000000008000000000000000800000000
00000040000000080000000000000007f00000000000000ff00000200000000ff8000010
0000004000000008000000000000000ff0000000000000100fffffe00000000ff0000000
000000400000000800000000000000100000000000000000100000200000000010000020
0000004000000007e0000000000000000000000000000007e000000000000007e0000000
0000004000000007e000000000000007f000000000000008200000000000000821000000
0000004000000007e00000000000000ff000000000000000000000000000000ff0000000
0000004000000007e0000000000000100000000000000007f000000000000007f0000000
000000400000000fefffffe000000000000000000000000fefffffe00000000fefffffe0
000000400000000fefffffe000000007f000000000000007f80000000000000fefffffe1
000000400000000fefffffe00000000ff000000000000000000000200000000ff0000000
000000400000000fefffffe0000000100000000000000007f000002000000007f0000020
000000400000000ff000000000000000000000000000000ff00000000000000ff8000010
000000400000000ff000000000000007f000000000000010000000000000000ff0000000
000000400000000ff00000000000000ff0000000000000000fffffe00000000ff0000000
000000400000000ff0000000000000100000000000000008000000000000000ff8000010
000000400000000ff800000000000000000000000000000ff80000000000000ff8000000
000000400000000ff800000000000007f000000000000010000000200000000ff8000000
000000400000000ff80000000000000ff000000000000000100000000000000ff8000000
000000400000000ff8000000000000100000000000000007e00000000000000ff8000000
000000400000000ff000002000000000000000000000000ff00000200000000ff8000010
000000400000000ff000002000000007f0000000000000100fffffe00000000ff8000010
000000400000000ff00000200000000ff000000000000000100000200000000ff8000010
000000400000000ff000002000000010000000000000000fefffffe00000000ff8000010
000000400000000820000000000000000000000000000008200000000000000820000000
00000040000000082000000000000007f000000000000000000000000000000820000000
0000004000000008200000000000000ff000000000000007f00000000000000ff0000000
00000040000000082000000000000010000000000000000ff00000000000000ff0000000
0000004000000007f8000000000000000000000000000007f800000000000007f8000000
0000004000000007f800000000000007f0000000000000000000002000000007f8000001
0000004000000007f80000000000000ff000000000000007f00000200000000ff0000000
0000004000000007f800000000000010000000000000000ff80000000000000ff8000000
000000400000001000000000000000000000000000000010000000000000001000000000
00000040000000100000000000000007f0000000000000000fffffe0000000000fffffe0
0000004000000010000000000000000ff000000000000008000000000000000ff8000010
00000040000000100000000000000010000000000000000ff00000200000000ff8000010
000000400000001000000020000000000000000000000010000000200000001000000020
00000040000000100000002000000007f00000000000000010000000000000000fffffe0
0000004000000010000000200000000ff000000000000007e00000000000001ff0000000
000000400000001000000020000000100000000000000008200000000000000820000000
00000040000000100fffffe00000000000000000000000100fffffe0000000100fffffe0
00000040000000100fffffe000000007f000000000000000100000200000000000000040
00000040000000100fffffe00000000ff00000000000000fefffffe00000001ff0000000
00000040000000100fffffe0000000100000000000000007f800000000000007f8000000
000000600000000000000000000000000000000000000000000000000000000000000000
00000060000000000000000000000007f000000000000007f000000000000007f0000000
0000006000000000000000000000000ff00000000000000ff00000000000000ff8000010
000000600000000000000000000000100000000000000010000000000000001000000000
000000600000000000000020000000000000000000000000000000200000000000000020
00000060000000000000002000000007f000000000000007f000002000000007f0000041
0000006000000000000000200000000ff00000000000000ff80000000000000ff8000000
000000600000000000000020000000100000000000000010000000200000001000000020
00000060000000000fffffe00000000000000000000000000fffffe0000000000fffffe0
00000060000000000fffffe000000007f000000000000008000000000000000800000021
00000060000000000fffffe00000000ff00000000000000ff00000200000000ff8000010
00000060000000000fffffe00000001000000000000000100fffffe0000000100fffffe0
000000600000000010000000000000000000000000000000100000000000000010000000
00000060000000001000000000000007f000000000000007e000000000000007e0000021
0000006000000000100000000000000ff000000000000008200000000000000ff0000000
000000600000000010000000000000100000000000000000000000000000000000000000
000000600000000010000020000000000000000000000000100000200000000010000020
00000060000000001000002000000007f00000000000000fefffffe00000000ff0000005
0000006000000000100000200000000ff000000000000007f80000000000000ff0000000
000000600000000010000020000000100000000000000000000000200000000000000020
0000006000000007f0000000000000000000000000000007f000000000000007f0000000
0000006000000007f000000000000007f00000000000000ff00000000000000ff0000000
0000006000000007f00000000000000ff000000000000010000000000000000ff0000000
0000006000000007f00000000000001000000000000000000fffffe0000000000fffffe0
0000006000000007f0000020000000000000000000000007f000002000000007f0000020
0000006000000007f000002000000007f00000000000000ff80000000000000ff8000000
0000006000000007f00000200000000ff000000000000010000000200000000ff0000000
0000006000000007f0000020000000100000000000000000100000000000000010000000
000000600000000800000000000000000000000000000008000000000000000800000000
00000060000000080000000000000007f00000000000000ff00000200000000ff8000010
0000006000000008000000000000000ff0000000000000100fffffe00000000ff0000000
000000600000000800000000000000100000000000000000100000200000000010000020
0000006000000007e0000000000000000000000000000007e000000000000007e0000000
0000006000000007e000000000000007f000000000000008200000000000000821000000
0000006000000007e00000000000000ff000000000000000000000000000000ff0000000
0000006000000007e0000000000000100000000000000007f000000000000007f0000000
000000600000000fefffffe000000000000000000000000fefffffe00000000fefffffe0
000000600000000fefffffe000000007f000000000000007f80000000000000ff0000005
000000600000000fefffffe00000000ff000000000000000000000200000000ff0000000
000000600000000fefffffe0000000100000000000000007f000002000000007f0000020
000000600000000ff000000000000000000000000000000ff00000000000000ff8000010
000000600000000ff000000000000007f000000000000010000000000000000ff0000000
000000600000000ff00000000000000ff0000000000000000fffffe00000000ff0000000
000000600000000ff0000000000000100000000000000008000000000000000ff8000010
000000600000000ff800000000000000000000000000000ff80000000000000ff8000000
000000600000000ff800000000000007f000000000000010000000200000000ff8000000
000000600000000ff80000000000000ff000000000000000100000000000000ff8000000
000000600000000ff8000000000000100000000000000007e00000000000000ff8000000
000000600000000ff000002000000000000000000000000ff00000200000000ff8000010
000000600000000ff000002000000007f0000000000000100fffffe00000000ff8000010
000000600000000ff00000200000000ff000000000000000100000200000000ff8000010
000000600000000ff000002000000010000000000000000fefffffe00000000ff8000010
000000600000000820000000000000000000000000000008200000000000000820000000
00000060000000082000000000000007f000000000000000000000000000000820000000
0000006000000008200000000000000ff000000000000007f00000000000000ff0000000
00000060000000082000000000000010000000000000000ff00000000000000ff0000000
0000006000000007f8000000000000000000000000000007f800000000000007f8000000
0000006000000007f800000000000007f0000000000000000000002000000007f8000021
0000006000000007f80000000000000ff000000000000007f00000200000000ff0000000
0000006000000007f800000000000010000000000000000ff80000000000000ff8000000
000000600000001000000000000000000000000000000010000000000000001000000000
00000060000000100000000000000007f0000000000000000fffffe0000000000fffffe0
0000006000000010000000000000000ff000000000000008000000000000000ff8000010
00000060000000100000000000000010000000000000000ff00000200000000ff8000010
000000600000001000000020000000000000000000000010000000200000001000000020
00000060000000100000002000000007f00000000000000010000000000000000fffffe0
0000006000000010000000200000000ff000000000000007e00000000000001ff0000000
000000600000001000000020000000100000000000000008200000000000000820000000
00000060000000100fffffe00000000000000000000000100fffffe0000000100fffffe0
00000060000000100fffffe000000007f000000000000000100000200000000000000040
00000060000000100fffffe00000000ff00000000000000fefffffe00000001ff0000000
00000060000000100fffffe0000000100000000000000007f800000000000007f8000000
000000800000000000000000000000000000000000000000000000000000000000000000
00000080000000000000000000000007f000000000000007f000000000000007f0000000
0000008000000000000000000000000ff00000000000000ff00000000000000ff8000010
000000800000000000000000000000100000000000000010000000000000001000000000
000000800000000000000020000000000000000000000000000000200000000000000020
00000080000000000000002000000007f000000000000007f000002000000007f0000021
0000008000000000000000200000000ff00000000000000ff80000000000000ff8000000
000000800000000000000020000000100000000000000010000000200000001000000020
00000080000000000fffffe00000000000000000000000000fffffe0000000000fffffe0
00000080000000000fffffe000000007f000000000000008000000000000000800000001
00000080000000000fffffe00000000ff00000000000000ff00000200000000ff8000010
00000080000000000fffffe00000001000000000000000100fffffe0000000100fffffe0
000000800000000010000000000000000000000000000000100000000000000010000000
00000080000000001000000000000007f000000000000007e000000000000007e0000001
0000008000000000100000000000000ff000000000000008200000000000000ff0000000
000000800000000010000000000000100000000000000000000000000000000000000000
000000800000000010000020000000000000000000000000100000200000000010000020
00000080000000001000002000000007f00000000000000fefffffe00000000fefffffe1
0000008000000000100000200000000ff000000000000007f80000000000000ff0000000
000000800000000010000020000000100000000000000000000000200000000000000020
0000008000000007f0000000000000000000000000000007f000000000000007f0000000
0000008000000007f000000000000007f00000000000000ff00000000000000ff0000000
0000008000000007f00000000000000ff000000000000010000000000000000ff0000000
0000008000000007f00000000000001000000000000000000fffffe0000000000fffffe0
0000008000000007f0000020000000000000000000000007f000002000000007f0000020
0000008000000007f000002000000007f00000000000000ff80000000000000ff8000000
0000008000000007f00000200000000ff000000000000010000000200000000ff0000000
0000008000000007f0000020000000100000000000000000100000000000000010000000
000000800000000800000000000000000000000000000008000000000000000800000000
00000080000000080000000000000007f00000000000000ff00000200000000ff8000010
0000008000000008000000000000000ff0000000000000100fffffe00000000ff0000000
000000800000000800000000000000100000000000000000100000200000000010000020
0000008000000007e0000000000000000000000000000007e000000000000007e0000000
0000008000000007e000000000000007f000000000000008200000000000000821000000
0000008000000007e00000000000000ff000000000000000000000000000000ff0000000
0000008000000007e0000000000000100000000000000007f000000000000007f0000000
000000800000000fefffffe000000000000000000000000fefffffe00000000fefffffe0
000000800000000fefffffe000000007f000000000000007f80000000000000fefffffe1
000000800000000fefffffe00000000ff000000000000000000000200000000ff0000000
000000800000000fefffffe0000000100000000000000007f000002000000007f0000020
000000800000000ff000000000000000000000000000000ff00000000000000ff8000010
000000800000000ff000000000000007f000000000000010000000000000000ff0000000
000000800000000ff00000000000000ff0000000000000000fffffe00000000ff0000000
000000800000000ff0000000000000100000000000000008000000000000000ff8000010
000000800000000ff800000000000000000000000000000ff80000000000000ff8000000
000000800000000ff800000000000007f000000000000010000000200000000ff8000000
000000800000000ff80000000000000ff000000000000000100000000000000ff8000000
000000800000000ff8000000000000100000000000000007e00000000000000ff8000000
000000800000000ff000002000000000000000000000000ff00000200000000ff8000010
000000800000000ff000002000000007f0000000000000100fffffe00000000ff8000010
000000800000000ff00000200000000ff000000000000000100000200000000ff8000010
000000800000000ff000002000000010000000000000000fefffffe00000000ff8000010
000000800000000820000000000000000000000000000008200000000000000820000000
00000080000000082000000000000007f000000000000000000000000000000820000000
0000008000000008200000000000000ff000000000000007f00000000000000ff0000000
00000080000000082000000000000010000000000000000ff00000000000000ff0000000
0000008000000007f8000000000000000000000000000007f800000000000007f8000000
0000008000000007f800000000000007f0000000000000000000002000000007f8000001
0000008000000007f80000000000000ff000000000000007f00000200000000ff0000000
0000008000000007f800000000000010000000000000000ff80000000000000ff8000000
000000800000001000000000000000000000000000000010000000000000001000000000
00000080000000100000000000000007f0000000000000000fffffe0000000000fffffe0
0000008000000010000000000000000ff000000000000008000000000000000ff8000010
00000080000000100000000000000010000000000000000ff00000200000000ff8000010
000000800000001000000020000000000000000000000010000000200000001000000020
00000080000000100000002000000007f00000000000000010000000000000000fffffe0
0000008000000010000000200000000ff000000000000007e00000000000001ff0000000
000000800000001000000020000000100000000000000008200000000000000820000000
00000080000000100fffffe00000000000000000000000100fffffe0000000100fffffe0
00000080000000100fffffe000000007f000000000000000100000200000000000000040
00000080000000100fffffe00000000ff00000000000000fefffffe00000001ff0000000
00000080000000100fffffe0000000100000000000000007f800000000000007f8000000
000004000000001fffe000000000001fffe000000000001fffe000000000001fffe00000
000004000000001fffe00000000000187fe78000000000187fe780000000001fffe78000
000004000000001fffe00000000000107fef8000000000107fef80000000001fffefc010
000004000000001fffe000000000000ffff000000000000ffff000000000001ffff00000
000004000000001fffc000200000001fffe000000000001fffc000200000001fffe00020
000004000000001fffc00020000000187fe78000000000187fc780200000001fffe78021
000004000000001fffc00020000000107fef8000000000103fefc0000000001fffefc000
000004000000001fffc000200000000ffff000000000000fffd000200000001ffff00020
000004000000001f80007fe00000001fffe000000000001f80007fe00000001fffe07fe0
000004000000001f80007fe0000000187fe7800000000017ffe800000000001fffe80001
000004000000001f80007fe0000000107fef8000000000107fcf80200000001fffefc010
000004000000001f80007fe00000000ffff000000000000f80107fe00000001ffff07fe0
000004000000001f7fe080000000001fffe000000000001f7fe080000000001fffe08000
000004000000001f7fe08000000000187fe7800000000018ffe700000000001fffe70001
000004000000001f7fe08000000000107fef800000000016ffe900000000001fffef8000
000004000000001f7fe080000000000ffff000000000001fffe000000000001fffe00000
000004000000001f7fc080200000001fffe000000000001f7fc080200000001fffe08020
000004000000001f7fc08020000000187fe7800000000010800f7fe00000001fffef7fe1
000004000000001f7fc08020000000107fef8000000000183fe7c0000000001fffef8000
000004000000001f7fc080200000000ffff000000000001fffc000200000001fffe00020
00000400000000187fe780000000001fffe00000000000187fe780000000001fffe78000
00000400000000187fe78000000000187fe78000000000107fef80000000001fffef8000
00000400000000187fe78000000000107fef80000000000ffff000000000001fffef8000
00000400000000187fe780000000000ffff000000000001f80007fe00000001fffe07fe0
00000400000000187fc780200000001fffe00000000000187fc780200000001fffe78020
00000400000000187fc78020000000187fe78000000000103fefc0000000001fffefc000
00000400000000187fc78020000000107fef80000000000fffd000200000001fffef8000
00000400000000187fc780200000000ffff000000000001f7fe080000000001fffe08000
0000040000000017ffe800000000001fffe0000000000017ffe800000000001fffe80000
0000040000000017ffe80000000000187fe78000000000107fcf80200000001fffefc010
0000040000000017ffe80000000000107fef80000000000f80107fe00000001fffef8000
0000040000000017ffe800000000000ffff000000000001f7fc080200000001fffe08020
0000040000000018ffe700000000001fffe0000000000018ffe700000000001fffe70000
0000040000000018ffe70000000000187fe7800000000016ffe900000000001fffe90800
0000040000000018ffe70000000000107fef80000000001fffe000000000001fffef8000
0000040000000018ffe700000000000ffff00000000000187fe780000000001fffe78000
0000040000000010800f7fe00000001fffe0000000000010800f7fe00000001fffef7fe0
0000040000000010800f7fe0000000187fe78000000000183fe7c0000000001fffef7fe1
0000040000000010800f7fe0000000107fef80000000001fffc000200000001fffef8000
0000040000000010800f7fe00000000ffff00000000000187fc780200000001fffe78020
00000400000000107fef80000000001fffe00000000000107fef80000000001fffefc010
00000400000000107fef8000000000187fe780000000000ffff000000000001fffef8000
00000400000000107fef8000000000107fef80000000001f80007fe00000001fffef8000
00000400000000107fef80000000000ffff0000000000017ffe800000000001fffefc010
00000400000000103fefc0000000001fffe00000000000103fefc0000000001fffefc000
00000400000000103fefc000000000187fe780000000000fffd000200000001fffefc000
00000400000000103fefc000000000107fef80000000001f7fe080000000001fffefc000
00000400000000103fefc0000000000ffff0000000000018ffe700000000001fffefc000
00000400000000107fcf80200000001fffe00000000000107fcf80200000001fffefc010
00000400000000107fcf8020000000187fe780000000000f80107fe00000001fffefc010
00000400000000107fcf8020000000107fef80000000001f7fc080200000001fffefc010
00000400000000107fcf80200000000ffff0000000000010800f7fe00000001fffefc010
0000040000000016ffe900000000001fffe0000000000016ffe900000000001fffe90000
0000040000000016ffe90000000000187fe780000000001fffe000000000001fffe90000
0000040000000016ffe90000000000107fef8000000000187fe780000000001fffef8000
0000040000000016ffe900000000000ffff00000000000107fef80000000001fffef8000
00000400000000183fe7c0000000001fffe00000000000183fe7c0000000001fffe7c000
00000400000000183fe7c000000000187fe780000000001fffc000200000001fffe7c001
00000400000000183fe7c000000000107fef8000000000187fc780200000001fffef8000
00000400000000183fe7c0000000000ffff00000000000103fefc0000000001fffefc000
000004000000000ffff000000000001fffe000000000000ffff000000000001ffff00000
000004000000000ffff00000000000187fe780000000001f80007fe00000001fffe07fe0
000004000000000ffff00000000000107fef800000000017ffe800000000001fffefc010
000004000000000ffff000000000000ffff00000000000107fcf80200000001fffefc010
000004000000000fffd000200000001fffe000000000000fffd000200000001ffff00020
000004000000000fffd00020000000187fe780000000001f7fe080000000001fffe07fe0
000004000000000fffd00020000000107fef800000000018ffe700000000001fffff8000
000004000000000fffd000200000000ffff0000000000016ffe900000000001fffe90000
000004000000000f80107fe00000001fffe000000000000f80107fe00000001ffff07fe0
000004000000000f80107fe0000000187fe780000000001f7fc080200000001fffe00040
000004000000000f80107fe0000000107fef800000000010800f7fe00000001fffff8000
000004000000000f80107fe00000000ffff00000000000183fe7c0000000001fffe7c000
000004200000001fffe000000000001fffe000000000001fffe000000000001fffe00000
000004200000001fffe00000000000187fe78000000000187fe780000000001fffe78000
000004200000001fffe00000000000107fef8000000000107fef80000000001fffefc010
000004200000001fffe000000000000ffff000000000000ffff000000000001ffff00000
000004200000001fffc000200000001fffe000000000001fffc000200000001fffe00020
000004200000001fffc00020000000187fe78000000000187fc780200000001fffe78021
000004200000001fffc00020000000107fef8000000000103fefc0000000001fffefc000
000004200000001fffc000200000000ffff000000000000fffd000200000001ffff00020
000004200000001f80007fe00000001fffe000000000001f80007fe00000001fffe07fe0
000004200000001f80007fe0000000187fe7800000000017ffe800000000001fffe80001
000004200000001f80007fe0000000107fef8000000000107fcf80200000001fffefc010
000004200000001f80007fe00000000ffff000000000000f80107fe00000001ffff07fe0
000004200000001f7fe080000000001fffe000000000001f7fe080000000001fffe08000
000004200000001f7fe08000000000187fe7800000000018ffe700000000001fffe70001
000004200000001f7fe08000000000107fef800000000016ffe900000000001fffef8000
000004200000001f7fe080000000000ffff000000000001fffe000000000001fffe00000
000004200000001f7fc080200000001fffe000000000001f7fc080200000001fffe08020
000004200000001f7fc08020000000187fe7800000000010800f7fe00000001fffef7fe1
000004200000001f7fc08020000000107fef8000000000183fe7c0000000001fffef8000
000004200000001f7fc080200000000ffff000000000001fffc000200000001fffe00020
00000420000000187fe780000000001fffe00000000000187fe780000000001fffe78000
00000420000000187fe78000000000187fe78000000000107fef80000000001fffef8000
00000420000000187fe78000000000107fef80000000000ffff000000000001fffef8000
00000420000000187fe780000000000ffff000000000001f80007fe00000001fffe07fe0
00000420000000187fc780200000001fffe00000000000187fc780200000001fffe78020
00000420000000187fc78020000000187fe78000000000103fefc0000000001fffefc000
00000420000000187fc78020000000107fef80000000000fffd000200000001fffef8000
00000420000000187fc780200000000ffff000000000001f7fe080000000001fffe08000
0000042000000017ffe800000000001fffe0000000000017ffe800000000001fffe80000
0000042000000017ffe80000000000187fe78000000000107fcf80200000001fffefc010
0000042000000017ffe80000000000107fef80000000000f80107fe00000001fffef8000
0000042000000017ffe800000000000ffff000000000001f7fc080200000001fffe08020
0000042000000018ffe700000000001fffe0000000000018ffe700000000001fffe70000
0000042000000018ffe70000000000187fe7800000000016ffe900000000001fffe90800
0000042000000018ffe70000000000107fef80000000001fffe000000000001fffef8000
0000042000000018ffe700000000000ffff00000000000187fe780000000001fffe78000
0000042000000010800f7fe00000001fffe0000000000010800f7fe00000001fffef7fe0
0000042000000010800f7fe0000000187fe78000000000183fe7c0000000001fffef7fe1
0000042000000010800f7fe0000000107fef80000000001fffc000200000001fffef8000
0000042000000010800f7fe00000000ffff00000000000187fc780200000001fffe78020
00000420000000107fef80000000001fffe00000000000107fef80000000001fffefc010
00000420000000107fef8000000000187fe780000000000ffff000000000001fffef8000
00000420000000107fef8000000000107fef80000000001f80007fe00000001fffef8000
00000420000000107fef80000000000ffff0000000000017ffe800000000001fffefc010
00000420000000103fefc0000000001fffe00000000000103fefc0000000001fffefc000
00000420000000103fefc000000000187fe780000000000fffd000200000001fffefc000
00000420000000103fefc000000000107fef80000000001f7fe080000000001fffefc000
00000420000000103fefc0000000000ffff0000000000018ffe700000000001fffefc000
00000420000000107fcf80200000001fffe00000000000107fcf80200000001fffefc010
00000420000000107fcf8020000000187fe780000000000f80107fe00000001fffefc010
00000420000000107fcf8020000000107fef80000000001f7fc080200000001fffefc010
00000420000000107fcf80200000000ffff0000000000010800f7fe00000001fffefc010
0000042000000016ffe900000000001fffe0000000000016ffe900000000001fffe90000
0000042000000016ffe90000000000187fe780000000001fffe000000000001fffe90000
0000042000000016ffe90000000000107fef8000000000187fe780000000001fffef8000
0000042000000016ffe900000000000ffff00000000000107fef80000000001fffef8000
00000420000000183fe7c0000000001fffe00000000000183fe7c0000000001fffe7c000
00000420000000183fe7c000000000187fe780000000001fffc000200000001fffe7c001
00000420000000183fe7c000000000107fef8000000000187fc780200000001fffef8000
00000420000000183fe7c0000000000ffff00000000000103fefc0000000001fffefc000
000004200000000ffff000000000001fffe000000000000ffff000000000001ffff00000
000004200000000ffff00000000000187fe780000000001f80007fe00000001fffe07fe0
000004200000000ffff00000000000107fef800000000017ffe800000000001fffefc010
000004200000000ffff000000000000ffff00000000000107fcf80200000001fffefc010
000004200000000fffd000200000001fffe000000000000fffd000200000001ffff00020
000004200000000fffd00020000000187fe780000000001f7fe080000000001fffe07fe0
000004200000000fffd00020000000107fef800000000018ffe700000000001fffff8000
000004200000000fffd000200000000ffff0000000000016ffe900000000001fffe90000
000004200000000f80107fe00000001fffe000000000000f80107fe00000001ffff07fe0
000004200000000f80107fe0000000187fe780000000001f7fc080200000001fffe00040
000004200000000f80107fe0000000107fef800000000010800f7fe00000001fffff8000
000004200000000f80107fe00000000ffff00000000000183fe7c0000000001fffe7c000
000004400000001fffe000000000001fffe000000000001fffe000000000001fffe00000
000004400000001fffe00000000000187fe78000000000187fe780000000001fffe78000
000004400000001fffe00000000000107fef8000000000107fef80000000001fffefc010
000004400000001fffe000000000000ffff000000000000ffff000000000001ffff00000
000004400000001fffc000200000001fffe000000000001fffc000200000001fffe00020
000004400000001fffc00020000000187fe78000000000187fc780200000001fffe78021
000004400000001fffc00020000000107fef8000000000103fefc0000000001fffefc000
000004400000001fffc000200000000ffff000000000000fffd000200000001ffff00020
000004400000001f80007fe00000001fffe000000000001f80007fe00000001fffe07fe0
000004400000001f80007fe0000000187fe7800000000017ffe800000000001fffe80001
000004400000001f80007fe0000000107fef8000000000107fcf80200000001fffefc010
000004400000001f80007fe00000000ffff000000000000f80107fe00000001ffff07fe0
000004400000001f7fe080000000001fffe000000000001f7fe080000000001fffe08000
000004400000001f7fe08000000000187fe7800000000018ffe700000000001fffe70001
000004400000001f7fe08000000000107fef800000000016ffe900000000001fffef8000
000004400000001f7fe080000000000ffff000000000001fffe000000000001ffff00000
000004400000001f7fc080200000001fffe000000000001f7fc080200000001fffe08020
000004400000001f7fc08020000000187fe7800000000010800f7fe00000001fffef7fe1
000004400000001f7fc08020000000107fef8000000000183fe7c0000000001fffef8000
000004400000001f7fc080200000000ffff000000000001fffc000200000001fffe00020
00000440000000187fe780000000001fffe00000000000187fe780000000001fffe78000
00000440000000187fe78000000000187fe78000000000107fef80000000001fffef8000
00000440000000187fe78000000000107fef80000000000ffff000000000001fffef8000
00000440000000187fe780000000000ffff000000000001f80007fe00000001fffe07fe0
00000440000000187fc780200000001fffe00000000000187fc780200000001fffe78020
00000440000000187fc78020000000187fe78000000000103fefc0000000001fffefc000
00000440000000187fc78020000000107fef80000000000fffd000200000001fffef8000
00000440000000187fc780200000000ffff000000000001f7fe080000000001fffe08000
0000044000000017ffe800000000001fffe0000000000017ffe800000000001fffe80000
0000044000000017ffe80000000000187fe78000000000107fcf80200000001fffefc010
0000044000000017ffe80000000000107fef80000000000f80107fe00000001fffef8000
0000044000000017ffe800000000000ffff000000000001f7fc080200000001fffe08020
0000044000000018ffe700000000001fffe0000000000018ffe700000000001fffe70000
0000044000000018ffe70000000000187fe7800000000016ffe900000000001fffe90800
0000044000000018ffe70000000000107fef80000000001fffe000000000001fffef8000
0000044000000018ffe700000000000ffff00000000000187fe780000000001fffe78000
0000044000000010800f7fe00000001fffe0000000000010800f7fe00000001fffef7fe0
0000044000000010800f7fe0000000187fe78000000000183fe7c0000000001fffef7fe1
0000044000000010800f7fe0000000107fef80000000001fffc000200000001fffef8000
0000044000000010800f7fe00000000ffff00000000000187fc780200000001fffe78020
00000440000000107fef80000000001fffe00000000000107fef80000000001fffefc010
00000440000000107fef8000000000187fe780000000000ffff000000000001fffef8000
00000440000000107fef8000000000107fef80000000001f80007fe00000001fffef8000
00000440000000107fef80000000000ffff0000000000017ffe800000000001fffefc010
00000440000000103fefc0000000001fffe00000000000103fefc0000000001fffefc000
00000440000000103fefc000000000187fe780000000000fffd000200000001fffefc000
00000440000000103fefc000000000107fef80000000001f7fe080000000001fffefc000
00000440000000103fefc0000000000ffff0000000000018ffe700000000001fffefc000
00000440000000107fcf80200000001fffe00000000000107fcf80200000001fffefc010
00000440000000107fcf8020000000187fe780000000000f80107fe00000001fffefc010
00000440000000107fcf8020000000107fef80000000001f7fc080200000001fffefc010
00000440000000107fcf80200000000ffff0000000000010800f7fe00000001fffefc010
0000044000000016ffe900000000001fffe0000000000016ffe900000000001fffe90000
0000044000000016ffe90000000000187fe780000000001fffe000000000001fffe90000
0000044000000016ffe90000000000107fef8000000000187fe780000000001fffef8000
0000044000000016ffe900000000000ffff00000000000107fef80000000001fffef8000
00000440000000183fe7c0000000001fffe00000000000183fe7c0000000001fffe7c000
00000440000000183fe7c000000000187fe780000000001fffc000200000001fffe7c001
00000440000000183fe7c000000000107fef8000000000187fc780200000001fffef8000
00000440000000183fe7c0000000000ffff00000000000103fefc0000000001fffefc000
000004400000000ffff000000000001fffe000000000000ffff000000000001ffff00000
000004400000000ffff00000000000187fe780000000001f80007fe00000001fffe07fe0
000004400000000ffff00000000000107fef800000000017ffe800000000001fffefc010
000004400000000ffff000000000000ffff00000000000107fcf80200000001fffefc010
000004400000000fffd000200000001fffe000000000000fffd000200000001ffff00020
000004400000000fffd00020000000187fe780000000001f7fe080000000001fffe07fe0
000004400000000fffd00020000000107fef800000000018ffe700000000001fffff8000
000004400000000fffd000200000000ffff0000000000016ffe900000000001fffe90000
000004400000000f80107fe00000001fffe000000000000f80107fe00000001ffff07fe0
000004400000000f80107fe0000000187fe780000000001f7fc080200000001fffe00040
000004400000000f80107fe0000000107fef800000000010800f7fe00000001fffff8000
000004400000000f80107fe00000000ffff00000000000183fe7c0000000001fffe7c000
000004600000001fffe000000000001fffe000000000001fffe000000000001fffe00000
000004600000001fffe00000000000187fe78000000000187fe780000000001fffe78000
000004600000001fffe00000000000107fef8000000000107fef80000000001fffefc010
000004600000001fffe000000000000ffff000000000000ffff000000000001ffff00000
000004600000001fffc000200000001fffe000000000001fffc000200000001fffe00020
000004600000001fffc00020000000187fe78000000000187fc780200000001fffe78041
000004600000001fffc00020000000107fef8000000000103fefc0000000001fffefc000
000004600000001fffc000200000000ffff000000000000fffd000200000001ffff00020
000004600000001f80007fe00000001fffe000000000001f80007fe00000001fffe07fe0
000004600000001f80007fe0000000187fe7800000000017ffe800000000001fffe80021
000004600000001f80007fe0000000107fef8000000000107fcf80200000001fffefc010
000004600000001f80007fe00000000ffff000000000000f80107fe00000001ffff07fe0
000004600000001f7fe080000000001fffe000000000001f7fe080000000001fffe08000
000004600000001f7fe08000000000187fe7800000000018ffe700000000001fffe70021
000004600000001f7fe08000000000107fef800000000016ffe900000000001fffef8000
000004600000001f7fe080000000000ffff000000000001fffe000000000001fffe00000
000004600000001f7fc080200000001fffe000000000001f7fc080200000001fffe08020
000004600000001f7fc08020000000187fe7800000000010800f7fe00000001fffef8005
000004600000001f7fc08020000000107fef8000000000183fe7c0000000001fffef8000
000004600000001f7fc080200000000ffff000000000001fffc000200000001fffe00020
00000460000000187fe780000000001fffe00000000000187fe780000000001fffe78000
00000460000000187fe78000000000187fe78000000000107fef80000000001fffef8000
00000460000000187fe78000000000107fef80000000000ffff000000000001fffef8000
00000460000000187fe780000000000ffff000000000001f80007fe00000001fffe07fe0
00000460000000187fc780200000001fffe00000000000187fc780200000001fffe78020
00000460000000187fc78020000000187fe78000000000103fefc0000000001fffefc000
00000460000000187fc78020000000107fef80000000000fffd000200000001fffef8000
00000460000000187fc780200000000ffff000000000001f7fe080000000001fffe08000
0000046000000017ffe800000000001fffe0000000000017ffe800000000001fffe80000
0000046000000017ffe80000000000187fe78000000000107fcf80200000001fffefc010
0000046000000017ffe80000000000107fef80000000000f80107fe00000001fffef8000
0000046000000017ffe800000000000ffff000000000001f7fc080200000001fffe08020
0000046000000018ffe700000000001fffe0000000000018ffe700000000001fffe70000
0000046000000018ffe70000000000187fe7800000000016ffe900000000001fffe90800
0000046000000018ffe70000000000107fef80000000001fffe000000000001fffef8000
0000046000000018ffe700000000000ffff00000000000187fe780000000001fffe78000
0000046000000010800f7fe00000001fffe0000000000010800f7fe00000001fffef7fe0
0000046000000010800f7fe0000000187fe78000000000183fe7c0000000001fffef8005
0000046000000010800f7fe0000000107fef80000000001fffc000200000001fffef8000
0000046000000010800f7fe00000000ffff00000000000187fc780200000001fffe78020
00000460000000107fef80000000001fffe00000000000107fef80000000001fffefc010
00000460000000107fef8000000000187fe780000000000ffff000000000001fffef8000
00000460000000107fef8000000000107fef80000000001f80007fe00000001fffef8000
00000460000000107fef80000000000ffff0000000000017ffe800000000001fffefc010
00000460000000103fefc0000000001fffe00000000000103fefc0000000001fffefc000
00000460000000103fefc000000000187fe780000000000fffd000200000001fffefc000
00000460000000103fefc000000000107fef80000000001f7fe080000000001fffefc000
00000460000000103fefc0000000000ffff0000000000018ffe700000000001fffefc000
00000460000000107fcf80200000001fffe00000000000107fcf80200000001fffefc010
00000460000000107fcf8020000000187fe780000000000f80107fe00000001fffefc010
00000460000000107fcf8020000000107fef80000000001f7fc080200000001fffefc010
00000460000000107fcf80200000000ffff0000000000010800f7fe00000001fffefc010
0000046000000016ffe900000000001fffe0000000000016ffe900000000001fffe90000
0000046000000016ffe90000000000187fe780000000001fffe000000000001fffe90000
0000046000000016ffe90000000000107fef8000000000187fe780000000001fffef8000
0000046000000016ffe900000000000ffff00000000000107fef80000000001fffef8000
00000460000000183fe7c0000000001fffe00000000000183fe7c0000000001fffe7c000
00000460000000183fe7c000000000187fe780000000001fffc000200000001fffe7c021
00000460000000183fe7c000000000107fef8000000000187fc780200000001fffef8000
00000460000000183fe7c0000000000ffff00000000000103fefc0000000001fffefc000
000004600000000ffff000000000001fffe000000000000ffff000000000001ffff00000
000004600000000ffff00000000000187fe780000000001f80007fe00000001fffe07fe0
000004600000000ffff00000000000107fef800000000017ffe800000000001fffefc010
000004600000000ffff000000000000ffff00000000000107fcf80200000001fffefc010
000004600000000fffd000200000001fffe000000000000fffd000200000001ffff00020
000004600000000fffd00020000000187fe780000000001f7fe080000000001fffe07fe0
000004600000000fffd00020000000107fef800000000018ffe700000000001fffff8000
000004600000000fffd000200000000ffff0000000000016ffe900000000001fffe90000
000004600000000f80107fe00000001fffe000000000000f80107fe00000001ffff07fe0
000004600000000f80107fe0000000187fe780000000001f7fc080200000001fffe00040
000004600000000f80107fe0000000107fef800000000010800f7fe00000001fffff8000
000004600000000f80107fe00000000ffff00000000000183fe7c0000000001fffe7c000
000004800000001fffe000000000001fffe000000000001fffe000000000001fffe00000
000004800000001fffe00000000000187fe78000000000187fe780000000001fffe78000
000004800000001fffe00000000000107fef8000000000107fef80000000001fffefc010
000004800000001fffe000000000000ffff000000000000ffff000000000001ffff00000
000004800000001fffc000200000001fffe000000000001fffc000200000001fffe00020
000004800000001fffc00020000000187fe78000000000187fc780200000001fffe78021
000004800000001fffc00020000000107fef8000000000103fefc0000000001fffefc000
000004800000001fffc000200000000ffff000000000000fffd000200000001ffff00020
000004800000001f80007fe00000001fffe000000000001f80007fe00000001fffe07fe0
000004800000001f80007fe0000000187fe7800000000017ffe800000000001fffe80001
000004800000001f80007fe0000000107fef8000000000107fcf80200000001fffefc010
000004800000001f80007fe00000000ffff000000000000f80107fe00000001ffff07fe0
000004800000001f7fe080000000001fffe000000000001f7fe080000000001fffe08000
000004800000001f7fe08000000000187fe7800000000018ffe700000000001fffe70001
000004800000001f7fe08000000000107fef800000000016ffe900000000001fffef8000
000004800000001f7fe080000000000ffff000000000001fffe000000000001fffe00000
000004800000001f7fc080200000001fffe000000000001f7fc080200000001fffe08020
000004800000001f7fc08020000000187fe7800000000010800f7fe00000001fffef7fe1
000004800000001f7fc08020000000107fef8000000000183fe7c0000000001fffef8000
000004800000001f7fc080200000000ffff000000000001fffc000200000001fffe00020
00000480000000187fe780000000001fffe00000000000187fe780000000001fffe78000
00000480000000187fe78000000000187fe78000000000107fef80000000001fffef8000
00000480000000187fe78000000000107fef80000000000ffff000000000001fffef8000
00000480000000187fe780000000000ffff000000000001f80007fe00000001fffe07fe0
00000480000000187fc780200000001fffe00000000000187fc780200000001fffe78020
00000480000000187fc78020000000187fe78000000000103fefc0000000001fffefc000
00000480000000187fc78020000000107fef80000000000fffd000200000001fffef8000
00000480000000187fc780200000000ffff000000000001f7fe080000000001fffe08000
0000048000000017ffe800000000001fffe0000000000017ffe800000000001fffe80000
0000048000000017ffe80000000000187fe78000000000107fcf80200000001fffefc010
0000048000000017ffe80000000000107fef80000000000f80107fe00000001fffef8000
0000048000000017ffe800000000000ffff000000000001f7fc080200000001fffe08020
0000048000000018ffe700000000001fffe0000000000018ffe700000000001fffe70000
0000048000000018ffe70000000000187fe7800000000016ffe900000000001fffe90800
0000048000000018ffe70000000000107fef80000000001fffe000000000001fffef8000
0000048000000018ffe700000000000ffff00000000000187fe780000000001fffe78000
0000048000000010800f7fe00000001fffe0000000000010800f7fe00000001fffef7fe0
0000048000000010800f7fe0000000187fe78000000000183fe7c0000000001fffef7fe1
0000048000000010800f7fe0000000107fef80000000001fffc000200000001fffef8000
0000048000000010800f7fe00000000ffff00000000000187fc780200000001fffe78020
00000480000000107fef80000000001fffe00000000000107fef80000000001fffefc010
00000480000000107fef8000000000187fe780000000000ffff000000000001fffef8000
00000480000000107fef8000000000107fef80000000001f80007fe00000001fffef8000
00000480000000107fef80000000000ffff0000000000017ffe800000000001fffefc010
00000480000000103fefc0000000001fffe00000000000103fefc0000000001fffefc000
00000480000000103fefc000000000187fe780000000000fffd000200000001fffefc000
00000480000000103fefc000000000107fef80000000001f7fe080000000001fffefc000
00000480000000103fefc0000000000ffff0000000000018ffe700000000001fffefc000
00000480000000107fcf80200000001fffe00000000000107fcf80200000001fffefc010
00000480000000107fcf8020000000187fe780000000000f80107fe00000001fffefc010
00000480000000107fcf8020000000107fef80000000001f7fc080200000001fffefc010
00000480000000107fcf80200000000ffff0000000000010800f7fe00000001fffefc010
0000048000000016ffe900000000001fffe0000000000016ffe900000000001fffe90000
0000048000000016ffe90000000000187fe780000000001fffe000000000001fffe90000
0000048000000016ffe90000000000107fef8000000000187fe780000000001fffef8000
0000048000000016ffe900000000000ffff00000000000107fef80000000001fffef8000
00000480000000183fe7c0000000001fffe00000000000183fe7c0000000001fffe7c000
00000480000000183fe7c000000000187fe780000000001fffc000200000001fffe7c001
00000480000000183fe7c000000000107fef8000000000187fc780200000001fffef8000
00000480000000183fe7c0000000000ffff00000000000103fefc0000000001fffefc000
000004800000000ffff000000000001fffe000000000000ffff000000000001ffff00000
000004800000000ffff00000000000187fe780000000001f80007fe00000001fffe07fe0
000004800000000ffff00000000000107fef800000000017ffe800000000001fffefc010
000004800000000ffff000000000000ffff00000000000107fcf80200000001fffefc010
000004800000000fffd000200000001fffe000000000000fffd000200000001ffff00020
000004800000000fffd00020000000187fe780000000001f7fe080000000001fffe07fe0
000004800000000fffd00020000000107fef800000000018ffe700000000001fffff8000
000004800000000fffd000200000000ffff0000000000016ffe900000000001fffe90000
000004800000000f80107fe00000001fffe000000000000f80107fe00000001ffff07fe0
000004800000000f80107fe0000000187fe780000000001f7fc080200000001fffe00040
000004800000000f80107fe0000000107fef800000000010800f7fe00000001fffff8000
000004800000000f80107fe00000000ffff00000000000183fe7c0000000001fffe7c000
000005000000001cdce000000000001cdce000000000001cdce000000000000f80000005
000005000000001cdce0000000000002dce7800000000002dce78000000000183e878001
000005000000001cdce0000000000002dcef800000000002dcef8000000000183e8fc011
000005000000001cdce000000000001cdcf000000000001cdcf000000000000f80100005
000005000000001cdc2000200000001cdce000000000001cdc2000200000000f80000025
000005000000001cdc20002000000002dce7800000000002dc278020000000183de78021
000005000000001cdc20002000000002dcef800000000003dcefc000000000183d8fc001
000005000000001cdc2000200000001cdcf000000000001cdc3000200000000f80100025
000005000000001d23407fe00000001cdce000000000001d23407fe00000000f80007fe5
000005000000001d23407fe000000002dce780000000001cdce800000000001cdd680001
000005000000001d23407fe000000002dcef800000000002dc2f8020000000188ccfc011
000005000000001d23407fe00000001cdcf000000000001d23507fe00000000f80107fe5
000005000000001edce080000000001cdce000000000001edce080000000000f80008005
000005000000001edce0800000000002dce7800000000000dce700000000001a3ea70001
000005000000001edce0800000000002dcef800000000018dce900000000001a5a2f8001
000005000000001edce080000000001cdcf000000000001cdce000000000000f80000005
000005000000001edc2080200000001cdce000000000001edc2080200000000f80008025
000005000000001edc20802000000002dce7800000000001234f7fe00000001a3def7fe1
000005000000001edc20802000000002dcef800000000003dce7c0000000001a3def8001
000005000000001edc2080200000001cdcf000000000001cdc2000200000000f80000025
0000050000000002dce780000000001cdce0000000000002dce78000000000183e878001
0000050000000002dce7800000000002dce7800000000002dcef800000000002dd4f8001
0000050000000002dce7800000000002dcef80000000001cdcf000000000001cdcef8001
0000050000000002dce780000000001cdcf000000000001d23407fe00000001d23607fe1
0000050000000002dc2780200000001cdce0000000000002dc278020000000183de78021
0000050000000002dc27802000000002dce7800000000003dcefc00000000003dd0fc001
0000050000000002dc27802000000002dcef80000000001cdc3000200000001cdc2f8001
0000050000000002dc2780200000001cdcf000000000001edce080000000001edce08001
000005000000001cdce800000000001cdce000000000001cdce800000000000f80080005
000005000000001cdce8000000000002dce7800000000002dc2f8020000000183e8fc011
000005000000001cdce8000000000002dcef80000000001d23507fe00000001d236f8001
000005000000001cdce800000000001cdcf000000000001edc2080200000000f80008025
0000050000000000dce700000000001cdce0000000000000dce70000000000163e870001
0000050000000000dce7000000000002dce7800000000018dce9000000000018dce90801
0000050000000000dce7000000000002dcef80000000001cdce000000000001cdcef8001
0000050000000000dce700000000001cdcf0000000000002dce78000000000163ce78001
0000050000000001234f7fe00000001cdce0000000000001234f7fe0000000168ccf7fe1
0000050000000001234f7fe000000002dce7800000000003dce7c00000000003dcef7fe1
0000050000000001234f7fe000000002dcef80000000001cdc2000200000001cdc2f8001
0000050000000001234f7fe00000001cdcf0000000000002dc278020000000168c078021
0000050000000002dcef80000000001cdce0000000000002dcef8000000000183e8fc011
0000050000000002dcef800000000002dce780000000001cdcf000000000001cdcef8001
0000050000000002dcef800000000002dcef80000000001d23407fe00000001d234f8001
0000050000000002dcef80000000001cdcf000000000001cdce800000000001cdd4fc011
0000050000000003dcefc0000000001cdce0000000000003dcefc000000000193e8fc001
0000050000000003dcefc00000000002dce780000000001cdc3000200000001cdc2fc001
0000050000000003dcefc00000000002dcef80000000001edce080000000001edcefc001
0000050000000003dcefc0000000001cdcf0000000000000dce70000000000193eafc001
0000050000000002dc2f80200000001cdce0000000000002dc2f8020000000183defc011
0000050000000002dc2f802000000002dce780000000001d23507fe00000001d234fc011
0000050000000002dc2f802000000002dcef80000000001edc2080200000001edc2fc011
0000050000000002dc2f80200000001cdcf0000000000001234f7fe0000000183defc011
0000050000000018dce900000000001cdce0000000000018dce900000000000e3e890001
0000050000000018dce9000000000002dce780000000001cdce000000000001cdce90001
0000050000000018dce9000000000002dcef800000000002dce7800000000014230f8001
0000050000000018dce900000000001cdcf0000000000002dcef80000000000e3eaf8001
0000050000000003dce7c0000000001cdce0000000000003dce7c000000000193e87c001
0000050000000003dce7c00000000002dce780000000001cdc2000200000001cdc27c001
0000050000000003dce7c00000000002dcef800000000002dc27802000000002ddaf8001
0000050000000003dce7c0000000001cdcf0000000000003dcefc000000000193e8fc001
000005000000001cdcf000000000001cdce000000000001cdcf000000000000f80100005
000005000000001cdcf0000000000002dce780000000001d23407fe00000001d23607fe1
000005000000001cdcf0000000000002dcef80000000001cdce800000000001cdd4fc011
000005000000001cdcf000000000001cdcf0000000000002dc2f80200000000f800fc015
000005000000001cdc3000200000001cdce000000000001cdc3000200000000f80100025
000005000000001cdc30002000000002dce780000000001edce080000000001edce07fe1
000005000000001cdc30002000000002dcef800000000000dce70000000000183dff8001
000005000000001cdc3000200000001cdcf0000000000018dce900000000000f80090005
000005000000001d23507fe00000001cdce000000000001d23507fe00000000f80107fe5
000005000000001d23507fe000000002dce780000000001edc2080200000001edc200041
000005000000001d23507fe000000002dcef800000000001234f7fe0000000188cff8001
000005000000001d23507fe00000001cdcf0000000000003dce7c0000000000f8007c005
000005200000001cdce000000000001cdce000000000001cdce000000000000f7fe00005
000005200000001cdce0000000000002dce7800000000002dce78000000000183e678001
000005200000001cdce0000000000002dcef800000000002dcef8000000000183e6fc011
000005200000001cdce000000000001cdcf000000000001cdcf000000000000f7ff00005
000005200000001cdc2000200000001cdce000000000001cdc2000200000000f7fe00025
000005200000001cdc20002000000002dce7800000000002dc278020000000183dc78021
000005200000001cdc20002000000002dcef800000000003dcefc000000000183d6fc001
000005200000001cdc2000200000001cdcf000000000001cdc3000200000000f7ff00025
000005200000001d23407fe00000001cdce000000000001d23407fe00000000f7fe07fe5
000005200000001d23407fe000000002dce780000000001cdce800000000001cdd680001
000005200000001d23407fe000000002dcef800000000002dc2f8020000000188ccfc011
000005200000001d23407fe00000001cdcf000000000001d23507fe00000000f7ff07fe5
000005200000001edce080000000001cdce000000000001edce080000000000f7fe08005
000005200000001edce0800000000002dce7800000000000dce700000000001a3e870001
000005200000001edce0800000000002dcef800000000018dce900000000001a5a2f8001
000005200000001edce080000000001cdcf000000000001cdce000000000000f7fe00005
000005200000001edc2080200000001cdce000000000001edc2080200000000f7fe08025
000005200000001edc20802000000002dce7800000000001234f7fe00000001a3def7fe1
000005200000001edc20802000000002dcef800000000003dce7c0000000001a3def8001
000005200000001edc2080200000001cdcf000000000001cdc2000200000000f7fe00025
0000052000000002dce780000000001cdce0000000000002dce78000000000183e678001
0000052000000002dce7800000000002dce7800000000002dcef800000000002dd2f8001
0000052000000002dce7800000000002dcef80000000001cdcf000000000001cdccf8001
0000052000000002dce780000000001cdcf000000000001d23407fe00000001d23607fe1
0000052000000002dc2780200000001cdce0000000000002dc278020000000183dc78021
0000052000000002dc27802000000002dce7800000000003dcefc00000000003dcefc001
0000052000000002dc27802000000002dcef80000000001cdc3000200000001cdc0f8001
0000052000000002dc2780200000001cdcf000000000001edce080000000001edce08001
000005200000001cdce800000000001cdce000000000001cdce800000000000f7fe80005
000005200000001cdce8000000000002dce7800000000002dc2f8020000000183e6fc011
000005200000001cdce8000000000002dcef80000000001d23507fe00000001d236f8001
000005200000001cdce800000000001cdcf000000000001edc2080200000000f7fe08025
0000052000000000dce700000000001cdce0000000000000dce70000000000163e670001
0000052000000000dce7000000000002dce7800000000018dce9000000000018dcc90801
0000052000000000dce7000000000002dcef80000000001cdce000000000001cdccf8001
0000052000000000dce700000000001cdcf0000000000002dce78000000000163cc78001
0000052000000001234f7fe00000001cdce0000000000001234f7fe0000000168ccf7fe1
0000052000000001234f7fe000000002dce7800000000003dce7c00000000003dcef7fe1
0000052000000001234f7fe000000002dcef80000000001cdc2000200000001cdc0f8001
0000052000000001234f7fe00000001cdcf0000000000002dc278020000000168be78021
0000052000000002dcef80000000001cdce0000000000002dcef8000000000183e6fc011
0000052000000002dcef800000000002dce780000000001cdcf000000000001cdccf8001
0000052000000002dcef800000000002dcef80000000001d23407fe00000001d232f8001
0000052000000002dcef80000000001cdcf000000000001cdce800000000001cdd2fc011
0000052000000003dcefc0000000001cdce0000000000003dcefc000000000193e6fc001
0000052000000003dcefc00000000002dce780000000001cdc3000200000001cdc0fc001
0000052000000003dcefc00000000002dcef80000000001edce080000000001edccfc001
0000052000000003dcefc0000000001cdcf0000000000000dce70000000000193e8fc001
0000052000000002dc2f80200000001cdce0000000000002dc2f8020000000183dcfc011
0000052000000002dc2f802000000002dce780000000001d23507fe00000001d232fc011
0000052000000002dc2f802000000002dcef80000000001edc2080200000001edc0fc011
0000052000000002dc2f80200000001cdcf0000000000001234f7fe0000000183defc011
0000052000000018dce900000000001cdce0000000000018dce900000000000e3e690001
0000052000000018dce9000000000002dce780000000001cdce000000000001cdce90001
0000052000000018dce9000000000002dcef800000000002dce780000000001422ef8001
0000052000000018dce900000000001cdcf0000000000002dcef80000000000e3e8f8001
0000052000000003dce7c0000000001cdce0000000000003dce7c000000000193e67c001
0000052000000003dce7c00000000002dce780000000001cdc2000200000001cdc07c001
0000052000000003dce7c00000000002dcef800000000002dc27802000000002dd8f8001
0000052000000003dce7c0000000001cdcf0000000000003dcefc000000000193e6fc001
000005200000001cdcf000000000001cdce000000000001cdcf000000000000f7ff00005
000005200000001cdcf0000000000002dce780000000001d23407fe00000001d23607fe1
000005200000001cdcf0000000000002dcef80000000001cdce800000000001cdd2fc011
000005200000001cdcf000000000001cdcf0000000000002dc2f80200000000f7fefc015
000005200000001cdc3000200000001cdce000000000001cdc3000200000000f7ff00025
000005200000001cdc30002000000002dce780000000001edce080000000001edce07fe1
000005200000001cdc30002000000002dcef800000000000dce70000000000183dff8001
000005200000001cdc3000200000001cdcf0000000000018dce900000000000f7fe90005
000005200000001d23507fe00000001cdce000000000001d23507fe00000000f7ff07fe5
000005200000001d23507fe000000002dce780000000001edc2080200000001edc200041
000005200000001d23507fe000000002dcef800000000001234f7fe0000000188cdf8001
000005200000001d23507fe00000001cdcf0000000000003dce7c0000000000f7fe7c005
000005400000001cdce000000000001cdce000000000001cdce000000000000f7fe00005
000005400000001cdce0000000000002dce7800000000002dce78000000000183e878001
000005400000001cdce0000000000002dcef800000000002dcef8000000000183e8fc011
000005400000001cdce000000000001cdcf000000000001cdcf000000000000f7ff00005
000005400000001cdc2000200000001cdce000000000001cdc2000200000000f7fe00025
000005400000001cdc20002000000002dce7800000000002dc278020000000183de78021
000005400000001cdc20002000000002dcef800000000003dcefc000000000183d8fc001
000005400000001cdc2000200000001cdcf000000000001cdc3000200000000f7ff00025
000005400000001d23407fe00000001cdce000000000001d23407fe00000000f7fe07fe5
000005400000001d23407fe000000002dce780000000001cdce800000000001cdd880001
000005400000001d23407fe000000002dcef800000000002dc2f8020000000188cefc011
000005400000001d23407fe00000001cdcf000000000001d23507fe00000000f7ff07fe5
000005400000001edce080000000001cdce000000000001edce080000000000f7fe08005
000005400000001edce0800000000002dce7800000000000dce700000000001a3ea70001
000005400000001edce0800000000002dcef800000000018dce900000000001a5a4f8001
000005400000001edce080000000001cdcf000000000001cdce000000000000f7ff00005
000005400000001edc2080200000001cdce000000000001edc2080200000000f7fe08025
000005400000001edc20802000000002dce7800000000001234f7fe00000001a3e0f7fe1
000005400000001edc20802000000002dcef800000000003dce7c0000000001a3e0f8001
000005400000001edc2080200000001cdcf000000000001cdc2000200000000f7fe00025
0000054000000002dce780000000001cdce0000000000002dce78000000000183e878001
0000054000000002dce7800000000002dce7800000000002dcef800000000002dd2f8001
0000054000000002dce7800000000002dcef80000000001cdcf000000000001cdcef8001
0000054000000002dce780000000001cdcf000000000001d23407fe00000001d23807fe1
0000054000000002dc2780200000001cdce0000000000002dc278020000000183de78021
0000054000000002dc27802000000002dce7800000000003dcefc00000000003dcefc001
0000054000000002dc27802000000002dcef80000000001cdc3000200000001cdc2f8001
0000054000000002dc2780200000001cdcf000000000001edce080000000001edd008001
000005400000001cdce800000000001cdce000000000001cdce800000000000f7fe80005
000005400000001cdce8000000000002dce7800000000002dc2f8020000000183e8fc011
000005400000001cdce8000000000002dcef80000000001d23507fe00000001d238f8001
000005400000001cdce800000000001cdcf000000000001edc2080200000000f7fe08025
0000054000000000dce700000000001cdce0000000000000dce70000000000163e870001
0000054000000000dce7000000000002dce7800000000018dce9000000000018dce90801
0000054000000000dce7000000000002dcef80000000001cdce000000000001cdcef8001
0000054000000000dce700000000001cdcf0000000000002dce78000000000163ce78001
0000054000000001234f7fe00000001cdce0000000000001234f7fe0000000168cef7fe1
0000054000000001234f7fe000000002dce7800000000003dce7c00000000003dcef7fe1
0000054000000001234f7fe000000002dcef80000000001cdc2000200000001cdc2f8001
0000054000000001234f7fe00000001cdcf0000000000002dc278020000000168c078021
0000054000000002dcef80000000001cdce0000000000002dcef8000000000183e8fc011
0000054000000002dcef800000000002dce780000000001cdcf000000000001cdcef8001
0000054000000002dcef800000000002dcef80000000001d23407fe00000001d234f8001
0000054000000002dcef80000000001cdcf000000000001cdce800000000001cdd4fc011
0000054000000003dcefc0000000001cdce0000000000003dcefc000000000193e8fc001
0000054000000003dcefc00000000002dce780000000001cdc3000200000001cdc2fc001
0000054000000003dcefc00000000002dcef80000000001edce080000000001edcefc001
0000054000000003dcefc0000000001cdcf0000000000000dce70000000000193eafc001
0000054000000002dc2f80200000001cdce0000000000002dc2f8020000000183defc011
0000054000000002dc2f802000000002dce780000000001d23507fe00000001d234fc011
0000054000000002dc2f802000000002dcef80000000001edc2080200000001edc2fc011
0000054000000002dc2f80200000001cdcf0000000000001234f7fe0000000183e0fc011
0000054000000018dce900000000001cdce0000000000018dce900000000000e3e690001
0000054000000018dce9000000000002dce780000000001cdce000000000001cdd090001
0000054000000018dce9000000000002dcef800000000002dce7800000000014230f8001
0000054000000018dce900000000001cdcf0000000000002dcef80000000000e3e8f8001
0000054000000003dce7c0000000001cdce0000000000003dce7c000000000193e87c001
0000054000000003dce7c00000000002dce780000000001cdc2000200000001cdc27c001
0000054000000003dce7c00000000002dcef800000000002dc27802000000002dd8f8001
0000054000000003dce7c0000000001cdcf0000000000003dcefc000000000193e8fc001
000005400000001cdcf000000000001cdce000000000001cdcf000000000000f7ff00005
000005400000001cdcf0000000000002dce780000000001d23407fe00000001d23807fe1
000005400000001cdcf0000000000002dcef80000000001cdce800000000001cdd4fc011
000005400000001cdcf000000000001cdcf0000000000002dc2f80200000000f7fefc015
000005400000001cdc3000200000001cdce000000000001cdc3000200000000f7ff00025
000005400000001cdc30002000000002dce780000000001edce080000000001edd007fe1
000005400000001cdc30002000000002dcef800000000000dce70000000000183e1f8001
000005400000001cdc3000200000001cdcf0000000000018dce900000000000f7fe90005
000005400000001d23507fe00000001cdce000000000001d23507fe00000000f7ff07fe5
000005400000001d23507fe000000002dce780000000001edc2080200000001edc400041
000005400000001d23507fe000000002dcef800000000001234f7fe0000000188cff8001
000005400000001d23507fe00000001cdcf0000000000003dce7c0000000000f7fe7c005
000005600000001cdce000000000001cdce000000000001cdce000000000000f80000005
000005600000001cdce0000000000002dce7800000000002dce78000000000183e678001
000005600000001cdce0000000000002dcef800000000002dcef8000000000183e6fc011
000005600000001cdce000000000001cdcf000000000001cdcf000000000000f80100005
000005600000001cdc2000200000001cdce000000000001cdc2000200000000f80000025
000005600000001cdc20002000000002dce7800000000002dc278020000000183dc78041
000005600000001cdc20002000000002dcef800000000003dcefc000000000183d6fc001
000005600000001cdc2000200000001cdcf000000000001cdc3000200000000f80100025
000005600000001d23407fe00000001cdce000000000001d23407fe00000000f80007fe5
000005600000001d23407fe000000002dce780000000001cdce800000000001cdd680021
000005600000001d23407fe000000002dcef800000000002dc2f8020000000188ccfc011
000005600000001d23407fe00000001cdcf000000000001d23507fe00000000f80107fe5
000005600000001edce080000000001cdce000000000001edce080000000000f80008005
000005600000001edce0800000000002dce7800000000000dce700000000001a3e870021
000005600000001edce0800000000002dcef800000000018dce900000000001a5a2f8001
000005600000001edce080000000001cdcf000000000001cdce000000000000f80000005
000005600000001edc2080200000001cdce000000000001edc2080200000000f80008025
000005600000001edc20802000000002dce7800000000001234f7fe00000001a3def8005
000005600000001edc20802000000002dcef800000000003dce7c0000000001a3def8001
000005600000001edc2080200000001cdcf000000000001cdc2000200000000f80000025
0000056000000002dce780000000001cdce0000000000002dce78000000000183e678001
0000056000000002dce7800000000002dce7800000000002dcef800000000002dd4f8001
0000056000000002dce7800000000002dcef80000000001cdcf000000000001cdccf8001
0000056000000002dce780000000001cdcf000000000001d23407fe00000001d23607fe1
0000056000000002dc2780200000001cdce0000000000002dc278020000000183dc78021
0000056000000002dc27802000000002dce7800000000003dcefc00000000003dd0fc001
0000056000000002dc27802000000002dcef80000000001cdc3000200000001cdc0f8001
0000056000000002dc2780200000001cdcf000000000001edce080000000001edce08001
000005600000001cdce800000000001cdce000000000001cdce800000000000f80080005
000005600000001cdce8000000000002dce7800000000002dc2f8020000000183e6fc011
000005600000001cdce8000000000002dcef80000000001d23507fe00000001d236f8001
000005600000001cdce800000000001cdcf000000000001edc2080200000000f80008025
0000056000000000dce700000000001cdce0000000000000dce70000000000163e670001
0000056000000000dce7000000000002dce7800000000018dce9000000000018dcc90801
0000056000000000dce7000000000002dcef80000000001cdce000000000001cdccf8001
0000056000000000dce700000000001cdcf0000000000002dce78000000000163cc78001
0000056000000001234f7fe00000001cdce0000000000001234f7fe0000000168ccf7fe1
0000056000000001234f7fe000000002dce7800000000003dce7c00000000003dd0f8005
0000056000000001234f7fe000000002dcef80000000001cdc2000200000001cdc0f8001
0000056000000001234f7fe00000001cdcf0000000000002dc278020000000168be78021
0000056000000002dcef80000000001cdce0000000000002dcef8000000000183e6fc011
0000056000000002dcef800000000002dce780000000001cdcf000000000001cdccf8001
0000056000000002dcef800000000002dcef80000000001d23407fe00000001d232f8001
0000056000000002dcef80000000001cdcf000000000001cdce800000000001cdd2fc011
0000056000000003dcefc0000000001cdce0000000000003dcefc000000000193e6fc001
0000056000000003dcefc00000000002dce780000000001cdc3000200000001cdc0fc001
0000056000000003dcefc00000000002dcef80000000001edce080000000001edccfc001
0000056000000003dcefc0000000001cdcf0000000000000dce70000000000193e8fc001
0000056000000002dc2f80200000001cdce0000000000002dc2f8020000000183dcfc011
0000056000000002dc2f802000000002dce780000000001d23507fe00000001d232fc011
0000056000000002dc2f802000000002dcef80000000001edc2080200000001edc0fc011
0000056000000002dc2f80200000001cdcf0000000000001234f7fe0000000183defc011
0000056000000018dce900000000001cdce0000000000018dce900000000000e3e890001
0000056000000018dce9000000000002dce780000000001cdce000000000001cdce90001
0000056000000018dce9000000000002dcef800000000002dce780000000001422ef8001
0000056000000018dce900000000001cdcf0000000000002dcef80000000000e3eaf8001
0000056000000003dce7c0000000001cdce0000000000003dce7c000000000193e67c001
0000056000000003dce7c00000000002dce780000000001cdc2000200000001cdc07c021
0000056000000003dce7c00000000002dcef800000000002dc27802000000002ddaf8001
0000056000000003dce7c0000000001cdcf0000000000003dcefc000000000193e6fc001
000005600000001cdcf000000000001cdce000000000001cdcf000000000000f80100005
000005600000001cdcf0000000000002dce780000000001d23407fe00000001d23607fe1
000005600000001cdcf0000000000002dcef80000000001cdce800000000001cdd2fc011
000005600000001cdcf000000000001cdcf0000000000002dc2f80200000000f800fc015
000005600000001cdc3000200000001cdce000000000001cdc3000200000000f80100025
000005600000001cdc30002000000002dce780000000001edce080000000001edce07fe1
000005600000001cdc30002000000002dcef800000000000dce70000000000183dff8001
000005600000001cdc3000200000001cdcf0000000000018dce900000000000f80090005
000005600000001d23507fe00000001cdce000000000001d23507fe00000000f80107fe5
000005600000001d23507fe000000002dce780000000001edc2080200000001edc200041
000005600000001d23507fe000000002dcef800000000001234f7fe0000000188cdf8001
000005600000001d23507fe00000001cdcf0000000000003dce7c0000000000f8007c005
000005800000001cdce000000000001cdce000000000001cdce000000000000f80000005
000005800000001cdce0000000000002dce7800000000002dce78000000000183e878001
000005800000001cdce0000000000002dcef800000000002dcef8000000000183e8fc011
000005800000001cdce000000000001cdcf000000000001cdcf000000000000f80100005
000005800000001cdc2000200000001cdce000000000001cdc2000200000000f80000025
000005800000001cdc20002000000002dce7800000000002dc278020000000183de78021
000005800000001cdc20002000000002dcef800000000003dcefc000000000183d8fc001
000005800000001cdc2000200000001cdcf000000000001cdc3000200000000f80100025
000005800000001d23407fe00000001cdce000000000001d23407fe00000000f80007fe5
000005800000001d23407fe000000002dce780000000001cdce800000000001cdd680001
000005800000001d23407fe000000002dcef800000000002dc2f8020000000188ccfc011
000005800000001d23407fe00000001cdcf000000000001d23507fe00000000f80107fe5
000005800000001edce080000000001cdce000000000001edce080000000000f80008005
000005800000001edce0800000000002dce7800000000000dce700000000001a3ea70001
000005800000001edce0800000000002dcef800000000018dce900000000001a5a2f8001
000005800000001edce080000000001cdcf000000000001cdce000000000000f80000005
000005800000001edc2080200000001cdce000000000001edc2080200000000f80008025
000005800000001edc20802000000002dce7800000000001234f7fe00000001a3def7fe1
000005800000001edc20802000000002dcef800000000003dce7c0000000001a3def8001
000005800000001edc2080200000001cdcf000000000001cdc2000200000000f80000025
0000058000000002dce780000000001cdce0000000000002dce78000000000183e878001
0000058000000002dce7800000000002dce7800000000002dcef800000000002dd4f8001
0000058000000002dce7800000000002dcef80000000001cdcf000000000001cdcef8001
0000058000000002dce780000000001cdcf000000000001d23407fe00000001d23607fe1
0000058000000002dc2780200000001cdce0000000000002dc278020000000183de78021
0000058000000002dc27802000000002dce7800000000003dcefc00000000003dd0fc001
0000058000000002dc27802000000002dcef80000000001cdc3000200000001cdc2f8001
0000058000000002dc2780200000001cdcf000000000001edce080000000001edce08001
000005800000001cdce800000000001cdce000000000001cdce800000000000f80080005
000005800000001cdce8000000000002dce7800000000002dc2f8020000000183e8fc011
000005800000001cdce8000000000002dcef80000000001d23507fe00000001d236f8001
000005800000001cdce800000000001cdcf000000000001edc2080200000000f80008025
0000058000000000dce700000000001cdce0000000000000dce70000000000163e870001
0000058000000000dce7000000000002dce7800000000018dce9000000000018dce90801
0000058000000000dce7000000000002dcef80000000001cdce000000000001cdcef8001
0000058000000000dce700000000001cdcf0000000000002dce78000000000163ce78001
0000058000000001234f7fe00000001cdce0000000000001234f7fe0000000168ccf7fe1
0000058000000001234f7fe000000002dce7800000000003dce7c00000000003dcef7fe1
0000058000000001234f7fe000000002dcef80000000001cdc2000200000001cdc2f8001
0000058000000001234f7fe00000001cdcf0000000000002dc278020000000168c078021
0000058000000002dcef80000000001cdce0000000000002dcef8000000000183e8fc011
0000058000000002dcef800000000002dce780000000001cdcf000000000001cdcef8001
0000058000000002dcef800000000002dcef80000000001d23407fe00000001d234f8001
0000058000000002dcef80000000001cdcf000000000001cdce800000000001cdd4fc011
0000058000000003dcefc0000000001cdce0000000000003dcefc000000000193e8fc001
0000058000000003dcefc00000000002dce780000000001cdc3000200000001cdc2fc001
0000058000000003dcefc00000000002dcef80000000001edce080000000001edcefc001
0000058000000003dcefc0000000001cdcf0000000000000dce70000000000193eafc001
0000058000000002dc2f80200000001cdce0000000000002dc2f8020000000183defc011
0000058000000002dc2f802000000002dce780000000001d23507fe00000001d234fc011
0000058000000002dc2f802000000002dcef80000000001edc2080200000001edc2fc011
0000058000000002dc2f80200000001cdcf0000000000001234f7fe0000000183defc011
0000058000000018dce900000000001cdce0000000000018dce900000000000e3e890001
0000058000000018dce9000000000002dce780000000001cdce000000000001cdce90001
0000058000000018dce9000000000002dcef800000000002dce7800000000014230f8001
0000058000000018dce900000000001cdcf0000000000002dcef80000000000e3eaf8001
0000058000000003dce7c0000000001cdce0000000000003dce7c000000000193e87c001
0000058000000003dce7c00000000002dce780000000001cdc2000200000001cdc27c001
0000058000000003dce7c00000000002dcef800000000002dc27802000000002ddaf8001
0000058000000003dce7c0000000001cdcf0000000000003dcefc000000000193e8fc001
000005800000001cdcf000000000001cdce000000000001cdcf000000000000f80100005
000005800000001cdcf0000000000002dce780000000001d23407fe00000001d23607fe1
000005800000001cdcf0000000000002dcef80000000001cdce800000000001cdd4fc011
000005800000001cdcf000000000001cdcf0000000000002dc2f80200000000f800fc015
000005800000001cdc3000200000001cdce000000000001cdc3000200000000f80100025
000005800000001cdc30002000000002dce780000000001edce080000000001edce07fe1
000005800000001cdc30002000000002dcef800000000000dce70000000000183dff8001
000005800000001cdc3000200000001cdcf0000000000018dce900000000000f80090005
000005800000001d23507fe00000001cdce000000000001d23507fe00000000f80107fe5
000005800000001d23507fe000000002dce780000000001edc2080200000001edc200041
000005800000001d23507fe000000002dcef800000000001234f7fe0000000188cff8001
000005800000001d23507fe00000001cdcf0000000000003dce7c0000000000f8007c005
000008000000001fffe000000000001fffe000000000001fffe000000000001fffe00000
000008000000001fffe00000000000180fe7f000000000180fe7f0000000001fffe7f000
000008000000001fffe00000000000100feff000000000100feff0000000001fffeff810
000008000000001fffe000000000000ffff000000000000ffff000000000001ffff00000
000008000000001fffc000200000001fffe000000000001fffc000200000001fffe00020
000008000000001fffc00020000000180fe7f000000000180fc7f0200000001fffe7f021
000008000000001fffc00020000000100feff0000000001007eff8000000001fffeff800
000008000000001fffc000200000000ffff000000000000fffd000200000001ffff00020
000008000000001ff0000fe00000001fffe000000000001ff0000fe00000001fffe00fe0
000008000000001ff0000fe0000000180fe7f00000000017ffe800000000001fffe80001
000008000000001ff0000fe0000000100feff000000000100fcff0200000001fffeff810
000008000000001ff0000fe00000000ffff000000000000ff0100fe00000001ffff00fe0
000008000000001fefe010000000001fffe000000000001fefe010000000001fffe01000
000008000000001fefe01000000000180fe7f000000000181fe7e0000000001fffe7e001
000008000000001fefe01000000000100feff00000000017dfe820000000001fffeff000
000008000000001fefe010000000000ffff000000000001fffe000000000001fffe00000
000008000000001fefc010200000001fffe000000000001fefc010200000001fffe01020
000008000000001fefc01020000000180fe7f00000000010100fefe00000001fffefefe1
000008000000001fefc01020000000100feff0000000001807e7f8000000001fffeff000
000008000000001fefc010200000000ffff000000000001fffc000200000001fffe00020
00000800000000180fe7f0000000001fffe00000000000180fe7f0000000001fffe7f000
00000800000000180fe7f000000000180fe7f000000000100feff0000000001fffeff000
00000800000000180fe7f000000000100feff0000000000ffff000000000001fffeff000
00000800000000180fe7f0000000000ffff000000000001ff0000fe00000001fffe00fe0
00000800000000180fc7f0200000001fffe00000000000180fc7f0200000001fffe7f020
00000800000000180fc7f020000000180fe7f0000000001007eff8000000001fffeff800
00000800000000180fc7f020000000100feff0000000000fffd000200000001fffeff000
00000800000000180fc7f0200000000ffff000000000001fefe010000000001fffe01000
0000080000000017ffe800000000001fffe0000000000017ffe800000000001fffe80000
0000080000000017ffe80000000000180fe7f000000000100fcff0200000001fffeff810
0000080000000017ffe80000000000100feff0000000000ff0100fe00000001fffeff000
0000080000000017ffe800000000000ffff000000000001fefc010200000001fffe01020
00000800000000181fe7e0000000001fffe00000000000181fe7e0000000001fffe7e000
00000800000000181fe7e000000000180fe7f00000000017dfe820000000001fffe82100
00000800000000181fe7e000000000100feff0000000001fffe000000000001fffeff000
00000800000000181fe7e0000000000ffff00000000000180fe7f0000000001fffe7f000
0000080000000010100fefe00000001fffe0000000000010100fefe00000001fffefefe0
0000080000000010100fefe0000000180fe7f0000000001807e7f8000000001fffefefe1
0000080000000010100fefe0000000100feff0000000001fffc000200000001fffeff000
0000080000000010100fefe00000000ffff00000000000180fc7f0200000001fffe7f020
00000800000000100feff0000000001fffe00000000000100feff0000000001fffeff810
00000800000000100feff000000000180fe7f0000000000ffff000000000001fffeff000
00000800000000100feff000000000100feff0000000001ff0000fe00000001fffeff000
00000800000000100feff0000000000ffff0000000000017ffe800000000001fffeff810
000008000000001007eff8000000001fffe000000000001007eff8000000001fffeff800
000008000000001007eff800000000180fe7f0000000000fffd000200000001fffeff800
000008000000001007eff800000000100feff0000000001fefe010000000001fffeff800
000008000000001007eff8000000000ffff00000000000181fe7e0000000001fffeff800
00000800000000100fcff0200000001fffe00000000000100fcff0200000001fffeff810
00000800000000100fcff020000000180fe7f0000000000ff0100fe00000001fffeff810
00000800000000100fcff020000000100feff0000000001fefc010200000001fffeff810
00000800000000100fcff0200000000ffff0000000000010100fefe00000001fffeff810
0000080000000017dfe820000000001fffe0000000000017dfe820000000001fffe82000
0000080000000017dfe82000000000180fe7f0000000001fffe000000000001fffe82000
0000080000000017dfe82000000000100feff000000000180fe7f0000000001fffeff000
0000080000000017dfe820000000000ffff00000000000100feff0000000001fffeff000
000008000000001807e7f8000000001fffe000000000001807e7f8000000001fffe7f800
000008000000001807e7f800000000180fe7f0000000001fffc000200000001fffe7f801
000008000000001807e7f800000000100feff000000000180fc7f0200000001fffeff000
000008000000001807e7f8000000000ffff000000000001007eff8000000001fffeff800
000008000000000ffff000000000001fffe000000000000ffff000000000001ffff00000
000008000000000ffff00000000000180fe7f0000000001ff0000fe00000001fffe00fe0
000008000000000ffff00000000000100feff00000000017ffe800000000001fffeff810
000008000000000ffff000000000000ffff00000000000100fcff0200000001fffeff810
000008000000000fffd000200000001fffe000000000000fffd000200000001ffff00020
000008000000000fffd00020000000180fe7f0000000001fefe010000000001fffe00fe0
000008000000000fffd00020000000100feff000000000181fe7e0000000001ffffff000
000008000000000fffd000200000000ffff0000000000017dfe820000000001fffe82000
000008000000000ff0100fe00000001fffe000000000000ff0100fe00000001ffff00fe0
000008000000000ff0100fe0000000180fe7f0000000001fefc010200000001fffe00040
000008000000000ff0100fe0000000100feff00000000010100fefe00000001ffffff000
000008000000000ff0100fe00000000ffff000000000001807e7f8000000001fffe7f800
000008200000001fffe000000000001fffe000000000001fffe000000000001fffe00000
000008200000001fffe00000000000180fe7f000000000180fe7f0000000001fffe7f000
000008200000001fffe00000000000100feff000000000100feff0000000001fffeff810
000008200000001fffe000000000000ffff000000000000ffff000000000001ffff00000
000008200000001fffc000200000001fffe000000000001fffc000200000001fffe00020
000008200000001fffc00020000000180fe7f000000000180fc7f0200000001fffe7f021
000008200000001fffc00020000000100feff0000000001007eff8000000001fffeff800
000008200000001fffc000200000000ffff000000000000fffd000200000001ffff00020
000008200000001ff0000fe00000001fffe000000000001ff0000fe00000001fffe00fe0
000008200000001ff0000fe0000000180fe7f00000000017ffe800000000001fffe80001
000008200000001ff0000fe0000000100feff000000000100fcff0200000001fffeff810
000008200000001ff0000fe00000000ffff000000000000ff0100fe00000001ffff00fe0
000008200000001fefe010000000001fffe000000000001fefe010000000001fffe01000
000008200000001fefe01000000000180fe7f000000000181fe7e0000000001fffe7e001
000008200000001fefe01000000000100feff00000000017dfe820000000001fffeff000
000008200000001fefe010000000000ffff000000000001fffe000000000001fffe00000
000008200000001fefc010200000001fffe000000000001fefc010200000001fffe01020
000008200000001fefc01020000000180fe7f00000000010100fefe00000001fffefefe1
000008200000001fefc01020000000100feff0000000001807e7f8000000001fffeff000
000008200000001fefc010200000000ffff000000000001fffc000200000001fffe00020
00000820000000180fe7f0000000001fffe00000000000180fe7f0000000001fffe7f000
00000820000000180fe7f000000000180fe7f000000000100feff0000000001fffeff000
00000820000000180fe7f000000000100feff0000000000ffff000000000001fffeff000
00000820000000180fe7f0000000000ffff000000000001ff0000fe00000001fffe00fe0
00000820000000180fc7f0200000001fffe00000000000180fc7f0200000001fffe7f020
00000820000000180fc7f020000000180fe7f0000000001007eff8000000001fffeff800
00000820000000180fc7f020000000100feff0000000000fffd000200000001fffeff000
00000820000000180fc7f0200000000ffff000000000001fefe010000000001fffe01000
0000082000000017ffe800000000001fffe0000000000017ffe800000000001fffe80000
0000082000000017ffe80000000000180fe7f000000000100fcff0200000001fffeff810
0000082000000017ffe80000000000100feff0000000000ff0100fe00000001fffeff000
0000082000000017ffe800000000000ffff000000000001fefc010200000001fffe01020
00000820000000181fe7e0000000001fffe00000000000181fe7e0000000001fffe7e000
00000820000000181fe7e000000000180fe7f00000000017dfe820000000001fffe82100
00000820000000181fe7e000000000100feff0000000001fffe000000000001fffeff000
00000820000000181fe7e0000000000ffff00000000000180fe7f0000000001fffe7f000
0000082000000010100fefe00000001fffe0000000000010100fefe00000001fffefefe0
0000082000000010100fefe0000000180fe7f0000000001807e7f8000000001fffefefe1
0000082000000010100fefe0000000100feff0000000001fffc000200000001fffeff000
0000082000000010100fefe00000000ffff00000000000180fc7f0200000001fffe7f020
00000820000000100feff0000000001fffe00000000000100feff0000000001fffeff810
00000820000000100feff000000000180fe7f0000000000ffff000000000001fffeff000
00000820000000100feff000000000100feff0000000001ff0000fe00000001fffeff000
00000820000000100feff0000000000ffff0000000000017ffe800000000001fffeff810
000008200000001007eff8000000001fffe000000000001007eff8000000001fffeff800
000008200000001007eff800000000180fe7f0000000000fffd000200000001fffeff800
000008200000001007eff800000000100feff0000000001fefe010000000001fffeff800
000008200000001007eff8000000000ffff00000000000181fe7e0000000001fffeff800
00000820000000100fcff0200000001fffe00000000000100fcff0200000001fffeff810
00000820000000100fcff020000000180fe7f0000000000ff0100fe00000001fffeff810
00000820000000100fcff020000000100feff0000000001fefc010200000001fffeff810
00000820000000100fcff0200000000ffff0000000000010100fefe00000001fffeff810
0000082000000017dfe820000000001fffe0000000000017dfe820000000001fffe82000
0000082000000017dfe82000000000180fe7f0000000001fffe000000000001fffe82000
0000082000000017dfe82000000000100feff000000000180fe7f0000000001fffeff000
0000082000000017dfe820000000000ffff00000000000100feff0000000001fffeff000
000008200000001807e7f8000000001fffe000000000001807e7f8000000001fffe7f800
000008200000001807e7f800000000180fe7f0000000001fffc000200000001fffe7f801
000008200000001807e7f800000000100feff000000000180fc7f0200000001fffeff000
000008200000001807e7f8000000000ffff000000000001007eff8000000001fffeff800
000008200000000ffff000000000001fffe000000000000ffff000000000001ffff00000
000008200000000ffff00000000000180fe7f0000000001ff0000fe00000001fffe00fe0
000008200000000ffff00000000000100feff00000000017ffe800000000001fffeff810
000008200000000ffff000000000000ffff00000000000100fcff0200000001fffeff810
000008200000000fffd000200000001fffe000000000000fffd000200000001ffff00020
000008200000000fffd00020000000180fe7f0000000001fefe010000000001fffe00fe0
000008200000000fffd00020000000100feff000000000181fe7e0000000001ffffff000
000008200000000fffd000200000000ffff0000000000017dfe820000000001fffe82000
000008200000000ff0100fe00000001fffe000000000000ff0100fe00000001ffff00fe0
000008200000000ff0100fe0000000180fe7f0000000001fefc010200000001fffe00040
000008200000000ff0100fe0000000100feff00000000010100fefe00000001ffffff000
000008200000000ff0100fe00000000ffff000000000001807e7f8000000001fffe7f800
000008400000001fffe000000000001fffe000000000001fffe000000000001fffe00000
000008400000001fffe00000000000180fe7f000000000180fe7f0000000001fffe7f000
000008400000001fffe00000000000100feff000000000100feff0000000001fffeff810
000008400000001fffe000000000000ffff000000000000ffff000000000001ffff00000
000008400000001fffc000200000001fffe000000000001fffc000200000001fffe00020
000008400000001fffc00020000000180fe7f000000000180fc7f0200000001fffe7f021
000008400000001fffc00020000000100feff0000000001007eff8000000001fffeff800
000008400000001fffc000200000000ffff000000000000fffd000200000001ffff00020
000008400000001ff0000fe00000001fffe000000000001ff0000fe00000001fffe00fe0
000008400000001ff0000fe0000000180fe7f00000000017ffe800000000001fffe80001
000008400000001ff0000fe0000000100feff000000000100fcff0200000001fffeff810
000008400000001ff0000fe00000000ffff000000000000ff0100fe00000001ffff00fe0
000008400000001fefe010000000001fffe000000000001fefe010000000001fffe01000
000008400000001fefe01000000000180fe7f000000000181fe7e0000000001fffe7e001
000008400000001fefe01000000000100feff00000000017dfe820000000001fffeff000
000008400000001fefe010000000000ffff000000000001fffe000000000001ffff00000
000008400000001fefc010200000001fffe000000000001fefc010200000001fffe01020
000008400000001fefc01020000000180fe7f00000000010100fefe00000001fffefefe1
000008400000001fefc01020000000100feff0000000001807e7f8000000001fffeff000
000008400000001fefc010200000000ffff000000000001fffc000200000001fffe00020
00000840000000180fe7f0000000001fffe00000000000180fe7f0000000001fffe7f000
00000840000000180fe7f000000000180fe7f000000000100feff0000000001fffeff000
00000840000000180fe7f000000000100feff0000000000ffff000000000001fffeff000
00000840000000180fe7f0000000000ffff000000000001ff0000fe00000001fffe00fe0
00000840000000180fc7f0200000001fffe00000000000180fc7f0200000001fffe7f020
00000840000000180fc7f020000000180fe7f0000000001007eff8000000001fffeff800
00000840000000180fc7f020000000100feff0000000000fffd000200000001fffeff000
00000840000000180fc7f0200000000ffff000000000001fefe010000000001fffe01000
0000084000000017ffe800000000001fffe0000000000017ffe800000000001fffe80000
0000084000000017ffe80000000000180fe7f000000000100fcff0200000001fffeff810
0000084000000017ffe80000000000100feff0000000000ff0100fe00000001fffeff000
0000084000000017ffe800000000000ffff000000000001fefc010200000001fffe01020
00000840000000181fe7e0000000001fffe00000000000181fe7e0000000001fffe7e000
00000840000000181fe7e000000000180fe7f00000000017dfe820000000001fffe82100
00000840000000181fe7e000000000100feff0000000001fffe000000000001fffeff000
00000840000000181fe7e0000000000ffff00000000000180fe7f0000000001fffe7f000
0000084000000010100fefe00000001fffe0000000000010100fefe00000001fffefefe0
0000084000000010100fefe0000000180fe7f0000000001807e7f8000000001fffefefe1
0000084000000010100fefe0000000100feff0000000001fffc000200000001fffeff000
0000084000000010100fefe00000000ffff00000000000180fc7f0200000001fffe7f020
00000840000000100feff0000000001fffe00000000000100feff0000000001fffeff810
00000840000000100feff000000000180fe7f0000000000ffff000000000001fffeff000
00000840000000100feff000000000100feff0000000001ff0000fe00000001fffeff000
00000840000000100feff0000000000ffff0000000000017ffe800000000001fffeff810
000008400000001007eff8000000001fffe000000000001007eff8000000001fffeff800
000008400000001007eff800000000180fe7f0000000000fffd000200000001fffeff800
000008400000001007eff800000000100feff0000000001fefe010000000001fffeff800
000008400000001007eff8000000000ffff00000000000181fe7e0000000001fffeff800
00000840000000100fcff0200000001fffe00000000000100fcff0200000001fffeff810
00000840000000100fcff020000000180fe7f0000000000ff0100fe00000001fffeff810
00000840000000100fcff020000000100feff0000000001fefc010200000001fffeff810
00000840000000100fcff0200000000ffff0000000000010100fefe00000001fffeff810
0000084000000017dfe820000000001fffe0000000000017dfe820000000001fffe82000
0000084000000017dfe82000000000180fe7f0000000001fffe000000000001fffe82000
0000084000000017dfe82000000000100feff000000000180fe7f0000000001fffeff000
0000084000000017dfe820000000000ffff00000000000100feff0000000001fffeff000
000008400000001807e7f8000000001fffe000000000001807e7f8000000001fffe7f800
000008400000001807e7f800000000180fe7f0000000001fffc000200000001fffe7f801
000008400000001807e7f800000000100feff000000000180fc7f0200000001fffeff000
000008400000001807e7f8000000000ffff000000000001007eff8000000001fffeff800
000008400000000ffff000000000001fffe000000000000ffff000000000001ffff00000
000008400000000ffff00000000000180fe7f0000000001ff0000fe00000001fffe00fe0
000008400000000ffff00000000000100feff00000000017ffe800000000001fffeff810
000008400000000ffff000000000000ffff00000000000100fcff0200000001fffeff810
000008400000000fffd000200000001fffe000000000000fffd000200000001ffff00020
000008400000000fffd00020000000180fe7f0000000001fefe010000000001fffe00fe0
000008400000000fffd00020000000100feff000000000181fe7e0000000001ffffff000
000008400000000fffd000200000000ffff0000000000017dfe820000000001fffe82000
000008400000000ff0100fe00000001fffe000000000000ff0100fe00000001ffff00fe0
000008400000000ff0100fe0000000180fe7f0000000001fefc010200000001fffe00040
000008400000000ff0100fe0000000100feff00000000010100fefe00000001ffffff000
000008400000000ff0100fe00000000ffff000000000001807e7f8000000001fffe7f800
000008600000001fffe000000000001fffe000000000001fffe000000000001fffe00000
000008600000001fffe00000000000180fe7f000000000180fe7f0000000001fffe7f000
000008600000001fffe00000000000100feff000000000100feff0000000001fffeff810
000008600000001fffe000000000000ffff000000000000ffff000000000001ffff00000
000008600000001fffc000200000001fffe000000000001fffc000200000001fffe00020
000008600000001fffc00020000000180fe7f000000000180fc7f0200000001fffe7f041
000008600000001fffc00020000000100feff0000000001007eff8000000001fffeff800
000008600000001fffc000200000000ffff000000000000fffd000200000001ffff00020
000008600000001ff0000fe00000001fffe000000000001ff0000fe00000001fffe00fe0
000008600000001ff0000fe0000000180fe7f00000000017ffe800000000001fffe80021
000008600000001ff0000fe0000000100feff000000000100fcff0200000001fffeff810
000008600000001ff0000fe00000000ffff000000000000ff0100fe00000001ffff00fe0
000008600000001fefe010000000001fffe000000000001fefe010000000001fffe01000
000008600000001fefe01000000000180fe7f000000000181fe7e0000000001fffe7e021
000008600000001fefe01000000000100feff00000000017dfe820000000001fffeff000
000008600000001fefe010000000000ffff000000000001fffe000000000001fffe00000
000008600000001fefc010200000001fffe000000000001fefc010200000001fffe01020
000008600000001fefc01020000000180fe7f00000000010100fefe00000001fffeff005
000008600000001fefc01020000000100feff0000000001807e7f8000000001fffeff000
000008600000001fefc010200000000ffff000000000001fffc000200000001fffe00020
00000860000000180fe7f0000000001fffe00000000000180fe7f0000000001fffe7f000
00000860000000180fe7f000000000180fe7f000000000100feff0000000001fffeff000
00000860000000180fe7f000000000100feff0000000000ffff000000000001fffeff000
00000860000000180fe7f0000000000ffff000000000001ff0000fe00000001fffe00fe0
00000860000000180fc7f0200000001fffe00000000000180fc7f0200000001fffe7f020
00000860000000180fc7f020000000180fe7f0000000001007eff8000000001fffeff800
00000860000000180fc7f020000000100feff0000000000fffd000200000001fffeff000
00000860000000180fc7f0200000000ffff000000000001fefe010000000001fffe01000
0000086000000017ffe800000000001fffe0000000000017ffe800000000001fffe80000
0000086000000017ffe80000000000180fe7f000000000100fcff0200000001fffeff810
0000086000000017ffe80000000000100feff0000000000ff0100fe00000001fffeff000
0000086000000017ffe800000000000ffff000000000001fefc010200000001fffe01020
00000860000000181fe7e0000000001fffe00000000000181fe7e0000000001fffe7e000
00000860000000181fe7e000000000180fe7f00000000017dfe820000000001fffe82100
00000860000000181fe7e000000000100feff0000000001fffe000000000001fffeff000
00000860000000181fe7e0000000000ffff00000000000180fe7f0000000001fffe7f000
0000086000000010100fefe00000001fffe0000000000010100fefe00000001fffefefe0
0000086000000010100fefe0000000180fe7f0000000001807e7f8000000001fffeff005
0000086000000010100fefe0000000100feff0000000001fffc000200000001fffeff000
0000086000000010100fefe00000000ffff00000000000180fc7f0200000001fffe7f020
00000860000000100feff0000000001fffe00000000000100feff0000000001fffeff810
00000860000000100feff000000000180fe7f0000000000ffff000000000001fffeff000
00000860000000100feff000000000100feff0000000001ff0000fe00000001fffeff000
00000860000000100feff0000000000ffff0000000000017ffe800000000001fffeff810
000008600000001007eff8000000001fffe000000000001007eff8000000001fffeff800
000008600000001007eff800000000180fe7f0000000000fffd000200000001fffeff800
000008600000001007eff800000000100feff0000000001fefe010000000001fffeff800
000008600000001007eff8000000000ffff00000000000181fe7e0000000001fffeff800
00000860000000100fcff0200000001fffe00000000000100fcff0200000001fffeff810
00000860000000100fcff020000000180fe7f0000000000ff0100fe00000001fffeff810
00000860000000100fcff020000000100feff0000000001fefc010200000001fffeff810
00000860000000100fcff0200000000ffff0000000000010100fefe00000001fffeff810
0000086000000017dfe820000000001fffe0000000000017dfe820000000001fffe82000
0000086000000017dfe82000000000180fe7f0000000001fffe000000000001fffe82000
0000086000000017dfe82000000000100feff000000000180fe7f0000000001fffeff000
0000086000000017dfe820000000000ffff00000000000100feff0000000001fffeff000
000008600000001807e7f8000000001fffe000000000001807e7f8000000001fffe7f800
000008600000001807e7f800000000180fe7f0000000001fffc000200000001fffe7f821
000008600000001807e7f800000000100feff000000000180fc7f0200000001fffeff000
000008600000001807e7f8000000000ffff000000000001007eff8000000001fffeff800
000008600000000ffff000000000001fffe000000000000ffff000000000001ffff00000
000008600000000ffff00000000000180fe7f0000000001ff0000fe00000001fffe00fe0
000008600000000ffff00000000000100feff00000000017ffe800000000001fffeff810
000008600000000ffff000000000000ffff00000000000100fcff0200000001fffeff810
000008600000000fffd000200000001fffe000000000000fffd000200000001ffff00020
000008600000000fffd00020000000180fe7f0000000001fefe010000000001fffe00fe0
000008600000000fffd00020000000100feff000000000181fe7e0000000001ffffff000
000008600000000fffd000200000000ffff0000000000017dfe820000000001fffe82000
000008600000000ff0100fe00000001fffe000000000000ff0100fe00000001ffff00fe0
000008600000000ff0100fe0000000180fe7f0000000001fefc010200000001fffe00040
000008600000000ff0100fe0000000100feff00000000010100fefe00000001ffffff000
000008600000000ff0100fe00000000ffff000000000001807e7f8000000001fffe7f800
000008800000001fffe000000000001fffe000000000001fffe000000000001fffe00000
000008800000001fffe00000000000180fe7f000000000180fe7f0000000001fffe7f000
000008800000001fffe00000000000100feff000000000100feff0000000001fffeff810
000008800000001fffe000000000000ffff000000000000ffff000000000001ffff00000
000008800000001fffc000200000001fffe000000000001fffc000200000001fffe00020
000008800000001fffc00020000000180fe7f000000000180fc7f0200000001fffe7f021
000008800000001fffc00020000000100feff0000000001007eff8000000001fffeff800
000008800000001fffc000200000000ffff000000000000fffd000200000001ffff00020
000008800000001ff0000fe00000001fffe000000000001ff0000fe00000001fffe00fe0
000008800000001ff0000fe0000000180fe7f00000000017ffe800000000001fffe80001
000008800000001ff0000fe0000000100feff000000000100fcff0200000001fffeff810
000008800000001ff0000fe00000000ffff000000000000ff0100fe00000001ffff00fe0
000008800000001fefe010000000001fffe000000000001fefe010000000001fffe01000
000008800000001fefe01000000000180fe7f000000000181fe7e0000000001fffe7e001
000008800000001fefe01000000000100feff00000000017dfe820000000001fffeff000
000008800000001fefe010000000000ffff000000000001fffe000000000001fffe00000
000008800000001fefc010200000001fffe000000000001fefc010200000001fffe01020
000008800000001fefc01020000000180fe7f00000000010100fefe00000001fffefefe1
000008800000001fefc01020000000100feff0000000001807e7f8000000001fffeff000
000008800000001fefc010200000000ffff000000000001fffc000200000001fffe00020
00000880000000180fe7f0000000001fffe00000000000180fe7f0000000001fffe7f000
00000880000000180fe7f000000000180fe7f000000000100feff0000000001fffeff000
00000880000000180fe7f000000000100feff0000000000ffff000000000001fffeff000
00000880000000180fe7f0000000000ffff000000000001ff0000fe00000001fffe00fe0
00000880000000180fc7f0200000001fffe00000000000180fc7f0200000001fffe7f020
00000880000000180fc7f020000000180fe7f0000000001007eff8000000001fffeff800
00000880000000180fc7f020000000100feff0000000000fffd000200000001fffeff000
00000880000000180fc7f0200000000ffff000000000001fefe010000000001fffe01000
0000088000000017ffe800000000001fffe0000000000017ffe800000000001fffe80000
0000088000000017ffe80000000000180fe7f000000000100fcff0200000001fffeff810
0000088000000017ffe80000000000100feff0000000000ff0100fe00000001fffeff000
0000088000000017ffe800000000000ffff000000000001fefc010200000001fffe01020
00000880000000181fe7e0000000001fffe00000000000181fe7e0000000001fffe7e000
00000880000000181fe7e000000000180fe7f00000000017dfe820000000001fffe82100
00000880000000181fe7e000000000100feff0000000001fffe000000000001fffeff000
00000880000000181fe7e0000000000ffff00000000000180fe7f0000000001fffe7f000
0000088000000010100fefe00000001fffe0000000000010100fefe00000001fffefefe0
0000088000000010100fefe0000000180fe7f0000000001807e7f8000000001fffefefe1
0000088000000010100fefe0000000100feff0000000001fffc000200000001fffeff000
0000088000000010100fefe00000000ffff00000000000180fc7f0200000001fffe7f020
00000880000000100feff0000000001fffe00000000000100feff0000000001fffeff810
00000880000000100feff000000000180fe7f0000000000ffff000000000001fffeff000
00000880000000100feff000000000100feff0000000001ff0000fe00000001fffeff000
00000880000000100feff0000000000ffff0000000000017ffe800000000001fffeff810
000008800000001007eff8000000001fffe000000000001007eff8000000001fffeff800
000008800000001007eff800000000180fe7f0000000000fffd000200000001fffeff800
000008800000001007eff800000000100feff0000000001fefe010000000001fffeff800
000008800000001007eff8000000000ffff00000000000181fe7e0000000001fffeff800
00000880000000100fcff0200000001fffe00000000000100fcff0200000001fffeff810
00000880000000100fcff020000000180fe7f0000000000ff0100fe00000001fffeff810
00000880000000100fcff020000000100feff0000000001fefc010200000001fffeff810
00000880000000100fcff0200000000ffff0000000000010100fefe00000001fffeff810
0000088000000017dfe820000000001fffe0000000000017dfe820000000001fffe82000
0000088000000017dfe82000000000180fe7f0000000001fffe000000000001fffe82000
0000088000000017dfe82000000000100feff000000000180fe7f0000000001fffeff000
0000088000000017dfe820000000000ffff00000000000100feff0000000001fffeff000
000008800000001807e7f8000000001fffe000000000001807e7f8000000001fffe7f800
000008800000001807e7f800000000180fe7f0000000001fffc000200000001fffe7f801
000008800000001807e7f800000000100feff000000000180fc7f0200000001fffeff000
000008800000001807e7f8000000000ffff000000000001007eff8000000001fffeff800
000008800000000ffff000000000001fffe000000000000ffff000000000001ffff00000
000008800000000ffff00000000000180fe7f0000000001ff0000fe00000001fffe00fe0
000008800000000ffff00000000000100feff00000000017ffe800000000001fffeff810
000008800000000ffff000000000000ffff00000000000100fcff0200000001fffeff810
000008800000000fffd000200000001fffe000000000000fffd000200000001ffff00020
000008800000000fffd00020000000180fe7f0000000001fefe010000000001fffe00fe0
000008800000000fffd00020000000100feff000000000181fe7e0000000001ffffff000
000008800000000fffd000200000000ffff0000000000017dfe820000000001fffe82000
000008800000000ff0100fe00000001fffe000000000000ff0100fe00000001ffff00fe0
000008800000000ff0100fe0000000180fe7f0000000001fefc010200000001fffe00040
000008800000000ff0100fe0000000100feff00000000010100fefe00000001ffffff000
000008800000000ff0100fe00000000ffff000000000001807e7f8000000001fffe7f800
000009000000001cdce000000000001cdce000000000001cdce000000000000ff0000005
000009000000001cdce00000000000031ce7f000000000031ce7f000000000180a07f001
000009000000001cdce00000000000031ceff000000000031ceff000000000180a0ff811
000009000000001cdce000000000001cdcf000000000001cdcf000000000000ff0100005
000009000000001cdc2000200000001cdce000000000001cdc2000200000000ff0000025
000009000000001cdc200020000000031ce7f000000000031c27f020000000180967f021
000009000000001cdc200020000000031ceff000000000033ceff80000000018096ff801
000009000000001cdc2000200000001cdcf000000000001cdc3000200000000ff0100025
000009000000001ce3400fe00000001cdce000000000001ce3400fe00000000ff0000fe5
000009000000001ce3400fe0000000031ce7f0000000001cdce800000000001cdce80001
000009000000001ce3400fe0000000031ceff000000000031c2ff02000000018116ff811
000009000000001ce3400fe00000001cdcf000000000001ce3500fe00000000ff0100fe5
000009000000001c9ce010000000001cdce000000000001c9ce010000000000ff0001005
000009000000001c9ce01000000000031ce7f000000000035ce7e00000000017ca07e001
000009000000001c9ce01000000000031ceff0000000001c5ce820000000001c5ceff001
000009000000001c9ce010000000001cdcf000000000001cdce000000000000ff0000005
000009000000001c9c2010200000001cdce000000000001c9c2010200000000ff0001025
000009000000001c9c201020000000031ce7f00000000003634fefe000000017c96fefe1
000009000000001c9c201020000000031ceff000000000033ce7f80000000017c96ff001
000009000000001c9c2010200000001cdcf000000000001cdc2000200000000ff0000025
00000900000000031ce7f0000000001cdce00000000000031ce7f000000000180a07f001
00000900000000031ce7f000000000031ce7f000000000031ceff000000000031ceff001
00000900000000031ce7f000000000031ceff0000000001cdcf000000000001cdceff001
00000900000000031ce7f0000000001cdcf000000000001ce3400fe00000001ce3400fe1
00000900000000031c27f0200000001cdce00000000000031c27f020000000180967f021
00000900000000031c27f020000000031ce7f000000000033ceff800000000033ceff801
00000900000000031c27f020000000031ceff0000000001cdc3000200000001cdc2ff001
00000900000000031c27f0200000001cdcf000000000001c9ce010000000001c9ce01001
000009000000001cdce800000000001cdce000000000001cdce800000000000ff0080005
000009000000001cdce80000000000031ce7f000000000031c2ff020000000180a0ff811
000009000000001cdce80000000000031ceff0000000001ce3500fe00000001ce34ff001
000009000000001cdce800000000001cdcf000000000001c9c2010200000000ff0001025
00000900000000035ce7e0000000001cdce00000000000035ce7e000000000184a07e001
00000900000000035ce7e000000000031ce7f0000000001c5ce820000000001c5ce82101
00000900000000035ce7e000000000031ceff0000000001cdce000000000001cdceff001
00000900000000035ce7e0000000001cdcf00000000000031ce7f000000000184a07f001
0000090000000003634fefe00000001cdce0000000000003634fefe000000018516fefe1
0000090000000003634fefe0000000031ce7f000000000033ce7f800000000033cefefe1
0000090000000003634fefe0000000031ceff0000000001cdc2000200000001cdc2ff001
0000090000000003634fefe00000001cdcf00000000000031c27f020000000185167f021
00000900000000031ceff0000000001cdce00000000000031ceff000000000180a0ff811
00000900000000031ceff000000000031ce7f0000000001cdcf000000000001cdceff001
00000900000000031ceff000000000031ceff0000000001ce3400fe00000001ce34ff001
00000900000000031ceff0000000001cdcf000000000001cdce800000000001cdceff811
00000900000000033ceff8000000001cdce00000000000033ceff800000000182a0ff801
00000900000000033ceff800000000031ce7f0000000001cdc3000200000001cdc2ff801
00000900000000033ceff800000000031ceff0000000001c9ce010000000001c9ceff801
00000900000000033ceff8000000001cdcf00000000000035ce7e000000000182a0ff801
00000900000000031c2ff0200000001cdce00000000000031c2ff02000000018096ff811
00000900000000031c2ff020000000031ce7f0000000001ce3500fe00000001ce34ff811
00000900000000031c2ff020000000031ceff0000000001c9c2010200000001c9c2ff811
00000900000000031c2ff0200000001cdcf0000000000003634fefe000000018096ff811
000009000000001c5ce820000000001cdce000000000001c5ce820000000000ff0082005
000009000000001c5ce82000000000031ce7f0000000001cdce000000000001cdce82001
000009000000001c5ce82000000000031ceff000000000031ce7f000000000178a0ff001
000009000000001c5ce820000000001cdcf00000000000031ceff0000000000ff00ff005
00000900000000033ce7f8000000001cdce00000000000033ce7f800000000182a07f801
00000900000000033ce7f800000000031ce7f0000000001cdc2000200000001cdc27f801
00000900000000033ce7f800000000031ceff000000000031c27f020000000031c2ff001
00000900000000033ce7f8000000001cdcf00000000000033ceff800000000182a0ff801
000009000000001cdcf000000000001cdce000000000001cdcf000000000000ff0100005
000009000000001cdcf00000000000031ce7f0000000001ce3400fe00000001ce3400fe1
000009000000001cdcf00000000000031ceff0000000001cdce800000000001cdceff811
000009000000001cdcf000000000001cdcf00000000000031c2ff0200000000ff00ff815
000009000000001cdc3000200000001cdce000000000001cdc3000200000000ff0100025
000009000000001cdc300020000000031ce7f0000000001c9ce010000000001c9ce00fe1
000009000000001cdc300020000000031ceff000000000035ce7e00000000018097ff001
000009000000001cdc3000200000001cdcf000000000001c5ce820000000000ff0082005
000009000000001ce3500fe00000001cdce000000000001ce3500fe00000000ff0100fe5
000009000000001ce3500fe0000000031ce7f0000000001c9c2010200000001c9c200041
000009000000001ce3500fe0000000031ceff00000000003634fefe000000018117ff001
000009000000001ce3500fe00000001cdcf00000000000033ce7f8000000000ff007f805
000009200000001cdce000000000001cdce000000000001cdce000000000000fefe00005
000009200000001cdce00000000000031ce7f000000000031ce7f000000000180a07f001
000009200000001cdce00000000000031ceff000000000031ceff000000000180a0ff811
000009200000001cdce000000000001cdcf000000000001cdcf000000000000feff00005
000009200000001cdc2000200000001cdce000000000001cdc2000200000000fefe00025
000009200000001cdc200020000000031ce7f000000000031c27f020000000180967f021
000009200000001cdc200020000000031ceff000000000033ceff80000000018096ff801
000009200000001cdc2000200000001cdcf000000000001cdc3000200000000feff00025
000009200000001ce3400fe00000001cdce000000000001ce3400fe00000000fefe00fe5
000009200000001ce3400fe0000000031ce7f0000000001cdce800000000001cdce80001
000009200000001ce3400fe0000000031ceff000000000031c2ff02000000018114ff811
000009200000001ce3400fe00000001cdcf000000000001ce3500fe00000000feff00fe5
000009200000001c9ce010000000001cdce000000000001c9ce010000000000fefe01005
000009200000001c9ce01000000000031ce7f000000000035ce7e00000000017ca07e001
000009200000001c9ce01000000000031ceff0000000001c5ce820000000001c5ceff001
000009200000001c9ce010000000001cdcf000000000001cdce000000000000fefe00005
000009200000001c9c2010200000001cdce000000000001c9c2010200000000fefe01025
000009200000001c9c201020000000031ce7f00000000003634fefe000000017c96fefe1
000009200000001c9c201020000000031ceff000000000033ce7f80000000017c96ff001
000009200000001c9c2010200000001cdcf000000000001cdc2000200000000fefe00025
00000920000000031ce7f0000000001cdce00000000000031ce7f000000000180a07f001
00000920000000031ce7f000000000031ce7f000000000031ceff000000000031ceff001
00000920000000031ce7f000000000031ceff0000000001cdcf000000000001cdccff001
00000920000000031ce7f0000000001cdcf000000000001ce3400fe00000001ce3400fe1
00000920000000031c27f0200000001cdce00000000000031c27f020000000180967f021
00000920000000031c27f020000000031ce7f000000000033ceff800000000033ceff801
00000920000000031c27f020000000031ceff0000000001cdc3000200000001cdc0ff001
00000920000000031c27f0200000001cdcf000000000001c9ce010000000001c9ce01001
000009200000001cdce800000000001cdce000000000001cdce800000000000fefe80005
000009200000001cdce80000000000031ce7f000000000031c2ff020000000180a0ff811
000009200000001cdce80000000000031ceff0000000001ce3500fe00000001ce34ff001
000009200000001cdce800000000001cdcf000000000001c9c2010200000000fefe01025
00000920000000035ce7e0000000001cdce00000000000035ce7e000000000184a07e001
00000920000000035ce7e000000000031ce7f0000000001c5ce820000000001c5cc82101
00000920000000035ce7e000000000031ceff0000000001cdce000000000001cdccff001
00000920000000035ce7e0000000001cdcf00000000000031ce7f000000000184a07f001
0000092000000003634fefe00000001cdce0000000000003634fefe000000018514fefe1
0000092000000003634fefe0000000031ce7f000000000033ce7f800000000033cefefe1
0000092000000003634fefe0000000031ceff0000000001cdc2000200000001cdc0ff001
0000092000000003634fefe00000001cdcf00000000000031c27f020000000185147f021
00000920000000031ceff0000000001cdce00000000000031ceff000000000180a0ff811
00000920000000031ceff000000000031ce7f0000000001cdcf000000000001cdccff001
00000920000000031ceff000000000031ceff0000000001ce3400fe00000001ce32ff001
00000920000000031ceff0000000001cdcf000000000001cdce800000000001cdceff811
00000920000000033ceff8000000001cdce00000000000033ceff800000000182a0ff801
00000920000000033ceff800000000031ce7f0000000001cdc3000200000001cdc0ff801
00000920000000033ceff800000000031ceff0000000001c9ce010000000001c9ccff801
00000920000000033ceff8000000001cdcf00000000000035ce7e000000000182a0ff801
00000920000000031c2ff0200000001cdce00000000000031c2ff02000000018096ff811
00000920000000031c2ff020000000031ce7f0000000001ce3500fe00000001ce32ff811
00000920000000031c2ff020000000031ceff0000000001c9c2010200000001c9c0ff811
00000920000000031c2ff0200000001cdcf0000000000003634fefe000000018096ff811
000009200000001c5ce820000000001cdce000000000001c5ce820000000000fefe82005
000009200000001c5ce82000000000031ce7f0000000001cdce000000000001cdce82001
000009200000001c5ce82000000000031ceff000000000031ce7f000000000178a0ff001
000009200000001c5ce820000000001cdcf00000000000031ceff0000000000fefeff005
00000920000000033ce7f8000000001cdce00000000000033ce7f800000000182a07f801
00000920000000033ce7f800000000031ce7f0000000001cdc2000200000001cdc07f801
00000920000000033ce7f800000000031ceff000000000031c27f020000000031c2ff001
00000920000000033ce7f8000000001cdcf00000000000033ceff800000000182a0ff801
000009200000001cdcf000000000001cdce000000000001cdcf000000000000feff00005
000009200000001cdcf00000000000031ce7f0000000001ce3400fe00000001ce3400fe1
000009200000001cdcf00000000000031ceff0000000001cdce800000000001cdceff811
000009200000001cdcf000000000001cdcf00000000000031c2ff0200000000fefeff815
000009200000001cdc3000200000001cdce000000000001cdc3000200000000feff00025
000009200000001cdc300020000000031ce7f0000000001c9ce010000000001c9ce00fe1
000009200000001cdc300020000000031ceff000000000035ce7e00000000018097ff001
000009200000001cdc3000200000001cdcf000000000001c5ce820000000000fefe82005
000009200000001ce3500fe00000001cdce000000000001ce3500fe00000000feff00fe5
000009200000001ce3500fe0000000031ce7f0000000001c9c2010200000001c9c200041
000009200000001ce3500fe0000000031ceff00000000003634fefe000000018115ff001
000009200000001ce3500fe00000001cdcf00000000000033ce7f8000000000fefe7f805
000009400000001cdce000000000001cdce000000000001cdce000000000000fefe00005
000009400000001cdce00000000000031ce7f000000000031ce7f000000000180a27f001
000009400000001cdce00000000000031ceff000000000031ceff000000000180a2ff811
000009400000001cdce000000000001cdcf000000000001cdcf000000000000feff00005
000009400000001cdc2000200000001cdce000000000001cdc2000200000000fefe00025
000009400000001cdc200020000000031ce7f000000000031c27f020000000180987f021
000009400000001cdc200020000000031ceff000000000033ceff80000000018098ff801
000009400000001cdc2000200000001cdcf000000000001cdc3000200000000feff00025
000009400000001ce3400fe00000001cdce000000000001ce3400fe00000000fefe00fe5
000009400000001ce3400fe0000000031ce7f0000000001cdce800000000001cdd080001
000009400000001ce3400fe0000000031ceff000000000031c2ff02000000018116ff811
000009400000001ce3400fe00000001cdcf000000000001ce3500fe00000000feff00fe5
000009400000001c9ce010000000001cdce000000000001c9ce010000000000fefe01005
000009400000001c9ce01000000000031ce7f000000000035ce7e00000000017ca27e001
000009400000001c9ce01000000000031ceff0000000001c5ce820000000001c5d0ff001
000009400000001c9ce010000000001cdcf000000000001cdce000000000000feff00005
000009400000001c9c2010200000001cdce000000000001c9c2010200000000fefe01025
000009400000001c9c201020000000031ce7f00000000003634fefe000000017c98fefe1
000009400000001c9c201020000000031ceff000000000033ce7f80000000017c98ff001
000009400000001c9c2010200000001cdcf000000000001cdc2000200000000fefe00025
00000940000000031ce7f0000000001cdce00000000000031ce7f000000000180a27f001
00000940000000031ce7f000000000031ce7f000000000031ceff000000000031ceff001
00000940000000031ce7f000000000031ceff0000000001cdcf000000000001cdceff001
00000940000000031ce7f0000000001cdcf000000000001ce3400fe00000001ce3600fe1
00000940000000031c27f0200000001cdce00000000000031c27f020000000180987f021
00000940000000031c27f020000000031ce7f000000000033ceff800000000033ceff801
00000940000000031c27f020000000031ceff0000000001cdc3000200000001cdc2ff001
00000940000000031c27f0200000001cdcf000000000001c9ce010000000001c9d001001
000009400000001cdce800000000001cdce000000000001cdce800000000000fefe80005
000009400000001cdce80000000000031ce7f000000000031c2ff020000000180a2ff811
000009400000001cdce80000000000031ceff0000000001ce3500fe00000001ce36ff001
000009400000001cdce800000000001cdcf000000000001c9c2010200000000fefe01025
00000940000000035ce7e0000000001cdce00000000000035ce7e000000000184a27e001
00000940000000035ce7e000000000031ce7f0000000001c5ce820000000001c5ce82101
00000940000000035ce7e000000000031ceff0000000001cdce000000000001cdceff001
00000940000000035ce7e0000000001cdcf00000000000031ce7f000000000184a27f001
0000094000000003634fefe00000001cdce0000000000003634fefe000000018516fefe1
0000094000000003634fefe0000000031ce7f000000000033ce7f800000000033cefefe1
0000094000000003634fefe0000000031ceff0000000001cdc2000200000001cdc2ff001
0000094000000003634fefe00000001cdcf00000000000031c27f020000000185167f021
00000940000000031ceff0000000001cdce00000000000031ceff000000000180a2ff811
00000940000000031ceff000000000031ce7f0000000001cdcf000000000001cdceff001
00000940000000031ceff000000000031ceff0000000001ce3400fe00000001ce34ff001
00000940000000031ceff0000000001cdcf000000000001cdce800000000001cdd0ff811
00000940000000033ceff8000000001cdce00000000000033ceff800000000182a2ff801
00000940000000033ceff800000000031ce7f0000000001cdc3000200000001cdc2ff801
00000940000000033ceff800000000031ceff0000000001c9ce010000000001c9ceff801
00000940000000033ceff8000000001cdcf00000000000035ce7e000000000182a2ff801
00000940000000031c2ff0200000001cdce00000000000031c2ff02000000018098ff811
00000940000000031c2ff020000000031ce7f0000000001ce3500fe00000001ce34ff811
00000940000000031c2ff020000000031ceff0000000001c9c2010200000001c9c2ff811
00000940000000031c2ff0200000001cdcf0000000000003634fefe000000018098ff811
000009400000001c5ce820000000001cdce000000000001c5ce820000000000fefe82005
000009400000001c5ce82000000000031ce7f0000000001cdce000000000001cdd082001
000009400000001c5ce82000000000031ceff000000000031ce7f000000000178a2ff001
000009400000001c5ce820000000001cdcf00000000000031ceff0000000000fefeff005
00000940000000033ce7f8000000001cdce00000000000033ce7f800000000182a27f801
00000940000000033ce7f800000000031ce7f0000000001cdc2000200000001cdc27f801
00000940000000033ce7f800000000031ceff000000000031c27f020000000031c2ff001
00000940000000033ce7f8000000001cdcf00000000000033ceff800000000182a2ff801
000009400000001cdcf000000000001cdce000000000001cdcf000000000000feff00005
000009400000001cdcf00000000000031ce7f0000000001ce3400fe00000001ce3600fe1
000009400000001cdcf00000000000031ceff0000000001cdce800000000001cdd0ff811
000009400000001cdcf000000000001cdcf00000000000031c2ff0200000000fefeff815
000009400000001cdc3000200000001cdce000000000001cdc3000200000000feff00025
000009400000001cdc300020000000031ce7f0000000001c9ce010000000001c9d000fe1
000009400000001cdc300020000000031ceff000000000035ce7e00000000018099ff001
000009400000001cdc3000200000001cdcf000000000001c5ce820000000000fefe82005
000009400000001ce3500fe00000001cdce000000000001ce3500fe00000000feff00fe5
000009400000001ce3500fe0000000031ce7f0000000001c9c2010200000001c9c400041
000009400000001ce3500fe0000000031ceff00000000003634fefe000000018117ff001
000009400000001ce3500fe00000001cdcf00000000000033ce7f8000000000fefe7f805
000009600000001cdce000000000001cdce000000000001cdce000000000000ff0000005
000009600000001cdce00000000000031ce7f000000000031ce7f000000000180a07f001
000009600000001cdce00000000000031ceff000000000031ceff000000000180a0ff811
000009600000001cdce000000000001cdcf000000000001cdcf000000000000ff0100005
000009600000001cdc2000200000001cdce000000000001cdc2000200000000ff0000025
000009600000001cdc200020000000031ce7f000000000031c27f020000000180967f041
000009600000001cdc200020000000031ceff000000000033ceff80000000018096ff801
000009600000001cdc2000200000001cdcf000000000001cdc3000200000000ff0100025
000009600000001ce3400fe00000001cdce000000000001ce3400fe00000000ff0000fe5
000009600000001ce3400fe0000000031ce7f0000000001cdce800000000001cdce80021
000009600000001ce3400fe0000000031ceff000000000031c2ff02000000018114ff811
000009600000001ce3400fe00000001cdcf000000000001ce3500fe00000000ff0100fe5
000009600000001c9ce010000000001cdce000000000001c9ce010000000000ff0001005
000009600000001c9ce01000000000031ce7f000000000035ce7e00000000017ca07e021
000009600000001c9ce01000000000031ceff0000000001c5ce820000000001c5ceff001
000009600000001c9ce010000000001cdcf000000000001cdce000000000000ff0000005
000009600000001c9c2010200000001cdce000000000001c9c2010200000000ff0001025
000009600000001c9c201020000000031ce7f00000000003634fefe000000017c96ff005
000009600000001c9c201020000000031ceff000000000033ce7f80000000017c96ff001
000009600000001c9c2010200000001cdcf000000000001cdc2000200000000ff0000025
00000960000000031ce7f0000000001cdce00000000000031ce7f000000000180a07f001
00000960000000031ce7f000000000031ce7f000000000031ceff000000000031d0ff001
00000960000000031ce7f000000000031ceff0000000001cdcf000000000001cdccff001
00000960000000031ce7f0000000001cdcf000000000001ce3400fe00000001ce3400fe1
00000960000000031c27f0200000001cdce00000000000031c27f020000000180967f021
00000960000000031c27f020000000031ce7f000000000033ceff800000000033d0ff801
00000960000000031c27f020000000031ceff0000000001cdc3000200000001cdc0ff001
00000960000000031c27f0200000001cdcf000000000001c9ce010000000001c9ce01001
000009600000001cdce800000000001cdce000000000001cdce800000000000ff0080005
000009600000001cdce80000000000031ce7f000000000031c2ff020000000180a0ff811
000009600000001cdce80000000000031ceff0000000001ce3500fe00000001ce34ff001
000009600000001cdce800000000001cdcf000000000001c9c2010200000000ff0001025
00000960000000035ce7e0000000001cdce00000000000035ce7e000000000184a07e001
00000960000000035ce7e000000000031ce7f0000000001c5ce820000000001c5cc82101
00000960000000035ce7e000000000031ceff0000000001cdce000000000001cdccff001
00000960000000035ce7e0000000001cdcf00000000000031ce7f000000000184a07f001
0000096000000003634fefe00000001cdce0000000000003634fefe000000018514fefe1
0000096000000003634fefe0000000031ce7f000000000033ce7f800000000033d0ff005
0000096000000003634fefe0000000031ceff0000000001cdc2000200000001cdc0ff001
0000096000000003634fefe00000001cdcf00000000000031c27f020000000185147f021
00000960000000031ceff0000000001cdce00000000000031ceff000000000180a0ff811
00000960000000031ceff000000000031ce7f0000000001cdcf000000000001cdccff001
00000960000000031ceff000000000031ceff0000000001ce3400fe00000001ce32ff001
00000960000000031ceff0000000001cdcf000000000001cdce800000000001cdceff811
00000960000000033ceff8000000001cdce00000000000033ceff800000000182a0ff801
00000960000000033ceff800000000031ce7f0000000001cdc3000200000001cdc0ff801
00000960000000033ceff800000000031ceff0000000001c9ce010000000001c9ccff801
00000960000000033ceff8000000001cdcf00000000000035ce7e000000000182a0ff801
00000960000000031c2ff0200000001cdce00000000000031c2ff02000000018096ff811
00000960000000031c2ff020000000031ce7f0000000001ce3500fe00000001ce32ff811
00000960000000031c2ff020000000031ceff0000000001c9c2010200000001c9c0ff811
00000960000000031c2ff0200000001cdcf0000000000003634fefe000000018096ff811
000009600000001c5ce820000000001cdce000000000001c5ce820000000000ff0082005
000009600000001c5ce82000000000031ce7f0000000001cdce000000000001cdce82001
000009600000001c5ce82000000000031ceff000000000031ce7f000000000178a0ff001
000009600000001c5ce820000000001cdcf00000000000031ceff0000000000ff00ff005
00000960000000033ce7f8000000001cdce00000000000033ce7f800000000182a07f801
00000960000000033ce7f800000000031ce7f0000000001cdc2000200000001cdc07f821
00000960000000033ce7f800000000031ceff000000000031c27f020000000031c4ff001
00000960000000033ce7f8000000001cdcf00000000000033ceff800000000182a0ff801
000009600000001cdcf000000000001cdce000000000001cdcf000000000000ff0100005
000009600000001cdcf00000000000031ce7f0000000001ce3400fe00000001ce3400fe1
000009600000001cdcf00000000000031ceff0000000001cdce800000000001cdceff811
000009600000001cdcf000000000001cdcf00000000000031c2ff0200000000ff00ff815
000009600000001cdc3000200000001cdce000000000001cdc3000200000000ff0100025
000009600000001cdc300020000000031ce7f0000000001c9ce010000000001c9ce00fe1
000009600000001cdc300020000000031ceff000000000035ce7e00000000018097ff001
000009600000001cdc3000200000001cdcf000000000001c5ce820000000000ff0082005
000009600000001ce3500fe00000001cdce000000000001ce3500fe00000000ff0100fe5
000009600000001ce3500fe0000000031ce7f0000000001c9c2010200000001c9c200041
000009600000001ce3500fe0000000031ceff00000000003634fefe000000018115ff001
000009600000001ce3500fe00000001cdcf00000000000033ce7f8000000000ff007f805
000009800000001cdce000000000001cdce000000000001cdce000000000000ff0000005
000009800000001cdce00000000000031ce7f000000000031ce7f000000000180a07f001
000009800000001cdce00000000000031ceff000000000031ceff000000000180a0ff811
000009800000001cdce000000000001cdcf000000000001cdcf000000000000ff0100005
000009800000001cdc2000200000001cdce000000000001cdc2000200000000ff0000025
000009800000001cdc200020000000031ce7f000000000031c27f020000000180967f021
000009800000001cdc200020000000031ceff000000000033ceff80000000018096ff801
000009800000001cdc2000200000001cdcf000000000001cdc3000200000000ff0100025
000009800000001ce3400fe00000001cdce000000000001ce3400fe00000000ff0000fe5
000009800000001ce3400fe0000000031ce7f0000000001cdce800000000001cdce80001
000009800000001ce3400fe0000000031ceff000000000031c2ff02000000018116ff811
000009800000001ce3400fe00000001cdcf000000000001ce3500fe00000000ff0100fe5
000009800000001c9ce010000000001cdce000000000001c9ce010000000000ff0001005
000009800000001c9ce01000000000031ce7f000000000035ce7e00000000017ca07e001
000009800000001c9ce01000000000031ceff0000000001c5ce820000000001c5ceff001
000009800000001c9ce010000000001cdcf000000000001cdce000000000000ff0000005
000009800000001c9c2010200000001cdce000000000001c9c2010200000000ff0001025
000009800000001c9c201020000000031ce7f00000000003634fefe000000017c96fefe1
000009800000001c9c201020000000031ceff000000000033ce7f80000000017c96ff001
000009800000001c9c2010200000001cdcf000000000001cdc2000200000000ff0000025
00000980000000031ce7f0000000001cdce00000000000031ce7f000000000180a07f001
00000980000000031ce7f000000000031ce7f000000000031ceff000000000031ceff001
00000980000000031ce7f000000000031ceff0000000001cdcf000000000001cdceff001
00000980000000031ce7f0000000001cdcf000000000001ce3400fe00000001ce3400fe1
00000980000000031c27f0200000001cdce00000000000031c27f020000000180967f021
00000980000000031c27f020000000031ce7f000000000033ceff800000000033ceff801
00000980000000031c27f020000000031ceff0000000001cdc3000200000001cdc2ff001
00000980000000031c27f0200000001cdcf000000000001c9ce010000000001c9ce01001
000009800000001cdce800000000001cdce000000000001cdce800000000000ff0080005
000009800000001cdce80000000000031ce7f000000000031c2ff020000000180a0ff811
000009800000001cdce80000000000031ceff0000000001ce3500fe00000001ce34ff001
000009800000001cdce800000000001cdcf000000000001c9c2010200000000ff0001025
00000980000000035ce7e0000000001cdce00000000000035ce7e000000000184a07e001
00000980000000035ce7e000000000031ce7f0000000001c5ce820000000001c5ce82101
00000980000000035ce7e000000000031ceff0000000001cdce000000000001cdceff001
00000980000000035ce7e0000000001cdcf00000000000031ce7f000000000184a07f001
0000098000000003634fefe00000001cdce0000000000003634fefe000000018516fefe1
0000098000000003634fefe0000000031ce7f000000000033ce7f800000000033cefefe1
0000098000000003634fefe0000000031ceff0000000001cdc2000200000001cdc2ff001
0000098000000003634fefe00000001cdcf00000000000031c27f020000000185167f021
00000980000000031ceff0000000001cdce00000000000031ceff000000000180a0ff811
00000980000000031ceff000000000031ce7f0000000001cdcf000000000001cdceff001
00000980000000031ceff000000000031ceff0000000001ce3400fe00000001ce34ff001
00000980000000031ceff0000000001cdcf000000000001cdce800000000001cdceff811
00000980000000033ceff8000000001cdce00000000000033ceff800000000182a0ff801
00000980000000033ceff800000000031ce7f0000000001cdc3000200000001cdc2ff801
00000980000000033ceff800000000031ceff0000000001c9ce010000000001c9ceff801
00000980000000033ceff8000000001cdcf00000000000035ce7e000000000182a0ff801
00000980000000031c2ff0200000001cdce00000000000031c2ff02000000018096ff811
00000980000000031c2ff020000000031ce7f0000000001ce3500fe00000001ce34ff811
00000980000000031c2ff020000000031ceff0000000001c9c2010200000001c9c2ff811
00000980000000031c2ff0200000001cdcf0000000000003634fefe000000018096ff811
000009800000001c5ce820000000001cdce000000000001c5ce820000000000ff0082005
000009800000001c5ce82000000000031ce7f0000000001cdce000000000001cdce82001
000009800000001c5ce82000000000031ceff000000000031ce7f000000000178a0ff001
000009800000001c5ce820000000001cdcf00000000000031ceff0000000000ff00ff005
00000980000000033ce7f8000000001cdce00000000000033ce7f800000000182a07f801
00000980000000033ce7f800000000031ce7f0000000001cdc2000200000001cdc27f801
00000980000000033ce7f800000000031ceff000000000031c27f020000000031c2ff001
00000980000000033ce7f8000000001cdcf00000000000033ceff800000000182a0ff801
000009800000001cdcf000000000001cdce000000000001cdcf000000000000ff0100005
000009800000001cdcf00000000000031ce7f0000000001ce3400fe00000001ce3400fe1
000009800000001cdcf00000000000031ceff0000000001cdce800000000001cdceff811
000009800000001cdcf000000000001cdcf00000000000031c2ff0200000000ff00ff815
000009800000001cdc3000200000001cdce000000000001cdc3000200000000ff0100025
000009800000001cdc300020000000031ce7f0000000001c9ce010000000001c9ce00fe1
000009800000001cdc300020000000031ceff000000000035ce7e00000000018097ff001
000009800000001cdc3000200000001cdcf000000000001c5ce820000000000ff0082005
000009800000001ce3500fe00000001cdce000000000001ce3500fe00000000ff0100fe5
000009800000001ce3500fe0000000031ce7f0000000001c9c2010200000001c9c200041
000009800000001ce3500fe0000000031ceff00000000003634fefe000000018117ff001
000009800000001ce3500fe00000001cdcf00000000000033ce7f8000000000ff007f805
0000000000000016618cd3400000001cd319a6800000001fd6334d200000001fd6334d21
0000002000000017ec669a600000000fc8cd34c000000017f19a69a00000001fc60313e1
000000400000000a6334d3400000001fd669a6a0000000105cd34d600000001ff0000005
000000600000000049a69ac000000007f34d35a00000000d369a6b600000000d369a6b81
000000800000001fbd34d6e0000000102a69adc00000000044d35b8000000007f81b6281
0000000000000007b9a6b72000000006b34d6e600000001fc69adcc00000001fc69adcc1
00000020000000101d35b9a000000007da6b73600000000b74d6e6c00000000b74d6e6a1
000000400000001fe9adcd8000000017b35b9b200000000fc6b736400000000fce7b9081
00000060000000104d6e6c80000000083adcd9000000000cd5b9b2000000000cd5b9b201
000000800000001fdb73642000000017d6e6c8400000000fddcd90a00000000fe3d01bc1
00000000000000104b9b214000000007f7364280000000064e6c8520000000064e6c8521
000000200000001fccd90a400000001809b214a00000000fc36429400000000fec032421
000000400000001806c852a0000000085d90a5600000001fbb214ae00000001fbb214b01
0000006000000018164295e0000000029c852bc000000015290a578000000015290a5781
000000800000001fd214af200000001024295e40000000080852bca000000008178dab81
0000000000000002b0a579600000001fc14af2c000000017e295e5800000001a81fdcae1
0000002000000005e52bcb200000001fca5796400000001044af2c800000001dc16d8781
0000004000000008395e59000000000fe2bcb20000000010257964000000000fefffffe5
00000060000000004af2c8000000000025e5900000000007cbcb202000000007cbcb2041
000000800000000fb7964060000000182f2c80e00000000fce5901c00000001ff0000005
00000000000000104cb2038000000008396407000000000fe2c80e000000000fe2c80e01
0000002000000017b5901c000000000feb20380000000017b64070000000001fb2474d61
00000040000000007c80e00000000010e901c02000000011c203804000000011c2038061
000000600000001fe407008000000010280e010000000007c01c0220000000081e9ce841
000000800000000fb038046000000018107008c00000000000e011800000001fd0a99561
000000000000001fe1c02300000000101380462000000007d7008c400000000808828a01
000000200000000fee011880000000105c0231200000000018046260000000185a430381
00000040000000002008c4c000000000501189a000000000502313600000000050231361
0000006000000000004626c000000007f08c4da00000000c41189b600000000c41189b81
0000008000000018923136c00000001fe4626d800000001008c4db000000000ff0000005
00000000000000003189b6200000000033136c60000000000626d8c0000000000626d8c3
00000020000000002c4db18000000000189b6320000000003136c660000000003136c661
0000004000000008126d8cc00000000fd4db19a00000001049b633400000000fefffffe5
0000006000000000436c66800000000836d8cd0000000008cdb19a2000000008cdb19a41
000000800000001fcb6334400000001026c66880000000004d8cd10000000008037e0321
0000000000000007cb19a2200000000fb6334460000000105c6688e00000000f92cd0a41
000000200000000808cd11c00000000d119a23a00000001fb33447600000001fb3344741
000000400000001826688ee0000000088cd11dc00000001fe9a23b800000001fe9a23ba1
0000006000000017b3447720000000047688ee400000001fed11dc800000001fed11dc81
00000080000000102a23b900000000001447722000000007d88ee44000000007d88ee441
000000000000000ee11dc8a00000001fb23b916000000010547722e00000001ff0000005
000000200000000808ee45c00000000e41dc8ba00000001fb3b917600000001fb3b916e1
000000400000001827722ee00000000fcee45dc0000000104dc8bb800000001ff0000005
00000060000000004b91770000000007b722ee000000000fde45dc200000000fde45dc41
00000080000000102c8bb84000000000191770a000000007d22ee16000000007d22ee161
000000000000000ee45dc2c00000001dc8bb85800000001fd1770b200000001ff0000005
0000002000000017d2ee16400000000e15dc2c800000001c2bb859200000001df9dcfb81
000000400000001fc770b240000000101ee164a000000007ddc2c96000000007fe0f7381
000000600000000fbb8592e000000010470b25c0000000003e164ba00000001813d197e1
0000008000000007cc2c97400000000fe8592e800000001830b25d000000000fc56ff661
00000000000000025164ba2000000014b2c974600000001fb592e8e00000001fb592e8e1
00000020000000180b25d1c000000005d64ba3800000001bac9747200000001bac974721
000000400000001fb92e8e6000000010325d1ce00000000034ba39e000000007fce6ec21
0000006000000000397473e00000000802e8e7c00000000fd5d1cfa00000000fd5d1cfc1
0000008000000017cba39f400000000397473e800000001fde8e7d200000001fde8e7d21
00000000000000101d1cfa60000000081a39f4c00000000fd473e9a00000000fd473e9a1
000000200000001048e7d34000000007f1cfa6800000000fe39f4d000000000fe39f4ce1
0000004000000017b73e9a000000000e9e7d34000000001d3cfa68200000001e6625a661
000000600000001fb9f4d0600000001823e9a0e00000000fb7d341e00000000ff0000005
00000080000000101fa683e0000000002f4d07c000000007ee9a0f8000000007ee9a0f81
000000000000000a0d341f20000000141a683e400000001fe4d07c800000001fe4d07c81
000000200000001029a0f90000000007c341f22000000001f683e46000000001f683e441
0000004000000013ed07c8e000000017ca0f91c00000001f941f23800000001f941f2381
000000600000001fe83e470000000017c07c8e200000000fc0f91c400000000fcd769cc1
000000800000001051f238a000000007c3e471400000000477c8e2a00000000477c8e2a1
000000000000001fcf91c540000000180f238aa00000000fbe4715600000000ff0000005
00000020000000103c8e2ae000000000091c55c0000000003238aba0000000003238ab81
0000004000000000147157600000000828e2aee000000002a1c55dc000000002a1c55dc1
0000006000000015538abba00000001ab7157740000000157e2aeea0000000081c31a581
000000800000001fbc55dd600000001048abbac000000007e157758000000008180364e1
000000000000000fe2aeeb0000000010255dd600000000000abbac000000001818f32701
0000002000000007b5775800000000075aeeb0200000001eb5dd60600000001eb5dd6041
000000400000001fcbbac0c00000001007758180000000000eeb030000000007d9dab4c1
0000006000000007cdd606200000000fcbac0c4000000018075818a00000000fa9ccff01
000000800000000fbeb03160000000182d6062e00000000fcac0c5c00000001ff0000005
0000000000000017f5818ba0000000018b0317600000001316062ec00000001316062ee1
000000200000001fdc0c5da000000017d818bb6000000008b03176e00000000fc51ef3a1
00000040000000117062edc00000001fe0c5db8000000017b18bb72000000009612d9081
000000600000000fc3176e4000000018062edca00000000edc5db9600000001fda7805c1
000000800000001fb8bb72e0000000105176e5e00000000052edcbe0000000081afef3e1
000000000000000045db97c0000000004bb72f8000000000276e5f0000000000276e5f01
0000002000000007cedcbe200000000cbdb97c400000001feb72f8800000001feb72f861
000000400000001056e5f120000000001dcbe260000000082b97c4e0000000082b97c4c1
000000600000000fc72f89c000000017ee5f13800000000f1cbe27000000001fc5fddca1
000000800000001e297c4e200000001fc2f89c4000000017f5f138800000000ff0000005
00000000000000013be271000000001fe7c4e20000000017bf89c4000000001934b65141
0000002000000009cf138800000000138e2710200000001fbc4e20600000001fbc4e2061
0000004000000010089c40c000000007e13881800000000fe27103000000000fe27102e1
0000006000000017b4e206000000000209c40c0000000014038818000000001403881801
000000800000001817103020000000103e2060600000001fcc40c0c00000001fcc40c0c1
0000000000000010188181a0000000002103034000000008020606a000000008020606a1
000000200000000fb40c0d600000001058181ae000000008103035e0000000180c0023e1
000000400000000030606bc00000001060c0d7a00000001fc181af400000001fc181af61
000000600000001043035e80000000005606bd2000000007dc0d7a4000000007dc0d7a41
000000800000000fe81af480000000100035e90000000000106bd22000000017a44e14a1
000000000000000050d7a4600000000041af48c000000000335e91a000000000335e91a1
0000002000000007d6bd23600000000d2d7a46e00000001fbaf48de00000001fbaf48dc1
000000400000001015e91be0000000004bd237c00000000057a46fa00000000057a46f81
00000060000000004f48df40000000004e91be8000000007bd237d2000000007bd237d41
00000080000000037a46fa400000001fd48df4a000000017d91be9600000001b60e0ee01
000000000000000fb237d2e000000018046fa5c00000000fa8df4ba00000001fc10d14c1
000000200000001f41be97600000001e937d2ee00000001fb6fa5de00000000fefffffe5
00000040000000180df4bbc00000000fdbe977a00000001037d2ef600000001ff0000005
00000060000000081fa5dec00000000fef4bbd80000000101e977b200000000ff0000005
00000080000000005d2ef660000000082a5dece00000000de4bbd9c00000000de4bbd9c1
000000000000001fe977b38000000017b2ef67200000000f65dece400000000faf81a701
000000200000001ecbbd9c800000001d977b39200000001b3ef672600000000fefffffe5
000000400000001fcdece4c000000017fbd9c9a00000000fc7b393400000000fe2f2aac1
00000060000000104f672680000000083ece4d000000000fdd9c9a200000000fdd9c9a21
0000008000000017db3934400000000936726880000000126ce4d120000000192318a8a1
000000000000001fb9c9a26000000018239344e000000003472689e00000000fef8ccc61
00000020000000168e4d13e00000001d1c9a27c00000001fd9344fa00000001fd9344f81
0000004000000017c2689f400000000894d13e800000001fd9a27d200000001fd9a27d41
00000060000000100344fa4000000007f689f48000000009fd13e92000000009fd13e921
0000008000000013ea27d2400000001fe44fa48000000010089f49000000000be099fc21
0000000000000007c13e92200000000fb27d24600000001044fa48c00000000f83ed4461
0000002000000007f9f491a00000000493e923600000001fc7d246c00000001fc7d246a1
0000004000000017ffa48da00000000fbf491b60000000103e9236e00000001fceefb3c1
00000060000000002d246dc000000007ea48db800000000fe491b7000000000fe491b721
000000800000001059236e2000000007d246dc4000000006d48db8a000000006d48db8a1
000000000000001db91b71400000001b7236e28000000016e46dc5200000000ff0000005
000000200000001fb8db8a600000001821b714e00000000fb36e29e00000000fedf377a1
000000400000001026dc53c000000007fdb8a7a00000000fcb714f400000000fcb714f21
000000600000001056e29ea000000007ddc53d600000000fbb8a7ae00000000fbb8a7ae1
00000080000000100714f5c0000000003e29eba000000007cc53d74000000007cc53d741
0000000000000003d8a7ae800000001fe14f5d0000000017c29eba200000001bcaac74a1
000000200000000eb53d74400000001fea7ae88000000017b4f5d1200000001fefffffe5
0000004000000005d9eba2600000001ba3d744c00000001fe7ae89800000001fe7ae89a1
00000060000000102f5d1300000000000eba260000000007cd744c2000000007cd744c21
000000800000000fcae898400000001805d130a00000000fbba261600000001fddc87f81
00000000000000104744c2c000000007fe8985a0000000098d130b40000000098d130b41
00000020000000130a26168000000016144c2d200000001fb8985a600000001fb8985a41
00000040000000182130b4e00000000fb26169e00000001804c2d3c00000001fe3bf74a1
0000006000000002d985a7a000000015a30b4f600000001fb6169ee00000001fb6169ee1
00000080000000180c2d3dc00000000fd85a7ba00000001010b4f7600000001ff0000005
00000000000000005169eee00000000802d3ddc00000000fd5a7bba00000000fd5a7bba1
00000020000000100b4f774000000007f69eee800000000eed3ddd200000000eed3ddd01
000000400000001fca7bba400000001024f774800000000009eee90000000008015a1fc1
000000600000000003ddd20000000007b7bba4000000000fdf7748200000000fdf774841
0000008000000017deee90400000000e9ddd20a00000001fcbba41400000001fcbba4301
0000000000000017f77482800000000feee90500000000103dd20a200000001ff0000005
0000002000000007eba4146000000004174828c0000000182e905180000000182e905161
00000040000000105d20a3000000001fea41460000000017c4828c200000000857dbad21
00000060000000028905186000000015120a30c00000001fe41461800000001fe4146181
00000080000000183828c30000000008c05186200000001180a30c600000001908a3dbe1
000000000000001fb14618e000000018128c31e00000000fb51863e00000000fd94c5021
00000020000000103a30c7e00000000814618fe00000000fb8c31fe00000000fb8c31fc1
000000400000001021863fc000000000030c7f80000000002618ff00000000002618fee1
00000060000000001c31fe2000000007d863fc400000000fd0c7f8a00000000fd0c7f8c1
0000008000000017d18ff1600000000fb31fe2e000000010463fc5c00000001f94fdee81
00000000000000003c7f8ba000000007c8ff17400000000f11fe2ea00000000f11fe2ea1
000000200000001fb3fc5d600000001057f8bae0000000000ff175c0000000081df17741
00000040000000002fe2eb8000000007bfc5d72000000005df8bae4000000005df8bae41
000000600000001fef175c80000000102e2eb900000000000c5d7200000000082d534c21
0000008000000007c8bae4200000000ae175c86000000015c2eb90c00000000abafc9ec1
000000000000001b95d72180000000172bae43000000001e475c86200000001e475c8621
000000200000001c8eb90c60000000190d7218c00000001fdae431a00000001fdae43181
000000400000001025c86340000000005b90c6a000000007d7218d6000000007d7218d41
000000600000000fbe431ae0000000181c8635e000000006390c6bc00000001feaf9a361
000000800000001c6218d7a00000001fc431af400000001808635ea00000000ff0000005
000000000000000fc0c6bd4000000018018d7aa00000000d731af5400000001fd2678101
000000200000001af635eaa00000001fbc6bd5600000001028d7aac00000000fefffffe5
0000004000000007e1af55800000000fe35eab000000001026bd56000000000fd568d8a1
00000060000000000d7aac00000000001af5582000000007e5eab06000000007e5eab081
000000800000000abbd560e00000001fc7aac1c0000000105f5583a00000001ff0000005
00000000000000005eab0760000000082d560ee0000000060aac1de0000000060aac1de1
000000200000001fc5583bc000000017fab077a00000000fc560ef400000000fdc7ddd21
0000004000000017fac1de8000000001d583bd2000000013bb077a4000000013bb077a61
0000006000000017760ef4800000001fec1de90000000017b83bd2000000000f7361b421
000000800000000fd077a42000000017e0ef48600000000fb1de90e00000001fb0fd42a1
000000000000001803bd21c00000000fe77a438000000017bef487200000001ff0000005
00000020000000048de90e600000001fbbd21ce00000001037a439e00000001c5a010881
00000040000000002f4873c0000000000e90e780000000001d21cf20000000001d21cf21
0000006000000007da439e400000000394873ca000000017390e794000000017390e7921
000000800000001fe21cf28000000017b439e52000000009e873ca600000000fa6e5b9a1
0000000000000013c0e794c00000001791cf29800000001fd39e53200000001fd39e5321
0000002000000017d73ca6400000000fde794ca0000000104cf299400000001fc620f0c1
000000400000000809e532a00000000fb3ca6560000000102794cac00000000fd003dee1
00000060000000005f2995a0000000000e532b4000000007fca6568000000007fca656a1
0000008000000006594cad200000001ca2995a600000001fb532b4e00000001fb532b4e1
00000000000000100a6569c000000007e4cad3800000000ad995a7200000000ad995a721
0000002000000015a32b4e600000001b46569ce00000001fccad39c00000001fccad39a1
0000004000000010195a73a000000007c2b4e7400000000fd569cea00000000fd569ce81
0000006000000017cad39d400000000fe5a73a80000000101b4e75200000001fc2271081
0000008000000007d69cea400000000ced39d4800000001fda73a9200000001fda73a921
000000000000001024e752400000000809cea4a00000000fb39d49600000000fb39d4961
0000002000000018173a92c00000000fde7525a000000017ccea4b400000001fefffffe5
000000400000000a49d496a00000001fb3a92d600000001827525ae00000001ff0000005
000000600000000fcea4b5c0000000102d496b80000000083a92d70000000008371164a1
0000008000000002d525ae0000000015aa4b5c200000001fc496b8400000001fc496b841
0000000000000010192d70a000000007c25ae1400000000ae4b5c2a00000000ae4b5c2a1
0000002000000015c96b85400000001fe2d70a8000000017b5ae15200000000dbdee9b61
000000400000000fbb5c2a600000001816b854c00000000fdd70a9a00000001fc2d28b01
00000060000000104ae1534000000007f5c2a6800000000fdb854d200000000fdb854d21
0000008000000010170a9a60000000081e1534c00000000fec2a69800000000fec2a6981
0000000000000017b854d32000000004d0a9a6400000001fd1534ca00000001fd1534ca1
0000002000000017c2a699400000000fe54d328000000017ba9a65200000001fb8d4a5c1
000000400000000a6534ca4000000014ca6994800000001fd4d329200000001fd4d32941
000000600000001039a6526000000000334ca4e000000000069949c000000000069949c3
0000008000000007ed3293800000000fda65272000000017e4ca4e600000000fd8156321
000000000000000fc9949cc000000017f32939a00000000fc65273400000001fb09fdfa1
00000020000000104ca4e680000000083949cd0000000009c2939a0000000009c29399e1
000000400000001fe527340000000017ba4e68000000000fd49cd0200000000fd8f5bbc1
00000060000000102939a04000000007f27340800000000344e681000000000344e68101
000000800000001fd9cd022000000010439a044000000007f734088000000008314127e1
000000000000000fde68112000000017dcd022400000000fd9a044a00000000fc7dfb541
00000020000000103340896000000008268112e00000000fbd0225e00000000fbd0225c1
00000040000000105a044be000000008140897e00000000898112fe00000000898112fc1
000000600000001120225fc00000001fe044bf800000001030897f20000000091067b301
0000008000000007d112fe4000000002f225fca00000001fb44bf9600000001fb44bf961
00000000000000181897f2c00000000fe12fe58000000010425fcb000000001ff0000005
000000200000000034bf962000000000297f2c400000000052fe58a00000000052fe58a1
000000400000000015fcb160000000082bf962e00000000fc7f2c5c00000000fc7f2c5c1
00000060000000102fe58b80000000004fcb170000000007cf962e2000000007cf962e21
000000800000000fcf2c5c40000000104e58b880000000083cb17100000000082bd2ddc1
000000000000000fd962e22000000017e2c5c46000000005c58b88e00000001fcdc90781
000000200000001b8b1711e000000017162e23e00000001e2c5c47c00000001e2c5c47a1
000000400000001c48b88fa00000001881711f400000001fe2e23e800000001fe2e23e81
000000600000001055c47d2000000007eb88fa600000000fc711f4c00000000fc711f4c1
0000008000000017ee23e98000000003ec47d3000000001fd88fa6200000001fd88fa621
0000000000000010211f4c4000000000423e988000000008347d310000000008347d3101
000000200000000fd8fa622000000017e1f4c46000000004c3e988e00000001fcc082521
000000400000001987d311c00000001fdfa623a0000000105f4c47600000000fefffffe5
00000060000000004e988ec000000007ed311d800000000fda623b200000000fda623b41
000000800000001054c47660000000000988ecc000000007f311d9a000000007f311d9a1
0000000000000001d623b36000000013bc4766e000000017688ecdc000000017688ecdc1
000000200000001ec11d9b800000001fd23b372000000017d4766e400000000fefffffe5
000000400000000fd8ecdca00000001051d9b9600000000823b372e00000001831f51e41
00000060000000037766e5c00000001feecdcb80000000104d9b97000000001b7686f761
00000080000000004b372e0000000007b66e5c000000000fdcdcb8200000000fdcdcb821
000000000000001049b97040000000004372e0800000000836e5c1000000000836e5c101
0000002000000005cdcb82200000001b8b9704400000001fe72e08800000001fe72e0881
00000040000000183e5c11000000000c1cb822000000001fd97044200000001fd9704441
000000600000001002e0884000000007f5c11080000000011b822120000000011b821d41
000000800000001fb7044260000000181e0884c0000000088c1109a00000000fe59a1ec1
0000000000000011082213400000001fe04426800000001030884d2000000008f888de21
0000002000000007d1109a400000000fd22134a000000017d44269600000000fb35617e1
00000040000000026884d2c000000014d109a5a00000001fc2134b400000001fc2134b61
00000060000000100426968000000000284d2d0000000000409a5a0000000000409a5a01
00000080000000004134b40000000007b26968000000000fe4d2d0000000000fe4d2d001
000000000000001019a5a02000000000234b404000000008069680a000000008069680a1
000000200000000fcd2d0140000000102a5a02800000000054b40520000000180806a1c1
000000400000000049680a400000000802d014a00000000fb5a029600000000fb5a02961
00000060000000101b4052e0000000081680a5e000000000ad014be000000000acb4a4e1
000000800000001fba0297e00000001814052fe00000000fc80a5fc00000000fe6486e21
00000000000000101014bfa000000007c0297f400000000fd052fea00000000fd052fea1
0000002000000017d0a5fd6000000005f14bfae00000001fc297f5c00000001fc297f5c1
0000004000000017e52feb800000000fea5fd7000000001044bfae000000001fe1766401
0000006000000000297f5c000000000002feb8000000000025fd70000000000025fd7021
00000080000000001bfae0200000000037f5c060000000082feb80e0000000082feb80e1
000000000000000fbfd701e0000000181fae03e00000000fcf5c07c00000001fe7ae6ce1
00000020000000104eb80f80000000083d701f000000000fdae03e200000000fdae03e01
0000004000000017e5c07c60000000007b80f8c000000010f701f1a000000010f714a3c1
0000006000000011fe03e36000000013ec07c6c000000017c80f8da000000017c80f8d81
000000800000001f801f1b400000001fe03e368000000017b07c6d200000000ff0000005
000000000000000fc0f8da400000001801f1b4a000000001b3e369400000001fd308cbe1
000000200000001367c6d2a00000001fbf8da560000000102f1b4ac00000000b3771dae1
00000040000000005e3695a0000000000c6d2b400000000008da56800000000008da5683
000000600000000021b4ad000000000043695a0000000007b6d2b40000000007b6d2b421
0000008000000002bda56820000000156b4ad0400000001ad695a0800000001ad695a081
0000000000000015ad2b41000000001fea5682000000001034ad04200000000da801ff81
0000002000000000195a08600000000812b410c000000004156821a000000004156821a1
000000400000001fcad0434000000017f5a08680000000008b410d000000000fd21f2e21
000000600000001fe6821a0000000017bd0434000000000fea0868000000000fec9583a1
00000080000000102410d00000000007b821a0000000000fe04340000000000fe0434001
0000000000000017b08680000000000fd10d002000000017e21a00600000001f919c5561
000000200000000a043400e00000001fb86801e00000001810d003e00000001fefffffe5
000000400000000fb1a007e00000001003400fc00000000006801f8000000017aca497a1
00000060000000003d003f20000000002a007e40000000080400fca0000000080400fcc1
000000800000000fc801f940000000105003f2a0000000000007e540000000182807e5a1
0000000000000000100fcaa000000007d01f95600000000f903f2ac00000000f903f2ac1
000000200000001fd07e55a000000017c0fcab400000000fe1f956800000000fe3118321
000000400000001023f2ad000000000057e55a20000000000fcab440000000000fcab423
00000060000000002f956880000000005f2ad120000000000e55a240000000000e55a263
00000080000000000cab448000000000195689200000000032ad12600000000032ad1261
0000000000000008155a24c00000000a2ab4498000000014456893000000000a51d18a01
00000020000000189ad126000000001125a24c20000000124b449860000000124b2055c1
000000400000001fb68930e0000000102d1261c000000007fa24c3a000000008074f04e1
000000600000000fb44987600000001828930ee00000000fb1261de00000001fed03fda1
0000008000000018024c3bc00000000fe498778000000017b930ef200000001ff0000005
0000000000000000e261de400000001fd4c3bca000000017d987796000000018c7db6a61
000000200000000fb30ef2e000000010461de5c0000000003c3bcba0000000180a582aa1
0000004000000007c87797400000000fd0ef2ea00000001011de5d600000000fa9e558e1
000000600000000823bcbae00000000fc77975c0000000102ef2eb800000000ff0000005
00000080000000083de5d70000000005dbcbae200000001fb7975c600000001fb7975c61
00000000000000100f2eb8c0000000003e5d71a0000000002cbae340000000002cbae341
0000002000000007f975c68000000005c2eb8d000000001b85d71a000000001b85d719e1
000000400000001febae340000000017c75c68200000000c6eb8d0600000000fc4352441
0000006000000018dd71a0e000000011aae341c00000001fe5c683800000001fe5c68361
00000080000000102b8d070000000007c71a0e200000000fce341c400000000fce341c41
0000000000000017fc6838800000000838d071000000001071a0e2000000001846073421
000000200000001fd341c42000000017d68388400000000fdd0710a00000000fe1e69fc1
0000004000000017ca0e21400000000e241c42800000001c483885200000001e005fd761
000000600000001fc0710a400000001020e214800000000011c4292000000007f1595c21
0000008000000007e3885260000000085710a4c00000001fee2149800000001fee214981
00000000000000183c4293000000000fe885260000000010010a4c000000001ff0000005
000000200000000012149820000000005429306000000000185260e000000000185260e1
000000400000000800a4c1c000000004c14983a000000019829307600000001982930761
000000600000001fb5260ee0000000104a4c1dc00000000044983b800000000811613a41
0000008000000007b93077200000000fb260ee600000001024c1dcc00000000f7cef2021
00000000000000001983b9a0000000005307736000000008160ee6c000000008160ee6c1
000000200000000fec1dcd8000000017b83b9b200000000fc07736400000000fa7476641
000000400000001050ee6ca000000007c1dcd9400000000fd3b9b2a00000000fd3b9b281
000000600000001017736560000000081ee6cac000000006cdcd958000000006cdcd9581
000000800000001fdb9b2b200000001047365640000000005e6caca00000000834066741
00000000000000004cd959400000000049b2b28000000008336565000000000833656501
000000200000000566caca000000001acd9594200000001fbb2b28600000001fbb2b2861
0000004000000018265650e0000000065caca1c00000001ca95943800000001ca95943a1
000000600000001fd2b287200000001005650e40000000080aca1ca0000000080df10da1
000000800000000a159439600000001fbb2872e0000000181650e5e00000001ff0000005
0000000000000000eca1cbc00000001fe94397800000001012872f2000000018e69ae181
0000002000000007d50e5e400000000fea1cbc8000000018343979000000000fd12e9521
000000400000000fe872f20000000017b0e5e40000000005e1cbc8200000001fa9d23ba1
000000600000001fb397906000000010172f20e0000000080e5e41c00000000810f55a41
000000800000000fecbc838000000017b97907200000000fc2f20e400000000fae084d21
000000000000001015e41ca0000000005bc8396000000000079072c000000000079072c3
0000002000000007ef20e58000000000ee41cb2000000011cc83964000000011cc832081
000000400000001fd9072ca000000010420e594000000007f41cb280000000082ec21a61
000000600000000fd839652000000017e072ca6000000002c0e594e00000001fc8e73061
000000800000001591cb29c00000001b239653800000001fd72ca7200000001fd72ca721
00000000000000101e594e60000000081cb29cc00000000fe96539800000000fe9653981
000000200000001022ca7300000000001594e620000000002b29cc40000000002b29cc21
0000004000000000565398a000000007cca7314000000007394e628000000007394e6281
000000600000001e629cc5000000001fd5398a20000000101a7314600000000ff0000005
000000800000000824e628e00000000fb9cc51e0000000180398a3c00000000ff0000005
0000000000000008a73147800000001fde628f20000000103cc51e600000001ff0000005
0000002000000008198a3cc00000000fd31479a000000017d628f3600000000fefffffe5
000000400000000fcc51e6c00000001008a3cd8000000007b1479b2000000017da43dc41
0000006000000007928f36600000001f351e6cc00000001fda3cd9a00000001fda3cf201
00000080000000104479b3400000000808f366a00000000361e6cd600000000361e6cd61
000000000000001fc3cd9ac000000010479b3580000000004f366b00000000081d37a881
0000002000000007ce6cd6200000000fccd9ac4000000017f9b358800000000fab6e3121
000000400000000fd366b1200000001016cd6260000000002d9ac4c000000017fba63ea1
0000006000000007eb35898000000005866b13000000001b1cd626200000001b1cd62601
000000800000001629ac4c600000001fb35898e00000001056b131e00000000def0ac3a1
00000000000000080d6263c0000000026ac4c7800000001fe5898f000000001fe5898f01
0000002000000017bb131e000000000316263c200000001fcc4c78400000001fcc4c7841
00000040000000101898f0a000000007c131e14000000001e263c2a000000001e263c281
000000600000001fb4c7856000000018198f0ac00000000fe31e15800000000ff0000005
0000008000000018363c2b000000000c2c7856000000001fd8f0ac200000001fd8f0ac21
000000000000001021e158400000000003c2b08000000008378561000000000837856101
000000200000000fdf0ac220000000104e158440000000080c2b08a00000001839a99441
000000400000000b085611400000001fd0ac22a000000010015845400000001ff0000005
000000600000000002b08a800000000835611500000000011ac22a20000000011ac263c1
000000800000001225845460000000145b08a8c00000001fe61151800000001fe6115181
00000000000000100c22a300000000000845460000000000008a8c0000000000008a8c03
0000002000000007b11518000000000fe22a300000000017b45460000000000fa364c581
000000400000000fe8a8c00000000017b15180000000000182a300200000001faab0e7a1
000000600000001fb5460060000000100a8c00c0000000000518018000000007cc0bcb81
00000080000000001a30032000000007e46006600000000fb8c00ce00000000fb8c00ce1
0000000000000010218019c0000000000300338000000008360067000000000836006701
000000200000000fdc00ce2000000017d8019c400000000fe00338800000000fd5856f41
0000004000000018300671000000000fd00ce220000000105019c4600000001ff0000005
0000006000000000503388e000000008006711c00000000710ce23a00000000710ce23c1
000000800000001fb19c47600000001053388ee00000000056711de0000000081527d501
00000000000000001ce23be00000000059c477e0000000000388efc0000000000388efc3
00000020000000001711dfa0000000004e23bf40000000004c477e80000000004c477e81
0000004000000000588efd2000000007e11dfa600000000df23bf4c00000000df23bf4c1
000000600000001fd477e9a00000001058efd3600000000821dfa6e000000008446b3fc1
000000800000000fa3bf4dc00000001f477e9ba00000001fbefd37600000001ff0000005
00000000000000104dfa6ec0000000003bf4dda000000007d7e9bb6000000007d7e9bb61
000000200000000fbfd376e0000000103fa6ede0000000000f4ddbc0000000180f7ae0a1
0000004000000007ee9bb7800000000bbd376f20000000176a6ede400000000bbbf22421
000000600000001fe4ddbc800000001839bb79000000000b7376f2200000000ff0000005
0000008000000016f6ede4600000001deddbc8c00000001bcbb791a00000000cf5650f61
0000000000000017976f23400000001fdede46a000000017ddbc8d600000000f869af7c1
000000200000000fcb791ac00000001056f235a000000007dde46b6000000018333ba281
00000040000000046bc8d6e00000001fc791adc000000017ff235ba00000001c4476d761
00000060000000035e46b76000000016bc8d6ee00000001fc91addc00000001fc91addc1
0000008000000017e235bb8000000005b46b77200000001fc8d6ee400000001fc8d6ee41
0000000000000017f1addc800000000dd35bb9200000001bb6b772600000001dd563cf41
00000020000000177d6ee4c00000001fdaddc9a00000001045bb93400000000f68b61921
00000040000000080b7726a00000000fb6ee4d60000000105ddc9ae00000000fd3ae7321
00000060000000000bb935c000000007f7726ba0000000026ee4d740000000026ee4d761
000000800000001fedc9ae80000000183b935d000000000fd726ba200000000ff0000005
0000000000000017de4d74400000000d7c9ae8a00000001fc935d1400000001fc935d141
0000002000000017f26ba2800000000ba4d745200000001749ae8a400000001ba7fe6101
000000400000001fe35d148000000017b6ba29200000000a2d7452600000000fab814801
00000060000000145ae8a4e00000001fb5d149e0000000102ba293c00000000c2258a9e1
0000008000000007e74527800000000fde8a4f20000000102d149e400000000fd63568c1
00000000000000080a293ca000000009345279600000001fb8a4f2e00000001fb8a4f2e1
00000020000000181149e5e00000000fb293cbe000000018052797c00000001fd412d5c1
00000040000000079a4f2fa00000001f249e5f600000001fc93cbec00000001fc93ce0c1
0000006000000017e2797d800000000fd4f2fb200000001049e5f6400000001fc8306c61
000000800000000043cbec80000000083797d9000000000fdf2fb2200000000fdf2fb221
0000000000000017de5f64400000000fdcbec8a000000010097d91400000001fcb488c81
0000002000000007f2fb22800000000fe5f64500000000103bec8a200000000fea0dc441
0000004000000007d7d91440000000091fb22880000000122f64512000000009079f1141
00000060000000145ec8a2600000001fcd9144c0000000105b2289a00000000c3c719281
0000008000000007c64513400000000fec8a268000000017b9144d200000000fc3dc9581
000000000000000442289a4000000018945134a00000001138a2696000000014e70eea21
00000020000000126144d2e00000001fb289a5e00000001815134be00000000a2401fd81
00000040000000034a2697c00000001fd44d2fa000000010589a5f600000001b309732c1
00000060000000082134bee00000000fc2697dc00000001054d2fba00000000ff0000005
000000800000000019a5f76000000008134beec00000000fd697dda00000000fd697dda1
0000000000000017cd2fbb400000000fda5f76a00000001054beed600000001fb80dda01
0000002000000000497ddac000000007f2fbb5a00000000fb5f76b600000000fb5f76b61
00000040000000103beed6e00000000817ddade00000000dafbb5be00000000dafbb5bc1
000000600000001fbf76b7e0000000180eed6fc00000000fdddadfa00000000fee21d0a1
00000080000000104bb5bf4000000007f76b7e800000000fded6fd200000000fded6fd21
000004000000000905b6fa400000001c8b4374a00000000d1692e9600000001ffff36c41
000004200000000ead3152c00000000d5a52a5a000000001b4be4b400000001ffffe4b21
0000044000000007e95816a000000017d2a82d4000000003a57c5a800000001ffffc5c21
0000046000000000caff35000000000995d66a2000000012ab8d54600000001fffee5ac1
0000048000000002571da8e000000007ae3851c0000000115c4ea3a00000001fffef1701
0000040000000009b8b6474000000012f14d0ea000000002629d9d600000001ffffdab41
00000420000000074538bac00000001b8a6475800000000b14f4eb000000001ffff5edc1
0000044000000006a9f956000000000153deac2000000002279dd8600000001fffef7fe5
0000046000000001cf3e30c0000000089e77618000000010bcef43000000001fffef6a01
000004800000000ff9f006000000001a73e58c0000000010e7ef18000000001fffef1801
000004000000000a4ff5b0000000001b1fc4e02000000001bfbe40400000001ffffe4041
0000042000000007ff5800a0000000127e8d8160000000077d3882c00000001ffffe0201
00000440000000117a4e85a00000000f74908b600000001ee92116c00000001ffff79181
0000046000000018d2672d800000001ea4e15b000000000d49f2b6000000001ffff2a361
000004800000000113deec200000000927b6d840000000114f4eb0a00000001fffef0a21
00000400000000099eb66140000000123d6dc28000000000faff05000000001fffff0a61
000004200000000e75d18a200000001feba014400000001e5741a8a00000001fffe1a881
00000440000000192e86d1600000001b5d24a2c000000000ba7f45800000001fffff4581
000004600000000d74d28b200000001d698296600000001f5300ace00000001fffe0aa61
000004800000001ea62159c00000001fcc6033800000001e18c1e7200000001fffe1e721
0000040000000018b1874e6000000011e32e1cc0000000084657b9a00000001fffedfca1
00000420000000138cac734000000000997f66800000000a32d5cd200000001fffff7fe5
000004400000001f65809a6000000001cb3e34c00000000d967269800000001ffff75a41
000004600000001e2cc1d3200000001ed9a1264000000017b3484ca00000001fffe84cc1
0000048000000011e6ae1940000000084d77b280000000111acee5200000001fffee7481
000004000000000d3592ca600000001deb2214c000000018d66729800000001fffe72981
00000420000000112cced32000000008d997266000000017b3084ce00000001ffffe8921
0000044000000002661d99e00000000ecc3133c000000018986767800000001fffe7dfc1
000004600000001a30c5cf2000000008e1971e6000000002431dbce00000001ffffdbce1
000004800000000e863179c0000000180c47f3a000000015188ae7600000001fffeae761
0000040000000001b13e4ec00000000862579da000000011c4ae3b400000001fffeedce1
000004200000000f897076800000001a12c5ed2000000015a58a5a600000001fffea5a41
00000440000000024b1db4e00000000f963069c000000018ac6753800000001fffe78f01
0000046000000010d8ef270000000009b1d64e2000000012638d9c600000001ffffd6101
000004800000000f4710b8e0000000178e2871c0000000199c4663a00000001fffe66341
0000040000000002389dc7600000000df1320ec00000001862479da00000001fffe896a1
0000042000000015c4aa3b400000000a895576a0000000091296ed600000001ffff85201
0000044000000001a53e5ac00000000dca7235800000001614e9eb000000001fffea1c41
000004600000001329ecd60000000005d3fa2c0000000000a7ff58000000001fffff7fe5
000004800000000a4ff5b000000000189fe7600000000000bfff40000000001fffff4001
0000040000000009ffd6002000000011ffae00400000000dff7200800000001ffffc8061
00000420000000167ee981000000001cfdc302200000000dfb9204600000001fffe50101
0000044000000001f73e08c00000000e6e5191a00000001edca123400000001fffe81b81
00000460000000183967c6800000001df2e20d000000000be5d41a200000001ffff40c61
00000480000000024b9db46000000006971968e00000001bae0451e00000001fffef8005
0000040000000001dc3e23c000000008b87747800000001170ce8f200000001fffeecee1
0000042000000008e1971e6000000014430bbce000000001863e79c00000001ffffe7d61
000004400000000f8c7073800000001e98e167000000001db1e24e000000001fffe24de1
000004600000001ee3e11c000000001fc7e038000000001e0fc1f0200000001fffe1f041
000004800000001e9fa160400000001d3f42c0a000000019fea601400000001fffe60141
00000400000000117d4e82a00000000f7a9085600000001e75018ae00000001ffff78821
00000420000000176a0895e00000001d5402abe000000002281dd7e00000001ffffdd7c1
0000044000000007d0382fc000000010a06f5f800000000ec0f13f000000001fffff8005
000004600000001f81e07e000000001983c67c200000001587aa78400000001fffea7861
000004800000000e8f5170a00000000d1eb2e14000000000bd7f42800000001fffff4281
000004000000000d7ad285200000001975a68a40000000146b4b94a00000001fffeb94a1
000004200000000bd6b4294000000000ad7f52800000000ddaf225000000001fffec0b21
000004400000001e35c1ca200000001feba014400000001ed76128800000001fffe12881
000004600000001d2ec2d120000000195da6a24000000010bb6f44800000001fffef44a1
000004800000000a76d5892000000011edae124000000007db5824a00000001ffffc1d61
000004000000001c36a3c9400000000ced5312a0000000095a96a5600000001ffff6a561
0000042000000006b5194ae00000000d6a3295c000000000d47f2b800000001fffff2b61
000004400000000d28d2d7200000001f5180ae600000001ea3215cc00000001fffe15c81
0000046000000018c6673980000000108cef73000000000a19f5e6000000001fffef3021
000004800000001133cecc200000000ee7b11840000000184f67b0800000001ffff81a81
00000400000000109eef610000000009bdd6422000000011fbae04400000001ffffd1981
000004200000000e775188a00000001f6e809160000000175d28a2c00000001fffe8a2a1
0000044000000010ba6f45800000000df4f20b000000001a69e596000000001ffff9d601
000004600000001153ceac200000000ea7b15840000000184f67b0800000001ffff84a81
00000480000000109eef610000000009bdd64220000000127b8d84600000001ffffdd0e1
0000040000000007773888c0000000156e6a91800000000ddcf223000000001ffffb9b81
000004200000000139dec6200000000e73918c6000000016e70918e00000001fffe982c1
00000440000000174e28b1c0000000011c5ee3a00000000d3892c7600000001fffff8005
000004600000001d71028ee00000001d62029de0000000174408bbe00000001fffe8bc01
0000048000000011882e77c00000000d1052efa00000001da0a25f400000001ffff9e7e1
0000040000000017c1483ea00000001182ae7d400000000785587aa00000001fffef3c81
00000420000000148aab754000000001155eeaa00000000e2a91d5600000001fffff7fe5
000004400000001ed5212ac00000001d2a42d5a0000000195486ab600000001fffe6ab61
0000046000000011a92e56c00000000fd2702d800000001fa4e05b000000001ffff698a1
0000048000000019c9c636200000001793886c6000000002271dd8e00000001ffffdd8e1
000004000000000dce3231c00000001d1c42e3a000000019b8a647400000001fffe64741
000004200000001871678e8000000000e2ff1d0000000000c5ff3a000000001fffff7fe5
00000440000000098bd67420000000191786e86000000006af3950c00000001ffff95281
00000460000000015e5ea1a0000000023cbdc34000000001795e86a00000001fffef8005
000004800000000972968d6000000012650d9ae0000000074a18b5e00000001ffffcabc1
0000040000000011942e6bc0000000082857d7a000000011d0ae2f400000001ffffe5de1
0000042000000007a1585ea000000014c28b3d6000000002051dfae00000001ffffe07a1
00000440000000078a3875c000000015946a6b800000000128ded7200000001ffffed901
000004600000000fd1b02e400000001fa3605c800000001646e9b9000000001fffe9b901
00000480000000168de97200000000011bdee42000000002379dc8600000001fffff8005
0000040000000006ef1910e000000011de2e21c00000000d3c52c3a00000001fffff8005
000004200000001d788287600000001d71028ee00000001762089de00000001fffe89de1
000004400000001ec4013be000000001883e77c0000000081057efa00000001ffff896e1
0000046000000011a0ae5f40000000084177be800000001182ee7d000000001ffffd9e81
000004800000000285dd7a20000000048bbb744000000000977f68800000001fffef8005
00000400000000062ef9d100000000115dcea22000000008bb9744600000001fffff8005
0000042000000012770d88e0000000086e3791c0000000015c5ea3a00000001ffffeca81
000004400000000d3892c7600000001771288ec000000011624e9da00000001fffee9d81
000004600000000ec4b13b400000001f0940f6a00000001d92a26d400000001fffe26d41
00000480000000182567da80000000114aceb52000000001959e6a600000001fffeec001
0000040000000001ab3e54c000000008d67729800000001f2cc0d3200000001fffee0ce1
0000042000000002d99d2660000000093336ccc000000002e67d19800000001ffffcade1
00000440000000014cdeb3200000000919b6e64000000011334ecca00000001fffef0e81
000004600000000de6b219400000001d4d42b2a0000000191a86e5600000001fffe6e561
0000048000000012350dcae00000000f6a1095e00000001d5402abe00000001ffff6ece1
00000400000000172808d7e00000001bd0242fc000000007a0785f800000001ffff85ae1
000004200000000140debf200000000901b6fe4000000013034cfca00000001fffee5d61
000004400000000186be7940000000080d77f280000000111acee5200000001fffef6881
000004600000000935b6ca40000000116b4e94a00000000e5691a9600000001ffffdeac1
0000048000000016ad0952e000000019da0625e000000001b43e4bc00000001ffffe4bc1
000004000000000e685197a000000019d0a62f4000000015a16a5e800000001fffea5e81
000004200000000142debd200000000f0590fa60000000170b28f4c00000001fffe92881
0000044000000010966f69800000000a2cd5d32000000011d9ae26400000001fffed8be1
0000046000000007b3584ca000000012668d996000000007cd3832c00000001ffffe7521
00000480000000031a5ce5a00000000a34b5cb4000000008e97716800000001fffeb35c1
0000040000000000d2ff2d000000000d25d2da2000000018cb8734600000001fffea94e1
0000042000000012170de8e0000000072e18d1e000000011dc2e23c00000001fffff15e1
000004400000000f3850c7a00000001970868f6000000011e12e1ec00000001fffee1ea1
00000460000000084257bda00000001b84847b600000000b0914f6e00000001ffff55881
00000480000000061219ede000000002241ddbe000000007c83837c00000001fffef8005
0000040000000010906f6f800000000e20d1df2000000018c1873e600000001ffff9cac1
000004200000001e83217cc000000000867f79800000000e0cd1f3200000001ffff97641
000004400000001919a6e64000000011334ecca000000009e6b619400000001fffee3801
000004600000001f4d40b2a0000000019abe654000000007b5584aa00000001ffff88d41
0000048000000011eaae15400000000fd5702a800000001faae055000000001ffff64621
000004000000001a55e5aa0000000017abc854200000000357bca8400000001ffffca841
000004200000000a2f55d0a0000000025e9da160000000073d38c2c00000001fffec01e1
0000044000000014fa6b058000000000f4ff0b000000000a69f596000000001fffff8005
000004600000001cd3e32c000000000da7f258000000000b4fd4b0200000001ffff4b021
000004800000000a1f95e060000000023f1dc0e00000000efe3101c00000001fffec2901
0000040000000018fc6703800000001578ca872000000002719d8e600000001ffffd8d41
000004200000000ee3311cc000000018c6673980000000108cef73000000001fffef72e1
000004400000000a19f5e6000000001133cecc200000000967b698400000001ffffd3781
0000046000000010cf6f30800000000a1ed5e120000000123d8dc2600000001fffec9cc1
000004800000000efb3104c00000001df66209800000001eece113000000001fffe112e1
000004000000001a59e5a60000000010b3ef4c000000000a67f598000000001fffed8441
000004200000001b4fe4b000000000011fdee0200000000e3f91c0600000001ffffc1a01
000004400000001f7f0080e00000001efe2101c00000001dfc6203800000001fffe20381
000004600000001e78c1872000000018f1870e600000001de3221cc00000001fffe24261
000004800000000f4650b9a0000000018cbe73400000000d1952e6a00000001fffe7b021
0000040000000019b2a64d4000000011e54e1aa000000001cabe35400000001ffffe1641
000004200000000f1550eaa00000001eaaa155400000001f5540aaa00000001fffe0aa81
00000440000000192a86d56000000011d52e2ac00000000d2a52d5a00000001fffed8e41
0000046000000019d4a62b40000000182947d6a000000001d2be2d400000001ffffe2d21
000004800000000e2551daa00000001e4a81b5600000001e95216ac00000001fffe16aa1
000004000000001d2a42d5a00000001fd4a02b400000001fa96056800000001fffe056a3
000004200000001652e9ad000000001925c6da20000000024b9db4600000001ffffdb401
0000044000000001973e68c00000000eae715180000000165ce9a3000000001fffe9bac1
0000046000000011b9ee46000000000173de8c200000000967b698400000001fffff7fe5
00000480000000114f4eb0a0000000099eb6614000000010bd6f42800000001fffef2f21
000004000000000a7ad5852000000011f5ae0a40000000086b7794800000001ffffc1021
000004200000001156cea920000000092db6d2400000001b5b44a4a00000001ffffe0ae1
0000044000000002369dc960000000076d3892c000000010da6f25800000001fffef7fe5
000004600000000634f9cb000000001169ce96200000000953b6ac400000001fffff7fe5
0000048000000014a74b58a0000000024e9db160000000069d1962e00000001fffff8005
00000400000000123a0dc5e00000000df4320bc00000001e684197a00000001ffff85801
00000420000000195086af600000001d2102dee000000001c23e3dc00000001ffffe3da1
000004400000000d84727b800000001d88e277000000001d91e26e000000001fffe26dc1
000004600000001a23e5dc000000001147ceb820000000088f9770600000001fffed1e41
00000480000000119f2e60c00000000fbe7041800000001a7cc583200000001ffff6c541
0000040000000012798d86600000000ff3300cc000000018664799a00000001fffe79641
00000420000000124c8db36000000006991966e00000001cb2234dc00000001fffff7fe5
0000044000000000e47f1b800000000dc8f237000000001d11c2ee200000001fffe9de41
000004600000001923a6dc4000000010c76f38800000000a0ed5f1200000001fffee9ec1
00000480000000139dac6240000000073b58c4a00000000e76b189400000001ffffdadc1
0000040000000000ed7f12800000000a5ad5a5200000001b3584ca600000001fffed3d01
000004200000000aeb1514e000000002561da9e00000000e2c11d3e00000001fffeb4581
000004400000001ed82127c00000001db0624f800000001ee0e11f000000001fffe11f21
0000046000000019c1c63e200000001503aafc4000000000877f78800000001fffff7861
000004800000000d0ed2f120000000191da6e2400000001fbb4044a00000001ffff24c81
0000040000000001f6be0940000000086d77928000000013dacc25200000001fffee2761
000004200000000b35b4ca4000000000eb7f14800000000fd6f029000000001fffec6aa1
000004400000001f2dc0d22000000018db87246000000012370dc8e00000001fffedc8e1
000004600000000d6e1291e000000017dc2823c000000010b86f47800000001fffef4781
000004800000000a70d58f2000000011e1ae1e400000000f4350bca00000001ffffc3101
000004000000001986a679400000001b0d64f280000000061af9e5000000001ffff9e501
0000042000000000b5df4a20000000016b9e946000000002571da8e00000001fffef7fe5
000004400000000dae3251c00000001ddc6223800000001638e9c7000000001fffe9c6e1
000004600000001171ce8e200000000d63929c6000000016c70938e00000001ffff92261
00000480000000118e2e71c0000000089c77638000000010b8ef47000000001fffef1141
000004000000000d71d28e2000000018e3871c6000000011c72e38c00000001fffee38c1
000004200000000e0e51f1a00000001e1c81e360000000173928c6c00000001fffe8c6a1
0000044000000011f26e0d800000000364fc9b0000000005c9da36200000001fffff8005
000004600000000193be6c400000000d2752d8a0000000194e86b1600000001fffe9cac1
00000480000000121d0de2e000000007ba3845c000000010f46f0b800000001fffee4f81
000004000000000de8f217000000001dd1e22e0000000019a3c65c200000001fffe65c21
000004200000001a47a5b840000000080f57f0a0000000019ebe61400000001ffffe6141
000004400000000ebd7142800000001dfae2050000000019f5c60a200000001fffe60a01
00000460000000166b8994600000000bd71428e000000001ae3e51c00000001ffffe51c1
000004800000000ddc7223800000001e38c1c72000000018f1870e600000001fffe70e61
000004000000001b63049ce000000001c63e39c0000000080c57f3a00000001ffffb6581
000004200000001b1884e76000000002311dcee00000000d62129de00000001ffffb3ae1
000004400000001f4400bbe000000017882877c000000011104eefa00000001fffeeefa1
0000046000000009a0b65f400000001ec1613e800000000182de7d200000001ffffe7d21
000004800000000185be7a400000000e8b7174800000001f16c0e9200000001fffe86f01
000004000000001eada15240000000185b67a4800000001136cec9200000001fffeec921
0000042000000008ed971260000000125b0da4e00000000f3610c9e00000001ffffd3c81
000004400000001eec2113c000000018d867278000000014b0eb4f000000001fffeb4f01
000004600000000d61d29e2000000002439dbc600000000f873078c00000001fffe8e8c1
00000480000000180e47f1a0000000171ca8e3400000000e3951c6a00000001fffe95681
0000040000000002729d8d6000000006e5191ae000000013ca0c35e00000001fffef2de1
000004200000000a94156be000000009a81657e0000000075018afe00000001ffff8af61
0000044000000001a03e5fc000000008c0773f800000001100ceff200000001fffef2961
000004600000000e81b17e400000001783487ca00000001186ae79400000001fffee7941
000004800000000d8d7272800000001a1ac5e52000000012358dca600000001fffedca61
000004000000000deb3214c0000000185647a9a0000000132cacd3400000001fffecd341
0000042000000009d95626a000000007b2984d6000000002651d9ae00000001ffffd9ac1
000004400000000fca3035c00000001e1441eba000000019a8a657400000001fffe65721
00000460000000185167ae800000000122dedd2000000008c5973a600000001fffff16a1
00000480000000118b2e74c0000000081657e9a0000000162ca9d3400000001ffffedf21
000004000000000fd97026800000000fb2d04d2000000004659b9a600000001ffffb9a61
0000042000000007cb1834e000000003161ce9e000000001ac3e53c00000001ffffe0121
000004400000000f5850a7a000000019b0a64f4000000010e16f1e800000001fffef1e61
000004600000000642f9bd000000001085ef7a000000000d0bd2f4200000001fffff7fe5
0000048000000018978768600000001e2f21d0c000000000de7f21800000001fffff2181
000004000000000a3cd5c32000000011f9ae06400000000873778c800000001ffffc4ce1
0000042000000014e6eb19000000000ccdf33200000000009bff64000000001fffff6401
0000044000000009b7d6482000000011efae10400000000ddf7220800000001ffffce1a1
00000460000000163ee9c1000000001c7dc3822000000001fbbe04400000001ffffe0421
00000480000000087777888000000010eeef11000000000dddf222000000001fffff1aa1
0000040000000019bbc644200000001df78208600000000bef3410c00000001ffff40f21
00000420000000075e58a1a0000000023c9dc36000000006f91906e00000001fffeef6a1
0000044000000012720d8de00000000f64109be00000001d4802b7e00000001ffff6ac21
000004600000001f90206fc0000000182047dfa0000000194086bf600000001fffe6bf81
0000048000000001813e7ec00000000e0251fda00000001984a67b400000001fffe90221
0000040000000011094ef6a00000000d1292ed600000001da5225ac00000001ffffa64a1
000004200000001d4a42b5a00000001f1480eb60000000172928d6c00000001fffe8d6c1
0000044000000011524eada00000000ea4b15b400000001f4940b6a00000001ffff894c1
00000460000000191286ed6000000012250ddae00000000f4a10b5e00000001fffed4b01
000004800000001d94226bc00000001ea86157800000001a50c5af200000001fffe5af21
000004000000001f21a0de4000000001435ebca0000000090696f9600000001ffff842e1
00000420000000110d2ef2c0000000059a5a65a00000000f3490cb600000001fffff7fe5
000004400000000ee91116e000000001d23e2dc000000001245edba00000001ffffedba1
0000046000000009c8b63740000000171148eea000000001a2be5d400000001ffffe5d41
00000480000000084577ba80000000108aef75000000000a15f5ea000000001fffff8005
00000400000000172be8d4000000000157dea82000000008af9750600000001fffff8005
0000042000000013df2c20c0000000013e5ec1a000000009fcb603400000001fffff7fe5
0000044000000011794e86a00000000972968d600000001d65229ac00000001ffffd94c1
000004600000000e4a71b5800000000c14d3eb2000000002299dd6600000001ffffdd641
000004800000000fd3302cc0000000182647d9a0000000124c8db3600000001fffedb361
0000040000000006991966e000000011b20e4de000000002641d9be00000001fffff8005
00000420000000074818b7e000000013900c6fe00000000b2034dfc00000001ffffdac41
0000044000000000c07f3f800000000a00d5ff2000000012018dfe600000001fffee5e81
000004600000000683197ce000000012060df9e00000000e0c11f3e00000001fffff7fe5
000004800000001e1801e7e00000001f3000cfe00000001e60019fe00000001fffe19fe1
0000040000000017c0283fc000000012804d7fa00000000180be7f400000001ffffd7f21
000004200000000781587ea00000001182ae7d40000000080577fa800000001fffff7be1
000004400000001e0ae1f5000000000115deea200000000f2b90d4600000001ffff96021
00000460000000175728a8c00000001eae615180000000015cdea3200000001ffffea301
000004800000000939b6c64000000012f36d0c800000000966d699200000001ffffc59a1
00000400000000064d99b2600000000b9b3464c00000000bb65449a00000001fffe69921
0000042000000007ec98136000000001d93e26c00000000f3250cda00000001fffeebfe1
000004400000001964869b60000000184927b6c000000004127bed800000001ffffbed61
000004600000000c24d3db20000000084997b6600000000f93106ce00000001fffe41b61
0000048000000004261bd9e000000007cc1833e000000001983e67c00000001ffffe54a1
00000400000000083057cfa000000011e0ae1f4000000007c1583ea00000001ffffe8121
0000042000000012028dfd600000000d85327ac00000001d8a6275800000001ffff8f821
000004400000001a14c5eb200000001fa9a0564000000001535eaca00000001ffffeaca1
000004600000000d2692d960000000174d28b2c0000000111a4ee5a00000001fffeee5a1
000004800000000fb4b04b4000000017e94816a000000012528dad600000001fffedad61
0000040000000001a53e5ac0000000084a57b5a0000000171488eb600000001fffee9b41
0000042000000002291dd6e000000007d2382dc000000011a44e5ba00000001fffeeffa1
0000044000000002489db7600000000d91326ec000000018a2675d800000001fffe8c6a1
0000046000000016c4c93b200000000109bef64000000001937e6c800000001fffff7fe5
000004800000000726d8d920000000024d9db260000000069b1964e00000001fffef1741
0000040000000011b62e49c000000008ec7713800000001fd8c027200000001ffffde881
0000042000000001b1be4e400000000fe3701c800000001646e9b9000000001fffe9ba61
00000440000000110dcef220000000089b97646000000017b72848c00000001ffffed801
0000046000000000ee7f1180000000065cf9a3000000001139cec6200000001fffef8005
000004800000000973b68c4000000018e74718a0000000024e9db1600000001ffffdb161
00000400000000069d1962e00000001bba2445c000000007f4580ba00000001ffff816a1
0000042000000001e8be174000000007d1582ea00000001d2282dd600000001fffeece41
0000044000000002451dbae00000000f0a10f5e0000000171408ebe00000001fffe90121
0000046000000012280dd7e00000000fd0302fc000000018a0675f800000001fffe73741
0000048000000013c0ec3f000000000681d97e2000000002039dfc600000001ffffe9de1
000004000000000f0710f8e0000000170e08f1e0000000119c2e63c00000001fffee63c1
000004200000000fb87047800000001f70c08f200000001961a69e400000001fffe69e21
0000044000000013c36c3c800000000106def9200000000e8db172400000001fffff8005
000004600000001f1b40e4a0000000193686c960000000126d0d92e00000001fffed9301
00000480000000075a18a5e000000013342ccbc00000000a687597800000001ffffe0401
0000040000000000d0ff2f000000000a21f5de000000001143cebc200000001fffeee221
000004200000000887977860000000120f0df0e0000000079e1861e00000001ffffde9c1
000004400000000f3c30c3c00000000ef85107a000000002709d8f600000001ffffd8f61
0000046000000002611d9ee00000000d4212bde00000001f84207bc00000001fffe8ebc1
00000480000000180847f7a0000000181087ef6000000000a11f5ee00000001fffff5ee1
0000040000000000c21f3de000000001843e7bc00000000e0851f7a00000001fffef8005
00000420000000191086ef6000000012210ddee00000000dc2323dc00000001fffed5061
000004400000001884677b800000001088ef77000000000a11f5ee000000001fffef72a1
000004600000001d23e2dc000000000e47d1b820000000008f9f70600000001fffff7061
00000480000000019f3e60c00000000fbe7041800000001ffce003000000001fffe6e601
000004000000001f79c086200000001973a68c400000001c676398800000001fffe39921
000004200000000c4ef3b1000000000c1df3e20000000000bbff44000000001fffff43e1
000004400000000a77f5880000000013efec100000000006dff920000000001ffffa4100
000004600000000d3ff2c00000000000ffff00000000000a7ff580000000001fffea3fc0
0000048000000017ffc800200000000f7f9080600000000eff1100e00000001ffff180c1
00000400000000027e1d81e0000000077c1883e00000001ff82007c00000001fffee85c1
000004200000000ff0700f800000000160de9f200000000ec1b13e400000001fffe619e1
000004400000001f83607c800000001e06c1f9200000001e0d81f2600000001fffe1f261
00000460000000171b28e4c00000001fb64049a0000000026c9d93600000001ffffd9341
000004800000000f5910a6e00000001e3201cde000000017e4281bc00000001fffe81bc1
0000040000000011484eb7a00000000e1091ef600000001f2100dee00000001ffff92bc1
000004200000001dc2223dc00000001d84627b800000001d08c2f7200000001fffe2f721
000004400000001f91a06e400000001fa3605c800000001e46c1b9200000001fffe1b921
000004600000001e0d81f2600000001e9b2164c000000018b66749800000001fffe749a1
000004800000001e6ce1930000000000d9ff26000000000533facc000000001ffffae3e1
000004000000000a67f59800000000014fdeb0200000000e1f91e0600000001fffecd121
00000420000000173f28c0c000000010fe6f01800000000f7cd083200000001fffef7fe5
000004400000001979a686400000001e73618c800000000166de99200000001ffffe9921
0000046000000008cd9732600000001e1b01e4e00000000cb63349c00000001ffff35da1
0000048000000009ec5613a000000001d8be2740000000083177ce800000001fffecc0c1
000004000000001c62e39d000000000845d7ba20000000018bbe74400000001ffffe7441
000004200000000e977168800000001a2ec5d120000000125d8da2600000001fffeda241
000004400000000ebb3144c000000018f6670980000000186cc793200000001fffe79301
0000046000000001d9be26400000000db3724c800000001e66c199200000001fffe904e1
000004800000001ecda132400000001f1b40e4a00000001e3681c9600000001fffe1c961
0000040000000016ed0912e0000000115a0ea5e000000002341dcbe00000001fffef8005
000004200000000d681297e000000017d0282fc000000011204edfa00000001fffeedf81
000004400000000d4092bf600000001681097ee000000012020dfde00000001fffedfdc1
000004600000000784387bc000000000887f77800000000610f9ef000000001fffef8005
0000048000000010a1ef5e000000000ec3f13c000000001f07c0f8200000001ffff92301
00000400000000190fa6f040000000111f4ee0a00000000d3e92c1600000001fffee52c1
00000420000000177d2882c0000000127a4d85a000000001f4be0b400000001fffee05a1
000004400000000f695096a0000000195286ad6000000012250ddae00000001fffeddac1
000004600000000f4a10b5e00000001794286bc000000011284ed7a00000001fffeed7a1
0000048000000009d0b62f4000000011a14e5ea000000002c2bd3d400000001ffffdaae1
000004000000000885577aa0000000010abef54000000005957a6a800000001fffeeefa1
00000420000000012aded5200000000955b6aa40000000112b6ed4800000001fffef0da1
0000044000000001d6de2920000000072db8d240000000015b5ea4a00000001fffef4361
000004600000000e3691c9600000001f6d0092e00000001d5a02a5e00000001fffe2a5e1
000004800000001db4224bc000000018e86717800000001150ceaf200000001fffeeaf21
000004000000000921b6de400000001cc3433ca000000002069df9600000001ffffdf961
00000420000000070d38f2c0000000109a6f65800000000a34d5cb200000001fffff7fe5
000004400000001ee9a1164000000001d37e2c800000000326dcd9200000001ffffcd961
0000046000000001cdbe3240000000079b5864a000000011b6ae49400000001fffef51a1
0000048000000007ed5812a0000000125a8da560000000073538cac00000001ffffe3d81
00000400000000116a4e95a00000000fd4b02b4000000017a94856a00000001fffe83d61
0000042000000011d2ae2d400000000e2551daa000000019caa635400000001ffff88e41
0000044000000010956f6a80000000062af9d50000000016d5e92a000000001fffff8005
0000046000000001abde542000000002d7bd284000000000af7f50800000001fffef8005
000004800000000edef1210000000019bdc64220000000127b8d84600000001fffed8461
0000040000000006f71908e000000016ee0911e0000000025c1da3e00000001ffffda641
000004200000000e3811c7e000000017f0280fc000000010e06f1f800000001fffef1f61
000004400000000ec0f13f000000001a01e5fe000000001083ef7c000000001fffef7be1
000004600000000987d67820000000118fae7040000000081f77e0800000001ffffd68e1
000004800000001ebec14120000000027d9d826000000006fb1904e00000001ffff91121
0000040000000012760d89e0000000076c1893e000000012580da7e00000001ffffe6aa1
0000042000000007b0384fc000000010e06f1f800000000e40d1bf200000001fffff7fe5
000004400000001e0181fe600000001e0301fce0000000170608f9e00000001fffe8f9e1
00000460000000120c0df3e00000000e1811e7e00000001f3000cfe00000001ffff85ce1
0000048000000017e0281fc00000001f4040bfa000000002809d7f600000001ffffd7f61
000004000000000881177ee000000005023afdc00000000d84727b800000001fffeafca1
000004200000000108def7200000000f1190ee600000001ea3215cc00000001fffe86601
000004400000001fc66039800000001e0cc1f3200000001919a6e6400000001fffe6e641
0000046000000010b36f4c800000000ee6f1190000000019cdc632200000001ffff8eee0
00000480000000149bab6440000000093776c88000000006eef911000000001ffffac4e1
00000400000000015dfea200000000063bf9c40000000000f7ff08000000001fffef8005
000004200000000eeff1100000000019dfc620200000001e3fa1c0400000001fffe1b4e1
000004400000000cff73008000000009fef6010000000007fdd802200000001ffff80221
000004600000000f7bb084400000000ef75108a0000000026e9d91600000001ffffd9141
0000048000000006dd1922e00000001eba0145e00000000df4120be00000001ffff320e1
0000040000000002681d97e00000000f5010afe0000000172008dfe00000001fffe8ece1
000004200000001c4003bfe000000001803e7fc00000000f80707f800000001ffffabfa1
000004400000001a00c5ff2000000012018dfe600000000e83317cc00000001fffec7d81
000004600000001f86607980000000160ce9f3000000001119cee6200000001fffeee641
000004800000000e3391cc600000001f670098e00000001dce2231c00000001fffe231c1
000004000000001d9c6263800000001eb8e147000000001d71c28e200000001fffe28e21
000004200000001963a69c4000000010c76f38800000000d0ed2f1200000001fffee6121
000004400000001f1d80e26000000016bb0944e000000012760d89e00000001fffed89e1
00000460000000076c1893e000000015d82a27c00000000b3054cfa00000001ffffb41c1
000004800000000ae0b51f40000000094156bea0000000060299fd600000001ffff9fd41
000004000000000b85147ae0000000070a18f5e00000000d94126be00000001fffe5ef21
0000042000000001a83e57c00000000d5052afa0000000192086df600000001fffe99781
0000044000000011c12e3ec000000001025efda00000000e84b17b400000001fffff8005
000004600000001f0940f6a0000000191286ed600000001da5225ac00000001fffe26921
000004800000000f4a70b5800000000094ff6b000000000ea9f156000000001fffe8a6a1
000004000000001fd3e02c0000000019a7c65820000000124f8db0600000001fffedb061
000004200000000f1f10e0e0000000173e08c1e0000000177c0883e00000001fffe883c1
0000044000000002f81d07e000000005703a8fc00000000e60519fa00000001fffef7fe5
0000046000000002409dbf600000000681197ee000000011822e7dc00000001fffef8005
000004800000000884777b800000001f88c077200000000f11b0ee400000001ffff131a1
000004000000000ea3715c800000000d46f2b900000000008dff72000000001fffff7201
00000420000000099bd664200000001537aac840000000016f5e90a00000001ffffe90c1
0000044000000009deb6214000000010bd6f42800000000a7ad585200000001ffffdf521
0000046000000018f5870a60000000026b1d94e00000000fd63029c00000001ffffd20e1
000004800000001f2c40d3a00000001dd8a227400000001e3141cea00000001fffe1cea1
0000040000000019e2a61d400000001ac5653a80000000050adaf5200000001ffffaf521
000004200000000995b66a4000000007ab7854800000000ed6f129000000001fffe74261
00000440000000012dded220000000095bb6a440000000173768c8800000001fffee06e1
0000046000000002eefd110000000000ddff22000000000e3bd1c4200000001fffef8005
0000048000000018f787086000000011ef2e10c00000000f5e50a1a00000001fffed9a41
000004000000001e3c81c3600000001f790086e00000001772088de00000001fffe88de1
0000042000000011e42e1bc000000008c87737800000001110ceef200000001fffeeb741
000004400000000ea1b15e40000000184367bc800000001206edf9000000001fffedf8e1
00000460000000038ddc7220000000019bbe6440000000083777c8800000001fffef8005
00000480000000116ece9120000000095db6a24000000010bb6f44800000001fffef2d81
000004000000000ff6f0090000000019edc61220000000125b8da4600000001fffeda461
000004200000000d3712c8e00000001dee2211c0000000185c47a3a00000001fffe7a381
0000044000000011b8ae47400000000ef1710e800000001de2e21d000000001ffff7ddc1
000004600000001d45c2ba20000000188b8774600000001b1724e8c00000001fffe4f3e1
0000048000000000ae7f51800000000a5cd5a3200000001239adc6400000001fffee25e1
0000050000000012ee3b8ca000000002b95799600000000a175db2e00000000a175da861
00000520000000174b52e5e00000001df3884bc000000006822e97a00000000dc14e9781
000005400000001a6151af600000001fa740dee00000001e2b48bde00000000fc008bdd1
000005600000000b334dfbe0000000170352f7e00000001f6348efe00000001f6398f7e1
000005800000000ba34ddfe00000001823913fc00000001d22e07f800000001d5717a7a1
000005000000001b20e9ff0000000011242b7e20000000112d937c4000000004ccedfd21
00000520000000013eff78800000000b1835f1200000000b554de2600000000b554e6621
0000054000000019cf9144c000000016fa2289a00000000491861340000000094b061321
000005600000000c46ec268000000007e83ecd200000001cb5901a4000000019161f7fe5
000005800000001c0e2834a000000005798e69400000000396f7d2800000001a0a8f24a1
000005000000000248e7a50000000001f43f4a20000000168d5a9460000000168d5f8005
00000520000000047f9e28c0000000039a37d1a0000000085185234000000008518e8a21
0000054000000005c63646a00000000ce99c0d400000000eb6349aa00000000eb78adb21
000005600000001a0999b5400000000d76f46a800000000d88f455000000001f7fe69f65
000005800000000074ff2a00000000178c32d4200000001e7d40a8600000001e7d4a8ce1
000005000000001f9f88d0c0000000065a2ea1a000000019d19143400000000fc00f8015
0000052000000002c6e7868000000006e8268d200000000ab55d9a600000000ab55d9a41
00000540000000180f5934e00000000b7b4de9e00000001b9351d3e00000001c565f8005
000005600000001c438827c000000007e22ecfa000000004a1961f400000001cacaf8005
000005800000000026ef3e80000000172832fd200000001d35807a400000001d359abc61
00000500000000030ee7f4800000001578e269000000000194ff5200000000011eff5201
00000520000000044c36242000000005fd8e4840000000029ef7908000000003349d0061
000005400000000058ef21000000000bd4f5c20000000000ccef040000000004948ee961
0000056000000014fcf208000000001a9c219020000000185d8120400000001786812021
0000058000000003dee7c0800000000cd824012000000004d59e0240000000093cbe0241
000005000000001cce3804a000000004f98e09400000001496f212800000001a491e8e41
000005200000000a4825a52000000019f5414a60000000148f5214e00000001cbfb210c1
000005400000000e7b54a9e000000019935953e00000000a435da7e00000001f801da7e5
000005600000001fe358cfe000000004a38e1fc00000001e2230bfa00000000fc01f7fe5
000005800000000521867f4000000007262efea00000001f2950fd600000001f294dfde1
00000500000000173742fae00000001d0b8075c00000000172e76b800000000cc7c76b81
000005200000000180ef57000000001464f22e0000000019ace15c0000000019acfa1221
000005400000001c3ce038000000001b1c21f0200000001b5d41e0600000000f7fe1e065
000005600000001fdf88c0c000000000daef01800000001ed03083200000000fc00f8005
0000058000000000c54706600000000aef4d8ce00000001ebb5899e00000001ebb4d13a1
0000050000000004138e33c00000001d42f067800000000be025cf200000000bd236eee1
0000052000000004a5861e400000000e2e3cbca000000015395a79600000000b611b93c1
0000054000000009179572c0000000174a3ae5a00000001bf191cb400000001bf548d9a1
000005600000000086ff16800000000a6835ad2000000005b58e5a4000000005bd4e86a1
000005800000001c0e3834a00000001f7988e9400000000996fd52800000000f801d53c5
000005000000000048ff25000000001bf431ca200000001c8d8014400000001c8d898241
00000520000000187ee12880000000179822d1200000001c558022400000001c544022c3
0000054000000003cee7c4800000000cf8ec09000000000094ff120000000009491f0ec1
00000560000000184cf1240000000005fc264820000000109d83104000000016c9c30e41
00000580000000065ef6a08000000019d83941200000000ad55d82600000000ac99d8241
000005000000001acf5184e00000001efb4889e00000000a934d93e00000000f800d93e5
000005200000001c439827c000000011e2234fa00000000aa15d9f600000000aa1fd9f61
000005400000001827593ee00000000b2b4dfde00000001f3350fbe00000001f351f8005
000005600000001f0348f7e000000005638e6fc000000001a2f75f800000001ce94f8005
0000058000000006202ebf200000001b2551fe600000001b2f41fce00000001b49393de1
000005000000001d3b8879c000000007122ef3a000000015419267400000001cd60f8005
0000052000000003e6e7ce8000000000a8ef1d00000000163432ba2000000016340f7d41
000005400000001f0d40f460000000177f42e8e0000000179b42d1e00000000f0cc2d1e1
000005600000001e5348a3e000000005c38e47c000000014e2f20f800000001ca14f7fc1
000005800000001aa0e99f0000000012242bbe200000000d2d947c400000000d2d8dec21
000005000000000f3e34f8a00000001b1959f1600000000b575de2e00000001f801de2e5
000005200000001fcb58c5e00000001cf3800bc00000001c82f017800000000fc0106023
000005400000000c60fc2f000000000fa434de200000000a2d55bc600000000fc0099711
000005600000000b3f5df8e0000000171b52f1e00000001f5348e3e00000001f53a9aea1
000005800000001fc340c7e000000018e3510fe000000004a39e1fc00000000fc01e1fc1
00000500000000022237bfa00000000b214dff600000001d27907ec00000001d279e3f21
00000520000000192ae17d800000001b30e9fb000000001f0420f6200000001ef963fc61
000005400000001b6d51ec6000000011bf9358c0000000161a32b1a00000001582f2b181
000005600000000b515de3600000001dc79046c00000001ceae00d800000001f7fe67b65
000005800000001ab0e99b000000000004ef3600000000056c366c20000000056b4f8005
0000050000000005bd4658600000001e1f58b0e00000000b5b9de1c00000001c34bde1c1
0000052000000007d23ec3a000000016c152876000000014e7820ec00000001725c9cee1
0000054000000002aa279da00000001431823b400000000f06f4f6800000000f06d4ef61
000005600000000b6835ed2000000001b5975a40000000060efeb48000000006615eb461
000005800000000578fe69000000000194ff5200000000044c362420000000044c6f8005
000005000000001ffd40c8600000000a9f5d90e00000001a5b51a1e00000000fc016e301
000005200000001fd340c3e00000001cc38807c000000008e2250fa00000000fc0051061
0000054000000004a19e1f400000001c26383ea0000000172942fd60000000195c4eed21
0000056000000005379e7ac0000000170a32f5a00000001f7140eb600000001f7149f0a1
0000058000000019878156c0000000006ae72d8000000019b0e15b0000000019b0e1b641
000005000000000404fe3600000000016cff6c0000000005bc36582000000005bc2f8005
00000520000000181d893040000000075e3ee0a000000005d99641400000001801df7fe5
0000054000000006d62e82a00000001cc99005400000001cf6280aa00000001d254807e1
0000056000000004898e15400000001c76f02a800000001f8820d5200000000fc0164611
000005800000001475822a400000001d8e2854a000000016798aa9400000000a87caa941
000005000000000b96f5d28000000012483ba52000000003f557ca6000000016644a0181
00000520000000048f9e14c0000000007af7298000000007902ed32000000007902f0221
00000540000000004557266000000005ef464ce000000004bb9e19c000000004bb9e19e1
00000560000000021237b3a000000017418ae74000000001e6ff4e8000000000281f4f23
0000058000000016a8329d200000001e3540ba60000000150f8274c00000000d6e2274c1
00000500000000157ae269800000001b90e9d3000000000044ef2600000000098e0f2601
0000052000000005ec364c2000000004bd8e1840000000021ef7b08000000003569cf2e1
0000054000000007582ee12000000001d557426000000004cf8e04c000000004d25e5121
0000056000000014faf209800000000a902593200000000a454da6600000000a3c8da661
0000058000000019ef594ce000000004bb8e19c00000001c12f033800000001c131f8005
000005000000000b4025e72000000013e583ce4000000006ae3e9ca00000001780de9ca1
0000052000000014399239400000001d162872a000000009498565400000000a1f255a41
0000054000000015f63a4aa000000004899e15400000000276f7aa80000000128d0f7fe5
0000056000000007882ed5200000001475922a40000000038ee7d480000000143db98061
000005800000000e78eca90000000007943ed220000000164d52a4600000000e901f8005
0000050000000017ff42c8e0000000149b8211c00000000052e72380000000051b472381
0000052000000007c02ec7200000001ce5900e4000000002aee79c800000001d2c278641
000005400000001638eab90000000007143ef220000000154d926440000000161e7f8005
000005600000001dfe2848a000000004994e116000000008575d22e00000001b14cecf81
000005800000000bcb5dc5e000000014f3920bc00000000082e717800000001941687de1
000005000000000060ef2f0000000005a4365e20000000042d8e3c40000000042d8d11a1
000005200000001d3e3878a000000005198e71400000000356f7e2800000001ae3ff6a41
0000054000000001c8ef45000000001af4318a20000000068d869440000000066b195001
00000560000000067e2ea8a00000001d999051400000001856e122800000001c98d75601
000005800000001bc8e9c50000000014f4ea0a000000000e8c3494200000000e8c4c5461
00000500000000047d9e28400000001f9e30d0a0000000065946a1600000000fc007b191
000005200000000bd74dc2e000000016cb5285e000000016f3428be00000001b2b58cbc1
000005400000001c838817c000000006622eafa000000005a1965f400000001b684f5021
000005600000000e26e4be800000000b2835fd2000000013359bfa400000000f801bfa45
00000580000000010eff74800000001f7830e9200000001b9541d2600000001b99a8dea1
000005000000001e4f88a4c000000001faef49800000001a90f993000000001a9daf8005
0000052000000006442ea6200000001bed51cc600000001ebf4098e00000001ebff90481
000005400000001e1b48b1e000000005538e63c000000001c2f747800000001c006f7fe5
0000056000000000e0ef0f000000001ea4309e20000000162d42bc60000000181af83081
000005800000001f3f40f8e00000001d1b8871c00000000152ef63800000000f800f6385
000005000000001bc0f9c70000000006e42e8e200000000aad9d9c400000001aaa5f8005
000005200000000c3efc388000000009183571200000000b555de2600000000de99de101
000005400000001fcf98c4c000000000faef09800000001890f113000000000fc01f8005
00000560000000044426262000000005ed8e4c4000000014bef2188000000014b38d04a1
000005800000001a18e9b1000000001b5429e2200000000bcd5dc4600000000e053db0e1
0000050000000016ff5288e0000000169b4291e00000001e5348a3e00000001e5348a3e1
0000052000000017c342c7e000000008e3550fe000000004a3561fe0000000192d161fe1
000005400000000a235dbfe00000001b2351ffe00000001923817fc00000001dd0a83fc1
00000560000000032227ffa00000001d21407f600000001f2750fee00000001f27500063
00000580000000052b9e7dc00000001532f27b80000000170022f7200000001700a97961
000005000000000165476e600000000baf4ddce0000000183b9139c00000001836adcda1
000005200000000112e773800000000140ef670000000007e43ece2000000007e42ee941
0000054000000016ad529c600000001c3f8038c0000000011ae771800000000b81877161
0000056000000007502ee32000000019c591464000000016ee228ca000000019a458afc1
0000058000000004b98619400000001416ea32800000000948356520000000094828d3e1
0000050000000005f5964a400000001c8e3814a00000000e795ca9600000000e773ca961
000005200000001b9799d2c00000000c4af425800000001df0384b200000001f7ff83a05
000005400000000c855c1660000000046f9e2cc000000003ba37d9a000000009796f7fe5
000005600000000811853340000000074636e6a000000005e99e4d4000000007effe4d41
000005800000001ab6319aa0000000060946b5600000000d778c6ac00000000d76cc6ac1
000005000000000f8a34d5a00000000a715dab600000001b8751d6e00000000fc00b0f11
00000520000000186b812dc000000003b227dba00000000a014db7600000000a012db761
000005400000000b675deee000000017ab52dde00000001c33883bc00000001c80897de1
000005600000000102ef77800000001b60f9ef0000000007a42ede2000000007a0bf7fe5
00000580000000142d923c400000001d3e2878a00000000b194df1600000000b398df161
0000050000000019575962e000000017cb42c5e00000000af35d8be00000000b0f1d8be1
0000052000000016835297e00000001c63882fc00000000fa2e4df800000000fc004c571
000005400000000020ff3f000000000b24f5fe00000000012cef7c0000000003342f7fe5
00000560000000053c367820000000051d8e7040000000035ef7e08000000003a97d68e1
0000058000000019d8e1410000000006d43e822000000000cd5704600000001933d86541
0000050000000012ff4b88e0000000129b9391c00000000052ff23800000000057df2383
000005200000001bc0f9c70000000014e4220e200000000cad941c400000000caed4bc81
000005400000001e3e38b8a00000000b195df16000000015579262c00000001f800f2e05
000005600000001bca21c5a000000004f1860b4000000006862e96a0000000193a6e96c1
00000580000000066956ad600000000fb744dae00000000a0b95b5c00000000fc015c851
000005000000000372f7eb800000001180fb57000000000064372e2000000000624bc583
0000052000000005ad9e5c40000000143ef238800000001518e27100000000151ce91ea1
00000540000000175422e22000000015cd8244400000001cfe2808a00000001cfe2808a1
000005600000000a994d916000000014579222c00000001bca21c5a00000001bcab838c1
0000058000000006f1468b6000000004874616e00000001e6b58ade00000001e6b58aca1
000005000000000bb35ddbe000000014039237c00000001562e26f80000000183bc89de1
000005200000000ba025df2000000004258e3e40000000032ef7fc80000000084f2ca581
0000054000000005382e79200000000b155df260000000194f5964e000000018c7ff8005
0000056000000005fb8e49c000000002923793a00000001e4180a7400000001e417e68a1
000005800000000fe63ccea00000000aa95d9d60000000163752bae00000000fc00f8005
000005000000001d0b8075c00000000172e76b800000000180ef570000000017044f5701
00000520000000166432ae2000000017ad42dc60000000183f4938e0000000182be938c1
000005400000000b1b4df1e00000001f5358e3e00000001bc349c7e00000001f801f5745
0000056000000004e39e0fc000000002a2379fa000000014218a3f400000001420ee3421
000005800000000926357ea0000000072956fd600000001b3799fac00000001b30b9fa81
00000500000000070a3ef5a00000001d71906b400000001d862856a00000001dc7489ec1
000005200000000a694dad6000000017b752dae00000001c0b8835c00000001c2058cd81
000005400000001972e96b800000000580fe570000000006643eae20000000173bbf8005
0000056000000007ad96dc40000000063e2eb8a0000000051996714000000006943e1ec1
0000058000000007562ee2a00000001bc999c54000000006f63e8aa00000001ba85f8005
000005000000001a895195600000001a7741aae00000001f8b48d5e00000000fc008d5f1
000005200000000a7385abc00000000182f757800000001660faaf0000000016515aaf21
000005400000000ba435de20000000122d5bbc600000000b3f5df8e00000000b3f1df7a1
000005600000001d1b9871c000000007522ee3a000000005c19647400000001cff5f7fe5
0000058000000018e6e10e8000000000a8ff1d000000000434363a20000000042ab8b4a1
000005000000000b0d4df4600000001f7f98e8c0000000199a2951a00000001f801f5e25
0000052000000006515ea36000000005c79e46c00000001ceaf00d800000001ceacf7fe5
000005400000001cb0e01b000000000404263620000000056d8e6c400000001935ce6c41
0000056000000003bef7d88000000006182eb1200000000155576260000000028c3f15c1
000005800000000bcf4dc4e00000001efb5889e000000000938f13c00000001f800e26e5
000005000000001042fb278000000017e032cf200000000aa55d9e600000000aa55d9e61
000005200000001a2f51bce00000001b3b41f9e00000001d138873c00000000db68873a1
000005400000001f42e8e7800000001be031cf2000000004a59e1e400000000f7ffe1e65
000005600000001c2e383ca00000000b394df9600000001d179072c00000001f7ffeb7a5
00000580000000194ae165800000001bf0e9cb0000000006842e96200000000dbeee9621
000005000000000a6d5dac6000000019bf5958e0000000041b8631c00000001cb14f8005
000005200000000152ff638000000019c0f1470000000014e4e20e0000000015064930c1
000005400000000aace59c00000000003cef38000000001b1c31f0200000001b1c2d6021
00000560000000015d47606000000019df4940e000000004db5e01e000000004ab3e01a1
000005800000000ed35c83e00000000ac35d87e00000001ce3900fc00000000f800f8005
0000050000000000a2e71f80000000162022bf200000001b2591fe400000001b2581de21
00000520000000132ef3fc8000000007383ef920000000191591724000000019158b75a1
000005400000001d4e2864a000000005f98e49400000000296f792800000001bc90f33a1
000005600000001e4820a5200000000bf55dca60000000168f5294e00000001f7ff702c5
000005800000001e7b40a9e00000001d938853c000000010422327a00000000f80033945
0000050000000005e1964f4000000006a63e9ea00000001e2950bd600000001e294d8061
000005200000001537827ac0000000150ae27580000000177022eb20000000176fa2eb21
00000540000000178542d6600000001e6f88acc000000007baeed9800000000e794ed981
000005600000000410fe3300000000194439662000000005ed5e4c6000000003f46f8005
000005800000001ebf5898e0000000041b9e31c00000001552f263800000001b686f5441
000005000000000bc025c72000000004e58e0e400000001caef01c800000001cad8c5d41
000005200000001a38e9b90000000007142ef220000000014d57646000000019d5ef7fe5
0000054000000005ff8e48c00000001a9a3191a0000000065146a3600000001916b85001
0000056000000017c74ac6e00000000aeb958dc000000000b2f71b800000001b3758efa1
000005800000000000ff37000000000b64f5ee0000000007ac2edc2000000007ac2f0361
00000500000000003d5738600000000b1f4df0e00000000b5b5de1e00000000b5b5e47a1
000005200000001dd39043c000000002c22787a000000006e14e8f6000000019194e8f41
0000054000000004a79e1ec00000001a2a31bda00000001931817b40000000193f886b21
000005600000001d062876a0000000036947ed6000000001b75f5ae000000018f47f5ac1
00000580000000040b9e35c00000001972f16b800000001b80e9d7000000001b8109ebe1
0000050000000006642eae2000000015ad925c40000000143ee2388000000014fa1995c1
000005200000001b18e9f1000000000754eee20000000001ccff44000000001afe2f7fe5
000005400000000afcf58800000000069cee9000000000145c3a20200000000a1afc9e21
000005600000000bdd5dc0600000001edf5080e000000018db8101c00000001f7fe6c1e5
0000058000000014d2e203800000001ac0e9870000000018e4210e200000001894a40ce1
0000050000000014ad521c600000001e3f90b8c0000000071a3ef1a00000000b81fef1a1
00000520000000075156e36000000001c74746e000000004eb9e0dc000000004ee1e0dc1
0000054000000000b2f71b800000000000ef37000000000b64f5ee000000000b64fede61
0000056000000005ac265c200000001e3d58b8600000000b1f5df0e00000001c56bdf0e1
000005800000001b5b51e1e00000001fd340c3e00000001cc38807c00000000fc00807c1
0000050000000000e2ef0f800000001aa0319f200000001a2541be600000001a25593261
00000520000000192f817cc00000001f3a20f9a0000000171142f3600000000f7fe2f365
000005400000001f4740e6e00000001feb48cde00000001cb3801bc00000000fc0023d21
000005600000001e02f0b7800000000160ff6f000000001da4f05e000000001da4e8ab61
000005800000001a2c21bc20000000013d4778600000000d1f8c70c00000000d1f8c70c1
00000500000000075a3ee1a000000007d156c36000000018c78106c0000000189aee2c41
000005200000000aeafd8d8000000000b0ff1b000000001804f1360000000018042f7fe5
000005400000001f6c20ec200000001bbd41d860000000181f4930e00000000f7fe930e5
000005600000000b5b4de1e000000013d39bc3c000000002c23787a000000017b4ff7fe5
0000058000000000e15f0f6000000004a79e1ec00000001a2a31bda00000001a2a2f8005
000005000000000531867b400000000b0625f6a00000000b695ded600000000b6f1ded61
0000052000000019b7595ae0000000000b8f35c00000000172ff6b8000000000de5f7fe5
0000054000000007803ed7200000000a655dae6000000019af915cc00000000a0daf7fe5
000005600000001c3ae039800000001910e173000000000b44e5e6000000000dd9c5e621
000005800000001bece9cc0000000006bc3e9820000000001d5730600000001b2e3f8005
00000500000000115f8b60c000000001daff41800000001ed03083200000001ed03f8005
000005200000001ac54186600000001eef408ce00000001cbb8819c00000000f7fe819c5
000005400000001212e3b3800000001340f3e70000000011e4f34e0000000011e43350a1
0000056000000000acff1c000000000a3cf5b800000000151c2a7020000000150c2d6421
000005800000000b5d5de0600000001fdf98c0c000000006da2e81a00000000fc00f69c1
0000050000000006d15683600000001ac74986e000000012eb938dc00000001a22f88aa1
0000052000000000b2ff1b80000000160032b7200000000165476e60000000015a0a6221
0000054000000011af435ce0000000043b9e39c00000001d12f073800000001d131a2061
000005600000001940e1670000000017e422ce2000000014ad821c4000000009abc21c61
000005800000001c3e2838a000000011194b716000000005579e62c00000000627de57e1
0000050000000019caf145800000000af0258b200000000e854c96600000000e5aec9661
00000520000000146f5a2ce000000005bb9e59c00000001c12f033800000001c12ef7fe5
000005400000001940e1670000000017e422ce2000000014ad821c4000000009aba21c41
00000560000000163e22b8a0000000071946f16000000009574562e000000009558565a1
000005800000000bcb5dc5e00000001cf3980bc00000000e82ec97800000001f800e6b05
000005000000001460fa2f0000000007a43ede20000000162d52bc60000000163f4f8005
00000520000000193f4978e0000000131b4bf1e00000001d535863e00000001d532deb01
000005400000000bc35dc7e00000001ee3508fe000000018a3811fc00000001f8006e0a5
000005600000000022e73f8000000007202eff200000000125577e6000000001304ebee1
000005800000001b2f49fce0000000053b9e79c00000001f1230f3a00000001f123f8005
00000500000000054186674000000011e6e34e8000000014a8321d2000000014a840eb41
000005200000000a355dba60000000150f9274c0000000157ae2698000000017d308b221
000005400000001b90e9d3000000000044ef260000000005ec364c2000000005d8af7fe5
0000056000000012bd4b98600000001c1f5830e00000000f5b9ce1c00000000f5bbd2581
0000058000000007d23ec3a000000016c152876000000014e7820ec00000001725e9cee1
0000050000000002aa279da00000001431423b600000000f0754f6e00000000f0754efa1
000005200000000b6b95edc000000001b2375ba000000006019eb74000000006537eb721
0000054000000005663e6ea000000005a99e5d400000001836f13a800000001836af7fe5
000005600000001b08e9f50000000005742e6a200000001f8d58d4600000000fc00f8015
000005800000000a7f5da8e00000001f9b58d1e00000000a534da3e00000000fc00f1ef1
000005000000001bc351c7e00000001ce3880fc000000006a2e69f800000000f80069f05
000005200000000020ff3f000000001d24f07e00000000192ce17c00000000192d883c01
000005400000001d3ce07800000000051c2670200000001f5d80e0400000001f5e00fc61
0000056000000019def1408000000006d83e812000000000d5570260000000193c2821a1
0000058000000012cf4b84e00000000afb5d89e00000001e935893e00000001e935f8005
00000500000000164342a7e000000019e3914fc000000006a23e9fa000000008b7be9fa1
00000520000000062156bf6000000005278e7ec0000000012af77d8000000003d85dbe61
000005400000000130ef7b000000001b0431f620000000196d816c40000000196df9f161
000005600000001dbe2858a0000000161942b1600000001b5791e2c00000000c2de38801
0000058000000007cafec5800000001af0398b2000000000855f16600000001b3e4f8005
000005000000000a6f5dace00000001bbb51d9e000000018138133c00000001eaf081321
000005200000001d42e067800000001fe020cf2000000018a5811e400000000fc0011e41
00000540000000022ee7bc8000000007382ef9200000001b1551f2600000001b154f3761
000005600000001f4f88e4c00000001bfae1c9800000000690fe93000000000f801e92e5
0000058000000004443e26200000000fed9ccc400000000abe3598a00000000fc00f8005
0000050000000004199e31400000001d563862a000000013c943c5600000001a006f1ce1
0000052000000004f79e0ac0000000148af215800000001470e22b00000000147948a201
000005400000000584265620000000046d8e2c4000000003bef7d88000000003dd8d0fe1
0000056000000016182ab1200000000b555de26000000019cf9144c00000001a667f7fe5
0000058000000000fae709800000000890ed130000000010443b262000000002058c8921
0000050000000017ed52cc600000000abf5d98e0000000161b52b1e00000001b3168f401
000005200000001f5348e3e00000000bc34dc7e00000001ce3900fc00000001f7fef31e5
0000054000000002a2279fa00000001821493f600000000b275dfee00000000b273dfe81
00000560000000152b927dc00000001532e27b800000001b00e9f7000000001b00c9f701
000005800000000164ef6e0000000005ac365c20000000043d8e3840000000043ddca321
000005000000001d1e3870a000000001594f61600000000bd75dc2e00000000bd71f8005
0000052000000016cb5285e000000016f3428be00000001c838817c00000001c836817a1
000005400000000062ef2f800000001ba031df200000000025473e600000001477399321
000005600000000b2f45fce00000000b3b5df9e000000019139173c00000000f005c76c1
000005800000001d42e067800000000be025cf200000001ca5801e400000001f800028c7
000005000000001e2ef0bc8000000009383d792000000001159772400000001f80171685
00000520000000174efae48000000007f83ec920000000009557126000000017c88f7fe5
00000540000000044f4e24e00000000ffb5cc9e000000004939e13c00000000fc01f8005
000005600000001e4230a7a00000001be141cf600000001ea7409ee00000000f80009ee5
000005800000001c2b883dc000000007322efba000000005019677400000001beeaf8005
000005000000001f6628eea00000001ba991dd4000000000363f3aa00000000f801f3aa5
0000052000000001099f75400000000176ff6a800000001d88f055000000001d88cf7fe5
000005400000000474262a200000001d8d4054600000000c7f5c28e00000000c6e7c28e1
000005600000001f9b58d1e00000000a535da3e000000019c39147c00000000fc00f0671
0000058000000002e2278fa000000004a18e1f400000001426f23e8000000014266e32c1
000005000000000b2825fd2000000005358e7a40000000190ef1748000000017bd6cf781
000005200000001b78e9e9000000001d94e052000000001e4c30a4200000000f7fe28b05
0000054000000019fd914840000000069e3e90a00000000459962140000000191c685821
000005600000000dd62c42a00000000ec95485600000000af75d8ae00000000f801d8b45
000005800000001e8b5895e000000004738e2bc00000000182f757800000001b849f4921
000005000000000060ef2f0000000005a4365e200000000a2d4dbc600000000a2d5d66a1
000005200000001d3f9078c00000001b1a21f1a0000000075146e3600000000f7fe6e345
000005400000001fc780c6c000000018eaf10d800000000ab03d9b200000000fc01d9b41
000005600000000c059c3640000000016eff6c800000000bb835d9200000000bb84f8005
000005800000000a154db260000000194f9164c000000003fa27c9a00000001bf206a901
000005000000000a914d93600000001e4750a6e000000019eb814dc00000001f8016c005
0000052000000014b2e21b800000000a0025b7200000000b654dee600000000b648dee61
000005400000001faf98dcc0000000003aef39800000000b1035f3200000000fc01f8015
000005600000000d454c66600000001fef98ccc00000001aba3199a00000000fc01db841
000005800000000a115db3600000001f4750e6e00000001beb41cde00000001f800721e5
000005000000001eb3489be000000006038eb7c000000007623eefa00000001d382f8005
0000052000000007a156df600000001a2789bec0000000072a3efda00000001a505efda1
000005400000001b3151fb600000001f0788f6c0000000016aef6d800000000f7fef6d65
000005600000001db0f05b0000000004042636200000001b6d81ec400000001b8d81e841
0000058000000001beff58800000000a1835b120000000195581624000000019554d95c1
000005000000000bcefdc48000000000f8ff09000000001e943092200000001e942f8005
00000520000000004d47246000000017ff42c8e00000000a9b5d91e00000000a9b3d91c1
000005400000001c539023c000000003c227c7a000000016e1428f6000000018ae828be1
000005600000000aa75d9ee00000001c2b983dc00000001532e27b800000001f600e6ba1
000005800000000f0034f7200000001b6559ee6000000001af5f5ce00000001f801f5ce5
000005000000000a3b5db9e00000001f1358f3e000000001438f67c00000001f800f8005
0000052000000007e23ecfa000000004a1961f4000000000262f3ea0000000050eaf4ec1
000005400000000b295dfd60000000173752fae00000001f0b40f5e00000001f0bc97841
000005600000001f7348ebe00000000b834dd7e00000001e6350afe00000001f7fef4705
000005800000001da3885fc000000006222ebfa00000001521927f400000001c4f2f8005
00000500000000172622fea00000000529867d400000001936217aa00000001936823ca1
00000520000000170952f5600000001b7791eac0000000078a3ed5a00000000b05ded581
00000540000000067156ab6000000019878156c0000000046afe2d80000000187e9e2da1
0000056000000007b03edb20000000160552b660000000196f496ce000000019720a5761
000005800000000dbb4c59e000000018135933e000000007439ee7c00000001e577f1a21
000005000000000be23dcfa00000000aa15d9f600000001e2798bec00000000ec92f8005
00000520000000072a2efda0000000073156fb6000000017078af6c0000000158dbe7701
00000540000000156a326da00000001db1505b600000001e0750b6e00000001e0250b6e1
000005600000001b6b91edc000000007b23edba000000004019e37400000001ba3de3701
000005800000001d66386ea00000000ba94ddd600000001e3798bac00000001f801ece65
00000500000000010aef75800000000b7035eb200000001f8548d6600000000fc01de151
000005200000000a6f5dace00000001dbb9859c00000000c122c33a00000001f7fee98a5
000005400000000b415de76000000015e7924ec000000002aa279da000000019aec8e241
000005600000000a314dbb600000000d075c76e0000000096b956dc00000000f801f7fe5
0000058000000015b2fa5b800000000000ff37000000000b64f5ee000000000b64ef8005
000005000000000facecdc00000000003cff38000000000b1cf5f0000000000fc01f8015
00000520000000055c2e602000000005dd9e40400000001cde3800a00000001cde1f7fe5
0000054000000006d98e81400000001ad63982a00000000ac95d85600000000a5c9f8005
000005600000001ef7988ac0000000068a2e95a0000000067156ab600000001e059f7fe5
0000058000000019878156c0000000006aff2d800000001fb030db200000000fc0191191
000005000000000005473660000000056f466ce00000000dbb5c59e00000000dbb5c59e1
000005200000000a135db3e00000001f4358e7e00000000be34dcfe00000001f7fef3ce5
0000054000000004a39e1fc00000000022f73f800000000d202c7f200000000d202e0761
000005600000000925557e60000000052f9e7cc00000001d3af079800000001d3acc7b41
000005800000001910e173000000001d44e066000000001fec20cc200000000fc000cc21
0000050000000018bd8118400000001e1e20b0a000000005598661400000000f6a266141
0000052000000001d6ef42800000001ac8f9850000000006f42e8a2000000006df1f7fe5
00000540000000068d969440000000147e2228a000000005999e51400000000590be5161
000005600000001c563822a000000009c94545600000000af75d8ae00000001ea75d8ae1
000005800000001c8b9015c00000000072e72b800000001380e3d700000000158543d6c1
00000500000000126433ae2000000001ad575c60000000163f5ab8e0000000163f5ab8e1
00000520000000051b5671e00000000f535ce3e00000000bc35dc7e00000000d189dba61
000005400000001ce3900fc000000000a2e71f8000000014202a3f20000000161aea3f01
000005600000000b255dfe600000001b2f51fce00000001b3b41f9e00000001ee3a87b61
000005800000001b1341f3e00000001d438867c000000001e2ef4f800000000f800f4f85
000005000000001aa0f99f000000000024ef3e000000001b2c31fc200000001b2c3f8005
000005200000001b3d41f8600000001f1f88f0c0000000075a2ee1a00000000f7feee1a5
0000054000000007d156c36000000004c78e06c000000000eaf70d8000000005239d4dc1
0000056000000012b0eb9b000000000c043436200000000b6d5dec600000000b6cbdec61
000005800000001dbf9058c0000000181ae131800000001b50e9e3000000000e6489e301
0000050000000013c42bc62000000002ed978c4000000000be3f18a000000000a77f1a61
0000052000000010195b316000000011579362c000000001caff458000000001caff4561
0000054000000016f0328b200000000685869640000000186e292ca00000001876092c81
0000056000000017b992d9400000000a1635b2a0000000034997e5400000001a5997e521
0000058000000007f63ecaa00000001a895195600000001a7741aae00000001b41c8ec81
000005000000001d8b8055c0000000027227aba00000001d818857400000001d81a85741
000005200000000066ff2e800000000ba835dd2000000012358bba4000000004816da241
00000540000000070e3ef4a00000001b7951e9600000001f9740d2e00000000fc0095f11
000005600000001e4b48a5e00000001df3404be000000004839e17c00000000f801e17a5
000005800000001462f22f8000000019a0e15f000000000a24e5be000000000a2605be01
00000500000000072c2efc20000000013d5778600000001d1f8870c00000001d1f9ef4a1
00000520000000075a3ee1a00000001bd151c3600000001ec78886c00000001eca496f81
0000054000000000eaef0d800000001ab0f99b000000000004ef360000000014225f8005
000005600000000b6cf5ec0000000007bc2ed820000000061d96b0400000000bae5d4741
000005800000000b5eede08000000013d83bc1200000000ad55d82600000000ad25f8005
000005000000001ecf9884c000000006fa2e89a000000014919213400000001e4adf8005
000005200000000246e7a68000000001e8ef4d000000000ab4f59a000000000ab4ef7fe5
000005400000000e0c24b4200000001b7d99e840000000139e33d0a00000001f80172525
00000560000000025997a14000000007d63ec2a00000001ec95085600000001ec92ef541
000005800000001af7418ae00000001c8b8015c0000000027227aba00000000f8007aba5
00000500000000158142576000000004679e2ec000000003aa37dda0000000038cf92ec1
0000052000000016318abb4000000007063ef6a0000000176952ed6000000017803f7fe5
0000054000000015b7825ac0000000160a22b5a00000001d71806b400000001d71806da3
000005600000001d862856a00000000a694dad6000000015b7925ac00000001f7fee9165
00000580000000000ae735800000000170276b200000000b855dd6600000000b855dd661
0000080000000007e3381cc000000010166fe9800000000fccd033200000001ffffff005
000008200000001fc98036600000001fe3001ce000000017f62809c00000001fffe809c1
00000840000000101c6fe3800000000848d7b7200000001031afce400000001fffefc721
00000860000000080377fc800000001666c999200000000ccdb332400000001ffff9a661
00000880000000002b5fd4a00000000836b7c940000000163d49c2a00000001fffefb041
00000800000000004a9fb56000000007e5381ac0000000102a4fd5a00000001fffefeca1
00000820000000082497db6000000016d90926e000000000421fbde00000001fffffbde1
0000084000000007f4380bc000000010186fe78000000007c0f83f000000001ffffff005
000008600000001a91e56e000000000023dfdc200000000fc79038600000001ffffd5a41
0000088000000017df0820e0000000190e26f1c0000000001c7fe3800000001fffffe381
000008000000000fc8d037200000001821a7de4000000010f36f0c800000001fffef0c81
0000082000000001e6fe1900000000001dffe2000000000fcbd034200000001fffefefe5
00000840000000181787e860000000104f0fb0e00000000fde3021c00000001fffefa9a1
00000860000000180c47f3a00000001038afc740000000080177fe800000001fffefcca1
000008800000001012efed000000000845f7ba000000001bcbc434200000001fffffb781
0000080000000000479fb86000000007df1820e00000001e2e21d1c00000001fffefe9c1
000008200000000c5c73a38000000008b8f747000000000021dfde200000001fffffde01
000008400000000fb3b04c400000001fa74058a00000001fee8011600000001fffe01141
0000086000000017ed2812c00000001f1a40e5a00000000e3491cb600000001ffff1cb41
0000088000000000393fc6c00000000fe2501da0000000182487db600000001fffe7fbe1
0000080000000010392fc6c00000000ff2700d800000001fe4c01b200000001ffff7e341
000008200000001fa980566000000017e3281cc000000014964b69a00000001fffeb69a1
00000840000000092cb6d34000000000295fd6a0000000082297dd600000001fffeebb21
0000086000000010450fbae00000000ffa3005c00000001fd4602b800000001ffff7c341
000008800000001fa8c05720000000181187ee60000000165309ace00000001fffe9ace1
000008000000000ca61359e0000000004c1fb3e00000000fd83027c00000001fffeb2021
000008200000001fa0405fa0000000182087df6000000010410fbee00000001fffefbee1
0000084000000007e2181de000000011840e7be000000000383fc7c00000001fffffc7e1
00000860000000080057ffa00000001c1083ef6000000000313fcec00000001fffffcec1
00000880000000080257fda00000001084af7b4000000000197fe6800000001fffffe6e1
000008000000000fd2f02d000000001845e7ba00000000182be7d4000000001fffe7d401
000008200000000017ffe800000000084ff7b000000000101fefe0000000001fffefe180
00000840000000083fd7c02000000014bf8b4060000000097f1680e00000001ffffb10a1
00000860000000004e1fb1e00000000ffc3003c0000000180847f7a00000001fffe7f8c1
0000088000000017f0a80f400000000ff1700e800000000fe2f01d000000001ffff03561
000008000000000fc5d03a20000000004b9fb46000000007e73818c00000001ffff81061
000008200000001e1e61e1800000000c2cd3d3200000000859b7a6400000001ffff7a641
0000084000000000b37f4c800000000026dfd920000000082db7d2400000001fffefefe5
0000086000000015cb6a34800000000016ffe900000000083dd7c2200000001fffffefe5
00000880000000103bafc4400000000fd77028800000001fbee041000000001ffff7ff01
000008000000001fadc052200000001fbba044400000001fc74038a00000001fffe038a1
000008200000001ffea001400000001fcd4032a0000000182a87d5600000001fffe7d561
000008400000001bb5244ac0000000077a7885800000000ee4f11b000000001ffff4e201
000008600000000029dfd6200000000823b7dc4000000010274fd8a00000001fffefe141
000008800000000fee9011600000001fad0052e000000017ea0815e00000001fffe815e1
0000080000000015342acbc000000000285fd7a00000000fd0b02f400000001ffffff005
0000082000000017f1480ea000000010428fbd600000000fb5304ac00000001fffefdc01
00000840000000181a67e5800000001024cfdb200000000fa99056600000001fffefd221
000008600000001ff3200cc0000000180647f9a0000000103cafc3400000001fffefc361
000008800000000fb97046800000001fc2c03d20000000181587ea600000001fffe7ea61
00000800000000103b2fc4c0000000081677e980000000102ccfd3200000001fffefc5c1
000008200000000829b7d640000000165349aca00000000036bfc9400000001fffffc941
000008400000000fad5052a00000001ffaa00540000000180567fa800000001fffe7fa61
00000860000000101aefe5000000000835d7ca200000001cdb8324600000001fffffc121
0000088000000009a73658c0000000035e7ca180000000001cffe3000000001fffffe301
000008000000000849f7b6000000001023cfdc200000000827b7d8400000001fffffa361
000008200000001aef651080000000001effe1000000000fbdf042000000001ffffd0181
00000840000000184be7b4000000001e77e18800000000001fffe0000000001fffffe001
00000860000000084ff7b000000000102fcfd0200000000fdfb020400000001fffff9021
00000880000000180f67f0800000001efec10120000000004d9fb2600000001fffffb261
000008000000000fcb1034e000000017e60819e0000000104c0fb3e00000001fffefb3e1
0000082000000007e81817e000000010400fbfe000000007f0380fc00000001fffffe7c1
0000084000000010106fef800000000fd0f02f000000001ff1e00e000000001ffff82ea1
000008600000001843e7bc000000001607e9f800000000001fffe0000000001fffffdfe1
000008800000000fefd010200000001fdfa020400000001faf4050a00000001fffe050a1
00000800000000182e87d160000000103d2fc2c00000000fda7025800000001fffefa461
000008200000001fa4c05b200000001fa98056600000001fe3001ce00000001fffe01ce1
000008400000001fc60039e00000001fcc0033e00000001fc80037e00000001fffe037e1
0000086000000017e0081fe000000010400fbfe00000000fc0103fe00000001fffefefe1
0000088000000017e0081fe00000001980267fc000000003005cffa00000001ffffcffa1
000008000000000600b9ff400000000c0173fe800000000802d7fd200000001ffff7fd21
000008200000000ff5b00a40000000002b5fd4a00000000fd6b029400000001fffe7ea61
000008400000001fad4052a00000001ffaa005400000001fe5401aa00000001fffe01aa1
000008600000001fca8035600000001fc5003ae000000017ea0815e00000001fffe81601
0000088000000010440fbbe000000007e81817e000000016a0295fc00000001fffffe4c1
0000080000000000107fef800000000fd0f02f000000001841e7be000000001fffe82ec0
000008200000001a83c57c200000000507baf8400000000a0f75f0800000001ffff88541
00000840000000040efbf100000000081dd7e220000000003bbfc4400000001fffffc441
0000086000000000775f88a000000000febf014000000001ed5e12a00000001fffeff005
00000880000000003abfc54000000007f5580aa0000000103aafc5400000001fffefe701
000008000000000ff5700a8000000017cae835000000001025cfda200000001fffefda21
00000820000000082bb7d44000000010274fd8a0000000083eb7c1400000001fffffbf21
00000840000000101d6fe28000000007caf835000000001ab5c54a200000001ffffff005
00000860000000057b9a84600000000ae73518c000000005de7a21800000001ffffa2161
000008800000000bacd453200000000039bfc6400000000fa3505ca00000001fffec2aa1
000008000000001fb6a049400000001fbd60428000000017cae835000000001fffe83501
000008200000001025cfda200000000feb9014600000001fb72048c00000001ffff800a1
00000840000000180e47f1a0000000104c8fb36000000007e93816c00000001fffefb541
0000086000000010224fdda0000000082497db6000000010392fc6c00000001fffff94a1
00000880000000080257fda00000001034afcb400000000fe95016a00000001fffffd941
000008000000001fa2805d6000000017d5082ae0000000103a2fc5c00000001fffefc5c1
00000820000000080457fba000000010488fb7600000000fb1304ec00000001fffffc421
000008400000001fc2403da0000000182487db60000000194926b6c00000001fffe6b6c1
0000086000000000225fdda00000000fc4903b6000000017e92816c00000001fffe83261
0000088000000010224fdda00000000834b7cb4000000010294fd6a00000001fffefd061
000008000000000fa2905d600000001fb5204ac0000000181a67e5800000001fffe7e581
000008200000001244edbb000000000029dfd6200000000823b7dc400000001fffffefe5
0000084000000012574da8a0000000003ebfc14000000007fd5802a00000001ffffff005
00000860000000129aad654000000000157fea8000000007caf835000000001fffffefe5
000008800000001025cfda20000000082bb7d44000000013a74c58a00000001fffffc081
00000800000000075e98a160000000003d3fc2c0000000080a57f5a00000001fffeff005
000008200000001ab4a54b4000000000197fe6800000000842d7bd200000001ffffd4321
0000084000000015d58a2a60000000004b1fb4e000000007e61819e00000001ffffff005
000008600000001e9c0163e000000000383fc7c0000000080057ffa00000001ffff93d81
000008800000001030afcf40000000080177fe8000000012c2cd3d200000001fffffddc1
000008000000000035bfca400000000fdb7024800000001fe6c019200000001fffe800e1
00000820000000181d87e260000000104b0fb4e000000007f63809c00000001fffefa7e1
00000840000000102c4fd3a00000000838b7c74000000010116fee800000001fffefeca1
000008600000000fa2d05d200000001ff5a00a4000000017fb4804a00000001fffe804a1
000008800000001036afc940000000080d77f280000000162ae9d5000000001fffffcd41
000008000000000025dfda20000000081b97e46000000010470fb8e00000001fffefd6e1
000008200000000fae1051e000000017ec0813e00000001b5824a7c00000001fffe4a7a1
0000084000000006b0794f800000000d70d28f200000000ae1b51e400000001ffff51e41
0000086000000000235fdca0000000082697d960000000103d2fc2c00000001fffefd4c1
000008800000000fca5035a0000000182487db6000000010392fc6c00000001fffefc6c1
000008000000000fe2501da0000000182487db6000000011a92e56c00000001fffee56c1
0000082000000003427cbd800000000024dfdb200000000829b7d6400000001fffefefe5
0000084000000010136fec800000000fc6d03920000000181d87e2600000001ffff835e1
00000860000000104b0fb4e000000007e61819e0000000103c2fc3c00000001fffffd7e1
000008800000000fe85017a00000001fd0a02f40000000180167fe800000001fffe7fe81
000008000000001362ec9d0000000006c5d93a200000000d8b9274600000001ffffde7a1
000008200000000b0714f8e0000000003e3fc1c00000000fac5053a00000001fffeccb81
000008400000001838a7c74000000010116fee800000000842d7bd200000001fffefc621
0000086000000012e5ad1a40000000002b5fd4a0000000082697d9600000001fffffefe5
00000880000000171d08e2e0000000003a3fc5c0000000080457fba00000001ffffff005
0000080000000018b887476000000000411fbee00000000fb2304dc00000001fffff1681
00000820000000181467eb800000001028cfd7200000000fe1901e600000001fffefd3c1
0000084000000017d3082ce00000001a2625d9c0000000044c7bb3800000001ffffbb381
000008600000000888f777000000000011ffee000000000833d7cc200000001fffef75a1
0000088000000010478fb8600000000fdf3020c00000001ffe6001800000001ffff7e981
00000800000000184cc7b320000000163989c6600000000c73138ce00000001fffe98ac1
0000082000000000363fc9c0000000080c57f3a00000001038afc7400000001fffefdb61
000008400000000fd1702e8000000017c2e83d000000001025cfda200000001fffefda01
00000860000000081b97e46000000019870678e0000000031e1ce1e00000001ffffce1e1
00000880000000003c3fc3c0000000080857f7a000000018b0a74f400000001fffefcd21
0000080000000001715e8ea00000000032bfcd400000000fd5702a800000001fffeff005
0000082000000017cae835000000001705c8fa200000000e1b91e4600000001fffe94121
0000084000000000471fb8e00000000fbe3041c00000001fac4053a00000001fffe80b81
000008600000001fb8a0474000000017f1480ea00000001572aa8d400000001fffea8d61
0000088000000000255fdaa00000000fdab02540000000180567fa800000001fffe81841
00000800000000171ac8e5200000000e25b1da40000000002b5fd4a00000001fffffd4a1
00000820000000082697d960000000104d0fb2e00000000faa1055e00000001fffff9de1
000008400000001fa4005be000000017e80817e000000015602a9fc00000001fffea9fc1
000008600000000ad0552fa000000005a0ba5f4000000000215fdea00000001fffffde81
00000880000000082297dd6000000010352fcac0000000080a57f5a00000001fffffb881
0000080000000010448fbb600000000fd93026c00000001fe2401da00000001ffff7f381
00000820000000182487db6000000010a90f56e000000001423ebdc00000001fffef4381
0000084000000000147feb8000000007c8f837000000001021cfde200000001fffefefe5
000008600000000823b7dc4000000010274fd8a0000000083eb7c1400000001fffffc5a1
00000880000000102d4fd2a00000000ffab0054000000017f5480aa00000001fffe807a1
00000800000000104a8fb56000000007d5182ae000000011da0e25e00000001ffffff005
0000082000000003a41c5be0000000075838a7c00000000ea0715f800000001fffed14a1
000008400000000d50f2af000000000011ffee000000000833d7cc200000001fffeaad01
0000086000000010478fb86000000007df1820e00000001a0e25f1c00000001fffffe9a1
00000880000000002c5fd3a00000000838b7c74000000010716f8e800000001fffefb221
000008000000000022dfdd200000000825b7da4000000013cb4c34a00000001fffefc7e1
000008200000000786987960000000003d3fc2c00000000fda7025800000001fffefefe5
000008400000001fb4e04b000000001839c7c6200000001033afcc400000001fffefcc41
00000860000000080777f880000000101eefe100000000084df7b2000000001fffffea01
00000880000000102bcfd420000000081797e8600000001a7f0580e00000001fffffcea1
0000080000000004ee1b11e000000009dc3623c000000003b85c47a00000001ffffc47a1
000008200000000030bfcf400000000fa1505ea00000001ff2a00d400000001fffe83de1
000008400000001fc5403aa0000000183aa7c5400000001f0540faa00000001fffe0faa1
000008600000000e1ab1e54000000000255fdaa0000000083ab7c5400000001fffe9d1c1
0000088000000010156fea800000000ffaf005000000001845e7ba000000001ffff7ede0
00000800000000101befe4000000000847f7b800000000155fcaa0200000001fffffae01
00000820000000004f9fb0600000000fff3000c00000001fee4011a00000001fffe78881
00000840000000183ca7c34000000010196fe6800000000fd2f02d000000001fffefbb01
000008600000001fb5e04a000000001fbbe044000000001837c7c8200000001fffe7c841
000008800000001f9f8060600000000f2f10d0e00000000e5e11a1e00000001ffff1a1e1
00000800000000003c3fc3c0000000081877e7800000001010efef000000001fffeff005
000008200000000841f7be000000001023cfdc20000000081797e8600000001fffffaa41
00000840000000104f0fb0e000000007fe3801c0000000101c6fe3800000001fffefdda1
000008600000000848d7b72000000010418fbe600000000fd3302cc00000001fffff85e1
000008800000001fe64019a00000001fac8053600000001ff92006c00000001fffe006c3
000008000000001fe2401da0000000182487db600000001c692396c00000001fffe396c1
0000082000000000127fed8000000007c4f83b000000001019efe6000000001fffefefe5
000008400000000fe3d01c200000001fd7a028400000001fef4010a00000001fffe01081
000008600000001fae80516000000017ed2812c0000000193a66c5800000001fffe6c5a1
000008800000000274dd8b2000000004f99b066000000000431fbce00000001fffeff005
000008000000000fc61039e00000001fdc2023c00000001ff86007800000001fffe00783
0000082000000017c0e83f000000001d31c2ce200000000a63b59c400000001ffff59c21
0000084000000000177fe8800000000fbef04100000000184de7b2000000001fffe83a01
00000860000000161be9e4000000000017ffe800000000083fd7c0200000001fffffefe5
0000088000000010efaf1040000000001f7fe080000000084ed7b1200000001ffffff005
00000800000000177d888260000000004b1fb4e00000000fe61019e00000001ffffff005
000008200000001fcc0033e00000001fc80037e000000017e0081fe00000001fffe81fe1
0000084000000010400fbfe000000007e0181fe00000001ec0013fe00000001fffffefe1
0000086000000000303fcfc00000000ff0700f8000000017c0e83f000000001fffe84001
000008800000001c01e3fe000000000803f7fc000000000ff7d008200000001ffff40a41
00000800000000003fbfc0400000000fbf7040800000001fcec031200000001fffe810c1
00000820000000182da7d240000000102b4fd4a00000000fc69039600000001fffefb781
000008400000001ffd2002c00000001fda6025800000001fa4c05b200000001fffe05b21
000008600000001fb9a04640000000180367fc800000001026cfd9200000001fffefd941
000008800000000fddb0224000000017fb4804a00000001696a969400000001fffe96941
000008000000000d3d72c2800000000a6ad5952000000004d5bb2a400000001ffffb2a41
0000082000000009bb7644800000000366dc992000000006ddb922400000001fffeaf001
000008400000000dab5254a00000000b56b4a940000000001d7fe2800000001fffffe281
000008600000000fbaf045000000001fc5c03a200000001ffba004400000001fffe00443
000008800000001fd760288000000017cee83100000000101defe2000000001fffefe201
000008000000000fcbd034200000001827a7d840000000102f4fd0a00000001fffefd0a1
00000820000000083eb7c14000000015dd6a2280000000002adfd5200000001fffffd521
000008400000000fb5b04a40000000180b67f4800000001026cfd9200000001fffefd901
000008600000000fcd90326000000017db0824e000000010460fb9e00000001fffefb9e1
0000088000000007fc3803c000000010284fd7a00000000fc0903f600000001fffffed21
0000080000000017d1082ee000000010322fcdc00000000fb4704b800000001fffeff005
000008200000001848c7b72000000010418fbe6000000007e3381cc00000001fffef85e1
0000084000000010166fe9800000000fccd033200000001fd9a026400000001ffff82e81
00000860000000180367fc800000001016efe9000000000ffdf002000000001fffeff005
000008800000001fdbe024000000001fb7e04800000000184fe7b0000000001fffe7b001
00000800000000102fcfd020000000082fb7d040000000102f4fd0a00000001fffefc901
000008200000000fbeb04140000000180d67f280000000102acfd5200000001fffefd501
000008400000000fb5b04a4000000017fb4804a00000001fe68019600000001ffff06041
000008600000000fdd3022c00000000faa5055a000000000449fbb600000001fffffbb41
0000088000000007d91826e00000001d62029de00000000ad4152be00000001ffff52be1
0000080000000000481fb7e00000000fe0101fe000000017e0081fe00000001fffe82161
000008200000001d2022dfc000000000205fdfa00000000fb0b04f400000001ffffacf61
00000840000000180167fe800000001022cfdd200000000fe5901a600000001fffefebc1
000008600000001fbb2044c00000001fa64059a00000001fac8053600000001fffe05381
000008800000001fe90016e00000001fd2202dc0000000181467eb800000001fffe7eb81
000008000000001028cfd720000000081197ee6000000010332fccc00000001fffffbe41
000008200000000ff670098000000017cce833000000001029cfd6200000001fffefd601
000008400000000823b7dc4000000012374dc8a0000000003ebfc1400000001fffffc161
0000086000000007fd5802a0000000119aae654000000003357cca800000001ffffe78a1
00000880000000067ad985200000000ce5b31a4000000009db5624a00000001ffff624a1
0000080000000003a69c5960000000075d18a2e0000000003a3fc5c00000001fffffc5c1
00000820000000080457fba000000010488fb7600000000fb1304ec00000001fffffc421
00000840000000181267ed8000000015a4ca5b200000000039bfc6400000001fffffc641
00000860000000080377fc800000001d16c2e9200000000a2d95d2600000001ffff5d261
00000880000000003b3fc4c00000000fb670498000000017cce833000000001fffe83b41
000008000000001269ed96000000000023dfdc200000000fd7b028400000001ffffff005
000008200000001fff600080000000184ec7b120000000104d8fb2600000001fffefb261
0000084000000007db1824e000000010362fc9c0000000081c77e3800000001ffffff005
000008600000001028cfd7200000000ff1b00e4000000017f3480ca00000001fffe80261
0000088000000010468fb96000000007ed3812c00000001d8a4275a00000001fffffddc1
000008000000000b1494eb6000000000491fb6e000000007f2380dc00000001fffecb3a1
0000082000000018d4472ba000000000489fb7600000000fa1105ee00000001ffffef421
0000084000000017e2081de000000010342fcbc00000000fd87027800000001fffefefe5
000008600000001840c7bf20000000191186ee6000000000431fbce00000001fffffbcc1
000008800000000fd63029c00000001fec4013a00000001fa88057600000001fffe05761
0000080000000017e1281ec000000010126fed800000000ff4f00b000000001fffeff005
000008200000001849e7b6000000001183ce7c2000000003179ce8600000001fffee4341
00000840000000003f3fc0c00000000fee5011a0000000182c87d3600000001fffe7ec21
0000086000000010392fc6c0000000081277ed8000000014f4eb0b000000001fffffc4e1
000008800000000029dfd620000000081397ec6000000017970868e00000001fffefd3a1
000008000000000f2e30d1c0000000002c5fd3a0000000082897d7600000001fffe8b5c1
00000820000000193126cec000000002725d8da000000004e49b1b600000001ffffc6c61
0000084000000000393fc6c00000000ff2700d800000001844c7bb200000001fffe7e681
000008600000001e2981d6600000000c4333bcc000000000265fd9a00000001fffffd9a1
00000880000000082c97d36000000012490db6e000000000421fbde00000001fffffbde1
000008000000000ff4300bc00000001fd86027800000001ff0e00f000000001fffe00f03
000008200000001841e7be000000001323ccdc200000000037bfc8400000001fffffc821
0000084000000007ff5800a0000000190ea6f140000000001d7fe2800000001fffffe2a1
000008600000000fbaf045000000001fc5c03a20000000182ba7d4400000001fffe7d441
0000088000000011e76e188000000003defc2100000000002ddfd2200000001ffffff005
00000800000000081b97e4600000001eb72148c0000000002e5fd1a00000001fffffd1a1
00000820000000082c97d36000000015d92a26c000000000127fed800000001fffffed81
000008400000000ff4f00b000000001839c7c6200000001dc3823c600000001fffe23c41
0000086000000000373fc8c0000000081e77e1800000001e4ce1b3000000001fffefbb21
000008800000000c99f366000000000933f6cc000000000027dfd8200000001fffffd821
000008000000000fbfb040400000001fbf6040800000001fcec031200000001fffe03121
00000820000000181d87e260000000103b2fc4c0000000080657f9a00000001fffefb7c1
00000840000000104c8fb3600000000fe91016e00000001fc2003de00000001ffff7dbc1
0000086000000017e4081be000000010480fb7e00000000ff0300fc00000001fffefe4e1
000008800000001ff0600f8000000017c0e83f000000001641c9be200000001fffe9be21
000008000000000033bfcc40000000080777f880000000120ecdf1200000001fffefd5a1
00000820000000004d9fb2600000000fcb1034e00000001fe60019e00000001fffe7f7e1
0000084000000017ec0813e000000010e82f17c000000000205fdfa00000001fffffdfa1
000008600000000fa0905f600000001ff1200ec00000001fc2403da00000001fffe03da1
000008800000001fd4a02b40000000180967f6800000001022cfdd200000001fffefdd21
000008000000000ff5b00a4000000017fb4804a00000001046afb9400000001fffefb941
00000820000000002d5fd2a0000000083ab7c54000000012556daa800000001fffefa8a1
0000084000000004badb45200000000965b69a4000000002db7d24800000001ffffd2481
0000086000000005a6fa5900000000001dffe2000000000fdbf024000000001fffeff005
000008800000001fb7e04800000000183fc7c020000000104f8fb0600000001fffefb061
000008000000000fef1010e000000017fe2801c00000001b7c4483a00000001fffe483a1
0000082000000006f8b907400000000df1720e800000000bf2d40d200000001ffff40d01
0000084000000000459fba6000000007db1824e00000001f862079c00000001fffefefe5
00000860000000002c5fd3a0000000082897d76000000010410fbee00000001fffefcde1
000008800000000fb2304dc0000000180447fba000000010488fb7600000001fffefb761
0000080000000007e1381ec000000010126fed8000000007c4f83b000000001ffffff005
000008200000001029cfd6200000000fc3903c6000000017e72818c00000001ffff80ce1
00000840000000101e6fe1800000000fecd013200000001fd9a026400000001ffff80501
000008600000001fb3604c800000001fd6e029000000001ffde002000000001fffe00223
00000880000000183bc7c4200000001397ac6840000000073f78c0800000001fffec3e81
00000800000000002edfd120000000081d97e260000000103b2fc4c00000001fffefd441
000008200000000fb6704980000000184cc7b3200000001de9a216400000001fffe21621
000008400000000bd3742c800000000026dfd920000000082db7d2400000001fffec1661
000008600000001ecb6134800000000d96d26920000000004d9fb2600000001fffffb261
0000088000000007db1824e00000001cd60329e0000000004c1fb3e00000001fffffb3e1
000008000000000fc81037e00000001fe0001fe000000017f0280fc00000001fffe80fc1
000008200000001b60449fa00000000030bfcf400000000fb1704e800000001ffffc7ee1
000008400000001842c7bd200000001035afca400000000fdb7024800000001fffef97e1
000008600000001fe6c019200000001fcd80326000000017db0824e00000001fffe82501
0000088000000010362fc9c00000000fec5013a0000000182887d7600000001ffff7e3e1
0000080000000012d12d2ec000000000225fdda00000000fc4903b600000001ffffff005
0000082000000017e92816c000000010126fed800000000fe4d01b200000001fffefefe5
00000840000000181987e66000000010430fbce00000000fc61039e00000001fffefb421
0000086000000017ec0813e000000012480db7e000000004903b6fc00000001fffedddc1
00000880000000093076cf800000000260fd9f0000000004c1db3e200000001fffec7e81
000008000000000983b67c4000000000275fd8a0000000082e97d1600000001fffee65c1
00000820000000103d2fc2c00000000fca5035a0000000182487db600000001ffff805e1
0000084000000010490fb6e00000000fd2302dc0000000180447fba00000001fffe7d961
0000086000000013a8ac5740000000074158bea00000000032bfcd400000001fffffcd41
0000088000000007f5580aa00000001a4a85b56000000000451fbae00000001fffffbae1
0000080000000007fa3805c000000012244ddba00000000038bfc7400000001fffffc741
000008200000000fd1702e800000001842c7bd2000000012a58d5a600000001fffed5a41
00000840000000054b1ab4e00000000a861579e0000000051c3ae3c00000001ffffae3c1
000008600000000a2855d7a00000000030bfcf400000000fa1505ea00000001fffedb721
000008800000001fe2801d6000000017d5082ae0000000103a2fc5c00000001fffefc5c1
00000800000000081477eb800000001618c9e7200000000031bfce400000001fffffce41
00000820000000080377fc8000000010a6ef5900000000014ddeb2200000001fffff6641
00000840000000004b9fb46000000007d71828e0000000103e2fc1c00000001fffefefe5
00000860000000080c57f3a00000001038afc740000000080177fe800000001fffffcc81
000008800000001372ec8d0000000006e5d91a20000000004b9fb4600000001fffffb461
0000080000000007d71828e0000000103e2fc1c00000000fac5053a00000001ffffff005
00000820000000182887d76000000018b1074ee000000001721e8de00000001ffffe8dc1
0000084000000002e41d1be000000000481fb7e000000007f0380fc00000001fffefefe5
0000086000000010106fef8000000007c0f83f000000001c41c3be200000001fffffefe5
000008800000000883b77c4000000000275fd8a00000000fee9011600000001fffef65c1
0000080000000017dd0822e0000000104a0fb5e00000000fb4304bc00000001fffefe9c1
000008200000001fd860278000000017c0e83f0000000011d1ce2e200000001fffee2e21
0000084000000003a3bc5c4000000000275fd8a0000000083eb7c1400000001fffefefe5
00000860000000102d4fd2a00000000ffab005400000001fe5401aa00000001ffff7d861
00000880000000183aa7c54000000010e56f1a8000000001dade25200000001fffeef1a1
000008000000000035bfca40000000080b77f4800000001ea6c159200000001fffefd0e1
000008200000000d5db2a2400000000aab7554800000000556faa9000000001ffffaa8e1
000008400000000abdf54200000000001bffe4000000000fb7f048000000001fffed3661
000008600000001fcfc03020000000181f87e060000000103f2fc0c00000001fffefc0e1
00000880000000081e77e1800000001b7cc4832000000006f9b906400000001ffff90641
000008000000000df3720c800000000016ffe9000000000fedd012200000001fffea0641
000008200000001fab80546000000017e72818c0000000102e4fd1a00000001fffefd1a1
00000840000000083cb7c34000000010196fe68000000007c2f83d000000001fffffbb21
000008600000001015efea00000000084bf7b4000000001027cfd8200000001fffefd421
000008800000000faf90506000000017df0820e0000000103e2fc1c00000001fffefc1c1
000008000000000fac5053a0000000182887d76000000010410fbee00000001fffefbee1
000008200000000fb2304dc00000001fb4604b800000001fa8c057200000001fffe05701
000008400000001fe1801e600000001fd3202cc0000000180647f9a00000001fffe7f9a1
000008600000001c4ca3b34000000000197fe6800000000fc2d03d200000001ffffbab01
00000880000000181587ea60000000103b2fc4c00000000fa65059a00000001fffefc121
000008000000001fbca0434000000017f94806a0000000165289ad600000001fffe9ad61
0000082000000000451fbae000000007fa3805c000000010244fdba00000001fffefe6e1
000008400000000fe89017600000001fb1204ec00000001fd2602d800000001fffe02d61
000008600000001fe4c01b20000000181987e66000000012832d7cc00000001fffed7ce1
0000088000000005167ae980000000001cffe3000000000839d7c6200000001fffeff005
000008000000001893876c6000000001373ec8c0000000001e7fe1800000001fffffe181
000008200000000ffcf003000000001849e7b6000000001333eccc000000001fffeccbe1
000008400000000027dfd820000000082fb7d040000000102f4fd0a00000001fffefd6c1
000008600000000fbeb0414000000017fd4802a00000001e7a8185600000001fffe18561
0000088000000000451fbae000000007fa3805c000000010146feb800000001fffeff005
0000080000000007c8f837000000001fa1e05e000000000f53d0ac200000001ffff0b8e1
000008200000000037bfc840000000080f77f0800000001a8ec571200000001fffefc901
00000840000000003dbfc2400000000feb5014a00000001836a7c9400000001fffe7edc1
0000086000000018fd4702a0000000004a9fb5600000000fc5103ae00000001ffffec8e1
000008800000001fea0015e000000017e4081be00000001ed82127c00000001fffe127c1
0000080000000000107fef800000000fc0d03f200000001fc1803e600000001fffe83ea1
000008200000001fc3003ce00000001fc60039e000000017fc2803c00000001fffe803c1
0000084000000010284fd7a0000000082097df6000000010410fbee00000001fffffaf01
0000086000000007e2181de000000010c40f3be000000001883e77c00000001fffff6a01
0000088000000000205fdfa00000000fb0b04f400000001fa1405ea00000001fffe83ee1
000008000000001fe2801d6000000017d5082ae0000000104a0fb5e00000001fffefb5e1
000008200000000fa4105be000000017f82807c000000010106fef800000001fffefef61
0000084000000007c0f83f000000001021cfde200000000823b7dc400000001ffffff005
0000086000000012874d78a0000000050ebaf1400000000a0d55f2a00000001fffffefe5
00000880000000041abbe54000000000255fdaa00000000fca9035600000001fffeff005
0000080000000017e5281ac000000011da6e258000000003a4dc5b200000001fffee5201
000008200000000759b8a64000000000235fdca00000000836b7c9400000001fffefefe5
000008400000001aad4552a0000000054abab5400000000a95556aa00000001ffff818c1
00000860000000053a9ac56000000000353fcac0000000081a77e5800000001fffeff005
000008800000001024cfdb20000000081997e66000000016a3295cc00000001fffffd301
000008000000000d5652a9a00000000aac95536000000005491ab6e00000001ffffab6e1
0000082000000000323fcdc00000000fb4704b800000001fb8e047000000001fffe82981
000008400000001831c7ce2000000010438fbc6000000007e73818c00000001fffef9aa1
00000860000000102e4fd1a0000000082c97d36000000010392fc6c00000001fffefb841
00000880000000080257fda000000014748b8b6000000000393fc6c00000001fffffc6c1
000008000000000fe2501da0000000182487db6000000010392fc6c00000001fffefc6c1
00000820000000080257fda000000010448fbb6000000007d91826e00000001fffffc941
0000084000000010420fbde000000007e4181be0000000192826d7c00000001fffffea21
0000086000000000107fef800000000fc0d03f200000001821a7de400000001fffe83f21
0000088000000012434dbca00000000036bfc94000000007fd5802a00000001ffffff005
00000800000000120aadf54000000004157bea80000000001affe5000000001ffffff005
000008200000000fc5d03a200000001feb80146000000017d70828e00000001fffe828c1
00000840000000135e2ca1c0000000001c7fe38000000007c8f837000000001ffffff005
000008600000001ab1c54e200000000033bfcc4000000007f75808a00000001ffffd2a81
0000088000000015ce8a3160000000004d1fb2e000000007fa3805c00000001ffffff005
000008000000001e3461cb800000000018ffe7000000000841f7be000000001ffff9c3c1
0000082000000011d3ce2c2000000003a7bc5840000000074f78b0800000001fffffefe5
000008400000000e8ef17100000000002ddfd2200000000fbbb044400000001fffe95341
00000860000000180767f880000000102ecfd120000000082db7d2400000001fffefda41
00000880000000102b4fd4a0000000082697d960000000104d0fb2e00000001fffffaba1
000008000000000fba3045c00000001fc4403ba0000000182887d7600000001fffe7d761
000008200000001761089ee00000000ed2112de000000000343fcbc00000001fffffcbc1
000008400000000fd87027800000001fe0c01f20000000181187ee600000001fffe7ee41
0000086000000010332fccc0000000081677e980000000188cc773200000001fffffc6e1
0000088000000001099ef66000000000431fbce00000000fd63029c00000001fffeff005
000008000000001ffc6003800000001fd8e027000000001831c7ce200000001fffe7ce21
0000082000000010438fbc600000000fe71018e00000001fbe2041c00000001ffff7e601
00000840000000181c67e3800000001018efe7000000000fa1d05e200000001fffefdc01
00000860000000181387ec6000000010470fb8e000000007ee1811e00000001fffefb621
00000880000000138c0c73e0000000071838e7c000000000205fdfa00000001fffffdfa1
0000090000000003a157df6000000000a7471ee0000000042b9e3dc0000000042b9e3dc1
000009200000000d323c7ba000000002015fb7600000001de7904ec00000001de76fefe5
00000940000000036ae7ed8000000003b0e7db000000000344ffe6000000000344ffe601
000009600000001cecf00c00000000023ce7b8000000000b9c2dd0200000000b9c2dd021
00000980000000121d5bb060000000021f5fb0e00000001c1b5031e00000001c1b4ff005
000009000000001cd38003c00000000342e7e78000000004e0260f200000001827060f21
000009200000000ce59c0e4000000003ae3fdca00000001df99049400000001df96fefe5
000009400000001d962052a000000003c987c5400000001b76e1ea800000001b7701ea81
0000096000000013c8f3c50000000002b4f79a00000000004cff2400000000004cff23e1
0000098000000003bc3fd820000000039d97d040000000199ee95080000000199eefb881
000009000000001658f2a10000000003943fd220000000038d97d440000000038d8a8341
0000092000000008fe2508a000000003d99fc1400000001c163032a00000001c161cda81
000009400000001c894015600000001c77802ac00000001d8a2055a00000000fefe055a5
000009600000001cf1800b400000001cc62806a00000000da9845d400000000ff0045d65
000009800000001e7638aaa0000000198951556000000002375fbae00000000ff01fbae5
000009000000001c8b5015e00000001cb3481be000000003c38fc7c00000000ff00fc7c5
00000920000000032237ffa000000002214fbf600000001ca7981ec00000001ca77fcf01
00000940000000036aefed800000001cf0f00b000000001c44e026000000001c45180461
000009600000001cece00c000000001cbc201820000000035d47e0600000000ff007e085
00000980000000021f4fb0e00000001c1b5031e00000001c934013e00000001c9357f2e1
000009000000001c834817e000000003e38fcfc00000000362f7ef8000000018778ff005
0000092000000003a02fdf2000000003a597de400000001d2e207ca00000001d2e1fcd61
0000094000000003f99fc9400000001cd63802a000000002094fb56000000018e1cfe141
000009600000001cb7981ac0000000038a2fd5a000000003f197cb4000000018533fefe5
000009800000000046ef268000000005a8fe5d000000000e743caa200000000e743ff005
00000900000000198d995440000000037effe8800000001c18f831000000001c18eff005
000009200000001794ead200000000038c3fd4200000001cbd5018600000001cbd5fefe5
000009400000001c5f8020c00000001cdae001800000001cd0e003000000000fefe00307
000009600000000204e7b6000000001eec288c2000000018fd5108600000001910685361
00000980000000149f9210c00000000c1af431800000001d50f863000000001d50f86301
000009000000000344ffe6000000001cac301c20000000037d47e8600000001802681661
0000092000000003df8fc0c0000000031a37f1a000000003d18fc34000000003d18f7981
000009400000000306f7f6800000001ae8218d2000000002355fba6000000016015fba81
000009600000001c4f5824e0000000023b4fb9e00000001c135033e00000001c135fefe5
000009800000001c438027c0000000032227ffa000000002214fbf6000000017762fbf61
000009000000001ce7900ec00000001c6ae02d800000001cb0201b200000000ff0001b25
00000920000000038587d6400000001b2e29fca000000002395fb96000000016c43fb941
000009400000001c975012e00000001d8b4055e00000001db3405be00000000fefe05bc5
000009600000001c834817e00000000aa38d9fc00000000362ffef800000001f377fef61
000009800000001c20303f200000001c65802e400000001ceee00c800000000ff0000c87
00000900000000023827b9200000000b1585f240000000034effe48000000005605fe481
000009200000001c38f8390000000003942fd2200000001dcd9044400000001dcd9fefe5
000009400000001cfe2808a000000005d94e41600000000e979c92c00000000e976e5aa1
00000960000000184a3925a000000015f1924b4000000003863fd6a0000000064cbfd681
0000098000000003a957dd600000001477822ac0000000034affe580000000034affe581
000009000000001df0f04b000000000204e7b600000000036cefec0000000018060fec01
00000920000000023cf7b800000000119ceb5000000000061cf6b000000000061cdb1801
00000940000000095c3d602000000017dd5ac0600000000adf5580e00000000adf2fefe5
00000960000000021b5fb1e00000001c935013e00000001cc38807c00000001cc3880aa1
0000098000000003a22fdfa00000001de1904f400000001ce6280ea00000001ce6383b01
0000090000000002294fbd600000001db7505ae00000001c8b4015e00000001c8b5828a1
000009200000001cb3481be000000002034fb7e00000001ce3980fc00000001ce38fe4c1
000009400000000262efaf800000000360ffef0000000003e437ce2000000003e43ff005
0000096000000003ed8fcc400000001cfe3808a00000000b1985f1400000000b199fe5a1
0000098000000003963fd2a00000001c895015600000001c77802ac00000001c7787f8e1
000009000000001dcae045800000001db0205b200000001dc58046400000000ff0004645
000009200000001dae205ca00000001df98049400000001cd62802a00000000fefe802a5
00000940000000160982b5400000000976f56a8000000017c8fac50000000017cb5ac521
000009600000000ab4f59a00000000034cffe400000000023cf7b8000000000612ed9041
00000980000000039c2fd020000000035d57e060000000165f42a0e0000000165f5fc081
0000090000000009db5541e000000016d35a83e000000008c39507c00000000898e7d641
0000092000000014e2fa0f800000000360ffef000000001ce4f00e000000001ce4efefe5
000009400000001c2c203c20000000037d47e860000000021f4fb0e000000017b9cfb0e1
000009600000001cdb9801c000000003922fd3a0000000038157d760000000187f3fe5c1
0000098000000002e78f8ec000000003aa3fdda00000001c71902b400000001c719ff005
000009000000000306e7f6800000000368efed000000000234f7ba000000000234eff005
00000920000000038c2fd42000000003bd97d840000000039e2fd0a0000000039e2fc1e1
000009400000001dd99041400000001c162032a00000001cc98005400000000fefe00527
000009600000001cb6201aa00000001c094035600000001cb7881ac00000000ff0081ae5
000009800000000c4a2425a00000001db1985b400000001e4630a6a00000001ff0149265
0000090000000019a9515d6000000002375fbae00000001ccb9005c00000001ccb8928a1
000009200000001c32203ba00000001c814017600000001c67482ee00000000fefe82ee5
000009400000000a6b85adc000000011b23b5ba000000003c19fc740000000142f1fc761
000009600000000326f7fe800000001768eaed000000000374ffea000000000374ffea01
00000980000000020cf7b40000000003bc2fd8200000001ddd9040400000001ddd9f9e21
000009000000001ddee040800000001c18203120000000039587d2400000000ff007d245
00000920000000038e2fd4a000000003f997c9400000000356efe2800000000356efe061
00000940000000020837b52000000002354fba600000001c4f5824e00000001c4f5f8181
000009600000001ebb4099e000000002135fb3e00000001cc39807c00000001cc3986061
0000098000000003a22fdfa000000003a157df6000000016a7829ec000000016a79fcf01
00000900000000082a353da000000003f19fcb400000000306f7f680000000042cad1941
000009200000001b2829fd20000000137553ea6000000003cf9fc4c000000006b01fc4c1
00000940000000037af7e98000000003902fd3200000001c459026400000001c459fce81
000009600000001deee04c800000001c382039200000001c154032600000000ff0003285
000009800000001c8f8814c0000000037aefe9800000001c103033200000001c102ff005
00000900000000034547e660000000022f4fbce00000001cbb5819e00000001cbb4fb441
0000092000000002134fb3e00000001c035037e00000001ce3880fc00000001ce38800e1
000009400000000fe224cfa00000001aa1999f400000001026f33e800000001ff0167f05
000009600000000528367d2000000002355fba600000001c8f9814c00000001c8f6e4821
00000980000000133ae3f9800000000350ffe3000000000204f7b6000000000204fbee41
0000090000000003ac2fdc200000001c3d5038600000001c9f8810c00000001c9f981a21
00000920000000081aed31800000000350ffe3000000001c843016200000001c841fefe5
00000940000000036d47ec60000000023f4fb8e00000001d9b5051e00000001d9b4fb601
000009600000001cd38803c00000001d42e8678000000003a03fdf200000000ff01fdf05
000009800000001c65902e400000001cee280ca000000004394639600000000ff0063965
000009000000000d179c72c00000001f0a38f5a00000001b7151eb600000001ff00d7965
0000092000000013c753c6e0000000022b5fbde00000001cb3581be00000001cb34b9541
0000094000000002034fb7e00000001ca3501fe00000001ce3880fc00000001ce3a809c1
0000096000000017a222dfa000000002215fbf600000001ca7501ee00000001ca75aaf01
000009800000001deb804dc00000001df2e04b80000000020027b7200000000ff007b725
00000900000000032587fe4000000003ae3fdca00000001df99049400000001df99feb01
000009200000001d962052a0000000038947d56000000007774eeae000000019316eeae1
000009400000000bcb5dc5e000000012b35b9be000000003c39fc7c000000016908fefe5
000009600000001da2305fa000000003a147df6000000002274fbee000000019538fbee1
000009800000001cab581de00000000933857bc00000000342ffe7800000001df0bfe781
00000900000000022037bf2000000013654bee6000000003af57dce000000003af5bbd81
00000920000000023b9fb9c00000000112ff738000000007003ef72000000007002fefe5
000009400000000b655dee60000000022f5fbce00000001cfb9809c00000001cfb8fefe5
000009600000000012ef338000000005003e772000000002255fbe6000000002257fefe5
000009800000001c6f902cc0000000033a27f9a000000003d18fc34000000017b9cfc341
000009000000001cc63806a000000002294fbd600000001c77582ae00000001c775fd4c1
00000920000000128b8395c00000000032f73b8000000005403e672000000005401e6721
000009400000000fa59cde4000000003ae3fdca000000003b957d9600000000b642fefe5
00000960000000061786b2c0000000090a3d75a000000017719aeb4000000017705c3941
0000098000000003863fd6a00000001da9505d600000001cb7881ac00000001cb7884821
00000900000000058a2e55a00000000e315cbb6000000003c79fc6c00000000bcc3ff005
000009200000001caa301da000000003f187cb400000001186eb568000000018ac8b5661
000009400000000628f6bd000000000374ffea000000001dccf044000000001dcceeb781
00000960000000023ce7b800000000115ceb6000000000035cffe000000000035cffdfe1
00000980000000021cf7b000000000039c2fd020000000039d97d040000000039d9f9021
0000090000000008de2d00a000000014d95a016000000003d79fc2c000000015c7dfc2c1
000009200000001c4af025800000001c30e83b0000000003842fd6200000000fefefd605
00000940000000036d57ec600000001c7f8028c0000000035affe18000000017fcffe1a1
00000960000000021037b32000000002054fb6600000001caf981cc00000001caf7f7aa1
000009800000000afae589800000000350ffe30000000003c437c620000000065c7d7e41
000009000000000d6d8c6c4000000003be3fd8a000000003d997c140000000093bdff005
000009200000000356efe2800000001dc8f045000000001c74e02a000000001c74f83841
000009400000001dcce044000000001dbc2058200000001ddd8040400000000fefe04045
000009600000001d9e2050a00000001d994051600000001dd78042c00000000ff00042e5
00000980000000034ae7e58000000003b02fdb20000000034557e66000000003454fd241
000009000000000caf441ce0000000023b5fb9e00000001c539023c00000001c539be761
000009200000001cc2e007800000001c20e83f0000000017e4e2ce000000000fefe2ce05
0000094000000003ac3fdc200000001c7d9028400000001cde2800a00000001cde481da1
000009600000000f194cf16000000003d79fc2c00000001c4af025800000001c4adfefe5
000009800000001db0205b20000000034547e660000000022f4fbce000000019056fbce1
000009000000001cfb9809c000000003922fd3a00000001dc19047400000001dc19fefa1
000009200000001c66e02e800000001de8e04d000000001db4205a200000000fefe05a25
00000940000000038d87d440000000037eefe880000000021837b12000000002182fcf01
000009600000001b9589d240000000038e3fd4a00000001c799029400000001c799fefe5
000009800000000316e7f28000000008882d152000000014755a2a6000000014754d1861
000009000000000dcf9444c000000003ba3fd9a00000001dd19043400000001dd18c30a1
000009200000001dc6e046800000001c28203d2000000003b587da400000000fefe7da45
00000940000000034eefe4800000001c38f839000000001554ea620000000017983ff005
00000960000000034cffe4000000001dbc305820000000039d87d0400000001919684e61
00000980000000069ee690800000000858fd210000000003943fd22000000007081fd221
00000900000000034d57e460000000023f4fb8e00000001d9b5051e00000001d9b5fafa1
000009200000001c934013e00000001cc38807c00000000362efef800000000fefefef85
000009400000001c20303f2000000003a587de40000000036eefec8000000017d5cfec61
000009600000001c38f8390000000003942fd2200000001dcd9044400000001dcd9fefe5
00000980000000033ee7f88000000003d8e7c1000000000354ffe2000000000354ffe201
0000090000000003cc37c42000000003fd8fc8400000001cdef000800000001cdeff9e81
00000920000000021827b12000000002154fb2600000001c4f9024c00000001c4f6f73a1
000009400000001dba2059a00000001dd18043400000001dc6e046800000000fefe04685
00000960000000022827bd2000000003f58fca400000001c0e3034a00000001c0e0f9801
000009800000001c798029400000000316e7f2800000000f88e4d5000000000f88e4d501
000009000000001a74f9aa0000000011cc33442000000006bd56986000000006bd569861
00000920000000021f5fb0e00000001c1b5031e00000001c934813e00000001c93481881
0000094000000003c38fc7c00000001de2f04f800000001c20203f200000001c20582781
00000960000000036547ee60000000022f4fbce00000001c3b5039e00000001c3b2fbb81
000009800000001c134033e00000001c034037e00000001ce3880fc00000000ff0080fc5
0000090000000003a22fdfa00000001de1904f400000000326e7fe800000001993f83d01
0000092000000005282e7d2000000002355fba600000001c4f5824e00000001c4f3fefe5
00000940000000023b4fb9e00000001c539023c0000000030227f7a000000016a0a7de81
0000096000000003e18fcf400000000326f7fe800000000368efed0000000003690fdc41
000009800000001db4305a200000001ccd8004400000001c3e2038a00000000ff00038a5
0000090000000003d987c1400000001396e3d280000000024837a520000000024837a521
0000092000000001f55f4a6000000006cf9e84c000000003ba3fd9a000000003ba2fefe5
000009400000001dd19043400000001cc62806a00000001e6948ad600000000fefe8ad45
0000096000000019f7914ac0000000168a3295a00000000831553b600000000893953b41
0000098000000015479a66c000000003aa3fdda000000003f197cb4000000003f18ff005
0000090000000003862fd6a00000001da9505d600000001c77482ae00000001c77583c21
00000920000000178b8ad5c00000000a32f5bb8000000011403b672000000019d03b6721
0000094000000002255fbe600000001c6f582ce0000000023b4fb9e000000016a4efefe5
000009600000001c135033e00000001c438027c0000000032227ffa00000000ff007ffa5
0000098000000003e18fcf400000001ce6380ea000000002294fbd6000000018d85fea41
000009000000001db7505ae00000001c8b4815e00000001b3349fbe00000000ff009fbe5
0000092000000002035fb7e00000001ca3581fe000000003e38fcfc000000016b72fefa1
00000940000000032237ffa000000006214ebf6000000002275fbee000000002275fbf01
000009600000001ceb980dc00000000b32e5fb800000000340ffe7000000001fefffe705
000009800000000224f7be00000000036cefec0000000003fc37c82000000003fc3fba41
00000900000000021d4fb060000000011f5f70e0000000021b5fb1e0000000021b5ff005
000009200000001cd39003c00000000342e7e78000000000e0270f200000001827070f01
0000094000000004e59e0e400000000cae3c1ca00000001c395839600000001c394fefe5
0000096000000003d79fc2c0000000030a37f5a000000002314fbb6000000002316fd3a1
000009800000001c879816c000000002aa279da000000000719f2b4000000017433f2b41
0000090000000005863e56a00000000e299cbd400000001976f96a800000000bc1aff005
00000920000000178832d52000000003f59fca40000000030ef7f48000000013902ab141
0000094000000007b8e6d9000000000a543da220000000020d5fb4600000000a1f5fb481
000009600000001dff9048c00000001c5ae021800000001cd0e003000000000ff0000307
000009800000001c84201620000000036d47ec600000000eff4488e00000000eff4488e1
00000900000000189b5911e000000014135233e000000003c39fc7c000000004c07fc7c1
000009200000001da2305fa000000003e187cf400000000366efee800000001993cfee61
000009400000001c28f83d000000000d34ec7a00000000034cffe4000000001ff01fe425
0000096000000003fc37c820000000135d43e06000000003df9fc0c000000003df9fc0c1
00000980000000035af7e18000000003902fd320000000038597d64000000003859fc4e1
0000090000000003ae2fdca00000001db95059600000001c574822e00000001c57584201
0000092000000003cb8fc5c00000001c72f02b800000001dc0e047000000001dc0f802a1
0000094000000003e427ce20000000106d832c40000000037effe880000000037edfe881
000009600000001d983051200000001c954012600000001c8f8814c00000000ff00814c5
000009800000000bfa25c9a000000012d15b836000000000875716e000000016dc395f01
00000900000000046b5e2de000000003f39fcbc0000000030237f7a000000003022ff005
0000092000000003e18fcf400000001da6305ea00000001ca9401d600000001ca9583de1
000009400000001df7804ac00000001dcae04580000000023027bb200000000fefe7bb25
000009600000000b458de64000000003ae3fdca00000001df99049400000001df97fefe5
000009800000000316e7f28000000003882fd520000000037557ea6000000003754fd861
0000090000000017cf4ac4e00000000abb5599e000000003d39fc3c00000001a9abfc3c1
000009200000001cc2f007800000001ce0e00f0000000003e427ce200000000fefe7ce05
0000094000000003ed8fcc400000001dfef04880000000021827b12000000019fc982581
000009600000000f1584f240000000038e3fd4a000000003b957d9600000000ab45cd781
0000098000000002d78782c0000000008a3f15a000000004719e2b4000000004719ea981
0000090000000003863fd6a000000003e997cd4000000003b62fdaa000000003b62fdfc1
00000920000000038957d5600000000e3744bae0000000020b5fb5e000000009d25fb5e1
000009400000001df3904bc0000000030227f7a000000003e18fcf4000000019062fcf21
000009600000001ce6380ea000000003e98fcd400000001c36303aa00000001c363febe1
00000980000000038947d56000000017378afac00000000b4a35e5a00000000b4a2ae1e1
0000090000000013b15bdb6000000002075fb6e00000001c6b902dc00000001c6b8ff005
000009200000001db2205ba0000000038147d76000000002274fbee000000019438fbee1
000009400000001deb904dc0000000033227fba000000002014fb760000000192f4fb741
000009600000001c67582ee0000000076b86edc00000000372ffeb800000001be3ffeb81
000009800000001c00f8370000000003a42fde2000000003ad97dc4000000017b55ff005
00000900000000037eefe880000000021837b120000000011587724000000001159faa41
00000920000000074efee4800000000bf8fdc90000000003943fd2200000000b580fefe5
00000940000000034d57e46000000003ff8fc8c0000000035af7e180000000035affbfa1
0000096000000003902fd320000000038597d64000000015ee224ca000000015ee1fba81
0000098000000003f99fc9400000000316f7f2800000001408e235000000001408efcd41
000009000000000d74346a20000000020d5fb4600000001c7f5828e00000001c7f4c30a1
00000920000000105b4321e000000005939653c000000003823fd7a000000003821fd7a1
0000094000000003e197cf4000000016e6e28e8000000008a8351d2000000008a8151d41
0000096000000003f59fca400000001c4ef024800000001cb82019200000001cb82800e1
00000980000000039587d240000000034eefe4800000001cf8f009000000001cf8efc761
0000090000000003d427c22000000003cd8fc4400000001c3e3038a00000001c3e2f9701
000009200000001c994011600000001c978812c0000000184a2925a00000000fefe925a5
0000094000000002315fbb600000001c479026c0000000032a27fda00000001689680881
0000096000000003f18fcb400000000306f7f68000000003a82fdd2000000003a84fc401
000009800000001cf5900a400000001c4ee024800000001c38e839000000000ff0083905
0000090000000011542b6220000000078d56d4600000000a7f5da8e00000000a7f5da8e1
0000092000000003db9fc1c00000000352f7e38000000003802fd72000000003802fdc81
000009400000001ca5501e600000001caf881cc000000003ba2fd9a00000000fefefd985
000009600000001dd19043400000001cc62806a000000002294fbd600000000ff00fbd65
000009800000001db7505ae00000001ccb8005c0000000033227fba00000000ff007fba5
0000090000000003c18fc7400000001ce6380ea00000001a6989ad400000001a699fe641
000009200000000376ffea80000000020837b52000000009358d7a4000000009358fb161
00000940000000038e3fd4a000000003b957d96000000003d78fc2c000000003d78fd181
000009600000001c4af02580000000023027bb2000000002054fb660000000168b0fb661
000009800000001caf501ce00000001c7b8029c0000000031227f3a00000000ff007f3a5
000009000000000e0184b7400000001966396ea000000002295fbd600000001f785fbd61
000009200000001df7904ac0000000030a27f5a00000000531467b600000001913267b41
0000094000000002075fb6e00000001cab581de000000003f38fcbc000000016c3efec41
00000960000000030237f7a000000006218ebf400000000966fd6e8000000009671ec701
0000098000000003a83fdd20000000037557ea6000000003cf8fc4c000000003cf8fe141
00000900000000033a37f9a000000003d18fc3400000001dc6f046800000001dc6ffcee1
000009200000001c28e83d0000000003b42fda20000000034d57e46000000017ef4fefe5
00000940000000083f8d38c0000000039a3fd1a00000001c115033600000001c115ff005
000009600000001c878816c000000011ea234da000000006f1968b4000000006f1d68b21
0000098000000003863fd6a000000003a957dd6000000003f78fcac000000003f78fd7c1
00000900000000030a37f5a00000001a3141bb6000000003c79fc6c0000000154c3fc6c1
00000920000000036af7ed800000000a70edab0000000011843b562000000005ec5da8e1
00000940000000062d96bc4000000003be3fd8a000000003d997c14000000003d98ea5a1
000009600000000356efe2800000001dc8f045000000000234e7ba000000001931d83821
000009800000000acc2d8420000000023d5fb8600000001c9f9810c00000001c9f9ff005
00000900000000039a2fd1a00000001c115033600000001cc78006c00000001cc7981561
00000920000000032a27fda000000008f1850b400000000346ffe680000000042c9fe661
00000940000000022837bd200000001d75486a60000000020f5fb4e000000017b03fb501
000009600000001cbb5819e000000002134fb3e00000001cc39807c00000001cc39fe001
000009800000000a622dafa000000002215fbf600000001ca7981ec00000001ca79ff005
00000900000000082aed3d800000000370ffeb000000001c043036200000001c043ff005
000009200000001c6d802c40000000033ee7f88000000003982fd12000000017bc6fd121
00000940000000035557e26000000003cf8fc4c00000001dfaf049800000001dfaffb7e1
000009600000001c102033200000001c458026400000001cee280ca00000000ff0080cc5
000009800000000df94c496000000002175fb2e00000001ccb9805c00000001ccb9ff005
000009000000001572226ba000000003c19fc7400000001ce6380ea00000001ce63a4421
0000092000000003e98fcd400000001c76f02a800000001c08e835000000001c08e831e1
000009400000001934e97a00000000174cf2e4000000000bbc35d8200000000bbc35d841
00000960000000125d5ba060000000021f5fb0e00000001c9b5811e00000001c9b4ff005
0000098000000009d38d43c00000000342ffe7800000001ca0301f200000001ca03ff005
000009000000001c65802e40000000032ee7fc800000000378efe90000000017a4cfe901
000009200000001c94301220000000034d47e4600000001b7f41e8e00000001b7f41e8c1
0000094000000003db9fc1c00000001d923053a000000003c187c740000000197f482621
000009600000000366efee800000001c28f83d0000000018b4291a2000000018b43fefe5
00000980000000140d523460000000023f5fb8e00000001c9b5811e00000001c9b49ffa1
0000090000000003d38fc3c00000000342f7e7800000000360efef000000000360efeb61
000009200000001ca4301e200000001ded804c400000001dbe2058a00000000fefe05885
000009400000001cd98001400000001cd62802a00000001b4941e5600000000fefe1e565
0000096000000013f793cac000000002ca3785a000000002315fbb6000000002315fbb41
000009800000001c479026c0000000036ae7ed8000000003b02fdb2000000017c3cfdb21
000009000000001d855056600000001caf401ce00000001cfb8809c00000000ff00809c5
000009200000001792ead3800000000a0035b72000000002255fbe6000000019a31fbe61
000009400000001caf981cc0000000037aefe9800000001c50f023000000001c511ff005
000009600000001c8420162000000003ad87dc400000001bfe29c8a00000001bfe29c8c1
0000098000000012999391400000000016f732800000000348ffe5000000000348ffe501
000009000000001c74f02a000000001d8c20542000000003bd87d8400000000ff007d845
00000920000000035eefe0800000001c18f8310000000003942fd22000000017881fefe5
00000940000000038d97d44000000016fe2288a000000003d99fc14000000003d97fc161
000009600000000316f7f2800000000c4824252000000003f59fca4000000007715fca41
000009800000001c0e3034a000000003f987c94000000014562222a000000018180222a1
000009000000000d8954556000000003f79fcac00000001dcaf045800000001dcaec31e1
000009200000001c30e83b000000000844e52600000000036cffec000000001c861febe1
000009400000001cbc3018200000001ddd804040000000031ee7f0800000000fefe7f065
000009600000000358efe1000000000214f7b200000000038c2fd420000000038c4fd1c1
000009800000001cfd9008400000001cdee000800000001c182031200000000ff0003125
00000900000000035547e26000000003cf8fc4c00000001dfaf049800000001dfaefb7e1
000009200000001c10203320000000038587d64000000003ae2fdca000000017a5afdca1
0000094000000003f997c94000000003962fd2a00000001c895015600000001c895fad81
000009600000001c77482ae000000003cb8fc5c0000000033237fba00000001853eff005
0000098000000003c18fc7400000000326f7fe800000000e682cad200000000e683fd621
0000090000000002355fba600000001d8f5054e00000001cbb4019e00000001cbb482141
000009200000001c134033e00000001c438027c0000000032227ffa00000000fefe7ffa5
0000094000000003e18fcf400000001de6f04e800000001da8205d200000001da8582de1
000009600000001cb5401a600000001c4f4824e000000003fb8fc9c00000000ff00fc9e5
000009800000001cd2f00380000000020027b72000000002658fae4000000016e30fae41
00000900000000036effec800000001c78f0290000000003d427c22000000017f8082681
0000092000000003cd8fc4400000001cfe3808a000000003d98fc14000000018dbdfd681
000009400000000316f7f2800000000048e7250000000005f43e4a2000000005f43e4a41
00000960000000020d5fb4600000001cbf9818c0000000035aefe18000000016dccff005
000009800000001c90301320000000038587d64000000019ee214ca000000019ee214ca1
0000090000000016f992894000000008963512a000000014095a356000000017a1ba3561
0000092000000002375fbae00000001c8b5815e000000003f38fcbc000000016d3cfe941
000009400000001c023037a000000003e187cf400000000e662caea00000000e660cae81
0000096000000019a9995d400000000376ffea800000001cc8f005000000001cc8eff005
0000098000000003f427ca20000000020d4fb4600000001dff9048c00000001dff8f90a1
000009000000001c1a2031a000000003d187c34000000003862fd6a000000017fcafd6a1
0000092000000003a957dd6000000003f78fcac00000001d8a3055a00000001d8a1fb881
000009400000001cb1401b600000001c878816c00000001faae8dd800000000fefe8dd85
0000096000000003b03fdb200000001d855056600000001caf881cc00000001caf8846a1
0000098000000003ba2fd9a000000003d197c3400000000346efe6800000000346efe4a1
00000900000000022837bd2000000007f586ca400000000a8e3d94a00000000a8e3d94a1
0000092000000010399b394000000003963fd2a0000000038957d56000000003892fefe5
0000094000000002374fbae00000001c8b5815e000000002334fbbe000000016d3ffdde1
000009600000001d835057e00000001ce3800fc0000000032227ffa00000000ff007ffa5
0000098000000019a1895f400000000366ffee80000000022837bd2000000015191ff005
0000090000000003f58fca40000000030ef7f4800000001338ebf9000000001338ffd0e1
000009200000000354ffe200000000020cf7b400000000027c2fa820000000027c2fb741
00000940000000021d5fb0600000001cdf9000c0000000035ae7e180000000170ce7e1e1
0000096000000015d02a432000000002055fb6600000001caf981cc00000001caf9fefe5
0000098000000003ba2fd9a00000001dd19043400000001cc62806a00000001cc6382921
0000090000000003e98fcd400000000336f7fa8000000003882fd52000000003883fa8c1
0000092000000003b597da40000000054ee664800000000fb8fcd9000000000fb8fcd901
000009400000001a54f9a200000000118c335420000000067d96a840000000067d96a841
00000960000000035effe080000000021837b12000000003d58fc24000000003d5afc6c1
000009800000001ccef004800000001c38e839000000000354efe2000000000ff00fe205
000009000000001c4cf024000000001dfce048000000001c1c2030200000000ff0003025
000009200000001c1d4030600000001c5f4820e000000015db8241c00000000fefe241c5
000009400000000352ffe3800000001c0030372000000003a587de400000001763282d21
000009600000000ceee40c800000000378ffe90000000003d437c22000000008783c0641
0000098000000003cd8fc4400000001cfe3808a000000002194fb16000000018dbdfdae1
000009000000001dd79042c0000000034ae7e58000000003b02fdb200000001933cfdb21
000009200000001d855056600000001caf401ce00000001c7b8029c00000000fefe029a5
00000940000000031227f3a000000002014fb7600000001de7904ec00000001de78fbca1
00000960000000032a27fda000000003f18fcb400000001cc6f006800000001cc6cfd941
000009800000001c28203d200000001cb5401a600000001d8f4054e00000000ff00054e5
000009000000001cfb8009c0000000031227f3a000000007814ed760000000181f2ed761
000009200000000a675daee0000000022b5fbde00000001cf3900bc00000001cf36fefe5
00000940000000030227f7a000000002214fbf600000001ce7900ec00000001ce78fc721
000009600000001c2a203da000000003f187cb400000000346efe680000000182c8fe6a1
000009800000001c28f83d000000000b74edea00000000038c3fd4200000001fb05fd421
000009000000001cfd9008400000001cde2800a000000007994ed1600000000ff00ed165
000009200000000a579da2c0000000038a3fd5a000000003b157db6000000005f32fefe5
0000094000000008c78d06c000000003aa3fdda000000003b157db6000000004833ff005
0000096000000003c78fc6c00000001ceaf00d800000001c30e83b000000001c30e83a81
000009800000001784e2d6000000000a2c35bc20000000023d5fb86000000019c27fb861
000009000000001c5f5820e00000000a1b8db1c000000011523b63a00000001e8afde2c1
0000092000000007c196c7400000000366ffee80000000022837bd2000000003390ec621
0000094000000004b5461a6000000003cf9fc4c0000000033a37f9a0000000033a3df121
0000096000000002114fb3600000001cc79006c00000001caa201da00000001caa37c041
000009800000001c71802b400000001cc62806a000000003e98fcd400000000ff00fcd45
000009000000000336f7fa800000000f8824d52000000002355fba600000000ad15fba61
000009200000001c4f5824e000000007bb46d9e000000002135fb3e00000001c1a9fb3e1
000009400000001cc39807c0000000066226afa000000002215fbf600000001b363fbf81
000009600000001ce7900ec00000001c6ae02d800000001cf0e00b000000000ff0000b07
0000098000000003c427c6200000001b2d89fc40000000137e33e8a0000000170289d381
0000090000000002195fb1600000001c979812c0000000034aefe58000000016c28fefa1
000009200000001db0305b20000000038587d64000000010aeeb1c800000001945ab1c61
000009400000000378ffe90000000003d437c2200000001e0d48b4600000001e0d4fbc41
00000960000000023f5fb8e00000001cdb9801c000000003922fd3a0000000172acfe0c1
0000098000000003c197c7400000000366efee800000001da8305d200000001da83fc621
00000900000000037547ea60000000140f8234c00000000d3a3479a00000000d3a3479a1
000009200000001f5198e3400000001b8631d6a000000003e99fcd400000000fefffcd25
000009400000001cf6380aa000000006894e956000000003f79fcac00000001b919fcae1
000009600000001dcaf045800000001df0e04b000000000204e7b6000000000ff007b605
00000980000000036cefec00000000023cf7b800000000099ced5000000000099cffb501
00000900000000039c3fd0200000001c1d5030600000001c5f4820e00000001c5f482921
00000920000000021b4fb1e00000001cd39003c00000001cc2e007800000001cc2f7b0c1
00000940000000022027bf200000001ce5880e400000001cae301ca00000001cae47dd61
0000096000000002395fb9600000001c575822e000000003cb8fc5c000000016a24ff005
000009800000001c32303ba0000000038147d76000000002a7479ee000000017c3879ee1
0000090000000003eb9fcdc00000000372f7eb8000000003802fd72000000003802fe201
00000920000000036557ee60000000022f4fbce00000001cfb9809c00000001cfb7fbb61
000009400000001212ebb38000000003803fd7200000001ca5501e600000001ca57ff005
000009600000001c6f802cc00000001cfae009800000001c50e023000000000ff0002325
000009800000001cc4e006000000001cac201c20000000037d47e8600000000ff007e865
00000900000000129f4390e0000000001b5731e000000005539e63c000000005539e63c1
000009200000000342ffe7800000001ce0f00f000000000224e7be000000001833e806e1
0000094000000003ac2fdc20000000037d57e8600000001d1f4870e00000001d1f5fd581
000009600000001f1b50f1e000000003d39fc3c0000000030237f7a00000001b0088c621
0000098000000002e1878f4000000000e63f0ea000000002295fbd6000000002295fbd61
000009000000001df7904ac0000000034ae7e5800000001f30e0fb000000001f30e0fb01
000009200000001b44f1e60000000003ac3fdc200000001c3d5038600000001c3d49d341
000009400000001c9f8810c0000000061aeeb18000000003903fd3200000001aca9fd321
000009600000001c459026400000001deee04c800000001c78e029000000000ff0002905
000009800000000214e7b2000000000c0c2c34200000001d7d9868400000001d7d8bf6a1
0000000000000010cd6190a00000001fbac321600000001898926e40000000073c0435c1
00000020000000004b0c85c00000000036190ba0000000104b0c85c0000000104b0c85a1
000000400000000218642e800000001420c85d000000001218642e800000001218642ea1
000000600000001fc321744000000017f642e8800000001fca9dffc00000000e45a94200
0000008000000017c90ba2200000000ba21744400000000b7c5181400000001a2655b221
0000000000000010185d11600000000050ba22e000000000185d116000000000185d1161
0000002000000007f2e88ba00000000885d117600000001889c850600000000710cafde0
000000400000001057445de0000000080e88bbc000000000763383800000000000001ae3
00000060000000101a22ef20000000002445de40000000001a22ef20000000001a22ef21
0000008000000008311779000000000fe22ef20000000018311779000000000ff0000005
000000000000000de8bbc8000000001bc17790000000001de8bbc8000000001ff0000005
0000002000000017d5de40400000000fdbbc80a00000000fc2f457a00000001e5ae820a0
00000040000000004ef202c000000007ede40580000000104ce7d4000000000000000103
000000600000001057901660000000000f202cc000000000579016600000000057901661
000000800000000fdc80b32000000017d90166400000000fc645cb800000000e6d8aa901
0000000000000012c40599000000001fe80b32000000001abe1667c00000000945571000
0000002000000006602cc8400000001cc05990a00000000b308753c000000009c8a8f6c0
000000400000001fe16642800000001052cc8520000000184471732000000006e12d5340
000000600000000feb32148000000010066429000000001feb3214800000001feb321481
00000080000000003990a4200000000013214860000000103990a420000000103990a421
00000000000000000c85218000000007b90a4320000000100c852180000000100b4ba0c3
000000200000001814290cc000000009085219a0000000092ea505a000000017b58b35c0
0000004000000010114866e0000000081290cde000000000340ddd600000001000000183
000000600000001fea4337800000001014866f200000001810d8572000000006ade9ddc0
000000800000000fc219bcc000000010143379a000000007e6da67e00000000683adcd20
000000000000000000cde6c000000007f19bcda00000001000cde6c0000000000014b363
0000002000000018166f36c00000000fdcde6da000000008166f36c00000001fefffffe5
0000004000000007f379b6800000000fe6f36d000000001febefa8000000000e7071a400
00000060000000001bcdb46000000000479b68c0000000101bcdb460000000101bcdb441
0000008000000006de6da3200000001fccdb46400000000ebb706f600000001d5f44c721
0000000000000007c36d19400000000d16da32a00000001cebbeeee00000001b7c630dc0
00000020000000180b68caa000000008c6d1954000000008e38b8f00000000179204c1c1
00000040000000132b4655000000001fd68caa200000001b13383f40000000199b361b00
00000060000000081a32a8c000000002a46551a000000012d0b29c60000000116814c720
0000008000000017f195468000000005432a8d2000000005451006c000000003c8482b00
00000000000000181caa34c00000000a395469a00000000a66b096e000000009006df881
00000020000000182551a6e00000000fcaa34dc0000000082551a6e00000001fefffffe5
00000040000000001a8d376000000008151a6ec00000001041829a6000000000000004c3
000000600000001fe469bb000000001028d37600000000181fac61600000001661670000
000000800000000fb34dd86000000018169bb0c00000000fdb46e0400000001e848288a1
0000000000000017ca6ec3400000000fe4dd86800000000fc13c36200000000e3402ae00
000000200000000fc3761a400000001036ec34a0000000080be1b26000000006a0976a60
00000040000000082bb0d2e000000000d761a5c000000011143b966000000000009e1b43
00000060000000183d8697000000000feb0d2e00000000083d8697000000001fefffffe5
0000008000000007bc34b80000000004b869702000000014858479a000000003183c5c00
000000000000001821a5c0e000000005c34b81e000000005f5481d80000000048f3932e0
000000200000001fdd2e07a000000017da5c0f600000001fc80958600000000e5684d4e1
000000400000001fb9703de00000001012e07be000000017de032d00000000068e27e181
00000060000000001b81efe0000000080703dfc00000001033c8b8600000000000000243
000000800000001fdc0f7f2000000017e81efe600000001fd526cc000000000e8dcbb161
0000000000000010207bf9c000000007e0f7f38000000000117b6e600000001000000023
0000002000000017b3dfce000000000fc7bf9c200000000f8d7fb9e00000000e1383f200
000000400000001fdefe70a0000000105dfce160000000184d0b84c000000016f5c21941
000000600000000037f385a0000000000fe70b400000001037f385a00000001037f38581
0000008000000007bf9c2d200000000c2f385a400000001bfed6f6a00000001a9ce42f01
0000000000000010bce169000000001fe9c2d20000000018b73fee200000001710bbc000
0000002000000005a70b48400000001b4e1690800000000905aad38000000017793c8200
000000400000001d285a42000000001a40b484200000001f796d02200000000e17f54100
000000600000001fe2d210800000001035a42120000000182974c5a000000006b4031480
0000008000000008469084c0000000108d21098000000000e48a440000000010000139a3
0000000000000010148426200000000039084c6000000000148426200000000014842621
0000002000000007f42131a00000000fc84263400000001fce8550800000001e61590ae0
0000004000000004c1098d400000001fd2131aa00000000ca33f16c00000000b332f79c0
000000600000000fd84c6aa0000000103098d560000000081934844000000016b8017c61
000000800000000fc26355c00000001034c6aba00000000807e07dc0000000067aa46500
0000000000000000431aaec000000007f6355da0000000104a84682000000000000002a3
000000200000001008d576800000000031aaed200000000008d576800000000008d57663
000000400000000816abb4c00000000fed5769800000001816abb4c00000000fefffffe5
0000006000000007d55da6400000000daabb4c800000001d91d925600000000c06cee200
00000080000000100aed32000000000035da6420000000000aed3200000000000aed3203
0000000000000004c76990a00000001fced321400000000ca68d6f400000001b5769e8c1
000000200000000fbb4c85600000001816990ac00000000fe3472a000000001e976cf9c1
0000004000000017ca642b400000000fe4c856800000000fc123d4400000001e568a7480
0000006000000000a3215a40000000115642b4a000000010a3215a4000000010a3215a41
0000008000000018190ad2c00000000ad215a5800000000afc4e0e4000000019748ff200
0000000000000017b85696000000000fd0ad2c200000000f995e01200000001e2a54d600
000000200000000822b4b0e000000004b56961c000000014e9085ca0000000138a5659e0
000000400000001035a5872000000007eb4b0e600000000032766f600000001000000163
00000060000000100d2c3980000000002a587300000000000d2c3980000000000d2c3983
0000008000000007c961cc200000000fb2c398600000001f8dc44f800000001e1d6e03a0
000000000000000fdb0e61a000000017d61cc3600000000fc2b234200000001e78874181
000000200000001fe8730d8000000017b0e61b200000001fa9d2ac800000000e454738c0
000000400000001053986ca000000007c730d940000000002c66efe000000000000000c3
0000006000000017bcc36520000000036986ca600000000336f1cfe000000001e7fa2ee1
0000008000000010461b2980000000002c36530000000000461b298000000000461b2981
0000000000000007e0d94c600000000941b298c00000001932a2f3c000000017d373b6e0
000000200000001fc6ca6340000000105d94c6a00000001835115f0000000006dcd08301
000000400000000986531ac00000001feca635800000001986531ac00000001ff0000005
00000060000000003298d620000000003531ac60000000103298d620000000103298d601
000000800000000354c6b1c00000001fe98d63800000000b509706c000000019eb835880
000000000000000ac6358e400000001fec6b1c800000001ac6358e400000001ff0000005
0000002000000007c1ac72200000000fb358e4600000001f855ef8e00000001e345d6161
000000400000000fdd6391a0000000102ac72340000000081897c96000000016c0692d61
000000600000000e4b1c8d200000001fb6391a600000001e4b1c8d200000001fefffffe5
000000800000000058e469a000000007d1c8d360000000103bab20e000000010000002a3
000000000000001fd7234da000000017de469b600000001fc5e426800000001e53e40c01
0000002000000017e91a6d800000000a6234db200000000a5c90a8a000000018efe7d180
000000400000001008d36cc00000000001a6d9800000000008d36cc00000000008d36ca3
000000600000000db69b66000000001b6d36cc200000001db69b66000000001fefffffe5
000000800000001034db30e00000000809b661c00000000050c21c2000000010000006a3
000000000000001056d98760000000004db30ec00000000056d987600000000056d98761
000000200000000616cc3b000000001fdd9876200000000e0515b3c00000000c6f68d400
000000400000000fb661d8e0000000105cc3b1e000000008241e7ea000000006b8433d61
0000006000000007630ec7a00000001fb61d8f600000000f2a5788c00000000dd677a5a1
000000800000000b18763da00000001fb0ec7b600000001b18763da00000001ff0000005
0000000000000008f3b1ede00000001fc763dbc000000018f3b1ede00000001ff0000005
0000002000000007dd8f6f600000000f6b1edee00000001f590d8a800000001de64aa521
00000040000000105c7b7ba00000000018f6f760000000005c7b7ba0000000005c7b7b81
0000006000000007f3dbdda00000000bd7b7bb600000001bdd7019200000000a87b56e01
000000800000001fcedeedc000000017fdbddba00000001fdcb130600000001e77711061
000000000000001fc6f76ec0000000103deedda000000018157babc0000000168543f080
000000200000000817bb76c00000000b7f76ed800000001ba755ce400000000a399cac80
000000400000001ddddbb6600000001fcbb76cc00000000ddddbb6600000000fefffffe5
000000600000000ededdb3000000001fddbb66200000001ededdb3000000001fefffffe5
0000008000000006c6ed98e00000001d9ddb31e00000000c756460800000000b0538dd81
000000000000001fe76cc780000000183ed98f000000000fe76cc7800000000ff0000005
00000020000000131b663c200000001fc6cc78400000001af3855ca000000019a290c1e1
0000004000000008fb31e1600000001fc663c2c000000018fb31e1600000001ff0000005
0000006000000007898f0b600000001f031e16c00000000e9e89ee800000000d3c51f4e0
00000080000000183c785b000000000858f0b60000000008a6306cc00000001727059000
0000000000000017c3c2d82000000002d785b04000000002ad0d3480000000014fc84fe0
00000020000000102e16c10000000007bc2d8200000000002e16c100000000002ac6ea81
000000400000001fb0b6086000000010316c10e000000017f23247c000000016a02f6561
000000600000000805b043c0000000004b60878000000010628e25c00000000000000183
00000080000000110d821e000000001feb043c000000001908e9b0c00000000793dc2000
00000000000000005c10f060000000001821e0e0000000105c10f060000000105c10f061
000000200000000fd08783a000000017d10f07600000000fb19f82600000001e41ee55e0
000000400000001fc43c1dc000000017f8783ba00000001fcef23aa00000000e61c9b760
000000600000001fd1e0eea00000001003c1dd400000000fd1e0eea00000000fd1e0eec1
00000080000000001f077520000000004e0eea40000000101f077520000000101f077521
000000000000000fd83ba92000000010307752600000000818f0616000000016ae835d60
000000200000000001dd49c000000007f3ba93a00000001001dd49c000000000006f3b83
00000040000000152eea4ee00000001a4dd49dc0000000178cd1c0800000001624d8cb01
000000600000001007527740000000003ea4eea000000000075277400000000007527743
00000080000000002a93ba800000000835277500000000107191b7a00000001000000123
000000000000001ee49dd4600000001fc93ba8c00000000ee49dd4600000000ff0000005
000000200000000754eea3200000001ea9dd46400000000e10eb2de00000000cb92238e1
0000004000000017b77519200000000fbeea32600000000f86a974200000001e346211c1
000000600000000fcba8c9c000000010175193a000000007f427d3a0000000168d2c5d60
000000800000000fbd464ee0000000105a8c9de0000000082849c4e000000006d8619ba1
00000000000000093a3277e0000000127464efc000000003c0b22c400000001275174401
0000002000000017c193bf4000000003b3277e8000000003850ad62000000012064c1200
000000400000001fec9dfa0000000017b93bf4000000001fb69108e00000001e367dc000
0000006000000017e4efd0600000000fc9dfa0c00000000fc0edab800000000e650c8f81
0000008000000000277e834000000007fefd06800000001036c060200000001000000043
000000000000001fcbf41a400000001027e834800000001804e24a600000000688cb1100
000000200000000fdfa0d220000000104f41a440000000083ee4ac2000000016dc51e201
00000040000000034d069140000000169a0d228000000001f7a13fc0000000108d0b4c80
0000006000000017e8348a6000000004806914e00000000478d382000000001328145121
000000800000001221a45380000000145348a7200000000221a453800000000221a45381
000000000000001fdd229ca000000017da4539600000001fc7eb26c00000001e73e705a1
00000020000000105914e5e0000000005229cbe0000000005914e5e0000000005914e5c1
000000400000000048a72f8000000008314e5f00000000108aaa63e00000000000000003
000000600000001fe5397c0000000017ba72f8000000001fb18af6200000001e38bf0000
000000800000001029cbe04000000007f397c080000000002f96c4a00000001000000043
00000000000000105e5f0220000000005cbe0460000000005e5f0220000000005e5f0221
000000200000000fc2f811c000000017f5f023a00000000fca024ae00000000e635a1ea0
000000400000001047c08ec000000007ff811da000000000576260c00000000000000383
00000060000000123e0476800000001fec08ed000000001a3a4c470000000008beada400
0000008000000007c023b4200000000fb04768600000001f806bbb000000000e3b06e121
000000000000000ed11da1800000001da23b43000000001ed11da1800000001ff0000005
000000200000001688ed0c600000001fb1da18e00000001e4bcfa1400000000cebc94f41
0000004000000000176863e0000000003ed0c7e000000010176863e000000010176863e1
00000060000000003b431fe00000000806863fc000000010533085c00000001000000703
00000080000000103a18ff20000000002431fe40000000003a18ff20000000003a18ff21
0000000000000003f0c7f90000000017f18ff20000000003f26b71800000001281031000
0000002000000017d63fc8400000000fcc7f90a00000000fb3d080a00000001e52408241
0000004000000017f1fe42800000000fd3fc85200000000fd679e9200000001e6272a680
00000060000000004ff214c0000000004fe42980000000104ff214c0000000104ff214a1
00000080000000085f90a6400000001fef214c80000000185f90a6400000001ff0000005
00000000000000000c85320000000007c90a6420000000100c853200000000100a122a03
0000002000000014c42990c000000019985321a0000000166ea71b4000000014f0e0e640
0000004000000016414c86800000001c82990d200000001ad41b91000000000971bb9540
000000600000001fda6434a00000001024c86940000000181123e94000000006c74fa2e1
000000800000000fb321a5600000001026434ac000000007ea9eb90000000016953653a1
0000000000000000090d2b4000000008021a56a000000010090d2b40000000000b6e42e3
000000200000001828695ae00000000fb0d2b5e00000000fe9aad7e00000000e9735a021
0000004000000007e34ad7800000000ad695af000000001acb3b6460000000194692f800
00000060000000105a56bc600000000824ad78e0000000009104fec00000000000009c03
000000800000001002b5e3c000000000056bc7800000000002b5e3c00000000002b5e3c3
0000000000000007e5af1e600000000f1b5e3ce00000001f128b9d800000001daad19bc1
0000002000000017fd78f3a00000000fbaf1e7600000000fc8d111200000001e7acad0a1
0000004000000007fbc79da00000000fb78f3b600000001fc473d0200000000e77d88ee1
000000600000000fce3cedc000000017ec79db800000000fcae875c00000001e44ecd100
000000800000001fe1e76e0000000017c3cedc200000001fb62a4cc00000001e42e45200
0000000000000017ff3b70800000000b7e76e1000000000b8dbbc0600000000a0f38fc00
000000200000001dc9db84600000001fb3b708e00000000dc9db84600000000fefffffe5
00000040000000000edc23c000000007edb84780000000100edc23c000000010010f1063
000000600000001086e11e60000000111dc23cc00000000086e11e600000000086e11e81
00000080000000104708f340000000080e11e6a00000000065a546800000001000000a23
0000000000000013c8479a800000001fd08f35200000001ba920eb400000001a36b48180
000000200000000e623cd4800000001fe479a9000000001e623cd4800000001fefffffe5
000000400000000351e6a42000000016a3cd48600000000206278e0000000010bec48d21
00000060000000102f3521c0000000005e6a43a0000000002f3521c0000000002f3521c1
0000008000000007f9a90e800000000fe3521d000000001feefc72200000000e42e92000
00000000000000004d48740000000007ca90e82000000010284f78c00000001000000023
0000002000000011da43a0e000000013a48741e000000001da43a0e000000001da43a0e1
0000004000000010021d078000000007b43a0f2000000000021d07800000000001f24823
000000600000001fd0e83ca000000017c1d079400000001fa2d30b000000000e53c16da1
00000080000000183741e5000000000fee83ca00000000083741e5000000001ff0000005
0000000000000007ea0f28600000000fc41e50c00000001fc06229a00000001e6af98781
0000002000000000107943200000000030f2866000000010107943200000001010794301
000000400000000503ca19a00000001a17943360000000072d29d10000000015d9bec901
0000006000000017fe50cda00000000fbca19b600000000fcb1fcd400000001e6a38d9e1
000000800000000032866de000000000050cdbc00000001032866de00000001032866de1
000000000000000834336f00000000036866de2000000013aecf06a0000000023ad57f00
000000200000001db19b78e00000001fb336f1e00000000db19b78e00000000fefffffe5
00000040000000080cdbc7c00000000fe9b78f80000000180cdbc7c00000000fefffffe5
000000600000000fd6de3e20000000104dbc7c400000000835401a6000000016d93a4e01
000000800000000016f1f160000000082de3e2e000000010556ea9400000000000000743
000000000000001fc78f8bc0000000103f1f17a00000001816e9f3a000000006ab2e1660
000000200000000e2c7c5ee00000001fb8f8bde00000001e2c7c5ee00000001fefffffe5
000000400000000173e2f7e00000001fc7c5efc0000000094d8c486000000017eebc1020
000000600000000bdf17bf6000000017be2f7ee00000000bad5469400000001a448f3161
000000800000001fd8bdfba000000010017bf7400000000fd8bdfba00000000fd8bdfba1
000000000000000835efdd000000000fdbdfba200000001835efdd000000000ff0000005
000000200000001f7f7ee8c00000001eeefdd1a00000000f7f7ee8c00000000fefffffe5
00000040000000100bf746c00000000007ee8d80000000000bf746c0000000000bf746a3
000000600000000fcfba364000000017ff746c800000000fdf2fd3200000001e381fc400
0000008000000018ddd1b22000000011bba3646000000012a9c12f00000000015ee29741
00000000000000180e8d91c00000000d9d1b23a00000000dbbca35c00000000c49b55ea0
0000002000000016446c8e800000001c88d91d000000001adfb7fb20000000194d2b7000
000000400000001fc364744000000017f6c8e8800000001fcb9da1400000000e40d94200
0000006000000011db23a2200000001fc647444000000019b2e4f0c00000001856124de1
000000800000000fb91d116000000010423a22c0000000080c9bf3e000000006aa7890e0
0000000000000007b8e88b200000000881d11660000000184bbc948000000016dfbdb8a0
0000002000000017e7445980000000045e88b30000000004563378a000000002d54b5c00
00000040000000103a22cc6000000008244598e000000000708e97400000001000001843
0000006000000010011663c000000000022cc78000000000011663c000000000011663c3
000000800000000988b31e200000001311663c6000000004aadc23e00000000359420a61
00000000000000181598f1e00000000fcb31e3c0000000081598f1e00000001ff0000005
00000020000000003cc78f6000000008298f1ee00000001076fc9f400000000000001403
0000004000000010563c7ba0000000001c78f76000000000563c7ba000000000563c7b81
000000600000000fc1e3ddc000000017f3c7bba00000000fc61deb600000000e55f2d140
000000800000001fef1eee80000000104e3ddd00000000184d69296000000006cc432400
000000000000000bb8f774200000001fb1eee8600000001bb8f774200000001ff0000005
000000200000000037bba1e0000000081f7743e000000010675638000000000000001d23
000000400000001e8ddd0fe00000001d0bba1fc00000000e8ddd0fe00000000fefffffe5
00000060000000102ee87f00000000000dd0fe00000000002ee87f00000000002ee87f01
0000008000000001f743f86000000013fe87f0e000000011f743f86000000011f743f861
000000000000001fda1fc3a000000017c43f87400000001fb087b7800000001e52270b81
000000200000001f00fe1d600000001fb1fc3ae00000000f00fe1d600000000fefffffe5
000000400000000877f0ebe000000010efe1d7e00000000177da5b20000000102bb8c7a1
0000006000000017ff875fa00000000fbf0ebf600000000fce99ac800000000e44911e20
00000080000000004c3afdc0000000004875fb80000000104c3afdc0000000104c3afdc1
000000000000000bf1d7ee0000000017e3afdc000000000be5f489800000001a7a144000
000000200000001fbebf70600000001f7d7ee0c00000000fbebf70600000000fefffffe5
000000400000001fc5fb8340000000105bf706a0000000183335e8e000000016cbebe9e0
00000060000000002fdc1a8000000007bfb83520000000102fdc1a80000000102be98661
00000080000000106ee0d4800000001fedc1a900000000186cb69fa000000006d20c8800
00000400000000115bcea4200000000937b6c84000000011ff2e00c00000001fffe9bc01
0000042000000008deb7214000000005bd7a4280000000060ad9f5200000001ffff44e00
000004400000000af5b50a4000000000eb7f1480000000035fbca0400000001fffe79100
000004600000001dad8252600000000b5b14a4e00000001dad8252600000001fffe24e41
000004800000000eec3113c00000001fd86027800000000eec3113c00000001ffff113c1
000004000000001e61819e60000000174328bcc00000000d16f2e9000000001fffe008a3
00000420000000008cff73000000000999d6662000000001a5de5a200000001fffe9a0c0
0000044000000007e75818a0000000124e8db16000000011ac4e53a00000001fffe90120
00000460000000183a47c5a000000012748d8b6000000002281dd7e00000001ffff9b001
000004800000001f5240ada00000001e2481db600000001f5240ada00000001fffe0adc1
0000040000000010926f6d800000000a24d5db200000001234cdcb200000001ffff8a8c0
000004200000000f1310ece0000000172608d9e00000001db6a249400000001ffff002c3
000004400000000f987067800000001630e9cf000000000f987067800000001ffff2ade1
000004600000000fc3f03c000000000387dc78200000000fc3f03c000000001fffe4e881
000004800000000f1f10e0e000000017be2841c00000001e5541aaa00000001fffe001c3
0000040000000000f8ff07000000000df1f20e00000000066a3995c00000001fffe30000
000004200000001a47e5b800000000110fcef02000000002d33d2cc00000001ffff82400
0000044000000018bf67408000000000feff0100000000113deec2000000001ffff70000
00000460000000167be984000000000177de8820000000167be984000000001fffff7fe5
000004800000001d5f02a0e000000001be3e41c0000000168ce973000000001ffff50321
000004000000001a78c5872000000017f1880e6000000009e95616a00000001ffff1a641
000004200000000e4631b9c0000000010c5ef3a000000006cf7930800000001fffe48aa1
000004400000001eb1614e800000001de2e21d000000001eb1614e800000001fffe14e81
000004600000001a0be5f4000000001897e768000000000a22f5dd000000001fffe08000
0000048000000001dfbe20400000000dbf724080000000070ed8f1200000001ffff37e00
000004000000001f7d8082600000001efb2104c00000001f7d8082600000001fffe08261
000004200000001a6cc5932000000011d9ae264000000003c05c3fa00000001ffff808e1
000004400000001de6a219400000001dcd6232800000001de6a219400000001fffe21941
000004600000001935a6ca4000000018eb4714a00000000995766a800000001fffe1ada0
0000048000000000ad7f52800000000d5ad2a52000000005787a87800000001fffe60da0
0000040000000013eb4c14a00000000ad6952960000000163ba9c4400000001ffff55581
0000042000000007da3825c000000010b46f4b8000000007da3825c00000001fffff7fe5
000004400000001dd1e22e000000001e23c1dc200000001dd1e22e000000001fffe22e01
000004600000001e8f2170c0000000189e6761800000000eabf154000000001fffe00043
000004800000000f79d086200000001973a68c400000000f79d086200000001ffff0aae1
0000040000000001cebe31400000000e9d71628000000007e3381cc00000001fffe29900
0000042000000010f5ef0a000000000a6bf5940000000012e06d1f800000001ffff78000
000004400000000eaff150000000001a5fe5a0000000000eaff150000000001ffff16040
00000460000000097fb6804000000010ff6f008000000011ff2e00c00000001ffff58000
0000048000000019fdc60220000000127b8d846000000003f99c06600000001fffe74a60
000004000000001fee2011c00000000f5c50a3a00000001fee2011c00000001fffe011c3
000004200000000ef1710e800000001de2e21d000000000ef1710e800000001ffff10e81
00000440000000198bc674200000001b1784e8600000000c22b3dd400000001fffe01623
000004600000000fde7021800000001f3cc0c3200000000fde7021800000001ffff02183
0000048000000011f32e0cc000000008665799a000000011d74e28a00000001ffff99ae0
000004000000000d997266800000001e32c1cd200000000d997266800000001ffff266a1
000004200000001dcb2234c00000001d966269800000001dcb2234c00000001fffe234e1
000004400000001ed9a1264000000017b3484ca00000000dfb5204a00000001fffe00203
000004600000000d4d52b2a00000001f9aa065400000000d4d52b2a00000001ffff2b2a1
0000048000000018ea87156000000001551eaae000000011b84e47a00000001fffe95c60
0000040000000008d4772b800000001128ced720000000116fae90400000001fffe98840
000004200000001f2340dca00000001d4682b9600000001f2340dca00000001fffe0dce1
00000440000000131a2ce5c000000001345ecba0000000131a2ce5c00000001fffff8005
00000460000000175128aec000000015224adda000000003e8dc17200000001fffe723e0
00000480000000070938f6c000000010926f6d80000000070938f6c00000001fffff8005
000004000000001949a6b6400000001f1360ec800000001949a6b6400000001fffe6b641
000004200000000fcdf032000000001a1be5e4000000000fcdf032000000001ffff03783
0000044000000008ef971060000000125f0da0e000000012ca6d35800000001fffe73580
00000460000000127c0d83e000000007781887e00000001174ce8b200000001ffffadd01
000004800000000f60709f800000000140debf200000000811b7ee400000001ffff23900
00000400000000170328fcc000000011064ef9a0000000170328fcc00000001fffef8005
000004200000001f1940e6a00000000eb2914d600000001f1940e6a00000001fffe0e681
0000044000000007ca3835c000000012946d6b8000000011d8ce27200000001ffff89100
0000046000000009d1d62e2000000010a3af5c4000000011ea8e15600000001ffff9de01
000004800000000f0e90f160000000171d28e2c00000001daaa255400000001ffff00463
000004000000000d74d28b200000001d698296600000000d74d28b200000001ffff28b41
000004200000001ea62159c0000000184c47b3a00000000e677198800000001fffe00123
0000044000000004b17b4e800000000962d69d200000000582fa7d000000001fffe5f940
00000460000000038b1c74e000000001963e69c0000000038b1c74e00000001fffef8005
00000480000000195886a76000000012312dcec000000002f87d07800000001ffff8a681
0000040000000009c4b63b4000000011094ef6a0000000124bedb4000000001ffff94901
0000042000000017a5285ac00000000eca7135800000001de4c21b200000001fffe00043
000004400000000da9b256400000001d5342aca00000000da9b256400000001ffff256a1
0000046000000010cd6f3280000000061af9e50000000010cd6f32800000001fffff7fe5
0000048000000000ebff14000000000d57d2a82000000005bdfa42000000001fffe5ca00
000004000000001bdf0420e000000007be1841e00000001b0ca4f3400000001ffff06b43
0000042000000007f83807c000000011704e8fa000000010e7cf18200000001ffffa48c0
00000440000000174128bec00000001c0243fda00000000ac3553ca00000001fffe0b5e1
0000046000000001095ef6a00000000992b66d40000000021bfde4000000001fffe98fe1
00000480000000014adeb5200000000915b6ea4000000001dafe25000000001fffea3c81
00000400000000095696a9600000001f2d00d2e0000000095696a9600000001ffff6a961
000004200000000eb4714b800000001a68c597200000000eb4714b800000001ffff15a81
00000440000000082377dc8000000010c6ef3900000000082377dc800000001fffff8005
000004600000001d1b82e4600000001db72248c00000001d1b82e4600000001fffe2e4a1
000004800000001a5cc5a32000000015398ac6600000000703d8fc200000001fffe4afe1
0000040000000008e61719e0000000054c3ab3c000000005a77a58800000001ffff5d3e0
000004200000000a30d5cf2000000017e1881e60000000197f0680e00000001fffe2bc81
00000440000000080657f9a0000000120c8df36000000011924e6da00000001fffe99f01
0000046000000012320dcde00000000fe4301bc000000012320dcde00000001fffedcde1
0000048000000012108def60000000072138dec000000010af2f50c00000001fffeaee81
000004000000000f84d07b2000000002099df6600000000f84d07b200000001fffe6ed01
00000420000000172608d9e0000000124c0db3e000000000e61f19e00000001ffffb49a1
000004400000001fb0204fc000000018e0671f800000001fb0204fc00000001fffe08161
000004600000000081ff7e000000000e83f17c000000000685f97a000000001fffe30000
000004800000001d8fe270000000000f1fd0e0200000001d8fe270000000001fffe27001
0000040000000001ff3e00c00000000f7e5081a000000008fdd702200000001fffe284e0
000004200000001c796386800000000172de8d20000000156bea94000000001ffff61540
000004400000001f4b60b4800000000e16d1e9200000001f4b60b4800000001fffe0b461
0000046000000001db3e24c0000000083657c9a0000000017e5e81a00000001fffe986e0
0000048000000002591da6e00000000e3211cde000000007f93806c00000001ffff40ca1
000004000000001a4825b7c000000004105befa000000015d44a2ba00000001ffff5be41
00000420000000084177be800000000f82d07d20000000084177be800000001ffff7be61
000004400000000d8b3274c00000001d966269800000000d8b3274c00000001ffff27501
000004600000001e5981a6600000001fb3204cc00000001e5981a6600000001fffe1a681
00000480000000164ce9b3000000001319ece60000000000df1f20e00000001ffff96000
0000040000000008e7971860000000124f0db0e000000012ad8d52600000001ffff83aa0
0000042000000017bc2843c000000010f86f078000000017bc2843c00000001fffef7fe5
0000044000000018e1871e600000001dc3223cc00000000e16f1e9000000001fffe00223
000004600000000a0cd5f3200000001819a7e64000000019a5c65a200000001ffff20b81
000004800000000166fe990000000001cdde32200000000166fe99000000001fffef8005
0000040000000007b75848a0000000126e8d9160000000119cee63000000001ffffa5bc1
0000042000000018ba6745800000001c74e38b000000000ca99356600000001fffe00320
000004400000000fd3f02c000000001a27e5d8000000000fd3f02c000000001ffff030c3
00000460000000019fbe60400000000dbf72408000000006d77928800000001fffe40080
000004800000001ffda00240000000187b6784800000001ffda002400000001fffe004a3
000004000000000cedf312000000000d5bf2a4000000000cedf312000000001ffff311e1
000004200000000defb21040000000185f67a0800000001dcb2234c00000001ffff00103
00000440000000027d9d82600000000efb3104c000000008f87707800000001ffff292e0
00000460000000126c8d93600000000fd93026c0000000126c8d93600000001fffed9361
000004800000001664e99b0000000010c9ef36000000001664e99b000000001fffef8005
000004000000001c27e3d80000000000cfff3000000000146b4b94a00000001fffe68000
000004200000001e3f81c0600000001fff2000c00000001e3f81c0600000001fffe1c061
000004400000001e7c81836000000017792886c00000000d75128ae00000001ffff00943
000004600000000ee4b11b40000000184967b6800000001ea2a15d400000001ffff00023
000004800000000d25d2da200000001f4b80b4600000000d25d2da200000001ffff2da21
000004000000001eae6151800000001a5cc5a3200000001eae6151800000001fffe16221
000004200000000ff3300cc000000018e66719800000000ff3300cc00000001ffff01463
000004400000000099ff660000000009b3d64c2000000001c8de37200000001fffe98980
0000046000000000cf7f30800000000e9ef1610000000006e4f91b000000001fffe40200
000004800000001dfba204400000001ef76108800000001dfba204400000001fffe20441
000004000000001d5dc2a22000000018bb8744600000000d879278600000001fffe002e3
00000420000000016e5e91a0000000095c96a3600000000246fdb9000000001fffe9dee1
0000044000000001725e8da000000009e4b61b4000000002d49d2b600000001fffe8cd20
000004600000000d92b26d400000001ea5615a800000000d92b26d400000001ffff26d41
000004800000001215edea0000000000abff54000000001215edea000000001fffff8005
0000040000000019afc6502000000012df8d206000000003fd5c02a00000001ffff777c1
000004200000000f7e5081a00000001efca103400000000f7e5081a00000001ffff081a1
000004400000001972868d6000000012650d9ae000000003541cabe00000001ffff8d121
000004600000001d1402ebe0000000172808d7e00000000bb9f446000000001fffe073e3
000004800000000ea0315fc00000001f4040bfa00000000ea0315fc00000001ffff15fc1
0000040000000011010efee000000001823e7dc000000011010efee00000001fffff8005
000004200000001d08c2f72000000002119dee6000000016990966e00000001fffe54381
0000044000000012460db9e0000000070c18f3e000000010ce2f31c00000001fffeb2da1
000004600000000d3052cfa00000001d60829f600000000d3052cfa00000001ffff2cfe1
000004800000001e82617d800000001f04c0fb200000001e82617d800000001fffe17d81
000004000000001d93626c800000000126ded920000000163709c8e00000001fffe513e0
00000420000000119b2e64c0000000083657c9a0000000114baeb4400000001fffe93240
000004400000000fd91026e000000004323bcdc00000000fd91026e00000001fffe3f941
000004600000000848d7b72000000004119bee6000000003d5bc2a400000001fffe788e1
00000480000000084657b9a00000001f8c807360000000084657b9a00000001ffff7b9a1
0000040000000002321dcde00000000fe4301bc000000002321dcde00000001ffffdcde1
0000042000000014908b6f60000000092136dec0000000152f0ad0e00000001fffe69721
000004400000000f84b07b4000000000897f76800000000f84b07b400000001fffe86d41
000004600000001d25e2da0000000000cbff34000000001566aa99400000001ffff48000
000004800000001a2fe5d000000000115fcea02000000002fd9d02600000001ffff88c00
0000040000000016ff0900e00000001a7e0581e000000008fdd702200000001fffe32341
0000042000000007781887e00000001ef0210fc00000001de7e218000000001ffff004c3
0000044000000000c0ff3f000000000f81f07e0000000000c0ff3f000000001fffff3f01
000004600000001807a7f840000000008f7f70800000001807a7f8400000001fffff7fe5
000004800000001ebd8142600000000dfb3204c00000001ebd8142600000001fffe14241
00000400000000016cde93200000000959b6a64000000002407dbf800000001ffff951e0
0000042000000000e6ff190000000009cdd63220000000022b7dd4800000001fffe95480
000004400000000d3712c8e00000001dee2211c00000000d3712c8e00000001ffff2c901
000004600000001e38c1c7200000001ff1a00e400000001e38c1c7200000001fffe1c741
00000480000000194686b9600000001d8d2272c00000000e5091af600000001fffe001a3
0000040000000006b4994b6000000001e91e16e000000006b4994b600000001fffef8005
0000042000000001a43e5bc00000000e4851b7a00000000762389dc00000001ffff381a0
000004400000001d2142dea000000019c2a63d400000000e5bd1a4200000001fffe001c3
000004600000000e0a91f5600000001695096ae00000001c1e23e1c00000001fffe02803
0000048000000002541dabe00000000da83257c0000000076fb890400000001fffe49a01
0000040000000010a0ef5f000000000f41d0be20000000175a28a5c00000001fffe38880
00000420000000180767f880000000158eca712000000005159aea600000001ffff620e0
0000044000000001bb3e44c00000000d765289a000000006ac1953e00000001ffff4a920
0000046000000012590da6e000000007b2384dc000000011794e86a00000001fffea8181
0000048000000002489db760000000071138eec000000000d47f2b800000001ffffaf681
000004000000000844d7bb200000000f899076600000000844d7bb200000001ffff7bb21
00000420000000082657d9a0000000124c8db36000000011e74e18a00000001fffe90e01
0000044000000010b26f4d800000000664f99b0000000010b26f4d800000001fffff8005
000004600000000393fc6c000000000b27d4d8200000000638b9c7400000001ffff2a000
00000480000000019f3e60c00000000fbe704180000000019f3e60c00000001ffffe60c1
0000040000000019f9c6062000000011f3ae0c40000000036dbc92400000001fffe8b601
00000420000000194e86b1600000001c1d03e2e00000000ce2131de00000001ffff015c3
0000044000000008f4770b8000000013e8ec1700000000145b4ba4a00000001fffe5f000
0000046000000001a3be5c4000000007c75838a000000000e15f1ea00000001fffea5ea0
00000480000000019d3e62c00000000eba71458000000007d1382ec00000001fffe33c80
0000040000000011698e966000000001d33e2cc000000011698e96600000001fffff8005
000004200000001a4c85b36000000001993e66c0000000135ecca1200000001ffff88ec1
000004400000001f64c09b200000001dc9a236400000001f64c09b200000001fffe09b21
0000046000000019a6a65940000000164d69b2800000000768b897400000001fffe3ec80
000004800000000db5b24a400000001eeb6114800000000db5b24a400000001ffff24a41
00000400000000112dced22000000008db9724600000001179ce86200000001ffffacb41
0000042000000003ee7c1180000000015cdea32000000003ee7c11800000001fffef7fe5
000004400000001d73428ca000000019e6a619400000000ed71128e00000001ffff00123
00000460000000099ab665400000001bb5444aa00000001ccae335000000001ffff00e63
000004800000000e5511aae000000017aa2855c00000001d71e28e000000001ffff00ac3
0000040000000001a8be5740000000085177ae80000000016d7e92800000001fffe9e480
0000042000000001c5be3a400000000e8b71748000000007ce3831c00000001fffe30880
00000440000000122d8dd26000000006db1924e0000000122d8dd2600000001fffff74c1
000004600000000f6c5093a000000019d8a627400000000f6c5093a00000001ffff0aba1
000004800000000de2f21d000000001dc5e23a000000000de2f21d000000001ffff21d21
000004000000001b97c46820000000022f9dd0600000001543cabc200000001ffff6d101
00000420000000183e47c1a000000011fcae034000000001b9de46200000001fffe9d520
0000044000000012728d8d600000000765389ac000000011558eaa600000001ffffa8ba1
000004600000000a14d5eb200000001ca9a356400000001e3b81c4600000001ffff00183
0000048000000002269dd960000000074d38b2c000000000e89f17600000001fffeacfa1
000004000000000f3490cb6000000017692896c00000001e10c1ef200000001ffff001a3
000004200000000e2491db6000000016c90936e00000001c63839c600000001ffff01583
0000044000000002a45d5ba000000002489db76000000002a45d5ba00000001fffef7fe5
0000046000000010a26f5d800000000f44d0bb20000000175e48a1a00000001ffff41060
000004800000001d93626c800000001e26c1d9200000001d93626c800000001fffe26ca1
000004000000001f1b20e4c000000000b67f4980000000174bc8b4200000001fffe31700
0000042000000012598da66000000006b3194ce000000012598da6600000001fffff7581
00000440000000024c1db3e00000000e983167c0000000085db7a2400000001fffe39601
000004600000001160ce9f200000000941b6be400000001213cdec200000001ffff94620
0000048000000002069df960000000070d38f2c000000000933f6cc00000001ffffa9081
0000040000000002349dcb6000000006e91916e000000000909f6f600000001fffeab0c1
0000042000000003245cdba000000001c8be374000000003245cdba00000001fffef7fe5
0000044000000012a28d5d6000000001c53e3ac000000012a28d5d600000001fffff8005
000004600000001614e9eb000000001129ced6200000001614e9eb000000001fffef8005
0000048000000017a74858a000000013ceac314000000002eabd15400000001fffe93cc1
000004000000000fbab0454000000017f5480aa00000000fbab045400000001ffff0db41
0000042000000004d51b2ae00000000d2a32d5c00000000971d68e200000001fffe28c81
0000044000000000a8ff57000000000dd1f22e0000000005edda12200000001fffe30000
0000046000000010c7ef3800000000098fd6702000000011d32e2cc00000001fffe92400
0000048000000000bf7f4080000000067ef9810000000000bf7f40800000001fffef8005
00000400000000067b99846000000002771d88e0000000067b9984600000001fffef8005
0000042000000010dc6f23800000000a38d5c7200000001281ed7e000000001ffff8b3c0
0000044000000000e37f1c800000000e46d1b920000000069dd962200000001fffe46080
00000460000000169b0964e000000012360dc9e0000000169b0964e00000001fffef8005
0000048000000010d86f27800000000630f9cf0000000010d86f27800000001fffff8005
0000040000000008c3973c6000000014070bf8e000000014482bb7c00000001fffe79e21
00000420000000021c1de3e00000000e3811c7e000000007cef831000000001fffe46a81
000004400000001e60019fe00000001e4001bfe00000001e60019fe00000001fffe19fe1
000004600000001780287fc000000011004effa00000001780287fc00000001fffef8005
000004800000001d81627e800000001602e9fd000000000b0454fba00000001ffff01b80
000004000000000c0bb3f44000000001175ee8a000000004a27b5d800000001fffe6e541
0000042000000016dd0922e000000011ba2e45c000000016dd0922e00000001fffef7fe5
00000440000000196886976000000014510baee00000000531dace200000001fffe6af61
000004600000000c4433bbc000000001085ef7a000000004ca1b35e00000001ffff688c1
000004800000001fa1205ec000000018c2673d800000001fa1205ec00000001fffe0a4e1
000004000000000289bd764000000004937b6c800000000289bd76400000001fffef8005
000004200000000e4dd1b220000000009bbf64400000000661b99e400000001fffe59101
00000440000000066ef991000000000fddd02220000000066ef991000000001ffff99101
0000046000000007773888c0000000116e4e91a000000007773888c00000001fffff7fe5
000004800000001fb92046c000000018f2670d800000001fb92046c00000001fffe06de3
000004000000000949b6b6400000001d93626c800000001e5781a8600000001fffe00003
00000420000000024d9db260000000069b1964e0000000024d9db2600000001fffef7fe5
00000440000000086c1793e00000000fd81027e0000000086c1793e00000001ffff793e1
000004600000000760189fe0000000184027bfc00000001710c8ef200000001ffff44020
000004800000000d80b27f40000000180167fe800000001d0202fde00000001fffe001e3
000005000000001d35907a40000000190ee174800000001d35f07a400000000eb3f07a43
0000052000000005958e52400000001e4e30a4a000000002c14787600000001c70a2ae61
000005400000000296e792800000001c48e825000000001c2f983cc00000001c2fc2c801
000005600000000a8cf594000000000a7ce5a80000000013d543c2600000000d8b400801
000005800000001a5d51a0600000001fdf88c0c00000001718e2f1000000000fc0100803
000005000000001ed030832000000000c54706600000001ed05083200000001ed050c801
0000052000000018baf11980000000161032b32000000018ba91198000000018a0311941
0000054000000011ee334ca000000004b99619400000001b0d51f4600000001b0d600263
000005600000000148ff650000000005f4364a20000000040e3e34a0000000040e893a81
00000580000000147f9228c0000000019ae7518000000014f4e20a0000000014f4f000c3
000005000000001dc4f0460000000004ec260c200000001dc49046000000001dca304fa3
00000520000000181f5930e0000000055b8e61c0000000181f3930e00000001827bf7fe5
0000054000000014c182074000000018e6e10e8000000014c1e207400000000616420741
000005600000001e3540ba600000001f0f88f4c000000014163232a00000000f80100387
000005800000000190ff53000000001c44f0260000000001909f5300000000165e9f5301
0000050000000012bd4b9860000000041f9e30c000000012bd2b986000000012bf1f8005
0000052000000007d146c36000000004c78e06c000000009e8fd4d0000000009e9292d81
0000054000000004b18e1b400000001e0630b6a000000001ab475de00000001b3a02bde1
0000056000000019b7495ae0000000060b46b5e00000001eb2389ba00000001eb2338061
000005800000001b8231d7a00000001861812f400000001b8251d7a00000000c2431d7a1
000005000000000429863d400000000136e77a8000000004383639200000000438207901
0000052000000007743eea20000000078d96d44000000005d6fe4280000000079459c5e1
00000540000000179832d120000000005547226000000016cd42846000000016cd700463
0000056000000000faff09800000001890f113000000001eab989dc00000001eab83a401
0000058000000019ed814c400000001cbe2818a00000001b1391f3c00000000f2fd000e3
000005000000000156ff62800000001bc8f9c50000000001569f628000000015a82f8005
00000520000000008cff14000000000a7cf5a80000000009d55d426000000009d5580001
00000540000000065d96a04000000001dee740800000000518e671000000000519500201
000005600000000ed43482200000000acd5d846000000016c55a86600000000f8005ca65
000005800000000a9b4d91e00000001e5358a3e00000000634eeba000000001f801ac285
0000050000000016e2328fa000000014a1821f4000000016e2528fa000000016ddd28fc1
0000052000000005298e7d400000001b3631faa00000001f02e8f7800000001f02f45d81
000005400000001d77806ac0000000078a3ed5a00000001d77e06ac00000001e00d7b241
000005600000001d86e056800000001a68e9ad000000001d868056800000000f800274c5
00000580000000040c363420000000057d8e684000000008538d23c0000000085388ac01
00000500000000145982214000000019d6e142800000001459e2214000000006afc22141
0000052000000014f5820a40000000028ee79480000000145d922040000000145e000123
000005400000001b9551d260000000184f8124c00000001b9531d2600000000c2771d281
0000056000000014918a134000000008463526a0000000022387bfc0000000155ea20781
000005800000000eb7949ac0000000000aff35800000000db15c5b600000000db1466401
0000050000000007842ed620000000006d572c60000000069f8e90c0000000069f8a9241
000005200000001c1b9831c000000001522763a00000001ca5481e600000001ca543a741
000005400000001ee7988ec000000000aaef1d800000001ee7f88ec00000001ee81f8005
000005600000001904e176000000001d6ce06c0000000019048176000000000ef5e17621
00000580000000061c2eb020000000075d96e04000000004b78e1ac0000000061e09f001
000005000000001ad831812000000006d58682400000001ed34083e00000001ed3a00083
000005200000001ef830892000000006958692400000001ef85089200000001f2050b041
000005400000000bf95dc9600000001e979892c000000007455ee6600000001f800a7f25
0000056000000005f1964b400000001686e296800000001967816ec00000001967f00063
000005800000001fb550da60000000160f42b4e00000001fb530da600000000fc010dab1
0000050000000009922d53a0000000004157276000000008f62d0aa000000008f6288681
000005200000001eab589de00000000433863bc000000001402767200000001b7032e421
000005400000001961916f4000000017a622dea00000001961f16f400000000885916fc1
000005600000001537827ac0000000150ae275800000001537e27ac00000001531a27b01
0000058000000007842ed620000000186d912c400000001e9ee890800000001e9ee45a01
0000050000000006182eb1200000001f5550e2600000001cad881c400000001e1473c161
000005200000000afb4d89e00000001e935893e000000006a2ee9f800000001f7fe9dde5
0000054000000007e23ecfa000000006a1569f6000000004dafe01800000000715597721
00000560000000192af17d800000001b30e9fb00000000133ee3f8800000000cec300321
00000580000000156c326c2000000005bd9e584000000019c39947c000000019c3949401
000005000000001b5941e16000000007d79ec2c00000001873492be00000001bb8c4d881
0000052000000006f03e8b2000000000855716600000000452fe23800000000453586281
000005400000001dbb9859c00000000e1224b3a00000000abee598800000001f801112c5
000005600000001be631cea00000001ea9409d600000001be651cea00000000f8011cea5
00000580000000050b8e75c00000001972f16b800000001d54e862000000001d54f29101
000005000000001864e12e000000000bacfddc00000000028a2795a00000001c9a824001
00000520000000191d997040000000075e3ee0a0000000191df9704000000019934f7fe5
0000054000000000d62f02a000000004c99e054000000000d64f02a000000000db9f8005
000005600000001e882095200000001475822a400000001e884095200000001e86209541
0000058000000006782ea920000000019557526000000006f42e8a2000000006f43adba1
0000050000000007fa3ec9a000000016915293600000001b7f59e8e00000001b7fd5bb01
0000052000000015eaea4d800000000eb0f49b00000000013f4778e00000001d2240e001
00000540000000076d96ec4000000001beef588000000007c38ec7c000000007c398c201
000005600000001d54e0620000000013ccfbc4000000001d548062000000001d533495a1
000005800000001a9c3190200000001a5d41a0600000001a9c5190200000000d84919021
000005000000001eda2081a000000004d18603400000001eda4081a00000001edfe09241
0000052000000006e9568d6000000004b78e1ac000000008754d2a600000000875f90b81
0000054000000007702eeb2000000015859256400000001bcd49c4600000001bcd754f21
000005600000000bb94dd9600000001c179032c00000000bb92dd9600000001f7fedd965
0000058000000005f02e4b200000000a855d966000000005f04e4b2000000008fddf8005
0000050000000013bb4bd9e000000004139e33c000000013bb2bd9e000000013bcdf8005
000005200000001fe020cf2000000006a5869e400000001fe040cf200000000fc0010781
000005400000001938f179000000001d14e0720000000019389179000000000ed6f17921
0000056000000017fc22c820000000149d82104000000017fc42c82000000017f762c841
000005800000000fd94cc1600000000ad75d82e00000000fd92cc1600000000fc01f8005
0000050000000004f38e0bc00000000082f717800000000a498da5400000000a4998a101
000005200000000ba55dde60000000182f913cc0000000025197a3400000001c6283b541
0000054000000005118e73400000000346f7e68000000007b02edb2000000007b0295701
000005600000000ab55d9a60000000140f9234c00000001db95859600000001db9441ea1
000005800000000790e6d3000000001a44f9a60000000018ff4908e00000001a7ec36001
0000050000000004bd9e18400000001e1e30b0a000000001959752400000001b6a3226c1
0000052000000001d6ef428000000016c832852000000015f42a4a2000000015f4752681
00000540000000168f4294e00000001c7b8029c0000000168f2294e00000000b8c8294e1
0000056000000004418e274000000003e6f7ce8000000006c78e86c000000006c7b9a481
000005800000000835953a40000000170efaf4800000001e1b98b1c00000001e1b838881
000005000000001b9551d2600000001e4f88a4c000000010c38307c00000000f80000ba7
000005200000000a915d936000000018475926e000000001df9f40c00000001b621b1d81
000005400000001eb3509be00000001e0348b7e00000001ba0e1df000000000f7ff003c7
0000056000000005a39e5fc00000001c22f03f8000000005a3fe5fc00000001a4fbe5fa1
000005800000001f2420fe20000000072d86fc400000001f2440fe200000001f80013da5
0000050000000005199671400000000156ef628000000005894e55600000000589589901
000005200000000af4e58a000000001c8ce014000000000af4858a000000001f7fe58a05
00000540000000019cff50000000000a5cf5a0000000000ad43d82200000000ad4388001
0000056000000018dd9100400000001cde2800a00000001ade2180a00000000e3e900103
0000058000000018d6f102800000001ac8e9850000000010c22307a00000000c28a000e1
00000500000000048d9e1440000000027ef7a88000000005d0fe430000000005d0e92101
00000520000000165552a26000000009cf9544c0000000165532a26000000018b3929a81
000005400000000e90f493000000001a4439a6200000000626f6be800000001f80021185
0000056000000014bef21880000000161822b12000000014be92188000000014a23218a1
0000058000000005cf8e44c000000002fa3789a000000005938e53c00000000593e95241
000005000000001446f226800000001be821cd20000000144692268000000008b41226a1
000005200000001a0e21b4a00000001b7941e9600000001a0e41b4a00000000e09c1b4a1
00000540000000184ae125800000001bf0e9cb0000000012d03383200000000cbee00721
00000560000000046c362c200000000bbd4dd8600000000e9a2c91a00000000e9a4791e1
000005800000001d5ae061800000001bd0e9c3000000001d5a8061800000000f80029aa5
000005000000001aed518c6000000018bf4918e000000010418327400000000c31500d03
000005200000000b535de3e00000001bc351c7e00000001c183831200000001f7fe44a85
0000054000000002a2279fa00000000a214dbf600000000b659dee400000000b658950e1
000005600000001f2b48fde00000001b3349fbe000000011383b79200000000f800728e5
000005800000001f6358efe00000000ba34ddfe00000000198ef51000000001f801b4605
000005000000000122e77f8000000007202eff2000000007275efee0000000072759fe41
00000520000000112ee37c800000000138ff7900000000110a2b75a0000000110a24f001
00000540000000174d42e46000000017ff42c8e0000000174d22e460000000074c22e4a1
000005600000001e5340a3e00000000bc35dc7e0000000072026ff200000001f7ff2c505
000005800000001ca2e01f800000000a2025bf200000001ca2801f800000001f50e02283
000005000000000f2ef4fc800000001b38f9f900000000010af775800000001f8001c405
000005200000001f4cf0e40000000001fcff48000000001e1438b2200000001e14800001
000005400000001e5c20a0200000000fdd5cc0600000000b1d45f0600000000fc0111041
0000056000000000daf7018000000014d03a03200000001acf5984e00000001acf54da81
0000058000000018ee310ca00000000ab95d9960000000007d9728400000001c2c628181
00000500000000034a27e5a000000005f18e4b4000000006079eb6c00000000607fa6181
000005200000001a6821ad2000000001b5475a600000001a919193400000001a918001a3
000005400000001f7b98e9c00000000992fd538000000007d83ec1200000001f80177005
0000056000000005e59e4e4000000000aeff1c8000000005e5fe4e4000000005e60f8005
00000580000000071586f240000000014eef648000000007bcfed80000000007bce9e881
0000050000000018958112400000001e4e20a4a00000001895e112400000000f70c11241
0000052000000016962292a00000001c4980254000000016964292a00000000b6c0292a1
000005400000001688e2950000000006743eaa200000001bc589c6400000001bc5a4db01
00000560000000027ee7a88000000007982ed12000000000fb5f09e000000002a75a69c1
000005800000000bce25c4a00000000af95d896000000013934bd3e00000000f48c7d941
00000500000000044b8e25c00000001bf231cba00000001ed2e883800000001ed2f42dc1
000005200000000666e6ae8000000019a8f95d000000001e86e896800000001e86f39201
000005400000001f0d50f460000000197f4968e000000017a622dea00000000f7fe00527
000005600000001c539023c000000003c227c7a00000001c53f023c00000001c55305b83
000005800000001ca7901ec0000000002ae73d800000001ca7f01ec00000001ca7f03583
0000050000000001055776600000000b6f4dece00000000b50ede3000000000b50f9f821
000005200000000a134db3e00000001b4351e7e00000001c542822200000001dfb344c81
0000054000000000a2e71f800000000020ef3f0000000007643eee200000000764397801
00000560000000072d86fc40000000073e2ef8a0000000050efe74800000000709e9f761
000005800000001f5780e2c000000019caf145800000001f57e0e2c00000000f8000e2c5
000005000000000a84f59600000000066c2eac200000000ffb4cc9e00000000fc007aa00
000005200000001e1e20b0a0000000075946e1600000001e1e40b0a00000001e9220fe41
0000054000000006caf6858000000008f0fd0b000000000c9f5c10e00000000c9f86c801
000005600000000a6cf5ac000000000dbce458000000001698e291000000000f80100205
00000580000000195d91604000000003dee7c0800000001a7e21a8a00000001a7e900003
0000050000000008d43d022000000016cd9a844000000008d45d0220000000087e4f8005
0000052000000010995311600000000a575da2e0000000183cf93800000000183d257be1
0000054000000016f3428be00000001c838817c000000010499325400000000bf9e01283
000005600000001ba0f9df000000001224e3be00000000044a2625a0000000065be0f001
00000580000000193d9178400000001d1ee07080000000193df178400000000eeb317841
000005000000000bd4e5c20000000000ccef040000000009fcfd480000000009fd478001
00000520000000129ceb9000000000005cff2000000000129c8b9000000000129c9f7fe5
0000054000000018dd81004000000014dee2008000000018dde1004000000018d7e10041
0000056000000016d422822000000006cd8684400000001ac75186e00000001ac79001a3
0000058000000016983291200000001e5540a26000000016985291200000000d7d729121
0000050000000006fa2e89a000000006915693600000000aa6ed9e800000000aa727b081
000005200000001beb51cde000000010b3531be00000001beb31cde00000001beb11cd61
000005400000000b635defe00000001ba351dfe00000001d983851200000001f80042605
000005600000001923817fc0000000032227ffa00000001b20f1ff000000001b20e001a3
000005800000001f2750fee0000000172b42fde00000001f2730fee00000001e5d10ff61
000005000000001b0221f7a00000001961816f400000001b0241f7a00000000cd501f7a1
000005200000001e2940bd600000001937497ae0000000163952b9600000000f7fe00347
000005400000001573926bc00000001b8221d7a00000001573f26bc00000000976926be1
0000056000000001a6ef5e80000000162832bd20000000164ceaa400000000164cf640a1
00000580000000070f4ef4e00000000b7b5de9e0000000070f2ef4e00000000b0d3f8005
000005000000001a4221a7a000000007e15ecf6000000018c0e907000000001ab6f54941
000005200000001c2a383da00000000f315cfb600000000a375dbae00000001f7ff9ad05
000005400000001f6af8ed800000001bb0f1db0000000011f0f34b000000000f7fe00587
00000560000000016d576c6000000007bf8ed8c000000007fe2ec8a000000007fe4a7b81
000005800000001950f1630000000007c43ec6200000001e6398afc00000001e63f30d01
000005000000000abf4d98e00000001c1b9831c0000000058f4e54e00000001f686a1501
0000052000000005c19647400000001ce6380ea000000007a556de600000001b2cb237e1
000005400000001837593ae0000000050b8e75c00000001837393ae0000000183d7f8005
000005600000000b8025d72000000006658eae4000000008975d12e00000000a78d8e4e1
000005800000000c383c392000000005159e72400000000c385c39200000000c3f0f8005
000005000000001bf8e9c90000000006943e92200000001bf889c9000000001c205f8005
0000052000000017feeac8800000000098ff110000000017fe8ac88000000017fe9f7fe5
0000054000000019cce1440000000004fc26082000000019cc81440000000019d2e15e01
000005600000000a5f5da0e00000001bdb51c1e0000000031157f3600000001ebf2316a1
0000058000000000c2e707800000001ce0280f2000000002835797e00000001629b33a41
000005000000000a2f5dbce00000001d3b9879c0000000063f9eb8c00000001f801a7905
000005200000001b40f9e70000000001e4ef4e000000001b4099e7000000001b409f7fe5
00000540000000063c3eb820000000151d9270400000001a6d59ac600000001a6d655801
000005600000000bd94dc16000000014d79202c00000001dc8e845000000001dc9340781
0000058000000000f0ef0b000000001884f116000000001e5748a2e00000001e57520001
0000050000000005bc265820000000041d8e3040000000088d9d1440000000088d890c01
000005200000001bd821c1200000001ed54082600000001bd841c1200000000f7fe1c125
000005400000001efb4889e00000001a934193e000000016a2f29f800000000f7ff00387
0000056000000011e2f34f8000000006a03e9f2000000016de3a80a000000016de2634e1
00000580000000032ee7fc800000000d382479200000000f0b94f5c00000000f0b900803
00000500000000054f9e64c000000017fa32c9a00000001a0d59b4600000001a0db4d921
00000520000000164622a6a000000017e942cd60000000164642a6a00000000622c2a6e1
00000540000000060a2eb5a00000000571966b400000000a454da6600000000a45598761
000005600000000068ff2d0000000015b4f25a0000000014919a13400000001491849001
00000580000000177c22e820000000159d825040000000177c42e8200000001768e2e841
0000050000000001d8ef410000000014d4f202000000001bcce9c4000000001bccf30001
0000052000000010fceb0800000000169cf2900000000004b8e6190000000004b9200001
0000054000000011dcf3400000000006dc3e802000000015dd9a404000000015ddf48001
0000056000000018df4900e00000000adb4d81e000000000d43f02200000001c3f2b2361
000005800000001ec34887e00000001ce3400fe00000001ec32887e00000000f800887e5
000005000000000022f73f8000000007202eff2000000006262ebea0000000062639e1c1
00000520000000032f47fce00000000b3b5df9e000000005042e762000000007087a3321
000005400000000b434de7e00000001de3904fc00000000b432de7e00000001f800de7c5
000005600000001820e13f000000001d24e07e000000001820813f000000000dcf413f21
00000580000000013cef7800000000191cf17000000000197ee96880000000197ee00001
000005000000001fdc20c02000000018dd8100400000001fdc40c0200000000fc000c021
000005200000001ad82181200000001cd58002400000001ad84181200000000f7fe18125
000005400000001af8e989000000001c94e012000000001af88989000000000f7fe98905
0000056000000019fd514860000000149f9210c000000019fd31486000000019f8314841
0000058000000019d159436000000004c79e06c000000019d139436000000019d64f8005
000005000000000ab0259b2000000018054136600000000ab0459b200000001abe859b21
0000052000000009baf55980000000061036b3200000000ebd5498600000000ebd503043
0000054000000001eeff4c8000000018b8f119000000001f0d98f4400000001f0da3c401
00000560000000174d42e46000000017ff42c8e0000000174d22e460000000074c42e4c1
00000580000000165222a3a000000017c142c760000000165242a3a000000005d602a3e1
0000050000000000aaef1d800000001e3030bb200000001d44e866000000001d44f380c1
00000520000000016eef6c800000001bb831d9200000001bff89c8c00000001bff84a7c1
000005400000001f4e20e4a000000005f98649400000001f4e40e4a00000001f676108c1
000005600000000048ff250000000005f4364a2000000004d43e022000000004d4491a81
00000580000000047f9e28c0000000199af151800000001cf4380a200000001cf431dc01
0000050000000005c586464000000000eeff0c800000000bbaedd9800000000bbaf86201
000005200000000414263220000000054d8e644000000008a59d1e4000000008a5891101
0000054000000016982291200000000055472260000000143f5238e0000000143f900643
0000056000000012fb9389c00000000092ff138000000010a63b1ea000000010a665e201
000005800000001be421ce2000000004ad9e1c400000001d30e87b000000001d31941e21
000005000000000b1825f1200000000b554de2600000000d8b9c55c00000000f10380761
000005200000001cfb8809c000000006922e93a000000000a63f1ea00000001c0f8a7ac1
0000054000000005e78e4ec00000001aaa319da00000001d27887ec00000001d28231841
000005600000001d062876a00000000d69846d40000000094c3564200000001f7fe0dfa5
0000058000000018099135400000001d76286aa000000014458226400000000e04400123
000005000000001c76f02a800000001f8820d5200000001c76902a800000000fc0102a93
00000520000000058f8e54c0000000147af2298000000018ef490ce000000018ef423801
0000054000000012454ba66000000003ef57cce00000000ccb4c05e00000000ccb2839e1
000005600000001e1230b3a000000015418267400000001e1250b3a00000001e0b50b3c1
0000058000000006a82e9d200000001e3550ba60000000034ce7e4000000001d6e33c861
00000500000000097a2569a000000015919a53400000001ddd8840400000001ddd940941
000005200000001be8f9cd0000000012b42b9a200000000b06edf6800000000b07992e81
00000540000000037ef7e88000000007982ed120000000002a2f3da000000003981a9b21
0000056000000007ce2ec4a000000006f95689600000000b934dd3e00000000b93c9d961
000005800000001e4b58a5e000000005f38e4bc00000001e4b38a5e00000001e635f8005
000008000000001840c7bf200000001ed1a12e400000000f0230fdc00000001ffff09501
000008200000000fb6b0494000000017fd4802a00000001fa2c05d200000001ffff00443
000008400000000a1555eaa0000000004a9fb560000000024eddb1200000001fffed6501
00000860000000104a0fb5e00000000fb4304bc000000017eda812400000001ffff7c701
0000088000000016a0895f6000000000313fcec000000016a0895f600000001ffffff005
000008000000001034afcb400000000ff97006800000001034afcb400000001fffefcb41
000008200000001835c7ca20000000103bafc440000000005fdfa0200000001fffef4a01
00000840000000183ea7c140000000101d6fe280000000004c1fb3e00000001fffef3200
0000086000000014b5eb4a00000000097bf68400000000161fa9e0400000001fffe00000
00000880000000002fdfd0200000000fcf90306000000007efb810400000001fffe7b041
00000800000000101e6fe180000000084cd7b320000000105b4fa4a00000001fffff42c0
00000820000000080377fc800000001016efe900000000080377fc800000001fffffefe5
000008400000001fcbe034000000000f97f068000000001fcbe034000000001fffe033e1
00000860000000003fbfc04000000007ff5800a0000000002f5fd0a00000001fffef70a0
00000880000000001d7fe280000000084ad7b5200000000057dfa8200000001fffef4340
000008000000000fcb5034a00000001fd6a029400000000fcb5034a00000001ffff034a1
00000820000000104a8fb56000000007d5182ae0000000104a8fb5600000001fffffefe5
000008400000000fc4503ba00000001ff8a007400000000fc4503ba00000001ffff03bc1
000008600000001fb2e04d000000001fb5e04a000000001fb2e04d000000001fffe04d21
000008800000001a87e57800000000001fffe0000000001297cd68200000001fffecf000
00000800000000181f87e060000000103f2fc0c0000000004e5fb1a00000001fffff5ee0
000008200000001fecc013200000001fc98036600000001fecc013200000001fffe01321
000008400000001fd62029c0000000181c67e3800000000fe0901f600000001fffe00003
000008600000000831d7ce2000000010438fbc600000001065af9a400000001fffff3d81
0000088000000017ee0811e0000000104c0fb3e000000000291fd6e00000001fffff8581
0000080000000010106fef8000000007c0f83f0000000010106fef800000001ffffff005
0000082000000001c39e3c6000000000471fb8e000000001c39e3c600000001fffefefe5
00000840000000103c2fc3c00000000ff8700780000000103c2fc3c00000001fffefc3a1
000008600000001fc1803e600000001fc3003ce00000001fc1803e600000001fffe03e81
000008800000001fcc0033e000000017f82807c00000000fb2d04d200000001fffe00303
0000080000000000409fbf600000000ff1300ec000000000409fbf600000001fffffbf61
000008200000001184ae7b4000000003097cf6800000001184ae7b400000001fffffefe5
000008400000000fa5d05a200000001ffba004400000000fa5d05a200000001ffff05a41
00000860000000109eaf6140000000012d7ed280000000109eaf61400000001fffffefe5
0000088000000004b5fb4a00000000002bdfd42000000004b5fb4a000000001fffeff005
000008000000001fef4010a0000000183ea7c1400000001fef4010a00000001fffe012e1
000008200000000ebad145200000000d75928a600000000ebad145200000001ffff14501
000008400000000ff63009c0000000180c47f3a00000000ff63009c00000001ffff015c1
000008600000000f5110aee00000000eb2114de00000000f5110aee00000001ffff0aec1
0000088000000000481fb7e000000007f0380fc00000000028dfd7200000001fffef8201
000008000000000020dfdf200000000821b7de4000000000321fcde00000001fffff6d01
000008200000000fd6f029000000001fedc012200000000fd6f029000000001ffff02901
0000084000000010274fd8a0000000083eb7c1400000001055efaa000000001fffff51a1
000008600000000fbaf045000000001fd5e02a000000000fbaf045000000001ffff04501
000008800000001827a7d840000000102f4fd0a000000000469fb9600000001fffff46c0
00000800000000102d4fd2a00000000ffab00540000000102d4fd2a00000001fffefd2a1
000008200000001afaa5054000000005e57a1a8000000018ce4731a00000001fffe69c00
000008400000000825b7da400000001f5b40a4a00000001f6f6090800000001ffff03ae1
000008600000000d5d12a2e00000000aaa1555e00000000d5d12a2e00000001ffff2a2c1
0000088000000000187fe7800000000ff0f00f0000000000187fe7800000001fffffe781
0000080000000010438fbc600000000ff73008c000000010438fbc600000001fffefbc61
00000820000000184cc7b32000000010498fb6600000000085bf7a400000001fffef1fa1
0000084000000010460fb9e00000000fcc1033e000000017ff0800e00000001fffe7b9a1
000008600000001fe0001fe000000017f0280fc00000000fc0f03f000000001fffe002a3
000008800000000830b7cf4000000010116fee8000000010320fcde00000001fffef4700
0000080000000010458fba6000000007db1824e000000010458fba600000001fffffef21
000008200000000fec5013a00000001838a7c7400000000fec5013a00000001ffff01721
000008400000000832b7cd4000000011654e9aa00000001187ce78200000001ffffe0b20
0000086000000005851a7ae0000000003a3fc5c000000005851a7ae00000001fffeff005
000008800000001fe880176000000017d1082ee00000000fa99056600000001fffe002e3
0000080000000000441fbbe00000000fb83047c000000007ebd814200000001fffe7c201
000008200000001510caef200000000a2195de60000000172288dd600000001ffff865a1
0000084000000008863779c0000000010c5ef3a000000001801e7fe00000001ffffe12a0
0000086000000000411fbee000000007f2380dc00000000023dfdc200000001fffef82a1
000008800000000fa8d057200000001821a7de400000001fbaa045400000001ffff004e3
000008000000000626d9d920000000004d9fb2600000000626d9d9200000001fffeff005
0000082000000010362fc9c0000000081c77e38000000010408fbf600000001fffff0000
000008400000000831d7ce2000000011b38e4c6000000011d58e2a600000001ffffdc5a1
00000860000000001e7fe18000000007ccf83300000000001e7fe1800000001fffeff005
000008800000000633d9cc200000000c77b388400000000a9a1565e00000001ffff51201
00000800000000004e9fb1600000000fbd3042c000000007fb3804c00000001ffff7a8e0
000008200000001e74e18b000000000cf9d306200000001e74e18b000000001fffe18ae1
00000840000000080777f88000000017aee8510000000017a5c85a200000001fffe7d800
00000860000000004b9fb4600000000fa71058e000000007e0b81f400000001fffe7bb61
00000880000000103c2fc3c00000000ff8700780000000103c2fc3c00000001fffefc3c1
000008000000001771e88e000000000ee3f11c000000001e4581ba600000001fffe14000
000008200000000fbfb040400000001faf4050a00000000fbfb040400000001ffff04041
000008400000001c3d03c2e0000000004a1fb5e00000001476cb89200000001ffffb35e1
000008600000001fa80057e00000001ff0200fc00000001fa80057e00000001fffe05801
000008800000001010efef000000000841f7be000000001042cfbd200000001fffef3000
000008000000000037bfc8400000000fef5010a00000000816b7e9400000001ffff75b00
0000082000000017dd0822e0000000103a2fc5c000000017dd0822e00000001fffefefe5
000008400000001ff8a0074000000017f1480ea00000001ff8a007400000001fffe02181
0000086000000007a5185ae00000000f4a10b5e00000000edd7122800000001ffff0b061
000008800000000fc85037a00000001fc0803f600000000fc85037a00000001ffff037a1
000008000000001fa2005de000000017e4081be00000000f75308ac00000001ffff03741
00000820000000080057ffa00000001a10a5ef400000001a01a5fe400000001ffff5a441
00000840000000084297bd6000000000851f7ae000000000b79f48600000001fffeee2e1
0000086000000000245fdba00000000fe890176000000007fb3804c00000001ffff7b241
000008800000001fa2005de000000017f4280bc00000000f869079600000001fffe02101
000008000000000840d7bf2000000015118aee6000000015428abd600000001ffffa45c1
0000082000000000461fb9e000000007fc3803c00000000030bfcf400000001fffef7601
000008400000000830b7cf4000000014314bcea000000014524bada00000001ffffb4221
0000086000000000c57f3a80000000001affe50000000000c57f3a800000001fffeff005
00000880000000161b89e4600000000c2713d8e00000001a3085cf600000001ffff56361
0000080000000000ac7f53800000000018ffe70000000000ac7f53800000001fffeff005
000008200000001013efec000000000837d7c820000000103aafc5400000001fffef5200
000008400000000b8f5470a0000000004e9fb16000000003cd3c32c00000001ffffbe661
000008600000001c7a4385a000000008f4b70b400000001d5d02a2e00000001fffe24d81
000008800000000012ffed000000000fa5d05a2000000007a83857c00000001ffff7d300
000008000000001f4720b8c00000000e9e5161a00000001f4720b8c00000001fffe0b8c1
0000082000000000295fd6a0000000082297dd60000000003bffc4000000001fffef7881
00000840000000080a57f5a00000001034afcb40000000102d2fd2c00000001fffef7561
000008600000001fb2a04d4000000017f5480aa00000000f97f068000000001fffe00ae3
00000880000000094556baa0000000004a9fb560000000017efe81000000001fffee3921
000008000000001fba6045800000001fa4c05b200000001fba6045800000001fffe04581
0000082000000017e3281cc000000010264fd9a000000017e3281cc00000001fffefefe5
0000084000000015494ab6a000000000429fbd6000000015494ab6a00000001ffffff005
00000860000000101a6fe5800000000fa4d05b2000000017ada852400000001fffe7ba00
0000088000000017e3281cc0000000165669a980000000062919d6e00000001fffe94200
000008000000000849f7b6000000001023cfdc20000000105cefa3000000001fffff4580
000008200000001a6f659080000000002edfd120000000128e2d71c00000001fffecf700
00000840000000104b0fb4e000000007f63809c0000000102f8fd0600000001fffff7b21
000008600000000838b7c74000000010116fee800000001039efc6000000001fffff5480
000008800000001f65a09a40000000001b7fe480000000176f2890c00000001ffff81100
00000800000000183dc7c220000000162b89d460000000065819a7e00000001ffff95961
0000082000000007fe3801c0000000101c6fe38000000007fe3801c00000001fffffefe5
0000084000000015b1ca4e2000000000439fbc6000000015b1ca4e200000001ffffff005
00000860000000181e67e1800000001b8ce473000000000b9b1464e00000001ffff3e800
000008800000000fc3903c600000001ff72008c00000000fc3903c600000001ffff03c61
00000800000000183ca7c34000000010294fd6a00000000054bfab400000001fffff0e00
0000082000000017e5281ac00000001cea4315a00000000cbd9342600000001ffff2e301
0000084000000000491fb6e000000007f2380dc0000000002a1fd5e00000001fffff8381
000008600000000ff8b00740000000180167fe800000000ff8b007400000001ffff01501
000008800000000fb5f04a000000001fbbe044000000000fb5f04a000000001ffff04a01
00000800000000191f86e060000000022f3dd0c0000000133e4cc1a00000001fffec6ee0
000008200000000ffcf003000000001ff9e006000000000ffcf003000000001ffff00303
0000084000000015f7ca0820000000004f9fb06000000015f7ca08200000001ffffff005
000008600000001fee4011a0000000182c87d3600000001fee4011a00000001fffe01701
0000088000000000421fbde000000007f4380bc000000000269fd9600000001fffef8101
000008000000000840d7bf200000001f91a06e400000001fc2203dc00000001fffe00143
000008200000000836b7c9400000001c8d6372800000001cb2c34d200000001ffff2c200
000008400000000015ffea00000000084bf7b400000000004f9fb0600000001fffff4000
000008600000000faf9050600000001fef0010e00000000faf9050600000001ffff05061
000008800000001fac4053a00000001838a7c7400000000fd3f02c000000001fffe00103
000008000000000012ffed000000000fb5f04a0000000007b87847800000001fffe7c000
000008200000001fa7c058200000001fbfa040400000001fa7c058200000001fffe05821
000008400000001c5e83a160000000004d1fb2e0000000149b6b64800000001fffea9800
0000086000000012f42d0bc000000005f85a07a000000010dbcf24200000001ffffec721
0000088000000000117fee800000000fa2d05d2000000007a4785b800000001fffe7f0a0
00000800000000101b6fe4800000000846d7b920000000104f8fb0600000001fffef51e0
000008200000000fdb3024c00000001fa64059a00000000fdb3024c00000001ffff024c1
000008400000001ff92006c0000000180247fda00000001ff92006c00000001fffe01321
000008600000000b693496c000000000225fdda0000000037abc85400000001ffffc1820
0000088000000010294fd6a00000000fb2b04d4000000017cbe834000000001ffff7e5c1
000008000000001fdaa025400000001fe5401aa00000001fdaa025400000001fffe02541
0000082000000010254fdaa0000000082a97d560000000103eefc1000000001fffff7901
00000840000000095a56a5a000000002a4bd5b4000000003ed3c12c00000001ffffbb581
00000860000000082297dd6000000010450fbae00000001057afa8400000001fffff4ae1
0000088000000017f4280bc000000010284fd7a000000017f4280bc00000001fffeff005
0000080000000017f1480ea000000014a28b5d6000000004831b7ce00000001ffffb2861
0000082000000007ea1815e000000015042afbc000000014ddab22400000001ffffad701
00000840000000082097df60000000185107aee00000001861479ea00000001fffe73681
0000086000000007e4181be000000010382fc7c000000007e4181be00000001fffffefe5
000008800000001020cfdf200000000821b7de4000000010320fcde00000001fffef6d01
000008000000000846d7b920000000104d8fb2600000001083cf7c200000001fffff2761
0000082000000014162be9c0000000002c5fd3a000000014162be9c00000001fffffefe5
0000084000000010410fbee000000007e2181de00000001013efec000000001fffff9a81
0000086000000006c87937800000000d80f27f000000000c3913c6e00000001ffff34c00
00000880000000081397ec6000000010372fc8c0000000103a8fc5600000001fffff7241
00000800000000110ceef3000000000219dde620000000110ceef3000000001ffffff005
0000082000000000177fe88000000007cef8310000000000177fe8800000001fffefefe5
00000840000000039b9c6460000000073738c8c000000002c0dd3f200000001fffecd920
00000860000000004c9fb3600000000fe91016e0000000082497db600000001fffe774e1
0000088000000010146feb800000000fa8d0572000000017ac4853a00000001ffff7efc0
000008000000001b93246cc0000000072658d9a00000001aa8a557400000001fffe4ed20
0000082000000007f95806a0000000191286ed6000000018fbe704000000001ffff6b881
00000840000000046a7b95800000000024dfdb20000000046a7b95800000001fffefefe5
000008600000001fe3001ce000000017f62809c00000000fc87037800000001ffff00103
000008800000000038bfc7400000000fc1503ea000000007e9f816000000001fffe7b021
00000800000000180567fa80000000102acfd520000000001edfe1200000001fffef87a0
000008200000001fdb60248000000017c6e839000000000f8fd070200000001ffff00700
00000840000000003bbfc440000000080777f8800000000030ffcf000000001fffef1000
00000860000000056dfa9200000000001bffe400000000056dfa92000000001fffeff005
00000880000000183fc7c02000000016ef891060000000071f98e0600000001fffe87060
0000080000000007fe3801c0000000102c4fd3a0000000101a4fe5a00000001fffff72c0
000008200000001df1220ec000000000225fdda00000001603e9fc000000001ffff99de1
0000084000000017d90826e00000001f82207dc00000000f4a30b5c00000001ffff05f01
000008600000000028dfd7200000000821b7de40000000003abfc5400000001fffef73a1
000008800000000846d7b920000000103dafc2400000001073ef8c000000001fffff3521
000008000000001836a7c940000000102d4fd2a00000000052ffad000000001fffef4920
000008200000001fc5003ae000000017ea0815e00000000f9d5062a00000001ffff00803
000008400000000fa81057e00000001fe0001fe00000000fa81057e00000001ffff05801
000008600000001fc0003fe00000001fd0202fc00000001fc0003fe00000001fffe04001
000008800000001500caff200000000a01b5fe4000000016f2090de00000001fffe8ad01
000008000000000846d7b9200000001ffd8002600000000846d7b9200000001ffff7b921
00000820000000081677e980000000103cefc3000000001041afbe400000001fffff2000
000008400000000013ffec000000000fe7d0182000000007ea9815600000001ffff7b100
00000860000000104f0fb0e00000000fce1031e0000000180de7f2000000001ffff7ab41
0000088000000010186fe7800000000840d7bf2000000010494fb6a00000001fffff4dc0
0000080000000007d3182ce000000017c62839c000000017886877800000001fffe81101
000008200000000f08b0f7400000000e1151eea00000000f08b0f7400000001ffff0f721
000008400000000865779a8000000000caff3500000000011e9ee1600000001fffee4000
00000860000000002bdfd4200000000ff7b00840000000002bdfd4200000001fffffd401
00000880000000101eefe1000000000fbdf0420000000017ccc833200000001fffe00000
000008000000001577ca8820000000003fbfc0400000001577ca88200000001ffffff005
000008200000001fbea041400000001fcd4032a00000001fbea041400000001fffe04141
00000840000000180567fa800000001dfac205200000000deef211000000001fffe1bfa0
0000086000000007db3824c000000000167fe98000000007db3824c00000001fffeff005
000008800000001839c7c6200000001d5382ac600000000d7cb283400000001fffe227a1
00000800000000001e7fe18000000007ccf83300000000001e7fe1800000001fffeff005
00000820000000081397ec6000000010470fb8e000000010492fb6c00000001fffef6621
000008400000001fbc6043800000001fc8c037200000001fbc6043800000001fffe04381
0000086000000010430fbce00000000fd63029c0000000180867f7800000001fffe79101
000008800000001fa88057600000001fb1204ec00000001fa88057600000001fffe05761
000008000000001024cfdb20000000081997e660000000102defd2000000001fffff8ee1
0000082000000007f63809c0000000102c4fd3a000000010102fefc00000001fffef7540
00000840000000180167fe800000001132eecd0000000001245edba00000001fffee3000
000008600000000fbbf044000000001fb7e048000000000fbbf044000000001ffff04401
00000880000000162f89d060000000003f3fc0c0000000162f89d0600000001ffffff005
000008000000001fcc80336000000017d90826e00000000f94906b600000001fffe00a63
000008200000000bf4740b800000000018ffe70000000003fc1c03e00000001ffffb8c00
000008400000001823a7dc400000001f2760d8800000000f3a70c5800000001fffe05080
00000860000000004d9fb26000000007db1824e00000000018dfe7200000001fffef9b41
00000880000000002c5fd3a00000000fb8b0474000000007d3f82c000000001fffe7d0a1
0000080000000013b2ec4d000000000765f89a0000000013084cf7a00000001fffec7000
00000820000000081797e860000000103f2fc0c00000001046cfb9200000001fffff5920
000008400000001fcc8033600000001fe90016e00000001fcc8033600000001fffe03361
000008600000001ff4200bc0000000180847f7a00000001ff4200bc00000001fffe01d21
0000088000000000411fbee000000007e2181de00000000013dfec200000001fffef9661
000008000000000c881377e000000000303fcfc000000004a8fb57000000001fffeb0601
000008200000001fb0a04f40000000180167fe800000000fa2305dc00000001fffe00083
000008400000000fb5f04a00000000183bc7c4200000001fdfc020200000001ffff00083
00000860000000081f17e0e0000000003e3fc1c0000000004ddfb2200000001fffef6321
000008800000001018efe7000000000fa1d05e2000000017aa2855c00000001fffe7d900
000008000000001fe70018e000000017fe2801c00000000fd4f02b000000001fffe00143
000008200000000028dfd720000000081197ee60000000002adfd5200000001fffef8a61
0000084000000008e677198000000001ccfe330000000002a19d5e600000001ffffcd800
00000860000000081397ec600000001e3701c8e00000001e3921c6c00000001fffe17641
0000088000000008cc7733800000000198de67200000000253bdac400000001ffffd2100
0000080000000000333fccc0000000080657f9a00000000028bfd7400000001fffff6d20
000008200000000fa95056a00000001fb2a04d400000000fa95056a00000001ffff056a1
00000840000000184ac7b52000000018c5a73a4000000008fe1701e00000001ffff6b181
000008600000000036bfc9400000000fad5052a000000007d2f82d000000001fffe7c920
0000088000000017e5281ac000000012ba4d45a0000000028d9d72600000001ffffd1321
0000080000000000393fc6c00000000fe2501da0000000080a97f5600000001ffff79401
0000082000000016a92956c000000000225fdda000000016a92956c00000001fffffefe5
000008400000001fd92026c0000000180247fda00000000fcab035400000001ffff000e3
00000860000000092956d6a000000000429fbd60000000015bdea4200000001fffee54a1
0000088000000017ea0815e000000012440dbbe0000000021c3de3c00000001ffffd9641
00000800000000080057ffa00000001030afcf4000000010218fde600000001fffff8041
000008200000001012efed000000000fb5f04a0000000017b86847800000001ffff7c000
000008400000001027cfd820000000081f97e06000000010378fc8600000001fffff6441
00000860000000081e77e18000000010bccf432000000010cb4f34a00000001ffffed2c0
0000088000000007f3580ca000000015f6aa094000000015d9ea26000000001ffff9d2c1
00000800000000084ad7b5200000001f95806a600000001fce6031800000001fffe00063
0000082000000007f63809c00000001cdc4323a00000001cc0233fc00000001fffe2c540
00000840000000080177fe800000001012efed00000000080177fe800000001ffffff005
000008600000001acbc5342000000005879a78600000001841a7be400000001ffff75a21
00000880000000062e19d1e0000000003c3fc3c0000000062e19d1e00000001fffeff005
0000090000000003e18fcf400000001da6305ea00000001c2ae83d800000001c2af7da01
000009200000001df7804ac00000001dcae045800000001df7e04ac00000000fefe04ac5
000009400000001b44e1e60000000003ac3fdc200000001b9029d3200000001b90596b01
000009600000001c9f8810c0000000039a2fd1a00000001c9fe810c00000001c9feff005
000009800000000346efe6800000001c68f02d000000001c4d8824400000001c4d97b201
00000900000000048d4614600000000c3f5c38e000000015a14a5f6000000008dcb9f341
00000920000000031237f3a000000002014fb760000000022d4fbc60000000022d5f52e1
000009400000001c2a203da00000001c31403b600000001c2a403da00000000fefe03da5
000009600000000d2b447de00000001f7398ebc000000009394579600000001feff52105
0000098000000003a03fdf2000000003a597de4000000003eb9fcdc000000003eb9f6501
0000090000000003f997c9400000001116eb728000000011e8eb4d0000000011e8fad901
000009200000001df5904a400000001c4ee024800000001df5f04a400000000feff04a45
0000094000000003d427c220000000058d8e544000000004455e266000000004454dd201
00000960000000021837b12000000002154fb26000000001118f73400000000111bf1aa1
000009800000001cbb4019e00000001c934813e00000001ddf5040e00000000ff0100667
000009000000001463522fe000000003e39fcfc000000014e03a0f2000000014e029b001
000009200000001820213f2000000003e59fce4000000018ab491de000000018ab48bce1
000009400000001b38e9f9000000001314f3f2000000000b2ce5fc000000000b2cf58001
00000960000000023d5fb8600000001c1f5030e0000000033997f940000000166c879d61
0000098000000003d38fc3c00000000342f7e78000000002282fbd2000000002282f3e01
000009000000001c25503e600000001caf881cc00000001d73806bc00000000ff0000ec7
000009200000001c103033200000001c054036600000001c105033200000000feff03325
00000940000000023b4fb9e00000001c135033e00000001cdf4800e00000001cdf67b9a1
0000096000000005638e6fc00000000fe2fccf800000000563ee6fc00000000d573fefe5
000009800000001025933e40000000052ef67c800000001bf791cac00000001bf7815881
0000090000000002155fb2600000001c4f9024c0000000034157e7600000001674e78d21
0000092000000003d18fc3400000001d863056a00000001c71482b600000001c7147b3c1
000009400000001c76e02a80000000020827b5200000001c76802a800000001c76a02ca1
00000960000000154f9264c00000000fba34d9a0000000154ff264c00000001d19b264a1
000009800000001cc79006c0000000032a27fda00000001cc7f006c00000001cc7f01341
000009000000000346ffe6800000001c28303d200000001c0c3834200000001c0c27d6a1
000009200000000f8ee4d4800000001a38f9b900000000065c26a0200000001fefe62c05
00000940000000078d56d4600000000a7f9da8c00000000ee0fc8f000000000ee0ec3081
000009600000001cd0f0030000000003c427c6200000001cd09003000000001cd0900383
000009800000001dbe3058a000000003d987c1400000001c74e02a000000001c74f00123
0000090000000003883fd52000000003b597da4000000003db5fc1e000000003db5f7181
0000092000000003f997c9400000000356efe2800000000228efbd000000000228ff4901
0000094000000003b587da4000000019ce2144a0000000181e3130a0000000181e40d2c1
000009600000000316f7f28000000015882a552000000015bcea580000000015bcf9fb41
000009800000001c8f9814c000000003ba2fd9a00000001c8ff814c00000001c8ffff005
000009000000001c474826e000000003eb8fcdc00000001c472826e00000001c472ff005
000009200000001d8020572000000003a587de400000001dc95045600000001dc94003e3
0000094000000002395fb9600000001cd79002c000000002393fb9600000001722bfb961
00000960000000023027bb2000000002054fb66000000002d43f822000000002d44f3b01
0000098000000003ba2fd9a00000001d915053600000001c23883fc00000001c2387e701
0000090000000003aa2fdda000000003b157db6000000003faefc98000000003faef5401
000009200000001ceaf00d80000000023027bb200000001cea900d800000001cea900ee3
00000940000000032ef7fc800000000378efe900000000032e97fc80000000032e9ff005
0000096000000003cc27c420000000117d8b684000000010243b3e2000000010242ad821
00000980000000039957d16000000010578b22c000000010cf4b04e000000010cf4ab081
0000090000000003f19fcb400000001c863016a0000000031037f3200000001888478221
0000092000000003f78fcac0000000034af7e58000000003db4fc1e000000003db5f4901
000009400000000344ffe6000000001cecf00c0000000003449fe6000000001842ffe601
00000960000000119ceb5000000000035cffe000000000119c8b5000000000119c9fefe5
0000098000000017dc2ac020000000021d5fb06000000017dc4ac02000000017dc5ff005
0000090000000004db4601e000000002135fb3e00000000bc78dc6c00000000bc78d7181
000009200000001ce3880fc00000000362efef800000001ce3e80fc00000001ce3efefe5
000009400000001ce4e00e000000001c6ce02c000000001ce4800e000000000fefe00e07
0000096000000003dd8fc0400000001cde3800a0000000039e2fd0a000000018cbdf70a1
0000098000000003963fd2a000000003c997c540000000027c3fa820000000027c2f53a1
000009000000001c08f835000000000cb42c1a200000000d598c61400000001ff00beb05
000009200000001dbf5058e00000001ddb8041c00000001dbf3058e00000000feff058e5
000009400000001c002037200000001ce5800e400000001c004037200000000fefe03725
000009600000001c382039200000001c154032600000001c384039200000000ff0003945
000009800000001f7a28e9a00000001bd151c360000000162342bfe00000000ff0026b05
00000900000000006b972dc000000005f2fe4b800000000afafd89800000000afaed0101
000009200000001da4305e200000001dad405c600000001da4505e200000000feff05e25
000009400000001c1a2031a0000000039147d3600000001c8a3015a00000001c8a500063
000009600000001cab581de000000003f38fcbc00000001cab381de00000001cab3fefe5
0000098000000003e18fcf400000001de6f04e800000001c6b482de00000001c6b47a701
00000900000000037547ea60000000110f4374e0000000111b9371c0000000111b932161
0000092000000002135fb3e00000001c439027c0000000036837ed200000001667678821
0000094000000003e18fcf400000001da6305ea00000001c2a283da00000001c2a57d221
0000096000000015362a7aa000000003c99fc54000000015364a7aa000000015365fefe5
00000980000000134983e54000000003b6f7da80000000139ae3d180000000139af35901
000009000000001c74f02a000000001dcce044000000001c74902a000000000ff0102a05
00000920000000165c2aa020000000021d5fb060000000165c4aa020000000165c5fefe5
0000094000000009db8541c000000016d2fa8380000000038a27d5a000000018c0572001
000009600000000364ffee00000000022cf7bc0000000002355fba6000000002357f4001
000009800000001ddd904040000000031ee7f0800000001ddf4040e00000001ddf400103
000009000000001bd551c26000000012cf9384c00000001bd531c2600000001bd531c261
000009200000000350ffe30000000003c437c6200000000234ffba000000000234ef5181
000009400000001cfe3808a000000003d98fc14000000003b42fda2000000018e83f7b21
0000096000000003c98fc5400000000336f7fa80000000039aefd180000000039b1f5901
000009800000001c34303a200000001ccd8004400000001c34503a200000000ff0103a25
000009000000001c994011600000001dd78042c00000001c992011600000000ff0001165
0000092000000009f1854b4000000016c63a86a00000000350e7e30000000018c8378101
000009400000001c36303aa00000001c094035600000001c36503aa00000000feff03ac5
000009600000001d8a2055a000000003b147db600000001dd6f042800000001dd6f00003
000009800000001c6b902dc0000000033227fba00000001c3b8039c00000001c3b800043
0000090000000002275fbee00000001dab505de00000001c6c382c200000001c6c27d661
000009200000001cc38807c00000000362efef800000001cc3e807c00000001cc3efefe5
000009400000000364efee0000000003ec37cc2000000003f4efca0000000003f4ff6781
000009600000001cdef000800000001c182031200000001cde9000800000000ff0100087
00000980000000038e2fd4a000000003f997c940000000021f4fb0e0000000021f4f6341
0000090000000002095fb5600000001cb7981ac000000003595fe16000000016d28f8f81
0000092000000003f197cb400000000346efe68000000003d0efc30000000003d0ff5481
000009400000000e7544aa60000000020f5fb4e00000000d1b4c71e00000000d1b4c2561
0000096000000009522563a000000017815ad7600000001ded884c400000001ded97eae1
000009800000001cab581de000000006b3469be000000007f746cae00000001b70667b41
0000090000000015235a7fe00000000f6354efe00000000120f77f000000001c97272801
000009200000001ce2f00f800000001c60e02f000000001ce2900f800000000feff00f87
0000094000000003ec27cc2000000003fd8fc840000000024b5fa5e0000000024b5f5201
00000960000000039947d16000000003d78fc2c0000000024f5fa4e0000000024f7f5061
0000098000000002314fbb600000001c475826e000000002312fbb6000000016893ff005
0000090000000003b23fdba0000000038157d76000000003cf5fc4e000000003cf5f7641
000009200000001c6af02d800000001c30e83b000000001d3f8078c00000000feff00905
00000940000000112d9b7c4000000003be3fd8a0000000112dfb7c40000000112e0fefe5
0000096000000012174bb2e0000000014b9765c000000010782b292000000010783ad101
000009800000000ac03d872000000010a55b1e600000000ac05d87200000000ac04ff005
000009000000000dbb9c59c000000003923fd3a00000000dbbfc59c00000000dbbeff005
000009200000001c26203ea00000001ce9800d400000001c26403ea00000000fefe03ea5
000009400000000348efe50000000003f437ca2000000003d98fc14000000003d98f4b01
0000096000000003ff9fc8c0000000035af7e18000000002303fbb2000000002305f2c01
0000098000000006459ea640000000036effec800000000645fea6400000000645eff005
000009000000000894e51200000000038c3fd4200000000f074cf6e00000000f074c8e01
000009200000001cdee00080000000021827b1200000001cde8000800000001cde800083
00000940000000030ef7f4800000000ef82c89200000000e9d8c90400000000e9d8c23c1
00000960000000034effe4800000001cf8f00900000000034e9fe48000000018581fe461
000009800000001e8d409460000000187f9128c00000001e8d2094600000000f1cc09461
00000900000000039157d36000000002074fb6e000000002b14f9b6000000002b15f34c1
0000092000000003b22fdba00000001c815017600000001ccf8804c00000001ccf87b241
000009400000001ceb880dc00000001fb228dba00000001f3b58f9e00000000feff888a5
000009600000001c66f02e80000000022827bd200000001c66902e800000001c669030e1
000009800000001c0e3034a00000001c798029400000001c0e5034a00000000ff01034a5
000009000000001c08e835000000000374efea000000001c088835000000001c088ff005
00000920000000023ce7b800000000039c2fd02000000002bd9f984000000002bd9f1001
000009400000001c9f8810c0000000035aefe1800000001c9fe810c00000001ca00fefe5
000009600000001c45802640000000032ee7fc800000001c135033e00000001c13500023
0000098000000003d59fc240000000030ef7f48000000003c15fc76000000003c14f1001
000009000000001fd4f0c200000000038c3fd4200000001e4798a6c00000001e47982c01
0000092000000005df4640e00000000e9b5c91e000000017542ae2200000000c8a9a9741
000009400000001c835817e000000002234fbfe00000000340efe70000000016b75f9921
000009600000000362e7ef800000000360efef0000000003663feea000000003665f6c01
00000980000000022d4fbc600000001cff9008c0000000022d2fbc60000000173ccfbc61
000009000000001c902013200000001c054036600000001c904013200000000ff0001325
00000920000000037ae7e9800000000090ef130000000000e59f0e4000000000e58e7001
000009400000001cac301c2000000003bd87d8400000001cac501c200000001cac702381
000009600000001c18303120000000035547e2600000001c518023400000001c519000c3
000009800000001cbb5019e00000001c538023c00000001cbb3019e00000000ff01019e5
000009000000001c20e83f000000001de4e84e000000001ea8f89d000000000ff0081005
00000920000000183cf13800000000151cf27000000000183c913800000000183c7137e1
000009400000001b5d99e040000000039e3fd0a00000001b5df9e0400000001b5e0fefe5
000009600000001d974052e00000001ccb8805c00000001d78f069000000000ff0001525
0000098000000002015fb7600000001de7904ec00000001c875816e00000001c8757ba81
000009000000001db0e05b0000000003843fd6200000001dd78842c00000001dd787c501
000009200000001cff8008c00000001c5ae021800000001cffe008c00000000fefe008c7
000009400000000344efe6000000001cecf00c0000000003448fe6000000001842efe5e1
00000960000000109d4b1060000000041f9630c0000000199a2951a0000000199a28fee1
000009800000000350ffe3000000001c843016200000001cf4380a200000001cf4279301
000009000000001cbf4018e00000001d9b4051e00000001cbf2018e00000000ff00018e5
000009200000001cc2e00780000000022027bf200000001cc28007800000001cc2800863
000009400000001caf981cc0000000043ae6398000000005478666c000000018fa95f481
0000096000000002055fb6600000001c6f582ce000000002053fb6600000001684cff005
0000098000000003d39fc3c00000001cc2f0078000000003d3ffc3c000000018a71fc3c1
0000090000000003a587de400000001aaee99c800000001af7598ae00000001af7490101
000009200000001c943012200000001dcd8044400000001c945012200000000feff01225
000009400000001d98205120000000039587d2400000001c10f033000000001c11000223
000009600000000378ffe9000000001c943012200000001cec380c200000001cec279901
000009800000001c7f4828e00000000ddb8441c00000000d30347b200000001ff0041e25
00000900000000184151276000000003e79fcec000000018c79906c000000018c798a281
0000092000000003b147db6000000014078236c000000014539223c0000000145391c261
000009400000001c31503b600000001c474826e00000001d118073400000000feff01485
000009600000000172376ba000000007815ed760000000058f9e54c0000000058fbe0241
000009800000001dab505de00000001cf3880bc00000001d398079400000000ff0102505
000009000000001c21503f600000001ca7401ee00000001c21303f600000000ff0103f65
0000092000000002334fbbe00000001d835057e00000001c4c2824200000001c4c37d581
0000094000000002234fbfe00000001c23503fe00000001ce0280f200000001ce057b421
000009600000001ca3481fe000000007234effe00000000060ff2f000000001bd72ed821
0000098000000003a23fdfa000000003a157df6000000003e39fcfc000000003e39f77c1
0000090000000003aa3fdda000000003b157db6000000003faffc98000000003faff5401
00000920000000036affed800000001c30f83b00000000036a9fed8000000017ac4fefe5
00000940000000022d9fbc4000000003be3fd8a0000000022dffbc40000000022defefe5
000009600000000a178db2c0000000114afb65800000000a17edb2c00000000a17ffefe5
000009800000000344ffe600000000022cf7bc0000000002119fb3400000000211800001
000009000000000d9c3c50200000001e1d58b060000000089d9d10400000001ff00cb045
0000092000000017daf2c1800000000ad0f583000000001d8f9054c00000001d8f800081
0000094000000004ec360c200000000cfd5c0860000000144a3a25a000000009f9b9b9e1
000009600000001c1af0318000000003903fd3200000001c8e3814a00000001c8e27b2c1
000009800000001aee218ca000000002395fb9600000001985495660000000198558f4c1
000009000000000c0a2c35a000000002315fbb600000000c0a4c35a00000000c0a5ff005
000009200000001c2b403de00000001cf3880bc00000001db99059400000000fefe00a87
0000094000000003a157df600000001967896ec000000019a6295ea000000019a648fe61
000009600000001cb0301b200000001dc58046400000001cb0501b200000000ff0101b25
000009800000001db94059600000001c974012e00000001db92059600000000ff0005965
0000090000000001738f6bc000000003823fd7a00000000173ef6bc00000000173fff005
000009200000001ca7401ee00000001dab405de00000001ca7201ee00000000fefe01ee5
0000094000000019038977c00000000362ffef800000001903e977c000000019041ff005
000009600000000224e7be0000000003ac2fdc2000000002743faa2000000002744f3f01
00000980000000071f8ef0c0000000035affe180000000071feef0c0000000071ffff005
0000090000000003c587c64000000002eeff8c8000000001534f63e000000001534ede01
0000092000000002155fb2600000001c8f9814c000000003815fd76000000016b4ef7d21
0000094000000003d19fc3400000001dc6f046800000001cb0f81b000000001cb1079201
0000096000000003b42fda20000000038d97d44000000003dc2fc02000000003dc5f6a01
0000098000000015599261400000000f96f4d2800000001559f261400000001d02526141
0000090000000003b597da4000000006cee68480000000051f4670e0000000051f45ee01
0000092000000014555a22600000000d8f5454e000000006c0f6870000000019f4c63f21
000009400000001c539023c00000001cc2e007800000001c53f023c00000000feff023e5
0000096000000003e427ce200000000ead849c400000000d34347a200000000d34441e21
000009800000001c995011600000001c574822e00000001dce2044a00000000ff0000107
000009000000001c32303ba0000000038147d7600000001c4f4024e00000001c4f400163
00000920000000036affed80000000023037bb2000000002399fb94000000002399f4f41
000009400000001deef04c800000001c382039200000001dee904c800000000feff04ca5
00000960000000020f4fb4e00000001cbb5819e0000000035c2fe02000000016da9f9821
000009800000001cc2f00780000000022027bf200000001cc29007800000001cc2900863
000009000000001c6f902cc0000000033a27f9a00000001c014037600000001c01400163
000009200000000f0754f6e00000001b6b99edc0000000070b56f5e00000001feff6a365
000009400000001cc19007400000001c26203ea00000001cc1f007400000000feff00767
0000096000000003b62fdaa0000000038957d56000000003d8efc10000000003d91f7901
00000980000000074a36e5a000000003f19fcb4000000007d79ec2c000000007d79e6581
0000090000000001a9475d6000000002375fbae0000000007d4f2860000000007d5ec2e1
000009200000000372e7eb800000000340efe70000000003535fe3e000000003535f6c01
00000940000000036d47ec6000000011bf8b58c000000011895b556000000011896b0241
000009600000000910fd73000000000344ffe60000000009109d73000000000910aff005
00000980000000037d47e860000000009f8710c000000000f8f7090000000000f8e6b0a1
00000900000000021037b3200000001fc548c6600000001ef5888a400000001ef5982fc1
00000920000000023b5fb9e00000001cd39803c000000003e15fcf6000000017208f7201
00000940000000022037bf2000000002254fbe6000000002e94f8d6000000002e95f15c1
00000960000000103b4339e000000003d39fc3c000000010e14b0f6000000010e15ab201
000009800000000360efef0000000003e437ce2000000003e94fcd6000000003e94f5881
00000900000000003e3f38a000000003d99fc140000000003e5f38a0000000003e4ff005
000009200000001dc8e0450000000003f427ca200000001c599021400000001c59900023
0000094000000003ff9fc8c00000001c1a3031a00000001cf0380b200000001cf04791c1
000009600000001c874016e00000001cab481de00000001dcaf045800000000ff0100127
0000098000000003823fd7a00000001c21503f600000001c435827e00000001c4357d6c1
000009000000001faae8dd800000001a3031bb20000000167982a9400000000ff0023f45
00000920000000036effec800000001c383039200000001c04f836000000001c04e7d821
00000940000000020f87b4c0000000017aff6980000000001e2f30a0000000001e2eb701
0000096000000003c59fc6400000001deef04c800000001c539823c00000001c5387a101
0000098000000003d427c220000000020d4fb46000000002c35f87e000000002c35f3961
0000090000000003db8fc1c00000001dd2f043800000001c8a2815a00000001c8a376001
000009200000000224e7be000000000eec2c8c200000000db4fc5a000000000db4ebf781
00000940000000031ef7f0800000000d182471200000000d1b4471e00000000d1b440b81
000009600000001bcef1c48000000003b83fd9200000001a1d59b0600000001a1d5951e1
00000980000000048f8e14c000000003ba3fd9a0000000048fee14c0000000048ffff005
000009000000001cc62806a000000002294fbd60000000038cffd40000000017018f88a1
00000920000000034ae7e5800000001830293b200000001815593260000000181558c341
000009400000001dae305ca000000003f987c9400000001c042036200000001c045001e3
000009600000001c895015600000001c37403ae00000001c893015600000000ff0101565
000009800000000ab3859bc000000010423b27a00000001f8ce8d4000000001f8cf87f41
000009000000001ca7501ee00000001dab405de00000001ca7301ee00000000ff0101ee5
000009200000001c834817e000000003e38fcfc00000001c832817e00000001c832fefe5
00000940000000022027bf2000000003e58fce4000000002ab5f9de000000002ab5f3d01
00000960000000023827b9200000000b154df2600000000a2c3dbc200000000a2c4d6761
000009800000001cbb5819e000000003d38fc3c000000003618fef4000000018a0bf9621
0000090000000000614f2f6000000002275fbee000000000612f2f6000000000613ff005
00000920000000033227fba000000002014fb76000000003cf9fc4c000000003cf9f7241
0000094000000003eb8fcdc00000000372f7eb8000000003faefc98000000003faff4101
0000096000000001243f7e20000000076d5eec6000000001245f7e2000000001246ff005
000009800000001c9b5811e000000001138773c000000002862796a000000015c0a74201
000000000000001dc7bb8f40000000101f771ea0000000000000000000000005f7560b01
000000200000001fcddc7ac0000000101bb8f5a000000017f9dea0c0000000168b6ae620
000000400000000feee3d680000000101dc7ad2000000007eb8f5a6000000018194d4f21
000000600000000f571eb4c0000000101e3d69a000000000000000000000001785d92841
000000800000001fe8f5a6000000001011eb4c20000000180bf40f400000001694901a00
000000000000001697ad30a0000000116f5a6160000000181eb4c2c0000000181eb4c2c1
0000002000000004cd6985a0000000132ad30b600000000000000000000000100c53db63
00000040000000102b4c2d0000000007d6985a2000000000134655e00000000000000023
0000006000000000ba6168800000001764c2d12000000012d985a20000000012d985a201
000000800000001fd30b44200000001016168860000000000000000000000007fa4a4f81
0000000000000017c85a21400000000060b442a000000000396c7c800000001000000083
0000002000000017c2d10a200000000045a21460000000102b4428800000001033fe52a1
0000004000000007b6885120000000005d10a26000000000000000000000000024774001
0000006000000010144289200000000808851260000000002f0c4ec00000000000000183
0000008000000007f21449a0000000001428936000000018285126e000000018285126e1
000000000000000120a24de00000001701449be000000000000000000000001031f3c6a1
000000200000000fd5126f20000000101a24de6000000008013741e000000006aa787121
0000004000000007b8937920000000006126f26000000010224de4c00000000010153ce1
0000006000000000449bc98000000007e9379320000000000000000000000000403d8001
000000800000000fc4de4cc00000001019bc99a000000007f0c8aa0000000016840f3ae0
000000000000001036f2666000000007cde4cce000000007ebc9998000000007ebc99981
000000200000000fe7933300000000101f26662000000000000000000000001816f2e361
000000400000000fbc9998e000000010193331e000000007e685c0200000001695c148c1
000000600000000664ccc7c000000011a9998fa000000017b3331f2000000017b3331f21
000000800000000316663e40000000151ccc7ca000000000000000000000001044289981
000000000000001fd331f220000000101663e46000000017fadc834000000006a6217ea1
000000200000000fc98f914000000010131f22a000000007c63e454000000017e8fca8a1
000000400000000e4c7c8a800000001018f91520000000000000000000000016763b23e1
0000006000000007f3e454800000000027c8a920000000102d91b1e00000001000000003
00000080000000105f22a46000000007ae4548e0000000054c8a9180000000054c8a9181
000000000000001fd915232000000010122a4660000000000000000000000007fc7a0d61
0000002000000007b8a919200000000061523260000000102ab25a2000000000000001a3
00000040000000146548c98000000013ba9193200000001fd52326200000001fd5232621
00000060000000103a464c6000000007d48c98e000000000000000000000001020df60c1
0000008000000010023263c0000000080464c7a000000000023263c00000001003674263
000000000000000fb1931e600000001013263ce00000000fe64c79800000000fe64c7981
0000002000000017bc98f320000000006931e66000000000000000000000001036841601
0000004000000007e4c7998000000000498f3320000000104098ed600000001000000263
0000006000000000163ccce000000007dc7999e00000000998f333e00000000998f33401
000000800000001fc1e667c00000001013cccfa0000000000000000000000007e626bd21
000000000000000fcf333e40000000101e667ca000000007fda3f7200000001674fd6f40
000000200000000cf999f220000000101333e460000000105667c8e0000000151eb9d7a1
00000040000000004ccf91c000000007c99f23a000000000000000000000000027117141
000000600000001e467c8e00000000101cf91c2000000016745c092000000004f468ce00
000000800000001033e4702000000007d7c8e06000000008ef91c08000000008ef91c081
000000000000001fdf238120000000101e4702600000000000000000000000080d766221
000000200000000e091c09800000001012381320000000062c978ae00000000496794a00
0000004000000007e8e04c600000000011c098e000000010938131a000000010937364c1
00000060000000113702634000000016be04c6a00000000000000000000000000acad623
000000800000001048131ac000000007c02635a000000000184c98c00000001000000003
00000000000000102098d60000000007d131ac2000000007e263586000000007e2635861
000000200000000354c6b0c000000014b98d61a0000000000000000000000010209704e1
00000040000000102635864000000007cc6b0ca000000000263586400000000021473de1
000000600000000051ac32a000000007a35865600000000816b0cac00000000816b0cae1
000000800000000fed619580000000101ac32b2000000000000000000000001818927bc1
00000000000000065b0cac8000000011c61959200000000032ae23c00000001000000063
00000020000000002865640000000007c0cac8200000000ac19590000000000ac1959001
000000400000001fe32b200000000010165640200000000000000000000000080ac2a081
0000006000000018295900e00000000012b201e0000000004d9e22c00000000000000523
00000080000000101ac807a000000007d5900f60000000004b201e800000000049ff6121
000000000000000836403d00000000001c807a2000000000000000000000000063d18b41
00000020000000102201e880000000080403d120000000003686ae000000001000000163
0000004000000018000f44a000000000101e896000000018003d12a000000018003d12c1
000000600000000d107a25400000001010f44aa00000000000000000000000153175b8c1
0000008000000007f3d12a800000000027a25520000000102d45bc600000001000000023
00000000000000001e89546000000007fd12a8e0000000005a2551e0000000005d9d1a41
0000002000000000044aa3c000000008089547a00000000000000000000000000d2fffc3
0000004000000007b2551e000000000034aa3c2000000017b2551e0000000017b2551e01
000000600000001472a8f04000000013b551e0a0000000183aa3c100000000183aa3c0e1
000000800000000fd5478220000000101a8f046000000000000000000000001801a93441
0000000000000007ba3c112000000000647822600000001030c808c00000001000000283
000000200000000811e089e00000000013c113e000000017f78227a000000017f7822781
000000400000000fbf044f60000000101e089ee0000000000000000000000017ed1c6581
0000006000000017e8227b80000000004044f72000000000388a82a000000010000000c3
00000080000000003113dce000000007f227b9e000000007b44f73a000000007b44f73a1
000000000000001f789ee74000000010113dcea00000000000000000000000079a87f181
000000200000001004f73a4000000007e9ee74a00000000004f73a400000000000f113e3
000000400000000007b9d2c0000000080f73a5a00000000fdee74b200000000fdee74b21
00000060000000104dce964000000007ab9d2ca00000000000000000000000100cdc5ae3
000000800000000fbe74b2e0000000101ce965e000000007eb843fe00000000696017121
0000000000000002c3a597a000000015374b2f600000001b2e965ec00000001b2e965ec1
000000200000001fdd2cbda0000000101a597b600000000000000000000000080805eee1
0000004000000012f965ede000000014f2cbdbe000000002f965ede000000002f965ede1
00000060000000080b2f6fc000000000165edfa00000001edcbdbf400000001edcbdbf21
000000800000001fd97b7ea00000001012f6fd60000000000000000000000007fe344cc1
00000000000000101bdbf52000000007f7b7ea600000000024a6368000000000000000c3
0000002000000017bedfa920000000006dbf52600000001fbb7ea4e00000001fbb7ea4e1
000000400000001016fd49e0000000081dfa93e000000000000000000000001045899021
000000600000001837ea4f00000000001fd49e200000000067c9e3200000000000000403
00000080000000193f527860000000101ea4f0e000000017fd49e1a000000017fd49e1a1
0000000000000009ea93c36000000010152786e00000000000000000000000121191cc61
000000200000000f049e1b4000000010193c36a000000007304250c000000015c77e4220
000000400000001864f0da400000001019e1b4a00000001fc3c369400000001fc3c36941
0000006000000017f786d280000000002f0da52000000000000000000000001036d4a401
000000800000000fbc36946000000010186d28e000000007e5892dc000000006909c2f21
000000000000000fc1b4a3c000000010136947a000000007c6d28f4000000017df8cbec1
00000020000000028da51e8000000015ab4a3d2000000000000000000000001049481821
000000400000001fdd28f4a0000000101a51e9600000001807fbebe000000016b9235ec1
00000060000000005947a5e000000007d28f4be00000000f451e97a00000000f451e97c1
000000800000001fca3d2f4000000010147a5ea0000000000000000000000007f0ca9461
000000000000001fe1e97a000000001013d2f4200000001806316ac00000001699344600
00000020000000100f4bd080000000081e97a1200000000fdd2f42200000000fdd2f4201
0000004000000017da5e84400000000054bd08a00000000000000000000000104116d821
000000600000000002f4224000000007e5e844a00000001002f422400000001000ee7b63
000000800000001087a112a0000000177f4225600000001fce844ac00000001fce844ac1
0000000000000017fd0895a0000000001a112b6000000000000000000000001027a68d81
0000002000000007f844ada00000000010895b6000000010191504800000001000000023
0000004000000002b2256d8000000015644adb200000001ad895b6000000001ad895b621
000000600000001fd12b6c20000000101256d860000000000000000000000007f3ae0b41
0000008000000010395b612000000007d2b6c260000000001da870600000001000000063
0000000000000007cadb09400000000025b612a0000000100b6c254000000010024fdf83
000000200000000006d84a80000000082db0952000000000000000000000000039672401
000000400000001036c254a000000007cd84a9600000000014fe762000000010000000c3
00000060000000180612a5c0000000001c254ba000000017c84a974000000017c84a9741
000000800000000a90952e8000000010112a5d20000000000000000000000012b1ca6981
0000000000000004b4a97440000000137952e8a0000000004059eb000000001000000203
0000002000000005d54ba240000000125a9744a000000010152e8920000000104457ef81
00000040000000003a5d126000000007c4ba24e0000000000000000000000000111386c1
000000600000000fe2e893000000001015d126200000000809c86be0000000168e5e4600
000000800000000fe7449800000000101e8930200000000fbd1260600000000fbd126061
00000000000000182a24c0e000000000144981e000000000000000000000001050930681
0000002000000008112607e000000000124c0fe000000010339c4e200000000000000183
000000400000000819303f600000001012607ee00000001fe4c0fd800000001fe4c0fda1
00000060000000183981fb00000000001303f6200000000000000000000000105e50aac1
00000080000000000c0fd8c000000008081fb1a0000000100c0fd8c000000000184f7ac1
0000000000000010007ec60000000007f0fd8c200000000fb1fb18600000000fb1fb1861
000000200000001023f630c000000007e7ec61a00000000000000000000000101dd8cf21
000000400000001fcfb18640000000101f630ca000000017ff1613a000000006832ffba0
00000060000000001d8c32e000000007db1865e0000000004630cbc00000000047c11901
0000008000000007ec6197800000000048c32f2000000000000000000000000045f64e21
0000000000000016530cbce000000011961979e000000006530cbce000000006530cbce1
000000200000001fd865e7a00000001010cbcf600000000bc1979e800000000bc1979e81
000000400000001fe32f3d0000000010165e7a200000000000000000000000080ad23bc1
00000060000000082979e8e00000000012f3d1e0000000104e2d5f000000000000000563
00000080000000105bcf476000000007b79e8ee0000000005f3d1de0000000005cac4501
00000000000000081e7a3be0000000001cf477e00000000000000000000000004b93caa1
000000200000001033d1dfe000000007b7a3bfe00000000033d1dfe00000000031fd5741
00000040000000181e8effe0000000001d1dffe00000001dfa3bff800000001dfa3bffa1
000000600000001bf477ff200000001018effe600000000000000000000000041fe704a1
000000800000000813bff9e000000000177ff3e0000000103d01e88000000010000001e3
000000000000001fedffcf00000000101bff9e2000000017c7ff3c2000000008197f7f81
000000200000000fbffe7860000000101ffcf0e0000000000000000000000017effb6961
0000004000000007eff3c380000000004fe78720000000104fdb53a000000000000002c3
000000600000001fdf9e1ca0000000101f3c39600000000c3e7872c00000000c3e7872e1
00000080000000187cf0e5800000001019e1cb20000000000000000000000000a76868c1
000000000000001397872c40000000145f0e58a00000000397872c400000000397872c41
000000200000001cbc3962c0000000101872c5a000000012c0e58b4000000004e59044c1
000000400000001fe1cb16800000001013962d2000000000000000000000000805c82cc1
000000600000000c5e58b480000000101cb16920000000048b35dc200000001313e67c40
000000800000001fb2c5a4e000000010158b49e0000000002b1693c000000007d946d421
0000000000000000162d27a000000007dc5a4f6000000000000000000000000009d30c63
000000200000001491693d000000001362d27a200000000491693d000000000491693d01
00000040000000080b49e8a0000000001693d160000000182d27a2e0000000182d27a2e1
0000006000000007aa4f45c000000010749e8ba000000000000000000000001030f3e5c1
0000008000000000527a2ee000000007d4f45de0000000103832eec000000010000001e3
000000000000001833d177000000000017a2ee200000001fcf45dc400000001fcf45dc41
00000020000000180e8bb8a0000000001d1771600000000000000000000000103bc4ffe1
0000004000000008145dc5e00000000018bb8be0000000103f7b62000000000000000343
0000006000000007e2ee2f800000000035dc5f200000001c5bb8be200000001c5bb8be01
0000008000000018b7717c40000000101ee2f8a0000000000000000000000000e6a0ac21
000000000000000fcb8be2c0000000101717c5a000000007f3e101c0000000067c1ea440
00000020000000082c5f16e00000000018be2de000000018017c5bc000000018017c5ba1
000000400000000c52f8b7800000001015f16f200000000000000000000000147a04b701
0000006000000017c7c5bc20000000005f8b786000000000376f2a6000000010000000c3
000000800000001fce2de1c0000000101c5bc3a00000000058b7876000000007fabeb081
0000000000000008116f0ec00000000012de1da0000000000000000000000000348ef5c1
000000200000000c3b7876c00000001016f0eda00000000463b1a5600000000300f58c01
0000004000000011dbc3b6c00000001637876da0000000100f0edb000000000019c57d41
00000060000000002e1db60000000007dc3b6c200000000000000000000000001a91ebe1
000000800000001800edb0a00000000011db61600000000022e4a8a00000000000000123
0000000000000017c76d8540000000002edb0aa00000001b0db615400000001b0db61541
00000020000000161b6c2aa000000011d6d8556000000000000000000000000009c9e043
00000040000000003b61556000000007c6c2aae00000001013797a600000000000000083
00000060000000055b0aab2000000012c61556600000001fcc2aacc00000001fcc2aacc1
0000008000000017f85559a00000000010aab3600000000000000000000000101958f541
0000000000000017c2aacd400000000065559aa00000000038e40d0000000010000000c3
0000002000000017d5566a40000000001aacd4a00000001fb559a9600000001fb559a961
00000040000000100ab352c0000000080566a5a00000000000000000000000101ca00521
0000006000000007e59a9660000000002b352ce000000010225e55e00000001000000143
000000800000000fdcd4b3a00000001019a967600000000fe352ce800000000fe352ce81
000000000000001836a59d00000000001d4b3a2000000000000000000000001064bb53a1
000000200000000fc52ce840000000101a59d0a000000007f16feb800000001683dc14a0
000000400000001fc96742400000001012ce84a000000007b59d092000000007f047d7c1
000000600000000d0b3a124000000010167424a0000000000000000000000015331abe21
000000800000000fc9d092c00000001013a125a000000007efabade000000006716d7440
00000000000000100e849680000000081d092d200000000fda125a200000000fda125a21
0000002000000017e424b46000000000184968e00000000000000000000000100f49bd03
00000040000000102125a34000000008024b46a000000000339b03c00000001000000023
0000006000000016892d1a2000000011825a346000000017f4b4688000000017f4b46861
000000800000000fe968d1000000001012d1a2200000000000000000000000180de2d5c1
00000000000000000b46884000000007e68d10a0000000100b4688400000001003545603
00000020000000102a34428000000008046885200000000fc8d10a400000000fc8d10a21
000000400000001031a214a000000007b3442960000000000000000000000010054ee5c3
0000006000000017cd10a540000000002a214aa000000007cd10a54000000007cd10a541
000000800000001818852ac000000000110a55a0000000104214ab00000000104f2354e1
00000000000000003429562000000007d852ac600000000000000000000000001ea62e41
000000200000001fb14ab16000000010129562e000000017d4157900000000068f6c43e1
00000040000000105a558be00000000794ab17e00000000819562fe00000000819562fc1
000000600000000fc2ac5fc0000000101558bfa0000000000000000000000017e8e9d141
00000080000000000562fec0000000080ac5fda0000000100562fec0000000000ca40dc3
0000000000000017cb17f62000000000462fec60000000104c5fd8800000001050890de1
000000200000000838bfb10000000000117f62200000000000000000000000005b10b561
000000400000000fd5fd8820000000101bfb106000000008033a722000000016b3eef521
0000006000000017bfec4120000000006fd882600000001fbfb104e00000001fbfb104e1
00000080000000100f6209c0000000081ec413a00000000000000000000000103d945621
000000000000000feb104e800000001016209d200000000812b6cb20000000168322e500
00000020000000113882742000000016d104e86000000014e209d08000000014e209d061
0000004000000019d413a1200000001018274260000000000000000000000001fe4eb4c1
0000006000000018109d09e000000000113a13e00000000031e328a00000000000000103
000000800000001044e84f8000000007d9d09f2000000007b3a13e0000000007b3a13e01
000000000000000fe7427c00000000101e84f820000000000000000000000018162efae1
00000020000000001a13e0e0000000081427c1e000000010406cd2400000000000000423
000000400000000fe09f070000000010113e0e2000000007c27c1c200000001800c1aca1
000000600000000c14f838600000001019f070e000000000000000000000001440ff7ba1
000000800000001817c1c3e0000000001f8387e00000000047655b4000000010000004e3
00000000000000002e0e1f0000000007dc1c3e2000000007d8387c4000000007d8387c41
000000200000000fd070f8a00000001010e1f160000000000000000000000017f1592541
0000004000000003e387c5c000000014370f8ba0000000002c2625800000001000000103
000000600000001f1c3e2ec000000010187c5da00000001020f8bb4000000007459c66c1
000000800000000001f176800000000813e2ed2000000000000000000000000009a930c3
0000000000000007cf8bb420000000004f176860000000102ea669400000000000000123
000000200000001fec5da1000000001018bb422000000000317684200000000815ec3681
000000400000000012ed086000000007e5da10e00000000000000000000000000cec8643
00000060000000142768430000000013ced0862000000004276843000000000427684321
000000800000001feb4218000000001016843020000000003d08606000000008132e0a21
00000000000000082a10c0e000000000142181e00000000000000000000000005065c3a1
00000020000000030086072000000015110c0e6000000000219ada0000000010000001c3
0000004000000018143039e000000000186073e00000001fd0c0e7a00000001fd0c0e7c1
0000006000000017c181cf400000000063039ea000000000000000000000001034ce1c01
00000080000000004c0e7a0000000007b81cf4200000001015243e400000001000000003
000000000000000fc073d0c00000001010e7a1a00000000021cf434000000017e161ff01
0000002000000000539e86a000000007a73d0d600000000000000000000000000e3f5f23
000000400000001fbcf435e00000001019e86be000000017e77116a00000001689c99881
000000600000000007a1af0000000007ff435e20000000004e86bc40000000005031f481
0000008000000007fd0d7880000000003a1af12000000000000000000000000047b367c1
000000000000001fc86bc4c00000001010d789a000000017e9b4bec00000000679672dc0
000000200000000f135e26600000001016bc4ce00000001c4d7899a00000001c4d7899a1
000000400000001fbaf133600000001015e266e0000000000000000000000007e26ce7c1
000000600000001057899ba000000007af1337600000000016db71c000000000000000a3
00000080000000081c4cdde0000000001899bbe00000001fc13377c00000001fc13377c1
0000000000000017e266ef800000000044cddf2000000000000000000000001037ed72e1
000000200000000bb3377c8000000010166ef92000000003daf193c0000000125de08100
000000400000001fe9bbe400000000101377c8200000000046ef9040000000080f4fc601
0000006000000007fddf2080000000003bbe412000000000000000000000000049e5dd21
00000080000000081ef904c0000000001df209a0000000104cfbf0e00000001000000063
000000000000001027c8264000000007cf904ca0000000004f209940000000004da94721
000000200000001fee413280000000101c8265200000000000000000000000081af454a1
0000004000000014c2099400000000133413282000000004c209940000000004c2099401
0000006000000006504ca0e000000011d09941e000000019413283800000001941328381
0000008000000012826507200000001584ca0e6000000000000000000000000017e694e1
0000040000000019c6a639400000001e8d4172a00000001fffe000000000001fffe057c3
000004200000001f3540caa000000018ea8715600000001f3540caa00000001fffe12061
0000044000000018aa6755800000001e54c1ab200000000e29d1d6200000001ffff10ee1
000004600000001953a6ac400000001f2740d8a00000001fffe000000000001fffe04903
000004800000000d1d12e2e00000001b3a04c5e00000000d1d12e2e00000001ffff2e861
0000040000000007681897e00000001f5000afe00000000f2050dfa00000001ffff20441
000004200000001dc0a23f400000001881477ea00000001fffe000000000001fffe23e21
000004400000001985c67a200000001d0b82f4600000000e11d1ee200000001fffe00283
00000460000000022e1dd1e00000000f5c10a3e0000000183847c7a00000001fffe80581
0000048000000012708d8f600000000f61109ee00000001fffe000000000001ffff6b201
000004000000000a04d5fb200000001d0982f6600000001e8ec171200000001ffff00123
0000042000000010a6ef59000000000f4dd0b2200000000d1b92e4600000001ffff89701
000004400000001db72248c000000019ee4611a00000001fffe000000000001fffe0e461
0000046000000009b9d646200000001df3820c600000001f2600d9e00000001fffe000a3
00000480000000054ebab1400000000f1d50e2a00000000bba9445600000001ffff321e1
0000040000000001f53e0ac00000000f6a5095a00000001fffe000000000001fffe72241
000004200000000fa97056800000001752c8ad200000000fa97056800000001ffff18a81
00000440000000154beab4000000000f17d0e82000000003afbc50400000001ffffc5061
0000046000000000df7f20800000000f3ed0c1200000001fffe000000000001fffe87241
00000480000000027b1d84e00000000f761089e00000000970368fc00000001ffff29fc1
0000040000000011d82e27c00000000f3050cfa00000001e60c19f200000001ffff78801
000004200000001941a6be400000001f0340fca00000001fffe000000000001fffe05dc3
000004400000000d0d52f2a00000001b1a84e5600000000d0d52f2a00000001ffff2f981
0000046000000010eaef15000000000f55d0aa20000000112bced4200000001fffeed421
0000048000000008d79728600000001eaf0150e00000001fffe000000000001ffff10961
00000400000000073c18c3e00000001f780087e00000001e30e1cf000000001ffff003c3
000004200000001ee0211fc000000018c0473fa00000001e00c1ff200000001fffe21d61
000004400000001901a6fe400000001f0340fca00000001fffe000000000001fffe07d63
00000460000000170d28f2c00000001f1a40e5a00000000da61259e00000001ffff00103
000004800000000de97216800000000952d6ad200000000125deda200000001ffffeda21
000004000000000fcbb0344000000016974968a00000001fffe000000000001ffff1bde1
0000042000000009ddd622200000001d3b82c4600000001e87a178400000001ffff000e3
0000044000000011ee2e11c00000000f5c50a3a00000001eb8e147000000001ffff73a61
000004600000001d71c28e2000000019e3861c600000001fffe000000000001fffe12dc1
000004800000000d8e727180000000089cd763200000000da9d256200000001fffe00123
0000040000000001f33e0cc00000000f665099a000000000ccff33000000001fffff3301
000004200000000f19d0e620000000183387cc600000001fffe000000000001ffff137a1
0000044000000009ceb631400000001c9d4362a00000001de3021ce00000001ffff00063
0000046000000009f5d60a200000001d6b8294600000000d5712a8e00000001ffff2bce1
000004800000001dae2251c0000000195c46a3a00000001fffe000000000001fffe18621
000004000000000df1320ec00000001962469da00000001ed0612f800000001ffff000a3
000004200000001b894476a00000000c1293ed6000000001a53e5ac00000001ffffe5ac1
000004400000000d4a52b5a00000001b1484eb600000001fffe000000000001ffff05383
0000046000000015d28a2d600000000f2510dae00000001c6b2394c00000001fffe02143
000004800000001794286bc00000001f2840d7a000000002509daf600000001ffffdaf61
000004000000000f2110dee0000000174208bde00000001fffe000000000001ffff22541
000004200000001108cef7200000000f1190ee6000000017992866c00000001fffe42381
000004400000000fc6703980000000168cc973200000001919a6e6400000001fffe6e601
0000046000000015334acca00000000f669099600000001fffe000000000001ffff3f521
00000480000000099ab665400000001eb5414aa0000000099ab665400000001ffff66541
00000400000000075538aac00000001f2a40d5a000000009d4b62b400000001ffff62bc1
0000042000000017a94856a00000000f5290ad600000001fffe000000000001ffff19141
00000440000000114a4eb5a00000000f1490eb6000000017d98826600000001ffff41e01
0000046000000006d2f92d000000000f25d0da2000000000cbff34000000001fffff33e1
000004800000000997d668200000001daf8250600000001fffe000000000001ffff13d01
00000400000000013edec1200000000f7d908260000000083bb7c4400000001fffe36ac1
0000042000000014f60b09e00000000f6c1093e00000000f5850a7a00000001ffff42081
00000440000000193086cf600000001ee1011ee00000001fffe000000000001fffe080a1
000004600000001104cefb200000000f0990f660000000178ee871000000001ffff42ee1
00000480000000092696d9600000001ecd0132e0000000011a5ee5a00000001ffffee5a1
0000040000000009b4b64b400000001ce94316a00000001fffe000000000001ffff1ef21
000004200000001425cbda200000000f4b90b4600000001ae6c519200000001ffff11041
00000440000000112eced1200000000f5d90a2600000001f3b40c4a00000001ffff804c1
000004600000001ef6a1094000000017ed4812a00000001fffe000000000001fffe19d41
000004800000001135ceca200000000f6b909460000000181527eac00000001fffe366e1
0000040000000016aee951000000000f5dd0a22000000009bbb644400000001ffff64541
0000042000000001775e88a00000000f6e9091600000001fffe000000000001fffe79b21
00000440000000023a1dc5e00000000f74108be0000000092736d8c00000001ffff28481
0000046000000011d02e2fc00000000f2050dfa00000001c40c3bf200000001ffff798c1
0000048000000002019dfe600000000f0310fce00000001fffe000000000001fffe77b41
000004000000000e0cd1f320000000191986e6600000001ea5815a600000001ffff000e3
0000042000000012668d99600000000f4d10b2e0000000171a08e5e00000001fffe8d861
0000044000000011b42e4bc00000000f685097a00000001fffe000000000001ffff77161
000004600000000fa1305ec0000000174248bda00000000fa1305ec00000001ffff1a401
0000048000000010896f76800000000f12d0ed200000001f2580da600000001ffff8e461
0000040000000016cb0934e00000001f1600e9e00000001fffe000000000001fffe2a541
0000042000000015d88a27600000000f3110cee00000001c784387a00000001fffe01783
0000044000000009c4163be00000000c881377e000000000907f6f800000001fffff6f81
000004600000000ea0f15f0000000019c1c63e200000001fffe000000000001ffff052c3
000004800000000187be78400000000f0f50f0a00000000816b7e9400000001fffe23940
00000400000000113dcec2200000000f7b9084600000001ff72008c00000001ffff7c8c1
00000420000000046e5b91a00000000f5c90a3600000001fffe000000000001fffe4b9c1
000004400000000972968d600000001ee5011ae00000000972968d600000001ffff68d81
00000460000000091496eb600000001ea90156e00000000fd2702d800000001ffff0f301
000004800000001624e9db000000001f49c0b6200000001fffe000000000001fffe31bc1
0000040000000002271dd8e00000000f4e10b1e000000008e9b716400000001fffe2e141
0000042000000002381dc7e00000000f70108fe000000000e01f1fe00000001fffff1fc1
0000044000000002401dbfe00000000f0010ffe00000001fffe000000000001fffe73fc1
000004600000001d0082ff600000001a0105fee00000000e81717e800000001ffff00063
000004800000000d84727b800000001908c6f7200000001a11e5ee000000001fffe5ed01
000004000000001ca3c35c200000000ac79538600000001fffe000000000001ffff11e81
00000420000000111ecee1200000000f3d90c26000000017d5c82a200000001ffff44ea1
0000044000000000f67f09800000000f6cd093200000001bd9e426000000001fffe81ea1
000004600000000133decc200000000f679098600000001fffe000000000001fffe7f301
00000480000000189e6761800000001dbcc243200000000dd4722b800000001fffe00303
0000040000000001f33e0cc00000000f665099a00000000dcc9233600000001fffe728c1
000004200000000b1914e6e00000000d3212cde00000001fffe000000000001fffe05cc3
0000044000000002481db7e00000000f1010efe000000008d3372cc00000001ffff2ea01
000004600000000640f9bf000000000f01d0fe200000000e83f17c000000001fffe32de1
000004800000001f07c0f820000000178f8870600000001fffe000000000001fffe1e901
00000400000000113e4ec1a00000000f7c9083600000001839e7c6000000001ffff3bb01
0000042000000014728b8d600000000f65109ae00000000d4a52b5a00000001ffff4b661
000004400000001f1480eb6000000018a90756e00000001fffe000000000001fffe0c581
0000046000000012a4cd5b200000000f4990b6600000001963469ca00000001fffe28521
00000480000000192686d9600000001e4d01b2e0000000019a3e65c00000001ffffe65c1
0000040000000008b4774b800000001de8c217200000001fffe000000000001ffff1f041
0000042000000004231bdce00000000f4610b9e00000000adf1520e00000001ffff100c1
000004400000000198be67400000000f3150cea00000001fe2a01d400000001fffe7baa1
000004600000001ec5613a80000000178ac875200000001fffe000000000001fffe232a1
0000048000000015ab0a54e00000000f5610a9e00000001c72438da00000001fffe01783
0000040000000012580da7e00000000f3010cfe000000012e00d1fe00000001fffed1fe1
0000042000000002401dbfe00000000f0010ffe00000001fffe000000000001fffe73fc1
0000044000000002009dff600000000f0110fee00000000881777e800000001ffff27d41
0000046000000010846f7b800000000f08d0f7200000001c11a3ee400000001ffff8f281
000004800000000ca3735c8000000009c6d639200000001fffe000000000001fffe21f81
00000400000000169b0964e00000001f3600c9e00000000d4b12b4e00000001ffff00643
0000042000000000d8ff27000000000f31d0ce2000000010e3ef1c000000001fffef1c01
0000044000000009c7d638200000001d0f82f0600000001fffe000000000001ffff1ad01
0000046000000017be2841c00000001f7c4083a00000000eb8d147200000001fffe00043
000004800000000671f98e000000000f63d09c200000000c47f3b8000000001ffff38cc1
000004000000000c0fd3f0200000000b1f94e0600000001fffe000000000001fffe15281
0000042000000001febe01400000000f7d5082a000000008fc1703e00000001fffe0d200
000004400000000c75d38a200000000aeb9514600000000d5712a8e00000001ffff294e1
00000460000000172e08d1e00000001f5c00a3e00000001fffe000000000001fffe20661
0000048000000019f0a60f400000001ce1431ea00000000e4e51b1a00000001ffff00063
0000040000000002059dfa600000000f0b10f4e00000001f1600e9e00000001fffe76f81
000004200000001eac2153c0000000185847a7a00000001fffe000000000001fffe18aa1
0000044000000012612d9ec00000000f4250bda00000001914e6eb000000001ffff1b7c0
000004600000000d0992f6600000001a1305ece00000001ea62159c00000001ffff01463
000004800000001f4c40b3a0000000191886e7600000001fffe000000000001fffe05123
000004000000001162ce9d200000000f4590ba60000000181ba7e4400000001ffff38861
000004200000000f16d0e920000000182d87d26000000017db4824a00000001fffe82481
000004400000001236adc9400000000f6d5092a00000001fffe000000000001ffff6e6a1
0000046000000000b5ff4a000000000f6bd0942000000007965869a00000001fffe30a00
000004800000000e2f11d0e00000001a5e05a1e000000019bc2643c00000001fffe643c1
0000040000000003f87c07800000000f70d08f200000001fffe000000000001fffe51781
0000042000000009c3d63c200000001d0782f8600000001e49a1b6400000001ffff00103
000004400000000f9e706180000000173cc8c3200000001179ee86000000001fffee85e1
000004600000000273fd8c000000000f67d098200000001fffe000000000001fffe6a681
00000480000000121f8de0600000000f3f10c0e000000018d66729800000001fffe2e761
0000040000000010fcef03000000000f79d086200000001a73e58c000000001ffff804e1
000004200000001167ce98200000000f4f90b0600000001fffe000000000001ffff7d181
000004400000000d3e92c1600000001a7d0582e00000001f3a80c5600000001ffff00063
000004600000001874478ba00000001f688097600000000c5173ae800000001ffff3abe1
000004800000000ca2d35d200000000ac5953a600000001fffe000000000001fffe12101
000004000000001f16c0e92000000017ad8852600000000e40b1bf400000001fffe00143
000004200000001fb660498000000006ecd913200000000ed9b126400000001ffff1fc01
000004400000001db3624c800000001966c699200000001fffe000000000001fffe174a1
000004600000001e9be164000000001937c6c8200000000f4db0b2400000001ffff00003
00000480000000025f1da0e00000000f3e10c1e00000001d7c4283a00000001fffe6f421
000004000000001d788287600000001a71058ee00000001fffe000000000001fffe09721
0000042000000011444ebba00000000f0890f76000000017ca2835c00000001fffe3e481
0000044000000008a2f75d000000000f45d0ba200000000a0bf5f4000000001ffff5f3e1
000004600000001117cee8200000000f2f90d0600000001fffe000000000001ffff83ce1
00000480000000113e4ec1a00000000f7c9083600000001839a7c6400000001ffff37601
0000040000000014f22b0dc00000000f64509ba00000000f4890b7600000001ffff42dc1
00000420000000171128eec00000001f2240dda00000001fffe000000000001fffe24ea1
000004400000001e89e176000000001913c6ec200000000f1d50e2a00000001fffe00043
0000046000000017cf4830a00000001f1e80e160000000033d5cc2a00000001ffffcc281
0000048000000001fabe05400000000f75508aa00000001fffe000000000001fffe71041
000004000000000dd5922a600000000a2b15d4e00000000f72f08d000000001fffe000a3
0000042000000011acae53400000000f5950a6a00000001eb2e14d000000001ffff78961
000004400000001d65c29a2000000019cb8634600000001fffe000000000001fffe15921
000004600000001a2e05d1e00000000c5c13a3e00000001df92206c00000001fffe00343
000004800000001570ca8f200000000f61909e6000000001c33e3cc00000001ffffe3cc1
0000040000000008867779800000001e0cc1f3200000001fffe000000000001ffff1ed01
000004200000000fb3f04c000000001867c798200000000fb3f04c000000001ffff0a641
00000440000000169f0960e00000001f3e00c1e000000007fc3803c00000001ffff803c1
0000046000000011784e87a00000000f70908f600000001fffe000000000001ffff797e1
000004800000000dc2323dc0000000190446fba00000001e4521bac00000001fffe00103
0000040000000000917f6e800000000f22d0dd200000001145ceba200000001fffeeba21
000004200000000f0b90f46000000018970768e00000001fffe000000000001ffff0de41
000004400000001ddce223000000000ab9d546200000001ddce223000000001fffe21b01
0000046000000001e7be18400000000f4f50b0a0000000161ee9e1000000001fffe9e7a1
000004800000001bbdc442200000000bfb9404600000001fffe000000000001ffff0c8c1
000004000000001feea0114000000016dd4922a00000001feea011400000001fffe0c0a1
000004200000001975a68a400000001f6b4094a00000000756b8a9400000001ffff8a921
000004400000000e2d71d280000000085ad7a5200000001fffe000000000001fffe207c1
0000046000000015eb4a14a00000000f5690a9600000001cbbc344200000001ffff01143
000004800000000a5ad5a5200000001d3582ca600000000e6b5194a00000001ffff1d5e1
000004000000001e5681a96000000019ad0652e00000001fffe000000000001fffe08b81
0000042000000002349dcb600000000f691096e00000000910d6ef200000001fffe29861
000004400000001f24c0db2000000017c988366000000011932e6cc00000001fffee6cc1
000004600000000fa670598000000016ccc933200000001fffe000000000001ffff1fa61
0000048000000011334ecca00000000f66909960000000180a07f5e00000001fffe3af41
000004000000000e1a51e5a000000019b4864b6000000011e92e16c00000001fffee16c1
00000420000000085257ada00000001f2480db600000001fffe000000000001ffff114c1
00000440000000181247eda00000001f2480db600000000eb4f14b000000001fffe00143
0000046000000012128ded600000000f2510dae0000000174a08b5e00000001fffe89ca1
0000048000000011942e6bc00000000f2850d7a00000001fffe000000000001ffff7c6a1
0000040000000000a1ff5e000000000f43d0bc20000000075cb8a3400000001ffff36200
00000420000000018f3e70c00000000f1e50e1a0000000193c86c3600000001fffe80281
000004400000001ef92106c000000008f2570da00000001fffe000000000001ffff09521
0000046000000019c9c636200000001d93826c600000000ed75128a00000001ffff000e3
00000480000000194ec6b1200000000e1d91e260000000083b77c4800000001ffff7c481
000004000000001876e789000000000f6dd092200000001fffe000000000001ffff09c61
000004200000001d3722c8c000000009ee5611a00000001e9bc164200000001ffff00083
0000044000000010b96f46800000000f72d08d200000001ae5e51a000000001ffff85881
00000460000000054bdab4200000000f1790e8600000001fffe000000000001fffe423a1
000004800000000d5e92a1600000001a3d05c2e00000001f0a80f5600000001ffff00043
000004000000001874478ba00000001f6880976000000001515eaea00000001ffffeaea1
0000042000000009a2b65d400000001ec5413aa00000001fffe000000000001ffff050a3
000004400000000e1511eae00000001a2a05d5e00000000e1511eae00000001ffff201c1
0000046000000012280dd7e00000000f5010afe0000000182047dfa00000001fffe79581
0000048000000012408dbf600000000f0110fee00000001fffe000000000001ffff73e81
000004000000001604e9fb000000001f09c0f6200000000c8ed371200000001fffe00623
00000420000000072738d8c00000001f4e40b1a00000000e9cb163400000001ffff24f21
000004400000001db962468000000018f2c70d200000001fffe000000000001fffe1dac1
00000460000000124b0db4e00000000f1610e9e000000018da6725800000001fffe283c1
000004800000000758b8a7400000000f3150cea00000000962969d600000001ffff69d21
0000040000000011c52e3ac00000000f0a50f5a00000001fffe000000000001ffff7b321
000004200000000929b6d6400000001f5340aca00000000929b6d6400000001ffff6d641
0000044000000003cd1c32e00000000f1a10e5e000000001b43e4bc00000001ffffe4bc1
0000046000000001685e97a00000000f5090af600000001fffe000000000001fffe7cfc1
0000048000000002429dbd600000000f0510fae000000008c6b739400000001fffe2aae1
000004000000001894676b800000001da8c2572000000002519dae600000001ffffdae61
00000420000000072338dcc00000001f4640b9a00000001fffe000000000001ffff22001
0000044000000018998766600000001f3300cce00000000f4710b8e00000001ffff000a3
00000460000000024c9db3600000000f1910e6e000000011b22e4dc00000001fffee4de1
0000048000000008e4771b800000001e48c1b7200000001fffe000000000001ffff15e81
000004000000000da3b25c400000001ac74538a00000000da3b25c400000001ffff26621
00000420000000069d1962e00000001f3a00c5e00000000e74718b800000001ffff2d221
000004400000000168de97200000000f5190ae600000001fffe000000000001fffe7cde1
0000046000000012468db9600000000f0d10f2e000000018d0a72f400000001ffff31ee1
000004800000000834d7cb200000000ee99116600000000f5310ace00000001fffe11841
0000040000000017a62859c00000001f4c40b3a00000001fffe000000000001fffe198c1
000004200000000fb1b04e4000000016e3491ca00000000fb1b04e400000001ffff1d301
00000440000000010ddef2200000000f1b90e46000000015b74a48a00000001fffea5601
000004600000000f6eb09140000000095d56a2a00000001fffe000000000001fffe02e43
000004800000001ff5600a8000000016eac915200000001ff5600a800000001fffe06c63
0000040000000006ab1954e00000001f5600a9e000000008ac5753a00000001ffff753e1
0000042000000001d8be27400000000f3150cea00000001fffe000000000001fffe786e1
0000044000000012450dbae00000000f0a10f5e000000018cc0733e00000001fffe2c821
000004600000000128ded7200000000f5190ae60000000182367dc800000001fffe88081
0000048000000013c6ec39000000000f0dd0f2200000001fffe000000000001ffff5af01
000004000000000e3751c8a00000001a6e8591600000000e3751c8a00000001ffff1d6e1
000004200000000dbaf245000000001a75c58a20000000196ba694400000001fffe69421
0000044000000010d76f28800000000f2ed0d1200000001fffe000000000001ffff889c1
00000460000000083b77c4800000001e76c189200000001e2d21d2c00000001fffe00103
0000048000000017db4824a00000001f3680c9600000000ced5312a00000001ffff30281
0000040000000001dabe25400000000f3550caa00000001fffe000000000001fffe782c1
0000042000000007d5582aa00000001f2a80d5600000001e71418ea00000001fffe001a3
00000440000000012aded5200000000f5590aa6000000016ab0954e00000001fffe97841
0000046000000011d62e29c00000000f2c50d3a00000001fffe000000000001ffff78c41
00000480000000173128cec00000001f62409da00000000e0131fec00000001ffff000a3
0000040000000010896f76800000000f12d0ed200000001da5e25a000000001ffff8e441
000004200000001a4be5b4000000001d97c268200000001fffe000000000001fffe0a321
00000440000000175f28a0c00000001f3e40c1a00000000e0c91f3600000001ffff000e3
0000046000000018796786800000001e72c18d2000000008e5971a600000001ffff71a41
00000480000000124b0db4e00000000f1610e9e00000001fffe000000000001ffff72541
000005000000000042f7278000000015e0224f200000001cdce000000000001cdcf20781
00000520000000062e2ebca00000001f3950f9600000001c014837600000001e0613bca1
000005400000001f4a28e5a00000001ff150cb600000000a875d96e00000000fc01d9701
000005600000001e6b58ade00000001fb340dbe00000001cdce000000000000fc0121551
000005800000001d63986fc00000001fa220dfa00000001b9981d1400000000fc01000d3
000005000000001925817e40000000052e267ca0000000153982794000000016f8628481
000005200000000316e7f2800000001b4821e5200000001cdce000000000001cdce25901
00000540000000028ef794800000001a7821a9200000001bcd41c4600000001bcd6000a3
00000560000000024ee7a4800000001bf821c9200000000c959c12400000000c959c1221
00000580000000084ef5248000000013f833c9200000001cdce000000000001cdce18141
000005000000000a4ce5a40000000015fc2248200000001edd5080600000001edd500023
000005200000000a5e25a0a000000015d952416000000018d75902e00000001949f902e1
0000054000000008cb8505c000000012f2338ba00000001cdce000000000001cdd111201
000005600000001a6751aee00000000bab55dde00000001a6731aee00000001e9b319be1
000005800000001902f177800000001d60286f2000000005a58e5e400000000ee52e5e41
000005000000001c2e383ca00000001f3940f9600000001cdce000000000000f8011b7c5
000005200000000b4825e52000000011f5434a600000001a0b51b5e00000001a0b9002e3
00000540000000007ae729800000001b9021d3200000001e4430a6200000001e44414481
0000056000000007ed86cc4000000016be2298a00000001cdce000000000001cdce1f3a1
000005800000001f5540e26000000001cf4744e00000001e66f0ae800000001e67500063
000005000000000a90259320000000164542a66000000003eef7cc80000000195e17cc81
0000052000000008b8251920000000121553b2600000001cdce000000000001cdcf15561
0000054000000001faf749800000001a902193200000001942e167800000001943900043
000005600000001bec39cc200000001ebd509860000000181f9130c00000000f8002dd05
00000580000000015ae761800000001bd021c3200000001cdce000000000001cdce1abe1
0000050000000000ecef0c000000001ebc3098200000001c458826400000001c46330c01
000005200000000f5d84e0400000000fde34c0a00000001ad83181200000000fc0126941
000005400000001cd580024000000018ce2904a00000001cdce000000000000e104012a3
000005600000001c94f01200000000004c2724200000001c949012000000001c94901d83
000005800000000a9d5d90600000001e5f50a0e00000001fdb48c1e00000000fc008cd41
0000050000000004d38e03c00000001ec23087a00000001cdce000000000001d16970ba1
000005200000001ea4e09e00000000062c36bc200000001ea4809e000000001ec02063e3
00000540000000151d827040000000095e2560a000000007d946c1600000000794e6c161
0000056000000006d74e82e00000001ecb5085e00000001cdce000000000001e469788e1
000005800000001480e217000000000864252e2000000014808217000000001593021d61
000005000000001c3ce03800000000011c277020000000015cef600000000015e60f6001
000005200000001fdc30c0200000001cdd4800600000001cdce000000000000fc01140a1
000005400000001adb5181e00000000ad34583e00000001adb3181e00000001e36d18a41
0000056000000016e2228fa000000008a1451f600000001e2780bec00000001e27810c21
000005800000001b2af1fd80000000033037fb200000001cdce000000000001cdce278a1
000005000000001d6f906cc00000001fba28d9a00000001d6ff06cc00000000fc011d431
000005200000001d478066c00000001fea28cda00000000ab14d9b600000000fc00d9b61
000005400000001e0798b6c00000001f6a20eda00000001cdce000000000000f7ff229c5
0000056000000006043eb6200000001f6d50ec600000001c7f5828e00000001e0a743621
00000580000000181ae131800000001d5028632000000019c58146400000000dfb024f01
0000050000000016ee228ca00000000eb94499600000001cdce000000000001e47e02a23
000005200000001148e365000000000df4344a20000000114883650000000017bf836221
000005400000000e7cfca8000000001f9c30d020000000005d5720600000000fc016fc91
000005600000001ddf8840c00000001eda3081a00000001cdce000000000000f80114325
000005800000001ec78886c00000001eea208da00000001a895195600000000f80100127
0000050000000018075936e00000001f6b40ede000000001b2ff5b800000000f801f5b85
000005200000000a0035b720000000176542ee600000001cdce000000000001ce0712a81
000005400000001a3831b92000000001154772600000001a62e1af800000001a630000e3
000005600000001ffa28c9a00000001e915093600000001e4750a6e00000000fc01208e1
000005800000001feb48cde00000001eb3409be00000001cdce000000000000fc001fac1
000005000000000160ef6f000000001fa430de200000001fe188cf400000000fc0137f10
000005200000001f3c20f8200000001d1d4870600000001f5f40e0e00000000f7fe21085
000005400000001fdb48c1e00000001ed34083e00000001cdce000000000000fc001c7a1
0000056000000000e2f70f800000001aa0219f2000000018154132600000001815d00003
00000580000000052c367c20000000173d42f860000000031f57f0e000000014eab7f0e1
000005000000000b5b5de1e00000001fd350c3e00000001cdce000000000000fc0072ce1
0000052000000004e18e0f400000001ea6309ea0000000001a2731a00000001c1241cf81
000005400000000f3544fa60000000110f5374e0000000017af7698000000018caf769a1
0000056000000001902f53200000001e4550a6600000001cdce000000000001cdd588921
000005800000000ab95d99600000001e1750b2e0000000078756d6e00000001f80128a25
000005000000001ff140cb6000000000874716e0000000026a27ada00000000fc007ada1
000005200000001bb149db600000001e0750b6e00000001cdce000000000000f7ff31ca5
0000054000000009b23d5ba00000001e0150b76000000006aa369da00000001f80121ca5
0000056000000015ab825dc0000000063226bba0000000070146f76000000006fb26f7a1
0000058000000005674e6ee00000001fab50dde00000001cdce000000000000fc017cf11
000005000000000b035df7e00000001f6350efe0000000017f9768c00000001f8012fa05
000005200000001a2031bf200000000125477e60000000092f8d7cc0000000092f6d7ca1
00000540000000013aff79800000001f1030f3200000001cdce000000000001cddc8ece1
0000056000000005ed8e4c400000001ebe3098a00000000112e773800000001d30713501
000005800000000154ff62000000001fcc30c42000000018fce908000000000fc0095ea1
00000500000000069c3e90200000001e5d50a0600000001cdce000000000001dbe27b4a1
0000052000000008d995014000000014d63202a000000008d9f5014000000008d4350121
000005400000001ef7808ac0000000028a3795a000000006703eab200000001a04beab41
00000560000000078596d6400000001e6e20aca00000001cdce000000000001e89f04823
000005800000001616fab2800000001f4830e5200000000ca2f41f800000000e0a402163
00000500000000068e3e94a00000001e7950a9600000000396e7d2800000001d8a684ba1
000005200000000c48e4250000000011f4334a200000001cdce000000000001cdcf04123
000005400000001c7d802840000000199e2950a00000001c7de028400000000e94a18d41
0000056000000017d432c2200000000acd45846000000018fee108800000001b32004843
00000580000000169822912000000004554622600000001cdce000000000001cdce13821
0000050000000000faef09800000001e903093200000001ca4e81e000000001ca5323601
000005200000000becf5cc0000000014bc221820000000041d9e3040000000192dfe3041
00000540000000155ef2608000000007d826c1200000001cdce000000000001cdd11a961
000005600000000accf5840000000014fc2208200000000acc9584000000000ac6558401
000005800000001e5f88a0c00000001fda20c1a000000006d15683600000000fc0168321
000005000000000ac74d86e00000001eeb508de00000001cdce000000000001f80169585
0000052000000014038237c00000000562266fa00000001873912bc00000001873800063
000005400000001a2551be60000000072f46fce00000001d3b8879c00000001d3d6879a1
0000056000000007122ef3a00000001f4150e7600000001cdce000000000001eea785c21
000005800000001caa201da0000000023157bb600000001caa401da00000001caa700dc3
000005000000001b6b41ede000000003b347dbe00000001802e137800000001855427a21
000005200000000b6025ef2000000011a5435e600000001cdce000000000001cdce1cfa1
00000540000000193b8179c000000001122773a0000000196af16d80000000196b000043
0000056000000007e586ce400000001eae209ca00000000a395db9600000001f1bfdb941
000005800000001f1798f2c00000001f4a20e5a00000001cdce000000000000f801259c5
000005000000001e86f096800000001c68382d2000000019f2f14b800000000f80000027
00000520000000160c32b420000000057d466860000000099f4d50e0000000099f2d50c1
00000540000000005b5721e000000015d35243e00000001cdce000000000001cdd01f7a1
000005600000000ae0258f2000000016a5529e600000001e1a20b1a00000001e1aa000a3
00000580000000173942f96000000009175572e0000000034af7e58000000018dad7e581
0000050000000001f0ff4b000000001e843096200000001cdce000000000001cdde86e21
000005200000000fbf4cd8e00000001e1b50b1e00000000484e616000000000fc01230b1
0000054000000015c192474000000000e6270ea000000000a8ef1d0000000000932f1ce1
000005600000000a34f5ba000000001b0c21f4200000001cdce000000000001dfd3058a3
00000580000000019d5750600000001e5f40a0e00000001ed58082400000001ed59000c3
0000050000000018d18103400000001cc62806a00000001ae8e98d000000000e20698d01
0000052000000016b4229a200000000a0d55b4600000001cdce000000000001cde70d921
0000054000000007983ed1200000001e5550a2600000001cccf804000000001e8ba424a1
0000056000000004f98e09400000001e963092a000000012482ba5200000001c124ba4e1
0000058000000005f59e4a400000001e8e3094a00000001cdce000000000001d76c76ae1
0000050000000001954752600000001e4f40a4e00000001ec39087c00000001ec3900043
000005200000000a915d93600000001e4750a6e000000001eaef4d800000001f7fef4d85
000005400000001eb0309b20000000020547b6600000001cdce000000000001cde70dd21
0000056000000017b942d9600000000a1745b2e000000018803117200000001a6ae001a3
0000058000000007f23ecba00000001e815097600000000a674daee00000001ef40daee1
0000050000000017ab52dde00000000e3344bbe00000001cdce000000000001e85d05163
000005200000000162ef6f800000001fa030df200000001f9ee8d0800000000fc013f9d0
00000540000000052d8e7c400000001f3e30f8a000000007182ef1200000001d00eef101
000005600000001d5590624000000001ce2744a00000001cdce000000000001cdd104b63
000005800000001c979012c00000001e4a28a5a00000001c97f012c00000000f801073c7
000005000000000a875d96e00000001e6b50ade000000019b2295ba00000001f80096205
000005200000000a015db7600000001f6750eee00000001cdce000000000001f7fe72b05
0000054000000004318e3b400000001f0630f6a0000000020d47b4600000001bba111101
000005600000001fb4f8da000000001e0c30b420000000077d96e8400000000fc016e7f1
000005800000000f9e2cd0a00000001e5950a1600000001cdce000000000000fc0160391
000005000000000ecb9c85c00000001ef2308ba00000000a9b5591e00000001f800016c5
000005200000001464e22e0000000009ac255c20000000063c2eb82000000015ef4eb821
00000540000000151d927040000000095e2560a00000001cdce000000000001cdd106983
0000056000000018d75902e00000001ecb4085e000000014fd8208400000000f80100507
0000058000000006815697600000001a6741aee000000011ab935dc00000001969936441
000005000000000032ff3b800000001f0030f7200000001cdce000000000001cdd08b501
0000052000000005af9e5cc00000001e3a30b9a0000000025d57a0600000001c7f331e81
000005400000001f4750e6e000000007eb46cde00000001cb3801bc00000001f80104127
00000560000000020227b7a00000001f6140ef600000001cdce000000000001ce0612bc1
000005800000001a2a29bda00000001f3150fb600000001037433ae00000000f800015a7
000005000000001f6a30eda000000001b1475b6000000018078136c000000019b300a1e1
000005200000001d6ae06d8000000019b0295b200000001cdce000000000000f7fe23b65
000005400000001d6e386ca00000001fb940d9600000001bfd41c8600000000fc0100253
000005600000000148ff65000000001ff430ca20000000028d4794600000000fc008da01
000005800000001c7f5028e0000000199b5951e00000001cdce000000000000e8d018601
0000050000000005c186474000000010e6230ea00000001ba431de200000001ba4300063
00000520000000063596ba400000001f0e20f4a00000000f7994e9400000000f6054e981
000005400000001996f952800000001e4830a5200000001cdce000000000000f7fe287c5
00000560000000128c2b94200000001e7d50a8600000000fd4e4c2000000000fc010d901
00000580000000085ae521800000000dd034432000000006c59686400000000eb2168681
000005000000000eeee48c800000000cb83419200000001cdce000000000000f80112825
000005200000000b4ce5e40000000015fc2248200000001e1590b2400000001e15f00003
00000540000000045f8e20c00000001fda30c1a000000018d18103400000000fc0177341
0000056000000002c6e7868000000018e8210d200000001cdce000000000001cdce11461
00000580000000040d9e34400000001f7e30e8a0000000025357a3e00000001c0c922ac1
000005000000001e5550a26000000001cf4744e000000000faef098000000018acaf0981
000005200000001a90f993000000001e4420a6200000001cdce000000000000f7ff2bec5
0000054000000014bee21880000000061826b1200000001990f153000000001991000003
0000056000000013cce3c40000000012fc338820000000189cf11000000000189cd12a01
000005800000000a5ce5a0000000001bdc21c0200000001cdce000000000001ecbc03c03
0000050000000018dd81004000000004de2600a000000018dde1004000000018e3e11061
0000052000000018d74902e00000001ecb4085e000000006f23e8ba00000000f7ffe8b85
0000054000000006815697600000001867412ee00000001cdce000000000001cdd106783
000005600000001831813b4000000005062676a00000001831e13b400000001837a16861
000005800000001bb631daa00000000a0945b5600000001f7620eaa00000001f80009d25
000005000000000b895dd5600000001e7750aae00000001cdce000000000001f80070e65
000005200000001c73882bc00000001f8220d7a00000001a9f9190c00000000fc0100053
000005400000001da7805ec00000001e2a28bda00000001931817b400000000f7fe204e5
000005600000001d06e076800000001968296d200000001cdce000000000000ee6e25ba1
00000580000000160f42b4e00000000f7b44e9e0000000160f22b4e00000001e0ca2ba01
000005000000000042f7278000000015e0224f200000000ea59c9e400000000ea59c9e41
00000520000000002eff3c800000001f3830f9200000001cdce000000000001cdd08b761
00000540000000054d9e64400000001ffe30c8a00000000216f7b2800000000fc0034141
0000056000000018575922e00000001fcb40c5e00000001ef3588be00000000fc0188be1
0000058000000004838e17c00000001e6230afa00000001cdce000000000001cf9f75041
00000500000000122793bec00000000f2a34fda0000000182f513ce000000019f4800043
000005200000000b04f5f6000000001b6c21ec2000000007bc3ed8200000001ef51ed821
00000540000000061d96b040000000175e22e0a00000001cdce000000000001cdd121ac1
0000056000000006d58682400000001ece2084a000000006d5e682400000001e2be68261
000005800000001a979192c0000000064a36a5a000000015f0f24b000000001971323341
000005000000000a84e59600000000146c222c200000001cdce000000000001cdd0064e3
000005200000001e1e20b0a000000001594761600000001eb2f09b800000001eb2f00003
000005400000001ecb5885e00000001ef3408be000000016839a97c00000000f7ffa97e5
000005600000001462f22f8000000001a0375f200000001cdce000000000001cdce21901
000005800000001d2e387ca00000001f3940f9600000001b0621f6a00000000f80000227
000005000000001f4950e56000000003f747cae00000001e8b4095e00000001e8e50d5a1
00000520000000167342abe0000000078346d7e00000001cdce000000000001cdce210e1
0000054000000017a152df600000000a2745bee000000018454126600000001a5f300063
000005600000001d33987bc00000001f0220f7a000000005619e6f400000000f801e6f45
0000058000000017a632dea00000000829453d600000001cdce000000000001cdd50a4a1
000005000000001d0b8875c00000001f7220eba00000001b5551e2600000000f801000c7
000005200000001a66e1ae8000000003a837dd2000000004359e3a400000001691fe3a41
00000540000000190e3974a00000001f7950e9600000001cdce000000000000f7fe2df05
00000560000000024a27a5a00000001ff140cb6000000018d03103200000000fc0000103
000005800000000a694dad600000001fb750dae0000000080b8535c00000000fc01708f1
000005000000000772f6eb80000000178032d7200000001cdce000000000001cdd0245e1
000005200000000baf5ddce00000001e3b50b9e0000000005f5720e00000001f7ff300c5
0000054000000007419ee7400000001fe630cea000000000a8ff1d000000000fc01f1d01
000005600000000434363a20000000150d4274600000001cdce000000000001cdcf131a1
0000058000000015982a51200000001e5550a26000000012cce384000000000c7d902923
0000050000000004f996094000000018962112a00000001e4950a5600000001e4950cca1
000005200000001ff788cac00000001e8a2095a00000001cdce000000000000fc001ed01
0000054000000019858956400000001e6e30aca0000000169ce290000000000f7ff007a7
0000056000000004178e32c00000001f4a30e5a00000000df02c4b200000000de14c4ae1
000005800000001e859896400000001e6e30aca00000001cdce000000000000f8001caa5
00000500000000061586b240000000174e22e4a000000014a0321f20000000160c600083
0000052000000006943e92200000001e4d50a4600000000bff4dc8e00000001d4d8dc8e1
00000540000000169b5291e00000000e5344a3e00000001cdce000000000001db7702ec3
000005600000000ae34d8fe00000001ea3509fe0000000061026b3200000001f7ff29405
0000058000000007202eff200000001f2550fe60000000052f8e7cc00000001ecece7cc1
00000500000000013af7798000000015102273200000001cdce000000000001cdcf26d01
000005200000001def904cc00000001cba2819a00000001deff04cc00000000f7ff10265
00000540000000054436662000000015ed424c6000000006be3e98a000000006bb5e98c1
000005600000001c1990314000000001562762a00000001cdce000000000001cdcf02b83
000005800000001cf6f00a800000001e882895200000001cf6900a800000000f80103b67
000005000000001d8d905440000000007e2728a0000000079946d160000000076cc6d161
0000052000000016578aa2c00000001fca30c5a00000001cdce000000000000fc013fb41
0000054000000006843696200000001a6d51ac600000001ff6f0ca800000000fc0100063
000005600000000a195db1600000001f5750e2e00000001fcb48c5e00000000fc008d9a1
0000058000000006f3868bc00000001a823197a00000001cdce000000000001ce0d0a581
0000050000000001a5475e600000001e2f40bce00000001e4ef0a4800000001e4ef00063
000005200000001b1031f320000000074546e6600000001dee284ca00000001df1884c81
0000054000000004b98e19400000001e1630b2a00000001cdce000000000001cf83755e1
0000056000000019f7594ae00000001e8b4095e00000001569826d400000000f80100247
000005800000001982e157800000001c60282f200000000ba54dde600000000e6a6dde61
00000500000000182f593ce00000001f3b40f9e00000001cdce000000000000f8012b865
000005200000001940f1670000000007e426ce200000001e3ae0b9800000001e3b300063
000005400000000a3f4db8e00000001f1b50f1e000000001534763e00000001f800654c5
0000056000000015c39a47c00000001ee2308fa00000001cdce000000000000c79036041
00000580000000162632bea00000000f2944fd60000000162652bea00000001ddbb2c481
0000050000000007083ef5200000001f7550ea600000001f8f88d4c00000000fc0092291
00000520000000067a2ea9a00000001f9150d3600000001cdce000000000000fc0180c11
0000054000000001eaf74d800000001ab0219b200000001938e179000000001939b00023
00000560000000176c3aec200000001fbd50d8600000001e1e30b0a00000000fc0044651
00000580000000075946e1600000001bd741c2e00000001cdce000000000001d05412b81
0000050000000004f39e0bc00000001e823097a0000000004af725800000001bf7813301
000005200000000ba4e5de00000000142c223c200000000b3d55f8600000000b39d5f821
00000540000000131f5bf0e00000001f5b50e1e00000001cdce000000000001ccbe55481
0000056000000004c196074000000018e6210ea000000004c1f607400000001615b60741
000005800000000036ef3a800000001f0830f5200000000574266a20000000175a38ab41
00000500000000018d475460000000187f5128e00000001cdce000000000001cdcf10c21
000005200000000c538c23c00000001fc230c7a00000000921457f600000000fc0100260
000005400000001ca4e01e00000000002c273c200000000b3ce5f8000000000b3cc5f801
00000560000000011cef70000000001f5c30e0200000001cdce000000000001cddf8d201
0000058000000006dc3e80200000001edd50806000000002dd5780600000001e3e428061
0000050000000018db9101c000000000d22703a00000001ac02187200000001ac0214b81
0000052000000000e5470e600000001eaf409ce00000001cdce000000000001cdd205723
000005400000000b115df3600000001f4750e6e000000001b3975bc00000001f801285a5
0000056000000004b1961b4000000010062336a00000001968f16d000000001968f22a01
0000058000000017b422da20000000040d4634600000001cdce000000000001cdce199c1
000008000000000c9e5361a00000000b7c9483600000001fffe000000000001fffe00563
000008200000000fc2d03d20000000181587ea600000001fc70038e00000001fffe00363
000008400000001fe60019e000000017ec0813e00000001fe84017a00000001fffe04301
000008600000001fd0a02f4000000017f1480ea00000001fffe000000000001fffe04e01
0000088000000012c5cd3a200000000feb9014600000001a9fc560200000001ffff51041
000008000000000fbef04100000000184dc7b220000000185b87a4600000001fffe7a461
0000082000000000373fc8c00000000fee5011a00000001fffe000000000001fffe7eb41
0000084000000000393fc6c00000000fe2501da0000000080ab7f5400000001ffff78820
000008600000000fe95016a0000000181287ed6000000017d5082ae00000001fffe82ae1
00000880000000172a08d5e00000000fe4101be00000001fffe000000000001ffff10301
0000080000000010302fcfc00000000fe0501fa00000001800c7ff200000001ffff79041
00000820000000194146bea00000000ec2913d6000000005057afa800000001ffffafa81
00000840000000002adfd5200000000fe5901a600000001fffe000000000001fffe80161
000008600000000fd6b0294000000017fd4802a00000001fc2a03d400000001ffff00083
000008800000001035afca400000000feb5014a00000001fc68039600000001ffff7f0e1
0000080000000017ed2812c00000001fea4015a00000001fffe000000000001fffe03961
00000820000000081997e6600000001fe3001ce00000001feb4014a00000001fffe00063
0000084000000007ccf833000000001fe9c016200000000823b7dc400000001ffff7dc61
000008600000001d3762c8800000000a9ed561200000001fffe000000000001ffff03a21
00000880000000099b7664800000000e46d1b9200000000fcfd030200000001ffff00023
00000800000000081b97e4600000001fd70028e000000007fe3801c00000001ffff801c1
00000820000000102c4fd3a00000000fe89017600000001fffe000000000001ffff7fca1
0000084000000010126fed800000000fe4d01b2000000017e6c819200000001fffe79e80
000008600000000fd3b02c40000000183747c8a0000000104e8fb1600000001fffefb161
0000088000000007ed3812c00000001fea4015a00000001fffe000000000001ffff03961
000008000000000fb9b04640000000181347eca00000001fbc2043c00000001ffff00143
00000820000000004d9fb2600000000feb1014e00000001fe60019e00000001fffe7d7e1
0000084000000017ec0813e00000001fe80017e00000001fffe000000000001fffe03da1
0000086000000017e0081fe00000001fe0001fe00000000fb0d04f200000001fffe00523
000008800000001fc0003fe0000000180007ffe0000000160049ffa00000001fffe9ffa1
000008000000000c00b3ff400000000bc1543ea00000001fffe000000000001fffe04de1
000008200000001ff5e00a00000000081bd7e4200000001ff5e00a000000001fffe003a3
000008400000001faf805060000000185f07a0e0000000102e4fd1a00000001fffefd1a1
00000860000000083cb7c3400000001fd94026a00000001fffe000000000001ffff006c3
000008800000000fc5503aa0000000183a87c5600000001feec011200000001ffff000a3
000008000000000fea1015e000000017e4081be00000001e5861a7800000001fffe1a781
000008200000000ca0d35f200000000b3194ce600000001fffe000000000001fffe03d81
0000084000000005463ab9c00000000fec5013a00000000d2052dfa00000001ffff24500
000008600000000a11b5ee400000000db3524ca00000000866d799200000001ffff79901
00000880000000004d9fb2600000000feb1014e00000001fffe000000000001fffe7d801
000008000000000fccd03320000000182987d6600000001fe5c01a200000001ffff000a3
000008200000001fd6e02900000000182dc7d22000000016cba934400000001fffe93441
0000084000000000177fe8800000000feed011200000001fffe000000000001fffe80a21
00000860000000081b97e4600000001fe70018e0000000081b97e4600000001ffff7e461
0000088000000016ece913000000000fe9d016200000000bb3d44c200000001ffff44c21
0000080000000000479fb8600000000fef1010e00000001fffe000000000001fffe7d9c1
000008200000001b9c0463e00000000c781387e00000001b9c0463e00000001fffe463c1
000008400000000fc0103fe0000000180007ffe000000010204fdfa00000001fffefdf81
000008600000000fa0905f60000000184107bee00000001fffe000000000001ffff02e41
0000088000000000343fcbc00000000fe85017a0000000080bb7f4400000001fffe78e60
000008000000001031afce400000000fe3501ca00000001fc6c039200000001ffff7fb01
00000820000000181d87e2600000001feb0014e00000001fffe000000000001fffe00be3
000008400000001fac805360000000184907b6e00000000fe4b01b400000001fffe00063
0000086000000000441fbbe00000000fe81017e00000001fa0405fa00000001fffe7e4e1
000008800000001fb0a04f40000000181147eea00000001fffe000000000001fffe04de1
000008000000000c85d37a200000000b5b94a4600000000fcf9030600000001fffe00103
00000820000000041e5be1a00000000fec90136000000000597fa6800000001fffffa661
000008400000000012ffed000000000fe5d01a200000001fffe000000000001fffe817a1
0000086000000005c77a38800000000feed011200000000da5f25a000000001fffe1ec80
000008800000000fab905460000000185707a8e0000000101e6fe1800000001fffefe181
000008000000000fecd0132000000017f98806600000001fffe000000000001ffff02ac1
0000082000000000167fe9800000000fecd0132000000007f1d80e200000001fffe7a6c0
000008400000000b93546ca00000000c669399600000000e6d3192c00000001ffff192c1
00000860000000001a7fe5800000000fe4d01b200000001fffe000000000001fffe81241
000008800000000fc3903c60000000182707d8e00000001fd90026e00000001fffe001a3
00000800000000134c2cb3c00000000fe85017a00000000830b7cf400000001ffff7cf41
0000082000000010214fdea00000000fe2901d600000001fffe000000000001ffff80c01
0000084000000017cae835000000001fe5c01a200000000f9e9061600000001ffff00760
000008600000001fd7602880000000180ec7f12000000010adcf52200000001fffef5241
00000880000000004b9fb4600000000fe71018e00000001fffe000000000001fffe7dfa1
000008000000001aec8513600000000d1912e6e00000001aec8513600000001fffe51361
0000082000000017c4e83b000000001fe9c016200000000823b7dc400000001ffff7dc21
000008400000001b974468a00000000c6e9391600000001fffe000000000001ffff00d63
000008600000001fda60258000000017f4c80b200000000fbdb042400000001ffff00023
0000088000000004e33b1cc00000000fe65019a0000000001cffe3000000001fffffe301
000008000000000839d7c6200000001fb3804c600000001fffe000000000001ffff023a1
00000820000000104e8fb1600000000fed1012e0000000182b67d4800000001fffe70800
0000084000000017e4081be00000001fe80017e00000000ff0300fc00000001fffe042c1
000008600000001ff0600f8000000017e0c81f200000001fffe000000000001fffe03e41
0000088000000000439fbc600000000fe71018e0000000081957e6a00000001ffff79221
00000800000000004c9fb3600000000fe91016e00000001fd2202dc00000001fffe7dbc1
00000820000000181467eb800000001fc8c037200000001fffe000000000001fffe033c1
000008400000001393cc6c200000000fe79018600000001b6a0495e00000001fffe43ce1
0000086000000017cee831000000001fedc01220000000003bbfc4400000001fffffc421
000008800000000fc75038a0000000183e87c1600000001fffe000000000001ffff00d63
00000800000000103a2fc5c00000000fe4501ba0000000180d67f2800000001ffff791c1
000008200000000ee1711e8000000008f2d70d200000000ba5d45a200000001ffff45a01
00000840000000074b98b4600000000fe71018e00000001fffe000000000001fffe0dfa1
000008600000001fdca02340000000183947c6a00000001fdca023400000001fffe026c1
0000088000000000353fcac00000000fea5015a000000015c4aa3b400000001fffea3b41
000008000000000b995466a00000000c72938d600000001fffe000000000001fffe00a63
000008200000001fdaa0254000000017f5480aa00000000fbe7041800000001fffe00163
000008400000001035afca400000000feb5014a00000001fc68039600000001ffff7f101
0000086000000017ed2812c00000001fea4015a00000001fffe000000000001fffe03961
000008800000001ab92546c00000000d3252cda00000001fdac025200000001fffe00023
00000800000000081997e6600000001fd3002ce00000000fc61039e00000001ffff04201
000008200000001fdc2023c0000000180847f7a00000001fffe000000000001fffe02d21
0000084000000000215fdea00000000fe2901d6000000007f3180ce00000001ffff7b881
0000086000000007ea1815e00000001fe4001be000000000383fc7c00000001fffffc7c1
00000880000000080057ffa00000001fe0801f600000001fffe000000000001ffff02f01
000008000000001012efed000000000fe5d01a2000000017e84817a00000001ffff78a00
000008200000000fa7d05820000000184f87b060000000102f4fd0a00000001fffefd081
00000840000000083eb7c1400000001fdd4022a00000001fffe000000000001ffff00523
0000086000000007f5580aa00000001fea8015600000001fcea031400000001ffff00223
000008800000000fead0152000000017f5880a600000001f5b00a4e00000001fffe0a4c1
000008000000000ea61159e0000000092c16d3e00000001fffe000000000001fffe04021
000008200000000830b7cf400000001fd1402ea00000000830b7cf400000001ffff7cf41
000008400000001ac5053ae00000000d0a12f5e00000000b0474fb800000001ffff4fba1
000008600000000618d9e7200000000fe1901e600000001fffe000000000001fffe21601
0000088000000010362fc9c00000000fec5013a0000000181007efe00000001fffe782a0
000008000000001fb1204ec0000000183247cda000000017c4e83b000000001fffe83b01
000008200000001019efe6000000000fe3d01c200000001fffe000000000001ffff81341
0000084000000007df1820e00000001fee0011e00000001fbd8042600000001ffff003e3
0000086000000010488fb7600000000fe1101ee0000000180247fda00000001fffe7f261
0000088000000019e4a61b400000000de95216a00000001fffe000000000001ffff04341
000008000000000035bfca400000000feb5014a0000000080f77f0800000001fffe79ac1
0000082000000007dd1822e00000001fea0015e000000002541dabe00000001ffffdabe1
0000084000000000383fc7c00000000fe0501fa00000001fffe000000000001fffe7f761
0000086000000015a18a5e600000000fe3101ce00000001d74228bc00000001fffe225e1
00000880000000082c97d3600000001fd90026e000000000225fdda00000001fffffdda1
000008000000000fc4903b60000000183907c6e00000001fffe000000000001ffff013a1
000008200000001834a7cb400000001fd94026a00000001834a7cb400000001fffe7cb41
0000084000000000353fcac00000000fea5015a00000001244edbb000000001fffedbb01
000008600000000029dfd6200000000fe3901c600000001fffe000000000001fffe803a1
000008800000000fde70218000000017fcc803200000001fcb6034800000001ffff001a3
0000080000000007d3182ce00000001fe60019e000000004ec5b13a00000001ffffb13a1
0000082000000009c89637600000000e3111cee00000001fffe000000000001fffe01681
000008400000000ff4f00b000000001819c7e6200000000ff4f00b000000001ffff012a1
000008600000000027dfd8200000000fef9010600000001c4f43b0a00000001fffe7f8c1
00000880000000003ebfc1400000000fed5012a00000001fffe000000000001fffe7e421
0000080000000000459fba600000000feb1014e0000000081e77e1800000001ffff782e1
00000820000000082c97d3600000001fc90036e000000000421fbde00000001fffffbde1
000008400000000ff4300bc000000017e84817a00000001fffe000000000001ffff03161
0000086000000015910a6ee00000000fe2101de00000001d63c29c200000001ffff24661
0000088000000017e80817e00000001fe0001fe000000002105defa00000001ffffdefa1
000008000000000030bfcf400000000fe1501ea00000001fffe000000000001fffe7fde1
0000082000000000157fea800000000fead0152000000007eed811200000001fffe7b7a0
000008400000001fdb60248000000017f6c80920000000181d87e2600000001fffe7e261
00000860000000104b0fb4e00000000fe61019e00000001fffe000000000001ffff7e0e1
000008800000000ff870078000000017d0c82f200000000ff87007800000001ffff03f01
0000080000000000137fec800000000fe6d019200000001d8de272000000001fffe81661
000008200000000b0bd4f4200000000cd79328600000001fffe000000000001fffe02ea1
0000084000000007fe3801c00000001fec4013a00000001fda0025e00000001fffe00023
000008600000000371bc8e400000000fe3501ca00000000de6f219000000001fffe4bb21
00000880000000002ddfd2200000000feb9014600000001fffe000000000001fffe7f721
00000800000000083eb7c1400000001fdd4022a0000000083eb7c1400000001ffff7c141
00000820000000180567fa800000001fdac025200000000fc5d03a200000001ffff02141
00000840000000182ba7d4400000001fe74018a00000001fffe000000000001fffe007c3
000008600000000ead1152e0000000092a16d5e00000000fc69039600000001fffe001c3
00000880000000182887d7600000001fd1002ee00000000fc2503da00000001ffff03801
000008000000001fc4803b60000000183907c6e00000001fffe000000000001fffe013a1
000008200000001d1482eb600000000ad91526e00000001fdc8023600000001ffff00063
000008400000000ff4300bc000000017f84807a00000001020cfdf200000001fffefdf01
000008600000000fc1903e60000000182307dce00000001fffe000000000001ffff02b61
00000880000000101c6fe3800000000fe8d0172000000017f3c80c200000001ffff77e00
000008000000000833d7cc200000001fa78058600000000fdf3020c00000001ffff03dc1
000008200000001fee4011a0000000182c87d3600000001fffe000000000001fffe00543
000008400000000832b7cd400000001fd5402aa00000000832b7cd400000001ffff7cd61
0000086000000000353fcac00000000fea5015a00000001f2480db600000001fffe7f221
0000088000000000491fb6e00000000fe2101de00000001fffe000000000001fffe7e561
0000080000000000481fb7e00000000fe0101fe0000000081897e7600000001fffe78a01
0000082000000005209adf600000000fe1101ee000000000421fbde00000001fffffbdc1
000008400000000fe4101be000000017e80817e00000001fffe000000000001ffff044e1
000008600000000810f7ef000000000fe1d01e200000000fe2f01d000000001fffe00043
000008800000001fc7803860000000183f07c0e0000000181e67e1800000001fffe7e181
00000800000000141ccbe3200000000fe99016600000001fffe000000000001ffff40ac1
0000082000000010264fd9a00000000fec901360000000180047ffa00000001fffe7a301
000008400000000832b7cd400000001fd5402aa0000000004a9fb5600000001fffffb581
0000086000000007e5381ac00000001fea4015a00000001fffe000000000001ffff04201
00000880000000065959a6a00000000fe2901d600000000e2bd1d4200000001fffe184a1
00000800000000004a1fb5e00000000fe4101be00000001a980567e00000001fffe7e301
0000082000000005201adfe00000000fe0101fe00000001fffe000000000001fffe30fc1
000008400000000020dfdf200000000fe1901e6000000007f2b80d400000001fffe7a2c1
000008600000001fe64019a0000000182c87d360000000180947f6a00000001fffe7f6c1
000008800000000032bfcd400000000fe5501aa00000001fffe000000000001fffe7f861
0000080000000010c5cf3a200000000feb901460000000189f8760600000001ffff700a1
00000820000000101e6fe1800000000fecd0132000000010498fb6600000001fffefb641
0000084000000007d3182ce00000001fe60019e00000001fffe000000000001ffff05761
0000086000000007c8f837000000001fe1c01e200000001f9a4065a00000001ffff000e0
000008800000001e67c19820000000098f967060000000098f5670a00000001ffff670a1
00000800000000031ebce1400000000fed5012a00000001fffe000000000001fffe50421
0000082000000000255fdaa00000000fea90156000000007feb801400000001fffe7b101
0000084000000017dae825000000000fe5d01a20000000081b97e4600000001ffff7e481
0000086000000010470fb8e00000000fee1011e00000001fffe000000000001ffff7dbc1
000008800000000fb8b04740000000185147aea00000000fb8b047400000001ffff048a1
000008000000001ae5251ac00000000cfa5305a00000000ff4b00b400000001ffff034e1
00000820000000180967f6800000001fc2c03d200000001fffe000000000001fffe04461
00000840000000003b3fc4c00000000fe65019a0000000080f77f0800000001fffe77dc0
000008600000001ff9e006000000001803c7fc20000000181787e8600000001fffe7e881
00000880000000103f2fc0c00000000fee5011a00000001fffe000000000001ffff7e281
0000080000000007d91826e00000001fe2001de00000001faa0055e00000001fffe00843
0000082000000010488fb7600000000fe1101ee00000001fc2403da00000001ffff7e681
000008400000001834a7cb400000001fd94026a00000001fffe000000000001fffe009a3
0000086000000000157fea800000000fead0152000000007eef811000000001fffe7bfa0
0000088000000007db1824e00000001fe60019e0000000003c3fc3c00000001fffffc3c1
00000800000000081877e7800000001fb0c04f200000001fffe000000000001ffff046e1
0000082000000017f3480ca00000001fe68019600000000fc9b036400000001fffe001c3
000008400000000fba3045c0000000182447dba00000001fe88017600000001ffff029e1
0000086000000017d1082ee00000001fe2001de00000001fffe000000000001fffe05ce1
00000880000000080857f7a00000001fe0801f600000001fd84027a00000001fffe000e3
000008000000000022dfdd200000000fe5901a60000000188b4774a00000001fffe80801
000008200000000036bfc9400000000fed5012a00000001fffe000000000001fffe7ed61
0000084000000007e5381ac00000001fea4015a00000001fbdc042200000001fffe00063
000008600000001829a7d6400000001fa3405ca00000000b56d4a9200000001ffff4a901
0000088000000006ad9952600000000feb1014e00000001fffe000000000001fffe17801
00000800000000180c47f3a00000001fe88017600000000fe3d01c200000001fffe00083
0000082000000019b2c64d200000000e3591ca60000000001b7fe4800000001fffffe481
000008400000000846d7b9200000001f9d8062600000001fffe000000000001ffff02ce1
000008600000000c5653a9a00000000bbc9443600000000c5653a9a00000001ffff3a981
0000088000000010428fbd600000000fe5101ae0000000181a67e5800000001ffff7b961
000008000000001024cfdb200000000fe99016600000001fffe000000000001ffff80301
0000082000000007e61819e00000001fec0013e00000001fbf6040800000001fffe00363
000008400000000fe0d01f2000000017f1880e6000000010332fccc00000001fffefcca1
000008600000000fe65019a0000000181c87e3600000001fffe000000000001ffff00f83
00000880000000061259eda00000000fe4901b600000000de67219800000001ffff1a421
0000080000000010126fed800000000fe4d01b200000001829a7d6400000001ffff817a1
0000082000000010136fec800000000fe6d019200000001fffe000000000001ffff81661
00000840000000124b4db4a00000000fe69019600000001a1f05e0e00000001fffe590a1
00000860000000104a8fb5600000000fe5101ae000000019ba0645e00000001ffff7e1e1
0000088000000000343fcbc00000000fe85017a00000001fffe000000000001fffe7f481
000008000000001b5124aec00000000c92536da00000001fd3802c600000001ffff00023
000008200000000029dfd6200000000fe3901c6000000017e72818c00000001fffe82141
00000840000000142e4bd1a00000000fec9013600000001fffe000000000001ffff3f561
0000086000000011326ecd800000000fe4d01b200000001906e6f9000000001ffff63800
0000088000000019c3c63c200000000e2791d8600000000fff7000800000001ffff025a1
0000080000000017cee831000000001fedc012200000001fffe000000000001fffe05341
0000082000000017f74808a00000001fee8011600000000fd5b02a400000001fffe000e3
00000840000000103a2fc5c00000000fe4501ba00000001f78a087400000001ffff7f2e1
000008600000000ee1511ea0000000091296ed600000001fffe000000000001fffe01c21
00000880000000081a77e5800000001fc4c03b200000001fcde032000000001ffff000e3
000008000000000fd3b02c4000000017f74808a000000017cee831000000001fffe83101
00000820000000114deeb2000000000febd014200000001fffe000000000001ffff6d6a1
000008400000001a7f6580800000000d6ed291200000001fde4021a00000001ffff00023
000008600000001fcbc03420000000182787d860000000180f67f0800000001fffe7f0a1
00000880000000102ecfd1200000000fed9012600000001fffe000000000001ffff7f3a1
00000800000000180647f9a00000001fec8013600000000fe0701f800000001ffff00083
000008200000001bd2c42d200000000c0593fa60000000004b1fb4e00000001fffffb4e1
0000084000000007f63809c00000001fec4013a00000001fffe000000000001ffff02fa1
000008600000001651c9ae200000000fe3901c600000001e2581da600000001ffff17581
000008800000001fde602180000000180cc7f3200000001019efe6000000001fffefe601
000008000000000ff3f00c000000001817c7e8200000001fffe000000000001ffff00903
00000820000000184fe7b0000000001fbfc04020000000184fe7b0000000001fffe7b001
000008400000001fbf604080000000181ec7e120000000181d87e2600000001fffe7e261
00000860000000103b2fc4c00000000fe65019a00000001fffe000000000001ffff7f081
000008800000001fe9c0162000000007f3980c600000001fcc8033600000001ffff00103
00000800000000104e0fb1e00000000fec1013e000000017f82807c00000001fffe80501
000008200000001b3044cfa00000000cc0933f600000001fffe000000000001ffff01f01
000008400000000fa2105de00000001864079be00000000fa2105de00000001ffff05ec1
000008600000001e0041ffa000000009f0960f600000000ff1300ec00000001ffff026e1
000008800000001fd2602d800000001804c7fb200000001fffe000000000001fffe03901
000009000000001c6d802c4000000003fe27c8a00000001cdce000000000001cdce00ae3
000009200000001c978812c00000001c8a2015a00000001c395039600000000feff00027
00000940000000034547e6600000001c6f402ce0000000023b5fb9e000000017c4ffb9e1
000009600000001c135033e0000000030347f7e00000001cdce000000000001cdcf03da1
0000098000000017e022cf2000000009e5554e600000001c68202d200000001c683000e3
00000900000000053996794000000019163172a0000000038957d5600000001661b7d561
00000920000000137743eae00000000dcb5445e00000001cdce000000000001cdcf04241
000009400000000040ff27000000001ca4301e20000000018b9755c000000014f556d901
0000096000000019bf8958c00000001c9a3011a00000001c519023400000000e69d17b41
000009800000001d862056a000000002a9479d600000001cdce000000000001cdce00a63
00000900000000020837b5200000001d75406a600000001c1a2031a00000001c1a2000e3
000009200000001dfaf04980000000039027d3200000001184e35600000000199b0355e1
00000940000000066c36ac20000000197d5168600000001cdce000000000001cdd002561
0000096000000002195fb1600000001c975012e0000000038f57d4e000000016c2577821
000009800000000370efeb000000001c84301620000000036cefec0000000018054fec01
0000090000000003fc37c8200000001ddd4040600000001cdce000000000001cdcf018c1
0000092000000003983fd1200000001c95501260000000031197f3400000001840079aa1
000009400000001cfb8809c00000001c922013a000000003803fd7200000000fefffd725
0000096000000003a597de400000001dae205ca00000001cdce000000000001cdcf04b01
0000098000000003942fd2200000001c8d5014600000000302e7f7800000001832679ae1
000009000000001bd829c1200000001c955012600000001ccef004800000000ff011e3a5
000009200000001cb82019200000001cd54802600000001cdce000000000000fefe02cc5
0000094000000003ba2fd9a00000001c915013600000000322e7ff80000000185c479e01
000009600000000368ffed000000001cb4301a200000001dcce044000000001dcce817c1
000009800000001dbc20582000000003dd47c0600000001cdce000000000001cdce028c1
00000900000000035aefe1800000001c903013200000001ccf8804c00000001ccf979581
0000092000000008ed4d0c600000001cbf5018e0000000021b5fb1e00000001dbc9fb1e1
000009400000001c935013e00000001c834817e00000001cdce000000000000feff03dc5
000009600000001da1505f60000000026747aee00000001ca7801ec00000001ca7800083
000009800000000370efeb000000001c8430162000000003ad87dc4000000018055810e1
0000090000000003be2fd8a00000001c995011600000001cdce000000000001cdcf7fac1
00000920000000014b8f65c00000001cb2301ba000000002978792c0000000160f36fb01
0000094000000003a42fde200000001cad501c600000001cbf4018e00000001cbf780ac1
000009600000001d9b4051e000000002934793e00000001cdce000000000001cdce005a3
000009800000000be345cfe00000001463522fe00000000be325cfe00000000be325cfe1
000009000000001c63802fc0000000036227efa00000001f20e8ff000000001f20e8ff01
000009200000001b24f1fe0000000004ec360c200000001cdce000000000001cdce01a41
00000940000000021f5fb0e00000001c9b5011e0000000039557d26000000016caa77e81
0000096000000003c19fc7400000001ca6301ea00000001da8205d200000001da827f661
00000980000000037547ea600000001c4f4024e00000001cdce000000000001cdce02141
000009000000001f5380e3c000000000423727a00000001ca8201d200000001ca8300003
000009200000001ce4f00e00000000036c27ec2000000003fc27c820000000186247c801
00000940000000151d8a70400000001c9e3010a00000001cdce000000000001cdcf29101
0000096000000013d6f3c2800000000d483465200000001c3cf038000000001c3ce001c3
0000098000000004cf9e04c00000001cba3019a000000003d19fc3400000001999dfc341
000009000000001d863056a000000002a9479d600000001cdce000000000001cdcf00a63
0000092000000003c987c5400000001d76206aa00000001ddaf041800000001ddae00163
0000094000000002355fba600000001c8f5014e0000000023b4fb9e000000016d4efb9e1
000009600000001c539023c0000000034227e7a00000001cdce000000000001cdcf01d21
0000098000000009e4354e2000000017ed52cc600000001c74f02a000000001c74e00163
000009000000001cd99001400000001c562822a00000001d882055200000000ff0005465
000009200000001df5804a40000000024e27a4a00000001cdce000000000001cdce00863
000009400000001cd63802a00000001c894015600000001c7c2028200000000feff001a7
00000960000000030a27f5a00000001cb1401b6000000003c79fc6c000000017cc3fc6a1
00000980000000032a37fda00000001cb1401b600000001cdce000000000001cdcf02961
0000090000000003eb8fcdc00000001cb2301ba0000000033b47f9e000000018af2788a1
000009200000001c26303ea000000003e947cd6000000007b786dac0000000182146daa1
000009400000000a0afdb5800000001cb0301b200000001cdce000000000001ecb25e221
000009600000001dae305ca000000002b94799600000001dae505ca00000001dae505d41
000009800000000348efe5000000001cb4301a20000000020d4fb460000000180f4fb461
000009000000001dff9048c0000000039a27d1a00000001cdce000000000001cdcf02b41
000009200000001cc63806a00000001ca9401d600000001c0c2034200000000feff00287
00000940000000088b8515c000000010f2330ba0000000038157d760000000038137d781
000009600000001fa748dee00000001cab501de00000001cdce000000000000ff0110cc5
000009800000000602e6b7800000001960316f200000001c078036c00000001c07900063
0000090000000003ec37cc200000001dbd4058600000001c9f9810c00000001c9f9810c1
00000920000000071aeef1800000001c903013200000001cdce000000000001cdcf714e1
00000940000000022ce7bc000000001c3c203820000000022c87bc00000000167987bc01
0000096000000003dd8fc0400000001c9e3010a00000001c58e021000000001c58f7e0e1
0000098000000003d427c2200000001d8d4054600000001cdce000000000001cdce02721
000009000000001cdb9801c00000001c922013a00000001c4ae025800000000ff0100087
000009200000001de6e04e8000000003a837dd2000000003b43fda2000000019a13fda21
00000940000000038d97d4400000001cbe2018a00000001cdce000000000001cdd1007e3
000009600000001b96f1d28000000005883655200000001c3c3038200000001c3c200143
000009800000001c4ee02480000000033827f9200000000214e7b200000000179747b201
000009000000000d8c24542000000013fd53c8600000001cdce000000000001cdcf02ea1
000009200000001c1b4031e0000000021347b3e00000001c1b2031e00000001c1b203341
000009400000001ca3401fe00000001ca3481fe00000000362efef800000000fefefef85
000009600000001c60f02f0000000003a427de200000001cdce000000000001cdcf01d21
000009800000001b3f41f8e0000000041b5631e00000001c31403b600000001c315001a3
0000090000000003c197c7400000001d66206ea00000001da8305d200000001da8306421
000009200000001cf5800a40000000034e27e4a00000001cdce000000000001cdce00683
000009400000001c979812c00000001c8a2015a00000001c38e039000000000feff00167
000009600000001cc62806a00000001ca9401d600000001c76f02a800000000ff0001e25
000009800000001cc8e00500000000033427fa200000001cdce000000000001cdce00823
0000090000000017bf82d8c000000009da3541a00000001c70202b200000001c70300043
00000920000000064796a6c0000000192a317da000000016f19a8b4000000017833a8b21
0000094000000003863fd6a00000001ca9501d600000001cdce000000000001cdd0804c1
00000960000000020827b5200000001d75406a600000001c1af031800000001c1af00043
0000098000000003fb9fc9c00000001c923013a00000000340efe700000000189f2fe701
000009000000001de4f04e00000000026c27ac200000001cdce000000000001cdcf00d23
00000920000000021cf7b0000000001ddc204020000000021c97b000000000180977b001
000009400000001cde3800a00000001c994011600000000316f7f2800000000feff7f2a5
000009600000000348efe5000000001cb4301a200000001cdce000000000001cdcf81121
00000980000000023ce7b8000000001ddc204020000000023c87b800000000182967b801
000009000000001c5f5820e00000001c9b4011e00000000352ffe3800000000ff01fe385
000009200000001c00f837000000001ca4201e200000001cdce000000000000feff065a5
00000940000000023f4fb8e00000001c9b5011e000000003b187db4000000016eab78161
000009600000001f40e0e70000000000e4370e20000000036cffec0000000018353fec01
000009800000001cbc3018200000001cdd4800600000001cdce000000000000ff01028c5
000009000000001c9a2011a0000000035147e3600000001c9a4011a00000001c9a401c41
00000920000000032a27fda00000001cb1401b600000001c475826e00000001c475826c1
0000094000000003eb8fcdc00000001cb2301ba00000001cdce000000000001cdd17f9c1
000009600000001ca5401e60000000036f47ece00000001cb3501be00000001cb3500063
00000980000000021027b3200000001d85405660000000076e36eca000000017a396eca1
0000090000000003f99fc9400000001c963012a00000001cdce000000000001cdce7ed61
00000920000000037547ea600000001c4f4024e00000001c5b9021c00000001c5b900103
0000094000000002135fb3e00000001c835017e00000001da2205fa00000001da247dda1
000009600000001da1405f60000000022747bee00000001cdce000000000001cdce02e61
0000098000000015334a7be00000001c835017e0000000164d82a44000000009c7325181
000009000000001360e3ef000000000ca4341e2000000003ad97dc40000000181557dc41
00000920000000013eef78800000001c983011200000001cdce000000000001cdcf79a21
000009400000001c8e3014a000000003b947d9600000001c8e5014a00000001c8e701ce1
0000096000000003c99fc5400000001cb6301aa0000000038947d5600000001891a7f721
0000098000000002374fbae00000001c8b5015e00000001cdce000000000001cdcf7e261
000009000000001d835057e000000003a347dfe00000001dc18047400000001dc1900443
0000092000000009a0355f2000000017e552ce60000000092f557ce00000001995357cc1
00000940000000023b5fb9e00000001c935013e00000001cdce000000000001cdd07e001
00000960000000036237efa00000001ca1501f600000001ca2301fa00000001ca2300083
0000098000000003e99fcd400000001cb6301aa00000001c498025400000001c4987f861
000009000000000336e7fa800000001c482025200000001cdce000000000001cdce03181
00000920000000034d47e4600000001c7f4028e00000001ca1901f400000001ca1800063
0000094000000003d38fc3c00000001c823017a000000003a02fdf2000000018662fdf01
00000960000000036557ee600000001caf401ce00000001cdce000000000001cdcf01b61
000009800000000d10f4730000000011043376200000000d109473000000000d10947301
0000090000000003bc3fd8200000001c9d5010600000001c5f4820e00000001c5f482401
00000920000000055b4e61e00000001c935013e00000001cdce000000000001cdcf68621
0000094000000010e1930f400000000866352ea00000001deb904dc00000001deba00143
0000096000000002354fba600000001c8f5014e000000003fb8fc9c000000016d4cfc9c1
000009800000000352f7e3800000001dc02047200000001cdce000000000001cdcf03c21
000009000000001c6f802cc0000000037a27e9a00000001c40f027000000001c40e00003
000009200000001504fa76000000001cac301c2000000003fd9fc84000000009c25fc821
000009400000001cdef000800000001c982811200000001cdce000000000000feff00247
0000096000000003cd9fc4400000001cbe3018a0000000036157ef60000000189bd77ac1
000009800000001c56e02280000000030827f5200000000234e7ba00000000177147ba01
000009000000001ecc20842000000002fd5788600000001cdce000000000001cdcf01ea1
0000092000000003d99fc1400000001c963012a0000000034cf7e4000000001881a76481
000009400000001c34303a20000000038d47d46000000014be2a18a000000017d28a1881
000009600000000c59542160000000135753e2e00000001cdce000000000001cdce01481
000009800000000372e7eb800000001c002037200000001c139033c00000001c13800083
000009000000001c6cf02c0000000003bc27d8200000001ddd8040400000001ddd803b41
000009200000001cde2800a00000001c994011600000001cdce000000000000fefe02205
000009400000001c4ae025800000001cf0280b200000001dd59042400000000feff00047
000009600000001c6f582ce00000001cbb4019e00000001c539023c00000000ff01059c5
000009800000001cc2e007800000001c60282f200000001cdce000000000000ff0003d25
00000900000000022f4fbce00000001cbb5019e00000000342e7e78000000016faa77381
000009200000001c823017a000000003a147df600000001ce6280ea00000001ce6280e81
0000094000000002294fbd600000001cb7501ae00000001cdce000000000001cdd17e8c1
000009600000000f315cfb600000001c875016e000000008503523200000001fefe4cc85
000009800000001c71802b4000000003c627c6a00000001de9804d400000001de9804e81
000009000000000336e7fa800000001c082035200000001cdce000000000001cdce04181
00000920000000114eeb64800000001cb8301920000000129ce390000000000617531881
00000940000000020ce7b4000000001dfc20482000000009dd9d404000000009dd7d4041
00000960000000169efa90800000001c983011200000001cdce000000000001cdcc2b1c1
00000980000000034d47e4600000001c7f4028e00000001ca1501f600000001ca1400043
000009000000000c923413a0000000134153e7600000001c67582ee00000001c67582ee1
0000092000000003eb8fcdc00000001cb2301ba00000001cdce000000000001cdcf7f9a1
0000094000000003e79fcec00000001caa301da0000000032d57fc6000000018a34777c1
000009600000000344ffe6000000001cac301c2000000003fd8fc84000000018024fc861
000009800000001cde3800a00000001c994011600000001cdce000000000000ff0102205
00000900000000020827b5200000001d75406a600000001c1a3031a00000001c1a3000e3
000009200000001dba2059a000000002914793600000001dc6e046800000001dc6e04761
000009400000001c28e83d000000001cb4201a200000001cdce000000000000fefe067a5
000009600000001c3e2038a000000003d947c1600000001c3e4038a00000001c3e403c01
000009800000001a4b59a5e00000001cb3501be00000001c835817e00000000f107817e1
0000090000000008a34d1fe00000001ca3501fe00000001cdce000000000001d57554fc1
0000092000000003e197cf400000001c66202ea000000003e1f7cf40000000185837cf41
000009400000001db7505ae0000000038b47d5e00000001c72e02b800000001c73103701
000009600000001c00e837000000001ca4201e200000001cdce000000000000ff00065c5
00000980000000023f4fb8e00000001c9b5011e000000003b147db6000000016eab77aa1
0000090000000017414ae7600000001ca7501ee00000001ceb980dc00000001ceb980dc1
0000092000000003b22fdba00000001c815017600000001cdce000000000001cdcf80421
0000094000000003e987cd400000001d76206aa00000001dfd9048400000001dfda000a3
000009600000000134e77a000000001d0c3074200000000bbcfdd8000000000bbcfdd801
00000980000000125cfba0000000001c9c3010200000001cdce000000000001cdce3c021
0000090000000003dd9fc0400000001c9e3010a0000000035f57e0e0000000188bc73401
0000092000000003d437c2200000001d8d4054600000001cff9808c00000001cff9808c1
00000940000000039a3fd1a00000001c915013600000001cdce000000000001cdd07f541
00000960000000032a27fda00000001cb1401b600000001c7b5029e00000001c7b500103
0000098000000002295fbd600000001cb7501ae00000001f8b48d5e00000001f8b48d5e1
000009000000001a3391bbc000000005823657a00000001cdce000000000001cdce02481
0000092000000003e58fce400000001cae301ca0000000033187fb4000000018a4278861
000009400000001dd6f04280000000034827e5200000001db5405a600000001db5605441
000009600000001dcf8044c000000003fa27c9a00000001cdce000000000001cdce020a1
000009800000001c0540366000000003af47dce00000001c4f9024c00000001c4f900123
000009000000001c539023c0000000030227f7a000000003a147df60000000176627df61
000009200000000fe744cee0000000106b532de00000001cdce000000000001cdcf00e63
0000094000000005022677a00000001ae1518f600000001c838017c00000001c83a00083
0000096000000003eb8fcdc00000001cb2301ba000000001014f776000000018af2f7761
0000098000000007279efec00000001caa301da00000001cdce000000000001cdce72c81
000009000000001c44f0260000000003ac27dc200000001c902013200000001c90300043
000009200000001c5f5820e00000001c9b4011e00000001dd2f043800000000feff05325
000009400000001c00e837000000001ca4201e200000001cdce000000000000fefe065a5
000009600000001c3d50386000000003df47c0e00000001c3d3038600000001c3d303b81
000009800000001f50f0e30000000000c4370620000000036cffec0000000018255fec01
00000900000000023cf7b8000000001ddc2040200000001cdce000000000001cdcf00c23
000009200000001d5e3860a00000001c995011600000001ed6f082800000000feff02c85
0000094000000010c823052000000008b5551a6000000003cf9fc4c000000003cf7fc4e1
00000960000000033a37f9a00000001c914013600000001cdce000000000001cdcf01f01
000009800000001ceaf00d800000001c70282b200000001cea900d800000000ff01048a5
000009000000001c6f482ce00000001cbb4019e00000000f9394d3c00000000ff014d3c5
000009200000000342ffe7800000001ca0301f200000001cdce000000000001cdce816c1
000009400000001cae201ca0000000037947e9600000001c859016400000001c85a00063
0000096000000003cb9fc5c00000001cb2301ba00000001cc18007400000001cc187f2e1
000009800000001c26203ea0000000022947bd600000001cdce000000000001cdce00e03
000009000000001c08e835000000001cb4201a200000001d595061600000000ff0100765
00000920000000037eefe8800000001c983011200000000214e7b20000000018275809a1
00000940000000064c2ea4200000001cbd5018600000001cdce000000000001cdd16cec1
000009600000000899851140000000179632d2a00000000899e511400000000899651141
000009800000001c77482ae00000001c8b4015e000000014b3521be00000000ff0121be5
000009000000000c439427c0000000136233efa00000001cdce000000000001cdce02781
0000092000000003e427ce200000001ded404c600000001c74f02a000000001c74e00163
0000094000000017198af1400000001c963012a000000002095fb5600000000bc1bfb581
000009600000001c77582ae00000001c8b4015e00000001cdce000000000000ff0105245
000009800000000342efe7800000001ca0301f200000001c86e816800000001c86f7b6e1
00000900000000032ee7fc800000001c782029200000001c943012200000001c942031e1
000009200000001d8d405460000000023f47b8e00000001cdce000000000001cdce01fa1
0000094000000002134fb3e00000001c835017e000000003a827dd2000000016a7578121
000009600000001c20f83f000000001ca4201e20000000142cf23c000000000ff0123c05
000009800000000d3cf4780000000012dc3380200000001cdce000000000001cdce00c23
000009000000001cdf9000c00000001c9a2811a00000001cdff000c00000000ff0100407
0000092000000003862fd6a00000001ca9501d6000000003f78fcac000000018416fcaa1
00000940000000030a37f5a00000001cb1401b600000001cdce000000000001cdd102281
000009600000001fa950dd600000000077572ae00000001cbcf018000000001cbce000c3
0000098000000003b147db600000001c074036e00000001c6b902dc00000001c6b901461
000009000000001df2e04b80000000038027d7200000001cdce000000000001cdce033e1
00000920000000096cfd6c000000001cbc3018200000000a895595600000001e39753101
0000094000000003df9fc0c00000001c9a3011a00000001cd0e003000000001cd107e261
000009600000001cc4e00600000000032c27fc200000001cdce000000000001cdce00aa3
000009800000001cde2800a00000001c994011600000001c563022a00000000ff0100127
00000900000000038957d5600000001c77402ae0000000030a37f5a0000000181277f5a1
0000092000000004b1461b600000001b0751f6e00000001cdce000000000001cdcf02381
000009400000000372efeb800000001c803017200000001c934813e00000001c93674001
00000960000000022d5fbc600000001cbf5018e00000000a1b85b1c00000000a1b87e621
000009800000001112fb73800000001c803017200000001cdce000000000001cdce39c21
000009000000001ceee00c800000001cb82819200000001cee800c800000000ff00036c5
00000920000000034d47e4600000001c7f4028e000000003db9fc1c000000017dc9fc1a1
000009400000001d923053a0000000024147a7600000001cdce000000000001cdd100e63
00000960000000036ae7ed800000001df0204b200000001df99049400000001df99001e3
00000980000000036eefec800000001cb83019200000001b9421d2200000001b94381661
0000090000000003cd9fc4400000001cbe3018a00000001cdce000000000001cdce7ef21
000009200000000a979d92c00000001c8a3015a00000000a3995b9400000001f33253781
000009400000001c04203620000000036d47ec60000000147f8228c000000017828228c1
000009600000000d9af4518000000013d033c3200000001cdce000000000001cdce02501
0000098000000003ec27cc200000001dfd4048600000001c4b5025e00000001c4b5000e3
000009000000001c18203120000000035547e2600000001fcf48c4e00000001fcf48c4e1
000009200000001afb9189c000000006d23683a00000001cdce000000000001cdce01f81
000009400000000c654c2e600000001caf501ce00000000db3845bc00000001ff003f5c5
00000960000000039147d3600000001c474026e00000001caa301da00000001caa300fc3
000009800000001c71802b400000001cc62806a00000001cdce000000000000ff0004345
00000000000000001fffffe000000007e000000000000000000000000000000010000001
00000020000000001fffffe000000007e00000000000000000000000000000000fffffe3
00000040000000001fffffe000000007e00000000000000000000000000000000fffffe3
00000060000000001fffffe000000007e000000000000000000000000000000010000001
00000080000000001fffffe000000007e000000000000000000000000000000010000001
00000000000000001fffffe000000007d000000000000000000000000000000008000003
00000020000000001fffffe000000007d000000000000000000000000000000007ffffe3
00000040000000001fffffe000000007d000000000000000000000000000000007ffffe3
00000060000000001fffffe000000007d000000000000000000000000000000008000003
00000080000000001fffffe000000007d000000000000000000000000000000008000003
00000000000000001fffffe000000007f000002000000000000000000000000020000001
00000020000000001fffffe000000007f000002000000000000000000000000020000001
00000040000000001fffffe000000007f000002000000000000000000000000020000001
00000060000000001fffffe000000007f000002000000000000000000000000020000021
00000080000000001fffffe000000007f000002000000000000000000000000020000001
000000000000000000000020000000000000002000000000000000000000000000000003
000000200000000000000020000000000000002000000000000000000000000000000003
000000400000000000000020000000000000002000000000000000000000000000000003
000000600000000000000020000000000000002000000000000000000000000000000023
000000800000000000000020000000000000002000000000000000000000000000000003
00000000000000000000002000000007f000000000000000000000000000000000000020
00000020000000000000002000000007f000000000000000000000000000000000000020
00000040000000000000002000000007f000000000000000000000000000000000000020
00000060000000000000002000000007f000000000000000000000000000000000000020
00000080000000000000002000000007f000000000000000000000000000000000000020
00000000000000101fffffe000000007e000000000000000000000000000001010000001
00000020000000101fffffe000000007e00000000000000000000000000000100fffffe3
00000040000000101fffffe000000007e000000000000000000000000000001010000001
00000060000000101fffffe000000007e00000000000000000000000000000100fffffe3
00000080000000101fffffe000000007e000000000000000000000000000001010000001
00000000000000101fffffe000000007d000000000000000000000000000001008000003
00000020000000101fffffe000000007d000000000000000000000000000001007ffffe3
00000040000000101fffffe000000007d000000000000000000000000000001008000003
00000060000000101fffffe000000007d000000000000000000000000000001007ffffe3
00000080000000101fffffe000000007d000000000000000000000000000001008000003
00000000000000101fffffe000000007f000002000000000000000000000001020000001
00000020000000101fffffe000000007f000002000000000000000000000001020000001
00000040000000101fffffe000000007f000002000000000000000000000001020000021
00000060000000101fffffe000000007f000002000000000000000000000001020000001
00000080000000101fffffe000000007f000002000000000000000000000001020000001
000000000000001000000020000000000000002000000000000000000000001000000003
000000200000001000000020000000000000002000000000000000000000001000000003
000000400000001000000020000000000000002000000000000000000000001000000023
000000600000001000000020000000000000002000000000000000000000001000000003
000000800000001000000020000000000000002000000000000000000000001000000003
00000000000000100000002000000007f000000000000000000000000000001000000020
00000020000000100000002000000007f000000000000000000000000000001000000020
00000040000000100000002000000007f000000000000000000000000000001000000020
00000060000000100000002000000007f000000000000000000000000000001000000020
00000080000000100000002000000007f000000000000000000000000000001000000020
00000400000000000000ffe0000000000007000000000000000000000000001fffe08001
00000420000000000000ffe0000000000007000000000000000000000000001fffe07fe3
00000440000000000000ffe0000000000007000000000000000000000000001fffe07fe3
00000460000000000000ffe0000000000007000000000000000000000000001fffe08001
00000480000000000000ffe0000000000007000000000000000000000000001fffe08001
00000400000000000000ffe0000000000006800000000000000000000000001fffe04003
00000420000000000000ffe0000000000006800000000000000000000000001fffe03fe3
00000440000000000000ffe0000000000006800000000000000000000000001fffe03fe3
00000460000000000000ffe0000000000006800000000000000000000000001fffe04003
00000480000000000000ffe0000000000006800000000000000000000000001fffe04003
00000400000000000000ffe0000000000007802000000000000000000000001fffe10001
00000420000000000000ffe0000000000007802000000000000000000000001fffe10001
00000440000000000000ffe0000000000007802000000000000000000000001fffe10001
00000460000000000000ffe0000000000007802000000000000000000000001fffe10021
00000480000000000000ffe0000000000007802000000000000000000000001fffe10001
000004000000000000000020000000000000002000000000000000000000001fffe00003
000004200000000000000020000000000000002000000000000000000000001fffe00003
000004400000000000000020000000000000002000000000000000000000001fffe00003
000004600000000000000020000000000000002000000000000000000000001fffe00023
000004800000000000000020000000000000002000000000000000000000001fffe00003
000004000000000000000020000000000007800000000000000000000000001fffe00020
000004200000000000000020000000000007800000000000000000000000001fffe00020
000004400000000000000020000000000007800000000000000000000000001fffe00020
000004600000000000000020000000000007800000000000000000000000001fffe00020
000004800000000000000020000000000007800000000000000000000000001fffe00020
00000400000000000010ffe0000000000007000000000000000000000000001ffff08001
00000420000000000010ffe0000000000007000000000000000000000000001ffff07fe3
00000440000000000010ffe0000000000007000000000000000000000000001ffff08001
00000460000000000010ffe0000000000007000000000000000000000000001ffff07fe3
00000480000000000010ffe0000000000007000000000000000000000000001ffff08001
00000400000000000010ffe0000000000006800000000000000000000000001ffff04003
00000420000000000010ffe0000000000006800000000000000000000000001ffff03fe3
00000440000000000010ffe0000000000006800000000000000000000000001ffff04003
00000460000000000010ffe0000000000006800000000000000000000000001ffff03fe3
00000480000000000010ffe0000000000006800000000000000000000000001ffff04003
00000400000000000010ffe0000000000007802000000000000000000000001ffff10001
00000420000000000010ffe0000000000007802000000000000000000000001ffff10001
00000440000000000010ffe0000000000007802000000000000000000000001ffff10021
00000460000000000010ffe0000000000007802000000000000000000000001ffff10001
00000480000000000010ffe0000000000007802000000000000000000000001ffff10001
000004000000000000100020000000000000002000000000000000000000001ffff00003
000004200000000000100020000000000000002000000000000000000000001ffff00003
000004400000000000100020000000000000002000000000000000000000001ffff00023
000004600000000000100020000000000000002000000000000000000000001ffff00003
000004800000000000100020000000000000002000000000000000000000001ffff00003
000004000000000000100020000000000007800000000000000000000000001ffff00020
000004200000000000100020000000000007800000000000000000000000001ffff00020
000004400000000000100020000000000007800000000000000000000000001ffff00020
000004600000000000100020000000000007800000000000000000000000001ffff00020
000004800000000000100020000000000007800000000000000000000000001ffff00020
000008000000000000001fe0000000000007e00000000000000000000000001fffe01001
000008200000000000001fe0000000000007e00000000000000000000000001fffe00fe3
000008400000000000001fe0000000000007e00000000000000000000000001fffe00fe3
000008600000000000001fe0000000000007e00000000000000000000000001fffe01001
000008800000000000001fe0000000000007e00000000000000000000000001fffe01001
000008000000000000001fe0000000000007d00000000000000000000000001fffe00803
000008200000000000001fe0000000000007d00000000000000000000000001fffe007e3
000008400000000000001fe0000000000007d00000000000000000000000001fffe007e3
000008600000000000001fe0000000000007d00000000000000000000000001fffe00803
000008800000000000001fe0000000000007d00000000000000000000000001fffe00803
000008000000000000001fe0000000000007f02000000000000000000000001fffe02001
000008200000000000001fe0000000000007f02000000000000000000000001fffe02001
000008400000000000001fe0000000000007f02000000000000000000000001fffe02001
000008600000000000001fe0000000000007f02000000000000000000000001fffe02021
000008800000000000001fe0000000000007f02000000000000000000000001fffe02001
000008000000000000000020000000000000002000000000000000000000001fffe00003
000008200000000000000020000000000000002000000000000000000000001fffe00003
000008400000000000000020000000000000002000000000000000000000001fffe00003
000008600000000000000020000000000000002000000000000000000000001fffe00023
000008800000000000000020000000000000002000000000000000000000001fffe00003
000008000000000000000020000000000007f00000000000000000000000001fffe00020
000008200000000000000020000000000007f00000000000000000000000001fffe00020
000008400000000000000020000000000007f00000000000000000000000001fffe00020
000008600000000000000020000000000007f00000000000000000000000001fffe00020
000008800000000000000020000000000007f00000000000000000000000001fffe00020
000008000000000000101fe0000000000007e00000000000000000000000001ffff01001
000008200000000000101fe0000000000007e00000000000000000000000001ffff00fe3
000008400000000000101fe0000000000007e00000000000000000000000001ffff01001
000008600000000000101fe0000000000007e00000000000000000000000001ffff00fe3
000008800000000000101fe0000000000007e00000000000000000000000001ffff01001
000008000000000000101fe0000000000007d00000000000000000000000001ffff00803
000008200000000000101fe0000000000007d00000000000000000000000001ffff007e3
000008400000000000101fe0000000000007d00000000000000000000000001ffff00803
000008600000000000101fe0000000000007d00000000000000000000000001ffff007e3
000008800000000000101fe0000000000007d00000000000000000000000001ffff00803
000008000000000000101fe0000000000007f02000000000000000000000001ffff02001
000008200000000000101fe0000000000007f02000000000000000000000001ffff02001
000008400000000000101fe0000000000007f02000000000000000000000001ffff02021
000008600000000000101fe0000000000007f02000000000000000000000001ffff02001
000008800000000000101fe0000000000007f02000000000000000000000001ffff02001
000008000000000000100020000000000000002000000000000000000000001ffff00003
000008200000000000100020000000000000002000000000000000000000001ffff00003
000008400000000000100020000000000000002000000000000000000000001ffff00023
000008600000000000100020000000000000002000000000000000000000001ffff00003
000008800000000000100020000000000000002000000000000000000000001ffff00003
000008000000000000100020000000000007f00000000000000000000000001ffff00020
000008200000000000100020000000000007f00000000000000000000000001ffff00020
000008400000000000100020000000000007f00000000000000000000000001ffff00020
000008600000000000100020000000000007f00000000000000000000000001ffff00020
000008800000000000100020000000000007f00000000000000000000000001ffff00020
00000500000000078000ffe0000000078007000000000007800000000000000800008001
00000520000000078000ffe0000000078007000000000007800000000000000800007fe3
00000540000000078000ffe0000000078007000000000007800000000000000800007fe3
00000560000000078000ffe0000000078007000000000007800000000000000800008001
00000580000000078000ffe0000000078007000000000007800000000000000800008001
0000050000000000ffe78000000000070007800000000000000780000000000080080001
0000052000000000ffe7800000000007000780000000000000078000000000007fe80003
0000054000000000ffe7800000000007000780000000000000078000000000007fe80003
0000056000000000ffe78000000000070007800000000000000780000000000080080001
0000058000000000ffe78000000000070007800000000000000780000000000080080001
0000090000000007f0001fe000000007f007e00000000007f00000000000000800001001
0000092000000007f0001fe000000007f007e00000000007f00000000000000800000fe3
0000094000000007f0001fe000000007f007e00000000007f00000000000000800000fe3
0000096000000007f0001fe000000007f007e00000000007f00000000000000800001001
0000098000000007f0001fe000000007f007e00000000007f00000000000000800001001
00000900000000001fe7f00000000007e007f000000000000007f0000000000010080001
00000920000000001fe7f00000000007e007f000000000000007f000000000000fe80003
00000940000000001fe7f00000000007e007f000000000000007f000000000000fe80003
00000960000000001fe7f00000000007e007f000000000000007f0000000000010080001
00000980000000001fe7f00000000007e007f000000000000007f0000000000010080001
