0000021fffffffe00000001fffffffe00000001fffffffe00000001fffffffe000000000
0000021fffffffe0000000180fffffe7f00000180fffffe7f000001fffffffe7f0000000
0000021fffffffe0000000100fffffeff00000100fffffeff000001fffffffeff8000010
0000021fffffffe00000000ffffffff00000000ffffffff00000001ffffffff000000000
0000021fffffffc00000003fffffffe00000001fffffffc00000003fffffffe000000020
0000021fffffffc0000000380fffffe7f00000180fffffc7f000003fffffffe7f0000021
0000021fffffffc0000000300fffffeff000001007ffffeff800001fffffffeff8000000
0000021fffffffc00000002ffffffff00000000fffffffd00000003ffffffff000000020
0000021ff00000000fffffffffffffe00000001ff00000000fffffffffffffe00fffffe0
0000021ff00000000ffffff80fffffe7f0000017ffffffe80000001fffffffe800000001
0000021ff00000000ffffff00fffffeff00000100fffffcff000003fffffffeff8000010
0000021ff00000000fffffeffffffff00000000ff00000100ffffffffffffff00fffffe0
0000021fefffffe01000001fffffffe00000001fefffffe01000001fffffffe010000000
0000021fefffffe0100000180fffffe7f00000181fffffe7e000001fffffffe7e0000001
0000021fefffffe0100000100fffffeff0000017dfffffe82000001fffffffeff0000000
0000021fefffffe01000000ffffffff00000001fffffffe00000001fffffffe000000000
0000021fefffffc01000003fffffffe00000001fefffffc01000003fffffffe010000020
0000021fefffffc0100000380fffffe7f00000101000000fefffffffffffffefefffffe1
0000021fefffffc0100000300fffffeff000001807ffffe7f800001fffffffeff0000000
0000021fefffffc01000002ffffffff00000001fffffffc00000003fffffffe000000020
000002180fffffe7f000001fffffffe0000000180fffffe7f000001fffffffe7f0000000
000002180fffffe7f00000180fffffe7f00000100fffffeff000001fffffffeff0000000
000002180fffffe7f00000100fffffeff000000ffffffff00000001fffffffeff0000000
000002180fffffe7f000000ffffffff00000001ff00000000fffffffffffffe00fffffe0
000002180fffffc7f000003fffffffe0000000180fffffc7f000003fffffffe7f0000020
000002180fffffc7f00000380fffffe7f000001007ffffeff800001fffffffeff8000000
000002180fffffc7f00000300fffffeff000000fffffffd00000003fffffffeff0000000
000002180fffffc7f000002ffffffff00000001fefffffe01000001fffffffe010000000
00000217ffffffe80000001fffffffe000000017ffffffe80000001fffffffe800000000
00000217ffffffe8000000180fffffe7f00000100fffffcff000003fffffffeff8000010
00000217ffffffe8000000100fffffeff000000ff00000100fffffffffffffeff0000000
00000217ffffffe80000000ffffffff00000001fefffffc01000003fffffffe010000020
000002181fffffe7e000001fffffffe0000000181fffffe7e000001fffffffe7e0000000
000002181fffffe7e00000180fffffe7f0000017dfffffe82000001fffffffe821000000
000002181fffffe7e00000100fffffeff000001fffffffe00000001fffffffeff0000000
000002181fffffe7e000000ffffffff0000000180fffffe7f000001fffffffe7f0000000
000002101000000fefffffffffffffe0000000101000000fefffffffffffffefefffffe0
000002101000000feffffff80fffffe7f000001807ffffe7f800001fffffffefefffffe1
000002101000000feffffff00fffffeff000001fffffffc00000003fffffffeff0000000
000002101000000fefffffeffffffff0000000180fffffc7f000003fffffffe7f0000020
000002100fffffeff000001fffffffe0000000100fffffeff000001fffffffeff8000010
000002100fffffeff00000180fffffe7f000000ffffffff00000001fffffffeff0000000
000002100fffffeff00000100fffffeff000001ff00000000fffffffffffffeff0000000
000002100fffffeff000000ffffffff000000017ffffffe80000001fffffffeff8000010
0000021007ffffeff800001fffffffe00000001007ffffeff800001fffffffeff8000000
0000021007ffffeff80000180fffffe7f000000fffffffd00000003fffffffeff8000000
0000021007ffffeff80000100fffffeff000001fefffffe01000001fffffffeff8000000
0000021007ffffeff800000ffffffff0000000181fffffe7e000001fffffffeff8000000
000002100fffffcff000003fffffffe0000000100fffffcff000003fffffffeff8000010
000002100fffffcff00000380fffffe7f000000ff00000100fffffffffffffeff8000010
000002100fffffcff00000300fffffeff000001fefffffc01000003fffffffeff8000010
000002100fffffcff000002ffffffff0000000101000000fefffffffffffffeff8000010
00000217dfffffe82000001fffffffe000000017dfffffe82000001fffffffe820000000
00000217dfffffe8200000180fffffe7f000001fffffffe00000001fffffffe820000000
00000217dfffffe8200000100fffffeff00000180fffffe7f000001fffffffeff0000000
00000217dfffffe82000000ffffffff0000000100fffffeff000001fffffffeff0000000
0000021807ffffe7f800001fffffffe00000001807ffffe7f800001fffffffe7f8000000
0000021807ffffe7f80000180fffffe7f000001fffffffc00000003fffffffe7f8000001
0000021807ffffe7f80000100fffffeff00000180fffffc7f000003fffffffeff0000000
0000021807ffffe7f800000ffffffff00000001007ffffeff800001fffffffeff8000000
0000020ffffffff00000001fffffffe00000000ffffffff00000001ffffffff000000000
0000020ffffffff0000000180fffffe7f000001ff00000000fffffffffffffe00fffffe0
0000020ffffffff0000000100fffffeff0000017ffffffe80000001fffffffeff8000010
0000020ffffffff00000000ffffffff0000000100fffffcff000003fffffffeff8000010
0000020fffffffd00000003fffffffe00000000fffffffd00000003ffffffff000000020
0000020fffffffd0000000380fffffe7f000001fefffffe01000001fffffffe00fffffe0
0000020fffffffd0000000300fffffeff00000181fffffe7e000001ffffffffff0000000
0000020fffffffd00000002ffffffff000000017dfffffe82000001fffffffe820000000
0000020ff00000100fffffffffffffe00000000ff00000100ffffffffffffff00fffffe0
0000020ff00000100ffffff80fffffe7f000001fefffffc01000003fffffffe000000040
0000020ff00000100ffffff00fffffeff00000101000000feffffffffffffffff0000000
0000020ff00000100fffffeffffffff00000001807ffffe7f800001fffffffe7f8000000
0000023fffffffe00000001fffffffe00000001fffffffe00000001fffffffe000000000
0000023fffffffe0000000180fffffe7f00000180fffffe7f000001fffffffe7f0000000
0000023fffffffe0000000100fffffeff00000100fffffeff000001fffffffeff8000010
0000023fffffffe00000000ffffffff00000000ffffffff00000001ffffffff000000000
0000023fffffffc00000003fffffffe00000001fffffffc00000003fffffffe000000020
0000023fffffffc0000000380fffffe7f00000180fffffc7f000003fffffffe7f0000021
0000023fffffffc0000000300fffffeff000001007ffffeff800001fffffffeff8000000
0000023fffffffc00000002ffffffff00000000fffffffd00000003ffffffff000000020
0000023ff00000000fffffffffffffe00000001ff00000000fffffffffffffe00fffffe0
0000023ff00000000ffffff80fffffe7f0000017ffffffe80000001fffffffe800000001
0000023ff00000000ffffff00fffffeff00000100fffffcff000003fffffffeff8000010
0000023ff00000000fffffeffffffff00000000ff00000100ffffffffffffff00fffffe0
0000023fefffffe01000001fffffffe00000001fefffffe01000001fffffffe010000000
0000023fefffffe0100000180fffffe7f00000181fffffe7e000001fffffffe7e0000001
0000023fefffffe0100000100fffffeff0000017dfffffe82000001fffffffeff0000000
0000023fefffffe01000000ffffffff00000001fffffffe00000001fffffffe000000000
0000023fefffffc01000003fffffffe00000001fefffffc01000003fffffffe010000020
0000023fefffffc0100000380fffffe7f00000101000000fefffffffffffffefefffffe1
0000023fefffffc0100000300fffffeff000001807ffffe7f800001fffffffeff0000000
0000023fefffffc01000002ffffffff00000001fffffffc00000003fffffffe000000020
000002380fffffe7f000001fffffffe0000000180fffffe7f000001fffffffe7f0000000
000002380fffffe7f00000180fffffe7f00000100fffffeff000001fffffffeff0000000
000002380fffffe7f00000100fffffeff000000ffffffff00000001fffffffeff0000000
000002380fffffe7f000000ffffffff00000001ff00000000fffffffffffffe00fffffe0
000002380fffffc7f000003fffffffe0000000180fffffc7f000003fffffffe7f0000020
000002380fffffc7f00000380fffffe7f000001007ffffeff800001fffffffeff8000000
000002380fffffc7f00000300fffffeff000000fffffffd00000003fffffffeff0000000
000002380fffffc7f000002ffffffff00000001fefffffe01000001fffffffe010000000
00000237ffffffe80000001fffffffe000000017ffffffe80000001fffffffe800000000
00000237ffffffe8000000180fffffe7f00000100fffffcff000003fffffffeff8000010
00000237ffffffe8000000100fffffeff000000ff00000100fffffffffffffeff0000000
00000237ffffffe80000000ffffffff00000001fefffffc01000003fffffffe010000020
000002381fffffe7e000001fffffffe0000000181fffffe7e000001fffffffe7e0000000
000002381fffffe7e00000180fffffe7f0000017dfffffe82000001fffffffe821000000
000002381fffffe7e00000100fffffeff000001fffffffe00000001fffffffeff0000000
000002381fffffe7e000000ffffffff0000000180fffffe7f000001fffffffe7f0000000
000002301000000fefffffffffffffe0000000101000000fefffffffffffffefefffffe0
000002301000000feffffff80fffffe7f000001807ffffe7f800001fffffffefefffffe1
000002301000000feffffff00fffffeff000001fffffffc00000003fffffffeff0000000
000002301000000fefffffeffffffff0000000180fffffc7f000003fffffffe7f0000020
000002300fffffeff000001fffffffe0000000100fffffeff000001fffffffeff8000010
000002300fffffeff00000180fffffe7f000000ffffffff00000001fffffffeff0000000
000002300fffffeff00000100fffffeff000001ff00000000fffffffffffffeff0000000
000002300fffffeff000000ffffffff000000017ffffffe80000001fffffffeff8000010
0000023007ffffeff800001fffffffe00000001007ffffeff800001fffffffeff8000000
0000023007ffffeff80000180fffffe7f000000fffffffd00000003fffffffeff8000000
0000023007ffffeff80000100fffffeff000001fefffffe01000001fffffffeff8000000
0000023007ffffeff800000ffffffff0000000181fffffe7e000001fffffffeff8000000
000002300fffffcff000003fffffffe0000000100fffffcff000003fffffffeff8000010
000002300fffffcff00000380fffffe7f000000ff00000100fffffffffffffeff8000010
000002300fffffcff00000300fffffeff000001fefffffc01000003fffffffeff8000010
000002300fffffcff000002ffffffff0000000101000000fefffffffffffffeff8000010
00000237dfffffe82000001fffffffe000000017dfffffe82000001fffffffe820000000
00000237dfffffe8200000180fffffe7f000001fffffffe00000001fffffffe820000000
00000237dfffffe8200000100fffffeff00000180fffffe7f000001fffffffeff0000000
00000237dfffffe82000000ffffffff0000000100fffffeff000001fffffffeff0000000
0000023807ffffe7f800001fffffffe00000001807ffffe7f800001fffffffe7f8000000
0000023807ffffe7f80000180fffffe7f000001fffffffc00000003fffffffe7f8000001
0000023807ffffe7f80000100fffffeff00000180fffffc7f000003fffffffeff0000000
0000023807ffffe7f800000ffffffff00000001007ffffeff800001fffffffeff8000000
0000022ffffffff00000001fffffffe00000000ffffffff00000001ffffffff000000000
0000022ffffffff0000000180fffffe7f000001ff00000000fffffffffffffe00fffffe0
0000022ffffffff0000000100fffffeff0000017ffffffe80000001fffffffeff8000010
0000022ffffffff00000000ffffffff0000000100fffffcff000003fffffffeff8000010
0000022fffffffd00000003fffffffe00000000fffffffd00000003ffffffff000000020
0000022fffffffd0000000380fffffe7f000001fefffffe01000001fffffffe00fffffe0
0000022fffffffd0000000300fffffeff00000181fffffe7e000001ffffffffff0000000
0000022fffffffd00000002ffffffff000000017dfffffe82000001fffffffe820000000
0000022ff00000100fffffffffffffe00000000ff00000100ffffffffffffff00fffffe0
0000022ff00000100ffffff80fffffe7f000001fefffffc01000003fffffffe000000040
0000022ff00000100ffffff00fffffeff00000101000000feffffffffffffffff0000000
0000022ff00000100fffffeffffffff00000001807ffffe7f800001fffffffe7f8000000
0000025fffffffe00000001fffffffe00000001fffffffe00000001fffffffe000000000
0000025fffffffe0000000180fffffe7f00000180fffffe7f000001fffffffe7f0000000
0000025fffffffe0000000100fffffeff00000100fffffeff000001fffffffeff8000010
0000025fffffffe00000000ffffffff00000000ffffffff00000001ffffffff000000000
0000025fffffffc00000003fffffffe00000001fffffffc00000003fffffffe000000020
0000025fffffffc0000000380fffffe7f00000180fffffc7f000003fffffffe7f0000021
0000025fffffffc0000000300fffffeff000001007ffffeff800001fffffffeff8000000
0000025fffffffc00000002ffffffff00000000fffffffd00000003ffffffff000000020
0000025ff00000000fffffffffffffe00000001ff00000000fffffffffffffe00fffffe0
0000025ff00000000ffffff80fffffe7f0000017ffffffe80000001fffffffe800000001
0000025ff00000000ffffff00fffffeff00000100fffffcff000003fffffffeff8000010
0000025ff00000000fffffeffffffff00000000ff00000100ffffffffffffff00fffffe0
0000025fefffffe01000001fffffffe00000001fefffffe01000001fffffffe010000000
0000025fefffffe0100000180fffffe7f00000181fffffe7e000001fffffffe7e0000001
0000025fefffffe0100000100fffffeff0000017dfffffe82000001fffffffeff0000000
0000025fefffffe01000000ffffffff00000001fffffffe00000001ffffffff000000000
0000025fefffffc01000003fffffffe00000001fefffffc01000003fffffffe010000020
0000025fefffffc0100000380fffffe7f00000101000000fefffffffffffffefefffffe1
0000025fefffffc0100000300fffffeff000001807ffffe7f800001fffffffeff0000000
0000025fefffffc01000002ffffffff00000001fffffffc00000003fffffffe000000020
000002580fffffe7f000001fffffffe0000000180fffffe7f000001fffffffe7f0000000
000002580fffffe7f00000180fffffe7f00000100fffffeff000001fffffffeff0000000
000002580fffffe7f00000100fffffeff000000ffffffff00000001fffffffeff0000000
000002580fffffe7f000000ffffffff00000001ff00000000fffffffffffffe00fffffe0
000002580fffffc7f000003fffffffe0000000180fffffc7f000003fffffffe7f0000020
000002580fffffc7f00000380fffffe7f000001007ffffeff800001fffffffeff8000000
000002580fffffc7f00000300fffffeff000000fffffffd00000003fffffffeff0000000
000002580fffffc7f000002ffffffff00000001fefffffe01000001fffffffe010000000
00000257ffffffe80000001fffffffe000000017ffffffe80000001fffffffe800000000
00000257ffffffe8000000180fffffe7f00000100fffffcff000003fffffffeff8000010
00000257ffffffe8000000100fffffeff000000ff00000100fffffffffffffeff0000000
00000257ffffffe80000000ffffffff00000001fefffffc01000003fffffffe010000020
000002581fffffe7e000001fffffffe0000000181fffffe7e000001fffffffe7e0000000
000002581fffffe7e00000180fffffe7f0000017dfffffe82000001fffffffe821000000
000002581fffffe7e00000100fffffeff000001fffffffe00000001fffffffeff0000000
000002581fffffe7e000000ffffffff0000000180fffffe7f000001fffffffe7f0000000
000002501000000fefffffffffffffe0000000101000000fefffffffffffffefefffffe0
000002501000000feffffff80fffffe7f000001807ffffe7f800001fffffffefefffffe1
000002501000000feffffff00fffffeff000001fffffffc00000003fffffffeff0000000
000002501000000fefffffeffffffff0000000180fffffc7f000003fffffffe7f0000020
000002500fffffeff000001fffffffe0000000100fffffeff000001fffffffeff8000010
000002500fffffeff00000180fffffe7f000000ffffffff00000001fffffffeff0000000
000002500fffffeff00000100fffffeff000001ff00000000fffffffffffffeff0000000
000002500fffffeff000000ffffffff000000017ffffffe80000001fffffffeff8000010
0000025007ffffeff800001fffffffe00000001007ffffeff800001fffffffeff8000000
0000025007ffffeff80000180fffffe7f000000fffffffd00000003fffffffeff8000000
0000025007ffffeff80000100fffffeff000001fefffffe01000001fffffffeff8000000
0000025007ffffeff800000ffffffff0000000181fffffe7e000001fffffffeff8000000
000002500fffffcff000003fffffffe0000000100fffffcff000003fffffffeff8000010
000002500fffffcff00000380fffffe7f000000ff00000100fffffffffffffeff8000010
000002500fffffcff00000300fffffeff000001fefffffc01000003fffffffeff8000010
000002500fffffcff000002ffffffff0000000101000000fefffffffffffffeff8000010
00000257dfffffe82000001fffffffe000000017dfffffe82000001fffffffe820000000
00000257dfffffe8200000180fffffe7f000001fffffffe00000001fffffffe820000000
00000257dfffffe8200000100fffffeff00000180fffffe7f000001fffffffeff0000000
00000257dfffffe82000000ffffffff0000000100fffffeff000001fffffffeff0000000
0000025807ffffe7f800001fffffffe00000001807ffffe7f800001fffffffe7f8000000
0000025807ffffe7f80000180fffffe7f000001fffffffc00000003fffffffe7f8000001
0000025807ffffe7f80000100fffffeff00000180fffffc7f000003fffffffeff0000000
0000025807ffffe7f800000ffffffff00000001007ffffeff800001fffffffeff8000000
0000024ffffffff00000001fffffffe00000000ffffffff00000001ffffffff000000000
0000024ffffffff0000000180fffffe7f000001ff00000000fffffffffffffe00fffffe0
0000024ffffffff0000000100fffffeff0000017ffffffe80000001fffffffeff8000010
0000024ffffffff00000000ffffffff0000000100fffffcff000003fffffffeff8000010
0000024fffffffd00000003fffffffe00000000fffffffd00000003ffffffff000000020
0000024fffffffd0000000380fffffe7f000001fefffffe01000001fffffffe00fffffe0
0000024fffffffd0000000300fffffeff00000181fffffe7e000001ffffffffff0000000
0000024fffffffd00000002ffffffff000000017dfffffe82000001fffffffe820000000
0000024ff00000100fffffffffffffe00000000ff00000100ffffffffffffff00fffffe0
0000024ff00000100ffffff80fffffe7f000001fefffffc01000003fffffffe000000040
0000024ff00000100ffffff00fffffeff00000101000000feffffffffffffffff0000000
0000024ff00000100fffffeffffffff00000001807ffffe7f800001fffffffe7f8000000
0000027fffffffe00000001fffffffe00000001fffffffe00000001fffffffe000000000
0000027fffffffe0000000180fffffe7f00000180fffffe7f000001fffffffe7f0000000
0000027fffffffe0000000100fffffeff00000100fffffeff000001fffffffeff8000010
0000027fffffffe00000000ffffffff00000000ffffffff00000001ffffffff000000000
0000027fffffffc00000003fffffffe00000001fffffffc00000003fffffffe000000020
0000027fffffffc0000000380fffffe7f00000180fffffc7f000003fffffffe7f0000041
0000027fffffffc0000000300fffffeff000001007ffffeff800001fffffffeff8000000
0000027fffffffc00000002ffffffff00000000fffffffd00000003ffffffff000000020
0000027ff00000000fffffffffffffe00000001ff00000000fffffffffffffe00fffffe0
0000027ff00000000ffffff80fffffe7f0000017ffffffe80000001fffffffe800000021
0000027ff00000000ffffff00fffffeff00000100fffffcff000003fffffffeff8000010
0000027ff00000000fffffeffffffff00000000ff00000100ffffffffffffff00fffffe0
0000027fefffffe01000001fffffffe00000001fefffffe01000001fffffffe010000000
0000027fefffffe0100000180fffffe7f00000181fffffe7e000001fffffffe7e0000021
0000027fefffffe0100000100fffffeff0000017dfffffe82000001fffffffeff0000000
0000027fefffffe01000000ffffffff00000001fffffffe00000001fffffffe000000000
0000027fefffffc01000003fffffffe00000001fefffffc01000003fffffffe010000020
0000027fefffffc0100000380fffffe7f00000101000000fefffffffffffffeff0000005
0000027fefffffc0100000300fffffeff000001807ffffe7f800001fffffffeff0000000
0000027fefffffc01000002ffffffff00000001fffffffc00000003fffffffe000000020
000002780fffffe7f000001fffffffe0000000180fffffe7f000001fffffffe7f0000000
000002780fffffe7f00000180fffffe7f00000100fffffeff000001fffffffeff0000000
000002780fffffe7f00000100fffffeff000000ffffffff00000001fffffffeff0000000
000002780fffffe7f000000ffffffff00000001ff00000000fffffffffffffe00fffffe0
000002780fffffc7f000003fffffffe0000000180fffffc7f000003fffffffe7f0000020
000002780fffffc7f00000380fffffe7f000001007ffffeff800001fffffffeff8000000
000002780fffffc7f00000300fffffeff000000fffffffd00000003fffffffeff0000000
000002780fffffc7f000002ffffffff00000001fefffffe01000001fffffffe010000000
00000277ffffffe80000001fffffffe000000017ffffffe80000001fffffffe800000000
00000277ffffffe8000000180fffffe7f00000100fffffcff000003fffffffeff8000010
00000277ffffffe8000000100fffffeff000000ff00000100fffffffffffffeff0000000
00000277ffffffe80000000ffffffff00000001fefffffc01000003fffffffe010000020
000002781fffffe7e000001fffffffe0000000181fffffe7e000001fffffffe7e0000000
000002781fffffe7e00000180fffffe7f0000017dfffffe82000001fffffffe821000000
000002781fffffe7e00000100fffffeff000001fffffffe00000001fffffffeff0000000
000002781fffffe7e000000ffffffff0000000180fffffe7f000001fffffffe7f0000000
000002701000000fefffffffffffffe0000000101000000fefffffffffffffefefffffe0
000002701000000feffffff80fffffe7f000001807ffffe7f800001fffffffeff0000005
000002701000000feffffff00fffffeff000001fffffffc00000003fffffffeff0000000
000002701000000fefffffeffffffff0000000180fffffc7f000003fffffffe7f0000020
000002700fffffeff000001fffffffe0000000100fffffeff000001fffffffeff8000010
000002700fffffeff00000180fffffe7f000000ffffffff00000001fffffffeff0000000
000002700fffffeff00000100fffffeff000001ff00000000fffffffffffffeff0000000
000002700fffffeff000000ffffffff000000017ffffffe80000001fffffffeff8000010
0000027007ffffeff800001fffffffe00000001007ffffeff800001fffffffeff8000000
0000027007ffffeff80000180fffffe7f000000fffffffd00000003fffffffeff8000000
0000027007ffffeff80000100fffffeff000001fefffffe01000001fffffffeff8000000
0000027007ffffeff800000ffffffff0000000181fffffe7e000001fffffffeff8000000
000002700fffffcff000003fffffffe0000000100fffffcff000003fffffffeff8000010
000002700fffffcff00000380fffffe7f000000ff00000100fffffffffffffeff8000010
000002700fffffcff00000300fffffeff000001fefffffc01000003fffffffeff8000010
000002700fffffcff000002ffffffff0000000101000000fefffffffffffffeff8000010
00000277dfffffe82000001fffffffe000000017dfffffe82000001fffffffe820000000
00000277dfffffe8200000180fffffe7f000001fffffffe00000001fffffffe820000000
00000277dfffffe8200000100fffffeff00000180fffffe7f000001fffffffeff0000000
00000277dfffffe82000000ffffffff0000000100fffffeff000001fffffffeff0000000
0000027807ffffe7f800001fffffffe00000001807ffffe7f800001fffffffe7f8000000
0000027807ffffe7f80000180fffffe7f000001fffffffc00000003fffffffe7f8000021
0000027807ffffe7f80000100fffffeff00000180fffffc7f000003fffffffeff0000000
0000027807ffffe7f800000ffffffff00000001007ffffeff800001fffffffeff8000000
0000026ffffffff00000001fffffffe00000000ffffffff00000001ffffffff000000000
0000026ffffffff0000000180fffffe7f000001ff00000000fffffffffffffe00fffffe0
0000026ffffffff0000000100fffffeff0000017ffffffe80000001fffffffeff8000010
0000026ffffffff00000000ffffffff0000000100fffffcff000003fffffffeff8000010
0000026fffffffd00000003fffffffe00000000fffffffd00000003ffffffff000000020
0000026fffffffd0000000380fffffe7f000001fefffffe01000001fffffffe00fffffe0
0000026fffffffd0000000300fffffeff00000181fffffe7e000001ffffffffff0000000
0000026fffffffd00000002ffffffff000000017dfffffe82000001fffffffe820000000
0000026ff00000100fffffffffffffe00000000ff00000100ffffffffffffff00fffffe0
0000026ff00000100ffffff80fffffe7f000001fefffffc01000003fffffffe000000040
0000026ff00000100ffffff00fffffeff00000101000000feffffffffffffffff0000000
0000026ff00000100fffffeffffffff00000001807ffffe7f800001fffffffe7f8000000
0000029fffffffe00000001fffffffe00000001fffffffe00000001fffffffe000000000
0000029fffffffe0000000180fffffe7f00000180fffffe7f000001fffffffe7f0000000
0000029fffffffe0000000100fffffeff00000100fffffeff000001fffffffeff8000010
0000029fffffffe00000000ffffffff00000000ffffffff00000001ffffffff000000000
0000029fffffffc00000003fffffffe00000001fffffffc00000003fffffffe000000020
0000029fffffffc0000000380fffffe7f00000180fffffc7f000003fffffffe7f0000021
0000029fffffffc0000000300fffffeff000001007ffffeff800001fffffffeff8000000
0000029fffffffc00000002ffffffff00000000fffffffd00000003ffffffff000000020
0000029ff00000000fffffffffffffe00000001ff00000000fffffffffffffe00fffffe0
0000029ff00000000ffffff80fffffe7f0000017ffffffe80000001fffffffe800000001
0000029ff00000000ffffff00fffffeff00000100fffffcff000003fffffffeff8000010
0000029ff00000000fffffeffffffff00000000ff00000100ffffffffffffff00fffffe0
0000029fefffffe01000001fffffffe00000001fefffffe01000001fffffffe010000000
0000029fefffffe0100000180fffffe7f00000181fffffe7e000001fffffffe7e0000001
0000029fefffffe0100000100fffffeff0000017dfffffe82000001fffffffeff0000000
0000029fefffffe01000000ffffffff00000001fffffffe00000001fffffffe000000000
0000029fefffffc01000003fffffffe00000001fefffffc01000003fffffffe010000020
0000029fefffffc0100000380fffffe7f00000101000000fefffffffffffffefefffffe1
0000029fefffffc0100000300fffffeff000001807ffffe7f800001fffffffeff0000000
0000029fefffffc01000002ffffffff00000001fffffffc00000003fffffffe000000020
000002980fffffe7f000001fffffffe0000000180fffffe7f000001fffffffe7f0000000
000002980fffffe7f00000180fffffe7f00000100fffffeff000001fffffffeff0000000
000002980fffffe7f00000100fffffeff000000ffffffff00000001fffffffeff0000000
000002980fffffe7f000000ffffffff00000001ff00000000fffffffffffffe00fffffe0
000002980fffffc7f000003fffffffe0000000180fffffc7f000003fffffffe7f0000020
000002980fffffc7f00000380fffffe7f000001007ffffeff800001fffffffeff8000000
000002980fffffc7f00000300fffffeff000000fffffffd00000003fffffffeff0000000
000002980fffffc7f000002ffffffff00000001fefffffe01000001fffffffe010000000
00000297ffffffe80000001fffffffe000000017ffffffe80000001fffffffe800000000
00000297ffffffe8000000180fffffe7f00000100fffffcff000003fffffffeff8000010
00000297ffffffe8000000100fffffeff000000ff00000100fffffffffffffeff0000000
00000297ffffffe80000000ffffffff00000001fefffffc01000003fffffffe010000020
000002981fffffe7e000001fffffffe0000000181fffffe7e000001fffffffe7e0000000
000002981fffffe7e00000180fffffe7f0000017dfffffe82000001fffffffe821000000
000002981fffffe7e00000100fffffeff000001fffffffe00000001fffffffeff0000000
000002981fffffe7e000000ffffffff0000000180fffffe7f000001fffffffe7f0000000
000002901000000fefffffffffffffe0000000101000000fefffffffffffffefefffffe0
000002901000000feffffff80fffffe7f000001807ffffe7f800001fffffffefefffffe1
000002901000000feffffff00fffffeff000001fffffffc00000003fffffffeff0000000
000002901000000fefffffeffffffff0000000180fffffc7f000003fffffffe7f0000020
000002900fffffeff000001fffffffe0000000100fffffeff000001fffffffeff8000010
000002900fffffeff00000180fffffe7f000000ffffffff00000001fffffffeff0000000
000002900fffffeff00000100fffffeff000001ff00000000fffffffffffffeff0000000
000002900fffffeff000000ffffffff000000017ffffffe80000001fffffffeff8000010
0000029007ffffeff800001fffffffe00000001007ffffeff800001fffffffeff8000000
0000029007ffffeff80000180fffffe7f000000fffffffd00000003fffffffeff8000000
0000029007ffffeff80000100fffffeff000001fefffffe01000001fffffffeff8000000
0000029007ffffeff800000ffffffff0000000181fffffe7e000001fffffffeff8000000
000002900fffffcff000003fffffffe0000000100fffffcff000003fffffffeff8000010
000002900fffffcff00000380fffffe7f000000ff00000100fffffffffffffeff8000010
000002900fffffcff00000300fffffeff000001fefffffc01000003fffffffeff8000010
000002900fffffcff000002ffffffff0000000101000000fefffffffffffffeff8000010
00000297dfffffe82000001fffffffe000000017dfffffe82000001fffffffe820000000
00000297dfffffe8200000180fffffe7f000001fffffffe00000001fffffffe820000000
00000297dfffffe8200000100fffffeff00000180fffffe7f000001fffffffeff0000000
00000297dfffffe82000000ffffffff0000000100fffffeff000001fffffffeff0000000
0000029807ffffe7f800001fffffffe00000001807ffffe7f800001fffffffe7f8000000
0000029807ffffe7f80000180fffffe7f000001fffffffc00000003fffffffe7f8000001
0000029807ffffe7f80000100fffffeff00000180fffffc7f000003fffffffeff0000000
0000029807ffffe7f800000ffffffff00000001007ffffeff800001fffffffeff8000000
0000028ffffffff00000001fffffffe00000000ffffffff00000001ffffffff000000000
0000028ffffffff0000000180fffffe7f000001ff00000000fffffffffffffe00fffffe0
0000028ffffffff0000000100fffffeff0000017ffffffe80000001fffffffeff8000010
0000028ffffffff00000000ffffffff0000000100fffffcff000003fffffffeff8000010
0000028fffffffd00000003fffffffe00000000fffffffd00000003ffffffff000000020
0000028fffffffd0000000380fffffe7f000001fefffffe01000001fffffffe00fffffe0
0000028fffffffd0000000300fffffeff00000181fffffe7e000001ffffffffff0000000
0000028fffffffd00000002ffffffff000000017dfffffe82000001fffffffe820000000
0000028ff00000100fffffffffffffe00000000ff00000100ffffffffffffff00fffffe0
0000028ff00000100ffffff80fffffe7f000001fefffffc01000003fffffffe000000040
0000028ff00000100ffffff00fffffeff00000101000000feffffffffffffffff0000000
0000028ff00000100fffffeffffffff00000001807ffffe7f800001fffffffe7f8000000
0000030f1bbcdce00000000f1bbcdce00000000f1bbcdce00000000ff000000000000005
0000030f1bbcdce000000010dbbcdce7f0000010dbbcdce7f0000018080b0f67f0000001
0000030f1bbcdce000000010dbbcdccff0000010dbbcdccff0000018080b0f4ff8000011
0000030f1bbcdce00000000f1bbcdc900000000f1bbcdc900000000ff000001000000005
0000030f1bbcdc200000002f1bbcdce00000000f1bbcdc200000002ff000000000000025
0000030f1bbcdc2000000030dbbcdce7f0000010dbbcdc27f0000038080b0ec7f0000021
0000030f1bbcdc2000000030dbbcdccff0000010fbbcdccff8000018080b0eaff8000001
0000030f1bbcdc200000002f1bbcdc900000000f1bbcdc500000002ff000001000000025
0000030f244323000fffffef1bbcdce00000000f244323000fffffeff00000000fffffe5
0000030f244323000ffffff0dbbcdce7f000000f1bbcdcc80000000f1bbcdcc800000001
0000030f244323000ffffff0dbbcdccff0000010dbbcdc0ff000003811903bcff8000011
0000030f244323000fffffef1bbcdc900000000f244323700fffffeff00000100fffffe5
0000030f5bbcdce01000000f1bbcdce00000000f5bbcdce01000000ff000000010000005
0000030f5bbcdce010000010dbbcdce7f00000109bbcdce7e0000018480b0f67e0000001
0000030f5bbcdce010000010dbbcdccff000000f9bbcdcc82000000f9bbcdccff0000001
0000030f5bbcdce01000000f1bbcdc900000000f1bbcdce00000000ff000000000000005
0000030f5bbcdc201000002f1bbcdce00000000f5bbcdc201000002ff000000010000025
0000030f5bbcdc2010000030dbbcdce7f0000010a443232feffffff8480b0ecfefffffe1
0000030f5bbcdc2010000030dbbcdccff0000010fbbcdce7f8000018480b0eaff0000001
0000030f5bbcdc201000002f1bbcdc900000000f1bbcdc200000002ff000000000000025
00000310dbbcdce7f000000f1bbcdce000000010dbbcdce7f0000018080b0f67f0000001
00000310dbbcdce7f0000010dbbcdce7f0000010dbbcdccff0000010dbbcdccff0000001
00000310dbbcdce7f0000010dbbcdccff000000f1bbcdc900000000f1bbcdc8ff0000001
00000310dbbcdce7f000000f1bbcdc900000000f244323000fffffef244323000fffffe1
00000310dbbcdc27f000002f1bbcdce000000010dbbcdc27f0000038080b0ec7f0000021
00000310dbbcdc27f0000030dbbcdce7f0000010fbbcdccff8000010fbbcdccff8000001
00000310dbbcdc27f0000030dbbcdccff000000f1bbcdc500000002f1bbcdc4ff0000001
00000310dbbcdc27f000002f1bbcdc900000000f5bbcdce01000000f5bbcdce010000001
0000030f1bbcdcc80000000f1bbcdce00000000f1bbcdcc80000000ff000000800000005
0000030f1bbcdcc800000010dbbcdce7f0000010dbbcdc0ff0000038080b0f4ff8000011
0000030f1bbcdcc800000010dbbcdccff000000f244323700fffffef2443236ff0000001
0000030f1bbcdcc80000000f1bbcdc900000000f5bbcdc201000002ff000000010000025
000003109bbcdce7e000000f1bbcdce0000000109bbcdce7e0000017c80b0f67e0000001
000003109bbcdce7e0000010dbbcdce7f000000f9bbcdcc82000000f9bbcdcc821000001
000003109bbcdce7e0000010dbbcdccff000000f1bbcdce00000000f1bbcdceff0000001
000003109bbcdce7e000000f1bbcdc9000000010dbbcdce7f0000017c80b0f27f0000001
00000310a443232fefffffef1bbcdce000000010a443232feffffff7d1903befefffffe1
00000310a443232feffffff0dbbcdce7f0000010fbbcdce7f8000010fbbcdcefefffffe1
00000310a443232feffffff0dbbcdccff000000f1bbcdc200000002f1bbcdc2ff0000001
00000310a443232fefffffef1bbcdc9000000010dbbcdc27f0000037d1903ba7f0000021
00000310dbbcdccff000000f1bbcdce000000010dbbcdccff0000018080b0f4ff8000011
00000310dbbcdccff0000010dbbcdce7f000000f1bbcdc900000000f1bbcdc8ff0000001
00000310dbbcdccff0000010dbbcdccff000000f244323000fffffef2443230ff0000001
00000310dbbcdccff000000f1bbcdc900000000f1bbcdcc80000000f1bbcdccff8000011
00000310fbbcdccff800000f1bbcdce000000010fbbcdccff8000018280b0f4ff8000001
00000310fbbcdccff8000010dbbcdce7f000000f1bbcdc500000002f1bbcdc4ff8000001
00000310fbbcdccff8000010dbbcdccff000000f5bbcdce01000000f5bbcdceff8000001
00000310fbbcdccff800000f1bbcdc90000000109bbcdce7e0000018280b0f0ff8000001
00000310dbbcdc0ff000002f1bbcdce000000010dbbcdc0ff0000038080b0eaff8000011
00000310dbbcdc0ff0000030dbbcdce7f000000f244323700fffffef2443236ff8000011
00000310dbbcdc0ff0000030dbbcdccff000000f5bbcdc201000002f5bbcdc2ff8000011
00000310dbbcdc0ff000002f1bbcdc9000000010a443232feffffff8080b0e4ff8000011
0000030f9bbcdcc82000000f1bbcdce00000000f9bbcdcc82000000ff000000820000005
0000030f9bbcdcc820000010dbbcdce7f000000f1bbcdce00000000f1bbcdce820000001
0000030f9bbcdcc820000010dbbcdccff0000010dbbcdce7f0000018880b0f2ff0000001
0000030f9bbcdcc82000000f1bbcdc9000000010dbbcdccff000000ff000000ff0000005
00000310fbbcdce7f800000f1bbcdce000000010fbbcdce7f8000018280b0f67f8000001
00000310fbbcdce7f8000010dbbcdce7f000000f1bbcdc200000002f1bbcdc27f8000001
00000310fbbcdce7f8000010dbbcdccff0000010dbbcdc27f0000030dbbcdc2ff0000001
00000310fbbcdce7f800000f1bbcdc9000000010fbbcdccff8000018280b0f2ff8000001
0000030f1bbcdc900000000f1bbcdce00000000f1bbcdc900000000ff000001000000005
0000030f1bbcdc9000000010dbbcdce7f000000f244323000fffffef244323000fffffe1
0000030f1bbcdc9000000010dbbcdccff000000f1bbcdcc80000000f1bbcdccff8000011
0000030f1bbcdc900000000f1bbcdc9000000010dbbcdc0ff000002ff000000ff8000015
0000030f1bbcdc500000002f1bbcdce00000000f1bbcdc500000002ff000001000000025
0000030f1bbcdc5000000030dbbcdce7f000000f5bbcdce01000000f5bbcdce00fffffe1
0000030f1bbcdc5000000030dbbcdccff00000109bbcdce7e0000018080b0edff0000001
0000030f1bbcdc500000002f1bbcdc900000000f9bbcdcc82000000ff000000820000005
0000030f244323700fffffef1bbcdce00000000f244323700fffffeff00000100fffffe5
0000030f244323700ffffff0dbbcdce7f000000f5bbcdc201000002f5bbcdc2000000041
0000030f244323700ffffff0dbbcdccff0000010a443232feffffff811903c1ff0000001
0000030f244323700fffffef1bbcdc9000000010fbbcdce7f800000ff0000007f8000005
0000032f1bbcdce00000000f1bbcdce00000000f1bbcdce00000000fefffffe000000005
0000032f1bbcdce000000010dbbcdce7f0000010dbbcdce7f0000018080b0f67f0000001
0000032f1bbcdce000000010dbbcdccff0000010dbbcdccff0000018080b0f4ff8000011
0000032f1bbcdce00000000f1bbcdc900000000f1bbcdc900000000feffffff000000005
0000032f1bbcdc200000002f1bbcdce00000000f1bbcdc200000002fefffffe000000025
0000032f1bbcdc2000000030dbbcdce7f0000010dbbcdc27f0000038080b0ea7f0000021
0000032f1bbcdc2000000030dbbcdccff0000010fbbcdccff8000018080b0eaff8000001
0000032f1bbcdc200000002f1bbcdc900000000f1bbcdc500000002feffffff000000025
0000032f244323000fffffef1bbcdce00000000f244323000fffffefefffffe00fffffe5
0000032f244323000ffffff0dbbcdce7f000000f1bbcdcc80000000f1bbcdca800000001
0000032f244323000ffffff0dbbcdccff0000010dbbcdc0ff000003811903baff8000011
0000032f244323000fffffef1bbcdc900000000f244323700fffffefeffffff00fffffe5
0000032f5bbcdce01000000f1bbcdce00000000f5bbcdce01000000fefffffe010000005
0000032f5bbcdce010000010dbbcdce7f00000109bbcdce7e0000018480b0f67e0000001
0000032f5bbcdce010000010dbbcdccff000000f9bbcdcc82000000f9bbcdcaff0000001
0000032f5bbcdce01000000f1bbcdc900000000f1bbcdce00000000fefffffe000000005
0000032f5bbcdc201000002f1bbcdce00000000f5bbcdc201000002fefffffe010000025
0000032f5bbcdc2010000030dbbcdce7f0000010a443232feffffff8480b0eafefffffe1
0000032f5bbcdc2010000030dbbcdccff0000010fbbcdce7f8000018480b0eaff0000001
0000032f5bbcdc201000002f1bbcdc900000000f1bbcdc200000002fefffffe000000025
00000330dbbcdce7f000000f1bbcdce000000010dbbcdce7f0000018080b0f67f0000001
00000330dbbcdce7f0000010dbbcdce7f0000010dbbcdccff0000010dbbcdcaff0000001
00000330dbbcdce7f0000010dbbcdccff000000f1bbcdc900000000f1bbcdc8ff0000001
00000330dbbcdce7f000000f1bbcdc900000000f244323000fffffef244322e00fffffe1
00000330dbbcdc27f000002f1bbcdce000000010dbbcdc27f0000038080b0ea7f0000021
00000330dbbcdc27f0000030dbbcdce7f0000010fbbcdccff8000010fbbcdcaff8000001
00000330dbbcdc27f0000030dbbcdccff000000f1bbcdc500000002f1bbcdc4ff0000001
00000330dbbcdc27f000002f1bbcdc900000000f5bbcdce01000000f5bbcdcc010000001
0000032f1bbcdcc80000000f1bbcdce00000000f1bbcdcc80000000fefffffe800000005
0000032f1bbcdcc800000010dbbcdce7f0000010dbbcdc0ff0000038080b0f4ff8000011
0000032f1bbcdcc800000010dbbcdccff000000f244323700fffffef2443234ff0000001
0000032f1bbcdcc80000000f1bbcdc900000000f5bbcdc201000002fefffffe010000025
000003309bbcdce7e000000f1bbcdce0000000109bbcdce7e0000017c80b0f67e0000001
000003309bbcdce7e0000010dbbcdce7f000000f9bbcdcc82000000f9bbcdcc821000001
000003309bbcdce7e0000010dbbcdccff000000f1bbcdce00000000f1bbcdceff0000001
000003309bbcdce7e000000f1bbcdc9000000010dbbcdce7f0000017c80b0f07f0000001
00000330a443232fefffffef1bbcdce000000010a443232feffffff7d1903befefffffe1
00000330a443232feffffff0dbbcdce7f0000010fbbcdce7f8000010fbbcdccfefffffe1
00000330a443232feffffff0dbbcdccff000000f1bbcdc200000002f1bbcdc2ff0000001
00000330a443232fefffffef1bbcdc9000000010dbbcdc27f0000037d1903ba7f0000021
00000330dbbcdccff000000f1bbcdce000000010dbbcdccff0000018080b0f4ff8000011
00000330dbbcdccff0000010dbbcdce7f000000f1bbcdc900000000f1bbcdc8ff0000001
00000330dbbcdccff0000010dbbcdccff000000f244323000fffffef2443230ff0000001
00000330dbbcdccff000000f1bbcdc900000000f1bbcdcc80000000f1bbcdcaff8000011
00000330fbbcdccff800000f1bbcdce000000010fbbcdccff8000018280b0f4ff8000001
00000330fbbcdccff8000010dbbcdce7f000000f1bbcdc500000002f1bbcdc4ff8000001
00000330fbbcdccff8000010dbbcdccff000000f5bbcdce01000000f5bbcdceff8000001
00000330fbbcdccff800000f1bbcdc90000000109bbcdce7e0000018280b0eeff8000001
00000330dbbcdc0ff000002f1bbcdce000000010dbbcdc0ff0000038080b0eaff8000011
00000330dbbcdc0ff0000030dbbcdce7f000000f244323700fffffef2443236ff8000011
00000330dbbcdc0ff0000030dbbcdccff000000f5bbcdc201000002f5bbcdc2ff8000011
00000330dbbcdc0ff000002f1bbcdc9000000010a443232feffffff8080b0e4ff8000011
0000032f9bbcdcc82000000f1bbcdce00000000f9bbcdcc82000000fefffffe820000005
0000032f9bbcdcc820000010dbbcdce7f000000f1bbcdce00000000f1bbcdcc820000001
0000032f9bbcdcc820000010dbbcdccff0000010dbbcdce7f0000018880b0f2ff0000001
0000032f9bbcdcc82000000f1bbcdc9000000010dbbcdccff000000fefffffeff0000005
00000330fbbcdce7f800000f1bbcdce000000010fbbcdce7f8000018280b0f67f8000001
00000330fbbcdce7f8000010dbbcdce7f000000f1bbcdc200000002f1bbcdc27f8000001
00000330fbbcdce7f8000010dbbcdccff0000010dbbcdc27f0000030dbbcdc0ff0000001
00000330fbbcdce7f800000f1bbcdc9000000010fbbcdccff8000018280b0f0ff8000001
0000032f1bbcdc900000000f1bbcdce00000000f1bbcdc900000000feffffff000000005
0000032f1bbcdc9000000010dbbcdce7f000000f244323000fffffef244322e00fffffe1
0000032f1bbcdc9000000010dbbcdccff000000f1bbcdcc80000000f1bbcdcaff8000011
0000032f1bbcdc900000000f1bbcdc9000000010dbbcdc0ff000002fefffffeff8000015
0000032f1bbcdc500000002f1bbcdce00000000f1bbcdc500000002feffffff000000025
0000032f1bbcdc5000000030dbbcdce7f000000f5bbcdce01000000f5bbcdcc00fffffe1
0000032f1bbcdc5000000030dbbcdccff00000109bbcdce7e0000018080b0ebff0000001
0000032f1bbcdc500000002f1bbcdc900000000f9bbcdcc82000000fefffffe820000005
0000032f244323700fffffef1bbcdce00000000f244323700fffffefeffffff00fffffe5
0000032f244323700ffffff0dbbcdce7f000000f5bbcdc201000002f5bbcdc0000000041
0000032f244323700ffffff0dbbcdccff0000010a443232feffffff811903c1ff0000001
0000032f244323700fffffef1bbcdc9000000010fbbcdce7f800000fefffffe7f8000005
0000034f1bbcdce00000000f1bbcdce00000000f1bbcdce00000000fefffffe000000005
0000034f1bbcdce000000010dbbcdce7f0000010dbbcdce7f0000018080b0f87f0000001
0000034f1bbcdce000000010dbbcdccff0000010dbbcdccff0000018080b0f6ff8000011
0000034f1bbcdce00000000f1bbcdc900000000f1bbcdc900000000feffffff000000005
0000034f1bbcdc200000002f1bbcdce00000000f1bbcdc200000002fefffffe000000025
0000034f1bbcdc2000000030dbbcdce7f0000010dbbcdc27f0000038080b0ec7f0000021
0000034f1bbcdc2000000030dbbcdccff0000010fbbcdccff8000018080b0ecff8000001
0000034f1bbcdc200000002f1bbcdc900000000f1bbcdc500000002feffffff000000025
0000034f244323000fffffef1bbcdce00000000f244323000fffffefefffffe00fffffe5
0000034f244323000ffffff0dbbcdce7f000000f1bbcdcc80000000f1bbcdca800000001
0000034f244323000ffffff0dbbcdccff0000010dbbcdc0ff000003811903bcff8000011
0000034f244323000fffffef1bbcdc900000000f244323700fffffefeffffff00fffffe5
0000034f5bbcdce01000000f1bbcdce00000000f5bbcdce01000000fefffffe010000005
0000034f5bbcdce010000010dbbcdce7f00000109bbcdce7e0000018480b0f87e0000001
0000034f5bbcdce010000010dbbcdccff000000f9bbcdcc82000000f9bbcdcaff0000001
0000034f5bbcdce01000000f1bbcdc900000000f1bbcdce00000000feffffff000000005
0000034f5bbcdc201000002f1bbcdce00000000f5bbcdc201000002fefffffe010000025
0000034f5bbcdc2010000030dbbcdce7f0000010a443232feffffff8480b0ecfefffffe1
0000034f5bbcdc2010000030dbbcdccff0000010fbbcdce7f8000018480b0ecff0000001
0000034f5bbcdc201000002f1bbcdc900000000f1bbcdc200000002fefffffe000000025
00000350dbbcdce7f000000f1bbcdce000000010dbbcdce7f0000018080b0f87f0000001
00000350dbbcdce7f0000010dbbcdce7f0000010dbbcdccff0000010dbbcdccff0000001
00000350dbbcdce7f0000010dbbcdccff000000f1bbcdc900000000f1bbcdc8ff0000001
00000350dbbcdce7f000000f1bbcdc900000000f244323000fffffef244322e00fffffe1
00000350dbbcdc27f000002f1bbcdce000000010dbbcdc27f0000038080b0ec7f0000021
00000350dbbcdc27f0000030dbbcdce7f0000010fbbcdccff8000010fbbcdccff8000001
00000350dbbcdc27f0000030dbbcdccff000000f1bbcdc500000002f1bbcdc4ff0000001
00000350dbbcdc27f000002f1bbcdc900000000f5bbcdce01000000f5bbcdcc010000001
0000034f1bbcdcc80000000f1bbcdce00000000f1bbcdcc80000000fefffffe800000005
0000034f1bbcdcc800000010dbbcdce7f0000010dbbcdc0ff0000038080b0f6ff8000011
0000034f1bbcdcc800000010dbbcdccff000000f244323700fffffef2443234ff0000001
0000034f1bbcdcc80000000f1bbcdc900000000f5bbcdc201000002fefffffe010000025
000003509bbcdce7e000000f1bbcdce0000000109bbcdce7e0000017c80b0f87e0000001
000003509bbcdce7e0000010dbbcdce7f000000f9bbcdcc82000000f9bbcdcc821000001
000003509bbcdce7e0000010dbbcdccff000000f1bbcdce00000000f1bbcdceff0000001
000003509bbcdce7e000000f1bbcdc9000000010dbbcdce7f0000017c80b0f27f0000001
00000350a443232fefffffef1bbcdce000000010a443232feffffff7d1903c0fefffffe1
00000350a443232feffffff0dbbcdce7f0000010fbbcdce7f8000010fbbcdcefefffffe1
00000350a443232feffffff0dbbcdccff000000f1bbcdc200000002f1bbcdc2ff0000001
00000350a443232fefffffef1bbcdc9000000010dbbcdc27f0000037d1903bc7f0000021
00000350dbbcdccff000000f1bbcdce000000010dbbcdccff0000018080b0f6ff8000011
00000350dbbcdccff0000010dbbcdce7f000000f1bbcdc900000000f1bbcdc8ff0000001
00000350dbbcdccff0000010dbbcdccff000000f244323000fffffef2443230ff0000001
00000350dbbcdccff000000f1bbcdc900000000f1bbcdcc80000000f1bbcdcaff8000011
00000350fbbcdccff800000f1bbcdce000000010fbbcdccff8000018280b0f6ff8000001
00000350fbbcdccff8000010dbbcdce7f000000f1bbcdc500000002f1bbcdc4ff8000001
00000350fbbcdccff8000010dbbcdccff000000f5bbcdce01000000f5bbcdceff8000001
00000350fbbcdccff800000f1bbcdc90000000109bbcdce7e0000018280b0f0ff8000001
00000350dbbcdc0ff000002f1bbcdce000000010dbbcdc0ff0000038080b0ecff8000011
00000350dbbcdc0ff0000030dbbcdce7f000000f244323700fffffef2443236ff8000011
00000350dbbcdc0ff0000030dbbcdccff000000f5bbcdc201000002f5bbcdc2ff8000011
00000350dbbcdc0ff000002f1bbcdc9000000010a443232feffffff8080b0e6ff8000011
0000034f9bbcdcc82000000f1bbcdce00000000f9bbcdcc82000000fefffffe820000005
0000034f9bbcdcc820000010dbbcdce7f000000f1bbcdce00000000f1bbcdcc820000001
0000034f9bbcdcc820000010dbbcdccff0000010dbbcdce7f0000018880b0f4ff0000001
0000034f9bbcdcc82000000f1bbcdc9000000010dbbcdccff000000fefffffeff0000005
00000350fbbcdce7f800000f1bbcdce000000010fbbcdce7f8000018280b0f87f8000001
00000350fbbcdce7f8000010dbbcdce7f000000f1bbcdc200000002f1bbcdc27f8000001
00000350fbbcdce7f8000010dbbcdccff0000010dbbcdc27f0000030dbbcdc2ff0000001
00000350fbbcdce7f800000f1bbcdc9000000010fbbcdccff8000018280b0f2ff8000001
0000034f1bbcdc900000000f1bbcdce00000000f1bbcdc900000000feffffff000000005
0000034f1bbcdc9000000010dbbcdce7f000000f244323000fffffef244322e00fffffe1
0000034f1bbcdc9000000010dbbcdccff000000f1bbcdcc80000000f1bbcdcaff8000011
0000034f1bbcdc900000000f1bbcdc9000000010dbbcdc0ff000002fefffffeff8000015
0000034f1bbcdc500000002f1bbcdce00000000f1bbcdc500000002feffffff000000025
0000034f1bbcdc5000000030dbbcdce7f000000f5bbcdce01000000f5bbcdcc00fffffe1
0000034f1bbcdc5000000030dbbcdccff00000109bbcdce7e0000018080b0edff0000001
0000034f1bbcdc500000002f1bbcdc900000000f9bbcdcc82000000fefffffe820000005
0000034f244323700fffffef1bbcdce00000000f244323700fffffefeffffff00fffffe5
0000034f244323700ffffff0dbbcdce7f000000f5bbcdc201000002f5bbcdc0000000041
0000034f244323700ffffff0dbbcdccff0000010a443232feffffff811903c3ff0000001
0000034f244323700fffffef1bbcdc9000000010fbbcdce7f800000fefffffe7f8000005
0000036f1bbcdce00000000f1bbcdce00000000f1bbcdce00000000ff000000000000005
0000036f1bbcdce000000010dbbcdce7f0000010dbbcdce7f0000018080b0f67f0000001
0000036f1bbcdce000000010dbbcdccff0000010dbbcdccff0000018080b0f4ff8000011
0000036f1bbcdce00000000f1bbcdc900000000f1bbcdc900000000ff000001000000005
0000036f1bbcdc200000002f1bbcdce00000000f1bbcdc200000002ff000000000000025
0000036f1bbcdc2000000030dbbcdce7f0000010dbbcdc27f0000038080b0ea7f0000041
0000036f1bbcdc2000000030dbbcdccff0000010fbbcdccff8000018080b0eaff8000001
0000036f1bbcdc200000002f1bbcdc900000000f1bbcdc500000002ff000001000000025
0000036f244323000fffffef1bbcdce00000000f244323000fffffeff00000000fffffe5
0000036f244323000ffffff0dbbcdce7f000000f1bbcdcc80000000f1bbcdcc800000021
0000036f244323000ffffff0dbbcdccff0000010dbbcdc0ff000003811903baff8000011
0000036f244323000fffffef1bbcdc900000000f244323700fffffeff00000100fffffe5
0000036f5bbcdce01000000f1bbcdce00000000f5bbcdce01000000ff000000010000005
0000036f5bbcdce010000010dbbcdce7f00000109bbcdce7e0000018480b0f67e0000021
0000036f5bbcdce010000010dbbcdccff000000f9bbcdcc82000000f9bbcdccff0000001
0000036f5bbcdce01000000f1bbcdc900000000f1bbcdce00000000ff000000000000005
0000036f5bbcdc201000002f1bbcdce00000000f5bbcdc201000002ff000000010000025
0000036f5bbcdc2010000030dbbcdce7f0000010a443232feffffff8480b0eaff0000005
0000036f5bbcdc2010000030dbbcdccff0000010fbbcdce7f8000018480b0eaff0000001
0000036f5bbcdc201000002f1bbcdc900000000f1bbcdc200000002ff000000000000025
00000370dbbcdce7f000000f1bbcdce000000010dbbcdce7f0000018080b0f67f0000001
00000370dbbcdce7f0000010dbbcdce7f0000010dbbcdccff0000010dbbcdcaff0000001
00000370dbbcdce7f0000010dbbcdccff000000f1bbcdc900000000f1bbcdcaff0000001
00000370dbbcdce7f000000f1bbcdc900000000f244323000fffffef244323000fffffe1
00000370dbbcdc27f000002f1bbcdce000000010dbbcdc27f0000038080b0ea7f0000021
00000370dbbcdc27f0000030dbbcdce7f0000010fbbcdccff8000010fbbcdcaff8000001
00000370dbbcdc27f0000030dbbcdccff000000f1bbcdc500000002f1bbcdc6ff0000001
00000370dbbcdc27f000002f1bbcdc900000000f5bbcdce01000000f5bbcdce010000001
0000036f1bbcdcc80000000f1bbcdce00000000f1bbcdcc80000000ff000000800000005
0000036f1bbcdcc800000010dbbcdce7f0000010dbbcdc0ff0000038080b0f4ff8000011
0000036f1bbcdcc800000010dbbcdccff000000f244323700fffffef2443236ff0000001
0000036f1bbcdcc80000000f1bbcdc900000000f5bbcdc201000002ff000000010000025
000003709bbcdce7e000000f1bbcdce0000000109bbcdce7e0000017c80b0f67e0000001
000003709bbcdce7e0000010dbbcdce7f000000f9bbcdcc82000000f9bbcdce821000001
000003709bbcdce7e0000010dbbcdccff000000f1bbcdce00000000f1bbcdd0ff0000001
000003709bbcdce7e000000f1bbcdc9000000010dbbcdce7f0000017c80b0f07f0000001
00000370a443232fefffffef1bbcdce000000010a443232feffffff7d1903befefffffe1
00000370a443232feffffff0dbbcdce7f0000010fbbcdce7f8000010fbbcdccff0000005
00000370a443232feffffff0dbbcdccff000000f1bbcdc200000002f1bbcdc4ff0000001
00000370a443232fefffffef1bbcdc9000000010dbbcdc27f0000037d1903ba7f0000021
00000370dbbcdccff000000f1bbcdce000000010dbbcdccff0000018080b0f4ff8000011
00000370dbbcdccff0000010dbbcdce7f000000f1bbcdc900000000f1bbcdcaff0000001
00000370dbbcdccff0000010dbbcdccff000000f244323000fffffef2443232ff0000001
00000370dbbcdccff000000f1bbcdc900000000f1bbcdcc80000000f1bbcdccff8000011
00000370fbbcdccff800000f1bbcdce000000010fbbcdccff8000018280b0f4ff8000001
00000370fbbcdccff8000010dbbcdce7f000000f1bbcdc500000002f1bbcdc6ff8000001
00000370fbbcdccff8000010dbbcdccff000000f5bbcdce01000000f5bbcdd0ff8000001
00000370fbbcdccff800000f1bbcdc90000000109bbcdce7e0000018280b0eeff8000001
00000370dbbcdc0ff000002f1bbcdce000000010dbbcdc0ff0000038080b0eaff8000011
00000370dbbcdc0ff0000030dbbcdce7f000000f244323700fffffef2443238ff8000011
00000370dbbcdc0ff0000030dbbcdccff000000f5bbcdc201000002f5bbcdc4ff8000011
00000370dbbcdc0ff000002f1bbcdc9000000010a443232feffffff8080b0e4ff8000011
0000036f9bbcdcc82000000f1bbcdce00000000f9bbcdcc82000000ff000000820000005
0000036f9bbcdcc820000010dbbcdce7f000000f1bbcdce00000000f1bbcdce820000001
0000036f9bbcdcc820000010dbbcdccff0000010dbbcdce7f0000018880b0f2ff0000001
0000036f9bbcdcc82000000f1bbcdc9000000010dbbcdccff000000ff000000ff0000005
00000370fbbcdce7f800000f1bbcdce000000010fbbcdce7f8000018280b0f67f8000001
00000370fbbcdce7f8000010dbbcdce7f000000f1bbcdc200000002f1bbcdc47f8000021
00000370fbbcdce7f8000010dbbcdccff0000010dbbcdc27f0000030dbbcdc0ff0000001
00000370fbbcdce7f800000f1bbcdc9000000010fbbcdccff8000018280b0f0ff8000001
0000036f1bbcdc900000000f1bbcdce00000000f1bbcdc900000000ff000001000000005
0000036f1bbcdc9000000010dbbcdce7f000000f244323000fffffef244323000fffffe1
0000036f1bbcdc9000000010dbbcdccff000000f1bbcdcc80000000f1bbcdccff8000011
0000036f1bbcdc900000000f1bbcdc9000000010dbbcdc0ff000002ff000000ff8000015
0000036f1bbcdc500000002f1bbcdce00000000f1bbcdc500000002ff000001000000025
0000036f1bbcdc5000000030dbbcdce7f000000f5bbcdce01000000f5bbcdce00fffffe1
0000036f1bbcdc5000000030dbbcdccff00000109bbcdce7e0000018080b0ebff0000001
0000036f1bbcdc500000002f1bbcdc900000000f9bbcdcc82000000ff000000820000005
0000036f244323700fffffef1bbcdce00000000f244323700fffffeff00000100fffffe5
0000036f244323700ffffff0dbbcdce7f000000f5bbcdc201000002f5bbcdc2000000041
0000036f244323700ffffff0dbbcdccff0000010a443232feffffff811903c1ff0000001
0000036f244323700fffffef1bbcdc9000000010fbbcdce7f800000ff0000007f8000005
0000038f1bbcdce00000000f1bbcdce00000000f1bbcdce00000000ff000000000000005
0000038f1bbcdce000000010dbbcdce7f0000010dbbcdce7f0000018080b0f67f0000001
0000038f1bbcdce000000010dbbcdccff0000010dbbcdccff0000018080b0f4ff8000011
0000038f1bbcdce00000000f1bbcdc900000000f1bbcdc900000000ff000001000000005
0000038f1bbcdc200000002f1bbcdce00000000f1bbcdc200000002ff000000000000025
0000038f1bbcdc2000000030dbbcdce7f0000010dbbcdc27f0000038080b0ec7f0000021
0000038f1bbcdc2000000030dbbcdccff0000010fbbcdccff8000018080b0eaff8000001
0000038f1bbcdc200000002f1bbcdc900000000f1bbcdc500000002ff000001000000025
0000038f244323000fffffef1bbcdce00000000f244323000fffffeff00000000fffffe5
0000038f244323000ffffff0dbbcdce7f000000f1bbcdcc80000000f1bbcdcc800000001
0000038f244323000ffffff0dbbcdccff0000010dbbcdc0ff000003811903bcff8000011
0000038f244323000fffffef1bbcdc900000000f244323700fffffeff00000100fffffe5
0000038f5bbcdce01000000f1bbcdce00000000f5bbcdce01000000ff000000010000005
0000038f5bbcdce010000010dbbcdce7f00000109bbcdce7e0000018480b0f67e0000001
0000038f5bbcdce010000010dbbcdccff000000f9bbcdcc82000000f9bbcdccff0000001
0000038f5bbcdce01000000f1bbcdc900000000f1bbcdce00000000ff000000000000005
0000038f5bbcdc201000002f1bbcdce00000000f5bbcdc201000002ff000000010000025
0000038f5bbcdc2010000030dbbcdce7f0000010a443232feffffff8480b0ecfefffffe1
0000038f5bbcdc2010000030dbbcdccff0000010fbbcdce7f8000018480b0eaff0000001
0000038f5bbcdc201000002f1bbcdc900000000f1bbcdc200000002ff000000000000025
00000390dbbcdce7f000000f1bbcdce000000010dbbcdce7f0000018080b0f67f0000001
00000390dbbcdce7f0000010dbbcdce7f0000010dbbcdccff0000010dbbcdccff0000001
00000390dbbcdce7f0000010dbbcdccff000000f1bbcdc900000000f1bbcdc8ff0000001
00000390dbbcdce7f000000f1bbcdc900000000f244323000fffffef244323000fffffe1
00000390dbbcdc27f000002f1bbcdce000000010dbbcdc27f0000038080b0ec7f0000021
00000390dbbcdc27f0000030dbbcdce7f0000010fbbcdccff8000010fbbcdccff8000001
00000390dbbcdc27f0000030dbbcdccff000000f1bbcdc500000002f1bbcdc4ff0000001
00000390dbbcdc27f000002f1bbcdc900000000f5bbcdce01000000f5bbcdce010000001
0000038f1bbcdcc80000000f1bbcdce00000000f1bbcdcc80000000ff000000800000005
0000038f1bbcdcc800000010dbbcdce7f0000010dbbcdc0ff0000038080b0f4ff8000011
0000038f1bbcdcc800000010dbbcdccff000000f244323700fffffef2443236ff0000001
0000038f1bbcdcc80000000f1bbcdc900000000f5bbcdc201000002ff000000010000025
000003909bbcdce7e000000f1bbcdce0000000109bbcdce7e0000017c80b0f67e0000001
000003909bbcdce7e0000010dbbcdce7f000000f9bbcdcc82000000f9bbcdcc821000001
000003909bbcdce7e0000010dbbcdccff000000f1bbcdce00000000f1bbcdceff0000001
000003909bbcdce7e000000f1bbcdc9000000010dbbcdce7f0000017c80b0f27f0000001
00000390a443232fefffffef1bbcdce000000010a443232feffffff7d1903befefffffe1
00000390a443232feffffff0dbbcdce7f0000010fbbcdce7f8000010fbbcdcefefffffe1
00000390a443232feffffff0dbbcdccff000000f1bbcdc200000002f1bbcdc2ff0000001
00000390a443232fefffffef1bbcdc9000000010dbbcdc27f0000037d1903ba7f0000021
00000390dbbcdccff000000f1bbcdce000000010dbbcdccff0000018080b0f4ff8000011
00000390dbbcdccff0000010dbbcdce7f000000f1bbcdc900000000f1bbcdc8ff0000001
00000390dbbcdccff0000010dbbcdccff000000f244323000fffffef2443230ff0000001
00000390dbbcdccff000000f1bbcdc900000000f1bbcdcc80000000f1bbcdccff8000011
00000390fbbcdccff800000f1bbcdce000000010fbbcdccff8000018280b0f4ff8000001
00000390fbbcdccff8000010dbbcdce7f000000f1bbcdc500000002f1bbcdc4ff8000001
00000390fbbcdccff8000010dbbcdccff000000f5bbcdce01000000f5bbcdceff8000001
00000390fbbcdccff800000f1bbcdc90000000109bbcdce7e0000018280b0f0ff8000001
00000390dbbcdc0ff000002f1bbcdce000000010dbbcdc0ff0000038080b0eaff8000011
00000390dbbcdc0ff0000030dbbcdce7f000000f244323700fffffef2443236ff8000011
00000390dbbcdc0ff0000030dbbcdccff000000f5bbcdc201000002f5bbcdc2ff8000011
00000390dbbcdc0ff000002f1bbcdc9000000010a443232feffffff8080b0e4ff8000011
0000038f9bbcdcc82000000f1bbcdce00000000f9bbcdcc82000000ff000000820000005
0000038f9bbcdcc820000010dbbcdce7f000000f1bbcdce00000000f1bbcdce820000001
0000038f9bbcdcc820000010dbbcdccff0000010dbbcdce7f0000018880b0f2ff0000001
0000038f9bbcdcc82000000f1bbcdc9000000010dbbcdccff000000ff000000ff0000005
00000390fbbcdce7f800000f1bbcdce000000010fbbcdce7f8000018280b0f67f8000001
00000390fbbcdce7f8000010dbbcdce7f000000f1bbcdc200000002f1bbcdc27f8000001
00000390fbbcdce7f8000010dbbcdccff0000010dbbcdc27f0000030dbbcdc2ff0000001
00000390fbbcdce7f800000f1bbcdc9000000010fbbcdccff8000018280b0f2ff8000001
0000038f1bbcdc900000000f1bbcdce00000000f1bbcdc900000000ff000001000000005
0000038f1bbcdc9000000010dbbcdce7f000000f244323000fffffef244323000fffffe1
0000038f1bbcdc9000000010dbbcdccff000000f1bbcdcc80000000f1bbcdccff8000011
0000038f1bbcdc900000000f1bbcdc9000000010dbbcdc0ff000002ff000000ff8000015
0000038f1bbcdc500000002f1bbcdce00000000f1bbcdc500000002ff000001000000025
0000038f1bbcdc5000000030dbbcdce7f000000f5bbcdce01000000f5bbcdce00fffffe1
0000038f1bbcdc5000000030dbbcdccff00000109bbcdce7e0000018080b0edff0000001
0000038f1bbcdc500000002f1bbcdc900000000f9bbcdcc82000000ff000000820000005
0000038f244323700fffffef1bbcdce00000000f244323700fffffeff00000100fffffe5
0000038f244323700ffffff0dbbcdce7f000000f5bbcdc201000002f5bbcdc2000000041
0000038f244323700ffffff0dbbcdccff0000010a443232feffffff811903c1ff0000001
0000038f244323700fffffef1bbcdc9000000010fbbcdce7f800000ff0000007f8000005
0000061fffffffffffe0001fffffffffffe0001fffffffffffe0001fffffffffffe00000
0000061fffffffffffe000187ff87ff87fe780187ff87ff87fe7801fffffffffffe78000
0000061fffffffffffe000107ff07ff07fef80107ff07ff07fef801fffffffffffefc010
0000061fffffffffffe0000fffefffeffff0000fffefffeffff0001ffffffffffff00000
0000061fffdfffdfffc0003fffffffffffe0001fffdfffdfffc0003fffffffffffe00020
0000061fffdfffdfffc000387ff87ff87fe780187fd87fd87fc7803fffffffffffe78021
0000061fffdfffdfffc000307ff07ff07fef80103ff03ff03fefc01fffffffffffefc000
0000061fffdfffdfffc0002fffefffeffff0000fffcfffcfffd0003ffffffffffff00020
0000061f801f801f80007fffffffffffffe0001f801f801f80007fffffffffffffe07fe0
0000061f801f801f80007ff87ff87ff87fe78017fff7fff7ffe8001fffffffffffe80001
0000061f801f801f80007ff07ff07ff07fef80107fd07fd07fcf803fffffffffffefc010
0000061f801f801f80007fefffefffeffff0000f800f800f80107ffffffffffffff07fe0
0000061f7fff7fff7fe0801fffffffffffe0001f7fff7fff7fe0801fffffffffffe08000
0000061f7fff7fff7fe080187ff87ff87fe78018fff8fff8ffe7001fffffffffffe70001
0000061f7fff7fff7fe080107ff07ff07fef8016fff6fff6ffe9001fffffffffffef8000
0000061f7fff7fff7fe0800fffefffeffff0001fffffffffffe0001fffffffffffe00000
0000061f7fdf7fdf7fc0803fffffffffffe0001f7fdf7fdf7fc0803fffffffffffe08020
0000061f7fdf7fdf7fc080387ff87ff87fe7801080108010800f7fffffffffffffef7fe1
0000061f7fdf7fdf7fc080307ff07ff07fef80183ff83ff83fe7c01fffffffffffef8000
0000061f7fdf7fdf7fc0802fffefffeffff0001fffdfffdfffc0003fffffffffffe00020
000006187ff87ff87fe7801fffffffffffe000187ff87ff87fe7801fffffffffffe78000
000006187ff87ff87fe780187ff87ff87fe780107ff07ff07fef801fffffffffffef8000
000006187ff87ff87fe780107ff07ff07fef800fffefffeffff0001fffffffffffef8000
000006187ff87ff87fe7800fffefffeffff0001f801f801f80007fffffffffffffe07fe0
000006187fd87fd87fc7803fffffffffffe000187fd87fd87fc7803fffffffffffe78020
000006187fd87fd87fc780387ff87ff87fe780103ff03ff03fefc01fffffffffffefc000
000006187fd87fd87fc780307ff07ff07fef800fffcfffcfffd0003fffffffffffef8000
000006187fd87fd87fc7802fffefffeffff0001f7fff7fff7fe0801fffffffffffe08000
00000617fff7fff7ffe8001fffffffffffe00017fff7fff7ffe8001fffffffffffe80000
00000617fff7fff7ffe800187ff87ff87fe780107fd07fd07fcf803fffffffffffefc010
00000617fff7fff7ffe800107ff07ff07fef800f800f800f80107fffffffffffffef8000
00000617fff7fff7ffe8000fffefffeffff0001f7fdf7fdf7fc0803fffffffffffe08020
00000618fff8fff8ffe7001fffffffffffe00018fff8fff8ffe7001fffffffffffe70000
00000618fff8fff8ffe700187ff87ff87fe78016fff6fff6ffe9001fffffffffffe90800
00000618fff8fff8ffe700107ff07ff07fef801fffffffffffe0001fffffffffffef8000
00000618fff8fff8ffe7000fffefffeffff000187ff87ff87fe7801fffffffffffe78000
0000061080108010800f7fffffffffffffe0001080108010800f7fffffffffffffef7fe0
0000061080108010800f7ff87ff87ff87fe780183ff83ff83fe7c01fffffffffffef7fe1
0000061080108010800f7ff07ff07ff07fef801fffdfffdfffc0003fffffffffffef8000
0000061080108010800f7fefffefffeffff000187fd87fd87fc7803fffffffffffe78020
000006107ff07ff07fef801fffffffffffe000107ff07ff07fef801fffffffffffefc010
000006107ff07ff07fef80187ff87ff87fe7800fffefffeffff0001fffffffffffef8000
000006107ff07ff07fef80107ff07ff07fef801f801f801f80007fffffffffffffef8000
000006107ff07ff07fef800fffefffeffff00017fff7fff7ffe8001fffffffffffefc010
000006103ff03ff03fefc01fffffffffffe000103ff03ff03fefc01fffffffffffefc000
000006103ff03ff03fefc0187ff87ff87fe7800fffcfffcfffd0003fffffffffffefc000
000006103ff03ff03fefc0107ff07ff07fef801f7fff7fff7fe0801fffffffffffefc000
000006103ff03ff03fefc00fffefffeffff00018fff8fff8ffe7001fffffffffffefc000
000006107fd07fd07fcf803fffffffffffe000107fd07fd07fcf803fffffffffffefc010
000006107fd07fd07fcf80387ff87ff87fe7800f800f800f80107fffffffffffffefc010
000006107fd07fd07fcf80307ff07ff07fef801f7fdf7fdf7fc0803fffffffffffefc010
000006107fd07fd07fcf802fffefffeffff0001080108010800f7fffffffffffffefc010
00000616fff6fff6ffe9001fffffffffffe00016fff6fff6ffe9001fffffffffffe90000
00000616fff6fff6ffe900187ff87ff87fe7801fffffffffffe0001fffffffffffe90000
00000616fff6fff6ffe900107ff07ff07fef80187ff87ff87fe7801fffffffffffef8000
00000616fff6fff6ffe9000fffefffeffff000107ff07ff07fef801fffffffffffef8000
000006183ff83ff83fe7c01fffffffffffe000183ff83ff83fe7c01fffffffffffe7c000
000006183ff83ff83fe7c0187ff87ff87fe7801fffdfffdfffc0003fffffffffffe7c001
000006183ff83ff83fe7c0107ff07ff07fef80187fd87fd87fc7803fffffffffffef8000
000006183ff83ff83fe7c00fffefffeffff000103ff03ff03fefc01fffffffffffefc000
0000060fffefffeffff0001fffffffffffe0000fffefffeffff0001ffffffffffff00000
0000060fffefffeffff000187ff87ff87fe7801f801f801f80007fffffffffffffe07fe0
0000060fffefffeffff000107ff07ff07fef8017fff7fff7ffe8001fffffffffffefc010
0000060fffefffeffff0000fffefffeffff000107fd07fd07fcf803fffffffffffefc010
0000060fffcfffcfffd0003fffffffffffe0000fffcfffcfffd0003ffffffffffff00020
0000060fffcfffcfffd000387ff87ff87fe7801f7fff7fff7fe0801fffffffffffe07fe0
0000060fffcfffcfffd000307ff07ff07fef8018fff8fff8ffe7001fffffffffffff8000
0000060fffcfffcfffd0002fffefffeffff00016fff6fff6ffe9001fffffffffffe90000
0000060f800f800f80107fffffffffffffe0000f800f800f80107ffffffffffffff07fe0
0000060f800f800f80107ff87ff87ff87fe7801f7fdf7fdf7fc0803fffffffffffe00040
0000060f800f800f80107ff07ff07ff07fef801080108010800f7fffffffffffffff8000
0000060f800f800f80107fefffefffeffff000183ff83ff83fe7c01fffffffffffe7c000
0000063fffffffffffe0001fffffffffffe0001fffffffffffe0001fffffffffffe00000
0000063fffffffffffe000187ff87ff87fe780187ff87ff87fe7801fffffffffffe78000
0000063fffffffffffe000107ff07ff07fef80107ff07ff07fef801fffffffffffefc010
0000063fffffffffffe0000fffefffeffff0000fffefffeffff0001ffffffffffff00000
0000063fffdfffdfffc0003fffffffffffe0001fffdfffdfffc0003fffffffffffe00020
0000063fffdfffdfffc000387ff87ff87fe780187fd87fd87fc7803fffffffffffe78021
0000063fffdfffdfffc000307ff07ff07fef80103ff03ff03fefc01fffffffffffefc000
0000063fffdfffdfffc0002fffefffeffff0000fffcfffcfffd0003ffffffffffff00020
0000063f801f801f80007fffffffffffffe0001f801f801f80007fffffffffffffe07fe0
0000063f801f801f80007ff87ff87ff87fe78017fff7fff7ffe8001fffffffffffe80001
0000063f801f801f80007ff07ff07ff07fef80107fd07fd07fcf803fffffffffffefc010
0000063f801f801f80007fefffefffeffff0000f800f800f80107ffffffffffffff07fe0
0000063f7fff7fff7fe0801fffffffffffe0001f7fff7fff7fe0801fffffffffffe08000
0000063f7fff7fff7fe080187ff87ff87fe78018fff8fff8ffe7001fffffffffffe70001
0000063f7fff7fff7fe080107ff07ff07fef8016fff6fff6ffe9001fffffffffffef8000
0000063f7fff7fff7fe0800fffefffeffff0001fffffffffffe0001fffffffffffe00000
0000063f7fdf7fdf7fc0803fffffffffffe0001f7fdf7fdf7fc0803fffffffffffe08020
0000063f7fdf7fdf7fc080387ff87ff87fe7801080108010800f7fffffffffffffef7fe1
0000063f7fdf7fdf7fc080307ff07ff07fef80183ff83ff83fe7c01fffffffffffef8000
0000063f7fdf7fdf7fc0802fffefffeffff0001fffdfffdfffc0003fffffffffffe00020
000006387ff87ff87fe7801fffffffffffe000187ff87ff87fe7801fffffffffffe78000
000006387ff87ff87fe780187ff87ff87fe780107ff07ff07fef801fffffffffffef8000
000006387ff87ff87fe780107ff07ff07fef800fffefffeffff0001fffffffffffef8000
000006387ff87ff87fe7800fffefffeffff0001f801f801f80007fffffffffffffe07fe0
000006387fd87fd87fc7803fffffffffffe000187fd87fd87fc7803fffffffffffe78020
000006387fd87fd87fc780387ff87ff87fe780103ff03ff03fefc01fffffffffffefc000
000006387fd87fd87fc780307ff07ff07fef800fffcfffcfffd0003fffffffffffef8000
000006387fd87fd87fc7802fffefffeffff0001f7fff7fff7fe0801fffffffffffe08000
00000637fff7fff7ffe8001fffffffffffe00017fff7fff7ffe8001fffffffffffe80000
00000637fff7fff7ffe800187ff87ff87fe780107fd07fd07fcf803fffffffffffefc010
00000637fff7fff7ffe800107ff07ff07fef800f800f800f80107fffffffffffffef8000
00000637fff7fff7ffe8000fffefffeffff0001f7fdf7fdf7fc0803fffffffffffe08020
00000638fff8fff8ffe7001fffffffffffe00018fff8fff8ffe7001fffffffffffe70000
00000638fff8fff8ffe700187ff87ff87fe78016fff6fff6ffe9001fffffffffffe90800
00000638fff8fff8ffe700107ff07ff07fef801fffffffffffe0001fffffffffffef8000
00000638fff8fff8ffe7000fffefffeffff000187ff87ff87fe7801fffffffffffe78000
0000063080108010800f7fffffffffffffe0001080108010800f7fffffffffffffef7fe0
0000063080108010800f7ff87ff87ff87fe780183ff83ff83fe7c01fffffffffffef7fe1
0000063080108010800f7ff07ff07ff07fef801fffdfffdfffc0003fffffffffffef8000
0000063080108010800f7fefffefffeffff000187fd87fd87fc7803fffffffffffe78020
000006307ff07ff07fef801fffffffffffe000107ff07ff07fef801fffffffffffefc010
000006307ff07ff07fef80187ff87ff87fe7800fffefffeffff0001fffffffffffef8000
000006307ff07ff07fef80107ff07ff07fef801f801f801f80007fffffffffffffef8000
000006307ff07ff07fef800fffefffeffff00017fff7fff7ffe8001fffffffffffefc010
000006303ff03ff03fefc01fffffffffffe000103ff03ff03fefc01fffffffffffefc000
000006303ff03ff03fefc0187ff87ff87fe7800fffcfffcfffd0003fffffffffffefc000
000006303ff03ff03fefc0107ff07ff07fef801f7fff7fff7fe0801fffffffffffefc000
000006303ff03ff03fefc00fffefffeffff00018fff8fff8ffe7001fffffffffffefc000
000006307fd07fd07fcf803fffffffffffe000107fd07fd07fcf803fffffffffffefc010
000006307fd07fd07fcf80387ff87ff87fe7800f800f800f80107fffffffffffffefc010
000006307fd07fd07fcf80307ff07ff07fef801f7fdf7fdf7fc0803fffffffffffefc010
000006307fd07fd07fcf802fffefffeffff0001080108010800f7fffffffffffffefc010
00000636fff6fff6ffe9001fffffffffffe00016fff6fff6ffe9001fffffffffffe90000
00000636fff6fff6ffe900187ff87ff87fe7801fffffffffffe0001fffffffffffe90000
00000636fff6fff6ffe900107ff07ff07fef80187ff87ff87fe7801fffffffffffef8000
00000636fff6fff6ffe9000fffefffeffff000107ff07ff07fef801fffffffffffef8000
000006383ff83ff83fe7c01fffffffffffe000183ff83ff83fe7c01fffffffffffe7c000
000006383ff83ff83fe7c0187ff87ff87fe7801fffdfffdfffc0003fffffffffffe7c001
000006383ff83ff83fe7c0107ff07ff07fef80187fd87fd87fc7803fffffffffffef8000
000006383ff83ff83fe7c00fffefffeffff000103ff03ff03fefc01fffffffffffefc000
0000062fffefffeffff0001fffffffffffe0000fffefffeffff0001ffffffffffff00000
0000062fffefffeffff000187ff87ff87fe7801f801f801f80007fffffffffffffe07fe0
0000062fffefffeffff000107ff07ff07fef8017fff7fff7ffe8001fffffffffffefc010
0000062fffefffeffff0000fffefffeffff000107fd07fd07fcf803fffffffffffefc010
0000062fffcfffcfffd0003fffffffffffe0000fffcfffcfffd0003ffffffffffff00020
0000062fffcfffcfffd000387ff87ff87fe7801f7fff7fff7fe0801fffffffffffe07fe0
0000062fffcfffcfffd000307ff07ff07fef8018fff8fff8ffe7001fffffffffffff8000
0000062fffcfffcfffd0002fffefffeffff00016fff6fff6ffe9001fffffffffffe90000
0000062f800f800f80107fffffffffffffe0000f800f800f80107ffffffffffffff07fe0
0000062f800f800f80107ff87ff87ff87fe7801f7fdf7fdf7fc0803fffffffffffe00040
0000062f800f800f80107ff07ff07ff07fef801080108010800f7fffffffffffffff8000
0000062f800f800f80107fefffefffeffff000183ff83ff83fe7c01fffffffffffe7c000
0000065fffffffffffe0001fffffffffffe0001fffffffffffe0001fffffffffffe00000
0000065fffffffffffe000187ff87ff87fe780187ff87ff87fe7801fffffffffffe78000
0000065fffffffffffe000107ff07ff07fef80107ff07ff07fef801fffffffffffefc010
0000065fffffffffffe0000fffefffeffff0000fffefffeffff0001ffffffffffff00000
0000065fffdfffdfffc0003fffffffffffe0001fffdfffdfffc0003fffffffffffe00020
0000065fffdfffdfffc000387ff87ff87fe780187fd87fd87fc7803fffffffffffe78021
0000065fffdfffdfffc000307ff07ff07fef80103ff03ff03fefc01fffffffffffefc000
0000065fffdfffdfffc0002fffefffeffff0000fffcfffcfffd0003ffffffffffff00020
0000065f801f801f80007fffffffffffffe0001f801f801f80007fffffffffffffe07fe0
0000065f801f801f80007ff87ff87ff87fe78017fff7fff7ffe8001fffffffffffe80001
0000065f801f801f80007ff07ff07ff07fef80107fd07fd07fcf803fffffffffffefc010
0000065f801f801f80007fefffefffeffff0000f800f800f80107ffffffffffffff07fe0
0000065f7fff7fff7fe0801fffffffffffe0001f7fff7fff7fe0801fffffffffffe08000
0000065f7fff7fff7fe080187ff87ff87fe78018fff8fff8ffe7001fffffffffffe70001
0000065f7fff7fff7fe080107ff07ff07fef8016fff6fff6ffe9001fffffffffffef8000
0000065f7fff7fff7fe0800fffefffeffff0001fffffffffffe0001ffffffffffff00000
0000065f7fdf7fdf7fc0803fffffffffffe0001f7fdf7fdf7fc0803fffffffffffe08020
0000065f7fdf7fdf7fc080387ff87ff87fe7801080108010800f7fffffffffffffef7fe1
0000065f7fdf7fdf7fc080307ff07ff07fef80183ff83ff83fe7c01fffffffffffef8000
0000065f7fdf7fdf7fc0802fffefffeffff0001fffdfffdfffc0003fffffffffffe00020
000006587ff87ff87fe7801fffffffffffe000187ff87ff87fe7801fffffffffffe78000
000006587ff87ff87fe780187ff87ff87fe780107ff07ff07fef801fffffffffffef8000
000006587ff87ff87fe780107ff07ff07fef800fffefffeffff0001fffffffffffef8000
000006587ff87ff87fe7800fffefffeffff0001f801f801f80007fffffffffffffe07fe0
000006587fd87fd87fc7803fffffffffffe000187fd87fd87fc7803fffffffffffe78020
000006587fd87fd87fc780387ff87ff87fe780103ff03ff03fefc01fffffffffffefc000
000006587fd87fd87fc780307ff07ff07fef800fffcfffcfffd0003fffffffffffef8000
000006587fd87fd87fc7802fffefffeffff0001f7fff7fff7fe0801fffffffffffe08000
00000657fff7fff7ffe8001fffffffffffe00017fff7fff7ffe8001fffffffffffe80000
00000657fff7fff7ffe800187ff87ff87fe780107fd07fd07fcf803fffffffffffefc010
00000657fff7fff7ffe800107ff07ff07fef800f800f800f80107fffffffffffffef8000
00000657fff7fff7ffe8000fffefffeffff0001f7fdf7fdf7fc0803fffffffffffe08020
00000658fff8fff8ffe7001fffffffffffe00018fff8fff8ffe7001fffffffffffe70000
00000658fff8fff8ffe700187ff87ff87fe78016fff6fff6ffe9001fffffffffffe90800
00000658fff8fff8ffe700107ff07ff07fef801fffffffffffe0001fffffffffffef8000
00000658fff8fff8ffe7000fffefffeffff000187ff87ff87fe7801fffffffffffe78000
0000065080108010800f7fffffffffffffe0001080108010800f7fffffffffffffef7fe0
0000065080108010800f7ff87ff87ff87fe780183ff83ff83fe7c01fffffffffffef7fe1
0000065080108010800f7ff07ff07ff07fef801fffdfffdfffc0003fffffffffffef8000
0000065080108010800f7fefffefffeffff000187fd87fd87fc7803fffffffffffe78020
000006507ff07ff07fef801fffffffffffe000107ff07ff07fef801fffffffffffefc010
000006507ff07ff07fef80187ff87ff87fe7800fffefffeffff0001fffffffffffef8000
000006507ff07ff07fef80107ff07ff07fef801f801f801f80007fffffffffffffef8000
000006507ff07ff07fef800fffefffeffff00017fff7fff7ffe8001fffffffffffefc010
000006503ff03ff03fefc01fffffffffffe000103ff03ff03fefc01fffffffffffefc000
000006503ff03ff03fefc0187ff87ff87fe7800fffcfffcfffd0003fffffffffffefc000
000006503ff03ff03fefc0107ff07ff07fef801f7fff7fff7fe0801fffffffffffefc000
000006503ff03ff03fefc00fffefffeffff00018fff8fff8ffe7001fffffffffffefc000
000006507fd07fd07fcf803fffffffffffe000107fd07fd07fcf803fffffffffffefc010
000006507fd07fd07fcf80387ff87ff87fe7800f800f800f80107fffffffffffffefc010
000006507fd07fd07fcf80307ff07ff07fef801f7fdf7fdf7fc0803fffffffffffefc010
000006507fd07fd07fcf802fffefffeffff0001080108010800f7fffffffffffffefc010
00000656fff6fff6ffe9001fffffffffffe00016fff6fff6ffe9001fffffffffffe90000
00000656fff6fff6ffe900187ff87ff87fe7801fffffffffffe0001fffffffffffe90000
00000656fff6fff6ffe900107ff07ff07fef80187ff87ff87fe7801fffffffffffef8000
00000656fff6fff6ffe9000fffefffeffff000107ff07ff07fef801fffffffffffef8000
000006583ff83ff83fe7c01fffffffffffe000183ff83ff83fe7c01fffffffffffe7c000
000006583ff83ff83fe7c0187ff87ff87fe7801fffdfffdfffc0003fffffffffffe7c001
000006583ff83ff83fe7c0107ff07ff07fef80187fd87fd87fc7803fffffffffffef8000
000006583ff83ff83fe7c00fffefffeffff000103ff03ff03fefc01fffffffffffefc000
0000064fffefffeffff0001fffffffffffe0000fffefffeffff0001ffffffffffff00000
0000064fffefffeffff000187ff87ff87fe7801f801f801f80007fffffffffffffe07fe0
0000064fffefffeffff000107ff07ff07fef8017fff7fff7ffe8001fffffffffffefc010
0000064fffefffeffff0000fffefffeffff000107fd07fd07fcf803fffffffffffefc010
0000064fffcfffcfffd0003fffffffffffe0000fffcfffcfffd0003ffffffffffff00020
0000064fffcfffcfffd000387ff87ff87fe7801f7fff7fff7fe0801fffffffffffe07fe0
0000064fffcfffcfffd000307ff07ff07fef8018fff8fff8ffe7001fffffffffffff8000
0000064fffcfffcfffd0002fffefffeffff00016fff6fff6ffe9001fffffffffffe90000
0000064f800f800f80107fffffffffffffe0000f800f800f80107ffffffffffffff07fe0
0000064f800f800f80107ff87ff87ff87fe7801f7fdf7fdf7fc0803fffffffffffe00040
0000064f800f800f80107ff07ff07ff07fef801080108010800f7fffffffffffffff8000
0000064f800f800f80107fefffefffeffff000183ff83ff83fe7c01fffffffffffe7c000
0000067fffffffffffe0001fffffffffffe0001fffffffffffe0001fffffffffffe00000
0000067fffffffffffe000187ff87ff87fe780187ff87ff87fe7801fffffffffffe78000
0000067fffffffffffe000107ff07ff07fef80107ff07ff07fef801fffffffffffefc010
0000067fffffffffffe0000fffefffeffff0000fffefffeffff0001ffffffffffff00000
0000067fffdfffdfffc0003fffffffffffe0001fffdfffdfffc0003fffffffffffe00020
0000067fffdfffdfffc000387ff87ff87fe780187fd87fd87fc7803fffffffffffe78041
0000067fffdfffdfffc000307ff07ff07fef80103ff03ff03fefc01fffffffffffefc000
0000067fffdfffdfffc0002fffefffeffff0000fffcfffcfffd0003ffffffffffff00020
0000067f801f801f80007fffffffffffffe0001f801f801f80007fffffffffffffe07fe0
0000067f801f801f80007ff87ff87ff87fe78017fff7fff7ffe8001fffffffffffe80021
0000067f801f801f80007ff07ff07ff07fef80107fd07fd07fcf803fffffffffffefc010
0000067f801f801f80007fefffefffeffff0000f800f800f80107ffffffffffffff07fe0
0000067f7fff7fff7fe0801fffffffffffe0001f7fff7fff7fe0801fffffffffffe08000
0000067f7fff7fff7fe080187ff87ff87fe78018fff8fff8ffe7001fffffffffffe70021
0000067f7fff7fff7fe080107ff07ff07fef8016fff6fff6ffe9001fffffffffffef8000
0000067f7fff7fff7fe0800fffefffeffff0001fffffffffffe0001fffffffffffe00000
0000067f7fdf7fdf7fc0803fffffffffffe0001f7fdf7fdf7fc0803fffffffffffe08020
0000067f7fdf7fdf7fc080387ff87ff87fe7801080108010800f7fffffffffffffef8005
0000067f7fdf7fdf7fc080307ff07ff07fef80183ff83ff83fe7c01fffffffffffef8000
0000067f7fdf7fdf7fc0802fffefffeffff0001fffdfffdfffc0003fffffffffffe00020
000006787ff87ff87fe7801fffffffffffe000187ff87ff87fe7801fffffffffffe78000
000006787ff87ff87fe780187ff87ff87fe780107ff07ff07fef801fffffffffffef8000
000006787ff87ff87fe780107ff07ff07fef800fffefffeffff0001fffffffffffef8000
000006787ff87ff87fe7800fffefffeffff0001f801f801f80007fffffffffffffe07fe0
000006787fd87fd87fc7803fffffffffffe000187fd87fd87fc7803fffffffffffe78020
000006787fd87fd87fc780387ff87ff87fe780103ff03ff03fefc01fffffffffffefc000
000006787fd87fd87fc780307ff07ff07fef800fffcfffcfffd0003fffffffffffef8000
000006787fd87fd87fc7802fffefffeffff0001f7fff7fff7fe0801fffffffffffe08000
00000677fff7fff7ffe8001fffffffffffe00017fff7fff7ffe8001fffffffffffe80000
00000677fff7fff7ffe800187ff87ff87fe780107fd07fd07fcf803fffffffffffefc010
00000677fff7fff7ffe800107ff07ff07fef800f800f800f80107fffffffffffffef8000
00000677fff7fff7ffe8000fffefffeffff0001f7fdf7fdf7fc0803fffffffffffe08020
00000678fff8fff8ffe7001fffffffffffe00018fff8fff8ffe7001fffffffffffe70000
00000678fff8fff8ffe700187ff87ff87fe78016fff6fff6ffe9001fffffffffffe90800
00000678fff8fff8ffe700107ff07ff07fef801fffffffffffe0001fffffffffffef8000
00000678fff8fff8ffe7000fffefffeffff000187ff87ff87fe7801fffffffffffe78000
0000067080108010800f7fffffffffffffe0001080108010800f7fffffffffffffef7fe0
0000067080108010800f7ff87ff87ff87fe780183ff83ff83fe7c01fffffffffffef8005
0000067080108010800f7ff07ff07ff07fef801fffdfffdfffc0003fffffffffffef8000
0000067080108010800f7fefffefffeffff000187fd87fd87fc7803fffffffffffe78020
000006707ff07ff07fef801fffffffffffe000107ff07ff07fef801fffffffffffefc010
000006707ff07ff07fef80187ff87ff87fe7800fffefffeffff0001fffffffffffef8000
000006707ff07ff07fef80107ff07ff07fef801f801f801f80007fffffffffffffef8000
000006707ff07ff07fef800fffefffeffff00017fff7fff7ffe8001fffffffffffefc010
000006703ff03ff03fefc01fffffffffffe000103ff03ff03fefc01fffffffffffefc000
000006703ff03ff03fefc0187ff87ff87fe7800fffcfffcfffd0003fffffffffffefc000
000006703ff03ff03fefc0107ff07ff07fef801f7fff7fff7fe0801fffffffffffefc000
000006703ff03ff03fefc00fffefffeffff00018fff8fff8ffe7001fffffffffffefc000
000006707fd07fd07fcf803fffffffffffe000107fd07fd07fcf803fffffffffffefc010
000006707fd07fd07fcf80387ff87ff87fe7800f800f800f80107fffffffffffffefc010
000006707fd07fd07fcf80307ff07ff07fef801f7fdf7fdf7fc0803fffffffffffefc010
000006707fd07fd07fcf802fffefffeffff0001080108010800f7fffffffffffffefc010
00000676fff6fff6ffe9001fffffffffffe00016fff6fff6ffe9001fffffffffffe90000
00000676fff6fff6ffe900187ff87ff87fe7801fffffffffffe0001fffffffffffe90000
00000676fff6fff6ffe900107ff07ff07fef80187ff87ff87fe7801fffffffffffef8000
00000676fff6fff6ffe9000fffefffeffff000107ff07ff07fef801fffffffffffef8000
000006783ff83ff83fe7c01fffffffffffe000183ff83ff83fe7c01fffffffffffe7c000
000006783ff83ff83fe7c0187ff87ff87fe7801fffdfffdfffc0003fffffffffffe7c021
000006783ff83ff83fe7c0107ff07ff07fef80187fd87fd87fc7803fffffffffffef8000
000006783ff83ff83fe7c00fffefffeffff000103ff03ff03fefc01fffffffffffefc000
0000066fffefffeffff0001fffffffffffe0000fffefffeffff0001ffffffffffff00000
0000066fffefffeffff000187ff87ff87fe7801f801f801f80007fffffffffffffe07fe0
0000066fffefffeffff000107ff07ff07fef8017fff7fff7ffe8001fffffffffffefc010
0000066fffefffeffff0000fffefffeffff000107fd07fd07fcf803fffffffffffefc010
0000066fffcfffcfffd0003fffffffffffe0000fffcfffcfffd0003ffffffffffff00020
0000066fffcfffcfffd000387ff87ff87fe7801f7fff7fff7fe0801fffffffffffe07fe0
0000066fffcfffcfffd000307ff07ff07fef8018fff8fff8ffe7001fffffffffffff8000
0000066fffcfffcfffd0002fffefffeffff00016fff6fff6ffe9001fffffffffffe90000
0000066f800f800f80107fffffffffffffe0000f800f800f80107ffffffffffffff07fe0
0000066f800f800f80107ff87ff87ff87fe7801f7fdf7fdf7fc0803fffffffffffe00040
0000066f800f800f80107ff07ff07ff07fef801080108010800f7fffffffffffffff8000
0000066f800f800f80107fefffefffeffff000183ff83ff83fe7c01fffffffffffe7c000
0000069fffffffffffe0001fffffffffffe0001fffffffffffe0001fffffffffffe00000
0000069fffffffffffe000187ff87ff87fe780187ff87ff87fe7801fffffffffffe78000
0000069fffffffffffe000107ff07ff07fef80107ff07ff07fef801fffffffffffefc010
0000069fffffffffffe0000fffefffeffff0000fffefffeffff0001ffffffffffff00000
0000069fffdfffdfffc0003fffffffffffe0001fffdfffdfffc0003fffffffffffe00020
0000069fffdfffdfffc000387ff87ff87fe780187fd87fd87fc7803fffffffffffe78021
0000069fffdfffdfffc000307ff07ff07fef80103ff03ff03fefc01fffffffffffefc000
0000069fffdfffdfffc0002fffefffeffff0000fffcfffcfffd0003ffffffffffff00020
0000069f801f801f80007fffffffffffffe0001f801f801f80007fffffffffffffe07fe0
0000069f801f801f80007ff87ff87ff87fe78017fff7fff7ffe8001fffffffffffe80001
0000069f801f801f80007ff07ff07ff07fef80107fd07fd07fcf803fffffffffffefc010
0000069f801f801f80007fefffefffeffff0000f800f800f80107ffffffffffffff07fe0
0000069f7fff7fff7fe0801fffffffffffe0001f7fff7fff7fe0801fffffffffffe08000
0000069f7fff7fff7fe080187ff87ff87fe78018fff8fff8ffe7001fffffffffffe70001
0000069f7fff7fff7fe080107ff07ff07fef8016fff6fff6ffe9001fffffffffffef8000
0000069f7fff7fff7fe0800fffefffeffff0001fffffffffffe0001fffffffffffe00000
0000069f7fdf7fdf7fc0803fffffffffffe0001f7fdf7fdf7fc0803fffffffffffe08020
0000069f7fdf7fdf7fc080387ff87ff87fe7801080108010800f7fffffffffffffef7fe1
0000069f7fdf7fdf7fc080307ff07ff07fef80183ff83ff83fe7c01fffffffffffef8000
0000069f7fdf7fdf7fc0802fffefffeffff0001fffdfffdfffc0003fffffffffffe00020
000006987ff87ff87fe7801fffffffffffe000187ff87ff87fe7801fffffffffffe78000
000006987ff87ff87fe780187ff87ff87fe780107ff07ff07fef801fffffffffffef8000
000006987ff87ff87fe780107ff07ff07fef800fffefffeffff0001fffffffffffef8000
000006987ff87ff87fe7800fffefffeffff0001f801f801f80007fffffffffffffe07fe0
000006987fd87fd87fc7803fffffffffffe000187fd87fd87fc7803fffffffffffe78020
000006987fd87fd87fc780387ff87ff87fe780103ff03ff03fefc01fffffffffffefc000
000006987fd87fd87fc780307ff07ff07fef800fffcfffcfffd0003fffffffffffef8000
000006987fd87fd87fc7802fffefffeffff0001f7fff7fff7fe0801fffffffffffe08000
00000697fff7fff7ffe8001fffffffffffe00017fff7fff7ffe8001fffffffffffe80000
00000697fff7fff7ffe800187ff87ff87fe780107fd07fd07fcf803fffffffffffefc010
00000697fff7fff7ffe800107ff07ff07fef800f800f800f80107fffffffffffffef8000
00000697fff7fff7ffe8000fffefffeffff0001f7fdf7fdf7fc0803fffffffffffe08020
00000698fff8fff8ffe7001fffffffffffe00018fff8fff8ffe7001fffffffffffe70000
00000698fff8fff8ffe700187ff87ff87fe78016fff6fff6ffe9001fffffffffffe90800
00000698fff8fff8ffe700107ff07ff07fef801fffffffffffe0001fffffffffffef8000
00000698fff8fff8ffe7000fffefffeffff000187ff87ff87fe7801fffffffffffe78000
0000069080108010800f7fffffffffffffe0001080108010800f7fffffffffffffef7fe0
0000069080108010800f7ff87ff87ff87fe780183ff83ff83fe7c01fffffffffffef7fe1
0000069080108010800f7ff07ff07ff07fef801fffdfffdfffc0003fffffffffffef8000
0000069080108010800f7fefffefffeffff000187fd87fd87fc7803fffffffffffe78020
000006907ff07ff07fef801fffffffffffe000107ff07ff07fef801fffffffffffefc010
000006907ff07ff07fef80187ff87ff87fe7800fffefffeffff0001fffffffffffef8000
000006907ff07ff07fef80107ff07ff07fef801f801f801f80007fffffffffffffef8000
000006907ff07ff07fef800fffefffeffff00017fff7fff7ffe8001fffffffffffefc010
000006903ff03ff03fefc01fffffffffffe000103ff03ff03fefc01fffffffffffefc000
000006903ff03ff03fefc0187ff87ff87fe7800fffcfffcfffd0003fffffffffffefc000
000006903ff03ff03fefc0107ff07ff07fef801f7fff7fff7fe0801fffffffffffefc000
000006903ff03ff03fefc00fffefffeffff00018fff8fff8ffe7001fffffffffffefc000
000006907fd07fd07fcf803fffffffffffe000107fd07fd07fcf803fffffffffffefc010
000006907fd07fd07fcf80387ff87ff87fe7800f800f800f80107fffffffffffffefc010
000006907fd07fd07fcf80307ff07ff07fef801f7fdf7fdf7fc0803fffffffffffefc010
000006907fd07fd07fcf802fffefffeffff0001080108010800f7fffffffffffffefc010
00000696fff6fff6ffe9001fffffffffffe00016fff6fff6ffe9001fffffffffffe90000
00000696fff6fff6ffe900187ff87ff87fe7801fffffffffffe0001fffffffffffe90000
00000696fff6fff6ffe900107ff07ff07fef80187ff87ff87fe7801fffffffffffef8000
00000696fff6fff6ffe9000fffefffeffff000107ff07ff07fef801fffffffffffef8000
000006983ff83ff83fe7c01fffffffffffe000183ff83ff83fe7c01fffffffffffe7c000
000006983ff83ff83fe7c0187ff87ff87fe7801fffdfffdfffc0003fffffffffffe7c001
000006983ff83ff83fe7c0107ff07ff07fef80187fd87fd87fc7803fffffffffffef8000
000006983ff83ff83fe7c00fffefffeffff000103ff03ff03fefc01fffffffffffefc000
0000068fffefffeffff0001fffffffffffe0000fffefffeffff0001ffffffffffff00000
0000068fffefffeffff000187ff87ff87fe7801f801f801f80007fffffffffffffe07fe0
0000068fffefffeffff000107ff07ff07fef8017fff7fff7ffe8001fffffffffffefc010
0000068fffefffeffff0000fffefffeffff000107fd07fd07fcf803fffffffffffefc010
0000068fffcfffcfffd0003fffffffffffe0000fffcfffcfffd0003ffffffffffff00020
0000068fffcfffcfffd000387ff87ff87fe7801f7fff7fff7fe0801fffffffffffe07fe0
0000068fffcfffcfffd000307ff07ff07fef8018fff8fff8ffe7001fffffffffffff8000
0000068fffcfffcfffd0002fffefffeffff00016fff6fff6ffe9001fffffffffffe90000
0000068f800f800f80107fffffffffffffe0000f800f800f80107ffffffffffffff07fe0
0000068f800f800f80107ff87ff87ff87fe7801f7fdf7fdf7fc0803fffffffffffe00040
0000068f800f800f80107ff07ff07ff07fef801080108010800f7fffffffffffffff8000
0000068f800f800f80107fefffefffeffff000183ff83ff83fe7c01fffffffffffe7c000
00000702618faf5cdce00002618faf5cdce00002618faf5cdce0000261cfc00f80000015
00000702618faf5cdce000026197af42dce780026197af42dce7800261cfc0183e878011
00000702618faf5cdce000026197af42dcef80026197af42dcef800261cfc0183e8fc011
00000702618faf5cdce00002618faf5cdcf00002618faf5cdcf0000261cfc00f80100015
000007026c2fac3cdc200022618faf5cdce000026c2fac3cdc2000226c6fc00f80000035
000007026c2fac3cdc2000226197af42dce780026c37ac22dc2780226c6fc0183de78031
000007026c2fac3cdc2000226197af42dcef80126193af43dcefc012614fc0183d8fc011
000007026c2fac3cdc200022618faf5cdcf000026c2fac3cdc3000226c6fc00f80100035
0000071d9ae8519d23407fe2618faf5cdce0001d9ae8519d23407ffd9b0fc00f80007ff5
0000071d9ae8519d23407fe26197af42dce78002618faf5cdce80018886fc01cdd680011
0000071d9ae8519d23407fe26197af42dcef80026c37ac22dc2f80388878ba988ccfc011
0000071d9ae8519d23407fe2618faf5cdcf0001d9ae8519d23507ffd9b0fc00f80107ff5
000007026187af5edce08002618faf5cdce000026187af5edce0800261cfc00f80008015
000007026187af5edce080026197af42dce78002619faf40dce7000261cfc01a3ea70011
000007026187af5edce080026197af42dcef8002619faf58dce9000261cfc01a5a2f8011
000007026187af5edce08002618faf5cdcf00002618faf5cdce0000261cfc00f80000015
000007026c27ac3edc208022618faf5cdce000026c27ac3edc2080226c6fc00f80008035
000007026c27ac3edc2080226197af42dce7801d9af85181234f7ffd9af8a3ba3def7fe1
000007026c27ac3edc2080226197af42dcef80126193af43dce7c0126157ec7a3def8001
000007026c27ac3edc208022618faf5cdcf000026c2fac3cdc2000226c6fc00f80000035
000007026197af42dce78002618faf5cdce000026197af42dce7800261cfc0183e878011
000007026197af42dce780026197af42dce780026197af42dcef800261c70162dd4f8001
000007026197af42dce780026197af42dcef8002618faf5cdcf0000261cfc01cdcef8011
000007026197af42dce78002618faf5cdcf0001d9ae8519d23407ffd9aefc01d23607ff1
000007026c37ac22dc278022618faf5cdce000026c37ac22dc2780226c6fc0183de78031
000007026c37ac22dc2780226197af42dce780126193af43dcefc0126147eb03dd0fc001
000007026c37ac22dc2780226197af42dcef80026c2fac3cdc3000226c6fc01cdc2f8011
000007026c37ac22dc278022618faf5cdcf000026187af5edce0800261cfc01edce08011
00000702618faf5cdce80002618faf5cdce00002618faf5cdce8000261cfc00f80080015
00000702618faf5cdce800026197af42dce780026c37ac22dc2f80226c6fc0183e8fc011
00000702618faf5cdce800026197af42dcef801d9ae8519d23507ffd9aefc01d236f8011
00000702618faf5cdce80002618faf5cdcf000026c27ac3edc2080226c6fc00f80008035
00000702619faf40dce70002618faf5cdce00002619faf40dce7000261cfc0163e870011
00000702619faf40dce700026197af42dce78002619faf58dce9000261cfc018dce90811
00000702619faf40dce700026197af42dcef8002618faf5cdce0000261cfc01cdcef8011
00000702619faf40dce70002618faf5cdcf000026197af42dce7800261cfc0163ce78011
0000071d9af85181234f7fe2618faf5cdce0001d9af85181234f7ffd9b0fc0168ccf7ff1
0000071d9af85181234f7fe26197af42dce780126193af43dce7c01888888f43dcef7fe1
0000071d9af85181234f7fe26197af42dcef80026c2fac3cdc200038886fc01cdc2f8011
0000071d9af85181234f7fe2618faf5cdcf000026c37ac22dc278038886fc0168c078031
000007026197af42dcef8002618faf5cdce000026197af42dcef800261cfc0183e8fc011
000007026197af42dcef80026197af42dce78002618faf5cdcf0000261cfc01cdcef8011
000007026197af42dcef80026197af42dcef801d9ae8519d23407ffd9ae8a4dd234f8001
000007026197af42dcef8002618faf5cdcf00002618faf5cdce8000261cfc01cdd4fc011
000007126193af43dcefc002618faf5cdce000126193af43dcefc01261cfc0193e8fc011
000007126193af43dcefc0026197af42dce780026c2fac3cdc3000226befc01cdc2fc011
000007126193af43dcefc0026197af42dcef80026187af5edce080026147b03edcefc001
000007126193af43dcefc002618faf5cdcf00002619faf40dce70002614fc0193eafc011
000007026c37ac22dc2f8022618faf5cdce000026c37ac22dc2f80226c6fc0183defc011
000007026c37ac22dc2f80226197af42dce7801d9ae8519d23507ffd9ae8a3bd234fc011
000007026c37ac22dc2f80226197af42dcef80026c27ac3edc2080226c684bfedc2fc011
000007026c37ac22dc2f8022618faf5cdcf0001d9af85181234f7ffd9aefc0183defc011
00000702619faf58dce90002618faf5cdce00002619faf58dce9000261cfc00e3e890011
00000702619faf58dce900026197af42dce78002618faf5cdce0000261cfc01cdce90011
00000702619faf58dce900026197af42dcef80026197af42dce7800261cfc014230f8011
00000702619faf58dce90002618faf5cdcf000026197af42dcef800261cfc00e3eaf8011
000007126193af43dce7c002618faf5cdce000126193af43dce7c01261cfc0193e87c011
000007126193af43dce7c0026197af42dce780026c2fac3cdc2000226befc01cdc27c011
000007126193af43dce7c0026197af42dcef80026c37ac22dc2780226bf7ab42ddaf8001
000007126193af43dce7c002618faf5cdcf000126193af43dcefc01261cfc0193e8fc011
00000702618faf5cdcf00002618faf5cdce00002618faf5cdcf0000261cfc00f80100015
00000702618faf5cdcf000026197af42dce7801d9ae8519d23407ffd9aefc01d23607ff1
00000702618faf5cdcf000026197af42dcef8002618faf5cdce8000261cfc01cdd4fc011
00000702618faf5cdcf00002618faf5cdcf000026c37ac22dc2f80226c6fc00f800fc015
000007026c2fac3cdc300022618faf5cdce000026c2fac3cdc3000226c6fc00f80100035
000007026c2fac3cdc3000226197af42dce780026187af5edce0800261cfc01edce07ff1
000007026c2fac3cdc3000226197af42dcef8002619faf40dce7000261cfc0183dff8011
000007026c2fac3cdc300022618faf5cdcf00002619faf58dce9000261cfc00f80090015
0000071d9ae8519d23507fe2618faf5cdce0001d9ae8519d23507ffd9b0fc00f80107ff5
0000071d9ae8519d23507fe26197af42dce780026c27ac3edc208038887848dedc200041
0000071d9ae8519d23507fe26197af42dcef801d9af85181234f7ffd9b18f8388cff8001
0000071d9ae8519d23507fe2618faf5cdcf000126193af43dce7c018888fc00f8007c015
00000722618faf5cdce00002618faf5cdce00002618faf5cdce0000261afc00f7fe00015
00000722618faf5cdce000026197af42dce780026197af42dce7800261afc0183e678011
00000722618faf5cdce000026197af42dcef80026197af42dcef800261afc0183e6fc011
00000722618faf5cdce00002618faf5cdcf00002618faf5cdcf0000261afc00f7ff00015
000007226c2fac3cdc200022618faf5cdce000026c2fac3cdc2000226c4fc00f7fe00035
000007226c2fac3cdc2000226197af42dce780026c37ac22dc2780226c4fc0183dc78031
000007226c2fac3cdc2000226197af42dcef80126193af43dcefc012614fc0183d6fc011
000007226c2fac3cdc200022618faf5cdcf000026c2fac3cdc3000226c4fc00f7ff00035
0000073d9ae8519d23407fe2618faf5cdce0001d9ae8519d23407ffd9b0fc00f7fe07ff5
0000073d9ae8519d23407fe26197af42dce78002618faf5cdce80018886fc01cdd680011
0000073d9ae8519d23407fe26197af42dcef80026c37ac22dc2f80388878ba788ccfc011
0000073d9ae8519d23407fe2618faf5cdcf0001d9ae8519d23507ffd9b0fc00f7ff07ff5
000007226187af5edce08002618faf5cdce000026187af5edce0800261afc00f7fe08015
000007226187af5edce080026197af42dce78002619faf40dce7000261afc01a3e870011
000007226187af5edce080026197af42dcef8002619faf58dce9000261afc01a5a2f8011
000007226187af5edce08002618faf5cdcf00002618faf5cdce0000261afc00f7fe00015
000007226c27ac3edc208022618faf5cdce000026c27ac3edc2080226c4fc00f7fe08035
000007226c27ac3edc2080226197af42dce7801d9af85181234f7ffd9ad8a3ba3def7fe1
000007226c27ac3edc2080226197af42dcef80126193af43dce7c0126157ec5a3def8001
000007226c27ac3edc208022618faf5cdcf000026c2fac3cdc2000226c4fc00f7fe00035
000007226197af42dce78002618faf5cdce000026197af42dce7800261afc0183e678011
000007226197af42dce780026197af42dce780026197af42dcef800261a70162dd2f8001
000007226197af42dce780026197af42dcef8002618faf5cdcf0000261afc01cdccf8011
000007226197af42dce78002618faf5cdcf0001d9ae8519d23407ffd9acfc01d23607ff1
000007226c37ac22dc278022618faf5cdce000026c37ac22dc2780226c4fc0183dc78031
000007226c37ac22dc2780226197af42dce780126193af43dcefc0126147eae3dcefc001
000007226c37ac22dc2780226197af42dcef80026c2fac3cdc3000226c4fc01cdc0f8011
000007226c37ac22dc278022618faf5cdcf000026187af5edce0800261afc01edce08011
00000722618faf5cdce80002618faf5cdce00002618faf5cdce8000261afc00f7fe80015
00000722618faf5cdce800026197af42dce780026c37ac22dc2f80226c4fc0183e6fc011
00000722618faf5cdce800026197af42dcef801d9ae8519d23507ffd9acfc01d236f8011
00000722618faf5cdce80002618faf5cdcf000026c27ac3edc2080226c4fc00f7fe08035
00000722619faf40dce70002618faf5cdce00002619faf40dce7000261afc0163e670011
00000722619faf40dce700026197af42dce78002619faf58dce9000261afc018dcc90811
00000722619faf40dce700026197af42dcef8002618faf5cdce0000261afc01cdccf8011
00000722619faf40dce70002618faf5cdcf000026197af42dce7800261afc0163cc78011
0000073d9af85181234f7fe2618faf5cdce0001d9af85181234f7ffd9b0fc0168ccf7ff1
0000073d9af85181234f7fe26197af42dce780126193af43dce7c01888688f23dcef7fe1
0000073d9af85181234f7fe26197af42dcef80026c2fac3cdc200038886fc01cdc0f8011
0000073d9af85181234f7fe2618faf5cdcf000026c37ac22dc278038886fc0168be78031
000007226197af42dcef8002618faf5cdce000026197af42dcef800261afc0183e6fc011
000007226197af42dcef80026197af42dce78002618faf5cdcf0000261afc01cdccf8011
000007226197af42dcef80026197af42dcef801d9ae8519d23407ffd9ac8a4bd232f8001
000007226197af42dcef8002618faf5cdcf00002618faf5cdce8000261afc01cdd2fc011
000007326193af43dcefc002618faf5cdce000126193af43dcefc01261afc0193e6fc011
000007326193af43dcefc0026197af42dce780026c2fac3cdc3000226befc01cdc0fc011
000007326193af43dcefc0026197af42dcef80026187af5edce080026147b03edccfc001
000007326193af43dcefc002618faf5cdcf00002619faf40dce70002614fc0193e8fc011
000007226c37ac22dc2f8022618faf5cdce000026c37ac22dc2f80226c4fc0183dcfc011
000007226c37ac22dc2f80226197af42dce7801d9ae8519d23507ffd9ac8a3bd232fc011
000007226c37ac22dc2f80226197af42dcef80026c27ac3edc2080226c484bfedc0fc011
000007226c37ac22dc2f8022618faf5cdcf0001d9af85181234f7ffd9acfc0183defc011
00000722619faf58dce90002618faf5cdce00002619faf58dce9000261afc00e3e690011
00000722619faf58dce900026197af42dce78002618faf5cdce0000261afc01cdce90011
00000722619faf58dce900026197af42dcef80026197af42dce7800261afc01422ef8011
00000722619faf58dce90002618faf5cdcf000026197af42dcef800261afc00e3e8f8011
000007326193af43dce7c002618faf5cdce000126193af43dce7c01261afc0193e67c011
000007326193af43dce7c0026197af42dce780026c2fac3cdc2000226befc01cdc07c011
000007326193af43dce7c0026197af42dcef80026c37ac22dc2780226bf7ab22dd8f8001
000007326193af43dce7c002618faf5cdcf000126193af43dcefc01261afc0193e6fc011
00000722618faf5cdcf00002618faf5cdce00002618faf5cdcf0000261afc00f7ff00015
00000722618faf5cdcf000026197af42dce7801d9ae8519d23407ffd9acfc01d23607ff1
00000722618faf5cdcf000026197af42dcef8002618faf5cdce8000261afc01cdd2fc011
00000722618faf5cdcf00002618faf5cdcf000026c37ac22dc2f80226c4fc00f7fefc015
000007226c2fac3cdc300022618faf5cdce000026c2fac3cdc3000226c4fc00f7ff00035
000007226c2fac3cdc3000226197af42dce780026187af5edce0800261afc01edce07ff1
000007226c2fac3cdc3000226197af42dcef8002619faf40dce7000261afc0183dff8011
000007226c2fac3cdc300022618faf5cdcf00002619faf58dce9000261afc00f7fe90015
0000073d9ae8519d23507fe2618faf5cdce0001d9ae8519d23507ffd9b0fc00f7ff07ff5
0000073d9ae8519d23507fe26197af42dce780026c27ac3edc208038887848dedc200041
0000073d9ae8519d23507fe26197af42dcef801d9af85181234f7ffd9b18f8388cdf8001
0000073d9ae8519d23507fe2618faf5cdcf000126193af43dce7c018886fc00f7fe7c015
00000742618faf5cdce00002618faf5cdce00002618faf5cdce0000261afc00f7fe00015
00000742618faf5cdce000026197af42dce780026197af42dce7800261afc0183e878011
00000742618faf5cdce000026197af42dcef80026197af42dcef800261afc0183e8fc011
00000742618faf5cdce00002618faf5cdcf00002618faf5cdcf0000261afc00f7ff00015
000007426c2fac3cdc200022618faf5cdce000026c2fac3cdc2000226c4fc00f7fe00035
000007426c2fac3cdc2000226197af42dce780026c37ac22dc2780226c4fc0183de78031
000007426c2fac3cdc2000226197af42dcef80126193af43dcefc012616fc0183d8fc011
000007426c2fac3cdc200022618faf5cdcf000026c2fac3cdc3000226c4fc00f7ff00035
0000075d9ae8519d23407fe2618faf5cdce0001d9ae8519d23407ffd9b2fc00f7fe07ff5
0000075d9ae8519d23407fe26197af42dce78002618faf5cdce80018888fc01cdd880011
0000075d9ae8519d23407fe26197af42dcef80026c37ac22dc2f80388898ba988cefc011
0000075d9ae8519d23407fe2618faf5cdcf0001d9ae8519d23507ffd9b2fc00f7ff07ff5
000007426187af5edce08002618faf5cdce000026187af5edce0800261afc00f7fe08015
000007426187af5edce080026197af42dce78002619faf40dce7000261afc01a3ea70011
000007426187af5edce080026197af42dcef8002619faf58dce9000261afc01a5a4f8011
000007426187af5edce08002618faf5cdcf00002618faf5cdce0000261afc00f7ff00015
000007426c27ac3edc208022618faf5cdce000026c27ac3edc2080226c4fc00f7fe08035
000007426c27ac3edc2080226197af42dce7801d9af85181234f7ffd9af8a3da3e0f7fe1
000007426c27ac3edc2080226197af42dcef80126193af43dce7c0126177ec7a3e0f8001
000007426c27ac3edc208022618faf5cdcf000026c2fac3cdc2000226c4fc00f7fe00035
000007426197af42dce78002618faf5cdce000026197af42dce7800261afc0183e878011
000007426197af42dce780026197af42dce780026197af42dcef800261a70162dd2f8001
000007426197af42dce780026197af42dcef8002618faf5cdcf0000261afc01cdcef8011
000007426197af42dce78002618faf5cdcf0001d9ae8519d23407ffd9aefc01d23807ff1
000007426c37ac22dc278022618faf5cdce000026c37ac22dc2780226c4fc0183de78031
000007426c37ac22dc2780226197af42dce780126193af43dcefc0126167eae3dcefc001
000007426c37ac22dc2780226197af42dcef80026c2fac3cdc3000226c4fc01cdc2f8011
000007426c37ac22dc278022618faf5cdcf000026187af5edce0800261afc01edd008011
00000742618faf5cdce80002618faf5cdce00002618faf5cdce8000261afc00f7fe80015
00000742618faf5cdce800026197af42dce780026c37ac22dc2f80226c4fc0183e8fc011
00000742618faf5cdce800026197af42dcef801d9ae8519d23507ffd9aefc01d238f8011
00000742618faf5cdce80002618faf5cdcf000026c27ac3edc2080226c4fc00f7fe08035
00000742619faf40dce70002618faf5cdce00002619faf40dce7000261afc0163e870011
00000742619faf40dce700026197af42dce78002619faf58dce9000261afc018dce90811
00000742619faf40dce700026197af42dcef8002618faf5cdce0000261afc01cdcef8011
00000742619faf40dce70002618faf5cdcf000026197af42dce7800261afc0163ce78011
0000075d9af85181234f7fe2618faf5cdce0001d9af85181234f7ffd9b2fc0168cef7ff1
0000075d9af85181234f7fe26197af42dce780126193af43dce7c01888888f23dcef7fe1
0000075d9af85181234f7fe26197af42dcef80026c2fac3cdc200038888fc01cdc2f8011
0000075d9af85181234f7fe2618faf5cdcf000026c37ac22dc278038888fc0168c078031
000007426197af42dcef8002618faf5cdce000026197af42dcef800261afc0183e8fc011
000007426197af42dcef80026197af42dce78002618faf5cdcf0000261afc01cdcef8011
000007426197af42dcef80026197af42dcef801d9ae8519d23407ffd9ae8a4bd234f8001
000007426197af42dcef8002618faf5cdcf00002618faf5cdce8000261afc01cdd4fc011
000007526193af43dcefc002618faf5cdce000126193af43dcefc01261cfc0193e8fc011
000007526193af43dcefc0026197af42dce780026c2fac3cdc3000226befc01cdc2fc011
000007526193af43dcefc0026197af42dcef80026187af5edce080026147b03edcefc001
000007526193af43dcefc002618faf5cdcf00002619faf40dce70002614fc0193eafc011
000007426c37ac22dc2f8022618faf5cdce000026c37ac22dc2f80226c4fc0183defc011
000007426c37ac22dc2f80226197af42dce7801d9ae8519d23507ffd9ae8a3bd234fc011
000007426c37ac22dc2f80226197af42dcef80026c27ac3edc2080226c484bfedc2fc011
000007426c37ac22dc2f8022618faf5cdcf0001d9af85181234f7ffd9aefc0183e0fc011
00000742619faf58dce90002618faf5cdce00002619faf58dce9000261afc00e3e690011
00000742619faf58dce900026197af42dce78002618faf5cdce0000261afc01cdd090011
00000742619faf58dce900026197af42dcef80026197af42dce7800261afc014230f8011
00000742619faf58dce90002618faf5cdcf000026197af42dcef800261afc00e3e8f8011
000007526193af43dce7c002618faf5cdce000126193af43dce7c01261cfc0193e87c011
000007526193af43dce7c0026197af42dce780026c2fac3cdc2000226befc01cdc27c011
000007526193af43dce7c0026197af42dcef80026c37ac22dc2780226bf7ab42dd8f8001
000007526193af43dce7c002618faf5cdcf000126193af43dcefc01261cfc0193e8fc011
00000742618faf5cdcf00002618faf5cdce00002618faf5cdcf0000261afc00f7ff00015
00000742618faf5cdcf000026197af42dce7801d9ae8519d23407ffd9aefc01d23807ff1
00000742618faf5cdcf000026197af42dcef8002618faf5cdce8000261afc01cdd4fc011
00000742618faf5cdcf00002618faf5cdcf000026c37ac22dc2f80226c4fc00f7fefc015
000007426c2fac3cdc300022618faf5cdce000026c2fac3cdc3000226c4fc00f7ff00035
000007426c2fac3cdc3000226197af42dce780026187af5edce0800261afc01edd007ff1
000007426c2fac3cdc3000226197af42dcef8002619faf40dce7000261afc0183e1f8011
000007426c2fac3cdc300022618faf5cdcf00002619faf58dce9000261afc00f7fe90015
0000075d9ae8519d23507fe2618faf5cdce0001d9ae8519d23507ffd9b2fc00f7ff07ff5
0000075d9ae8519d23507fe26197af42dce780026c27ac3edc208038889848fedc400041
0000075d9ae8519d23507fe26197af42dcef801d9af85181234f7ffd9b38f8588cff8001
0000075d9ae8519d23507fe2618faf5cdcf000126193af43dce7c018888fc00f7fe7c015
00000762618faf5cdce00002618faf5cdce00002618faf5cdce0000261cfc00f80000015
00000762618faf5cdce000026197af42dce780026197af42dce7800261cfc0183e678011
00000762618faf5cdce000026197af42dcef80026197af42dcef800261cfc0183e6fc011
00000762618faf5cdce00002618faf5cdcf00002618faf5cdcf0000261cfc00f80100015
000007626c2fac3cdc200022618faf5cdce000026c2fac3cdc2000226c6fc00f80000035
000007626c2fac3cdc2000226197af42dce780026c37ac22dc2780226c6fc0183dc78051
000007626c2fac3cdc2000226197af42dcef80126193af43dcefc012614fc0183d6fc011
000007626c2fac3cdc200022618faf5cdcf000026c2fac3cdc3000226c6fc00f80100035
0000077d9ae8519d23407fe2618faf5cdce0001d9ae8519d23407ffd9b0fc00f80007ff5
0000077d9ae8519d23407fe26197af42dce78002618faf5cdce80018886fc01cdd680031
0000077d9ae8519d23407fe26197af42dcef80026c37ac22dc2f80388878ba788ccfc011
0000077d9ae8519d23407fe2618faf5cdcf0001d9ae8519d23507ffd9b0fc00f80107ff5
000007626187af5edce08002618faf5cdce000026187af5edce0800261cfc00f80008015
000007626187af5edce080026197af42dce78002619faf40dce7000261cfc01a3e870031
000007626187af5edce080026197af42dcef8002619faf58dce9000261cfc01a5a2f8011
000007626187af5edce08002618faf5cdcf00002618faf5cdce0000261cfc00f80000015
000007626c27ac3edc208022618faf5cdce000026c27ac3edc2080226c6fc00f80008035
000007626c27ac3edc2080226197af42dce7801d9af85181234f7ffd9ad8a3ba3def8005
000007626c27ac3edc2080226197af42dcef80126193af43dce7c0126157ec5a3def8001
000007626c27ac3edc208022618faf5cdcf000026c2fac3cdc2000226c6fc00f80000035
000007626197af42dce78002618faf5cdce000026197af42dce7800261cfc0183e678011
000007626197af42dce780026197af42dce780026197af42dcef800261c70182dd4f8001
000007626197af42dce780026197af42dcef8002618faf5cdcf0000261cfc01cdccf8011
000007626197af42dce78002618faf5cdcf0001d9ae8519d23407ffd9acfc01d23607ff1
000007626c37ac22dc278022618faf5cdce000026c37ac22dc2780226c6fc0183dc78031
000007626c37ac22dc2780226197af42dce780126193af43dcefc0126147eb03dd0fc001
000007626c37ac22dc2780226197af42dcef80026c2fac3cdc3000226c6fc01cdc0f8011
000007626c37ac22dc278022618faf5cdcf000026187af5edce0800261cfc01edce08011
00000762618faf5cdce80002618faf5cdce00002618faf5cdce8000261cfc00f80080015
00000762618faf5cdce800026197af42dce780026c37ac22dc2f80226c6fc0183e6fc011
00000762618faf5cdce800026197af42dcef801d9ae8519d23507ffd9acfc01d236f8011
00000762618faf5cdce80002618faf5cdcf000026c27ac3edc2080226c6fc00f80008035
00000762619faf40dce70002618faf5cdce00002619faf40dce7000261cfc0163e670011
00000762619faf40dce700026197af42dce78002619faf58dce9000261cfc018dcc90811
00000762619faf40dce700026197af42dcef8002618faf5cdce0000261cfc01cdccf8011
00000762619faf40dce70002618faf5cdcf000026197af42dce7800261cfc0163cc78011
0000077d9af85181234f7fe2618faf5cdce0001d9af85181234f7ffd9b0fc0168ccf7ff1
0000077d9af85181234f7fe26197af42dce780126193af43dce7c01888688f43dd0f8005
0000077d9af85181234f7fe26197af42dcef80026c2fac3cdc200038886fc01cdc0f8011
0000077d9af85181234f7fe2618faf5cdcf000026c37ac22dc278038886fc0168be78031
000007626197af42dcef8002618faf5cdce000026197af42dcef800261cfc0183e6fc011
000007626197af42dcef80026197af42dce78002618faf5cdcf0000261cfc01cdccf8011
000007626197af42dcef80026197af42dcef801d9ae8519d23407ffd9ac8a4dd232f8001
000007626197af42dcef8002618faf5cdcf00002618faf5cdce8000261cfc01cdd2fc011
000007726193af43dcefc002618faf5cdce000126193af43dcefc01261afc0193e6fc011
000007726193af43dcefc0026197af42dce780026c2fac3cdc3000226c0fc01cdc0fc011
000007726193af43dcefc0026197af42dcef80026187af5edce080026167b05edccfc001
000007726193af43dcefc002618faf5cdcf00002619faf40dce70002616fc0193e8fc011
000007626c37ac22dc2f8022618faf5cdce000026c37ac22dc2f80226c6fc0183dcfc011
000007626c37ac22dc2f80226197af42dce7801d9ae8519d23507ffd9ac8a3dd232fc011
000007626c37ac22dc2f80226197af42dcef80026c27ac3edc2080226c684c1edc0fc011
000007626c37ac22dc2f8022618faf5cdcf0001d9af85181234f7ffd9acfc0183defc011
00000762619faf58dce90002618faf5cdce00002619faf58dce9000261cfc00e3e890011
00000762619faf58dce900026197af42dce78002618faf5cdce0000261cfc01cdce90011
00000762619faf58dce900026197af42dcef80026197af42dce7800261cfc01422ef8011
00000762619faf58dce90002618faf5cdcf000026197af42dcef800261cfc00e3eaf8011
000007726193af43dce7c002618faf5cdce000126193af43dce7c01261afc0193e67c011
000007726193af43dce7c0026197af42dce780026c2fac3cdc2000226c0fc01cdc07c031
000007726193af43dce7c0026197af42dcef80026c37ac22dc2780226c17ab22ddaf8001
000007726193af43dce7c002618faf5cdcf000126193af43dcefc01261afc0193e6fc011
00000762618faf5cdcf00002618faf5cdce00002618faf5cdcf0000261cfc00f80100015
00000762618faf5cdcf000026197af42dce7801d9ae8519d23407ffd9acfc01d23607ff1
00000762618faf5cdcf000026197af42dcef8002618faf5cdce8000261cfc01cdd2fc011
00000762618faf5cdcf00002618faf5cdcf000026c37ac22dc2f80226c6fc00f800fc015
000007626c2fac3cdc300022618faf5cdce000026c2fac3cdc3000226c6fc00f80100035
000007626c2fac3cdc3000226197af42dce780026187af5edce0800261cfc01edce07ff1
000007626c2fac3cdc3000226197af42dcef8002619faf40dce7000261cfc0183dff8011
000007626c2fac3cdc300022618faf5cdcf00002619faf58dce9000261cfc00f80090015
0000077d9ae8519d23507fe2618faf5cdce0001d9ae8519d23507ffd9b0fc00f80107ff5
0000077d9ae8519d23507fe26197af42dce780026c27ac3edc208038887848dedc200041
0000077d9ae8519d23507fe26197af42dcef801d9af85181234f7ffd9b18f8388cdf8001
0000077d9ae8519d23507fe2618faf5cdcf000126193af43dce7c018886fc00f8007c015
00000782618faf5cdce00002618faf5cdce00002618faf5cdce0000261cfc00f80000015
00000782618faf5cdce000026197af42dce780026197af42dce7800261cfc0183e878011
00000782618faf5cdce000026197af42dcef80026197af42dcef800261cfc0183e8fc011
00000782618faf5cdce00002618faf5cdcf00002618faf5cdcf0000261cfc00f80100015
000007826c2fac3cdc200022618faf5cdce000026c2fac3cdc2000226c6fc00f80000035
000007826c2fac3cdc2000226197af42dce780026c37ac22dc2780226c6fc0183de78031
000007826c2fac3cdc2000226197af42dcef80126193af43dcefc012614fc0183d8fc011
000007826c2fac3cdc200022618faf5cdcf000026c2fac3cdc3000226c6fc00f80100035
0000079d9ae8519d23407fe2618faf5cdce0001d9ae8519d23407ffd9b0fc00f80007ff5
0000079d9ae8519d23407fe26197af42dce78002618faf5cdce80018886fc01cdd680011
0000079d9ae8519d23407fe26197af42dcef80026c37ac22dc2f80388878ba988ccfc011
0000079d9ae8519d23407fe2618faf5cdcf0001d9ae8519d23507ffd9b0fc00f80107ff5
000007826187af5edce08002618faf5cdce000026187af5edce0800261cfc00f80008015
000007826187af5edce080026197af42dce78002619faf40dce7000261cfc01a3ea70011
000007826187af5edce080026197af42dcef8002619faf58dce9000261cfc01a5a2f8011
000007826187af5edce08002618faf5cdcf00002618faf5cdce0000261cfc00f80000015
000007826c27ac3edc208022618faf5cdce000026c27ac3edc2080226c6fc00f80008035
000007826c27ac3edc2080226197af42dce7801d9af85181234f7ffd9af8a3ba3def7fe1
000007826c27ac3edc2080226197af42dcef80126193af43dce7c0126157ec7a3def8001
000007826c27ac3edc208022618faf5cdcf000026c2fac3cdc2000226c6fc00f80000035
000007826197af42dce78002618faf5cdce000026197af42dce7800261cfc0183e878011
000007826197af42dce780026197af42dce780026197af42dcef800261c70162dd4f8001
000007826197af42dce780026197af42dcef8002618faf5cdcf0000261cfc01cdcef8011
000007826197af42dce78002618faf5cdcf0001d9ae8519d23407ffd9aefc01d23607ff1
000007826c37ac22dc278022618faf5cdce000026c37ac22dc2780226c6fc0183de78031
000007826c37ac22dc2780226197af42dce780126193af43dcefc0126147eb03dd0fc001
000007826c37ac22dc2780226197af42dcef80026c2fac3cdc3000226c6fc01cdc2f8011
000007826c37ac22dc278022618faf5cdcf000026187af5edce0800261cfc01edce08011
00000782618faf5cdce80002618faf5cdce00002618faf5cdce8000261cfc00f80080015
00000782618faf5cdce800026197af42dce780026c37ac22dc2f80226c6fc0183e8fc011
00000782618faf5cdce800026197af42dcef801d9ae8519d23507ffd9aefc01d236f8011
00000782618faf5cdce80002618faf5cdcf000026c27ac3edc2080226c6fc00f80008035
00000782619faf40dce70002618faf5cdce00002619faf40dce7000261cfc0163e870011
00000782619faf40dce700026197af42dce78002619faf58dce9000261cfc018dce90811
00000782619faf40dce700026197af42dcef8002618faf5cdce0000261cfc01cdcef8011
00000782619faf40dce70002618faf5cdcf000026197af42dce7800261cfc0163ce78011
0000079d9af85181234f7fe2618faf5cdce0001d9af85181234f7ffd9b0fc0168ccf7ff1
0000079d9af85181234f7fe26197af42dce780126193af43dce7c01888888f43dcef7fe1
0000079d9af85181234f7fe26197af42dcef80026c2fac3cdc200038886fc01cdc2f8011
0000079d9af85181234f7fe2618faf5cdcf000026c37ac22dc278038886fc0168c078031
000007826197af42dcef8002618faf5cdce000026197af42dcef800261cfc0183e8fc011
000007826197af42dcef80026197af42dce78002618faf5cdcf0000261cfc01cdcef8011
000007826197af42dcef80026197af42dcef801d9ae8519d23407ffd9ae8a4dd234f8001
000007826197af42dcef8002618faf5cdcf00002618faf5cdce8000261cfc01cdd4fc011
000007926193af43dcefc002618faf5cdce000126193af43dcefc01261cfc0193e8fc011
000007926193af43dcefc0026197af42dce780026c2fac3cdc3000226befc01cdc2fc011
000007926193af43dcefc0026197af42dcef80026187af5edce080026147b03edcefc001
000007926193af43dcefc002618faf5cdcf00002619faf40dce70002614fc0193eafc011
000007826c37ac22dc2f8022618faf5cdce000026c37ac22dc2f80226c6fc0183defc011
000007826c37ac22dc2f80226197af42dce7801d9ae8519d23507ffd9ae8a3bd234fc011
000007826c37ac22dc2f80226197af42dcef80026c27ac3edc2080226c684bfedc2fc011
000007826c37ac22dc2f8022618faf5cdcf0001d9af85181234f7ffd9aefc0183defc011
00000782619faf58dce90002618faf5cdce00002619faf58dce9000261cfc00e3e890011
00000782619faf58dce900026197af42dce78002618faf5cdce0000261cfc01cdce90011
00000782619faf58dce900026197af42dcef80026197af42dce7800261cfc014230f8011
00000782619faf58dce90002618faf5cdcf000026197af42dcef800261cfc00e3eaf8011
000007926193af43dce7c002618faf5cdce000126193af43dce7c01261cfc0193e87c011
000007926193af43dce7c0026197af42dce780026c2fac3cdc2000226befc01cdc27c011
000007926193af43dce7c0026197af42dcef80026c37ac22dc2780226bf7ab42ddaf8001
000007926193af43dce7c002618faf5cdcf000126193af43dcefc01261cfc0193e8fc011
00000782618faf5cdcf00002618faf5cdce00002618faf5cdcf0000261cfc00f80100015
00000782618faf5cdcf000026197af42dce7801d9ae8519d23407ffd9aefc01d23607ff1
00000782618faf5cdcf000026197af42dcef8002618faf5cdce8000261cfc01cdd4fc011
00000782618faf5cdcf00002618faf5cdcf000026c37ac22dc2f80226c6fc00f800fc015
000007826c2fac3cdc300022618faf5cdce000026c2fac3cdc3000226c6fc00f80100035
000007826c2fac3cdc3000226197af42dce780026187af5edce0800261cfc01edce07ff1
000007826c2fac3cdc3000226197af42dcef8002619faf40dce7000261cfc0183dff8011
000007826c2fac3cdc300022618faf5cdcf00002619faf58dce9000261cfc00f80090015
0000079d9ae8519d23507fe2618faf5cdce0001d9ae8519d23507ffd9b0fc00f80107ff5
0000079d9ae8519d23507fe26197af42dce780026c27ac3edc208038887848dedc200041
0000079d9ae8519d23507fe26197af42dcef801d9af85181234f7ffd9b18f8388cff8001
0000079d9ae8519d23507fe2618faf5cdcf000126193af43dce7c018888fc00f8007c015
00000a1fffffffffffe0001fffffffffffe0001fffffffffffe0001fffffffffffe00000
00000a1fffffffffffe000180ff80ff80fe7f0180ff80ff80fe7f01fffffffffffe7f000
00000a1fffffffffffe000100ff00ff00feff0100ff00ff00feff01fffffffffffeff810
00000a1fffffffffffe0000fffefffeffff0000fffefffeffff0001ffffffffffff00000
00000a1fffdfffdfffc0003fffffffffffe0001fffdfffdfffc0003fffffffffffe00020
00000a1fffdfffdfffc000380ff80ff80fe7f0180fd80fd80fc7f03fffffffffffe7f021
00000a1fffdfffdfffc000300ff00ff00feff01007f007f007eff81fffffffffffeff800
00000a1fffdfffdfffc0002fffefffeffff0000fffcfffcfffd0003ffffffffffff00020
00000a1ff01ff01ff0000fffffffffffffe0001ff01ff01ff0000fffffffffffffe00fe0
00000a1ff01ff01ff0000ff80ff80ff80fe7f017fff7fff7ffe8001fffffffffffe80001
00000a1ff01ff01ff0000ff00ff00ff00feff0100fd00fd00fcff03fffffffffffeff810
00000a1ff01ff01ff0000fefffefffeffff0000ff00ff00ff0100ffffffffffffff00fe0
00000a1fefffefffefe0101fffffffffffe0001fefffefffefe0101fffffffffffe01000
00000a1fefffefffefe010180ff80ff80fe7f0181ff81ff81fe7e01fffffffffffe7e001
00000a1fefffefffefe010100ff00ff00feff017dff7dff7dfe8201fffffffffffeff000
00000a1fefffefffefe0100fffefffeffff0001fffffffffffe0001fffffffffffe00000
00000a1fefdfefdfefc0103fffffffffffe0001fefdfefdfefc0103fffffffffffe01020
00000a1fefdfefdfefc010380ff80ff80fe7f01010101010100fefffffffffffffefefe1
00000a1fefdfefdfefc010300ff00ff00feff01807f807f807e7f81fffffffffffeff000
00000a1fefdfefdfefc0102fffefffeffff0001fffdfffdfffc0003fffffffffffe00020
00000a180ff80ff80fe7f01fffffffffffe000180ff80ff80fe7f01fffffffffffe7f000
00000a180ff80ff80fe7f0180ff80ff80fe7f0100ff00ff00feff01fffffffffffeff000
00000a180ff80ff80fe7f0100ff00ff00feff00fffefffeffff0001fffffffffffeff000
00000a180ff80ff80fe7f00fffefffeffff0001ff01ff01ff0000fffffffffffffe00fe0
00000a180fd80fd80fc7f03fffffffffffe000180fd80fd80fc7f03fffffffffffe7f020
00000a180fd80fd80fc7f0380ff80ff80fe7f01007f007f007eff81fffffffffffeff800
00000a180fd80fd80fc7f0300ff00ff00feff00fffcfffcfffd0003fffffffffffeff000
00000a180fd80fd80fc7f02fffefffeffff0001fefffefffefe0101fffffffffffe01000
00000a17fff7fff7ffe8001fffffffffffe00017fff7fff7ffe8001fffffffffffe80000
00000a17fff7fff7ffe800180ff80ff80fe7f0100fd00fd00fcff03fffffffffffeff810
00000a17fff7fff7ffe800100ff00ff00feff00ff00ff00ff0100fffffffffffffeff000
00000a17fff7fff7ffe8000fffefffeffff0001fefdfefdfefc0103fffffffffffe01020
00000a181ff81ff81fe7e01fffffffffffe000181ff81ff81fe7e01fffffffffffe7e000
00000a181ff81ff81fe7e0180ff80ff80fe7f017dff7dff7dfe8201fffffffffffe82100
00000a181ff81ff81fe7e0100ff00ff00feff01fffffffffffe0001fffffffffffeff000
00000a181ff81ff81fe7e00fffefffeffff000180ff80ff80fe7f01fffffffffffe7f000
00000a1010101010100fefffffffffffffe0001010101010100fefffffffffffffefefe0
00000a1010101010100feff80ff80ff80fe7f01807f807f807e7f81fffffffffffefefe1
00000a1010101010100feff00ff00ff00feff01fffdfffdfffc0003fffffffffffeff000
00000a1010101010100fefefffefffeffff000180fd80fd80fc7f03fffffffffffe7f020
00000a100ff00ff00feff01fffffffffffe000100ff00ff00feff01fffffffffffeff810
00000a100ff00ff00feff0180ff80ff80fe7f00fffefffeffff0001fffffffffffeff000
00000a100ff00ff00feff0100ff00ff00feff01ff01ff01ff0000fffffffffffffeff000
00000a100ff00ff00feff00fffefffeffff00017fff7fff7ffe8001fffffffffffeff810
00000a1007f007f007eff81fffffffffffe0001007f007f007eff81fffffffffffeff800
00000a1007f007f007eff8180ff80ff80fe7f00fffcfffcfffd0003fffffffffffeff800
00000a1007f007f007eff8100ff00ff00feff01fefffefffefe0101fffffffffffeff800
00000a1007f007f007eff80fffefffeffff000181ff81ff81fe7e01fffffffffffeff800
00000a100fd00fd00fcff03fffffffffffe000100fd00fd00fcff03fffffffffffeff810
00000a100fd00fd00fcff0380ff80ff80fe7f00ff00ff00ff0100fffffffffffffeff810
00000a100fd00fd00fcff0300ff00ff00feff01fefdfefdfefc0103fffffffffffeff810
00000a100fd00fd00fcff02fffefffeffff0001010101010100fefffffffffffffeff810
00000a17dff7dff7dfe8201fffffffffffe00017dff7dff7dfe8201fffffffffffe82000
00000a17dff7dff7dfe820180ff80ff80fe7f01fffffffffffe0001fffffffffffe82000
00000a17dff7dff7dfe820100ff00ff00feff0180ff80ff80fe7f01fffffffffffeff000
00000a17dff7dff7dfe8200fffefffeffff000100ff00ff00feff01fffffffffffeff000
00000a1807f807f807e7f81fffffffffffe0001807f807f807e7f81fffffffffffe7f800
00000a1807f807f807e7f8180ff80ff80fe7f01fffdfffdfffc0003fffffffffffe7f801
00000a1807f807f807e7f8100ff00ff00feff0180fd80fd80fc7f03fffffffffffeff000
00000a1807f807f807e7f80fffefffeffff0001007f007f007eff81fffffffffffeff800
00000a0fffefffeffff0001fffffffffffe0000fffefffeffff0001ffffffffffff00000
00000a0fffefffeffff000180ff80ff80fe7f01ff01ff01ff0000fffffffffffffe00fe0
00000a0fffefffeffff000100ff00ff00feff017fff7fff7ffe8001fffffffffffeff810
00000a0fffefffeffff0000fffefffeffff000100fd00fd00fcff03fffffffffffeff810
00000a0fffcfffcfffd0003fffffffffffe0000fffcfffcfffd0003ffffffffffff00020
00000a0fffcfffcfffd000380ff80ff80fe7f01fefffefffefe0101fffffffffffe00fe0
00000a0fffcfffcfffd000300ff00ff00feff0181ff81ff81fe7e01ffffffffffffff000
00000a0fffcfffcfffd0002fffefffeffff00017dff7dff7dfe8201fffffffffffe82000
00000a0ff00ff00ff0100fffffffffffffe0000ff00ff00ff0100ffffffffffffff00fe0
00000a0ff00ff00ff0100ff80ff80ff80fe7f01fefdfefdfefc0103fffffffffffe00040
00000a0ff00ff00ff0100ff00ff00ff00feff01010101010100feffffffffffffffff000
00000a0ff00ff00ff0100fefffefffeffff0001807f807f807e7f81fffffffffffe7f800
00000a3fffffffffffe0001fffffffffffe0001fffffffffffe0001fffffffffffe00000
00000a3fffffffffffe000180ff80ff80fe7f0180ff80ff80fe7f01fffffffffffe7f000
00000a3fffffffffffe000100ff00ff00feff0100ff00ff00feff01fffffffffffeff810
00000a3fffffffffffe0000fffefffeffff0000fffefffeffff0001ffffffffffff00000
00000a3fffdfffdfffc0003fffffffffffe0001fffdfffdfffc0003fffffffffffe00020
00000a3fffdfffdfffc000380ff80ff80fe7f0180fd80fd80fc7f03fffffffffffe7f021
00000a3fffdfffdfffc000300ff00ff00feff01007f007f007eff81fffffffffffeff800
00000a3fffdfffdfffc0002fffefffeffff0000fffcfffcfffd0003ffffffffffff00020
00000a3ff01ff01ff0000fffffffffffffe0001ff01ff01ff0000fffffffffffffe00fe0
00000a3ff01ff01ff0000ff80ff80ff80fe7f017fff7fff7ffe8001fffffffffffe80001
00000a3ff01ff01ff0000ff00ff00ff00feff0100fd00fd00fcff03fffffffffffeff810
00000a3ff01ff01ff0000fefffefffeffff0000ff00ff00ff0100ffffffffffffff00fe0
00000a3fefffefffefe0101fffffffffffe0001fefffefffefe0101fffffffffffe01000
00000a3fefffefffefe010180ff80ff80fe7f0181ff81ff81fe7e01fffffffffffe7e001
00000a3fefffefffefe010100ff00ff00feff017dff7dff7dfe8201fffffffffffeff000
00000a3fefffefffefe0100fffefffeffff0001fffffffffffe0001fffffffffffe00000
00000a3fefdfefdfefc0103fffffffffffe0001fefdfefdfefc0103fffffffffffe01020
00000a3fefdfefdfefc010380ff80ff80fe7f01010101010100fefffffffffffffefefe1
00000a3fefdfefdfefc010300ff00ff00feff01807f807f807e7f81fffffffffffeff000
00000a3fefdfefdfefc0102fffefffeffff0001fffdfffdfffc0003fffffffffffe00020
00000a380ff80ff80fe7f01fffffffffffe000180ff80ff80fe7f01fffffffffffe7f000
00000a380ff80ff80fe7f0180ff80ff80fe7f0100ff00ff00feff01fffffffffffeff000
00000a380ff80ff80fe7f0100ff00ff00feff00fffefffeffff0001fffffffffffeff000
00000a380ff80ff80fe7f00fffefffeffff0001ff01ff01ff0000fffffffffffffe00fe0
00000a380fd80fd80fc7f03fffffffffffe000180fd80fd80fc7f03fffffffffffe7f020
00000a380fd80fd80fc7f0380ff80ff80fe7f01007f007f007eff81fffffffffffeff800
00000a380fd80fd80fc7f0300ff00ff00feff00fffcfffcfffd0003fffffffffffeff000
00000a380fd80fd80fc7f02fffefffeffff0001fefffefffefe0101fffffffffffe01000
00000a37fff7fff7ffe8001fffffffffffe00017fff7fff7ffe8001fffffffffffe80000
00000a37fff7fff7ffe800180ff80ff80fe7f0100fd00fd00fcff03fffffffffffeff810
00000a37fff7fff7ffe800100ff00ff00feff00ff00ff00ff0100fffffffffffffeff000
00000a37fff7fff7ffe8000fffefffeffff0001fefdfefdfefc0103fffffffffffe01020
00000a381ff81ff81fe7e01fffffffffffe000181ff81ff81fe7e01fffffffffffe7e000
00000a381ff81ff81fe7e0180ff80ff80fe7f017dff7dff7dfe8201fffffffffffe82100
00000a381ff81ff81fe7e0100ff00ff00feff01fffffffffffe0001fffffffffffeff000
00000a381ff81ff81fe7e00fffefffeffff000180ff80ff80fe7f01fffffffffffe7f000
00000a3010101010100fefffffffffffffe0001010101010100fefffffffffffffefefe0
00000a3010101010100feff80ff80ff80fe7f01807f807f807e7f81fffffffffffefefe1
00000a3010101010100feff00ff00ff00feff01fffdfffdfffc0003fffffffffffeff000
00000a3010101010100fefefffefffeffff000180fd80fd80fc7f03fffffffffffe7f020
00000a300ff00ff00feff01fffffffffffe000100ff00ff00feff01fffffffffffeff810
00000a300ff00ff00feff0180ff80ff80fe7f00fffefffeffff0001fffffffffffeff000
00000a300ff00ff00feff0100ff00ff00feff01ff01ff01ff0000fffffffffffffeff000
00000a300ff00ff00feff00fffefffeffff00017fff7fff7ffe8001fffffffffffeff810
00000a3007f007f007eff81fffffffffffe0001007f007f007eff81fffffffffffeff800
00000a3007f007f007eff8180ff80ff80fe7f00fffcfffcfffd0003fffffffffffeff800
00000a3007f007f007eff8100ff00ff00feff01fefffefffefe0101fffffffffffeff800
00000a3007f007f007eff80fffefffeffff000181ff81ff81fe7e01fffffffffffeff800
00000a300fd00fd00fcff03fffffffffffe000100fd00fd00fcff03fffffffffffeff810
00000a300fd00fd00fcff0380ff80ff80fe7f00ff00ff00ff0100fffffffffffffeff810
00000a300fd00fd00fcff0300ff00ff00feff01fefdfefdfefc0103fffffffffffeff810
00000a300fd00fd00fcff02fffefffeffff0001010101010100fefffffffffffffeff810
00000a37dff7dff7dfe8201fffffffffffe00017dff7dff7dfe8201fffffffffffe82000
00000a37dff7dff7dfe820180ff80ff80fe7f01fffffffffffe0001fffffffffffe82000
00000a37dff7dff7dfe820100ff00ff00feff0180ff80ff80fe7f01fffffffffffeff000
00000a37dff7dff7dfe8200fffefffeffff000100ff00ff00feff01fffffffffffeff000
00000a3807f807f807e7f81fffffffffffe0001807f807f807e7f81fffffffffffe7f800
00000a3807f807f807e7f8180ff80ff80fe7f01fffdfffdfffc0003fffffffffffe7f801
00000a3807f807f807e7f8100ff00ff00feff0180fd80fd80fc7f03fffffffffffeff000
00000a3807f807f807e7f80fffefffeffff0001007f007f007eff81fffffffffffeff800
00000a2fffefffeffff0001fffffffffffe0000fffefffeffff0001ffffffffffff00000
00000a2fffefffeffff000180ff80ff80fe7f01ff01ff01ff0000fffffffffffffe00fe0
00000a2fffefffeffff000100ff00ff00feff017fff7fff7ffe8001fffffffffffeff810
00000a2fffefffeffff0000fffefffeffff000100fd00fd00fcff03fffffffffffeff810
00000a2fffcfffcfffd0003fffffffffffe0000fffcfffcfffd0003ffffffffffff00020
00000a2fffcfffcfffd000380ff80ff80fe7f01fefffefffefe0101fffffffffffe00fe0
00000a2fffcfffcfffd000300ff00ff00feff0181ff81ff81fe7e01ffffffffffffff000
00000a2fffcfffcfffd0002fffefffeffff00017dff7dff7dfe8201fffffffffffe82000
00000a2ff00ff00ff0100fffffffffffffe0000ff00ff00ff0100ffffffffffffff00fe0
00000a2ff00ff00ff0100ff80ff80ff80fe7f01fefdfefdfefc0103fffffffffffe00040
00000a2ff00ff00ff0100ff00ff00ff00feff01010101010100feffffffffffffffff000
00000a2ff00ff00ff0100fefffefffeffff0001807f807f807e7f81fffffffffffe7f800
00000a5fffffffffffe0001fffffffffffe0001fffffffffffe0001fffffffffffe00000
00000a5fffffffffffe000180ff80ff80fe7f0180ff80ff80fe7f01fffffffffffe7f000
00000a5fffffffffffe000100ff00ff00feff0100ff00ff00feff01fffffffffffeff810
00000a5fffffffffffe0000fffefffeffff0000fffefffeffff0001ffffffffffff00000
00000a5fffdfffdfffc0003fffffffffffe0001fffdfffdfffc0003fffffffffffe00020
00000a5fffdfffdfffc000380ff80ff80fe7f0180fd80fd80fc7f03fffffffffffe7f021
00000a5fffdfffdfffc000300ff00ff00feff01007f007f007eff81fffffffffffeff800
00000a5fffdfffdfffc0002fffefffeffff0000fffcfffcfffd0003ffffffffffff00020
00000a5ff01ff01ff0000fffffffffffffe0001ff01ff01ff0000fffffffffffffe00fe0
00000a5ff01ff01ff0000ff80ff80ff80fe7f017fff7fff7ffe8001fffffffffffe80001
00000a5ff01ff01ff0000ff00ff00ff00feff0100fd00fd00fcff03fffffffffffeff810
00000a5ff01ff01ff0000fefffefffeffff0000ff00ff00ff0100ffffffffffffff00fe0
00000a5fefffefffefe0101fffffffffffe0001fefffefffefe0101fffffffffffe01000
00000a5fefffefffefe010180ff80ff80fe7f0181ff81ff81fe7e01fffffffffffe7e001
00000a5fefffefffefe010100ff00ff00feff017dff7dff7dfe8201fffffffffffeff000
00000a5fefffefffefe0100fffefffeffff0001fffffffffffe0001ffffffffffff00000
00000a5fefdfefdfefc0103fffffffffffe0001fefdfefdfefc0103fffffffffffe01020
00000a5fefdfefdfefc010380ff80ff80fe7f01010101010100fefffffffffffffefefe1
00000a5fefdfefdfefc010300ff00ff00feff01807f807f807e7f81fffffffffffeff000
00000a5fefdfefdfefc0102fffefffeffff0001fffdfffdfffc0003fffffffffffe00020
00000a580ff80ff80fe7f01fffffffffffe000180ff80ff80fe7f01fffffffffffe7f000
00000a580ff80ff80fe7f0180ff80ff80fe7f0100ff00ff00feff01fffffffffffeff000
00000a580ff80ff80fe7f0100ff00ff00feff00fffefffeffff0001fffffffffffeff000
00000a580ff80ff80fe7f00fffefffeffff0001ff01ff01ff0000fffffffffffffe00fe0
00000a580fd80fd80fc7f03fffffffffffe000180fd80fd80fc7f03fffffffffffe7f020
00000a580fd80fd80fc7f0380ff80ff80fe7f01007f007f007eff81fffffffffffeff800
00000a580fd80fd80fc7f0300ff00ff00feff00fffcfffcfffd0003fffffffffffeff000
00000a580fd80fd80fc7f02fffefffeffff0001fefffefffefe0101fffffffffffe01000
00000a57fff7fff7ffe8001fffffffffffe00017fff7fff7ffe8001fffffffffffe80000
00000a57fff7fff7ffe800180ff80ff80fe7f0100fd00fd00fcff03fffffffffffeff810
00000a57fff7fff7ffe800100ff00ff00feff00ff00ff00ff0100fffffffffffffeff000
00000a57fff7fff7ffe8000fffefffeffff0001fefdfefdfefc0103fffffffffffe01020
00000a581ff81ff81fe7e01fffffffffffe000181ff81ff81fe7e01fffffffffffe7e000
00000a581ff81ff81fe7e0180ff80ff80fe7f017dff7dff7dfe8201fffffffffffe82100
00000a581ff81ff81fe7e0100ff00ff00feff01fffffffffffe0001fffffffffffeff000
00000a581ff81ff81fe7e00fffefffeffff000180ff80ff80fe7f01fffffffffffe7f000
00000a5010101010100fefffffffffffffe0001010101010100fefffffffffffffefefe0
00000a5010101010100feff80ff80ff80fe7f01807f807f807e7f81fffffffffffefefe1
00000a5010101010100feff00ff00ff00feff01fffdfffdfffc0003fffffffffffeff000
00000a5010101010100fefefffefffeffff000180fd80fd80fc7f03fffffffffffe7f020
00000a500ff00ff00feff01fffffffffffe000100ff00ff00feff01fffffffffffeff810
00000a500ff00ff00feff0180ff80ff80fe7f00fffefffeffff0001fffffffffffeff000
00000a500ff00ff00feff0100ff00ff00feff01ff01ff01ff0000fffffffffffffeff000
00000a500ff00ff00feff00fffefffeffff00017fff7fff7ffe8001fffffffffffeff810
00000a5007f007f007eff81fffffffffffe0001007f007f007eff81fffffffffffeff800
00000a5007f007f007eff8180ff80ff80fe7f00fffcfffcfffd0003fffffffffffeff800
00000a5007f007f007eff8100ff00ff00feff01fefffefffefe0101fffffffffffeff800
00000a5007f007f007eff80fffefffeffff000181ff81ff81fe7e01fffffffffffeff800
00000a500fd00fd00fcff03fffffffffffe000100fd00fd00fcff03fffffffffffeff810
00000a500fd00fd00fcff0380ff80ff80fe7f00ff00ff00ff0100fffffffffffffeff810
00000a500fd00fd00fcff0300ff00ff00feff01fefdfefdfefc0103fffffffffffeff810
00000a500fd00fd00fcff02fffefffeffff0001010101010100fefffffffffffffeff810
00000a57dff7dff7dfe8201fffffffffffe00017dff7dff7dfe8201fffffffffffe82000
00000a57dff7dff7dfe820180ff80ff80fe7f01fffffffffffe0001fffffffffffe82000
00000a57dff7dff7dfe820100ff00ff00feff0180ff80ff80fe7f01fffffffffffeff000
00000a57dff7dff7dfe8200fffefffeffff000100ff00ff00feff01fffffffffffeff000
00000a5807f807f807e7f81fffffffffffe0001807f807f807e7f81fffffffffffe7f800
00000a5807f807f807e7f8180ff80ff80fe7f01fffdfffdfffc0003fffffffffffe7f801
00000a5807f807f807e7f8100ff00ff00feff0180fd80fd80fc7f03fffffffffffeff000
00000a5807f807f807e7f80fffefffeffff0001007f007f007eff81fffffffffffeff800
00000a4fffefffeffff0001fffffffffffe0000fffefffeffff0001ffffffffffff00000
00000a4fffefffeffff000180ff80ff80fe7f01ff01ff01ff0000fffffffffffffe00fe0
00000a4fffefffeffff000100ff00ff00feff017fff7fff7ffe8001fffffffffffeff810
00000a4fffefffeffff0000fffefffeffff000100fd00fd00fcff03fffffffffffeff810
00000a4fffcfffcfffd0003fffffffffffe0000fffcfffcfffd0003ffffffffffff00020
00000a4fffcfffcfffd000380ff80ff80fe7f01fefffefffefe0101fffffffffffe00fe0
00000a4fffcfffcfffd000300ff00ff00feff0181ff81ff81fe7e01ffffffffffffff000
00000a4fffcfffcfffd0002fffefffeffff00017dff7dff7dfe8201fffffffffffe82000
00000a4ff00ff00ff0100fffffffffffffe0000ff00ff00ff0100ffffffffffffff00fe0
00000a4ff00ff00ff0100ff80ff80ff80fe7f01fefdfefdfefc0103fffffffffffe00040
00000a4ff00ff00ff0100ff00ff00ff00feff01010101010100feffffffffffffffff000
00000a4ff00ff00ff0100fefffefffeffff0001807f807f807e7f81fffffffffffe7f800
00000a7fffffffffffe0001fffffffffffe0001fffffffffffe0001fffffffffffe00000
00000a7fffffffffffe000180ff80ff80fe7f0180ff80ff80fe7f01fffffffffffe7f000
00000a7fffffffffffe000100ff00ff00feff0100ff00ff00feff01fffffffffffeff810
00000a7fffffffffffe0000fffefffeffff0000fffefffeffff0001ffffffffffff00000
00000a7fffdfffdfffc0003fffffffffffe0001fffdfffdfffc0003fffffffffffe00020
00000a7fffdfffdfffc000380ff80ff80fe7f0180fd80fd80fc7f03fffffffffffe7f041
00000a7fffdfffdfffc000300ff00ff00feff01007f007f007eff81fffffffffffeff800
00000a7fffdfffdfffc0002fffefffeffff0000fffcfffcfffd0003ffffffffffff00020
00000a7ff01ff01ff0000fffffffffffffe0001ff01ff01ff0000fffffffffffffe00fe0
00000a7ff01ff01ff0000ff80ff80ff80fe7f017fff7fff7ffe8001fffffffffffe80021
00000a7ff01ff01ff0000ff00ff00ff00feff0100fd00fd00fcff03fffffffffffeff810
00000a7ff01ff01ff0000fefffefffeffff0000ff00ff00ff0100ffffffffffffff00fe0
00000a7fefffefffefe0101fffffffffffe0001fefffefffefe0101fffffffffffe01000
00000a7fefffefffefe010180ff80ff80fe7f0181ff81ff81fe7e01fffffffffffe7e021
00000a7fefffefffefe010100ff00ff00feff017dff7dff7dfe8201fffffffffffeff000
00000a7fefffefffefe0100fffefffeffff0001fffffffffffe0001fffffffffffe00000
00000a7fefdfefdfefc0103fffffffffffe0001fefdfefdfefc0103fffffffffffe01020
00000a7fefdfefdfefc010380ff80ff80fe7f01010101010100fefffffffffffffeff005
00000a7fefdfefdfefc010300ff00ff00feff01807f807f807e7f81fffffffffffeff000
00000a7fefdfefdfefc0102fffefffeffff0001fffdfffdfffc0003fffffffffffe00020
00000a780ff80ff80fe7f01fffffffffffe000180ff80ff80fe7f01fffffffffffe7f000
00000a780ff80ff80fe7f0180ff80ff80fe7f0100ff00ff00feff01fffffffffffeff000
00000a780ff80ff80fe7f0100ff00ff00feff00fffefffeffff0001fffffffffffeff000
00000a780ff80ff80fe7f00fffefffeffff0001ff01ff01ff0000fffffffffffffe00fe0
00000a780fd80fd80fc7f03fffffffffffe000180fd80fd80fc7f03fffffffffffe7f020
00000a780fd80fd80fc7f0380ff80ff80fe7f01007f007f007eff81fffffffffffeff800
00000a780fd80fd80fc7f0300ff00ff00feff00fffcfffcfffd0003fffffffffffeff000
00000a780fd80fd80fc7f02fffefffeffff0001fefffefffefe0101fffffffffffe01000
00000a77fff7fff7ffe8001fffffffffffe00017fff7fff7ffe8001fffffffffffe80000
00000a77fff7fff7ffe800180ff80ff80fe7f0100fd00fd00fcff03fffffffffffeff810
00000a77fff7fff7ffe800100ff00ff00feff00ff00ff00ff0100fffffffffffffeff000
00000a77fff7fff7ffe8000fffefffeffff0001fefdfefdfefc0103fffffffffffe01020
00000a781ff81ff81fe7e01fffffffffffe000181ff81ff81fe7e01fffffffffffe7e000
00000a781ff81ff81fe7e0180ff80ff80fe7f017dff7dff7dfe8201fffffffffffe82100
00000a781ff81ff81fe7e0100ff00ff00feff01fffffffffffe0001fffffffffffeff000
00000a781ff81ff81fe7e00fffefffeffff000180ff80ff80fe7f01fffffffffffe7f000
00000a7010101010100fefffffffffffffe0001010101010100fefffffffffffffefefe0
00000a7010101010100feff80ff80ff80fe7f01807f807f807e7f81fffffffffffeff005
00000a7010101010100feff00ff00ff00feff01fffdfffdfffc0003fffffffffffeff000
00000a7010101010100fefefffefffeffff000180fd80fd80fc7f03fffffffffffe7f020
00000a700ff00ff00feff01fffffffffffe000100ff00ff00feff01fffffffffffeff810
00000a700ff00ff00feff0180ff80ff80fe7f00fffefffeffff0001fffffffffffeff000
00000a700ff00ff00feff0100ff00ff00feff01ff01ff01ff0000fffffffffffffeff000
00000a700ff00ff00feff00fffefffeffff00017fff7fff7ffe8001fffffffffffeff810
00000a7007f007f007eff81fffffffffffe0001007f007f007eff81fffffffffffeff800
00000a7007f007f007eff8180ff80ff80fe7f00fffcfffcfffd0003fffffffffffeff800
00000a7007f007f007eff8100ff00ff00feff01fefffefffefe0101fffffffffffeff800
00000a7007f007f007eff80fffefffeffff000181ff81ff81fe7e01fffffffffffeff800
00000a700fd00fd00fcff03fffffffffffe000100fd00fd00fcff03fffffffffffeff810
00000a700fd00fd00fcff0380ff80ff80fe7f00ff00ff00ff0100fffffffffffffeff810
00000a700fd00fd00fcff0300ff00ff00feff01fefdfefdfefc0103fffffffffffeff810
00000a700fd00fd00fcff02fffefffeffff0001010101010100fefffffffffffffeff810
00000a77dff7dff7dfe8201fffffffffffe00017dff7dff7dfe8201fffffffffffe82000
00000a77dff7dff7dfe820180ff80ff80fe7f01fffffffffffe0001fffffffffffe82000
00000a77dff7dff7dfe820100ff00ff00feff0180ff80ff80fe7f01fffffffffffeff000
00000a77dff7dff7dfe8200fffefffeffff000100ff00ff00feff01fffffffffffeff000
00000a7807f807f807e7f81fffffffffffe0001807f807f807e7f81fffffffffffe7f800
00000a7807f807f807e7f8180ff80ff80fe7f01fffdfffdfffc0003fffffffffffe7f821
00000a7807f807f807e7f8100ff00ff00feff0180fd80fd80fc7f03fffffffffffeff000
00000a7807f807f807e7f80fffefffeffff0001007f007f007eff81fffffffffffeff800
00000a6fffefffeffff0001fffffffffffe0000fffefffeffff0001ffffffffffff00000
00000a6fffefffeffff000180ff80ff80fe7f01ff01ff01ff0000fffffffffffffe00fe0
00000a6fffefffeffff000100ff00ff00feff017fff7fff7ffe8001fffffffffffeff810
00000a6fffefffeffff0000fffefffeffff000100fd00fd00fcff03fffffffffffeff810
00000a6fffcfffcfffd0003fffffffffffe0000fffcfffcfffd0003ffffffffffff00020
00000a6fffcfffcfffd000380ff80ff80fe7f01fefffefffefe0101fffffffffffe00fe0
00000a6fffcfffcfffd000300ff00ff00feff0181ff81ff81fe7e01ffffffffffffff000
00000a6fffcfffcfffd0002fffefffeffff00017dff7dff7dfe8201fffffffffffe82000
00000a6ff00ff00ff0100fffffffffffffe0000ff00ff00ff0100ffffffffffffff00fe0
00000a6ff00ff00ff0100ff80ff80ff80fe7f01fefdfefdfefc0103fffffffffffe00040
00000a6ff00ff00ff0100ff00ff00ff00feff01010101010100feffffffffffffffff000
00000a6ff00ff00ff0100fefffefffeffff0001807f807f807e7f81fffffffffffe7f800
00000a9fffffffffffe0001fffffffffffe0001fffffffffffe0001fffffffffffe00000
00000a9fffffffffffe000180ff80ff80fe7f0180ff80ff80fe7f01fffffffffffe7f000
00000a9fffffffffffe000100ff00ff00feff0100ff00ff00feff01fffffffffffeff810
00000a9fffffffffffe0000fffefffeffff0000fffefffeffff0001ffffffffffff00000
00000a9fffdfffdfffc0003fffffffffffe0001fffdfffdfffc0003fffffffffffe00020
00000a9fffdfffdfffc000380ff80ff80fe7f0180fd80fd80fc7f03fffffffffffe7f021
00000a9fffdfffdfffc000300ff00ff00feff01007f007f007eff81fffffffffffeff800
00000a9fffdfffdfffc0002fffefffeffff0000fffcfffcfffd0003ffffffffffff00020
00000a9ff01ff01ff0000fffffffffffffe0001ff01ff01ff0000fffffffffffffe00fe0
00000a9ff01ff01ff0000ff80ff80ff80fe7f017fff7fff7ffe8001fffffffffffe80001
00000a9ff01ff01ff0000ff00ff00ff00feff0100fd00fd00fcff03fffffffffffeff810
00000a9ff01ff01ff0000fefffefffeffff0000ff00ff00ff0100ffffffffffffff00fe0
00000a9fefffefffefe0101fffffffffffe0001fefffefffefe0101fffffffffffe01000
00000a9fefffefffefe010180ff80ff80fe7f0181ff81ff81fe7e01fffffffffffe7e001
00000a9fefffefffefe010100ff00ff00feff017dff7dff7dfe8201fffffffffffeff000
00000a9fefffefffefe0100fffefffeffff0001fffffffffffe0001fffffffffffe00000
00000a9fefdfefdfefc0103fffffffffffe0001fefdfefdfefc0103fffffffffffe01020
00000a9fefdfefdfefc010380ff80ff80fe7f01010101010100fefffffffffffffefefe1
00000a9fefdfefdfefc010300ff00ff00feff01807f807f807e7f81fffffffffffeff000
00000a9fefdfefdfefc0102fffefffeffff0001fffdfffdfffc0003fffffffffffe00020
00000a980ff80ff80fe7f01fffffffffffe000180ff80ff80fe7f01fffffffffffe7f000
00000a980ff80ff80fe7f0180ff80ff80fe7f0100ff00ff00feff01fffffffffffeff000
00000a980ff80ff80fe7f0100ff00ff00feff00fffefffeffff0001fffffffffffeff000
00000a980ff80ff80fe7f00fffefffeffff0001ff01ff01ff0000fffffffffffffe00fe0
00000a980fd80fd80fc7f03fffffffffffe000180fd80fd80fc7f03fffffffffffe7f020
00000a980fd80fd80fc7f0380ff80ff80fe7f01007f007f007eff81fffffffffffeff800
00000a980fd80fd80fc7f0300ff00ff00feff00fffcfffcfffd0003fffffffffffeff000
00000a980fd80fd80fc7f02fffefffeffff0001fefffefffefe0101fffffffffffe01000
00000a97fff7fff7ffe8001fffffffffffe00017fff7fff7ffe8001fffffffffffe80000
00000a97fff7fff7ffe800180ff80ff80fe7f0100fd00fd00fcff03fffffffffffeff810
00000a97fff7fff7ffe800100ff00ff00feff00ff00ff00ff0100fffffffffffffeff000
00000a97fff7fff7ffe8000fffefffeffff0001fefdfefdfefc0103fffffffffffe01020
00000a981ff81ff81fe7e01fffffffffffe000181ff81ff81fe7e01fffffffffffe7e000
00000a981ff81ff81fe7e0180ff80ff80fe7f017dff7dff7dfe8201fffffffffffe82100
00000a981ff81ff81fe7e0100ff00ff00feff01fffffffffffe0001fffffffffffeff000
00000a981ff81ff81fe7e00fffefffeffff000180ff80ff80fe7f01fffffffffffe7f000
00000a9010101010100fefffffffffffffe0001010101010100fefffffffffffffefefe0
00000a9010101010100feff80ff80ff80fe7f01807f807f807e7f81fffffffffffefefe1
00000a9010101010100feff00ff00ff00feff01fffdfffdfffc0003fffffffffffeff000
00000a9010101010100fefefffefffeffff000180fd80fd80fc7f03fffffffffffe7f020
00000a900ff00ff00feff01fffffffffffe000100ff00ff00feff01fffffffffffeff810
00000a900ff00ff00feff0180ff80ff80fe7f00fffefffeffff0001fffffffffffeff000
00000a900ff00ff00feff0100ff00ff00feff01ff01ff01ff0000fffffffffffffeff000
00000a900ff00ff00feff00fffefffeffff00017fff7fff7ffe8001fffffffffffeff810
00000a9007f007f007eff81fffffffffffe0001007f007f007eff81fffffffffffeff800
00000a9007f007f007eff8180ff80ff80fe7f00fffcfffcfffd0003fffffffffffeff800
00000a9007f007f007eff8100ff00ff00feff01fefffefffefe0101fffffffffffeff800
00000a9007f007f007eff80fffefffeffff000181ff81ff81fe7e01fffffffffffeff800
00000a900fd00fd00fcff03fffffffffffe000100fd00fd00fcff03fffffffffffeff810
00000a900fd00fd00fcff0380ff80ff80fe7f00ff00ff00ff0100fffffffffffffeff810
00000a900fd00fd00fcff0300ff00ff00feff01fefdfefdfefc0103fffffffffffeff810
00000a900fd00fd00fcff02fffefffeffff0001010101010100fefffffffffffffeff810
00000a97dff7dff7dfe8201fffffffffffe00017dff7dff7dfe8201fffffffffffe82000
00000a97dff7dff7dfe820180ff80ff80fe7f01fffffffffffe0001fffffffffffe82000
00000a97dff7dff7dfe820100ff00ff00feff0180ff80ff80fe7f01fffffffffffeff000
00000a97dff7dff7dfe8200fffefffeffff000100ff00ff00feff01fffffffffffeff000
00000a9807f807f807e7f81fffffffffffe0001807f807f807e7f81fffffffffffe7f800
00000a9807f807f807e7f8180ff80ff80fe7f01fffdfffdfffc0003fffffffffffe7f801
00000a9807f807f807e7f8100ff00ff00feff0180fd80fd80fc7f03fffffffffffeff000
00000a9807f807f807e7f80fffefffeffff0001007f007f007eff81fffffffffffeff800
00000a8fffefffeffff0001fffffffffffe0000fffefffeffff0001ffffffffffff00000
00000a8fffefffeffff000180ff80ff80fe7f01ff01ff01ff0000fffffffffffffe00fe0
00000a8fffefffeffff000100ff00ff00feff017fff7fff7ffe8001fffffffffffeff810
00000a8fffefffeffff0000fffefffeffff000100fd00fd00fcff03fffffffffffeff810
00000a8fffcfffcfffd0003fffffffffffe0000fffcfffcfffd0003ffffffffffff00020
00000a8fffcfffcfffd000380ff80ff80fe7f01fefffefffefe0101fffffffffffe00fe0
00000a8fffcfffcfffd000300ff00ff00feff0181ff81ff81fe7e01ffffffffffffff000
00000a8fffcfffcfffd0002fffefffeffff00017dff7dff7dfe8201fffffffffffe82000
00000a8ff00ff00ff0100fffffffffffffe0000ff00ff00ff0100ffffffffffffff00fe0
00000a8ff00ff00ff0100ff80ff80ff80fe7f01fefdfefdfefc0103fffffffffffe00040
00000a8ff00ff00ff0100ff00ff00ff00feff01010101010100feffffffffffffffff000
00000a8ff00ff00ff0100fefffefffeffff0001807f807f807e7f81fffffffffffe7f800
00000b02618faf5cdce00002618faf5cdce00002618faf5cdce00002618ff00ff0000005
00000b02618faf5cdce0001e6190af431ce7f01e6190af431ce7f01e61986e980a07f001
00000b02618faf5cdce0001e6190af431ceff01e6190af431ceff01e61986e980a0ff811
00000b02618faf5cdce00002618faf5cdcf00002618faf5cdcf00002618ff00ff0100005
00000b026c2fac3cdc200022618faf5cdce000026c2fac3cdc2000226c2ff00ff0000025
00000b026c2fac3cdc20003e6190af431ce7f01e6c30ac231c27f03e6c386b980967f021
00000b026c2fac3cdc20003e6190af431ceff01c61902f433ceff81c61986b98096ff801
00000b026c2fac3cdc200022618faf5cdcf000026c2fac3cdc3000226c2ff00ff0100025
00000b019aef519ce3400fe2618faf5cdce000019aef519ce3400fe19aeff00ff0000fe5
00000b019aef519ce3400ffe6190af431ce7f002618faf5cdce800180d6faf5cdce80001
00000b019aef519ce3400ffe6190af431ceff01e6c30ac231c2ff03e6c381138116ff811
00000b019aef519ce3400fe2618faf5cdcf000019aef519ce3500fe19aeff00ff0100fe5
00000b06618eaf5c9ce01002618faf5cdce00006618eaf5c9ce01006618ff00ff0001005
00000b06618eaf5c9ce0101e6190af431ce7f01a6191af435ce7e01cd3376e97ca07e001
00000b06618eaf5c9ce0101e6190af431ceff00a618daf5c5ce8201cd32daf5c5ceff001
00000b06618eaf5c9ce01002618faf5cdcf00002618faf5cdce00002618ff00ff0000005
00000b066c2eac3c9c201022618faf5cdce000066c2eac3c9c2010266c2ff00ff0001025
00000b066c2eac3c9c20103e6190af431ce7f0199af15183634feffcded76b97c96fefe1
00000b066c2eac3c9c20103e6190af431ceff01c61902f433ce7f81cdef76b97c96ff001
00000b066c2eac3c9c201022618faf5cdcf000026c2fac3cdc2000226c2ff00ff0000025
00000b1e6190af431ce7f002618faf5cdce0001e6190af431ce7f01e61986e980a07f001
00000b1e6190af431ce7f01e6190af431ce7f01e6190af431ceff00ff010af431ceff005
00000b1e6190af431ce7f01e6190af431ceff002618faf5cdcf0000ff00faf5cdceff005
00000b1e6190af431ce7f002618faf5cdcf000019aef519ce3400ff8d32f519ce3400fe1
00000b1e6c30ac231c27f022618faf5cdce0001e6c30ac231c27f03e6c386b980967f021
00000b1e6c30ac231c27f03e6190af431ce7f01c61902f433ceff80ff0102f433ceff805
00000b1e6c30ac231c27f03e6190af431ceff0026c2fac3cdc30002ff00fac3cdc2ff005
00000b1e6c30ac231c27f022618faf5cdcf00006618eaf5c9ce01018deceaf5c9ce01001
00000b02618faf5cdce80002618faf5cdce00002618faf5cdce80002618ff00ff0080005
00000b02618faf5cdce8001e6190af431ce7f01e6c30ac231c2ff03e6c386e980a0ff811
00000b02618faf5cdce8001e6190af431ceff0019aef519ce3500ff8d32f519ce34ff001
00000b02618faf5cdce80002618faf5cdcf000066c2eac3c9c2010266c2ff00ff0001025
00000b1a6191af435ce7e002618faf5cdce0001a6191af435ce7e01a61996e984a07e001
00000b1a6191af435ce7e01e6190af431ce7f00a618daf5c5ce8200ff00daf5c5ce82105
00000b1a6191af435ce7e01e6190af431ceff002618faf5cdce0000ff00faf5cdceff005
00000b1a6191af435ce7e002618faf5cdcf0001e6190af431ce7f01e61996e984a07f001
00000b199af15183634fefe2618faf5cdce000199af15183634feff99af91138516fefe1
00000b199af15183634feffe6190af431ce7f01c61902f433ce7f80ff0102f433cefefe5
00000b199af15183634feffe6190af431ceff0026c2fac3cdc20002ff00fac3cdc2ff005
00000b199af15183634fefe2618faf5cdcf0001e6c30ac231c27f03e6c3911385167f021
00000b1e6190af431ceff002618faf5cdce0001e6190af431ceff01e61986e980a0ff811
00000b1e6190af431ceff01e6190af431ce7f002618faf5cdcf0000ff00faf5cdceff005
00000b1e6190af431ceff01e6190af431ceff0019aef519ce3400feff00f519ce34ff005
00000b1e6190af431ceff002618faf5cdcf00002618faf5cdce80018d32faf5cdceff811
00000b1c61902f433ceff802618faf5cdce0001c61902f433ceff81c6197ee982a0ff801
00000b1c61902f433ceff81e6190af431ce7f0026c2fac3cdc30002ff00fac3cdc2ff805
00000b1c61902f433ceff81e6190af431ceff006618eaf5c9ce0100ff00eaf5c9ceff805
00000b1c61902f433ceff802618faf5cdcf0001a6191af435ce7e01a6197ee982a0ff801
00000b1e6c30ac231c2ff022618faf5cdce0001e6c30ac231c2ff03e6c386b98096ff811
00000b1e6c30ac231c2ff03e6190af431ce7f0019aef519ce3500feff00f519ce34ff815
00000b1e6c30ac231c2ff03e6190af431ceff0066c2eac3c9c20102ff00eac3c9c2ff815
00000b1e6c30ac231c2ff022618faf5cdcf000199af15183634feff99af86b98096ff811
00000b0a618daf5c5ce82002618faf5cdce0000a618daf5c5ce8200a618ff00ff0082005
00000b0a618daf5c5ce8201e6190af431ce7f002618faf5cdce0001ff00faf5cdce82005
00000b0a618daf5c5ce8201e6190af431ceff01e6190af431ce7f01ff0166e978a0ff005
00000b0a618daf5c5ce82002618faf5cdcf0001e6190af431ceff01e618ff00ff00ff005
00000b1c61902f433ce7f802618faf5cdce0001c61902f433ce7f81c6197ee982a07f801
00000b1c61902f433ce7f81e6190af431ce7f0026c2fac3cdc20002ff00fac3cdc27f805
00000b1c61902f433ce7f81e6190af431ceff01e6c30ac231c27f02ff010ac231c2ff005
00000b1c61902f433ce7f802618faf5cdcf0001c61902f433ceff81c6197ee982a0ff801
00000b02618faf5cdcf00002618faf5cdce00002618faf5cdcf00002618ff00ff0100005
00000b02618faf5cdcf0001e6190af431ce7f0019aef519ce3400ff8d32f519ce3400fe1
00000b02618faf5cdcf0001e6190af431ceff002618faf5cdce80018d32faf5cdceff811
00000b02618faf5cdcf00002618faf5cdcf0001e6c30ac231c2ff03e6c2ff00ff00ff815
00000b026c2fac3cdc300022618faf5cdce000026c2fac3cdc3000226c2ff00ff0100025
00000b026c2fac3cdc30003e6190af431ce7f006618eaf5c9ce01018deceaf5c9ce00fe1
00000b026c2fac3cdc30003e6190af431ceff01a6191af435ce7e01a61986b98097ff001
00000b026c2fac3cdc300022618faf5cdcf0000a618daf5c5ce8200a618ff00ff0082005
00000b019aef519ce3500fe2618faf5cdce000019aef519ce3500fe19aeff00ff0100fe5
00000b019aef519ce3500ffe6190af431ce7f0066c2eac3c9c2010380d6eac3c9c200041
00000b019aef519ce3500ffe6190af431ceff0199af15183634feff99af81138117ff001
00000b019aef519ce3500fe2618faf5cdcf0001c61902f433ce7f81c618ff00ff007f805
00000b22618faf5cdce00002618faf5cdce00002618faf5cdce00002618fefefefe00005
00000b22618faf5cdce0001e6190af431ce7f01e6190af431ce7f01e61986e980a07f001
00000b22618faf5cdce0001e6190af431ceff01e6190af431ceff01e61986e980a0ff811
00000b22618faf5cdce00002618faf5cdcf00002618faf5cdcf00002618fefefeff00005
00000b226c2fac3cdc200022618faf5cdce000026c2fac3cdc2000226c2fefefefe00025
00000b226c2fac3cdc20003e6190af431ce7f01e6c30ac231c27f03e6c386b780967f021
00000b226c2fac3cdc20003e6190af431ceff01c61902f433ceff81c61986b78096ff801
00000b226c2fac3cdc200022618faf5cdcf000026c2fac3cdc3000226c2fefefeff00025
00000b219aef519ce3400fe2618faf5cdce000019aef519ce3400fe19aefefefefe00fe5
00000b219aef519ce3400ffe6190af431ce7f002618faf5cdce800180d6faf3cdce80001
00000b219aef519ce3400ffe6190af431ceff01e6c30ac231c2ff03e6c381118114ff811
00000b219aef519ce3400fe2618faf5cdcf000019aef519ce3500fe19aefefefeff00fe5
00000b26618eaf5c9ce01002618faf5cdce00006618eaf5c9ce01006618fefefefe01005
00000b26618eaf5c9ce0101e6190af431ce7f01a6191af435ce7e01cd3376e97ca07e001
00000b26618eaf5c9ce0101e6190af431ceff00a618daf5c5ce8201cd32daf3c5ceff001
00000b26618eaf5c9ce01002618faf5cdcf00002618faf5cdce00002618fefefefe00005
00000b266c2eac3c9c201022618faf5cdce000066c2eac3c9c2010266c2fefefefe01025
00000b266c2eac3c9c20103e6190af431ce7f0199af15183634feffcded76b77c96fefe1
00000b266c2eac3c9c20103e6190af431ceff01c61902f433ce7f81cdef76b77c96ff001
00000b266c2eac3c9c201022618faf5cdcf000026c2fac3cdc2000226c2fefefefe00025
00000b3e6190af431ce7f002618faf5cdce0001e6190af431ce7f01e61986e980a07f001
00000b3e6190af431ce7f01e6190af431ce7f01e6190af431ceff00feff0af231ceff005
00000b3e6190af431ce7f01e6190af431ceff002618faf5cdcf0000fefefaf5cdccff005
00000b3e6190af431ce7f002618faf5cdcf000019aef519ce3400ff8d32f517ce3400fe1
00000b3e6c30ac231c27f022618faf5cdce0001e6c30ac231c27f03e6c386b780967f021
00000b3e6c30ac231c27f03e6190af431ce7f01c61902f433ceff80feff02f233ceff805
00000b3e6c30ac231c27f03e6190af431ceff0026c2fac3cdc30002fefefac3cdc0ff005
00000b3e6c30ac231c27f022618faf5cdcf00006618eaf5c9ce01018deceaf3c9ce01001
00000b22618faf5cdce80002618faf5cdce00002618faf5cdce80002618fefefefe80005
00000b22618faf5cdce8001e6190af431ce7f01e6c30ac231c2ff03e6c386e980a0ff811
00000b22618faf5cdce8001e6190af431ceff0019aef519ce3500ff8d32f517ce34ff001
00000b22618faf5cdce80002618faf5cdcf000066c2eac3c9c2010266c2fefefefe01025
00000b3a6191af435ce7e002618faf5cdce0001a6191af435ce7e01a61996e984a07e001
00000b3a6191af435ce7e01e6190af431ce7f00a618daf5c5ce8200fefedaf5c5cc82105
00000b3a6191af435ce7e01e6190af431ceff002618faf5cdce0000fefefaf5cdccff005
00000b3a6191af435ce7e002618faf5cdcf0001e6190af431ce7f01e61996e984a07f001
00000b399af15183634fefe2618faf5cdce000199af15183634feff99af91118514fefe1
00000b399af15183634feffe6190af431ce7f01c61902f433ce7f80feff02f233cefefe5
00000b399af15183634feffe6190af431ceff0026c2fac3cdc20002fefefac3cdc0ff005
00000b399af15183634fefe2618faf5cdcf0001e6c30ac231c27f03e6c3911185147f021
00000b3e6190af431ceff002618faf5cdce0001e6190af431ceff01e61986e980a0ff811
00000b3e6190af431ceff01e6190af431ce7f002618faf5cdcf0000fefefaf5cdccff005
00000b3e6190af431ceff01e6190af431ceff0019aef519ce3400fefefef519ce32ff005
00000b3e6190af431ceff002618faf5cdcf00002618faf5cdce80018d32faf3cdceff811
00000b3c61902f433ceff802618faf5cdce0001c61902f433ceff81c6197ee982a0ff801
00000b3c61902f433ceff81e6190af431ce7f0026c2fac3cdc30002fefefac3cdc0ff805
00000b3c61902f433ceff81e6190af431ceff006618eaf5c9ce0100fefeeaf5c9ccff805
00000b3c61902f433ceff802618faf5cdcf0001a6191af435ce7e01a6197ee982a0ff801
00000b3e6c30ac231c2ff022618faf5cdce0001e6c30ac231c2ff03e6c386b78096ff811
00000b3e6c30ac231c2ff03e6190af431ce7f0019aef519ce3500fefefef519ce32ff815
00000b3e6c30ac231c2ff03e6190af431ceff0066c2eac3c9c20102fefeeac3c9c0ff815
00000b3e6c30ac231c2ff022618faf5cdcf000199af15183634feff99af86b78096ff811
00000b2a618daf5c5ce82002618faf5cdce0000a618daf5c5ce8200a618fefefefe82005
00000b2a618daf5c5ce8201e6190af431ce7f002618faf5cdce0001fefefaf3cdce82005
00000b2a618daf5c5ce8201e6190af431ceff01e6190af431ce7f01feff66e978a0ff005
00000b2a618daf5c5ce82002618faf5cdcf0001e6190af431ceff01e616fefefefeff005
00000b3c61902f433ce7f802618faf5cdce0001c61902f433ce7f81c6197ee982a07f801
00000b3c61902f433ce7f81e6190af431ce7f0026c2fac3cdc20002fefefac3cdc07f805
00000b3c61902f433ce7f81e6190af431ceff01e6c30ac231c27f02feff0ac031c2ff005
00000b3c61902f433ce7f802618faf5cdcf0001c61902f433ceff81c6197ee982a0ff801
00000b22618faf5cdcf00002618faf5cdce00002618faf5cdcf00002618fefefeff00005
00000b22618faf5cdcf0001e6190af431ce7f0019aef519ce3400ff8d32f517ce3400fe1
00000b22618faf5cdcf0001e6190af431ceff002618faf5cdce80018d32faf3cdceff811
00000b22618faf5cdcf00002618faf5cdcf0001e6c30ac231c2ff03e6c0fefefefeff815
00000b226c2fac3cdc300022618faf5cdce000026c2fac3cdc3000226c2fefefeff00025
00000b226c2fac3cdc30003e6190af431ce7f006618eaf5c9ce01018deceaf3c9ce00fe1
00000b226c2fac3cdc30003e6190af431ceff01a6191af435ce7e01a61986b78097ff001
00000b226c2fac3cdc300022618faf5cdcf0000a618daf5c5ce8200a618fefefefe82005
00000b219aef519ce3500fe2618faf5cdce000019aef519ce3500fe19aefefefeff00fe5
00000b219aef519ce3500ffe6190af431ce7f0066c2eac3c9c2010380d6eac1c9c200041
00000b219aef519ce3500ffe6190af431ceff0199af15183634feff99af81118115ff001
00000b219aef519ce3500fe2618faf5cdcf0001c61902f433ce7f81c616fefefefe7f805
00000b42618faf5cdce00002618faf5cdce00002618faf5cdce00002618fefefefe00005
00000b42618faf5cdce0001e6190af431ce7f01e6190af431ce7f01e61b86eb80a27f001
00000b42618faf5cdce0001e6190af431ceff01e6190af431ceff01e61b86eb80a2ff811
00000b42618faf5cdce00002618faf5cdcf00002618faf5cdcf00002618fefefeff00005
00000b426c2fac3cdc200022618faf5cdce000026c2fac3cdc2000226c2fefefefe00025
00000b426c2fac3cdc20003e6190af431ce7f01e6c30ac231c27f03e6c586b980987f021
00000b426c2fac3cdc20003e6190af431ceff01c61902f433ceff81c61b86b98098ff801
00000b426c2fac3cdc200022618faf5cdcf000026c2fac3cdc3000226c2fefefeff00025
00000b419aef519ce3400fe2618faf5cdce000019aef519ce3400fe19aefefefefe00fe5
00000b419aef519ce3400ffe6190af431ce7f002618faf5cdce800180d8faf3cdd080001
00000b419aef519ce3400ffe6190af431ceff01e6c30ac231c2ff03e6c581138116ff811
00000b419aef519ce3400fe2618faf5cdcf000019aef519ce3500fe19aefefefeff00fe5
00000b46618eaf5c9ce01002618faf5cdce00006618eaf5c9ce01006618fefefefe01005
00000b46618eaf5c9ce0101e6190af431ce7f01a6191af435ce7e01cd3576eb7ca27e001
00000b46618eaf5c9ce0101e6190af431ceff00a618daf5c5ce8201cd34daf3c5d0ff001
00000b46618eaf5c9ce01002618faf5cdcf00002618faf5cdce00002618fefefeff00005
00000b466c2eac3c9c201022618faf5cdce000066c2eac3c9c2010266c2fefefefe01025
00000b466c2eac3c9c20103e6190af431ce7f0199af15183634feffcdef76b97c98fefe1
00000b466c2eac3c9c20103e6190af431ceff01c61902f433ce7f81cdf176b97c98ff001
00000b466c2eac3c9c201022618faf5cdcf000026c2fac3cdc2000226c2fefefefe00025
00000b5e6190af431ce7f002618faf5cdce0001e6190af431ce7f01e61b86eb80a27f001
00000b5e6190af431ce7f01e6190af431ce7f01e6190af431ceff00feff0af431ceff005
00000b5e6190af431ce7f01e6190af431ceff002618faf5cdcf0000fefefaf5cdceff005
00000b5e6190af431ce7f002618faf5cdcf000019aef519ce3400ff8d34f517ce3600fe1
00000b5e6c30ac231c27f022618faf5cdce0001e6c30ac231c27f03e6c586b980987f021
00000b5e6c30ac231c27f03e6190af431ce7f01c61902f433ceff80feff02f433ceff805
00000b5e6c30ac231c27f03e6190af431ceff0026c2fac3cdc30002fefefac3cdc2ff005
00000b5e6c30ac231c27f022618faf5cdcf00006618eaf5c9ce01018deeeaf3c9d001001
00000b42618faf5cdce80002618faf5cdce00002618faf5cdce80002618fefefefe80005
00000b42618faf5cdce8001e6190af431ce7f01e6c30ac231c2ff03e6c586eb80a2ff811
00000b42618faf5cdce8001e6190af431ceff0019aef519ce3500ff8d34f517ce36ff001
00000b42618faf5cdce80002618faf5cdcf000066c2eac3c9c2010266c2fefefefe01025
00000b5a6191af435ce7e002618faf5cdce0001a6191af435ce7e01a61b96eb84a27e001
00000b5a6191af435ce7e01e6190af431ce7f00a618daf5c5ce8200fefedaf5c5ce82105
00000b5a6191af435ce7e01e6190af431ceff002618faf5cdce0000fefefaf5cdceff005
00000b5a6191af435ce7e002618faf5cdcf0001e6190af431ce7f01e61b96eb84a27f001
00000b599af15183634fefe2618faf5cdce000199af15183634feff99b191138516fefe1
00000b599af15183634feffe6190af431ce7f01c61902f433ce7f80feff02f433cefefe5
00000b599af15183634feffe6190af431ceff0026c2fac3cdc20002fefefac3cdc2ff005
00000b599af15183634fefe2618faf5cdcf0001e6c30ac231c27f03e6c5911385167f021
00000b5e6190af431ceff002618faf5cdce0001e6190af431ceff01e61b86eb80a2ff811
00000b5e6190af431ceff01e6190af431ce7f002618faf5cdcf0000fefefaf5cdceff005
00000b5e6190af431ceff01e6190af431ceff0019aef519ce3400fefefef519ce34ff005
00000b5e6190af431ceff002618faf5cdcf00002618faf5cdce80018d34faf3cdd0ff811
00000b5c61902f433ceff802618faf5cdce0001c61902f433ceff81c61b7eeb82a2ff801
00000b5c61902f433ceff81e6190af431ce7f0026c2fac3cdc30002fefefac3cdc2ff805
00000b5c61902f433ceff81e6190af431ceff006618eaf5c9ce0100fefeeaf5c9ceff805
00000b5c61902f433ceff802618faf5cdcf0001a6191af435ce7e01a61b7eeb82a2ff801
00000b5e6c30ac231c2ff022618faf5cdce0001e6c30ac231c2ff03e6c586b98098ff811
00000b5e6c30ac231c2ff03e6190af431ce7f0019aef519ce3500fefefef519ce34ff815
00000b5e6c30ac231c2ff03e6190af431ceff0066c2eac3c9c20102fefeeac3c9c2ff815
00000b5e6c30ac231c2ff022618faf5cdcf000199af15183634feff99b186b98098ff811
00000b4a618daf5c5ce82002618faf5cdce0000a618daf5c5ce8200a618fefefefe82005
00000b4a618daf5c5ce8201e6190af431ce7f002618faf5cdce0001ff00faf3cdd082005
00000b4a618daf5c5ce8201e6190af431ceff01e6190af431ce7f01ff0166eb78a2ff005
00000b4a618daf5c5ce82002618faf5cdcf0001e6190af431ceff01e618fefefefeff005
00000b5c61902f433ce7f802618faf5cdce0001c61902f433ce7f81c61b7eeb82a27f801
00000b5c61902f433ce7f81e6190af431ce7f0026c2fac3cdc20002fefefac3cdc27f805
00000b5c61902f433ce7f81e6190af431ceff01e6c30ac231c27f02feff0ac231c2ff005
00000b5c61902f433ce7f802618faf5cdcf0001c61902f433ceff81c61b7eeb82a2ff801
00000b42618faf5cdcf00002618faf5cdce00002618faf5cdcf00002618fefefeff00005
00000b42618faf5cdcf0001e6190af431ce7f0019aef519ce3400ff8d34f517ce3600fe1
00000b42618faf5cdcf0001e6190af431ceff002618faf5cdce80018d34faf3cdd0ff811
00000b42618faf5cdcf00002618faf5cdcf0001e6c30ac231c2ff03e6c2fefefefeff815
00000b426c2fac3cdc300022618faf5cdce000026c2fac3cdc3000226c2fefefeff00025
00000b426c2fac3cdc30003e6190af431ce7f006618eaf5c9ce01018deeeaf3c9d000fe1
00000b426c2fac3cdc30003e6190af431ceff01a6191af435ce7e01a61b86b98099ff001
00000b426c2fac3cdc300022618faf5cdcf0000a618daf5c5ce8200a618fefefefe82005
00000b419aef519ce3500fe2618faf5cdce000019aef519ce3500fe19aefefefeff00fe5
00000b419aef519ce3500ffe6190af431ce7f0066c2eac3c9c2010380d8eac1c9c400041
00000b419aef519ce3500ffe6190af431ceff0199af15183634feff99b181138117ff001
00000b419aef519ce3500fe2618faf5cdcf0001c61902f433ce7f81c618fefefefe7f805
00000b62618faf5cdce00002618faf5cdce00002618faf5cdce0000261aff00ff0000005
00000b62618faf5cdce0001e6190af431ce7f01e6190af431ce7f01e61986e980a07f001
00000b62618faf5cdce0001e6190af431ceff01e6190af431ceff01e61986e980a0ff811
00000b62618faf5cdce00002618faf5cdcf00002618faf5cdcf0000261aff00ff0100005
00000b626c2fac3cdc200022618faf5cdce000026c2fac3cdc2000226c4ff00ff0000025
00000b626c2fac3cdc20003e6190af431ce7f01e6c30ac231c27f03e6c386b780967f041
00000b626c2fac3cdc20003e6190af431ceff01c61902f433ceff81c61986b78096ff801
00000b626c2fac3cdc200022618faf5cdcf000026c2fac3cdc3000226c4ff00ff0100025
00000b619aef519ce3400fe2618faf5cdce000019aef519ce3400fe19b0ff00ff0000fe5
00000b619aef519ce3400ffe6190af431ce7f002618faf5cdce800180d6faf5cdce80021
00000b619aef519ce3400ffe6190af431ceff01e6c30ac231c2ff03e6c381118114ff811
00000b619aef519ce3400fe2618faf5cdcf000019aef519ce3500fe19b0ff00ff0100fe5
00000b66618eaf5c9ce01002618faf5cdce00006618eaf5c9ce0100661aff00ff0001005
00000b66618eaf5c9ce0101e6190af431ce7f01a6191af435ce7e01cd3376e97ca07e021
00000b66618eaf5c9ce0101e6190af431ceff00a618daf5c5ce8201cd32daf5c5ceff001
00000b66618eaf5c9ce01002618faf5cdcf00002618faf5cdce0000261aff00ff0000005
00000b666c2eac3c9c201022618faf5cdce000066c2eac3c9c2010266c4ff00ff0001025
00000b666c2eac3c9c20103e6190af431ce7f0199af15183634feffcded76b77c96ff005
00000b666c2eac3c9c20103e6190af431ceff01c61902f433ce7f81cdef76b77c96ff001
00000b666c2eac3c9c201022618faf5cdcf000026c2fac3cdc2000226c4ff00ff0000025
00000b7e6190af431ce7f002618faf5cdce0001e6190af431ce7f01e61986e980a07f001
00000b7e6190af431ce7f01e6190af431ce7f01e6190af431ceff00ff010af231d0ff005
00000b7e6190af431ce7f01e6190af431ceff002618faf5cdcf0000ff00faf7cdccff005
00000b7e6190af431ce7f002618faf5cdcf000019aef519ce3400ff8d32f519ce3400fe1
00000b7e6c30ac231c27f022618faf5cdce0001e6c30ac231c27f03e6c386b780967f021
00000b7e6c30ac231c27f03e6190af431ce7f01c61902f433ceff80ff0102f233d0ff805
00000b7e6c30ac231c27f03e6190af431ceff0026c2fac3cdc30002ff00fac5cdc0ff005
00000b7e6c30ac231c27f022618faf5cdcf00006618eaf5c9ce01018deceaf5c9ce01001
00000b62618faf5cdce80002618faf5cdce00002618faf5cdce8000261aff00ff0080005
00000b62618faf5cdce8001e6190af431ce7f01e6c30ac231c2ff03e6c386e980a0ff811
00000b62618faf5cdce8001e6190af431ceff0019aef519ce3500ff8d32f519ce34ff001
00000b62618faf5cdce80002618faf5cdcf000066c2eac3c9c2010266c4ff00ff0001025
00000b7a6191af435ce7e002618faf5cdce0001a6191af435ce7e01a61996e984a07e001
00000b7a6191af435ce7e01e6190af431ce7f00a618daf5c5ce8200ff00daf7c5cc82105
00000b7a6191af435ce7e01e6190af431ceff002618faf5cdce0000ff00faf7cdccff005
00000b7a6191af435ce7e002618faf5cdcf0001e6190af431ce7f01e61996e984a07f001
00000b799af15183634fefe2618faf5cdce000199af15183634feff99af91118514fefe1
00000b799af15183634feffe6190af431ce7f01c61902f433ce7f80ff0102f233d0ff005
00000b799af15183634feffe6190af431ceff0026c2fac3cdc20002ff00fac5cdc0ff005
00000b799af15183634fefe2618faf5cdcf0001e6c30ac231c27f03e6c3911185147f021
00000b7e6190af431ceff002618faf5cdce0001e6190af431ceff01e61986e980a0ff811
00000b7e6190af431ceff01e6190af431ce7f002618faf5cdcf0000ff00faf7cdccff005
00000b7e6190af431ceff01e6190af431ceff0019aef519ce3400feff00f51bce32ff005
00000b7e6190af431ceff002618faf5cdcf00002618faf5cdce80018d32faf5cdceff811
00000b7c61902f433ceff802618faf5cdce0001c61902f433ceff81c6197ee982a0ff801
00000b7c61902f433ceff81e6190af431ce7f0026c2fac3cdc30002ff00fac5cdc0ff805
00000b7c61902f433ceff81e6190af431ceff006618eaf5c9ce0100ff00eaf7c9ccff805
00000b7c61902f433ceff802618faf5cdcf0001a6191af435ce7e01a6197ee982a0ff801
00000b7e6c30ac231c2ff022618faf5cdce0001e6c30ac231c2ff03e6c386b78096ff811
00000b7e6c30ac231c2ff03e6190af431ce7f0019aef519ce3500feff00f51bce32ff815
00000b7e6c30ac231c2ff03e6190af431ceff0066c2eac3c9c20102ff00eac5c9c0ff815
00000b7e6c30ac231c2ff022618faf5cdcf000199af15183634feff99af86b78096ff811
00000b6a618daf5c5ce82002618faf5cdce0000a618daf5c5ce8200a61aff00ff0082005
00000b6a618daf5c5ce8201e6190af431ce7f002618faf5cdce0001fefefaf5cdce82005
00000b6a618daf5c5ce8201e6190af431ceff01e6190af431ce7f01feff66e978a0ff005
00000b6a618daf5c5ce82002618faf5cdcf0001e6190af431ceff01e616ff00ff00ff005
00000b7c61902f433ce7f802618faf5cdce0001c61902f433ce7f81c6197ee982a07f801
00000b7c61902f433ce7f81e6190af431ce7f0026c2fac3cdc20002ff00fac5cdc07f825
00000b7c61902f433ce7f81e6190af431ceff01e6c30ac231c27f02ff010ac031c4ff005
00000b7c61902f433ce7f802618faf5cdcf0001c61902f433ceff81c6197ee982a0ff801
00000b62618faf5cdcf00002618faf5cdce00002618faf5cdcf0000261aff00ff0100005
00000b62618faf5cdcf0001e6190af431ce7f0019aef519ce3400ff8d32f519ce3400fe1
00000b62618faf5cdcf0001e6190af431ceff002618faf5cdce80018d32faf5cdceff811
00000b62618faf5cdcf00002618faf5cdcf0001e6c30ac231c2ff03e6c0ff00ff00ff815
00000b626c2fac3cdc300022618faf5cdce000026c2fac3cdc3000226c4ff00ff0100025
00000b626c2fac3cdc30003e6190af431ce7f006618eaf5c9ce01018deceaf5c9ce00fe1
00000b626c2fac3cdc30003e6190af431ceff01a6191af435ce7e01a61986b78097ff001
00000b626c2fac3cdc300022618faf5cdcf0000a618daf5c5ce8200a61aff00ff0082005
00000b619aef519ce3500fe2618faf5cdce000019aef519ce3500fe19b0ff00ff0100fe5
00000b619aef519ce3500ffe6190af431ce7f0066c2eac3c9c2010380d6eac3c9c200041
00000b619aef519ce3500ffe6190af431ceff0199af15183634feff99af81118115ff001
00000b619aef519ce3500fe2618faf5cdcf0001c61902f433ce7f81c616ff00ff007f805
00000b82618faf5cdce00002618faf5cdce00002618faf5cdce00002618ff00ff0000005
00000b82618faf5cdce0001e6190af431ce7f01e6190af431ce7f01e61986e980a07f001
00000b82618faf5cdce0001e6190af431ceff01e6190af431ceff01e61986e980a0ff811
00000b82618faf5cdce00002618faf5cdcf00002618faf5cdcf00002618ff00ff0100005
00000b826c2fac3cdc200022618faf5cdce000026c2fac3cdc2000226c2ff00ff0000025
00000b826c2fac3cdc20003e6190af431ce7f01e6c30ac231c27f03e6c386b980967f021
00000b826c2fac3cdc20003e6190af431ceff01c61902f433ceff81c61986b98096ff801
00000b826c2fac3cdc200022618faf5cdcf000026c2fac3cdc3000226c2ff00ff0100025
00000b819aef519ce3400fe2618faf5cdce000019aef519ce3400fe19aeff00ff0000fe5
00000b819aef519ce3400ffe6190af431ce7f002618faf5cdce800180d6faf5cdce80001
00000b819aef519ce3400ffe6190af431ceff01e6c30ac231c2ff03e6c381138116ff811
00000b819aef519ce3400fe2618faf5cdcf000019aef519ce3500fe19aeff00ff0100fe5
00000b86618eaf5c9ce01002618faf5cdce00006618eaf5c9ce01006618ff00ff0001005
00000b86618eaf5c9ce0101e6190af431ce7f01a6191af435ce7e01cd3376e97ca07e001
00000b86618eaf5c9ce0101e6190af431ceff00a618daf5c5ce8201cd32daf5c5ceff001
00000b86618eaf5c9ce01002618faf5cdcf00002618faf5cdce00002618ff00ff0000005
00000b866c2eac3c9c201022618faf5cdce000066c2eac3c9c2010266c2ff00ff0001025
00000b866c2eac3c9c20103e6190af431ce7f0199af15183634feffcded76b97c96fefe1
00000b866c2eac3c9c20103e6190af431ceff01c61902f433ce7f81cdef76b97c96ff001
00000b866c2eac3c9c201022618faf5cdcf000026c2fac3cdc2000226c2ff00ff0000025
00000b9e6190af431ce7f002618faf5cdce0001e6190af431ce7f01e61986e980a07f001
00000b9e6190af431ce7f01e6190af431ce7f01e6190af431ceff00ff010af431ceff005
00000b9e6190af431ce7f01e6190af431ceff002618faf5cdcf0000ff00faf5cdceff005
00000b9e6190af431ce7f002618faf5cdcf000019aef519ce3400ff8d32f519ce3400fe1
00000b9e6c30ac231c27f022618faf5cdce0001e6c30ac231c27f03e6c386b980967f021
00000b9e6c30ac231c27f03e6190af431ce7f01c61902f433ceff80ff0102f433ceff805
00000b9e6c30ac231c27f03e6190af431ceff0026c2fac3cdc30002ff00fac3cdc2ff005
00000b9e6c30ac231c27f022618faf5cdcf00006618eaf5c9ce01018deceaf5c9ce01001
00000b82618faf5cdce80002618faf5cdce00002618faf5cdce80002618ff00ff0080005
00000b82618faf5cdce8001e6190af431ce7f01e6c30ac231c2ff03e6c386e980a0ff811
00000b82618faf5cdce8001e6190af431ceff0019aef519ce3500ff8d32f519ce34ff001
00000b82618faf5cdce80002618faf5cdcf000066c2eac3c9c2010266c2ff00ff0001025
00000b9a6191af435ce7e002618faf5cdce0001a6191af435ce7e01a61996e984a07e001
00000b9a6191af435ce7e01e6190af431ce7f00a618daf5c5ce8200ff00daf5c5ce82105
00000b9a6191af435ce7e01e6190af431ceff002618faf5cdce0000ff00faf5cdceff005
00000b9a6191af435ce7e002618faf5cdcf0001e6190af431ce7f01e61996e984a07f001
00000b999af15183634fefe2618faf5cdce000199af15183634feff99af91138516fefe1
00000b999af15183634feffe6190af431ce7f01c61902f433ce7f80ff0102f433cefefe5
00000b999af15183634feffe6190af431ceff0026c2fac3cdc20002ff00fac3cdc2ff005
00000b999af15183634fefe2618faf5cdcf0001e6c30ac231c27f03e6c3911385167f021
00000b9e6190af431ceff002618faf5cdce0001e6190af431ceff01e61986e980a0ff811
00000b9e6190af431ceff01e6190af431ce7f002618faf5cdcf0000ff00faf5cdceff005
00000b9e6190af431ceff01e6190af431ceff0019aef519ce3400feff00f519ce34ff005
00000b9e6190af431ceff002618faf5cdcf00002618faf5cdce80018d32faf5cdceff811
00000b9c61902f433ceff802618faf5cdce0001c61902f433ceff81c6197ee982a0ff801
00000b9c61902f433ceff81e6190af431ce7f0026c2fac3cdc30002ff00fac3cdc2ff805
00000b9c61902f433ceff81e6190af431ceff006618eaf5c9ce0100ff00eaf5c9ceff805
00000b9c61902f433ceff802618faf5cdcf0001a6191af435ce7e01a6197ee982a0ff801
00000b9e6c30ac231c2ff022618faf5cdce0001e6c30ac231c2ff03e6c386b98096ff811
00000b9e6c30ac231c2ff03e6190af431ce7f0019aef519ce3500feff00f519ce34ff815
00000b9e6c30ac231c2ff03e6190af431ceff0066c2eac3c9c20102ff00eac3c9c2ff815
00000b9e6c30ac231c2ff022618faf5cdcf000199af15183634feff99af86b98096ff811
00000b8a618daf5c5ce82002618faf5cdce0000a618daf5c5ce8200a618ff00ff0082005
00000b8a618daf5c5ce8201e6190af431ce7f002618faf5cdce0001ff00faf5cdce82005
00000b8a618daf5c5ce8201e6190af431ceff01e6190af431ce7f01ff0166e978a0ff005
00000b8a618daf5c5ce82002618faf5cdcf0001e6190af431ceff01e618ff00ff00ff005
00000b9c61902f433ce7f802618faf5cdce0001c61902f433ce7f81c6197ee982a07f801
00000b9c61902f433ce7f81e6190af431ce7f0026c2fac3cdc20002ff00fac3cdc27f805
00000b9c61902f433ce7f81e6190af431ceff01e6c30ac231c27f02ff010ac231c2ff005
00000b9c61902f433ce7f802618faf5cdcf0001c61902f433ceff81c6197ee982a0ff801
00000b82618faf5cdcf00002618faf5cdce00002618faf5cdcf00002618ff00ff0100005
00000b82618faf5cdcf0001e6190af431ce7f0019aef519ce3400ff8d32f519ce3400fe1
00000b82618faf5cdcf0001e6190af431ceff002618faf5cdce80018d32faf5cdceff811
00000b82618faf5cdcf00002618faf5cdcf0001e6c30ac231c2ff03e6c2ff00ff00ff815
00000b826c2fac3cdc300022618faf5cdce000026c2fac3cdc3000226c2ff00ff0100025
00000b826c2fac3cdc30003e6190af431ce7f006618eaf5c9ce01018deceaf5c9ce00fe1
00000b826c2fac3cdc30003e6190af431ceff01a6191af435ce7e01a61986b98097ff001
00000b826c2fac3cdc300022618faf5cdcf0000a618daf5c5ce8200a618ff00ff0082005
00000b819aef519ce3500fe2618faf5cdce000019aef519ce3500fe19aeff00ff0100fe5
00000b819aef519ce3500ffe6190af431ce7f0066c2eac3c9c2010380d6eac3c9c200041
00000b819aef519ce3500ffe6190af431ceff0199af15183634feff99af81138117ff001
00000b819aef519ce3500fe2618faf5cdcf0001c61902f433ce7f81c618ff00ff007f805
0000020246e48ebdb91b71448dc91d7b7236e2891b923ad6e46dc53fffffffeff0000005
000002204724759fb8db8a67de48eb1821b714f04c91d60fb36e29ffffffffefedf377a1
0000024fd923ac3026dc53d802475847fdb8a7b0348eb0afcb714f5fffffffefcb714f21
0000026fa91d615056e29eb8223ac287ddc53d704475850fbb8a7affffffffefbb8a7ae1
0000028ff8eb0a300714f5dfc1d614403e29ebb833ac28a7cc53d75fffffffe7cc53d741
0000021c27585163d8a7ae801eb0a2ffe14f5d083d6145d7c29eba3ffffffffbcaac74a1
000002314ac28baeb53d74401585177fea7ae8884b0a2ed7b4f5d13fffffffffefffffe5
0000025a26145d85d9eba2645c28bb3ba3d744c01851767fe7ae899fffffffffe7ae89a1
0000026fd0a2ecf02f5d131ff145d9e00eba2618328bb3c7cd744c3fffffffe7cd744c21
00000290351767afcae89847fa2ecf5805d130b0445d9e8fbba2617fffffffffddc87f81
0000020fb8bb3d304744c2d801767a47fe8985b672ecf4a98d130b5fffffffe98d130b41
0000022cf5d9e9730a261689ebb3d2d6144c2d204767a59fb8985a7fffffffffb8985a41
00000247decf4b182130b4f04d9e960fb26169e7fb3d2c3804c2d3dfffffffffe3bf74a1
0000027d267a5842d985a7aa5cf4b095a30b4f6049e9611fb6169effffffffffb6169ee1
00000287f3d2c2380c2d3dd027a5844fd85a7bafef4b089010b4f77ffffffffff0000005
0000021fae9611005169eef7fd2c222802d3ddd02a58444fd5a7bbbfffffffefd5a7bba1
0000022ff4b088b00b4f775809611167f69eee9112c222ceed3ddd3fffffffeeed3ddd01
00000240358445bfca7bba4fdb088b7024f7749ff61116e009eee91fffffffe8015a1fc1
0000027ffc222de003ddd21848445be7b7bba4102088b7cfdf77483fffffffefdf774841
0000028821116fb7deee90516222df4e9ddd20a03445bebfcbba415fffffffffcbba4301
00000208088b7d77f77482901116faefeee9050fc22df5d03dd20a3ffffffffff0000005
00000238145beb87eba4147be8b7d724174828c7d16fae782e90519ffffffff82e905161
0000024fa2df5cf05d20a30015beb9ffea4146083b7d73d7c4828c3fffffffe857dbad21
0000027d76fae7828905186aedf5cf35120a30c01beb9e7fe414619fffffffffe4146181
00000287c7d73cf83828c3173fae79c8c051862e7f5cf39180a30c7ffffffff908a3dbe1
000002004eb9e71fb14618e7ed73ce18128c31f04ae79c0fb51863ffffffffefd94c5021
0000022fc5cf38103a30c7f7eb9e700814618ff0473ce00fb8c31fffffffffefb8c31fc1
0000024fde79c03021863fdffcf38060030c7f9fd9e700e02618ff1fffffffe02618fee1
0000027fe3ce01c01c31fe38279c03a7d863fc502f38074fd0c7f8bfffffffefd0c7f8c1
000002882e700e97d18ff1704ce01d0fb31fe2efb9c03a30463fc5dfffffffff94fdee81
0000021fc38074403c7f8bb83700e8a7c8ff1750ee01d14f11fe2ebfffffffef11fe2ea1
000002204c03a29fb3fc5d6fa807451057f8bafff00e8a200ff175dfffffffe81df17741
0000025fd01d14602fe2eb98403a28c7bfc5d73a207451a5df8bae5fffffffe5df8bae41
0000026010e8a37fef175c8fd1d146f02e2eb91ff3a28de00c5d721fffffffe82d534c21
0000029837451bc7c8bae4351e8a378ae175c86a3d146f35c2eb90dfffffffeabafc9ec1
000002046a28de7b95d72188d451bcf72bae4301b8a379de475c863ffffffffe475c8621
000002237146f39c8eb90c66f28de7390d7218c0251bce5fdae431bfffffffffdae43181
0000024fda379cb025c8635fa46f39405b90c6b828de7287d7218d7fffffffe7d7218d41
0000027041bce50fbe431ae7e379ca181c8635f9c6f39426390c6bdfffffffffeaf9a361
000002839de7285c6218d7a03bce50bfc431af47f79ca15808635ebfffffffeff0000005
000002103f3942afc0c6bd47fe728558018d7ab28ce50aad731af55fffffffffd2678101
0000022509ca155af635eaa043942a9fbc6bd56fd728553028d7aadfffffffefefffffe5
000002581e50aa67e1af55901ca154efe35eab0fd942a9f026bd561fffffffefd568d8a1
0000027ff28553e00d7aac1fe50aa7c01af558381a154f87e5eab07fffffffe7e5eab081
00000295442a9f0abbd560e038553e3fc7aac1cfa0aa7c505f5583bffffffffff0000005
0000021fa154f8805eab0777d2a9f1082d560ef9f553e2060aac1dffffffffe60aac1de1
000002203aa7c43fc5583bc8054f8857fab077b03a9f10afc560ef5fffffffefdc7ddd21
00000248053e2177fac1de9e2a7c42c1d583bd2c44f885b3bb077a5ffffffff3bb077a61
0000026889f10b77760ef48013e216ffec1de90847c42df7b83bd21fffffffef7361b421
000002902f885bcfd077a4281f10b797e0ef48704e216f0fb1de90ffffffffffb0fd42a1
00000207fc42de3803bd21d01885bc6fe77a4388410b78d7bef4873ffffffffff0000005
0000023b7216f1848de90e60442de31fbbd21cefc85bc61037a439fffffffffc5a010881
0000025fd0b78c202f4873dff16f18600e90e79fe2de30c01d21cf3fffffffe01d21cf21
0000027825bc61a7da439e5c6b78c34394873ca8c6f186b7390e795ffffffff7390e7921
000002801de30d7fe21cf2884bc61ad7b439e536178c3589e873ca7fffffffefa6e5b9a1
0000020c3f186b33c0e794c86e30d67791cf29802c61acdfd39e533fffffffffd39e5321
0000022828c359b7d73ca6502186b34fde794cafb30d66b04cf2995fffffffffc620f0c1
00000257f61acd4809e532b04c359a8fb3ca656fd86b35302794cadfffffffefd003dee1
0000027fa0d66a405f2995bff1acd4a00e532b580359a967fca6569fffffffe7fca656a1
00000299a6b352c6594cad235d66a59ca2995a604acd4b1fb532b4ffffffffffb532b4e1
0000020ff59a96300a6569d81b352c67e4cad395266a58cad995a73fffffffead995a721
0000022a5cd4b195a32b4e64b9a9631b46569ce03352c63fccad39dfffffffffccad39a1
0000024fe6a58c50195a73b83d4b18a7c2b4e7502a96314fd569cebfffffffefd569ce81
00000268352c62b7cad39d501a58c56fe5a73a8fe4b18ad01b4e753fffffffffc2271081
00000298296315a7d69cea5312c62b6ced39d480258c56dfda73a93fffffffffda73a921
0000020fdb18adb024e75257f6315b4809cea4b04c62b68fb39d497fffffffefb39d4961
00000227e8c56d38173a92d0218ada4fde7525a83315b4b7ccea4b5fffffffffefffffe5
00000255b62b694a49d496a04c56d29fb3a92d67d8ada51827525afffffffffff0000005
00000270315b4a2fcea4b5cfd2b694702d496b97c56d28e83a92d71fffffffe8371164a1
0000029d2ada51e2d525ae0a55b4a3d5aa4b5c203b6947bfc496b85fffffffffc496b841
0000020fe6d28f50192d70b83da51ea7c25ae1551b4a3d4ae4b5c2bfffffffeae4b5c2a1
0000022a36947ab5c96b85401d28f57fe2d70a884a51ead7b5ae153fffffffedbdee9b61
0000025044a3d58fbb5c2a67e947ab3816b854d0228f564fdd70a9bfffffffffc2d28b01
0000026fb51eacb04ae153580a3d5967f5c2a690247ab2cfdb854d3fffffffefdb854d21
0000028fe8f56590170a9a77e1eacb281e1534d013d5966fec2a699fffffffefec2a6981
0000020847ab2cd7b854d33b2f5659a4d0a9a6402eacb35fd1534cbfffffffffd1534ca1
000002283d5966b7c2a699501ab2cd6fe54d328845659ad7ba9a653fffffffffb8d4a5c1
000002559acb35aa6534ca4b35966b74ca6994802b2cd6dfd4d3293fffffffffd4d32941
0000026fc659ad9039a6527fccb35b00334ca4fff966b620069949dfffffffe0069949c3
0000029812cd6c67ed329390259ad8cfda6527281b35b197e4ca4e7fffffffefd8156321
00000210366b632fc9949cc80cd6c657f32939b039ad8cafc652735fffffffffb09fdfa1
0000022fb35b19704ca4e697c6b632e83949cd163d6c65e9c2939a1fffffffe9c29399e1
000002401ad8cbffe527340845b197f7ba4e68102b632fcfd49cd03fffffffefd8f5bbc1
0000026fd6c65fb02939a0580d8cbf67f273409cbb197ee344e6811fffffffe344e68101
000002802632fddfd9cd022fbc65fbb0439a045808cbf767f734089fffffffe8314127e1
000002102197eecfde681128232fddb7dcd02250265fbb4fd9a044bfffffffefc7dfb541
0000022fccbf769033408977d97eed08268112f042fdda0fbd0225ffffffffefbd0225c1
0000024fa5fbb4105a044bf7ebf76808140897f767eed00898112fffffffffe898112fc1
0000026edfdda03120225fc01fbb407fe044bf8fcf7680d030897f3fffffffe91067b301
000002982eed01a7d112fe5d0dda0342f225fca04bb4069fb44bf97fffffffffb44bf961
00000207e7680d381897f2d01ed01a6fe12fe58fbda034f0425fcb1ffffffffff0000005
0000023fcb4069c034bf963fd680d3a0297f2c5fad01a74052fe58bfffffffe052fe58a1
0000025fea034e8015fcb177d4069d082bf962f0380d3a2fc7f2c5dfffffffefc7f2c5c1
0000026fd01a74702fe58b9fb034e8e04fcb17183069d1c7cf962e3fffffffe7cf962e21
0000029030d3a3afcf2c5c4fb1a747704e58b897c34e8ee83cb1711fffffffe82bd2ddc1
00000210269d1dcfd962e2281d3a3b97e2c5c47a3a747705c58b88ffffffffffcdc90781
0000022474e8ee1b8b1711e8e9d1dc17162e23e1d3a3b83e2c5c47dffffffffe2c5c47a1
00000243b747705c48b88fa77e8ee0b881711f401d1dc17fe2e23e9fffffffffe2e23e81
0000026faa3b82d055c47d3814770587eb88fa7038ee0b2fc711f4dfffffffefc711f4c1
0000028811dc1677ee23e99c13b82ce3ec47d300277059dfd88fa63fffffffffd88fa621
0000020fdee0b3b0211f4c5fbdc16760423e9897cb82cee8347d311fffffffe8347d3101
0000023027059dcfd8fa62281e0b3b97e1f4c47b3c167704c3e988ffffffffffcc082521
00000246782cee3987d311c02059dc5fdfa623afa0b3b8905f4c477fffffffefefffffe5
0000027fb16771204e988ed812cee267ed311d90259dc4cfda623b3fffffffefda623b41
0000028fab3b899054c4767ff67713200988ecd80cee2647f311d9bfffffffe7f311d9a1
0000021e29dc4c81d623b36c43b89913bc4766e897713237688ecddffffffff7688ecdc1
000002213ee2647ec11d9b802dc4c8dfd23b37282b8991b7d4766e5fffffffefefffffe5
000002502713234fd8ecdcafae26469051d9b977dc4c8d0823b372fffffffff831f51e41
0000027c88991a237766e5c01132347feecdcb8fb26468f04d9b971ffffffffb7686f761
0000029fb4c8d1e04b372e184991a3e7b66e5c10232347cfdcdcb83fffffffefdcdcb821
0000020fb6468fb049b9705fbc8d1f604372e097c91a3ee836e5c11fffffffe836e5c101
0000023a32347dc5cdcb82247468fbbb8b97044018d1f77fe72e089fffffffffe72e0881
00000247c1a3eef83e5c1113e347ddec1cb82200268fbbdfd970443fffffffffd9704441
0000026ffd1f77b002e088580a3eef67f5c1109ee47ddec11b82213fffffffe11b821d41
0000028048fbbd9fb7044267e1f77b381e0884d773eef6488c1109bfffffffefe59a1ec1
0000020ef7ddecb1082213401fbbd97fe044268fcf77b2d030884d3fffffffe8f888de21
000002382eef65a7d1109a502ddecb4fd22134a82bbd9697d442697fffffffefb35617e1
0000025d977b2d226884d2cb2ef65a54d109a5a03decb4bfc2134b5fffffffffc2134b61
0000026ffbd969700426969fd7b2d2e0284d2d1fbf65a5e0409a5a1fffffffe0409a5a01
0000029fbecb4be04134b4184d9697e7b26968101b2d2fefe4d2d01fffffffefe4d2d001
0000020fe65a5fd019a5a03fdcb4bfa0234b4057f9697f48069680bfffffffe8069680a1
0000023032d2feafcd2d014fd5a5fd702a5a029fab4bfac054b4053ffffffff80806a1c1
0000025fb697f5a049680a57fd2feb4802d014b04a5fd68fb5a0297fffffffefb5a02961
0000026fe4bfad101b4052f7e97f5a081680a5ff52feb400ad014bffffffffe0acb4a4e1
0000028045fd681fba0297e7ebfad01814052ff037f5a02fc80a5fdfffffffefe6486e21
0000020fefeb40501014bfb83fd680a7c0297f502fad014fd052febfffffffefd052fea1
000002282f5a0297d0a5fd7a0eb40505f14bfae03d680a3fc297f5dfffffffffc297f5c1
000002481ad01477e52feb9015a028efea5fd70fbb4051f044bfae1fffffffffe1766401
0000027fd680a3e0297f5c1ffd0147e002feb81fda028fe025fd701fffffffe025fd7021
0000029fe4051fc01bfae03fc80a3f8037f5c077d0147f082feb80ffffffffe82feb80e1
000002104028fe0fbfd701e7e051fc181fae03f030a3f82fcf5c07dfffffffffe7ae6ce1
0000022fb147f0704eb80f97c28fe0e83d701f10251fc1cfdae03e3fffffffefdae03e01
000002481a3f8397e5c07c7f847f07207b80f8cf08fe0e50f701f1bffffffff0f714a3c1
0000026e01fc1c91fe03e36c13f83933ec07c6c837f07257c80f8dbffffffff7c80f8d81
000002807fe0e4bf801f1b401fc1c97fe03e36884f8392d7b07c6d3fffffffeff0000005
000002103f0725afc0f8da47fe0e4b5801f1b4be4c1c96a1b3e3695fffffffffd308cbe1
0000022c98392d5367c6d2a040725a9fbf8da56fd0e4b5302f1b4adfffffffeb3771dae1
0000025fa1c96a405e3695bff392d4a00c6d2b5ff725a96008da569fffffffe008da5683
0000027fde4b52e021b4ad1fbc96a5e043695a18492d4be7b6d2b41fffffffe7b6d2b421
0000029d425a97c2bda5682a94b52fb56b4ad045296a5f7ad695a09ffffffffad695a081
0000020a52d4bef5ad2b410015a97dffea56820fcb52fbd034ad043fffffffeda801ff81
0000023fe6a5f780195a0877ed4bef2812b410dbea97de44156821bfffffffe4156821a1
00000240352fbcbfcad043480a5f7977f5a0869f74bef2e08b410d1fffffffefd21f2e21
00000260197de5ffe6821a0842fbcbf7bd04341015f797efea08681fffffffefec9583a1
0000028fdbef2ff02410d01847de5fe7b821a0101fbcbfefe043401fffffffefe0434001
000002084f797ff7b08680102ef2ffcfd10d00281de5ff97e21a007fffffffff919c5561
00000235fbcbff0a043400e04797fe1fb86801e7ef2ffc1810d003ffffffffffefffffe5
000002504e5ff80fb1a007effcbff03003400fdff97fe06006801f9ffffffff7aca497a1
0000027fc2ffc0c03d003f3fd5ff81a02a007e57fbff03480400fcbfffffffe80400fcc1
0000029037fe06afc801f94faffc0d505003f2bffff81aa00007e55ffffffff82807e5a1
0000021feff03540100fcab82fe06a87d01f95706fc0d52f903f2adfffffffef903f2ac1
000002202f81aa5fd07e55a83f0354b7c0fcab501e06a96fe1f9569fffffffefe3118321
0000024fdc0d52f023f2ad1fa81aa5c057e55a3ff0354ba00fcab45fffffffe00fcab423
0000027fd06a97602f95689fa0d52ec05f2ad13ff1aa5da00e55a25fffffffe00e55a263
0000029ff354bb600cab449fe6a976c01956893fcd52ed8032ad127fffffffe032ad1261
00000217eaa5db28155a24d5d54bb66a2ab4498bba976cf44568931fffffffea51d18a01
00000227652ed9f89ad1260eda5db3d125a24c2db4bb67924b44987ffffffff24b2055c1
000002404976cf1fb68930efd2ed9e302d1261d805db3c47fa24c3bfffffffe8074f04e1
000002704bb6788fb4498767d76cf11828930ef04ed9e20fb1261dffffffffffed03fda1
00000287fdb3c438024c3bd01b67886fe498778846cf10d7b930ef3ffffffffff0000005
0000021f1d9e21a0e261de402b3c435fd4c3bca826788697d987797ffffffff8c7db6a61
000002304cf10d0fb30ef2efb9e21a30461de5dfc3c434403c3bcbbffffffff80a582aa1
00000258378868a7c87797502f10d14fd0ef2eafee21a29011de5d7fffffffefa9e558e1
00000277dc43450823bcbaf038868a2fc77975cfd10d14702ef2eb9fffffffeff0000005
00000297c21a28e83de5d71a243451c5dbcbae204868a39fb7975c7fffffffffb7975c61
0000020ff0d147300f2eb8dfc1a28e403e5d71bfd3451ca02cbae35fffffffe02cbae341
00000238068a3967f975c69a3d1472e5c2eb8d047a28e5fb85d71a1ffffffffb85d719e1
000002401451cbffebae340838a397d7c75c683391472f8c6eb8d07fffffffefc4352441
00000267228e5f18dd71a0ee551cbe31aae341c01a397c7fe5c6839fffffffffe5c68361
0000028fd472f8f02b8d071838e5f1c7c71a0e3031cbe3afce341c5fffffffefce341c41
000002080397c777fc683897c72f8ee838d0710f8e5f1df071a0e21ffffffff846073421
000002202cbe3bdfd341c428297c77b7d683885022f8ef4fdd0710bfffffffefe1e69fc1
0000024835f1deb7ca0e2151dbe3bd6e241c4283b7c77adc4838853ffffffffe005fd761
000002603f8ef5bfc0710a4fdf1deb7020e2149fee3bd6c011c4293fffffffe7f1595c21
000002981c77ad87e3885277a8ef5b285710a4c011deb67fee21499fffffffffee214981
00000207c3bd6cf83c429310177ad9efe885260ffef5b3f0010a4c1ffffffffff0000005
0000023fedeb67c01214983fabd6cf805429307fe7ad9f00185260ffffffffe0185260e1
00000257ff5b3e2800a4c1db3eb67c44c14983a67d6cf8998293077ffffffff982930761
000002604ad9f11fb5260eefb5b3e2304a4c1ddfbb67c46044983b9fffffffe811613a41
0000029846cf88c7b93077304d9f118fb260ee6fdb3e233024c1dcdfffffffef7cef2021
0000021fe67c46401983b9bfacf88c8053077377e9f11928160ee6dfffffffe8160ee6c1
0000023013e2326fec1dcd8847c464d7b83b9b303f88c9afc077365fffffffefa7476641
0000024faf11935050ee6cb83e2326a7c1dcd9502c464d4fd3b9b2bfffffffefd3b9b281
0000026fe88c9a9017736577e11935281ee6cad932326a66cdcd959fffffffe6cdcd9581
000002802464d4dfdb9b2b2fb8c9a9b04736565fa19353405e6cacbfffffffe834066741
0000021fb326a6a04cd9595fb64d4d6049b2b297cc9a9ae83365651fffffffe833656501
0000023a993535e566caca05326a6bdacd95942044d4d79fbb2b287fffffffffbb2b2861
00000247d9a9af18265650f9a3535e265caca1c356a6bc7ca959439ffffffffca95943a1
000002602d4d78dfd2b2872ffa9af1b005650e57f535e3480aca1cbfffffffe80df10da1
00000295ea6bc68a1594396044d78d1fbb2872e7e9af1a181650e5fffffffffff0000005
0000021f135e3420eca1cbc016bc687fe943978fed78d0d012872f3ffffffff8e69ae181
000002382af1a1a7d50e5e5015e3436fea1cbc87cbc686f83439791fffffffefd12e9521
00000250178d0defe872f2084f1a1bf7b0e5e41a1e3437c5e1cbc83fffffffffa9d23ba1
000002604c686f9fb397906fe8d0df10172f20f7f1a1be280e5e41dfffffffe810f55a41
0000029013437c6fecbc83884686f8d7b97907303d0df1afc2f20e5fffffffefae084d21
0000020fea1be35015e41cbfa437c6805bc8397ff86f8d20079072dfffffffe0079072c3
0000023810df1a67ef20e59f11be34c0ee41cb2e337c69b1cc83965ffffffff1cc832081
0000024026f8d35fd9072cafbdf1a6b0420e59580be34d67f41cb29fffffffe82ec21a61
0000027027c69acfd83965281f8d3597e072ca7d3f1a6b02c0e594ffffffffffc8e73061
0000028a6e34d63591cb29c4dc69ac7b2396538028d358dfd72ca73fffffffffd72ca721
0000020fe1a6b1901e594e77e34d63281cb29cd0169ac66fe965399fffffffefe9653981
0000022fdd358cf022ca731fea6b19c01594e63fd4d633a02b29cc5fffffffe02b29cc21
0000025fa9ac6740565398b83358cea7cca73158c6b19d67394e629fffffffe7394e6281
000002619d633afe629cc5002ac675dfd5398a2fe58ceb901a73147fffffffeff0000005
00000297db19d70824e628f04633ae0fb9cc51e7fc675c380398a3dfffffffeff0000005
0000021758ceb868a7314780219d70dfde628f2fc33ae1903cc51e7ffffffffff0000005
00000237e675c328198a3cd02ceb864fd31479a829d70c97d628f37fffffffefefffffe5
0000025033ae192fcc51e6cff75c327008a3cd984eb864c7b1479b3ffffffff7da43dc41
000002786d70c987928f3660cae1933f351e6cc025c3265fda3cd9bfffffffffda3cf201
0000028fbb864cb04479b357f70c994808f366bc9e19328361e6cd7fffffffe361e6cd61
000002003c32653fc3cd9acfb864ca70479b359fb0c994e04f366b1fffffffe81d37a881
00000238319329c7ce6cd630332653afccd9ac48064ca777f9b3589fffffffefab6e3121
000002502c994ecfd366b12fe9329d9016cd627fd2653b202d9ac4dffffffff7fba63ea1
0000027814ca7667eb35899a7994ece5866b1304e329d9db1cd6263ffffffffb1cd62601
00000289d653b39629ac4c604ca7671fb35898efa94ece1056b131ffffffffedef0ac3a1
00000217f29d9c280d6263dd953b38626ac4c7801a7670ffe5898f1fffffffffe5898f01
0000022844ece1f7bb131e1ce9d9c3c316263c2033b387bfcc4c785fffffffffcc4c7841
0000024fe7670f501898f0b83ece1ea7c131e15e1d9c3d41e263c2bfffffffe1e263c281
000002604b387a9fb4c78567e670f538198f0ad01ce1ea6fe31e159fffffffeff0000005
00000287c9c3d4f8363c2b13d387a9ec2c785600270f53dfd8f0ac3fffffffffd8f0ac21
0000020fde1ea7b021e1585ffc3d4f6003c2b097c87a9ee83785611fffffffe837856101
0000023020f53dcfdf0ac22fb1ea7bb04e158457f3d4f7480c2b08bffffffff839a99441
00000254f7a9eeab085611402f53dd5fd0ac22affea7bab00158455ffffffffff0000005
0000027ffd4f756002b08a97ca9eeae83561151ee53dd5c11ac22a3fffffffe11ac263c1
0000028dda7bab922584546ba4f757345b08a8c019eeae7fe611519fffffffffe6115181
0000020ff3dd5cf00c22a31ff7bab9e00845461fff7573e0008a8c1fffffffe0008a8c03
000002384eeae7e7b11518101dd5cfefe22a30084bab9ff7b454601fffffffefa364c581
0000025017573fefe8a8c0084eae7ff7b151801e7d5cffc182a3003fffffffffaab0e7a1
000002604ab9ff9fb546006ff573ff300a8c00dffae7fe600518019fffffffe7cc0bcb81
0000029fe5cffcc01a3003381b9ff987e4600670473ff30fb8c00cffffffffefb8c00ce1
0000020fde7fe630218019dffcffcc6003003397c9ff98e83600671fffffffe836006701
0000023023ff31cfdc00ce2827fe63b7d8019c501ffcc76fe003389fffffffefd5856f41
00000247cff98ef8300671102ff31dcfd00ce22fafe63b905019c47ffffffffff0000005
0000027fafcc7700503388f7ff98ee28006711d8ef31dc4710ce23bfffffffe710ce23c1
000002804e63b89fb19c476facc7711053388effa98ee20056711dffffffffe81527d501
0000021fe31dc4001ce23bffa63b880059c477fffc7710200388efdfffffffe00388efc3
0000023fe8ee20401711dfbfb1dc40a04e23bf5fb3b881604c477e9fffffffe04c477e81
0000025fa77102c0588efd381ee20587e11dfa720dc40b2df23bf4dfffffffedf23bf4c1
000002602b88165fd477e9afa7102c9058efd377de20590821dfa6ffffffffe8446b3fc1
000002905c40b22fa3bf4dc0b881645f477e9ba04102c89fbefd377ffffffffff0000005
0000020fb20591304dfa6edfc40b22403bf4ddb828164487d7e9bb7fffffffe7d7e9bb61
00000230402c890fbfd376efc05912103fa6edfff0b224200f4ddbdffffffff80f7ae0a1
0000025811644867ee9bb79442c890cbbd376f28959121b76a6ede5fffffffebbbf22421
000002601b22437fe4ddbc87c64486f839bb79148c890dcb7376f23fffffffeff0000005
0000028909121b96f6ede4621224373deddbc8c434486e5bcbb791bfffffffecf5650f61
000002086890dcb7976f23402121b95fdede46a822437297ddbc8d7fffffffef869af7c1
000002303486e52fcb791acfa90dca5056f235b8221b9487dde46b7ffffffff8333ba281
0000025b943729046bc8d6e0386e523fc791adc800dca457ff235bbffffffffc4476d761
0000027ca1b948835e46b76943729116bc8d6ee036e5223fc91adddfffffffffc91addc1
000002881dca4477e235bb9a4b9488c5b46b7720372911bfc8d6ee5fffffffffc8d6ee41
000002080e522377f1addc922ca446cdd35bb92449488d9bb6b7727ffffffffdd563cf41
0000022882911b377d6ee4c02522365fdaddc9afba446cb045bb935fffffffef68b61921
00000257f488d9480b7726b04911b28fb6ee4d6fa22365105ddc9affffffffefd3ae7321
0000027ff446ca200bb935d8088d9447f7726bbd911b28a26ee4d75fffffffe26ee4d761
000002801236517fedc9ae87c46ca2f83b935d1028d945cfd726ba3fffffffeff0000005
0000020821b28bb7de4d74528365174d7c9ae8a036ca2ebfc935d15fffffffffc935d141
000002280d945d77f26ba2945b28bacba4d74528b65175b749ae8a5ffffffffba7fe6101
000002401ca2eb7fe35d14884945d6d7b6ba2935d28bad8a2d74527fffffffefab814801
0000026ba5175b145ae8a4e04a2eb61fb5d149efd45d6c302ba293dfffffffec2258a9e1
0000029818bad867e74527902175b0cfde8a4f2fd2eb61b02d149e5fffffffefd63568c1
00000217f5d6c3480a293cb6cbad868934527960475b0d1fb8a4f2ffffffffffb8a4f2e1
00000227eeb61a181149e5f04d6c340fb293cbe7fad86838052797dfffffffffd412d5c1
0000025865b0d0479a4f2fa0db61a09f249e5f6036c3413fc93cbedfffffffffc93ce0c1
000002681d868277e2797d902b0d04cfd4f2fb2fb61a09b049e5f65fffffffffc8306c61
0000029fbc34136043cbec97c86826e83797d91020d04dcfdf2fb23fffffffefdf2fb221
0000020821a09bb7de5f64502341374fdcbec8aff6826eb0097d915fffffffffcb488c81
000002380d04dd67f2fb22901a09baefe5f6450fc41375d03bec8a3fffffffefea0dc441
000002582826eba7d7d91456e04dd7691fb2288dd09baed22f64513fffffffe9079f1141
0000026ba1375d945ec8a260326ebb3fcd9144cfa4dd76505b2289bfffffffec3c719281
0000029839baeca7c64513501375d96fec8a268846ebb2d7b9144d3fffffffefc3dc9581
0000021bbdd765a442289a476baecb58945134aec75d969138a2697ffffffff4e70eea21
0000022d9ebb2d126144d2e04d765a1fb289a5e7eaecb41815134bffffffffea2401fd81
0000025cb5d968234a2697c02bb2d05fd44d2fafa765a090589a5f7ffffffffb309732c1
00000277decb41082134bef03d96822fc2697dcfab2d045054d2fbbfffffffeff0000005
0000029fe65a088019a5f777ecb41128134beed02968224fd697ddbfffffffefd697dda1
0000020832d044b7cd2fbb5025a0894fda5f76afab41129054beed7fffffffffb80dda01
0000023fb6822520497ddad80d044a47f2fbb5b04a08948fb5f76b7fffffffefb5f76b61
0000024fc41129103beed6f7e822520817ddadf25044a40dafbb5bffffffffedafbb5bc1
000002604089481fbf76b7e7f11290380eed6fd02225204fdddadfbfffffffefee21d0a1
0000028fb44a40b04bb5bf5808948167f76b7e90212902cfded6fd3fffffffefded6fd21
00000208225205b7ddadfa5204a40b4dfb5bf4a40948169bf6b7e97ffffffffde96014c1
0000022812902d37ed6fd2c025205a5fdadfa5a03a40b4bfc5bf4b5fffffffefcbb1e261
00000247f48169580b7e96b16902d2ae96fd2d42d205a57d2dfa5a9ffffffffeb3c08f61
00000260140b4affebf4b508381695d7c7e96a36902d2b896fd2d47fffffffefc4e3cca1
00000280405a571fbfa5a8e7f0b4ae380f4b51d021695c4fde96a3bfffffffefeec4ce21
0000020832d2b8b7cd2d4752b5a5714d4a5a8ea04b4ae29fb4b51d7fffffffffb4b51d61
00000227e695c538196a3ad5cd2b8a6a32d4758b8a5714f475a8eb1ffffffffa5de8fc41
0000024714ae29f8eb51d60e295c53d1d6a3ac2c52b8a793ad47587ffffffff3ad46bde1
0000026035714f3fca8eb0c81ae29e77e51d619015c53cefea3ac31fffffffefee9c44a1
0000028ffb8a79f0047586184714f3e7b8eb0c101e29e7efe1d6181fffffffefe1d61801
000002084c53cff7b3ac3013c8a79fcc37586020314f3fbfceb0c05fffffffffceb0c041
00000227f29e7f580d6180b0453cfe8fbac30167ea79fd38158602dfffffffffd89243e1
0000025024f3fa4fdb0c05afe9e7f49016180b7fd3cfe9202c3016dffffffff802ac9681
00000278179fd267e8602d9fdf3fa4e020c05b0fae7f49f05180b61ffffffff04fd0c4a1
000002802cfe93dfd3016c2829fd27b7d602d85023fa4f4fdc05b0bfffffffefe1478301
0000020837f49eb7c80b61549fe93d6b6016c2801fd27affe02d851fffffffffe02d8501
0000022fcfa4f5d0305b0a3fff49eba000b6145fce93d740316c28bfffffffe0316c2881
000002582d27ae87d2d85177aa4f5d2855b0a2c0149eba7feb61459fffffffffeb614581
0000026fa93d74d056c28b3fa27ae9805d85167fe4f5d3001b0a2cffffffffe01b0a2ce1
0000029fd9eba620261459dff3d74c600c28b39fc7ae98c03851673fffffffe038516721
000002181f5d3187e0a2ce703eba632fc1459cc80d74c657f28b39bfffffffefb1f55c61
00000234cae98cab3516734015d3197fea2ce6884ba632d7b459cd3fffffffffefffffe5
00000256374c6589c8b39a603e98cb3fc16734cfbd31967042ce699ffffffffff0000005
0000027fca632cc0359cd33fd4c659a02b39a657f98cb34806734cbfffffffe806734cc1
00000290331966afcce699480632cd77f9cd32902c659acfd39a653fffffffffad98abe1
0000020fa8cb35905734ca7fb1966b204e6994d8132cd667ecd3299fffffffe7ecd32981
000002302659accfd9a653281cb35997e34ca6735966b30ca6994cffffffffffcef06361
0000024042cd661fbd3299efd59acc302a6533d81b359867e4ca679fffffffe8013d53c1
00000275966b30ca6994cf2b3cd66194c3299e6049acc31fb6533cffffffffffb6533ce1
0000028fd35986302ca679d806b30c47f94cf3b30d66188cf299e77fffffffecf299e761
000002003acc313fc533cec805986257fa679db03b30c4afc4cf3b5fffffffefdbe65cc1
0000022ff6618970099e76984cc312c7b33ced331986258ce679da7fffffffece679da41
00000240430c4b1fbcf3b4eff618963009e769d81c312c67e3ced39fffffffe7ecc4bd41
00000270186258efe79da70830c4b1d7cf3b4e304189638fbe769c7fffffffffaf44bfa1
0000028fe312c7101ced38f7f6258e2809da71d58c4b1c4a73b4e3bfffffffea73b4e3a1
000002004896389fb769c76fb12c71304ed38ed80258e247fda71dbfffffffe81df7bc41
00000238e4b1c4a71b4e3b41c963895e369c76a382c7129c7d38ed7ffffffffd634b85c1
00000240358e253fca71dacfbb1c4a7044e3b597c63894e839c76b1fffffffe841348b01
000002789c7129e7638ed60128e253fed71dac0011c4a7ffee3b581fffffffffee3b5801
0000028843894ff7bc76b01947129fe6b8ed60001e253fffe1dac01fffffffffe1dac001
000002083c4a7fd7c3b580303894ffafc76b004fb129ff704ed6009fffffffff9cd8b641
00000237c253fee83dac0113f4a7fdcc0b580227f94ffb9806b0047fffffffec595abbc1
00000240329ff73fcd6008cfc53fee503ac011bfda7fdca02580235fffffffe8188e5761
0000027804ffb967fb00469fb9ff72e046008d0f73fee5d08c011a3ffffffff089af0521
0000028047fdcb9fb8023467dffb9718200468fb9ff72e046008d1ffffffffefe808d241
000002003fee5c3fc011a3c81fdcb877e02347902fb970cfd0468f3fffffffefd453d3a1
000002281f72e197e08d1e72eee5c30d111a3ce03dcb863fc23479dfffffffffc23479c1
0000024ffb970c700468f39fd72e18e028d1e71fbe5c31e041a3ce1fffffffe041a3cde1
0000027fdcb863e023479c1ff970c7e0068f381fc2e18fc03d1e703fffffffe03d1e7041
0000029fd5c31fa02a3ce05fab863f405479c0b8370c7ea7c8f3815fffffffe7c8f38141
000002102e18fd4fd1e702afec31fa9013ce057fc863f500379c0afffffffff7f628d761
00000237e0c7ea081f3815f7e18fd4081e702be0431fa81fbce057ffffffffffbce057c1
00000247f63f503809c0afd01c7ea06fe3815f8fd8fd40f02702bf1ffffffffff0000005
0000027ff1fa81e00e057e1833f503c7cc0afc3507ea07aaf815f85fffffffeaf815f861
0000028a0fd40f55f02bf0a40fa81ebbf057e1401f503d7fe0afc29fffffffffe0afc281
0000020faea07ad0515f85382d40f5a7d2bf0a50fa81eb4f057e14bfffffffef057e14a1
00000221e503d6be1afc29401a07ad7fe5f8528fb40f5af04bf0a51fffffffefefffffe5
0000025fc81eb5c037e14a3ff03d6ba00fc2945fd07ad7602f85289fffffffe02f852881
0000027fa0f5aec05f0a513821eb5da7de14a25013d6bb6fec29449fffffffefec2944a1
0000028847ad76d7b85289303f5aedafc0a51247feb5db58014a24bfffffffff894d7801
00000215dd6bb6aa2294494bbad76d54452892a765aeda989a51257ffffffff89a512561
0000022edb5db51124a24aedb6bb6a32494495c01d76d47fe2892b9fffffffffe2892b61
0000024faaeda8d05512573fe5db51801a24ae7fdbb6a32024495cdfffffffe024495ca1
00000278176d4667e892b9901eda8cefe12573084db519f7b24ae61fffffffefda556921
000002902b6a33cfd495cc2fd6d467b0292b98580da8cf67f257309ffffffff807368d21
000002101b519eefe4ae610836a33dd7c95cc2303d467bafc2b9845fffffffef92aaad61
0000022fca8cf750357308bfe519ee801ae61177ea33dd2815cc22dfffffffe815cc22a1
000002501467ba6feb98458fb8cf74f047308b18419ee9e7be61161ffffffff843f01dc1
00000270233dd3cfdcc22c2fd67ba7b0298458580cf74f67f308b09ffffffff8122c7681
0000029019ee9eefe611610833dd3dd7cc22c23047ba7b8fb845847fffffffffad11ac21
00000207ef74f738108b08d4fee9ee6b01161189edd3dcf6122c231ffffffffb21aa8aa1
000002202ba7b9dfd458462fc74f739038b08c77de9ee708216118ffffffffe83089c601
0000025eed3dce2112c231c02a7b9c5fd58463afa4f738905b08c77ffffffff8f93a1841
0000027fa9ee710056118effa3dce2005c231df7e7b9c40818463bffffffffe818463c01
000002903f73882fc08c77cfaee710505118efbfbdce20a04231df5ffffffff821af09c1
00000217fb9c41480463beb0373882afc8c77d47fe710558018efabfffffffefdf93d621
000002310ce20aaef31df54029c4155fd63beaafc3882a903c77d57fffffffffefffffe5
0000025fd710552028efaadfae20aa4051df55b82c415487d3beab7fffffffe7d3beab61
000002703882a92fc77d56cff10552700efaad9ff20aa4e00df55b1ffffffff7e5fdb101
00000298341549c7cbeab635482a938ab7d56c604055271fbfaad8ffffffffffbfaad8e1
0000020fb0aa4e304f55b1dfa1549c405eab63b832a938a7cd56c75fffffffe7cd56c741
0000023935527166caad8e827aa4e2fd855b1d001549c5ffeab63a1fffffffffeab63a01
000002483a938bd7c56c74338527178c7ad8e8671a4e2f38e5b1d0dffffffffc51f95601
0000026e249c5e51db63a1ac5938bcb3a6c743402271795fdd8e86bfffffffffdd8e8681
0000028824e2f297db1d0d7049c5e50fb63a1ae7e38bca181c7435ffffffffffa2d534a1
000002103717942fc8e86bc80e2f2857f1d0d7b03c5e50afc3a1af5fffffffffb034c0c1
00000227f8bca15807435ebca17942835e86bd6042f2851fbd0d7affffffffffbd0d7ae1
00000247f5e50a380a1af5d50bca146af435eb80279428dfd86bd73fffffffffd86bd741
0000026fff2851b000d7ae5ffe50a36001af5c97cca146e8335eb91fffffffe8335eb901
0000029149428deeb6bd720282851bdd7d7ae420450a379fbaf5c87ffffffffff0000005
00000207da146f1825eb90f03428de2fcbd721cfa851bc5057ae43bffffffffff0000005
0000023fa0a378805f5c877fa146f1005eb90ef7e28de2081d721dffffffffe81d721de1
0000025de51bc4021ae43be03a37883fc5c877c8046f1057fb90efbffffffff9f24e3e81
0000027038de20afc721df4801bc4177fe43be9c437882e3bc877d1fffffffffd5e0b9e1
0000028886f105d7790efa210de20bbef21df4401bc4177fe43be89fffffffffe43be841
00000207c7882ef83877d1102f105dcfd0efa2281e20bb97e1df447ffffffffff0000005
00000230bc41770f43be88e17882ee3e877d11c02105dc5fdefa23bfffffffffefffffe5
0000024fa20bb8905df44777e41771281be88ed0282ee24fd7d11dbfffffffefd7d11d81
0000026fd05dc4b02fa23b5fe0bb89401f4476bfb17712a04e88ed5fffffffe04e88ed41
0000029802ee2567fd11da9e25dc4ac1da23b52c4bb89593b4476a7ffffffff3b4476a61
0000020037712b3fc88ed4c81ee25677e11da9925dc4accda23b533fffffffefba454921
00000224ab89599b5476a6695712b336a8ed4cc2be25667d41da999ffffffffd41da9961
000002402c4accdfd3b53328289599b7d76a6650212b334fded4ccbfffffffefe3055741
0000026fb25666b04da9995fa4accd405b5332b829599a87d6a6657fffffffe7d6a66561
0000029042b3350fbd4ccaefe5666a101a9995ffaaccd40055332bfffffffff7e85b0541
00000217e599a8081a6657f9ab33502654ccafc35666a07ca9995f9ffffffffca9995f81
000002202ccd40dfd332bf28299a81b7d6657e5a833503457ccafcbfffffffefbadf8e81
00000240366a06bfc995f9480cd40d77f32bf29029a81acfd657e53fffffffefe2d60a41
00000268235035b7dcafca5026a06b4fd95f94afcd40d69032bf297fffffffffc6bf0501
00000297da81ad08257e52f1a5035a0e5afca5e03a06b43fc5f94bdfffffffffc5f94981
0000020fc40d68503bf297b8381ad0a7c7e52f5ad035a1652fca5e9fffffffe52fca5e81
00000220206b42dfdf94bd2fe0d685901f297a77e1ad0b281e52f4dfffffffe826d9bc01
00000250135a166feca5e98846b42cd7b94bd3303d6859afc297a65fffffffefad139861
00000267fad0b358052f4cb0b5a1668f4a5e99616b42cd3e94bd32dfffffffff6175b4a1
00000282c6859a5d397a65a59d0b34ba62f4cb4b3a166974c5e9969fffffffefae2f8081
00000200142cd2ffebd32d0fa859a5d057a65a3810b34b87ef4cb47fffffffe854cf07a1
000002304166970fbe9968e7e2cd2e181d32d1f0359a5c2fca65a3dfffffffffe5523661
0000024feb34b85014cb47b826697087d9968f703cd2e12fc32d1edfffffffefc32d1ea1
0000026809a5c257f65a3db5c34b848a3cb47b6b869709147968f6fffffffffa440d07a1
000002870d2e1218f2d1ede04a5c241fb5a3dbe7f4b848380b47b7dfffffffeff0000005
000003108181628fe68f6f8fefc7a0303d1edf30b34a2567ea3dbe7881628bb833b5d2e1
00000339ca512fcdb47b7cd0b8673abfe8f6f98fdc0b105031edf32fdc0b105fefffffe5
0000035054d345a7d3dbe6504563ee4fd7b7ccb02602b9b7cf6f99502602b9afbd703c01
0000037160c0164f9edf32b02d4549bfcdbe654f364ff6580b7ccaaf364ff67fefffffe5
00000390005a89efc6f9954f2c7076f00df32a8f342588c00be6550f342588d7e407f4e1
00000311c48e74a7b7ccaa1da5d98c4caf99542a67767d995f32a84a67767d8c77804dc1
00000325a2299e12ae6550b1e896597fbccaa16f7de9d7d8199542cf7de9d7aa7b591f61
0000035a1716cac5432a859082e8f0ffe6550b11e91484f7bcaa1602ab4838fd3ac056c1
000003677eec6cca19542c1f911dbcb422a8580e4efe1c185550b03f2089da585550b021
0000038df1395d10baa16071ceb7df7fb542c0efb1aadbd02a8581cfb1aadbc881b174a1
000003108f90d287e50b038333e4c02b0a160731cb0ce57fb42c0e71cb0ce57fb42c0e61
0000032fbadcaff028581cd0997c3ae7e0b039909e3d10cfe16073186564b1efe16072e1
00000351d0bf44b7b2c0e6104dbbec6fd581cc3077b2bdd7db03985077b2bddf99355061
0000037083a01e8fe6073091eb855837bc0e6131fbcfd56fb81cc271fbcfd54f933247c1
0000038f9b5acff0203984ce1a70fae04073098f982490e020e6130ff000000020e61305
00000311dc8c44e7b1cc261095ddecefe3984c11c77ebcd7b7309811c77ebccfa5cbd521
0000032d62381ca09e61301068b55c1fdcc2602ffdafdd303984c06ff80000188b4d9261
0000034f579adf60130980ef83f0dbc0261301ce2b24d2804c26038fefffffe04c260385
0000036ffa8cc020384c073099dce547e0980e6f1f7cafa801301ccff800000801301ce1
0000038f523c3a70126039b008bd11bfc4c0734e7dbf46505980e6ae7dbf4647e7d54f21
0000031017bbe9a7c301cd4803b2b661c6039ab02ba009bfcc0735503c6c241fcc073541
0000032f7b857650180e6aaf9bcf8980201cd54f5b5a76201039aaafefffffe01039aa85
000003505a718947d0735570182677afc0e6aace5c898a5051cd55ae5c898a4fa1607ec1
0000037015d671a7c39aab458769864aa73556b02216699fce6aad502216699fce6aad21
0000038fe8e9b6303cd55aaffd16094039aab56f96e977a023556acff800000023556ac1
0000030e41178a6056aad5af2eea71e00d55ab4f311186c00aab568ff00000000aab5687
0000032fcee668a83556ad15b109b406aaad5a3a4ed60d7d555ab47d9073c63d555ab441
0000035031697fffcab568cf8e179af0256ad18ff0ea50e83ad5a30ff80000083d11a991
000003798d11c485a5ab461076e6ec5fdb568c304108bdb7d6ad184214cdfd9d92831e21
000003906ed41e6fdd5a30b0316d59d7cab461508e1fd6afe568c2908e1fd6afe258eb01
00000311f0fac877bad185300d30f5cfc5a30a50f6a48eb7fb461490f6a48ebf92222341
00000330418c784fd68c29306fdd9597dd18524e737e4e285a30a4ae737e4e3fc4802841
00000351ca39f97fb461496f78b697d818c292d09da84acfe18525995441214fefffffe5
0000036fd795f098330a4b1043ee844fd61496306b186d97dc292c582d61a6ffefffffe5
0000038bbaf5be09285258b1d92e191fb0a4b16f9e995718214962ef9e99571ff0000005
00000311d1f7cb4fb292c5ee0f2af39045258bcff29082003a4b17aff8000018088c3971
0000033049e46127d4962f77bf0da746292c5ef012de2bffc258bdc006421e5fc258bda3
0000034e097932f044b17b8e3e3700e04962f70e10ab64c042c5ee0fefffffe042c5ede5
00000371cd93ac87b58bdc1077e23c2fdb17b83083011d77e62f707083011d4fa23dfa21
000003902ac75fcfcc5ee0cf394bda9008bdc191de52d027b17b8337752b3cf7daa0efa1
00000311d060c54fb2f7066f0c04ef9005ee0cd0f4ccba07fbdc19b8ecae6687fa1a42c1
00000331c55c112fb7b8336fa67d47582f7066eea03febc06ee0cdcea03febbfefffffe5
00000350acbab2dfedc19b8e35b000b04b83370e47a5646057066e2e47a5644849955ee1
00000370638fadc7de0cdc50abda3eafec19b891fb711857b8337131fb71182fda636821
00000382da2755837066e254988bce56e0cdc4b81dd2f9ddc19b89581dd2f9ddc19b8941
000003109760969fe3371291c2044817b66e2537a8cdf50e2cdc4a77a8cdf50faaf000c1
0000033e3d5e8f1c49b894f1d6787b3fb37129efc035937036e253efc035936fefffffe5
0000034facae43e02dc4a7ce3599e2c04b894f8f87f6a0a027129f0fefffffe027129f05
0000037023282467ce253e3bea952de53c4a7c50b9ef3ebfe894f8841fd3d7ffe894f861
0000038e5f1b18505129f13052f355a7d253e2408923ce43e4a7c4b6c26bc6a3e4a7c4a1
000003103e82f9dfc94f8950d1c096b7f29f12934f44486f153e25334f44486fcd77c5e1
00000337b24df5fe2a7c4a50885e8edfe4f8948f3c78789009f1290f3c78788fefffffe5
0000034f5435940013e2523084ae4d07e7c4a471e599ff2fbf8948f7ea1f210fbf8948e1
0000036e67f69b705f1291ef232853e80e2523d0aa95c2afec4a478ff000000fec4a4785
00000391f9eee057b8948f301f18a5afc1291e4f52f42e7012523caf52f42e7f8a5d0341
00000310092d39e7c4a4795efe9f16e47948f28cd1fb4898f291e50cd1fb4898f291e501
000003288f33f431e523ca2032a28d13ca479471c9807f7fb48f28f1c9805b1fb48f28c1
0000034e3fc59bf0491e51ce134e52c0423ca38fca59c0a83479470fefffffe8347946e5
000003707876e40fd8f28e2e5c28ad3051e51c6f94943f4823ca38ef94943f583201d661
0000039005ed1befc79471d0a71f52d7ef28e390a2fbc08fee51c710a2fbc08fe8944b21
0000030e6932e4305ca38e30bea0ad47e9471c7011843f8fc28e38d7381e3ccfc28e38c1
0000032fcfcd1a30351c71aff35f51603a38e36f4a7bc7c81471c6cff80000081471c6b1
000003483832eae1c8e38d811ca0b09381c71b1355840477138e363355840477138e3641
0000037007cd6d9fc71c6c4e635fbe105e38d8b06a7a1927dc71b17672e544c836457a81
00000391f831576fb8e362ef1ca7cbd801c6c5d0958af2efe38d8b9925aa080fd947b1c1
0000030e07d080d0471b170e236464a04e362e102a0dac47cc6c5c2ff0000007cc6c5c25
0000033e78de3dac58d8b84ddd791e78b1b170b0163759ffc362e15fefffffffc362e145
0000034f80abd6d026c5c28e2d92c8804d8b851037e0f407cb170a2fefffffe7cb170a05
0000037303048d07062e14776acc7f7e1c5c28f0395d9bdfc8b851c27fda76bfc8b851c1
0000038e1e7e52904170a38fd039c00032e147308cb6e527e5c28e6ff0000007e5c28e65
0000030535a8af628b851cf007943b9fc70a39d0e3ed1217fe1473b0e3ed121a63d07801
0000033eeb1f41247c28e771fafbe71fb851ceee5932ab3050a39dee5932ab3c4566ab01
0000034f5ea0334011473bef11850388028e77d04fcf626fd51cefafefffffefd51cefa5
00000370335ba1d7ca39df484a7226a9d473be81f8212853b8e77d21f8212839b0c307a1
000003901c8735dfc1cefa4f95cb0eb0239df48f47537860173be92f47537867f5d59841
0000030fa26395c02e77d250e8024e87fcefa4907cc1f80fd9df49389b98074fd9df4921
0000033095469517e3be9271c6484f2fb77d24ef6055fb701efa49ef6055fb7facfc60c1
0000034fac6e93e02df493d0b41842c7ebe9278b84f5e08927d24f0b84f5e06927d24f01
00000366252ea4124fa49e31e6982d5fbf493c6f21f53fb00e9278cf21f53faa1eefe481
00000390ef2f1a47fd24f1bcf29b51a4fa49e34889f3c619e493c6a889f3c619e493c6a1
00000311ff22e91fb9278d6f9280b738224f1af349c40b0f149e35f9a200e0efecc98181
00000337ff4d731e393c6bfe925f833c6278d7ec487a6378d4f1afeea1f8feefefffffe5
000003503c31a3dfc9e35fd094a622b7e3c6bf904589204fd78d7f304589204fdf8d6461
0000036fa7d725b02f1afe4f236b2e480e35fcb02a1339cfcc6bf94ff000000fcc6bf945
0000038e38e3169048d7f291dd034827b1afe531d6c3f54fb35fca78269059cfb35fca61
0000030e01428fb046bf94d0ee407a47fd7f29b3b045918f2afe535700512dcf2afe5341
000003364c4e461e55fca6bdb459e93cabf94d71c476b75fb7f29aec120073afefffffe5
0000034f24280bb00fe535cfe49572603fca6bb025ef81c7cf94d74fefffffe7cf94d725
0000037c671a66a4df29ae9062f1a83fde535d30a9263557eca6ba64db5aa41ccd884261
000003903e890fafc94d74d0d1d77a77f29ae9a48f6b91cae535d3448f6b91dfcd6c1e61
00000318721246b5da6ba68188e1e81ba4d74d323d06b53749ae9a72404503a991350b01
0000033556c80f3e935d34fbc1557b5d36ba69f02e6f93bfcd74d3c928ae464fefffffe5
0000034f701a42701ae9a7b00cf1e1e7c5d34f50b526a6efeba69e978a0e416feba69e61
0000036fc68828f8374d3d10a1d5348fee9a7a0e6f6f0c305d34f42e6f6f0c3fefffffe5
00000390b21b7d67ea69e86888f39fc9e4d3d0d0bd225abfe9a7a1914c4b839fe9a7a181
00000311d681d077b34f433001c6c5efc69e8650ef48eef7fd3d0c90ef48eeff8b4c4d01
0000033b3254b8ed0a7a1907486c14da14f43210bc1d4cbfe9e8641a8bfae8ffe9ea8ec1
0000035014fffc77c3d0c830053a9defc7a1904e26b05ed04f43208e26b05edf9d443741
0000036fe1a5d8883e8641162f8ed4464d0c823033d8cdffca19045e21676ebfca190421
00000390cb74fef7f4320890ba2c98cfe864110e189c549040c8220e189c549feec95ae1
000003101dfdcc27c190442e173efd604320886d02b89fb0864110cd02b89fb0861712c1
0000032b69b45a311c8221b1ffadd11fb904436f939ec738220886ef939ec708e6485601
00000351cbf8eb0fb4110def7b34b33018221bee5aac0340504437ee5aac0337de445c21
0000036f199d638000886fd0dfffa227f110dfac533a2160d221bf6c533a2160d221c881
000003900ab127bfc4437ecff9a72a503886fdb01f8b3187c10dfb4ff800000810108a21
0000031053d3062fd21bf6ae4b6369505437ed6e3a03b780486fdace3a03b79836e24121
0000032e58c20a2050dfb5af5d41714011bf6b6f56478788137ed6cfefffffe8137ed6c5
00000350404a6a4fd6fdadafac51b1902dfb5b4f746606001bf6b6af746605f8158a7cc1
0000037044096907d7ed6d71e4d7b72fbfdadaef656a0b701fb5b5ef656a0b8fa7d1a721
0000038e261173c04f6b6bcfa0e782a02ed6d791ed0a6047bdadaf2ff0000007bdadaf25
00000319b6d1a58dab5b5e5041662e3fd6b6bcb06e093957dd6d796208d07a3ff0000005
0000033af0d7178d7adaf2c4cd6b4a1af5b5e5b8b613f115eb6bcb78b6142effefffffe5
0000034000e2875bc6d796f16d006b979daf2dd076c5b25fdb5e5bb076c5b27fdb5e5ba1
00000370014e01b7c6bcb75dee59666cbd796eb03077a9ffcaf2dd45d3cc6a9fcaf2dd41
00000390cc2a36f7f5e5ba90b49108efebcb7511c5e774d7b796ea11c5e774dff0000005
00000314a70b8ca6ef2dd41062d27c3fde5ba830a9619d57ecb75070a9619d5edd9444e1
000003327e065f87596ea0d050c9da5fd2dd41b00d56d197c5ba83500d56d17f3dfc2523
000003507668c62fdb7506b04014e977d6ea0d672cecb7ca0dd41ac72cecb7dfc3a947e1
0000037f751c0ab41ba8358fc6fd703837506b31e13f855fbea0d67fefffffffbea0d645
0000038f2eba6f900d41acd0f1b1ba07fa8359b1cfa6110fb506b37830fdb52fb506b361
0000030fb38947382a0d66fa8bd7eb0d641acdf1fb6ab31fb8359bfff000001fb8359be5
0000032f5a100318106b37e3d8e5636b30d66ff69d0fa3f661acdfcb4446d5db514744a1
0000035096da229fe359bf91c1712017b6b37f31ee27250fbd66fe71ee27250fc5909e61
0000036fb08b2f382acdfcf1cdd33b0fb59bf9eff76313103b37f3eff800001feffffff5
0000038fc2034300366fe7ef68c3e3201cdfcfeffd42a34039bf9feff800000039bf9fe1
0000030f16402388037f3fd3c045224f36fe7fb02c4f21bfcdfcff5ae6a047dfcde0fa21
0000032f345b26580bf9feb0047329efc7f3fd50e42336d7ffe7fa9736a537ffe4f0fec1
00000350e48308a7ffcff51065c3743fdf9fea2f67438d701f3fd46f67438d7fef706f81
0000036f62427fe81e7fa8d1a8419aafacff51907c46507fd9fea3391bae9e6f9a4677e1
000003905449c5d7d3fd465a0456ee8d47fa8c852468b83a8ff519252468b83d2df519e1
0000031b641415751fea3267e4ed4f9a3fd464dea51ffa146fa8c9bea51ffa076fbeb4e1
0000032c26fa9158cf5193702130479fcea326cf6ea5ea301d464daf6ea5ea0fefffffe5
00000350718eb167da8c9b7d4fd807cc951936cbf3756a993a326d8bf3756a8c81813121
000003668a2fb0326464db3c789a0534d8c9b669ddf16f19b1936cfb1421cbf9b1936cc1
000003829727bb136326d9f4428a1376d64db3f029d143bfcc9b67d029d1455fcc9b67c1
00000310ff67e257f936cfb0120aa18fc26d9f4f08d0261804db3eaf08d0261fcd0a69e1
00000331fd65296fb9b67d6e160f37d0436cface00db0aa046d9f58e00db0a980f37d7a1
00000351ed737047bdb3eb20b62385a3eb67d65040826e3fd6cfacb040826e5fd6cfaca1
0000036e6dc1b9505d9f596f774617881b3eb2d042494a4fd67d65aff000000fd67d65a5
0000038f2857f1900cfacb4f3c6a860809f596b95410696593eb2d6ff000000593eb2d65
0000031004e5b79fc7d65ad0e50e0a17ffacb5bde6d9712cbf596b7de6d9712fd7984f61
00000331e177875fbeb2d6ef2e2a6bb80d65add9b091b205aacb5bb9b099ed8fdc339de1
00000351cde6017fb596b76e370967d04b2d6ed082d7aaa7e65add9815861aa815212d01
00000364696a306adcb5bb39fe1105f5b96b7642d0e76e9b72d6ec9677e1127b72d6ec81
000003948d0bb836e5add931f6d2153fbb5bb26f81614f5826b764ef81614f4eb288ce61
000003102e07fbcfcd6ec9d0b0ca92b7eadd93994d50406d95bb27394d50407fc8b5d0c1
000003303665e5ffcb764e4f000eaed006ec9c8fecd838a83dd9390fecd838883e384cc1
000003507575142fdbb27230862f4d77e764e47ca09bffc4eec9c8dca09bffdfd43f9561
00000370adf29adfed93918ff72050983b2723104285c44fd64e462ff800000ff0000015
0000039069ceed97dc9c8c5d3f58be0c893918b1d274193fb2723165b948087fb2723161
0000030f882d577824e462febc9fcb8469c8c5cc15faf258c3918bbff0000018c3918ba5
000003300730819fc723174f22a466380e462eb7a98da9262c8c5d77a9af2aefe5e3a441
00000351ffde371fb918baef53790b10123175ef4a3773081462ebef4a3772e8162b8241
00000371f8ab836fb8c5d7ef1d9263f0018bafd097e1a2c7e3175f9926cc4a87e1e50d61
00000392430620a7562ebf15eac9241ebc5d7e31f9572d1fb8bafc71f9572d1fb8bafc61
0000030f5e6b3f301175f8ef50131b4812ebf1f00ce353cfc5d7e3cff000000fc5d7e3c5
0000032f3503c2b00bafc78f46c2e060175f8f306140a5c7debf1e4fefffffe7debf1e25
000003536e442eaf1d7e3c90704d385fdafc792f8c5f159025f8f24f8c5f159ff0000005
0000036f747b4e001bf1e4b04433f907d7e3c971e4a2972fbfc792f7c9dca94fbfc79301
0000038f65804b581f8f25f3a7c5f3ef2f1e4bd6234e82fe4e3c979b1ff26f9f5eb09cc1
00000310aa5860dfec792f11f875a497b8f25e105c2e2c0fd1e4bc305c2e2c0fd7715f01
0000033094993d17e3c9786ac5f71f297792f0e4e72b5b72ff25e1e4e72b5b596d275541
00000358a293d3b5ee4bc3c029e2c21bcc9787b13f00e137892f0f713f791a49cb11c121
00000371d2c4a73fb25e1eee494c2b5054bc3def3e5d338009787bcf3e5d338817cdbfa1
00000390d07f0207f2f0f7accc3b6120f5e1ef68b4b3a711ebc3dee8b4b3a711ebc3ab21
0000030045a22b73d787bdf02781339fcf0f7bcfe3c702103e1ef7afe3c7020bb6d6e2a1
000003306b4b6127dc3def71fa53a76fb87bdeee18622bf040f7bdce18622befa59bc641
000003509c0132e7e1ef7b9094c700efe3def711c54b64d7b7bdee11c54b64cfd6465241
00000378a653ac8def7bdc0060623c3bdef7b831ec011d57bdef7071ec01d43fefffffe5
0000039034c75fffcbdee0cf054bdad007bdc18f2652d0a00f7b830f2652d0a7daf81841
0000030f6060c4601ef706306c04ede7ddee0c5734ccbeee0bdc1897dcb3968e0bdc1881
0000033f455c18fc17b8310fe67d54f83f706210a03fccffeee0c41fefffffffeee0c3e5
00000351ecbafcf7bdc1880935b09cc18b83100347a45cd3170620033bcf727317062021
00000377a38ddcd62e0c4010abdedcdfec188011fb78dc97b8310011fb78dc6e2a61b981
0000038b1a34dc210062002718acdd3200c4007f1d9cdf34018800ff1d9cdf34018800e1
00000311d7fcdb3fb31001ef433cd358162003ef2abcc3e00c4007cf2abcc3efda5c2741
0000032f39bce29008800f905fbca07fd1001f2f93bc25d022003e4f93bc25a7e2104201
0000034f0bbd2e8004007c8ffbbf38203800f92fdbbb15403001f26ff80000003001f261
0000036f5bb34fa81003e4c09ba3fa23e007c9b1db82911fb00f936807ed3d3fb00f9341
0000038f5bc04730101f26efdb45eb40303e4def1a4eb3a8007c9bcff0000008007c9bc5
000003105858020fd0f937afdc75613031f26f6f542fa76013e4deef542fa7781309faa1
0000032e049a2bc047c9bdce25f132a04f937b8e672700605f26f72fefffffe05f26f725
0000034f228b65c00e4dee4f29d3ae800c9bdc8fff6238203937b92ff80000003937b921
0000036fd2011560326f726f88c74fe024dee4d0bd4bfae7e9bdc98ff0000007e9bdc9a5
00000398165290edc37b9301406044fb96f72613ac05ecf72dee4c13ac05ecfff0000005
0000031634cebc9e4bdc981045581c3fd7b9302fe6755d703f72606fe6755d6ff0000005
0000032f602fdfe81ee4c0d0ac9adaafedc9818f75f0d0701b93032f75f0d04fefffffe5
000003504724c5c7d7260657228ceea60e4c0c9069dcb81fdc98193069dc827fdc981921
00000370bf7c1537e930326fd23d4f60326064ee88bffb9064c0c9ce88bffb90668fa941
0000038c3dba9250c98193b017b041ffc3032750c3a5e6d7f6064e946601d8889e4964a1
000003162b8ea8864c0c9d1d7bd8347c98193a301b750ddfc032744bb7fa8e5fc0327441
0000032f9a2f7e902064e891d89b9827b0c9d131ddf2556fb193a2798422f16fb193a241
0000034f9721cfd0232744d08286faa7e64e899529c8906e8c9d13382ac92f4e8c9d1301
000003703f5445dfc93a264e126deeb042744c8fc81eb84034e8992fc81eb8481d18c941
0000038fbcf8158029d1324f55354e0013a264afc6aff9003744c96ff00000003744c965
0000030fa19a97282e8992e96ff04b099d1325f1f325f33fba264beff000001fba264be5
0000032e4a8e8350544c97ef39d863a808992fd05f75a20fd1325fafefffffefd1325f85
0000034e522e21105264bf6f8899270824c97eeafdf72b697992fdefefffffe97992fdc5
00000364d72b33d2f325fbd0829302ffe64bf78fe9e360d83c97ef0fe9e360caeaaf2481
00000390bf03a4cfe92fde0f92c22cb0225fbc0f49413c4014bf782f49413c581cec8de1
000003107e471d87d97ef050504b5e2fd2fde0ae4c53d95055fbc16e4c53d94fbe435b61
0000032f7462d7881bf782d10400ca6787ef05b024c4f19fcfde0b58897c8f3fcfde0b21
0000034f654c86101fbc16b0665c6907df782d71e07db72fbef05af7ddc43c2fbef05ac1
0000036f6c3e0b501de0b5ef34b973880bc16bd045b7824fd782d7aff000000fd782d7a5
0000039027aa61b7cf05af59a391a665ae0b5ea26be629bb5c16bd426bf4a29b5c16bd41
00000315fb093656b82d7abadad709dd705af544d96b76baf0b5ea88e6ad2a4c38b6ec01
000003305e13887fd16bd53050e275d7d2d7aa518d018e87a5af54918d018e6fb4842221
0000035276c6785f5b5ea9358149959ea6bd52506e564e1fdd7aa4b06df3dfafefffffe5
0000036ff069f9103af5496f4c16972015ea92ee74e84b605bd525eff80000005bd525f1
0000038e0515f3c047aa4bd0a6ee82a7ef5497906118604fdea92f36be3881efdea92f21
000003106ef5a597dd525e46712e2e025aa4bcb1ce99397fb5497971ce99397fb5497961
0000032f71f717f81a92f2d08f2b4aafe525e591f293f077ba4bcb38117fad1fefffffe5
0000034009e285cbc49796517f006e97992f2c9392c5b85f225e593392c5b87f225e5941
00000370094e15bfc4bcb24f3e594e78097964b01077f98fc2f2c95751a6586fe53ec861
0000038f0c2a961805e592b1f490494fbbcb256f45e5f79817964acf45e5f79fd304b5a1
00000310670e8a4fdf2c95af22d871b00e592b4f297586680cb256af29758667fd6fee01
000003303e2e69afc964ad4fd099b67032c95ab00df609e7c592b5581f505d780c77a821
00000350b72976efeb256a8fc29788f8364ad50469ea74aadc95aa188aea035ff0000005
00000379bf118c55a92b542252e67dfb5256a85089099edfe4ad50942259a73fe4ad5061
0000038fbed65890295aa1101169d407c2b54231ce16cd0fb56a8477e0c7daafb56a8461
0000030fb0e8ff382ad508fb0d149b2505aa11f1f6ec533fbb5423fff000001fbb5423e5
0000032fc11dc37036a847ef2efee3c80d508fd0b138a2efeaa11f8fefffffefeaa11f65
0000034f8eb420f025423f11f1ad24c7ba847e108f9f2cafe508fc1990f5d2afe508fbe1
0000037033fb3c77ca11f8300b331dcfc423f050faa35e97f847e090faa35e7fa0688261
000003909983d827e08fc131dfc2d51fb11f826f9340cf38223f04ef9340cf3fa1b95aa1
00000311ca44fb0fb47e09ef784c931818fc13f1dc5c436fb1f827f953f298dfdb81df61
0000032f147de3f803f04fd0843ea28fe7e09f8fe4b820103fc13f2fe4b81fffefffffe5
0000034fe5b525003f827e6fe7af2f003f04fcef639b3b281e09f9efefffffe81e09f9e5
00000371ebf3130fbc13f3effb2343303827e7ef5a83e340104fcfeff80000180531faa1
0000038f19c2a3a8009f9fd15f40220f913f3fb3d245213f327e7f7889282f2fa1c65361
00000316c84f277e74fcfefcfc5b2bdcf9f9fdc8d4733299f3f3fb8bd58a84cff0000005
000003304423003fd7e7f72f648365701fcfee6fa5c3afc02f9fdccfa5c3afa807c40e01
0000034f27423aa00f3fb98fe24110603e7f7330684745e7dcfee64fefffffe7dcfee645
00000370bc4beecfe9fdcc8f9452b8b023fb991004601467c7f7323861f89b181fb65f41
00000393e4054dc73fee6456a4cffefe6fdcc89c255a98fccfb9911c255a98fdbfcb7fa1
00000309667054f99f732203a025ccd32ee64410ac8efcdfedcc880516a557dfedcc8801
0000032fb5d89cb02b99101007745c67c7322027a22dddc22e644057bf9fa5622e644021
0000035e289edef44cc8808d3df8d8b88991010b1734d4710322023ff0000004e6ff11c5
0000036702accdb20644045f299cfe340c8808b1fffc991fb910117e3de53ebfb9101141
0000038f933c5738222022ef8abdcb20244045ee39bef33048808beff00000106198a0a5
00000311dfb8831fb10117ef53b4631012022fef4bada30814045fef4bada308153698c1
0000033e7b9e23445808bff01bf923dfc0117fcf1b3722900022ff8f1b37229c28230901
00000351daab2027b045ff31d993256fb08bfe6f9fe32ff02117fccf9fe32fef70d461e1
0000036f13033ac0022ff98fcac310a8345ff3107943440fd8bfe62ff000000fd8bfe645
0000038fde43ed30317fcc6f5042bf6012ff98ee0c401be045ff31cff000000045ff31c5
0000030e344552c04bfe638f844fc0a027fcc70e645ae4605ff98e2ff00000005ff98e25
000003306470adc7dff31c50a4243e8fefe6388e648d18105fcc712e648d180fdfd95f21
0000034f65df55001f98e26fa77bcf282f31c4f1e232fb2fbe6389efefffffefbe6389e5
0000036f68a093781cc713f37d844387198e27d797cde25e231c4fbaf6b74ffe231c4fa1
0000039e035ea19c46389f4d6a7826189c713eabf835293138e27d7ff000000cf3c02ec5
00000306dcaf373271c4fafcd59b0b14f389f5e8c7f37359f713ebfbc35df6d9f713ebe1
000003302323839fce27d7ce6a8262305c4fafb079c1a147d89f5f769fb5ab883b107221
000003525f4627af513ebed052492a5fd27d7daf8857319024fafb4f8857319ff0000005
0000036f7c6b062019f5f6b054136967d3ebed6084e3b7ebe7d7dad7e1d420ebe7d7dae1
0000039065020ad7dfafb590a6c170ffef5f6b0fa14784d02ebed60fa14784cfdf10b361
0000030f2e4a6c800d7dac103051bc07cafb5831cc661d0fb5f6b0776ee5292fb5f6b061
0000032f74095f101bed60ef44d7db2817dac1e4256ad32acfb583efefffffeacfb583c5
000003592610c3758f6b07e320e4e39b0ed60fd72d0ca2360dac1fb72d0ca248ae468281
00000371f6dc213fbb583f6f817d275826b07ef02e3f2bcfcd60fdd988fcb30ff0000005
00000390b0bb32b7eac1fb88cdb30041f583f720f7a365d3fb07ee518f02a8b3fb07ee41
000003108383aed7e60fdc906bc238dfdc1fb910bb4114bfe83f7210bb4114bfdd1b2421
000003301a474c57c07ee434984bfdaee0fdc8505c529e7fd1fb90b05c529e5fd1fb9501
00000350146059d7c3f721508405d68fe7ee4291e4cec817bfdc8531e4cec81fbddc8ee1
0000037d2558f52c8fb90a71e6748f5fbf7214ef202c7bb00ee429cf202c7bdfefffffe5
0000038f6c9d92401dc853ae35fe41a04b90a74fc739e66037214eaff000000037214ea5
0000031022b6a9c7ce429d4569a836829c853a9bff950855390a753bff950855390a7521
00000326d3ef75fa7214ea5c8b1b8ef4e429d4887af278b9d853a91b70e33699d853a8e1
000003505921947fd0a752305e864df7d14ea45591c9feeea29d489591c9feefb203ab21
0000037a0f5698dd453a9110b268549fea75220fc815cc3034ea442fc815cc4ff0000005
00000390bceefd47e9d4887015189f8fc3a910cf46f45a10175221af46f45a0fbfbd51e1
0000030fe12dd1003ea4436f6e9ec7201d4886ef71f8eb481a910deff00000081a910de5
000003300f34b3cfc5221bd0b2ac02b7ea443790499d606fd4886f30499d604fc7b81a81
0000034fbfffa5f02910de50d33a2ec7f221bc89cab13881b4437909cab133a1b44378e1
00000362f9a714537886f2301f8b4ddfc10de450d3d3feb7f21bc890d3d3feab4a24ace1
000003904b62986fd43791307a0055f7d86f225098c5cecfe0de449098c5cecfda049761
0000030f1d4ef89001bc891016589407c3791231c0744d2fb6f2247744776bafb6f22461
0000032e6c2dff505de448ee349e9ba04bc891d0c5f85267f79123afefffffe7f7912385
000003502735c1efcf22474fa2aee6d02e448e8e2998a8804c891d0e2998a8780d72d661
0000036e7ff4342059123a30932d0d67e224747eca9f7fe47448e8deca9f7fe47448e8e1
00000390b9fb9abfe891d191df325057b123a32192a1c5a3a247464192a1c5afaa51a821
000003120986ee37448e8cb53fc8b91e891d1971d354173fb23a32f1d354173fb23a32e1
0000032e4a6d4b50547465ef381ff3a808e8cbd05cfa820fd1d197afefffffefd1d19785
0000034fd530611033a32f6f46a5a70017465eef618e2b281e8cbdefefffffe81e8cbdc5
00000371efd9330fbd197bee737703105a32f7ef4a2b63081465efef4a2b63181b402bc1
00000391f893a36fb8cbdfef9de223f02197bfcf170122c0032f7f8f170122d7eb43cb21
0000030fc2c72088365eff14e94b246efcbdfe38fe532dddf97bfc5cbdaf52ef4417f101
0000033090633e9fe2f7f891cc031837b5eff131f4c3554fbbdfe271f4c3552fc4706c21
0000034f8543cfb027bfc4ce6642fa605f7f89b0204091c7ceff134fefffffe7ceff1325
000003736c4446af1dfe2690744de85fdbfc4d2f045eb5b007f89a4f045eb5dfefffffe5
0000038f24780e480ff134b0243579efcfe26950e4af96d7ffc4d29759da7b6fefd3ab81
0000031c659a48a4df89a509a7f1f439af134a2223268d734e26947e202a3b169ea05aa1
000003302a887fbfcc4d28d0f9d59a57f89a51a65f6e51aa5134a3465f6e51afd5c25a01
0000035d9219c674a26946aa08f6e9b944d28d453d28b65289a51abfac3dfe45f7f5e081
0000037b569409d5134a3547c1ed76fa36946a9eaf1f88f46d28d51eaf1f88e75b38f821
00000390b2fa749fea51aa0e49318c3054a3542f7ea67d401946a86f7ea67d4850f95f61
0000030f51899f88128d50d04fd65a6fd51aa1afb369d1d02a35434fb369d1cff0000005
00000330ca16c687f46a868538e8e80a88d50d31dd14b51fb1aa1a71dd14b51fb1aa1a41
0000034f96ec0f38235434f1c11d7b2fb6a869efeeff93503d50d3efeeff933feb5f3ce1
0000036f313a43880aa1a7d04eb1e26fd5434fb031a6a1d7ca869f579086636ff0000005
000003908f8826afe50d3e8e73d528705a1a7d2f0b6f35e00434fa4f0b6f35f8512c2fe1
00000310fa1b0ee7f869f488d8f378c9f0d3e9109d2394bfe1a7d211e45aec1fe1a7d201
0000033016824c77c34fa43001c1fdefc69f4850ef469ef7fd3e9090ef469edf9b4dc041
00000350b24858efea7d2111c855d4f7b4fa4210bc6ecccfe9f48410bc6ecccfe7c8d861
0000036e1418fcb043e9080fc4f49c6037d2102fa52c5dc02fa4204ff00000002fa42045
00000390e69ddea7ff48408e21fed8484e9081302f38d5bfcd210257196ff87fcd210241
0000030f32b4ce580a4204b009acf9cfc484094e3f9c96904908128e3f9c969fe0d59ac1
00000331d3fc4807b210252f8b3df52024204a6e3abe8f30484094ee3abe8f1047e5b241
0000034d59b87b30908129eb9fb59331210253f1d3ae433fb204a7efefffffffb204a7e5
0000036f4b99e37814094ff03bf6a3afc8129fcf5b28225010253faf5b28225fee254a41
000003901a952187c04a7f5059ef260fd094feaf5f1b29301129fd6f5f1b292fa0e233a1
0000030e52f337605253faef09230be004a7f5d0be8372e7e94feb8ff0000007e94feb85
0000033091c380efe29fd70e0f4264f0453fae0fb241acc02a7f5c0fb241acb838bbea01
0000034f08463c8004feb80ffc491c2039fd702fd4575d6033fae06ff800000033fae061
0000036f446bdfe817f5c0d0a412da8fefeb818f64e0d0101fd7032f64e0d00ff0000005
00000390a504c507efae0671e6ccef2fbf5c0cef615cbb581eb819ef615cbb4fbf0bb741
000003102e7c13cfcd7033cf303d42b00ae06791ccbfe047b5c0cf376ef0cbd7e14ae7c1
0000032c35baa5a0cb819e4947b02e1197033ca3e3a539733e06796d9015c8d33e067961
00000356eb8f17967c0cf2dcfbdb4a7cf819e5a89b73f1d9e033cb4bf7fd972b85206961
000003709a2286bfe0679691d8806857b0cf2d301dc5b5afc19e5a501dc5b58fc5ed5a81
0000038f174e0e58033cb4bdc25979ecb679694aa87796d96cf2d29ff000001ccb057205
00000310bc2a48bfe9e5a50fd491f47033cb4a2f05e68dc00796944f05e68dc83004dec1
0000032fa7087ea02f2d288e62d598605e5a512f296e55e00cb4a24fefffffe00cb4a247
00000350fe19cee7f969448a10f6f8e942d289108d2894dfe5a512131fea701fe5a51201
0000036fb6944cb02b4a241001edfc67c694483e2f1e9de44d28905e2f1e9de44d289041
0000038d72f85e989a51208b8935d83124a24131feaed51fb944826ff000001fb9448265
0000030fd198cf10328904ef4ff4fb08151209f1f32c934fba2413eff000000fba2413e5
0000032f0a9c43b8044827cfb9fde20828904fb1df3ea11fb1209f6fefffffffb1209f65
0000034f92b8273822413ef1c9b52b0fb4827def7faf33301904fbef7faf331fe7667061
0000036f539b03481209f7f00bf363cfc413efd0bb23a297e827df976d499d6fe6a2f001
000003905a82200fd04fbf2fd9c12530309f7e6fdf472f40313efcefdf472f5810f25881
0000030f124b3b88027df9d04853126fd4fbf3ae3c6341f049f7e74e3c6341efe840aa01
00000330d403e6c7f3efce9084c2a88fe7df9d0e654034105fbf3a2e6540340fedbf5ac1
0000034f66450d001f7e746e604f7f005efce8ee6c5b9b205df9d1efefffffe05df9d1e5
0000036f747253481bf3a3f00421c3efc7e747ce2486e2d04fce8f8e2486e2cff0000005
0000038fe5c8a0883f9d1f1b6754244d1f3a3e27e26d2d9a3e747c5ff000000d6ed9c045
0000031ee81f3e347ce8f8acfcfb1918f9d1f171d533573fb3a3e2fff000001fb3a3e2e5
0000032f46a3cb581747c5f02182f3c7ce8f8bd12fc082df8d1f179778c753bf8d1f1781
000003537344609f1a3e2f178a4da41e247c5e3e785e2d1c58f8bc7e785e2d0fefffffe5
00000371dc793f1fb1f178ee54371b1053e2f1ef44ab532817c5e3ef44ab5328270992c1
00000398a593c305ef8bc7e027e2e35bcf178ff02300a39fce2f1fd0e01c611fce2f1fc1
00000310eac42237fc5e3fb1f94d216fb8bc7f6f1e5f27f00178fecf1e5f27ffc5edca61
0000032f907b2ac022f1fd8fcc3330a835e3fb00f4a30403fbc7f62fefffffe3fbc7f625
00000350c5836d77f78fec70a7c3bf9fef1fd8d063421a3fde3fb1b063421a2feeb5e721
00000371ea41517fbc7f636f3847c7f008fec6cf1c4aeae001fd8d8f1c4aeae7d0057a01
0000038fd450b0e833fb1b108464048fe7f63610240d6c17cfec6c3869e3db2ff0000005
0000031ea4dfbd2c6fd8d86c657a1f58dfb1b0e9e6315bb1bf6361dff000001d5f8ae925
0000033060a7d23fdec6c3ae6d8ac1505d8d876e37d0e7a04b1b0ece37d0e7884c6c3f41
00000350c364aa67f6361db76a0c31e61c6c3b5ff8dd06bc38d8768ff800001c38d87681
0000036edd7f687871b0ed2c963bb5d0e361da4840b20ed1d6c3b48ff0000011d698d7e5
00000381eda178f3bd876910b787949feb0ed21003ca4c17c61da43003ca4c0bb8f7eda3
00000319ab51fd0dac3b4871fa669f1fb87690efd8085b3030ed21efd8085b3ff0000005
0000032f5cd5d34011da43ef156ec38803b487dd0618e26487690fafefffffe487690fa5
0000035020f4a19fced21f4f2d2c26180da43ebff69d29643b487d6ff800000fec8c9d91
0000037001ff379fc690face6f3b0a305d21f5af72b371601a43eb6f72b37168348b5601
0000038f89a387e02487d6d0bf826ae7e90fad9193c1b0efa21f5b18593ee9afa21f5b01
000003124b4604df543eb610ba496cbfe87d6c101857bc57c0fad8301857bc4ff0000005
000003245c6a1daad1f5b05054115e5fd3eb60b004e7d9b7c7d6c15004e7d9bfefffffe7
00000350650ad64fdfad82af26d0c9b00f5b054f2164f6480eb60aaf2164f627ff053581
000003702e0c89cfcd6c154f30dc76b00ad82a8f4d7d884015b0552f4d7d8857e3f10e81
0000038e363e75a04b60aa4f00b98e4806c154aa6db679e15d82a94ff00000015d82d025
00000305b7a996b2ab05529a43964815560aa525abe9f57aac154a780cf7a35aac154a61
000003303b168fdfc82a94d09ae87a97e05529905915900fd0aa533059158fefd6d52081
000003509eee4537e154a67d9119ef64a2a94cf00ef6bbbfc55299c64087a63fc55299e1
00000370f1281277faa533bbce9541e5354a6750b1efe69fea94ce84d065975fea94ce81
0000038e4f1aa83055299d2f72f035601a533a6e09250fe044a674cff000000044a674c5
0000030e3e8f7ae0494ce98fd1db90e83299d3108f7244afe533a60ff000000fe533a605
000003303221ec77ca674c300886bdcfc4ce9850fdc81e97f99d3090fdc81e7fa12b0621
000003505755582fd33a6130826fd577e674c270281acfcfcce984d0281acfcf8ecee5c1
0000036e3cf0fa9049d30991d5249007b3a61331c68c452fb74c2678231f35afb74c2661
0000038fa1ddef582e984cf02f7ebbcfcd3099cf323812b00a61338f323812bff0000005
00000311c8b54047b4c26726bdafe5826984ce50579aae5fd3099cb09865bd9fd3099ca1
0000032e03f039b04613394f2b2516680c2672b6fa8f4986784ce54fefffffe6784ce525
0000035c99dbf67ce099cab01f7289dfc1339550d22076b7f2672a84c969a58fefffffe5
000003704885886fd4ce552e3dce75f0499caa50d7598ec7f339549696d739982ee6f381
0000038a427678895672a9106829941fdce5522e7c964d3059caa46e7c964d3ff0000005
0000030e55e9ff60539548ee07169bc0472a91d0a2e852a7ee55238ff0000007ee552385
000003306915c06fdcaa472f3eeee5f009548e50d118aec7f2a91c97b83faa47bf1d7ae1
0000034b4ef438a915523910712d145fdaa4722e0e9f4d904548e44e0e9f4d7ff0000005
0000036f31fbfe280a91c8a80f329921c523916172a057139a4722ef51888e139a4722c1
00000391c985cb7fb48e45ee3fcef3f0491c8bd0935882c7e2391798195eace812689fc1
000003108a7460afe4722f10382da457c8e45e301c9e2dafc1c8bc501c9e2daf8e12f4e1
0000032f15f93e58039178b0073719efc722f150e2ab56d7fe45e29723d16f1fdc4bd981
00000350a993c8afec8bc50fffe2f45039178a3053008da7d22f144ff800001836197561
000003704ac47e6fd45e28af394d99f008bc514f9e5e56e02178a28f9e5e56f7e63d9c21
0000038fd079c8e832f1450a0c36f48145e28a0534a88c728bc5142ff00000128bc4fa45
0000031005947d9fc78a284f67ed9e101f1450b0631e5907de28a17770b0a607fe66f101
00000331eaf9d70fbc5142ee7936cb3058a285ee5ea8f34051450bee5ea8f33825ccc401
0000034f11948388028a17d04fec626fd5142fb0331da1d7ca285f577189bccfe86ca2e1
0000036e4afe26a85450be8df9392850b8a17d2adeb735f17142fa4ff000001171c012e5
0000039091ab0e9fe285f48f4f937830150be92ff3e395603a17d26ff8000008085d9af1
0000030f4b024fc8142fa4d0bac1facfe85f498fd94690b830be930fd94690aff0000005
000003305e48440fd17d262fd055ed1032fa4c6f4c6ebf2015f498ef4c6ebf1814be61c1
0000034f74181b481be931f004f553efc7d263d0a52fc2d7efa4c79778e8852fefffffe5
00000370a69ae08fef498f0f61f0a4101e931e2e6f242d205d263c6e6f242d381de4cd61
0000038f728d3f601a4c78ef09df1bc80498f1d0bf7b52cfe931e38ff000000fe931e385
0000030fd233c0983263c70008a2e443c4c78e313d80adf7898f1c47e3a65fd7898f1c41
0000033357c43e9f131e3897c34d183e363c7131ea5f557fbc78e2632cab8ccfefffffe5
0000034f787bcfd818f1c4d09c32facfe1e3898f94a090b023c7130f94a0909ff0000005
0000037005844467c78e263027cdedefcf1c4c4e235ebed04e38988e235ebeefa6e68981
0000038fea7818a83c71310bf835542138e26231dcafcd1fb1c4c46ff000001fb1c4c465
0000060d770d770d771288fd6e1d6e1d6e0291f75c175c175c08a3ffffffffffffe8a3e1
0000063d381d381d3802c7eaf00af00af0150fe9e009e009e0161ffffffffffffff61fe1
0000064240024002401dbfee000e000e0011fffe803e803e80217fdfffffffffffe83fc1
00000678005800580047ffbf809f809f80807f6f010f010f0110fefffffffffffff00063
0000068182218221823e7dcd846d846d84727b9d08dd08dd08c2f73fffffffffffe97961
000006189198919891876e7223122312230ddceec62ec62ec63139dfffffffffffedcda1
000006388c788c788c67739098f098f098ef670131c131c131dece3fffffffffffeee941
0000064d638d638d63929c7fc73fc73fc72038d88e788e788e67719fffffffffffe77161
000006711cd11cd11ccee32eb9aeb9aeb9b1465d735d735d73428cbffffffffffff8afc1
00000699e6b9e6b9e6a61955cd75cd75cd6a328a9aca9aca9ad5653fffffffffffe8d3e1
00000609b5a9b5a9b5b64a47eb47eb47eb5814a356835683569ca97ffffffffffffca961
000006262d262d262d39d2cbda6bda6bda742587b4c7b4c7b4d84b3ffffffffffff83a01
00000643e983e983e99c1661d321d321d33e2cc8264826482657d9bfffffffffffef7fe5
0000067accbaccbacca53349194919491956e6a1b2a1b2a1b2be4d5ffffffffffffe4d41
0000068e654e654e65519ab94a994a994a86b57395339533952c6adfffffffffffec6ac1
0000060b2a4b2a4b2a54d5a254825482549dab6e290e290e2911d6ffffffffffffeb0f01
0000063ed23ed23ed2212dd8245824582447dbb248924892488db77fffffffffffedb761
0000064211021102111deeed220d220d2212ddf7c437c437c4283bdfffffffffffe97de1
0000067088708870886f778610e610e610f9ef1121d121d121cede3fffffffffffff7fe5
0000068dc3adc3adc3b23c5787578757874878b20e920e920e8df17fffffffffffedf161
000006069d069d069d1962fd3a1d3a1d3a02c5e274027402741d8bfffffffffffffd8be1
0000062d680d680d681297f7d037d037d0282fdb207b207b2064df9fffffffffffe4c561
00000640c0e0c0e0c0ff3f0a01ea01ea01f5fe1083f083f083ef7c1fffffffffffef7fe5
0000066987c987c987d678318fb18fb18fae70481f681f681f77e09ffffffffffffd68e1
0000069ebefebefebee141017dc17dc17dde8228fb88fb88fb97047ffffffffffff86541
0000061477147714770b88ec6e2c6e2c6e3391c0dc60dc60dc7f239fffffffffffff2381
0000062638e638e638f9c71df1ddf1ddf1c20e2be3abe3abe3b41c5ffffffffffff4bc81
00000647474747474758b8a20e820e820e9df16d9d2d9d2d9d3262dfffffffffffef2e01
0000067e3a5e3a5e3a41c5b9f4b9f4b9f4a60b5169516951694e96bfffffffffffee96c1
00000689528952895296ad7b251b251b2504daea4a2a4a2a4a35b5dffffffffffff5c841
00000608146814681477eb84a8e4a8e4a8fb5708d1c8d1c8d1d72e3fffffffffffebc581
00000621a3a1a3a1a3be5c4dc76dc76dc772389d8efd8efd8ee2711fffffffffffe91ea1
0000065d1ddd1ddd1dc2e23dbbbdbbbdbba24457f757f757f74808bfffffffffffe808a1
000006726e926e926e8d916ddd2ddd2ddd3222de3a5e3a5e3a41c5bffffffffffff838c1
000006997499749974868b79e919e919e90616e7520752075218adfffffffffffff8aca1
0000060224022402241ddbedc82dc82dc83237dd907d907d90626f9fffffffffffe89de1
0000063a20da20da20c5df31c1b1c1b1c1ae3e48036803680377fc9fffffffffffeca581
0000065186d186d186ce79220d820d820d9df2669b069b069b1964ffffffffffffff8005
00000671b631b631b62e49c86c486c486c5793bf58bf58bf58a0a75ffffffffffffe68a1
0000068331433143315ccea262826282629d9d6d450d450d4512baffffffffffffef8005
0000061f8a3f8a3f8a2075d89478947894676b90a8f0a8f0a8ef571fffffffffffef5701
0000062d51cd51cd51d2ae3d239d239d2382dc76c716c716c70938ffffffffffffe938c1
000006520e120e120e0df1e71c071c071c18e3f6381638163809c7ffffffffffffff5741
00000661f021f021f03e0fc86048604860579fb5c0b5c0b5c0aa3f5fffffffffffee3421
0000068a814a814a81557ea9028902890296fd66052605260539fadffffffffffff9fa81
000006010a410a410a5ef5af94af94af94b06b57a957a957a94856bfffffffffffe89ec1
0000063252925292528dad6d250d250d2512daf7ca37ca37ca2835dffffffffffff8cd81
000006569476947694696b81a8e1a8e1a8fe570151c151c151deae3fffffffffffff8005
0000066923a923a923b6dc5147514751474eb8a98ea98ea98eb6715ffffffffffffe1ec1
000006911d511d511d4ee2a63aa63aa63ab9c54175417541755e8abfffffffffffff8005
0000060e6a8e6a8e6a91957e551e551e5501aaf72a172a172a08d5ffffffffffffe8d5e1
0000063a543a543a5425abc8a868a868a877578550e550e550faaf1ffffffffffffaaf21
0000064a21ca21ca21d5de2443844384439bbc6207020702071df8fffffffffffffdf7a1
000006678e278e278e3871d11c511c511c4ee3a9b8a9b8a9b8b6475fffffffffffff7fe5
0000069ef17ef17ef1610e80e2e0e2e0e2ff1d09c5c9c5c9c5d63a3ffffffffffff8b4a1
000006120b920b920b8df467172717271738e8d6ae56ae56ae4951bfffffffffffff5e21
000006215c815c815c9ea361b921b921b93e46cff26ff26ff2700d9fffffffffffef7fe5
0000065fe4ffe4ffe4e01b19c9d9c9d9c9c6363193b193b193ae6c5fffffffffffee6c41
00000668276827682777d8914ed14ed14eceb1289d889d889d97627fffffffffffff15c1
000006923b123b123b0dc4e776077607761889f0ec30ec30ec2f13dfffffffffffee26e1
00000604d864d864d87b278d30cd30cd30d2cf2261826182619d9e7ffffffffffffd9e61
0000062e430e430e4311bcfe061e061e0601f9f78c378c378c2873dfffffffffffe873a1
00000657187718771868e78e30ce30ce30d1cf21e1a1e1a1e1be1e5ffffffffffffe1e61
00000667c347c347c3583cb206920692068df96f8d2f8d2f8d3072dffffffffffffeb7a1
0000069e9a7e9a7e9a61659634f634f634e9cb1169d169d169ce963fffffffffffee9621
0000060253825382539dac66a706a706a71958f9ce39ce39ce2631dfffffffffffef8005
000006209c609c609c7f638eb8eeb8eeb8f1471df1fdf1fdf1e20e1fffffffffffe930c1
0000065a63fa63fa63e59c10c7f0c7f0c7ef380e0fce0fce0fd1f03fffffffffffed6021
000006789f989f989f876076bf16bf16bf0940e1fe01fe01fe1e01fffffffffffffe01a1
000006837c037c037c1c83e278027802781d87eff02ff02ff0300fdfffffffffffef8005
00000618e078e078e0671f9d40dd40dd40c2bf2e01ae01ae01b1fe5fffffffffffe1de21
0000062c036c036c0373fc8106c106c106def92e8dae8dae8db1725fffffffffffeb75a1
000006579b579b579b4864b1b6b1b6b1b6ae49486d686d686d77929fffffffffffef33a1
0000067f5adf5adf5ac0a52235823582359dca6d6b0d6b0d6b1294fffffffffffff702c1
0000069f561f561f5600a9f7ac37ac37ac2853dcd85cd85cd84327bfffffffffffe33941
00000609b0a9b0a9b0b64f4161416141615e9eaf428f428f4290bd7fffffffffffed8061
0000063d853d853d85227add8a7d8a7d8a62759d14dd14dd14c2eb3fffffffffffe2eb21
0000065d299d299d2982d677533753375328acd126712671266ed99fffffffffffeed981
00000661cce1cce1ccfe330699c699c699d96621b381b381b39e4c7fffffffffffef8005
0000068767076707671898e1ce21ce21ce3e31cd9c6d9c6d9c72639fffffffffffef5441
0000061a38da38da38c5c731f1b1f1b1f1ae0e4fe36fe36fe3701c9fffffffffffec5d41
0000063646f646f646e9b9110dd10dd10dcef2289b889b889b97647fffffffffffef7fe5
00000651b731b731b72e48ce6e4e6e4e6e5191b95c995c995c86a37ffffffffffff85001
0000067539153915390ac6ea722a722a72358dc8e468e468e4771b9ffffffffffff8efa1
00000680c8e0c8e0c8ff370a11ea11ea11f5ee1123d123d123cedc3fffffffffffef0361
00000608c788c788c79738720f120f120f0df0e21e021e021e1de1fffffffffffffe47a1
0000062fbc2fbc2fbc3043d878587858784787b170917091708e8f7fffffffffffee8f41
00000641e121e121e13e1ece424e424e4251bdbe84be84be84a17b5fffffffffffe86b21
0000067789578957894876b8129812981287ed60a500a500a51f5affffffffffffff5ac1
00000681ca21ca21ca3e35ce946e946e94716b9628f628f628e9d71fffffffffffe9ebe1
0000061151d151d151ceae2da3ada3ada3b25c5dc77dc77dc762389ffffffffffff995c1
000006360ef60ef60ee9f1111df11df11deee200bbe0bbe0bbff441fffffffffffef7fe5
0000064a77ea77ea77f588116ff16ff16fee9005dfc5dfc5dfda203ffffffffffffc9e21
000006623f823f823f9dc06f7f0f7f0f7f1080fefe3efe3efe2101dfffffffffffe6c1e1
0000069dfc7dfc7dfc62039678f678f678e9871ef1def1def1c10e3fffffffffffe40ce1
0000060de38de38de3921c6f472f472f4730b8c10e410e410e5ef1bffffffffffffef1a1
000006291c891c891c96e378b918b918b90746e1f221f221f23e0ddffffffffffffe0dc1
00000648e468e468e4771b90c8f0c8f0c8ef370a11ea11ea11f5ee1ffffffffffffede61
00000679a3d9a3d9a3c65c27478747874798b8620f020f020f1df0fffffffffffffdf0e1
0000068e1e0e1e0e1e11e1ff3c1f3c1f3c00c3f7f837f837f82807dfffffffffffe807c1
00000610f070f070f06f0f8e60ce60ce60d19f3e419e419e4181be7ffffffffffff93261
0000063e833e833e83217cdf065f065f0640f9bd0c9d0c9d0c82f37fffffffffffe2f361
0000065f191f191f1900e6f7321732173208cdffe43fe43fe4201bdfffffffffffe23d21
0000066f486f486f4870b78090e090e090ff6f0fa1efa1efa1f05e1fffffffffffe8ab61
0000069e43de43de43c1bc3887988798878778738f338f338f2c70dfffffffffffec70c1
000006011e411e411e5ee1a93c893c893c96c37ef93ef93ef92106dfffffffffffee2c41
0000062272627262727d8d80e4e0e4e0e4ff1b0ec9eec9eec9f1361fffffffffffef7fe5
0000065f13df13df13c0ec3e279e279e2781d876cf16cf16cf0930ffffffffffffe930e1
000006721e121e121e0de1e43c243c243c3bc3c878487848785787bfffffffffffff7fe5
00000680f080f080f09f0f61e121e121e13e1ece424e424e4251bdbfffffffffffef8005
0000061984b984b984a67b5a095a095a0945f6a212821282129ded7ffffffffffffded61
00000626a506a506a5195af0ca30ca30ca2f35c094609460947f6b9fffffffffffff7fe5
0000064128c128c128ded72251825182519dae6ea32ea32ea3315cdfffffffffffef7fe5
0000067fc67fc67fc660399e8cfe8cfe8ce1731a19fa19fa19e5e61fffffffffffe5e621
0000069633f633f633e9cc0167c167c167de9828cf88cf88cf97307fffffffffffff8005
000006149f349f349f2b60c0be60be60be7f418f7ccf7ccf7cd0833fffffffffffff8005
0000063e799e799e7981867f731f731f73008cf7e637e637e62819dfffffffffffe819c1
0000065c4c7c4c7c4c63b38c18ec18ec18f3e70cb1ecb1ecb1f34e1ffffffffffff350a1
00000660e3e0e3e0e3ff1c0a47ea47ea47f5b8158fd58fd58fca703fffffffffffed6421
000006821f821f821f9de0673f273f273f38c0d17e517e517e4e81bfffffffffffef69c1
000006097c897c897c96837679167916790986ec722c722c72338ddffffffffffff88aa1
00000620e460e460e47f1b8d48cd48cd48d2b7389198919891876e7fffffffffffea6221
0000065ca31ca31ca3035ce1c621c621c63e39cf8c6f8c6f8c70739ffffffffffffa2061
0000067e98fe98fe98e1671d31dd31dd31c2ce3de3bde3bde3a21c5fffffffffffe21c61
00000697c757c757c74838b48e948e948e8b71619d219d219d3e62dffffffffffffe57e1
0000060eba6eba6eba71459a74da74da74c58b3369936993698c967fffffffffffec9661
00000625d305d305d31a2ce1a621a621a63e59cfcc6fcc6fcc70339fffffffffffef7fe5
0000065e98fe98fe98e1671d31dd31dd31c2ce3de3bde3bde3a21c5fffffffffffe21c41
0000067d475d475d4742b8b90e990e990e86f17a9d1a9d1a9d0562ffffffffffffe565a1
000006823a023a023a1dc5e7f427f427f4380bd368736873686c979fffffffffffee6b01
00000605d0e5d0e5d0fa2f0121c121c121dede2d438d438d4392bc7fffffffffffef8005
0000063687168716870978f40e140e140e0bf1e79c079c079c1863ffffffffffffedeb01
0000064238023802381dc7ef700f700f70108ffee03ee03ee0211fdfffffffffffe6e0a1
00000678c078c078c0673f9100d100d100ceff288188818881977e7fffffffffffeebee1
00000696031603160309fce186218621863e79cf0c4f0c4f0c50f3bfffffffffffff8005
0000061998b998b998a6675cb17cb17cb1634e8de2cde2cde2d21d3fffffffffffe0eb41
0000062245824582459dba6d8b2d8b2d8b3274dd967d967d9662699fffffffffffe8b221
000006562cf62cf62ce9d310d9f0d9f0d9ef2609b3c9b3c9b3d64c3fffffffffffef7fe5
0000067467946794678b9867cf07cf07cf1830e31e231e231e3ce1dffffffffffffd2581
000006813c413c413c5ec3ad788d788d7892877df13df13df1220edfffffffffffe9cee1
000006186258625862479dbdc49dc49dc4823b6b090b090b0914f6fffffffffffff4efa1
0000062a122a122a1235edc8a448a448a4575ba148a148a148beb75ffffffffffffeb721
0000064191419141915e6ea1a2a1a2a1a2be5d4ec56ec56ec5713a9fffffffffffef7fe5
000006760af60af60ae9f51195d195d195ce6a272b872b872b98d47fffffffffffef8005
0000068257025702571da8e72e072e072e18d1f25c125c125c0da3ffffffffffffef1ee1
0000060e380e380e3811c7f7f037f037f0280fd96079607960669f9fffffffffffe69f01
00000620c0e0c0e0c0ff3f0f81ef81ef81f07e1e83fe83fe83e17c1fffffffffffe83c01
0000065f87ff87ff87e078198fd98fd98fc6703f1fbf1fbf1fa0e05fffffffffffe0fc61
0000066ebf6ebf6ebf7140817ec17ec17ede8128fd88fd88fd97027fffffffffffe821a1
000006947b147b147b0b84e276027602761d89e76c076c076c1893ffffffffffffff8005
0000061d581d581d5802a7eeb02eb02eb0314fc160416041605e9fbffffffffffffe9fa1
00000629408940894096bf7181318131812e7ec88268826882777d9ffffffffffffdbe61
0000065084f084f084ef7b0e09ce09ce09d1f63e93be93be93a16c5ffffffffffff9f161
00000677a757a757a74858bd4e9d4e9d4e82b16e1d2e1d2e1d31e2dfffffffffffe38801
000006813a613a613a7ec58674c674c674d98b20e980e980e99f167fffffffffffef8005
0000060253025302531dacee260e260e2611d9fecc3ecc3ecc2133dfffffffffffe81321
0000063f987f987f9860679f30df30df30c0cf3ee1bee1bee1a11e5fffffffffffe11e41
00000658437843784367bc9106d106d106cef92e0d8e0d8e0d91f27fffffffffffef3761
000006771b371b371b28e4de367e367e3661c9816ce16ce16cfe931ffffffffffffe92e1
00000681d9c1d9c1d9de262333a333a333bccc4a674a674a675598bfffffffffffef8005
00000601cea1cea1cebe31479d479d479d5862bc3a9c3a9c3a83c57fffffffffffef1ce1
00000621f521f521f53e0acdea6dea6dea72159dd4fdd4fdd4e22b1fffffffffffe8a201
00000659a9d9a9d9a9c65631d3b1d3b1d3ae2c48276827682777d89fffffffffffed0fe1
000006754ed54ed54ecab1221d821d821d9de26ebb2ebb2ebb3144dfffffffffffff7fe5
00000698f678f678f6670992ecf2ecf2eced1304d9c4d9c4d9db263fffffffffffec8921
0000060d338d338d3392cc6267026702671d98ed4e0d4e0d4e12b1ffffffffffffe8f401
000006371c171c171c08e3f238123812380dc7eff02ff02ff0300fdfffffffffffef31e1
000006586058605860479fb6c096c096c0893f6201020102011dfefffffffffffffdfe81
0000066d822d822d82327ddd847d847d84627b9608f608f608e9f71fffffffffffe9f701
0000069091f091f091ef6e09a3c9a3c9a3d65c31c7b1c7b1c7ae385ffffffffffffca321
000006078f478f478f5870b09e909e909e8f61623d023d023d1dc2ffffffffffffff8005
0000062d7a0d7a0d7a1285fd741d741d74028bf7e837e837e82817dfffffffffffe817a1
00000650d070d070d06f2f8e20ce20ce20d1df38c198c198c1873e7ffffffffffff99321
0000067a031a031a0305fce206020602061df9ee8c2e8c2e8c3173dffffffffffffc76c1
0000069f987f987f9860679a30da30da30c5cf3fe1bfe1bfe1a01e5fffffffffffe028c3
0000060f436f436f4370bc8286c286c286dd79288da88da88db7725ffffffffffff71681
000006251b651b651b7ae48136c136c136dec928ed88ed88ed97127fffffffffffef7fe5
00000651db11db11db0e24e336033603361cc9e1ec21ec21ec3e13dfffffffffffff8005
0000066f584f584f5850a7be309e309e3081cf7f611f611f61009effffffffffffe09ee1
00000697c237c237c2283dd104510451044efba988a988a988b6775fffffffffffef8005
00000617115711571148eeae22ae22ae22b1dd40c540c540c55f3abfffffffffffff3aa1
000006208aa08aa08abf754095609560957f6a8faaefaaefaaf0551fffffffffffef7fe5
00000659d5d9d5d9d5c62a3fab9fab9fab805463d703d703d71c28fffffffffffffc28e1
000006672e072e072e18d1e25c025c025c1da3eeb82eb82eb83147dfffffffffffef0661
000006987058705870478fb1e0b1e0b1e0ae1f4dc16dc16dc1723e9fffffffffffee32c1
0000061a02da02da02c5fd3185b185b185ae7a4e8b6e8b6e8b71749fffffffffffecf781
0000063616f616f616e9e91fadffadffade0520f5bcf5bcf5bd0a43fffffffffffe28b01
0000064eb7aeb7aeb7b148416f416f416f5e90a9dea9dea9deb6215fffffffffffe85821
00000673bd53bd53bd4c42ab7a8b7a8b7a94856275027502751d8afffffffffffffd8b41
000006876a076a076a1895f1d431d431d42e2bc8a868a868a877579fffffffffffff4921
00000610d0f0d0f0d0ef2f09a1c9a1c9a1d65e3243924392438dbc7ffffffffffffd66a1
0000062f872f872f873078de0e5e0e5e0e41f1b91c991c991c86e37fffffffffffe6e341
0000065f393f393f3920c6cef26ef26ef2710d8264c264c264dd9b3ffffffffffffd9b41
00000663c9a3c9a3c9bc364093609360937f6c8a26ca26ca26d5d93fffffffffffef8005
000006924d924d924d8db26e9b2e9b2e9b3164d8365836583647c9bfffffffffffe6a901
000006126c926c926c8d936f590f590f5910a6feb23eb23eb2214ddffffffffffff6c001
0000063de47de47de4621b9a48da48da48c5b73211921192118dee7fffffffffffedee61
00000647232723272338dcd0c670c670c66f398a0cca0cca0cd5f33fffffffffffff8005
0000067399939993998c6667332733273338ccce664e664e665199bffffffffffffdb841
000006824c824c824c9db36f190f190f1910e6fe321e321e3201cdffffffffffffe721e1
000006176417641764089bf148314831482eb7c110411041105eefbfffffffffffef8005
00000629208920892096df76413641364129bec102410241025efdbffffffffffffefda1
0000064e048e048e0491fb77093709370928f6d092709270926f6d9fffffffffffef6d61
0000066fa4efa4efa4f05b19c9d9c9d9c9c6363e13be13be13a1ec5fffffffffffe1e841
00000680a760a760a77f588a4eca4eca4ed5b13e9dbe9dbe9da1625fffffffffffed95c1
000006023b623b623b7dc480f6e0f6e0f6ff090f6dcf6dcf6dd0923fffffffffffef8005
00000638db98db98db87247d371d371d3702c8e26e026e026e1d91fffffffffffffd91c1
0000064fdc2fdc2fdc3023d8385838583847c7bd709d709d70828f7fffffffffffe28be1
0000066261026102611d9ee7c227c227c2383ddd847d847d84627b9fffffffffffee6ba1
0000068b08cb08cb08d4f726118611861199ee60a300a300a31f5cffffffffffffff5ce1
0000060246024602461db9e70c070c070c18f3f098309830982f67dfffffffffffef8005
0000062130413041305ecfa9e0a9e0a9e0b61f50c150c150c14f3ebfffffffffffef4ec1
0000064202820282029dfd6d050d050d0512faff0a1f0a1f0a00f5ffffffffffffe97841
00000677141714171408ebf228122812280dd7ef500f500f5010afffffffffffffef4701
00000697a037a037a0285fd140514051404ebfad80ad80ad80b27f5fffffffffffef8005
0000061d015d015d0142feb982b982b982a67d5e855e855e85417abfffffffffffe23ca1
0000062d0a8d0a8d0a92f56e152e152e1531eac12a412a412a5ed5bffffffffffffed581
00000649548954895496ab7ea93ea93ea92156c1d261d261d27e2d9ffffffffffffe2da1
0000066124c124c124dedb2d498d498d4992b6769316931693096cffffffffffffea5761
00000693a613a613a60c59e6cc06cc06cc1933e118211821183ee7dfffffffffffff1a21
0000060230423042305dcfa260826082609d9f67412741274138bedfffffffffffef8005
0000063102510251024efda9048904890496fb7509350935092af6dffffffffffffe7701
0000064d924d924d92526dafa48fa48fa4905b6f490f490f4910b6fffffffffffff0b6e1
0000066e122e122e1231edc124412441245edba1c8a1c8a1c8be375ffffffffffffe3701
000006879147914791586eb222922292228ddd67452745274538badffffffffffffece61
000006108a708a708a6f758a14ca14ca14d5eb37299729972988d67ffffffffffffde141
0000062253025302531dace7a627a627a63859d3cc53cc53cc4c33bfffffffffffee98a1
0000064218821882189de76db12db12db1324ed86258625862479dbfffffffffffe8e241
0000067244924492448dbb6389038903891c76ea922a922a92356ddfffffffffffff7fe5
00000685a465a465a47a5b80c8e0c8e0c8ff370a11ea11ea11f5ee1fffffffffffef8005
0000061323f323f323ecdc00c7e0c7e0c7ff380a0fea0fea0ff5f01fffffffffffff8005
000006319fd19fd19fce6021bfa1bfa1bfbe4047ff47ff47ff5800bfffffffffffff7fe5
000006517eb17eb17eae81467d467d467d5982a27a827a827a9d857fffffffffffff8005
000006677527752775388ad16a516a516a4e95a9548954895496ab7fffffffffffff7fe5
0000069ea93ea93ea92156c0d260d260d27f2d8f24cf24cf24d0db3ffffffffffff91181
00000618c998c998c98736799319931993066ce3a603a603a61c59fffffffffffffc59e1
000006224c024c024c1db3e7180718071818e7f230123012300dcfffffffffffffef3ce1
00000641e021e021e03e1fc8c068c068c0773f9380d380d380cc7f3fffffffffffee0761
0000066a818a818a81957e6183218321833e7ccf866f866f8670799fffffffffffec7b41
0000069e8cfe8cfe8ce1731f99ff99ff99e0661f33df33df33c0cc3fffffffffffe0cc21
0000061ee7bee7bee7a1185f4f5f4f5f4f40b0b99eb99eb99ea6615fffffffffffe66141
00000630bd70bd70bd6f42867ae67ae67af9851175d175d175ce8a3fffffffffffff7fe5
000006496ba96ba96bb6945dd75dd75dd74228a1aea1aea1aebe515ffffffffffffe5161
00000667dd47dd47dd5822baba9aba9aba85456275027502751d8afffffffffffffd8ae1
0000068fea2fea2fea3015d8d478d478d4672b9c28fc28fc28e3d71fffffffffffe3d6c1
0000060c51cc51cc51d3ae28a388a388a3975c6547054705471ab8fffffffffffffab8e1
000006298e098e098e1671e31c031c031c1ce3e238023802381dc7fffffffffffffdba61
0000064ff02ff02ff0300fd8e078e078e0671f95c0d5c0d5c0ca3f3fffffffffffea3f01
0000066201820182019dfe6e030e030e0311fcfe061e061e0601f9ffffffffffffe87b61
0000069e0c1e0c1e0c01f3f798379837982867d0b070b070b06f4f9fffffffffffef4f81
0000060660e660e660f99f10c1f0c1f0c1ef3e0e03ce03ce03d1fc3fffffffffffff8005
0000063e079e079e0781f8770f370f370f28f0d11e511e511e4ee1bfffffffffffeee1a1
000006493c893c893c96c371f931f931f92e06c8f268f268f2770d9ffffffffffffd4dc1
0000067464f464f464eb9b0bc9cbc9cbc9d4362213821382139dec7ffffffffffffdec61
0000068fa72fa72fa73058dece7ece7ece6131961cf61cf61ce9e31fffffffffffe9e301
0000061439d439d439cbc62873a873a873b78c40e740e740e75f18bfffffffffffff1a61
00000624ce84ce84ce9b316c9d2c9d2c9d3362c0ba60ba60ba7f459fffffffffffff4561
0000064d74cd74cd74d28b3969b969b969a69656d356d356d3492cbfffffffffffe92c81
0000066d26ad26ad26b2d94a4d4a4d4a4d55b2a81aa81aa81ab7e55ffffffffffff7e521
0000068135413541355ecaae6a8e6a8e6a91957e551e551e5501aaffffffffffffe8ec81
0000061faa3faa3faa2055d8545854585447abb7a8b7a8b7a8a8575fffffffffffe85741
00000620d160d160d17f2e8a22ca22ca22d5dd3445b445b445abba5fffffffffffeda241
000006410b410b410b5ef4ae168e168e1691e97f2d1f2d1f2d00d2ffffffffffffe95f01
000006775a175a175a08a5ffb41fb41fb4004be1e821e821e83e17dffffffffffffe17a1
0000068dd06dd06dd0722f9ea0fea0fea0e15f1a41fa41fa41e5be1fffffffffffe5be01
0000061103d103d103cefc2887888788879778778f378f378f2870dffffffffffffef4a1
000006211e411e411e5ee1ae3c8e3c8e3c91c37779377937792886dfffffffffffe96f81
00000650f270f270f26f0d8664e664e664f99b10c9f0c9f0c9ef361fffffffffffff8005
0000066a13ea13ea13f5ec1127d127d127ced8294fa94fa94fb6b05ffffffffffffd4741
000006921f721f721f6de0843ec43ec43edbc1227d827d827d9d827fffffffffffff8005
000006077b277b277b3884d176517651764e89adecadecadecb2135fffffffffffff8005
00000638597859785967a690b2f0b2f0b2ef4d0a65ea65ea65f59a1fffffffffffef7fe5
0000065b4bdb4bdb4bc4b42617a617a617b9e84c2f4c2f4c2f53d0bffffffffffff72521
000006685ea85ea85eb7a1413d413d413d5ec2af7a8f7a8f7a90857fffffffffffeef541
0000069e751e751e75018affea3fea3fea2015d8545854585447abbfffffffffffe7aba1
0000061da89da89da8825761d121d121d13e2ec8224822482257ddbffffffffffff92ec1
0000063544b544b544aabb4109410941095ef6ad128d128d1292ed7fffffffffffff7fe5
0000065da53da53da5225add4a5d4a5d4a42b5bf94bf94bf94a06b5fffffffffffe06da3
00000677a957a957a94856b252925292528dad6da52da52da5325adfffffffffffee9161
00000698ca78ca78ca67359894d894d894c76b2229822982299dd67ffffffffffffdd661
00000607532753275338acd0a670a670a66f598e4cce4cce4cd1b33fffffffffffff8005
0000063e199e199e1981e67f331f331f3300ccf7e637e637e62819dfffffffffffe819c1
00000650cc70cc70cc6f338a18ca18ca18d5e731b1b1b1b1b1ae4e5fffffffffffedfa61
000006686368636863779c9146d146d146ceb9258da58da58dba725ffffffffffffee2c1
000006811b411b411b5ee4a9b6a9b6a9b6b6495f6d5f6d5f6d4092bfffffffffffedb3c1
000006025a825a825a9da567352735273538cad16a516a516a4e95bfffffffffffef4dc1
00000629548954895496ab74a914a914a90b56e252025202521dadfffffffffffffdb001
00000647a427a427a4385bd0c870c870c86f378610e610e610f9ef1fffffffffffff8005
00000673a1f3a1f3a1ec5e0143c143c143debc2e078e078e0791f87fffffffffffff7fe5
000006968f168f168f0970f69e369e369e2961c0bc60bc60bc7f439fffffffffffff42a1
0000060e78ce78ce78d1873971b971b971a68e5463746374636b9c9fffffffffffeb9c81
0000062bc6ebc6ebc6f439008de08de08dff720e1bce1bce1bd1e43fffffffffffec2ee1
00000658b798b798b78748726f126f126f0d90eede2ede2ede3121dfffffffffffed62c1
000006783c583c583c47c3b1f8b1f8b1f8ae07487168716871778e9fffffffffffee4ec1
00000690e2f0e2f0e2ef1d0a45ea45ea45f5ba1d0bdd0bdd0bc2f43ffffffffffffd6421
0000060217821782179de866af06af06af1950f15e315e315e2ea1dfffffffffffef8005
000006223c623c623c7dc38478e478e478fb870171c171c171de8e3fffffffffffef7fe5
0000064de3ade3ade3b21c5d475d475d4742b8bf0e9f0e9f0e80f17fffffffffffe0ef81
000006771d371d371d28e2d8ba58ba58ba4745a1f481f481f49e0b7ffffffffffffe0b41
00000681e921e921e93e16cf524f524f5250adb9249924992486db7fffffffffffe79d21
00000611c931c931c92e36cf926f926f92706d9f24df24df24c0db3ffffffffffff71c41
0000063d499d499d4982b677133713371328ecd226522652264dd9bfffffffffffedd9a1
00000647cca7cca7ccb8334119411941195ee6a9328932893296cd7fffffffffffef7fe5
0000067265126512650d9aefca2fca2fca3035de947e947e94616b9ffffffffffff601c1
0000069d28dd28dd28c2d738d198d198d1872e70a310a310a30f5cffffffffffffef5ce1
00000604c604c604c61b39e20c020c020c1df3ee982e982e983167dfffffffffffef8005
0000063d305d305d3042cfb96099609960869f7241124112410dbeffffffffffffedbee1
00000647020702070218fdf88418841884077be188218821883e77dffffffffffffe77e1
00000668104810481057efbfa09fa09fa0805f61c121c121c13e3edffffffffffffe3ec1
00000688024802480257fdb084b084b084af7b4089608960897f769fffffffffffff8005
0000060e92ee92ee92f16d1a25fa25fa25e5da1f4bff4bff4be0b41fffffffffffe08181
0000062097e097e097ff680a2fea2fea2ff5d010dff0dff0dfef201fffffffffffef3781
00000649bfc9bfc9bfd640337f937f937f8c806a7f0a7f0a7f1580fffffffffffffb40e1
000006627e027e027e1d81effc2ffc2ffc3003d878587858784787bfffffffffffe788a1
0000069df0bdf0bdf0a20f4fe16fe16fe1701e8f42ef42ef42f0bd1ffffffffffff0bd01
0000060e05ce05ce05d1fa220b820b820b9df467172717271738e8dffffffffffff862c1
00000630ae70ae70ae6f5180dcc0dcc0dcdf232139a139a139bec65fffffffffffff7fe5
0000064273627362737d8c8166c166c166de99294da94da94db6b25fffffffffffef7fe5
0000067b9b7b9b7b9b646480b6e0b6e0b6ff4909edc9edc9edd6123ffffffffffffc3361
00000691dbb1dbb1dbae244eb76eb76eb771489deefdeefdeee2111ffffffffffff800a1
0000061d5ddd5ddd5dc2a23dbbbdbbbdbba2445e775e775e774188bfffffffffffe18921
0000063feebfeebfeea0115e5d5e5d5e5d41a2b93a993a993a86c57fffffffffffe6c561
0000065cf53cf53cf5230ac9ea69ea69ea76158754e754e754f8ab1ffffffffffff8ab21
0000066129c129c129ded62953a953a953b6ac5127512751274ed8bfffffffffffef1061
0000068f4e8f4e8f4e90b17d1d1d1d1d1d02e2f73a173a173a08c5ffffffffffffe8c5e1
000006177437743774288bc168416841685e97aed0aed0aed0b12f5fffffffffffff8005
00000637a157a157a1485eb242924292428dbd6d852d852d85327adfffffffffffeea4a1
000006588a788a788a67759114d114d114ceeb2d298d298d2992d67fffffffffffeee161
0000067fd33fd33fd3202cd8265826582647d9b1ccb1ccb1ccae335fffffffffffee3361
0000068d996d996d9972669e32de32de32c1cd38e598e598e5871a7fffffffffffe71a61
00000611cb31cb31cb2e34c896689668967769912cd12cd12cced33fffffffffffee80c1
0000062959a959a959b6a650b350b350b34f4ca1e6a1e6a1e6be195ffffffffffffed181
0000064d4d4d4d4d4d52b2bf9abf9abf9aa06558357835783567ca9fffffffffffe7ca61
00000670eaf0eaf0eaef1509d5c9d5c9d5d62a362b962b962b89d47ffffffffffffdc521
0000068bd72bd72bd73428c7ae67ae67ae785180dce0dce0dcff231fffffffffffff2301
0000060a39ea39ea39f5c61173d173d173ce8c2967a967a967b6985ffffffffffffcd8c1
000006364f764f764f69b0809ee09ee09eff610dbdedbdedbdf2421fffffffffffff7fe5
0000065a7bfa7bfa7be58413f7f3f7f3f7ec0800efe0efe0efff101fffffffffffff0fe1
0000066a5fea5fea5ff5a0113fd13fd13fcec02effaeffaeffb1005ffffffffffffcf021
000006987f787f787f678097fed7fed7fec801227d827d827d9d827ffffffffffffd8241
0000060e7b0e7b0e7b1184f776177617760889f26c126c126c0d93ffffffffffffed93e1
00000627580758075818a7f230123012300dcfe7e027e027e0381fdfffffffffffff0841
00000650c070c070c06f3f8e80ee80ee80f17f1f81ff81ff81e07e1ffffffffffff93ee1
0000067a03fa03fa03e5fc1d87fd87fd87e278008fe08fe08fff701fffffffffffff6fe1
0000068f1fcf1fcf1fd0e03ebfbebfbebfa1405d7f5d7f5d7f4280bfffffffffffe280a1
000006197e997e997e868171fd31fd31fd2e02cefa6efa6efa71059fffffffffffed0421
0000063d74dd74dd74c28b3d699d699d6982967f531f531f5300acffffffffffffe0af61
0000065e261e261e2601d9fe4c1e4c1e4c01b3fe181e181e1801e7ffffffffffffe1e7e1
00000677301730173008cff260126012600d9fee400e400e4011bfffffffffffffef01e1
00000697001700170008fffa803a803a80257fc500450045005affbffffffffffffafea1
0000060d80ad80ad80b27f4f016f016f0170fe8e02ce02ce02d1fd3ffffffffffff1fd21
0000062c05ac05ac05b3fa410b410b410b5ef4ae96ae96ae96b1695fffffffffffeb6f21
0000065d2d5d2d5d2d42d2bfdabfdabfdaa0255f355f355f3540cabfffffffffffe0caa1
0000067e6a9e6a9e6a81957e551e551e5501aaf72a172a172a08d5ffffffffffffe8d601
0000069254125412540dabe7280728072818d7f350335033502cafdfffffffffffff0b81
00000600a060a060a07f5f8ec0eec0eec0f13f1a01fa01fa01e5fe1fffffffffffe928c1
0000063303d303d303ccfc2587a587a587ba784e8f6e8f6e8f71709fffffffffffff7fe5
0000064d1eed1eed1ef2e10ebdcebdcebdd1422dfbadfbadfbb2045ffffffffffff20441
0000066ff74ff74ff75008a46ea46ea46ebb914bdd4bdd4bdd5422bffffffffffff40f01
00000681baa1baa1babe4547f547f547f5580ab1eab1eab1eaae155fffffffffffef1021
0000060fd56fd56fd5702a962af62af62ae9d51155d155d155ceaa3fffffffffffeeaa21
000006292ba92ba92bb6d45157515751574ea8a9aea9aea9aeb6515ffffffffffffe0bc1
00000650dd70dd70dd6f22863ae63ae63af9c514f5d4f5d4f5cb0a3fffffffffffff8005
000006696b896b896b969466572657265739a8cc2e6c2e6c2e73d19fffffffffffe8c381
0000068c5ccc5ccc5cd3a321b9a1b9a1b9be464d734d734d73528cbfffffffffffea7ca1
0000061de6bde6bde6a2195dcd7dcd7dcd6232961af61af61ae9e51fffffffffffe9e501
0000063135d135d135ceca2f6b8f6b8f6b90947dd73dd73dd72228dffffffffffff7ea21
000006582e582e582e47d1b25c925c925c8da367392739273938c6dfffffffffffee05a1
0000067172517251724e8da96489648964969b71c931c931c92e36dfffffffffffedc1a1
00000688124812481257edb1a4b1a4b1a4ae5b4f494f494f4950b6bffffffffffffecb81
0000061d129d129d1282ed76a516a516a5095af1ca31ca31ca2e35dfffffffffffee35c1
00000628144814481457ebb228922892288dd76dd12dd12dd1322edffffffffffffe4621
0000065e225e225e2241ddb9449944994486bb7889388938892776dfffffffffffe776c1
0000066112411241125eedae248e248e2491db77493749374928b6dfffffffffffe993a1
0000069112511251124eeda9a4a9a4a9a4b65b5149514951494eb6bfffffffffffee83c1
0000060d128d128d1292ed7da53da53da5225ad8ca78ca78ca67359fffffffffffe73581
0000063e94fe94fe94e16b0129c129c129ded62953a953a953b6ac5ffffffffffff8cf41
0000065f275f275f2740d8a1cea1cea1cebe31479d479d479d5862bffffffffffff896e1
00000671bab1bab1baae4540f560f560f57f0a866ae66ae66af9951fffffffffffff7fe5
0000069155d155d155ceaa292ba92ba92bb6d45a575a575a5745a8bffffffffffffe0d01
00000608ae88ae88ae975161dd21dd21dd3e22c83a483a483a57c5bfffffffffffee0521
00000634f4b4f4b4f4ab0b40e960e960e97f168a52ca52ca52d5ad3fffffffffffff7fe5
0000065c259c259c2583da624b024b024b1db4e7160716071618e9fffffffffffffa37a1
00000674ac14ac14ac0b53e1d821d821d83e27c8304830483057cfbfffffffffffff7fe5
00000691e0b1e0b1e0ae1f48416841684177be9302d302d302ccfd3ffffffffffffe4d61
0000060185a185a185be7a4e8b6e8b6e8b71749f16df16df16c0e93fffffffffffe86f01
00000638ad98ad98ad8752725b125b125b0da4e7b627b627b63849dfffffffffffed8761
000006516c516c516c4e93a9d8a9d8a9d8b62750b170b170b16f4e9fffffffffffef4261
0000066d62cd62cd62d29d3fc5bfc5bfc5a03a578b578b578b4874bfffffffffffe874a1
0000069196b196b196ae69482d682d682d77d29edafedafedae1251ffffffffffffebfc1
0000060135c135c135deca28eb88eb88eb97147257125712570da8ffffffffffffee9f61
0000062d2e0d2e0d2e12d1f75c175c175c08a3f9b839b839b82647dfffffffffffe63f41
00000643f063f063f07c0f8b60cb60cb60d49f2641a641a641b9be5ffffffffffff94a21
0000066103410341035efca9068906890696f9718d318d318d2e72dfffffffffffeef481
0000068e1a4e1a4e1a51e5b9349934993486cb71e931e931e92e16dfffffffffffee16c1
0000060f524f524f5250adb9249924992486db79c939c939c92636dfffffffffffe636c1
00000627126712671278ed8124c124c124dedb2949a949a949b6b65fffffffffffef7fe5
0000065093709370936f6c8e26ce26ce26d1d938cd98cd98cd87327ffffffffffff9c321
000006721b121b121b0de4e7360736073618c9f1ec31ec31ec2e13dfffffffffffff0f81
0000068f584f584f5850a7beb0beb0beb0a14f586178617861679e9fffffffffffe79e81
0000070d21947f4228e7bd1cec300c33343bfa3f7ae8e98d0d54747f8008e98d0d5c38a5
000007385ae1219f7f58e8f6174ab2e59b9e51ca8c2594365232a3aa8d25b05d9b0f7fe5
00000753b74bdae5c1864741c19f4740e6ef0e852c367c2aa8359d252c1f800aa82dddc5
0000076cf7540af2358bba5f4c20e4270e3ef4b83ae139877956e97f7fe138a7795f7fe5
00000796dafa8199974952eb174df2e44b9e25d08c331423f237cbba817f801668ff8005
00000707baf6d992814b9769daf5418a675daef5174a72f5ab925dca1faa7316103f8005
0000072c819c174032e73b9fac20dc27002ef739fae1499f6550ee6fc01581bf652eb4f1
000007555afa6199af495cec174c32fc3b8039de8180975f12f0f39e81ff1dbea5818a61
0000077ba199df4940fd6711e19b4f41e4ff4e056c2e6c24ac361c26496ea344d74f8005
0000078c7af4298a3d4db87e5758a2f91f9170da0189b75d5ae0619f8009b7bd7877ad65
00000712ac339c2bd025c323fae7c99ec54086615ae7618eef5c8ce150675fbf801c8ce5
00000724174e32e4bb9e19ce8c3494221237b3bbb749dae5418e675b48fb33a5418edf81
00000751c19b4759e6f14e8521967f5aa8e99d0cec240c26342eba2cec0a46ad184eba01
0000077f7af8e9810d5774785af921897f4568f61aeab1959b5a51ef800b229596da5205
0000078a974d92e4539e23d38c33d423c237c7a1b7575af2e18b8f56a579fa52d78e81e1
00000705cc364422a6379ead374c7ae4299e3d5cc198075936f17a9c9d1b425936ee6a81
0000073f2190ff5b08e9f518ec310c3b7429ea377afae9818d5f546f7ffae96f029f50c5
000007485af5218a7f5da8f6174ab2f59b9251ca8c2594365222a3aa8b185d38a1a88a61
00000773b74bdaf5c1824741cc2f443ce6280ea537467ae6a9869d45374f800b2e669e25
0000078ccc240426363ebabf3758faf909917558c191074376e7ea9f801581d7c328ed65
000007172c3afc3988295528f7450ae6759eaa574c22e4278e3ed4b8bfd888d83e1f8005
000007283ae539867956a976daf2818b974dd2eb1ae5f1964b52a5eb19a5f16a92dd0b81
000007509ae31197f342cbe79ae6d19e834897e9975d52e063872fc9973d52eef96731a1
000007758c2a5435a23a5fadb75c5ae821953f5dcc204427263efebdd8bf3546e61efe81
0000079d3ae079872956fd7cd74802e5378e7adf0c30f4230a37f5af80000465021df847
00000718baf1198b714deb77d75ac2f9879156c90c25743e6a20ada994a5975e9517c581
00000734bae21987b146db6fdaecc184074e36f9175972f96b996dcfc01964596b4d9c21
00000754819a1741b2ff5b8fa194df5a00f9b719ec214c27642eee2fc00783e7614f7ff5
0000077577426ae7ad96dc4c4c2424263e2eb8be3748bae51996715e3808bb06943e1ec1
0000079acc218427562ee2b3374bfafdc9904540cc2f043cf6280aa6922f043de6279aa1
000007073af6f98a894d9568dafd019877592af71ae2f18f8b44d5e88c6c7c6fc01f4771
000007289af5118a7355abf7975ad2e1839757c98185575662faaf8927687316535aaf41
00000755a1925f4ba0f5df0de19c4f4024ff3e1d6c286c252c367c3d87e88ca5434da581
0000077c7af0298b3d4df87e5af8a1991f5970fa1759b2f95b8161cf8019b2dced3f7fe5
000007928c239427d23ec3a3b74fdae4c1960741c18f475ce6e00e81be6fc01ce6ed4ec1
000007052c267c26a83e9d2cf7440ae63596ba5f4c20e42f0e24f4bf4bc30fef0e2de4a1
000007383af1398b7955e976d74a82e5979e52cb019df7584af1258b02bdf749744cc001
00000750a18b1f55f0e24b07ec2ecc2484261629774d6ae46d8e2c49772f7fe44e6e2c45
0000077441922743bef7d88e219cbf4018ef311ae1918f4b54f5e21b6ac779eb551f7fe5
000007936c23ec27cc2ec4207aff2980fd5708665afea1889f4d10e65afea4089f5e2cc1
0000070a1afdb1905b5b21f2974392f7d392c3c38c3fd428c23507b5258fc008c22655a1
00000721b74f5ae4e19e0f45cc264436a6329ead374c7afc29803d4d374e375c29893181
0000075ccc30043b3621fabf3748fae509867558cc3104237627eaaf7ff11478c3a7eaa5
00000777375afae1899f5548cc250426763eaab7374afae589965558a90af2e589cf8005
00000788c19d074076ef2a97218aff5d88f05508e1950f4a74e5aa084eff800a73f7d7e5
00000717619aef418cef540861952f4a7cf5a8166c32ac239c27d0385568a3c4b23d8b21
0000072a7af5a98a5d5da072574ba2fddf9040c20c27b43eda2081b550d9cc7f7fe62245
00000742b74f9ae4d1860343c19fc740c6ef0681219f7f58e8f10d012a2fc018e8ed89f1
00000764e18e0f54b4e21a0f618cef540ce234186c292c257c26682cc64f80057d066845
000007967afaa9919d43506a5ae5a1865f56a0f21afbb189db5d41f9569bb4e9db5d41e1
00000702974f92e4d39e03c3819fd740c2f70781a19f5f40e0ef0f01a3efc000e5ef2071
00000725e1964f4aa4f59e0d6c246c262c2ebc3c7af829813d57787c12f829a95dbce841
0000075e5af0a18b1f4df0fa1749b2fd5b9861d2819b9741d2ef438f7ffb977f800eb285
00000763ac37dc2ac0358721faf7498ae54d8e65575e62f8af911cc5577e62ce2c1b9641
0000078c0c24343e3a20b9bebae099971142f37bd749c2fd478066df8009c2ed5ee06727
000007110c23743fea20cda4bae61986b1469b6fd75cc2e8078d36cfc01cc2efc00d36c1
00000739019977416aff6d94a1921f5bb0f9db0fe19ccf4004ef360fc01ccf35a24f7fe5
000007596c216c3f6c30ec34775a2af9bd81584e4c24a43e1e20b0ae4c242aaf7fe0b085
0000077a3ae1b9975942e172d74382ffd788c2c30197f742cae78585a157f72fc00786e1
00000780ac3f1c20f03f0b27fae6c996855a96695af5618a6f5dace95afe75ca6f4f8005
000007141af2319bbb51d9ee975c92f8138133db8189d75d42e0679bdd09ddbd0ce06763
00000731a1935f5be0e9cf05ec264c26a4269e2d77546aea2d9dbc4d7734761ac99dbc01
0000075c419827413eff789e2188bf5518f2711ae1918f4b54e5e20f7ff97a0b54ca6a65
000007736193ef5bcce1c400619f2f40fcff08066c2eac249c3610266c2eaed4f8995281
0000078a774daaec5d8c2052419ba741deff40822c37bc2ad8358135385f800ad8ff8005
00000702faef8984d54602635af7e18acf5d84e01ae7319efb5089e0284fc01efb5c0773
000007269af6919a934193eb9af5d19a4341a7f19ae3519fe348cfeabb65042fc008cfe1
000007459af6518aa34d9fed9ae4519e2358bffd9af0519b2349fffd8f532e1f801eef85
0000077d974852e5239e7fdd8188575d22f07f9da1905f5b20e9ff0f8009317b846a0385
0000079de1804f5f24e0fe1d61906f5b2cf1fc1c6c302c333c33f82f80102c2f8013f827
0000071e7748aae51d9e705a4189a7555ef260922c33bc3bd821c12f800adf5bd82952c5
00000722f7478ae6d58682434c27e426ce2e84a03af7399af951896047279adaf8ed86e3
00000746d74e82fc978012cb019df7584ae12590ac231c37f022cb2a59df800d7002cb25
00000767f74ecaf485821649419567426ee7ac942c223c27b82ed929bafcb747b82ed941
0000078ef75c8af81591325b4c29e43d4e2864b0375b3ae9f98d495f801ef90df1cd4945
00000706c186874696f6928b2c35fc2a483da530f7530af3f59bca4a82350de96bcc8a61
000007274196e7528ef394882c353c227837a936f75a8af1959b5247c67a8ad1961b5221
0000074b4c3de4304e3324b0374b3ae5f9964946c19e874096ff1286bebf80008d5f1285
0000076b218dff5448f22510ec330c3bf421ca27774eeafc8d80144772aeeadc8cc013c3
00000788419d27587ee128962192bf5b98e9d10ae19d8f4054ef220ae09d8f2c984f2201
000007136c33ec3bcc31c42077472ae6fd8688464c26a4269e2e90a64c26a1bb49ee90a1
0000072a374dbae459962152c1938753d6e3c2832c27fc26c83e85358539b5a6c81e8521
00000740f74f0af4f5920a474196e7428ee794882c253c26782ea9282c3e7b06780ea901
00000776faf2899b9551d26b5afde1984f4924f01af3318bfb4dc9fad668f24cb7cdc9e1
00000786974e92fc939813cb8c25d426422ea7b1baf3599be151cf6aa5acf37c289f4181
00000705dafe4198a7491eed174c72e42b8e3ddc8188175532f27b9c427f8015c98f8005
0000073fac30dc2b0025f739faf1498b654dee75574262ffaf98dccfc00262efc00c6471
0000074c019c37403aef399eac309c3b1031f33bf759caf94581665f8019ca9945b9b045
0000077141936743eee7cc84219e3f40b8ef190ee18c8f5c14f0320ee18c94dc14cf7481
0000079b6199ef594ce16410618b2f55fce248066196af4a9ce590066c5da3caa0059001
0000070a6c25ac265c2ea0327743aae7dd96c0424c27a426de2e80b560e7a4274e4e0901
00000722374fbaf4d9920142c1978742d6e782832c27fc26c82e85232c2fc006c80e8511
00000740f74f0af4f5920a474c2ee43c8e2814a83ae5399e7940a9683aef7ffe78d29605
00000776d75a82f9979152cb0c25f4364a32a5b0baf3198bf15dcb7a6bb8f9abf33dcb41
00000787dafec198875916e91afd71886b452df49aea1195b35a5be9844f80197a1a5d85
0000070f9af4d18a035db7f99ae1519f6350eff59ae2519fa348dfefc002502fc008f571
0000072d975c52e023873fdd8c205427223effbdb7485af521927f5f7fe858b5217ebf65
0000075dc190474326e7fe9d2c207c27282efd3cfae0099f3550fa6f7fe0097f354f7ba7
0000077f5748e2f50f8274d80c2134377a22e9b6bae299979142d36f80031cb78cc2d3a5
0000078bdae5c19e4740a6f1175b72f9eb814dc4819e1740b2e71b9541fe17af80071b85
0000070fac24dc26002eb739faf9498165576e75574a62e5af8e5ccfc00a6185af9df0b1
0000072c018c375c3af0399ea1909f5b10e9f31bec21cc27442ee63f7ff5626f7feee605
0000075177436ae7ed96cc444c36243abe2198ae374cbae4199e314e372cbadb309e3161
0000077acc29843d563862b33743fae7c986c540c19f0758f6f90a86925f073da8d92041
000007872c2efc24883e1528f75d0af875992a574c22e4378e32d4a88cdf8017964f8005
000007083af5398a7955a976dafa8181975752eb174df2e44b9e25cb160df304f91e25c1
000007308c331423f237cba7baf6d98a814d9769d74d42f467922ec9d72d42e6ed5df0c1
00000755019a7741aae75d8cac3c1c2830253b3ff748cae5059e764fc00f16c5093e7641
00000779419167436ef7ec942c323c23b827d92efaec899c1550326efb0c89bc15384881
0000079b5749e2e54f9e64d0018b3755faf24986a1969f5a90e99306a1ada27a90e9ed01
0000070be18dcf5c44e026116c236c27ec3ecc24775e2af8bd911855b13e2a9cb676f281
0000072e418ca75c1ee0309a2c31bc2b5825e132faf3898bd54dc27f7ff6f7ff7fedc265
000007435affe198cf5904e0174f32e4fb8e09c6819e974092f71386818fc0164bbf8005
0000076bac25dc26402ea731f74b4afde5904e454c2e643cae281cb5e66e649d2d27d321
0000078c3af4398a394db97ed74082ff1798f2db0c29f42d4a2465bf8009f43f801f2fc5
00000710baeb199df1584b67daf6c18a875d96e9174d72fc6b982dc9174d6f5f800e6fa5
000007348c221437b22adbafbaf4d98a015db779dae141976752eeefc00131da377f7ff5
000007551ae2719fab48ddec974c12e4338e3bdf8198d75902f1778fc018c60fc00f7ff5
00000779ac315c2b6025ef35fae2499fa548de6d5af4618a2f5dbced5b34618fc01dbcd1
0000079c175832f93b9179de8c20943f1220f3bbbae1d9974142e76f8001640f8002e765
00000711d74342ffe788cec5019e7740aaef1d8ca18c1f5c30f03b0ca18c138fc00f8005
0000073fe190cf4b04e5f6196c396c216c276c347aea2995bd5a586fc00a29957ffa57e1
0000074e574ca2e41f9e30da0c21b43f5a30e1b2bae39987d146c37f8006e79c0787cc85
00000763d74fc2e4c78e06c1019f7740eaf70d84a1861f56b0ea9b04a1afc016b0dd9281
0000078fec24cc26043eb6397af969816d576c745afa2189bf4558efc01a2309bf4ea821
0000070e1744b2e61b96b1da8c219427523ee3b3bae3d987c156c77f8003d9c7d14e1e05
00000721d75742e2e7878ec50c3e7420aa3f1dacbafc1990315b3b6cbaee303030ff3083
0000075fd748c2e5079e76d90189775d6af06d94ac321c2bb025db2fc00abc2b63e76e61
0000076ffae4c986054eb679574962e56f9e6cd40c223427ba3ed9afc006b307bb3f7fe5
0000078ebae499861156b37bdaf9c199474166f11af3718beb5dcdff8016e9ebea7dcde5
00000704974e12fcb3901bcf819cd75802e13799a1895f5d60e06f0fc01f801c25606f17
00000735e1924f4ba4e5de0d6c346c3a2c29bc3c77482ae53d9e785caf882afe5dbe7821
0000075e4c28a43d1e3870ba3759baf959896152c19b8741d6ff428f7ffbc34f065f42c5
00000763218fff54c8f20500ec370c3af4218a277746eae68d869447776fc00851469441
00000788418d274c7ee42896218abf4d98f4510aec258c26543ea22aeb2f800f801ea225
000007137afbe981cd574460574f22f4ff8a08c60c26b4269a3e91a60c3f80069a3e91e5
0000072abae599865156a373d753c2f3c783c6c1019f7740eaff0d971d1f7752947f0d81
00000744a18e1f5cb0f01b0fec2ccc24042636397ae969956d426c6fc00f7ff937a26bc5
00000774574a22e5bf9e58ce019cb7401af7319aa1919f4b50ede31b3dbf692b510e8401
00000793e193cf53c4fbc60161976f42ecf78c046c262c26bc3e98246c263226bc3e94c1
0000070e774caaf41d92305a4189a7555ee260922c33bc3bd821c13f800edf5bd821c0e5
00000722faff8980d5470263574fe2e4cf8e04c00c373422fa3789a0194fc002fa6d8733
00000746baf6998a914d936bdae5c19e4750a6f11af3719beb41cdeb1fd5033f8016c005
000007649ae6119eb3489bef9af4d18a034db7f9974952fd63906fcfc00952ff7feee015
00000795818a575da2e05f8da1945f5a20e9bf1dec284c3d24207e3df6681d4f80029665
0000071d77486ae52d9e7c5c419027433ef7f89e2c38bc311823712f8018bc302d8ef4e7
0000073afaf1898b555de2735af3e19bcf51c4e01ae7319efb4089e6d667319f7fe82e05
000007469ae6919e934893eb974dd2ec438c27d18c235427e23ecfaab70cefbf801eb785
00000765bae65996a1529f6dd74c42fc27803edd0c30743b2a21fdbcc9ab25aa23a1fda1
0000079cb7581af931817b5fc190c74306e7f6992c217c27682eed2fc001f6a7624eed21
00000714f74a0afdb5905a4f4c2ce43c0e2834b837513afb7981e95cc58f778f8001a9a5
00000736cc228427963ed2ab374dfae449962550c183075ff6e0ca9a9209018fc00d87e1
000007472c26fc2e883c9528f74d0ae475962a57418ae74d8efc54888e0c972d971c2301
00000768219d3f4878f52916e19a8f4194ff520b619def584cf1240b608f80184ccd0ac5
00000790618b2f55fce248066c2eac249c26102a7af5a98a5d4da06a7aef800a5d4da065
000007125ae3a19fdf50c0e2174fb2fcdb8801c28c3f9428d22503a28c0fc00fc00502f1
00000723b74fdaf4c19a0741c187475ee6f08e852c3e7c38a8311d252c2fc00c2d230cc1
0000074cfaf4098a355dba7f5af8e1990f5974f8175132f37b83e9df8005719bcaef7fe5
000007768c229427923ed3abbae5d9864156a771daf3418be74dcefacc9339abe76e71e1
00000785174e72f4ab921dcc8c3414223227bbbfbaf0d98b014df76fc01b0c8b014df771
00000719d74142ff6798eed5019a7741aaef5d8ca1941f5a30f9bb0ca1b4adda7e3f8005
0000073fec20cc27042ef6397af1699b6d51ec74574222ffbf88d8cfc00222cfc018edd1
0000074e019cb7401aef319aac219c3f5030e333f75bcaf9c581465f801bcb39cb189d85
00000761418f6754eee20c84219e3f58b8e1190ee18c8f5c14e0320ee1bf7ffc14c03247
0000079b6c29ec254c266430774b2ae5fd864846418ea75c9ef810864f4ecebc9ef80dc1
0000070a2c25bc26583ea132fafb8981d5574263574fe2e4cf8e04d5a20fc004d04ebcc1
00000720018f3754faf20986ac369c2a9025932bf75dcaf84581264bf75ea278a940fd61
00000751418b6755eef24c842c263c26b83e992ef7448ae61596b24ef72a2a05d5096f01
0000077b4191e75b4ee9e4902c333c33f833c926faf6898a955d9266fd16896a989d9261
0000078b5afde1984f5924f01af3319bfb49c9e69af6918a935d93e699899a2cd4bd9c01
0000070b9af5d19a4351a7f19ae3519fe340cfe5974e52fca3881fd490ae52efc0081fc1
0000072d8c34542a2225bfbdb7485ae5219e7f5dc188475526f27e9f7fe84467c75cbf05
0000075d2c307c2b2825fd3cf7480ae5358e7a5f4198e7590ef1748f7ff8e777bd8cf765
000007782c213c3f7820e936faf2899b9541d26b5afde1984f4924eb5c5de18f80092505
00000790174b32e5fb8e49c68c26943e923093abbae5d9864146a76bbaea4f7d0f971501
00000711d74b42ede78c4ec50c267426aa3e9dacbaf4199a3151bb6cbaea39cd173f8005
0000073fd740c2ff0788f6d9019977416aef6d94ac221c3fb030db2fc0125c4fc00f7ff5
0000074ffafcc980054736795af1618b6f4decf41af2319bbb51d9efc006b13bbb4da8c1
0000076e9ae4919e1348b3fb9af9d199434167f1975352ebe39dcfdf7ff6efcf801dcfa5
0000078581965742a2f79f8da18c5f5c20f03f1dec284c2d243c7e3de1fb388d243c7e21
0000071d77586ae92d957c5c4c2024273e3ef8be3ae0b9871956f16f800034e90a6cf4e7
0000073ad74982e5578e62d30c33f43bca31c5a0bae71986f1468b666ba6f499a678a641
00000747daf6c18a874d96e9175d72f86b912dd48c321423b227dba9812cb79b78e76a61
0000076fb754daea0185b759cc3144236637eeb5374a7ae5a99e5d4fc00a7b06495e5d51
0000078ccc2c043c36383abf3ae0f987094ef578daf1018b775deaff8005809b0f7f8005
00000717174af2fd8b9855c88c2d143472222bb7b74adae5819e575880af800a843e5745
00000729c19d475866f12e952c327c2ba825dd2cfaf4098a354dba6cfaa843bc91edba41
0000075f5ae8e19d0f5874f81ae1318f7b5ce9f6975292fb9399d3cf7fe097bf800ddee5
0000076b8c2dd43c423027b1b74b5ae5e19e4f45cc264436a6329ea2e12f801aaba67f85
0000078d3ae4799e2940bd7cdaf8019937497aff1748f2e50b8e75df8008f1ef800e75c5
000007188199174172f76b97ac32dc3b8021d729f74d4ae4659e2e4a116d4af539de2e41
0000073541926743aef7dc8c218c3f4438ee391eec388c391439723eec58a1b9141e9f61
0000075b7af1e98b4d5de4705afb2199ff5948e6174eb2e49b8e11c6226eb2fdcccf7fe5
0000076a8c3594225237a3b3b74bdae5c18e4741c1974742e6f78e96c87a01c2f0fe7ea1
00000785219e7f40a8e71d0cec240c36343aba3f7af0e98b0d5df47f7abb0bcb0d5df621
000007185af921997f5968f6174ab2e59b8e51ca8c2594365232a3aa8d3c61b7b55f8005
00000733bae3d987c146c761daf74192e74b8ee51af67182ab579de51ad676b2b1eadc01
0000074c9af41192335bbbff9af0d18b035df7f9974952fd63986fcfc00952fd63af7ff5
00000775819a5741a2ef5f8da1945f5a20f9bf1dec284c25242e7e3df6487b24e21f7fe5
0000079d77586ae92d9d7c5c4c2024273e3ef8be3ae0b99f1950f16f800034ff194f8007
0000071adaf98199574962f31af3f18bcb4dc5e0974f12f4f3920bc6848f12fdaaef8005
00000727819ed75882e11789a1955f5a60e9af15ec224c2fa424de29a26cbbafc004f811
0000074d77546aea2d95bc5c4c2024273e3ef8be3748bae51996715f8008baca010d36c5
0000077acc218427562ee2b3374bfafdc9904540cc27043ef6208aa69247249f10377521
00000787374efae489861548c18d074c76ec2a972c22fc2f8834d5286a0f800fc00ac6d5
00000708f74d0ae4759e2a574192e7438ef7d4882c253c36782aa93849b87816780e8e01
00000736f7528aeb9595d24b4195e7524efba49021933f43f8f7c91abaf3377669ca00c1
00000746e19e8f5094fb120b619def404cff2410618b2f55fcf2480ac6af7ff5fd0f7fe5
000007666c36ac3a9c21902a7afda9805d472072574ba2e5df8e40c9678d0665d88e40e1
00000782019fb740daf70182ac3f9c28d0250323f74fcaf4c59a0643f74fc014c01a0671
000007014187675eeef08c84219e3f40b8ff190eec248c3e1430b22eec3e2cde142827e1
0000073b7ae1e9974d42e470574322ffff88c8c60c26b4269a2e91a616c6b42fc00e91a1
0000074ab74d9ae451962353c19bc741c6ef468121977f5ae8f98d170a9f801ae8fdfdc5
00000764e19e0f40b4ef1a0f6194ef4a0cf5b4186c212c277c2ee82cc64b86077d0ecd21
000007967ae2a9979d52d06a5afda1985f4920f2174bb2e5db8e41d9568baf888cae41c1
000007028c279436d23283a3bae7d986c1468761daf7418ae74d8ee1de279b0ae70d8ee1
00000725174e72f4ab921dcc818c175432e23b9fac20dc370022f72fc00f7ff70002f715
00000759fae1499f6540ee75575a62f9af815ccc0c3434223a27b9ac0c94b36f7fe7b9a5
0000077eb7489ae5118e735bc199c74146ff66912c337c3be831cd2f801af11be81f7fe5
00000784fafe0980b5471a6f574ce2e40f8e34d80c2134377a32e9acd2bf80177a2dda05
00000716b74a9af59182534bcc2dc43c462826b13afb7981e94f4d7b122f800a614f4d65
00000724daf6018ab75d9aef174cf2fc0b9835d88c211427722eebac80db75bf47af2cc1
00000757bae2d99f8150d769d74d42f467822ed5019a7759aae15d9a1d7a62afc0015d71
0000076cac241c3e3020bb3ffaf8c98105477679574162e76f8eeccfc01574f6fe6eece1
000007940192375bbaf9d98ea19c9f4010ff331bec29cc254436663c1ee9d34537cf8005
000007117ae3698fed4ccc64575622fabf9998ce019cb7401aff318e019cb74fc01f8005
0000073aa1899f5d50f06313e193cf4bc4e5c601619f6f58ece90c070e5f6f5f7fe90be5
000007446c262c26bc3e982e7744aae61d96b05a4c21a4275e2ee0ab31037a476c8f0a61
00000772374bbaf5d9924142cc2f843cd62802a33aeff98cc94c05633aefc00ce00c0571
00000780daf7018af75d8ae7174ef2fc8b9815c8819d174072ef2b88819e8ddf800f5425
00000717a192df5b80f9d709e1854f5664e2ae156c3a6c29ac355c3a0e9a6c2a9e55b721
0000072c774c2ae43d9e385e4190a7431ef7f09a2c21bc2f582ce13f7ff55dcf582ebb25
00000752f74b8ae5d59e42434c27e43ece3084a0374f3ae4f98609402aef3cdd2c076b83
00000766cc36843a962992ab3af5f98a495da570daf3019bf751caea9524f17d857f7fe5
000007871ae6f19e8b4095e89ae5119e7348abf7975ad2f9838957c7df9ad2ef800957c5
00000709819d574062ff2f95ac325c3ba031df2dfaf4499a2541be6dfae8385a25499901
0000073d5af0619b2f41fcfc1af0319b3b41f9fe974892fd138873cf7fe892eeede873c5
0000075b8c21d427422ee7b1bae35987e156cf65daf6418aa74d9ee653b6418aa9fdd881
0000076d1ae4719e2b58bdfc9af81189334d7bff9758d2e1039777cfc018d3ff7ffebad5
000007998c215427623eefb5b74a5af5a1925f4dcc2444362622beadcc24bcd66d89d101
0000071d3ae0799f2940fd7cdaf8019937497aff1af0f18b0b4df5ef801173af800df5e5
000007389ae111977352ebf7974ad2fd838857c9819d574062ef2f89af5d572d79ef2f61
00000755a1925f5ba0f9df0dec244c26242ebe3d77406ae72d96fc5d8e40549a4bbf8007
0000077c4c2024273e2ef8be3748baf5199a715acc398439563162af80198419569f7fe5
00000793374bfaf5c9924540cc270426f63e8aa73af6f99a895195673aeb815a896955a1
00000708d74502fe7788aad70182f74f8ae4d588ac351c2a7035ab27fd151befc0056371
00000737f75acae1859756494c2564266e3eacb4374a3ae5b9965959c52a2445b98e9061
0000074ecc348432162bb2bb3749fafd49986550cc2b042df63c4abf800b038df63d02c5
000007673ae6f99e89589568d74d02e4779e2ad7019af7418af755888d0c605b84af4761
00000788ac251c26702eab37fafac98185575669574562ee6f8cacc83a58724e6f9e8481
000007140c32342bba35d9aebaf49992115bb37bdae9c19d475866fc20a9c19d474a0a01
00000731174b72e5eb9e4dc4818e1754b2f21b8fa18cdf5400e2370fc00f7ff42a08f9f5
00000759ec294c2564266e357af2698bad4ddc6c574422fe3f98b8cc57b2ba9e3f4ccc41
0000077e0c20b4271a2ef1babae199875156e373d74bc2e5c78e46cf800bc307171c7da5
000007810c377422ea378da4bae61986b14e9b6fd74cc2e4079e36cfc00cc2e411bf03a1
000007190c21743f6a30edb4bae21987b146db6fd74cc2e4078e36cfc00cc2ff800e36c5
000007390c3174236a37edb4baf2198bb14ddb6fdafcc198075936efc01cc17758de4bc1
000007591af1718b6b4dedf49ae2119fb358dbef974cd2fc038837cfc00cd2cfc01f4c71
000007798199574162ff6f95ac325c3ba031df2df7444ae62586be4df764c205bd29d3c1
0000079d4c3864392e217cbc37483ae5399e795ecc28843d163872af8018c8fd1638f445
0000071b3759faf149836550c18b0755f6f24a87219eff4088ff150725ff1040b99f1501
00000728ec350c3a7431aa377ae2e99f8d40d4685afd21987f4928f873fd218fc00928d1
00000756174ab2fd9b8851ca819d974052ff2393a193df5bc0f9c719193f801bc11f8005
00000761ec3f4c30e42b0e25774e6ae4ad9e1c4c4c2c243c3e3838ac4c5f7ffc3e3f7fe5
0000079e3ae8b98d1944717adaf1818b575de2f3174bf2fdcb9845cf800bf2ef801adc25
00000700818f1744f2ee0b87a19edf4080ff1709e1954f4a64f5ae09e19f800a64ff8005
000007356c226c2fac24dc2c77542aea3d95b85e4190a7431ef7f09e4270baefc017f0d1
0000075a2191bf5358fbe112ec238c27d43ec223774feaf4cd9204459cafc014fa8f7fe5
0000076041972742fee788862c26bc26982e912af7458ae65596a24af7763046562e9ae1
000007934c23e427ce2ec4a03ae73986f9568966daf6818a974d92e6daf67dea98fd0041
0000070b174df2f44b9225d08c33143bf221cba7bae6d98681469767b9b98928c8869761
00000729dae541866746aef51afa7199ab595dec974c12e4339e3bcc970c12389a5e3bc1
0000075f8198d75902f17799ac215c3f6020ef35fafa4981a5475e6fc01a49af7fe75e55
0000076d574c62e42f8e3cdc019837413af7799eac389c29102d733f7ffd22a9105df645
0000079bfaf9c991455b66715af3618bef5dcce4175e32f8bb9119c5e97e32f8be6f8005
0000070e818c975c12e0339ba199df5940e16711ec2b4c25e4264e3f801f032ddd664e25
000007257af6698aad4d9c6c5ae4219e3f50b8fe1748b2f51b8271de1668b2df7ff6e165
0000075a8199974152e76393a19bdf41c0ef4701ec274c36e4328e26a38e03f6e42f30c1
000007657afe6980ad471c6c5af4218a3f4db8fe1ae0b19f1b58f1fe1a0b137f1b2d6181
0000079a9ae191875346e3f3975bd2f9c39947c18c275426e23e8fa6b72736399dde8fa1
00000705bae65986a1569f6ddaec4194274a3efd175872e92b957ddcdeab20a92b996ea1
0000073c8c2014273236fbbfbaf0d98b015df779d74942f567926ecfc00942cab3cd7331
00000755019a7741aae75d8ca1841f5e30e0bb1fe198cf4104ff760fc018e2986c3f7601
0000077961896f5d6cf06c1461922f4bbce5d80e6c2cac341c22302e6c4cac3f7fe22ec5
0000079a7ae1a99f5d50e0725af3a18bdf5dc0e21af7b19adb5181e558f7b19f80072905
00000702974f92fcd38003c3819fd740c2e70781ac375c3ae0218f21ae8fc01ae0818fb1
00000725f75e4af0a5931e4d4c2464262e3ebcbc37483af53992795ba95b31d5398a6921
0000075ecc2084371622f2bb3749fae549866550c19b0741f6ef4a8f7ffb0754e88f4a85
000007672186ff4688fe9508e18d0f4474fe2a176182ef4f8cfcd408644c8eefc00f8015
000007886c252c267c3ea8367742aae79d96d04a4185a74e5eeca08a3de5a76e5eee1ce1
000007122193bf4bd8f5c102ec278c26d43e82237747eae6cd9684437727ea0b342cc421
000007204c3f2438fe2908a6374ebae4999e114acc35843a5631a2aacc3f7ffa56bf7fe5
000007533ae3f99fc940c560d75f02f8f7810ac70c26f4368a2295a70c1b7ecfc00295a1
00000768b74d1afc71802b57cc2ac43d862856a937557af26983ad4814af800f8003afa5
00000794cc3a0421b6375aaf3ae4f996095ab578daf1018b775deafc95f780cb775de881
000007171ae2f19f8b50d5e89ae5119e7348abf7974ad2e5838e57d8838ad2efc00e57d1
000007298c3554226237afb5baf2598ba14ddf6dd74442fe2798becdd724439e277e1941
0000075d019877412aef7d9ca1881f5d30f07b1fe198cf5904e1760fc01980d90c7873a1
0000077961896f5d6ce06c146c222c3fbc20d82e7afca9801d47306e7b1ca96fc0073091
0000079a5af1a18b5f4de0f21af3b19bdb51c1e29ae7919ed34083e50947919f80182a45
000007039ae7d19ec34887e1974f52e4e38e0fc5819e5740a2f71f85818f801c2d8f18a5
0000072dac245c26202ebf3df7404ae72596fe5d4c3064332e23fcbf7ff06305c99e3dc7
0000075c37483ae5399e795ecc28843d163872bb3af1f98b494de56f7fe940eab8ef7fe5
00000770d74302fff798cac70c26f4268a2e95a8b74d1ae471962b48b74d1b0fc01f7fe5
00000797c182c74f86ecd689218d7f4468f62d14ec2a0c3db4385a3974aa250fc01b92b1
0000070f7744eaee0d9cb458419927417eff68962192bf5b98f9d11f80169a5b97cf8005
0000072ae19d8f5854e922136c23ec27cc3ec4207ae7299efd508876cffa017efd5f7fe5
00000746575ea2f89f8110ca018db75c5ae02192a18b9f5dd0e04308d9bf801d11204307
00000763e197cf4ac4e586016c2f6c24ec260c247aee299cbd5818647b1f7ffcbcf817c5
0000078e575ca2f81f9130da0181b7575af2e192a19b9f49d0f5431f801b9f89e1f54305
00000703e19fcf40c4ff06016c276c3eec308c247afe2980bd4718647aefc01835a838c1
0000072e574ca2e41f8e30da0c31b4235a37e1b2b74b9ae5d18e435f7feb9aa5d19de885
00000743c197c742c6f786812c2f7c2ce82c0d24faf6098ab55d9a64faff800abafdad05
0000076f5afce1980f5934f81af1318b7b4de9f69af2919b9351d3ff7fe69bfc563f7fe5
0000078b975dd2f8438127d18c335423e227cfa5baf6598aa14d9f642a69ad0aa14d9f61
0000070dd74c42fc27903edd019877592ae17d9cac201c3f3020fb3f801d3c5f1420fb25
0000073ff740cae70586f6594c2964356e226cb43af2398bb95dd96fc002300bb93dd941
0000074edae4819e1750b2fb1ae1f1974b42e5f09ae31197f342cbff800311edf002cbc5
000007679ae6d19e834897e9974d52fc63802fd5819a5741a2ff5f89b6aca5ef801f5f65
0000078dac345c3a2031bf3df7584af925817e5d4188675d2ee07c9f80086a1d15007c67
0000071c2c303c2b3825f93ef7588af91581725b4199e7414eff648f8019e75cd71f6485
0000073021933f5bf8f9c906ec268c26942e922b774deaf44d92244b772deadb101f7fe5
000007504c2b243dfe2848a63af6b98a9945916ad75582e25797a2cad73a6e3f80178665
000007730c3bf431ca3b45a0b7471af6f1928b47cc26c426863e96a7cc3b9366865e9681
000007893ae579866956ad74d75202fbb781dacf019cf7400aff358f019cf75aa75f3581
00000718a1891f5570f26b17e192cf4b84e5d609619d6f406cef2c09b7fd6f597a0f2c01
0000073461922f4bbcf5d80e619caf481ced301a6199af415cf7601b7f19a7cc677b94e1
000007526c2bac25dc3e40227ae7a99edd5880625affa188df5d00e25aafc01d3def38b1
000007621af7b18adb5d81e29ae7919ed35083e3974fd2fcc38807c3976fc01f7fe81885
000007818c275426e22e8fa5b74e5af4a1921f4dcc2c443c26283eadcc2e41bc26390301
0000071d3af0798b294dfd7cdae001973752faff1ae0f19f0b40f5ef8000f19f0bd97845
000007389ae1119f7348ebf79af2d18b834dd7e9974d52fc63982fc9c60d52df7fef46e5
00000755819a5759a2e15f8da19c5f4020ff3f1dec284c2524367e3df66f3ba522d92ac1
0000077d77486ae52d8e7c5c4c28243d3e3878be3758baf91981714f800864bb0a7f74e5
0000079acc218427563ee2b33ae3f99fc950c560d75f02f8f7810ac6951f02efc0082ec1
00000707018ef7548ae21588ac251c367022ab37f74acaf5858256474a2ca3957ac25681
000007294c2564366e22acb4374a3af5b982594ecc2c843c162832aecc0c847c160832a1
0000075b3749fae549866550c18b074df6fc4a872186ff5e88f8950725cd849e85fb3a01
00000768e1950f4a74fdaa17619aef418cff540861952f4a7cf5a8182bc884aa7d0f8005
000007966c22ac279c2ed02a7afda9805d5720725af3a18bdf45c0f96778e42bdf5e8261
000007021affb190db5b01e29ae79186d35683e3975fd2f8c39907c3974fc018c389c7d1
0000072181875756e2f28f85a19e5f40a0ff1f0de18c4f5c24f03e0de19e2edc24ea3241
0000075d6c306c3b2c21fc3c7af829813d47787e5af0a18b1f4df0ef7fe07ccb1f2df0e7
0000077a1749b2fd5b9861d28c239427d22ec3a3bae7d986c15687653d07e69db43f7fe5
00000781d74f42fce7800ec50c267426aa3e9dacb75c1af831913b4cb74e303c1a961181
0000071fc190c74306e7f69921997f4168ef6d14e1920f4bb4f5da0fc0027e2bb4ef8005
0000072f6c24ec260c2eb43877412ae77d96e8564c22a4279e2ed0bf7fe2a4a7af6e7dc5
0000074a374dbaf459922152cc33843bd621c2a3374ffafcc98005558c8fc01cc8e004c3
00000760cc27043ef6208aa73af6f99a89419568d74502fe7788aac8d77660cf8008aae5
000007970c2af4358a2255a8b7451aee7194ab57cc3ac429863556b8977abafc805556c1
000007093ae57996695aad74daf2018bb75ddaef174cf2fc0b9035cf174cf2fc206f8005
000007388c31143b7221ebb7bae2d99f8140d769dafd419867492eea071d418fc0092ef1
00000755174a72e5ab8e5dcc8c3c1428323d3bbfb748dae5019e774fc01f0ca6879f8015
00000779c191474366f7ee9521927f5ba8e9dd0ce19c0f4034ff3a0ce1bc0f37985f3a21
0000079f6190ef4b0cf5f4186c212c277c2ee836774aaaf59d92504f800aaaeb0abd5d45
0000070a418da7545ee220922c33bc3bd821c122f7478ae6d5868254f4d9ed28c9868241
000007234c27e426ce2e84a0374f3ae4f9960946c19e874096ef1286c18f7fe44a0f0985
0000074b2c35fc2a4835a530faf3098bf54dca675afee1988f5914e7559ee18ebfbc04e1
000007681ae5318e7b44a9f69af2918b935dd3eb974dd2fc439827cb970dd2ef801b0f25
000007918c235427e22ecfa5bae65986a1569f6dd75c42e827853ecdd75c42e84b3e0141
0000071d0c2074372a3afdbcb7481ae5319e7b5fc190c74306f7f68fc00051d4db0f8007
000007392c297c3568226d34faea099db5505a6f574ce2e40f9e34cf574d134ba45e34c1
00000758019937417af76996ac229c27902ed32bf75dcaf84591264bf79dcb18459ec0a1
00000771418b6755eee24c842c363c3ab821992efaf4899a1541b26efafa2a19d481b281
0000079b5741e2ff4f88e4d0019b3741faef4986ac369c3a90319326ac56c4dac30f8005
0000070bfafdc980454726715af3618bef4dcce41ae6319ebb5899f5c329b2febb4d8501
0000072e9af4918a134db3fb9af1d19b4351e7f1974b52fde3884fdf7feb52fe62073345
000007458c3e5420a2271fadb7445ae6219ebf5dc188475526fa7e9db51b325526fe6f81
0000077d2c387c2928357d3cfaf0098b355dfa7f5740e2ff0f98f4cf8001045f080bf3c5
000007980181375f7ae0e996a19a9f4190ff530be195cf4a44f5a60be1f5ebc9fbd8c301
000007116c236c27ec2ecc247af6299abd51986e5744a2fe1f88b0ce57449e1e22580481
0000073a0181b74f5aece192a19b9f41d0ff4303ec27cc3ec430862540e7bdfec3ff7fe5
000007417aff6980ed470c645af6218abf4d98ee1ae4b1961b52b1ee1aee1356104d27a1
0000077a974992fd538863d3819bd749c2e54781ac275c26e03e8f26995df6ff7ffe8f05
00000785f75e4af8a5911e4d4c2c643c2e283cbc3af839913943797bb0bf800d61235c45
0000071ed74082e71796f2db0c31f43b4a39e5b0bafb1981f15f4b6f801b199aef5f4b65
00000727dae6c186875e96e91af5718a6b5dadf49ae2119fb358dbe98454b1efc00f7ff5
0000074f9af4d18a034db7f99ae1519f6350eff5974a52fda3885fcfc00a52df800834b5
0000076d8c3c542022273fbdbaf0598b215dff7ddae0419f2750feff7fe5149f273dbf25
0000079d174872f52b827ddc8188175532e27b9fac30dc2b0025f72fc0090f8b0025f731
00000719f7514afb6581ee554c226427ae3edcac374c3af43992394c37ac3afb9c394d61
0000073ecc2084371622f2bb3ae1f9874946e570dae30197f74acaef7fe30198192acae5
000007471af6f19a8b5195e89afd1180735f2bf7974ad2e5839e57c7df8c9665775e57a1
000007698c2554366232afb5bae25987a146df6ddaf4418a274dbeeddaf440ca264dbee1
0000079d1ae0719f2b58fdfc974012ef338cfbdf8198d74102ff778fc018d75f801f8015
00000719ac315c2b6035ef35faea4995a5425e6d5ae4619e2f50bced5b03511e2f914641
0000073c175032fb3b91f9de8198974112ff739bac39dc31403b672f7ff9dc14d8bb4965
00000751fae34997e552ce655af6618aaf5d9cec174c32fc3b9839cc172c32dc62c8a001
0000077e8198974912ed739bac39dc2140376731faf3498be55dce6f800b022be57e1e25
00000785575e62f8af911ccc0c3434223a27b9beb7489ae5118e735eb70b2485018e7341
0000071bcc29c43d463866b13af3798be94dcd64dafe0198b7591ae5cbde019f801eb925
0000072f175cf2e80b8d35d88199175172fb6b97ac22dc278036d73f7fee8f67801f7fe5
00000749f7554afa6599ae554c226427ae3edcac3ae439863956b96c3a6438da9bcf7fe5
0000077ed75882e1178772db0c21f4274a3ee5b0b7531afbf199cb4f80138bdbf17ed9e5
00000787cc26c426863e96a93ae579966952ad74d74202ffb788dac994c4c34fc00a0171
0000070f0c2cf4240a2635b8bae1199f7158eb77d74ac2e5879e56df800ac39c023e56c5
000007290c25743e6a30adb4b74a1ae5b1865b4fc19cc74806ed368fc01cc6fca20d3661
0000075921997f4168f76d14e19a0f41b4ff5a0f618cef540cf2340f618d1b540cef49c1
0000077861912f4b7ce5e8166192af4b9cedd00a619daf405cff200a64bdaf2f801f1d05
000007926193af4bdcf5c0026c27ac26dc2e80227747aae6dd9680427707aa0b3e7cc041
00000a12ff52ff52ff4d00a5fe85fe85fe9a01603d203d203d3fc2dfffffffffffffc2c1
00000a2fda6fda6fda702597c4f7c4f7c4e83b1029d029d029cfd63fffffffffffefd601
00000a48138813881397ec7fd73fd73fd72028c01e601e601e7fe19fffffffffffffe1a1
00000a684cc84cc84cd7b33049904990498fb667e327e327e3381cdfffffffffffff7aa1
00000a9a767a767a766589801ce01ce01cffe30839c839c839d7c63ffffffffffffd7e41
00000a1393b393b393ac6c4027402740275fd8a83ea83ea83eb7c15ffffffffffffff005
00000a301d701d701d6fe28fbaefbaefbaf0451fd5ffd5ffd5e02a1ffffffffffff83841
00000a5fbbffbbffbbe0441fa7dfa7dfa7c0583fbfbfbfbfbfa0405fffffffffffe04041
00000a7faf5faf5faf4050bfae9fae9fae80517fbd3fbd3fbd2042dfffffffffffe042e1
00000a981a781a781a67e59024d024d024cfdb28198819881997e67fffffffffffefd241
00000a1be31be31be3041ce046004600461fb9efdc2fdc2fdc3023dffffffffffffbe761
00000a3ff87ff87ff8600797c0f7c0f7c0e83f1d31fd31fd31e2ce1fffffffffffe2ce01
00000a4023c023c023dfdc2fd7afd7afd7b02857ff57ff57ff4800bfffffffffffe81da1
00000a730e930e930e8cf1603d203d203d3fc2cfda6fda6fda70259fffffffffffffefe5
00000a9fa4dfa4dfa4c05b38199819981987e67043104310430fbcffffffffffffefbce1
00000a07f627f627f63809d02c502c502c4fd3afb8afb8afb8b0475fffffffffffffefa1
00000a3fd17fd17fd1602e9fb2ffb2ffb2e04d1fa5dfa5dfa5c05a3fffffffffffe05a21
00000a582bb82bb82ba7d45017701770176fe8884ec84ec84ed7b13fffffffffffefcf01
00000a762db62db62da9d2402b402b402b5fd4afd6afd6afd6b0295fffffffffffffefe5
00000a980d780d780d67f292ead2ead2eacd1525d585d585d59a2a7fffffffffffed1861
00000a0bbb2bbb2bbb3444c026402640265fd9afbcafbcafbcb0435fffffffffffec30a1
00000a3fb97fb97fb960469fc2dfc2dfc2c03d3825b825b825a7da5fffffffffffe7da41
00000a501b701b701b6fe487c6e7c6e7c6f839159df59df59dea621ffffffffffffff005
00000a601be01be01bffe40fa7cfa7cfa7d058382fb82fb82fa7d05fffffffffffe84e61
00000a996f796f796f669082dee2dee2defd21002dc02dc02ddfd23fffffffffffffd221
00000a081b881b881b97e47047104710470fb8efae0fae0fae1051ffffffffffffffafa1
00000a3fec1fec1fec0013f7f837f837f82807d010701070106fef9fffffffffffefef81
00000a4fc0cfc0cfc0d03f3821b821b821a7de5013701370136fec9fffffffffffefec61
00000a67c6e7c6e7c6f839102dd02dd02dcfd22fbbafbbafbbb0445fffffffffffffefe5
00000a98077807780767f8983ef83ef83ee7c1001de01de01dffe21fffffffffffffe201
00000a083bc83bc83bd7c43037b037b037afc84fff6fff6fff70009fffffffffffff9e81
00000a384ed84ed84ec7b1304d904d904d8fb26fdb2fdb2fdb3024dfffffffffffef73a1
00000a5fa65fa65fa64059bfbcbfbcbfbca0435fb97fb97fb960469fffffffffffe04681
00000a7842d842d842c7bd3035b035b035afca4fcb4fcb4fcb5034bfffffffffffef9801
00000a9fd6bfd6bfd6a029580d780d780d67f29b2afb2afb2ae4d51fffffffffffe4d501
00000a0655e655e655f9aa0cbbccbbccbbd34429678967896796987ffffffffffff69861
00000a204f004f004f1fb0efce0fce0fce1031f7ec17ec17ec0813ffffffffffffe81881
00000a5038303830382fc7cfb06fb06fb0704f9fc0dfc0dfc0c03f3ffffffffffff82781
00000a78119811981187ee7043104310430fbcefc60fc60fc61039ffffffffffffefbb81
00000a9fcc1fcc1fcc0033ffc81fc81fc80037f7f037f037f0280fdfffffffffffe80fc1
00000a1020502050204fdfafb0afb0afb0b04f58017801780167fe9ffffffffffff83d01
00000a3182d182d182ce7d2045804580459fba67db07db07db1824ffffffffffffffefe5
00000a5046104610460fb9efdc2fdc2fdc3023d8085808580847f7bfffffffffffe7de81
00000a7030b030b030afcf48016801680177fe9012f012f012efed1fffffffffffefdc41
00000a8fa5cfa5cfa5d05a3ffbbffbbffba0045fc75fc75fc74038bfffffffffffe038a1
00000a183eb83eb83ea7c15c2d7c2d7c2d63d2885ac85ac85ad7a53ffffffffffff7a521
00000a20b580b580b59f4a617b217b217b3e84c026402640265fd9bfffffffffffefefe5
00000a4fbcafbcafbcb04357f957f957f94806b7529752975288ad7fffffffffffe8ad41
00000a6eb52eb52eb5314acd6a4d6a4d6a5295aac48ac48ac4953b7ffffffffffff53b41
00000a8599259925993a66c022402240225fdda834a834a834b7cb5fffffffffffeff005
00000a1029502950294fd6afa28fa28fa2905d77d517d517d5082afffffffffffff83c21
00000a352a352a352a2ad5ca446a446a4475bb8498c498c498db673ffffffffffffb6721
00000a4041804180419fbe67d307d307d3182cf046104610460fb9ffffffffffffefefe5
00000a6fcc0fcc0fcc1033ffd83fd83fd82027d8005800580047ffbfffffffffffe7ffa1
00000a9030b030b030afcf47f147f147f1580eb042904290428fbd7fffffffffffffea41
00000a0fa50fa50fa5105af7ea17ea17ea0815f6041604160409fbffffffffffffe9fbe1
00000a2048004800481fb7e7e007e007e0181ff030303030302fcfdfffffffffffefefa1
00000a48004800480057ffb140914091408ebf6041004100411fbeffffffffffffffbf01
00000a67f227f227f2380dda047a047a0465fb8018e018e018ffe71fffffffffffffe701
00000a8841e841e841f7be1013f013f013efec0837c837c837d7c83fffffffffffffba41
00000a104f904f904f8fb0608f008f008f1f70e04e004e004e1fb1fffffffffffffff005
00000a2ffc2ffc2ffc3003d8187818781867e798f0d8f0d8f0c70f3fffffffffffe70f01
00000a41f1a1f1a1f1be0e43e343e343e35c1ca7c687c687c698397fffffffffffefefe5
00000a603d203d203d3fc2c80a480a480a57f5b044904490448fbb7fffffffffffefd3a1
00000a87e927e927e93816d86258625862479da0d4a0d4a0d4bf2b5fffffffffffff2b41
00000a01a941a941a95e56a342a342a342bcbd469566956695796a9fffffffffffeff005
00000a2d2acd2acd2ad2d52035a035a035bfca480b680b680b77f49fffffffffffeab141
00000a5926f926f926e6d9025dc25dc25ddda2204b804b804b9fb47fffffffffffffb481
00000a6fb72fb72fb73048dfde7fde7fde60219ffcfffcfffce0031fffffffffffe00303
00000a9fe9dfe9dfe9c01638139813981387ec7b771b771b770488ffffffffffffe488e1
00000a06ee06ee06ee1911edcc0dcc0dcc1233e038203820383fc7dfffffffffffffc7c1
00000a2fa04fa04fa0505fb830b830b830a7cf5011701170116fee9fffffffffffefee61
00000a47c2e7c2e7c2f83d1385f385f385ec7a001be01be01bffe41fffffffffffffe421
00000a6837c837c837d7c83c1f9c1f9c1f83e0603f203f203f3fc0dfffffffffffffc0c1
00000a881e681e681e77e1902cd02cd02ccfd32829a829a829b7d65fffffffffffffc4e1
00000a1023502350234fdcafa68fa68fa6905977dd17dd17dd0822fffffffffffff84201
00000a303a303a303a2fc5cfd46fd46fd4702b9fb8ffb8ffb8e0471ffffffffffff802a1
00000a5831d831d831c7ce3cd3bcd3bcd3a32c4017601760177fe89fffffffffffffe881
00000a6faecfaecfaed0513fed9fed9fed801277eb37eb37eb2814dfffffffffffe814c1
00000a9a365a365a3645c9a47c847c847c9b8368e908e908e91716fffffffffffff95f01
00000a01d201d201d21e2de034203420343fcbc8084808480857f7bfffffffffffeff005
00000a3030b030b030afcf4fa14fa14fa1505ebfe29fe29fe2801d7ffffffffffff83de1
00000a5fb53fb53fb5204adfba7fba7fba60459844d844d844c7bb3fffffffffffe7bb21
00000a7219b219b219ade64023402340235fdcafb6afb6afb6b0495fffffffffffffefe5
00000a980d780d780d67f2902ad02ad02acfd528158815881597ea7fffffffffffefd861
00000a153b153b153b0ac4ea660a660a661599e03c203c203c3fc3dfffffffffffffc3c1
00000a2ff86ff86ff870079ff0fff0fff0e00f1831d831d831c7ce3fffffffffffe7ce01
00000a5033b033b033afcc4fb76fb76fb77048984ed84ed84ec7b13ffffffffffff82581
00000a7b0dbb0dbb0da4f2402b402b402b5fd4a8268826882697d97ffffffffffffcd781
00000a987d387d387d2782c0ea40ea40ea5f15a1d4a1d4a1d4be2b5ffffffffffffea981
00000a0029402940295fd6a832a832a832b7cd5025502550254fdabfffffffffffefdfc1
00000a282a882a882a97d57b451b451b4504bae04a004a004a1fb5ffffffffffffffb5e1
00000a4fb42fb42fb4304bd8085808580847f7b030b030b030afcf5fffffffffffefcf21
00000a67f147f147f1580eb032b032b032afcd4fc54fc54fc5503abfffffffffffffebe1
00000a982a982a982a87d57505350535052afaca1a4a1a4a1a55e5bfffffffffffeae1e1
00000a0424842484249bdb6049004900491fb6efd22fd22fd2302ddfffffffffffeff005
00000a3fa45fa45fa4405bb8289828982887d77041104110410fbeffffffffffffefbee1
00000a4fb22fb22fb2304dd8045804580447fbb048904890488fb77fffffffffffefb741
00000a67d107d107d1182ef9123912391226edc014601460147feb9fffffffffffffeb81
00000a87c8e7c8e7c8f8371021d021d021cfde2823a823a823b7dc5ffffffffffffff005
00000a1017701770176fe8884ec84ec84ed7b1388db88db88da7725fffffffffffffaa41
00000a211b611b611b7ee48236e236e236fdc9002dc02dc02ddfd23fffffffffffefefe5
00000a481b881b881b97e47037303730372fc8c81e681e681e77e19fffffffffffffbfa1
00000a702cd02cd02ccfd32829a829a829b7d65db35db35db3424cbfffffffffffffba81
00000a8036a036a036bfc9480d680d680d77f29dcafdcafdcae2351fffffffffffefcd41
00000a0b95cb95cb95d46a204b804b804b9fb467d707d707d71828ffffffffffffec30a1
00000a3cde1cde1cde0321e9ac29ac29ac3653c028402840285fd7bfffffffffffffd7a1
00000a4830a830a830b7cf5d717d717d71628e8ae2cae2cae2d51d3ffffffffffff51d41
00000a6035a035a035bfca4fdb6fdb6fdb70249fe6dfe6dfe6c0193fffffffffffe800e1
00000a982db82db82da7d2501b701b701b6fe48ff6eff6eff6f0091fffffffffffefc761
00000a183dd83dd83dc7c2303bb03bb03bafc44fc74fc74fc75038bfffffffffffef9701
00000a3fee9fee9fee801177ed37ed37ed2812d6da56da56da4925bfffffffffffe925a1
00000a4044804480449fbb6fd92fd92fd93026d8025802580247fdbfffffffffffe80881
00000a7034b034b034afcb48096809680977f69022d022d022cfdd3fffffffffffefc401
00000a8ff5aff5aff5b00a5fdb7fdb7fdb602497c6f7c6f7c6e8391fffffffffffe83901
00000a149dd49dd49dcb62292b892b892b96d46257025702571da8fffffffffffffda8e1
00000a203e203e203e3fc1c81c681c681c77e39028d028d028cfd73fffffffffffefdc81
00000a4fe18fe18fe1901e77e337e337e3281cd026502650264fd9bfffffffffffefd981
00000a6fbcafbcafbcb04357f957f957f94806b042904290428fbd7fffffffffffefbd61
00000a8fa50fa50fa5105afffa3ffa3ffa2005d8045804580447fbbfffffffffffe7fba1
00000a1038b038b038afc747f147f147f1580eb652b652b652a9ad5fffffffffffffe641
00000a2015601560157fea884ac84ac84ad7b53285b285b285ad7a5fffffffffffefb161
00000a402b402b402b5fd4a8268826882697d9703d303d303d2fc2dfffffffffffefd181
00000a6fda6fda6fda70259844d844d844c7bb3049904990498fb67fffffffffffefb661
00000a8fe30fe30fe3101cffd63fd63fd62029d80c580c580c47f3bfffffffffffe7f3a1
00000a1b48bb48bb48a4b7469146914691596ea042804280429fbd7fffffffffffffbd61
00000a2fb52fb52fb5304ad80a580a580a47f5b98499849984867b7fffffffffffe67b41
00000a4049004900491fb6e7e207e207e2181df034303430342fcbdfffffffffffefec41
00000a68084808480857f7b140b140b140aebf4291629162917d6e9ffffffffffffec701
00000a8022c022c022dfdd28158815881597ea703b303b303b2fc4dfffffffffffefe141
00000a08064806480657f9b03cb03cb03cafc34fb96fb96fb970469fffffffffffffcee1
00000a37c2f7c2f7c2e83d1025d025d025cfda281b881b881b97e47fffffffffffefefe5
00000a52c732c732c72d38c02e402e402e5fd1afcc8fcc8fcc90337ffffffffffffff005
00000a77e937e937e92816dcb25cb25cb2434da974a974a974b68b5ffffffffffff68b21
00000a8029402940295fd6a8228822882297dd7035303530352fcadfffffffffffefd7c1
00000a080a480a480a57f5be449e449e4481bb6039203920393fc6dfffffffffffffc6c1
00000a28126812681277ed9254f254f254edab04a9c4a9c4a9db563ffffffffffffda8e1
00000a4943a943a943b6bc4027402740275fd8a83ea83ea83eb7c15fffffffffffeea5a1
00000a701d701d701d6fe28fbaefbaefbaf0451845f845f845e7ba1ffffffffffff83821
00000a927bd27bd27bcd842047804780479fb867ef27ef27ef3810dffffffffffffff005
00000a102e502e502e4fd1afcc8fcc8fcc90337ff93ff93ff92006dffffffffffff81561
00000a38025802580247fdbaf4baf4baf4a50b4019601960197fe69fffffffffffffe661
00000a4842c842c842d7bd379597959795886a604b004b004b1fb4ffffffffffffffb501
00000a67e607e607e61819f04c104c104c0fb3e7f827f827f83807dfffffffffffffe001
00000a9250525052504dafa040804080409fbf67e127e127e1381edffffffffffffff005
00000a12c272c272c26d3d8014e014e014ffeb0fc9cfc9cfc9d0363ffffffffffffff005
00000a3fd3bfd3bfd3a02c58077807780767f8902ed02ed02ecfd13fffffffffffefd121
00000a481d881d881d97e2703b303b303b2fc4cfb66fb66fb670499fffffffffffffb7e1
00000a7fccdfccdfccc0333fd9bfd9bfd9a02657f357f357f3480cbfffffffffffe80cc1
00000a93b693b693b68c49604d004d004d1fb2e7fa27fa27fa3805dffffffffffffff005
00000a1d945d945d94426ba038a038a038bfc747f147f147f1580ebffffffffffffa4421
00000a3032b032b032afcd4fd56fd56fd5702a97caf7caf7cae8351fffffffffffe831e1
00000a5685f685f685e97a0d1bed1bed1bf2e40a27ca27ca27d5d83ffffffffffff5d841
00000a645f845f845f9ba0604f004f004f1fb0e7ee07ee07ee1811ffffffffffffeff005
00000a92bc32bc32bc2d43c018601860187fe78fe0cfe0cfe0d01f3ffffffffffffff005
00000a1fd1bfd1bfd1a02e58037803780367fc9016f016f016efe91fffffffffffefe901
00000a2fedcfedcfedd012381b981b981b87e47e171e171e1701e8ffffffffffffe1e8c1
00000a403e203e203e3fc1cfac4fac4fac5053b838b838b838a7c75fffffffffffe82621
00000a7011701170116fee87c2e7c2e7c2f83d16e5d6e5d6e5c91a3fffffffffffffefe5
00000a8dcb8dcb8dcb92346047004700471fb8e7ee07ee07ee1811ffffffffffffe9ffa1
00000a103c303c303c2fc3c8186818681877e79010f010f010efef1fffffffffffefeb61
00000a2fe1cfe1cfe1d01e3fb3bfb3bfb3a04c5fa75fa75fa74058bfffffffffffe05881
00000a5ffebffebffea00157fd57fd57fd4802be1a9e1a9e1a81e57fffffffffffe1e561
00000a6c352c352c3533cac87a487a487a5785a044804480449fbb7fffffffffffffbb41
00000a8fd92fd92fd93026d8127812781267ed9024d024d024cfdb3fffffffffffefdb21
00000a0fa98fa98fa990567fe31fe31fe3001cf7f637f637f62809dfffffffffffe809c1
00000a352c752c752c6ad38a48ca48ca48d5b72041804180419fbe7fffffffffffffbe61
00000a47e327e327e3381cd016701670166fe98fdcefdcefdcf0231ffffffffffffff005
00000a7fe9dfe9dfe9c0163823b823b823a7dc56375637563749c8bfffffffffffe9c8c1
00000a8c6eac6eac6eb39148cd68cd68cd7732801ae01ae01affe51fffffffffffffe501
00000a0fd5efd5efd5f02a1fabdfabdfabc0543827b827b827a7d85fffffffffffe7d841
00000a301f701f701f6fe087cee7cee7cef831102dd02dd02dcfd23fffffffffffffefe5
00000a482ba82ba82bb7d45d775d775d774288a03ea03ea03ebfc15fffffffffffffc161
00000a680d680d680d77f29bdadbdadbdac4252035a035a035bfca5fffffffffffffca41
00000a8fcb4fcb4fcb5034b836b836b836a7c95ddd5ddd5ddd4222bfffffffffffe222a1
00000a0baa8baa8baa94556035203520353fcacfba6fba6fba70459fffffffffffec31e1
00000a37c4f7c4f7c4e83b1ad9fad9fad9e5260013e013e013ffec1fffffffffffffebe1
00000a4fe7cfe7cfe7d0183fbfbfbfbfbfa040580f780f780f67f09fffffffffffe7f061
00000a701ef01ef01eefe1084de84de84df7b2102bd02bd02bcfd43fffffffffffefd1c1
00000a8ff7aff7aff7b0085fff7fff7fff60009fcedfcedfcec0313fffffffffffe03121
00000a181d981d981d87e2703b303b303b2fc4cfb66fb66fb670499fffffffffffefb7e1
00000a3fccdfccdfccc0333829b829b829a7d65023502350234fdcbfffffffffffefdca1
00000a4836a836a836b7c9502d502d502d4fd2afea8fea8fea90157fffffffffffffad81
00000a77d517d517d5082af03a303a303a2fc5c8044804480457fbbfffffffffffeff005
00000a9038b038b038afc748016801680177fe9352d352d352ccad3fffffffffffffd621
00000a0045804580459fba6fab0fab0fab1054ffe61fe61fe60019ffffffffffffe82141
00000a3fcc1fcc1fcc0033ffd83fd83fd82027d8005800580047ffbfffffffffffe7ffa1
00000a5030b030b030afcf4fb16fb16fb1704e9fa2dfa2dfa2c05d3ffffffffffff82de1
00000a7fe59fe59fe5801a77db17db17db0824f036303630362fc9dfffffffffffefc9e1
00000a8ffc6ffc6ffc70039848d848d848c7b73051b051b051afae5fffffffffffefae41
00000a0013601360137fec8fd6efd6efd6f029183dd83dd83dc7c23fffffffffffe82681
00000a303bb03bb03bafc447f747f747f75808b03eb03eb03eafc15fffffffffffffd681
00000a480d680d680d77f298daf8daf8dae72501b5c1b5c1b5de4a3ffffffffffffe4a41
00000a604b804b804b9fb467e727e727e73818d01e701e701e6fe19fffffffffffeff005
00000a8feccfeccfecd0133829b829b829a7d65eb35eb35eb3414cbfffffffffffe14ca1
00000a0d76ad76ad76b2894aed4aed4aed5512a5ca85ca85ca9a357ffffffffffffa3561
00000a2045004500451fbae7ea07ea07ea1815f034303430342fcbdfffffffffffefe941
00000a4fc84fc84fc85037b830b830b830a7cf5351535153514caebfffffffffffecae81
00000a66a2a6a2a6a2b95d4015601560157fea8ffaeffaeffaf0051fffffffffffeff005
00000a9835d835d835c7ca304b904b904b8fb46fb72fb72fb73048dfffffffffffef90a1
00000a1fce5fce5fce4031b83cb83cb83ca7c35029502950294fd6bfffffffffffefd6a1
00000a28228822882297dd7035303530352fcacfaa4faa4faa5055bfffffffffffffb881
00000a5fe49fe49fe4801b77e937e937e92816d7227722772268dd9fffffffffffe8dd81
00000a6024c024c024dfdb2fa98fa98fa9905677e337e337e3281cdfffffffffffe846a1
00000a9026502650264fd9a83ca83ca83cb7c35019701970196fe69fffffffffffefe4a1
00000a0842c842c842d7bd3935b935b935a6ca426b426b426b5d94bffffffffffffd94a1
00000a24c6a4c6a4c6bb39402d402d402d5fd2a82a882a882a97d57fffffffffffefefe5
00000a5045104510450fbae7ea07ea07ea1815f044104410440fbbffffffffffffffdde1
00000a6fa80fa80fa81057fff03ff03ff0200fd8005800580047ffbfffffffffffe7ffa1
00000a96a0b6a0b6a0a95f4011601160117fee8842c842c842d7bd3ffffffffffffff005
00000a1035b035b035afca480b680b680b77f49406f406f406ebf91fffffffffffffd0e1
00000a201de01de01dffe2084be84be84bf7b41057d057d057cfa83fffffffffffefb741
00000a404f804f804f9fb06fff2fff2fff3000d81e781e781e67e19fffffffffffe7e1e1
00000a75bcd5bcd5bcca432049804980499fb667e327e327e3381cdfffffffffffffefe5
00000a9026502650264fd9afbcafbcafbcb04357f957f957f94806bffffffffffff82921
00000a1032b032b032afcd48056805680577fa902ad02ad02acfd53fffffffffffffa8c1
00000a2825a825a825b7da599b799b799b66648326e326e326fcd91ffffffffffffcd901
00000a465de65de65df9a20cabccabccabd3542957a957a957b6a85ffffffffffff6a841
00000a601f601f601f7fe0884ec84ec84ed7b1303db03db03dafc25fffffffffffefc6c1
00000a8ffb6ffb6ffb700497c6f7c6f7c6e839101df01df01defe21fffffffffffefe201
00000a0fdbefdbefdbf0241fb7ffb7ffb7e0481fcfdfcfdfcfc0303fffffffffffe03021
00000a3fcf9fcf9fcf803077df17df17df0820fdbe3dbe3dbe2241dfffffffffffe241c1
00000a401c601c601c7fe38fc8cfc8cfc8d0373821b821b821a7de5fffffffffffe82d21
00000a7bf37bf37bf3640c8016e016e016ffe9083dc83dc83dd7c23ffffffffffffc0641
00000a903bb03bb03bafc447f747f747f75808b04e904e904e8fb17fffffffffffffdae1
00000a0fbd2fbd2fbd3042d81a781a781a67e59024d024d024cfdb3fffffffffffefdb21
00000a2fa98fa98fa990567fe31fe31fe3001cffd63fd63fd62029dfffffffffffe029a1
00000a580c580c580c47f3b048904890488fb76fb12fb12fb1304edfffffffffffefbca1
00000a78025802580247fdb034b034b034afcb4ff96ff96ff970069fffffffffffefd941
00000a9fc2dfc2dfc2c03d3fe59fe59fe5801a7fab1fab1fab0054ffffffffffffe054e1
00000a1ff63ff63ff62009d80c580c580c47f3b128912891288ed77fffffffffffeed761
00000a2251025102511daee042004200421fbdeff42ff42ff4300bdfffffffffffefefe5
00000a58085808580847f7b040904090408fbf6ff12ff12ff1300edfffffffffffefc721
00000a7fc25fc25fc2403db834b834b834a7cb5019701970196fe69fffffffffffefe6a1
00000a87c2e7c2e7c2f83d1215f215f215edea002bc02bc02bdfd43fffffffffffffd421
00000a0ff7aff7aff7b00857ff57ff57ff4800b12e912e912e8ed17fffffffffffeed161
00000a225d225d225d3da2c02a402a402a5fd5a8248824882497db7fffffffffffefefe5
00000a52f932f932f92d06c022402240225fdda8248824882497db7ffffffffffffff005
00000a7039303930392fc6cff26ff26ff2700d97c4f7c4f7c4e83b1fffffffffffe83a81
00000a9d29fd29fd29e2d60a43ca43ca43d5bc2047804780479fb87fffffffffffffb861
00000a07df07df07df1820f24e324e324e2db1c49c449c449c5b63bffffffffffffde2c1
00000a2938a938a938b6c74011601160117fee8842c842c842d7bd3fffffffffffeec621
00000a59e599e599e5861a603b203b203b3fc4c8064806480657f9bffffffffffffdf121
00000a704c904c904c8fb36ff92ff92ff93006dfe25fe25fe2401dbffffffffffff7c041
00000a9fd4bfd4bfd4a02b57f957f957f94806b032b032b032afcd5fffffffffffefcd41
00000a08056805680577fa9b2adb2adb2ac4d52045804580459fba7fffffffffffffba61
00000a27db07db07db1824f9261926192606d9e04c004c004c1fb3ffffffffffffffb3e1
00000a47f827f827f83807d9505950595046afa040804080409fbf7fffffffffffffbf81
00000a6ff12ff12ff1300edfd27fd27fd2602d9ff4fff4fff4e00b1fffffffffffe00b03
00000a9839d839d839c7c63603b603b603a9fc4c174c174c1753e8bfffffffffffe9d381
00000a004e804e804e9fb167ed27ed27ed3812d01a701a701a6fe59fffffffffffefefa1
00000a2fa4cfa4cfa4d05b3829b829b829a7d654e374e374e36b1c9fffffffffffeb1c61
00000a4016e016e016ffe9083dc83dc83dd7c2374b974b974b88b47fffffffffffefbc41
00000a6047004700471fb8e7fe27fe27fe3801d02c502c502c4fd3bfffffffffffefe0c1
00000a8838a838a838b7c75011701170116fee8fa2cfa2cfa2d05d3fffffffffffffc621
00000a18159815981587ea7dcb3dcb3dcb2234cb864b864b865479bffffffffffff479a1
00000a271ca71ca71cb8e34e294e294e2951d6a032a032a032bfcd5fffffffffffffcd21
00000a47f547f547f5580ab16a916a916a8e956035203520353fcadfffffffffffffcae1
00000a6fba6fba6fba70459fb4ffb4ffb4e04b1849f849f849e7b61fffffffffffe7b601
00000a9013f013f013efec0847e847e847f7b812aff2aff2afed501fffffffffffffb501
00000a002fc02fc02fdfd02fcf8fcf8fcf903077df17df17df0820ffffffffffffe82921
00000a304e104e104e0fb1effc2ffc2ffc3003dff87ff87ff860079ffffffffffff7b0c1
00000a5840d840d840c7bf37f1b7f1b7f1a80e4fe34fe34fe3501cbfffffffffffe7dd61
00000a6046804680469fb967dd07dd07dd1822f03a303a303a2fc5dfffffffffffeff005
00000a8fc44fc44fc4503bb8289828982887d7786118611861079effffffffffffe79ee1
00000a0032203220323fcdc8146814681477eb9028d028d028cfd73fffffffffffefe201
00000a28118811881197ee7043104310430fbce7f627f627f63809dfffffffffffffbb61
00000a544c744c744c6bb38028c028c028dfd72fe18fe18fe1901e7ffffffffffffff005
00000a7fd33fd33fd3202cdff67ff67ff660099fdcffdcffdce0231fffffffffffe02321
00000a9ff9fff9fff9e0061fe3dfe3dfe3c01c38179817981787e87fffffffffffe7e861
00000a1c6f1c6f1c6f0390e8ce08ce08ce1731e19c219c219c3e63dffffffffffffe63c1
00000a2018601860187fe78ff0eff0eff0f00f1841f841f841e7be1fffffffffffe806e1
00000a5023d023d023cfdc28178817881797e8778f178f178f0870ffffffffffffffd581
00000a6f0e0f0e0f0e10f1e03c203c203c3fc3c8084808480857f7bfffffffffffe8c621
00000a9870b870b870a78f40f140f140f15f0ea042804280429fbd7fffffffffffffbd61
00000a0fb52fb52fb5304ad81a781a781a67e59f04ff04ff04e0fb1fffffffffffe0fb01
00000a2e19ee19ee19f1e60023c023c023dfdc2fc78fc78fc790387fffffffffffe9d341
00000a57ef37ef37ef2810d14e714e714e6eb1802cc02cc02cdfd33fffffffffffffd321
00000a6fd9afd9afd9b0265fb37fb37fb3604c9fd6ffd6ffd6e0291fffffffffffe02901
00000a984df84df84de7b213cbd3cbd3cbcc342797a797a797b8685fffffffffffebf6a1
00000a0f3f4f3f4f3f50c0a04e804e804e9fb16fad0fad0fad1052ffffffffffffe88201
00000a3fba3fba3fba2045dfc45fc45fc4403bb838b838b838a7c75fffffffffffe7c741
00000a5de17de17de1621e8bd2ebd2ebd2f42d07a5c7a5c7a5d85a3ffffffffffff85a41
00000a603ba03ba03bbfc448076807680777f8901ef01ef01eefe11fffffffffffefe8e1
00000a883dc83dc83dd7c2345bb45bb45baba44027402740275fd8bfffffffffffffd8a1
00000a0fee8fee8fee90117fad1fad1fad0052ffba3fba3fba2045dfffffffffffe045c1
00000a38045804580447fbb7789778977888876041004100411fbeffffffffffffffbec1
00000a4fa20fa20fa2105df7f437f437f4280bd018701870186fe79fffffffffffefe761
00000a6fe0cfe0cfe0d01f3fd1bfd1bfd1a02e5ff37ff37ff3600c9fffffffffffe00c83
00000a97c6f7c6f7c6e839101df01df01defe2084be84be84bf7b41fffffffffffeff005
00000a1217f217f217ede8043fe43fe43ffbc0002fc02fc02fdfd03ffffffffffffff005
00000a282fa82fa82fb7d0502f502f502f4fd0afae8fae8fae90517fffffffffffffb0e1
00000a5fbd3fbd3fbd2042d81a781a781a67e59024d024d024cfdb3fffffffffffefdb21
00000a6fa98fa98fa990567ff33ff33ff3200cd8167816781667e99fffffffffffe7e981
00000a902cd02cd02ccfd32829a829a829b7d65e937e937e93616c9fffffffffffffbaa1
00000a0d36ed36ed36f2c9001de01de01dffe2083bc83bc83bd7c43fffffffffffeabc21
00000a3997b997b997a668433f433f433f5cc0a66ea66ea66eb9915ffffffffffffb3921
00000a401d601d601d7fe28faacfaacfaad0553825b825b825a7da5fffffffffffe848a1
00000a701b701b701b6fe48ff6eff6eff6f0091ffdfffdfffde0021ffffffffffff7f701
00000a9fcbdfcbdfcbc0343fe79fe79fe780187fdf3fdf3fdf2020dfffffffffffe020c1
00000a1ffe7ffe7ffe6001984cd84cd84cc7b33049904990498fb67fffffffffffefb661
00000a27e327e327e3381cd6f656f656f64909a04c804c804c9fb37fffffffffffffb361
00000a4fe90fe90fe91016f7e217e217e2081dff343f343f3420cbdfffffffffffe0cba1
00000a6018601860187fe78fe0cfe0cfe0d01f38119811981187ee7fffffffffffe81ac1
00000a9033303330332fcccfe64fe64fe65019bfac9fac9fac80537ffffffffffff7f701
00000a1ff93ff93ff92006d8025802580247fdb044904490448fbb7fffffffffffefbb61
00000a27e927e927e93816d022502250224fddafd4afd4afd4b02b5fffffffffffffefe5
00000a58097809780967f69012f012f012efed0fa5cfa5cfa5d05a3fffffffffffefefe5
00000a7feb9feb9feb80147fb73fb73fb72048d81e781e781e67e19fffffffffffe7e1a1
00000a992cd92cd92cc6d32039a039a039bfc64fa34fa34fa3505cbffffffffffffeaaa1
00000a1836b836b836a7c952ed52ed52ed4d12a03aa03aa03abfc55fffffffffffffc541
00000a27f547f547f5580ab73ab73ab73aa8c54e656e656e65719a9ffffffffffff8e1a1
00000a4cdaecdaecdaf3250025c025c025dfda2feb8feb8feb90147fffffffffffeb1121
00000a77e737e737e72818dd5e5d5e5d5e42a1a03ca03ca03cbfc35fffffffffffffc321
00000a88096809680977f69ab2dab2dab2c54d2045804580459fba7fffffffffffffba61
00000a07eb27eb27eb3814d5c655c655c64a39a04c804c804c9fb37fffffffffffffb361
00000a27d907d907d91826f032303230322fcdcfa44fa44fa4505bbfffffffffffffefe5
00000a5fe89fe89fe8801777e137e137e1281ed592759275926a6d9fffffffffffea6d81
00000a6014e014e014ffeb0fd9efd9efd9f0261833d833d833c7cc3fffffffffffe82321
00000a9047904790478fb867ef27ef27ef3810d02e502e502e4fd1bfffffffffffffbfa1
00000a083ca83ca83cb7c35019701970196fe68842c842c842d7bd3fffffffffffffbb21
00000a3035b035b035afca4fcb4fcb4fcb5034bfc69fc69fc680397ffffffffffff810e1
00000a57dd17dd17dd0822ff2a3f2a3f2a20d5c014601460147feb9fffffffffffffeb81
00000a67c8e7c8e7c8f8371011f011f011efee0fd3efd3efd3f02c1fffffffffffffefe5
00000a9847f847f847e7b81b4fdb4fdb4fc4b0204f804f804f9fb07fffffffffffffb061
00000a07df07df07df1820fa3e1a3e1a3e05c1e47c247c247c3b83dffffffffffffb83c1
00000a2028402840285fd7a8208820882097df73f113f113f10c0effffffffffffefc721
00000a4042004200421fbdefe40fe40fe4101bffa81fa81fa80057ffffffffffffe7ea01
00000a7fe01fe01fe0001ff7f037f037f0280fdc207c207c2063df9fffffffffffe3dfa1
00000a8020c020c020dfdf28118811881197ee7043104310430fbcffffffffffffefe261
00000a0fd62fd62fd63029d81c781c781c67e39018f018f018efe71fffffffffffefe701
00000a2841e841e841f7be1033d033d033cfcc2067a067a067bf985fffffffffffffa941
00000a402f402f402f5fd0afae8fae8fae90517fbd3fbd3fbd2042dfffffffffffe83201
00000a7fca5fca5fca4035bff4bff4bff4a00b5ff97ff97ff960069fffffffffffe006a3
00000a9842d842d842c7bd33d5b3d5b3d5ac2a47ab67ab67ab78549fffffffffffebf7e1
00000a0f46ef46ef46f0b9001de01de01dffe2083bc83bc83bd7c43fffffffffffe8ac21
00000a3a57ba57ba57a5a844bf64bf64bf7b40896ee96ee96ef6911ffffffffffff8f901
00000a42dde2dde2ddfd2205bbc5bbc5bbda442b77ab77ab77b4885fffffffffffef76a1
00000a601f601f601f7fe08fcecfcecfced031381d981d981d87e27fffffffffffe822e1
00000a97bb37bb37bb2844cf766f766f767089801ce01ce01cffe31fffffffffffffe301
00000a0fe9cfe9cfe9d0163fc39fc39fc3803c7ff73ff73ff72008dfffffffffffe008c3
00000a380e580e580e47f1b03cb03cb03cafc347f947f947f95806bfffffffffffefc521
00000a5b32bb32bb32a4cd4025402540255fdaa83aa83aa83ab7c55ffffffffffffcb861
00000a7025502550254fdaafca8fca8fca903577d517d517d5082affffffffffffe81241
00000a903a303a303a2fc5cfc44fc44fc4503bbfe89fe89fe880177ffffffffffff812c1
00000a1fb13fb13fb1204ed8025802580247fdb034b034b034afcb5fffffffffffefcb41
00000a2ff96ff96ff970069fc2dfc2dfc2c03d3fe59fe59fe5801a7fffffffffffe01a41
00000a57eb37eb37eb2814d016701670166fe98fcccfcccfccd0333fffffffffffefefe5
00000a7829b829b829a7d65253725372536dac8016e016e016ffe91fffffffffffffe8e1
00000a8ffdeffdeffdf0021fcbdfcbdfcbc0343827b827b827a7d85fffffffffffe7d841
00000a1b3f5b3f5b3f44c0a03ea03ea03ebfc147fd47fd47fd5802bffffffffffffc91e1
00000a304a904a904a8fb567e527e527e5381ad02a502a502a4fd5bfffffffffffffcc21
00000a4834a834a834b7cb5019701970196fe68842c842c842d7bd3fffffffffffffc341
00000a7f55bf55bf55a0aa4eab4eab4eab5154a046804680469fb97fffffffffffffb961
00000a87ed27ed27ed3812d52a752a752a6ad58014e014e014ffeb1fffffffffffffeb01
00000a0849e849e849f7b61023d023d023cfdc2fc78fc78fc790387fffffffffffffa361
00000a37df17df17df0820fb4e3b4e3b4e24b1c01c601c601c7fe39fffffffffffffe361
00000a4fc8cfc8cfc8d03738119811981187ee7033303330332fccdfffffffffffefcca1
00000a6ff66ff66ff670099fdcffdcffdce0231ff9fff9fff9e0061fffffffffffe00603
00000a9833d833d833c7cc3047904790478fb867ef27ef27ef3810dfffffffffffef9561
00000a102e502e502e4fd1a82c882c882c97d37339333933392cc6dfffffffffffffb561
00000a2012601260127fed8844c844c844d7bb3039b039b039afc65fffffffffffefd161
00000a4fa34fa34fa3505cb836b836b836a7c9501d701d701d6fe29fffffffffffefe261
00000a684ac84ac84ad7b53c959c959c95836a603b203b203b3fc4dfffffffffffffc4c1
00000a8fb66fb66fb670499fdcffdcffdce0231fe9dfe9dfe9c0163fffffffffffe01621
00000a18139813981387ec76b736b736b72948cd6e4d6e4d6e5291bfffffffffffe94601
00000a203ca03ca03cbfc34fa94fa94fa95056b8229822982287dd7fffffffffffe82c21
00000a567536753675298ac01a601a601a7fe58fb4efb4efb4f04b1ffffffffffffff005
00000a7fc9dfc9dfc9c0363fc39fc39fc3803c77d717d717d70828ffffffffffffe82901
00000a9cae3cae3cae2351c01c601c601c7fe38848c848c848d7b73ffffffffffffb45a1
00000a1531b531b531aace4013601360137fec8fd6efd6efd6f0291ffffffffffffff005
00000a383dd83dd83dc7c2304b904b904b8fb467e727e727e73818dfffffffffffef8701
00000a502e502e502e4fd1afdcafdcafdcb02358097809780967f69ffffffffffff7f401
00000a71b2d1b2d1b2ce4d2045804580459fba6fbb2fbb2fbb3044dfffffffffffffefe5
00000a9fa65fa65fa64059b82c982c982c87d377293729372928d6dfffffffffffe8d6c1
00000a0022402240225fdda8248824882497db7039303930392fc6dfffffffffffefd801
00000a28126812681277ed9594d594d594ca6b2049804980499fb67fffffffffffffb661
00000a4ff32ff32ff3300cdff67ff67ff6600997ccf7ccf7cce8331fffffffffffe832e1
00000a7249f249f249edb60493c493c493db6c2047804780479fb87fffffffffffffefe5
00000a8fcf0fcf0fcf1030f7fe37fe37fe2801d02c502c502c4fd3bfffffffffffefd3a1
00000a0fa88fa88fa890577fb13fb13fb1204ed8127812781267ed9fffffffffffe7ed81
00000a39e4f9e4f9e4e61b0029c029c029dfd628138813881397ec7ffffffffffffe02a1
00000a5047104710470fb8efae0fae0fae1051f7fc37fc37fc2803dffffffffffff81201
00000a7898589858984767a040804080409fbf67e127e127e1381edfffffffffffff3721
00000a94e254e254e24b1da044804480449fbb67d907d907d91826fffffffffffffff005
00000a17021702170208fde034203420343fcbcfc84fc84fc85037bffffffffffffff005
00000a38209820982087df7091109110910f6ee032203220323fcddfffffffffffffcd81
00000a4fa44fa44fa4505bbfe89fe89fe880177fb13fb13fb1204edfffffffffffe04ea1
00000a78025802580247fdb424942494248bdb68490849084917b6ffffffffffffebe961
00000a8032203220323fcdc8044804480457fbb228922892288dd77fffffffffffefd9a1
00000a0031203120313fcecfc24fc24fc2503dbfc49fc49fc4803b7fffffffffffe81c81
00000a37e937e937e92816d482748274826b7d8914c914c914d6eb3fffffffffffeba4e1
00000a4229822982299dd66033203320333fccc8166816681677e99fffffffffffefefe5
00000a712cf12cf12ceed30029c029c029dfd628138813881397ec7fffffffffffffefe5
00000a99371937193706c8e26e026e026e1d91e4cc24cc24cc3b33dffffffffffffc6bc1
00000a0018601860187fe787c0e7c0e7c0f83f1671f671f671e98e1fffffffffffeff005
00000a2ce3cce3cce3d31c2037a037a037bfc847ff47ff47ff5800bfffffffffffeaf541
00000a570e970e970e88f1603d203d203d3fc2c80a480a480a57f5bffffffffffffff005
00000a787498749874878b60f920f920f93f06c012601260127fed9fffffffffffffed81
00000a87c4e7c4e7c4f83b17a9f7a9f7a9e8560013e013e013ffec1fffffffffffffec01
00000b106c332c23fc37c8367742aaf79d82d05a4191a7435effe09a4191a753a91fe081
00000b2a218dbf5c58f0210ee1948f4214e7b2036c37ec2acc2d842feffa5e8acc0d8405
00000b4c7af429823d5fb86e5aeca19c1f5030ee1aecb19c1b4031efefecb17c1b67f9a5
00000b62974f92fcd38803d3818bd75dc2e04781a1875f5ee0f08f01a18ff00ff0108b45
00000b81e19f4f58e4f10e1961916f436cffec046c2e2c3cbc3018246c2e2c3cbc290a41
00000b167aeaa99d9d4050665aeea19c9f4010e2174fb2fcdb8801d4e6aff00ff00801c5
00000b368c329423922fd3b7baf2d9838157d761daff4180e74f0ee6579f4160e75fbca1
00000b51175372e3eb9fcddc8c3014233237fbafb74cdafc0188374fb74cdafc018fd9a1
00000b75cc324423a63fdea1374f7afce9900d48c18d075c76e02a88c18d075c76e7f961
00000b872c2efc3c88201530f74b0afdf5804a5f4190e7430ee7f49f418ff00ff007f485
00000b142c323c23b82fd92efaec899c1550326f5aece19c0f4034ef5aece19c0f581ce1
00000b20174f32fcfb8009de8c3094231227f3a7bae6d996814a9767bad7d7b81f2a9761
00000b49dafd418867552ef1174b72f5eb9a4dd48c321423b23fdbb48c5ff016641fdba5
00000b63b74fdafcc190074dcc2c443c26203ea1374f7afce9800d49948ff00ff0000d47
00000b88c18d075c76e02a8f218cff5c08e8351cec380c2134277a2ff00ff00ff0077a25
00000b1b7ae1e9874d5ee470575322e3ff9fc8da0191b7435af7e19a0191b7436beff005
00000b36ac3a9c219027532bf745cae6459ea659419167436effec9ab47877836effec81
00000b4c2c343c223837b92efaf48982154fb26b5aede19c4f5824efefede19c4f5f7ce5
00000b70175332e3fb8fc9c68c2e943c923013b7baf2d9838147d777baf9d7b89f37e3e1
00000b8ddaf44182274fbef51aea719dab505de49aee119cb3481bfb06ae119cb3581dc1
00000b0f9afcd198034937fd974852f523927fd58c325423a23fdfbff01d34a5379fdfa5
00000b31b7535ae3e197cf4dc194475226e3be9d21987f4128f77d1d21987f2128d77d01
00000b58e1910f4374ffea0f6194ef420cf7b4146c322c23bc2fd83ff0122c23bc2fdc25
00000b7a7af1a9835d57e0725753a2e3df8fc0c60c2eb43c9a3011a60c4eb45c9a1fb121
00000b8ab74d9afc5180235fc190c74306e7f6812c3f7c28e82d0d3ff01f7c28e82d0d25
00000b10f7530ae3f59fca4b418de75c4ef0248c218c3f5c38e8390c218c3f5c38e83b21
00000b36ec328c23942fd233774beafdcd9044404c2f243cfe2808a2746f241cfe3820c1
00000b52375bbaf1d9834146c186874696f692972c32fc23883fd5372c5a53a3881fd541
00000b78faf109837557ea635ae7e18ecf4484e4175e32f8bb9919d465de32ea54f919c1
00000b8a818d975452f22397ac2adc2d80345729f7454afe6598ae5a3d4ff01e6598ae45
00000b154c326423ae3fdcb43af23983b957d96edaf48182174fb2eedaf48182174fd021
00000b371aeaf19d8b5055f49aea119db3405bf3974bd2fdc38047c3c3ad132fefe047a5
00000b51818b575de2e04f8da18c5f5c20e83f15e18a4f45a4ee5e17334fc6afefee5e05
00000b7961916f436cffec0c61942f423cf7b8166c32ac239c2fd03dd332ac039c4fd561
00000b8a774daafc5d90205e4190a7431ee7f09a2191bf4358efe11ff01663978c8fe105
00000b16ec2a8c3d943052377aeae99d8d4054685aed219c7f4828e85aed86aff00828e5
00000b321753b2e3db8fc1de8c3094231237f3afbaf4d982014fb76fbaf4d962015fb421
00000b51d74b42fde7904edd0c3074232a27fda4b75e1af8b1811b46f47e1b1923611b21
00000b6fc18cc75406f2369921917f4368ffed10e18b0f5df4f04a1fefeb0f5df4ea3485
00000b936c33ec23cc27c42c7af429823d4fb866574ea2fc9f9810d7f7aea2fc9f8f8ea1
00000b160182b7479aeed18aa1959f4a50fda313ec3bcc31c43b4638b33bcc29fc7ff005
00000b217ae76986ed568c6c5af421823f5fb8f61aeab19d9b5051f6180ab17d9b2e5601
00000b469aee919c934013ef9aecd19c034037e59aee519ca3401fee468fefefefe01fe5
00000b6d9aec519c23403fe1974f52fce3880fd98191574362efef99816ff00ff00fefa5
00000b8dac2c5c3c20303f29f74d4afc65802e5d419067432ee7fc8fb46ff00ff007fc85
00000b1c21903f5338e3f91ee1908f4314f7f2176c32ec238c3fd42ff012ec238c3fd425
00000b3477522ae3bd97d8524c33a423de2fc0b23753bae3d99fc1523733bac3d99fc781
00000b5ec190874316f7f2972c32fc23882fd534faea099db5505a6dfeca099db55fd881
00000b73574be2fdcf8044d0018b375dfae0498eac349c221027b32eac4f2b8ff007b345
00000b97f74acafd85885659419167436effec88218d3f5c78f02909496d3f5c78fff005
00000b02e18f8f5cd4e002136c33ec23cc27c4387ae929957d4a68787afb8b98b26a6861
00000b325743a2efdf94c0c60c36b43a9a3991aab75d9af05193234ab73d9affefe66265
00000b53c18bc745c6f646812c277c2ee83c8d20f75f0af8f5990a40f73f0aecc12ae461
00000b774c32e4238e3fd4a8374d3afc79902942cc2f843cd62802b7946f843cd62819a1
00000b8f3af4f982094fb568d74d02fc77902ad70c2af43d8a2055aff00af43d8a37f1e5
00000b00b74f1afcf1800b43cc2fc43cc62806ad3af47982294fbd6d3aeff00ff00fbd65
00000b28daed019c77582aef1af4f1820b4fb5f0974b12fdf3904bcfefeb12ddf39fefe5
00000b5b8191d74342e7e795a1825f57a0eadf15ec324c23a43fde2933324c43a41fde21
00000b757aea699dad505c685aed219c7f4828ee1af4b1821b4fb1ee1aef9c0ff00fb1e5
00000b82974f92fcd39003c3818fd75cc2e00785ac2e5c3ca0201f25ac2ff00ff0001f25
00000b19faf149836547ee655afe6180af4f1cf0175332e3fb9fc9d766a7bbe3fb9fc9c1
00000b3e8c3094231237f3afbaf4d982014fb771d74b42fde7904edfefeb42fde77fbca5
00000b5d0c3074232a27fdacbaf41982314fbb6bdaedc19c475826fff00dc19c474fc945
00000b71175372e3eb8fcdd88191174372f7eb97a192df5b80e9d717a172df3b80dfc981
00000b99e1914f4364ffee116c336c23ec37cc3077532ae3fd8fc8435ed32ae3fd8fd941
00000b1e4190a7431ef7f09e2198bf5118eb711aec218c275436e22ff00193c7543b7185
00000b337af3e98bcd5dc46c5af421823f5fb8f61aeab19d9b5051f7e68ab19d9b2fefe5
00000b42974f92fcd38003db8191d74342e7e791ac2b5c3de0284f36298b5c1de0484f21
00000b61fae7499ee5508e65575e62f8af911cd40c323423ba3fd9b40c1dbe0fa51fd981
00000b92b74b9afdd1904343cc2fc43cc62806b937517afb6981ed59374ff00ff001ed45
00000b10c1930753f6f3ca972c32fc23883fd534f7520ae3b597da54f7520ae3b58bb181
00000b3b4189e7454eee649821913f4378ffe90ee1948f4214f7b20ee1948f4214ffefe5
00000b576c3aec318c2354287ae529867d56a86e5af4a1821f5fb0ee5ad826821f3fb101
00000b6a174db2fc5b9021d68c2a943d922053b3b74bdafdc1804758b46ff00ff0004745
00000b9dc190474326e7fe9921917f4368efed10e18b0f5df4f04a0ef32b0f5df4eff005
00000b13618bef5dcce044106c332c23fc27c83a7ae1a99f5d40e07a7af72b9f5d40e061
00000b365af2a19b9f51d0ea1af5b1925b53a1f2975392e3d39fc3d8869392c60a9fc3a1
00000b43818fd75cc2f0078dac345c222027bf21f74f4af4e58a0e493ecf4ad6f32a0e21
00000b754c326423ae3fdcb037533ae3f997c95ac191874356efe29ac1718723570fe561
00000b8f218cff5c08f83518e1910f4374efea176c2aec3d8c30543ff00aec3d8c3ff005
00000b187af129837d47e8725753a2e3df8fc0c2018fb75cdaf00182e38fb75cdaefb981
00000b26ac2e9c3c9020132ffaecc99c05403665574e62fcaf881ccff80fefefefe81cc5
00000b400c3f3428fa2509a6baee9994915a1373d753c2e3c79fc6d3d75ff0159c5fc6e5
00000b7d0c3074232a37fdacbaf41982314fbb6fdaecc19c075036ffefecc1bc073fc945
00000b8d1aec719c2b403de0974f12fcf3800bcb818dd75c42e0278b818ff00ff0002785
00000b0da18c5f5c20e83f19ec394c3164236e357ae26987ad56dc7f9eddbb87ad56dc61
00000b2c5af4218a3f5db8ee1af4b1821b5fb1e69aee919c935013efefee919c932fefe5
00000b43974fd2fcc38807d98191574362efef8da18c5f5c20f83f0da16c5f3c210fefe5
00000b75ec324c23a42fde31774b6afded904c544c2a243dbe2058b44c0a243dbe383a81
00000b863aeeb99c9940116adaed819c574822fb1af1f1934b43e5fb1aeff00ff003e5e5
00000b10975312e3f39fcbcf8c2cd43c023037b5baf25983a147df783477f7d806281681
00000b29daed4184674e2eed1af471822b5fbde49aee119cb3581bef068e117cb33fefe5
00000b5f9af8d199034177f1975352e3e39fcfdd8c3054232237ffbd8c2434b4f79957c1
00000b75baf25993a14bdf6ddaf441822757befd175872e12b9f7ddd175872c12b9f7dc1
00000b948c321423b23fdba3b74fdafcc1900749c18d475c66e02e89c18d475c66e7e901
00000b0d218c7f5c28e83d14ec320c23b42fda2f7af4e9820d5fb46f7af69b97ef4ff005
00000b3c575822e13f9f78da0c21b4275a3ee1aebaf49982115fb36ebc349982114fefe5
00000b43d74fc2fcc79006c1018f775ceae00d8cac341c223027bb2cac2fefefefe7bb05
00000b73f753cae3c58fc65d419067432ef7fc9821893f4d78e4690949893f6d791fd3c1
00000b96ec228c3f9438d22f7af4e99a0d51b46c5af421823f5fb8fe77b4218ff01fb8e5
00000b02174fb2fcdb9801c68c36942a922d93abb75ddaf0419b274bb75e57ff7f3da5c1
00000b31c18b4745e6f64e8121877f4ee8fc8d04ec3e0c38b4391a24ec1e0c0ce1caeba1
00000b537753eae3cd9fc45c419027433ef7f89a2181bf5f58e8e11a2181bf5f58efcf01
00000b76ec328c3b9431d2337753eae3cd9fc4404c2f243cfe3808a2748f245cfe29a701
00000b8e3af4b982194fb172d74b82fdd79042cb018df75c4ae0258b018df75c4af80461
00000b0cac341c223027bb23fae7c99ec5488671575362e3ef9fccc8b7b3f699057fccc1
00000b38019137437af7e996a18a9f4d90e45317ec32cc23843fd637ec13e6a91c5fd621
00000b4d7aec699c2d503c685aed219c7f4828ee1af4b1821b4fb1ee1dafefefefefb1c5
00000b62974f92fcd39003c3818fd75cc2e0078da18c5f5c20e83f0da1aff00ff0083f05
00000b81ec374c3ae4298e257afe6990ad531c6c5af421823f5fb8ec5aedc663a27fb8e1
00000b061aeeb19c9b5811f2975392e3d38fc3c78c2ed43c823017a78c2ed43c823fe621
00000b2dbaec599c21403f69daed419c67482ef1175372e3eb8fcdcfa68fefefefefcdc5
00000b548c2a143db2305ba7baeed99c81401769daed419c67482ee9dacfefefefe82ec5
00000b71175372e3eb8fcddc8c3014233237fbafb754dae20187b74fb774dac201bfd9a1
00000b99c191474366ffee91218b7f5de8f04d0ce1940f4234e7ba0ce194d6d961c84bc1
00000b0f6c34ec320c2bb42c7af429823d5fb86e5aeca19c1f5030eff00ca19c1f5ff005
00000b2e1aecb19c1b4031e69aee919c934813f39afbd181c34747ecc68fefefefe747e5
00000b419ae75186e35e8fe1975f52e8e39d0fd98191574362ffef99819eb4c7d76fefe5
00000b69a18d5f5c60f02f01e18f4f5ce4e00e116c336c23ec27cc23934ff00ff007cc25
00000b9c7af0299b3d41f87e5af0a1931f53f0fe1750b2e31b97f1cff010b2e66cb7f1c5
00000b168c329423923fd3b3b753dae3c197c741cc374422e62f8ea254974422e62fb221
00000b213aff7980e95f0d6cdaf40182375fbae71aeef19c8b5815e71aeef19c8b2fefe5
00000b5c9ae8119d33487bfb9ae1d19f4350e7f1975352e3e39fcfcfeff352efefffcfe5
00000b7d8c3054232237ffadbaf45982214fbf65daee419ca7501effefee41bca73fcf05
00000b91174b72fdeb804dd0818b175df2e04b8fa18cdf5c00e8370fa18e9b6ff0083705
00000b1de1904f5324ebfe1961916f436cf7ec146c322c23bc3fd82f53322c23bc3fd821
00000b2e7af4a9821d5fb07e5758a2e11f9f70da0c21b4275a3ee1bfefe55e075a2fefe5
00000b52b7539ae3d19fc357cc2ac43d863056b1374b7afde9804d42946b7adde9a82b21
00000b68c18d075c76e02a8f2c34fc220827b52cf74c0afc35883a4ff00c0afc35883a65
00000b9b4189e75d4ef0649821913f4378ffe90ee1948f4214f7b20ee1948f58d8086001
00000b176c32ec238c2fd43477522ae3bd97d8524c3ba429de2d40a3f47ba429de3fbe81
00000b263746baf6999a914ac19d874856f522932c2bfc35c83a4529097c5317023a4501
00000b40f7470aeef5948a5b4191e7434effe48c2c343c223837b92c2c143c4a54ac80c1
00000b6afaed898c554422775aeae19d8f5854ec1af431823b5fb9ec1aeff01fefffb9e5
00000b8a974d92fc539023c3818fd75cc2e00785ac2e5c3ca0201f26298ff00ff0001f25
00000b0dfaec499c25403e65574e62fcaf881ccc019c37583ae9398c018ff00ff0093985
00000b3aa1919f4350ffe313ec33cc23c437c63177536ae3ed8fcc469ed36ac3ed8fd4a1
00000b404c2f243cfe3808ae3af4b982194fb172d74b82fdd79042c6979beffdd7bfcac1
00000b7f0c30f4230a27f5acbaf41982314fbb6bd74dc2fc479026dfefedc31c476fc285
00000b850c2e743caa201dacbaec199c31403b67d74ec2fc878816c9d7aff00ff00816c5
00000b19019177436aefed8cac341c223037bb2ffaf4c982054fb66ff814c982055f8501
00000b255aee619caf501ce41aee319cbb4819f2975392e3d38fc3d2972fefefefefc3a5
00000b43818fd75cc2f0078da18c5f5c20e83f11e1834f47e4e6ce09332fefefefe6cde5
00000b6561966f4aacfd9c0c6c3c2c303c3b382e7af4a9821d5fb06e7b0aab92f96ff005
00000b865aeea19c9f5010e2174fb2fcdb8801d281939753d2e3c392818ff00ff003c385
00000b1ba191df4340ffe711e18b4f5de4f04e09618d6f5c6ce02c09618d6f5c6ce845a1
00000b2c61942f423ce7b8166c32ac239c2fd0367752aae39d97d05aded2aac39d8f9821
00000b5a4181a75f5ee0e09a2191bf4358ffe10ee1948f4214f7b20ee1948f7ac838d1a1
00000b63619fef40cce704146c322c23bc3fd83a7af1a9835d57e07a7aea2b835d7eee21
00000b865aeea19c9f4810f21753b2e3db9fc1d2818b975dd2f04392818b975dd2ffe2c1
00000b0fac34dc220027b721faff4998e5410e615aef6194ef520ce9b7af6194ef520ce1
00000b24174e32ecbb9419d68c329423923fd3b3b74bdafdc1904753b74bdaddc16bff81
00000b49c18d475c66e02e91218b7f5de8e04d10e18b0f5df4e04a12f34fefefefe04a05
00000b6f6194ef420ce7b41c61882f453cee781a6c21ac2f5c3ce03feff52e8f5c4e3e05
00000b927753aae3dd9fc052418ba75ddef0408e2c2cbc3c1820312e2c2cbc3c182810c1
00000b06faee899c9540126b574de2fc4f8024d0018b375dfae0498a638ff00ff0004985
00000b2eac349c221027b333f753cae3c58fc6554c2a643dae305cbab46a643dae0f8a81
00000b50374b3afdf9804952c18b875dd6e042972c2afc3d882055372c2ed38fefe05525
00000b74f7520ae3b587da534c23e42fce24c4a437563afab999994437763aeb94599921
00000b9ac191874356ffe2972c2afc3d88305534f7520ae3b587da49fed49478f14848a1
00000b134c3be439ce2944a43ae63996b952996edaf48182175fb2eedafa300897dfb2e1
00000b23174ff2fccb9805d88191174372efeb93a18bdf5dc0f04713b56ff81dc0ffeff5
00000b51e18b4f5de4e04e0d6c2c6c3c2c203c2c7aec299c3d40386c7acfcb6fefe03865
00000b6a574da2fc5f8020da0191b7435ae7e19aa1919f4350efe31c69776b77ca6fe321
00000b87ec2ecc3c8430163577526ae3ad87dc404c3f2420fe2708b5747f2438428708a1
00000b123753bae3d99fc14ac18d875c56f0228f218cff5c08e8350f218cff5c08e83641
00000b38e1910f4374efea0f6194ef420cf7b41861912f437cefe81feff12f237cefe5e5
00000b4a618daf5c5cf0200e6194af421ce7b0166c32ac239c2fd02feffa6eb68a2fd005
00000b767752aae39d97d05a4191a7435eefe08a218dbf5c58f0210a21adbf7c58dfc0c1
00000b92ec338c23d427c22f7af4e9820d4fb4685aed219c7f5828fa77ad219c7f4f8721
00000b02174fb2fcdb8001c68c2e943c923013b3b753dae3c19fc753b74ff00ff01fc745
00000b29c18d475c66f02e91218b7f5de8e04d10e18b0f5df4e04a12f32fefefefe049e5
00000b536c33ec23cc27c43c7ae8298d3d4478725753a2e3df9fc0c7f794268919bfc0c1
00000b62018fb75cdaf00186ac2e9c3c9020133bfaf1c9834547e67bfacff00ff007e665
00000b91575362e3ef8fccdc0c3034233a37f9b2b7539ae3d18fc34574739ae3d19fcac1
00000b13c18bc75dc6f0468d2c2c7c3c28203d24faee099cb5401a78fecff00ff0001a65
00000b33574be2fdcf8044d0018b375dfae0498eac2c9c3c1020332eac2f2b6fefe03325
00000b4bf74dcafc458026414c2f643cee280cb037533ae3f98fc945546fefefefefc945
00000b76cc2a843d963052a3374ffafcc9800540cc2f043cf6280ab2146ff80ff0080aa5
00000b933ae3f98fc944c564daf6019ab7599af31753f2e3cb9fc5d31753f2fff01fc5c5
00000b188191174372f7eb97ac32dc23802fd721f74f4afce5900e483ecf4afce59fd3e1
00000b254c2e643cae201cb43aea399db940596adaed819c574822eadacfefefefe822e5
00000b5f1758f2e90b8575d48c321423b23fdba7baeed99c8150176bb46ed99c815d62e1
00000b65d74e42fca7881ec90c3d74206a272dacbaf41982315fbb6cbb1feff5233fbb45
00000b87d74ec2fc879816d9019177436aefed84ac2e1c3cb0301b38e96e1c3cb03ff005
00000b17f752cae38587d64d419467522eebbc9821913f4378ffe91d49713f4378ffe901
00000b22e18f8f5cd4f0020f6194ef420ce7b4146c322c23bc2fd82a533c8e96f2cfd801
00000b5a7af1a9835d57e06e5af4a1821f4fb0e61aeeb19c9b5811fff00eb19c9b5fa165
00000b6e9af49182134fb3e79aeed19c835817e1975f52f8e3890fce46bf52f8e39fdda1
00000b81818f5754e2f20f95ac325c23a03fdf2dfaec499c25503e6dfaec499c2549fea1
00000b05574e62fcaf881cd40c323423ba2fd9b2b7539ae3d197c352b758a7d879cff005
00000b3fcc30c4330623f6b93af179836957ed6cdaf40182375fbaefeff40162373fbae5
00000b43174ff2fccb9805cc819c174032ef3b9ba191df4340ffe71ba18ff815105fe731
00000b71ec334c23e437ce2977556afa6d89ac544c322423be3fd8b44c322416629fd8a1
00000b863aeeb99c99501166d74e82fc978812db0191f7434aefe59b018ff00ff00fe585
00000b14ac2a1c3db0305b37faeac99d854056655aee619caf401ce55aee618ff0001ce5
00000b28174d32fc7b8029de8c3094231227f3afb744dafe0188b74fb735d7be0188b741
00000b59c199475966f16e912c237c37e832cd24faf6098ab5559a64faf609aab5559a61
00000b6f5afce1900f5b34f0175332e3fb9fc9c68c2e943c923013b7838e945c922ff005
00000b97baf2d9838147d769d75542f26783aed50c327423aa3fddb9a3927423aa3fdda1
00000b10b7531ae3f197cb57cc32c423862fd6b53af27983a957dd753af27983a95fb341
00000b38d74102ef7784ead70192f75b8af9d594ac321c23b03fdb27e9721c3fefffdb25
00000b53f74bcafdc59046554c2a643dae205cb037533ae3f987c941546e40efefe7c925
00000b7ac191874356efe28f218cff5c08f83518e1990f4974ed6a1feff90f4974ffefe5
00000b9b6191ef434cffe4146c2a2c3dbc30583a7af1a9835d47e07a7af42b9919684e61
00000b165aeaa1859f4650ea1ae5b18e5b5ca1ee9af49182135fb3ee9ae8632c0abfb3e1
00000b23974fd2fcc39807d58c325423a22fdfb5baea599da1505f75baea539da15fefe5
00000b45d74e42fca7881ecd0c2c743c2a283dbcb7481afd31907b5cb74fefefefe86c65
00000b77cc32c423863fd6b137537ae3e997cd58c191075376e3ea98c171073376cfb4c1
00000b972c32fc23883fd534f7520ae3b597da574c32e4238e2fd4b74c32e4238e2fdd41
00000b143af23983b957d96adaf5818a574da2f31753f2e3cb9fc5d726b3f2e6227fc5c1
00000b28818d175c72f02b8fac34dc220027b731f7534ae3e58fce4feffa0476830fce25
00000b5d419067432ef7fc9821913f4378efe906ec2e8c3c9430122d732e8c3c943ff005
00000b777aeae99d8d405470574b22fdff8048ca018db75c5ae0218a01ae1e8ff00021a5
00000b8eac349c221027b32bfafdc980454726715aeb6185ef5e4ceff00b6185ef5e4ce5
00000b001ae7318efb5c89e6975e92f8939913db8191d74342ffe79b819dd4bfa0bfe781
00000b2dac345c222037bf31fae3499fe548ce71575362e3ef9fccd7b79362fa157fccc1
00000b5c0c3034233a37f9aebaf49982114fb36bdaedc19c475826fff00dc19c475fbf25
00000b6d1af471822b4fbde0974f12fcf3900bdf8c30d4230227f7bf8c1b94b73087f241
00000b8dbaf45982214fbf65d74e42fca7981ed50182774faaecdd8ba39aae2faaffee21
00000b0cac341c3a3039bb2ffaf4c982055fb6655aee619caf501ceff80e619caf4ff005
00000b241aee319cbb4819ee9af49182134fb3ef9aecd19c035037ef9aecd17c034fe001
00000b41974f52fce3800fd98191574362e7ef85a1965f4aa0ed9f05a178bb8aa0cd9f01
00000b79e1914f4364ffee09618d6f5c6cf02c0c61942f423ce7b80c6196ce97e2c82a81
00000b9e6190af5b1ce9f01e6c30ac331c33f03a7af1a9835d57e06ff011a9864977e065
00000b125753a2e3df9fc0c60c2eb43c9a3011b2b7539ae3d187c352b75a67d889c7e741
00000b23c18fc744c6ee06952c327c23a83fdd34f7520ae3b597da54f75a5463b59fefe5
00000b47418ee75c8ee0148c2c2c3c3c3830393afae9899d5550626b7eafefefeff06285
00000b735753e2e3cf9fc4dc0c3034233a37f9b2bafb9991d1434367749b9971d12fd0a1
00000b8fdaf4c182075fb6ed1aec719c2b503de49aee119cb3481beff00e119cb3482345
00000b079746d2ee838497cd8c3c543822393fb9b7495af561926f4d347b37deb635e781
00000b35c182474fa6f4de8d2c347c3a2839bd2cfaf40982355fba6cfad4099fefffba45
00000b53574be2fdcf9044d0018b375dfae0498eac2c9c3c1020332eac2f2b6fefe03305
00000b6ffaecc99c05403661574f62fcef800cc0018f375cfae0098ff80ff00ff00009a7
00000b8ea18c9f5c10e8330fe19ccf4804ed36156c326c23ac3fdc2ff01ff01c261fdc25
00000b187af129837d57e86e5af4a1821f4fb0ee1aecb19c1b5031fee6acb19c1b5fa9c1
00000b22974f92fcd38803db8191d74342efe785ac2e5c3ca0301f36294e5c1ca02fefe5
00000b59faf149836547ee65574e62e4af861cd8019137437affe99801b7be237affe981
00000b6eac349c221037b33ff740caff0580f6594191675b6ef1ec8ff811675b6ef1ec91
00000b9021933f53f8f3c906ec368c22943792337753eae3cd9fc4537753eae3cd9fc441
00000b004c2f243cfe3808ae3af4b982194fb172d74b82fdd79042c697bbefddd79fcac1
00000b3b0191f7434ae7e590a18b1f45f0e64b1be191cf4344ffe61be17526a344ffe5e1
00000b41618f6f5cecf00c0c61942f423ce7b8166c2aac2d9c2450366c3baead9c045001
00000b727753aae3dd9fc052418ba75ddef0408e2c2cbc3c1820312e2c4cbc3c182810e1
00000b82f74f8afcd580025f4190e7430ee7f480218f3f44f8e6091a496f3f57f4c60901
00000b02e18f8f4cd4fc0207618eef5c8cf814146c322c23bc3fd8346c2ff01ff01fd825
00000b32774baafddd90405e4190a7431ee7f08a2c3dbc385821212a2c3dbc390c612101
00000b4efaf48982155fb26b574de2fc4f9024dc0c3034233a27f9afeffa7e36750802c5
00000b6ebaf49982114fb363d74fc2fcc79006c1018f775ceae00d8aa3af775ceaf7c041
00000b8ca18c1f5c30e83b1be191cf4344efe60d61946f422cf7bc1ff015fe97860ff005
00000b1861892f557ce2681a6191af435cffe0066c2eac3c9c30102ad32eac3c9c3a5801
00000b2e7aeca99c1d403062574fa2fcdf8000c60c2eb43c9a2011a8e38fefefefe011a5
00000b4ebaec999c11403367d74ec2fc878816d50c327423aa2fddaea38fefefefefdda5
00000b68b74d1afc71902b5fc190c74306e7f69921917f4368efed1feff5f397890fed05
00000b94ec2a0c3db4305a277aeee99c8d401470574b22fdff8048d477aff00ff00048c5
00000b0a018db75c5ae0218eac349c221027b32ffaf4c982054fb66ff81a64767b2fb661
00000b21574f62fcef900cd8019137437ae7e986a19e9f4890ed1306a17e9f48848d12e1
00000b5be191cf4344ffe6116c336c23ec37cc3077432afffd88c8455ec32aeff80fc341
00000b7a4191a7435effe08a218dbf5c58f02116ec2a8c3d9420523c732a8c3d942811a1
00000b93774beafdcd804448418d275c7ee02892218bbf5dd8e04113c96ff00ff0004105
00000b16ec2a8c3d9420523b7af1e9834d47e470574b22fdff8848ca77ab22fdff8848c1
00000b360c32b4239a3fd1b6baf299839157d36bd74dc2f4478226cbd74dc2f4476fb541
00000b550c327423aa3fddb0b7531ae3f197cb57cc32c423862fd6b7cc32c423862fdce1
00000b71374b7afde9904d48c18d075c76e02a8f218cff5c08e8350f218ff00ff0083505
00000b8ce1940f5a34e1ba1b6191ef434cffe410618b2f5dfcf0481ff00b2f5dfcf9b045
00000b126c33ac23dc27c0367afaa9919d4b50725753a2e3df9fc0d257466663df9fc0c1
00000b260c2eb43c9a3011aab74d9afc51802357cc2ac43d862056a8d46fefefefe05685
00000b553af27983a947dd6cdaf40182374fbae71aeef19c8b5015fa26aef19c8b4fa8a1
00000b749aea119db3405be79aeed19c834817ed9af45182234fbfed9aeff00ff00fc005
00000b89974d52fc63902fc58c2e543ca2201fb5baf25983a147df67346ff00ff007df65
00000b1ddaf84189274d7ef1175372e3eb9fcdd88191174372f7eb988183c4a5241ff005
00000b3fac30dc33002bf72dfaf44982255fbe695aed619c6f582cffefed619c6f5fefe5
00000b4c1af431823b4fb9e69aee919c935813f39753d2e3c38fc7cac69ad356e09fd461
00000b758c2a543da2305fb5baea599da1405f61d74f42fce7800ec357af430ff0000ec7
00000b89018d775c6ae02d84ac2e1c3cb0201b37f752cae38587d657f74ff00ff007d645
00000b1d4190675b2ee9fc942c323c23b83fd93afaf189835557e27afaf18996f75ff005
00000b335753e2e3cf8fc4dc0c3034233a37f9b2bae39987d14ec36774639987d15fd081
00000b47daf6c18a875d96e9175d72f06b9b2dd0818b1745f2f64b89038c44a5f2cfefe5
00000b67ac26dc2e803c972dfafc499825593e71575362e3ef9fcccdb7bb367eb57fcca1
00000b9c0c3034233a37f9aebaf4999a1149b37fdaf8c191075376fff018c1955c39bf05
00000b0d1af471822b5fbde0974f12fcf3900bdf8c30d4230227f7bf8c3b94b730a7fd21
00000b2dbafc598021473f79d74942e5679e6ed50c22742faa3cddbfa39dae0faa3dbe21
00000b4cb7541afa3199bb5bc191c74346ffe68d218c7f5c28f83d1ff00c7f5c290fefe5
00000b78e1910f4b74edea1b6191ef434cffe410618b2f5dfcf0480c534b2f7dfcdfefe5
00000b8e6194af421ce7b0166c32ac239c2fd02e7aeca99c1d50306e7aeca99c1d4f9021
00000b0a5aeda19c5f4820e21ae7b186db4681ee9af49182135fb3ee9aed633b4abfb3e1
00000b279aeed19c835817e1974f52ece3840fc1818f575ce2f80f8182afefffeff80f85
00000b59a1915f4360ffef01e18f4f5ce4f00e116c336c23ec27cc339358beb856280ce1
00000b7c77402aff3d80f85a4191a7435effe08e2c34bc221837b12ec994bc3aac78e901
00000b9afaf189835547e2735753e2e3cf9fc4c001973742faff898663973742faffbb01
00000b16ac329c23903fd337f752cae38597d649418d674c6eec2c89418d674c6eefbaa1
00000b3821913f4378ffe912ec338c23d437c22f7af4e9820d4fb46f7af4e9620d4fc841
00000b545aea219dbf5058f2174bb2fddb8041d2818b975dd2e04392818de4afefe04365
00000b6fac2cdc3c00203721f74f4afce5800e454c2e643cae201ca9b48ff00ff0001cc5
00000b943af23983b947d96ed74c82f4178232df0c28f42d0a3475bf0c28f42d0a3475a1
00000b18bae1199f7158eb73daf3c19bc751c6e51af67192ab539de51b16718ff0139de5
00000b30975312e3f39fcbcf8c2cd43c023037a9b74d5afc61802f49b72d5adc61881461
00000b55cc2a443da6205eb137537ae3e987cd54cc320423b62fdab4cc35d119a1cfdaa1
00000b6f3aecf99c09503568daed019c77482afb1af1f18b4b4de5eff00ff00ff00de5e5
00000b8c9af41182335fbbf3974bd2fdc39047d98191574362e7ef998197f4b8078818a1
00000b19a1915f4360efef05ec2e4c3ca4301e31774b6afded804c579ecb6afded981d21
00000b3c419027433ee7f89e2c20bc37182af13efaf0898b1555f26feff0898b152afa25
00000b535753e2e3cf9fc4d40c2a343dba3059b6baf299839147d376baf627d999c830e1
00000b6fdaf4c182074fb6e1174f72fceb980dd08c2b142df22c4ba903bc44adf23fd541
00000b8fbaf4d982015fb765d74e42fca7981ed9018977556ae26d8da39b2e36b96fe681
00000b14ac221c2fb034db2ffaf4c99a0559b671575362e3ef9fcccff81362fff01fccc5
00000b3c0c3034233a37f9aebaf49982114fb367d74ec2fc879816dfefeec2fc877fbf05
00000b59019177436aefed8ca18c1f5c30f83b07e196cf4a84ed961db356cf6a84dff005
00000b6d619c6f502cfb3c186c292c257c3668367ae2a98f9d5cd07ddeddab6f9d5cd041
00000b925753a2e3df9fc0c2018fb75cdaf00182a18f9f5cd0e00302a18f9f5cd0e7a921
00000b13ec33cc23c427c63177536ae3ed8fcc544c2a243dbe3058b44c2a243dbe2fa381
00000b363af2b9839947d16edaec819c174832f31753f2e3cb9fc5dd26974bf7c25fc5a1
00000b588191174372f7eb83a197df5ac0e18705ec3e4c30a4331e25ec1e4c3644131e41
00000b7177536ae3ed9fcc404c2f243cfe3808ae3ae4b99e1948b16e3afaa0fe194fe5c1
00000b92d75382e3d79fc2cb018df75c4af0258cac341c223027bb2cac398b7833c7fae1
00000b03faf7c992c54b8671575362e3ef9fccdc0c3034233a37f9bc0c233e233a3ff005
00000b36baea998d914c5373d753c2e3c79fc6c1018f775ceaf00d82a38f773ceadfefe5
00000b44ac2e1c3cb0201b33f74bcafdc58046554c2a643dae205cb54c4fefefefe05ca5
00000b7037533ae3f987c956c182874f96ecd2972c32fc23883fd5372c12fc2ba25fd501
00000b90f74b0afdf5904a4b418de75c4ee0248c218c3f5c38e8390c218ff00ff0083905
00000b16ec328c23942fd23b7af1e9834d57e468574522ee7f8ca8ca77a522ee7f9fc721
00000b32019bb759daf94196ac329c23903fd32bf74dcafc4590264bf74dcafc458fefe5
00000b554c2a643dae205cb037533ae3f987c956cc328423962fd2b6cc35b119b82fd2a1
00000b733753fae3c997c558cc29042d76246aaf3af4f982095fb56f3b15174951dfb561
00000b8cdaec019c37503ae3174ff2fccb8805d48c2a1425b2265ba8038ff80ff0065bb5
00000b13b753dae3c19fc75dc190474326f7fe892c257c366822ad2989e57c36682fd621
00000b30f7530ae3f59fca4b418de75c4ef0248c2c343c223827b92c2c19039854a80181
00000b4efaf48982154fb26b5aede19c4f5824f0175332e3fb8fc9cfeffa7c1674ffe1a5
00000b668c2e943c923013b3b753dae3c187c759c191474366efee99c19a80f863cfee81
00000b91218b7f5de8f04d10e18b0f5df4e04a0f6194ef420ce7b40f618e9e8ff007b405
00000b1c6c282c353c22782e7af4a9821d5fb062574fa2fcdf9000dff00fa2fcdf9a38c5
00000b3e0c30b4231a27f1b2b7539ae3d18fc343cc2fc43cc63806a8d46fc43cc60fc521
00000b4d3af47982294fbd64d74e02fcb7981adb0191f7434aefe59b019a8e36f2bfb881
00000b6cac341c223037bb3bf749cafd458066554c22643fae30dcbfeff5f79fae30dca5
00000b8c3af43982395fb966d74e82fc979812d70c32f4238a2fd5ab239ace36e28fe9a1
00000b04baee199cb1501b67d74ec2fc878816d50c327423aa2fddb50beff00ff00fdda5
00000b2cbaec199c31503b6bdaedc19c474826ed174472ee2b8cbdcfefefefefefecbda5
00000b588c39143972396bafbaf4d982015fb765d74e42fca7981edff00e42fca7afefe5
00000b79019177436aefed84ac2e1c3cb0301b33f74bcafdc5804655becbcafdc5981901
00000b91418b675deee04c8c2c2c3c3c3820393afaf189835547e27afaefb46ff007e265
00000b0f5754e2f20f8bb4d8019137437affe98eac349c221037b33f69749c22103ff005
00000b2ffaf4c982054fb6695aed619c6f582cf01aeb3185fb4649eff80b317684bfefe5
00000b4e9af49182135fb3eb974dd2fc439027d98191574362e7ef8feffa74d66787fe85
00000b75ac325c23a02fdf35f7524ae3a597de4d4c3c64302e233cad4c5c64102e1fcd61
00000b8c3af43982395fb966d74e82fc979812df0c30f43b0a29f5bf0c3ace3b0a2fddc1
00000b0cbaf41982315fbb6bdaedc19c475826e5175672e2ab8f9dcff019ebf6892ff005
00000b288c3d1420723f2bb3b753dae3c19fc741cc2f443ce6380eb4546f443ce60fefe5
00000b593af9799969496d70d75302e3f79fcad3018bf75dcaf04593018bf75dcb1ff005
00000b6ca18c1f5c30e83b17ec32cc23842fd629774d6afc6d902c5c9ecd6afc6d8ff005
00000b804c2f243cfe2808b6375abae199875156cc328423963fd2b6cc3ff016a81fd2a5
00000b03374ffafcc9900540cc2f043cf6280aa33af7f98ac94585633aeff80ff0058565
00000b24dafe0190b75b1aeb174df2e44b9625d4818a174db2fc5b88039fefedb2dc5b65
00000b5ba191df4340ffe711e18b4f5de4f04e0d61946f422ce7bc0d61953eb936284581
00000b7861912f437cefe8126c33ac23dc37c03e7758aae91d85705e7738aac91dbfb821
00000b9a4191a7435effe08e218cbf5c18f83102ec378c32d42b823ff0178c37880ff005
00000b037affe980cd57046c5af421823f5fb8e2174fb2fcdb9801c7e6afb2fcdb8ecfa1
00000b3a8191974352efe38fac34dc220037b731f74b4afde5804e5fefeb4afde57fac25
00000b59419167436effec8c2c2c3c3c3830392efaec899c1540326efacc897c15683661
00000b6b5aede19c4f4824ec1af431823b4fb9e2974f92fcd39803cf86af92fcd38ff005
00000b9b8191d74342efe78da18c5f5c20f83f15ec324c23a42fde3ff01646d773fff005
00000b197af169836d57ec6c5afc21983f4938fe1ae8b1951b5271fe1dc8b1951b593601
00000b2e9af49182135fb3ef9aecd19c035037e59aee519ca3401fefefee517ca347fda5
00000b4d9aec519c23403fed9aec519c23403fed9aec519c23403fefefefefefefe03fe5
00000b61974f52fce3880fd58c325423a22fdfb1b74b5afde1904f51b74b5afde18ff005
00000b91c18b475de6e04e8d218c7f5c28e83d00ec2f0c3cf4200a36f32fd6cff0009ba5
00000b03774feafccd9004544c322423be3fd8a63aeeb99c995011663aeeb99c9947da21
00000b2adaed819c574822f31753f2e3cb8fc5cc8c2c143c32303bac8c0c141c322fefe5
00000b57baf2d9838147d765dafe4188a74d1ee91aed71946b5a2de91acd7194682d0681
00000b74974a12edb3945bd78c32d423823fd7adbaec599c21503f6dbb0c599c212c4481
00000b81d74f42fce7800ed9019177436ae7ed8cac341c32302bbb2cac38cb7863cbbb21
00000b1ff758cae10597765d418067472efefc9821913f4b78fde90ff81151ab78ee83d1
00000b36ec328c33943bd22f7754eae20d97b458419927417eff689e747927217edf6861
00000b522183bf47d8fec106ec368c2a943d922f7af4e9820d5fb46f7ad4e9aa7f4fefe5
00000b64574e22fcbf9818d60c32b4239a2fd1aebaec999c1150336ebaec999c115fefe5
00000b83d74fc2fcc78006d9019177436ae7ed94ac321c23b02fdb34eb594b7843cfdb21
00000b17f752cae38597d64d418c67542ee23c982c293c2d7834693d49693c2d78346921
00000b2efaf48982155fb26b5aede19c4f5824f81af931917b4369efeffa7bf674cfe7e5
00000b529ae39187d356c3e79af6d18a835d97ed9af45182235fbfed9ad451aa673fbfe1
00000b659aee519ca3581fe5974652eea38c9fd58c325423a23fdfb58c0cb4dfefffdfa5
00000b91b74b5afde1904f5dc190474326e7fe952c327c23a82fdd278973b399190fdd21
00000b00f74f0afcf5900a4b418de75c4ee0248c2c343c223827b92c2c2ff00ff007b925
00000b32f7538ae3d58fc2474c2ee43c8e3014a8374d3afc79802948372d3adc7997e781
00000b5ec190874316e7f2872186ff4688ee9518e1910f4374ffea1df3510f6374ffea01
00000b6f6194ef420cf7b40461862f4ebce498166c32ac239c3fd02bd3532ea8da3fd021
00000b8e7aeca99c1d503066574ea2fc9f8810da0191b7435aefe18ce38ff00ff00fe185
00000b06ac2e9c3c9030133bfaf1c9834547e661574f62f4ef8a0cdab7af62f7e56a0cc1
00000b20018f374cfaf40986ac2e9c3c9038132ff74ccafc0590364ff80fefffefe42e75
00000b594c29643d6e306cb037433afff990c946c196875a96f19286c196874ff8119281
00000b7b2191ff4348ffe510ec330c23f437ca2f7af4e9820d4fb46f7b14e9620d6fcb61
00000b90574b22fdff9048da0191b7435ae7e19aa1919f4350efe31aa194eb796a8fe301
00000b03e18fcf5cc4f006116c336c23ec27cc2c7af429823d4fb86c7afb4b98c26fb861
00000b2a5aeda19c5f5820f21753b2e3db8fc1d68c2a943d923053b68c2a941d923fefe5
00000b53b74bdafdc1804749c18d475c66e02e952c2a7c3da8205d3589efefefefe05d25
00000b64faee099cb5401a67574ee2fc8f8814dc0188375d3ae8799c016ff00ff00879a5
00000b9aa1919f4350ffe303e18fcf5cc4f006116c336c23ec27cc3693397e982607f1c1
00000b107afb2981fd4748725753a2e3df9fc0c60c2eb43c9a3011a60c2eb43c9a3f1981
00000b36baf299839147d373d753c2e3c78fc6dd0c3074232a37fdbd0c1074032a2fab81
00000b50b7531ae3f18fcb47cc2ec43c863016b53aea799da9405d753b0a797da977f361
00000b68daed019c77482af71ae2f19f8b40d5f0975312e3f39fcbd80688034ff01fcba5
00000b8f8c2cd43c023037a9b74d5afc61802f55cc2a443da6205eaff00ff00ff0005ea5
0000021833c942a7cc36bd5947928566b86d7a896a766b969589947fffffffe4f8b9e400
000002202e4a15dfd1b5ea282c942bb7d36bd4404a809effb57f611fffffffee609d7a01
0000024fa250aed05daf513814a15d87eb5ea27fa69c49205963b6dfffffffe000000ae3
000002601285767fed7a898fd50aecf02af51307d72aacb828d5535fffffffe6b2bed200
0000029fd42bb3a02bd44c57f857674807a898afbb6cc9b04493365ffffffff000000143
00000200115d9d7feea26287c2bb3af83d44c510115d9d6feea2629fffffffeff0000005
000002201aecebffe513140845d9d7f7ba2628004ec75effb138a11fffffffee4fcc8000
0000024827675fb7d898a0575ecebf68a131409775921f288a6de0dffffffff7060a0200
0000026d7b3afdd284c502204675fb9fb98a0465af6c811a50937efffffffff908dcd6a1
0000029049d7ee0fb62811e7e3afdc181c5023f01c65738fe39a8c7ffffffffe81e70281
0000020faebf705051408fbfbd7ee0a042811f5faebf704051408fbfffffffe051408fa1
0000023035fb82afca047d4fcbf705503408fab7efb5e4a8104a1b5fffffffe6938709c0
0000025e0fdc1521f023eac02fb82a5fd047d5b62f939e09d06c61ffffffffe86f5fdc40
0000027ffee0a960011f5697cdc152e8323ead0ffee0a970011f569fffffffe0135b17c1
0000028837054bd7c8fab4303e0a97afc1f5685063f67e4f9c0981bfffffffee42cb0c01
0000021fb82a5ea047d5a15fd054bd602fab428fb82a5eb047d5a15ffffffff047d5a141
0000023fb152f5a04ead0a5802a5eb67fd5a148fa3dcd4505c232bbffffffff000000023
0000024fca97ad903568527fd52f5b202ad0a4dfca97ad803568527fffffffe035685241
0000027eb4bd6ca14b42934d697ad952968526aeb4bd6cb14b42935ffffffff14b429341
00000285b5eb653a4a149ac01bd6ca7fe4293595b5eb652a4a149adfffffffeff0000005
000002102f5b29cfd0a4d6281eb65397e149ac703e0439efc1fbc61ffffffffe7c599ba1
00000227fad94e380526b1d945b29c46ba4d63b92e9d68e6d162971ffffffff5784b58a1
00000247e6ca713819358ed01d94e26fe26b1d97e6ca712819358edffffffffff0000005
0000027fd65389e029ac761ffca713e00358ec0fd65389f029ac761ffffffff029ac75e1
00000290229c4fcfdd63b02825389fb7dac760503767e40fc8981bffffffffee6c385001
0000020fc4e27ed03b1d813829c4fda7d63b025fdd29b66022d6499fffffffe0000000e3
0000022fe713f6d018ec09382e27eda7d1d8125fe713f6c018ec093fffffffe011f932e1
00000240489fb69fb7604967e13f6d381ec092c019890effe676f11fffffffee96ba0fc1
0000026834fdb4b7cb024b5db9fb69624604969ddd6a8cc22295733fffffffe0a3ce1700
0000028fe7eda59018125a7fafdb4b005024b4ffe7eda58018125a7fffffffe018125a61
000002169f6d2c496092d3ad2eda5892d125a77bbe3cfec441c3013ffffffff2f46a7981
00000227eb69621814969df966d2c426992d3bd93fcd3ac6c032c53ffffffff56d8f7201
0000024fdb4b10b024b4ef5fa69621405969debfdb4b10a024b4ef5fffffffe024b4ef21
0000027fba58852045a77adfb4b10a604b4ef58fba58853045a77adffffffff045a77aa1
0000029022c429cfdd3bd62fd58853b02a77ac57e7d20ea8182df15ffffffff6c34bb301
0000021026214ecfd9deb12fec429d9013bd6278001558e7ffeaa71ffffffff6ae2fe161
00000230410a760fbef589e7e214ec181deb13f0130e0c6fecf1f39fffffffee72fd2ee1
000002402853b05fd7ac4fa820a76097df589f6038cf83dfc7307c3fffffffee78a51221
0000026fd29d82702d627d97c53b04e83ac4fb1f876b18407894e7bffffffff000000543
0000028604ec13d9fb13ec2039d827bfc627d85604ec13c9fb13ec3fffffffeff0000005
0000021047609e8fb89f61609ec13d3f613ec2c047609e9fb89f617ffffffffff0000005
000002202b04f4dfd4fb0b281609e997e9f616602efa865fd10579bffffffffe777c4e21
00000247f827a63807d859d7a04f4c485fb0b3b78862bd08779d42ffffffffe703781aa0
0000026fc13d31503ec2cebfe27a62801d859d7fc13d31403ec2cebfffffffe03ec2cea1
0000029039e98a2fc61675cfd3d314702c2ceb97fc8d57880372a87ffffffff687329100
000002162f4c51e9d0b3ae0c5e98a3f3a1675c1a7dd53245822acdbfffffffe3eade0000
000002214a628fbeb59d704024c51f5fdb3ae0b14a628faeb59d705fffffffefefffffe5
0000025a33147d45cceb82a03628fabfc9d7055258a5ae4da75a51bfffffffec4fae6461
0000027fe8a3eac0175c153fb147d5a04eb82a4fe8a3ead0175c153ffffffff0175c1501
00000290251f56cfdae0a9281a3ead97e5c152702dba300fd245cfffffffffee86d47461
0000020028fab65fd70549afa1f56c905e0a9367ba636f98459c907fffffffe6e4970501
0000023ad7d5b265282a4d85bfab64fa40549b188755ea6778aa159ffffffff608576400
000002482ead93b7d1526c501d5b276fe2a4d8903bd0ceefc42f311ffffffffdfb184000
00000276456c9de9ba93620c9ad93bf36526c41ace6f15e53190ea1ffffffff3bb184000
0000028fcb64efd0349b103fc6c9df803936207fcb64efc0349b103fffffffe0349b1021
0000021feb277e4014d881b8364efca7c9b1034feb277e5014d881bffffffff010a96461
00000228293bf297d6c40d703277e52fcd881ad04afd7f2fb50280dfffffffee58113461
0000025029df94cfd6206b2fb3bf29b04c40d657cc76cde83389321ffffffff6e6e9a7a1
000002704efca68fb103596ffdf94d300206b2c04efca69fb103597fffffffffb1035961
0000029297e534cd681acb204fca699fb035966297e534dd681acb3ffffffffff0000005
00000214df29a60b20d659e03e534c3fc1acb3c4df29a61b20d659fffffffffff0000005
0000023fe94d30c016b2cf38229a61a7dd659e4fe94d30d016b2cf3ffffffff00c45bee3
0000024fda6986f02596791ff4d30de00b2cf21fda6986e02596791fffffffe0259678e1
0000027fa34c37c05cb3c83fb6986fa04967904fa34c37d05cb3c83ffffffff05cb3c801
00000290da61be8f259e416044c37d1fbb3c82e0da61be9f259e417ffffffffff0000005
00000210330df42fccf20bc8161be877e9e41790389494cfc76b6b3fffffffee4c875f00
00000220486fa19fb7905e6fd0df43302f20bcc809140997f6ebf67fffffffe69a3b2a81
00000250337d0cafcc82f34806fa1977f905e69029b4700fd64b8fffffffffee07bae000
000002604be8659fb4179a6fb7d0cb30482f34c7f1a150580e5eafbffffffff6af2d42e0
000002919f432cee60bcd3032e8659fcd179a6019f432cfe60bcd31ffffffffff0000005
000002003a1967bfc5e6984fe432cf501bcd30a80cf90157f306febfffffffe6972fd641
0000023010cb3d6fef34c28fa1967ad05e698537a257a2c85da85d3ffffffff6e4589340
0000025fa659eb0059a614fffcb3d620034c29cfa659eb1059a614fffffffff059a614e1
0000027032cf58afcd30a748059eb177fa614e9027efb52fd8104adffffffffe6d2a2480
0000028d667ac5b299853a4accf58b75330a749d667ac5a299853a5fffffffe299853a41
0000020fc3d62d903c29d277e7ac5b281853a4df9a9704006568fbffffffffe0000013e3
000002204eb16c9fb14e9367dd62d918229d26e01bdd9ddfe422623fffffffee97e10261
0000024fe58b64101a749bf7eb16c80814e937ffbeb64fa04149b05ffffffff000000383
000002603c5b203fc3a4dfcff8b640700749bf903c5b202fc3a4dfdfffffffefc3a4dfe1
0000029fe2d901c01d26fe3825b203a7da4dfc4fe2d901d01d26fe3ffffffff0112ba121
0000020836c80eb7c937f1501d901d6fe26fe29042f0b76fbd0f489ffffffffdf9b32000
00000238464075e7b9bf8a107c80ebef837f1400b0a00b9f4f5ff47fffffffedab320000
000002401203afffedfc500844075ff7bbf8a00045ca231fba35dcfffffffffe19c00000
0000026fd01d7fb02fe28057f03aff480fc500bfb05848e04fa7b71ffffffff000000203
0000028fd0ebfd702f140297c1d7fae83e28051f82b65fe07d49a01ffffffff000000da3
00000200375febbfc8a014480ebfd777f140288035732bffca8cd41fffffffee5519a100
0000022faaff5d905500a26f55febb30aa0144dfaaff5d805500a27fffffffe05500a261
0000024d77faecf28805130aeff5d9d5100a263d77faece28805131fffffffe288051301
0000026fbfd767704028989fafaecec05051313fbfd767604028989fffffffe040289881
000002903ebb3b2fc144c4c80d767657f28989b03bfe310fc401ceffffffffee54e7d240
0000020fb5d9d9704a26269fcbb3b2c0344c4d3fb5d9d9604a26269fffffffe04a262681
0000023fcececb40313134bfcd9d96803262696fcececb50313134bffffffff031313481
0000025fd6765a602989a597ccecb4e833134b0f918dc0506e723fbfffffffe000000223
0000026833b2d3d7cc4d2c304765a78fb89a58706a3d9d8f95c2627ffffffffe315eb701
0000029ffd969e6002696197cb2d3ce834d2c30ffd969e700269619fffffffe027e74261
0000020fccb4f390334b0c77d969e708269618ff94c3d1806b3c2e7ffffffff0000006e3
0000022045a79c1fba5863efcb4f381034b0c7e7fef736380108c9dffffffff6b4130561
000002580d3ce047f2c31fb04a79c08fb5863f6046c27affb93d851fffffffee6f776861
00000277e9e702081618fdf703ce0408fc31fbe6dc879d59237862bffffffff7c222ae61
00000287ef38101810c7eff04e70200fb18fdff02d94abafd26b545ffffffffe76dc1821
0000021819c08067e63f7f90238100cfdc7eff202c30255fd3cfdabfffffffee7591e0e0
000002320e04036df1fbfc801c0806ffe3f7f9020e04037df1fbfc9fffffffffefffffe5
0000025fa0201b805fdfe47fa04037005fbfc8efa0201b905fdfe47ffffffff05fdfe461
000002706100dc0f9eff23e04201b81fbdfe47e06100dc1f9eff23ffffffffffefffffe5
0000029ff806e06007f91f98400dc0c7bff23f2ff806e07007f91f9ffffffff006fa6943
0000020b803703747fc8fc87006e06f8ff91f90a70a44d558f5bb2bfffffffe3f0218800
0000022c01b81bf3fe47e400137037ffec8fc80404f909fbfb06f61fffffffea50c40000
000002506dc0dfcf923f2020db81bf9f247e40606dc0dfdf923f203ffffffffff0000005
000002637e06fe7c81f90186fc0dfcd903f203226998743d96678bdffffffffc2f56da80
0000028bf037f3540fc80ca0406fe69fbf90196420a7169bdf58e97fffffffea71dc80c1
0000021801bf9a47fe4065b0337f34afcc80cb40250de5dfdaf21a3fffffffee80f0af41
0000023fcdfcd2c032032d381bf9a587e4065a6fd974e050268b1fbffffffff000000083
000002434fe6963cb01969c69fcd2c796032d381dfb3723e204c8ddfffffffecbd32f100
0000026a5f34b1b5a0cb4e401e69637fe1969c826d89e6bd9276195fffffffec2316b100
0000029829a58da7d65a7250134b1b6fecb4e4802bf27f9fd40d807ffffffffe3e00bc00
0000021fdd2c6da022d3925fea58db4015a724afdd2c6db022d3925ffffffff022d39241
0000023fa9636d40569c92bff2c6daa00d39254fa9636d50569c92bffffffff0569c9281
0000025dbb1b6ae244e495002636d5dfd9c92a35cf2a140a30d5ebffffffffe8c797ed80
0000027808db5767f724a89021b6aecfde4951201a189bffe5e7641fffffffee8114cb20
0000029d56dabb42a92544a04db5769fb24a89759340ee6a6cbf119fffffffe8d1419480
0000021036d5da2fc92a25cfcdabb45032544bb7f32c01080cd3feffffffffe6984cc940
0000023766aed16899512e8edd5da2f122a25d1e3283c2a1cd7c3d5ffffffff057572400
0000024fe5768b901a897477daed17082512e8ffae861dc05179e23ffffffff000000b03
0000026ffbb45c30044ba3d80768b847f89747bffbb45c20044ba3dffffffff0024e6ee3
0000028ffda2e130025d1ed81b45c267e4ba3d9ffda2e120025d1edfffffffe000d529c3
000002081d170997e2e8f6704a2e130fb5d1ecf05636216fa9c9de9fffffffee2aca7ec0
0000023048b84c0fb747b3efc17098103e8f67f7f9c473a8063b8c5ffffffff6a7e47901
0000025815c26067ea3d9f901b84c0efe47b3f001f346bffe0cb941fffffffee7b330200
000002782e1303a7d1ecfc502c26074fd3d9f8a049c25fbfb63da05ffffffffe24a88b00
0000029c00981d23ff67e2c811303a77eecfc59c01c2b183fe3d4e7ffffffff267eaf200
0000020844c0e9f7bb3f16102981d3cfd67e2c305cd932afa326cd5fffffffee33b15500
0000023fe6074f4019f8b0b82c0e9e87d3f1616fe6074f5019f8b0bffffffff011e0e821
0000024d303a7a72cfc5858a7074f4f58f8b0b0f90ae99d06f51663fffffffe000000363
0000026841d3d3f7be2c2c13d3a7a7ec2c58581405460d2bfab9f2dffffffffa893c8000
0000028fde9e9fb0216160580d3d3f67f2c2c09fdb9ee5e024611a1ffffffff000000023
0000020a74f4fdd58b0b0224f9e9fbbb061604475d55d3d8a2aa2c3fffffffe74fbb1201
00000223f7a7ee9c085811604f4fdd1fb0b022f3f7a7ee8c0858117fffffffefefffffe5
0000025fad3f740052c08bf7fa7ee828058117cf96cbfcb06934035fffffffe000001263
00000267c9fba0f836045f1ba3f741e45c08be1b5cb62924a349d6dffffffff338da0800
0000028fdfdd07b02022f85fffba0f600045f09fdfdd07a02022f85fffffffe02022f841
000002184ee83de7b117c2101dd07befe22f84005c9282ffa36d7d1fffffffee1bc10000
00000230f741efef08be10001e83dfffe17c2000f741efff08be101fffffffffefffffe5
0000025fda0f7fa025f0805fb41eff604be1008fda0f7fb025f0805ffffffff025f08041
0000027fa07bfdc05f84023820f7fba7df08044fb17038504e8fc7bffffffff000000303
0000028fa3dfeed05c20113fe7bfdd801840227fa3dfeec05c20113fffffffe05c201121
000002102eff764fd10089a82dfeec97d20113704cde406fb321bf9fffffffee297eb080
0000022dd7fbb21228044debbff7641440089bfdd7fbb20228044dffffffffe228044de1
000002404fdd901fb0226fefcfbb20103044dfe80f981cf7f067e31fffffffe6afaa2c01
0000027fdeec802021137fd80dd90047f226ffafdca07150235f8ebfffffffe000000083
0000028fe7640110189bfeffaec802005137fdffe7640100189bfeffffffffe0189bfee1
0000021fcb20084034dff7bfd64010a029bfef4fcb20085034dff7bffffffff034dff7a1
0000023fe900428016ffbd77d20085082dff7aefaa709ed0558f613fffffffe000000bc3
0000024fb802143047fdebdfc00428403ffbd7bfb802142047fdebdfffffffe047fdeba1
000002701010a16fefef5e8fa02142d05fdebd37a031d3685fce2c9ffffffff6fa5360a0
0000029280850b0d7f7af4e0410a161fbef5e9e280850b1d7f7af4fffffffffff0000005
000002142428584bdbd7a7a85850b097a7af4f746b6477cb949b883ffffffffa48f3f941
000002216142c25e9ebd3da2c285849d3d7a7b716142c24e9ebd3dbfffffffefefffffe5
0000024b0a161274f5e9ed86142c24f9ebd3db090cf18b16f30e74fffffffff56a153800
0000026810b09397ef4f6c709161272f6e9ed8d0920a1eaf6df5e15ffffffffe12a24241
0000028245849cfdba7b63002b0939dfd4f6c63245849cedba7b631fffffffeff0000005
000002104c24e70fb3db18e7f849ce3807b631d03292f2efcd6d0d1ffffffffe7746ab01
00000223912738bc6ed8c747324e7158cdb18ea2b360629d4c9f9d7ffffffffbe0ed7be1
00000247d939c51826c63af032738a2fcd8c75d7d939c50826c63afffffffffff0000005
0000027849ce28c7b631d73e239c51a1dc63ae4e5c4f4031a3b0bfdffffffff04dc3e4e1
00000288ae7146d7518eb9203ce28dbfc31d7240db06349f24f9cb7fffffffedd0957d21
00000215138a36eaec75c90027146ddfd8eb9225138a36faec75c91ffffffffff0000005
00000238dc51b76723ae488018a36effe75c9110e3439b4f1cbc64bffffffffd94510800
0000025fd28dbbe02d724418351b77c7cae4882fd28dbbf02d72441ffffffff027427b61
00000260446ddf1fbb9220efc8dbbe10372441e7fc0fbbf803f0441fffffffe6b8f9b5c1
00000298136ef867ec91079ef6ddf0c109220f2ef9904af1066fb51fffffffe0003a4243
000002004b77c31fb4883ce7f6ef8638091079c02feafebfd015015fffffffee8178f381
00000227cbbe18f83441e71e177c31e1e883ce1dd0f645022f09bafffffffff07e710000
000002402df0c7dfd20f382fbbe18fb0441e7047d94a9e3826b561dffffffff6c6ff8fe0
000002704f863e8fb079c16fbf0c7d3040f382d7fe8b7e48017481bfffffffe6ad0970e0
000002901c31f4efe3ce0b0fd863e9f0279c1617e2c69c081d3963fffffffff6968f2000
00000218318fa7c7ce705830331f4fafcce0b0405487f85fab7807bffffffffe4d16a801
0000023fcc7d3ec03382c13fe8fa7d801705826fcc7d3ed03382c13ffffffff03382c101
00000257e3e9f6081c1609f9f7d3ec06082c13e9cac8c816353737fffffffff4e7177bc1
00000267df4fb07820b04f802e9f60dfd1609f37df4fb06820b04f9fffffffeff0000005
000002980a7d8367f5827c9d84fb06c27b04f92d7dd68f52822970bfffffffe11835a040
0000020033ec1b3fcc13e4cfa7d836505827c9a7cace2b183531d4fffffffff6c3eed920
0000023faf60d940509f26bfaec1b280513e4d6faf60d950509f26bffffffff0509f2681
000002502b06ca4fd4f935a8360d94b7c9f26b504efe6bafb101945ffffffffe62b8f761
00000260183652ffe7c9ad0fb06ca5f04f935a07b88717184778e8ffffffffe6c1ee9000
0000029fa1b297c05e4d683fb3652fa04c9ad04fa1b297d05e4d683ffffffff05e4d6821
000002101d94beefe26b410fbb297df044d68217c802fe8837fd017ffffffff6a9a04000
00000232fca5f7ed035a0805f94beffa06b41010e48a6ccf1b75933ffffffffd94080000
00000247d52fbff82ad040002a5f7fdfd5a08037d52fbfe82ad0401fffffffefefffffe5
00000277d97dff08268200f042fbfe0fbd0401e7d97dff18268200ffffffffeff0000005
00000297ebeff808141007fff7dff00008200fe7ebeff818141007fffffffff8141007e1
000002081f7fc077e0803f902eff80cfd1007f303e77390fc188c6ffffffffee6341de40
0000023f0bfe0300f401fce047fc061fb803f9f741f80b28be07f4dfffffffe7633159a1
000002504ff0180fb00fe7efffe03030001fcfc04ff0181fb00fe7ffffffffffb00fe801
0000027fdf80c0e0207f3f1fff0181e000fe7e0fdf80c0f0207f3f1ffffffff0207f3ee1
000002901c0607efe3f9f80fd80c0ff027f3f017e2181b681de7e49ffffffff688100000
0000021fe0303fc01fcfc03fd0607fa02f9f804fe0303fd01fcfc03ffffffff01fcfc021
0000023fc181fec03e7e013ff303fda00cfc024fc181fed03e7e013ffffffff03e7e0101
00000257cc0ff6e833f0091ff81fede007e01207cc0ff6f833f0091ffffffff833f00901
0000026fd07fb7902f80486fb0ff6f304f0090dfd07fb7802f80487fffffffe02f804881
0000028ed3fdbc912c02436037fb793fc80486c6fafa57b90505a85fffffffe7b03e76c1
000002184fede4c7b0121b3defdbc9821024366e2fc98551d0367abffffffff062b7e8a0
000002279f6f26786090d98f2ede4cd0d121b32ebe4334f141bccb1fffffffe00271d7c3
000002401b79337fe486cc8fd6f266f0290d9907dfedf7782012089fffffffe6b5cae200
0000027fabc99b805436647fa7933700586cc8efabc99b905436647ffffffff054366441
0000029fae4cdc4051b323bfac99b8805366476fae4cdc5051b323bffffffff051b323a1
000002101266e26fed991d8fe4cdc4d01b323b37e6d859681927a69ffffffff6b47fe060
000002301337136fecc8ec8fc66e26d03991d937c8ffd52837002adfffffffe6ce87a7c0
0000025fe9b89b40164764b8337136a7cc8ec94fe9b89b50164764bffffffff0114eec81
000002601dc4daffe23b25083b89b5d7c4764a2048af497fb750b69fffffffee59b85a80
000002803e26d73fc1d928cfdc4dae7023b251880a0734f7f5f8cb1fffffffe689bfc900
0000021b5136b9a4aec94640126d737fed928c93538c9accac73653ffffffffb08f1c400
0000023839b5cdc7c64a3230336b9bafcc9464405c17b7bfa3e8485fffffffee5308a101
0000025fadae6ec0525191381b5cdd87e4a3226fb85f44b047a0bb5fffffffe0000003c3
00000269bd737636428c89c01ae6ec7fe5191381c78a791e387586ffffffffecbe83e200
0000029ddb9bb1c224644e20373763bfc8c89c560069dd49ff9622bfffffffe89ef943e0
000002184cdd8ec7b322713049bb1d8fb644e260855e43bf7aa1bc5fffffffee198522c1
00000237f6ec7628091389d02dd8ec4fd22713a0138cc6dfec73393fffffffee7cdd7ac0
000002503763b12fc89c4ecfcec7625031389db7f582d6880a7d297fffffffe696401840
00000277fb1d894804e276bd863b12a279c4ed4d6f2e8dd290d1723fffffffe13ea5dfa1
0000028fd8ec4ab02713b557f1d895480e276abfba41196045bee69ffffffff0000002a3
0000020ff7625570089daa9feec4aac0113b553ff7625560089daa9fffffffe0089daa83
000002303b12ab2fc4ed54cfb625567049daa997df17962820e869dffffffff6b03c7480
0000025aa8955985576aa665512ab31aaed54cf7e96fed28169012dfffffffe6c42b69e1
0000026fe4aacc501b5533bfb95598a046aa675fe4aacc401b5533bfffffffe01b5533a1
00000290255662cfdaa99d2feaacc59015533a77fe3b588801c4a77ffffffff6a3fd2861
000002198ab31646754ce9a315662cbcea99d3548e4b1d4b71b4e2bfffffffea1ccf2d81
00000227c598b2f83a674d18bb3165c744ce9a386ed4f7e7912b081ffffffff632ce7740
000002480cc59777f33a6890298b2ecfd674d13025034dcfdafcb23ffffffffe75c27640
00000270262cbb4fd9d344a82c597697d3a689704048502fbfb7afdfffffffee63c29961
00000287e165da181e9a25f032cbb42fcd344bd7e165da081e9a25fffffffffff0000005
000002184b2ed0c7b4d12f3ed65da1a129a25e4f0f52f250f0ad0dbffffffff000201443
0000022fb97686b046897957f2ed0d480d12f2bf9b8611a06479ee5fffffffe000000523
0000024a1bb43555e44bcaa047686a9fb897956250ce07bdaf31f85fffffffec4cf6ec61
000002704da1aa0fb25e55efbb43543044bcabd7f8317ba807ce845ffffffff6b6b53a01
00000296ad0d508952f2af603a1aa13fc5e55ec6ad0d509952f2af7ffffffffff0000005
00000210386a84afc7957b4ff0d509700f2af680386a84bfc7957b5fffffffffc7957b41
00000238335425c7ccabda3036a84bafc957b440594b287fa6b4d79ffffffffe477d95e1
000002583aa12ea7c55ed15015425d6feabda2803e24517fc1dbae9fffffffee3ac13200
00000274b50975eb4af68a097a12ebf685ed14161d8672a9e2798d5ffffffff868264000
00000280284bafdfd7b4502fc0975f903f68a067d8bbd15827442ebffffffff6b7f537e1
00000210125d7e6feda2818844bafcd7bb45033046bef92fb94106dfffffffee47f2ad40
0000022802ebf377fd140c9015d7e6efea28191802ebf367fd140c9fffffffffefffffe5
0000025fc75f9be038a0640f9ebf37f06140c80fc75f9bf038a0641ffffffff038a06421
000002603afcdfbfc5032047f5f9bf580a0640a01ee95a9fe116a57ffffffffe7351ef60
0000028017e6fd7fe81902884fcdfad7b0320520579ba7ffa864581fffffffee47f4b340
0000020fcf37eb5030c814bfde6fd6a02190295fcf37eb4030c814bfffffffe030c814a1
0000023049bf5a8fb640a567d37eb5182c814ae049bf5a9fb640a57fffffffffefffffe5
0000024fcdfad45032052bbffbf5a8a0040a575fcdfad44032052bbfffffffe032052b81
0000027fbfd6a2e040295d1fbfad45e04052ba0fbfd6a2f040295d1ffffffff040295ce1
0000029a8eb517e5714ae8001d6a2fffe295d0129be9d08d64162f7fffffffebab800000
00000310b2e1dd67ea5740700906dfcfc4ae80d01fa46c7fc1062c301fa46c6e70a2e041
0000032f5154d00012ba032fce6cc5203574066f5154d07012ba032feffffff012ba0305
0000034f8cfcbbe025d019d0b53c12c7eba0338f90eff9d022d4c94f90eff9a000000023
0000037021bfe417ce80ce31efbaad0fbd019c717525d0ef9ba643117525d0de4c5c08c1
0000038f4ba51b08140671f1fb8f536fb80ce3f063dbecffde19cc1957cf20ae8b263a81
000003109b72e2cfe0338f8fda20a0b830671f109b72e2bfe0338f98866954fff0000005
00000337ddcd2d1e319c7c71d75f3f3fb338f8f7ddcd2d6e319c7c77ddcd2d4fefffffe5
00000350283353cfcce3e3cf3ca3c29009c7c790283353bfcce3e3d775a8c1ffcce3e3e1
0000036fc7c0a500371f1e6fe3442f003e3e3cefc7c0a570371f1e6ff0000010371f1e45
0000038ff85f134038f8f3ef1c7b43a801f1e7ce2bb494f04c02120ff800000000000563
00000311c4a2a15fb7c79f6f258027b00f8f3ed1c4a2a12fb7c79f78fbbabbcfb7c79f61
00000336e34f31ee7e3cfb5cea5b06dcfc79f696e34f319e7e3cfb4bdfce8b9fefffffe5
0000034e5c23b45051e7da2f14820da003cfb44e5c23b42051e7da2fefffffe051e7da05
00000372a74799ef6f3ed154624a56fede7da292a747999f6f3ed152a747997fefffffe5
000003823c66f4bb49f68a1054088c5fd3ed14223c66f4cb49f68a023c66f4cff0000005
0000030f656d9e601fb450b0261e59c7cf68a14f656d9e101fb450af656d9e1017ecbaa1
0000032a2d36c8314da2852536a8f5128b450a6a2d36c8414da2852a2d36c8414da28521
0000034f2fec7b900d1429d0f31d9207fa2853af2fec7be00d1429cf2fec7bd0084d90e3
0000036db939e730a8a14eea1eb6ab3141429dedb939e740a8a14eefe8364900a8a14f01
00000391cf95037fb50a77ef33ef63f80a14efd05f25c8bfd126451913acbd8e82ab4401
000003107af2207fd853bf30592125f7d0a77e51fef57a7fb95269b1fef57a7e5c1479e1
0000032f91cb38b0229df90f4f531440153bf22f91cb38c0229df90fefffffe0229df8e5
000003504803fe6fd4efc8b03cc299f7c9df9151d80ab5afb0ed9a51d80ab5be606ff4e1
0000036e0645c8d0477e450fa04ef4a02efc8a0e0645c8a0477e450ff0000000477e4505
0000039074747da7dbf22850442d9e4fd7e450b008c91f7fc4dd70f008c91f7e550c4b63
0000031065f9d64fdf9142af2736c9b00f22855065f9d63fdf9142b79fe2643fdf9142a1
0000033b299489e50c8a15477fec76ba19142a93c2cbaf07365ddcfab984ebc5b153c701
000003504afe7597d450aa4db9398e20a8a154ad26ab87008f45d6ed26ab86e000002e03
0000036591a99712a28552fa4f964b55550aa5e591a99762a28552f7f16f3ec2a2855301
000003908b1682dfe42a978f3ae8609008552f108b1682afe42a9797d6c6ff2fe42a9781
00000311deee2d6fb154bc6f11193fd002a978d1deee2d1fb154bc790086efdfb154bc61
00000331f12b5007baa5e331ce93c50fb54bc6711d53031f81bbf7f11d5302fe3a89c001
00000351cf00bb0fb52f19eff2c413103a5e33ef1e6e59a80174a14ff8000016ae573cb1
0000036f7e5fe3401978cfef107aa38802f19fcfa31e91b02e28934ff000000000000167
0000039034a521d7cbc67f50858f268fe78cfe900a78ef0fc4710cf00a78ef0e469bf703
00000311e373352fbe33fa6faa230f782c67f4f1e373355fbe33fa799fc5d51ff0000005
0000032f5dc39250119fd3b0174241a7c33fa74f5dc39220119fd3af5dc392000ef95683
000003502846a997ccfe9d557c48360e99fd3ab6c58da92e778c5d76c58da92d1711fa61
00000366c46f775a77f4eaf0241b8b9fcfe9d5c6c46f772a77f4eae6c46f772ff0000005
0000038f652181001fa7576fa68667282f4eaeee606319705ef7f16ff000000000000267
00000311ef56337fbd3abbee326903d04a7577cf7b10cdd8182b044f7b10cdc6c0d6c201
00000324bceba00ae9d5df3855122515d3abbe6c24b1f728cfc34aec24b1f7077853a521
00000352e1073bb77eaef9d4eecb121efd5df3b52b1e7cde8c28a8152b1e7ccd2d7e5aa1
00000371ce63e77fb577ceef3002abf80aef9dd053f4bc5fd21218390e68fa4e8376daa1
0000038e754500705bbe7730464f65c7d77cee4e0ac80640445d36ae0ac8064000000323
000003086c723819ddf3b931f421153fbbe772686c723869ddf3b9286c72386ff0000005
0000033025cbfbefcf9dc9d0a75292d7ef3b939020d23c8fcedbb81020d23c7e4947f101
000003502805e437ccee4e363ccead6e49dc9c77863a5c8e2761a017863a5c9cd85478e1
0000037086751affe772718fe02f50f83ee4e31086751a8fe772719876b7846ff0000005
0000038835f2ec59cb938c210720bdb38727185a94722bd563f3bdda94722bd4041a3401
00000311e9cd597fbc9c616e3f5fd7f04938c2cf418f7198168ceb4f418f7186c3a413c1
000003290830f08184e30b033ca4845309c616290830f0f184e30b090830f0f184e30b01
00000350c7ddbed7f718588e637e18885e30b10e8c9b00a865c9f70e8c9b0096fdb4c201
00000371f8b7cd1fb8c2c46e5daaff30518588ef77ca82981b1d978f77ca82967dd84b01
0000039003e453efc61623cf2b0dc2f00c2c479003e4539fc61623d72a5299ffc61623c1
0000030d1978a4c880b11e0b5e342c9111623c0993367161a222ab6ff0000000200f8005
0000032e0d9f1d904588f04e77fb5e005b11e0ae0d9f1de04588f04fefffffe04588f025
000003402aa2d723cc4782f1f980cb1fb88f05e14d6cc4ab95b406014d6cc49a4d3f4101
0000036e534c8360523c17ef0a5c63e004782fce534c8310523c17eff0000010523c17c5
000003909c3e20cfe1e0bf11d4b924b7b3c17e1183f0864fa61316b183f0864e08bf8001
0000031027ab3d9fcf05f84f63931e101e0bf0b0ef386d57fd212c779cf4fab693b191c1
0000032fbb03d768282fc2f01ac2cbafc05f85cfbb03d718282fc2efbb03d6efefffffe5
0000034f1e448180017e174f104c662802fc2eaf1e4481f0017e174fefffffe0020ca987
0000036e747e37385bf0baedc4390b70b7e175eb88db58f124d9e10ff000000001bd6ec7
0000038fe5ab82103f85d7afe79261003f0baf6fe5ab82603f85d7aff00000003f85d7a5
0000030e6b062b205c2ebdef7ac93368185d7bed0e6952f08575638ff0000010000013a7
00000330de6b6257f175efb89013a1a5e2ebdf5889248be5e4a615d889248bc486bb9ee1
00000351f5012917bbaf7d72c6c7375f775efaf20b5de57f44384e720b5de56de2867ae1
000003706e53721fdd7bebaf706381101af7d76f38d8f6b808d90a8f38d8f6b68a3a2221
0000038e74c1ab605bdf5def054633e807bebbcec9066a3074aeadaff000001000001847
00000311e0576017befaef24ac6ba50aedf5de65efb91bcabd0171c5efb91bc9614ce8a1
00000331c4e13b5fb7d779ef250713980faef3d045d0835fd79b17f8fb70d9de819f74e1
000003502153e1b7cebbcf402e62a66bcd779ea1aa8887cbac4d16c1aa8887aa3527d3e1
00000373ccc536df35de7a90b54f089febbcf513ccc536af35de7a93ccc5368ff0000005
00000388a0738d29eef3d4606c227f53dde7a8f86808f045dced0b386808f0548a9b58e1
0000031245c652ff579ea390a749c0ffef3d471245c6528f579ea39245c6528ff0000005
00000330a868acafecf51c103c143c57c9ea3830067119efc7737150067119ce5cacf203
0000035ec51f5e1477a8e0b1e6fbd95fbf51c17e071cef9c47280cde071cef9af65cb341
000003612ea0ca438d4705b33184f1d70a8e0b45ba9276e2a84baa85ba9276e14e848181
00000390b35c689fea382d0e4a7db43054705a2e5940771850bf2aee59407716f29250c1
0000030ddcb97f80b1c168ca95b79a716382d1addcb97ff0b1c168cff0000010b1c168c5
000003306391c63fde0b46b06be6e957dc168d7032c0f69fca5f0a9032c0f67e5bd07d81
00000350dad40a57f05a35b0196d71afc0b46b501ff6b60fc1129ab01ff6b60e71011161
0000036e10fa69a042d1ad4f0d31b66805a35aae7e7185f05973564ff0000010000002e7
00000395c1897616b68d6ab1efd7897fbd1ad57509b0981e8483113509b0980d3912ff21
0000030e0a118a80446b558e78e6702058d6ab2e0a118af0446b558ff0000010446b5585
0000032f56d66f88135aacd04169ba4fd6b559af56d66ff8135aaccf56d66fcfefffffe5
00000345f0e9462abad566b1cd17e97fb5aacd65f0e9465abad566a5f0e9463ff0000005
0000037081100a8fe6ab358e6ee570305d566b2e489d5ca854c8600e489d5cb6ffbb8661
0000038f4eda6fc81559acc9b171bae9aab359885cfeca79d1d085aff000000851212905
00000311f08944b7bacd66104dd7ec6fd59acc3193dd142fa218723193dd143e40c5e981
0000033942101ea5966b309068e5581fdcd661390b73306d8433fb390b73305c17d71a41
00000351d6dacf4fb35984ef0170fb9806b309d03672b18fcb739b58e8e9df3e77a2df21
00000370308c41d7cacc27508ddde6afe5984e9013eac8efc215851013eac8de5ca02481
0000038d423835c096613a50a8b50edfecc2748d4bc89b08941d11ed4bc89b16e8e08801
00000310179b9407c309d22843f24d29d613a469b2af5ff9aa44e0c9b2af5ff85272a961
0000032f3a869bd8084e91d099c852cfe09d238f3a869ba8084e91cf3a869b9fefffffe5
00000346126ee42a42748e31c818ad7fb4e91c66126ee45a42748e26126ee43ff0000005
00000370952d1ac7e3a4719ec69f50a47748e31ea9ebab546c95ddfea9ebab32d86b7001
0000038fef32ed503d238c6f32a0bfa00a4718cfef32ed203d238c6ff00000003d238c65
000003103fcd5187c91c6350535fc62fd238c6b1a9d8f7bfac990ad1a9d8f7bdf1bf3c01
0000032f7830b7a818e31ac35ca40a2311c635a3f52ab4733ba59a2ae5a6a201c017d3c1
00000351c7df875fb718d6ef237a6b980e31add04c904dbfd5cb2458fd10198e847cb681
0000036f38a601f008c6b750dd8966e7f18d6e8f38a6018008c6b74f38a6019000d9ff23
0000038e036a34d04635ba0e2a110c804c6b740e036a34a04635ba0ff00000004635ba05
000003149d0b9d46e1add07856d25ffdd35ba0dc0e32486cc563a53c0e32487b702d7081
0000032f2e06d0f00d6e830f30c8c4c00add060f2e06d0800d6e830fefffffe00d6e82e7
00000347366cbc2a0b741831c01c1d5fb6e83067366cbc5a0b741827366cbc3ff0000005
0000036f753fda001ba0c1b046bad107d741836f753fda701ba0c1af753fda701196b401
00000391efa4eb7fbd060def338cb3f80a0c1bd045c3443fd79fe63933550f2e82ce8101
00000311fb7d6057b8306f2e9a3fa5806060de4fb8b758e028c2e10fb8b758f000000183
000003301db139f7c1837942d7a716c37306f28208f2364344d3baa208f23631ca1db201
00000350abd3f4dfec1bca11fb628c97b8379411ceaa797fb545a971ceaa797e3c49c001
0000036e58c59d3050de506f5d4e5f4011bca0ee58c59d4050de506ff000000050de5065
0000038e4076d26056f283b02c28c1e7cde5074fce7cd1503570036fce7cd14000000263
0000031085eca8ffe7941d0e271c34d04f283a0e0068a35846f51fee0068a346c8b49001
0000032e693f7c405ca0e82e3ebb9d804941d04e693f7c305ca0e82feffffff05ca0e805
000003418fa1d923a5074171f386d73fba0e82e2dfc1660b711f6ea2dfc165ea152e6801
0000037b3b54f3ad083a0bc71a6c827a007417b3781b8ccf18e9d41a6691b41db6b95661
000003909cfda6bfe1d05e8e553e287053a0bd2e0cd5441845da662e0cd54406e67f4141
00000310a1b70e8fee82f491efab7837bd05e931f50d9c2fbbac5031f50d9c3e491d9c41
0000032f8be24f902417a4ce7b01fa20582f49af8be24fe02417a4cfefffffe02417a4a5
0000034f1948478000bd26d0de55ea27f17a4daf194847f000bd26cf194847c000117843
0000037d4c18079495e936d074f56a5fdbd26dbd178fb33c830cdbfd178fb31b1361b821
00000390669a064fdf49b6ae21f169b04e936d4fec29dca83de5400fec29dcb6e4d30fc1
0000030fb28a09a02a4db54f49d17640149b6aafb28a09d02a4db54ff00000102a4db545
00000330520a762fd26daab048d18957d4db5571fbaa0d6fb805b471fbaa0d5e53269c61
0000035596098a76a36d55ba40d6719d56daab5f3543833c0bbfd7ff3543833ab0e47181
0000037076166917db6aad71c0e9b72fb6d55af195fc534fa39023f195fc532e5800d4a1
0000038f36e973880b556bd04117824fd6aad7af36e973f80b556bcf36e973eff0000005
0000030f3111a6280aab5ea24ee6290b5556bd62dc9fdebb71c8c089907b5099d2240c81
0000032f4ed70b78155af5e4f16b738afab5ebc39cf1e00b21d34f2c50c9cc79ce369a01
0000035070e26117dad7af718d01a727a5af5ef1537e47a79230a6d1537e47a6418e4141
0000036f4149335816bd7bf02e5703cfcd7af7cf4149332816bd7bef4149333fefffffe5
000003904c13a06fd5ebdf3074e225d7dbd7be5017f7e38fc312cfd017f7e38e69631d01
00000311e6c73817bf5ef931e14b152fbebdf2712331df2f8e2340f12331df2e38c84261
00000320b063fb8beaf7c9d04c02921fd5ef93a0b063fbfbeaf7c9c0b063fbdfefffffe5
00000351c545e72fb7be4eef664eab581f7c9df086cf944fe75cd2393da8b67e9bd16481
0000036bec7502d93df27786f42f60b27be4ef0033d78c73ca1ad42af1f343b23b46f801
00000390a5f22d77ef93bc7027213fefcf2778d02144984fcebe11302144985e7241ba41
00000314e9cb50aefc9de318bf53c47de93bc634e9cb50defc9de305b93fad7ff0000005
000003308800bedfe4ef188ffcc418b839de31108800beafe4ef188ff800000fefffffe5
0000035e865fcd5c6778c46c207aff98cef188da0175599d46b2615ff000000bf5e14645
00000371f4a4513fbbc6236f458dc770178c46f08a7c78f7e47029194bce93a699738b41
00000390a378b28fee311b8e6a3400305c62372e70a254e85ac7a20e70a254f6fdb417e1
0000031e9d9faf846188dccc57fa3a58d311b9ba082b164544e5f2bff0000013e71742e5
0000032f2aa746180c46e6b4b98be946e88dcd730d75348705b27a1bf5473795bb676481
0000034153600a9b923735904a05701fd46e6b2153600aeb9237358153600acfefffffe5
0000036f5d5a6f4011b9acef1671bb88037359cf8d8dc350258c47eff000001000000127
000003902c8941bfcdcd674ff5d7e6703b9aceaf7d692dd819b57c4ff8000016a8e827f0
00000310e21036a7fe6b3a9068e5086fdcd67530b61a63ffeb69afd0b61a63fe712770c1
0000032f96db8ec02359d48fc172788836b3a90eb66fea706b74cdafeffffff000000227
0000035030864dffcacea450cdc9fef7f59d489053d1a5ffd21b5e5053d1a5ee5c062101
00000365426854fa96752210a815ccdfecea44054268548a967522054268548ff0000005
0000039015189c07c3a9102b46f45d291752206ca9231ad8eca7f18ca9231ad767455f41
0000030f2e9edbb80d4881d071f8d22fda9103af2e9edbc80d4881cf2e9edbdff0000005
0000032732ace7a20a440ed0499caa1fd4881da8d8d5d609f0da42a8d8d5d5f883d8d3e1
0000034f933d0748222076eecabf6be07440edcd807451b0a6f2234fefffffe000011bc7
000003705fb2007fd103b73053a165d7d2076e51d70c8d3fb32c1471d70c8d0e6036fb21
00000391fbca3857b81db9301b5115afc03b72513a6195af887752513a6195be35dc7d21
00000310180bf987c0edc9505cd2960fd1db92b1902f03ffa2e4f7d1902f03fe264dbb81
0000032fc605f700376e4aef60ce8b281edc95ee81df77b06698eacfeffffff0000011a7
0000034e767583105b7257ef402e630016e4afee767583605b7257efefffffe05b7257c5
0000036ff5f623603b92bfef872923c027257fcff5f623103b92bfeff80000103b92bfd1
00000384e9eb206afc95ff38ff1325f5f92bfe4b024d3129067c7b6b024d3137b3f30181
00000311c9033837b4aff92f3ec31540095ff271c9033847b4aff939180b80e7b4aff921
000003308e43faf7e57fc990304290efcaff93101332ff8fc22388d01332ff7e31734801
00000350b445ec9febfe4c0f444ebc1017fc982f4852241814fbbe2f485223e6a533a601
00000371e4755f2fbff260efe42fdb703fe4c1ef24e066880fd72e8f24e0668693a58981
00000390a5f0c28fef930791e724e017bf260f31e1532e4fbebbfcb1e1532e5e44b345c1
0000030fa9dc2f782c983cefff7d3ba8393079cec1b5dc887682400ff800001726b0f381
0000032cc8bb4190f4c1e748bdb3e651e983ceacc8bb41e0f4c1e74d96f58280f4c1e741
00000351438036d7960f3a93ebc508df3c1e75149635949ee36252149635948d6e85e401
000003705a5b8c7fd079d42f18727df000f3a8505a5b8c0fd079d4378422f70fd079d441
00000390948658efe3cea10e05c9d4d0479d420fef520e683d3bb4afef520e76b0282001
000003052268fc4a8e75083028149dbfccea10452268fc3a8e7508252268fc3ff0000005
0000032e151dd9a043a8414fc6fed660375082ae151dd9d043a8414feffffff043a84125
00000350eeb4f687fd420a8731ac88020a8415277b456c52183e6c277b456c20a1f47741
0000036fb3fd8ff82a1054d08b3e7adfe420a98fb3fd8f882a1054cfb3fd8f8ff0000005
0000039019b64427c082a6259fa9ed42a1054c66ddfdff32719048e6ddfdff31274e2061
000003108be81adfe415318ffb1550b8382a63108be81aafe415318ff800000ff0000005
00000330991aed37e0a98c71def0bf6fb15318f19396658fa20aae519396657e45728f41
0000034e0e8d5280454c638ff1dfc0003a98c72e0e8d52f0454c638ff8000010454c6391
00000371f230af4fba631cef88a43b9024c639d0df394587f12166598c03bd96a5b10381
0000038e57df41605318e76e037be7c04631cece57df41105318e76ff00000105318e765
0000031078a0300fd8c73b309d850537e18e7670377de62fcb304eb0377de62e63d12441
0000032f035bbb980639d9d06a72126fdc73b3af035bbbe80639d9cf035bbbdfefffffe5
00000350dc87e6e7f1cece9415caa8eec39d9d140ce8d81ec5d501340ce8d80d4f924801
0000036e22650cd04e76740e280f7c804cece80e22650ca04e76740ff00000004e767405
0000038855725d49d3b3a0700621df9fc76740c855725d39d3b3a06855725d3ff0000005
0000030fedc8d1203d9d036fb754c7482b3a06eeff74689079322d0ff000000000003307
0000033f281cb2f40ce81b90bcfc00bfe9d0371f06f9735c07516bff06f9733a5285e001
0000035046bfadc7d740dc4c61ba3ea0de81b88c03109410c62b122c031093f00000d163
00000371f3a7553fba06e26f8b8bcf78240dc4f1f3a7554fba06e27990eb0e0ff0000005
000003905b60927fd03713ae1a0441f0406e274f992606b820a6b68f992606b6cc7df6e1
0000031e1d5ea8cc41b89d0d5678349893713a1c8d9e566ce588a2bff000000b6df6e005
00000330acaf7d57edc4e870359b9f8fcb89d0d03dc5bb6fc99e59f03dc5bb4e733423a1
0000034fe321d1003e27436f6a86c7201c4e86efe321d1703e27436feffffff03e274365
0000036f1f54b380013a1bd0d26c0207f27437af1f54b3f0013a1bcf1f54b3e000302d23
00000391fcffa71fb9d0deef553a2b3813a1bdf06508dc3fdfad0039633c7c0e852c5cc1
00000302e1a703737e86f7f02f8b63bfcd0defc27562ae9b5bb79c827562ae99f445f801
0000032e0b6221e04437bf50fa0126e7f86f7e8e203ed9704ee0816e203ed940000000a3
0000034e1d4b349041bdfa1016530c07c37bf42f4dd0ed20159b0c6f4dd0ed0000000043
00000370ac039f57edefd0f034c25bffcbdfa1d033f2e5ffca138e5033f2e5ce70d959a1
00000390a646c08fef7e870e6048e4105efd0e2e62426e485e7facae62426e56e918cb81
0000030f746c3f601bf438ef041d1be807e871cfc836859034e2964ff000000000000267
00000330653bc03fdfa1c730a6b2e577ef438e706022deffdee780906022dede61a60641
000003536f843af71d0e3997f3cd109e3a1c731a8569523d67b563ba8569523bd522b801
00000370ba7bed37e871cc681832bf41c0e398e9fc8ace21b9cd84a9fc8ace20468fa161
00000393d58552b7338e639687cfc03e671cc739ab43b37dac3fdbf9ab43b37c41f36c41
000003102a70afbfcc731cd0f8243a57f8e639b04330cd5fd62304704330cd5e6b089d21
0000032e55df46705398e6ae077be9c04731cd4e55df46005398e6afefffffe05398e685
00000351e8a00847bcc73533fd857587398e6a5300520a1706fbb5b300520a15b2ba7381
00000370035a799fc639a94e6a7196305c7352afd4b6eff833c28ccfd4b6eff6a9bffb81
0000038f5c89f7a811cd4ada15d68a2d439a95ba8c83c1bd65cfc75ff000001be2baf885
000003102215879fce6a56cf68ee6a301cd4adb0f62018b7fb6731179c2dc3869b6c2c01
0000032a56f607895352b6d041296a3fd6a56daa56f607f95352b6ca56f607dfefffffe5
0000034fb1ea07a02a95b6d0cf116a47f52b6dafdde58d303196546fdde58d10000000e3
00000374490a0636d4adb6b1fed1691fb95b6d759a37f27ea062cbb59a37f25d417a72c1
0000038f4e0a0b08156db5f9f0d1734dbadb6bf89c4c94bde1fc121ff000000c9af1a3c5
00000310f60a6277fb6dafb000d1a1efc6db5f5055e11aefd397719055e11aee7ce50f81
00000330b60928efeb6d7d0e00d734d046dafa0e15e704e84396f60e15e704d6caf09001
0000035076137c2fdb6be83080e39d77e6d7d07055f0a34fd3931ff055f0a34e87580ee1
00000370b6c1dab7eb5f41920146d04f46be8332166d16ef43747292166d16dde18ed961
0000038f3054ee580afa0ca70c6cb9ca05f4194791bb5e2a2281e0ae4d039be8cb5b8281
00000311c4fd4817b7d0652ea53ff5006fa0ca6fc59af50037898a6fc59af510000000a3
0000032f21b07b980e8329c3afa592432d0653a2350f45634bace66ae17e7e61dab3f2a1
00000350cbd9e6f7f4194e90bb76a8cfe8329d10a22af48fee658a10a22af49e5b449001
0000037bd8950c2530ca7426ddef7d1a7194e871d271a0c7b2735f1ac6ff0c366e0f5101
0000038842f25b59d653a1f02921d3bfcca743c842f25b29d653a1e842f25b2ff0000005
0000031011c8e18fc29d0f4e4f54a630553a1eafb97bdec828b1c08fb97bded6cef9cc21
0000032e081d37e044e87ace3cff0ae049d0f58e081d379044e87acfeffffff044e87aa5
0000034886b384a1e743d61061a26c3fde87ac2843743289d6323b88437432787cac8581
0000036f73c61f881a1eb0d04b495a6fd43d61af73c61ff81a1eb0cf73c61feff0000005
00000390986ac6cfe0f5868f9c10e89021eb0d0f5044d74812fe02ef5044d74682157001
00000317450c0d0617ac347fe6dd7f5c3f5868e6877c384a6730392f3e13efd9184cf4e1
00000330ee3a5237fd61a3b1f0b1c14fbac3477039f65a0fc892a1b039f659ee54108501
0000034ff788aa003b0d1dafc3d43100361a3b6ff788aa703b0d1daff80000103b0d1db1
0000037efa1f6b447868edec98fbb3d8e0d1dbdabd18818569a9175feffffff4108c2205
0000039056a1605fd3476f304187a5b7d68ede51f705a45fbb2e5e31f705a44e5c9fe621
00000310335139d7ca3b7942ca6716ab7476f28258a66bab50c6adc258a66bb9e0e76c81
0000032e1cd3f5f041dbca4f95628ec023b7948e1cd3f58041dbca4fefffffe041dbca25
0000035020c59467cede52366d4e4dce5dbca457e90112de3caf7397e90112dcdfd89e01
00000371c0769817b6f29131ec28550fbde522710e7c4f0f857024f10e7c4eee3abc2361
0000038f45eefb00179489ef671893281f2913ee0064757046f62a6ff000000000000147
00000307a92de3522ca44ff03e9ea3dfc9489fc70139a2fa06a15f870139a2f8aa405001
0000032bcf35204135227f3032af25ffca44fe4b5edabcc91159980b5edabcb7c0874181
00000348fff338c9f913f900d32314b3f227f218ea688c45fc751438ea688c4447cf0001
00000371f9c3fd1fb89fc86fdf429f30313f90f0f192bb17fa8b99f9e92b8176abc7b541
000003900845d3cfc4fe43d0bc4ec297e9fc87901f8d9ccfc10c50101f8d9cde54177081
0000060e618e618e61919e77433743374328bcdd16fd16fd16e2e91ffffffffffff008a3
0000062e0cce0cce0cd1f33e199e199e1981e66e0cce0cce0cd1f33ffffffffffff1f321
0000065266126612660d99ee4c0e4c0e4c11b3f8273827382727d8dfffffffffffe38361
00000679303930393026cfc6e066e066e0791f977eb77eb77ea8815ffffffffffff3c080
0000068581a581a581ba7e4a836a836a83757c878507850785187afffffffffffff2cf00
000006020d820d820d9df26e9b2e9b2e9b3164c827c827c827d7d83fffffffffffe36681
00000631ecb1ecb1ecae134d594d594d5952a6b6c016c016c0093fffffffffffffe443c0
0000065ee57ee57ee5611a9a4ada4ada4ac5b53ee57ee57ee5611a9fffffffffffe12821
0000066c2b2c2b2c2b33d4c8564856485657a9abf36bf36bf3740c9fffffffffffe03be3
0000068fd92fd92fd93026d8325832583247cdafd92fd92fd93026dffffffffffff06503
00000600c960c960c97f368e12ce12ce12d1ed2656a656a656b9a95ffffffffffff4d2c0
000006384b784b784b67b48f96ef96ef96f069184b784b784b67b49fffffffffffe7b461
00000647db87db87db98246f372f372f3730c8ce7f8e7f8e7f91807fffffffffffe00203
0000066fdcefdcefdcf02319b9d9b9d9b9c6462fdcefdcefdcf0231ffffffffffff029c3
0000068d674d674d675298b9ceb9ceb9cea6315eac3eac3eac2153dfffffffffffe000c3
000006013ac13ac13adec52975a975a975b68a422ba22ba22bbdd45fffffffffffe9a901
00000629d6a9d6a9d6b62950ad70ad70ad6f5291f4f1f4f1f4ee0b1ffffffffffff92c80
0000065935b935b935a6ca55eb55eb55eb4a14a69566956695796a9fffffffffffe4ada0
000006682d682d682d77d29adadadadadac5253a785a785a784587bffffffffffff09b40
000006876b276b276b3894d156515651564ea9a76b276b276b3894dfffffffffffff8005
00000616d916d916d90926f1b231b231b22e4dd6d916d916d90926ffffffffffffef8005
0000063d48dd48dd48c2b73911b911b911a6ee4dd52dd52dd5322adffffffffffff00283
0000064246824682469db96f8d2f8d2f8d3072c246824682469db97ffffffffffffdb961
0000067a34da34da34c5cb3269926992698d966411841184119bee7fffffffffffe703c1
0000069126512651264ed9ad4c8d4c8d4c92b375e755e755e74a18bfffffffffffe50e21
0000061132513251324ecda96489648964969b7206b206b206adf95ffffffffffff93401
0000062f926f926f92706d9a24da24da24c5db2f926f926f92706d9ffffffffffff07923
00000648136813681377ec90a6f0a6f0a6ef5908136813681377ec9fffffffffffff8005
000006799bd99bd99bc6643237b237b237adc8434d234d234d3cb2dffffffffffff81be1
000006895e895e895e96a1743d343d343d2bc2d50ad50ad50acaf53ffffffffffff64f20
00000601f4a1f4a1f4be0b4f694f694f695096a8dc48dc48dc5723bfffffffffffe27440
00000631a531a531a52e5ac8ca68ca68ca773591e4f1e4f1e4ee1b1ffffffffffff8b900
00000640a9e0a9e0a9ff560fd3efd3efd3f02c00a9e0a9e0a9ff561fffffffffffff5601
00000672cff2cff2cfed30009fe09fe09fff6012cff2cff2cfed301fffffffffffff7fe5
000006977fd77fd77fc880227f827f827f9d80717f917f917f8e807ffffffffffff98060
0000061e7e1e7e1e7e0181e27c027c027c1d83f87ad87ad87ac7853ffffffffffff3ae81
00000637f037f037f0280fd0e070e070e06f1f97f037f037f0280fdfffffffffffef7fe5
0000065f81ff81ff81e07e1e83fe83fe83e17c1f81ff81ff81e07e1fffffffffffe07e03
000006718fb18fb18fae70479f479f479f5860b0ad70ad70ad6f529ffffffffffffa9c41
000006817d417d417d5e82a9faa9faa9fab60542f882f882f89d077fffffffffffe91ba1
000006066ae66ae66af9951c55dc55dc55c3aa3a399a399a3985c67fffffffffffe12d80
0000062d570d570d5712a8fdae3dae3dae2251cd570d570d5712a8fffffffffffff2a901
0000065e38de38de38c1c73ff1bff1bff1a00e5e38de38de38c1c73fffffffffffe1c721
0000067e46de46de46c1b93e0d9e0d9e0d81f27e46de46de46c1b93fffffffffffe1b941
00000696b656b656b64949a1ec81ec81ec9e1376b656b656b64949bfffffffffffff8005
0000060532253225323acdca646a646a64759b87060706070618f9ffffffffffffe32200
0000062d11cd11cd11d2ee3d239d239d2382dc6d11cd11cd11d2ee3ffffffffffff2ee81
0000065e0e5e0e5e0e41f1b91c991c991c86e36ea98ea98ea991567fffffffffffe00063
000006677207720772188df1e431e431e42e1bd0d3f0d3f0d3ef2c1ffffffffffffb2201
0000069190b190b190ae6f4da16da16da1725e96b036b036b0294fdffffffffffff44480
000006188598859885877a738b138b138b0c74e390639063907c6f9ffffffffffff4b600
000006222c022c022c1dd3eed82ed82ed83127c87588758875978a7fffffffffffe36c01
00000651e0b1e0b1e0ae1f4d414d414d4152beb69296929692896d7fffffffffffe457c0
000006798559855985467aa18aa18aa18abe75528f528f528f4d70bfffffffffffe90641
0000069faabfaabfaaa0554f556f556f5570aa9faabfaabfaaa0555fffffffffffe05543
0000060ed5eed5eed5f12a1dabfdabfdabe2540ed5eed5eed5f12a1ffffffffffff12a21
000006382fd82fd82fc7d0225f825f825f9da071fd71fd71fd6e029fffffffffffe8efa0
00000654fe34fe34fe2b01c97c697c697c768395fab5fab5faaa055ffffffffffff44400
00000660f1e0f1e0f1ff0e0a63ea63ea63f59c02d2c2d2c2d2dd2d3ffffffffffff78000
0000068d8fad8fad8fb270581f781f781f67e09d2d7d2d7d2d62d29ffffffffffff00303
00000601fd81fd81fd9e02637b237b237b3c84c1fd81fd81fd9e027fffffffffffef8005
00000620ece0ece0ecff1309d9c9d9c9d9d6262241624162417dbe9fffffffffffe91180
00000647e747e747e75818b1ceb1ceb1ceae31512c112c112c0ed3ffffffffffffea8661
00000671bab1bab1baae45487568756875778a91aa91aa91aa8e557ffffffffffff86400
0000068e55ce55ce55d1aa3fabbfabbfaba0544e55ce55ce55d1aa3ffffffffffff1aa21
0000061f2e9f2e9f2e80d17ddd3ddd3ddd2222df2e9f2e9f2e80d17fffffffffffe0d181
00000634f4b4f4b4f4ab0b4969496949695696b5dc75dc75dc6a239ffffffffffff5ba20
0000064e254e254e2551dabe4a9e4a9e4a81b56e254e254e2551dabffffffffffff1dac1
0000067d2a5d2a5d2a42d5b9549954995486ab6df00df00df0120ffffffffffffff006e3
0000068ed22ed22ed2312dd8245824582447dbbe6a9e6a9e6a81957fffffffffffe00143
0000060211021102111deeed220d220d2212dde6b006b006b0194ffffffffffffff557a1
0000063788378837882877d090709070906f6f9788378837882877dfffffffffffef7fe5
00000650c1f0c1f0c1ef3e0983c983c983d67c31c4b1c4b1c4ae3b5fffffffffffe90100
0000066f8f6f8f6f8f70709e1ede1ede1ec1e12f8f6f8f6f8f70709ffffffffffff07083
000006917b517b517b4e84a9f6a9f6a9f6b60952f172f172f16d0e9fffffffffffe894e0
000006025a825a825a9da567352735273538cac0fda0fda0fdbf025fffffffffffeb39c1
00000629d4a9d4a9d4b62b50a970a970a96f5691f0b1f0b1f0ae0f5ffffffffffff97480
00000659a599a599a5865a624b024b024b1db4f365736573656c9a9fffffffffffe7d5a1
00000673ac53ac53ac4c53a6d886d886d8992771f551f551f54e0abfffffffffffe986a1
000006876207620762189df9c419c419c4063bf898b898b898a7675ffffffffffff2f321
000006099009900990166fe7a007a007a0185fe8aee8aee8aef7511fffffffffffe34601
0000062f806f806f80707f9e80fe80fe80e17f0f806f806f80707f9ffffffffffff07f83
0000065983d983d983c67c3187b187b187ae78428b228b228b3d74dffffffffffff88401
000006791e991e991e86e171bd31bd31bd2e42c254225422543dabdffffffffffff91861
0000069274927492748d8b66e906e906e91916f0db70db70db6f249fffffffffffea5e60
0000060124412441245edba9488948894896b761e261e261e27e1d9ffffffffffff93901
0000062ea26ea26ea2715d9644f644f644e9bb1c5e1c5e1c5e03a1ffffffffffffe004e0
0000064193a193a193be6c4127412741275ed8a193a193a193be6c5fffffffffffef7fe5
0000067f1d1f1d1f1d00e2e33a233a233a3cc5d9d039d039d0262fdfffffffffffe1ff01
00000680e8c0e8c0e8df1724d184d184d19b2e60e8c0e8c0e8df173fffffffffffef8005
0000060a462a462a4635b9c10c410c410c5ef3a2cf62cf62cf7d309fffffffffffe88ac1
0000063e315e315e3141cebfe2bfe2bfe2a01d5e315e315e3141cebfffffffffffe1cea1
000006508af08af08aef750995c995c995d66a319f919f919f8e607fffffffffffe99ec0
00000661d721d721d73e28c8ae68ae68ae775181f5c1f5c1f5de0a3ffffffffffff7dc00
0000068739a739a739b8c640f360f360f37f0c8739a739a739b8c65fffffffffffef8005
000006164df64df64de9b2011bc11bc11bdee4364df64df64de9b21fffffffffffff8005
0000063fef7fef7fef60109a5eda5eda5ec5a13fef7fef7fef60109fffffffffffe011c3
000006487b687b687b778498f6d8f6d8f6c70938f258f258f2470dbffffffffffff2a440
00000660db60db60db7f248fb6efb6efb6f04900db60db60db7f249fffffffffffff2461
0000069b5b9b5b9b5b84a466b726b726b73948d97fb97fb97fa6805ffffffffffff2a641
000006095c895c895c96a37239123912390dc6f302f302f302ecfd1ffffffffffff8d661
0000063164516451644e9baf488f488f4890b77821f821f821e7de1ffffffffffff3f361
00000657a237a237a2285dd7445744574448bba65d265d265d39a2dffffffffffff4e8a0
0000066e916e916e91716e9a22da22da22c5dd2e916e916e91716e9ffffffffffff18421
0000068e0b4e0b4e0b51f4be96be96be96a1694e0b4e0b4e0b51f4bffffffffffff1f4a1
000006165af65af65ae9a510b5f0b5f0b5ef4a165af65af65ae9a51fffffffffffef8005
0000063a57fa57fa57e5a8112fd12fd12fced022f702f702f71d08fffffffffffff89600
000006573f373f373f28c0d0fe70fe70fe6f01973f373f373f28c0dfffffffffffef7fe5
0000067ef9bef9bef9a106587378737873678c8eec8eec8eec91137ffffffffffff00003
00000681cda1cda1cdbe32481b681b681b77e48160e160e160fe9f1fffffffffffe95100
00000609ede9ede9edf612015bc15bc15bdea422c4a2c4a2c4bd3b5ffffffffffff73800
0000063c6f1c6f1c6f0390e85e085e085e17a1fc483c483c4823b7dfffffffffffe02223
0000064778077807781887f270127012700d8ff167916791678e987ffffffffffffa3421
00000678c078c078c0673f9080f080f080ef7f00c100c100c11f3efffffffffffff9fc00
0000069203920392038dfc6f872f872f873078d203920392038dfc7fffffffffffedfc61
0000061f1cdf1cdf1cc0e33e399e399e3981c67f1cdf1cdf1cc0e33fffffffffffe0e341
00000638e678e678e6671993ccf3ccf3ccec330429442944295bd6bfffffffffffe59000
0000064f33cf33cf33d0cc3967b967b967a6984f33cf33cf33d0cc3ffffffffffff10481
0000066e1ece1ece1ed1e138bd98bd98bd87427e55fe55fe55e1aa1ffffffffffff003a3
0000068f760f760f761089feec3eec3eec2113cf760f760f761089fffffffffffff089e1
0000061630f630f630e9cf1be1fbe1fbe1e41e098069806980767f9fffffffffffe02000
0000062607e607e607f9f80b8feb8feb8ff47009174917491756e8bffffffffffff18000
0000064e3fae3fae3fb1c0417f417f417f5e80a73ea73ea73eb8c15ffffffffffff2fb00
0000067d7d1d7d1d7d0282f7fa37fa37fa2805ccf78cf78cf793087fffffffffffe00c43
0000068268826882689d976dd12dd12dd1322ec7b1c7b1c7b1d84e3fffffffffffe409a1
0000061d44fd44fd44e2bb0109c109c109def635cc55cc55cc4a33bffffffffffff52580
0000063fa73fa73fa72058dece7ece7ece61319fa73fa73fa72058dfffffffffffe058c3
00000650b9f0b9f0b9ef460ff3eff3eff3f00c10b9f0b9f0b9ef461fffffffffffef45e1
00000674cf94cf94cf8b306c9f2c9f2c9f3360d8e5b8e5b8e5a71a5ffffffffffff31841
00000680fce0fce0fcff030f79cf79cf79d08627f6c7f6c7f6d8093fffffffffffe31300
0000061f671f671f670098fd4e1d4e1d4e02b1ff671f671f670098ffffffffffffe09921
0000063fb87fb87fb860479a70da70da70c58f3fb87fb87fb860479fffffffffffe04c63
00000647432743274338bcdc867c867c8663799b483b483b4824b7dffffffffffff03520
0000066219821982199de666b306b306b3194ce219821982199de67fffffffffffef8005
00000681cc21cc21cc3e33cf986f986f98706781cc21cc21cc3e33dffffffffffffe33c1
0000061961b961b961a69e5143714371436ebc8216e216e216fde91fffffffffffe7c400
0000062f0dcf0dcf0dd0f23d9bbd9bbd9ba2644f0dcf0dcf0dd0f23ffffffffffff0f241
0000065d6edd6edd6ec291395db95db95da6a24e488e488e4891b77fffffffffffe00243
00000660f6e0f6e0f6ff090f6dcf6dcf6dd09227e3e7e3e7e3f81c1fffffffffffe3cc80
00000696b716b716b70948fcee3cee3cee2311cb1beb1beb1bf4e41fffffffffffe0bb21
00000606b886b886b8994761f121f121f13e0ec6b886b886b899477fffffffffffef8005
00000639449944994486bb7d893d893d892276ce4bce4bce4bd1b43fffffffffffe001e3
0000064e248e248e2491db76c916c916c90936fc639c639c63839c7ffffffffffff015a3
0000066324432443245cdba5c885c885c89a376324432443245cdbbfffffffffffef8005
0000068d220d220d2212ddf7c437c437c4283bdc5dfc5dfc5de3a21ffffffffffff02e43
0000060e108e108e1091ef7f211f211f2100deee108e108e1091ef7ffffffffffff1ef61
0000063204120412040dfbed080d080d0812f7f68cf68cf68ce9731ffffffffffff56181
0000065220122012200ddfee400e400e4011bff7d8d7d8d7d8c8273ffffffffffff42c21
00000677001700170008fff480148014800b7fe300e300e300fcff1fffffffffffe8c021
0000068100410041005effa9008900890096ff6180218021803e7fdffffffffffffa3fc1
0000060102410241025efda9048904890496fb6186218621863e79dffffffffffffa3501
0000062092609260927f6d8624e624e624f9db0092609260927f6d9fffffffffffef7fe5
0000064e13ae13ae13b1ec4127412741275ed8a6b866b866b879479fffffffffffe4d341
0000067e9d3e9d3e9d2162c23a623a623a7dc598511851185107aefffffffffffff1f200
00000680e9e0e9e0e9ff160a53ea53ea53f5ac02b662b662b67d499fffffffffffe78000
0000060a4fca4fca4fd5b0281f881f881f97e069e569e569e5761a9ffffffffffff107c1
000006297e697e697e768182fce2fce2fcfd0303fb63fb63fb7c049fffffffffffe61000
0000064e73ce73ce73d18c2ce78ce78ce793186e73ce73ce73d18c3ffffffffffff18be1
0000066e1e6e1e6e1e71e1813cc13cc13cdec326d446d446d4592bbfffffffffffe48160
00000693f353f353f34c0ca266826682669d9973f353f353f34c0cbfffffffffffff8005
0000061b1a5b1a5b1a44e5a234823482349dcb74c974c974c96b369fffffffffffe5a020
0000063e521e521e5201adf7a437a437a4285bcd6a0d6a0d6a1295fffffffffffff009e3
00000649108910891096ef72a132a132a12d5ed32f332f332f2cd0dfffffffffffe86e61
0000066f04cf04cf04d0fb3d89bd89bd89a2764f04cf04cf04d0fb3ffffffffffff0fb41
0000069d269d269d2682d97f4d1f4d1f4d00b2fd269d269d2682d97fffffffffffe2d961
0000061134313431342ecbc168416841685e97b134313431342ecbdfffffffffffff8005
0000063f211f211f2100defd421d421d4202bdff211f211f2100deffffffffffffe0df21
0000065208320832082df7c090609060907f6f9208320832082df7dfffffffffffff8005
0000067a41fa41fa41e5be1103d103d103cefc22c482c482c49d3b7ffffffffffff88080
000006948f348f348f2b70c09e609e609e7f61948f348f348f2b70dfffffffffffff8005
0000061ff9bff9bff9a0064ff36ff36ff3700c9ff9bff9bff9a0065fffffffffffe00643
000006224d824d824d9db2671b271b271b38e4c0e020e020e03f1fdffffffffffffab961
00000641eca1eca1ecbe134dd96dd96dd9722687406740674078bf9fffffffffffe2a400
0000067165d165d165ce9a294ba94ba94bb6b45226522652264dd9bfffffffffffe99601
0000068c2eac2eac2eb3d1485d685d685d77a28bfb0bfb0bfb1404fffffffffffff00683
0000060975a975a975b68a5a6b7a6b7a6b65949b5fbb5fbb5fa4a05ffffffffffff02440
0000062c2d8c2d8c2d93d26c5b0c5b0c5b13a4ec2d8c2d8c2d93d27ffffffffffff3d141
0000064eec2eec2eec3113dfd87fd87fd860278eec2eec2eec3113dffffffffffff113e1
00000679e1d9e1d9e1c61e3a43ba43ba43a5bc4b97cb97cb97d4683fffffffffffe03723
0000068f0e8f0e8f0e90f1769d169d169d0962fd2add2add2ac2d53ffffffffffff00ca3
0000060e744e744e74518bb9689968996886977f5a3f5a3f5a20a5dfffffffffffe000a3
00000620a260a260a27f5d8a44ca44ca44d5bb225e425e425e5da1bfffffffffffe91060
0000064d936d936d93726c9e26de26de26c1d92d936d936d93726c9ffffffffffff26ca1
000006721b121b121b0de4e7360736073618c9f0cb50cb50cb4f34bfffffffffffea0f81
0000068fd86fd86fd870279a30da30da30c5cf2fd86fd86fd870279ffffffffffff02b83
0000060ec32ec32ec3313cd8065806580647f9be479e479e4781b87fffffffffffe00143
00000627190719071918e6ee322e322e3231cdccc6ccc6ccc6d3393fffffffffffe00dc3
0000064fc8afc8afc8b0375e115e115e1141eeafc8afc8afc8b0375ffffffffffff03763
0000067145514551454ebaa90a890a890a96f571cdd1cdd1cdce323ffffffffffffa4101
000006872a472a472a58d5a1d4a1d4a1d4be2b472a472a472a58d5bfffffffffffef8005
00000613d293d293d28c2d6225022502251ddaf3d293d293d28c2d7fffffffffffff8005
000006389478947894676b90a8f0a8f0a8ef5700ba00ba00ba1f45fffffffffffff9bc00
00000658a398a398a3875c72c732c732c72d38c2e062e062e07d1f9ffffffffffff8eb81
000006611ce11ce11cfee300b9e0b9e0b9ff46011ce11ce11cfee31fffffffffffef8005
00000698e798e798e7871875cf35cf35cf2a30c62d062d062d19d2fffffffffffff56ee0
0000060a3cca3cca3cd5c337f997f997f9880679b3d9b3d9b3c64c3ffffffffffff237e1
0000062266026602661d99e7cc27cc27cc3833c1a761a761a77e589ffffffffffff9d3e0
0000064a30ca30ca30d5cf3261926192618d9e73ff33ff33ff2c00dfffffffffffe81c81
0000067586158615860a79e18c218c218c3e73d586158615860a79ffffffffffffff7fe5
00000690b0f0b0f0b0ef4f09e1c9e1c9e1d61e3200120012000dffffffffffffffe8a100
0000060287428742875d78a18ea18ea18ebe714287428742875d78bfffffffffffef8005
0000063dbafdbafdbae24519f5d9f5d9f5c60a2f2b0f2b0f2b10d4fffffffffffff00043
00000641d721d721d73e28ce2e4e2e4e2e51d1a775a775a775b88a5ffffffffffff30e40
0000067f391f391f3900c6f77217721772088dee234e234e2351dcbffffffffffff000c3
0000068148414841485eb7ae108e108e1091ef66d486d486d4992b7fffffffffffe4a681
00000617427742774268bd8204c204c204ddfb30c650c650c64f39bffffffffffffa8860
0000062093609360937f6c8e26ce26ce26d1d926370637063719c8fffffffffffff513e0
000006509b309b309b2f64c136613661367ec9909b309b309b2f64dfffffffffffff8005
00000661d9a1d9a1d9be264db36db36db3724c86fb26fb26fb3904dfffffffffffe36200
00000699cdd9cdd9cdc632321b921b921b8de46361e361e361fc9e1fffffffffffe8e741
00000611ee31ee31ee2e11cddc6ddc6ddc72239745d745d745c8ba3ffffffffffff2c400
0000063a71fa71fa71e58e18e3d8e3d8e3c71c2ad28ad28ad2952d7ffffffffffff05900
000006480f680f680f77f09b1edb1edb1ec4e13aacdaacdaacc5533ffffffffffff0bd20
00000661fb61fb61fb7e048176c176c176de8921fb61fb61fb7e049fffffffffffef8005
0000069bdb3bdb3bdb2424c136413641365ec9b47e747e747e6b819ffffffffffff70381
00000617d957d957d94826b232923292328dcd617a817a817a9e857fffffffffffea1941
00000638ca78ca78ca67359414d414d414cbeb2459045904591ba6fffffffffffff6b340
0000064d534d534d5352acb9a6b9a6b9a6a6595e6d3e6d3e6d2192dfffffffffffe00103
0000066f1a8f1a8f1a90e57e351e351e3501caef1a8f1a8f1a90e57ffffffffffff0e561
0000069254325432542dabc428442844285bd7b254325432542dabdfffffffffffff8005
0000060f210f210f2110defd421d421d4202bdef210f210f2110defffffffffffff0df41
00000637081708170808f7f190319031902e6fd7081708170808f7ffffffffffffef7fe5
0000065a40da40da40c5bf3181b181b181ae7e4342a342a342bcbd5fffffffffffe89181
0000067a06da06da06c5f93c8d9c8d9c8d83726e14ce14ce14d1eb3fffffffffffe00303
00000687360736073618c9f1ec31ec31ec2e13d096509650964f69bfffffffffffeb1a01
0000061330933093308ccf6261026102611d9ef330933093308ccf7fffffffffffff8005
00000638045804580447fbb208920892088df7618c218c218c3e73dffffffffffffa1a41
00000651a231a231a22e5dc8c468c468c4773b91dd91dd91dd8e227ffffffffffff82200
0000066091c091c091df6e2523852385239adc6091c091c091df6e3fffffffffffef8005
000006870e070e070e18f1f29c329c329c2d63d128712871286ed79fffffffffffea2201
0000060e70ae70ae70b18f4161416141615e9ea74e074e074e18b1fffffffffffff433e0
0000062185218521853e7acd0a4d0a4d0a52f5a60f260f260f39f0dffffffffffff4a620
00000650a970a970a96f568e52ce52ce52d1ad366e966e966e89917fffffffffffe52160
00000671cb31cb31cb2e34c69666966696796991cb31cb31cb2e34dfffffffffffff7fe5
00000680d9e0d9e0d9ff2609b3c9b3c9b3d64c21fbe1fbe1fbfe041fffffffffffe9b980
00000609cf49cf49cf5630a21e821e821e9de16364436443645c9bbffffffffffff78481
00000638fa58fa58fa4705a1f4a1f4a1f4be0b526e326e326e2d91dfffffffffffe942e0
0000064ed2eed2eed2f12d1d25dd25dd25c2da2ed2eed2eed2f12d1ffffffffffff12d61
0000067a177a177a1765e884aee4aee4aefb5116423642364229bddffffffffffff40400
000006813bc13bc13bdec42977a977a977b688422f822f822f9dd07fffffffffffe94820
00000609dea9dea9deb6215c3d7c3d7c3d63c29d8afd8afd8ae2751ffffffffffff00043
00000629f5c9f5c9f5d60a31ebb1ebb1ebae145360936093608c9f7ffffffffffff89a01
0000065a2eda2eda2ec5d13b5dbb5dbb5da4a24cfbecfbecfbf3041fffffffffffe01143
0000066f76cf76cf76d0893e6d9e6d9e6d81926f76cf76cf76d0893ffffffffffff08921
00000698365836583647c9b26c926c926c8d936217221722173de8dffffffffffff99b01
00000616b216b216b2094de1e421e421e43e1bd6b216b216b2094dffffffffffffff8005
0000063110d110d110ceef2ea1aea1aea1b15e5730f730f730e8cf1ffffffffffff49981
0000065a06da06da06c5f9320d920d920d8df26394e394e394fc6b1fffffffffffe85da1
0000067db67db67db662499e6cde6cde6cc1933db67db67db662499fffffffffffe249a1
00000691b331b331b32e4cc8e668e668e67719920a520a520a4df5bfffffffffffe82e00
0000071bfaf1c99b4551e671574b62fdef804cdbfc31c83b4531e67bfc35b36f8011e665
0000072ea19c9f4010ef331bec21cc3f4430e62a4185a75e5ee8a09f7ff6d43e5ef450c5
000007445af6218abf4d98ee1ae4b1961b52b1f74182e75f8ee8d48b03b2d8cfc002eb91
000007739743d2efc384c7c1819f5740e2ff0f95974a52eda38c5fd5975b96efc0174101
0000078df75c4af825893e5d419867512ef37c8c8c3c142832253bbf800d124832300c45
0000071eec208c27143ef23b7749eaf54d926457b752dafb8199d74f8001991b8185a105
00000726374ebae4998e114acc35843a5631a2ac574c22fc3f8838cc5bdc5efc3fc355c1
00000740c197074af6e58a872c26fc26883e952a2185bf4e58eca10a21962aee59783741
000007774192e7438ee7d48821953f5278e3a9017aef698ced540c77f40f69aced500bc1
0000078b7ae5e9964d52a470574322ffff88c8c27aefa98cdd4400741b6fc00fc0104333
0000070aac259c26503ea333f75bcaf9c591465d6c286c3d2c387c3d6c39d9fd2c840701
000007242c363c2ab825992efae48996154ab2770c22f43f8a38d5aba872a00fc013f2b1
00000750018b374dfaf44986a18e9f5c90f8131bb741daef4194e75bb76f7fff80002905
000007717af3699bed51cc645afe2198bf4918ff5af8e1910f4374ff5ae9ee4d31401923
0000079a974992fd539063d3818bd75dc2e0479a9189935d53f063da90edf7af801063c7
00000705faf6498aa54d9e6d574462fe2f98bcd821813f4778eee90bd1b326bf801a8a85
0000073eac309c2b1035f33bfaf1c98b454de674e18a0f4db4ec5a0f7fea0f4f05b849e5
00000744019e3740bae7198eac249c26102eb337cc2ac425863e56ab2c9afb0586293d81
000007715ae3619fef40cce41ae6319ebb4899ffcc30c43b0631f6afc00203efc0100143
0000079b9749d2e5439e67d1818b5755e2f24f8c9afc119833593bec9aed9f3833b2fc01
0000070df74c4ae4258e3e5d4188675d2ef07c8df18c4b4425ee3e5f800d6a39e20e3e45
0000073eec208c37142af23b7af1e98b4d5de47eeae08d97144af22f7fe08d7aeebf7fe5
00000746174eb2f49b8211ca819d974052e7238cec340c3a3431ba2ced5f801a34400027
00000761e1974f4ae4f58e05619e6f40acf71c09219d7f4868f52d0921ae020869802001
0000079e6c30ac3b1c31f03a7741aae75d86e056d75a82f9978152cf801a82fb1a0000c7
000007022c27bc26d83e8122fae7899ed5508262b7579ae2d1978342b766bcfe34030ac1
0000072001973752fae38986a19e9f4090ff1305175e72f0ab8b1dc5175c6e30abd62401
000007517afb6981ed474c64574e22f4bf8218deb7509afb1191f35eb77f801b11a00287
0000077ab7519afb5199e353cc33c433c633c6ae6c2cac241c36302e6c4cac47a3614621
00000784d74e02f4b7921acf019cf7400ae73594baf2199bb141db6c59df801bb1500047
00000717e19acf5984f156096c256c3e6c20ac37e75acef984915619de9adaef80115605
0000072e575ca2f01f8b30da0199b7415af76184819e1750b2eb1b9f7fee9d90b2f64485
00000743f75fcaf8c59106414c276436ee228ca3f19fcb58c5f10643f18fc01854310681
0000076ecc2484361622b2bb3ae1f99f4940e56ecae485961642b2bf7fe485adec22b2c5
00000787019ef7408aef1588ac251c367032ab33818bd755c2ea47882dfc4215c2f5bcc1
00000709418d674c6ee42c94219a3f41b8ff5906ec2e8c2c942c1226af3f800c9436c405
0000073b6199ef594ce1641061932f4bfce5c81b6759eef94c81641b6739ee3dcac17a41
0000074a619daf405cff20126c2bac25dc36403e7750aaeb1d9df05e777f800b1d984005
000007625affa198df5900e21aefb194db4a01e2e1978f52d4eb8202e1afc0063db7c351
000007838c27d43ec23087a1b75f5af8e1810f438ae7d59ec25087a38aff800f801087a5
0000070d21947f5a28e9bd1cec300c3b3421fa2c5aec218c3f5438ff800c218e02d01b47
00000738419927597ef168962c32bc2b9825d138475926f97e91689826b926bd97f18001
000007534c2be43dce3844a0374f3ae4f98e0956fae28987954ed276fb0f7ffb47da6b25
0000076b3755faf2498ba550cc230427f63ecaab3195fb5249eba54b3195fbd3135f7fe5
00000788c195074276e7aa97219aff4188ef5508c75506e27687aa881a6885c276af8005
000007177ae2e99f8d40d4685ae521967f42a8f77c22e83f8d20d4788ac2f16fc000d4b1
0000072a974d92fc538023d3818bd75dc2e0478a918d935c53e023ca90ef7fef7fe023c7
00000745e1964f4aa4e59e0d61946f5a2ce9bc186c312c237c37e82bc4c336fd5ed20001
0000077e7740aaef1d94f05a4199a7415eff6096cc22842f963cd2af8012364fc0070115
00000782ec278c26d42e8223774feaf4cd920443daffc198c74906e3db2fc018c7a4dbe1
000007062c36bc2a9825912afaf5898a554da26c5af421923f5bb8ec602472ad7d97c6a1
000007201ae7319efb4889e6974e92e4938e13c5819e5740a2ff1f85819c393c10dab3e1
00000751baf3598be14dcf65dafe4198a7591ef1bc33582be12dcf71d02a247cee3f6781
0000077c8198174132f77b9fac20dc27002ef73ecc208427162ef2afc011420716599fd1
000007955af2619baf41dcec174c32fc3b8839ca5ae5a1965f52a0e9b337096f801009c7
0000071bb759dae1419f6751c1834757e6face9bb199db4141ff675bb179dbf11b2f8005
0000072cf74c0afc35903a5f4c30e43b0e21f4acf18c0b5c35f03a5f7fec0b2f7ff03a47
00000756d74a82fd978052cb019df7404ae72596d18a835d97e052da5b9f801d98008825
00000767f74ecaf4859216494c2564366e22aca7f18ecb5485f21649d44ed6b44db21661
0000078edaf4818a174db2fb1ae1f1974b52e5ea775daaf85d89205f801daafa05f4bdc5
000007078c26d426822697a9baf5598a615daf71bae3598fe14ccf69ccb4990fc0183d01
0000072d0c2474262a3ebdbcbae019873156fb6cd74c02e4379e3adf7fec02e6015a0d05
000007591ae9719d6b586df49af2118bb35ddbf14c236427ee3ecca63b33a09f801a2285
00000779974952fd63886fd58c225427a22edfb99189535d63e86fd98729539e010f8005
0000079dcc204427263efebd37487ae529967d5cbaf0198b315dfb6f8000f18b314983c5
0000071f2c20fc3f0830f538f7410ae77586ea5f2ae0fd9f0850f52f8000fd9f801132a5
000007282c353c2a7835a936fafa8999954152682af53d8a7855a927ad08473c88f5a921
000007501ae3319ffb50c9e6974e92fc938813d8019937597ae1699801aa1dcfc00000e3
00000771a1935f5be0f9cf05e1864f4ea4e49e1d8c2054272226ffbd8c322a3f7fe16005
0000079c7af029933d5bf87e5748a2e51f9e70dc7c3028333d3bf86f8010fb73448f8005
00000712baf3999bd141c363d74fc2e4c79e06d1218b7f5de8e84d112b6fc01de9542d81
00000724b7561af2b18b9b4fc18cc74c06f436953aea799da9485d6fc01b32bda941b801
00000754f75a0ae9b5955a4f4c24e4260e36b4a40c26342eba3499bcc5574a8eba205d63
00000776c192874396f7d28b219dff4048ef2516c75286e39697d29a75a906e396bf7fe5
000007877af6e98a8d4d94685ae521967f52a8f2ac239c3fd028c3285674588fc014a1a1
0000070a974d92e4538e23d38c23d43fc230c7bdac385c2120277f3dac29d7efc0128261
00000725c186474ea6e49e8d2c347c3a2839bd38fae109877546ea6b7c533bbf7fe1bd85
0000075f4c20e4270e3ef4b83af1399b7951e9759afa5199a3595fef7ffa51bb1ef55ec5
0000076b1ae5f1964b42a5f0974b12fdf3884bc34c37e432ce3384b403e978acc17026a3
00000789b74d5ae4619e2f55c1924743a6f7de8477462ae6bd9e985809981fa6bd890901
0000071ce1980f4134ff7a1f6c28ec250c367439ec294c25643e6e2f8018708564298e85
00000736418aa75d9ef0508a2195bf5a58e9a116474aa6fd9e905098fa4a974f7ff25485
000007437747eae6cd968440419f2740feef08812c2f7c24e82e0d212c3e5b24e888be01
0000076af74d8afc558022534c2be43dce2844aaf18d8b5c55e0224af0cf800f80008b85
00000786cc2e842c963412ab3ae5f99e4958a56d0c3c74282a353dad10cc879f80105fa7
000007070c36f4228a3795a8baf5198a714dab704193274bfeedc8884ca47b0bfee8b021
000007290c3574226a27adb4baf2198bb14ddb67618eef448cfe14072e4eef46aaea48e1
00000759018977456ae66d94a18a1f4db0fc5b10ac3b1c31f02b4b26234be58ba2554801
000007796c216c276c3eec3477422ae7bd96d8539aebd185c35e47e65f4bd1a7bb19d3e1
0000079a2c31bc3b5831e132f74b8afdd580425a2af1bd9b5851e13a2a95ccef8011e125
00000700374f3ae4f9860946cc268426962e92a53afe7988a95d1d653afd6268a9981dc1
00000730c18b075df6e04a872c36fc2a88259530c74b06fdf6804a9124aa889f7fe04fe7
000007574c32e43b8e31d4a83ae539867946a961775f6af8ed810c58151f6b1a995000e3
0000076b174df2fc4b9825d08c231427f22ecbab118df35c4bf825cb118df3fd133f7fe5
00000789c19d474066e72e95219a7f41a8ff5d07c19ec74086ef16870eef800086fa1205
0000071f7740eae70d86f458419927417eff68951ae27187ab4eddef801182c7ab48be05
0000072af74d8afc55802253419be741ceff448af18d8b5c55e0224af0df7ffc55f75245
00000746faf6899a9541926b575de2f84f8124c6fc36883a9521926ad3ecf3ab27619261
00000766a19e9f4090ef130be18dcf5c44f02606a75e9ee0908f130b0ebf7ff55e8f1305
00000784619e2f40bcef180e6c2cac241c3630363752baeb998dd14b4fff800b99885005
000007125afba199df5940e21af7b18adb4d81f2b75b9ae1d18f4352b76b0a3d3f5ae681
000007239ae7d19ec34887e1974f52e4e38e0fc46c3e2c20bc3f18246c2f7ffc2d8af025
0000074dbae459962142bf7dd75042fb2791fecdbc2458362122bf7f80045809d1c2bf45
0000077ca1901f5b30f9fb1fec20cc27042ef63ca7501efb3099fb0fc0101efb85ff7fe7
00000794574a22fdbf8058ce019cb7401ae73194518a235dbfe058dad9df691dbfe09641
00000713e18bcf5dc4f046016c2f6c24ec260c33e74bcefdc4904613e74f801dca304fa7
0000072e575ca2f81f9130da0199b7415ae76184819e1758b2e11b9f7fee9d98b2f00067
00000743f74fcae4c59e06414c276436ee328ca6a19e9f5890f91306a18fc0189144fba1
0000076edae4819e1740b2fb1ae1f1974b42e5eedc24803e1720b2ff7fe4805cf840b345
00000787819ed74082e71789ac255c2e602caf31ac2b5c2de03c4f29ae3c9dade0271b81
0000070d5aec618c2f543cfc1ae0319f3b58f9ec4194274a3ef5b89f800435bf80109385
0000073b8c21d427423ee7b1b74b5ae5e1964f4ca1941f4a30fdbb0ca185a16a31298441
0000074d219c7f4028ff3d1cec200c373432fa2c574422f63f9ab8df800384563fb53305
000007785af921997f4968f61752b2fb9b81d1cdfaf449922553be6dfb02c1ad9b201b83
00000793bae3d997c152c761dae74196e7428ef3bc23d837c132c773bc443e5753b2c7a1
0000070c9ae4119e3348bbff9ae8d18d034477ef2194ff4a08f5b50fc004dd1f8001e995
000007359af2519ba351dfed9ae4519e2348bfebac3ddc3040232739f45ddc2f7ff01587
0000075d9ae0519f2358fffd975852f1238b7fddac205c2f202cff2f7ff0b08f20388025
0000077dac205c372032ff3dfaf0498b255dfe7d3af8799929597d6f8018799ae3e405c5
0000079c1ae0319f3b48f9fe975092f31383f3d93af9798969556d6f8019798af4e10b05
00000711a19b5f51e0f34f05e19e4f40a4ff1e1d8c205437223affbd8c2f801722356005
0000073c7af0298b3d4df87e5af0a19b1f51f0f83ae9399d7948696f7fe9399f0553a6a5
00000752819b9741d2e74383ac27dc26c02e8731ec2b4c25e43e4e31eefb9e25e46983c1
000007654c266426ae3e9cac3ae439863956b97ae1918f4b54fde21a96e3138b5509d4c1
0000079b0191f74b4af5e590a19b1f41f0f74b0f1754f2ea0b95b5cf17453a2a0be0f201
00000709775d6ae86d9d2c544c222437be3ad8a9719d6b486dfd2c496e7d6b77e5cf8005
0000073ad74182ff5798e2d30c3bf429ca3d45a9b7455ae6619eaf49b9158c3f7ff9d225
00000747c19ec74086ff16892c357c3a6831ad30975b12f9f3994bc9820cb1d9f3b44581
0000076f4194e74a0ee5b4982c313c237837e92b6c2dec244c26243f7fedec4617517c45
0000078b5af5e18a4f5da4f01ae3319ffb50c9e2d75f82e0d79702d2986fc00fc0133bf1
0000070b8c25d43e4220a7b1b74b5ae5e1864f4b8ae5d59e4240a7ab8ae9b65e57a0c981
0000072d21947f4a28f5bd1cec200c27343efa2c5afc21883f5d38ff7ffc218a02d85985
000007584c29243d7e2868b63af2b98b994dd16dcc244426263ebeadcc33271f801a3c65
000007731743f2e7cb8ec5c08c271426f23e8bb31183f347cbeec5d311844008163f7fe5
00000789dae541966742aef5174a72fdab885dc79af6d192835397e64c881d6c9af01963
0000071fa190df5b00f9f719ec314c33642bee3b0189f7454aee658fc009f746ff1981d1
0000072c4c2c243c3e3838be3af0b98b194df169dae54186674eaeff7ff4317f7feacc25
000007531ae3f19fcb48c5e09af7118af34d8bf45ae22187bf5ed8f45b136a4fc01aa481
00000769819d574062e72f95a1825f4fa0e4df04574622eebf9498d7a1b8318fc0002091
0000079d77506ae32d97fc5c4c2024273e3ef8bf4198e7410eff748f8018e74309caf765
0000071ad74982e5578e62d30c33f43bca31c5a9bae5599e6148af69bcd58cfe61a42901
00000727dafec198874916e91af5718a6b4dadf16c3b6c21ec3f4c29846c991b788b52c1
0000074f8194d74a02e5b799a1915f4360f7ef08b74d1ae471862b4fc00d1ae602108411
0000076d6c2c6c242c363c3c7ae029873d4ef86ffaf4c98a054db66fc013c18a05789621
0000079a1749b2e55b9e61d28c239437d232c3a95af5619a6f59ace95b853c9a6fb53b61
00000701d74742fee7888ec50c267426aa2e9da1d187435ee7e88ec1d8e771df1a6f8005
0000073fd740c2ef0784f6d90c31742b6a35edbb3af9f9914943656fc019f98f7fe00ac7
0000074fd744c2e6079eb6d9019977416aff6d8fd184c34607feb6cfc016b02607ef7fe5
0000076fe19ccf5804e136196c296c256c266c2fe75ccef80481360fc01ecc180c216001
0000078e4c2ca43c1e3830ba3759baf959816144974e12f4b3821bdf801ea62e066002c7
00000703374ffae4c9960540cc3f0420f62f0aa66196af4a9ced9006618fc00a9cf91f21
00000728cc2d043476322ab7374afae5899e5541c19f4758e6f90e98920f7ff8e6f4bc65
000007573af2f99b8941d568d75d02f877812ad73c32f83b8921d578b4c87eec44c1d561
00000768ac351c32702bab37faf2c9838557d661818f574ce2ec0f9928af576ce2e74c61
000007940c323423ba37d9aeb7549af2118bb344574e22ecbf8c18db48ae22ecbf87bd81
00000711374b7ae5e9964d44c186075eb6e89a9f8198d74102e7778fc009d35d26d27911
00000738f7410ae77596ea574c22e42f8e24d4b2daeb818dd74442e8c50b818fc0002853
00000756d74a82fd979052cb019df7584ae12596d18a835d97f052da5b9f800e243052e7
00000767fafec980854716695af5618a6f4dacf0975b12e9f39d4bc9d68c9f49f3b927c1
0000078e8c249426122eb3bbb749dae54196674ad75582ea578da2df8006dcaa57897b85
0000070521967f5aa8f99d0ce19c0f4034ef3a0527567efaa8999d0a8e6b0ebaa89f8005
0000073877492ae57d8e68564192a7439ef7d08d21847f4628eebd0d2182ffc62939a081
00000752f74b8ae5d59e4243418fe75ccef00492f18b8b45d5fe4252f24fc01b2c9e4241
00000766f75e8af0958b124b4c25e4264e3ea4a6f19e8b5095eb124ac63e9ab0b3ff7fe5
00000786d74e82e4978e12cb0c35f4224a37a5ad0c2c74242a2e3dad0fdc7f242a7985e1
00000707c18ec75c86f0168921957f5a68e9ad07c74ec6fc86901689868eba8f71317e81
0000072f7afce9800d573478574122e77f86e8cab7459ae65186a35f7ff65ba65192be45
0000074ab75d9af851912353c193c743c6e7c69d2c387c3928217d3d2c49d19928900023
00000764ec360c2ab4359a2f774ceae40d9e3454018a374dbafc598ce43b534dbb17ebe1
00000796219abf4198ef510ae18d8f5454f222037aefe994cd4a04798e4fc014cd44f001
00000700774f2afcfd8008464c2ea43c9e2810a0718f2b5cfde00840894f800f80001ae7
00000732c19b8759d6f142832c37fc2ac8258532c75b86f9d6914292c7cb839d29b14f21
000007474c36e43a8e3194a8374d3ae4798629474af6e59a8e5194a844dca6ba9091ad41
0000076b374dfae449962550cc3b0429f6254aa2cc2f842cd62402b4854fc00cd65015f3
00000788d74502fe7798aad7019af7418aef5588d185035e77f8aac849587ade781f8005
00000717ec32cc3b8421d62977456ae66d86ac464c3ea4389e3110b9e29ea43a84900123
0000072e3af4b98a195db17adaf98199575962ee3c34b82a193db17f7fe6b03bee8f7fe5
000007409ae71196f3528be79ae6d196834297e09c271036f3328be12bc74bb6b4f28c21
00000775974a52e5a38e5fcd8c24543e2230bfaba195df4240e7a719026712fc4f137821
0000079dd74842fd27807edd019877412ae77d9dd188435d27e07ecf80190b7d27e0fc45
0000071fec28cc250436763977496ae56d8e6c5a8c399429522d63afc00a96495228fa01
0000072e2194bf5a18e9b11ae1998f4154ef620e2754befa1889b11f7fe6ca1a188f7fe5
000007406c272c26fc2e88267746aae69d9690441af6318abb4d99e41b05510abb896fe1
000007722c33bc2bd835c122faff8988d5450273775beaf1cd834453774fc00d34300eb3
00000780174f32fcfb9009c68c26943e922093a0118f335cfbf009c017ef670f801009c7
00000711c19b4741e6ef4e8521967f5aa8f99d11c75b46e1e68f4e91cefb1555169f8005
0000073f6c30ec3b0c39f43877492aed7d9468551ae27187ab56ddef7ff1937f7ff24be5
0000074a2c3dbc3858312132faf3898bd55dc27f7758eae10d97745f77698f5cb422daa1
000007601ae7319efb5889e69afe9190934b13e5818e574ca2ec1f8581ac57cca3475de1
00000791818b5755e2f24f85a19e5f58a0e11f11874b56f5e2924f91919f8006e4924f85
0000071d61986f412cef7c1c6c202c3f3c30f83f7740eaff0d88f44f800045ff0d808007
0000073a5ae1a19f5f40e0f2175bb2f9db8141da5c21a03f5f20e0fa5bf5e10f7fe0e0e5
00000743a19fdf40c0ef0701e18f4f54e4f20e071af6f19a8b4995e71aefc01a8b646001
0000076c7af429923d43b87e5af0a1931f53f0ec7c3428323d23b87f7ff428123ca3b725
000007929ae3919fd358c3e3974fd2e4c38e07d1ac3b5c21e02f4f31af0fc00fc01b1c21
00000705a19e5f58a0e11f0dec244c3e2420be25a75e5ef8a0811f0c151e61af4e411f01
0000073c4c2024273e2ef8be3ae0b99f1950f178c189075d76e86a8f7fe9075f0122a125
00000753174bf2fdcb8045c08c2f143cf2300bb3118bf35dcbe045d311af7fef7fe045a7
00000769d74d42ec679c2ed50c227427aa3edda9d18d434c67fc2ec9ca4d438d070f8005
0000079fc188c75d06e0769921997f5968e16d1fc748c6fd0680768fc01aba4ee4a07683
0000070f6c2cec240c26343877412aff7d80e84f6aeced840c46343f800ced9c0ac63425
0000072a219dbf4058ff2112e18b8f55d4f2421f6c30ec3b0c39f43f6c3f7ffb0c346005
000007407ae7299efd4088665746a2fe9f8890c4cc36043ab6319aa4cc25a70f7ff001a7
00000772a18b9f55d0f24303e18fcf4cc4f40612a74b9ef5d0924312a84fc01b20b24161
00000784619e2f40bcff180e6c34ac3a1c31b036375abaf99999514b4feb0e599993d001
000007125afba199df4940e2174fb2e4db8e01d25c3ba039df2940f25c4fc019e52f8015
00000723ac27dc3ec0288721faf7499ae5518e67cc26c436862296a7cc37786f7fe00527
0000074c1ae4319e3b58b9fe975092fb1381f3ce775caaf01d83305f801cab0f7ff01787
00000771b74b5ae5e1964f45c19e4740a6ef1e82774faae4dd8e00426eafc004ddb88911
0000079ce1880f5534e27a1f6c20ec370c22f43ce7480ef534827a0f80080ef4a3027a85
00000716574aa2e59f8e50ca0c25b43e5a30a1a281979742d2e78398eba8bf7c87f31681
00000723cc27c436c62286a13ae77986e9468d677756eafa8d9194477747847a8dc001c3
0000074f1af4f18a0b5db5f8974912f573926bcb9ae5d19e4358a7ff80162c7e43744605
00000769a18d5f5c60e02f15ec224c3fa420de29a74d5efc60802f0994cd5f2fc0002f33
0000079c419027433ee7f89e2c20bc27182ef138faf90981755f6a6f8019098300daa0e5
00000713574be2e5cf9e44c0018f3754faf20996bae2999f9158d376baef800fc0123815
0000072bfaedc98c454c2671574362efef94ccc30c37f43aca2985b5ce89a34fc0058ea1
0000074ebaf4998a115db37bdaf9c199475966eebc34982a113db37f8006de9bd00f7fe5
000007648c261436b2329bafbae4d99e0140b7648ae61596b2529bafc006198d33f29bb1
000007951ae2719fab48ddec9af4119a3349bbeae19d8f5054fb220a83dd8f4fc00754d1
000007198199574162f76f95ac225c27a02edf365ae2a1879f4ed0e792d424e79f498641
0000073d4180675f2ee0fc9c21983f4938fd791f0180f7470ae6f58f7ff03d5f7ff14407
0000075b6199ef414cff64106c232c37fc32c82efae48996155ab26efaf57d1615d58e01
0000076a4195a7425ee7a0922c23bc27d82ec13ef7408ae7159ef25ef751d30715f93701
000007835747e2fecf8884c0018f3754faea0981cc3f4430e63b0ea1cc2f00ac4b74b801
0000070bf75dcaf8459126514c2b643dee284ca34c2fe434ce2204b5becfc00eb7d00223
0000072ec19c874016ff329b2191ff5b48f9e50ec75c86e0169f329f7ffc86d30eef7fe5
00000747619eef408cf714086c252c267c3ea832e18b8f45d4fe42084ffc7a25d4e9ca01
0000076a5aeda18c5f4420f2174bb2fddb9841dea1809f4f10e4f31ea18f801f7ff08305
00000783ac27dc2ec0348721f74f4ae4e59e0e47c19ec75086fb1687c18f794c2c56a9e1
0000070c374c3ae43986395ecc208427162ef2a9975552ea639dafdf80138fea6398b6e5
00000730cc23043ff620caa73af6f99a89419570cae3059ff640cab12fe28a2fc000caa1
00000757019af7418ae75588a19d1f4070ef2b01cc3f4420e63f0eb8236f7fe0e6386005
0000076977456ae66d86ac544c32242bbe25d8a60c3eb4289a3511b5641eb42aba204363
0000079adae181975752e2f31ae3f19fcb48c5e98c2d542c62242fa98e4d542fc0002183
000007079ae6d19e835897e9974d52e4638e2fd66c3aac219c2f5029b52ca1fb695ad021
0000072db74c5af421823f5dc188475526e27e8db18c5b5421e23f5f7fed61341b423f65
0000075cec280c2534267a3f7af8e9990d41747ceae80d8534467a2f7ff95c56b0467a25
000007761af2b18b9b5dd1ea974d92fc539023d61c32b02b9b3dd1f93978cbbf7ffdd1c5
00000781baf7598ae14d8f65d74642fea7989ece3744bae6198eb14e37560e5f801a91a5
0000071cac301c2b3035fb3ff748cae5058e765e2180bf4f18ecf10fc0000d0f18f88f83
00000734219a3f41b8ef590eec248c26143eb234275a3ee1b88f591b94fa4221d33f7fe5
00000750574b22f5ff8248c6019eb7409ae7119b6c31ec3b4c31e43b6c5f801b4c400047
00000773ec2bcc25c436462177576af2ed838c540c2a3435ba2259b40c3ba4d5ba600463
0000078e3744baf6199ab15acc298435563262a54196674aaef59c9f80061a8aaee152a5
00000700d74f02e4f79e0ac70c36f4228a3795aafaed8984555e226afafe34e455d93c41
00000737c18ac75d86f05689219d7f5868e12d17c74ac6fd86905699869f7fee32305687
0000074f6184ef560ceab4186c292c257c36682abaf5999a5149a37f800674fa5164a605
0000076a419da7405eff20922c33bc2bd835c13ef7588ae9159d725ef749d32915f7b701
000007835af7e18acf5d84e01ae7319efb5089e1974752e6e3968fc19756cbbf80129fc5
00000a1038303830382fc7cfb06fb06fb0704f97d8b7d8b7d8a8275ffffffffffff7b080
00000a3821b821b821a7de5ec35ec35ec3413caed4aed4aed4b12b5ffffffffffff0b860
00000a4fad4fad4fad5052bffabffabffaa0054fad4fad4fad5052bffffffffffff052c1
00000a701af01af01aefe50845e845e845f7ba104ed04ed04ecfb13fffffffffffef3000
00000a88178817881797e8735f135f135f0ca0f366b366b366ac995ffffffffffffc3d61
00000a07ec07ec07ec1813f048104810480fb7f022b022b022afdd5fffffffffffff7a01
00000a3fd03fd03fd0202fdff07ff07ff0600f9fd03fd03fd0202fdfffffffffffe02fc1
00000a5821b821b821a7de5023502350234fdca034803480349fcb7fffffffffffff6441
00000a77ed37ed37ed2812d80a580a580a47f5a7e6e7e6e7e6f8191fffffffffffe7b5e0
00000a8039603960397fc68062e062e062ff9d0039603960397fc69fffffffffffeff005
00000a0ffbaffbaffbb00458077807780767f88ffbaffbaffbb0045ffffffffffff00ac3
00000a283dc83dc83dd7c2304b904b904b8fb47078107810780f87ffffffffffffef3961
00000a503e303e303e2fc1cfbc6fbc6fbc704397ea57ea57ea4815bffffffffffff76000
00000a7fa1dfa1dfa1c05e38139813981387ec6fa58fa58fa5905a7fffffffffffe00583
00000a8dce6dce6dce72318b8ccb8ccb8cd4732dce6dce6dce72319ffffffffffff23181
00000a0e332e332e3331cccc766c766c7673898e332e332e3331ccdffffffffffff1ccc1
00000a2fe9cfe9cfe9d0163823b823b823a7dc4fe9cfe9cfe9d0163ffffffffffff01fe1
00000a483ea83ea83eb7c15ccd7ccd7ccd63329cfc1cfc1cfc0303fffffffffffff28200
00000a6835c835c835d7ca304b904b904b8fb4706fb06fb06faf905fffffffffffff3881
00000a9fbe3fbe3fbe2041d80c580c580c47f3afba4fba4fba5045bfffffffffffe00123
00000a0fb12fb12fb1304edfc25fc25fc2403dafb12fb12fb1304edffffffffffff04ec1
00000a35c955c955c94a36ab828b828b82947d793bf93bf93be6c41ffffffffffff67881
00000a4faa4faa4faa5055bff4bff4bff4a00b4faa4faa4faa5055bffffffffffff055c1
00000a7122912291228edd6045004500451fbaf122912291228edd7fffffffffffffefe5
00000a97f437f437f4280bd298529852984d67a27be27be27bfd841fffffffffffed2f41
00000a0fe10fe10fe1101effb23fb23fb2204dcfe10fe10fe1101efffffffffffff01ee1
00000a3028d028d028cfd728118811881197ee702ad02ad02acfd53fffffffffffff8a61
00000a4ff66ff66ff670099fccdfccdfccc0332ff66ff66ff670099ffffffffffff009a3
00000a7113511351134eeca236a236a236bdc95113511351134eecbfffffffffffffefe5
00000a883aa83aa83ab7c55195519551954e6ab1be31be31be2e41dfffffffffffedc1c0
00000a07e527e527e5381ad02a502a502a4fd5a7e527e527e5381adffffffffffffff005
00000a3359535953594ca6a042804280429fbd7359535953594ca6bfffffffffffffefe5
00000a502a502a502a4fd5a834a834a834b7cb504d104d104d0fb2ffffffffffffef5d61
00000a6522e522e522fadd0a55ea55ea55f5aa07686768676878979fffffffffffe81000
00000a8837c837c837d7c8329fb29fb29fad6052c7f2c7f2c7ed381ffffffffffffce021
00000a002ec02ec02edfd12fed8fed8fed9012680ca80ca80cb7f35fffffffffffe79ac1
00000a32f612f612f60d09e03c203c203c3fc3d2f612f612f60d09ffffffffffffffefe5
00000a58209820982087df7031303130312fcec041404140415fbebfffffffffffff5e81
00000a7024d024d024cfdb2829a829a829b7d6503d903d903d8fc27fffffffffffff6f01
00000a88268826882697d97c2d3c2d3c2d23d2dc42fc42fc42e3bd1ffffffffffff367a1
00000a0834a834a834b7cb5019701970196fe6903cd03cd03ccfc33fffffffffffff3200
00000a34d5d4d5d4d5cb2a203ba03ba03bbfc454d5d4d5d4d5cb2a3fffffffffffffefe5
00000a502ed02ed02ecfd12ffdaffdaffdb002502ed02ed02ecfd13fffffffffffefd101
00000a7fd6bfd6bfd6a0295fbd7fbd7fbd60429fd6bfd6bfd6a0295fffffffffffe02961
00000a9025d025d025cfda2ffbaffbaffbb0045025d025d025cfda3fffffffffffefda21
00000a1edefedefedee1210dadcdadcdadd2523edefedefedee1211fffffffffffe12101
00000a2027402740275fd8a82e882e882e97d16045a045a045bfba5fffffffffffef5f61
00000a404a004a004a1fb5efa40fa40fa4105be7dc07dc07dc1823fffffffffffff7da41
00000a7030303030302fcfc8106810681077ef9030903090308fcf7fffffffffffef4f00
00000a8041804180419fbe67e327e327e3381cc014201420143febdfffffffffffff8d81
00000a0fcccfcccfccd0333fd9bfd9bfd9a0264fcccfcccfccd0333ffffffffffff03321
00000a3046904690468fb96fed0fed0fed1012f822f822f822e7dd1ffffffffffff78de1
00000a5034303430342fcbc8084808480857f7b02bf02bf02befd41fffffffffffff7f41
00000a6ff12ff12ff1300edfc25fc25fc2403daff12ff12ff1300edffffffffffff00ec3
00000a9019701970196fe68fc2cfc2cfc2d03d37cbf7cbf7cbe8341ffffffffffff7dea0
00000a17db17db17db0824f036303630362fc9d7db17db17db0824ffffffffffffeff005
00000a3128912891288ed76251025102511daef128912891288ed77fffffffffffffefe5
00000a496409640964169be2c822c822c83d37c41bc41bc41bdbe43fffffffffffeb9201
00000a6fd0efd0efd0f02f1841f841f841e7be0fd0efd0efd0f02f1ffffffffffff03141
00000a8037a037a037bfc84fff6fff6fff70008037a037a037bfc85fffffffffffffc841
00000a102dd02dd02dcfd2281b881b881b97e47038303830382fc7dfffffffffffef7561
00000a20fe40fe40fe5f01a1eca1eca1ecbe1340fe40fe40fe5f01bfffffffffffefefe5
00000a48228822882297dd7f753f753f75208adf87df87df87c0783ffffffffffff01ba1
00000a68248824882497db7039303930392fc6d04c104c104c0fb3ffffffffffffef5a81
00000a97c4f7c4f7c4e83b1ca9dca9dca9c3562c5d2c5d2c5d33a2dffffffffffff32500
00000a0047004700471fb8e7ee07ee07ee1811e024c024c024dfdb3fffffffffffef8541
00000a2498049804981b67e9300930093016cfe5b8c5b8c5b8da473fffffffffffe9f501
00000a4040004000401fbfefd02fd02fd0302fc800e800e800f7ff1fffffffffffe7a401
00000a7fa09fa09fa0805f77d117d117d1082eef616f616f61709e9ffffffffffff02d21
00000a8fb46fb46fb4704b9fb8ffb8ffb8e0470fb46fb46fb4704b9ffffffffffff04b81
00000a1013d013d013cfec2037a037a037bfc85013d013d013cfec3ffffffffffffff005
00000a302ed02ed02ecfd1281d881d881d97e2703c903c903c8fc37fffffffffffff62a1
00000a4016601660167fe987cce7cce7ccf8330016601660167fe99fffffffffffefefe5
00000a6023c023c023dfdc2fc78fc78fc7903867da47da47da5825bffffffffffff7b9c1
00000a981e781e781e67e19d9cdd9cdd9cc2632dab6dab6dab72549fffffffffffe1fac0
00000a067326732673398cccf64cf64cf65309ab588b588b5894a77ffffffffffff44681
00000a23c903c903c91c36e79207920792186de34a434a434a5cb5bffffffffffffc5121
00000a4048004800481fb7e7f027f027f0380fc028c028c028dfd73fffffffffffef8201
00000a6320e320e320fcdf0011e011e011ffee0320e320e320fcdf1fffffffffffeff005
00000a9fe7dfe7dfe7c0183faf9faf9faf80507fe7dfe7dfe7c0183fffffffffffe01821
00000a102e502e502e4fd1afdcafdcafdcb02357fa77fa77fa68059fffffffffffe7a2e0
00000a30f290f290f28f0d6035203520353fcad0f290f290f28f0d7fffffffffffffefe5
00000a5fe49fe49fe4801b7fd93fd93fd92026dfe49fe49fe4801b7fffffffffffe01b61
00000a7e54de54de54c1ab2039a039a039bfc6567d967d967d89827ffffffffffff92f01
00000a98269826982687d9752d152d152d0ad2e542c542c542dabd3fffffffffffea69e1
00000a08146814681477eb9938d938d938c6c7393c593c593c46c3bffffffffffff65fc0
00000a24d304d304d31b2ce9a629a629a63659c6686668666879979ffffffffffff930e1
00000a4038a038a038bfc74fc14fc14fc1503ea7e9e7e9e7e9f8161fffffffffffe7b001
00000a7fd57fd57fd5602a9feadfeadfeac0153fd57fd57fd5602a9fffffffffffe02aa1
00000a931b131b131b0ce4e046004600461fb9f31b131b131b0ce4fffffffffffffff005
00000a1048104810480fb7e7e007e007e0181ff018d018d018cfe73fffffffffffff9501
00000a2040004000401fbfe7f027f027f0380fc020e020e020ffdf1fffffffffffef8401
00000a4040804080409fbf6fe10fe10fe1101ee8116811681177ee9ffffffffffff77d41
00000a7014701470146feb8848c848c848d7b7304c704c704c6fb39fffffffffffff57e0
00000a8013601360137fec8026c026c026dfd92013601360137fec9fffffffffffeff005
00000a17db17db17db0824f116311631162ee9c0dfa0dfa0dfbf205fffffffffffeed181
00000a2018e018e018ffe70841e841e841f7be004a604a604a7fb59fffffffffffef3000
00000a4837c837c837d7c8304f904f904f8fb07077b077b077af885fffffffffffff2c41
00000a77fe37fe37fe2801d63c763c763c69c3862a462a462a59d5bfffffffffffe92000
00000a88f1e8f1e8f1f70e01f3e1f3e1f3fe0c02d5a2d5a2d5bd2a5fffffffffffe00000
00000a07cfc7cfc7cfd8302f8faf8faf8fb0704f4f2f4f2f4f30b0dffffffffffff057e0
00000a203ea03ea03ebfc1480d680d680d77f2803c003c003c1fc3ffffffffffffef4200
00000a41f5c1f5c1f5de0a204b804b804b9fb461f5c1f5c1f5de0a3fffffffffffefefe5
00000a77ee17ee17ee0811f03c303c303c2fc3c019401940195fe6bfffffffffffff91e1
00000a9830b830b830a7cf5d717d717d71628e8d920d920d92126dfffffffffffff1e700
00000a0045804580459fba6fab0fab0fab1054e7de27de27de3821dffffffffffff7d161
00000a3fdc3fdc3fdc2023dfe85fe85fe84017bfdc3fdc3fdc2023dfffffffffffe023c1
00000a50b130b130b12f4ec162616261627e9d90b130b130b12f4edffffffffffffff005
00000a6fa98fa98fa990567fe31fe31fe3001cefa98fa98fa990567ffffffffffff05661
00000a9fec5fec5fec4013bfb8bfb8bfb8a0475fec5fec5fec4013bfffffffffffe013a1
00000a1022d022d022cfdd2825a825a825b7da5038903890388fc77fffffffffffff7081
00000a2fe6cfe6cfe6d0193fddbfddbfdda0224fe6cfe6cfe6d0193ffffffffffff01921
00000a5c56bc56bc56a3a948bd68bd68bd77429d02dd02dd02c2fd3ffffffffffff27200
00000a6015e015e015ffea083bc83bc83bd7c4203fc03fc03fdfc03fffffffffffef5d00
00000a8fcf0fcf0fcf1030f7ee17ee17ee0811ffadffadffade0521ffffffffffff00da3
00000a06b866b866b879478d70ed70ed70f28f0c192c192c1933e6dfffffffffffe34000
00000a2833c833c833d7cc3bc79bc79bc784387bea5bea5bea4415bfffffffffffe3a9c1
00000a4ffe6ffe6ffe700197ccf7ccf7cce8330ffe6ffe6ffe70019ffffffffffff01e00
00000a6873e873e873f78c0017e017e017ffe8007ac07ac07adf853fffffffffffff1000
00000a904f904f904f8fb06fff2fff2fff3000d04f904f904f8fb07fffffffffffefb061
00000a101cf01cf01cefe30ff9eff9eff9f006101cf01cf01cefe31fffffffffffefe301
00000a3027d027d027cfd8282fa82fa82fb7d05047d047d047cfb83fffffffffffff5820
00000a4fae8fae8fae90517fad1fad1fad0052efae8fae8fae90517ffffffffffff05181
00000a78045804580447fbb9f8b9f8b9f8a60749eb69eb69eb76149ffffffffffff5bb61
00000a87d2c7d2c7d2d82d2035a035a035bfca47d2c7d2c7d2d82d3fffffffffffeff005
00000a1fe6dfe6dfe6c0193fcd9fcd9fcd80327fe6dfe6dfe6c0193fffffffffffe01921
00000a3456745674566ba9802cc02cc02cdfd33456745674566ba99fffffffffffffefe5
00000a5fb37fb37fb3604c9fd6ffd6ffd6e0291fb37fb37fb3604c9fffffffffffe04c81
00000a7fdbffdbffdbe0241837d837d837c7c83fdbffdbffdbe0241fffffffffffe027e1
00000a804f004f004f1fb0efde2fde2fde3021c81de81de81df7e21fffffffffffe79721
00000a1fa89fa89fa880577fa11fa11fa1005effa89fa89fa880577fffffffffffe05761
00000a3024502450244fdba838a838a838b7c7504b704b704b6fb49fffffffffffef5b61
00000a4f12ef12ef12f0ed0015e015e015ffea07186718671878e79fffffffffffe86000
00000a7027d027d027cfd82faf8faf8faf905077c797c797c788387ffffffffffff7d421
00000a902e502e502e4fd1afcc8fcc8fcc903377ea57ea57ea4815bfffffffffffe7b221
00000a12f232f232f22d0dc024402440245fdbb2f232f232f22d0ddffffffffffffff005
00000a37e137e137e1281ed012701270126fed97e137e137e1281edfffffffffffefefe5
00000a5fd9ffd9ffd9e0261fe3dfe3dfe3c01c3fd9ffd9ffd9e0261fffffffffffe02601
00000a77ff57ff57ff4800b44eb44eb44eabb1443ea43ea43ebbc15fffffffffffeb75a1
00000a803aa03aa03abfc548056805680577fa802e402e402e5fd1bfffffffffffff3c00
00000a09e589e589e5961a603b203b203b3fc4c20e420e420e5df1bffffffffffffda0c1
00000a303cb03cb03cafc34fb96fb96fb9704697e4f7e4f7e4e81b1ffffffffffff79200
00000a5fa5dfa5dfa5c05a3feb9feb9feb80147fa5dfa5dfa5c05a3fffffffffffe05a21
00000a759e159e159e0a61e03c203c203c3fc3d59e159e159e0a61ffffffffffffffefe5
00000a9cb0dcb0dcb0c34f297189718971968e7e12be12be12a1ed5ffffffffffff182e1
00000a08166816681677e99b8cfb8cfb8ce4731b91bb91bb91a46e5ffffffffffff3d000
00000a2ff3eff3eff3f00c1fe7dfe7dfe7c0182ff3eff3eff3f00c1ffffffffffff00c03
00000a57df17df17df0820f04e104e104e0fb1e01de01de01dffe21fffffffffffef9b41
00000a7028502850284fd7a8208820882097df7038303830382fc7dfffffffffffef72e1
00000a8fb22fb22fb2304dd8045804580447fbbfa61fa61fa60059ffffffffffffe00323
00000a0011601160117fee87c2e7c2e7c2f83d0011601160117fee9fffffffffffeff005
00000a2feb8feb8feb90147fb73fb73fb72048cfeb8feb8feb90147ffffffffffff01461
00000a522cf22cf22cedd30459e459e459fba6122cf22cf22cedd31ffffffffffffff005
00000a6037a037a037bfc84fff6fff6fff70008037a037a037bfc85fffffffffffffc821
00000a9b9ddb9ddb9dc462203ba03ba03bbfc453c9b3c9b3c9ac365ffffffffffffbe621
00000a1ffebffebffea0015fdd7fdd7fdd60229ffebffebffea0015fffffffffffe00143
00000a3825b825b825a7da5f7b5f7b5f7b4084af8f4f8f4f8f5070bfffffffffffe012c1
00000a4ddd6ddd6ddd7222802ac02ac02adfd525f7c5f7c5f7da083fffffffffffe9a340
00000a7ebb5ebb5ebb4144ad66ad66ad66b2995ebb5ebb5ebb4144bfffffffffffe144a1
00000a884ac84ac84ad7b53035b035b035afca506e106e106e0f91ffffffffffffef4181
00000a1fc69fc69fc6803977ed37ed37ed2812cfa2efa2efa2f05d1fffffffffffe00bc3
00000a2044804480449fbb6fd92fd92fd93026c80c080c080c17f3fffffffffffff79a61
00000a5fe4dfe4dfe4c01b38199819981987e66fedcfedcfedd0123fffffffffffe000c3
00000a6ff66ff66ff670099fccdfccdfccc0332ff66ff66ff670099ffffffffffff00983
00000a9023502350234fdca8268826882697d97039903990398fc67fffffffffffff64c1
00000a0fca4fca4fca5035b8249824982487db7fdd5fdd5fdd4022bfffffffffffe00043
00000a28024802480257fdb044904490448fbb7036703670366fc99fffffffffffef5401
00000a58025802580247fdb034b034b034afcb4026602660267fd99fffffffffffff7181
00000a7042904290428fbd6fa50fa50fa5105af7d7b7d7b7d7a8285ffffffffffff7cae1
00000a9034303430342fcbc8186818681877e7903b903b903b8fc47fffffffffffff0000
00000a0011e011e011ffee0833c833c833d7cc2035c035c035dfca3fffffffffffef5f00
00000a203f203f203f3fc0cfee4fee4fee5011a81de81de81df7e21fffffffffffe78ce0
00000a5439343934392bc6c012601260127fed9439343934392bc6dffffffffffffff005
00000a7839d839d839c7c63033b033b033afcc405ce05ce05cffa31fffffffffffef5121
00000a9f2edf2edf2ec0d1203da03da03dbfc2575cf75cf75ce8a31ffffffffffff85121
00000a1936f936f936e6c9002dc02dc02ddfd23153d153d153ceac3ffffffffffffe3900
00000a39d739d739d72628c02e402e402e5fd1b1f4f1f4f1f4ee0b1ffffffffffffda0e0
00000a5019701970196fe687c2e7c2e7c2f83d1019701970196fe69ffffffffffffff005
00000a66ebc6ebc6ebd9142dc7adc7adc7b2384ca1cca1cca1d35e3fffffffffffe2f820
00000a8fae8fae8fae90517fad1fad1fad0052efae8fae8fae90517ffffffffffff05161
00000a18045804580447fbb2f8b2f8b2f8ad0742eb42eb42eb5d14bffffffffffffcc1c1
00000a2832a832a832b7cd57a557a557a5485ab7c7d7c7d7c7c8383ffffffffffff7cb20
00000a4fc50fc50fc5103affea1fea1fea0015efc50fc50fc5103afffffffffffff03b01
00000a7048104810480fb7eff02ff02ff0300fd048104810480fb7ffffffffffffefb7e1
00000a9040904090408fbf6ff12ff12ff1300ed040904090408fbf7fffffffffffefbf61
00000a17c4f7c4f7c4e83b1a09da09da09c5f629bd29bd29bd3642dffffffffffff5c500
00000a27e727e727e73818d02e502e502e4fd1a7e727e727e73818dfffffffffffffefe5
00000a5fb97fb97fb960469fc2dfc2dfc2c03d3fb97fb97fb960469fffffffffffe04681
00000a704b104b104b0fb4e7f627f627f63809d02f902f902f8fd07fffffffffffff7b01
00000a8728a728a728b8d74021402140215fdea728a728a728b8d75fffffffffffeff005
00000a1035303530352fcac81a681a681a77e5903e303e303e2fc1dfffffffffffff5c80
00000a2829a829a829b7d656235623562349dcb63c763c763c69c39ffffffffffff969c1
00000a48ad08ad08ad1752e14a014a014a1eb5e1e6e1e6e1e6fe191fffffffffffedc9c1
00000a6028402840285fd7a830a830a830b7cf4048404840485fb7bfffffffffffff61a1
00000a8042804280429fbd6fa50fa50fa5105ae7d787d787d798287fffffffffffe7c2e1
00000a18147814781467eb9a18da18da18c5e72a1c4a1c4a1c55e3bfffffffffffe57fc0
00000a27e327e327e3381cd016701670166fe987e327e327e3381cdfffffffffffffefe5
00000a58199819981987e67513351335132aecc51b451b451b5ae4bffffffffffffa90c1
00000a604c804c804c9fb367d907d907d91826e014801480149feb7fffffffffffef84e1
00000a88146814681477eb9668f668f668e997166c166c166c0993ffffffffffffe91c00
00000a0fb3afb3afb3b04c57f757f757f74808bf9a3f9a3f9a2065dfffffffffffe00063
00000a27dd07dd07dd1822f91a391a391a26e5d8e6d8e6d8e6c7193ffffffffffff6c101
00000a4478c478c478db872031a031a031bfce4478c478c478db873fffffffffffefefe5
00000a7046904690468fb967ed27ed27ed3812d022d022d022cfdd3fffffffffffff8381
00000a8d14cd14cd14d2eb2049804980499fb6654de54de54dfab21fffffffffffea6ee1
00000a17f637f637f62809d1ac71ac71ac6e538190a190a190be6f5fffffffffffedf100
00000a2ff1aff1aff1b00e58037803780367fc8ff1aff1aff1b00e5ffffffffffff023c1
00000a402dc02dc02ddfd2282ba82ba82bb7d44049a049a049bfb65fffffffffffef6601
00000a663ea63ea63eb9c1402d402d402d5fd2a63ea63ea63eb9c15fffffffffffeff005
00000a9ff57ff57ff5600a984ad84ad84ac7b53ff57ff57ff5600a9fffffffffffe00b63
00000a07db07db07db1824fba63ba63ba62459db6f9b6f9b6f84907ffffffffffff43b01
00000a2038a038a038bfc74fc14fc14fc1503ea7e9c7e9c7e9d8163fffffffffffe7a020
00000a5045104510450fbae7fa27fa27fa3805d02d302d302d2fd2dfffffffffffef7ee1
00000a6028c028c028dfd72ff1aff1aff1b00e4028c028c028dfd73fffffffffffffd701
00000a98a6f8a6f8a6e759014dc14dc14ddeb231e3f1e3f1e3ee1c1ffffffffffffdb480
00000a0fc74fc74fc75038b83eb83eb83ea7c14fc74fc74fc75038bffffffffffff03c01
00000a2fbaefbaefbaf0451fc5dfc5dfc5c03a2fbaefbaefbaf0451ffffffffffff04501
00000a5017701770176fe8884ec84ec84ed7b13055905590558faa7fffffffffffef3380
00000a680b680b680b77f49026d026d026cfd9301fb01fb01fafe05fffffffffffef73c0
00000a97fb57fb57fb4804b5d6b5d6b5d6aa2945bf05bf05bf1a40fffffffffffff9f341
00000a003aa03aa03abfc547f547f547f5580aa01e001e001e1fe1ffffffffffffff78e0
00000a27f547f547f5580ab6dab6dab6daa92556bed6bed6bec9413ffffffffffff8f1c1
00000a402ac02ac02adfd52fa58fa58fa5905a67be67be67be78419ffffffffffff7c6a0
00000a7036303630362fc9cfec4fec4fec5013b8101810181007efffffffffffffe782a0
00000a97e137e137e1281ed022502250224fddb7e137e137e1281edfffffffffffeff005
00000a1019701970196fe68fd2efd2efd2f02d17db97db97db88247ffffffffffff78000
00000a384bf84bf84be7b41027d027d027cfd82061a061a061bf9e5fffffffffffff1800
00000a57ef37ef37ef2810d02e502e502e4fd1b7ef37ef37ef2810dfffffffffffefefe5
00000a78097809780967f69022d022d022cfdd201be01be01bffe41fffffffffffef8ea0
00000a904b104b104b0fb4e7e607e607e61819f01fd01fd01fcfe03fffffffffffff9821
00000a08186818681877e79020d020d020cfdf3029702970296fd69fffffffffffff76e0
00000a3023502350234fdcafa68fa68fa6905977b997b997b988467ffffffffffff7e4a1
00000a5b0a5b0a5b0a44f5a6148614861499eb790d790d790d66f29fffffffffffe60000
00000a67e207e207e2181df0d410d410d40f2bf0a510a510a50f5affffffffffffef0b41
00000a87f027f027f0380fd010701070106fef87f027f027f0380fdffffffffffffff005
00000a1fd1bfd1bfd1a02e5fe35fe35fe3401cbfd1bfd1bfd1a02e5fffffffffffe02e41
00000a380d780d780d67f2940ad40ad40acbf52407c407c407dbf83fffffffffffeb9340
00000a480b680b680b77f49026d026d026cfd9301fb01fb01fafe05fffffffffffef73c0
00000a780b780b780b67f49356d356d356cca9234fa34fa34fbcb05ffffffffffffc43c0
00000a8d6b6d6b6d6b72948016e016e016ffe9056fe56fe56ffa901fffffffffffe9f000
00000a184bf84bf84be7b41027d027d027cfd82061806180619f9e7fffffffffffff2c00
00000a3b6f5b6f5b6f4490a04e804e804e9fb173ad13ad13ad0c52ffffffffffffec0a41
00000a5b7a3b7a3b7a2485c6f446f446f4590bba5d5a5d5a5d45a2bffffffffffff53360
00000a6be10be10be1141ee7d207d207d2182deba3eba3eba3f45c1fffffffffffe40a81
00000a8fd86fd86fd870279840d840d840c7bf2fd86fd86fd870279ffffffffffff02a61
00000a07f347f347f3580cb036b036b036afc95019f019f019efe61fffffffffffff92c1
00000a384ad84ad84ac7b53045904590458fba607e407e407e5f81bfffffffffffff1b41
00000a58167816781667e9901cf01cf01cefe30021802180219fde7fffffffffffff5800
00000a7823b823b823a7dc5017701770176fe8802a602a602a7fd59fffffffffffef6080
00000a9fed9fed9fed80127fdb3fdb3fdb2024dfed9fed9fed80127fffffffffffe01261
00000b0eac349c221027b333f753cae3c58fc640e1970f42f4ff8a1ab4770f42f4ef3301
00000b302c2b3c2df82c4926fae6899e9558927961816f4f6cecec196189d67feffc9b45
00000b58019137437af7e992a1839f4fd0e4c30df7444aee2584be4df7444ace25942001
00000b696c3d6c306c332c2c7af429823d5fb87f0c20f4370a3af5bf0c09a6970a3a89c1
00000b9a0191b7435ae7e19aa1919f4350efe3175752e2e38f9fd4ccb332e2e38f8f4001
00000b1961916f436cefec00618f2f5cfcf0081967516ee36c8fec196758ae987a0fec01
00000b2e774caaec1d8c305a4191a7435effe08e718cab4c1dec305fefecab2c1dffefe5
00000b42f74f8afcd580025f4190e7430ee7f482f18f8b5cd5e0025a498f8b3cd6000523
00000b62e18f8f5cd4f0020f6194ef420ce7b402e74f8efcd490020a534f8efcd4900223
00000b8e7af4a9821d5fb0665aeea19c9f5010f60c32b4239a37d1ace6bb5bf6ccb776c1
00000b12975392e3d38fc3c3818fd75cc2f0079291939343d3efc3d2919b7b78a70fc3c1
00000b21e18f4f54e4e20e1961916f436cffec00faef0994f54a0a73532f0974f5499001
00000b52774baafddd8040564c2aa43d9e2050b2718bab5ddde04052718e60efefe04045
00000b72daf38193d743c2f31753f2e3cb9fc5c42c363c32b82b99242c563c12b83b4101
00000b93a18bdf5dc0e04711e18b4f5de4e04e13a74bdefdc0804713a74f3e8ff0004705
00000b00618f2f5cfce0080e6194af421ce7b000674f2efcfc800806d32f2efcfc800881
00000b266c2eac3c9c30103a7af1a9835d47e0666aeead9c9c501038f78ead7c9c501861
00000b4e1aecb19c1b5031e69aee919c934013ee1c2cb03c1b3031ee1c2fefefeff03205
00000b758c2a543da2205fb5baf25983a147df71974b52fde3904fc357ab52fde39005e3
00000b8d018c775c2af03d9cac281c3d30307b2d074c76fc2a903d9ff00ca74ff0103d85
00000b01574f62fcef900cc40c2e343cba2019a1518f635ceff00cc1518ff00ff0100cc7
00000b23d74fc2fcc78006dd0c3074232a27fda3d18fc35cc7e006d8f46fc33cc7e01321
00000b47d74ec2fc879816cd019c77502aeb3d9b5af9e1914f4b64ece97ff004c3bae905
00000b77ec32cc23843fd62d7aec699c2d503c6ab74d9afc5198235d778d9afc5187c7a1
00000b8a018db75c5ae02186ac2e9c3c9020132a074db6fc5a80218a074ff00ff0002185
00000b154c2a643dae205cb0374b3afdf98049554aea659dae405cb54aedb0eff0005ca5
00000b2f218cff4408e63518e1890f4d74fc6a0e2184bf5618eab11fefee1e89903a3005
00000b4461962f5abcf198166c32ac239c3fd03c77582af93d99785c77782af93db8f001
00000b6a5745a2ee5f8ca0d60c32b4239a3fd1aa5185a34e5feca0ca5185a34e601fefe5
00000b87d74ec2fc878816c10c2f7434ea2a0daf3aecf994095a356f3aeff0098339d425
00000b0bdaedc19c475826ed174c72fc2b803ddf1748f2fd0b8075cff00ff00ff0001f05
00000b2fac34dc220037b72df7544afa2581be433757fafac981854feff7fadac9913385
00000b4c2c2c3c3c3830392efaec899c1540326c2aec3d9c3850392fefefefefeff03945
00000b780c2134277a26e9aebaf49982115fb3699ae55186634eaffed7855186636e5b21
00000b851aee719cab481df0975312e3f38fcbc51c2e703cab281de51c2e703cab2ff005
00000b19a1915f4360efef01e18f4f5ce4f00e19a7515ee3608fef19a758be98560fef01
00000b246c2e2c3cbc2018367aeaa99d9d4050646aee2d9cbc4018246acfefefefe01825
00000b461aeeb19c9b4811f29af39193d34bc3fbdaf1c193475be6fbdb1a5348807b9581
00000b798191574362f7ef81a18f5f44e0ee0f01c18f4744e6ee0e93332f4744e71d6001
00000b916c336c23ec37cc3c7ae8299d3d407877018af75d8ae05597018af75d8ae00143
00000b0e1af4b1821b5fb1e2974f92fcd39003ce1c34b0221b3fb1ee1c3c54b700bfb1e1
00000b31b7535ae3e18fcf51c18b475de6f04e891aed719c6b482de91aed717c6b47a701
00000b4cfaec098c354c3a735753e2e3cf9fc4ccfc2c082c352c3a6cfc0c080c353ff005
00000b7aac319c3b5021e337f752caf38593d65aaaf19d9b5041e32a9c119d7b5021e321
00000b8c3af43982395fb962d74f82fcd79002cc3c343822393fb96c3c3bce37229fb961
00000b04baee199cb1401b6bd74dc2fc478026c4bc2e183cb1201b68a38ff00ff0001b65
00000b28bafd199071432b77daeac185875656e6b7569afa91819358a69febfa91913461
00000b588c39143972396bafbaf4d982015fb7788af9159972596bbff0191599726fefe5
00000b71174b72fdeb804dd48c2a143db2205bb1118b735debe04dd1116d97cff0004de5
00000b9ddaf84191274b7ef91ae171876b56edfd6c286c352c2a7c2f06a86c352c3a2661
00000b0f9af4d182035fb7e1974f52fce3980fd7ac32dc23803fd729439c34b6f78f8201
00000b2dac2c5c3c20303f39faf149836547ee6d374c7afc29803d5fb78c7adc29900123
00000b58019137437affe98aa18d9f5c50f02305faee499ca5581e7ab34e497ca5779801
00000b7177536ae3ed8fcc5c419027433ef7f8970c32f4238a2fd5b70c12f4038a5f1001
00000b9ae1918f4354ffe20f6194ef420cf7b40bc195c74246ffa69ff015c74246e00005
00000b166c32ac239c3fd0367752aae39d97d04e5754a2e21f9fb0ce5754a2e21f9f57e1
00000b32374bbaedd99c4156cc328423963fd2b2318bbb4dd9fc4152316bbb2dd9efefe5
00000b40d74f02f4f7820ac3018ff74ccaf40580d18f0354f7e20ac0d18ff819d3c20ab1
00000b77f752cae38597d6554c2a643dae205cb28c2b943dd22043a5548b943dd2300223
00000b96c19a875996f1528f2c24fc360832b536c75a86f99691529dfeda86f996915281
00000b174c32e4238e3fd4a8374d3afc79902946574ea2fc9f9810d7946ea2fc9f97be81
00000b37218aff4588e65518e1910f4374ffea162c2abc25982e5128132abc05982dd001
00000b40774f2afcfd80085e4190a7431ee7f080718f2b5cfde00856c98f2b3cfe0010c1
00000b76ec2a8c3d94305233774beafdcd804456eaea8d9d94505236eace87aff0105225
00000b962c2abc3d98205126faee899c954012762aeabd9d984051362aeff00ff0005125
00000b18019137437aefe98ea18c9f5c10f83318075136e37a8fe99eb335e6d79c7ff005
00000b2d61946f422cf7bc106c2b2c2dfc244827374efaec89841547372efacc8983a201
00000b52418ba75ddef0408e218cbf5c18e831020187b75edae08198734fefefeff00405
00000b6f6194ef420cf7b4146c322c23bc2fd825f7564ae2a58f9e5bded64ac2a5af1801
00000b86574ea2fc9f8810d60c32b4239a2fd1a6518ea35c9fe810c6518ea35c9feff005
00000b0fdaf4c182074fb6ed1aec719c2b503de30c2ff43cca2805aff00ff81cca27a155
00000b33974bd2fdc38047d98191574362e7ef93b74bdafdc1904745296bdaddc1800103
00000b4dfaec499c25503e6d5aec619c2f403cedfc2c483c25303e6fefefefefeff03e85
00000b768c329423922fd3b7baead99d8150576d7aec699c2d483c6d7b0c699c2d57d2e1
00000b910c337423ea27cdacbaf41982315fbb640c363422ba2f99b5d7b63422ba2f3201
00000b0d1aec719c2b403de0974f12fcf3800bcd1c2c703c2b203ded1c2ff00ff0003de5
00000b2dac345c222027bf2dfaf44982254fbe613af77982e95f8d6feff77962e94f15a5
00000b48174d32fc7b8029c2818f975cd2e00388118d335c7be029c8118fefefefe029c5
00000b75f7524ae3a587de514c336433ee2bccacbaf41992315bbb6cbb141972315b5421
00000b86d74e82fc979812df0c28f4250a2e75a421863f46b8ee991df46f87d9b33e35e1
00000b13c193c75bc6f9c68521967f52a8f39d1f7af8e9890d55747f7af8e9890d44d001
00000b376c2aec3d8c3054387af129837d47e871f74b4afde5804e47f78b4adde5900343
00000b561ae2b1979b52d1f2975392e3d39fc3cbc185c75646faa68bc185c736471a4be1
00000b61ac275c26e0268f31f7534ae3e59fce59174972e56b8e6dd9174972e56bae0501
00000b8c3aec398c3944397ed74882fd179872cd2c247c2e2824bd3ff00cce3ff01463a5
00000b18a1911f4370ffeb0fec2ccc3c0430362ed74c82fc179832dff00c82fc1797b505
00000b285afd21807f4f28f6174ab2e59b9e51c85c3d20207f2f28e85c1fe4a07f3fefe5
00000b53b74bdafdc190475dc190474326e7fe97ec2acc3d84205629896acc1d845000a3
00000b6ce1940f4234f7ba0f618cef440ce634027aefa984dd46006ff00fa984dd659005
00000b9a7af1a9835d57e0725753a2e3df8fc0ce0194b7421aefb18e0194b7421aef56e1
00000b0ab74d9afc51802353c18bc75dc6e0468ab18d9b5c51e0234ab18ff00ff0002345
00000b20ec2f0c34f42a0a27774eeaec8d94144e618caf441ce6300e618feff99295e105
00000b562c32bc23983fd122f74f8afcd59002562af2bd83985fd1362b1a57b8805fd121
00000b7037533ae3f98fc95ec190874316f7f29121937f43e8efcd0709937f23e91f5901
00000b90f7530ae3f59fca4b418de75c4ef024825aefa19cdf5800f4496fa19cdf577e01
00000b1afaf189835547e277574ae2f58f8254d3baebd995c152476a638bd995c141ed21
00000b2ebaf49982115fb367d74ec2fc879816d4a1921f43b0ffdb0ea39b6e16a94f8181
00000b44ac2e1c3cb0301b33f74bcafdc5804644aaee1d9cb0501b24aacfefefeff01b45
00000b743aea399db940596adaed819c574822e12c277c3ee8308d37268fcc0ff0003a05
00000b948c321423b23fdbb7baf2d9838157d7735753e2e3cf9fc4c457b3e2e3cf9f7241
00000b151aea719dab505de49aee119cb3401bf51c2a703dab305df51c2ff00ff0105de5
00000b398191574362efef89a18d5f5c60f02f09cc2d443c66282ebb332d441c6627ac01
00000b5177536ae3ed8fcc5c419027433ef7f8970192f7438aefd5970192f7438aff6081
00000b62f74f8afcd59002434c2fe43cce2804a2f18f8b5cd5f00242f1aff00ff0100807
00000b82d74f82fcd79002df0c30f4230a27f5a2d18f835cd7f002d9f46f835cd7f00683
00000b0fdaf4c182075fb6e1174f72fceb980dd71af2f1838b5fd5e9039c44b7041f8381
00000b2fbaf4d982015fb771d74b42fde7904ec7d74ec2fc879816d9a38ec2dc8797b261
00000b50b7531ae3f18fcb5fc190c74306f7f696ac329c23902fd32889729c23903f4201
00000b78e1810f4774f6ea176c32ec238c3fd4366182af479cfed0085ee2af479d0e7681
00000b9a4c39a4215e2760b63ae2b987995ed172daeb8185d74e42e897ab8185d74dfa41
00000b13175bf2f1cb9b45d88191174372ffeb93119bf351cbfb45c3a97bf351cbeff005
00000b31e18b4f5de4e04e0d61946f422ce7bc04faee099cb5501a77532e097cb5500021
00000b52774baafddd9040424c2fa43cde2800b6418aa75d9ee0509641afefefeff00647
00000b6adaed819c575822e31757f2f2cb8b85cc21943f5238ebb90c21bd84a7341b6501
00000b97baf2d9838157d765daee418ca74c1ee3f74fcaecc58c0655a6afcaecc59ba361
00000b188191174372ffeb8fac34dc220037b72e8c349422123fb3bff0149422122f4fc5
00000b31575362e3ef9fccdc0c3034233a37f9b7baf2d983815fd777bad2d963815f7681
00000b47daeec19c875016ed1aec719c2b403de7dc2ec03c873016ed068fefefeff01705
00000b7f8c30d4230227f7adbaf45982214fbf739af3d183c35fc7ffeff3d163c37f76c5
00000b950c22742faa2cddacbaf4199a3159bb68018537467aeea999d7a5375ff00e3425
00000b050c2e743caa301dacbaec199c31403b650aee759caa501da9d7aff00ff0101da5
00000b21018f775ceae00d8cac341c223027bb21074f76fcea800d85becf76dcea800ee3
00000b414c2f643cee380cb837593af1798b6943e197cf52c4eb8603e17ff006781b32e5
00000b7b2191ff4348ffe510ec330c23f437ca323753bae3d99fc1441ef3bac3d9bf4b01
00000b845af6218abf5d98f21753b2e3db9fc1c45c36202abf3d98e45c36202abf2ff005
00000b13b753dae3c187c751c19b4759e6e94e8be19dcf5844f9260be19dcf5844e8b481
00000b34f7520ae3b597da4f4c2ce4340e2a34aa4c2da4345e2a20bc546da4145e39c2c1
00000b5ac181875f56f8e29b2191ff4348ffe51ac74186ff5698e28df32186df56afefe5
00000b736c3bec21cc27442c7af429823d5fb861faff4980e54f0e77f79f4960e57ea221
00000b96018ab7559aea5196ac329c23903fd336074ab6f59a8a5196074ab6f59a9ff005
00000b0141876756eee28c9821913f4378ffe903f747caf6c58a8643f747caf6c599e001
00000b2f6194ef420ce7b4146c322c23bc2fd825f7564ae2a59f9e5bded64ac2a59f1801
00000b525753a2e3df8fc0c60c2eb43c9a3011baec318c235427e23aec5a67d889d784e1
00000b7fc190c74306e7f681219f7f58e8e90d07775eeaf88d991458f33eead88d88a201
00000b937753eae3cd9fc45c419027433ef7f891ac335c23e03fcf27c9735c23e03f4e01
00000b06faee899c95501267574ee2fc8f8814cfb74cdafc0180374fb74ff00ff0100267
00000b2ea18c9f5c10f83317ec32cc23842fd62ea74c9efc1098330e8f6c9edc109fefe5
00000b50418b275dfee04892218bbf5dd8e04110474b26fdfe804890474ef6afefe04885
00000b7b6189ef554ce2641861912f437cffe815e18a4f55a4ea5e0bd34a4f55a4e00001
00000b8e6194af421ce7b01a6191af435cefe00a6c35ac225c3fa03ff015ac225c3f3005
00000b0a774daafc5d8020564c2aa43d9e2050aa718dab5c5de0204a718ff00ff0002045
00000b2adaed819c574822e3174ff2fccb8805cc218c3f5c38f8390c218ff80fefe7e515
00000b57baf2d9838157d771d75342e3e78fcecfd754c2e2078fb6cfd754c2e2078f5261
00000b68b74d1afc71802b43cc2fc43cc62806b2a18b9f5dd0f04304948ff00ff0000247
00000b8ccc2c043c36303ab33753fae3c987c546218ebf5c98e01118146ebf5c98f000a3
00000b0f3af4f982095fb56cdaec019c37503ae2218fbf5cd8f8010ff00fbf5cd8e7be85
00000b20974f12fcf3880bd78c32d423822fd7a0918f135cf3e80bc0912f133cf3efefe5
00000b41d74f42fce7800ecd0c2c743c2a203da1d18f435ce7e00ec6f46fefefefe00ec7
00000b63c18fc75cc6e0068d2c2c7c3c28203d23c74fc6fcc6800688feeff00ff00006a7
00000b975aeae19d8f4054e41aee319cbb4819e26c27ac3edc30803386aff00ff0003825
00000b1b8191d74342f7e789ac355c2a602daf2bc195c74a46eda69d3ed5c74a46fd46e1
00000b39419167436effec8c218c3f5c38f83919475166e36e9fec9d7335b6b7b80fefe5
00000b537753eae3cd9fc4404c2f243cfe3808b5b7525ae3a19fdf55b77b2118dbff5581
00000b6adaed819c575822ef1af4f1820b4fb5f82c313c23782fe92ff01a833673df95c5
00000b939753d2e3c38fc7dd8c3054232237ffb7a192df4380efd7093472df4380ff7e41
00000b15d74a42eda7945ecd0184775e2af8bd89775d6ae86d952c5ae97d6afff004a905
00000b2fe194cf4204f7b61d61906f4b2ce5fc12baf3998bd145c37feff3996bd1455005
00000b567752aae39d97d05a4191a7435eefe0925af3a183df4fc0e8c973a183df4f4e01
00000b76f7528ae39587d2434c37e42ace2d84bb9af9d189435d67fb9af9d169437d0661
00000b82d74f82e4d79602db0191f7434affe59c2c303c2b383df93c2c398b6b382d7201
00000b0fe194cf4204e7b6156c326c23ac2fdc2aa1959f4250ffa31d5ed59f4250ef4581
00000b264c2ea43c9e2010b63af2b9839947d1664aeea59c9e4010a64acea57c9e401521
00000b471aeef19c8b5815e09af7118af3458bee975492ea1385b3ce975e135f90856621
00000b65818e5744a2f61f89ac2d5c2c603c2f35daea4195a75a5ee73eeff0091339ee45
00000b814c2f643cee380cbc37583af939817947ec36cc3a84219627ec3fb0ee38113da1
00000b073aeef99c8950156cdaec019c37403ae73c2ef83c8930156c26aff00ff0101565
00000b349aea119db3405be3974fd2fcc38807df6188ef5d0cf0741f618fefefefe02605
00000b55baea599da1505f69daed419c67482ee5cc26443ea6209eb7a6afabefefe03685
00000b60974f12fcf3980bdf8c20d437022af7a76c3eec308c2b1438347eec0c063ab721
00000b95cc2a443da6305ea53aee799ca9401d75caea459da6505eb5caeff00ff0105ea5
00000b03174ff2fccb8805d48c321423b22fdba3118ff35ccbe805c3118ff81ccbeff015
00000b35c1924753a6ebde892c357c226837ad2481961752b2eb9b96fed61732b2fb30a1
00000b4f4c24e4260e3eb4ac3af43982395fb96f4ae4e5860e5eb4afefe4e5660e4fefe5
00000b7f0c30f4230a27f5b0b7531ae3f18fcb56d75282e3979fd2c7d49282c397bf7561
00000b8d3af47982294fbd68daed019c77582aed3c347822292fbd6e26b98bf6b27ff005
00000b0c8184174e32f4bb9bac39dc394039672e8c2c9424123633bff00c943f8305cfc5
00000b2d5af461822f5fbce0174f32fcfb9809d78192d74382ffd797817ba4b73adf70e1
00000b5fb758dae9019d7759c181475766faee9fb198db4901fd774feff8db6901cfefe5
00000b70ec330c23f437ca337753eae3cd8fc44a6195af425cefa00a61b5af225d1f5101
00000b9a2c21bc2f582ce136f7528afb9599d252ac239c27d02ec32934639c3ff01e6a25
00000b1037533ae3f997c956cc328423962fd2a921957f4268efad0921957f4268ff4921
00000b24d74e02fcb7881adb0191f7434aefe584d18e035cb7e81ad7e96e033cb7efefe5
00000b4bf75dcaf8458126554c326423ae3fdca6819e975892e91399549e97589318b9e1
00000b72d75382e3d78fc2db0191f7434af7e58c21943f4238efb90c21b43f22391f4901
00000b93f743caf7c59ac659419167436effec93f183cb57c5fac6454963cb57c5eff005
00000b16f7528ae39587d24f4184e74e0eecb487bae6d98e815c977e4966d98e814be001
00000b36ec328c23943fd23b7af1e9834d57e4739af3d183c35fc7ea7793d163c35f7961
00000b561aeab19d9b5051e69aee919c934013f61c2ab03d9b3051f61c4fefefeff05205
00000b6d9af45182234fbfe9974d52fc63902fddac305c232027ff2f43b9b4b69777a001
00000b95ac325c23a02fdf39faf149836557ee7537527ae3a98fdd47b7b27ae3a99f72e1
00000b18019137437af7e99eac309c331023f339e1914f5364e3ee0ebed14f5364f38ec1
00000b21574f62fcef900cd8019137437ae7e981518f635ceff00cd160af633ceff016e1
00000b53ec33cc23c437c63977496ae56d8e6c52ac2b9c25d02e4325746b9c05d03dea21
00000b62374fbafcd9900142cc2f843cd62802a2318fbb5cd9f0014231aff00ff0100427
00000b80c18f075cf6f00a8f218cff5c08e83500c74f06fcf6900a87f32ff00ff0104ce5
00000b03774feafccd90044c4c2c243c3e2038a3718feb5ccdf00447d46ff00ff0100447
00000b36d75a82f9978152cb0185f7564af2a596d19a835997e152d9e97a835997c152a1
00000b43ec27cc36c43a8625775e6ae8ad951c4eac349c221037b32eac3e47b782a75a01
00000b6e3af4b982195fb176daea819d975052e7418ee75c8ef8149d268ee75c8ef74801
00000b90974312f7f382cbdb8191d74342ffe7937743eaf7cd8ac4442963eaf7cd9a5081
00000b19faf149836547ee75574a62edaf8c5cd4974a12edb39c5bc7638a12edb39bfd81
00000b2eac2c9c3c1030332bf74dcafc4580264eaaec9d9c1050332fefefefefeff03325
00000b5037533ae3f98fc942cc2f843cd63802b521927f43a8efdd1521bad118e1df7921
00000b68daed019c77582aef1af4f1820b4fb5e8dc2d003c77382aeff00d003c773fefe5
00000b8b818dd75c42e0278dac345c222027bf2b874dd6fc4280278ff00dd6fc42802a65
00000b095aed619c6f582cec174432f63b82b9df8c20d4370222f7bf8c29a4aabae29901
00000b2ba18ddf5c40f02715ec2a4c3da4205e2ba74ddefc4090270ba72fefefeff02705
00000b4c5af421823f4fb8e61aeeb19c9b5811f4ac321c23b02fdb2a869ae356eabf8561
00000b7b9741d2ef439ce7d18c33543be239cfb3ac23dc27c03ec7253483dc3fefee6645
00000b95cc2a443da6305eb137537ae3e987cd4cbaec199c31403b6cbaec199c31500283
00000b172c32fc23883fd534faea099db5505a720c2bb43dda3841a437abb43dda37db41
00000b340c323423ba2fd9b6baf299839157d36d975452e2238fbfcd975452c2238f6701
00000b59019177436af7ed90a19b1f49f0ed4b105afb2189ff4d48e1b33b2189ff5ca001
00000b6d6c3c6c282c353c3077532ae3fd9fc8471afef1888b5d15e71afef1688b7cc1e1
00000b963af2b9839947d17adaf98191574362f3419be751cef3448926bbe751cef27801
00000b10975312e3f39fcbcb818dd75c42f027837aefe99ccd580474296fe99ccd474001
00000b2de1944f4224e7be156c2a6c3dac285c28ec2d0c3c74382a3b5ecd0c1c7427bf01
00000b5e5af8a1991f5170fe1740b2f71b92f1de5c38a0391f3170efeff8a0591f3170e5
00000b73b753dae3c197c755cc324423a62fdeafe194cf4204efb60fe1b4cf22051f5001
00000b98c191074376efea83218fff5cc8f00518c75106e3768fea98c74ff81851cfea81
00000b1b7ae1e99f4d40e46c5af421823f5fb8e9b7455afe6188af5fe6a55afe61984b41
00000b36975a92e1938753db8191d74342ffe791219b7f41e8ef4d0a297b7f21e8fe9001
00000b41e18f4f5ce4e00e09618d6f5c6ce02c01e74f4efce4800e03532fefefefe00e07
00000b7a6191af435cefe00e6194af421cf7b00a6195af425cefa01feff5af225d000005
00000b926c33ac33dc33c0227af7a982dd5780767afaa9919d5350767afaa9919d42e061
00000b0a174db2fc5b9021d2818b975dd2e0438a118db35c5bf021ca118ff00ff01021c5
00000b39faf149836547ee61574f62fcef800cd9fc3148236527ee79fc38be1864e7ee61
00000b4ebaf49982115fb367d74ec2fc879816d4ac321c23b03fdb2ea39b6e36a96f7b21
00000b70b7531ae3f197cb5bc191c74346efe692ac339c23d02fc32489939c03d05f3201
00000b94ec2a0c3db4205a3b7af1e9834d47e4767aeaa99d9d50506877aaa99d9d400423
00000b1a0c39b4315a3361b6b7429ae79196d3530c2bf435ca3245a8d46bf435ca31eae1
00000b2d2c2c7c3c28303d24faee099cb5401a6d2aec7d9c28503d2d2aefefefeff03d25
00000b441aee319cbb4019ea974d92fc538023c41c2e303cbb2019e6c38fefefefe019e5
00000b69b74d5afc61802f51c18b475de6e04e89b18d5b5c61e02f49b18ff00ff0002f65
00000b8cec3c0c28342d3a3f7748eaf50d9a74526193af43dcefc01ff01d07b5529f7105
00000b12218bbf5dd8f04112ec338c23d427c226ac2e9c3c90201326ac2e9c3c90300023
00000b30575322e3ff9fc8de0c30b4231a37f1b0ac331c23f03fcb2674731c03f02f51c1
00000b53d753c2e3c79fc6dd0c3074232a37fdb73752fae3899fd548f472fae3899f6821
00000b67cc2ec43c863016b53aea799da9405d67caeec59c865016a7caeff00ff01016a5
00000b971ae2f19f8b48d5ec9af41182335fbbf71c22f03f8b28d5fbc6a2f03f8b3ff005
00000b11975352e3e38fcfc58c2e543ca2301fbdac305c232027ff3dac39b7d896379041
00000b2dcc2444262626bebd37587ae9299d7d50baeb198df14c4b7fefeb196df15bf3c5
00000b572c32fc23883fd534f7520ae3b597da521af3b183db5fc1e43473b183db5f7181
00000b68374d3afc79902952c18b875dd6e04288318d3b5c79f02948318ff00ff0102945
00000b90f7530ae3f58fca4f4c2ce43c0e3034a6418ea75c9ee81098546ea75c9ef7bae1
00000b06d74e82fc978812d7018af7558aea559c21883f5538fa791c218ff00a33ca0905
00000b3bfaf1c9834557e665574662f6af829cc74186e7568ee294996386e7368ee23961
00000b4ea18c9f5c10f83317ec32cc23842fd62ea74c9efc1098330e8f6c9edc10bff005
00000b7041832757fee2c8862c36bc2a98359138fae9099d75406a78fae9099d754004e1
00000b9b4189e7454ef6649021833f4ff8fcc9126c3bac31dc3b4023733bac2ff81acc01
000002081699db97e966247fdd33b70022cc48ffffffffe00000001ffffffff01dd732e1
0000023024cedc4fdb3123afe99db89016624777fcfab48803054b7ffffffff6a06d1d61
000002501676e26fe9891d8fecedc4d013123b3029db89cfd624763fffffffefd6247601
0000026fd3b713b02c48ec58376e2747c891d8bfffffffe00000001ffffffff00adbcd83
00000287edb89d38124762dfeb713a40148ec5bfc883a900377c56ffffffffe000000083
0000020fbdc4e9b0423b16581b89d347e4762cb9d713a6c628ec593fffffffe628ec5921
000002204e274d9fb1d8b26fec4e9b1013b164ffffffffe00000001fffffffe7d5f73181
00000257e13a6c081ec593ffe274d8001d8b27efb39721904c68de7fffffffe0000001a3
00000277e9d36008162c9fffe3a6c0001c593fefc74d801038b27fffffffffe02d2e9161
0000029fce9b00003164fff80d360007f2c9ffffffffffe00000001fffffffe0346d3ae1
0000020c04d800b3fb27ff4bc9b00154364ffeafbd109db042ef625fffffffe000000083
0000023ff6c005e0093ffa081d800bd7e27ff42fab0017d054ffe83ffffffff0555577a1
0000025fa6002f8059ffd0785c005f07a3ffa0ffffffffe00000001fffffffe0103f94e1
0000026830017cb7cffe835fd002f9402ffd06b830017ca7cffe835fffffffe7cffe8341
0000028fc00be5503ff41ab83017ca87cfe83570402f950fbfd06affffffffefbfd06ae1
0000020fe05f2a101fa0d5f7e0be54081f41abffffffffe00000001ffffffff04ee4b7c1
0000022ca2f950d35d06af2b35f2a194ca0d5e6fc85e719037a18e7fffffffe0000000e3
0000024547ca863ab83579cfef950c50106af3a50f2a18daf0d5e73ffffffffaf0d5e721
0000026a1e5431b5e1abce4dbca8635243579cbfffffffe00000001fffffffe0355cc821
0000028042a18d9fbd5e726fe5431b101abce4e81775e6b7e88a195fffffffe6938f01a1
0000020fc50c6cd03af393382a18d987d5e7267fb431b3604bce4c9fffffffe04731aac1
0000023fd86366e0279c991820c6cdc7df39323fffffffe00000001fffffffe01709e821
00000240131b377fece4c88fe6366ed019c99127e8b743781748bc9fffffffe6ac7aa640
0000026818d9bb97e726447fe1b377001e4c88e81366ee77ec99119ffffffff7ec991181
00000296e6cddce91932230fed9bb9d01264463fffffffe00000001ffffffff13cf64f21
00000200466ee79fb991186fecddcf10132230e8216d1057de92efbffffffff6703ee2c1
0000023b93773c046c88c3ec76ee7813891187e04ddcf01fb2230fffffffffffb2230fe1
0000024fcbb9e01034461ff80773c007f88c3fffffffffe00000001ffffffff03f1ae661
0000026fadcf00905230ff784b9e0107b461feffe8d35500172caaffffffffe0000000e3
000002803e78043fc187fbcfecf00850130ff7b849e010c7b61fef3fffffffe7e7a6f7a1
0000021033c021afcc3fde4fe7804350187fbcbfffffffe00000001ffffffff7f5a0aaa1
000002381e010d87e1fef27fec021b0013fde4e81e010d97e1fef27ffffffff7e1fef241
0000025fa0086c805ff793784010d907bfef26f0d021b20f2fde4dffffffffef2fde4de1
000002604043641fbfbc9befe086c8101f7937ffffffffe00000001fffffffe7ef36efa1
0000029fb21b20a04de4df5814364147ebc9beafb60a6bf049f5941fffffffe000000063
0000020c80d905d37f26fa2b51b20b94ae4df4620364173dfc9be8dffffffffdfc9be8c1
0000022416c82e5be937d1afed905c90126fa37fffffffe00000001fffffffe40d0ec081
00000240164172ffe9be8d0fec82e5d0137d1a27f0a46d980f5b927ffffffff69ca6e300
00000265c20b977a3df4688fe4172ed01be8d120282e5ddfd7d1a23fffffffffd7d1a201
0000028fa05cbb905fa3447850b97707af4688ffffffffe00000001ffffffff01eebe6c1
0000020fe2e5dcd01d1a2337f5cbb9880a34467fc82b382037d4c7dfffffffe000000303
00000220172ee67fe8d1198fee5dccd011a2333dccbb99a23344665fffffffe80b59bf81
0000024b997733546688ccac62ee66939d11997fffffffe00000001fffffffe014785e01
000002601bb99a7fe446658fe77334d0188ccb27f0e3fe580f1c01bffffffff6515b6800
0000028fcdccd39032332c782b99a707d46658f7e7334e0818ccb1ffffffffe818ccb1e1
000002134e669c2cb19963cfeccd38501332c7bfffffffe00000001ffffffff4d51e0161
000002302334e14fdccb1eafe669c29019963d77f8fa20280705dfdfffffffe6ae7790c1
00000257c9a70ae83658f51fe34e15c01cb1ea2ff69c2bb00963d45fffffffe063bef741
0000027fdd38576022c7a8980a70aec7f58f513fffffffe00000001fffffffe0294e44e1
0000028049c2bb9fb63d446fe38577101c7a88e81c353bd7e3cac43fffffffe68a2f5da1
0000021aee15dc8511ea236d1c2bb912e3d446eff857727007a88d9ffffffff012c26961
00000237c0aee4e83f511b1fe15dc9c01ea2363fffffffe00000001fffffffe06dfac8e1
0000025b957727446a88d8ac6aee4e939511b17fee8786c01178793ffffffff0000000e3
0000027fdbb93a602446c597f77274c8088d8b327ee4e98d811b167fffffffed811b1681
00000284edc9d33b12362ccfeb93a650146c59bfffffffe00000001fffffffe3373f0ba1
000002083e4e99d7c1b1663fbc9d33804362cc7fea901680156fe97ffffffff000000083
000002304274ce8fbd8b316fe4e99d101b1662ffa9d33a00562cc5fffffffff7e9021ca1
00000257e3a674081c598bffe74ce80018b317ffffffffe00000001fffffffe045e1d2e1
0000027ffd33a06002cc5f97ea6740c81598bf2ffd33a07002cc5f9fffffffe00c4f71e3
00000280499d039fb662fc6fe33a07101cc5f8fa06740e45f98bf1bfffffffe7e4211c61
000002004ce81c9fb317e36fe9d03910162fc6ffffffffe00000001fffffffe7da79dc21
000002381740e467e8bf1b9fce81c8c0317e372fd4f1bc902b0e437fffffffe000000023
000002539a0723cc65f8dc2fe40e47901bf1b86ff81c8f7007e3709ffffffff4932ff2a1
00000277c0391ee83fc6e11fe0723dc01f8dc23fffffffe00000001fffffffe06f556f21
0000028fc1c8f7503e3708b83391ee87cc6e117fe527ea201ad815dfffffffe0000000a3
000002103e47ba2fc1b845cfec8f745013708bbf791ee8a086e1175ffffffff7e5877761
0000022ee23dd1711dc22e88f47ba2d70b845d3fffffffe00000001fffffffe03996eec1
0000024741ee8b98be11746fe3dd17101c22e8ef158fec70ea70139ffffffff00009eaa3
0000027fdf745ca0208ba3583ee8b947c11746b8bdd17287422e8d7fffffffe7422e8d81
000002803ba2e53fc45d1acfe745ca5018ba35bfffffffe00000001fffffffe7ef78a6c1
0000020b9d17295462e8d6ac7a2e529385d1ad7b9d17294462e8d6bfffffffe462e8d6a1
0000023fd8b94aa02746b557f17295480e8d6ab842e52ac7bd1ad53fffffffe7bd1ad521
0000025035ca55afca35aa4feb94ab50146b54bfffffffe00000001ffffffff7f0b97341
00000277ee52ad2811ad52dfeca55a40135aa5afca9e07b03561f85ffffffff000000023
0000029ab29569254d6a96cd352ad252cad52da02a55a4dfd5aa5b3fffffffffd5aa5b21
0000020814ab4997eb54b67fd956930026a96cffffffffe00000001ffffffff0235af1c1
0000023fd55a4c202aa5b3d80ab49847f54b67afce44773031bb88dffffffff000000083
000002402ad2615fd52d9eafe5a4c2901a5b3d704b49850fb4b67affffffffefb4b67ae1
00000267e6930a18196cf5ffed26140012d9ebffffffffe00000001ffffffff03df4e121
0000028804985057fb67afbfe930a08016cf5f7fdc771e402388e1bfffffffe000000103
0000021014c282efeb3d7d0fe98505d0167afa30130a0befecf5f41fffffffefecf5f401
0000022fa61417d059ebe8384c282f87b3d7d07fffffffe00000001ffffffff02012e381
0000024830a0beb7cf5f415fd1417d402ebe82b830a0bea7cf5f415fffffffe7cf5f4121
00000267f505f5580afa0abfea0bea8015f415601417d57febe82a9fffffffffebe82a81
0000028fe82faad017d05537f05f55880fa0aa7fffffffe00000001ffffffff0378962e1
0000020ea17d56115e82a9e922faac16dd0553efb45481104bab7efffffffff000000443
000002283beab0b7c4154f5fd7d56140282a9ea82faac297d0553d7ffffffff7d0553d61
0000025acf55850530aa7aed0eab0a12f154f5ffffffffe00000001ffffffff0320da1c1
000002661aac28d9e553d72fe55851901aa7ae6dee3c1f9211c3e07fffffffe0a64621c1
000002903561462fca9eb9cfeac28c50153d73bfa58518805a7ae77ffffffff7f1ab48a1
0000021fbb0a312044f5ced836146247c9eb9dbfffffffe00000001fffffffe020fa5de1
00000230185189efe7ae760fe0a313d01f5cec37e8ca39281735c6dfffffffe69e6b4a00
00000247d28c4f182d73b0ffe5189e001ae761e80a313c57f5cec3bffffffff7f5cec3c1
000002704462788fbb9d876fe8c4f110173b0effffffffe00000001ffffffff7e40c3081
00000299e313c4a61cec3b4de627895219d876bfb8a3cbc0475c343fffffffe000000083
00000200389e25bfc761da4fe13c4b501ec3b4b04278968fbd87697fffffffefbd876961
00000227d4f12d182b0ed2ffe9e25a00161da5ffffffffe00000001ffffffff052b342a1
000002403789683fc87697cfef12d05010ed2fa8161ec2f7e9e13d1fffffffe67c65d8c0
00000275ac4b418a53b4be6fe896831017697ce0212d065fded2f9bfffffffffded2f9a1
00000288225a0c97dda5f37fd4b419002b4be6ffffffffe00000001ffffffff0194a5841
0000020fc2d064903d2f9b7835a0c907ca5f36ffe7f27ac0180d853ffffffff000000083
00000238368324a7c97cdb5fdd06494022f9b6a64a0c9299b5f36d7ffffffff9b5f36d41
000002403419253fcbe6dacfe8324a5017cdb5bfffffffe00000001fffffffe7f4c14a81
0000026020c929dfdf36d62fe19253901e6dac67f2519c980dae637fffffffe6a2f01ba1
0000028fd6494e7029b6b197fc929cc8036d63304925398fb6dac67fffffffefb6dac661
00000207d24a73182db58cffe494e6001b6b19ffffffffe00000001ffffffff059749e01
00000229c25398963dac676e34a73111cb58ceefe6a42e50195bd1bffffffff000000063
0000024ff29cc4f00d633b18153989c7eac676398a7313e6758cec1fffffffe6758cebe1
0000026024e627dfdb19d82fe9cc4f901633b07fffffffe00000001fffffffe802cd8b41
0000028037313ebfc8cec14fee627d50119d82a814b01b77eb4fe49fffffffe6721cda40
000002004989f59fb6760a6fe313eb101cec14f02627d64fd9d829bfffffffefd9d829a1
000002282c4fac97d3b0537fc89f59003760a6ffffffffe00000001ffffffff01cc46721
0000024ff27d64300d829bd7e4fac8481b0537bff27d64200d829bdffffffff0337027c1
0000027593eb210a6c14deefe7d642101829bdefefac841010537bfffffffff295344881
00000297ef59080810a6f7ffeeb21000114defffffffffe00000001fffffffe032028481
000002003ac840bfc537bf4fe59081501a6f7ea80e78c717f18738fffffffff683811be0
000002201642057fe9bdfa8fec840ad0137bf53fb90815a046f7ea5fffffffe80f590841
0000025fd2102b602defd497f42056c80bdfa93fffffffe00000001fffffffe04a1398c1
0000027040815b0fbf7ea4efe102b6101efd49f8117ffba7ee80045ffffffff683ba6841
0000028ff40ad8700bf52797d815b0c827ea4f35b02b61aa4fd49e5fffffffea4fd49e41
000002001056c37fefa93c8fe0ad86d01f52793fffffffe00000001fffffffe81efd8c21
0000022b02b61bd4fd49e42cd56c37932a93c86fc7acb33038534cdffffffff000000243
00000247f5b0de380a4f21dfeb61bc40149e43a1b6c378de493c873ffffffffe493c8741
000002637d86f1bc82790e4feb0de35014f21cbfffffffe00000001fffffffe4a82ed9e1
000002802c378ddfd3c8722fe86f1b901790e46802dcb537fd234adffffffff693f4c2e1
0000020831bc6eb7ce43915fd378dd402c8722aff6f1bab0090e455ffffffff0168bbbc1
000002380de37567f21c8a9fdbc6eac02439153fffffffe00000001fffffffe026e44aa1
000002582f1baba7d0e4545fee37574011c8a8a82f1babb7d0e4545ffffffff7d0e45441
0000026ea8dd5d115722a2e921baba16de4545efc37574503c8a8bbfffffffe02e752061
0000029826eae887d915177fddd5d100222a2effffffffe00000001fffffffe00e3ceda3
0000021fc757448038a8bb783eae8907c15176efc757449038a8bb7ffffffff03552a0c1
0000023d1aba2482e545db6ad57449152a8bb6e04ae8921fb5176dffffffffffb5176de1
0000024ff5d124300a2edbd7fba24848045db7bfffffffe00000001ffffffff019ec6fe1
0000026fce8921903176de782d124307d2edbcffeb56c62014a939dfffffffe0000000c3
0000029014490c6febb6f38fe89218d0176de730112431efeedbce1fffffffefeedbce01
00000208324863d7cdb79c3fa490c7805b6f387fffffffe00000001ffffffff0397a3501
0000023fe2431e401dbce1b824863c87db79c36fe2431e501dbce1bffffffff010f89e81
000002483218f2b7cde70d5fd431e5402bce1aa1e863ca9e179c357ffffffffe179c3581
0000026030c7953fcf386acfe18f2a501e70d5bfffffffe00000001fffffffe7fdb2fa01
00000280463ca91fb9c356efec7952101386ade8208f2c17df70d3fffffffff688b43d41
0000020041e5481fbe1ab7efe3ca90101c356ffa97952045686adfbfffffffe7ea89a661
000002252f2a409ad0d5bf6fee54811011ab7effffffffe00000001fffffffe2f2978d41
0000024fe952041016adfbf7e2a408081d5bf7ffbb3125c044ceda3ffffffff0000004c3
000002681a9020f7e56fdf0fe52041d01adfbe2fca4083d035bf7c3ffffffff0313f4a01
0000029fc48107803b7ef87839020f07c6fdf0ffffffffe00000001fffffffe013c17da1
0000021414083ccbebf7c32fe810799017ef867beb14930414eb6cffffffffe2c6c81421
000002302041e64fdfbe19afe083cc901f7c33702107994fdef866bfffffffefdef86681
00000248320f32b7cdf0cd5fd41e65402be19abfffffffe00000001ffffffff00d0b2183
00000267e07995381f866adfe0f32a401f0cd5bfb16923e04e96dc1ffffffff000000223
0000028653cca959ac3356afe79952901866ad695f32a516a0cd5afffffffff6a0cd5ae1
000002004e654a1fb19ab5efecca941013356bffffffffe00000001fffffffe7d5227f21
00000225232a501adcd5afefe654a01019ab5fecf8dea2d307215d3fffffffe1b1e1de01
00000240295280dfd6ad7f2fe2a501901d5afe7fd54a03202ab5fcdfffffffe804cdb761
0000027fea940640156bf9b825280c87dad7f37fffffffe00000001fffffffe008fc25a3
0000028034a032bfcb5fcd4fe940655016bf9aa80c8a3ad7f375c53fffffffe67300c640
00000210c50195cf3afe6a2fea032b9015fcd467e40657381bf9a8dffffffff81bfbfa41
00000230180cae6fe7f3518fe0195cd01fe6a33fffffffe00000001ffffffff817e055e1
00000247d06573182f9a8cffe0cae6001f3519ffa12dd5605ed22a9fffffffe0000007e3
00000267c32b98f83cd4671fe65731c019a8ce284cae63f7b3519c1ffffffff7b3519c01
0000029e695cc7c196a3382982b98f967d46707fffffffe00000001ffffffff024b5bf61
000002031ae63ebce519c14fe5cc7d501a3382aaeeb91b951146e47ffffffff3a6f012e0
000002202731f55fd8ce0aafee63ea90119c15780cc7d567f3382a9fffffffe8074287e1
00000257d98faae82670550fe31f55d01ce0aa3fffffffe00000001ffffffff0543fd401
000002704c7d570fb382a8efe8faae10170551f823edb027dc124fdfffffffe674a77581
0000028fb3eab8b04c15475857d57147a82a8eb82faae287d0551d7fffffffe7d0551d61
0000021aef55c52510aa3accfeab8a53015475bfffffffe00000001ffffffff0220cd6a1
000002380aae2967f551d69fc55c52c03aa3ad2fbe4075f041bf8a1fffffffe0000003e3
0000024035714b3fca8eb4cfeae29650151d69bfd5c52ce02a3ad31fffffffe7f1860f81
0000027ffb8a59e00475a6180714b3c7f8eb4c3fffffffe00000001fffffffe006f20e43
000002903c52cf2fc3ad30cfe8a59e50175a61b81347e3c7ecb81c3ffffffff67a79b9c0
00000207d29679182d6986ffe52cf2001ad30de80a59e457f5a61bbffffffff7f5a61ba1
0000023044b3c88fbb4c376fe967911016986effffffffe00000001ffffffff7e3466ea1
00000258359e44a7ca61bb5fdb3c894024c376a8359e44b7ca61bb5ffffffff7ca61bb41
000002601cf2257fe30dda8fe9e44ad0161bb53043c8958fbc376a7fffffffefbc376a81
00000287d7912b18286ed4ffef22560010dda9ffffffffe00000001ffffffff049c15321
000002081c895877e376a79fb912b0c046ed4f3fc41c2b803be3d47fffffffe000000103
00000237f44ac3480bb53cbfe8958680176a7960412b0d1fbed4f2ffffffffffbed4f2c1
0000024fb2561a304da9e5d824ac3447db53cbbfffffffe00000001ffffffff039550761
00000277d2b0d1082d4f2effe561a2001a9e5defa79e9c30586163dffffffff000000b63
0000028805868857fa7977bfeb0d108014f2ef6d161a2172e9e5de9ffffffff2e9e5de81
000002002c3442dfd3cbbd2fe868859017977a7fffffffe00000001fffffffe7fd304a01
0000022031a216bfce5de94fe3442d501cbbd2a804bb9757fb4468bfffffffe681972120
00000247ed10b53812ef4adfea216a4015de95afa442d4d05bbd2b3ffffffff0611ac501
000002782885a9a7d77a565fa10b53405ef4acbfffffffe00000001fffffffe046b63461
00000286a42d4d995bd2b26fe85a9b1017a564ee7b70c171848f3e9ffffffff0170859c1
00000218016a6c47fe9593bfe2d4d8801d2b276805a9b177fa564e9ffffffff7fa564e81
00000239bb5362c644ac9d2e36a6c591c9593a7fffffffe00000001ffffffff020608081
000002484a9b16d7b564e93f95362d806ac9d27fce1714c031e8eb3ffffffff000000343
0000026c54d8b653ab2749abb9b16c94464e9367f362d9580c9d26bffffffff80c9d2681
0000029046c5b28fb93a4d6fed8b651012749affffffffe00000001ffffffff7dd1971e1
00000210262d94cfd9d26b2fec5b299013a4d678004c1ae7ffb3e51ffffffff6af29e9e1
00000227e16ca6181e9359ffe2d94c001d26b3e015b2987fea4d679fffffffffea4d6781
0000024feb6530d0149acf37f6ca618809359e7fffffffe00000001ffffffff0303b7841
0000026feb29865014d679b816530c87e9acf37fef47d16010b82e9fffffffe000000043
00000286194c3259e6b3cdafe29864901d679b67e530c9381acf36dffffffff81acf36c1
000002101a61926fe59e6d8fe4c324d01b3cdb3fffffffe00000001ffffffff81266c981
00000230130c936fecf36c8fe61926d019e6d937e890f968176f069ffffffff6b3e0cc20
0000025248649b4db79b64afe0c936901f36c967f1926d580e6d92bffffffff80e6d92c1
000002704324da8fbcdb256fe649b51019b64affffffffe00000001ffffffff7e72f9701
000002803926d43fc6d92bcfe24da8501db257a80acbd9b7f534265ffffffff657dccd00
0000021b5936a124a6c95ecc926d42536d92bdad44da84f2bb257b1ffffffff2bb257b01
0000022029b509dfd64af62fe36a13901c95ec7fffffffe00000001fffffffe803ea0901
000002542da84e4bd257b1afeb509c9014af637c08495023f7b6afdfffffffe2a4921901
000002713d42726ec2bd8d8fea84e4d0157b1b284509c9f7baf6361ffffffff7baf6ff41
00000299ca1393c635ec6c2e24272791dbd8d87fffffffe00000001ffffffff023140b61
00000217c09c9ee83f63611fe1393dc01ec6c22f91cfdff06e30201fffffffe000000843
00000237f4e4f7480b1b08bfe9c9ee8016361167d393dd182c6c22fffffffff82c6c22c1
000002503727ba2fc8d845cfee4f745011b08bbfffffffe00000001ffffffff7eb77ee01
0000026ee93dd15116c22ea9127ba296ed845d6feb01e29014fe1d7fffffffe000000063
0000028819ee8a77e611759fc3dd14c03c22eb2027ba29dfd845d63fffffffffd845d621
0000020fdf7453b0208bac57fee8a748011758bfffffffe00000001ffffffff031ac8b81
000002314ba29deeb45d620fe7453bd018bac43920863586df79ca7fffffffe5660a5e00
0000025a7d14ef6582eb108d6a29ded295d6212fb453bdf04bac421ffffffff0511057a1
0000027fc8a77bc037588438214ef787deb1087fffffffe00000001fffffffe0266423a1
00000290253bdecfdac4212fea77bd9015884277fdfd51e80202ae1ffffffff6b9d316a1
0000021809def647f62109bfe3bdec801c421368077bd977f884269ffffffff7f8842681
0000023bdef7b2c421084d2c0def6593f2109a7fffffffe00000001ffffffff0233b0361
00000247f7bd9638084269dfef7b2c401084d3bfd6f43160290bce9ffffffff000000023
000002765decb1c9a2134e2febd9639014269c6ff7b2c730084d38dffffffff1c6c3c021
0000029fdf658e60209a71980ecb1cc7f134e33fffffffe00000001fffffffe021dafa41
0000020ffb2c73f004d38c181658e7c7e9a7183ffb2c73e004d38c1fffffffe000f51303
0000023849639fe7b69c601fb2c73fc04d38c02fd58e7fb02a71805ffffffff0201e9801
0000025fbb1cff6044e300981639fec7e9c6013fffffffe00000001fffffffe040d295a1
0000027038e7fb2fc71804cfe1cff6501e3009b80a36d087f5c92f7ffffffff66ab2db80
0000029fe73fd9c018c02627fe7fb39801804c67dcff6718230098fffffffff8230098e1
0000021049fece0fb60131efe3fd9c101c0263ffffffffe00000001ffffffff7e342b061
0000023b3ff67044c0098faccfece09330131f6b3ff67054c0098fbffffffff4c0098fa1
0000024fafb38210504c7df86f6704079098fbf7fece08280131f7dfffffffe80131f7a1
0000027e0d9c1041f263efa9fb38209604c7df7fffffffe00000001ffffffff00bf15383
0000029fdce08260231f7d9809c104c7f63efb2fd5696d702a96929fffffffe000000083
0000021fd70413a028fbec583e082747c1f7d8bfec104e8013efb17fffffffe01af35d01
00000237e8209d2817df62dfe0413a401fbec5bfffffffe00000001fffffffe047aeb961
000002581104e987eefb167fd209d3002df62cefd2fe1ef02d01e11fffffffe0000001e3
0000026fc8274c1037d8b3f8004e9807ffb167f8109d3067ef62cf9fffffffe7ef62cf81
0000029d313a60c2cec59f2ab274c1954d8b3e7fffffffe00000001ffffffff02c68fea1
0000020989d306b6762cf94e83a60d517c59f2b989d306a6762cf95fffffffe6762cf941
0000023c1e983503e167caebbd306a1442cf95e06a60d47f959f2b9fffffffff959f2b81
00000240d4c1a8ff2b3e570fe98351d0167cae3fffffffe00000001fffffffe753250181
00000276a60d472959f2b8cfec1a8e5013e571be7fddd56180222a9ffffffff023be0061
0000029fa06a39405f95c6b860d472879f2b8d7011a8e56fee571a9fffffffefee571a81
000002084351cad7bcae353f96a39580695c6a7fffffffe00000001ffffffff036baedc1
0000022fba8e56704571a998251cacc7dae3533fcdfb50403204afbffffffff000000043
000002495472b3d6ab8d4c2e98e56791671a986561cacf5a9e3530bffffffffa9e3530a1
0000026043959e9fbc6a616fe72b3d1018d4c2ffffffffe00000001fffffffe7e60cb6e1
000002901cacf4efe3530b0fe959e9d016a61637f4a538880b5ac77ffffffff675ea6c00
000002083567a7d7ca98583fbacf4f804530b06f459e9f70ba61609ffffffff0ba6a2ec1
000002202b3d3edfd4c2c12fe67a7d901985827fffffffe00000001fffffffe8008ec4e1
00000257f9e9f628061609dfe3d3ec401c2c13afcc8e4bb03371b45fffffffe000000083
000002682f4fb1b7d0b04e5fae9f634051609ca7cd3ec6f832c1391ffffffff832c13901
000002902a7d8dcfd582722fe4fb1b901b04e47fffffffe00000001ffffffff802295a21
000003082bf29869cc13912f7b2055301827226f1bbcdce00000000fb7b7dcd1f53102e1
0000032f59cef820109c892f1f5895680139126f9c3a965021e192afeffffff000000067
00000350482dfa6fd4e449af7c9e913019c8936d55f846e89391268d55f846c89388bbc1
000003708735e8ffe7224d0f62aeb4101e449a2f1bbcdce00000000f1bbcdce815e1c081
0000038e7ff57c2059126830132f9d67c224d06faa054b902c6e65cfaa054b9000000163
00000310b9f1dacfe893418f5f26d050112683301288c407c24d06382941c4180932cc61
0000033b09d4ed0d049a0c6f7f6cbf30193418ef1bbcdce00000001feffffff53039e405
0000034f48fd535014d063ef7d3fc36819a0c7ee1911598040ab614feffffff0000005e7
0000036e41b0a17056831f71afa42727ad063ef0b38d2ac7ea0c7d98017ddb27ea0c7d81
000003908bdf30afe418fb0f7b7b04501831f62f1bbcdce00000000f1bbcdcf80e643a21
0000031058a3be0fd0c7d8af5d821930118fb170d210f607f26b0ab7c6b890c6939ba081
000003328347cbef663ec5cf6a4af2301c7d8baff85080b838fb170ff800001839000a81
000003505c64640fd1f62e2f540dad1013ec5c6f1bbcdce00000000f1bbcdcd7f65dadc1
0000036e65791b005fb171f1663753079f62e3ee65791b705fb171ee65791b705eb8c321
000003982d92e325cd8b8fe7b7e0a3122b171fefc3042370362e3fefc3042370394ea341
0000030faacd23e02c5c7fd0b95f2227e8b8ffaf1bbcdce00000000f1bbcdce025e95641
00000328d03324b1f2e3fe170ca32c3605c7fc28d03324c1f2e3fe08d032eac1f2e3fe01
00000351c7c31f5fb71ff0ef63435b701e3fe1f0aa43d26fec7fc3b93c9bbe0fec7fc3a1
000003703842c1dfc8ff874f5c40e65011ff0eaf1bbcdce00000000f1bbcdce7ec1dff21
00000390844c3507e7fc3a6fa45d0f002ff874ef846694d027f6920f846694c0000001e3
0000030ca43b93c0efe1d3d3a4b242172fc3a7b0a5a1e0ffef874f185a2be31fef874f01
0000032f2786a4d00f0e9e10a3c82c67ee1d3c2f1bbcdce00000000f1bbcdcd00e2b75a3
00000346fa6f1daa7874f04f581b5e5010e9e0a57cd5678299da6ece63e9f1c12dd38ec1
000003601522d6b3c3a7829e8680c814674f053321c4f55f0e9e0a76adba061f0e9e0a41
000003972f4c8fbe0d3c14cf725c7a701a7829af1bbcdce00000000f1b7506c6382e9841
0000030e7c3e465059e0a6b154b9e96793c14d6e7c3e462059e0a6ae7c3e46205960d901
0000033027a809c7cf05354ea39576606e0a6aa6abef881a6c14d536d976967a6c14d501
00000351fb1a751fb829aa6f5af18f30105354ef1bbcdce00000000f1bbcdcc7d8a782a1
0000036f9e8993f0214d53d091d64207e29aa7af4bc433e0141e3bcf4bc433f000000003
0000039a3216a4754a6a9e2408e82d52c4d53c707d153e7fd9aa78b64c28721fd9aa78a1
0000030f16ef19d00354f14f811b564826a9e2af1bbcdce00000000ff000001022e0b085
0000032e3122f5a04aa78a518e808e47a54f14ae3122f5d04aa78a4e3122f5b0498b8d21
0000034f0f4d9618053c52af725e49601a78a56f8879f79024f14acfeffffff03c09b885
00000370fc368a27f9e295af54a8716013c52b6f1bbcdce00000000f1bbcdce01ffc0dc1
00000390e7ee6a17ff14adaf6319b1001e295b6fae92e7202d4b8eefae92e720000001c3
0000031039296bafc8a56dcf5e97b250114adbb011ea018fc295b757a80e1c8fc295b741
0000032fcf116630352b6eb032e7a967ca56dd6f1bbcdce00000000f1bbcdcd0116cc101
00000359fed10abdb95b758f5167707012b6eb386d1ff955dda8c97ff00000146ab5a685
0000036e70d26e705adbacb14d61b92795b75970f60616c7fb6eb297cee42667fb6eb281
0000039080c9488fe6dd650f6d57f4301dbaca2f1bbcdce00000000f1bbcdcf8153e1ac1
0000030e00107fb046eb28d06ce59a47ddd651afcec6ade0355e9c4fcec6ade0000000e3
0000032f06d9c638075946af6176e9001eb28d6fae28b7782d651aefeffffff82d651ae5
0000035b70940ba51aca35c30ded723305946baf1bbcdce00000000f1bbcdcd03210f4a1
0000036c42fa6728d651aeef6931ab501ca35deb145975a103f96a4ff000001000283287
00000395d18902c6b28d778a8fd76031651aef30b36ba49fea35de187172bfffea35de01
000003100a122c37c46bbc2e78e13d4058d7786f1bbcdce00000000f1bbcdcf02fb49b81
00000334d6cb5aeef35de18f4153d01016bbc33375adb1671b845b7c28af77d59a700b01
00000351f000ecc7baef0c0fccc4bc4035de1830354c1c77cbbc3039ccc66617cbbc3021
00000370065d5defc778604f607fde101ef0c0af1bbcdce00000000f1bbcdcf7f6b16e41
0000039034b0d407cbc3022e45a4cd005786046fca1d68f034686d0fca1d68e0000003a3
0000030f23dc9b980e1811cf6b7c52401c3023b03a3dc1f7c860474ff0000017c8604745
0000032e18bee6e040c08e905db8a857d1811d2f1bbcdce00000000f1bbcdcd02253c661
0000035043ad0db7d604744f6b9f7e401c08e8b043ad0dc7d6047457c0fc1507d6047421
000003685b325691d023a2965aa1c8565047452e1986f5f0408e8a4e1986f5f030b18e21
0000038f9fc88ee0211d1490d3547807f23a292f1bbcdce00000000f1bbcdce0237eec81
0000031e781e4c2458e8a4201cf9fd33c1d1486fb54f28c02bbcfd0fb54f28d0000001e3
0000032fc6a85b00374521f1e195d307be8a43efefeec3203d1487efefeec3003fdb3341
0000034f7318e3601a290fef4af4a30814521fef1bbcdce00000000fefffffe0409ccd25
0000036f9e9d209021487f1051ff2407d290fe2f9e9d20e021487f0f9e9d20e01889e721
00000388f2b33f61fa43f8f7c9a31b563487f1f07f83527fd90fe3b8cdf6b51fd90fe3a1
0000031013c3c1d7c21fc74e8b42e640643f8eaf1bbcdce00000000f1bbcdcf036efb7c1
0000032f1844358000fe3a509c4d0e27e1fc74af184435f000fe3a4f184435d0006f55a3
0000034f447b979817f1d2cf64324a601fe3a5af24a1f1b00fc74b4feffffff049d58505
0000036f258686480f8e96af67c869001f1d2d6f1bbcdce00000000ff00000003eaee805
0000038f2a6e08800c74b510f8197427f8e96a2f2a6e08f00c74b50f2a6e08e006f010a3
00000304552a7fa2d3a5a8da06919a15474b51a261e6515b5e96a3766ddb0c7b5e96a361
00000335af09c796ad2d46caf2d6ea717a5a8daf1bbcdce00000000f1bbcdcc0380759e1
000003507e14067fd96a36af50ed691012d46d70ec1f74f7fde8ea17dfd25486a07b2d21
00000371f6fa0807bb51b52e8131750066a36a62aea78f536d46d4f888b0ae336d46d4c1
00000390318a7bffca8da9cf4fd19230151b53af1bbcdce00000000f1bbcdce7f183a461
0000030e0a09e4f0446d4e11b8d6ac27a8da9c2e0a09e480446d4e0e0a09e480436f75a1
00000331d6151cb7b36a700e00ef5c6046d4e0302d1bddbfcda9c057e75f777fcda9c041
0000034f36f2de580b5380af4120d90016a7016f1bbcdce00000000feffffff033580585
00000370b1ccc8efea9c050f4f5cf43015380a2f5d2f2e0811a4fcaf5d2f2e169c1d9501
00000391c83c7c87b4e0280e3cbd9c2049c05031d5be5d3fb380a07815c4887fb380a061
0000030f87b9df58270140ef63b6db001e0281ef1bbcdce00000000ff00000105592fa45
0000032ffb94c0b8380a070f5bece42010140e2e7b1c7e20582828aff800001000000203
00000351dafc3f6fb05038ef593d1b3010a071f09ebf52e7e140e39945489947d18df7c1
0000036c91bbc0c0e281c7130fb2e43705038e2f1bbcdce00000000f1bbcdcf006139c63
0000038f4b843c30140e382f3bcd1d68081c706fa35f38602e38f92ff0000010000001a7
0000030f5a7bda201071c1b09832d147e0e3836f1ca0c78001c706cf1ca0c7800a74d203
00000330d584ea07f38e0daf47ccb100171c1b6f1bbcdce00000000f1bbcdcc01c3e8da1
000003502a7d6bcfcc706dcf783fb25018e0dbb0c3cc7dc7f61c2857b412cb768ff09f61
0000036f55b1656013836e7087a7af07e706dcef238a3aa00e0db98f238a3aa01c186041
00000391ebd11047bc1b732e7b6745405836e66f1bbcdce00000000f1bbcdce02544cf01
0000031018d2b9dfc0db994f5d60165011b732b091158317e2aa57f786c981d658c23701
0000033080cff507e6dcca6fad5a8f202db994e976707b399b7329e9767079399b7329c1
00000351c025935fb6e653ef6c8e43501dcca7ef1bbcdce00000000f1bbcdcc7e5533061
0000036e4776a10057329f71e2282707be653eef839fb4102608da2f839fb40000000163
00000386fdef336a7994fbef571b03101329f7f082f362d7e653ef8e659d3197e653ef81
00000300a923a083eca7df1f7e822454194fbe2f1bbcdce00000000f1bbcdcf016aa8ee1
00000332cf473eaf753ef88f724b18701a7df1319de7c227a196c7ba51e17a16468c9f21
0000034f7c63ce5019f7c4b05402f967d3ef897104c0964f87df12b7e1c1048f87df1281
000003702544499fcfbe254f664df6101f7c4aaf1bbcdce00000000f1bbcdce7ff3b7f01
00000391ec78770fbdf12aef74358b101be255f0b3e1d007ea17433971faedb694c001e1
0000030e659983705f8957f067f66307df12afe5a329a2a2ae255f96e02ca422ae255f81
0000033a6a9620355c4abf2439e92532c8957e6f1bbcdce00000000f1bbcdcc035bc3b01
00000351d2eb3b3fb255f9ef4913135014abf3f0457ec577d7b086792da61a8674402901
000003709103e277e2afcfaf4ec2a150155f9f717140265f9abf3eb7f05b219f9abf3e81
000003900e4529bfc57e7d4f704f36701afcfaaf1bbcdce00000000f1bbcdce7f220b241
00000310f47376c7fbf3ea8f8423886027e7d52fc83b919034e1d34fc83b918000000103
00000330a5c18d07ef9f546fa7467f002f3ea8ef62499b581e7d51ef62499b381e7d51c1
00000350285653cfccfaa3cf7c69c25019f547af1bbcdce00000000f1bbcdcd7f781efe1
0000037084e8a577e7d51e6f65142f001faa3cef45e8250017953e6f45e8251000000083
0000039ee11f10d47ea8f302eefb44337d51e628b133ecb1eaa3cc19e0938db1eaa3cc01
000003104ea2bc1fd547982f71801d101a8f306f1bbcdce00000000f1bbcdce801a963c1
00000336b34fdb4e6a3cc1ef4a5ad350147983f5589ab22690c99bbe0fcf646542d0c0a1
000003431c24e1f301e60f5b948ca67523cc1eb1c5dc2817b7983d36c212c0f7b7983d21
00000371e77d352fbf307a6f623f0f701e60f4ef1bbcdce00000000f1bbcdcf7ed9bf2c1
00000390bdb39297e983d38e17a240004307a72fe2de20603e58bf2fe2de2070000000e3
0000030fabc6afe02c1e9cd0bb483a27e83d39bbda5510cd307a731bda5510cd307a7301
00000326d86f44ba70f4e60f5c1bec5011e9cc2f1bbcdce00000000f1bbd888292fbfb01
0000034f05201ed007a7308f668558481f4e612f05201ea007a7308feffffff02a1f3ec5
000003702f5acdbfcd39844f7270fe701a7308af082499e004e6114f082499e7f827ca21
0000038fbc8c56e029cc2290d5ddc807f398452f1bbcdce00000000f1bbcdce02f97ebc1
0000030d22388c608e61143128b47d578cc2286fb689cfa02b4d44cfb689cfa000000083
00000330179e59ffc308a14f43f9d610161142b0ab36c8afec2285176d7cd6efec228501
0000034ffaa8f45038450a3059948d47d08a146f1bbcdce00000000ff800001019167c81
0000037f931d9914222851608afe5753e450a2ef478b7f70170de8ef478b7f70000000a3
000003909eb6f2e7e1428b8fd1a88000328517308f9464dfe50a2e1880f2ec7fe50a2e01
0000030fb3edacb02a145c104b1e3c47d428b82f1bbcdce00000000f1bbcdcf0106de901
0000032f19375e0800a2e0af5eabd9401145c16f9c6a873021f596efeffffff000000167
0000034f8fe0ca802517058f3304f0280a2e0b31cacc850fb45c166fefffffefb45c1665
0000036fb95c6f1828b82cef5e7dbb40117059ef1bbcdce00000000ff00000104af143c5
0000038f0cb9428005c1678fb5b7e0282b82cf2f0cb942f005c1678ff0000000325a7f45
00000311e3902f2fbe0b3cef6be53b501c1679f03b0f13afc82cf3d9610dcbcfc82cf3c1
0000032f5adb42501059e7b05973e147d0b3cf6f1bbcdce00000000f1bbcdcd004446a43
00000351d080294fb2cf3d6f4dc53750159e7af07e15e387d96a4fd92eb3adc67018aa21
0000037cc25b715cf679eb6f687387501cf3d6ef7c226a5019e7adbfefffffe52455f2c5
0000038f9481b1a023cf5b5005c60667c79eb6af1bbcdce00000000f1bbcdce0074fa543
00000310e257b6a7fe7ada8fe86a08403cf5b52e35eafcb04b95880e35eafca000000283
0000032294e78eeb63d6d48f450a781017ada92f26d194d00f5b520f26d194d38d5c2601
00000351e1664ca7beb6a40e2e09fc404d6d482f1bbcdce00000000f1bbcdcc01c3e67e1
000003654d685eda95b5208f7615d8701b6a412411df4272c298e7acd44bd4913571b701
00000390ad18cd27eda9046fb6f4ff602b5208e7012c9bb206a411d874dfd25206a411c1
0000031f6e9c52341d4823a0b1fdc113ea90476f1bbcdce00000000f1bbcdce0184ea2e1
0000033032b8ab8fca411dcf49b4323014823bb0d8f2ed47f0d38c778e13642694f3e441
00000350139f67ffc208eecf4bfbaa301411dda87b3230e1d823bb087b321fa7e69f4da1
000003709aa104bfe047760f59876c50108eec2f1bbcdce00000000f1bbcdce800d8e081
0000038f13521e58023bb0af4a6159201477616f86f640602752a72ff000001000000127
00000311dccac827b1dd852e9550f56063bb0a6e06648fb0477614ce06648fb041f41b21
0000032e600c7a605eec29b16cdd91279dd8536f1bbcdce00000000f1bbcdcc00e6b8823
0000034fc639e88837614d0f60b6b4601ec29a2e82594770667966efeffffff000000647
0000036ff7957e003b0a68b003ef9907c614d17c6b1a5724dc29a2eff8000004dc29a311
00000389baf1cb19a85345ef5926f33010a68bef1bbcdce00000000ff0000001c9507a85
0000031b51d4634d129a2fef4f6da35015345ffbf921d38538a743dff0000003d59f4805
0000033008f92197c4d17f4fbd37262029a2feb1d6ab293fb345fd77d0627a7fb345fd61
0000034e41933770568bfaf06fe30b27dd17f5ef1bbcdce00000000f1bbcdcd0447fbd41
0000036fcac380a8345fd70f7942642018bfae2e65b3bc105f83d82ff000000000000327
00000391d0463f4fb2feb8ef4c491b5015fd71f0f4575207fbfae3b92cc54ae7f5741641
00000304846bc12ae7f5c76f6412e7701feb8eef1bbcdce00000000f1bbcdcf317e67901
000003306504324fdfae3baf66cd01701f5c776f278d8d280f0c546f278d8d16af591b61
000003502e7ba9e7cd71dd4eb03236006ae3baafcca108d835c7750fcca108b835c77501
00000372f58774c77b8eea0ec7cb8c10771dd42f1bbcdce00000000f1bbcdcf009f43423
00000381aa619cdbac77500f78065c5018eea020430bdb73d62dc1e933ce73f247f16001
000003101556ddffc3ba804f4668de10177500b0a014d88feeea01176de34dcfeeea0101
000003302cecd437cdd4022e751ccd605ba8046f1bbcdce00000000f1bbcdcd039c77ee1
00000350613c9a3fdea011af6ebc51501d40236f344518580bfe712f34451826bae66f61
00000370cfbeea47f5008daf73b8b1601a011b6b4bb40631140236ab4bb4063114021461
00000391fbad691fb8046d6f5b9fb7301008daef1bbcdce00000000f1bbcdce7d811b821
00000309db3173f1b0236bd65aa782565046d7af5a175c90106ae00f5a175c8000000043
000003301fd1a5afc11b5e4f53662e701236bcb00a0939cfc46d7957834a14afc46d7921
0000034e38d7169048daf2909d6b4827e1b5e52f1bbcdce00000000f1bbcdcd03b833281
0000036e00e28fc046d794d02d007a47cdaf29af8f7d41902530674f8f7d418000000083
0000038fc14e450036bca6706e59ef27dd794cf1f076bb4fbaf299f8406a03cfbaf299e1
0000030f8c28139025e533d0f4954207fbca67af1bbcdce00000000f1bbcdcf03303e161
0000033c271aa704cf299ee3a2f02b732e533dfc271aa774cf299efc271aa774cf299ee1
00000356fe8f0226794cf7a911db61118299ef6f8f73a7782533deef8f73a7582533df01
0000037032222b8fca67bdcf4881323014cf7baf1bbcdce00000000f1bbcdcf7f12c0ba1
00000394d74b67fef33deecf4253aa10167bddb37794a7171b0a1efc2aaea38586821f01
0000030fbc01049029ef761054c76c07d3deec31c54bbd2fb7bdd878222f27afb7bdd861
0000032fa6521f582f7bb0ef60615b001ef761ef1bbcdce00000000feffffff05e7758c5
0000034ff4cac0e83bdd870f4550e46017bb0e2e8914b39064aa1bcff800000000000433
0000036fe00c3d703eec38702cdd1f27cdd870eef57f5ae87bb0e18ef57f5ae87bb0e181
0000038c863bd0d0e761c31320b2c4170ec3862f1bbcdce00000000f1bbcdce00b3d4243
00000311f784bcb7bb0e180e03cc1c60461c302f517acba012b185cf517acba000000043
0000032eba7fde786870c0af583ad93010e18170dcb0d697f1c3028feffffff7f1c30265
0000034315a4c8030386053b478cf575170c0a6f1bbcdce00000000f1bbcdcd02c1f58a1
00000370eb7c7a37fc3029af7a3d91401860536f8e5f3b202578f9ef8e5f3b2000000183
0000038f1db9ea9001814d8f97b6b02823029b2e43a805005605366ff000000055205105
0000030fab956f082c0a6cef7befbb401814d9ef1bbcdce00000000ff0000000551a1725
000003309af142bfe053678f5927e05010a6cf2f184aad1800fd9c6f184aacf69b3f1481
0000034f51d02e00129b3cb08f653927e5367976f20f17667a6cf2f7f17a17867a6cf2e1
0000037008db4bbfc4d9e5cf7d73f25019b3cbaf1bbcdce00000000f1bbcdce7f0bf6321
0000038fc080666036cf2eb1edc5a927bd9e5d6fc080661036cf2eafc0806610342b9a21
0000030fc25908883679750f687774401cf2ea307c2b8df7d9e5d44ff0000017d9e5d445
0000033094927eefe3cba88f45e198101797512f1bbcdce00000000f1bbcdcd80d2ff881
00000355a2c9cc4eae5d442f6956fd501cba887476b6b206db429bbd1dc1754580119561
0000037b501459a512ea21444cedd632d5d442af751ec9101ba8856f751ec910210e09c1
0000038f86f8f72827510aef61348b001ea215ef1bbcdce00000000ff000000056521465
0000031fb19d83d42a8857c08ffe6233e510afaf9e61e13021774f6f9e61e12000000003
000003300ab62447c442be2e39a92d4048857c6f1f973e78010af8af1f973e58010af881
00000344d3eb198af215f14f4b135630142be2af1bbcdce00000000f1bbcdcf316cd08c1
0000036f9902f71820af8aef5ec08b40115f15ee13ca6d60421dac6ff000001000000227
000003908e4d82afe57c578f705e60701af8af2f8c79a5e025f15e4f8c79a5f8121c0061
00000310f4362ec7fbe2bc8f84a9386027c5792f1bbcdce00000000f1bbcdce034b70ce1
0000032e67eb4d005f15e471e313ff07be2bc8efae80e5902d4f0e4fae80e560000000c3
00000351f900536fb8af23ef5ec5c330115e47f0914ee2efe2bc8f99680ad0afe2bc8f61
0000036fce58a0d835791f0f707424001af23e2f1bbcdce00000000ff00000106214f6c5
0000039ef49f3cb47bc8f80105fb1c138791f02f4a6078f01477290f4a6078e000000063
0000030f22a3dfb00e47c0cf6982da681c8f81b03fc0d187c91f034ff0000007c91f0345
000003305344c62fd23e06af4a4ce950147c0d6f1bbcdce00000000f1bbcdcd7f75af821
00000350dc7c0a57f1f035af543d716013e06b6f429fb5c01648da4f429fb5b0000000c3
0000036c65ba6970df81ad73a7b1b7772f035aee63a60a105e06b5ae63a60a105c1e26c1
000003906b897127dc0d6b6ffbd78740381ad6ef1bbcdce00000000ff8000000252197c1
0000030e1a11b2e0406b5b9058e60027d0d6b72f9ea211f02147b34f9ea211e000000023
0000033a96d7ac9d635adc0f416a3c1016b5b839ee111d55bd6b707feffffff5b9fc5825
0000035030e75fffcad6e0cf4d0bda3015adc1af1bbcdce00000000f1bbcdcc7f22ebf81
0000036f0160c4a006b70610ee04ec47fd6e0c2f0160c4d006b7060f0160c4c005a2e443
0000038f0d5c1e6805b830af767d59601b706170403fd63fd6e0c2aff000001fd6e0c2a5
000003106cbac957ddc1856fb5b0f7602b830aef1bbcdce00000000f1bbcdcf0199522e1
00000337638c71061e0c2b68ebdd8751fc1856efb23add602a61806fb23add5000000083
000003509a39b2cfe0615b8f58b6005010c2b725dda96422b1856e3804406e980128b381
00000371d797ad3fb30adc6f43ea3f701615b8ef1bbcdce00000000f1bbcdce7da48c961
00000382fae752bb7856e38f590bc05010adc7217ec02a53995f3daa650e99c2314cd3c1
0000030f1160aec002b71c8f4e043868156e392f70cd14001adc722ff000000024b44d05
000003308d5f4d27e5b8e46fb67bff602b71c8ef1bbcdce00000000f1bbcdcc022a13de1
0000034e6ca052305dc723b1b585c167ab8e476f7d2d6f4019a46cef7d2d6f20000000a3
00000370a358aaa7ee391d8e2a7430404c723b30782d05f7d8e47656dffc9277d8e47621
000003909c9f6ecfe1c8ec8f55fbb8701391d92f1bbcdce00000000f1bbcdcf805c0b701
0000031022a14d9fce47644f6987fe301c8ec8b0f7aa9477fb0592379dba62068d39c2a1
00000339535057fd923b22cf4a65ca30147645ae380ef09048ec8b1fefffffe5b750aee5
0000034fdcd8842031d9163095746d67e3b22c6f1bbcdce00000000f1bbcdcc025f88ac1
0000037e609e1ad45ec8b1802df95033cd91632fea7a2af03c71bd8fea7a2ae000000083
0000039002aaec67c6458c2e2990bd204c8b186f3fe41e900916308f3fe41e801ea522e1
0000030fd30d5800322c61308adfd527e458c26f1bbcdce00000000f1bbcdce0271c4a41
000003291e30fbf1816309d510a4927682c613af4a267b901466a9cf4a267b6000000023
0000035fb7dde54c2b184e6f437eaf7016309cef6a383a301c6139bff000001452c9df45
0000037078b51147d8c2736f9daf47402184e6ef1bbcdce00000000f1bbcdce00d8e2223
0000038f83f2b1c026139b4f2b2006680c2736ae160c09d0436c354ff000000000000167
0000031099cfb537e09cda6f9f5a0f402139b4f012717bffc27369d84949dc1fc27369c1
0000032f082792f004e6d38f7c8a400819cda72f1bbcdce00000000feffffff01f9eac85
000003420766ac8b47369c0f62083c101e6d3822c3f56ea376126c897a5f8d321e89e701
0000036f3d6f5f8009b4e0cf561bda281369c1b040f2d107d6d3836ff0000007d6d38385
00000391ed20c70fbda706ef7684eb101b4e0def1bbcdce00000000f1bbcdcf7e94d41c1
0000031f6f5c030c1d3837ef727d63101a706ffe3b2dbe24482458bff0000002e3b92a05
0000032fbcba23f029c1bfd095b12207e3837fa2c7a720a37706ff1863792ba37706fee1
00000350638b243fde0dfe2f6bd32d501c1bfc6f1bbcdce00000000f1bbcdcc80a668721
000003705a031a7fd06ff1af58c3513010dfe370deeb1337f155f3f7c42118b69c619201
0000038f9642e8b0237f8d104040b467d6ff1a336c440dcf1dfe3457e69cef4f1dfe3441
00000317f44d7e9e3bfc688f445f981017f8d12f1bbcdce00000001f46628f8664f70621
0000032fa431cfc02fe344d0a4a6fa67efc689afa514dbb02faa01cfa514db8000000063
0000035067d445c7df1a264e636dee605e344cb06a1eb81fdc689936dcefcc1fdc689921
00000370b8f81537e8d1326f9d354f4021a264ef1bbcdce00000000f1bbcdcf01b5a2801
0000039c019a92d4c68993826ff040335d13272fca547750347a2aefca54774000000023
000003160a8eac36444c9c2879d83d31d8993871df751f1fb13270f69572ec5fb13270e1
0000032fd22f5b103264e1f1c89bd327b4c9c3ef1bbcdce00000000f1bbcdcd005f983a3
000003411720e3a383270fdd4284a214964e1fafb1703ac02ab3398fb1703ab0000000e3
000003703f5d27afc9387ecf527f2a701270fdaf883b31e024e1fb4f883b31f7ed11a9c1
00000390fcb306e7f9c3f68f95a368002387ed2f1bbcdce00000000f1bbcdce02f739801
0000061a4bfa4bfa4be5b41d97dd97dd97c2683fffffffffffe0001fffffffffffe0a341
0000062ddf6ddf6ddf722098bed8bed8bec7413e0dbe0dbe0da1f25fffffffffffe00043
0000064efb2efb2efb3104d876587658764789bd6cbd6cbd6ca2935fffffffffffe28161
0000066e596e596e5971a688b2c8b2c8b2d74d3fffffffffffe0001fffffffffffe18581
0000069dcbfdcbfdcbe2341a97da97da97c5683dcbfdcbfdcbe2341fffffffffffe23e41
000006185fb85fb85fa7a04f3f4f3f4f3f50c0a57e857e857e9a817ffffffffffffa8161
0000062a7d0a7d0a7d1582ee7a0e7a0e7a1185ffffffffffffe0001fffffffffffe02223
0000064768076807681897ff501f501f5000affe2fbe2fbe2fa1d05ffffffffffff001c3
00000667400740074018bfff001f001f0000ffee000e000e0011fffffffffffffff29fc1
0000069e803e803e80217fd8005800580047ffbfffffffffffe0001fffffffffffe1ff61
000006178157815781487ebf029f029f0280fd6e032e032e0331fcdffffffffffff00303
000006388a788a788a67759e14de14de14c1eb20a9e0a9e0a9ff561fffffffffffff55e1
0000064a53ea53ea53f5ac1da7dda7dda7c2583fffffffffffe0001ffffffffffff09141
0000067d1f5d1f5d1f42e0bb3e9b3e9b3e84c17d1f5d1f5d1f42e0bfffffffffffe2e601
0000069d7add7add7ac2853a759a759a75858a70eb70eb70eb6f149fffffffffffef1481
0000060a56ca56ca56d5a93cad9cad9cad83527fffffffffffe0001ffffffffffff18b01
0000062ab62ab62ab63549ccec4cec4cec5313af174f174f1750e8bfffffffffffe00003
00000645b1c5b1c5b1da4e2f638f638f63909c6a472a472a4735b8dffffffffffff5b101
000006640e640e640e7bf18f1ccf1ccf1cd0e33fffffffffffe0001fffffffffffe55661
000006887368736873778c9e66de66de66c1993e57be57be57a1a85fffffffffffe000a3
0000061a9b7a9b7a9b65648bb6cbb6cbb6d4492eedaeedaeedb1125ffffffffffff25821
0000063fdb7fdb7fdb602496b6d6b6d6b6c9493fffffffffffe0001fffffffffffe16561
000006575b375b375b28a4df365f365f3640c9adfe0dfe0dfe1201fffffffffffff00103
0000067259925992598da66f330f330f3310ccf8e678e678e667199fffffffffffe5a2e1
00000690ccf0ccf0ccef330f19cf19cf19d0e63fffffffffffe0001ffffffffffff8a0e1
00000618e738e738e72718ce4e4e4e4e4e51b1beac7eac7eac61539ffffffffffff00103
0000062f390f390f3910c6f97219721972068df76417641764089bffffffffffffe89bc1
00000656c836c836c82937cf104f104f1050efbfffffffffffe0001ffffffffffff2ac01
00000676c116c116c1093eff021f021f0200fded422d422d4232bddffffffffffff00743
0000069608f608f608e9f71f11df11df11c0ee2ea3eea3eea3f15c1fffffffffffe35801
0000061a47fa47fa47e5b81d8fdd8fdd8fc2703fffffffffffe0001fffffffffffe0aca1
00000636bf16bf16bf0940ff7e1f7e1f7e0081edbccdbccdbcd2433fffffffffffe00483
0000064ef8eef8eef8f1071971d971d971c68e3ce3bce3bce3a31c5fffffffffffe319e1
00000660c760c760c77f388f0ecf0ecf0ed0f13fffffffffffe0001fffffffffffe8ade1
00000699bbd9bbd9bbc6443d779d779d7782886eafeeafeeaff1501fffffffffffe001e3
00000607de27de27de3821df3c5f3c5f3c40c3aaf88af88af895077ffffffffffff50861
00000629f109f109f1160eeee20ee20ee2111dffffffffffffe0001fffffffffffe02c03
00000647080708070818f7ff101f101f1000effd975d975d974268bfffffffffffe002e3
00000661c021c021c03e3fcf004f004f0050ffbd80bd80bd80a27f5fffffffffffe7bfa1
0000069d015d015d0142feba829a829a82857d7fffffffffffe0001fffffffffffe0fc01
000006178a378a378a2875df145f145f1440ebae1dae1dae1db1e25ffffffffffff00043
0000062251025102511daeef220f220f2210ddfd445d445d4442bbbfffffffffffe717e1
0000065988b988b988a6775e915e915e91416ebfffffffffffe0001fffffffffffe07323
0000067e455e455e4541baba0a9a0a9a0a85f57e455e455e4541babfffffffffffe1d101
000006952ad52ad52acad52f558f558f5590aa612b412b412b5ed4bffffffffffffed4a1
00000609568956895696a97e2d1e2d1e2d01d2ffffffffffffe0001ffffffffffff10b81
00000628340834083417cbee680e680e681197ee0eae0eae0eb1f15fffffffffffe00283
00000645a085a085a09a5f6f410f410f4110bee182218221823e7ddffffffffffffe7dc1
00000668044804480457fbbf089f089f0880f77fffffffffffe0001ffffffffffff17321
0000069da25da25da2425daa448a448a4495bb7f5d1f5d1f5d00a2ffffffffffffe000a3
000006089268926892776d9e24de24de24c1db2dc9edc9edc9f2361ffffffffffff28de1
0000062113c113c113deec2f278f278f2790d87fffffffffffe0001fffffffffffe84781
000006471e071e071e18e1ff3c1f3c1f3c00c3fdd3bdd3bdd3a22c5ffffffffffff004a3
00000670f0f0f0f0f0ef0f0f61cf61cf61d09e3943b943b943a6bc5ffffffffffff81901
0000069087708770876f788f0ecf0ecf0ed0f13fffffffffffe0001ffffffffffff8ea01
00000600bb20bb20bb3f44cf764f764f765089a7ac07ac07ac1853fffffffffffff3a920
0000062259025902591da6ef320f320f3210cdfae45ae45ae4451bbfffffffffffe70fe1
00000649488948894896b76e110e110e1111eeffffffffffffe0001fffffffffffe12b01
00000678441844184407bbef080f080f0810f7fecadecadecac1353ffffffffffff00183
00000697205720572048dfaf408f408f4090bf6d816d816d81727e9ffffffffffff2d2e1
0000061d02dd02dd02c2fd398599859985867a7fffffffffffe0001fffffffffffe1f7a1
0000063d163d163d1622e9c9ac49ac49ac5653be3ebe3ebe3ea1c15fffffffffffe00003
00000641b121b121b13e4ecf624f624f62509dbfc4ffc4ffc4e03b1fffffffffffe77e81
0000067989d989d989c6763d939d939d93826c7fffffffffffe0001fffffffffffe16361
000006994e994e994e86b17e1d1e1d1e1d01e2eee22ee22ee2311ddffffffffffff00123
00000607f427f427f4380bdf685f685f684097a4d0a4d0a4d0bb2f5ffffffffffffb2f41
00000620a160a160a17f5e8f42cf42cf42d0bd3fffffffffffe0001fffffffffffe8a461
000006440b840b840b9bf46f170f170f1710e8eaa10aa10aa1155efffffffffffff11341
0000066e5c8e5c8e5c91a369390939093916c6e7f227f227f2380ddffffffffffff80da1
0000069164516451644e9baf488f488f4890b77fffffffffffe0001ffffffffffff7df01
0000061ba23ba23ba2245dcbc44bc44bc4543bbedd5edd5edd4122bfffffffffffe00043
000006289188918891976e7f231f231f2300dce0c660c660c67f399fffffffffffff3981
0000064e8cee8cee8cf1731919d919d919c6e63fffffffffffe0001ffffffffffff0da81
0000067167516751674e98af4e8f4e8f4e90b1782c782c782c67d39fffffffffffe01200
000006893a093a093a16c5ed740d740d74128be0e860e860e87f179fffffffffffff1781
0000060650e650e650f9af1f21df21df21c0de3fffffffffffe0001ffffffffffff317e1
0000063e87be87be87a178578f578f578f4870ad968d968d9692697ffffffffffff00043
00000641bda1bda1bdbe424f7b4f7b4f7b5084b276d276d276cd893fffffffffffed8921
000006646da46da46dbb924f5b4f5b4f5b50a4bfffffffffffe0001fffffffffffe4bc21
0000069bed7bed7bed64128b5acb5acb5ad4a53ec31ec31ec3013cfffffffffffff00043
0000060d6bcd6bcd6bd29439d799d799d7862874af14af14af0b50ffffffffffffeb50e1
000006225e025e025e1da1ef3c0f3c0f3c10c3ffffffffffffe0001fffffffffffe6f7a1
0000065670f670f670e98f1f61df61df61c09e2d4f4d4f4d4f52b0bfffffffffffe00063
0000067d07fd07fd07e2f80b0fcb0fcb0fd4f0281fc81fc81fd7e03ffffffffffff7e021
000006823f823f823f9dc06f7f0f7f0f7f1080ffffffffffffe0001fffffffffffe6c1c1
0000061f7c1f7c1f7c0083f778177817780887ee748e748e74918b7fffffffffffe00283
0000062ee0eee0eee0f11f1941d941d941c6be3203920392038dfc7fffffffffffedfc41
0000064f872f872f873078d70e570e570e48f1bfffffffffffe0001ffffffffffff1e401
00000668396839683977c69ef2def2def2c10d3ea53ea53ea5215adffffffffffff00023
0000069d4bdd4bdd4bc2b43997999799978668772f372f372f28d0dfffffffffffe8d0c1
000006175e575e575e48a1af3c8f3c8f3c90c37fffffffffffe0001ffffffffffff1f6c1
00000621f221f221f23e0dcf644f644f64509ba8d3c8d3c8d3d72c3fffffffffffe25ec0
0000065d111d111d1102eefb221b221b2204ddffc43fc43fc4203bdfffffffffffe0a341
0000067e085e085e0841f7b99099909990866f7fffffffffffe0001fffffffffffe0e7a1
0000068dc20dc20dc2123dea840a840a84157bedc20dc20dc2123dfffffffffffff23241
0000060090609060907f6f8f20cf20cf20d0df3ec1bec1bec1a13e5fffffffffffe8d0c1
000006378357835783487cbf069f069f0680f97fffffffffffe0001fffffffffffe1f601
0000064a1aca1aca1ad5e53cb59cb59cb5834a7e4a3e4a3e4a21b5dfffffffffffe00263
0000067fd63fd63fd62029d72c572c572c48d3b9d8b9d8b9d8a6275fffffffffffe62781
00000697b177b177b1684e8ee2cee2cee2d11d3fffffffffffe0001ffffffffffff1fd81
000006150b150b150b0af4ef160f160f1610e9fba09ba09ba0845f7ffffffffffff02b23
00000628584858485857a7bf309f309f3080cf6461046104611b9efffffffffffffb9ee1
00000647c207c207c2183def040f040f0410fbffffffffffffe0001fffffffffffe1bac1
00000677107710771068ef8f20cf20cf20d0df3daf1daf1daf0250ffffffffffffe00123
0000068083608360837f7c8f06cf06cf06d0f92f8def8def8df0721fffffffffffe8f5c1
0000061a1bfa1bfa1be5e41e37de37de37c1c83fffffffffffe0001fffffffffffe05923
00000631dfb1dfb1dfae204f3f4f3f4f3f50c0b88eb88eb88ea7715fffffffffffe1bd80
00000658fd18fd18fd0702ef7a0f7a0f7a1085e1f421f421f43e0bdffffffffffffe0be1
00000668e868e868e877179e50de50de50c1af3fffffffffffe0001ffffffffffff14f41
00000698c398c398c3873c7e871e871e870178eec82ec82ec83137dffffffffffff00143
000006079c079c079c1863ef380f380f3810c7e7f027f027f0380fdffffffffffff80fc1
0000063260726072606d9f8f40cf40cf40d0bf3fffffffffffe0001ffffffffffff6ee21
0000064903a903a903b6fc4d074d074d0752f8ad8b2d8b2d8b3274dfffffffffffe001c3
000006789d989d989d87627f3b1f3b1f3b00c4edf66df66df672099ffffffffffff1e761
0000069eecfeecfeece1131959d959d959c6a63fffffffffffe0001fffffffffffe05f63
0000061d675d675d674298bace9ace9ace85317d675d675d674298bfffffffffffe29f41
00000628ba68ba68ba77459e74de74de74c18b21e9c1e9c1e9de163ffffffffffffe1621
00000646d386d386d3992c6f270f270f2710d8ffffffffffffe0001fffffffffffe29201
0000067e9cbe9cbe9ca16359b959b959b94646be9cbe9cbe9ca1635fffffffffffe187c1
00000682e502e502e51d1aef4a0f4a0f4a10b5ec940c940c94136bffffffffffffe65861
00000609a829a829a83657cd504d504d5052afbfffffffffffe0001fffffffffffe19401
0000063dc17dc17dc1623e9902d902d902c6fd2e438e438e4391bc7ffffffffffff00003
0000064f0b8f0b8f0b90f47897189718970768fdae7dae7dae62519fffffffffffe235a1
00000660dce0dce0dcff230f39cf39cf39d0c63fffffffffffe0001fffffffffffe87c61
00000698677867786767989e4ede4ede4ec1b12e2c8e2c8e2c91d37ffffffffffff00163
0000061bbb3bbb3bbb2444cb764b764b765489ad6c8d6c8d6c92937ffffffffffff2ade1
0000063fd93fd93fd92026d7b257b257b2484dbfffffffffffe0001fffffffffffe07c63
00000641c9a1c9a1c9be364f134f134f1350eca8578857885797a87fffffffffffe22740
0000066a4dea4dea4df5b21d9bdd9bdd9bc2642437843784379bc87ffffffffffffbc861
000006886f286f286f3790cede4ede4ede5121bfffffffffffe0001fffffffffffe136c1
00000608796879687977869e72de72de72c18d3e6bfe6bfe6be1941ffffffffffff00123
0000063ecb7ecb7ecb61349816d816d816c7e93aaddaaddaadc5523fffffffffffe55361
00000641dba1dba1dbbe244f374f374f3750c8bfffffffffffe0001fffffffffffe780a1
00000679ddd9ddd9ddc6223d3b9d3b9d3b82c46e878e878e8791787fffffffffffe000c3
000006986e586e586e4791bf5c9f5c9f5c80a361b921b921b93e46dffffffffffffe46c1
00000608f268f268f2770d9de4dde4dde4c21b3fffffffffffe0001ffffffffffff1ab81
0000062d134d134d1352ecbb269b269b2684d96d134d134d1352ecbffffffffffff2f2e1
0000064d9aed9aed9af2651a35da35da35c5ca3febbfebbfeba0145ffffffffffff0a0a1
00000677d757d757d74828bf2e9f2e9f2e80d17fffffffffffe0001fffffffffffe18a01
000006883a483a483a57c5bf749f749f74808b7f287f287f2860d79fffffffffffe00063
00000619d2b9d2b9d2a62d5ca55ca55ca5435aaf4acf4acf4ad0b53fffffffffffe1faa1
0000063d95bd95bd95a26a58ab58ab58ab4754bfffffffffffe0001fffffffffffe24281
0000064e2d8e2d8e2d91d2795b195b195b06a4fef87ef87ef861079fffffffffffe00003
00000672ec32ec32ec2d13cf584f584f5850a7aa30ca30ca30d5cf3ffffffffffff69481
0000069b61bb61bb61a49e4d434d434d4352bcbfffffffffffe0001ffffffffffff03a43
000006168d168d168d0972ff1a1f1a1f1a00e5ed250d250d2512dafffffffffffff00ca3
0000063268126812680d97ef500f500f5010affe201e201e2001dffffffffffffff6d061
00000657401740174008bfff001f001f0000ffffffffffffffe0001fffffffffffe23fc1
000006778097809780887f6f010f010f0110fefe013e013e0121fedfffffffffffe00203
0000069084f084f084ef7b0f09cf09cf09d0f63213921392138dec7fffffffffffedec21
0000060f270f270f2710d8f94e194e194e06b1ffffffffffffe0001ffffffffffff04b63
0000062fb86fb86fb8704796f0d6f0d6f0c90f2fb86fb86fb870479ffffffffffff1b1c1
00000644c364c364c37b3c8f06cf06cf06d0f9208de08de08dff721fffffffffffff7201
0000066e9bee9bee9bf16419b7d9b7d9b7c6483fffffffffffe0001ffffffffffff05903
000006895fa95fa95fb6a05f3f5f3f5f3f40c0a95fa95fa95fb6a05ffffffffffff6a041
00000608fd28fd28fd3702ce7a4e7a4e7a5185af74af74af74b08b5fffffffffffe085c1
0000062ee96ee96ee9711687d2c7d2c7d2d82d3fffffffffffe0001fffffffffffe1cb81
00000641cb21cb21cb3e34cf164f164f1650e9a85b685b685b77a49fffffffffffe36761
00000661d921d921d93e26cf324f324f3250cdbfe4ffe4ffe4e01b1fffffffffffe78601
0000069a49fa49fa49e5b61e13de13de13c1ec3fffffffffffe0001fffffffffffe053e3
000006084fc84fc84fd7b02f1f8f1f8f1f90e06ee52ee52ee5311adffffffffffff000c3
000006367ef67ef67ee9811f7ddf7ddf7dc0822e7bce7bce7bd1843fffffffffffe24421
0000065f779f779f77808878ef18ef18ef0710ffffffffffffe0001fffffffffffe04d23
0000067fbcffbcffbce04318f9d8f9d8f9c7063fbcffbcffbce0431fffffffffffe06623
0000068967a967a967b6985d4f5d4f5d4f42b0a11ec11ec11edee13ffffffffffffee121
00000608bd88bd88bd97427efb1efb1efb0104ffffffffffffe0001ffffffffffff0c9c1
00000638ec78ec78ec67139e58de58de58c1a72ebf6ebf6ebf71409fffffffffffe00023
00000649e3c9e3c9e3d61c3d479d479d4782b8618f218f218f3e70dffffffffffffe70e1
0000066f9e6f9e6f9e706196bcd6bcd6bcc9433fffffffffffe0001ffffffffffff214a1
0000069f731f731f73008cf966196619660699ff731f731f73008cffffffffffffe0b741
0000061118511851184ee7af308f308f3090cf7f611f611f61009efffffffffffff83ba1
0000063d421d421d4202bdf9041904190406fbffffffffffffe0001fffffffffffe23ac1
0000064190a190a190be6f4f214f214f2150dea82f882f882f97d07ffffffffffff32201
0000067d853d853d85227ad90a590a590a46f5b214921492148deb7fffffffffffedeb81
0000068ea92ea92ea93156d8525852585247adbfffffffffffe0001ffffffffffff191a1
00000601c941c941c95e36af128f128f1290ed68560856085617a9fffffffffffff38961
0000063e4a9e4a9e4a81b579151915191506eaf72a172a172a08d5ffffffffffffe8d5e1
00000657d437d437d4282bcf284f284f2850d7bfffffffffffe0001ffffffffffff190c1
0000067a21fa21fa21e5de1dc3ddc3ddc3c23c2f5caf5caf5cb0a35ffffffffffff00003
000006830f230f230f3cf0cf1e4f1e4f1e50e1a63ce63ce63cf9c31ffffffffffff9c161
0000061ef9fef9fef9e10609f3c9f3c9f3d60c3fffffffffffe0001ffffffffffff024a3
00000620cfe0cfe0cfff300f1fcf1fcf1fd0e0276587658765989a7ffffffffffff41400
000006477f277f277f3880df7e5f7e5f7e4081a27c827c827c9d837ffffffffffffd8381
0000066779277927793886df725f725f72408dbfffffffffffe0001ffffffffffff19501
00000687c947c947c95836bf129f129f1280ed7e561e561e5601a9ffffffffffffe00223
00000611cab1cab1caae354f154f154f1550eab42a942a942a8bd57fffffffffffebd4c1
00000627d507d507d5182aef2a0f2a0f2a10d5ffffffffffffe0001fffffffffffe18ec1
0000064d280d280d2812d7fb501b501b5004afed280d280d2812d7fffffffffffff2dca1
00000678405840584047bfbf009f009f0080ff6201020102011dfefffffffffffffdfec1
0000068d822d822d82327dd98459845984467bbfffffffffffe0001ffffffffffff17961
0000061f91bf91bf91a06e58a358a358a3475cbf91bf91bf91a06e5fffffffffffe0cd41
000006378d578d578d4872bf1a9f1a9f1a80e56135413541355ecabffffffffffffeca81
000006496a896a896a96957e551e551e5501aaffffffffffffe0001ffffffffffff0c781
00000667d427d427d4382bdf285f285f2840d7be6f1e6f1e6f0190ffffffffffffe000e3
0000069121512151214edeaf428f428f4290bd7105510551054efabfffffffffffeefaa1
000006090a890a890a96f57e951e951e95016affffffffffffe0001ffffffffffff0e121
0000062e54ee54ee54f1ab09a9c9a9c9a9d6562f70af70af70b08f5ffffffffffff00023
00000647274727472758d8af4e8f4e8f4e90b1679d479d479d5862bffffffffffff862a1
00000673bab3bab3baac454f754f754f75508abfffffffffffe0001ffffffffffff55581
0000068d558d558d5592aa7aab1aab1aab0554ff72df72df72c08d3ffffffffffff00083
0000060a2cca2cca2cd5d33d599d599d5982a668336833683377cc9ffffffffffff7cc81
0000063166d166d166ce992f4d8f4d8f4d90b27fffffffffffe0001ffffffffffff7d561
0000064a36ca36ca36d5c92ced8ced8ced93126e9aee9aee9af1651fffffffffffe001e3
00000667360736073618c9ff6c1f6c1f6c0093e7580758075818a7fffffffffffff8a7e1
0000069230123012300dcfef600f600f60109fffffffffffffe0001ffffffffffff701e1
0000060200020002001dffef000f000f0010ffe880c880c880d77f3fffffffffffe32001
00000637001700170008ffff001f001f0000ffe78027802780387fdffffffffffff87fa1
0000065080708070806f7f8f00cf00cf00d0ff3fffffffffffe0001ffffffffffff8fec1
0000066f034f034f0350fcb8869886988687797f093f093f0920f6dfffffffffffe000c3
000006811a411a411a5ee5af348f348f3490cb7769376937692896dfffffffffffe8f201
00000610d270d270d26f2d8f24cf24cf24d0db3fffffffffffe0001ffffffffffff89481
0000063213121312130decef260f260f2610d9f8b6b8b6b8b6a7495ffffffffffff2b241
0000065118711871186ee78f30cf30cf30d0cf286188618861979e7ffffffffffff88541
0000066fc32fc32fc3303cc7064706470658f9bfffffffffffe0001fffffffffffe16d01
0000068519051905191ae6ef320f320f3210cdebc68bc68bc694397fffffffffffe025c3
00000601c861c861c87e378f10cf10cf10d0ef2921e921e921f6de1fffffffffffe767c1
0000062643c643c643d9bc2f078f078f0790f87fffffffffffe0001fffffffffffe33681
000006589e789e789e67619e3cde3cde3cc1c32e542e542e5431abdfffffffffffe00083
0000067273927392738d8c6f670f670f671098e7ce27ce27ce3831dffffffffffff846a1
0000069b1c7b1c7b1c64e38bb8cbb8cbb8d4473fffffffffffe0001ffffffffffff1b101
0000061a63fa63fa63e59c1e47de47de47c1b83a63fa63fa63e59c1fffffffffffe59c01
000006291f891f891f96e06ebf0ebf0ebf1140ef7e4f7e4f7e5081bfffffffffffe02763
00000659fcb9fcb9fca6035ef95ef95ef94106bfffffffffffe0001fffffffffffe02283
00000666e506e506e5191aff4a1f4a1f4a00b5fda37da37da3625c9fffffffffffe003a3
0000068ca8cca8cca8d3572ad18ad18ad1952e6fa36fa36fa3705c9fffffffffffe0c8a1
0000061ec6fec6fec6e139190dd90dd90dc6f23fffffffffffe0001fffffffffffe0af01
00000636375637563749c8af6e8f6e8f6e90917d1cdd1cdd1cc2e33ffffffffffff00ba3
0000065d3a1d3a1d3a02c5f97419741974068bf8e858e858e84717bfffffffffffe717a1
0000066550a550a550baaf4f214f214f2150debfffffffffffe0001fffffffffffe41881
0000069e055e055e0541fab98a998a998a86756f0f2f0f2f0f30f0dffffffffffff00083
0000061f2a1f2a1f2a00d5f9541954195406abf128312831282ed7dfffffffffffeed7c1
0000062150415041505eafaf208f208f2090df7fffffffffffe0001fffffffffffe81921
000006478227822782387ddf045f045f0440fbbe06be06be06a1f95ffffffffffff000c3
0000066191a191a191be6e4f234f234f2350dcb9469946994686b97fffffffffffe7fbc1
000006920d120d120d0df2ef1a0f1a0f1a10e5ffffffffffffe0001ffffffffffff75a21
0000061768176817680897ff501f501f5000afee2fce2fce2fd1d03fffffffffffe00243
00000639c0d9c0d9c0c63f2d818d818d81927e6203420342035dfcbffffffffffffdfca1
0000064206820682069df96f0d0f0d0f0d10f2ffffffffffffe0001fffffffffffe76c81
00000669348934893496cb7ee91ee91ee90116e9348934893496cb7ffffffffffff6cb61
0000069324f324f324ecdb0f49cf49cf49d0b62713c713c713d8ec3ffffffffffff8f101
00000602a782a782a79d586f4f0f4f0f4f10b0ffffffffffffe0001fffffffffffe69581
000006323c523c523c4dc3af788f788f7890877931b931b931a6ce5ffffffffffff2a561
0000064f628f628f62909d78c518c518c5073af10a510a510a4ef5bfffffffffffeef581
00000669148914891496eb7ea91ea91ea90156ffffffffffffe0001ffffffffffff0c581
0000068224822482249ddb6f490f490f4910b6e8e3c8e3c8e3d71c3fffffffffffe31641
00000600a4e0a4e0a4ff5b0f49cf49cf49d0b63993d993d993c66c3fffffffffffe8a321
0000063227922792278dd86f4f0f4f0f4f10b0ffffffffffffe0001ffffffffffff71561
000006413cc13cc13cdec32f798f798f7990866833e833e833f7cc1fffffffffffe3d7c1
0000066166416641665e99af4c8f4c8f4c90b37f191f191f1900e6ffffffffffffe7d761
0000069e321e321e3201cdfa641a641a64059bffffffffffffe0001fffffffffffe03ea3
000007198189575562fa6f95ac225c3fa030df22618faf5cdce00007ae4fc00fc003d0d1
0000073d7af0698b2d4dfc7c5ae0219f3f50f8ff0c38f4210a2775af7ff8f43f7fe28c45
0000075a974992e5539e63d38c23d43fc230c7a1ac2f5c3ce0200f26a5af5c2fc007b181
00000765f74e4ae4a59e1e4d4c24643e2e30bca2618faf5cdce0000bc54fc01cf9076951
0000079ecc208427163ef2bb3ae1f99f4950e5740c2a343dba3859af800a343f0d536fa5
000007070c26f4368a2295a8bae5198e7144ab77c182c74f86ecd687d7a49eefc00cd691
000007292c257c26683ead34fae2099fb550da62618faf5cdce00016a82fc00fc00813b1
000007580c2934257a2669b6baf2999b9151d3726183af5fdce0c0074c54008fc0100103
00000771174b72e5eb8e4dc48c26143eb2309bafa18cdf4400f6370fc00ce3dd23d793f1
00000799e1814f4f64fcee156c226c3fac30dc22618faf5cdce00007d02fc00fc0064cb1
0000071e4c20a43f1e20f0ba3af9b98159476176ac229c3f9030d32f8012238fc00000d7
000007231757f2facb9185c08c3f1420f2370ba7baf6d98a815d9767baef7fea813d9745
00000749dae541966752aef51ae27187ab46dde2618faf5cdce00017846fc01cdd1217b1
0000077fbae0d9870156f779daf9419967416efbf741caff4580e64fc012635f45900093
0000078cac2c1c3c30203b3ffae8c99d055876794c29643d6e386cafc00d76af80186ca5
000007143af2398bb94dd96edae4819e1750b2e2618faf5cdce0001b9fcfc01f801717f5
00000730a1831f4ff0eccb07ec26cc3e84309639e1914f4b64e5ee19e1824a2fc0105b01
000007546c322c33bc2bd82e7ae4a99e1d50b07a4c21a4275e3ee0bb8d419d0a6a9ee0c1
000007723ae3b997d952c162daf7818ad74582e2618faf5cdce00002614fc01cf3b0c5b1
000007809ae7119ef3488be79ae6d19e834097eb2c35fc3a4831a52b2c25e02f80000367
000007158c3a5431a2235fadbaec598c21543f7dc198474126ff7e9dce5f34564c3f7e81
0000073d2c307c2b2835fd3cfaf8099135437a62618faf5cdce0000f7fefc01cdcf1f795
000007580c2134277a3ee9b6bae2999f9150d372618baf5ddcf840074c4baf4fc0046671
00000771174b72e5eb9e4dc48c26143eb2309bafac34dc2a0025b72fc00a0c9d21c788b1
00000799faf1498b654dee755ae2619faf50dce2618faf5cdce00007d6afc00fc0174db1
0000071e9af0918b135df3fb9ae1d19f4350e7f5775a6ae1ad975c4f801a6aff80032485
00000725b74e5af4a1821f4dcc3c442026273ebd2c307c2b2825fd3d079f7feb2805fe05
0000075cfaf0098b354dfa7f5ae0e19f0f50f4e2618faf5cdce0000f7fefc01f80176f95
00000776974a92fd939053cb8c25d43e4238a7b6918a935d93f053daa62aa28f80013185
00000785daf6418aa75d9eed1ae4719e2b50bdfc8c3014233237fbbc5613373f8017c0c5
0000071fbaf0d98b014df779dae1419f6750eee2618faf5cdce0000fc00fc01f801766f5
0000072cac3c1c20302f3b3ffae0c99f0550f66f4c24e43e0e28b4afc01503be0e248901
000007543ae23997b94ad96edae4819e1750b2fb1af1f18b4b5de5fbed51ebce5e1de601
00000770974b12f5f3924bc78c2ed424822617a2618faf5cdce000024cefc01cdcf0f151
00000795ec324c33a43bde2d7ae4699e2d50bc6a8c3d9428523523bbc47d942a6b505a63
0000071e0c20b4271a3ef1babae1999f5150e373cc23c427c62ec6af8003c43efc0ec6a5
00000721374f7af4e9920d44cc3e0428b6251aa2618faf5cdce0000262afc01cdcf02ab3
00000758daf9018977556af71aeaf18d8b5455f34c2be435ce3244a8845c026f7ff00347
00000777ac32dc2b8035d729fafd499065432e75574262e7af96dcda28e8ad67ae16dce1
0000078c0c2434263a3eb9bebae0999f1150f362618faf5cdce0001f800fc01e05483095
00000711019b7741eaff4d84ac261c3eb0309b3c37483afd3998795c375a0b3d3a334e81
000007394c2164276e2eecb43ae2399fb950d96ecc34843a1629b2aecc34840fc0099991
0000075b3ae9f99d49506570daf30183f757cae2618faf5cdce00004a6cfc01ce000a0b1
00000768a18d1f5470f22b17ec32cc2b8425d621b7475afee1808f5914f8473ee1800043
00000794418a275dbee8588e2c3cbc381831313af7418ae75596e25b7ddf75ce62f6e281
00000713419be741ceef44802c273c3ef8308922618faf5cdce00002618fc01cde985291
0000072b5745e2fe4f98a4d00c23343ffa20c9a2018fb754dae2019244afc00fc0100213
0000074bc19dc74046ff26912c237c3fe830cd24fafe0980b5471a7506fe0a0fc00898a1
0000076f5754e2ea0f85b4d80c2134377a32e9a2618faf5cdce0001f7fefc01ce15124f5
0000078bfaf5c9824547a6715ae3619fef50cce3175ff2f8cb8105d5d1cfc00fc0000143
0000070e9ae4919e1348b3fb9ae1d19f4340e7f1819b5741e2f74f9f801b574f80174f65
00000725ac265c26a02e9f2dfae4499e2550be62618faf5cdce0000c28afc01d9e97ecb1
0000075c0c2034273a3ef9bebae0999f1150f3791ae9719d6b586def7fe9719ef0b40fa5
00000771374b7ae5e9864d44cc3e0438b6211aaf375cfaf80991354f375f7ff833111645
00000798c191074376e7ea972c3afc3988215522618faf5cdce00008822fc01cdce1c351
000007177afae9818d4754685ae5219e7f40a8e14c27643eee308cb856986dbeee300083
0000072abae599865156a373dafbc199c74146e1018f775ceaf00d971faf773ceb908c61
00000744a1961f5ab0e99b0fec24cc3e0420b622618faf5cdce0000fc00fc00f7fe2dc95
000007745ae2219fbf50d8ee1ae4b19e1b48b1e7ec2ecc348422163b028ecc4fc0100493
00000793a193df53c0fbc701ec274c3ee4308e256c3e6c20ac3f1c256c3e6c2b2bff1c21
0000070c7af4298a3d5db87e5ae0a19f1f50f0e2618faf5cdce0001f800fc01f80072d95
000007328c3b9439d22943a3bae7d99ec1508771e18b4f55e4e24e11e4bb940f7ff00727
00000745174e72e4ab8e1dcc8c24143e3230bbbfac20dc27002ef72fc00b0c9b6e4ef711
00000779f7414ae76596ee554c22643fae20dca2618faf5cdce00007c56fc00fc01066b3
0000079edae0819f1740f2fb1ae1f19f4b48e5f4c18a0755b6f25a8f800a074f80100347
00000707ac26dc26803e9729fae5499e6550ae755ae26197af4adcea2884b45d658ae021
0000072c174c32e43b9e39de8c20943f1230f3a2618faf5cdce0001f7fefc01d0927b0d5
00000751f7434ae7e586ce454c266436ae229cbd7af0699b2d51fc7d7b02279b2df00023
0000077ef7488ae5159e725b4c21e43f4e30e4b03af3399bf941c96f801276fd1787d885
00000786dae6819e974092eb1ae5f19e4b48a5e2618faf5cdce0000a846fc00f8001be75
00000707b756daea81959749cc3544326633aeb1f7534afbe591ce4a12248e7be5800063
0000072ce19c0f5034e33a1f6c20ec2f0c34f43877492ae57d9e685f7fe929d757be6845
00000756418aa75d9ef0508a2c25bc3e5828a122618faf5cdce00019022fc00f7ff14ad5
000007637747eae6cd9684404c272436fe2288a12c377c3ae8218d212c66445ae8900023
0000078ae19d8f4054ff22136c23ec3fcc30c42077472ae6fd868856d01a018fc00884a1
00000706418ea74c9ee4108a2c25bc2e5834a122618faf5cdce00009022fc00f801135f5
00000723619fef58ccf104006c2f2c24fc260823675feef8cc910403674fc018d2d11581
0000074a6c25ac3e5c30a0327af3a983dd47c0624c27a426de2e80b56447a41abd8e8081
000007623ae7b986d9568162daf7819ad74182e2618faf5cdce0000261efc01ce2908451
000007809af7118af35d8be79ae6d19e835097eb2185ff4648f6a50b2195dd1f8002f705
000007159af2519ba351dfed9af4518a2345bffd975852f923817fdda31852fe506155c1
0000073d8c3054232227ffbdbae0599f2140ff62618faf5cdce0000f7fefc01ce9a17f15
0000075d1ae071972b42fdfc9ae011873346fbfc3ae839953952796f7fe8399703800347
00000779baf1599b6151ef75dae24187a746deed174c72f42b823dcd178c72fb932209c1
0000079c8c3014233227fbbfbae0d99f0140f762618faf5cdce0000fc00fc01ce8217331
000007153ae2799fa940dd6cdaf401823747baea3afdb9985951217a04bdb98fc0000093
000007389ae111977342ebf79ae2d18f8344d7e99ae5519e6348afe9c9a5518fc008aff1
000007559af2518ba34ddfed9ae4519e2350bfe2618faf5cdce0001bbb8fc01f801727f5
0000077d8c205427223effbdbae0599f2150ff7d974852fd23987fcf8008531ee0b43fc5
0000079d0c2074372a32fdbcbaf8198931557b7fdaf0c1930753f6efc0116c18ebb3f301
00000719175172f36b93edd48c3a1429b2355ba2618faf5cdce00006268fc01cdce1cc11
00000739daf1419b6741eef51af2718bab55ddf9dc31403b6721eef9d3d13fff7fe1d4e5
0000075f9748d2e5039e77d98c21543f6230efb5bae2599fa148df6fc0030dafc0090cb1
0000076ddaec419427523efd1af871812b577de2618faf5cdce0001f7fefc01cdce23d75
0000079fbaf0d98b014df779dae1419f6750eefbe199cf4144e7660fc019cf5f801353d5
0000070c8c24143e3230bbbfbaf8d98101577779d75942e1679f6ecfc01943f7b3ff6ed1
0000073501827757aafadd8cac241c3e3030bb22618faf5cdce0001a2e2fc00e4f8421f1
0000075961996f496cfd6c146c222c3fbc30d833b743dae7c196c7464a534dcfc0102811
0000077a5741a2ff5f80e0d20c33b423da37c1a2a1979f5ad0f98304f5d79f5bf2b98301
00000783e19fcf40c4ef06016c276c3eec308c22618faf5cdce0000261efc01cdd5812d1
0000070e6194af4a1cf5b01a6c31ac3b5c21e02e6754aeea1c95b01f8014aefe0655b025
00000722618faf44dcf600026c3fac38dc310022619faf40dcff000261afc0163ddefff1
000007426c2fac24dc3600227ae7a996dd428062618faf5cdce0000261afc01cdd1100b1
000007621af7b18adb5d81e29ae7919ed35083e32c27fc26c83685232c46c99f7fe2aea5
00000781974f52fce3900fc58c2e543ca2381fada1945f5a20f9bf0da18f800f8019bf05
0000071de1904f5b24e1fe1d6c306c2b2c35fc22618faf5cdce0000f800fc01eeb907d37
0000073e7748aaf51d82705a4c39a4295e2560be7188ab551de2704f7ffad07712827d65
00000742d74782fed78882c30c27f43eca2085a0baf7198af15d8b60c227accf7ffd8b65
00000767daf6c19a875196e91af5718a6b45ade2618faf5cdce00009848fc01db3903333
0000078f8c34d43a0221b7b9baf1598b6145ef6f8af4d59a0241b7afc014d59de601cd31
0000070d2c247c362822bd3cfaf0098b3545fa7f4198e7590ee1749f8018e75a1ac1d6c5
000007382c213c3f7820e936faea899d95485262618faf5cdce00007a8cfc00f7fe1bf95
000007500c233427fa2ec9a6bae6999e91509378575122e37f87e8d857622f5f0e039b01
00000771174b72edeb9c4dc48c26143eb2309bafa19cdf4000ff370fc01cdadf7fff36f5
00000799e1894f5564f26e156c326c2bac25dc22618faf5cdce00007d02fc01cdf50ccb1
0000071e4188a75d1ee0709a2c39bc395829613e4748a6fd1e80708f801aeb6ef88253e5
000007234c2fe43cce3804a03ae7399ef9408966d74e82e4979e12c6d74fc00f7ffe12c5
0000074b019df7404af72590ac331c3bf021cb22618faf5cdce00014202fc01cdd118371
000007696c256c2e6c34ac347aea298dbd5458660c36b43a9a3191b5b68805ef80100087
0000079a0199b7415aef6192ac239c3fd030c323faffc980c54706654d8fc00fc0189b21
000007015af7618aef4d8ce41ae6319ebb5099e2618faf5cdce00002620fc01f8016a975
0000073ba181df4f40e4e711ec234c37e432ce3ba741deef4084e71ba721df9f1724e6a1
0000074c6c242c2e3c2cb83e7ae0a99f1d50f07a5749a2e55f9e60df8009a2ff801e60e5
00000772018bb75ddaf04182ac279c3ed0288322618faf5cdce00002616fc00f80110635
000007817aff6980ed470c645ae6219ebf4098e17c3f6820ed270c617f9f801831470c65
0000071ab7499ae551866353cc3bc431c62346a12c377c2ae8358d27123ded6ae8358bc1
00000724f74e0aecb58c1a4f4c24e43e0e30b4a2618faf5cdce0000cc52fc01f7ff559b5
00000756d74a82fd978052cb0c2df43c4a2825b6d18a835d97e052da6d6f7fef7fe11465
00000767e186cf5684ea96096c256c3e6c30ac346c222c3fbc30d829d004c4afc013cd11
0000078e7744aae61d86b05a4c21a4375e22e0a2618faf5cdce0001f800fc01cdce21ab5
00000702f74f8ae4d59e02434c27e43ece3084a3d75fc2e0c79706c3d78fc01c2be25351
00000726f75e8af89581124b4c2de43c4e2824b021933f5bf8e9c90ac53f7fed51a9c905
00000746ec2e8c349422122b7ae5e9864d56a462618faf5cdce0000ae76fc01cdd113bd1
00000766174eb2f49b8211ca8c2594265226a3ace19c0f5834f13a0ce2ec8778350000c3
00000781c19f4740e6ff0e852c267c3ea8309d2cf74c0ae4358e3a4cf75e3b9816ee3a41
0000071f4c30e43b0e31f4b83af1398b7945e962618faf5cdce0000f800fc01f11506f97
0000072b374dfae449962550cc3b0431f6234aa2d74f82f4d78202d484afc014d7900053
00000748e19d0f5874f12a176c22ec278c26d4287ae5299e7d40a878253882fe7d601b83
000007765af2a19b9f41d0ea1af5b1825b47a1e2618faf5cdce00019046fc01cdce20431
00000783bae7d996c1528761daff4188e7450ee3bc27d836c1328763bc5f801846d28c25
0000070cac241c3e3030bb3ffaf0c9830547f679419967416eef6c8fc0196759b76f6c81
00000734219a3f59b8f1590eec248c261426b222618faf5cdce0001b94efc01cdd5096f1
000007504c23242ffe2cc8a63ae6b99e9950917ab7519aeb5185e35ab762206fc0119bc1
000007732193ff5bc8f9c500ec270c3ef4208a277ae6e99e8d5094677ae6e76f8012ddc5
000007885afd21987f4928f61ae2b19f9b40d1e2618faf5cdce00017044fc00fc0028a91
00000713a19bdf41c0ef4701ec274c3ee4308e354c2a643dae285cb54c3b959dae93ab81
0000072c418c27543ef2389e2c20bc271826f13ae1898f5554e2621f7fe98fb571220b05
000007536193ef4bcce5c4006c2f2c34fc220822618faf5cdce00002616fc01cde806833
0000076a5af5a18a5f5da0f21ae3b19fdb50c1febae099871156f37ebaf1b98fc00216a1
000007838c27d426c23e87a1bae7599ee1508f65dafe4198a7491ee5dafe419e2ae931e1
0000070d174c72e42b8e3ddc8c20143f3230fba2618faf5cdce0001f800fc01d0c57ba95
00000739daf9419967496ef51ae2719fab40ddf1974352f7e392cfc7847401cfc0100b73
0000075f8198d74102ef7799ac215c3f6030ef35e18a4f5da4e05e0fc00a4f3da538e751
0000076d61946f4a2ce5bc1c6c302c3b3c21f822618faf5cdce0001f7fefc01e1aa05b37
0000079a6c21ac275c3ee0327ae3a99fdd50c068574d22fc7f9828c85aed22efc013a7e1
00000702374fbae4d9860142cc3f8430d62302a32c27fc36c83285232c4fc016c8324851
00000720f74f0af4f5820a474c3ee4208e2714a2618faf5cdce000027a2fc01cdce1a091
00000756f7428ae79586d24b4c25e43e4e20a4b6f1828b4795e6d25ac6229abe70c6d241
00000766cc2e8434963a12ab3ae5f99e4950a570d74302fff798caca952d00efc018caa1
000007870186f74e8ae49588ac2d1c2c70342b22618faf5cdce000082e4fc00f801147f5
0000070977456ae66d96ac544c222437be22d8a6174eb2f49b8211d537aeb2f6ba300003
0000073aec298c25543662337ae3e997cd52c4605ae72196ff5288e6e767417714f23b01
00000746174eb2f49b8211ca8c2594265226a3a2618faf5cdce00009258fc01cdd013a51
00000761dae74196e7428ee51ae67186ab469dee4194a75a1ef1b08e41a621da1f700103
0000079fb748dae5018e7759cc21443f6630eeb53af2798ba94ddd6fc001abdcbe8ddd71
0000070cd74c02f437923adf0c20f4270a26f5a2618faf5cdce0001f800fc01cdcf1b335
00000737cc22c43f8630d6a93ae579866946ad77cae2c59f8650d6b9a1a2d16fc0110fb1
0000074f374cfae409963558cc39043176236ab72192ff5b88f9d51f801e819b8919d525
00000768ec3d0c3874292a377ae2e99f8d50d462618faf5cdce00018e74fc00fc0128d31
000007963ae2b99f9940d16adafd8180574722e30c27f43eca3085b99fd87d4fc0100073
00000700ac271c36f0328b27faeec98485461669574562fe6f88acc9574e75de6f88acc1
0000073401923753bae3d98eac3c9c2810353322618faf5cdce0001b2e2fc01cdcf19831
0000075161936f4becf5cc046c2e2c34bc22183167536eebec95cc116a9a210be715cc21
0000077a4199a7415eff60922c23bc3fd830c122ec278c26d42e8225098779afc00e8241
000007837747eae6cd9684404c272436fe2288a2618faf5cdce00002618fc01cdcf18d31
0000070aec2d8c24543622337ae3e997cd42c47c7af829993d41787c7b09ea793db000c3
000007260c26b4269a2e91aabae5999e5150a373c19bc741c6ef46894c7bc73d7bef4661
00000741219f7f58e8f10d04ec2e0c24b4261a22618faf5cdce0000262afc01cdd102a93
000007787af1298b7d4de8765ae2a19f9f50d0ed219c7f4028e73d0d21bc7f4fc0131951
00000792a19b9f41d0ff4303ec27cc3ec43086217aff6980ed470c6171bf6b9920086f61
00000704575e22f0bf8b18ce0c24b43e1a30b1a2618faf5cdce0000aebafc01cdcd45411
00000733cc23c437c622c6a13aff7988e9450d73cae3c597c642c6b3cafbbf394d42cd61
0000074f0c34f4220a27b5b8bae1199f7140eb77c18ac75d86f0569f800ac73d8800f765
000007692c357c3a6821ad34fae20987b546da62618faf5cdce00016a82fc01ce72113d1
000007983af1399b7951e976dae281879746d2f25afba199df4140e79fbba19ba1400143
00000710818b1745f2ee4b87ac26dc3e80309729f7454ae66596ae49f74a823cf337a3c1
00000735419a6741aeef5c8c2c243c3e3830b922618faf5cdce0001a020fc01cdd589f71
0000075b6c31ec3b4c21e4307afb2981fd47486efaf4899a1551b26efae573fa15c000a3
0000076a174db2e45b9e21d28c23943fd230c3a3bae7d996c14287750e29dcafc0077781
00000781d74742fee7888ec50c26743eaa209da2618faf5cdce00002652fc00f8001afd5
0000071fec28cc25043676397ae169976d42ec7a8191975b52e1e38fc002947b52e00103
0000072e0c24b4261a2eb1babae1999f5150e373cc2bc43dc63846bf7febc43e6118b225
00000741374f7ae4e98e0d44cc26043eb6309aa2618faf5cdce0000262afc01d18172ad1
00000778d74902e5778e6ad70c22f43f8a30d5b28c339423d227c3a86ba42fafc01308f1
00000797cc3ac429863d56a93ae5799e6950ad74d74a02f5b7925ad99549d61f800690e5
0000070f0c34f4220a27b5b8bae1199f7140eb62618faf5cdce0001f800fc01ce1012715
00000729175d72f86b812dd48c321423b227dba73af6f99a895195671167daba89500143
00000759d75942e167876ed50c3a7439aa315daca19c1f4030ff3b0ca18ad4b3993f3b21
0000077fec28cc25043676397ae169976d42ec62618faf5cdce0000fc00fc01cdcf1e351
0000078e0c34b43a1a31b1babaf1998b5145e36e0af4b59a1a51b1bf8014b59dfd31c565
000007012c377c3ae8298d24fae6099eb5509a6f5744e2fe0f98b4cf5755d62f8018b4c5
00000738019937417aef6996ac229c3f9030d322618faf5cdce000072e4fc00fc018c091
00000751574362ffef98ccc40c26343eba2099bf1af0f19b0b41f5ff1b02016fc0000083
0000077bcc29c43d463866b13ae3799fe940cd64c1960742b6f79a85c5951eafc0179a81
0000078f2184ff4608eeb518ec210c3f7430ea22618faf5cdce0001f800fc01e1e382595
0000070877552afa7d89a8564c22a43f9e30d0a0219f3f50f8e30917453f3f4fc01003b3
00000732ec2b8c25d43642237ae7e996cd428460574f22e4ff9e08c048cf24d4295e08c3
00000746019eb7589af1118aac359c225027a322618faf5cdce000092e2fc01cdd113991
000007617aef698ced440c645af62192bf5398e17c2f682ced240c617f8f436cece40bc1
0000079abaf1998b514de373dae3c19fc750c6e10c377422ea278da71fd7742fc006d541
00000704baee198cb14c1b6fdae4c19e0750b6e2618faf5cdce0000fc00fc01f80155e15
000007349ae2119fb348dbef9ae4d19e0340b7e5374e7af4a9921d4fc00e7aefc0000573
00000755bae25987a156df6ddaf4419a2741befd174872fd2b987ddd3f4872dd2ef87de1
0000077c8198174132ef7b9fac20dc3f0030f722618faf5cdce0000fc00fc01cdd98f2d1
00000795575a62f9af815ccc0c3434223a27b9aa7af5a99a5d51a06a05070a9a5d500143
0000071bdae1c19f4750e6f11ae3719feb48cde48c361422b2279ba5a796142fc0079b81
0000072fb75cdae0018f3759cc21443f6630eea2618faf5cdce0000fc00fc01cdcf8aad1
0000074cfae4099e3540ba7f5af0e1830f47f4eecc3c8438163132bf801c8459ddb000c7
000007769af2918b935dd3eb9ae5d19e4350a7f1818b575de2e04f9abb6b575f7fe70b05
00000785ac265c26a03e9f2dfae4499e2550be62618faf5cdce0000c28afc01d9ea7ecb1
0000071c0c2834253a3679bebaf899991151737c0ae835853a5679af80192ab6bbf679a5
000007313af3798be95dcd64dae6019eb7509aef1744f2fe0b80b5cf1724eeff7fe6f885
000007588199174972fd6b97ac22dc3f8030d722618faf5cdce00008ae2fc00fc006c5f1
000007757afa6981ad475c6c5ae4219e3f40b8e58186575ea2f09f9a5636bafea2f00043
0000079abae199875156e373dafbc199c74146e1019f7740eaff0d871fdf7759a2ff0d81
00000704a19e1f40b0ff1b0fec24cc3e0430b622618faf5cdce0000fc00fc01cdd085c91
000007347af2299bbd51d86e5aeca1841f4630e71ae6f19e8b4095fb55f6ba3e8b400063
00000752a1939f53d0fbc303ec27cc3ec43086216c3f6c20ec3f0c2162df6c4b201f0c21
000007647af6298abd5d986e5ae4a19e1f50b0e2618faf5cdce0000b568fc01f7fe6d2b5
00000792bafb9989d1454363dae7c196c75286f2bc3b9829d1254372bd7c40297f654321
00000704a19e1f40b0ef1b0fec24cc3e0430b63977416aef6d84ec4fc01b7e0f6d985ac1
00000734419a2749bef5588e2c34bc321833b122618faf5cdce0001b020fc01cdce195d1
00000753774beaf5cd8244404c3f2428fe2508b3718beb55cde2445371bf801765c24ac5
0000076adaf5818a575da2f31ae3f19fcb50c5e0819f1748f2e50b96847f174fc00706a1
00000787a19edf4080ff1709ec254c3e6430ae22618faf5cdce0000a150fc01cdd084d71
0000070c418c27543ee2389e2c38bc21182771290c2d74346a322dbf8019d7f46a200147
000007335af3e18bcf5dc4e01ae7319efb5089e6818e975c92e01386816e973f7fe6d405
0000074ba19ddf5840e12711ec2b4c25e4264e22618faf5cdce00016142fc01cdd004333
0000076c7af4298a3d5db87e5ae0a19f1f50f0e9019d77406af72d9f7ffd775f7ff09585
000007929af3918bd35dc3e39ae7d19ec35087e1974f52fce3800fc1946f52ff8006cfe5
00000705819e5740a2e71f8dac2c5c3420223f22618faf5cdce0000bae2fc01cdce1ee31
0000073d5af0619b2f41fcfc1af031833b47f9fff748caf50592764fc008caf708800483
0000075ba191df5b40f9e711ec234c3fe420ce25774e6af4ad921c4652ce6acfc0136121
0000076c4c2424263e3eb8be3ae0b99f1950f162618faf5cdce0001f7fefc01e0d682e35
00000793174bf2fdcb8845c08c27143ef2208bb7975ad2f9839157d7974b2faf80100027
00000709d74542fe6788aed50c22743faa20ddacac341c2a3035bb2cac141b6fc015ba11
0000073ffaf0c98b055df6795ae1619f6f50ece2618faf5cdce0000fc00fc01f7fe763f5
0000074ebae499961142b37bdaf9c189474566ea3745bafe5990a15f8016b97e59a00087
00000764ac361c3ab0399b2ffae4c99e0550b6795ae9618d6f5c6cefc009618f801c6cc5
000007941ae2318fbb54d9ee9ae491961352b3e2618faf5cdce0001b3b6fc00fc0004c93
00000a18107810781067ef9fb0dfb0dfb0c04f3fffffffffffe0001fffffffffffe04ea1
00000a2023402340235fdcafe68fe68fe6901967f9e7f9e7f9f8061fffffffffffe7b641
00000a583ab83ab83aa7c55fd55fd55fd5402aa82a882a882a97d57ffffffffffff7d561
00000a7065306530652f9acfea4fea4fea5015bfffffffffffe0001ffffffffffff7c201
00000a88198819881997e67fe31fe31fe3001cffeb7feb7feb60149fffffffffffe00043
00000a0fbcafbcafbcb04358595859585947a6ba92ba92ba92a56d5fffffffffffe56d41
00000a2015601560157fea8feacfeacfead0153fffffffffffe0001fffffffffffe81161
00000a401be01be01bffe40fe7cfe7cfe7d01827f1a7f1a7f1b80e5ffffffffffff78800
00000a7caf3caf3caf2350cb4e4b4e4b4e54b1a2bcc2bcc2bcdd433ffffffffffffd4321
00000a8579857985799a866fe30fe30fe3101cffffffffffffe0001fffffffffffe2b441
00000a180c580c580c47f3bfe89fe89fe880176fe38fe38fe3901c7fffffffffffe00043
00000a3022502250224fddafe48fe48fe4901b7019701970196fe69fffffffffffefe661
00000a4842c842c842d7bd3fa59fa59fa5805a7fffffffffffe0001ffffffffffff02821
00000a6fe6cfe6cfe6d019380d980d980d87f27fe39fe39fe3801c7ffffffffffff00063
00000a8046804680469fb96fed0fed0fed1012f03a303a303a2fc5dfffffffffffefc5c1
00000a08146814681477eb9fb8dfb8dfb8c0473fffffffffffe0001ffffffffffff043e1
00000a3fd33fd33fd3202cd8165816581647e9afd8cfd8cfd8d0273ffffffffffff00023
00000a58199819981987e67fd31fd31fd3002ce046004600461fb9ffffffffffffffb9e1
00000a6fcc0fcc0fcc1033f8081808180807f7ffffffffffffe0001ffffffffffff03da1
00000a8330833083309ccf6fe10fe10fe1101eeb012b012b0134fedffffffffffff49ea1
00000a1984d984d984c67b2e698e698e69919668036803680377fc9ffffffffffff7fc81
00000a3016f016f016efe90fedcfedcfedd0123fffffffffffe0001ffffffffffff80c41
00000a5037303730372fc8cfee4fee4fee5011b814d814d814c7eb3ffffffffffff771c0
00000a7049104910490fb6efe20fe20fe2101df374737473746c8b9fffffffffffec8b81
00000a86e8c6e8c6e8d9172fe18fe18fe1901e7fffffffffffe0001fffffffffffe14601
00000a18065806580647f9bfec9fec9fec80136fe04fe04fe0501fbffffffffffff000a3
00000a2fa28fa28fa2905d78551855185507aaf46a546a546a4b95bfffffffffffeb9581
00000a48c488c488c4973b6f390f390f3910c6ffffffffffffe0001fffffffffffe01381
00000a6024c024c024dfdb2fe98fe98fe9901667fda7fda7fdb8025fffffffffffe7b701
00000a8036a036a036bfc94fed4fed4fed5012b7caf7caf7cae8351fffffffffffe835e1
00000a1025d025d025cfda2feb8feb8feb90147fffffffffffe0001ffffffffffff800a1
00000a37cef7cef7cee8311feddfeddfedc0122facefacefacf0531fffffffffffe00420
00000a48076807680777f89fdedfdedfdec0212aedeaedeaedf5121ffffffffffff51221
00000a601be01be01bffe40fe7cfe7cfe7d0183fffffffffffe0001fffffffffffe80e41
00000a9eefbeefbeefa11048ef48ef48ef5710bfcf3fcf3fcf2030dffffffffffff00083
00000a103db03db03dafc24feb4feb4feb5014bdf6ddf6ddf6c2093ffffffffffff7e781
00000a203da03da03dbfc24feb4feb4feb5014bfffffffffffe0001fffffffffffe7e781
00000a404d804d804d9fb26feb0feb0feb1014e8288828882897d77fffffffffffe78321
00000a701cf01cf01cefe30fe9cfe9cfe9d0163013f013f013efec1fffffffffffefec01
00000a8ff7eff7eff7f008180fd80fd80fc7f03fffffffffffe0001ffffffffffff00823
00000a103f303f303f2fc0cfee4fee4fee5011b81dd81dd81dc7e23ffffffffffff784e0
00000a38097809780967f69fd2dfd2dfd2c02d2fb5efb5efb5f04a1ffffffffffff03f81
00000a5fbbffbbffbbe0441857d857d857c7a83fffffffffffe0001fffffffffffe00783
00000a7fefdfefdfefc01037ff97ff97ff88006fdfafdfafdfb0205fffffffffffe000a3
00000a8ffe6ffe6ffe700197ecd7ecd7ecc8133019f019f019efe61fffffffffffefe601
00000a0ff3eff3eff3f00c1807d807d807c7f83fffffffffffe0001ffffffffffff01221
00000a2fff2fff2fff3000d7fe57fe57fe4801afff2fff2fff3000dffffffffffff00263
00000a4039a039a039bfc64fe34fe34fe3501cbfd6ffd6ffd6e0291fffffffffffe7f3e1
00000a7ffdfffdfffde002181bd81bd81bc7e43fffffffffffe0001fffffffffffe00163
00000a984ff84ff84fe7b01fcfdfcfdfcfc030384ff84ff84fe7b01fffffffffffe7b001
00000a083fc83fc83fd7c03faf9faf9faf80506fef0fef0fef1010fffffffffffff02901
00000a3fce1fce1fce0031f80c180c180c07f3ffffffffffffe0001fffffffffffe03621
00000a5fc09fc09fc0803f78311831183107ceefe12fe12fe1301edffffffffffff00083
00000a7fc4dfc4dfc4c03b28198819881997e66fe30fe30fe3101cfffffffffffff03a21
00000a9fd63fd63fd62029d80c580c580c47f3bfffffffffffe0001fffffffffffe02fa1
00000a17e137e137e1281edfe25fe25fe2401dafb3efb3efb3f04c1fffffffffffe003c3
00000a2fc90fc90fc91036f8421842184207bdf034303430342fcbdfffffffffffefcba1
00000a4fc84fc84fc85037b8309830983087cf7fffffffffffe0001ffffffffffff01741
00000a7fa21fa21fa2005df86418641864079bffa21fa21fa2005dffffffffffffe05ec1
00000a9fb07fb07fb0604f9810d810d810c7ef38119811981187ee7fffffffffffe7ee61
00000a18433843384327bccfa64fa64fa65059bfffffffffffe0001ffffffffffff02701
00000a2019e019e019ffe60fe3cfe3cfe3d01c27ecc7ecc7ecd8133fffffffffffe7ab00
00000a404f004f004f1fb0efee0fee0fee1011f7fc37fc37fc2803dfffffffffffe80601
00000a7338733873386cc78fe0cfe0cfe0d01f3fffffffffffe0001ffffffffffff4f6c1
00000a87d307d307d3182cffe61fe61fe60019ffa83fa83fa82057dfffffffffffe00663
00000a07c8e7c8e7c8f8371fe1dfe1dfe1c01e2c33cc33cc33d3cc3ffffffffffff3cc21
00000a2867a867a867b7984f6f4f6f4f6f5090bfffffffffffe0001fffffffffffe03921
00000a531df31df31dece20febcfebcfebd0143af97af97af965069ffffffffffff49200
00000a68ffa8ffa8ffb7004edf4edf4edf5120afdeefdeefdef0211fffffffffffe020e1
00000a984df84df84de7b21fbbdfbbdfbbc0443fffffffffffe0001fffffffffffe00b63
00000a0fff6fff6fff700097ded7ded7dec8212fff6fff6fff70009ffffffffffff004c3
00000a380b780b780b67f49fc6dfc6dfc6c0392efd8efd8efd91027ffffffffffff10241
00000a4deb0deb0deb1214ea260a260a2615d9ffffffffffffe0001fffffffffffe00863
00000a77f837f837f82807dfe05fe05fe0401fafc8efc8efc8f0371fffffffffffe00203
00000a8041004100411fbeefe20fe20fe2101dffe41fe41fe4001bffffffffffffe7ece1
00000a1fa81fa81fa80057f8201820182007dfffffffffffffe0001fffffffffffe047c1
00000a2fa08fa08fa0905f78411841184107beffd15fd15fd1402ebfffffffffffe000a3
00000a5ff43ff43ff4200bd7e857e857e84817b030b030b030afcf5fffffffffffefcf41
00000a6fa14fa14fa1505eb86298629862879d7fffffffffffe0001ffffffffffff00e03
00000a984ad84ad84ac7b53fa59fa59fa5805a6fde0fde0fde1021fffffffffffff000e3
00000a17c6f7c6f7c6e8391feddfeddfedc0122fcbcfcbcfcbd0343fffffffffffe05741
00000a38179817981787e87fdf1fdf1fdf0020ffffffffffffe0001fffffffffffe019a1
00000a4adc2adc2adc3523cd084d084d0852f7afd28fd28fd2902d7ffffffffffff00083
00000a67f147f147f1580ebfe29fe29fe2801d6bc50bc50bc5143afffffffffffff43ae1
00000a878a278a278a3875cfe44fe44fe4501bbfffffffffffe0001fffffffffffe0a2c1
00000a0021c021c021dfde2fe38fe38fe3901c67f5a7f5a7f5b80a5fffffffffffe7ada1
00000a214e214e214e3eb1cfec4fec4fec5013a038a038a038bfc75fffffffffffffc721
00000a48016801680177fe9fc2dfc2dfc2c03d3fffffffffffe0001ffffffffffff04be1
00000a703b303b303b2fc4cfe64fe64fe65019b80f780f780f67f09ffffffffffff77dc0
00000a9029d029d029cfd62fe38fe38fe3901c7ff73ff73ff72008dffffffffffff803a1
00000a1fce5fce5fce4031b84c984c984c87b37fffffffffffe0001fffffffffffe00563
00000a2b32cb32cb32d4cd2cb58cb58cb5934a6fd76fd76fd770289ffffffffffff000e3
00000a4846c846c846d7b93f9d9f9d9f9d806267db07db07db1824fffffffffffff82501
00000a7e563e563e5621a9c98c498c498c5673bfffffffffffe0001ffffffffffff02f81
00000a8fa10fa10fa1105ef86218621862079defa10fa10fa1105efffffffffffff05fc1
00000a16c816c816c80937efe00fe00fe0101fe010601060107fef9fffffffffffffef81
00000a2840c840c840d7bf3f919f919f91806e7fffffffffffe0001ffffffffffff03d81
00000a57e617e617e60819ffec1fec1fec0013efbf2fbf2fbf3040dffffffffffff00583
00000a6fb06fb06fb0704f9820d820d820c7df3841f841f841e7be1fffffffffffe7be01
00000a90c3f0c3f0c3ef3c0fe7cfe7cfe7d0183fffffffffffe0001ffffffffffff76521
00000a103f303f303f2fc0cfee4fee4fee5011b81df81df81de7e21ffffffffffff78ce0
00000a3049104910490fb6efe20fe20fe2101df7f437f437f4280bdfffffffffffe80661
00000a53e873e873e86c178fe0cfe0cfe0d01f3fffffffffffe0001ffffffffffff446e1
00000a68036803680377fc9fd6dfd6dfd6c0293fc9bfc9bfc9a0365ffffffffffff00083
00000a890b890b890b96f46ef70ef70ef71108e43e443e443e5bc1bffffffffffffbc1a1
00000a003ca03ca03cbfc34fe94fe94fe95016bfffffffffffe0001fffffffffffe7eb41
00000a3375937593758c8a6feb0feb0feb1014fb4e7b4e7b4e64b19fffffffffffe452c1
00000a4b9c8b9c8b9c94636c590c590c5913a6efd22fd22fd2302ddffffffffffff01fe1
00000a7fa45fa45fa4405bb8689868986887977fffffffffffe0001fffffffffffe00a23
00000a97c2f7c2f7c2e83d1fe5dfe5dfe5c01a2f986f986f9870679fffffffffffe005a0
00000a0827a827a827b7d85faf5faf5faf4050a22ee22ee22efdd11ffffffffffffdd101
00000a245de45de45dfba20febcfebcfebd0143fffffffffffe0001fffffffffffe3c6a1
00000a581f981f981f87e07fef1fef1fef0010f81f981f981f87e07fffffffffffe7e061
00000a7fcc9fcc9fcc803378291829182907d6fef23ef23ef2210ddfffffffffffe10de1
00000a8014601460147feb8fe8cfe8cfe8d0173fffffffffffe0001fffffffffffe813e1
00000a0fd3efd3efd3f02c1837d837d837c7c82fd3efd3efd3f02c1ffffffffffff030a1
00000a201fe01fe01fffe00fefcfefcfefd010323fb23fb23fadc05fffffffffffedc041
00000a447f647f647f7b808feecfeecfeed0113fffffffffffe0001fffffffffffe3a1a1
00000a701b701b701b6fe48fe6cfe6cfe6d01937efd7efd7efc8103fffffffffffe77e00
00000a9fbbbfbbbfbba04458175817581747e8b01ef01ef01eefe11fffffffffffefe101
00000a0fadcfadcfadd052383b983b983b87c47fffffffffffe0001ffffffffffff02721
00000a3fbe3fbe3fbe2041d82c582c582c47d3afda4fda4fda5025bfffffffffffe00043
00000a4031203120313fcecfe24fe24fe2501dbee4dee4dee4c11b3fffffffffffe7fc61
00000a6dc98dc98dc992366a230a230a2315dcffffffffffffe0001fffffffffffe02441
00000a9ffc7ffc7ffc600397e8d7e8d7e8c8173ffc7ffc7ffc60039fffffffffffe017c1
00000a1fa39fa39fa3805c78571857185707a8ffce5fce5fce4031bfffffffffffe03721
00000a383cb83cb83ca7c35fd95fd95fd94026bfffffffffffe0001fffffffffffe006c3
00000a57d517d517d5082affea1fea1fea0015efad4fad4fad5052bffffffffffff00423
00000a7fb83fb83fb82047d8205820582047dfb030b030b030afcf5fffffffffffefcf61
00000a8fb16fb16fb1704e9812d812d812c7ed3fffffffffffe0001ffffffffffff04bc1
00000a150b150b150b0af4efe60fe60fe61019fcdfdcdfdcdfc3203ffffffffffff2d821
00000a28186818681877e79fb0dfb0dfb0c04f2041804180419fbe7fffffffffffffbe61
00000a4fd32fd32fd3302cd8065806580647f9bfffffffffffe0001ffffffffffff03721
00000a6b090b090b0914f6ed020d020d0212fdeb090b090b0914f6fffffffffffff4f6c1
00000a9fc85fc85fc84037b8409840984087bf7191719171916e6e9fffffffffffee6e81
00000a0022c022c022dfdd2fe58fe58fe5901a7fffffffffffe0001fffffffffffe80801
00000a28268826882697d97fcd1fcd1fcd0032ffe2ffe2ffe2e01d1ffffffffffff000e3
00000a48542854285437abcf884f884f885077a040804080409fbf7fffffffffffffbf61
00000a67d107d107d1182effe21fe21fe2001dffffffffffffe0001ffffffffffff05cc1
00000a97f837f837f82807dfe05fe05fe0401fafc8cfc8cfc8d0373fffffffffffe00163
00000a0421442144215bdeafe28fe28fe2901d6fb52fb52fb5304adfffffffffffe40c21
00000a381a781a781a67e59fb4dfb4dfb4c04b3fffffffffffe0001fffffffffffe04221
00000a47d307d307d3182cffe61fe61fe60019ffa81fa81fa80057ffffffffffffe00863
00000a6148814881489eb76fe10fe10fe1101ee8024802480257fdbffffffffffff7fd81
00000a9044904490448fbb6fe90fe90fe91016ffffffffffffe0001ffffffffffff7e3a1
00000a1034b034b034afcb4fe94fe94fe95016b80cb80cb80ca7f35ffffffffffff75100
00000a2895c895c895d76a2f5b8f5b8f5b90a46027402740275fd8bfffffffffffffd881
00000a483ea83ea83eb7c15fdd5fdd5fdd4022bfffffffffffe0001ffffffffffff00523
00000a64b564b564b57b4a8feacfeacfead0152c8eec8eec8ef3711fffffffffffe31fa0
00000a87eb27eb27eb3814dfe65fe65fe64019a82c882c882c97d37ffffffffffff7d361
00000a1ea93ea93ea92156c9424942494256bdbfffffffffffe0001ffffffffffff02501
00000a38199819981987e67fd31fd31fd3002cefdb0fdb0fdb1024fffffffffffff00143
00000a402c402c402c5fd3afe88fe88fe890177c917c917c91636e9fffffffffffe7fca1
00000a6012e012e012ffed0fe5cfe5cfe5d01a3fffffffffffe0001fffffffffffe817c1
00000a8037a037a037bfc84fef4fef4fef5010a816c816c816d7e93fffffffffffe76280
00000a0fbdefbdefbdf042184bd84bd84bc7b43827b827b827a7d85fffffffffffe7d841
00000a301f701f701f6fe08feecfeecfeed0113fffffffffffe0001ffffffffffff801a1
00000a483bc83bc83bd7c43fb79fb79fb780487fe1ffe1ffe1e01e1ffffffffffff000c3
00000a782e982e982e87d17fcd1fcd1fcd0032e04a004a004a1fb5ffffffffffffffb5c1
00000a87e407e407e4181bffe81fe81fe80017ffffffffffffe0001ffffffffffff044c1
00000a0fb0afb0afb0b04f58115811581147eebfb21fb21fb2004dfffffffffffff00043
00000a2e85ce85ce85d17a296b896b896b969468076807680777f89ffffffffffff7f861
00000a502ed02ed02ecfd12fed8fed8fed90127fffffffffffe0001ffffffffffff7f3c1
00000a7fa65fa65fa64059b85c985c985c87a37fa65fa65fa64059bfffffffffffe05aa1
00000a8fe24fe24fe2501db8149814981487eb7fd93fd93fd92026dfffffffffffe01421
00000a18127812781267ed9fb4dfb4dfb4c04b3fffffffffffe0001fffffffffffe04901
00000a3fa35fa35fa3405cb8669866986687997fa35fa35fa3405cbfffffffffffe05d41
00000a503ab03ab03aafc54fe54fe54fe5501ab93ab93ab93aa6c55ffffffffffff7f1c1
00000a6265426542655d9aafea8fea8fea90157fffffffffffe0001fffffffffffe5c1e1
00000a804a004a004a1fb5efe40fe40fe4101be81c481c481c57e3bffffffffffff79241
00000a0fc08fc08fc0903f78311831183107cef8127812781267ed9fffffffffffe7ed81
00000a3014f014f014efeb0fe9cfe9cfe9d0163fffffffffffe0001ffffffffffff812a1
00000a5a173a173a1725e8cdce4dce4dce5231bfd4dfd4dfd4c02b3ffffffffffff00063
00000a7099109910990f66efe20fe20fe2101de7e407e407e4181bfffffffffffff81be1
00000a94e834e834e82b17cfe04fe04fe0501fbfffffffffffe0001ffffffffffff34781
00000a17d117d117d1082effe21fe21fe2001defa3cfa3cfa3d05c3fffffffffffe00b43
00000a3038303830382fc7cfe04fe04fe0501fb020d020d020cfdf3fffffffffffefdf01
00000a4821a821a821b7de5fe35fe35fe3401cbfffffffffffe0001ffffffffffff00da3
00000a710d110d110d0ef2efea0fea0fea1015f8e698e698e687197ffffffffffff6bb81
00000a8048804880489fb76fe10fe10fe1101ef0d230d230d22f2ddfffffffffffef2dc1
00000a0014601460147feb8fe8cfe8cfe8d0173fffffffffffe0001fffffffffffe813e1
00000a3833d833d833c7cc3fa79fa79fa780586fca6fca6fca70359ffffffffffff00043
00000a47fe27fe27fe3801dfec5fec5fec4013a238a238a238bdc75ffffffffffffdc761
00000a6471447144715b8eafe28fe28fe2901d7fffffffffffe0001fffffffffffe3bc21
00000a87cae7cae7caf8351fe5dfe5dfe5c01a3f9e9f9e9f9e80617fffffffffffe00760
00000a0e274e274e2751d8a9de89de89de9621604d004d004d1fb2ffffffffffffffb2e1
00000a2fba2fba2fba3045d8245824582447dbbfffffffffffe0001ffffffffffff032c1
00000a47f147f147f1580ebfe29fe29fe2801d7fc35fc35fc3403cbfffffffffffe00203
00000a603aa03aa03abfc54fe54fe54fe5501abd1a9d1a9d1a82e57fffffffffffe7f1c1
00000a8a250a250a2515daedea0dea0dea1215ffffffffffffe0001fffffffffffe00923
00000a1fd87fd87fd8602797f0d7f0d7f0c80f2fb94fb94fb95046bfffffffffffe001e3
00000a3aa33aa33aa3255ccd364d364d3652c9a04c804c804c9fb37fffffffffffffb361
00000a47d907d907d91826ffe21fe21fe2001dffffffffffffe0001ffffffffffff05561
00000a7018f018f018efe70fe1cfe1cfe1d01e37ea57ea57ea4815bffffffffffff77c00
00000a9847f847f847e7b81fbfdfbfdfbfc040281f881f881f97e07ffffffffffff7e061
00000a191f391f391f26e0cece4ece4ece5131bfffffffffffe0001ffffffffffff02281
00000a27e927e927e93816dfe25fe25fe2401dbfbabfbabfbaa0455fffffffffffe00183
00000a5019701970196fe68fe2cfe2cfe2d01d3015f015f015efea1fffffffffffefe9e1
00000a683bc83bc83bd7c43fb79fb79fb780487fffffffffffe0001ffffffffffff01ea1
00000a892ee92ee92ef6d10eedceedceedd112292ee92ee92ef6d11ffffffffffff6d101
00000a1827b827b827a7d85fef5fef5fef4010a04e804e804e9fb17fffffffffffffb161
00000a27dd07dd07dd1822ffea1fea1fea0015ffffffffffffe0001ffffffffffff049c1
00000a4038203820383fc7cfe04fe04fe0501fa8088808880897f77fffffffffffe778c0
00000a7fe1dfe1dfe1c01e37f397f397f3880c7fe71fe71fe70018ffffffffffffe04081
00000a97fe37fe37fe2801dfec5fec5fec4013bfffffffffffe0001fffffffffffe025c1
00000a07d107d107d1182effe21fe21fe2001dffa39fa39fa3805c7ffffffffffff00743
00000a2838a838a838b7c75f915f915f91406eafb2efb2efb2f04d1ffffffffffff059a1
00000a5fb5ffb5ffb5e04a185bd85bd85bc7a43fffffffffffe0001fffffffffffe00823
00000a703fb03fb03fafc04fef4fef4fef5010b81f181f181f07e0fffffffffffff73400
00000a9faddfaddfadc052383b983b983b87c47037303730372fc8dfffffffffffefc8c1
00000a080e480e480e57f1bfec9fec9fec80137fffffffffffe0001ffffffffffff01561
00000a2fb22fb22fb2304dc8344834483457cbafd64fd64fd65029bfffffffffffe00003
00000a4fb1efb1efb1f04e1853d853d853c7ac3847f847f847e7b81fffffffffffe7b7e1
00000a7e4fde4fde4fc1b0299f899f899f96607fffffffffffe0001ffffffffffff02081
00000a87ee07ee07ee1811ffec1fec1fec0013ffc91fc91fc90036ffffffffffffe002a3
00000a0020402040205fdfafe08fe08fe0901f7011701170116fee9fffffffffffefee81
00000a2fb2efb2efb2f04d1855d855d855c7aa3fffffffffffe0001ffffffffffff00bc3
00000a5fe79fe79fe78018780f180f180f07f0efe6afe6afe6b0195fffffffffffe00063
00000a6fec0fec0fec1013f8281828182807d7f7f037f037f0280fdfffffffffffe80fc1
00000a92f052f052f04d0fafe08fe08fe0901f7fffffffffffe0001ffffffffffff53f01
00000a178217821782087defe40fe40fe4101bff553f553f5520aadfffffffffffe05741
00000a2fa04fa04fa0505fb8509850985087af7fe11fe11fe1001efffffffffffff00023
00000a5fb23fb23fb2204dd8345834583447cbbfffffffffffe0001fffffffffffe029a1
00000a7201f201f201edfe0fe3cfe3cfe3d01c39d599d599d5862a7fffffffffffe57000
00000a804f804f804f9fb06fef0fef0fef1010e80e480e480e57f1bffffffffffff7eaa1
00000a104c904c904c8fb36fe90fe90fe91016ffffffffffffe0001ffffffffffff7dbc1
00000a3fa45fa45fa4405bb8689868986887977fa45fa45fa4405bbfffffffffffe05c41
00000a4f92cf92cf92d06d28458845884597ba6e4b2e4b2e4b31b4dffffffffffff1b4c1
00000a6c866c866c8673798b5ccb5ccb5cd4a33fffffffffffe0001fffffffffffe02e81
00000a9453f453f453ebac0fe7cfe7cfe7d0183c2adc2adc2ac3d53fffffffffffe33000
00000a02cfa2cfa2cfbd304fef4fef4fef5010a84ec84ec84ed7b13ffffffffffff7b121
00000a367d967d967d89826feb0feb0feb1014ffffffffffffe0001ffffffffffff1a7e1
00000a4fdc2fdc2fdc3023d8085808580847f7bfd29fd29fd2802d7fffffffffffe00063
00000a7fa15fa15fa1405eb86298629862879d7ec55ec55ec5413abfffffffffffe13ac1
00000a804a804a804a9fb56fe50fe50fe5101affffffffffffe0001fffffffffffe7e201
00000a0c248c248c2493db6bc90bc90bc91436efdc8fdc8fdc90237fffffffffffe00063
00000a3044104410440fbbefe80fe80fe81017f8107810781067ef9fffffffffffe7d561
00000a5a90da90da90c56f2d418d418d4192be7fffffffffffe0001ffffffffffff03da1
00000a7fd63fd63fd62029d81c581c581c47e3afe04fe04fe0501fbffffffffffff00003
00000a9ff1bff1bff1a00e58135813581347ecb036b036b036afc95fffffffffffefc941
00000a0fad4fad4fad5052b85a985a985a87a57fffffffffffe0001ffffffffffff00c83
00000a263a663a663a79c58fe4cfe4cfe4d01b2e0dee0dee0df1f21fffffffffffe18cc0
00000a48138813881397ec7fe71fe71fe70018e81e681e681e77e19ffffffffffff7e1a1
00000a701cf01cf01cefe30fe9cfe9cfe9d0163fffffffffffe0001ffffffffffff80a41
00000a8027402740275fd8afee8fee8fee901168058805880597fa7fffffffffffe79781
00000a039a639a639a7c658fe4cfe4cfe4d01b2e79ae79ae79b1865fffffffffffe49241
00000a2023402340235fdcafe68fe68fe690197fffffffffffe0001fffffffffffe806a1
00000a574a974a974a88b56fe50fe50fe5101aff1edf1edf1ec0e13ffffffffffff09a81
00000a6fd46fd46fd4702b97f8d7f8d7f8c8073041904190418fbe7fffffffffffefbe61
00000a87d307d307d3182cffe61fe61fe60019ffffffffffffe0001ffffffffffff05761
00000b1fb758dae90185775dcc28443526327ea2618faf5cdce0000ff00faf5cdcf00b27
00000b34daea019db7405ae71af6f1828b4795f4dc2a003db7205af4dc2a001db7205b61
00000b539753d2e3c39fc7c58c2e543ca2301fa9a18d5f5c60e02f09a16d5f3c6107f761
00000b6de1944f4224e7be116c2b6c3dec204c22618faf5cdce000175ecfaf5cdce01a61
00000b9e5740a2f71f8af0c60c2eb43c9a3011a6fafe89909543127c747e898bc9d29381
00000b13ec33cc23c427c6357aea699dad405c685aed219c7f5828e85aed219c7f5828e1
00000b321753b2e3db8fc1c68c2e943c923013a2618faf5cdce00002616faf3cdcf7e5c1
00000b51f7434affe590ce594c3964216e376cb0a18b1f5df0f04b03546b1f3df1000063
00000b6ee1948f4214e7b2136c2bec3dcc20443877412aff7d98e85a5ed88b7f7d98e821
00000b964c32a4239e3fd0a63aeeb99c99501162618faf5cdce0001497afaf5cdce7f201
00000b0f218cff5c08f83504ec2e0c3cb4201a3a3ae9b99d5940616c1ecff00ff0000765
00000b244c2e2434be3218b63af2b98b9955d17ac191874356ffe29ac198f01867dfe261
00000b572c2afc3d88305530faf30983f547ca62618faf5cdce00002618faf3cdd103181
00000b641aee319cbb4819e69aee919c934013f24c2ba43dde3040a2c68ff00ff0100467
00000b8dbaec599c21503f75daf24183a747dee1174f72fceb880ddba6af72fceb880dc1
00000b0c8c3c142832253bb3bae3d997c152c762618faf5cdce0001857afaf5cdcf01421
00000b29018d775c6af02d9cac301c233027fb2c218c3f5c38e0391dbecc3f3c38f00003
00000b41618f6f5cecf00c1c6c302c233c27f832774baafddd804055deebaadddda03be1
00000b624c2fa43cde2800a63aeeb99c99401162618faf5cdce0000261aff00ff0002225
00000b933753fae3c98fc544cc2e043cb6301abe0c30b4231a27f1be0c3a10f891b76c81
00000b10ec330c23f427ca337aebe99dcd4044604c2f243cfe3808a04c2f243cfe3808a1
00000b2e3af4b982194fb166daee819c975012e2618faf5cdce0000d268faf3cdcf7d461
00000b508c3b1429f2254babbae5d9964152a7708afb1589f2454bb457bb15a9f2254b81
00000b7137537ae3e99fcd44cc2e043cb6301aaf2c24fc3e0828b52f2c3990fe0828b541
00000b9cfaf8099935517a675ae6e1868f5694e2618faf5cdce0001c66afaf5cdce02141
00000b0a8195975252eba387ac2edc3c803017317af36993ed43cc6a3edc8466e3035881
00000b254c2e643cae201cb83af139837947e962d74f82fcd78002d5978f82dcd7801961
00000b5f0c30f4230a27f5a4baee199cb1401b62618faf5cdce0001bd7afaf3cdd002261
00000b6d3af47982294fbd64daee019cb7501af87af129837d47e86a26ba8bf6f25782e1
00000b8c8c2c143c32303bb3baf3d983c147c765d74e42fca7881ed857ae42fca7881ec1
00000b19019177436aefed84ac2e1c3cb0301b22618faf5cdce00015becfaf5cdcf81901
00000b3d77586ae92d9d7c444c2e243cbe3018ab1755f2ea4b95a5cb173ea0fdfbd4f601
00000b4edaf48182174fb2e71aeef19c8b5015f48c321423b22fdbae069b8356b3efdb81
00000b67baeed99c81501779daf141836747eee2618faf5cdce00019a68faf5cdcf01681
00000b94a18a1f4db0fc5b07ec2ecc3c84301622c187874ed6f482949ecff01ff0041585
00000b187af129837d47e86a5aeda19c5f4020e61aeeb19c9b5811fae6aeb19c9b5811e1
00000b3a9af99181534763e39ae7d19ec35087e2618faf5cdce00016468faf3cdcf00763
00000b598191574362efef85ac2e5c3ca0301f25c18e475ca6e81e973eee473ca717a1c1
00000b7d77486afd2d987c444c2e243cbe3018ae218cbf5c18f8310e218ea10ff01830e5
00000b9ee1908f5314e3f2036c2fec2ccc340422618faf5cdce0001a5ecfaf5cdcf00b63
00000b064c2ea43c9e2010b63af2b9839947d1664aeea59c9e4010a64aeea59c9e401521
00000b373af2f9838957d56cdaec019c37403ae3175ff2f8cb9105dc268ff818cb9105d1
00000b548c321423b23fdba7baeed99c81501762618faf5cdce0001457afaf3cdd080421
00000b79019177436affed84ac2e1c3cb0301b24218e3f5cb8f81915bece3f5cb8e75801
00000b81618f6f5cece00c186c312c237c27e8366192af4b9ce5d0166198ab8b9ce5d001
00000b0e6c34ac321c3bb0267aeea99c9d501062618faf5cdce0000cf7afaf5cdce3d081
00000b222c37bc2ad83d8126faee899c9550126aa1959f4a50f5a30aa19e567f80055541
00000b48374d3afc79802942cc2f843cd62802bb2191ff4348efe51b218fefefefefe505
00000b6cec2c0c3c34303a3b7af1e9834d47e462618faf5cdce0001fefefaf5cdcf030a5
00000b82174fb2fcdb8801c68c2e943c922013ab1aedf19c4b5025eb1aeff00ff0100047
00000b11f7534ae3e58fce454c2e643cae301ca4375e3ae8b9851944375e3ae8aed7fb01
00000b2ecc2c8434163a32a73aeef99c89501562618faf5cdce0000e178feffcdcc258e5
00000b532c33fc3bc821c530faeb0985f5564a6a1aedb19c5b4021ea1aedb17c5b6000e3
00000b642c2e3c3cb820193efaf089831547f2674c2ee43c8e2014bb378ee43c8e2028c1
00000b88374d3afc79802952cc338423d627c2a2618faf5cdce00013146faf5cdce00763
00000b10d75302e3f78fcac70c2ef43c8a3015bee1908f4314e7f21ee19a07d8933773c1
00000b37ec32cc23842fd6257aee699cad501c6c5af421823f4fb8ec5ad94678426fb8c1
00000b561aeab19d9b5051e69af69182934793e2618faf5cdce00014c6afaf3cdd1005a3
00000b71974352f7e38acfc58c2e543ca2301fbdb7405af72182ff5db749b7cc96328061
00000b89f74d4afc65902e514c336423ee27ccac3af43982394fb96c3af8c0f8644fb961
00000b06d74e82fc979812c70c2ef43c8a2015a2618faf5cdce00005f46ff00ff0103965
00000b33d753c2e3c78fc6c50c2e743caa301dbf3af0f9830947f57f3afa47b883279401
00000b4fdaf4c182074fb6e51aee719cab501df88191174372e7eb8d069b4356c3e7c881
00000b7ba191df4340efe705ec2e4c3ca4301e22618faf5cdce000199ecfaf5cdcf815a1
00000b885aed219c7f5828e61aeeb19c9b4011f0b74b1afdf1804b4686aff00ff0100467
00000b0ba18ddf5c40f02715ec324c23a427de397af169836d47ec79a2d83b97f547ec61
00000b245afe2180bf4718e61afeb1989b5111e2618faf5cdce000028aefeffcdcf03bc5
00000b5bbae1d99f4158e765daee419ca7501ee7f75ecaf885911659a6becaefefe0b365
00000b748c2a143db2305ba7baf6d98281479779c191474366efee99c1990018438fee81
00000b8d2c347c222837bd38fae9099d75406a62618faf5cdce0001e37afaf5cdcf03801
00000b18019137437af7e992ac2b9c3dd020432dec2c4c3c24203e2dec2c4c3c24300163
00000b214c2f643cee380ca43aee399cb9401966d74682e6979e92c6d74fefefeffe92c5
00000b5b0191f7434affe584ac2e1c3cb0301b22618faf5cdce00017beefaf3cdd081221
00000b695aed619c6f482ce41aee319cbb4019f7818ad75d82f05797816ff00ff0100267
00000b978c32d423823fd7a5baee599ca1501f61d74f42fce7800ed557af42fce7880721
00000b1d0c3074232a27fda4baee199cb1401b62618faf5cdce00019d7afaf5cdce02961
00000b3137537ae3e99fcd44cc2e043cb6301abc6c302c233c37f83c6c3990f8b1a78b21
00000b4cd75402e23797bad70c2af43d8a3055aca18c1f5c30f83b0ca16c1f3c31183b01
00000b77ec32cc23842fd6257aee699cad501c62618faf5cdce00015778faf5cdcf80381
00000b963afab989994d5166daee819c975012ff5758e2e90f8574df575ff01e42651045
00000b14baf21983b147db6fdaecc19c074036e51aee719cab581dfca6ae719cab581de1
00000b289aed118473462bf39af3d19bc351c7e2618faf5cdce00014468faf3cdcf00a63
00000b598191574362e7ef91ac2b5c3de0204f31d74b42fde7904ec33ecb42dde7b00103
00000b7d575862f12f9b7cc40c2e343cba3019aea18c9f5c10f8330ea19ea7bc10d832e1
00000b9fe190cf5304ebf6056c2e6c3cac301c22618faf5cdce0001d5ecfaf5cdcf42361
00000b127753aae3dd8fc0464c2ea43c9e3010ba5751a2e35f87e0da575a60f88bd77141
00000b36f7528ae39597d2474c2ee43c8e2014ac3af43982395fb96c3ad980f8343fb961
00000b42d74f82fcd79002c70c2ef43c8a2815a2618faf5cdce0000261afefefeff00ee7
00000b7bc191c74346efe6852c2e7c3ca8301d27618eef5c8ce81418feceef5c8cf7bea1
00000b935753e2e3cf9fc4c40c2e343cba3019baa1999f5950e9631aa19a27d950e96301
00000b17ec22cc378432d62d7afc69882d553c62618faf5cdce0001d77afaf5cdce023a1
00000b262c26bc269836913efaf8899915517266ac2e9c3c9030133d378e9c1c90200083
00000b4c218c3f5c38e83906ec2e8c3c9420123b6191ef434cffe41b60afefefefffe405
00000b70618b2f5dfcf0480e6c34ac221c27b022618faf5cdce00016decfaf5cdcf00c03
00000b92418ba75ddee040962c32bc239827d12a018db75c5af0218a018db75c5ae00063
00000b177aeae99d8d50546c5af421823f47b8ee1af4b1821b4fb1ee1af71bf7dcafb1e1
00000b269aee919c935813e79aeed19c834017e2618faf5cdce00006468fefefeff03da5
00000b598191574362f7ef8dac2c5c3c20203f2dcc2c443c26203ebf3eec441c26500023
00000b716c336c23ec27cc307aeb299dfd4048764c32a4239e3fd0b64c16a679f9bfd081
00000b92374bbafdd990415acc3184235627e2a2618faf5cdce00005146faf5cdcf03421
00000b18e1910f4374efea076c2eec3c8c301426774eaafc9d8810585eceaafc9d979a01
00000b3a6191af435cefe0066c2eac3c9c3010266c2eac3c9c201038deceac1c9c380001
00000b4a774daafc5d8020424c2fa43cde2800a2618faf5cdce00004d46fefefefe030e5
00000b76f7528ae39587d2574c2ae43d8e2054af8c2cd43c023037af8c4cd43c02300063
00000b8af74d8afc558022534c33e423ce27c4a83aed399c794029683aed399c79402c61
00000b12d74b82fdd79042d70c32f4238a37d5a2618faf5cdce0000261afaf5cdce02961
00000b33cc2bc435c63246a93af5798a6955ad73caebc595c65246b5178bc57841724681
00000b472c2efc3c88201520faef099cf5480a67574ee2fc8f8814c7574fefefefe814c5
00000b740c323423ba2fd9a6baee999c91501362618faf5cdce00012d76faf5cdcf7ff01
00000b8d1aec719c2b503dec9af411823347bbed1c2c703c2b303deff00c703c2b3040a5
00000b11818b575de2e04f95ac325c23a027df21e18f4f5ce4e00e01e18f4f5ce4e04121
00000b2d6c2c6c3c2c203c387af129837d47e862618faf5cdce0001df78faf3cdce03561
00000b4e1aecb19c1b5031ee9af491821347b3ee1c2cb03c1b3031efefecb01c1b503365
00000b61974f52fce3900fc58c2e543ca2281fadbaf45982214fbf6dbb0ff00ff00fbf65
00000b85d74e42fca7981ec50c2e743caa201da2618faf5cdce00002f48ff00ff0104c85
00000b1fc190c74306f7f6892c2d7c3c68202d2f774ceafc0d80345ff00ceafc0d9000e7
00000b2f7af4e9820d4fb4645aee219cbf5018e2174fb2fcdb8801cbe68fb2dcdb87fb81
00000b568c229427922ed3a7baeed99c81501762618faf5cdce0001657afaf5cdd16fcc1
00000b611ae77186eb468df89af9119973516be11c277026eb268df1c698933870668de1
00000b9d8c28542d22347fa1baf75992e1538f61d74f42fce7900ed757af42fce7801041
00000b0d0c2c743c2a203db0baf31983f147cb62618faf5cdce00015d7afaf5cdce01961
00000b3d1af0718b2b4dfde49aee119cb3501be8cc2d042476262ab9c68d041fefe5d325
00000b4db7545ae2219fbf45cc2e443ca6301eb52c327c23a83fdd2b947ab116d85fdd21
00000b78faf109837557ea675aeee19c8f4014e2618faf5cdce00018668faf5cdcf01121
00000b8eac349c221037b33bfae9c99d45406668f74d0afc75802a5ff00d0afc75900107
00000b08174d32fc7b8029da8c3194235227e3afac3cdc28002d372fac3cdc27f88d3721
00000b39fae94995655a6e655aee619caf501ce2618faf5cdce00017668fc5dcdcc29b61
00000b4eb75c9af01183335fcc20c42f0634f6acac2c1c3c30203b3ff00c1c1c30500087
00000b70e1930f5bf4f9ca076c2eec3c8c3014306c332c23fc37c83075da0b6ff017c805
00000b9a7ae9a9855d4e60665aeea19c9f5010e2618faf5cdce00018e6aff01cdcf68145
00000b12a19b9f51d0e3430fec24cc2e0434b632a75b9ef1d083431a9edb9ef7e5434301
00000b38419127437effe8862c2ebc3c9830113ae1918f4354efe21ae197f478274fe201
00000b4f6c2cec3c0c3034347af22983bd47d862618faf5cdce0001bf7afaf3cdd101ec1
00000b723753bae3d99fc146cc2e843c963012bb7751eae34d97e45b775a50f881b775c1
00000b80c187075ef6e88a872c2efc3c88301534ec320c23b43fda34ec2e146ff01fda25
00000b03774feafccd9004484c2d243c7e2828a2618faf5cdce00003d46ff00ff0102a25
00000b36ec328c23943fd2277aeee99c8d50147f9af0d1830357f7ff9af986783277a961
00000b52174bb2fddb9041d28c339423d227c3afac2cdc3c0020372fac2cdc1c004031a1
00000b65faee499ca5401e795af161836f47ece2618faf5cdce00017668faf5cdce01b81
00000b8ebaf49982115fb367daeec19c875016f4ac321c23b037db2ea6bb6bf6a9278261
00000b0cac341c223027bb3bfae9c99d454066655aee619caf501cfff00e619caf402785
00000b2c1aec319c3b4039fe9af091831347f3e2618faf5cdce0001fefefaf3cdce04005
00000b51b7535ae3e18fcf45cc2e443ca6301ebd0c3074232a27fdbd0c59b11898579221
00000b60cc2f043cf6380aa73aeef99c8940156cdaec019c37503aecdb0ff00ff0104645
00000b83174ff2fccb8005c48c2e143cb2281ba2618faf5cdce00002618ff80ff00023f5
00000b15daea419da7505ef51af27183ab47ddf17aeb699ded404c6306ab699ded5003a3
00000b2fb744daf6018ab745cc2e443ca6301eb52c327c23a83fdd2d946b30eab83fdd21
00000b40f74f0afcf5900a5b4c31e4234e27e4a2618faf5cdce00014548faf3cdd1006a3
00000b7ac191874356ffe2872c2efc3c88301520774f2afcfd980859fecf2afcfd879681
00000b937753eae3cd9fc4444c2e243cbe3018ae218cbf5c18e8310e218cbf5c18e83201
00000b16e18a8f5594ea52076c2eec3c8c301422618faf5cdce000165ecff01cdcf276a5
00000b325753a2e3df9fc0c60c2eb43c9a3011bafaf189835557e27afafa67b889a76381
00000b53ec33cc23c437c6357aea699dad405c64574e22fcbf9818c4574e22dcbfb818e1
00000b660c2eb4349a2211babaf1998b5155e362618faf5cdce00018d78faf5cdcf00aa3
00000b81174f72fceb980dc48c2e143cb2201bac018c375c3ae0398c018ff00ff01000c7
00000b11f7534ae3e59fce454c2e643cae301cb42c323c23b82fd9342c39c0f8a44fd921
00000b2af74d8afc559022434c2fe43cce2804a2618faf5cdce00006546fefefeff03785
00000b4ee1948f4214f7b2136c2bec3dcc20442ee7548ee21497b20ee7388b97f277b221
00000b664c2ea43c9e2010ba3af1b9835947e172d75382e3d78fc2d89798701807cfc2e1
00000b8f0c2cf43c0a3035b0baf31983f147cb62618faf5cdce00017d7afaf5cdcf01281
00000b01174f72fceb880dc48c2e143cb2201bac018c375c3af0398c018ff00ff00000c7
00000b25faee499ca5501e7d5af061832f47fce0174f32fcfb8809db668f32dcfb8809a1
00000b4e8194974a12e5b39bac29dc3540326722618faf5cdce0001ff00faf3cdd102c45
00000b717af3698bed4dcc645aee219cbf5018ffc190c74b06e5f69fc1999bffefe59c65
00000b86ac2e9c3c9030133ffaf0c9830547f679419167436eefec8ff8177677a56fec81
00000b08218d3f5c78f02912ec338c23d427c222618faf5cdce000131ecfaf5cdcf00723
00000b247aee299cbd50187a5af1a1835f47e0e47c2e283cbd301876e68e281cbd302281
00000b4eac349c221027b33bfae9c99d45406665574e62fcaf981cdff00e62dcafb81cc5
00000b600c3f3438fa2909a6baee999c91501362618faf5cdce0000261bfefed9c512f05
00000b9937497afd69886d44cc2e043cb6301aa461862f5ebce09816146f90eff01035a5
00000b04cc2e043cb6301abb3af1f9834947e574d74202efb78cdad817b8100fb78cdac1
00000b2b0c35f43a4a39a5a4baee199cb1501b62618faf5cdce00007d78faf2f0c21d261
00000b4d1aec719c2b403dfc9af011833347fbf0cc2b043df6304abff00b041df65004e7
00000b71b7535ae3e19fcf45cc2e443ca6301eb137537ae3e987cd513759b0f8982800e1
00000b94cc320423b62fdaa73aeef99c89501562618faf5cdce0001417afaf5cdcf801c1
00000b0f3aecf99c09403574daf20183b747daea2c2dbc3c5830213c26adbc3c582001a3
00000b388191174372ffeb87ac2edc3c80301739faf149836547ee79faf80478030817a1
00000b49574562f66f8aacc40c2e343cba3019a2618faf5cdce00005746faf5cdcf2d721
00000b77ec32cc23842fd6257aee699cad501c62ac2f9c3cd0280335778f9c3cd037af81
00000b923753bae3d997c14acc2d843c562022b73af2f9838957d5773af950f841b7d561
00000b10d74302eff78ccac70c2ef43c8a3015a2618faf5cdce00002618faf4ff814f231
00000b2bdaedc184474626f11af3719beb51cdebdc2dc024472626ebdc0dc01843c626c1
00000b539753d2e3c39fc7c58c2e543ca2301fadbaf45982214fbf6dbada37d8762fbf61
00000b65d74e42fca7981ec50c2e743caa201da2618faf5cdce00002f48ff00ff0104c65
00000b8ffaf4c982054fb6655aee619caf501cfb4c31e4234e27e4aff81b3bf6c4c78be1
00000b16a1929f4390f7d307ec2ecc3c843016256c2e6c3cac301c369ece6c3cac301581
00000b387af129837d47e8665aeea19c9f4010e2618faf5cdce00016e68faf3cdce00cc3
00000b42a18f9f5cd0f0031fec30cc230427f622a74f9efcd090031a9eef9edcd0b00743
00000b78419127437eefe8862c2ebc3c9830112efaf48982154fb26efaf7f478274fb261
00000b8b5aede19c4f5824e41aee319cbb4019e2618faf5cdce0000786aff00ff01050e5
00000b03974fd2fcc39807c58c2e543ca2201fafbaecd99c0140376fbaeff00ff0100067
00000b25e1864f5ea4f89e056c2e6c3cac301c346c322c23bc3fd8346c0ccb6fefffd805
00000b567752aae39d97d0564c2aa43d9e2050a2618faf5cdce00004d46faf3cdd103101
00000b72e18b8f5dd4f0420b6c35ec224c27a432e74b8efdd49042165ecb8efdd49042a1
00000b9a6191af435cffe0066c2eac3c9c30102e7aeca99c1d40306e7aeca99c1d480021
00000b02574fa2fcdf8000c60c2eb43c9a2811a2618faf5cdce00002618ff00ff0000347
00000b3bc191c74346ffe6852c2e7c3ca8301d277aeee99c8d581478fecee97c8d479a81
00000b536c33ec23cc27c4347aea299dbd40586a574da2fc5f9020ca574da2dc5fa01bc1
00000b7a0191b7435ae7e18eac2c9c3c10203322618faf5cdce0001fefefaf5cdce02505
00000b8161876f46ecf68c1c6c382c393c317827374efafc89901547374efafc89900023
00000b12418ba75ddef0409a2c31bc235827e126faee899c95401266faee899c95502a21
00000b2b574de2fc4f8024dc0c3034233a27f9a2618faf5cdce0001f746faf3cdce03081
00000b53c18bc75dc6f046992c317c236827ed336c2bec3dcc204424fecbec1dcc5002e3
00000b6f4c2ce43c0e2034b03af33983f947c962d74f82fcd78002d7978f82fcd7801321
00000b9f0c30f4230a27f5a4baee199cb1401b62618faf5cdce0001bd7afaf5cdce02281
00000b0d2c347c222837bd34faea099db5405a684c2d243c7e2028ba37ad243c7e200143
00000b28374d3afc79802952cc338423d627c2b33753fae3c987c5533c58d0f861a7c541
00000b48cc35042a7625aab73aeaf99589525562618faf5cdce0001817afaf3cdd1011e1
00000b770c2af43d8a2055a8baf519827147ab66c18e875c96f01297d78e875c96f00003
00000b81174f72fceb880dc48c2e143cb2201ba3b74fdafcc1900743b74ff00ff00037e5
00000b1dc190474326e7fe8d2c2c7c3c28203d22618faf5cdce0001ff00faf5cdce04bc5
00000b3f4190e7430ef7f4882c2d3c3c7820292e618caf5c1ce0301f7eccaf3c1cf00063
00000b536c33ec23cc27c4307aeb299dfd4048624c2fa43cde3800a24c2fa41cde5800a1
00000b663ae6b986994e9166daee819c975012e2618faf5cdce0000526afaf7cdcf6b461
00000b90b7531ae3f18fcb47cc2ec43c863016beb7509ae31187f35eb759f0f888575101
00000b18e1910f4374efea076c2eec3c8c30142c7af429823d4fb86c7af80b98126fb861
00000b2a5aeda19c5f5820e61aeeb19c9b4011e2618faf5cdce00008868fefefeff042c5
00000b539afbd191c34b47e59aee519ca3501fffbaf8d9910143777fbb1ff00677331a25
00000b65b74e5af4a18a1f45cc2e443ca6301eb137537ae3e99fcd43948ff009585fcd45
00000b9cc190074336f7fa8b2c2dfc3c48202522618faf5cdce0001ff00faf5cdcf03185
00000b0f6194ef420ce7b4106c2b2c3dfc20482f6754eee20c87b40f67582b981967b401
00000b22574fa2fcdf8000c60c2eb43c9a2811b6baf299839147d376bacfefefefe7d365
00000b53d753c2e3c78fc6c50c2e743caa301da2618faf5cdce00002616faf3cdd17f521
00000b6fdaf4c182075fb6e51aee719cab501dfb1af1f1834b57e5ed06bb4336c3d79081
00000b83b74fdafcc1900759cc3144236627eea53aee799ca9401d75940e799ca9401661
00000b08daed019c77482ae71aeef19c8b4015e2618faf5cdce0000806aff00ff0005265
00000b3bac21dc274036e729fafd499865512e6b3aedf99c4950257db78df97c49400123
00000b542c323c23b83fd926faee899c955012774c32e4238e2fd4b74c58d698602fd4a1
00000b7037533ae3f997c95acc29843d562062a2618faf5cdce00003148faf5cdcf03d61
00000b94faea099db5405a6b5af5e1824f47a4e60c2eb43c9a3011b866aeb43c9a300063
00000b0eac349c221027b337faeac99d854056754c326423ae3fdcbeb7b77677a57fdca1
00000b343af23983b957d96edaec819c174032e2618faf5cdce0001b268faf3cdcf01de1
00000b40974f12fcf3980bc78c2ed43c822017af618cef5c0ce0340f618fefefeff00207
00000b6ddaf44182275fbee51aee719cab501df88191174372efeb8b06bac336e3cfeba1
00000b8fa18cdf5c00f83705ec2e4c3ca4201e22618faf5cdce0000d9ecff00ff01065a5
00000b1861912f437cffe8066c2eac3c9c3010207aef299cfd580876decf299cfd579801
00000b3a4191a7435eefe0862c2ebc3c98301136f7528ae39587d2587ed874780757fec1
00000b574c32e4238e2fd4a43aee399cb9501962618faf5cdce0001397afaf3cdd180061
00000b772c2afc3d88305530faf30983f547ca6e018cb75c1ae0318e01acb75c1ae00063
00000b8c1af431823b5fb9e69aee919c935013e3974fd2fcc38807cac6afd2fcc3880bc1
00000b198191574362efef85ac2e5c3ca0301f22618faf5cdce000173ecfaf5cdcf81ea1
00000b2d4c3c64282e353cac3ae439963952b96d4afc65882e553cafeffc65882e353c85
00000b4f2c34fc220837b534faea099db5405a734193e743cef7c49c37b71697d037c4a1
00000b742c323c23b83fd926faee899c95501262618faf5cdce00013378faf5cdce7fce1
00000b8c3aec399c39403976daf281839747d2e52c2e7c3ca8301d3b26ae7c3ca82000c3
00000b1c8c3014233227fba7baeed99c81401769c18d475c66f02e9c57ad475c66f014a1
00000b2d218c7f5c28e83d04ec2e0c3cb4201a22618faf5cdce0000a1ecfefefefe067a5
00000b58419127437eefe8862c2ebc3c98301120ec2f0c3cf4280a367eef0c1cf4578901
00000b6b6195ef524ceba4046c2e2c3cbc3018227747aae6dd9e8047defc2b671b5e8041
00000b86419ea7489efd10862c2ebc3c98301122618faf5cdce000047edff01d478531a5
