21:39:04  waiting for the d_ca04 reference builds to finish
21:39:04  === QUEUE 3 START -- 3 jobs ===
21:39:04  [1] d_ca04/qwen Fmax sweep (seed 4.5 ns)
usage: find_fmax.py [-h] --design DESIGN [--rtl RTL] [--pdk PDK]
                    [--seed-period-ns SEED_PERIOD_NS]
                    [--resolution-ns RESOLUTION_NS]
                    [--max-iterations MAX_ITERATIONS]
                    [--max-bracket-iterations MAX_BRACKET_ITERATIONS]
                    [--output-dir OUTPUT_DIR] [--no-confirm] [--dry-run]
                    [--skip-sim-check]
find_fmax.py: error: unrecognized arguments: --candidate candidates/d_ca04/qwen.sv --task d_ca04
21:39:04  [1] exit=2
21:39:04  [2] d_ca04/qwen PPA at 4.5 ns (current common clock)
task      : d_ca04 (async_fifo_cdc)
candidate : candidates/d_ca04/qwen.sv
config    : orfs_runs/d_ca04_cand_qwen_at_4p5/config.mk
results   : $ORFS_FLOW_DIR/{results,reports,logs}/sky130hd/d_ca04_cand_qwen_at_4p5/base/
expect ~25 min under emulation.

clean build: wiped sky130hd/d_ca04_cand_qwen_at_4p5 (results, logs, objects, reports)
constraining to CLK_PERIOD_NS=4.5 (SDC + synthesis)
OPENROAD: /OpenROAD-flow-scripts/tools/OpenROAD
mkdir -p results/sky130hd/d_ca04_cand_qwen_at_4p5/base/
echo 4500 > results/sky130hd/d_ca04_cand_qwen_at_4p5/base/clock_period.txt
/OpenROAD-flow-scripts/flow/scripts/synth.sh /OpenROAD-flow-scripts/flow/scripts/synth_canonicalize.tcl ./logs/sky130hd/d_ca04_cand_qwen_at_4p5/base/1_1_yosys_canonicalize.log
Using ABC speed script.
Extracting clock period from SDC file: ./results/sky130hd/d_ca04_cand_qwen_at_4p5/base/clock_period.txt
Setting clock period to 4500
1. Executing Liberty frontend: /OpenROAD-flow-scripts/flow/platforms/sky130hd/lib/sky130_fd_sc_hd__tt_025C_1v80.lib
2. Executing Liberty frontend: /OpenROAD-flow-scripts/flow/platforms/sky130hd/lib/sky130_fd_sc_hd__tt_025C_1v80.lib
3. Executing SLANG frontend.
3.1. Executing PROC_CLEAN pass (remove empty switches from decision trees).
3.2. Executing TRIBUF pass.
3.3. Executing PROC_RMDEAD pass (remove dead branches from decision trees).
3.4. Executing PROC_PRUNE pass (remove redundant assignments in processes).
3.5. Executing PROC_INIT pass (extract init attributes).
3.6. Executing PROC_ROM pass (convert switches to ROMs).
3.7. Executing PROC_MUX pass (convert decision trees to multiplexers).
3.8. Executing PROC_CLEAN pass (remove empty switches from decision trees).
3.9. Executing OPT_EXPR pass (perform const folding).
4. Executing HIERARCHY pass (managing design hierarchy).
4.1. Analyzing design hierarchy..
4.2. Analyzing design hierarchy..
5. Executing OPT_CLEAN pass (remove unused cells and wires).
6. Executing RTLIL backend.
End of script. Logfile hash: 47b722bef1, time: 0.38s, user: 0.30s, system: 0.03s, MEM: 79.17 MB peak
Yosys 0.68+post (git sha1 UNKNOWN, Release, GNU /usr/local/bin/wrapped-cc/g++ 11.4.0)
Time spent: 41% 2x read_slang (0 sec), 37% 4x read_liberty (0 sec), ...
Elapsed time: 0:00.43[h:]min:sec. CPU time: user 0.39 sys 0.04 (97%). Peak memory: 83384KB.
Log                       Ext     Elapsed/s Peak Memory/MB sha1sum result [0:20)
1_1_yosys_canonicalize    .rtlil          0             81 177e49411317e4d5bc92
/OpenROAD-flow-scripts/flow/scripts/synth.sh /OpenROAD-flow-scripts/flow/scripts/synth.tcl ./logs/sky130hd/d_ca04_cand_qwen_at_4p5/base/1_2_yosys.log
Using ABC speed script.
Extracting clock period from SDC file: ./results/sky130hd/d_ca04_cand_qwen_at_4p5/base/clock_period.txt
Setting clock period to 4500
1. Executing RTLIL frontend.
2. Executing HIERARCHY pass (managing design hierarchy).
2.1. Analyzing design hierarchy..
2.2. Analyzing design hierarchy..
3. Executing SYNTH pass.
3.1. Executing HIERARCHY pass (managing design hierarchy).
3.1.1. Analyzing design hierarchy..
3.1.2. Analyzing design hierarchy..
3.2. Executing PROC pass (convert processes to netlists).
3.2.1. Executing PROC_CLEAN pass (remove empty switches from decision trees).
3.2.2. Executing PROC_RMDEAD pass (remove dead branches from decision trees).
3.2.3. Executing PROC_PRUNE pass (remove redundant assignments in processes).
3.2.4. Executing PROC_INIT pass (extract init attributes).
3.2.5. Executing PROC_ARST pass (detect async resets in processes).
3.2.6. Executing PROC_ROM pass (convert switches to ROMs).
3.2.7. Executing PROC_MUX pass (convert decision trees to multiplexers).
3.2.8. Executing PROC_DLATCH pass (convert process syncs to latches).
3.2.9. Executing PROC_DFF pass (convert process syncs to FFs).
3.2.10. Executing PROC_MEMWR pass (convert process memory writes to cells).
3.2.11. Executing PROC_CLEAN pass (remove empty switches from decision trees).
3.2.12. Executing OPT_EXPR pass (perform const folding).
3.3. Executing CHECK pass (checking for obvious problems).
3.4. Executing FLATTEN pass (flatten design).
3.5. Executing OPT_EXPR pass (perform const folding).
3.6. Executing OPT_CLEAN pass (remove unused cells and wires).
3.7. Executing CHECK pass (checking for obvious problems).
3.8. Executing OPT pass (performing simple optimizations).
3.8.1. Executing OPT_EXPR pass (perform const folding).
3.8.2. Executing OPT_MERGE pass (detect identical cells).
3.8.3. Executing OPT_MUXTREE pass (detect dead branches in mux trees).
3.8.4. Executing OPT_REDUCE pass (consolidate $*mux and $reduce_* inputs).
3.8.5. Executing OPT_MERGE pass (detect identical cells).
3.8.6. Executing OPT_DFF pass (perform DFF optimizations).
3.8.7. Executing OPT_CLEAN pass (remove unused cells and wires).
3.8.8. Executing OPT_EXPR pass (perform const folding).
3.8.9. Rerunning OPT passes. (Maybe there is more to do..)
3.8.10. Executing OPT_MUXTREE pass (detect dead branches in mux trees).
3.8.11. Executing OPT_REDUCE pass (consolidate $*mux and $reduce_* inputs).
3.8.12. Executing OPT_MERGE pass (detect identical cells).
3.8.13. Executing OPT_DFF pass (perform DFF optimizations).
3.8.14. Executing OPT_CLEAN pass (remove unused cells and wires).
3.8.15. Executing OPT_EXPR pass (perform const folding).
3.8.16. Finished fast OPT passes. (There is nothing left to do.)
3.9. Executing FSM pass (extract and optimize FSM).
3.9.1. Executing FSM_DETECT pass (finding FSMs in design).
3.9.2. Executing FSM_EXTRACT pass (extracting FSM from design).
3.9.3. Executing FSM_OPT pass (simple optimizations of FSMs).
3.9.4. Executing OPT_CLEAN pass (remove unused cells and wires).
3.9.5. Executing FSM_OPT pass (simple optimizations of FSMs).
3.9.6. Executing FSM_RECODE pass (re-assigning FSM state encoding).
3.9.7. Executing FSM_INFO pass (dumping all available information on FSM cells).
3.9.8. Executing FSM_MAP pass (mapping FSMs to basic logic).
3.10. Executing OPT pass (performing simple optimizations).
3.10.1. Executing OPT_EXPR pass (perform const folding).
3.10.2. Executing OPT_MERGE pass (detect identical cells).
3.10.3. Executing OPT_MUXTREE pass (detect dead branches in mux trees).
3.10.4. Executing OPT_REDUCE pass (consolidate $*mux and $reduce_* inputs).
3.10.5. Executing OPT_MERGE pass (detect identical cells).
3.10.6. Executing OPT_DFF pass (perform DFF optimizations).
3.10.7. Executing OPT_CLEAN pass (remove unused cells and wires).
3.10.8. Executing OPT_EXPR pass (perform const folding).
3.10.9. Rerunning OPT passes. (Maybe there is more to do..)
3.10.10. Executing OPT_MUXTREE pass (detect dead branches in mux trees).
3.10.11. Executing OPT_REDUCE pass (consolidate $*mux and $reduce_* inputs).
3.10.12. Executing OPT_MERGE pass (detect identical cells).
3.10.13. Executing OPT_DFF pass (perform DFF optimizations).
3.10.14. Executing OPT_CLEAN pass (remove unused cells and wires).
3.10.15. Executing OPT_EXPR pass (perform const folding).
3.10.16. Finished fast OPT passes. (There is nothing left to do.)
3.11. Executing WREDUCE pass (reducing word size of cells).
3.12. Executing PEEPOPT pass (run peephole optimizers).
3.13. Executing OPT_CLEAN pass (remove unused cells and wires).
3.14. Executing ALUMACC pass (create $alu and $macc cells).
3.15. Executing SHARE pass (SAT-based resource sharing).
3.16. Executing OPT pass (performing simple optimizations).
3.16.1. Executing OPT_EXPR pass (perform const folding).
3.16.2. Executing OPT_MERGE pass (detect identical cells).
3.16.3. Executing OPT_MUXTREE pass (detect dead branches in mux trees).
3.16.4. Executing OPT_REDUCE pass (consolidate $*mux and $reduce_* inputs).
3.16.5. Executing OPT_MERGE pass (detect identical cells).
3.16.6. Executing OPT_DFF pass (perform DFF optimizations).
3.16.7. Executing OPT_CLEAN pass (remove unused cells and wires).
3.16.8. Executing OPT_EXPR pass (perform const folding).
3.16.9. Finished fast OPT passes. (There is nothing left to do.)
3.17. Executing MEMORY pass.
3.17.1. Executing OPT_MEM pass (optimize memories).
3.17.2. Executing OPT_MEM_PRIORITY pass (removing unnecessary memory write priority relations).
3.17.3. Executing OPT_MEM_FEEDBACK pass (finding memory read-to-write feedback paths).
3.17.4. Executing MEMORY_BMUX2ROM pass (converting muxes to ROMs).
3.17.5. Executing MEMORY_DFF pass (merging $dff cells to $memrd).
3.17.6. Executing OPT_CLEAN pass (remove unused cells and wires).
3.17.7. Executing MEMORY_SHARE pass (consolidating $memrd/$memwr cells).
3.17.8. Executing OPT_MEM_WIDEN pass (optimize memories where all ports are wide).
3.17.9. Executing OPT_CLEAN pass (remove unused cells and wires).
3.17.10. Executing MEMORY_COLLECT pass (generating $mem cells).
3.18. Executing OPT_CLEAN pass (remove unused cells and wires).
4. Executing SYNTH pass.
4.1. Executing OPT pass (performing simple optimizations).
4.1.1. Executing OPT_EXPR pass (perform const folding).
4.1.2. Executing OPT_MERGE pass (detect identical cells).
4.1.3. Executing OPT_DFF pass (perform DFF optimizations).
4.1.4. Executing OPT_CLEAN pass (remove unused cells and wires).
4.1.5. Finished fast OPT passes.
4.2. Executing MEMORY_MAP pass (converting memories to logic and flip-flops).
4.3. Executing OPT pass (performing simple optimizations).
4.3.1. Executing OPT_EXPR pass (perform const folding).
4.3.2. Executing OPT_MERGE pass (detect identical cells).
4.3.3. Executing OPT_MUXTREE pass (detect dead branches in mux trees).
4.3.4. Executing OPT_REDUCE pass (consolidate $*mux and $reduce_* inputs).
4.3.5. Executing OPT_MERGE pass (detect identical cells).
4.3.6. Executing OPT_SHARE pass.
4.3.7. Executing OPT_DFF pass (perform DFF optimizations).
4.3.8. Executing OPT_CLEAN pass (remove unused cells and wires).
4.3.9. Executing OPT_EXPR pass (perform const folding).
4.3.10. Rerunning OPT passes. (Maybe there is more to do..)
4.3.11. Executing OPT_MUXTREE pass (detect dead branches in mux trees).
4.3.12. Executing OPT_REDUCE pass (consolidate $*mux and $reduce_* inputs).
4.3.13. Executing OPT_MERGE pass (detect identical cells).
4.3.14. Executing OPT_SHARE pass.
4.3.15. Executing OPT_DFF pass (perform DFF optimizations).
4.3.16. Executing OPT_CLEAN pass (remove unused cells and wires).
4.3.17. Executing OPT_EXPR pass (perform const folding).
4.3.18. Rerunning OPT passes. (Maybe there is more to do..)
4.3.19. Executing OPT_MUXTREE pass (detect dead branches in mux trees).
4.3.20. Executing OPT_REDUCE pass (consolidate $*mux and $reduce_* inputs).
4.3.21. Executing OPT_MERGE pass (detect identical cells).
4.3.22. Executing OPT_SHARE pass.
4.3.23. Executing OPT_DFF pass (perform DFF optimizations).
4.3.24. Executing OPT_CLEAN pass (remove unused cells and wires).
4.3.25. Executing OPT_EXPR pass (perform const folding).
4.3.26. Finished fast OPT passes. (There is nothing left to do.)
4.4. Executing TECHMAP pass (map to technology primitives).
4.4.1. Executing Verilog-2005 frontend: /OpenROAD-flow-scripts/tools/install/yosys/bin/../share/yosys/techmap.v
4.4.2. Executing Verilog-2005 frontend: /OpenROAD-flow-scripts/flow/platforms/common/lcu_kogge_stone.v
4.4.3. Continuing TECHMAP pass.
4.5. Executing OPT pass (performing simple optimizations).
4.5.1. Executing OPT_EXPR pass (perform const folding).
4.5.2. Executing OPT_MERGE pass (detect identical cells).
4.5.3. Executing OPT_DFF pass (perform DFF optimizations).
4.5.4. Executing OPT_CLEAN pass (remove unused cells and wires).
4.5.5. Finished fast OPT passes.
4.6. Executing HIERARCHY pass (managing design hierarchy).
4.6.1. Analyzing design hierarchy..
4.6.2. Analyzing design hierarchy..
4.7. Printing statistics.
4.8. Executing CHECK pass (checking for obvious problems).
5. Executing OPT pass (performing simple optimizations).
5.1. Executing OPT_EXPR pass (perform const folding).
5.2. Executing OPT_MERGE pass (detect identical cells).
5.3. Executing OPT_MUXTREE pass (detect dead branches in mux trees).
5.4. Executing OPT_REDUCE pass (consolidate $*mux and $reduce_* inputs).
5.5. Executing OPT_MERGE pass (detect identical cells).
5.6. Executing OPT_DFF pass (perform DFF optimizations).
5.7. Executing OPT_CLEAN pass (remove unused cells and wires).
5.8. Executing OPT_EXPR pass (perform const folding).
5.9. Finished fast OPT passes. (There is nothing left to do.)
6. Executing EXTRACT_FA pass (find and extract full/half adders).
7. Executing TECHMAP pass (map to technology primitives).
7.1. Executing Verilog-2005 frontend: /OpenROAD-flow-scripts/flow/platforms/sky130hd/cells_adders_hd.v
7.2. Continuing TECHMAP pass.
8. Executing TECHMAP pass (map to technology primitives).
8.1. Executing Verilog-2005 frontend: /OpenROAD-flow-scripts/tools/install/yosys/bin/../share/yosys/techmap.v
8.2. Continuing TECHMAP pass.
9. Executing OPT pass (performing simple optimizations).
9.1. Executing OPT_EXPR pass (perform const folding).
9.2. Executing OPT_MERGE pass (detect identical cells).
9.3. Executing OPT_DFF pass (perform DFF optimizations).
9.4. Executing OPT_CLEAN pass (remove unused cells and wires).
9.5. Finished fast OPT passes.
10. Executing DFFLEGALIZE pass (convert FFs to types supported by the target).
11. Executing TECHMAP pass (map to technology primitives).
11.1. Executing Verilog-2005 frontend: /OpenROAD-flow-scripts/flow/platforms/sky130hd/cells_latch_hd.v
11.2. Continuing TECHMAP pass.
12. Executing DFFLIBMAP pass (mapping DFF cells to sequential cells from liberty file).
12.1. Executing DFFLEGALIZE pass (convert FFs to types supported by the target).
13. Executing OPT pass (performing simple optimizations).
13.1. Executing OPT_EXPR pass (perform const folding).
13.2. Executing OPT_MERGE pass (detect identical cells).
13.3. Executing OPT_MUXTREE pass (detect dead branches in mux trees).
13.4. Executing OPT_REDUCE pass (consolidate $*mux and $reduce_* inputs).
13.5. Executing OPT_MERGE pass (detect identical cells).
13.6. Executing OPT_DFF pass (perform DFF optimizations).
13.7. Executing OPT_CLEAN pass (remove unused cells and wires).
13.8. Executing OPT_EXPR pass (perform const folding).
13.9. Finished fast OPT passes. (There is nothing left to do.)
14. Executing SETUNDEF pass (replace undef values with defined constants).
abc -script /OpenROAD-flow-scripts/flow/scripts/abc_speed.script -liberty /OpenROAD-flow-scripts/flow/platforms/sky130hd/lib/sky130_fd_sc_hd__tt_025C_1v80.lib -dont_use sky130_fd_sc_hd__probe_p_8 -dont_use sky130_fd_sc_hd__probec_p_8 -dont_use sky130_fd_sc_hd__lpflow_bleeder_1 -dont_use sky130_fd_sc_hd__lpflow_clkbufkapwr_1 -dont_use sky130_fd_sc_hd__lpflow_clkbufkapwr_16 -dont_use sky130_fd_sc_hd__lpflow_clkbufkapwr_2 -dont_use sky130_fd_sc_hd__lpflow_clkbufkapwr_4 -dont_use sky130_fd_sc_hd__lpflow_clkbufkapwr_8 -dont_use sky130_fd_sc_hd__lpflow_clkinvkapwr_1 -dont_use sky130_fd_sc_hd__lpflow_clkinvkapwr_16 -dont_use sky130_fd_sc_hd__lpflow_clkinvkapwr_2 -dont_use sky130_fd_sc_hd__lpflow_clkinvkapwr_4 -dont_use sky130_fd_sc_hd__lpflow_clkinvkapwr_8 -dont_use sky130_fd_sc_hd__lpflow_decapkapwr_12 -dont_use sky130_fd_sc_hd__lpflow_decapkapwr_3 -dont_use sky130_fd_sc_hd__lpflow_decapkapwr_4 -dont_use sky130_fd_sc_hd__lpflow_decapkapwr_6 -dont_use sky130_fd_sc_hd__lpflow_decapkapwr_8 -dont_use sky130_fd_sc_hd__lpflow_inputiso0n_1 -dont_use sky130_fd_sc_hd__lpflow_inputiso0p_1 -dont_use sky130_fd_sc_hd__lpflow_inputiso1n_1 -dont_use sky130_fd_sc_hd__lpflow_inputiso1p_1 -dont_use sky130_fd_sc_hd__lpflow_inputisolatch_1 -dont_use sky130_fd_sc_hd__lpflow_isobufsrc_1 -dont_use sky130_fd_sc_hd__lpflow_isobufsrc_16 -dont_use sky130_fd_sc_hd__lpflow_isobufsrc_2 -dont_use sky130_fd_sc_hd__lpflow_isobufsrc_4 -dont_use sky130_fd_sc_hd__lpflow_isobufsrc_8 -dont_use sky130_fd_sc_hd__lpflow_isobufsrckapwr_16 -dont_use sky130_fd_sc_hd__lpflow_lsbuf_lh_hl_isowell_tap_1 -dont_use sky130_fd_sc_hd__lpflow_lsbuf_lh_hl_isowell_tap_2 -dont_use sky130_fd_sc_hd__lpflow_lsbuf_lh_hl_isowell_tap_4 -dont_use sky130_fd_sc_hd__lpflow_lsbuf_lh_isowell_4 -dont_use sky130_fd_sc_hd__lpflow_lsbuf_lh_isowell_tap_1 -dont_use sky130_fd_sc_hd__lpflow_lsbuf_lh_isowell_tap_2 -dont_use sky130_fd_sc_hd__lpflow_lsbuf_lh_isowell_tap_4 -constr ./objects/sky130hd/d_ca04_cand_qwen_at_4p5/base/abc.constr -D 4500
15. Executing ABC pass (technology mapping using ABC).
15.1. Extracting gate netlist of module `\async_fifo_cdc' to `<abc-temp-dir>/input.blif'..
15.1.1. Executed ABC.
15.1.2. Re-integrating ABC results.
16. Executing SPLITNETS pass (splitting up multi-bit signals).
17. Executing OPT_CLEAN pass (remove unused cells and wires).
18. Executing HILOMAP pass (mapping to constant drivers).
19. Executing INSBUF pass (insert buffer cells for connected wires).
20. Executing CHECK pass (checking for obvious problems).
21. Printing statistics.
22. Executing CHECK pass (checking for obvious problems).
23. Executing Verilog backend.
23.1. Executing BMUXMAP pass.
23.2. Executing DEMUXMAP pass.
End of script. Logfile hash: f449ee8559, time: 2.27s, user: 0.54s, system: 0.08s, MEM: 84.18 MB peak
Yosys 0.68+post (git sha1 UNKNOWN, Release, GNU /usr/local/bin/wrapped-cc/g++ 11.4.0)
Time spent: 75% 1x abc (1 sec), 3% 21x opt_clean (0 sec), ...
Elapsed time: 0:02.33[h:]min:sec. CPU time: user 2.21 sys 0.11 (99%). Peak memory: 87956KB.
Log                       Ext     Elapsed/s Peak Memory/MB sha1sum result [0:20)
1_2_yosys                 .v              2             85 705f30fdb6577d5f0597
cp /work/domains/comp_arch/design/d_ca04_async_fifo_cdc/orfs/constraint.sdc ./results/sky130hd/d_ca04_cand_qwen_at_4p5/base/1_2_yosys.sdc
OpenROAD 26Q3-1080-gab6fd26351 
Features included (+) or not (-): +GPU +GUI +Python
This program is licensed under the BSD-3 license. See the LICENSE file for details.
Components of this program may be licensed under more restrictive licenses which must be honored.
[INFO ORD-0030] Using 10 thread(s).
mkdir -p ./objects/sky130hd/d_ca04_cand_qwen_at_4p5/base
/OpenROAD-flow-scripts/flow/scripts/flow.sh 1_synth synth_odb
Running synth_odb.tcl, stage 1_synth
read_liberty /OpenROAD-flow-scripts/flow/platforms/sky130hd/lib/sky130_fd_sc_hd__tt_025C_1v80.lib
[INFO ODB-0227] LEF file: /OpenROAD-flow-scripts/flow/platforms/sky130hd/lef/sky130_fd_sc_hd.tlef, created 13 layers, 25 vias
[INFO ODB-0227] LEF file: /OpenROAD-flow-scripts/flow/platforms/sky130hd/lef/sky130_fd_sc_hd_merged.lef, created 441 library cells
link_design async_fifo_cdc
read_sdc ./results/sky130hd/d_ca04_cand_qwen_at_4p5/base/1_2_yosys.sdc
source /OpenROAD-flow-scripts/flow/platforms/sky130hd/setRC.tcl
eliminate_dead_logic
Removed 0 unused instances and 0 unused nets.
Design area 10604 um^2 100% utilization.
write_db ./results/sky130hd/d_ca04_cand_qwen_at_4p5/base/1_synth.odb
write_sdc -no_timestamp ./results/sky130hd/d_ca04_cand_qwen_at_4p5/base/1_synth.sdc
Elapsed time: 0:00.64[h:]min:sec. CPU time: user 0.59 sys 0.03 (97%). Peak memory: 148204KB.
Log                       Ext     Elapsed/s Peak Memory/MB sha1sum result [0:20)
1_synth                   .odb            0            144 3f2b2e90832ba07a159e
1_synth                   .sdc                             fe6451089bd5960df93f
/OpenROAD-flow-scripts/flow/scripts/flow.sh 2_1_floorplan floorplan
Running floorplan.tcl, stage 2_1_floorplan
read_liberty /OpenROAD-flow-scripts/flow/platforms/sky130hd/lib/sky130_fd_sc_hd__tt_025C_1v80.lib
read_db ./results/sky130hd/d_ca04_cand_qwen_at_4p5/base/1_synth.odb
read_sdc ./results/sky130hd/d_ca04_cand_qwen_at_4p5/base/1_synth.sdc
source /OpenROAD-flow-scripts/flow/platforms/sky130hd/setRC.tcl
Master sky130_ef_sc_hd__decap_12 is loaded but not used in the design

==========================================================================
Floorplan check_setup
--------------------------------------------------------------------------
number instances in verilog is 442
[INFO IFP-0107] Defining die area using utilization: 10.00% and aspect ratio: 1.
[WARNING IFP-0028] Core area lower left (1.000, 1.000) snapped to (1.380, 2.720).
[INFO IFP-0001] Added 119 rows of 707 site unithd.
[INFO IFP-0100] Die BBox:  (  0.000  0.000 ) ( 327.635 327.635 ) um
[INFO IFP-0101] Core BBox: (  1.380  2.720 ) ( 326.600 326.400 ) um
[INFO IFP-0102] Core area:                       105267.210 um^2
[INFO IFP-0103] Total instances area:             10603.920 um^2
[INFO IFP-0104] Effective utilization:                0.101
[INFO IFP-0105] Number of instances:                    442
source /OpenROAD-flow-scripts/flow/platforms/sky130hd/make_tracks.tcl
source /OpenROAD-flow-scripts/flow/platforms/sky130hd/fastroute.tcl
Repair tie lo fanout...
Repair tie hi fanout...
repair_timing -setup_margin 0 -hold_margin 0 -repair_tns 100 -match_cell_footprint -setup -skip_last_gasp -sequence unbuffer,sizeup,swap,vt_swap -verbose
[WARNING EST-0027] no estimated parasitics. Using wire load models.
[INFO RSZ-0100] Repair move sequence: UnbufferMove SizeUpMove SwapPinsMove 
[INFO RSZ-0098] No setup violations found
[INFO RSZ-0505] Runtime: 0.04s
Default units for flow
 time 1ns
 capacitance 1pF
 resistance 1kohm
 voltage 1v
 current 1mA
 power 1nW
 distance 1um
   Layer   | Unit Resistance | Unit Capacitance 
           |       (kohm/um) |          (pF/um)
------------------------------------------------
       li1 |        7.18e-02 |         1.50e-04
      met1 |        1.21e-03 |         1.72e-04
      met2 |        1.22e-03 |         1.36e-04
      met3 |        1.66e-04 |         2.15e-04
      met4 |        1.68e-04 |         1.48e-04
      met5 |        1.84e-05 |         1.54e-04
------------------------------------------------

   Layer   | Via Resistance 
           |         (kohm) 
----------------------------
      mcon |       9.25e-03 
       via |       4.50e-03 
      via2 |       3.37e-03 
      via3 |       3.77e-04 
      via4 |       5.80e-06 
----------------------------
Report metrics stage 2, floorplan final...

==========================================================================
floorplan final report_design_area
--------------------------------------------------------------------------
Design area 10604 um^2 10% utilization.
write_db ./results/sky130hd/d_ca04_cand_qwen_at_4p5/base/2_1_floorplan.odb
write_sdc -no_timestamp ./results/sky130hd/d_ca04_cand_qwen_at_4p5/base/2_1_floorplan.sdc
Elapsed time: 0:00.81[h:]min:sec. CPU time: user 0.75 sys 0.05 (99%). Peak memory: 184684KB.
Log                       Ext     Elapsed/s Peak Memory/MB sha1sum result [0:20)
2_1_floorplan             .odb            0            180 57e265fcebe316043d3c
2_1_floorplan             .sdc                             fe6451089bd5960df93f
/OpenROAD-flow-scripts/flow/scripts/flow.sh 2_2_floorplan_macro macro_place
Running macro_place.tcl, stage 2_2_floorplan_macro
read_liberty /OpenROAD-flow-scripts/flow/platforms/sky130hd/lib/sky130_fd_sc_hd__tt_025C_1v80.lib
read_db ./results/sky130hd/d_ca04_cand_qwen_at_4p5/base/2_1_floorplan.odb
read_sdc ./results/sky130hd/d_ca04_cand_qwen_at_4p5/base/2_1_floorplan.sdc
source /OpenROAD-flow-scripts/flow/platforms/sky130hd/setRC.tcl
No macros found: Skipping macro_placement
Design area 10604 um^2 10% utilization.
write_db ./results/sky130hd/d_ca04_cand_qwen_at_4p5/base/2_2_floorplan_macro.odb
Elapsed time: 0:00.57[h:]min:sec. CPU time: user 0.53 sys 0.03 (97%). Peak memory: 143300KB.
Log                       Ext     Elapsed/s Peak Memory/MB sha1sum result [0:20)
2_2_floorplan_macro       .odb            0            139 57e265fcebe316043d3c
/OpenROAD-flow-scripts/flow/scripts/flow.sh 2_3_floorplan_tapcell tapcell
Running tapcell.tcl, stage 2_3_floorplan_tapcell
read_liberty /OpenROAD-flow-scripts/flow/platforms/sky130hd/lib/sky130_fd_sc_hd__tt_025C_1v80.lib
read_db ./results/sky130hd/d_ca04_cand_qwen_at_4p5/base/2_2_floorplan_macro.odb
read_sdc ./results/sky130hd/d_ca04_cand_qwen_at_4p5/base/2_1_floorplan.sdc
source /OpenROAD-flow-scripts/flow/platforms/sky130hd/setRC.tcl
[INFO TAP-0005] Inserted 1391 tapcells.
Design area 12344 um^2 12% utilization.
write_db ./results/sky130hd/d_ca04_cand_qwen_at_4p5/base/2_3_floorplan_tapcell.odb
Elapsed time: 0:00.57[h:]min:sec. CPU time: user 0.53 sys 0.03 (97%). Peak memory: 143784KB.
Log                       Ext     Elapsed/s Peak Memory/MB sha1sum result [0:20)
2_3_floorplan_tapcell     .odb            0            140 c83c4601fa65e4553910
/OpenROAD-flow-scripts/flow/scripts/flow.sh 2_4_floorplan_pdn pdn
Running pdn.tcl, stage 2_4_floorplan_pdn
read_liberty /OpenROAD-flow-scripts/flow/platforms/sky130hd/lib/sky130_fd_sc_hd__tt_025C_1v80.lib
read_db ./results/sky130hd/d_ca04_cand_qwen_at_4p5/base/2_3_floorplan_tapcell.odb
read_sdc ./results/sky130hd/d_ca04_cand_qwen_at_4p5/base/2_1_floorplan.sdc
source /OpenROAD-flow-scripts/flow/platforms/sky130hd/setRC.tcl
[WARNING PDN-1051] No instances found for grid (CORE_macro_grid_1).
[WARNING PDN-1051] No instances found for grid (CORE_macro_grid_2).
[INFO PDN-0001] Inserting grid: grid
[INFO PDN-0500] Runtime: 0.05s
Design area 12344 um^2 12% utilization.
write_db ./results/sky130hd/d_ca04_cand_qwen_at_4p5/base/2_4_floorplan_pdn.odb
Elapsed time: 0:00.67[h:]min:sec. CPU time: user 0.61 sys 0.04 (97%). Peak memory: 152932KB.
Log                       Ext     Elapsed/s Peak Memory/MB sha1sum result [0:20)
2_4_floorplan_pdn         .odb            0            149 9d5a0fc05d33e2d1b652
cp ./results/sky130hd/d_ca04_cand_qwen_at_4p5/base/2_4_floorplan_pdn.odb ./results/sky130hd/d_ca04_cand_qwen_at_4p5/base/2_floorplan.odb
cp ./results/sky130hd/d_ca04_cand_qwen_at_4p5/base/2_1_floorplan.sdc ./results/sky130hd/d_ca04_cand_qwen_at_4p5/base/2_floorplan.sdc
/OpenROAD-flow-scripts/flow/scripts/flow.sh 3_1_place_gp_skip_io global_place_skip_io
Running global_place_skip_io.tcl, stage 3_1_place_gp_skip_io
read_liberty /OpenROAD-flow-scripts/flow/platforms/sky130hd/lib/sky130_fd_sc_hd__tt_025C_1v80.lib
read_db ./results/sky130hd/d_ca04_cand_qwen_at_4p5/base/2_floorplan.odb
read_sdc ./results/sky130hd/d_ca04_cand_qwen_at_4p5/base/2_floorplan.sdc
source /OpenROAD-flow-scripts/flow/platforms/sky130hd/setRC.tcl
global_placement -skip_io -density 0.5 -pad_left 0 -pad_right 0
[INFO GPL-0001] ---- Initialize GPL Main Data Structures
[INFO GPL-0002] DBU: 1000
[INFO GPL-0003] SiteSize: (  0.460  2.720 ) um
[INFO GPL-0004] CoreBBox: (  1.380  2.720 ) ( 326.600 326.400 ) um
[INFO GPL-0016] Core area:                  105267.210 um^2
[INFO GPL-0036] Movable instances area:      10603.920 um^2
[INFO GPL-0037] Total instances area:        12344.339 um^2
[INFO GPL-0035] Pin density area adjust:       145.333 um^2
[INFO GPL-0032] ---- Initialize Region: Top-level
[INFO GPL-0006] Number of instances:              1833
[INFO GPL-0007] Movable instances:                 442
[INFO GPL-0008] Fixed instances:                  1391
[INFO GPL-0009] Dummy instances:                     0
[INFO GPL-0010] Number of nets:                    487
[INFO GPL-0011] Number of pins:                   1896
[INFO GPL-0012] Die BBox:       (  0.000  0.000 ) ( 327.635 327.635 ) um
[INFO GPL-0013] Placement BBox: (  1.380  2.720 ) ( 326.600 326.400 ) um
[INFO GPL-0014] Region name: top-level.
[INFO GPL-0015] Region area:                105267.210 um^2
[INFO GPL-0017] Fixed instances area:         1740.419 um^2
[INFO GPL-0018] Movable instances area:      10749.253 um^2
[INFO GPL-0019] Utilization:                    10.383 %
[INFO GPL-0020] Standard cells area:         10749.253 um^2
[INFO GPL-0021] Large instances area:            0.000 um^2
[INFO GPL-0005] ---- Execute Conjugate Gradient Initial Placement.
[INFO GPL-0051] Source of initial instance position counters:
	Odb location = 0	Core center = 442	Region center = 0
[INFO GPL-0033] ---- Initialize Nesterov Region: Top-level
[INFO GPL-0023] Placement target density:       0.5000
[INFO GPL-0024] Movable insts average area:     24.320 um^2
[INFO GPL-0025] Ideal bin area:                 48.639 um^2
[INFO GPL-0026] Ideal bin count:                  2164
[INFO GPL-0027] Total bin area:             105267.210 um^2
[INFO GPL-0028] Bin count (X, Y):          32 ,     32
[INFO GPL-0029] Bin size (W * H):      10.163 * 10.115 um
[INFO GPL-0030] Number of bins:                   1024
[INFO GPL-0084] ---- Execute Nesterov Global Placement.
[INFO GPL-0031] HPWL: Half-Perimeter Wirelength
Iteration | Overflow |     HPWL (um) |  HPWL(%) |   Penalty | Group
---------------------------------------------------------------
        0 |   0.9810 |  1.524882e+03 |   +0.00% |  5.47e-15 |      
       10 |   0.9623 |  6.678330e+02 |  -56.20% |  8.92e-15 |      
       20 |   0.9623 |  6.665310e+02 |   -0.19% |  1.45e-14 |      
       30 |   0.9623 |  6.671420e+02 |   +0.09% |  2.37e-14 |      
       40 |   0.9623 |  6.662820e+02 |   -0.13% |  3.85e-14 |      
       50 |   0.9623 |  6.660800e+02 |   -0.03% |  6.28e-14 |      
       60 |   0.9623 |  6.663320e+02 |   +0.04% |  1.02e-13 |      
       70 |   0.9623 |  6.669090e+02 |   +0.09% |  1.67e-13 |      
       80 |   0.9623 |  6.686160e+02 |   +0.26% |  2.71e-13 |      
       90 |   0.9623 |  6.735140e+02 |   +0.73% |  4.42e-13 |      
      100 |   0.9623 |  6.812500e+02 |   +1.15% |  7.20e-13 |      
      110 |   0.9623 |  6.921360e+02 |   +1.60% |  1.17e-12 |      
      120 |   0.9624 |  7.065860e+02 |   +2.09% |  1.91e-12 |      
      130 |   0.9627 |  7.227650e+02 |   +2.29% |  3.11e-12 |      
      140 |   0.9631 |  7.368730e+02 |   +1.95% |  5.07e-12 |      
      150 |   0.9631 |  7.487270e+02 |   +1.61% |  8.25e-12 |      
      160 |   0.9621 |  9.190950e+02 |  +22.75% |  1.34e-11 |      
      170 |   0.9359 |  1.440856e+03 |  +56.77% |  2.19e-11 |      
      180 |   0.9245 |  1.787638e+03 |  +24.07% |  3.57e-11 |      
      190 |   0.8766 |  2.258412e+03 |  +26.33% |  5.81e-11 |      
      200 |   0.8301 |  2.691252e+03 |  +19.17% |  9.46e-11 |      
      210 |   0.7976 |  2.978531e+03 |  +10.67% |  1.54e-10 |      
      220 |   0.7765 |  3.438376e+03 |  +15.44% |  2.51e-10 |      
      230 |   0.7379 |  3.928854e+03 |  +14.26% |  4.09e-10 |      
      240 |   0.6910 |  4.450901e+03 |  +13.29% |  6.66e-10 |      
      250 |   0.6386 |  4.754263e+03 |   +6.82% |  1.08e-09 |      
      260 |   0.5856 |  5.043358e+03 |   +6.08% |  1.77e-09 |      
      270 |   0.5250 |  5.334313e+03 |   +5.77% |  2.88e-09 |      
      280 |   0.4764 |  5.632577e+03 |   +5.59% |  4.69e-09 |      
      290 |   0.4232 |  5.806496e+03 |   +3.09% |  7.64e-09 |      
      300 |   0.3691 |  5.899606e+03 |   +1.60% |  1.24e-08 |      
      310 |   0.3343 |  6.099580e+03 |   +3.39% |  1.99e-08 |      
      320 |   0.3126 |  6.197561e+03 |   +1.61% |  2.93e-08 |      
      330 |   0.2889 |  6.305949e+03 |   +1.75% |  4.31e-08 |      
      340 |   0.2711 |  6.440201e+03 |   +2.13% |  6.35e-08 |      
      350 |   0.2450 |  6.639664e+03 |   +3.10% |  9.35e-08 |      
      360 |   0.2120 |  6.841604e+03 |   +3.04% |  1.38e-07 |      
      370 |   0.1811 |  6.990050e+03 |   +2.17% |  2.03e-07 |      
      380 |   0.1436 |  7.156056e+03 |   +2.37% |  2.99e-07 |      
      390 |   0.1236 |  7.272552e+03 |   +1.63% |  4.40e-07 |      
      397 |   0.0966 |  7.270134e+03 |          |  6.00e-07 |      
---------------------------------------------------------------
[INFO GPL-1001] Global placement finished at iteration 397
[INFO GPL-1002] Placed Cell Area            10749.2526
[INFO GPL-1003] Available Free Area         103526.7904
[INFO GPL-1004] Minimum Feasible Density        0.1100 (cell_area / free_area)
[INFO GPL-1006]   Suggested Target Densities:
[INFO GPL-1007]     - For 90% usage of free space: 0.1154
[INFO GPL-1008]     - For 80% usage of free space: 0.1298
[INFO GPL-1009]     - For 50% usage of free space: 0.2077
[INFO GPL-1014] Final placement area: 10749.25 (+0.00%)
Design area 12344 um^2 12% utilization.
write_db ./results/sky130hd/d_ca04_cand_qwen_at_4p5/base/3_1_place_gp_skip_io.odb
Elapsed time: 0:01.96[h:]min:sec. CPU time: user 6.98 sys 0.23 (368%). Peak memory: 148976KB.
Log                       Ext     Elapsed/s Peak Memory/MB sha1sum result [0:20)
3_1_place_gp_skip_io      .odb            1            145 6c36e6f87c86dc0a8e8c
/OpenROAD-flow-scripts/flow/scripts/flow.sh 3_2_place_iop io_placement
Running io_placement.tcl, stage 3_2_place_iop
read_liberty /OpenROAD-flow-scripts/flow/platforms/sky130hd/lib/sky130_fd_sc_hd__tt_025C_1v80.lib
read_db ./results/sky130hd/d_ca04_cand_qwen_at_4p5/base/3_1_place_gp_skip_io.odb
read_sdc ./results/sky130hd/d_ca04_cand_qwen_at_4p5/base/2_floorplan.sdc
source /OpenROAD-flow-scripts/flow/platforms/sky130hd/setRC.tcl
place_pins -hor_layers met3 -ver_layers met2
Found 0 macro blocks.
Using 2 tracks default min distance between IO pins.
[INFO PPL-0001] Number of available slots 1182
[INFO PPL-0002] Number of I/O             72
[INFO PPL-0003] Number of I/O w/sink      72
[INFO PPL-0004] Number of I/O w/o sink    0
[INFO PPL-0005] Slots per section         200
[INFO PPL-0008] Successfully assigned pins to sections.
[INFO PPL-0012] I/O nets HPWL: 9627.48 um.
Design area 12344 um^2 12% utilization.
write_db ./results/sky130hd/d_ca04_cand_qwen_at_4p5/base/3_2_place_iop.odb
Elapsed time: 0:00.63[h:]min:sec. CPU time: user 0.56 sys 0.05 (97%). Peak memory: 145796KB.
Log                       Ext     Elapsed/s Peak Memory/MB sha1sum result [0:20)
3_2_place_iop             .odb            0            142 7e844d4ccd2971be0eeb
/OpenROAD-flow-scripts/flow/scripts/flow.sh 3_3_place_gp global_place
Running global_place.tcl, stage 3_3_place_gp
read_liberty /OpenROAD-flow-scripts/flow/platforms/sky130hd/lib/sky130_fd_sc_hd__tt_025C_1v80.lib
read_db ./results/sky130hd/d_ca04_cand_qwen_at_4p5/base/3_2_place_iop.odb
read_sdc ./results/sky130hd/d_ca04_cand_qwen_at_4p5/base/2_floorplan.sdc
source /OpenROAD-flow-scripts/flow/platforms/sky130hd/setRC.tcl
[INFO RSZ-0026] Removed 18 buffers.
Perform port buffering...
[INFO RSZ-0027] Inserted 36 sky130_fd_sc_hd__clkdlybuf4s50_1 input buffers.
[INFO RSZ-0028] Inserted 34 sky130_fd_sc_hd__clkdlybuf4s50_1 output buffers.
global_placement -density 0.5 -pad_left 0 -pad_right 0 -routability_driven -timing_driven -force_center_initial_place -min_phi_coef 0.95 -max_phi_coef 1.05
[INFO GPL-0001] ---- Initialize GPL Main Data Structures
[INFO GPL-0002] DBU: 1000
[INFO GPL-0003] SiteSize: (  0.460  2.720 ) um
[INFO GPL-0004] CoreBBox: (  1.380  2.720 ) ( 326.600 326.400 ) um
[INFO GPL-0016] Core area:                  105267.210 um^2
[INFO GPL-0036] Movable instances area:      11230.771 um^2
[INFO GPL-0037] Total instances area:        12971.190 um^2
[INFO GPL-0035] Pin density area adjust:       145.624 um^2
[INFO GPL-0032] ---- Initialize Region: Top-level
[INFO GPL-0006] Number of instances:              1885
[INFO GPL-0007] Movable instances:                 494
[INFO GPL-0008] Fixed instances:                  1391
[INFO GPL-0009] Dummy instances:                     0
[INFO GPL-0010] Number of nets:                    539
[INFO GPL-0011] Number of pins:                   2072
[INFO GPL-0012] Die BBox:       (  0.000  0.000 ) ( 327.635 327.635 ) um
[INFO GPL-0013] Placement BBox: (  1.380  2.720 ) ( 326.600 326.400 ) um
[INFO GPL-0014] Region name: top-level.
[INFO GPL-0015] Region area:                105267.210 um^2
[INFO GPL-0017] Fixed instances area:         1740.419 um^2
[INFO GPL-0018] Movable instances area:      11376.395 um^2
[INFO GPL-0019] Utilization:                    10.989 %
[INFO GPL-0020] Standard cells area:         11376.395 um^2
[INFO GPL-0021] Large instances area:            0.000 um^2
[INFO GPL-0005] ---- Execute Conjugate Gradient Initial Placement.
[INFO GPL-0051] Source of initial instance position counters:
	Odb location = 0	Core center = 494	Region center = 0
[InitialPlace]  Iter: 1 conjugate gradient residual: 0.00000010 HPWL: 20680969
[InitialPlace]  Iter: 2 conjugate gradient residual: 0.00000473 HPWL: 20461607
[InitialPlace]  Iter: 3 conjugate gradient residual: 0.00000846 HPWL: 20063489
[InitialPlace]  Iter: 4 conjugate gradient residual: 0.00001813 HPWL: 19290020
[InitialPlace]  Iter: 5 conjugate gradient residual: 0.00001273 HPWL: 18241261
[InitialPlace]  Iter: 6 conjugate gradient residual: 0.00005614 HPWL: 17893788
[InitialPlace]  Iter: 7 conjugate gradient residual: 0.00000122 HPWL: 17004829
[INFO GPL-0033] ---- Initialize Nesterov Region: Top-level
[INFO GPL-0023] Placement target density:       0.5000
[INFO GPL-0024] Movable insts average area:     23.029 um^2
[INFO GPL-0025] Ideal bin area:                 46.058 um^2
[INFO GPL-0026] Ideal bin count:                  2285
[INFO GPL-0027] Total bin area:             105267.210 um^2
[INFO GPL-0028] Bin count (X, Y):          32 ,     32
[INFO GPL-0029] Bin size (W * H):      10.163 * 10.115 um
[INFO GPL-0030] Number of bins:                   1024
[INFO GPL-0084] ---- Execute Nesterov Global Placement.
[INFO GPL-0031] HPWL: Half-Perimeter Wirelength
Iteration | Overflow |     HPWL (um) |  HPWL(%) |   Penalty | Group
---------------------------------------------------------------
        0 |   0.5345 |  1.050219e+04 |   +0.00% |  9.44e-14 |      
[INFO GPL-0100] Timing-driven iteration 1/2, virtual: false.
[INFO GPL-0101]    Iter: 1, overflow: 0.535, keep resizer changes at: 1, HPWL: 10502194
Iteration |   Area    | Resized | Buffers | Nets repaired | Remaining
---------------------------------------------------------------------
        0 |     +0.0% |       0 |       0 |             0 |       539
    final |     +2.0% |      11 |      11 |            11 |         0
---------------------------------------------------------------------
[INFO RSZ-0034] Found 11 slew violations.
[INFO RSZ-0036] Found 1 capacitance violations.
[INFO RSZ-0039] Resized 11 instances.
[INFO RSZ-0038] Inserted 11 buffers in 11 nets.
   Iter   |    Area   | Removed | Inserted |   Pins
          |           | Buffers | Buffers  | Remaining
-------------------------------------------------------
        0 |     +0.0% |       0 |        0 |       501
       50 |     -0.2% |       8 |        8 |       451
      100 |     -0.2% |       8 |        8 |       401
      150 |     -0.2% |       8 |        8 |       351
      200 |     -0.2% |       8 |        8 |       301
      250 |     -0.6% |      11 |       10 |       251
      300 |     -0.6% |      11 |       10 |       201
      350 |     -0.6% |      11 |       10 |       151
      400 |     -0.6% |      11 |       10 |       101
      450 |     -0.6% |      11 |       10 |        51
      500 |     -0.6% |      11 |       10 |         1
    final |     -0.6% |      11 |       10 |         0
-------------------------------------------------------
[INFO GPL-0106] Timing-driven: worst slack 1.0138574e-09
[INFO GPL-0107] Timing-driven: repair_design delta area: 161.567 um^2 (+1.42%)
[INFO GPL-0108] Timing-driven: repair_design, gpl delta gcells: 10 (+2.02%)
[INFO GPL-0109] Timing-driven: repair_design, gcells created: 21, deleted: 11
[INFO GPL-0110] Timing-driven: new target density: 0.5015606
[INFO GPL-0038] Routability snapshot saved at iter = 1
        0 |   0.5345 |  1.235847e+04 |          |           |      
Iteration | Overflow |     HPWL (um) |  HPWL(%) |   Penalty | Group
---------------------------------------------------------------
       10 |   0.5575 |  1.239903e+04 |  +18.06% |  1.54e-13 |      
       20 |   0.6021 |  1.275991e+04 |   +2.91% |  2.50e-13 |      
       30 |   0.6530 |  1.370507e+04 |   +7.41% |  4.08e-13 |      
       40 |   0.6701 |  1.471357e+04 |   +7.36% |  6.64e-13 |      
       50 |   0.6757 |  1.494362e+04 |   +1.56% |  1.08e-12 |      
       60 |   0.6728 |  1.477509e+04 |   -1.13% |  1.76e-12 |      
       70 |   0.6792 |  1.458995e+04 |   -1.25% |  2.87e-12 |      
       80 |   0.6726 |  1.449715e+04 |   -0.64% |  4.67e-12 |      
       90 |   0.6733 |  1.449638e+04 |   -0.01% |  7.61e-12 |      
      100 |   0.6736 |  1.453707e+04 |   +0.28% |  1.24e-11 |      
      110 |   0.6660 |  1.457186e+04 |   +0.24% |  2.02e-11 |      
      120 |   0.6619 |  1.457979e+04 |   +0.05% |  3.29e-11 |      
      130 |   0.6582 |  1.454930e+04 |   -0.21% |  5.36e-11 |      
      140 |   0.6561 |  1.450791e+04 |   -0.28% |  8.73e-11 |      
      150 |   0.6559 |  1.449169e+04 |   -0.11% |  1.42e-10 |      
      160 |   0.6527 |  1.450489e+04 |   +0.09% |  2.32e-10 |      
      170 |   0.6361 |  1.450515e+04 |   +0.00% |  3.77e-10 |      
      180 |   0.6127 |  1.450162e+04 |   -0.02% |  6.15e-10 |      
      190 |   0.5886 |  1.445197e+04 |   -0.34% |  1.00e-09 |      
      200 |   0.5725 |  1.446541e+04 |   +0.09% |  1.63e-09 |      
      210 |   0.5390 |  1.446003e+04 |   -0.04% |  2.66e-09 |      
      220 |   0.4953 |  1.432786e+04 |   -0.91% |  4.33e-09 |      
      230 |   0.4101 |  1.386943e+04 |   -3.20% |  7.05e-09 |      
      240 |   0.3694 |  1.338740e+04 |   -3.48% |  1.15e-08 |      
      250 |   0.3403 |  1.309337e+04 |   -2.20% |  1.78e-08 |      
      260 |   0.3104 |  1.297116e+04 |   -0.93% |  2.62e-08 |      
[INFO GPL-0040] Routability iteration: 1
[INFO GPL-0041] Total routing overflow: 0.0000
[INFO GPL-0042] Number of overflowed tiles: 0 (0.00%)
[INFO GPL-0043] Average top 0.5% routing congestion: 0.7467
[INFO GPL-0044] Average top 1.0% routing congestion: 0.7248
[INFO GPL-0045] Average top 2.0% routing congestion: 0.6889
[INFO GPL-0046] Average top 5.0% routing congestion: 0.6294
[INFO GPL-0047] Routability iteration weighted routing congestion: 0.7357
[INFO GPL-0050] Weighted routing congestion is lower than target routing congestion(1.0100), end routability optimization.
[INFO GPL-0090] Routability finished. Target routing congestion achieved succesfully.
Iteration | Overflow |     HPWL (um) |  HPWL(%) |   Penalty | Group
---------------------------------------------------------------
      270 |   0.2902 |  1.306291e+04 |   +0.71% |  3.86e-08 |      
      280 |   0.2648 |  1.303575e+04 |   -0.21% |  5.69e-08 |      
      290 |   0.2426 |  1.320571e+04 |   +1.30% |  8.38e-08 |      
      300 |   0.2155 |  1.335025e+04 |   +1.09% |  1.23e-07 |      
[INFO GPL-0100] Timing-driven iteration 2/2, virtual: false.
[INFO GPL-0101]    Iter: 305, overflow: 0.194, keep resizer changes at: 1, HPWL: 13398770
Iteration |   Area    | Resized | Buffers | Nets repaired | Remaining
---------------------------------------------------------------------
        0 |     +0.0% |       0 |       0 |             0 |       549
    final |     +0.0% |       0 |       0 |             0 |         0
---------------------------------------------------------------------
   Iter   |    Area   | Removed | Inserted |   Pins
          |           | Buffers | Buffers  | Remaining
-------------------------------------------------------
        0 |     +0.0% |       0 |        0 |       501
       50 |     -0.2% |       8 |        9 |       451
      100 |     -0.2% |       8 |        9 |       401
      150 |     -0.2% |       8 |        9 |       351
      200 |     -0.2% |       8 |        9 |       301
      250 |     -0.2% |      10 |       12 |       251
      300 |     -0.2% |      10 |       12 |       201
      350 |     -0.2% |      10 |       12 |       151
      400 |     -0.2% |      10 |       12 |       101
      450 |     -0.2% |      10 |       12 |        51
      500 |     -0.2% |      10 |       12 |         1
    final |     -0.2% |      10 |       12 |         0
-------------------------------------------------------
[INFO GPL-0106] Timing-driven: worst slack 1.0422253e-09
[INFO GPL-0107] Timing-driven: repair_design delta area: -22.522 um^2 (-0.20%)
[INFO GPL-0108] Timing-driven: repair_design, gpl delta gcells: 2 (+0.40%)
[INFO GPL-0109] Timing-driven: repair_design, gcells created: 12, deleted: 10
[INFO GPL-0110] Timing-driven: new target density: 0.5013431
Iteration | Overflow |     HPWL (um) |  HPWL(%) |   Penalty | Group
---------------------------------------------------------------
      310 |   0.1578 |  1.394171e+04 |   +4.43% |  1.82e-07 |      
      320 |   0.1225 |  1.365323e+04 |   -2.07% |  2.68e-07 |      
      329 |   0.0958 |  1.370424e+04 |          |  3.94e-07 |      
---------------------------------------------------------------
[INFO GPL-1001] Global placement finished at iteration 329
[INFO GPL-1017] Routability mode iteration count: 268
[INFO GPL-1005] Routability final weighted congestion: 0.7004
[INFO GPL-1002] Placed Cell Area            11515.4412
[INFO GPL-1003] Available Free Area         103526.7904
[INFO GPL-1004] Minimum Feasible Density        0.1100 (cell_area / free_area)
[INFO GPL-1006]   Suggested Target Densities:
[INFO GPL-1007]     - For 90% usage of free space: 0.1236
[INFO GPL-1008]     - For 80% usage of free space: 0.1390
[INFO GPL-1009]     - For 50% usage of free space: 0.2225
[INFO GPL-1011] Original area (um^2): 11376.40
[INFO GPL-1012] Total routability artificial inflation: 0.00 (+0.00%)
[INFO GPL-1013] Total timing-driven delta area: 139.05 (+1.22%)
[INFO GPL-1014] Final placement area: 11515.44 (+1.22%)
estimate_parasitics -placement
Report metrics stage 3, global place...

==========================================================================
global place report_design_area
--------------------------------------------------------------------------
Design area 13124 um^2 12% utilization.
write_db ./results/sky130hd/d_ca04_cand_qwen_at_4p5/base/3_3_place_gp.odb
Elapsed time: 0:01.87[h:]min:sec. CPU time: user 4.95 sys 0.23 (276%). Peak memory: 291632KB.
Log                       Ext     Elapsed/s Peak Memory/MB sha1sum result [0:20)
3_3_place_gp              .odb            1            284 21c7a84558d284dfda14
/OpenROAD-flow-scripts/flow/scripts/flow.sh 3_4_place_resized resize
Running resize.tcl, stage 3_4_place_resized
read_liberty /OpenROAD-flow-scripts/flow/platforms/sky130hd/lib/sky130_fd_sc_hd__tt_025C_1v80.lib
read_db ./results/sky130hd/d_ca04_cand_qwen_at_4p5/base/3_3_place_gp.odb
read_sdc ./results/sky130hd/d_ca04_cand_qwen_at_4p5/base/2_floorplan.sdc
source /OpenROAD-flow-scripts/flow/platforms/sky130hd/setRC.tcl
estimate_parasitics -placement
Perform buffer insertion and gate resizing...
repair_design -verbose -match_cell_footprint
Iteration |   Area    | Resized | Buffers | Nets repaired | Remaining
---------------------------------------------------------------------
        0 |     +0.0% |       0 |       0 |             0 |       551
       10 |     +0.0% |       0 |       0 |             0 |       541
       20 |     +0.0% |       0 |       0 |             0 |       531
       30 |     +0.0% |       0 |       0 |             0 |       521
       40 |     +0.0% |       0 |       0 |             0 |       511
       50 |     +0.0% |       0 |       0 |             0 |       501
       60 |     +0.0% |       0 |       0 |             0 |       491
       70 |     +0.0% |       0 |       0 |             0 |       481
       80 |     +0.0% |       0 |       0 |             0 |       471
       90 |     +0.0% |       0 |       0 |             0 |       461
      100 |     +0.0% |       0 |       0 |             0 |       451
      110 |     +0.0% |       0 |       0 |             0 |       441
      120 |     +0.0% |       0 |       0 |             0 |       431
      130 |     +0.0% |       0 |       0 |             0 |       421
      140 |     +0.0% |       0 |       0 |             0 |       411
      150 |     +0.0% |       0 |       0 |             0 |       401
      160 |     +0.0% |       0 |       0 |             0 |       391
      170 |     +0.0% |       0 |       0 |             0 |       381
      180 |     +0.0% |       0 |       0 |             0 |       371
      190 |     +0.0% |       0 |       0 |             0 |       361
      200 |     +0.0% |       0 |       0 |             0 |       351
      210 |     +0.0% |       0 |       0 |             0 |       341
      220 |     +0.0% |       0 |       0 |             0 |       331
      230 |     +0.0% |       0 |       0 |             0 |       321
      240 |     +0.0% |       0 |       0 |             0 |       311
      250 |     +0.0% |       0 |       0 |             0 |       301
      260 |     +0.0% |       0 |       0 |             0 |       291
      270 |     +0.0% |       0 |       0 |             0 |       281
      280 |     +0.0% |       0 |       0 |             0 |       271
      290 |     +0.0% |       0 |       0 |             0 |       261
      300 |     +0.0% |       0 |       0 |             0 |       251
      310 |     +0.0% |       0 |       0 |             0 |       241
      320 |     +0.0% |       0 |       0 |             0 |       231
      330 |     +0.0% |       0 |       0 |             0 |       221
      340 |     +0.0% |       0 |       0 |             0 |       211
      350 |     +0.0% |       0 |       0 |             0 |       201
      360 |     +0.0% |       0 |       0 |             0 |       191
      370 |     +0.0% |       0 |       0 |             0 |       181
      380 |     +0.0% |       0 |       0 |             0 |       171
      390 |     +0.0% |       0 |       0 |             0 |       161
      400 |     +0.0% |       0 |       0 |             0 |       151
      410 |     +0.0% |       0 |       0 |             0 |       141
      420 |     +0.0% |       0 |       0 |             0 |       131
      430 |     +0.0% |       0 |       0 |             0 |       121
      440 |     +0.0% |       0 |       0 |             0 |       111
      450 |     +0.0% |       0 |       0 |             0 |       101
      460 |     +0.0% |       0 |       0 |             0 |        91
      470 |     +0.0% |       0 |       0 |             0 |        81
      480 |     +0.0% |       0 |       0 |             0 |        71
      490 |     +0.0% |       0 |       0 |             0 |        61
      500 |     +0.0% |       0 |       0 |             0 |        51
      510 |     +0.0% |       0 |       0 |             0 |        41
      520 |     +0.0% |       0 |       0 |             0 |        31
      530 |     +0.0% |       0 |       0 |             0 |        21
      540 |     +0.0% |       0 |       0 |             0 |        11
      550 |     +0.0% |       0 |       0 |             0 |         1
    final |     +0.0% |       0 |       0 |             0 |         0
---------------------------------------------------------------------
[INFO RSZ-0504] Runtime: 0.09s
Floating nets: 
Report metrics stage 3, resizer...

==========================================================================
resizer report_design_area
--------------------------------------------------------------------------
Design area 13124 um^2 12% utilization.
Instance count before 1897, after 1897
Pin count before 2024, after 2024
write_db ./results/sky130hd/d_ca04_cand_qwen_at_4p5/base/3_4_place_resized.odb
Elapsed time: 0:01.11[h:]min:sec. CPU time: user 1.05 sys 0.11 (104%). Peak memory: 182976KB.
Log                       Ext     Elapsed/s Peak Memory/MB sha1sum result [0:20)
3_4_place_resized         .odb            1            178 21c7a84558d284dfda14
/OpenROAD-flow-scripts/flow/scripts/flow.sh 3_5_place_dp detail_place
Running detail_place.tcl, stage 3_5_place_dp
read_liberty /OpenROAD-flow-scripts/flow/platforms/sky130hd/lib/sky130_fd_sc_hd__tt_025C_1v80.lib
read_db ./results/sky130hd/d_ca04_cand_qwen_at_4p5/base/3_4_place_resized.odb
read_sdc ./results/sky130hd/d_ca04_cand_qwen_at_4p5/base/2_floorplan.sdc
source /OpenROAD-flow-scripts/flow/platforms/sky130hd/setRC.tcl
detailed_placement
[INFO DPL-0006] Core area: 105267.21 um^2
[INFO DPL-0007] Movable instances area: 11383.42 um^2
[INFO DPL-0008] Fixed instances area within core: 1740.42 um^2
[INFO DPL-0009] Utilization: 12.5%
[INFO DPL-0005] Diamond search max displacement: +/- 500 sites horizontally, +/- 100 rows vertically.
[INFO DPL-1102] Legalizing using negotiation legalizer.
[INFO DPL-1103] Negotiation base search window: +/-20 sites horizontally, +/-5 rows vertically 
	Automatic search window extension enabled.
	Search window extendable up to the max displacement cap of +/-500 sites, +/-100 rows near walls.
[INFO DPL-1104] NegotiationLegalizer DRC penalty: 5.
[INFO DPL-0392] Negotiation cell height distribution (1 unique row-count(s)):
[INFO DPL-0393]   height 1 row(s): 1897 cells
          |      Total |  Illegal |  Illegal
Iteration | Violations |    Cells |    Sites
---------------------------------------------
        0 |          0 |         0 |         0
Negotiation phase 1 converged at iteration 0.
[INFO DPL-0500] Runtime: 0.03s
Placement Analysis
---------------------------------
total displacement       2393.2 u
average displacement        1.3 u
max displacement           17.4 u
original HPWL           13754.2 u
legalized HPWL          16516.4 u
delta HPWL                   20 %

improve_placement -max_displacement "5 1"
Detailed placement improvement.
[INFO DPL-0401] Setting random seed to 1.
[INFO DPL-0402] Setting maximum displacement 5 1 to 13600 2720 units.
[INFO DPL-0320] Collected 1463 fixed cells.
[INFO DPL-0318] Collected 506 single height cells.
[INFO DPL-0321] Collected 0 wide cells.
[INFO DPL-0322] Image (1380, 2720) - (326600, 326400)
[INFO DPL-0310] Assigned 506 cells into segments.  Movement in X-direction is 0.000000, movement in Y-direction is 0.000000.
[INFO DPL-0313] Found 0 cells in wrong regions.
[INFO DPL-0315] Found 0 row alignment problems.
[INFO DPL-0314] Found 0 site alignment problems.
[INFO DPL-0311] Found 0 overlaps between adjacent cells.
[INFO DPL-0312] Found 0 edge spacing violations and 0 padding violations.
[INFO DPL-0303] Running algorithm for independent set matching.
[INFO DPL-0300] Set matching objective is wirelength.
[INFO DPL-0301] Pass   1 of matching; objective is 1.651653e+07.
[INFO DPL-0302] End of matching; objective is 1.649727e+07, improvement is 0.12 percent.
[INFO DPL-0303] Running algorithm for global swaps.
[INFO DPL-0306] Pass   1 of global swaps; hpwl is 1.621419e+07.
[INFO DPL-0306] Pass   2 of global swaps; hpwl is 1.620408e+07.
[INFO DPL-0307] End of global swaps; objective is 1.620408e+07, improvement is 1.78 percent.
[INFO DPL-0303] Running algorithm for vertical swaps.
[INFO DPL-0308] Pass   1 of vertical swaps; hpwl is 1.611574e+07.
[INFO DPL-0309] End of vertical swaps; objective is 1.611574e+07, improvement is 0.55 percent.
[INFO DPL-0303] Running algorithm for reordering.
[INFO DPL-0304] Pass   1 of reordering; objective is 1.611574e+07.
[INFO DPL-0305] End of reordering; objective is 1.611574e+07, improvement is 0.00 percent.
[INFO DPL-0303] Running algorithm for random improvement.
[INFO DPL-0324] Random improver is using random generator.
[INFO DPL-0325] Random improver is using hpwl objective.
[INFO DPL-0326] Random improver cost string is (a).
[INFO DPL-0332] End of pass, Generator random called 10120 times.
[INFO DPL-0335] Generator random, Cumulative attempts 10120, swaps 1297, moves  2666 since last reset.
[INFO DPL-0333] End of pass, Objective hpwl, Initial cost 1.555751e+07, Scratch cost 1.539299e+07, Incremental cost 1.539299e+07, Mismatch? N
[INFO DPL-0338] End of pass, Total cost is 1.539299e+07.
[INFO DPL-0327] Pass   1 of random improver; improvement in cost is 1.06 percent.
[INFO DPL-0332] End of pass, Generator random called 10120 times.
[INFO DPL-0335] Generator random, Cumulative attempts 20240, swaps 2540, moves  5383 since last reset.
[INFO DPL-0333] End of pass, Objective hpwl, Initial cost 1.539299e+07, Scratch cost 1.533169e+07, Incremental cost 1.533169e+07, Mismatch? N
[INFO DPL-0338] End of pass, Total cost is 1.533169e+07.
[INFO DPL-0327] Pass   2 of random improver; improvement in cost is 0.40 percent.
[INFO DPL-0328] End of random improver; improvement is 1.451530 percent.
[INFO DPL-0380] Cell flipping.
[INFO DPL-0382] Changed 0 cell orientations for row compatibility.
[INFO DPL-0383] Performed 78 cell flips.
[INFO DPL-0384] End of flipping; objective is 1.559009e+07, improvement is 1.87 percent.
[INFO DPL-0313] Found 0 cells in wrong regions.
[INFO DPL-0315] Found 0 row alignment problems.
[INFO DPL-0314] Found 0 site alignment problems.
[INFO DPL-0311] Found 0 overlaps between adjacent cells.
[INFO DPL-0312] Found 0 edge spacing violations and 0 padding violations.
Detailed Improvement Results
------------------------------------------
Original HPWL            16516.4 u (    7382.2,     9134.2)
Final HPWL               15589.5 u (    7034.5,     8554.9)
Delta HPWL                  -5.6 % (      -4.7,       -6.3)

optimize_mirroring
[INFO DPL-0020] Mirrored 4 instances
[INFO DPL-0021] HPWL before           15589.5 u
[INFO DPL-0022] HPWL after            15588.2 u
[INFO DPL-0023] HPWL delta               -0.0 %
[INFO FLW-0012] Placement violations .
estimate_parasitics -placement
Report metrics stage 3, detailed place...

==========================================================================
detailed place report_design_area
--------------------------------------------------------------------------
Design area 13124 um^2 12% utilization.
write_db ./results/sky130hd/d_ca04_cand_qwen_at_4p5/base/3_5_place_dp.odb
write_sdc -no_timestamp ./results/sky130hd/d_ca04_cand_qwen_at_4p5/base/3_place.sdc
Elapsed time: 0:01.08[h:]min:sec. CPU time: user 1.03 sys 0.09 (103%). Peak memory: 162504KB.
Log                       Ext     Elapsed/s Peak Memory/MB sha1sum result [0:20)
3_5_place_dp              .odb            1            158 0eb94f5a9f29a1c027d4
cp ./results/sky130hd/d_ca04_cand_qwen_at_4p5/base/3_5_place_dp.odb ./results/sky130hd/d_ca04_cand_qwen_at_4p5/base/3_place.odb
/OpenROAD-flow-scripts/flow/scripts/flow.sh 4_1_cts cts
Running cts.tcl, stage 4_1_cts
read_liberty /OpenROAD-flow-scripts/flow/platforms/sky130hd/lib/sky130_fd_sc_hd__tt_025C_1v80.lib
read_db ./results/sky130hd/d_ca04_cand_qwen_at_4p5/base/3_place.odb
read_sdc ./results/sky130hd/d_ca04_cand_qwen_at_4p5/base/3_place.sdc
source /OpenROAD-flow-scripts/flow/platforms/sky130hd/setRC.tcl
clock_tree_synthesis -sink_clustering_enable -repair_clock_nets
[INFO CTS-0050] Root buffer is sky130_fd_sc_hd__clkbuf_16.
[INFO CTS-0051] Sink buffer is sky130_fd_sc_hd__clkbuf_16.
[INFO CTS-0052] The following clock buffers will be used for CTS:
                    sky130_fd_sc_hd__clkbuf_16
[INFO CTS-0049] Characterization buffer is sky130_fd_sc_hd__clkbuf_16.
[INFO CTS-0007] Net "wr_clk" found for clock "wr_clock".
[INFO CTS-0010]  Clock net "wr_clk" has 268 sinks.
[INFO CTS-0007] Net "rd_clk" found for clock "rd_clock".
[INFO CTS-0010]  Clock net "rd_clk" has 12 sinks.
[INFO CTS-0008] TritonCTS found 2 clock nets.
[INFO CTS-0097] Characterization used 1 buffer(s) types.
[INFO CTS-0201] 0 blockages from hard placement blockages and placed macros will be used.
[INFO CTS-0027] Generating H-Tree topology for net wr_clk.
[INFO CTS-0028]  Total number of sinks: 268.
[INFO CTS-0090]  Sinks will be clustered based on buffer max cap.
[INFO CTS-0030]  Number of static layers: 0.
[INFO CTS-0020]  Wire segment unit: 13600  dbu (13 um).
[INFO CTS-0206] Best clustering solution was found from max clustering size of 12 and max clustering diameter of 179.
[INFO CTS-0019]  Total number of sinks after clustering: 28.
[INFO CTS-0024]  Normalized sink region: [(0.665882, 4.24666), (22.1179, 19.3009)].
[INFO CTS-0025]     Width:  21.4520.
[INFO CTS-0026]     Height: 15.0542.
 Level 1
    Direction: Horizontal
    Sinks per sub-region: 14
    Sub-region size: 10.7260 X 15.0542
[INFO CTS-0034]     Segment length (rounded): 6.
[INFO CTS-0038]  Stop criterion found. Sink region hpwl is smaller than max wirelength (1911.535 um) and max number of sinks is 15.
[INFO CTS-0035]  Number of sinks covered: 28.
[INFO CTS-0201] 0 blockages from hard placement blockages and placed macros will be used.
[INFO CTS-0027] Generating H-Tree topology for net rd_clk.
[INFO CTS-0028]  Total number of sinks: 12.
[INFO CTS-0090]  Sinks will be clustered based on buffer max cap.
[INFO CTS-0030]  Number of static layers: 0.
[INFO CTS-0020]  Wire segment unit: 13600  dbu (13 um).
[INFO CTS-0023]  Original sink region: [(171845, 232500), (187945, 281460)].
[INFO CTS-0024]  Normalized sink region: [(12.6357, 17.0956), (13.8195, 20.6956)].
[INFO CTS-0025]     Width:  1.1838.
[INFO CTS-0026]     Height: 3.6000.
 Level 1
    Direction: Vertical
    Sinks per sub-region: 6
    Sub-region size: 1.1838 X 1.8000
[INFO CTS-0034]     Segment length (rounded): 1.
[INFO CTS-0038]  Stop criterion found. Sink region hpwl is smaller than max wirelength (1911.535 um) and max number of sinks is 15.
[INFO CTS-0035]  Number of sinks covered: 12.
[INFO CTS-0018]     Created 31 clock buffers.
[INFO CTS-0012]     Minimum number of buffers in the clock path: 3.
[INFO CTS-0013]     Maximum number of buffers in the clock path: 3.
[INFO CTS-0015]     Created 31 clock nets.
[INFO CTS-0016]     Fanout distribution for the current clock = 3:1, 4:1, 7:1, 8:2, 9:4, 10:10, 11:6, 12:4, 16:1..
[INFO CTS-0017]     Max level of the clock tree: 1.
[INFO CTS-0018]     Created 3 clock buffers.
[INFO CTS-0012]     Minimum number of buffers in the clock path: 2.
[INFO CTS-0013]     Maximum number of buffers in the clock path: 2.
[INFO CTS-0015]     Created 3 clock nets.
[INFO CTS-0016]     Fanout distribution for the current clock = 5:1, 7:1..
[INFO CTS-0017]     Max level of the clock tree: 1.
[INFO CTS-0098] Clock net "wr_clk"
[INFO CTS-0099]  Sinks 294
[INFO CTS-0100]  Leaf buffers 28
[INFO CTS-0101]  Average sink wire length 426.63 um
[INFO CTS-0102]  Path depth 2 - 3
[INFO CTS-0207]  Dummy loads inserted 26
[INFO CTS-0098] Clock net "rd_clk"
[INFO CTS-0099]  Sinks 13
[INFO CTS-0100]  Leaf buffers 0
[INFO CTS-0101]  Average sink wire length 108.57 um
[INFO CTS-0102]  Path depth 2 - 2
[INFO CTS-0207]  Dummy loads inserted 1
[INFO CTS-0500] Runtime: 0.59s
estimate_parasitics -placement
detailed_placement
[INFO DPL-0006] Core area: 105267.21 um^2
[INFO DPL-0007] Movable instances area: 12435.68 um^2
[INFO DPL-0008] Fixed instances area within core: 1740.42 um^2
[INFO DPL-0009] Utilization: 13.5%
[INFO DPL-0005] Diamond search max displacement: +/- 500 sites horizontally, +/- 100 rows vertically.
[INFO DPL-1102] Legalizing using negotiation legalizer.
[INFO DPL-1103] Negotiation base search window: +/-20 sites horizontally, +/-5 rows vertically 
	Automatic search window extension enabled.
	Search window extendable up to the max displacement cap of +/-500 sites, +/-100 rows near walls.
[INFO DPL-1104] NegotiationLegalizer DRC penalty: 5.
[INFO DPL-0392] Negotiation cell height distribution (1 unique row-count(s)):
[INFO DPL-0393]   height 1 row(s): 1958 cells
          |      Total |  Illegal |  Illegal
Iteration | Violations |    Cells |    Sites
---------------------------------------------
        0 |          0 |         0 |         0
Negotiation phase 1 converged at iteration 0.
[INFO DPL-0500] Runtime: 0.02s
Placement Analysis
---------------------------------
total displacement        692.7 u
average displacement        0.4 u
max displacement           17.1 u
original HPWL           17872.0 u
legalized HPWL          18304.3 u
delta HPWL                    2 %

estimate_parasitics -placement
repair_timing -setup_margin 0 -hold_margin 0 -repair_tns 100 -match_cell_footprint -verbose
[INFO RSZ-0100] Repair move sequence: UnbufferMove SizeUpMove SwapPinsMove BufferMove CloneMove SplitLoadMove 
[INFO RSZ-0098] No setup violations found
[INFO RSZ-0505] Runtime: 0.04s
[INFO RSZ-0033] No hold violations found.
[INFO RSZ-0506] Runtime: 0.01s
detailed_placement
[INFO DPL-0006] Core area: 105267.21 um^2
[INFO DPL-0007] Movable instances area: 12435.68 um^2
[INFO DPL-0008] Fixed instances area within core: 1740.42 um^2
[INFO DPL-0009] Utilization: 13.5%
[INFO DPL-0005] Diamond search max displacement: +/- 500 sites horizontally, +/- 100 rows vertically.
[INFO DPL-1102] Legalizing using negotiation legalizer.
[INFO DPL-1103] Negotiation base search window: +/-20 sites horizontally, +/-5 rows vertically 
	Automatic search window extension enabled.
	Search window extendable up to the max displacement cap of +/-500 sites, +/-100 rows near walls.
[INFO DPL-1104] NegotiationLegalizer DRC penalty: 5.
[INFO DPL-0392] Negotiation cell height distribution (1 unique row-count(s)):
[INFO DPL-0393]   height 1 row(s): 1958 cells
[INFO DPL-0500] Runtime: 0.00s
Placement Analysis
---------------------------------
total displacement          0.0 u
average displacement        0.0 u
max displacement            0.0 u
original HPWL           18304.3 u
legalized HPWL          18304.3 u
delta HPWL                    0 %

Report metrics stage 4, cts final...

==========================================================================
cts final report_design_area
--------------------------------------------------------------------------
Design area 14176 um^2 13% utilization.
write_db ./results/sky130hd/d_ca04_cand_qwen_at_4p5/base/4_1_cts.odb
write_sdc -no_timestamp ./results/sky130hd/d_ca04_cand_qwen_at_4p5/base/4_cts.sdc
Elapsed time: 0:01.53[h:]min:sec. CPU time: user 1.54 sys 0.10 (107%). Peak memory: 198652KB.
Log                       Ext     Elapsed/s Peak Memory/MB sha1sum result [0:20)
4_1_cts                   .odb            1            193 a7d3560e01a9d11af8b2
cp ./results/sky130hd/d_ca04_cand_qwen_at_4p5/base/4_1_cts.odb ./results/sky130hd/d_ca04_cand_qwen_at_4p5/base/4_cts.odb
/OpenROAD-flow-scripts/flow/scripts/flow.sh 5_1_grt global_route
Running global_route.tcl, stage 5_1_grt
read_liberty /OpenROAD-flow-scripts/flow/platforms/sky130hd/lib/sky130_fd_sc_hd__tt_025C_1v80.lib
read_db ./results/sky130hd/d_ca04_cand_qwen_at_4p5/base/4_cts.odb
read_sdc ./results/sky130hd/d_ca04_cand_qwen_at_4p5/base/4_cts.sdc
source /OpenROAD-flow-scripts/flow/platforms/sky130hd/setRC.tcl
pin_access
[INFO DRT-0149] Reading tech and libs.
[WARNING DRT-0349] LEF58_ENCLOSURE with no CUTCLASS is not supported. Skipping for layer mcon
[WARNING DRT-0349] LEF58_ENCLOSURE with no CUTCLASS is not supported. Skipping for layer mcon
[WARNING DRT-0349] LEF58_ENCLOSURE with no CUTCLASS is not supported. Skipping for layer via
[WARNING DRT-0349] LEF58_ENCLOSURE with no CUTCLASS is not supported. Skipping for layer via
[WARNING DRT-0349] LEF58_ENCLOSURE with no CUTCLASS is not supported. Skipping for layer via2
[WARNING DRT-0349] LEF58_ENCLOSURE with no CUTCLASS is not supported. Skipping for layer via2
[WARNING DRT-0349] LEF58_ENCLOSURE with no CUTCLASS is not supported. Skipping for layer via3
[WARNING DRT-0349] LEF58_ENCLOSURE with no CUTCLASS is not supported. Skipping for layer via3
[WARNING DRT-0349] LEF58_ENCLOSURE with no CUTCLASS is not supported. Skipping for layer via4
[WARNING DRT-0349] LEF58_ENCLOSURE with no CUTCLASS is not supported. Skipping for layer via4

Units:                1000
Number of layers:     13
Number of macros:     441
Number of vias:       29
Number of viarulegen: 25

[INFO DRT-0150] Reading design.

Design:                   async_fifo_cdc
Die area:                 ( 0 0 ) ( 327635 327635 )
Number of track patterns: 12
Number of DEF vias:       0
Number of components:     1958
Number of terminals:      74
Number of snets:          2
Number of nets:           585

[INFO DRT-0167] List of default vias:
  Layer via
    default via: M1M2_PR
  Layer via2
    default via: M2M3_PR
  Layer via3
    default via: M3M4_PR
  Layer via4
    default via: M4M5_PR
[INFO DRT-0162] Library cell analysis.
[INFO DRT-0163] Instance analysis.
[INFO DRT-0164] Number of unique instances = 57.
[INFO DRT-0168] Init region query.
[INFO DRT-0024]   Complete FR_MASTERSLICE.
[INFO DRT-0024]   Complete Fr_VIA.
[INFO DRT-0024]   Complete li1.
[INFO DRT-0024]   Complete mcon.
[INFO DRT-0024]   Complete met1.
[INFO DRT-0024]   Complete via.
[INFO DRT-0024]   Complete met2.
[INFO DRT-0024]   Complete via2.
[INFO DRT-0024]   Complete met3.
[INFO DRT-0024]   Complete via3.
[INFO DRT-0024]   Complete met4.
[INFO DRT-0024]   Complete via4.
[INFO DRT-0024]   Complete met5.
[INFO DRT-0033] FR_MASTERSLICE shape region query size = 0.
[INFO DRT-0033] FR_VIA shape region query size = 0.
[INFO DRT-0033] li1 shape region query size = 36903.
[INFO DRT-0033] mcon shape region query size = 26026.
[INFO DRT-0033] met1 shape region query size = 10380.
[INFO DRT-0033] via shape region query size = 6900.
[INFO DRT-0033] met2 shape region query size = 4165.
[INFO DRT-0033] via2 shape region query size = 5520.
[INFO DRT-0033] met3 shape region query size = 4187.
[INFO DRT-0033] via3 shape region query size = 5520.
[INFO DRT-0033] met4 shape region query size = 1668.
[INFO DRT-0033] via4 shape region query size = 265.
[INFO DRT-0033] met5 shape region query size = 311.
[INFO DRT-0165] Start pin access.
[INFO DRT-0078]   Complete 400 pins.
[INFO DRT-0081]   Complete 57 unique inst patterns.
[INFO DRT-0084]   Complete 489 groups.
#scanned instances     = 1958
#unique  instances     = 57
#stdCellGenAp          = 1806
#stdCellValidPlanarAp  = 48
#stdCellValidViaAp     = 999
#stdCellPinNoAp        = 0
#stdCellPinCnt         = 2119
#instTermValidViaApCnt = 0
#macroGenAp            = 0
#macroValidPlanarAp    = 0
#macroValidViaAp       = 0
#macroNoAp             = 0
[INFO DRT-0166] Complete pin access.
[INFO DRT-0267] cpu time = 00:00:31, elapsed time = 00:00:04, memory = 164.45 (MB), peak = 163.67 (MB)
Took 5 seconds: pin_access
global_route -congestion_report_file ./reports/sky130hd/d_ca04_cand_qwen_at_4p5/base/congestion.rpt -congestion_iterations 30 -congestion_report_iter_step 5 -verbose
[INFO GRT-0020] Min routing layer: met1
[INFO GRT-0021] Max routing layer: met5
[INFO GRT-0022] Global adjustment: 0%
[INFO GRT-0023] Grid origin: (0, 0)
[INFO GRT-0088] Layer li1     Track-Pitch = 0.4600  line-2-Via Pitch: 0.3400
[INFO GRT-0088] Layer met1    Track-Pitch = 0.3400  line-2-Via Pitch: 0.3400
[INFO GRT-0088] Layer met2    Track-Pitch = 0.4600  line-2-Via Pitch: 0.3500
[INFO GRT-0088] Layer met3    Track-Pitch = 0.6800  line-2-Via Pitch: 0.6150
[INFO GRT-0088] Layer met4    Track-Pitch = 0.9200  line-2-Via Pitch: 1.0400
[INFO GRT-0088] Layer met5    Track-Pitch = 3.4000  line-2-Via Pitch: 3.1100
[INFO GRT-0003] Macros: 0
[INFO GRT-0004] Blockages: 6962
[INFO GRT-0019] Found 36 clock nets.
[INFO GRT-0001] Minimum degree: 2
[INFO GRT-0002] Maximum degree: 42

[INFO GRT-0053] Routing resources analysis:
          Routing      Original      Derated      Resource
Layer     Direction    Resources     Resources    Reduction (%)
---------------------------------------------------------------
li1        Vertical            0             0          0.00%
met1       Horizontal      30130         23367          22.45%
met2       Vertical        28336         21758          23.21%
met3       Horizontal      20746         16215          21.84%
met4       Vertical        13984          9844          29.61%
met5       Horizontal       2990          2254          24.62%
---------------------------------------------------------------

[INFO GRT-0197] Via related to pin nodes: 4268
[INFO GRT-0198] Via related Steiner nodes: 126
[INFO GRT-0199] Via filling finished.
[INFO GRT-0111] Final number of vias: 5569
[INFO GRT-0112] Final usage 3D: 20712

[INFO GRT-0096] Final congestion report:
Layer         Resource        Demand        Usage (%)    Max H / Max V / Total Congestion
---------------------------------------------------------------------------------------
li1                  0             0            0.00%             0 /  0 /  0
met1             23367          1429            6.12%             0 /  0 /  0
met2             21758          1929            8.87%             0 /  0 /  0
met3             16215           470            2.90%             0 /  0 /  0
met4              9844           177            1.80%             0 /  0 /  0
met5              2254             0            0.00%             0 /  0 /  0
---------------------------------------------------------------------------------------
Total            73438          4005            5.45%             0 /  0 /  0

[INFO GRT-0018] Total wirelength: 39530 um
[INFO GRT-0014] Routed nets: 582
[INFO GRT-0303] Global routing runtime = 00:00:00
estimate_parasitics -global_routing
Perform buffer insertion and gate resizing...
repair_design -verbose
Iteration |   Area    | Resized | Buffers | Nets repaired | Remaining
---------------------------------------------------------------------
        0 |     +0.0% |       0 |       0 |             0 |       612
       10 |     +0.0% |       0 |       0 |             0 |       602
       20 |     +0.0% |       0 |       0 |             0 |       592
       30 |     +0.0% |       0 |       0 |             0 |       582
       40 |     +0.0% |       0 |       0 |             0 |       572
       50 |     +0.0% |       0 |       0 |             0 |       562
       60 |     +0.0% |       0 |       0 |             0 |       552
       70 |     +0.0% |       0 |       0 |             0 |       542
[WARNING RSZ-0104] Net _127_ only has one pin. Check if it is intended to be dangling.
[WARNING RSZ-0104] Net _126_ only has one pin. Check if it is intended to be dangling.
       80 |     +0.0% |       0 |       0 |             0 |       532
       90 |     +0.0% |       0 |       0 |             0 |       522
      100 |     +0.0% |       0 |       0 |             0 |       512
      110 |     +0.0% |       0 |       0 |             0 |       502
[WARNING RSZ-0104] Net _128_ only has one pin. Check if it is intended to be dangling.
      120 |     +0.0% |       0 |       0 |             0 |       492
      130 |     +0.0% |       0 |       0 |             0 |       482
      140 |     +0.0% |       0 |       0 |             0 |       472
      150 |     +0.0% |       0 |       0 |             0 |       462
      160 |     +0.0% |       0 |       0 |             0 |       452
      170 |     +0.0% |       0 |       0 |             0 |       442
      180 |     +0.0% |       0 |       0 |             0 |       432
      190 |     +0.0% |       0 |       0 |             0 |       422
      200 |     +0.0% |       0 |       0 |             0 |       412
      210 |     +0.0% |       0 |       0 |             0 |       402
      220 |     +0.0% |       0 |       0 |             0 |       392
      230 |     +0.0% |       0 |       0 |             0 |       382
      240 |     +0.0% |       0 |       0 |             0 |       372
      250 |     +0.0% |       0 |       0 |             0 |       362
      260 |     +0.0% |       0 |       0 |             0 |       352
      270 |     +0.0% |       0 |       0 |             0 |       342
      280 |     +0.0% |       0 |       0 |             0 |       332
      290 |     +0.0% |       0 |       0 |             0 |       322
      300 |     +0.0% |       0 |       0 |             0 |       312
      310 |     +0.0% |       0 |       0 |             0 |       302
      320 |     +0.0% |       0 |       0 |             0 |       292
      330 |     +0.0% |       0 |       0 |             0 |       282
      340 |     +0.0% |       0 |       0 |             0 |       272
      350 |     +0.0% |       0 |       0 |             0 |       262
      360 |     +0.0% |       0 |       0 |             0 |       252
      370 |     +0.0% |       0 |       0 |             0 |       242
      380 |     +0.0% |       0 |       0 |             0 |       232
      390 |     +0.0% |       0 |       0 |             0 |       222
      400 |     +0.0% |       0 |       0 |             0 |       212
      410 |     +0.0% |       0 |       0 |             0 |       202
      420 |     +0.0% |       0 |       0 |             0 |       192
      430 |     +0.0% |       0 |       0 |             0 |       182
      440 |     +0.0% |       0 |       0 |             0 |       172
      450 |     +0.0% |       0 |       0 |             0 |       162
      460 |     +0.0% |       0 |       0 |             0 |       152
      470 |     +0.0% |       0 |       0 |             0 |       142
      480 |     +0.0% |       0 |       0 |             0 |       132
      490 |     +0.0% |       0 |       0 |             0 |       122
      500 |     +0.0% |       0 |       0 |             0 |       112
      510 |     +0.0% |       0 |       0 |             0 |       102
      520 |     +0.0% |       0 |       0 |             0 |        92
      530 |     +0.0% |       0 |       0 |             0 |        82
      540 |     +0.0% |       0 |       0 |             0 |        72
      550 |     +0.0% |       0 |       0 |             0 |        62
      560 |     +0.0% |       0 |       0 |             0 |        52
      570 |     +0.0% |       0 |       0 |             0 |        42
      580 |     +0.0% |       0 |       0 |             0 |        32
      590 |     +0.0% |       0 |       0 |             0 |        22
      600 |     +0.0% |       0 |       0 |             0 |        12
      610 |     +0.0% |       0 |       0 |             0 |         2
    final |     +0.0% |       0 |       0 |             0 |         0
---------------------------------------------------------------------
[INFO RSZ-0504] Runtime: 0.10s
global_route -start_incremental
detailed_placement
[INFO DPL-0006] Core area: 105267.21 um^2
[INFO DPL-0007] Movable instances area: 12435.68 um^2
[INFO DPL-0008] Fixed instances area within core: 1740.42 um^2
[INFO DPL-0009] Utilization: 13.5%
[INFO DPL-0005] Diamond search max displacement: +/- 500 sites horizontally, +/- 100 rows vertically.
[INFO DPL-1102] Legalizing using negotiation legalizer.
[INFO DPL-1103] Negotiation base search window: +/-20 sites horizontally, +/-5 rows vertically 
	Automatic search window extension enabled.
	Search window extendable up to the max displacement cap of +/-500 sites, +/-100 rows near walls.
[INFO DPL-1104] NegotiationLegalizer DRC penalty: 5.
[INFO DPL-0392] Negotiation cell height distribution (1 unique row-count(s)):
[INFO DPL-0393]   height 1 row(s): 1958 cells
[INFO DPL-0500] Runtime: 0.01s
Placement Analysis
---------------------------------
total displacement          0.0 u
average displacement        0.0 u
max displacement            0.0 u
original HPWL           18304.3 u
legalized HPWL          18304.3 u
delta HPWL                    0 %

global_route -end_incremental -congestion_report_file ./reports/sky130hd/d_ca04_cand_qwen_at_4p5/base/congestion_post_repair_design.rpt
Repair setup and hold violations...
estimate_parasitics -global_routing
repair_timing -setup_margin 0 -hold_margin 0 -repair_tns 100 -verbose
[INFO RSZ-0100] Repair move sequence: UnbufferMove SizeUpMove SwapPinsMove BufferMove CloneMove SplitLoadMove 
[INFO RSZ-0098] No setup violations found
[INFO RSZ-0505] Runtime: 0.11s
[INFO RSZ-0033] No hold violations found.
[INFO RSZ-0506] Runtime: 0.01s
global_route -start_incremental
detailed_placement
[INFO DPL-0006] Core area: 105267.21 um^2
[INFO DPL-0007] Movable instances area: 12435.68 um^2
[INFO DPL-0008] Fixed instances area within core: 1740.42 um^2
[INFO DPL-0009] Utilization: 13.5%
[INFO DPL-0005] Diamond search max displacement: +/- 500 sites horizontally, +/- 100 rows vertically.
[INFO DPL-1102] Legalizing using negotiation legalizer.
[INFO DPL-1103] Negotiation base search window: +/-20 sites horizontally, +/-5 rows vertically 
	Automatic search window extension enabled.
	Search window extendable up to the max displacement cap of +/-500 sites, +/-100 rows near walls.
[INFO DPL-1104] NegotiationLegalizer DRC penalty: 5.
[INFO DPL-0392] Negotiation cell height distribution (1 unique row-count(s)):
[INFO DPL-0393]   height 1 row(s): 1958 cells
[INFO DPL-0500] Runtime: 0.00s
Placement Analysis
---------------------------------
total displacement          0.0 u
average displacement        0.0 u
max displacement            0.0 u
original HPWL           18304.3 u
legalized HPWL          18304.3 u
delta HPWL                    0 %

check_placement -verbose
global_route -end_incremental -congestion_report_file ./reports/sky130hd/d_ca04_cand_qwen_at_4p5/base/congestion_post_repair_timing.rpt
estimate_parasitics -global_routing
global_route -start_incremental
global_route -end_incremental -congestion_report_file ./reports/sky130hd/d_ca04_cand_qwen_at_4p5/base/congestion_post_recover_power.rpt
Repair antennas...
[INFO GRT-0012] Found 1 antenna violations.
[INFO GRT-0302] Inserted 1 jumpers for 1 nets.
[INFO GRT-0012] Found 0 antenna violations.
[INFO ANT-0002] Found 0 net violations.
[INFO ANT-0001] Found 0 pin violations.
Estimate parasitics...
estimate_parasitics -global_routing
Report metrics stage 5, global route...

==========================================================================
global route report_design_area
--------------------------------------------------------------------------
Design area 14176 um^2 13% utilization.
[INFO FLW-0007] clock wr_clock period 4.500000
[WARNING FLW-0010] more than one clock found. Skipping sdc update.
[INFO FLW-0011] Path endpoint path count 624
write_db ./results/sky130hd/d_ca04_cand_qwen_at_4p5/base/5_1_grt.odb
write_sdc -no_timestamp ./results/sky130hd/d_ca04_cand_qwen_at_4p5/base/5_1_grt.sdc
Elapsed time: 0:06.73[h:]min:sec. CPU time: user 37.23 sys 0.30 (557%). Peak memory: 336560KB.
Log                       Ext     Elapsed/s Peak Memory/MB sha1sum result [0:20)
5_1_grt                   .odb            6            328 8e8de3cd87d956d99fab
5_1_grt                   .sdc                             1a3ffefef167d9a6b881
/OpenROAD-flow-scripts/flow/scripts/flow.sh 5_2_route detail_route
Running detail_route.tcl, stage 5_2_route
read_liberty /OpenROAD-flow-scripts/flow/platforms/sky130hd/lib/sky130_fd_sc_hd__tt_025C_1v80.lib
read_db ./results/sky130hd/d_ca04_cand_qwen_at_4p5/base/5_1_grt.odb
read_sdc ./results/sky130hd/d_ca04_cand_qwen_at_4p5/base/5_1_grt.sdc
source /OpenROAD-flow-scripts/flow/platforms/sky130hd/setRC.tcl
detailed_route -output_drc ./reports/sky130hd/d_ca04_cand_qwen_at_4p5/base/5_route_drc.rpt -output_maze ./results/sky130hd/d_ca04_cand_qwen_at_4p5/base/maze.log -droute_end_iter 64 -verbose 1 -drc_report_iter_step 5
[INFO DRT-0149] Reading tech and libs.
[WARNING DRT-0349] LEF58_ENCLOSURE with no CUTCLASS is not supported. Skipping for layer mcon
[WARNING DRT-0349] LEF58_ENCLOSURE with no CUTCLASS is not supported. Skipping for layer mcon
[WARNING DRT-0349] LEF58_ENCLOSURE with no CUTCLASS is not supported. Skipping for layer via
[WARNING DRT-0349] LEF58_ENCLOSURE with no CUTCLASS is not supported. Skipping for layer via
[WARNING DRT-0349] LEF58_ENCLOSURE with no CUTCLASS is not supported. Skipping for layer via2
[WARNING DRT-0349] LEF58_ENCLOSURE with no CUTCLASS is not supported. Skipping for layer via2
[WARNING DRT-0349] LEF58_ENCLOSURE with no CUTCLASS is not supported. Skipping for layer via3
[WARNING DRT-0349] LEF58_ENCLOSURE with no CUTCLASS is not supported. Skipping for layer via3
[WARNING DRT-0349] LEF58_ENCLOSURE with no CUTCLASS is not supported. Skipping for layer via4
[WARNING DRT-0349] LEF58_ENCLOSURE with no CUTCLASS is not supported. Skipping for layer via4

Units:                1000
Number of layers:     13
Number of macros:     441
Number of vias:       29
Number of viarulegen: 25

[INFO DRT-0150] Reading design.

Design:                   async_fifo_cdc
Die area:                 ( 0 0 ) ( 327635 327635 )
Number of track patterns: 12
Number of DEF vias:       0
Number of components:     1958
Number of terminals:      74
Number of snets:          2
Number of nets:           585

[INFO DRT-0167] List of default vias:
  Layer via
    default via: M1M2_PR
  Layer via2
    default via: M2M3_PR
  Layer via3
    default via: M3M4_PR
  Layer via4
    default via: M4M5_PR
[INFO DRT-0162] Library cell analysis.
[INFO DRT-0163] Instance analysis.
[INFO DRT-0164] Number of unique instances = 57.
[INFO DRT-0168] Init region query.
[INFO DRT-0024]   Complete FR_MASTERSLICE.
[INFO DRT-0024]   Complete Fr_VIA.
[INFO DRT-0024]   Complete li1.
[INFO DRT-0024]   Complete mcon.
[INFO DRT-0024]   Complete met1.
[INFO DRT-0024]   Complete via.
[INFO DRT-0024]   Complete met2.
[INFO DRT-0024]   Complete via2.
[INFO DRT-0024]   Complete met3.
[INFO DRT-0024]   Complete via3.
[INFO DRT-0024]   Complete met4.
[INFO DRT-0024]   Complete via4.
[INFO DRT-0024]   Complete met5.
[INFO DRT-0033] FR_MASTERSLICE shape region query size = 0.
[INFO DRT-0033] FR_VIA shape region query size = 0.
[INFO DRT-0033] li1 shape region query size = 36903.
[INFO DRT-0033] mcon shape region query size = 26026.
[INFO DRT-0033] met1 shape region query size = 10380.
[INFO DRT-0033] via shape region query size = 6900.
[INFO DRT-0033] met2 shape region query size = 4165.
[INFO DRT-0033] via2 shape region query size = 5520.
[INFO DRT-0033] met3 shape region query size = 4187.
[INFO DRT-0033] via3 shape region query size = 5520.
[INFO DRT-0033] met4 shape region query size = 1668.
[INFO DRT-0033] via4 shape region query size = 265.
[INFO DRT-0033] met5 shape region query size = 311.
[INFO DRT-0165] Start pin access.
[INFO DRT-0078]   Complete 400 pins.
[INFO DRT-0081]   Complete 57 unique inst patterns.
[INFO DRT-0084]   Complete 489 groups.
#scanned instances     = 1958
#unique  instances     = 57
#stdCellGenAp          = 1806
#stdCellValidPlanarAp  = 48
#stdCellValidViaAp     = 999
#stdCellPinNoAp        = 0
#stdCellPinCnt         = 2119
#instTermValidViaApCnt = 0
#macroGenAp            = 0
#macroValidPlanarAp    = 0
#macroValidViaAp       = 0
#macroNoAp             = 0
[INFO DRT-0166] Complete pin access.
[INFO DRT-0267] cpu time = 00:00:31, elapsed time = 00:00:04, memory = 265.19 (MB), peak = 264.09 (MB)

[INFO DRT-0157] Number of guides:     5876

[INFO DRT-0169] Post process guides.
[INFO DRT-0176] GCELLGRID X 0 DO 47 STEP 6900 ;
[INFO DRT-0177] GCELLGRID Y 0 DO 47 STEP 6900 ;
[INFO DRT-0028]   Complete FR_MASTERSLICE.
[INFO DRT-0028]   Complete Fr_VIA.
[INFO DRT-0028]   Complete li1.
[INFO DRT-0028]   Complete mcon.
[INFO DRT-0028]   Complete met1.
[INFO DRT-0028]   Complete via.
[INFO DRT-0028]   Complete met2.
[INFO DRT-0028]   Complete via2.
[INFO DRT-0028]   Complete met3.
[INFO DRT-0028]   Complete via3.
[INFO DRT-0028]   Complete met4.
[INFO DRT-0028]   Complete via4.
[INFO DRT-0028]   Complete met5.
[INFO DRT-0178] Init guide query.
[INFO DRT-0035]   Complete FR_MASTERSLICE (guide).
[INFO DRT-0035]   Complete Fr_VIA (guide).
[INFO DRT-0035]   Complete li1 (guide).
[INFO DRT-0035]   Complete mcon (guide).
[INFO DRT-0035]   Complete met1 (guide).
[INFO DRT-0035]   Complete via (guide).
[INFO DRT-0035]   Complete met2 (guide).
[INFO DRT-0035]   Complete via2 (guide).
[INFO DRT-0035]   Complete met3 (guide).
[INFO DRT-0035]   Complete via3 (guide).
[INFO DRT-0035]   Complete met4 (guide).
[INFO DRT-0035]   Complete via4 (guide).
[INFO DRT-0035]   Complete met5 (guide).
[INFO DRT-0036] FR_MASTERSLICE guide region query size = 0.
[INFO DRT-0036] FR_VIA guide region query size = 0.
[INFO DRT-0036] li1 guide region query size = 1791.
[INFO DRT-0036] mcon guide region query size = 0.
[INFO DRT-0036] met1 guide region query size = 1746.
[INFO DRT-0036] via guide region query size = 0.
[INFO DRT-0036] met2 guide region query size = 1056.
[INFO DRT-0036] via2 guide region query size = 0.
[INFO DRT-0036] met3 guide region query size = 170.
[INFO DRT-0036] via3 guide region query size = 0.
[INFO DRT-0036] met4 guide region query size = 33.
[INFO DRT-0036] via4 guide region query size = 0.
[INFO DRT-0036] met5 guide region query size = 1.
[INFO DRT-0179] Init gr pin query.
[INFO DRT-0267] cpu time = 00:00:00, elapsed time = 00:00:00, memory = 268.91 (MB), peak = 268.09 (MB)
[INFO DRT-0245] skipped writing guide updates to database.
[INFO DRT-0181] Start track assignment.
[INFO DRT-0184] Done with 2880 vertical wires in 1 frboxes and 1917 horizontal wires in 1 frboxes.
[INFO DRT-0186] Done with 185 vertical wires in 1 frboxes and 373 horizontal wires in 1 frboxes.
[INFO DRT-0182] Complete track assignment.
[INFO DRT-0267] cpu time = 00:00:00, elapsed time = 00:00:00, memory = 300.77 (MB), peak = 299.84 (MB)
[INFO DRT-0187] Start routing data preparation.
[INFO DRT-0267] cpu time = 00:00:00, elapsed time = 00:00:00, memory = 301.34 (MB), peak = 300.46 (MB)
[INFO DRT-0194] Start detail routing.
[INFO DRT-0195] Start 0th optimization iteration.
    Completing 10% with 0 violations.
    elapsed time = 00:00:00, memory = 347.37 (MB).
    Completing 20% with 0 violations.
    elapsed time = 00:00:00, memory = 352.99 (MB).
    Completing 30% with 0 violations.
    elapsed time = 00:00:00, memory = 357.88 (MB).
    Completing 40% with 15 violations.
    elapsed time = 00:00:01, memory = 411.23 (MB).
    Completing 50% with 15 violations.
    elapsed time = 00:00:01, memory = 432.11 (MB).
    Completing 60% with 111 violations.
    elapsed time = 00:00:02, memory = 434.98 (MB).
    Completing 70% with 111 violations.
    elapsed time = 00:00:02, memory = 434.98 (MB).
    Completing 80% with 111 violations.
    elapsed time = 00:00:02, memory = 434.98 (MB).
    Completing 90% with 134 violations.
    elapsed time = 00:00:03, memory = 472.33 (MB).
    Completing 100% with 180 violations.
    elapsed time = 00:00:03, memory = 458.35 (MB).
[INFO DRT-0199]   Number of violations = 259.
Viol/Layer        mcon   met1   met2   met3
Cut Spacing          2      0      0      0
Metal Spacing        0     73      9      1
Recheck              0     52     25      2
Short                0     86      6      3
[INFO DRT-0267] cpu time = 00:00:10, elapsed time = 00:00:03, memory = 812.82 (MB), peak = 812.10 (MB)
Total wire length = 27508 um.
Total wire length on LAYER li1 = 0 um.
Total wire length on LAYER met1 = 10417 um.
Total wire length on LAYER met2 = 13629 um.
Total wire length on LAYER met3 = 2729 um.
Total wire length on LAYER met4 = 725 um.
Total wire length on LAYER met5 = 7 um.
Total number of vias = 4828.
Up-via summary (total 4828):

-----------------------
 FR_MASTERSLICE       0
            li1    2060
           met1    2504
           met2     214
           met3      48
           met4       2
-----------------------
               4828


[INFO DRT-0195] Start 1st optimization iteration.
    Completing 10% with 259 violations.
    elapsed time = 00:00:00, memory = 821.06 (MB).
    Completing 20% with 259 violations.
    elapsed time = 00:00:00, memory = 833.98 (MB).
    Completing 30% with 259 violations.
    elapsed time = 00:00:00, memory = 838.05 (MB).
    Completing 40% with 226 violations.
    elapsed time = 00:00:00, memory = 857.12 (MB).
    Completing 50% with 226 violations.
    elapsed time = 00:00:01, memory = 860.30 (MB).
    Completing 60% with 131 violations.
    elapsed time = 00:00:01, memory = 866.32 (MB).
    Completing 70% with 131 violations.
    elapsed time = 00:00:01, memory = 866.32 (MB).
    Completing 80% with 131 violations.
    elapsed time = 00:00:02, memory = 866.32 (MB).
    Completing 90% with 80 violations.
    elapsed time = 00:00:02, memory = 888.44 (MB).
    Completing 100% with 21 violations.
    elapsed time = 00:00:03, memory = 873.83 (MB).
[INFO DRT-0199]   Number of violations = 21.
Viol/Layer        met1   met2
Metal Spacing        6      2
Short               12      1
[INFO DRT-0267] cpu time = 00:00:10, elapsed time = 00:00:03, memory = 873.96 (MB), peak = 887.51 (MB)
Total wire length = 27340 um.
Total wire length on LAYER li1 = 0 um.
Total wire length on LAYER met1 = 10436 um.
Total wire length on LAYER met2 = 13520 um.
Total wire length on LAYER met3 = 2681 um.
Total wire length on LAYER met4 = 688 um.
Total wire length on LAYER met5 = 13 um.
Total number of vias = 4757.
Up-via summary (total 4757):

-----------------------
 FR_MASTERSLICE       0
            li1    2056
           met1    2451
           met2     209
           met3      39
           met4       2
-----------------------
               4757


[INFO DRT-0195] Start 2nd optimization iteration.
    Completing 10% with 21 violations.
    elapsed time = 00:00:00, memory = 873.96 (MB).
    Completing 20% with 21 violations.
    elapsed time = 00:00:00, memory = 873.96 (MB).
    Completing 30% with 23 violations.
    elapsed time = 00:00:00, memory = 878.27 (MB).
    Completing 40% with 23 violations.
    elapsed time = 00:00:00, memory = 878.27 (MB).
    Completing 50% with 23 violations.
    elapsed time = 00:00:01, memory = 878.27 (MB).
    Completing 60% with 24 violations.
    elapsed time = 00:00:01, memory = 878.28 (MB).
    Completing 70% with 24 violations.
    elapsed time = 00:00:01, memory = 878.28 (MB).
    Completing 80% with 24 violations.
    elapsed time = 00:00:02, memory = 878.28 (MB).
    Completing 90% with 24 violations.
    elapsed time = 00:00:02, memory = 878.28 (MB).
    Completing 100% with 24 violations.
    elapsed time = 00:00:03, memory = 878.28 (MB).
[INFO DRT-0199]   Number of violations = 24.
Viol/Layer        met1   met2
Metal Spacing       10      2
Short               10      2
[INFO DRT-0267] cpu time = 00:00:04, elapsed time = 00:00:03, memory = 878.29 (MB), peak = 893.27 (MB)
Total wire length = 27284 um.
Total wire length on LAYER li1 = 0 um.
Total wire length on LAYER met1 = 10496 um.
Total wire length on LAYER met2 = 13498 um.
Total wire length on LAYER met3 = 2628 um.
Total wire length on LAYER met4 = 653 um.
Total wire length on LAYER met5 = 8 um.
Total number of vias = 4748.
Up-via summary (total 4748):

-----------------------
 FR_MASTERSLICE       0
            li1    2054
           met1    2451
           met2     204
           met3      37
           met4       2
-----------------------
               4748


[INFO DRT-0195] Start 3rd guides tiles iteration.
    Completing 10% with 24 violations.
    elapsed time = 00:00:00, memory = 878.30 (MB).
    Completing 20% with 24 violations.
    elapsed time = 00:00:00, memory = 878.30 (MB).
    Completing 30% with 24 violations.
    elapsed time = 00:00:00, memory = 878.30 (MB).
    Completing 40% with 24 violations.
    elapsed time = 00:00:00, memory = 878.30 (MB).
    Completing 50% with 5 violations.
    elapsed time = 00:00:00, memory = 878.30 (MB).
    Completing 60% with 5 violations.
    elapsed time = 00:00:00, memory = 878.30 (MB).
    Completing 70% with 5 violations.
    elapsed time = 00:00:00, memory = 878.30 (MB).
    Completing 80% with 5 violations.
    elapsed time = 00:00:00, memory = 878.30 (MB).
    Completing 90% with 0 violations.
    elapsed time = 00:00:00, memory = 878.30 (MB).
    Completing 100% with 0 violations.
    elapsed time = 00:00:00, memory = 878.30 (MB).
[INFO DRT-0199]   Number of violations = 0.
[INFO DRT-0267] cpu time = 00:00:00, elapsed time = 00:00:00, memory = 878.30 (MB), peak = 893.27 (MB)
Total wire length = 27276 um.
Total wire length on LAYER li1 = 0 um.
Total wire length on LAYER met1 = 10363 um.
Total wire length on LAYER met2 = 13492 um.
Total wire length on LAYER met3 = 2759 um.
Total wire length on LAYER met4 = 653 um.
Total wire length on LAYER met5 = 8 um.
Total number of vias = 4753.
Up-via summary (total 4753):

-----------------------
 FR_MASTERSLICE       0
            li1    2054
           met1    2451
           met2     209
           met3      37
           met4       2
-----------------------
               4753


[INFO DRT-0198] Complete detail routing.
Total wire length = 27276 um.
Total wire length on LAYER li1 = 0 um.
Total wire length on LAYER met1 = 10363 um.
Total wire length on LAYER met2 = 13492 um.
Total wire length on LAYER met3 = 2759 um.
Total wire length on LAYER met4 = 653 um.
Total wire length on LAYER met5 = 8 um.
Total number of vias = 4753.
Up-via summary (total 4753):

-----------------------
 FR_MASTERSLICE       0
            li1    2054
           met1    2451
           met2     209
           met3      37
           met4       2
-----------------------
               4753


[INFO DRT-0267] cpu time = 00:00:26, elapsed time = 00:00:11, memory = 878.43 (MB), peak = 893.27 (MB)

[INFO DRT-0180] Post processing.
[INFO DRT-0501] Runtime: 16.44s
Took 16 seconds: detailed_route -output_drc ./reports/sky130hd/d_ca04_cand_qwen_at_4p5/base/5_route_drc.rpt -output_maze ./results/sky130hd/d_ca04_cand_qwen_at_4p5/base/maze.log -droute_end_iter 64 -verbose 1 -drc_report_iter_step 5
[INFO GRT-0012] Found 0 antenna violations.
[INFO ANT-0002] Found 0 net violations.
[INFO ANT-0001] Found 0 pin violations.
[INFO ANT-0002] Found 0 net violations.
[INFO ANT-0001] Found 0 pin violations.
Design area 14176 um^2 13% utilization.
write_db ./results/sky130hd/d_ca04_cand_qwen_at_4p5/base/5_2_route.odb
Elapsed time: 0:17.77[h:]min:sec. CPU time: user 62.48 sys 0.43 (354%). Peak memory: 914712KB.
Log                       Ext     Elapsed/s Peak Memory/MB sha1sum result [0:20)
5_2_route                 .odb           17            893 5faf839ae791bf119657
/OpenROAD-flow-scripts/flow/scripts/flow.sh 5_3_fillcell fillcell
Running fillcell.tcl, stage 5_3_fillcell
read_liberty /OpenROAD-flow-scripts/flow/platforms/sky130hd/lib/sky130_fd_sc_hd__tt_025C_1v80.lib
read_db ./results/sky130hd/d_ca04_cand_qwen_at_4p5/base/5_2_route.odb
read_sdc ./results/sky130hd/d_ca04_cand_qwen_at_4p5/base/5_1_grt.sdc
source /OpenROAD-flow-scripts/flow/platforms/sky130hd/setRC.tcl
filler_placement "sky130_fd_sc_hd__fill_1 sky130_fd_sc_hd__fill_2 sky130_fd_sc_hd__fill_4 sky130_fd_sc_hd__fill_8"
[INFO DPL-0001] Placed 11583 filler instances.
Design area 14176 um^2 13% utilization.
write_db ./results/sky130hd/d_ca04_cand_qwen_at_4p5/base/5_3_fillcell.odb
Elapsed time: 0:00.67[h:]min:sec. CPU time: user 0.59 sys 0.04 (94%). Peak memory: 164704KB.
Log                       Ext     Elapsed/s Peak Memory/MB sha1sum result [0:20)
5_3_fillcell              .odb            0            160 6798d8ed10a5a93e7c46
cp ./results/sky130hd/d_ca04_cand_qwen_at_4p5/base/5_3_fillcell.odb ./results/sky130hd/d_ca04_cand_qwen_at_4p5/base/5_route.odb
cp ./results/sky130hd/d_ca04_cand_qwen_at_4p5/base/5_1_grt.sdc ./results/sky130hd/d_ca04_cand_qwen_at_4p5/base/5_route.sdc
/OpenROAD-flow-scripts/flow/scripts/flow.sh 6_1_fill density_fill
Running density_fill.tcl, stage 6_1_fill
read_liberty /OpenROAD-flow-scripts/flow/platforms/sky130hd/lib/sky130_fd_sc_hd__tt_025C_1v80.lib
read_db ./results/sky130hd/d_ca04_cand_qwen_at_4p5/base/5_route.odb
read_sdc ./results/sky130hd/d_ca04_cand_qwen_at_4p5/base/5_route.sdc
source /OpenROAD-flow-scripts/flow/platforms/sky130hd/setRC.tcl
exec cp ./results/sky130hd/d_ca04_cand_qwen_at_4p5/base/5_route.odb ./results/sky130hd/d_ca04_cand_qwen_at_4p5/base/6_1_fill.odb
Elapsed time: 0:00.59[h:]min:sec. CPU time: user 0.54 sys 0.04 (98%). Peak memory: 152604KB.
Log                       Ext     Elapsed/s Peak Memory/MB sha1sum result [0:20)
6_1_fill                  .odb            0            149 6798d8ed10a5a93e7c46
cp ./results/sky130hd/d_ca04_cand_qwen_at_4p5/base/5_route.sdc ./results/sky130hd/d_ca04_cand_qwen_at_4p5/base/6_1_fill.sdc
/OpenROAD-flow-scripts/flow/scripts/flow.sh 6_report final_report
Running final_report.tcl, stage 6_report
read_liberty /OpenROAD-flow-scripts/flow/platforms/sky130hd/lib/sky130_fd_sc_hd__tt_025C_1v80.lib
read_db ./results/sky130hd/d_ca04_cand_qwen_at_4p5/base/6_1_fill.odb
read_sdc ./results/sky130hd/d_ca04_cand_qwen_at_4p5/base/6_1_fill.sdc
source /OpenROAD-flow-scripts/flow/platforms/sky130hd/setRC.tcl
write_db ./results/sky130hd/d_ca04_cand_qwen_at_4p5/base/6_final.odb
write_sdc -no_timestamp ./results/sky130hd/d_ca04_cand_qwen_at_4p5/base/6_final.sdc
Deleted 0 routing obstructions
Warning: master sky130_ef_sc_hd__decap_12 has signal pins but no liberty cell
[INFO RCX-0431] Defined process_corner X with ext_model_index 0
[INFO RCX-0029] Defined extraction corner X
[WARNING RCX-0514] The ext_model_file option is deprecated. Use set_extraction_rules_file command instead.
[INFO RCX-0435] Reading extraction model file /OpenROAD-flow-scripts/flow/platforms/sky130hd/rcx_patterns.rules ...
[INFO RCX-0436] RC segment generation async_fifo_cdc (max_merge_res 50.0) ...
[INFO RCX-0040] Final 2760 rc segments
[INFO RCX-0439] Coupling Cap extraction async_fifo_cdc ...
[INFO RCX-0440] Coupling threshhold is 0.1000 fF, coupling capacitance less than 0.1000 fF will be grounded.
[INFO RCX-0442] 70% of 7676 wires extracted
[INFO RCX-0442] 100% of 7676 wires extracted
[INFO RCX-0045] Extract 585 nets, 3341 rsegs, 3341 caps, 3943 ccs
[INFO RCX-0443] 585 nets finished
[INFO PSM-0040] All shapes on net VDD are connected.
########## IR report #################
Net              : VDD
Corner           : default
Total power      : 7.85e-03 W
Supply voltage   : 1.80e+00 V
Worstcase voltage: 1.80e+00 V
Average voltage  : 1.80e+00 V
Average IR drop  : 1.89e-05 V
Worstcase IR drop: 3.48e-04 V
Percentage drop  : 0.02 %
######################################
[INFO PSM-0040] All shapes on net VSS are connected.
########## IR report #################
Net              : VSS
Corner           : default
Total power      : 7.85e-03 W
Supply voltage   : 0.00e+00 V
Worstcase voltage: 2.53e-04 V
Average voltage  : 1.46e-05 V
Average IR drop  : 1.46e-05 V
Worstcase IR drop: 2.53e-04 V
Percentage drop  : 0.01 %
######################################
Cell type report:                       Count       Area
  Fill cell                             11583   91091.11
  Tap cell                               1391    1740.42
  Clock buffer                             41     887.10
  Timing Repair Buffer                     82     828.29
  Inverter                                  2       7.51
  Clock inverter                           20     165.16
  Sequential cell                         280    8296.71
  Multi-Input combinational cell          142    2250.91
  Total                                 13541  105267.21
Report metrics stage 6, finish...

==========================================================================
finish report_design_area
--------------------------------------------------------------------------
Design area 14176 um^2 13% utilization.
[WARNING GUI-0076] QStandardPaths: XDG_RUNTIME_DIR not set, defaulting to '/tmp/runtime-'
Elapsed time: 0:03.12[h:]min:sec. CPU time: user 3.07 sys 0.16 (103%). Peak memory: 285852KB.
Log                       Ext     Elapsed/s Peak Memory/MB sha1sum result [0:20)
6_report                                  3            279                  N/A
cp /OpenROAD-flow-scripts/flow/platforms/sky130hd/lef/sky130_fd_sc_hd.tlef ./objects/sky130hd/d_ca04_cand_qwen_at_4p5/base/klayout_tech.lef
/usr/bin/python3 /OpenROAD-flow-scripts/flow/util/generate_klayout_tech.py \
	--template /OpenROAD-flow-scripts/flow/platforms/sky130hd/sky130hd.lyt \
	--output ./objects/sky130hd/d_ca04_cand_qwen_at_4p5/base/klayout.lyt \
	--lef-files ./objects/sky130hd/d_ca04_cand_qwen_at_4p5/base/klayout_tech.lef /OpenROAD-flow-scripts/flow/platforms/sky130hd/lef/sky130_fd_sc_hd_merged.lef   \
	--map-files 
/usr/bin/python3 /OpenROAD-flow-scripts/flow/scripts/run_command.py --log /OpenROAD-flow-scripts/flow/logs/sky130hd/d_ca04_cand_qwen_at_4p5/base/6_1_merge.log --tee -- \
        /OpenROAD-flow-scripts/flow/scripts/klayout.sh -zz -rd design_name=async_fifo_cdc \
        -rd in_def=./results/sky130hd/d_ca04_cand_qwen_at_4p5/base/6_final.def \
        -rd in_files="/OpenROAD-flow-scripts/flow/platforms/sky130hd/gds/sky130_fd_sc_hd.gds  " \
        -rd seal_file="" \
        -rd out_file=./results/sky130hd/d_ca04_cand_qwen_at_4p5/base/6_1_merged.gds \
        -rd tech_file=./objects/sky130hd/d_ca04_cand_qwen_at_4p5/base/klayout.lyt \
        -rd layer_map= \
        -r /OpenROAD-flow-scripts/flow/util/def2stream.py
KLayout 0.30.7
[INFO] Reporting cells prior to loading DEF ...
	/OpenROAD-flow-scripts/flow/platforms/sky130hd/gds/sky130_fd_sc_hd.gds
[INFO] All LEF cells have matching GDS/OAS cells
[INFO] No orphan cells in the final layout
Elapsed time: 0:06.26[h:]min:sec. CPU time: user 5.96 sys 0.30 (99%). Peak memory: 884760KB.
cp results/sky130hd/d_ca04_cand_qwen_at_4p5/base/6_1_merged.gds results/sky130hd/d_ca04_cand_qwen_at_4p5/base/6_final.gds
./logs/sky130hd/d_ca04_cand_qwen_at_4p5/base
Log                       Ext     Elapsed/s Peak Memory/MB sha1sum result [0:20)
1_1_yosys_canonicalize    .rtlil          0             81 177e49411317e4d5bc92
1_2_yosys                 .v              2             85 705f30fdb6577d5f0597
1_2_yosys                 .sdc                             d743368b4d77cebfbe3e
1_synth                   .odb            0            144 3f2b2e90832ba07a159e
1_synth                   .sdc                             fe6451089bd5960df93f
2_1_floorplan             .odb            0            180 57e265fcebe316043d3c
2_1_floorplan             .sdc                             fe6451089bd5960df93f
2_2_floorplan_macro       .odb            0            139 57e265fcebe316043d3c
2_3_floorplan_tapcell     .odb            0            140 c83c4601fa65e4553910
2_4_floorplan_pdn         .odb            0            149 9d5a0fc05d33e2d1b652
3_1_place_gp_skip_io      .odb            1            145 6c36e6f87c86dc0a8e8c
3_2_place_iop             .odb            0            142 7e844d4ccd2971be0eeb
3_3_place_gp              .odb            1            284 21c7a84558d284dfda14
3_4_place_resized         .odb            1            178 21c7a84558d284dfda14
3_5_place_dp              .odb            1            158 0eb94f5a9f29a1c027d4
4_1_cts                   .odb            1            193 a7d3560e01a9d11af8b2
5_1_grt                   .odb            6            328 8e8de3cd87d956d99fab
5_1_grt                   .sdc                             1a3ffefef167d9a6b881
5_2_route                 .odb           17            893 5faf839ae791bf119657
5_3_fillcell              .odb            0            160 6798d8ed10a5a93e7c46
6_1_fill                  .odb            0            149 6798d8ed10a5a93e7c46
6_1_fill                  .sdc                             1a3ffefef167d9a6b881
6_1_merge                                 6            864                  N/A
6_report                                  3            279                  N/A
Total                                    39            893                     

================ PPA: d_ca04 / qwen_at_4p5 ================
   Chip area for module '\async_fifo_cdc': 10603.920000
Design area 14176 um^2 13% utilization.
tns max 0.00
wns max 0.00
worst slack max 0.72
Total                  5.71e-03   2.14e-03   4.22e-09   7.85e-03 100.0%
record: runs/d_ca04_async_fifo_cdc/2026-08-19T044112Z__qwen_at_4p5__ppa.json

Compare against the task baseline in /Users/jackberkowitz/Desktop/hw_rl_benchmark/domains/comp_arch/design/d_ca04_async_fifo_cdc/NOTES.md.
A candidate is only comparable to that baseline if the clock period and
parameters match -- both come from the task's own SDC, so they do.
