clean build: wiped sky130hd/d_dsp02_cand_chat_scored (results, logs, objects, reports)
constraining to CLK_PERIOD_NS=24.0000 (SDC + synthesis)
OPENROAD: /OpenROAD-flow-scripts/tools/OpenROAD
mkdir -p results/sky130hd/d_dsp02_cand_chat_scored/base/
echo 24000 > results/sky130hd/d_dsp02_cand_chat_scored/base/clock_period.txt
/OpenROAD-flow-scripts/flow/scripts/synth.sh /OpenROAD-flow-scripts/flow/scripts/synth_canonicalize.tcl ./logs/sky130hd/d_dsp02_cand_chat_scored/base/1_1_yosys_canonicalize.log
Using ABC speed script.
Extracting clock period from SDC file: ./results/sky130hd/d_dsp02_cand_chat_scored/base/clock_period.txt
Setting clock period to 24000
1. Executing Liberty frontend: /OpenROAD-flow-scripts/flow/platforms/sky130hd/lib/sky130_fd_sc_hd__tt_025C_1v80.lib
2. Executing Liberty frontend: /OpenROAD-flow-scripts/flow/platforms/sky130hd/lib/sky130_fd_sc_hd__tt_025C_1v80.lib
3. Executing SLANG frontend.
3.1. Executing PROC_CLEAN pass (remove empty switches from decision trees).
3.2. Executing TRIBUF pass.
3.3. Executing PROC_RMDEAD pass (remove dead branches from decision trees).
3.4. Executing PROC_PRUNE pass (remove redundant assignments in processes).
3.5. Executing PROC_INIT pass (extract init attributes).
3.6. Executing PROC_ROM pass (convert switches to ROMs).
3.7. Executing PROC_MUX pass (convert decision trees to multiplexers).
3.8. Executing PROC_CLEAN pass (remove empty switches from decision trees).
3.9. Executing OPT_EXPR pass (perform const folding).
4. Executing HIERARCHY pass (managing design hierarchy).
4.1. Analyzing design hierarchy..
4.2. Analyzing design hierarchy..
5. Executing OPT_CLEAN pass (remove unused cells and wires).
6. Executing RTLIL backend.
End of script. Logfile hash: 40b4f6bb37, time: 0.76s, user: 0.67s, system: 0.03s, MEM: 91.53 MB peak
Yosys 0.68+post (git sha1 UNKNOWN, Release, GNU /usr/local/bin/wrapped-cc/g++ 11.4.0)
Time spent: 31% 1x proc_prune (0 sec), 22% 2x read_slang (0 sec), ...
Elapsed time: 0:00.82[h:]min:sec. CPU time: user 0.77 sys 0.04 (98%). Peak memory: 95888KB.
Log                       Ext     Elapsed/s Peak Memory/MB sha1sum result [0:20)
1_1_yosys_canonicalize    .rtlil          0             93 c34e38bd42b7039a7ff4
/OpenROAD-flow-scripts/flow/scripts/synth.sh /OpenROAD-flow-scripts/flow/scripts/synth.tcl ./logs/sky130hd/d_dsp02_cand_chat_scored/base/1_2_yosys.log
Using ABC speed script.
Extracting clock period from SDC file: ./results/sky130hd/d_dsp02_cand_chat_scored/base/clock_period.txt
Setting clock period to 24000
1. Executing RTLIL frontend.
2. Executing HIERARCHY pass (managing design hierarchy).
2.1. Analyzing design hierarchy..
2.2. Analyzing design hierarchy..
3. Executing SYNTH pass.
3.1. Executing HIERARCHY pass (managing design hierarchy).
3.1.1. Analyzing design hierarchy..
3.1.2. Analyzing design hierarchy..
3.2. Executing PROC pass (convert processes to netlists).
3.2.1. Executing PROC_CLEAN pass (remove empty switches from decision trees).
3.2.2. Executing PROC_RMDEAD pass (remove dead branches from decision trees).
3.2.3. Executing PROC_PRUNE pass (remove redundant assignments in processes).
3.2.4. Executing PROC_INIT pass (extract init attributes).
3.2.5. Executing PROC_ARST pass (detect async resets in processes).
3.2.6. Executing PROC_ROM pass (convert switches to ROMs).
3.2.7. Executing PROC_MUX pass (convert decision trees to multiplexers).
3.2.8. Executing PROC_DLATCH pass (convert process syncs to latches).
3.2.9. Executing PROC_DFF pass (convert process syncs to FFs).
3.2.10. Executing PROC_MEMWR pass (convert process memory writes to cells).
3.2.11. Executing PROC_CLEAN pass (remove empty switches from decision trees).
3.2.12. Executing OPT_EXPR pass (perform const folding).
3.3. Executing CHECK pass (checking for obvious problems).
3.4. Executing FLATTEN pass (flatten design).
3.5. Executing OPT_EXPR pass (perform const folding).
3.6. Executing OPT_CLEAN pass (remove unused cells and wires).
3.7. Executing CHECK pass (checking for obvious problems).
3.8. Executing OPT pass (performing simple optimizations).
3.8.1. Executing OPT_EXPR pass (perform const folding).
3.8.2. Executing OPT_MERGE pass (detect identical cells).
3.8.3. Executing OPT_MUXTREE pass (detect dead branches in mux trees).
3.8.4. Executing OPT_REDUCE pass (consolidate $*mux and $reduce_* inputs).
3.8.5. Executing OPT_MERGE pass (detect identical cells).
3.8.6. Executing OPT_DFF pass (perform DFF optimizations).
3.8.7. Executing OPT_CLEAN pass (remove unused cells and wires).
3.8.8. Executing OPT_EXPR pass (perform const folding).
3.8.9. Rerunning OPT passes. (Maybe there is more to do..)
3.8.10. Executing OPT_MUXTREE pass (detect dead branches in mux trees).
3.8.11. Executing OPT_REDUCE pass (consolidate $*mux and $reduce_* inputs).
3.8.12. Executing OPT_MERGE pass (detect identical cells).
3.8.13. Executing OPT_DFF pass (perform DFF optimizations).
3.8.14. Executing OPT_CLEAN pass (remove unused cells and wires).
3.8.15. Executing OPT_EXPR pass (perform const folding).
3.8.16. Finished fast OPT passes. (There is nothing left to do.)
3.9. Executing FSM pass (extract and optimize FSM).
3.9.1. Executing FSM_DETECT pass (finding FSMs in design).
3.9.2. Executing FSM_EXTRACT pass (extracting FSM from design).
3.9.3. Executing FSM_OPT pass (simple optimizations of FSMs).
3.9.4. Executing OPT_CLEAN pass (remove unused cells and wires).
3.9.5. Executing FSM_OPT pass (simple optimizations of FSMs).
3.9.6. Executing FSM_RECODE pass (re-assigning FSM state encoding).
3.9.7. Executing FSM_INFO pass (dumping all available information on FSM cells).
3.9.8. Executing FSM_MAP pass (mapping FSMs to basic logic).
3.10. Executing OPT pass (performing simple optimizations).
3.10.1. Executing OPT_EXPR pass (perform const folding).
3.10.2. Executing OPT_MERGE pass (detect identical cells).
3.10.3. Executing OPT_MUXTREE pass (detect dead branches in mux trees).
3.10.4. Executing OPT_REDUCE pass (consolidate $*mux and $reduce_* inputs).
3.10.5. Executing OPT_MERGE pass (detect identical cells).
3.10.6. Executing OPT_DFF pass (perform DFF optimizations).
3.10.7. Executing OPT_CLEAN pass (remove unused cells and wires).
3.10.8. Executing OPT_EXPR pass (perform const folding).
3.10.9. Rerunning OPT passes. (Maybe there is more to do..)
3.10.10. Executing OPT_MUXTREE pass (detect dead branches in mux trees).
3.10.11. Executing OPT_REDUCE pass (consolidate $*mux and $reduce_* inputs).
3.10.12. Executing OPT_MERGE pass (detect identical cells).
3.10.13. Executing OPT_DFF pass (perform DFF optimizations).
3.10.14. Executing OPT_CLEAN pass (remove unused cells and wires).
3.10.15. Executing OPT_EXPR pass (perform const folding).
3.10.16. Rerunning OPT passes. (Maybe there is more to do..)
3.10.17. Executing OPT_MUXTREE pass (detect dead branches in mux trees).
3.10.18. Executing OPT_REDUCE pass (consolidate $*mux and $reduce_* inputs).
3.10.19. Executing OPT_MERGE pass (detect identical cells).
3.10.20. Executing OPT_DFF pass (perform DFF optimizations).
3.10.21. Executing OPT_CLEAN pass (remove unused cells and wires).
3.10.22. Executing OPT_EXPR pass (perform const folding).
3.10.23. Finished fast OPT passes. (There is nothing left to do.)
3.11. Executing WREDUCE pass (reducing word size of cells).
3.12. Executing PEEPOPT pass (run peephole optimizers).
3.13. Executing OPT_CLEAN pass (remove unused cells and wires).
3.14. Executing ALUMACC pass (create $alu and $macc cells).
3.15. Executing SHARE pass (SAT-based resource sharing).
3.16. Executing OPT pass (performing simple optimizations).
3.16.1. Executing OPT_EXPR pass (perform const folding).
3.16.2. Executing OPT_MERGE pass (detect identical cells).
3.16.3. Executing OPT_MUXTREE pass (detect dead branches in mux trees).
3.16.4. Executing OPT_REDUCE pass (consolidate $*mux and $reduce_* inputs).
3.16.5. Executing OPT_MERGE pass (detect identical cells).
3.16.6. Executing OPT_DFF pass (perform DFF optimizations).
3.16.7. Executing OPT_CLEAN pass (remove unused cells and wires).
3.16.8. Executing OPT_EXPR pass (perform const folding).
3.16.9. Rerunning OPT passes. (Maybe there is more to do..)
3.16.10. Executing OPT_MUXTREE pass (detect dead branches in mux trees).
3.16.11. Executing OPT_REDUCE pass (consolidate $*mux and $reduce_* inputs).
3.16.12. Executing OPT_MERGE pass (detect identical cells).
3.16.13. Executing OPT_DFF pass (perform DFF optimizations).
3.16.14. Executing OPT_CLEAN pass (remove unused cells and wires).
3.16.15. Executing OPT_EXPR pass (perform const folding).
3.16.16. Finished fast OPT passes. (There is nothing left to do.)
3.17. Executing MEMORY pass.
3.17.1. Executing OPT_MEM pass (optimize memories).
3.17.2. Executing OPT_MEM_PRIORITY pass (removing unnecessary memory write priority relations).
3.17.3. Executing OPT_MEM_FEEDBACK pass (finding memory read-to-write feedback paths).
3.17.4. Executing MEMORY_BMUX2ROM pass (converting muxes to ROMs).
3.17.5. Executing MEMORY_DFF pass (merging $dff cells to $memrd).
3.17.6. Executing OPT_CLEAN pass (remove unused cells and wires).
3.17.7. Executing MEMORY_SHARE pass (consolidating $memrd/$memwr cells).
3.17.8. Executing OPT_MEM_WIDEN pass (optimize memories where all ports are wide).
3.17.9. Executing OPT_CLEAN pass (remove unused cells and wires).
3.17.10. Executing MEMORY_COLLECT pass (generating $mem cells).
3.18. Executing OPT_CLEAN pass (remove unused cells and wires).
4. Executing SYNTH pass.
4.1. Executing OPT pass (performing simple optimizations).
4.1.1. Executing OPT_EXPR pass (perform const folding).
4.1.2. Executing OPT_MERGE pass (detect identical cells).
4.1.3. Executing OPT_DFF pass (perform DFF optimizations).
4.1.4. Executing OPT_CLEAN pass (remove unused cells and wires).
4.1.5. Finished fast OPT passes.
4.2. Executing MEMORY_MAP pass (converting memories to logic and flip-flops).
4.3. Executing OPT pass (performing simple optimizations).
4.3.1. Executing OPT_EXPR pass (perform const folding).
4.3.2. Executing OPT_MERGE pass (detect identical cells).
4.3.3. Executing OPT_MUXTREE pass (detect dead branches in mux trees).
4.3.4. Executing OPT_REDUCE pass (consolidate $*mux and $reduce_* inputs).
4.3.5. Executing OPT_MERGE pass (detect identical cells).
4.3.6. Executing OPT_SHARE pass.
4.3.7. Executing OPT_DFF pass (perform DFF optimizations).
4.3.8. Executing OPT_CLEAN pass (remove unused cells and wires).
4.3.9. Executing OPT_EXPR pass (perform const folding).
4.3.10. Rerunning OPT passes. (Maybe there is more to do..)
4.3.11. Executing OPT_MUXTREE pass (detect dead branches in mux trees).
4.3.12. Executing OPT_REDUCE pass (consolidate $*mux and $reduce_* inputs).
4.3.13. Executing OPT_MERGE pass (detect identical cells).
4.3.14. Executing OPT_SHARE pass.
4.3.15. Executing OPT_DFF pass (perform DFF optimizations).
4.3.16. Executing OPT_CLEAN pass (remove unused cells and wires).
4.3.17. Executing OPT_EXPR pass (perform const folding).
4.3.18. Rerunning OPT passes. (Maybe there is more to do..)
4.3.19. Executing OPT_MUXTREE pass (detect dead branches in mux trees).
4.3.20. Executing OPT_REDUCE pass (consolidate $*mux and $reduce_* inputs).
4.3.21. Executing OPT_MERGE pass (detect identical cells).
4.3.22. Executing OPT_SHARE pass.
4.3.23. Executing OPT_DFF pass (perform DFF optimizations).
4.3.24. Executing OPT_CLEAN pass (remove unused cells and wires).
4.3.25. Executing OPT_EXPR pass (perform const folding).
4.3.26. Rerunning OPT passes. (Maybe there is more to do..)
4.3.27. Executing OPT_MUXTREE pass (detect dead branches in mux trees).
4.3.28. Executing OPT_REDUCE pass (consolidate $*mux and $reduce_* inputs).
4.3.29. Executing OPT_MERGE pass (detect identical cells).
4.3.30. Executing OPT_SHARE pass.
4.3.31. Executing OPT_DFF pass (perform DFF optimizations).
4.3.32. Executing OPT_CLEAN pass (remove unused cells and wires).
4.3.33. Executing OPT_EXPR pass (perform const folding).
4.3.34. Finished fast OPT passes. (There is nothing left to do.)
4.4. Executing TECHMAP pass (map to technology primitives).
4.4.1. Executing Verilog-2005 frontend: /OpenROAD-flow-scripts/tools/install/yosys/bin/../share/yosys/techmap.v
4.4.2. Executing Verilog-2005 frontend: /OpenROAD-flow-scripts/flow/platforms/common/lcu_kogge_stone.v
4.4.3. Continuing TECHMAP pass.
4.5. Executing OPT pass (performing simple optimizations).
4.5.1. Executing OPT_EXPR pass (perform const folding).
4.5.2. Executing OPT_MERGE pass (detect identical cells).
4.5.3. Executing OPT_DFF pass (perform DFF optimizations).
4.5.4. Executing OPT_CLEAN pass (remove unused cells and wires).
4.5.5. Finished fast OPT passes.
4.6. Executing HIERARCHY pass (managing design hierarchy).
4.6.1. Analyzing design hierarchy..
4.6.2. Analyzing design hierarchy..
4.7. Printing statistics.
4.8. Executing CHECK pass (checking for obvious problems).
5. Executing OPT pass (performing simple optimizations).
5.1. Executing OPT_EXPR pass (perform const folding).
5.2. Executing OPT_MERGE pass (detect identical cells).
5.3. Executing OPT_MUXTREE pass (detect dead branches in mux trees).
5.4. Executing OPT_REDUCE pass (consolidate $*mux and $reduce_* inputs).
5.5. Executing OPT_MERGE pass (detect identical cells).
5.6. Executing OPT_DFF pass (perform DFF optimizations).
5.7. Executing OPT_CLEAN pass (remove unused cells and wires).
5.8. Executing OPT_EXPR pass (perform const folding).
5.9. Rerunning OPT passes. (Maybe there is more to do..)
5.10. Executing OPT_MUXTREE pass (detect dead branches in mux trees).
5.11. Executing OPT_REDUCE pass (consolidate $*mux and $reduce_* inputs).
5.12. Executing OPT_MERGE pass (detect identical cells).
5.13. Executing OPT_DFF pass (perform DFF optimizations).
5.14. Executing OPT_CLEAN pass (remove unused cells and wires).
5.15. Executing OPT_EXPR pass (perform const folding).
5.16. Finished fast OPT passes. (There is nothing left to do.)
6. Executing EXTRACT_FA pass (find and extract full/half adders).
7. Executing TECHMAP pass (map to technology primitives).
7.1. Executing Verilog-2005 frontend: /OpenROAD-flow-scripts/flow/platforms/sky130hd/cells_adders_hd.v
7.2. Continuing TECHMAP pass.
8. Executing TECHMAP pass (map to technology primitives).
8.1. Executing Verilog-2005 frontend: /OpenROAD-flow-scripts/tools/install/yosys/bin/../share/yosys/techmap.v
8.2. Continuing TECHMAP pass.
9. Executing OPT pass (performing simple optimizations).
9.1. Executing OPT_EXPR pass (perform const folding).
9.2. Executing OPT_MERGE pass (detect identical cells).
9.3. Executing OPT_DFF pass (perform DFF optimizations).
9.4. Executing OPT_CLEAN pass (remove unused cells and wires).
9.5. Finished fast OPT passes.
10. Executing DFFLEGALIZE pass (convert FFs to types supported by the target).
11. Executing TECHMAP pass (map to technology primitives).
11.1. Executing Verilog-2005 frontend: /OpenROAD-flow-scripts/flow/platforms/sky130hd/cells_latch_hd.v
11.2. Continuing TECHMAP pass.
12. Executing DFFLIBMAP pass (mapping DFF cells to sequential cells from liberty file).
12.1. Executing DFFLEGALIZE pass (convert FFs to types supported by the target).
13. Executing OPT pass (performing simple optimizations).
13.1. Executing OPT_EXPR pass (perform const folding).
13.2. Executing OPT_MERGE pass (detect identical cells).
13.3. Executing OPT_MUXTREE pass (detect dead branches in mux trees).
13.4. Executing OPT_REDUCE pass (consolidate $*mux and $reduce_* inputs).
13.5. Executing OPT_MERGE pass (detect identical cells).
13.6. Executing OPT_DFF pass (perform DFF optimizations).
13.7. Executing OPT_CLEAN pass (remove unused cells and wires).
13.8. Executing OPT_EXPR pass (perform const folding).
13.9. Finished fast OPT passes. (There is nothing left to do.)
14. Executing SETUNDEF pass (replace undef values with defined constants).
abc -script /OpenROAD-flow-scripts/flow/scripts/abc_speed.script -liberty /OpenROAD-flow-scripts/flow/platforms/sky130hd/lib/sky130_fd_sc_hd__tt_025C_1v80.lib -dont_use sky130_fd_sc_hd__probe_p_8 -dont_use sky130_fd_sc_hd__probec_p_8 -dont_use sky130_fd_sc_hd__lpflow_bleeder_1 -dont_use sky130_fd_sc_hd__lpflow_clkbufkapwr_1 -dont_use sky130_fd_sc_hd__lpflow_clkbufkapwr_16 -dont_use sky130_fd_sc_hd__lpflow_clkbufkapwr_2 -dont_use sky130_fd_sc_hd__lpflow_clkbufkapwr_4 -dont_use sky130_fd_sc_hd__lpflow_clkbufkapwr_8 -dont_use sky130_fd_sc_hd__lpflow_clkinvkapwr_1 -dont_use sky130_fd_sc_hd__lpflow_clkinvkapwr_16 -dont_use sky130_fd_sc_hd__lpflow_clkinvkapwr_2 -dont_use sky130_fd_sc_hd__lpflow_clkinvkapwr_4 -dont_use sky130_fd_sc_hd__lpflow_clkinvkapwr_8 -dont_use sky130_fd_sc_hd__lpflow_decapkapwr_12 -dont_use sky130_fd_sc_hd__lpflow_decapkapwr_3 -dont_use sky130_fd_sc_hd__lpflow_decapkapwr_4 -dont_use sky130_fd_sc_hd__lpflow_decapkapwr_6 -dont_use sky130_fd_sc_hd__lpflow_decapkapwr_8 -dont_use sky130_fd_sc_hd__lpflow_inputiso0n_1 -dont_use sky130_fd_sc_hd__lpflow_inputiso0p_1 -dont_use sky130_fd_sc_hd__lpflow_inputiso1n_1 -dont_use sky130_fd_sc_hd__lpflow_inputiso1p_1 -dont_use sky130_fd_sc_hd__lpflow_inputisolatch_1 -dont_use sky130_fd_sc_hd__lpflow_isobufsrc_1 -dont_use sky130_fd_sc_hd__lpflow_isobufsrc_16 -dont_use sky130_fd_sc_hd__lpflow_isobufsrc_2 -dont_use sky130_fd_sc_hd__lpflow_isobufsrc_4 -dont_use sky130_fd_sc_hd__lpflow_isobufsrc_8 -dont_use sky130_fd_sc_hd__lpflow_isobufsrckapwr_16 -dont_use sky130_fd_sc_hd__lpflow_lsbuf_lh_hl_isowell_tap_1 -dont_use sky130_fd_sc_hd__lpflow_lsbuf_lh_hl_isowell_tap_2 -dont_use sky130_fd_sc_hd__lpflow_lsbuf_lh_hl_isowell_tap_4 -dont_use sky130_fd_sc_hd__lpflow_lsbuf_lh_isowell_4 -dont_use sky130_fd_sc_hd__lpflow_lsbuf_lh_isowell_tap_1 -dont_use sky130_fd_sc_hd__lpflow_lsbuf_lh_isowell_tap_2 -dont_use sky130_fd_sc_hd__lpflow_lsbuf_lh_isowell_tap_4 -constr ./objects/sky130hd/d_dsp02_cand_chat_scored/base/abc.constr -D 24000
15. Executing ABC pass (technology mapping using ABC).
15.1. Extracting gate netlist of module `\fp32_fma_ii1' to `<abc-temp-dir>/input.blif'..
15.1.1. Executed ABC.
15.1.2. Re-integrating ABC results.
Took 132 seconds: abc -script /OpenROAD-flow-scripts/flow/scripts/abc_speed.script -liberty /OpenROAD-flow-scripts/flow/platforms/sky130hd/lib/sky130_fd_sc_hd__tt_025C_1v80.lib -dont_use sky130_fd_sc_hd__probe_p_8 -dont_use sky130_fd_sc_hd__probec_p_8 -dont_use sky130_fd_sc_hd__lpflow_bleeder_1 -dont_use sky130_fd_sc_hd__lpflow_clkbufkapwr_1 -dont_use sky130_fd_sc_hd__lpflow_clkbufkapwr_16 -dont_use sky130_fd_sc_hd__lpflow_clkbufkapwr_2 -dont_use sky130_fd_sc_hd__lpflow_clkbufkapwr_4 -dont_use sky130_fd_sc_hd__lpflow_clkbufkapwr_8 -dont_use sky130_fd_sc_hd__lpflow_clkinvkapwr_1 -dont_use sky130_fd_sc_hd__lpflow_clkinvkapwr_16 -dont_use sky130_fd_sc_hd__lpflow_clkinvkapwr_2 -dont_use sky130_fd_sc_hd__lpflow_clkinvkapwr_4 -dont_use sky130_fd_sc_hd__lpflow_clkinvkapwr_8 -dont_use sky130_fd_sc_hd__lpflow_decapkapwr_12 -dont_use sky130_fd_sc_hd__lpflow_decapkapwr_3 -dont_use sky130_fd_sc_hd__lpflow_decapkapwr_4 -dont_use sky130_fd_sc_hd__lpflow_decapkapwr_6 -dont_use sky130_fd_sc_hd__lpflow_decapkapwr_8 -dont_use sky130_fd_sc_hd__lpflow_inputiso0n_1 -dont_use sky130_fd_sc_hd__lpflow_inputiso0p_1 -dont_use sky130_fd_sc_hd__lpflow_inputiso1n_1 -dont_use sky130_fd_sc_hd__lpflow_inputiso1p_1 -dont_use sky130_fd_sc_hd__lpflow_inputisolatch_1 -dont_use sky130_fd_sc_hd__lpflow_isobufsrc_1 -dont_use sky130_fd_sc_hd__lpflow_isobufsrc_16 -dont_use sky130_fd_sc_hd__lpflow_isobufsrc_2 -dont_use sky130_fd_sc_hd__lpflow_isobufsrc_4 -dont_use sky130_fd_sc_hd__lpflow_isobufsrc_8 -dont_use sky130_fd_sc_hd__lpflow_isobufsrckapwr_16 -dont_use sky130_fd_sc_hd__lpflow_lsbuf_lh_hl_isowell_tap_1 -dont_use sky130_fd_sc_hd__lpflow_lsbuf_lh_hl_isowell_tap_2 -dont_use sky130_fd_sc_hd__lpflow_lsbuf_lh_hl_isowell_tap_4 -dont_use sky130_fd_sc_hd__lpflow_lsbuf_lh_isowell_4 -dont_use sky130_fd_sc_hd__lpflow_lsbuf_lh_isowell_tap_1 -dont_use sky130_fd_sc_hd__lpflow_lsbuf_lh_isowell_tap_2 -dont_use sky130_fd_sc_hd__lpflow_lsbuf_lh_isowell_tap_4 -constr ./objects/sky130hd/d_dsp02_cand_chat_scored/base/abc.constr -D 24000
16. Executing SPLITNETS pass (splitting up multi-bit signals).
17. Executing OPT_CLEAN pass (remove unused cells and wires).
18. Executing HILOMAP pass (mapping to constant drivers).
19. Executing INSBUF pass (insert buffer cells for connected wires).
20. Executing CHECK pass (checking for obvious problems).
21. Printing statistics.
22. Executing CHECK pass (checking for obvious problems).
23. Executing Verilog backend.
23.1. Executing BMUXMAP pass.
23.2. Executing DEMUXMAP pass.
End of script. Logfile hash: 09972c42a2, time: 327.02s, user: 198.66s, system: 0.31s, MEM: 460.24 MB peak
Yosys 0.68+post (git sha1 UNKNOWN, Release, GNU /usr/local/bin/wrapped-cc/g++ 11.4.0)
Time spent: 53% 1x extract_fa (177 sec), 40% 1x abc (132 sec), ...
Elapsed time: 5:27.15[h:]min:sec. CPU time: user 330.66 sys 0.39 (101%). Peak memory: 473000KB.
Log                       Ext     Elapsed/s Peak Memory/MB sha1sum result [0:20)
1_2_yosys                 .v            327            461 3428071f1c9ca46694c1
cp /work/domains/dsp/design/d_dsp02_fp32_fma_ii1/orfs/constraint.sdc ./results/sky130hd/d_dsp02_cand_chat_scored/base/1_2_yosys.sdc
OpenROAD 26Q3-1080-gab6fd26351 
Features included (+) or not (-): +GPU +GUI +Python
This program is licensed under the BSD-3 license. See the LICENSE file for details.
Components of this program may be licensed under more restrictive licenses which must be honored.
[INFO ORD-0030] Using 10 thread(s).
mkdir -p ./objects/sky130hd/d_dsp02_cand_chat_scored/base
/OpenROAD-flow-scripts/flow/scripts/flow.sh 1_synth synth_odb
Running synth_odb.tcl, stage 1_synth
read_liberty /OpenROAD-flow-scripts/flow/platforms/sky130hd/lib/sky130_fd_sc_hd__tt_025C_1v80.lib
[INFO ODB-0227] LEF file: /OpenROAD-flow-scripts/flow/platforms/sky130hd/lef/sky130_fd_sc_hd.tlef, created 13 layers, 25 vias
[INFO ODB-0227] LEF file: /OpenROAD-flow-scripts/flow/platforms/sky130hd/lef/sky130_fd_sc_hd_merged.lef, created 441 library cells
link_design fp32_fma_ii1
read_sdc ./results/sky130hd/d_dsp02_cand_chat_scored/base/1_2_yosys.sdc
source /OpenROAD-flow-scripts/flow/platforms/sky130hd/setRC.tcl
eliminate_dead_logic
Removed 0 unused instances and 0 unused nets.
Design area 265188 um^2 100% utilization.
write_db ./results/sky130hd/d_dsp02_cand_chat_scored/base/1_synth.odb
write_sdc -no_timestamp ./results/sky130hd/d_dsp02_cand_chat_scored/base/1_synth.sdc
Elapsed time: 0:01.34[h:]min:sec. CPU time: user 1.18 sys 0.06 (92%). Peak memory: 256576KB.
Log                       Ext     Elapsed/s Peak Memory/MB sha1sum result [0:20)
1_synth                   .odb            1            250 1c49033774571e9fe2e5
1_synth                   .sdc                             5a7b2227498db119bfaf
/OpenROAD-flow-scripts/flow/scripts/flow.sh 2_1_floorplan floorplan
Running floorplan.tcl, stage 2_1_floorplan
read_liberty /OpenROAD-flow-scripts/flow/platforms/sky130hd/lib/sky130_fd_sc_hd__tt_025C_1v80.lib
read_db ./results/sky130hd/d_dsp02_cand_chat_scored/base/1_synth.odb
read_sdc ./results/sky130hd/d_dsp02_cand_chat_scored/base/1_synth.sdc
source /OpenROAD-flow-scripts/flow/platforms/sky130hd/setRC.tcl
Master sky130_ef_sc_hd__decap_12 is loaded but not used in the design

==========================================================================
Floorplan check_setup
--------------------------------------------------------------------------
number instances in verilog is 41093
[INFO IFP-0107] Defining die area using utilization: 10.00% and aspect ratio: 1.
[WARNING IFP-0028] Core area lower left (1.000, 1.000) snapped to (1.380, 2.720).
[INFO IFP-0001] Added 598 rows of 3539 site unithd.
[INFO IFP-0100] Die BBox:  (  0.000  0.000 ) ( 1630.460 1630.460 ) um
[INFO IFP-0101] Core BBox: (  1.380  2.720 ) ( 1629.320 1629.280 ) um
[INFO IFP-0102] Core area:                      2647942.086 um^2
[INFO IFP-0103] Total instances area:            265188.086 um^2
[INFO IFP-0104] Effective utilization:                0.100
[INFO IFP-0105] Number of instances:                  41093
source /OpenROAD-flow-scripts/flow/platforms/sky130hd/make_tracks.tcl
source /OpenROAD-flow-scripts/flow/platforms/sky130hd/fastroute.tcl
Repair tie lo fanout...
Repair tie hi fanout...
repair_timing -setup_margin 0 -hold_margin 0 -repair_tns 100 -match_cell_footprint -setup -skip_last_gasp -sequence unbuffer,sizeup,swap,vt_swap -verbose
[WARNING EST-0027] no estimated parasitics. Using wire load models.
[INFO RSZ-0100] Repair move sequence: UnbufferMove SizeUpMove SwapPinsMove 
[INFO RSZ-0098] No setup violations found
[INFO RSZ-0505] Runtime: 0.10s
Default units for flow
 time 1ns
 capacitance 1pF
 resistance 1kohm
 voltage 1v
 current 1mA
 power 1nW
 distance 1um
   Layer   | Unit Resistance | Unit Capacitance 
           |       (kohm/um) |          (pF/um)
------------------------------------------------
       li1 |        7.18e-02 |         1.50e-04
      met1 |        1.21e-03 |         1.72e-04
      met2 |        1.22e-03 |         1.36e-04
      met3 |        1.66e-04 |         2.15e-04
      met4 |        1.68e-04 |         1.48e-04
      met5 |        1.84e-05 |         1.54e-04
------------------------------------------------

   Layer   | Via Resistance 
           |         (kohm) 
----------------------------
      mcon |       9.25e-03 
       via |       4.50e-03 
      via2 |       3.37e-03 
      via3 |       3.77e-04 
      via4 |       5.80e-06 
----------------------------
Report metrics stage 2, floorplan final...

==========================================================================
floorplan final report_design_area
--------------------------------------------------------------------------
Design area 265188 um^2 10% utilization.
write_db ./results/sky130hd/d_dsp02_cand_chat_scored/base/2_1_floorplan.odb
write_sdc -no_timestamp ./results/sky130hd/d_dsp02_cand_chat_scored/base/2_1_floorplan.sdc
Elapsed time: 0:03.27[h:]min:sec. CPU time: user 3.89 sys 0.29 (128%). Peak memory: 334288KB.
Log                       Ext     Elapsed/s Peak Memory/MB sha1sum result [0:20)
2_1_floorplan             .odb            3            326 21c7629ffe0d7b7a1e3a
2_1_floorplan             .sdc                             5a7b2227498db119bfaf
/OpenROAD-flow-scripts/flow/scripts/flow.sh 2_2_floorplan_macro macro_place
Running macro_place.tcl, stage 2_2_floorplan_macro
read_liberty /OpenROAD-flow-scripts/flow/platforms/sky130hd/lib/sky130_fd_sc_hd__tt_025C_1v80.lib
read_db ./results/sky130hd/d_dsp02_cand_chat_scored/base/2_1_floorplan.odb
read_sdc ./results/sky130hd/d_dsp02_cand_chat_scored/base/2_1_floorplan.sdc
source /OpenROAD-flow-scripts/flow/platforms/sky130hd/setRC.tcl
No macros found: Skipping macro_placement
Design area 265188 um^2 10% utilization.
write_db ./results/sky130hd/d_dsp02_cand_chat_scored/base/2_2_floorplan_macro.odb
Elapsed time: 0:00.88[h:]min:sec. CPU time: user 0.73 sys 0.05 (89%). Peak memory: 213984KB.
Log                       Ext     Elapsed/s Peak Memory/MB sha1sum result [0:20)
2_2_floorplan_macro       .odb            0            208 21c7629ffe0d7b7a1e3a
/OpenROAD-flow-scripts/flow/scripts/flow.sh 2_3_floorplan_tapcell tapcell
Running tapcell.tcl, stage 2_3_floorplan_tapcell
read_liberty /OpenROAD-flow-scripts/flow/platforms/sky130hd/lib/sky130_fd_sc_hd__tt_025C_1v80.lib
read_db ./results/sky130hd/d_dsp02_cand_chat_scored/base/2_2_floorplan_macro.odb
read_sdc ./results/sky130hd/d_dsp02_cand_chat_scored/base/2_1_floorplan.sdc
source /OpenROAD-flow-scripts/flow/platforms/sky130hd/setRC.tcl
[INFO TAP-0005] Inserted 35100 tapcells.
Design area 309105 um^2 12% utilization.
write_db ./results/sky130hd/d_dsp02_cand_chat_scored/base/2_3_floorplan_tapcell.odb
Elapsed time: 0:01.03[h:]min:sec. CPU time: user 0.79 sys 0.09 (85%). Peak memory: 208900KB.
Log                       Ext     Elapsed/s Peak Memory/MB sha1sum result [0:20)
2_3_floorplan_tapcell     .odb            1            204 ff2155d7e3ff64c7ce87
/OpenROAD-flow-scripts/flow/scripts/flow.sh 2_4_floorplan_pdn pdn
Running pdn.tcl, stage 2_4_floorplan_pdn
read_liberty /OpenROAD-flow-scripts/flow/platforms/sky130hd/lib/sky130_fd_sc_hd__tt_025C_1v80.lib
read_db ./results/sky130hd/d_dsp02_cand_chat_scored/base/2_3_floorplan_tapcell.odb
read_sdc ./results/sky130hd/d_dsp02_cand_chat_scored/base/2_1_floorplan.sdc
source /OpenROAD-flow-scripts/flow/platforms/sky130hd/setRC.tcl
[WARNING PDN-1051] No instances found for grid (CORE_macro_grid_1).
[WARNING PDN-1051] No instances found for grid (CORE_macro_grid_2).
[INFO PDN-0001] Inserting grid: grid
[INFO PDN-0500] Runtime: 0.83s
Design area 309105 um^2 12% utilization.
write_db ./results/sky130hd/d_dsp02_cand_chat_scored/base/2_4_floorplan_pdn.odb
Elapsed time: 0:02.60[h:]min:sec. CPU time: user 2.28 sys 0.16 (93%). Peak memory: 352684KB.
Log                       Ext     Elapsed/s Peak Memory/MB sha1sum result [0:20)
2_4_floorplan_pdn         .odb            2            344 5dce93e81f7e3eef5179
cp ./results/sky130hd/d_dsp02_cand_chat_scored/base/2_4_floorplan_pdn.odb ./results/sky130hd/d_dsp02_cand_chat_scored/base/2_floorplan.odb
cp ./results/sky130hd/d_dsp02_cand_chat_scored/base/2_1_floorplan.sdc ./results/sky130hd/d_dsp02_cand_chat_scored/base/2_floorplan.sdc
/OpenROAD-flow-scripts/flow/scripts/flow.sh 3_1_place_gp_skip_io global_place_skip_io
Running global_place_skip_io.tcl, stage 3_1_place_gp_skip_io
read_liberty /OpenROAD-flow-scripts/flow/platforms/sky130hd/lib/sky130_fd_sc_hd__tt_025C_1v80.lib
read_db ./results/sky130hd/d_dsp02_cand_chat_scored/base/2_floorplan.odb
read_sdc ./results/sky130hd/d_dsp02_cand_chat_scored/base/2_floorplan.sdc
source /OpenROAD-flow-scripts/flow/platforms/sky130hd/setRC.tcl
global_placement -skip_io -density 0.5 -pad_left 0 -pad_right 0
[INFO GPL-0001] ---- Initialize GPL Main Data Structures
[INFO GPL-0002] DBU: 1000
[INFO GPL-0003] SiteSize: (  0.460  2.720 ) um
[INFO GPL-0004] CoreBBox: (  1.380  2.720 ) ( 1629.320 1629.280 ) um
[INFO GPL-0016] Core area:                  2647942.086 um^2
[INFO GPL-0036] Movable instances area:     265188.086 um^2
[INFO GPL-0037] Total instances area:       309105.206 um^2
[INFO GPL-0035] Pin density area adjust:     35347.111 um^2
[INFO GPL-0032] ---- Initialize Region: Top-level
[INFO GPL-0006] Number of instances:             76193
[INFO GPL-0007] Movable instances:               41093
[INFO GPL-0008] Fixed instances:                 35100
[INFO GPL-0009] Dummy instances:                     0
[INFO GPL-0010] Number of nets:                  43891
[INFO GPL-0011] Number of pins:                 148861
[INFO GPL-0012] Die BBox:       (  0.000  0.000 ) ( 1630.460 1630.460 ) um
[INFO GPL-0013] Placement BBox: (  1.380  2.720 ) ( 1629.320 1629.280 ) um
[INFO GPL-0014] Region name: top-level.
[INFO GPL-0015] Region area:                2647942.086 um^2
[INFO GPL-0017] Fixed instances area:        43917.120 um^2
[INFO GPL-0018] Movable instances area:     300535.198 um^2
[INFO GPL-0019] Utilization:                    11.541 %
[INFO GPL-0020] Standard cells area:        300535.198 um^2
[INFO GPL-0021] Large instances area:            0.000 um^2
[INFO GPL-0005] ---- Execute Conjugate Gradient Initial Placement.
[INFO GPL-0051] Source of initial instance position counters:
	Odb location = 0	Core center = 41093	Region center = 0
[INFO GPL-0033] ---- Initialize Nesterov Region: Top-level
[INFO GPL-0023] Placement target density:       0.5000
[INFO GPL-0024] Movable insts average area:      7.314 um^2
[INFO GPL-0025] Ideal bin area:                 14.627 um^2
[INFO GPL-0026] Ideal bin count:                181030
[INFO GPL-0027] Total bin area:             2647942.086 um^2
[INFO GPL-0028] Bin count (X, Y):         256 ,    256
[INFO GPL-0029] Bin size (W * H):       6.359 *  6.354 um
[INFO GPL-0030] Number of bins:                  65536
[INFO GPL-0084] ---- Execute Nesterov Global Placement.
[INFO GPL-0031] HPWL: Half-Perimeter Wirelength
Iteration | Overflow |     HPWL (um) |  HPWL(%) |   Penalty | Group
---------------------------------------------------------------
        0 |   0.9994 |  6.699743e+04 |   +0.00% |  3.75e-16 |      
       10 |   0.9992 |  5.246365e+04 |  -21.69% |  6.10e-16 |      
       20 |   0.9992 |  5.193642e+04 |   -1.00% |  9.94e-16 |      
       30 |   0.9992 |  5.146430e+04 |   -0.91% |  1.62e-15 |      
       40 |   0.9992 |  5.105991e+04 |   -0.79% |  2.64e-15 |      
       50 |   0.9992 |  5.077891e+04 |   -0.55% |  4.29e-15 |      
       60 |   0.9992 |  5.064300e+04 |   -0.27% |  7.00e-15 |      
       70 |   0.9992 |  5.063972e+04 |   -0.01% |  1.14e-14 |      
       80 |   0.9991 |  5.076799e+04 |   +0.25% |  1.86e-14 |      
       90 |   0.9990 |  5.112846e+04 |   +0.71% |  3.02e-14 |      
      100 |   0.9990 |  5.202074e+04 |   +1.75% |  4.92e-14 |      
      110 |   0.9985 |  5.413278e+04 |   +4.06% |  8.02e-14 |      
      120 |   0.9983 |  5.843632e+04 |   +7.95% |  1.31e-13 |      
      130 |   0.9978 |  6.574990e+04 |  +12.52% |  2.13e-13 |      
      140 |   0.9971 |  7.775653e+04 |  +18.26% |  3.46e-13 |      
      150 |   0.9961 |  9.729346e+04 |  +25.13% |  5.62e-13 |      
      160 |   0.9947 |  1.273678e+05 |  +30.91% |  9.13e-13 |      
      170 |   0.9910 |  1.768834e+05 |  +38.88% |  1.48e-12 |      
      180 |   0.9859 |  2.472751e+05 |  +39.80% |  2.39e-12 |      
      190 |   0.9791 |  3.217203e+05 |  +30.11% |  3.86e-12 |      
      200 |   0.9728 |  3.966684e+05 |  +23.30% |  6.24e-12 |      
      210 |   0.9641 |  4.905324e+05 |  +23.66% |  1.01e-11 |      
      220 |   0.9502 |  6.063262e+05 |  +23.61% |  1.62e-11 |      
      230 |   0.9292 |  7.290979e+05 |  +20.25% |  2.60e-11 |      
      240 |   0.9038 |  8.343475e+05 |  +14.44% |  4.19e-11 |      
      250 |   0.8746 |  9.479330e+05 |  +13.61% |  6.74e-11 |      
      260 |   0.8385 |  1.108453e+06 |  +16.93% |  1.08e-10 |      
      270 |   0.8072 |  1.227379e+06 |  +10.73% |  1.73e-10 |      
      280 |   0.7698 |  1.329012e+06 |   +8.28% |  2.80e-10 |      
      290 |   0.7232 |  1.482498e+06 |  +11.55% |  4.47e-10 |      
      300 |   0.6833 |  1.558151e+06 |   +5.10% |  7.23e-10 |      
      310 |   0.6344 |  1.669663e+06 |   +7.16% |  1.16e-09 |      
      320 |   0.5846 |  1.778991e+06 |   +6.55% |  1.87e-09 |      
      330 |   0.5395 |  1.856616e+06 |   +4.36% |  3.02e-09 |      
      340 |   0.4941 |  1.924506e+06 |   +3.66% |  4.89e-09 |      
      350 |   0.4379 |  1.992890e+06 |   +3.55% |  7.90e-09 |      
      360 |   0.3802 |  2.063966e+06 |   +3.57% |  1.28e-08 |      
      370 |   0.3300 |  2.113872e+06 |   +2.42% |  2.01e-08 |      
      380 |   0.2944 |  2.140361e+06 |   +1.25% |  2.95e-08 |      
      390 |   0.2566 |  2.167726e+06 |   +1.28% |  4.34e-08 |      
      400 |   0.2226 |  2.184186e+06 |   +0.76% |  6.38e-08 |      
      410 |   0.1934 |  2.199677e+06 |   +0.71% |  9.38e-08 |      
      420 |   0.1682 |  2.210600e+06 |   +0.50% |  1.38e-07 |      
      430 |   0.1442 |  2.219277e+06 |   +0.39% |  2.03e-07 |      
      440 |   0.1237 |  2.224436e+06 |   +0.23% |  2.99e-07 |      
      450 |   0.1058 |  2.228240e+06 |   +0.17% |  4.41e-07 |      
      454 |   0.0991 |  2.229638e+06 |          |  5.35e-07 |      
---------------------------------------------------------------
[INFO GPL-1001] Global placement finished at iteration 454
[INFO GPL-1002] Placed Cell Area            300535.1976
[INFO GPL-1003] Available Free Area         2604024.9664
[INFO GPL-1004] Minimum Feasible Density        0.1200 (cell_area / free_area)
[INFO GPL-1006]   Suggested Target Densities:
[INFO GPL-1007]     - For 90% usage of free space: 0.1282
[INFO GPL-1008]     - For 80% usage of free space: 0.1443
[INFO GPL-1009]     - For 50% usage of free space: 0.2308
[INFO GPL-1014] Final placement area: 300535.20 (+0.00%)
Took 13 seconds: global_placement -skip_io -density 0.5 -pad_left 0 -pad_right 0
Design area 309105 um^2 12% utilization.
write_db ./results/sky130hd/d_dsp02_cand_chat_scored/base/3_1_place_gp_skip_io.odb
Elapsed time: 0:13.67[h:]min:sec. CPU time: user 31.50 sys 0.58 (234%). Peak memory: 352056KB.
Log                       Ext     Elapsed/s Peak Memory/MB sha1sum result [0:20)
3_1_place_gp_skip_io      .odb           13            343 8872552d40de16aa9973
/OpenROAD-flow-scripts/flow/scripts/flow.sh 3_2_place_iop io_placement
Running io_placement.tcl, stage 3_2_place_iop
read_liberty /OpenROAD-flow-scripts/flow/platforms/sky130hd/lib/sky130_fd_sc_hd__tt_025C_1v80.lib
read_db ./results/sky130hd/d_dsp02_cand_chat_scored/base/3_1_place_gp_skip_io.odb
read_sdc ./results/sky130hd/d_dsp02_cand_chat_scored/base/2_floorplan.sdc
source /OpenROAD-flow-scripts/flow/platforms/sky130hd/setRC.tcl
place_pins -hor_layers met3 -ver_layers met2
Found 0 macro blocks.
Using 2 tracks default min distance between IO pins.
[INFO PPL-0001] Number of available slots 5930
[INFO PPL-0002] Number of I/O             141
[INFO PPL-0003] Number of I/O w/sink      141
[INFO PPL-0004] Number of I/O w/o sink    0
[INFO PPL-0005] Slots per section         200
[INFO PPL-0008] Successfully assigned pins to sections.
[INFO PPL-0012] I/O nets HPWL: 62850.73 um.
Design area 309105 um^2 12% utilization.
write_db ./results/sky130hd/d_dsp02_cand_chat_scored/base/3_2_place_iop.odb
Elapsed time: 0:01.14[h:]min:sec. CPU time: user 0.86 sys 0.11 (85%). Peak memory: 264288KB.
Log                       Ext     Elapsed/s Peak Memory/MB sha1sum result [0:20)
3_2_place_iop             .odb            1            258 07895283c39e07b8c512
/OpenROAD-flow-scripts/flow/scripts/flow.sh 3_3_place_gp global_place
Running global_place.tcl, stage 3_3_place_gp
read_liberty /OpenROAD-flow-scripts/flow/platforms/sky130hd/lib/sky130_fd_sc_hd__tt_025C_1v80.lib
read_db ./results/sky130hd/d_dsp02_cand_chat_scored/base/3_2_place_iop.odb
read_sdc ./results/sky130hd/d_dsp02_cand_chat_scored/base/2_floorplan.sdc
source /OpenROAD-flow-scripts/flow/platforms/sky130hd/setRC.tcl
[INFO RSZ-0026] Removed 3245 buffers.
Perform port buffering...
[INFO RSZ-0027] Inserted 102 sky130_fd_sc_hd__clkdlybuf4s50_1 input buffers.
[INFO RSZ-0028] Inserted 38 sky130_fd_sc_hd__clkdlybuf4s50_1 output buffers.
global_placement -density 0.5 -pad_left 0 -pad_right 0 -routability_driven -timing_driven -force_center_initial_place -min_phi_coef 0.95 -max_phi_coef 1.05
[INFO GPL-0001] ---- Initialize GPL Main Data Structures
[INFO GPL-0002] DBU: 1000
[INFO GPL-0003] SiteSize: (  0.460  2.720 ) um
[INFO GPL-0004] CoreBBox: (  1.380  2.720 ) ( 1629.320 1629.280 ) um
[INFO GPL-0016] Core area:                  2647942.086 um^2
[INFO GPL-0036] Movable instances area:     252723.632 um^2
[INFO GPL-0037] Total instances area:       296640.752 um^2
[INFO GPL-0035] Pin density area adjust:     34374.260 um^2
[INFO GPL-0032] ---- Initialize Region: Top-level
[INFO GPL-0006] Number of instances:             73088
[INFO GPL-0007] Movable instances:               37988
[INFO GPL-0008] Fixed instances:                 35100
[INFO GPL-0009] Dummy instances:                     0
[INFO GPL-0010] Number of nets:                  40786
[INFO GPL-0011] Number of pins:                 142792
[INFO GPL-0012] Die BBox:       (  0.000  0.000 ) ( 1630.460 1630.460 ) um
[INFO GPL-0013] Placement BBox: (  1.380  2.720 ) ( 1629.320 1629.280 ) um
[INFO GPL-0014] Region name: top-level.
[INFO GPL-0015] Region area:                2647942.086 um^2
[INFO GPL-0017] Fixed instances area:        43917.120 um^2
[INFO GPL-0018] Movable instances area:     287097.892 um^2
[INFO GPL-0019] Utilization:                    11.025 %
[INFO GPL-0020] Standard cells area:        287097.892 um^2
[INFO GPL-0021] Large instances area:            0.000 um^2
[INFO GPL-0005] ---- Execute Conjugate Gradient Initial Placement.
[INFO GPL-0051] Source of initial instance position counters:
	Odb location = 0	Core center = 37988	Region center = 0
[InitialPlace]  Iter: 1 conjugate gradient residual: 0.00216472 HPWL: 2028675163
[InitialPlace]  Iter: 2 conjugate gradient residual: 0.00508493 HPWL: 401761056
[InitialPlace]  Iter: 3 conjugate gradient residual: 0.00321016 HPWL: 398742494
[InitialPlace]  Iter: 4 conjugate gradient residual: 0.00309337 HPWL: 399431412
[InitialPlace]  Iter: 5 conjugate gradient residual: 0.00439567 HPWL: 398282112
[InitialPlace]  Iter: 6 conjugate gradient residual: 0.00221481 HPWL: 397964805
[InitialPlace]  Iter: 7 conjugate gradient residual: 0.00268234 HPWL: 396511570
[InitialPlace]  Iter: 8 conjugate gradient residual: 0.00220058 HPWL: 395972461
[InitialPlace]  Iter: 9 conjugate gradient residual: 0.00197224 HPWL: 394436533
[InitialPlace]  Iter: 10 conjugate gradient residual: 0.00305742 HPWL: 394530190
[InitialPlace]  Iter: 11 conjugate gradient residual: 0.00510955 HPWL: 391213250
[InitialPlace]  Iter: 12 conjugate gradient residual: 0.00196456 HPWL: 390808801
[InitialPlace]  Iter: 13 conjugate gradient residual: 0.00699093 HPWL: 389478126
[InitialPlace]  Iter: 14 conjugate gradient residual: 0.00247572 HPWL: 379947540
[InitialPlace]  Iter: 15 conjugate gradient residual: 0.01496918 HPWL: 378291370
[InitialPlace]  Iter: 16 conjugate gradient residual: 0.00265680 HPWL: 387131114
[InitialPlace]  Iter: 17 conjugate gradient residual: 0.00472248 HPWL: 385565968
[InitialPlace]  Iter: 18 conjugate gradient residual: 0.00273743 HPWL: 385576932
[InitialPlace]  Iter: 19 conjugate gradient residual: 0.00327951 HPWL: 383870895
[InitialPlace]  Iter: 20 conjugate gradient residual: 0.00299396 HPWL: 383997355
[INFO GPL-0033] ---- Initialize Nesterov Region: Top-level
[INFO GPL-0023] Placement target density:       0.5000
[INFO GPL-0024] Movable insts average area:      7.558 um^2
[INFO GPL-0025] Ideal bin area:                 15.115 um^2
[INFO GPL-0026] Ideal bin count:                175184
[INFO GPL-0027] Total bin area:             2647942.086 um^2
[INFO GPL-0028] Bin count (X, Y):         256 ,    256
[INFO GPL-0029] Bin size (W * H):       6.359 *  6.354 um
[INFO GPL-0030] Number of bins:                  65536
[INFO GPL-0084] ---- Execute Nesterov Global Placement.
[INFO GPL-0031] HPWL: Half-Perimeter Wirelength
Iteration | Overflow |     HPWL (um) |  HPWL(%) |   Penalty | Group
---------------------------------------------------------------
        0 |   0.9930 |  1.585382e+05 |   +0.00% |  1.34e-16 |      
       10 |   0.9770 |  2.054467e+05 |  +29.59% |  2.17e-16 |      
       20 |   0.9673 |  2.309413e+05 |  +12.41% |  3.53e-16 |      
       30 |   0.9632 |  2.546704e+05 |  +10.27% |  5.73e-16 |      
       40 |   0.9617 |  2.721112e+05 |   +6.85% |  9.32e-16 |      
       50 |   0.9611 |  2.819120e+05 |   +3.60% |  1.52e-15 |      
       60 |   0.9606 |  2.871727e+05 |   +1.87% |  2.47e-15 |      
       70 |   0.9599 |  2.904293e+05 |   +1.13% |  4.02e-15 |      
       80 |   0.9592 |  2.928742e+05 |   +0.84% |  6.54e-15 |      
       90 |   0.9588 |  2.939810e+05 |   +0.38% |  1.07e-14 |      
      100 |   0.9582 |  2.943563e+05 |   +0.13% |  1.74e-14 |      
      110 |   0.9569 |  2.945243e+05 |   +0.06% |  2.83e-14 |      
      120 |   0.9568 |  2.945252e+05 |   +0.00% |  4.60e-14 |      
      130 |   0.9579 |  2.945855e+05 |   +0.02% |  7.50e-14 |      
      140 |   0.9581 |  2.951661e+05 |   +0.20% |  1.22e-13 |      
      150 |   0.9579 |  2.970347e+05 |   +0.63% |  1.99e-13 |      
      160 |   0.9574 |  3.014628e+05 |   +1.49% |  3.24e-13 |      
      170 |   0.9567 |  3.099674e+05 |   +2.82% |  5.27e-13 |      
      180 |   0.9557 |  3.250651e+05 |   +4.87% |  8.57e-13 |      
      190 |   0.9532 |  3.519412e+05 |   +8.27% |  1.39e-12 |      
      200 |   0.9484 |  3.934414e+05 |  +11.79% |  2.26e-12 |      
      210 |   0.9412 |  4.452484e+05 |  +13.17% |  3.66e-12 |      
      220 |   0.9313 |  5.036388e+05 |  +13.11% |  5.92e-12 |      
      230 |   0.9194 |  5.696729e+05 |  +13.11% |  9.57e-12 |      
      240 |   0.9037 |  6.473233e+05 |  +13.63% |  1.55e-11 |      
      250 |   0.8847 |  7.250050e+05 |  +12.00% |  2.50e-11 |      
      260 |   0.8623 |  7.913512e+05 |   +9.15% |  4.04e-11 |      
      270 |   0.8331 |  8.448821e+05 |   +6.76% |  6.54e-11 |      
      280 |   0.7942 |  9.515352e+05 |  +12.62% |  1.05e-10 |      
      290 |   0.7580 |  1.067372e+06 |  +12.17% |  1.69e-10 |      
      300 |   0.7206 |  1.100690e+06 |   +3.12% |  2.75e-10 |      
      310 |   0.6713 |  1.187523e+06 |   +7.89% |  4.44e-10 |      
[INFO GPL-0100] Timing-driven iteration 1/2, virtual: false.
[INFO GPL-0101]    Iter: 319, overflow: 0.634, keep resizer changes at: 1, HPWL: 1239421119
Iteration |   Area    | Resized | Buffers | Nets repaired | Remaining
---------------------------------------------------------------------
        0 |     +0.0% |       0 |       0 |             0 |     40786
    final |     +3.9% |     212 |     569 |           217 |         0
---------------------------------------------------------------------
[INFO RSZ-0034] Found 218 slew violations.
[INFO RSZ-0036] Found 66 capacitance violations.
[INFO RSZ-0039] Resized 212 instances.
[INFO RSZ-0038] Inserted 569 buffers in 217 nets.
   Iter   |    Area   | Removed | Inserted |   Pins
          |           | Buffers | Buffers  | Remaining
-------------------------------------------------------
        0 |     +0.0% |       0 |        0 |     40683
     4000 |     -0.2% |      59 |       42 |     36683
     8000 |     -0.2% |      74 |       62 |     32683
    12000 |     -0.6% |     194 |      100 |     28683
    16000 |     -0.8% |     241 |      133 |     24683
    20000 |     -1.4% |     361 |      202 |     20683
    24000 |     -1.4% |     363 |      205 |     16683
    28000 |     -1.4% |     363 |      208 |     12683
    32000 |     -1.4% |     368 |      216 |      8683
    36000 |     -1.7% |     460 |      339 |      4683
    40000 |     -2.0% |     595 |      501 |       683
    final |     -2.1% |     605 |      509 |         0
-------------------------------------------------------
[INFO GPL-0106] Timing-driven: worst slack 6.556651e-09
[INFO GPL-0107] Timing-driven: repair_design delta area: 4883.089 um^2 (+1.70%)
[INFO GPL-0108] Timing-driven: repair_design, gpl delta gcells: 473 (+1.25%)
[INFO GPL-0109] Timing-driven: repair_design, gcells created: 1078, deleted: 605
[INFO GPL-0110] Timing-driven: new target density: 0.5018752
Iteration | Overflow |     HPWL (um) |  HPWL(%) |   Penalty | Group
---------------------------------------------------------------
      320 |   0.6276 |  1.284781e+06 |   +8.19% |  7.16e-10 |      
[INFO GPL-0038] Routability snapshot saved at iter = 330
      329 |   0.5988 |  1.334788e+06 |          |           |      
      330 |   0.5950 |  1.338571e+06 |   +4.19% |  1.15e-09 |      
      340 |   0.5669 |  1.391945e+06 |   +3.99% |  1.87e-09 |      
      350 |   0.5226 |  1.437549e+06 |   +3.28% |  3.03e-09 |      
      360 |   0.4697 |  1.486632e+06 |   +3.41% |  4.91e-09 |      
      370 |   0.4261 |  1.499638e+06 |   +0.87% |  7.97e-09 |      
      380 |   0.3787 |  1.525448e+06 |   +1.72% |  1.29e-08 |      
      390 |   0.3303 |  1.542043e+06 |   +1.09% |  2.04e-08 |      
[INFO GPL-0040] Routability iteration: 1
[INFO GPL-0041] Total routing overflow: 730.9218
[INFO GPL-0042] Number of overflowed tiles: 3828 (6.87%)
[INFO GPL-0043] Average top 0.5% routing congestion: 1.5871
[INFO GPL-0044] Average top 1.0% routing congestion: 1.4942
[INFO GPL-0045] Average top 2.0% routing congestion: 1.3952
[INFO GPL-0046] Average top 5.0% routing congestion: 1.2487
[INFO GPL-0047] Routability iteration weighted routing congestion: 1.5407
[INFO GPL-0048] Routing congestion (1.5407) lower than previous minimum (1e+30). Updating minimum.
[INFO GPL-0086] Inflated area:               70673.805 um^2 (+24.20%)
[INFO GPL-0052] Placement target density:       0.5019
[INFO GPL-0076] Removing fillers, count: Before: 138083, After: 128468 (-6.96%)
[INFO GPL-0077] Filler area (um^2)     : Before: 1014914.602, After: 944239.800 (-6.96%)
[INFO GPL-0078] Removed fillers count: 9615, area removed: 70670.250 um^2. Remaining area to be compensated by modifying density: 3.555 um^2
[INFO GPL-0058] White space area:           2604024.966 um^2 (+0.00%)
[INFO GPL-0059] Movable instances area:     1306895.581 um^2 (+0.00%)
[INFO GPL-0060] Total filler area:          944239.800 um^2 (-6.96%)
[INFO GPL-0061] Total non-inflated area:    1306894.585 um^2 (-0.00%)
[INFO GPL-0062] Total inflated area:        1377568.390 um^2 (-0.00%)
[INFO GPL-0063] New Target Density:             0.5019
[INFO GPL-0087] Routability end iteration: increase inflation and revert back to snapshot.
Iteration | Overflow |     HPWL (um) |  HPWL(%) |   Penalty | Group
---------------------------------------------------------------
      400 |   0.6674 |  1.338571e+06 |  -13.19% |  1.15e-09 |      
      410 |   0.5489 |  1.624087e+06 |  +21.33% |  1.66e-09 |      
      420 |   0.5100 |  1.695014e+06 |   +4.37% |  2.43e-09 |      
      430 |   0.4839 |  1.761199e+06 |   +3.90% |  3.56e-09 |      
      440 |   0.4529 |  1.766075e+06 |   +0.28% |  5.23e-09 |      
      450 |   0.4219 |  1.711156e+06 |   -3.11% |  7.70e-09 |      
      460 |   0.3755 |  1.722883e+06 |   +0.69% |  1.13e-08 |      
      470 |   0.3327 |  1.793387e+06 |   +4.09% |  1.66e-08 |      
      480 |   0.3038 |  1.810807e+06 |   +0.97% |  2.44e-08 |      
[INFO GPL-0040] Routability iteration: 2
[INFO GPL-0041] Total routing overflow: 416.3256
[INFO GPL-0042] Number of overflowed tiles: 3475 (6.24%)
[INFO GPL-0043] Average top 0.5% routing congestion: 1.3359
[INFO GPL-0044] Average top 1.0% routing congestion: 1.2894
[INFO GPL-0045] Average top 2.0% routing congestion: 1.2348
[INFO GPL-0046] Average top 5.0% routing congestion: 1.1456
[INFO GPL-0047] Routability iteration weighted routing congestion: 1.3127
[INFO GPL-0048] Routing congestion (1.3127) lower than previous minimum (1.541). Updating minimum.
[INFO GPL-0086] Inflated area:               33415.547 um^2 (+9.21%)
[INFO GPL-0052] Placement target density:       0.5019
[INFO GPL-0076] Removing fillers, count: Before: 128468, After: 123922 (-3.54%)
[INFO GPL-0077] Filler area (um^2)     : Before: 944239.800, After: 910826.700 (-3.54%)
[INFO GPL-0078] Removed fillers count: 4546, area removed: 33413.100 um^2. Remaining area to be compensated by modifying density: 2.445 um^2
[INFO GPL-0058] White space area:           2604024.966 um^2 (+0.00%)
[INFO GPL-0059] Movable instances area:     1306895.581 um^2 (+0.00%)
[INFO GPL-0060] Total filler area:          910826.700 um^2 (-3.54%)
[INFO GPL-0061] Total non-inflated area:    1306897.031 um^2 (+0.00%)
[INFO GPL-0062] Total inflated area:        1340312.576 um^2 (+0.00%)
[INFO GPL-0063] New Target Density:             0.5019
[INFO GPL-0087] Routability end iteration: increase inflation and revert back to snapshot.
Iteration | Overflow |     HPWL (um) |  HPWL(%) |   Penalty | Group
---------------------------------------------------------------
      490 |   0.5666 |  1.727553e+06 |   -4.60% |  1.47e-09 |      
      500 |   0.5022 |  1.844218e+06 |   +6.75% |  2.13e-09 |      
      510 |   0.4866 |  1.938484e+06 |   +5.11% |  3.12e-09 |      
      520 |   0.4594 |  1.936839e+06 |   -0.08% |  4.58e-09 |      
      530 |   0.4300 |  1.831146e+06 |   -5.46% |  6.75e-09 |      
      540 |   0.3751 |  1.878291e+06 |   +2.57% |  9.90e-09 |      
      550 |   0.3368 |  1.951850e+06 |   +3.92% |  1.45e-08 |      
      560 |   0.3166 |  1.921410e+06 |   -1.56% |  2.13e-08 |      
[INFO GPL-0040] Routability iteration: 3
[INFO GPL-0041] Total routing overflow: 305.3370
[INFO GPL-0042] Number of overflowed tiles: 3267 (5.87%)
[INFO GPL-0043] Average top 0.5% routing congestion: 1.2517
[INFO GPL-0044] Average top 1.0% routing congestion: 1.2155
[INFO GPL-0045] Average top 2.0% routing congestion: 1.1745
[INFO GPL-0046] Average top 5.0% routing congestion: 1.1079
[INFO GPL-0047] Routability iteration weighted routing congestion: 1.2336
[INFO GPL-0048] Routing congestion (1.2336) lower than previous minimum (1.313). Updating minimum.
[INFO GPL-0086] Inflated area:               25396.201 um^2 (+6.41%)
[INFO GPL-0052] Placement target density:       0.5019
[INFO GPL-0076] Removing fillers, count: Before: 123922, After: 120467 (-2.79%)
[INFO GPL-0077] Filler area (um^2)     : Before: 910826.700, After: 885432.450 (-2.79%)
[INFO GPL-0078] Removed fillers count: 3455, area removed: 25394.250 um^2. Remaining area to be compensated by modifying density: 1.951 um^2
[INFO GPL-0058] White space area:           2604024.966 um^2 (+0.00%)
[INFO GPL-0059] Movable instances area:     1306895.581 um^2 (+0.00%)
[INFO GPL-0060] Total filler area:          885432.450 um^2 (-2.79%)
[INFO GPL-0061] Total non-inflated area:    1306898.982 um^2 (+0.00%)
[INFO GPL-0062] Total inflated area:        1332295.183 um^2 (+0.00%)
[INFO GPL-0063] New Target Density:             0.5019
[INFO GPL-0087] Routability end iteration: increase inflation and revert back to snapshot.
Iteration | Overflow |     HPWL (um) |  HPWL(%) |   Penalty | Group
---------------------------------------------------------------
      570 |   0.6307 |  1.671527e+06 |  -13.01% |  1.33e-09 |      
      580 |   0.4887 |  1.969168e+06 |  +17.81% |  1.87e-09 |      
      590 |   0.4796 |  2.075842e+06 |   +5.42% |  2.73e-09 |      
      600 |   0.4583 |  2.086710e+06 |   +0.52% |  4.00e-09 |      
      610 |   0.4369 |  1.944214e+06 |   -6.83% |  5.90e-09 |      
      620 |   0.3813 |  2.022896e+06 |   +4.05% |  8.63e-09 |      
      630 |   0.3451 |  2.069164e+06 |   +2.29% |  1.26e-08 |      
      640 |   0.3222 |  2.010482e+06 |   -2.84% |  1.86e-08 |      
[INFO GPL-0040] Routability iteration: 4
[INFO GPL-0041] Total routing overflow: 249.7439
[INFO GPL-0042] Number of overflowed tiles: 2929 (5.26%)
[INFO GPL-0043] Average top 0.5% routing congestion: 1.2378
[INFO GPL-0044] Average top 1.0% routing congestion: 1.1990
[INFO GPL-0045] Average top 2.0% routing congestion: 1.1571
[INFO GPL-0046] Average top 5.0% routing congestion: 1.0895
[INFO GPL-0047] Routability iteration weighted routing congestion: 1.2184
[INFO GPL-0048] Routing congestion (1.2184) lower than previous minimum (1.234). Updating minimum.
[INFO GPL-0086] Inflated area:               20457.934 um^2 (+4.85%)
[INFO GPL-0052] Placement target density:       0.5019
[INFO GPL-0076] Removing fillers, count: Before: 120467, After: 117684 (-2.31%)
[INFO GPL-0077] Filler area (um^2)     : Before: 885432.450, After: 864977.400 (-2.31%)
[INFO GPL-0078] Removed fillers count: 2783, area removed: 20455.050 um^2. Remaining area to be compensated by modifying density: 2.884 um^2
[INFO GPL-0058] White space area:           2604024.966 um^2 (+0.00%)
[INFO GPL-0059] Movable instances area:     1306895.581 um^2 (+0.00%)
[INFO GPL-0060] Total filler area:          864977.400 um^2 (-2.31%)
[INFO GPL-0061] Total non-inflated area:    1306901.866 um^2 (+0.00%)
[INFO GPL-0062] Total inflated area:        1327359.800 um^2 (+0.00%)
[INFO GPL-0063] New Target Density:             0.5019
[INFO GPL-0087] Routability end iteration: increase inflation and revert back to snapshot.
Iteration | Overflow |     HPWL (um) |  HPWL(%) |   Penalty | Group
---------------------------------------------------------------
      650 |   0.6985 |  1.411169e+06 |  -29.81% |  1.24e-09 |      
      660 |   0.4800 |  2.143685e+06 |  +51.91% |  1.70e-09 |      
      670 |   0.4757 |  2.202055e+06 |   +2.72% |  2.49e-09 |      
      680 |   0.4481 |  2.227468e+06 |   +1.15% |  3.66e-09 |      
      690 |   0.4399 |  2.040847e+06 |   -8.38% |  5.39e-09 |      
      700 |   0.3828 |  2.159590e+06 |   +5.82% |  7.86e-09 |      
      710 |   0.3492 |  2.168199e+06 |   +0.40% |  1.15e-08 |      
      720 |   0.3261 |  2.088643e+06 |   -3.67% |  1.70e-08 |      
[INFO GPL-0040] Routability iteration: 5
[INFO GPL-0041] Total routing overflow: 201.2878
[INFO GPL-0042] Number of overflowed tiles: 2619 (4.70%)
[INFO GPL-0043] Average top 0.5% routing congestion: 1.2079
[INFO GPL-0044] Average top 1.0% routing congestion: 1.1742
[INFO GPL-0045] Average top 2.0% routing congestion: 1.1351
[INFO GPL-0046] Average top 5.0% routing congestion: 1.0721
[INFO GPL-0047] Routability iteration weighted routing congestion: 1.1911
[INFO GPL-0048] Routing congestion (1.1911) lower than previous minimum (1.218). Updating minimum.
[INFO GPL-0086] Inflated area:               16418.451 um^2 (+3.72%)
[INFO GPL-0052] Placement target density:       0.5019
[INFO GPL-0076] Removing fillers, count: Before: 117684, After: 115451 (-1.90%)
[INFO GPL-0077] Filler area (um^2)     : Before: 864977.400, After: 848564.850 (-1.90%)
[INFO GPL-0078] Removed fillers count: 2233, area removed: 16412.550 um^2. Remaining area to be compensated by modifying density: 5.902 um^2
[INFO GPL-0058] White space area:           2604024.966 um^2 (+0.00%)
[INFO GPL-0059] Movable instances area:     1306895.581 um^2 (+0.00%)
[INFO GPL-0060] Total filler area:          848564.850 um^2 (-1.90%)
[INFO GPL-0061] Total non-inflated area:    1306907.768 um^2 (+0.00%)
[INFO GPL-0062] Total inflated area:        1323326.219 um^2 (+0.00%)
[INFO GPL-0063] New Target Density:             0.5019
[INFO GPL-0087] Routability end iteration: increase inflation and revert back to snapshot.
Iteration | Overflow |     HPWL (um) |  HPWL(%) |   Penalty | Group
---------------------------------------------------------------
      730 |   0.7040 |  1.427343e+06 |  -31.66% |  1.24e-09 |      
      740 |   0.4722 |  2.380186e+06 |  +66.76% |  1.67e-09 |      
      750 |   0.4732 |  2.322013e+06 |   -2.44% |  2.45e-09 |      
      760 |   0.4441 |  2.356891e+06 |   +1.50% |  3.59e-09 |      
      770 |   0.4307 |  2.152423e+06 |   -8.68% |  5.29e-09 |      
      780 |   0.3791 |  2.295863e+06 |   +6.66% |  7.69e-09 |      
      790 |   0.3572 |  2.228567e+06 |   -2.93% |  1.13e-08 |      
      800 |   0.3252 |  2.152622e+06 |   -3.41% |  1.67e-08 |      
[INFO GPL-0040] Routability iteration: 6
[INFO GPL-0041] Total routing overflow: 175.3910
[INFO GPL-0042] Number of overflowed tiles: 2475 (4.44%)
[INFO GPL-0043] Average top 0.5% routing congestion: 1.1878
[INFO GPL-0044] Average top 1.0% routing congestion: 1.1562
[INFO GPL-0045] Average top 2.0% routing congestion: 1.1201
[INFO GPL-0046] Average top 5.0% routing congestion: 1.0623
[INFO GPL-0047] Routability iteration weighted routing congestion: 1.1720
[INFO GPL-0048] Routing congestion (1.1720) lower than previous minimum (1.191). Updating minimum.
[INFO GPL-0086] Inflated area:               14861.483 um^2 (+3.24%)
[INFO GPL-0052] Placement target density:       0.5019
[INFO GPL-0076] Removing fillers, count: Before: 115451, After: 113430 (-1.75%)
[INFO GPL-0077] Filler area (um^2)     : Before: 848564.850, After: 833710.500 (-1.75%)
[INFO GPL-0078] Removed fillers count: 2021, area removed: 14854.350 um^2. Remaining area to be compensated by modifying density: 7.134 um^2
[INFO GPL-0058] White space area:           2604024.966 um^2 (+0.00%)
[INFO GPL-0059] Movable instances area:     1306895.581 um^2 (+0.00%)
[INFO GPL-0060] Total filler area:          833710.500 um^2 (-1.75%)
[INFO GPL-0061] Total non-inflated area:    1306914.901 um^2 (+0.00%)
[INFO GPL-0062] Total inflated area:        1321776.385 um^2 (+0.00%)
[INFO GPL-0063] New Target Density:             0.5019
[INFO GPL-0087] Routability end iteration: increase inflation and revert back to snapshot.
Iteration | Overflow |     HPWL (um) |  HPWL(%) |   Penalty | Group
---------------------------------------------------------------
      810 |   0.6571 |  1.710792e+06 |  -20.53% |  1.28e-09 |      
      820 |   0.4569 |  2.659087e+06 |  +55.43% |  1.67e-09 |      
      830 |   0.4624 |  2.494110e+06 |   -6.20% |  2.45e-09 |      
      840 |   0.4373 |  2.507946e+06 |   +0.55% |  3.57e-09 |      
      850 |   0.4095 |  2.372432e+06 |   -5.40% |  5.24e-09 |      
      860 |   0.3686 |  2.452504e+06 |   +3.38% |  7.62e-09 |      
      870 |   0.3509 |  2.287866e+06 |   -6.71% |  1.12e-08 |      
      880 |   0.3153 |  2.247144e+06 |   -1.78% |  1.65e-08 |      
[INFO GPL-0040] Routability iteration: 7
[INFO GPL-0041] Total routing overflow: 154.0176
[INFO GPL-0042] Number of overflowed tiles: 2161 (3.88%)
[INFO GPL-0043] Average top 0.5% routing congestion: 1.1906
[INFO GPL-0044] Average top 1.0% routing congestion: 1.1540
[INFO GPL-0045] Average top 2.0% routing congestion: 1.1145
[INFO GPL-0046] Average top 5.0% routing congestion: 1.0524
[INFO GPL-0047] Routability iteration weighted routing congestion: 1.1723
[INFO GPL-0049] Routing congestion (1.1723) higher than minimum (1.1720). Consecutive non-improvement count: 1.
[INFO GPL-0086] Inflated area:               12728.630 um^2 (+2.69%)
[INFO GPL-0052] Placement target density:       0.5019
[INFO GPL-0076] Removing fillers, count: Before: 113430, After: 111699 (-1.53%)
[INFO GPL-0077] Filler area (um^2)     : Before: 833710.500, After: 820987.650 (-1.53%)
[INFO GPL-0078] Removed fillers count: 1731, area removed: 12722.850 um^2. Remaining area to be compensated by modifying density: 5.780 um^2
[INFO GPL-0058] White space area:           2604024.966 um^2 (+0.00%)
[INFO GPL-0059] Movable instances area:     1306895.581 um^2 (+0.00%)
[INFO GPL-0060] Total filler area:          820987.650 um^2 (-1.53%)
[INFO GPL-0061] Total non-inflated area:    1306920.681 um^2 (+0.00%)
[INFO GPL-0062] Total inflated area:        1319649.311 um^2 (+0.00%)
[INFO GPL-0063] New Target Density:             0.5019
[INFO GPL-0087] Routability end iteration: increase inflation and revert back to snapshot.
Iteration | Overflow |     HPWL (um) |  HPWL(%) |   Penalty | Group
---------------------------------------------------------------
      890 |   0.6507 |  1.783164e+06 |  -20.65% |  1.28e-09 |      
      900 |   0.4362 |  2.882697e+06 |  +61.66% |  1.60e-09 |      
      910 |   0.4516 |  2.686688e+06 |   -6.80% |  2.34e-09 |      
      920 |   0.4376 |  2.709311e+06 |   +0.84% |  3.34e-09 |      
      930 |   0.4041 |  2.648755e+06 |   -2.24% |  4.85e-09 |      
      940 |   0.3628 |  2.599076e+06 |   -1.88% |  7.07e-09 |      
      950 |   0.3512 |  2.377490e+06 |   -8.53% |  1.04e-08 |      
      960 |   0.3158 |  2.332929e+06 |   -1.87% |  1.53e-08 |      
[INFO GPL-0040] Routability iteration: 8
[INFO GPL-0041] Total routing overflow: 146.1730
[INFO GPL-0042] Number of overflowed tiles: 2103 (3.78%)
[INFO GPL-0043] Average top 0.5% routing congestion: 1.1844
[INFO GPL-0044] Average top 1.0% routing congestion: 1.1497
[INFO GPL-0045] Average top 2.0% routing congestion: 1.1102
[INFO GPL-0046] Average top 5.0% routing congestion: 1.0490
[INFO GPL-0047] Routability iteration weighted routing congestion: 1.1670
[INFO GPL-0048] Routing congestion (1.1670) lower than previous minimum (1.172). Updating minimum.
[INFO GPL-0086] Inflated area:               12870.544 um^2 (+2.65%)
[INFO GPL-0052] Placement target density:       0.5019
[INFO GPL-0076] Removing fillers, count: Before: 111699, After: 109948 (-1.57%)
[INFO GPL-0077] Filler area (um^2)     : Before: 820987.650, After: 808117.800 (-1.57%)
[INFO GPL-0078] Removed fillers count: 1751, area removed: 12869.850 um^2. Remaining area to be compensated by modifying density: 0.694 um^2
[INFO GPL-0058] White space area:           2604024.966 um^2 (+0.00%)
[INFO GPL-0059] Movable instances area:     1306895.581 um^2 (+0.00%)
[INFO GPL-0060] Total filler area:          808117.800 um^2 (-1.57%)
[INFO GPL-0061] Total non-inflated area:    1306921.375 um^2 (+0.00%)
[INFO GPL-0062] Total inflated area:        1319791.919 um^2 (+0.00%)
[INFO GPL-0063] New Target Density:             0.5019
[INFO GPL-0087] Routability end iteration: increase inflation and revert back to snapshot.
Iteration | Overflow |     HPWL (um) |  HPWL(%) |   Penalty | Group
---------------------------------------------------------------
      970 |   0.7143 |  1.480953e+06 |  -36.52% |  1.24e-09 |      
      980 |   0.3992 |  3.265927e+06 | +120.53% |  1.47e-09 |      
      990 |   0.4434 |  2.853073e+06 |  -12.64% |  2.15e-09 |      
     1000 |   0.4290 |  2.974702e+06 |   +4.26% |  2.99e-09 |      
     1010 |   0.4010 |  2.886544e+06 |   -2.96% |  4.31e-09 |      
     1020 |   0.3718 |  2.727525e+06 |   -5.51% |  6.30e-09 |      
     1030 |   0.3593 |  2.464047e+06 |   -9.66% |  9.28e-09 |      
     1040 |   0.3224 |  2.418410e+06 |   -1.85% |  1.37e-08 |      
     1050 |   0.2995 |  2.333086e+06 |   -3.53% |  2.01e-08 |      
[INFO GPL-0040] Routability iteration: 9
[INFO GPL-0041] Total routing overflow: 168.2825
[INFO GPL-0042] Number of overflowed tiles: 2146 (3.85%)
[INFO GPL-0043] Average top 0.5% routing congestion: 1.2178
[INFO GPL-0044] Average top 1.0% routing congestion: 1.1728
[INFO GPL-0045] Average top 2.0% routing congestion: 1.1263
[INFO GPL-0046] Average top 5.0% routing congestion: 1.0575
[INFO GPL-0047] Routability iteration weighted routing congestion: 1.1953
[INFO GPL-0049] Routing congestion (1.1953) higher than minimum (1.1670). Consecutive non-improvement count: 1.
[INFO GPL-0086] Inflated area:               15724.689 um^2 (+3.15%)
[INFO GPL-0052] Placement target density:       0.5019
[INFO GPL-0076] Removing fillers, count: Before: 109948, After: 107809 (-1.95%)
[INFO GPL-0077] Filler area (um^2)     : Before: 808117.800, After: 792396.150 (-1.95%)
[INFO GPL-0078] Removed fillers count: 2139, area removed: 15721.650 um^2. Remaining area to be compensated by modifying density: 3.040 um^2
[INFO GPL-0058] White space area:           2604024.966 um^2 (+0.00%)
[INFO GPL-0059] Movable instances area:     1306895.581 um^2 (+0.00%)
[INFO GPL-0060] Total filler area:          792396.150 um^2 (-1.95%)
[INFO GPL-0061] Total non-inflated area:    1306924.415 um^2 (+0.00%)
[INFO GPL-0062] Total inflated area:        1322649.105 um^2 (+0.00%)
[INFO GPL-0063] New Target Density:             0.5019
[INFO GPL-0087] Routability end iteration: increase inflation and revert back to snapshot.
Iteration | Overflow |     HPWL (um) |  HPWL(%) |   Penalty | Group
---------------------------------------------------------------
     1060 |   0.3533 |  4.273186e+06 |  +83.16% |  1.22e-09 |      
     1070 |   0.4545 |  2.902125e+06 |  -32.09% |  1.80e-09 |      
     1080 |   0.3886 |  3.563002e+06 |  +22.77% |  2.46e-09 |      
     1090 |   0.4230 |  2.904190e+06 |  -18.49% |  3.60e-09 |      
     1100 |   0.3677 |  2.920173e+06 |   +0.55% |  5.20e-09 |      
     1110 |   0.3669 |  2.594493e+06 |  -11.15% |  7.66e-09 |      
     1120 |   0.3396 |  2.502868e+06 |   -3.53% |  1.13e-08 |      
     1130 |   0.3109 |  2.420862e+06 |   -3.28% |  1.66e-08 |      
[INFO GPL-0040] Routability iteration: 10
[INFO GPL-0041] Total routing overflow: 132.0029
[INFO GPL-0042] Number of overflowed tiles: 1862 (3.34%)
[INFO GPL-0043] Average top 0.5% routing congestion: 1.1845
[INFO GPL-0044] Average top 1.0% routing congestion: 1.1464
[INFO GPL-0045] Average top 2.0% routing congestion: 1.1051
[INFO GPL-0046] Average top 5.0% routing congestion: 1.0409
[INFO GPL-0047] Routability iteration weighted routing congestion: 1.1655
[INFO GPL-0048] Routing congestion (1.1655) lower than previous minimum (1.167). Updating minimum.
[INFO GPL-0086] Inflated area:               11651.092 um^2 (+2.26%)
[INFO GPL-0052] Placement target density:       0.5019
[INFO GPL-0076] Removing fillers, count: Before: 107809, After: 106224 (-1.47%)
[INFO GPL-0077] Filler area (um^2)     : Before: 792396.150, After: 780746.400 (-1.47%)
[INFO GPL-0078] Removed fillers count: 1585, area removed: 11649.750 um^2. Remaining area to be compensated by modifying density: 1.342 um^2
[INFO GPL-0058] White space area:           2604024.966 um^2 (+0.00%)
[INFO GPL-0059] Movable instances area:     1306895.581 um^2 (+0.00%)
[INFO GPL-0060] Total filler area:          780746.400 um^2 (-1.47%)
[INFO GPL-0061] Total non-inflated area:    1306925.757 um^2 (+0.00%)
[INFO GPL-0062] Total inflated area:        1318576.849 um^2 (+0.00%)
[INFO GPL-0063] New Target Density:             0.5019
[INFO GPL-0087] Routability end iteration: increase inflation and revert back to snapshot.
Iteration | Overflow |     HPWL (um) |  HPWL(%) |   Penalty | Group
---------------------------------------------------------------
     1140 |   0.5195 |  2.925450e+06 |  +20.84% |  1.26e-09 |      
     1150 |   0.3818 |  3.414128e+06 |  +16.70% |  1.44e-09 |      
     1160 |   0.3851 |  3.751830e+06 |   +9.89% |  2.04e-09 |      
     1170 |   0.4417 |  2.901378e+06 |  -22.67% |  2.94e-09 |      
     1180 |   0.3828 |  3.145818e+06 |   +8.42% |  4.22e-09 |      
     1190 |   0.3669 |  2.799945e+06 |  -10.99% |  6.22e-09 |      
     1200 |   0.3515 |  2.599296e+06 |   -7.17% |  9.16e-09 |      
     1210 |   0.3225 |  2.523475e+06 |   -2.92% |  1.35e-08 |      
     1220 |   0.2969 |  2.428034e+06 |   -3.78% |  1.99e-08 |      
[INFO GPL-0040] Routability iteration: 11
[INFO GPL-0041] Total routing overflow: 115.7353
[INFO GPL-0042] Number of overflowed tiles: 1747 (3.14%)
[INFO GPL-0043] Average top 0.5% routing congestion: 1.1697
[INFO GPL-0044] Average top 1.0% routing congestion: 1.1337
[INFO GPL-0045] Average top 2.0% routing congestion: 1.0946
[INFO GPL-0046] Average top 5.0% routing congestion: 1.0330
[INFO GPL-0047] Routability iteration weighted routing congestion: 1.1517
[INFO GPL-0048] Routing congestion (1.1517) lower than previous minimum (1.165). Updating minimum.
[INFO GPL-0086] Inflated area:               10163.457 um^2 (+1.93%)
[INFO GPL-0052] Placement target density:       0.5019
[INFO GPL-0076] Removing fillers, count: Before: 106224, After: 104842 (-1.30%)
[INFO GPL-0077] Filler area (um^2)     : Before: 780746.400, After: 770588.700 (-1.30%)
[INFO GPL-0078] Removed fillers count: 1382, area removed: 10157.700 um^2. Remaining area to be compensated by modifying density: 5.757 um^2
[INFO GPL-0058] White space area:           2604024.966 um^2 (+0.00%)
[INFO GPL-0059] Movable instances area:     1306895.581 um^2 (+0.00%)
[INFO GPL-0060] Total filler area:          770588.700 um^2 (-1.30%)
[INFO GPL-0061] Total non-inflated area:    1306931.514 um^2 (+0.00%)
[INFO GPL-0062] Total inflated area:        1317094.971 um^2 (+0.00%)
[INFO GPL-0063] New Target Density:             0.5019
[INFO GPL-0087] Routability end iteration: increase inflation and revert back to snapshot.
Iteration | Overflow |     HPWL (um) |  HPWL(%) |   Penalty | Group
---------------------------------------------------------------
     1230 |   0.3120 |  4.977031e+06 | +104.98% |  1.15e-09 |      
     1240 |   0.4224 |  3.300714e+06 |  -33.68% |  1.69e-09 |      
     1250 |   0.3846 |  3.711883e+06 |  +12.46% |  2.35e-09 |      
     1260 |   0.4074 |  3.167865e+06 |  -14.66% |  3.42e-09 |      
     1270 |   0.3746 |  3.010107e+06 |   -4.98% |  4.96e-09 |      
     1280 |   0.3652 |  2.684015e+06 |  -10.83% |  7.31e-09 |      
     1290 |   0.3370 |  2.606584e+06 |   -2.88% |  1.08e-08 |      
     1300 |   0.3126 |  2.505938e+06 |   -3.86% |  1.59e-08 |      
[INFO GPL-0040] Routability iteration: 12
[INFO GPL-0041] Total routing overflow: 104.5963
[INFO GPL-0042] Number of overflowed tiles: 1591 (2.86%)
[INFO GPL-0043] Average top 0.5% routing congestion: 1.1626
[INFO GPL-0044] Average top 1.0% routing congestion: 1.1279
[INFO GPL-0045] Average top 2.0% routing congestion: 1.0884
[INFO GPL-0046] Average top 5.0% routing congestion: 1.0267
[INFO GPL-0047] Routability iteration weighted routing congestion: 1.1453
[INFO GPL-0048] Routing congestion (1.1453) lower than previous minimum (1.152). Updating minimum.
[INFO GPL-0086] Inflated area:                8921.572 um^2 (+1.66%)
[INFO GPL-0052] Placement target density:       0.5019
[INFO GPL-0076] Removing fillers, count: Before: 104842, After: 103629 (-1.16%)
[INFO GPL-0077] Filler area (um^2)     : Before: 770588.700, After: 761673.150 (-1.16%)
[INFO GPL-0078] Removed fillers count: 1213, area removed: 8915.550 um^2. Remaining area to be compensated by modifying density: 6.022 um^2
[INFO GPL-0058] White space area:           2604024.966 um^2 (+0.00%)
[INFO GPL-0059] Movable instances area:     1306895.581 um^2 (+0.00%)
[INFO GPL-0060] Total filler area:          761673.150 um^2 (-1.16%)
[INFO GPL-0061] Total non-inflated area:    1306937.537 um^2 (+0.00%)
[INFO GPL-0062] Total inflated area:        1315859.109 um^2 (+0.00%)
[INFO GPL-0063] New Target Density:             0.5019
[INFO GPL-0087] Routability end iteration: increase inflation and revert back to snapshot.
Iteration | Overflow |     HPWL (um) |  HPWL(%) |   Penalty | Group
---------------------------------------------------------------
     1310 |   0.5900 |  2.303210e+06 |   -8.09% |  1.27e-09 |      
[INFO GPL-0040] Routability iteration: 13
[INFO GPL-0041] Total routing overflow: 8799.2056
[INFO GPL-0042] Number of overflowed tiles: 15580 (27.97%)
[INFO GPL-0043] Average top 0.5% routing congestion: 3.2270
[INFO GPL-0044] Average top 1.0% routing congestion: 3.0168
[INFO GPL-0045] Average top 2.0% routing congestion: 2.7891
[INFO GPL-0046] Average top 5.0% routing congestion: 2.4074
[INFO GPL-0047] Routability iteration weighted routing congestion: 3.1219
[INFO GPL-0049] Routing congestion (3.1219) higher than minimum (1.1453). Consecutive non-improvement count: 1.
[INFO GPL-0086] Inflated area:              583840.375 um^2 (+107.07%)
[INFO GPL-0052] Placement target density:       0.5019
[INFO GPL-0076] Removing fillers, count: Before: 103629, After: 24195 (-76.65%)
[INFO GPL-0077] Filler area (um^2)     : Before: 761673.150, After: 177833.250 (-76.65%)
[INFO GPL-0078] Removed fillers count: 79434, area removed: 583839.900 um^2. Remaining area to be compensated by modifying density: 0.504 um^2
[INFO GPL-0058] White space area:           2604024.966 um^2 (+0.00%)
[INFO GPL-0059] Movable instances area:     1306895.581 um^2 (+0.00%)
[INFO GPL-0060] Total filler area:          177833.250 um^2 (-76.65%)
[INFO GPL-0061] Total non-inflated area:    1306938.041 um^2 (+0.00%)
[INFO GPL-0062] Total inflated area:        1890778.445 um^2 (+0.00%)
[INFO GPL-0063] New Target Density:             0.5019
[INFO GPL-0087] Routability end iteration: increase inflation and revert back to snapshot.
Iteration | Overflow |     HPWL (um) |  HPWL(%) |   Penalty | Group
---------------------------------------------------------------
     1320 |   0.3476 |  1.523629e+07 | +561.52% |  1.06e-09 |      
     1330 |   0.3405 |  8.406016e+06 |  -44.83% |  1.43e-09 |      
     1340 |   0.3388 |  6.615683e+06 |  -21.30% |  2.11e-09 |      
     1350 |   0.3571 |  5.198482e+06 |  -21.42% |  3.10e-09 |      
     1360 |   0.3650 |  4.500990e+06 |  -13.42% |  4.57e-09 |      
     1370 |   0.3543 |  4.115645e+06 |   -8.56% |  6.73e-09 |      
     1380 |   0.3378 |  3.915848e+06 |   -4.85% |  9.92e-09 |      
     1390 |   0.3162 |  3.767230e+06 |   -3.80% |  1.46e-08 |      
[INFO GPL-0040] Routability iteration: 14
[INFO GPL-0041] Total routing overflow: 28.8506
[INFO GPL-0042] Number of overflowed tiles: 414 (0.74%)
[INFO GPL-0043] Average top 0.5% routing congestion: 1.0978
[INFO GPL-0044] Average top 1.0% routing congestion: 1.0490
[INFO GPL-0045] Average top 2.0% routing congestion: 1.0021
[INFO GPL-0046] Average top 5.0% routing congestion: 0.9396
[INFO GPL-0047] Routability iteration weighted routing congestion: 1.0734
[INFO GPL-0048] Routing congestion (1.0734) lower than previous minimum (1.145). Updating minimum.
[INFO GPL-0086] Inflated area:                2478.706 um^2 (+0.22%)
[INFO GPL-0052] Placement target density:       0.5019
[INFO GPL-0076] Removing fillers, count: Before: 24195, After: 23858 (-1.39%)
[INFO GPL-0077] Filler area (um^2)     : Before: 177833.250, After: 175356.300 (-1.39%)
[INFO GPL-0078] Removed fillers count: 337, area removed: 2476.950 um^2. Remaining area to be compensated by modifying density: 1.756 um^2
[INFO GPL-0058] White space area:           2604024.966 um^2 (+0.00%)
[INFO GPL-0059] Movable instances area:     1306895.581 um^2 (+0.00%)
[INFO GPL-0060] Total filler area:          175356.300 um^2 (-1.39%)
[INFO GPL-0061] Total non-inflated area:    1306939.796 um^2 (+0.00%)
[INFO GPL-0062] Total inflated area:        1309418.502 um^2 (+0.00%)
[INFO GPL-0063] New Target Density:             0.5019
[INFO GPL-0087] Routability end iteration: increase inflation and revert back to snapshot.
Iteration | Overflow |     HPWL (um) |  HPWL(%) |   Penalty | Group
---------------------------------------------------------------
     1400 |   0.8700 |  1.415691e+06 |  -62.42% |  1.20e-09 |      
     1410 |   0.3072 |  8.958064e+06 | +532.77% |  1.22e-09 |      
     1420 |   0.3489 |  7.092514e+06 |  -20.83% |  1.80e-09 |      
     1430 |   0.3508 |  5.681325e+06 |  -19.90% |  2.66e-09 |      
     1440 |   0.3585 |  4.716845e+06 |  -16.98% |  3.91e-09 |      
     1450 |   0.3626 |  4.233925e+06 |  -10.24% |  5.77e-09 |      
     1460 |   0.3470 |  3.979911e+06 |   -6.00% |  8.49e-09 |      
     1470 |   0.3280 |  3.805626e+06 |   -4.38% |  1.25e-08 |      
     1480 |   0.3045 |  3.706267e+06 |   -2.61% |  1.84e-08 |      
[INFO GPL-0040] Routability iteration: 15
[INFO GPL-0041] Total routing overflow: 12.0401
[INFO GPL-0042] Number of overflowed tiles: 272 (0.49%)
[INFO GPL-0043] Average top 0.5% routing congestion: 1.0431
[INFO GPL-0044] Average top 1.0% routing congestion: 1.0123
[INFO GPL-0045] Average top 2.0% routing congestion: 0.9782
[INFO GPL-0046] Average top 5.0% routing congestion: 0.9267
[INFO GPL-0047] Routability iteration weighted routing congestion: 1.0277
[INFO GPL-0048] Routing congestion (1.0277) lower than previous minimum (1.073). Updating minimum.
[INFO GPL-0086] Inflated area:                 996.136 um^2 (+0.09%)
[INFO GPL-0052] Placement target density:       0.5019
[INFO GPL-0076] Removing fillers, count: Before: 23858, After: 23723 (-0.57%)
[INFO GPL-0077] Filler area (um^2)     : Before: 175356.300, After: 174364.050 (-0.57%)
[INFO GPL-0078] Removed fillers count: 135, area removed: 992.250 um^2. Remaining area to be compensated by modifying density: 3.886 um^2
[INFO GPL-0058] White space area:           2604024.966 um^2 (+0.00%)
[INFO GPL-0059] Movable instances area:     1306895.581 um^2 (+0.00%)
[INFO GPL-0060] Total filler area:          174364.050 um^2 (-0.57%)
[INFO GPL-0061] Total non-inflated area:    1306943.682 um^2 (+0.00%)
[INFO GPL-0062] Total inflated area:        1307939.818 um^2 (+0.00%)
[INFO GPL-0063] New Target Density:             0.5019
[INFO GPL-0087] Routability end iteration: increase inflation and revert back to snapshot.
Iteration | Overflow |     HPWL (um) |  HPWL(%) |   Penalty | Group
---------------------------------------------------------------
     1490 |   0.3539 |  1.081528e+07 | +191.81% |  1.05e-09 |      
     1500 |   0.3558 |  7.837311e+06 |  -27.53% |  1.54e-09 |      
     1510 |   0.3435 |  6.264473e+06 |  -20.07% |  2.28e-09 |      
     1520 |   0.3649 |  5.004440e+06 |  -20.11% |  3.35e-09 |      
     1530 |   0.3646 |  4.402762e+06 |  -12.02% |  4.94e-09 |      
     1540 |   0.3528 |  4.061554e+06 |   -7.75% |  7.27e-09 |      
     1550 |   0.3336 |  3.872132e+06 |   -4.66% |  1.07e-08 |      
     1560 |   0.3137 |  3.750736e+06 |   -3.14% |  1.58e-08 |      
[INFO GPL-0040] Routability iteration: 16
[INFO GPL-0041] Total routing overflow: 14.6905
[INFO GPL-0042] Number of overflowed tiles: 314 (0.56%)
[INFO GPL-0043] Average top 0.5% routing congestion: 1.0523
[INFO GPL-0044] Average top 1.0% routing congestion: 1.0194
[INFO GPL-0045] Average top 2.0% routing congestion: 0.9839
[INFO GPL-0046] Average top 5.0% routing congestion: 0.9298
[INFO GPL-0047] Routability iteration weighted routing congestion: 1.0359
[INFO GPL-0049] Routing congestion (1.0359) higher than minimum (1.0277). Consecutive non-improvement count: 1.
[INFO GPL-0086] Inflated area:                1194.683 um^2 (+0.11%)
[INFO GPL-0052] Placement target density:       0.5019
[INFO GPL-0076] Removing fillers, count: Before: 23723, After: 23561 (-0.68%)
[INFO GPL-0077] Filler area (um^2)     : Before: 174364.050, After: 173173.350 (-0.68%)
[INFO GPL-0078] Removed fillers count: 162, area removed: 1190.700 um^2. Remaining area to be compensated by modifying density: 3.983 um^2
[INFO GPL-0058] White space area:           2604024.966 um^2 (+0.00%)
[INFO GPL-0059] Movable instances area:     1306895.581 um^2 (+0.00%)
[INFO GPL-0060] Total filler area:          173173.350 um^2 (-0.68%)
[INFO GPL-0061] Total non-inflated area:    1306947.666 um^2 (+0.00%)
[INFO GPL-0062] Total inflated area:        1308142.349 um^2 (+0.00%)
[INFO GPL-0063] New Target Density:             0.5019
[INFO GPL-0087] Routability end iteration: increase inflation and revert back to snapshot.
Iteration | Overflow |     HPWL (um) |  HPWL(%) |   Penalty | Group
---------------------------------------------------------------
     1570 |   0.3753 |  7.813671e+06 | +108.32% |  1.18e-09 |      
     1580 |   0.3158 |  8.845059e+06 |  +13.20% |  1.32e-09 |      
     1590 |   0.3423 |  6.905791e+06 |  -21.92% |  1.95e-09 |      
     1600 |   0.3545 |  5.421784e+06 |  -21.49% |  2.87e-09 |      
     1610 |   0.3591 |  4.612358e+06 |  -14.93% |  4.23e-09 |      
     1620 |   0.3601 |  4.168788e+06 |   -9.62% |  6.23e-09 |      
     1630 |   0.3418 |  3.946375e+06 |   -5.34% |  9.18e-09 |      
     1640 |   0.3225 |  3.792577e+06 |   -3.90% |  1.35e-08 |      
     1650 |   0.2990 |  3.702965e+06 |   -2.36% |  1.99e-08 |      
[INFO GPL-0040] Routability iteration: 17
[INFO GPL-0041] Total routing overflow: 11.3661
[INFO GPL-0042] Number of overflowed tiles: 270 (0.48%)
[INFO GPL-0043] Average top 0.5% routing congestion: 1.0407
[INFO GPL-0044] Average top 1.0% routing congestion: 1.0098
[INFO GPL-0045] Average top 2.0% routing congestion: 0.9760
[INFO GPL-0046] Average top 5.0% routing congestion: 0.9241
[INFO GPL-0047] Routability iteration weighted routing congestion: 1.0252
[INFO GPL-0048] Routing congestion (1.0252) lower than previous minimum (1.028). Updating minimum.
[INFO GPL-0086] Inflated area:                 902.799 um^2 (+0.08%)
[INFO GPL-0052] Placement target density:       0.5019
[INFO GPL-0076] Removing fillers, count: Before: 23561, After: 23439 (-0.52%)
[INFO GPL-0077] Filler area (um^2)     : Before: 173173.350, After: 172276.650 (-0.52%)
[INFO GPL-0078] Removed fillers count: 122, area removed: 896.700 um^2. Remaining area to be compensated by modifying density: 6.099 um^2
[INFO GPL-0058] White space area:           2604024.966 um^2 (+0.00%)
[INFO GPL-0059] Movable instances area:     1306895.581 um^2 (+0.00%)
[INFO GPL-0060] Total filler area:          172276.650 um^2 (-0.52%)
[INFO GPL-0061] Total non-inflated area:    1306953.765 um^2 (+0.00%)
[INFO GPL-0062] Total inflated area:        1307856.563 um^2 (+0.00%)
[INFO GPL-0063] New Target Density:             0.5019
[INFO GPL-0087] Routability end iteration: increase inflation and revert back to snapshot.
Iteration | Overflow |     HPWL (um) |  HPWL(%) |   Penalty | Group
---------------------------------------------------------------
     1660 |   0.3278 |  9.238847e+06 | +149.50% |  1.13e-09 |      
     1670 |   0.3534 |  7.457644e+06 |  -19.28% |  1.67e-09 |      
     1680 |   0.3470 |  5.946801e+06 |  -20.26% |  2.46e-09 |      
     1690 |   0.3585 |  4.838529e+06 |  -18.64% |  3.62e-09 |      
     1700 |   0.3628 |  4.309641e+06 |  -10.93% |  5.34e-09 |      
     1710 |   0.3477 |  4.022386e+06 |   -6.67% |  7.86e-09 |      
     1720 |   0.3299 |  3.852737e+06 |   -4.22% |  1.16e-08 |      
     1730 |   0.3096 |  3.731189e+06 |   -3.15% |  1.71e-08 |      
[INFO GPL-0040] Routability iteration: 18
[INFO GPL-0041] Total routing overflow: 11.0745
[INFO GPL-0042] Number of overflowed tiles: 261 (0.47%)
[INFO GPL-0043] Average top 0.5% routing congestion: 1.0396
[INFO GPL-0044] Average top 1.0% routing congestion: 1.0088
[INFO GPL-0045] Average top 2.0% routing congestion: 0.9749
[INFO GPL-0046] Average top 5.0% routing congestion: 0.9218
[INFO GPL-0047] Routability iteration weighted routing congestion: 1.0242
[INFO GPL-0048] Routing congestion (1.0242) lower than previous minimum (1.025). Updating minimum.
[INFO GPL-0086] Inflated area:                 905.188 um^2 (+0.08%)
[INFO GPL-0052] Placement target density:       0.5019
[INFO GPL-0076] Removing fillers, count: Before: 23439, After: 23316 (-0.52%)
[INFO GPL-0077] Filler area (um^2)     : Before: 172276.650, After: 171372.600 (-0.52%)
[INFO GPL-0078] Removed fillers count: 123, area removed: 904.050 um^2. Remaining area to be compensated by modifying density: 1.138 um^2
[INFO GPL-0058] White space area:           2604024.966 um^2 (+0.00%)
[INFO GPL-0059] Movable instances area:     1306895.581 um^2 (+0.00%)
[INFO GPL-0060] Total filler area:          171372.600 um^2 (-0.52%)
[INFO GPL-0061] Total non-inflated area:    1306954.902 um^2 (+0.00%)
[INFO GPL-0062] Total inflated area:        1307860.090 um^2 (+0.00%)
[INFO GPL-0063] New Target Density:             0.5019
[INFO GPL-0087] Routability end iteration: increase inflation and revert back to snapshot.
Iteration | Overflow |     HPWL (um) |  HPWL(%) |   Penalty | Group
---------------------------------------------------------------
     1740 |   0.3480 |  1.525023e+07 | +308.72% |  1.06e-09 |      
     1750 |   0.3410 |  8.472612e+06 |  -44.44% |  1.43e-09 |      
     1760 |   0.3371 |  6.600361e+06 |  -22.10% |  2.11e-09 |      
     1770 |   0.3616 |  5.186154e+06 |  -21.43% |  3.10e-09 |      
     1780 |   0.3625 |  4.520823e+06 |  -12.83% |  4.57e-09 |      
     1790 |   0.3564 |  4.123503e+06 |   -8.79% |  6.73e-09 |      
     1800 |   0.3400 |  3.917523e+06 |   -5.00% |  9.92e-09 |      
     1810 |   0.3163 |  3.776395e+06 |   -3.60% |  1.46e-08 |      
[INFO GPL-0040] Routability iteration: 19
[INFO GPL-0041] Total routing overflow: 15.9051
[INFO GPL-0042] Number of overflowed tiles: 324 (0.58%)
[INFO GPL-0043] Average top 0.5% routing congestion: 1.0561
[INFO GPL-0044] Average top 1.0% routing congestion: 1.0219
[INFO GPL-0045] Average top 2.0% routing congestion: 0.9839
[INFO GPL-0046] Average top 5.0% routing congestion: 0.9271
[INFO GPL-0047] Routability iteration weighted routing congestion: 1.0390
[INFO GPL-0049] Routing congestion (1.0390) higher than minimum (1.0242). Consecutive non-improvement count: 1.
[INFO GPL-0086] Inflated area:                1259.463 um^2 (+0.11%)
[INFO GPL-0052] Placement target density:       0.5019
[INFO GPL-0076] Removing fillers, count: Before: 23316, After: 23145 (-0.73%)
[INFO GPL-0077] Filler area (um^2)     : Before: 171372.600, After: 170115.750 (-0.73%)
[INFO GPL-0078] Removed fillers count: 171, area removed: 1256.850 um^2. Remaining area to be compensated by modifying density: 2.613 um^2
[INFO GPL-0058] White space area:           2604024.966 um^2 (+0.00%)
[INFO GPL-0059] Movable instances area:     1306895.581 um^2 (+0.00%)
[INFO GPL-0060] Total filler area:          170115.750 um^2 (-0.73%)
[INFO GPL-0061] Total non-inflated area:    1306957.515 um^2 (+0.00%)
[INFO GPL-0062] Total inflated area:        1308216.978 um^2 (+0.00%)
[INFO GPL-0063] New Target Density:             0.5019
[INFO GPL-0087] Routability end iteration: increase inflation and revert back to snapshot.
Iteration | Overflow |     HPWL (um) |  HPWL(%) |   Penalty | Group
---------------------------------------------------------------
     1820 |   0.8704 |  1.416061e+06 |  -62.50% |  1.20e-09 |      
     1830 |   0.3083 |  9.021208e+06 | +537.06% |  1.22e-09 |      
     1840 |   0.3470 |  7.135105e+06 |  -20.91% |  1.80e-09 |      
     1850 |   0.3527 |  5.695270e+06 |  -20.18% |  2.66e-09 |      
     1860 |   0.3589 |  4.716356e+06 |  -17.19% |  3.91e-09 |      
     1870 |   0.3663 |  4.236773e+06 |  -10.17% |  5.77e-09 |      
     1880 |   0.3438 |  3.975572e+06 |   -6.17% |  8.49e-09 |      
     1890 |   0.3278 |  3.802530e+06 |   -4.35% |  1.25e-08 |      
     1900 |   0.3052 |  3.701450e+06 |   -2.66% |  1.84e-08 |      
[INFO GPL-0040] Routability iteration: 20
[INFO GPL-0041] Total routing overflow: 10.6777
[INFO GPL-0042] Number of overflowed tiles: 267 (0.48%)
[INFO GPL-0043] Average top 0.5% routing congestion: 1.0382
[INFO GPL-0044] Average top 1.0% routing congestion: 1.0078
[INFO GPL-0045] Average top 2.0% routing congestion: 0.9732
[INFO GPL-0046] Average top 5.0% routing congestion: 0.9211
[INFO GPL-0047] Routability iteration weighted routing congestion: 1.0230
[INFO GPL-0048] Routing congestion (1.0230) lower than previous minimum (1.024). Updating minimum.
[INFO GPL-0086] Inflated area:                 736.261 um^2 (+0.06%)
[INFO GPL-0052] Placement target density:       0.5019
[INFO GPL-0076] Removing fillers, count: Before: 23145, After: 23045 (-0.43%)
[INFO GPL-0077] Filler area (um^2)     : Before: 170115.750, After: 169380.750 (-0.43%)
[INFO GPL-0078] Removed fillers count: 100, area removed: 735.000 um^2. Remaining area to be compensated by modifying density: 1.261 um^2
[INFO GPL-0058] White space area:           2604024.966 um^2 (+0.00%)
[INFO GPL-0059] Movable instances area:     1306895.581 um^2 (+0.00%)
[INFO GPL-0060] Total filler area:          169380.750 um^2 (-0.43%)
[INFO GPL-0061] Total non-inflated area:    1306958.776 um^2 (+0.00%)
[INFO GPL-0062] Total inflated area:        1307695.038 um^2 (+0.00%)
[INFO GPL-0063] New Target Density:             0.5019
[INFO GPL-0087] Routability end iteration: increase inflation and revert back to snapshot.
Iteration | Overflow |     HPWL (um) |  HPWL(%) |   Penalty | Group
---------------------------------------------------------------
     1910 |   0.3551 |  1.078898e+07 | +191.48% |  1.05e-09 |      
     1920 |   0.3594 |  7.594497e+06 |  -29.61% |  1.54e-09 |      
     1930 |   0.3400 |  6.274919e+06 |  -17.38% |  2.28e-09 |      
     1940 |   0.3631 |  5.020984e+06 |  -19.98% |  3.35e-09 |      
     1950 |   0.3637 |  4.426963e+06 |  -11.83% |  4.94e-09 |      
     1960 |   0.3523 |  4.075075e+06 |   -7.95% |  7.27e-09 |      
     1970 |   0.3361 |  3.894117e+06 |   -4.44% |  1.07e-08 |      
     1980 |   0.3158 |  3.756683e+06 |   -3.53% |  1.58e-08 |      
[INFO GPL-0040] Routability iteration: 21
[INFO GPL-0041] Total routing overflow: 12.0038
[INFO GPL-0042] Number of overflowed tiles: 266 (0.48%)
[INFO GPL-0043] Average top 0.5% routing congestion: 1.0430
[INFO GPL-0044] Average top 1.0% routing congestion: 1.0107
[INFO GPL-0045] Average top 2.0% routing congestion: 0.9755
[INFO GPL-0046] Average top 5.0% routing congestion: 0.9226
[INFO GPL-0047] Routability iteration weighted routing congestion: 1.0268
[INFO GPL-0049] Routing congestion (1.0268) higher than minimum (1.0230). Consecutive non-improvement count: 1.
[INFO GPL-0086] Inflated area:                 892.877 um^2 (+0.08%)
[INFO GPL-0052] Placement target density:       0.5019
[INFO GPL-0076] Removing fillers, count: Before: 23045, After: 22924 (-0.53%)
[INFO GPL-0077] Filler area (um^2)     : Before: 169380.750, After: 168491.400 (-0.53%)
[INFO GPL-0078] Removed fillers count: 121, area removed: 889.350 um^2. Remaining area to be compensated by modifying density: 3.527 um^2
[INFO GPL-0058] White space area:           2604024.966 um^2 (+0.00%)
[INFO GPL-0059] Movable instances area:     1306895.581 um^2 (+0.00%)
[INFO GPL-0060] Total filler area:          168491.400 um^2 (-0.53%)
[INFO GPL-0061] Total non-inflated area:    1306962.303 um^2 (+0.00%)
[INFO GPL-0062] Total inflated area:        1307855.180 um^2 (+0.00%)
[INFO GPL-0063] New Target Density:             0.5019
[INFO GPL-0087] Routability end iteration: increase inflation and revert back to snapshot.
Iteration | Overflow |     HPWL (um) |  HPWL(%) |   Penalty | Group
---------------------------------------------------------------
     1990 |   0.6884 |  3.605168e+06 |   -4.03% |  1.24e-09 |      
     2000 |   0.3096 |  8.989323e+06 | +149.35% |  1.27e-09 |      
     2010 |   0.3454 |  6.987033e+06 |  -22.27% |  1.87e-09 |      
     2020 |   0.3544 |  5.580582e+06 |  -20.13% |  2.76e-09 |      
     2030 |   0.3594 |  4.673718e+06 |  -16.25% |  4.07e-09 |      
     2040 |   0.3607 |  4.217832e+06 |   -9.75% |  5.99e-09 |      
     2050 |   0.3459 |  3.966973e+06 |   -5.95% |  8.83e-09 |      
     2060 |   0.3249 |  3.812202e+06 |   -3.90% |  1.30e-08 |      
     2070 |   0.3016 |  3.713438e+06 |   -2.59% |  1.92e-08 |      
[INFO GPL-0040] Routability iteration: 22
[INFO GPL-0041] Total routing overflow: 10.1881
[INFO GPL-0042] Number of overflowed tiles: 235 (0.42%)
[INFO GPL-0043] Average top 0.5% routing congestion: 1.0359
[INFO GPL-0044] Average top 1.0% routing congestion: 1.0044
[INFO GPL-0045] Average top 2.0% routing congestion: 0.9697
[INFO GPL-0046] Average top 5.0% routing congestion: 0.9181
[INFO GPL-0047] Routability iteration weighted routing congestion: 1.0202
[INFO GPL-0048] Routing congestion (1.0202) lower than previous minimum (1.023). Updating minimum.
[INFO GPL-0086] Inflated area:                 949.958 um^2 (+0.08%)
[INFO GPL-0052] Placement target density:       0.5019
[INFO GPL-0076] Removing fillers, count: Before: 22924, After: 22795 (-0.56%)
[INFO GPL-0077] Filler area (um^2)     : Before: 168491.400, After: 167543.250 (-0.56%)
[INFO GPL-0078] Removed fillers count: 129, area removed: 948.150 um^2. Remaining area to be compensated by modifying density: 1.808 um^2
[INFO GPL-0058] White space area:           2604024.966 um^2 (+0.00%)
[INFO GPL-0059] Movable instances area:     1306895.581 um^2 (+0.00%)
[INFO GPL-0060] Total filler area:          167543.250 um^2 (-0.56%)
[INFO GPL-0061] Total non-inflated area:    1306964.111 um^2 (+0.00%)
[INFO GPL-0062] Total inflated area:        1307914.069 um^2 (+0.00%)
[INFO GPL-0063] New Target Density:             0.5019
[INFO GPL-0087] Routability end iteration: increase inflation and revert back to snapshot.
Iteration | Overflow |     HPWL (um) |  HPWL(%) |   Penalty | Group
---------------------------------------------------------------
     2080 |   0.3437 |  9.764552e+06 | +162.95% |  1.09e-09 |      
     2090 |   0.3600 |  7.589919e+06 |  -22.27% |  1.61e-09 |      
     2100 |   0.3425 |  6.146353e+06 |  -19.02% |  2.37e-09 |      
     2110 |   0.3600 |  4.941106e+06 |  -19.61% |  3.48e-09 |      
     2120 |   0.3626 |  4.364291e+06 |  -11.67% |  5.13e-09 |      
     2130 |   0.3529 |  4.041211e+06 |   -7.40% |  7.56e-09 |      
     2140 |   0.3330 |  3.862143e+06 |   -4.43% |  1.11e-08 |      
     2150 |   0.3109 |  3.745613e+06 |   -3.02% |  1.64e-08 |      
[INFO GPL-0040] Routability iteration: 23
[INFO GPL-0041] Total routing overflow: 6.5214
[INFO GPL-0042] Number of overflowed tiles: 178 (0.32%)
[INFO GPL-0043] Average top 0.5% routing congestion: 1.0202
[INFO GPL-0044] Average top 1.0% routing congestion: 0.9918
[INFO GPL-0045] Average top 2.0% routing congestion: 0.9598
[INFO GPL-0046] Average top 5.0% routing congestion: 0.9126
[INFO GPL-0047] Routability iteration weighted routing congestion: 1.0060
[INFO GPL-0050] Weighted routing congestion is lower than target routing congestion(1.0100), end routability optimization.
[INFO GPL-0090] Routability finished. Target routing congestion achieved succesfully.
Iteration | Overflow |     HPWL (um) |  HPWL(%) |   Penalty | Group
---------------------------------------------------------------
     2160 |   0.2889 |  3.664981e+06 |   -2.15% |  2.42e-08 |      
     2170 |   0.2647 |  3.606789e+06 |   -1.59% |  3.56e-08 |      
     2180 |   0.2408 |  3.568528e+06 |   -1.06% |  5.25e-08 |      
     2190 |   0.2188 |  3.539132e+06 |   -0.82% |  7.73e-08 |      
     2200 |   0.1978 |  3.519299e+06 |   -0.56% |  1.14e-07 |      
[INFO GPL-0100] Timing-driven iteration 2/2, virtual: false.
[INFO GPL-0101]    Iter: 2203, overflow: 0.194, keep resizer changes at: 1, HPWL: 3517248634
Iteration |   Area    | Resized | Buffers | Nets repaired | Remaining
---------------------------------------------------------------------
        0 |     +0.0% |       0 |       0 |             0 |     41259
    final |     +8.6% |    1151 |    1164 |          1262 |         0
---------------------------------------------------------------------
[INFO RSZ-0034] Found 1262 slew violations.
[INFO RSZ-0036] Found 152 capacitance violations.
[INFO RSZ-0037] Found 8 long wires.
[INFO RSZ-0039] Resized 1151 instances.
[INFO RSZ-0038] Inserted 1164 buffers in 1262 nets.
   Iter   |    Area   | Removed | Inserted |   Pins
          |           | Buffers | Buffers  | Remaining
-------------------------------------------------------
        0 |     +0.0% |       0 |        0 |     40683
     4000 |     -0.2% |     278 |      418 |     36683
     8000 |     -0.2% |     407 |      659 |     32683
    12000 |     -0.1% |     506 |      852 |     28683
    16000 |     -0.0% |     625 |     1093 |     24683
    20000 |     +0.1% |     784 |     1381 |     20683
    24000 |     +0.2% |     842 |     1511 |     16683
    28000 |     +0.5% |     868 |     1690 |     12683
    32000 |     +0.8% |     886 |     1842 |      8683
    36000 |     +0.3% |    1195 |     2248 |      4683
    40000 |     +0.1% |    1573 |     3046 |       683
    final |     -0.2% |    1637 |     3136 |         0
-------------------------------------------------------
[INFO GPL-0106] Timing-driven: worst slack 3.079192e-09
[INFO GPL-0107] Timing-driven: repair_design delta area: -7096.061 um^2 (-0.62%)
[INFO GPL-0108] Timing-driven: repair_design, gpl delta gcells: 2663 (+6.92%)
[INFO GPL-0109] Timing-driven: repair_design, gcells created: 4300, deleted: 1637
[INFO GPL-0110] Timing-driven: new target density: 0.49917647
Iteration | Overflow |     HPWL (um) |  HPWL(%) |   Penalty | Group
---------------------------------------------------------------
     2210 |   0.1865 |  3.793259e+06 |   +7.78% |  1.63e-07 |      
     2220 |   0.1664 |  3.755671e+06 |   -0.99% |  2.41e-07 |      
     2230 |   0.1484 |  3.752384e+06 |   -0.09% |  3.54e-07 |      
     2240 |   0.1337 |  3.744624e+06 |   -0.21% |  5.22e-07 |      
     2250 |   0.1209 |  3.737840e+06 |   -0.18% |  7.69e-07 |      
     2260 |   0.1099 |  3.739842e+06 |   +0.05% |  1.13e-06 |      
     2270 |   0.1030 |  3.747435e+06 |   +0.20% |  1.67e-06 |      
     2275 |   0.0993 |  3.753034e+06 |          |  2.10e-06 |      
---------------------------------------------------------------
[INFO GPL-1001] Global placement finished at iteration 2275
[INFO GPL-1017] Routability mode iteration count: 1804
[INFO GPL-1005] Routability final weighted congestion: 1.0120
[INFO GPL-1002] Placed Cell Area            1132324.8005
[INFO GPL-1003] Available Free Area         2604024.9664
[INFO GPL-1004] Minimum Feasible Density        0.1200 (cell_area / free_area)
[INFO GPL-1006]   Suggested Target Densities:
[INFO GPL-1007]     - For 90% usage of free space: 0.4832
[INFO GPL-1008]     - For 80% usage of free space: 0.5435
[INFO GPL-1009]     - For 50% usage of free space: 0.8697
[INFO GPL-1011] Original area (um^2): 287097.89
[INFO GPL-1012] Total routability artificial inflation: 847439.88 (+295.17%)
[INFO GPL-1013] Total timing-driven delta area: -2212.97 (-0.77%)
[INFO GPL-1014] Final placement area: 1132324.80 (+294.40%)
Took 87 seconds: global_placement -density 0.5 -pad_left 0 -pad_right 0 -routability_driven -timing_driven -force_center_initial_place -min_phi_coef 0.95 -max_phi_coef 1.05
estimate_parasitics -placement
Report metrics stage 3, global place...

==========================================================================
global place report_design_area
--------------------------------------------------------------------------
Design area 327293 um^2 12% utilization.
write_db ./results/sky130hd/d_dsp02_cand_chat_scored/base/3_3_place_gp.odb
Elapsed time: 1:31.94[h:]min:sec. CPU time: user 210.33 sys 27.79 (258%). Peak memory: 830140KB.
Log                       Ext     Elapsed/s Peak Memory/MB sha1sum result [0:20)
3_3_place_gp              .odb           91            810 d9bdd6b69509eb8a46cb
/OpenROAD-flow-scripts/flow/scripts/flow.sh 3_4_place_resized resize
Running resize.tcl, stage 3_4_place_resized
read_liberty /OpenROAD-flow-scripts/flow/platforms/sky130hd/lib/sky130_fd_sc_hd__tt_025C_1v80.lib
read_db ./results/sky130hd/d_dsp02_cand_chat_scored/base/3_3_place_gp.odb
read_sdc ./results/sky130hd/d_dsp02_cand_chat_scored/base/2_floorplan.sdc
source /OpenROAD-flow-scripts/flow/platforms/sky130hd/setRC.tcl
estimate_parasitics -placement
Perform buffer insertion and gate resizing...
repair_design -verbose -match_cell_footprint
Iteration |   Area    | Resized | Buffers | Nets repaired | Remaining
---------------------------------------------------------------------
        0 |     +0.0% |       0 |       0 |             0 |     43922
     1000 |     +0.0% |       1 |       1 |             1 |     42922
     2000 |     +0.0% |       3 |       2 |             3 |     41922
     3000 |     +0.0% |       4 |       3 |             4 |     40922
     4000 |     +0.0% |       4 |       3 |             4 |     39922
     5000 |     +0.0% |       5 |       3 |             4 |     38922
     6000 |     +0.0% |       6 |       3 |             5 |     37922
     7000 |     +0.0% |      11 |       7 |             9 |     36922
     8000 |     +0.0% |      11 |       7 |             9 |     35922
     9000 |     +0.0% |      11 |       7 |             9 |     34922
    10000 |     +0.0% |      13 |       8 |            11 |     33922
    11000 |     +0.0% |      13 |       8 |            11 |     32922
    12000 |     +0.0% |      13 |       8 |            11 |     31922
    13000 |     +0.0% |      13 |       8 |            11 |     30922
    14000 |     +0.0% |      15 |      10 |            13 |     29922
    15000 |     +0.0% |      16 |      11 |            14 |     28922
    16000 |     +0.0% |      17 |      11 |            15 |     27922
    17000 |     +0.0% |      17 |      11 |            15 |     26922
    18000 |     +0.1% |      18 |      12 |            16 |     25922
    19000 |     +0.1% |      19 |      12 |            17 |     24922
    20000 |     +0.1% |      19 |      12 |            17 |     23922
    21000 |     +0.1% |      19 |      12 |            17 |     22922
    22000 |     +0.1% |      19 |      12 |            17 |     21922
    23000 |     +0.1% |      19 |      12 |            17 |     20922
    24000 |     +0.1% |      19 |      12 |            17 |     19922
    25000 |     +0.1% |      19 |      12 |            17 |     18922
    26000 |     +0.1% |      20 |      13 |            18 |     17922
    27000 |     +0.1% |      20 |      13 |            18 |     16922
    28000 |     +0.1% |      20 |      13 |            18 |     15922
    29000 |     +0.1% |      20 |      13 |            18 |     14922
    30000 |     +0.1% |      20 |      13 |            18 |     13922
    31000 |     +0.1% |      20 |      13 |            18 |     12922
    32000 |     +0.1% |      20 |      13 |            18 |     11922
    33000 |     +0.1% |      20 |      13 |            18 |     10922
    34000 |     +0.1% |      21 |      13 |            19 |      9922
    35000 |     +0.1% |      21 |      13 |            19 |      8922
    36000 |     +0.1% |      21 |      13 |            19 |      7922
    37000 |     +0.1% |      21 |      13 |            19 |      6922
    38000 |     +0.1% |      23 |      13 |            21 |      5922
    39000 |     +0.1% |      23 |      13 |            21 |      4922
    40000 |     +0.1% |      23 |      13 |            21 |      3922
    41000 |     +0.1% |      25 |      15 |            23 |      2922
    42000 |     +0.1% |      25 |      15 |            23 |      1922
    43000 |     +0.1% |      26 |      17 |            25 |       922
    final |     +0.1% |      29 |      18 |            28 |         0
---------------------------------------------------------------------
[INFO RSZ-0034] Found 29 slew violations.
[INFO RSZ-0036] Found 3 capacitance violations.
[INFO RSZ-0039] Resized 29 instances.
[INFO RSZ-0038] Inserted 18 buffers in 28 nets.
[INFO RSZ-0504] Runtime: 3.57s
Floating nets: 
Report metrics stage 3, resizer...

==========================================================================
resizer report_design_area
--------------------------------------------------------------------------
Design area 327588 um^2 12% utilization.
Instance count before 76224, after 76242
Pin count before 148923, after 148959
write_db ./results/sky130hd/d_dsp02_cand_chat_scored/base/3_4_place_resized.odb
Elapsed time: 0:11.71[h:]min:sec. CPU time: user 16.17 sys 3.01 (163%). Peak memory: 389216KB.
Log                       Ext     Elapsed/s Peak Memory/MB sha1sum result [0:20)
3_4_place_resized         .odb           11            380 b57efc166f01bc3caf5a
/OpenROAD-flow-scripts/flow/scripts/flow.sh 3_5_place_dp detail_place
Running detail_place.tcl, stage 3_5_place_dp
read_liberty /OpenROAD-flow-scripts/flow/platforms/sky130hd/lib/sky130_fd_sc_hd__tt_025C_1v80.lib
read_db ./results/sky130hd/d_dsp02_cand_chat_scored/base/3_4_place_resized.odb
read_sdc ./results/sky130hd/d_dsp02_cand_chat_scored/base/2_floorplan.sdc
source /OpenROAD-flow-scripts/flow/platforms/sky130hd/setRC.tcl
detailed_placement
[INFO DPL-0006] Core area: 2647942.09 um^2
[INFO DPL-0007] Movable instances area: 283670.81 um^2
[INFO DPL-0008] Fixed instances area within core: 43917.12 um^2
[INFO DPL-0009] Utilization: 12.4%
[INFO DPL-0005] Diamond search max displacement: +/- 500 sites horizontally, +/- 100 rows vertically.
[INFO DPL-1102] Legalizing using negotiation legalizer.
[INFO DPL-1103] Negotiation base search window: +/-20 sites horizontally, +/-5 rows vertically 
	Automatic search window extension enabled.
	Search window extendable up to the max displacement cap of +/-500 sites, +/-100 rows near walls.
[INFO DPL-1104] NegotiationLegalizer DRC penalty: 5.
[INFO DPL-0392] Negotiation cell height distribution (1 unique row-count(s)):
[INFO DPL-0393]   height 1 row(s): 76242 cells
          |      Total |  Illegal |  Illegal
Iteration | Violations |    Cells |    Sites
---------------------------------------------
        0 |          0 |         0 |         0
Negotiation phase 1 converged at iteration 0.
[INFO DPL-0500] Runtime: 0.41s
Placement Analysis
---------------------------------
total displacement      93443.8 u
average displacement        1.2 u
max displacement           16.3 u
original HPWL         3753985.6 u
legalized HPWL        3772984.9 u
delta HPWL                    1 %

improve_placement -max_displacement "5 1"
Detailed placement improvement.
[INFO DPL-0401] Setting random seed to 1.
[INFO DPL-0402] Setting maximum displacement 5 1 to 13600 2720 units.
[INFO DPL-0320] Collected 35241 fixed cells.
[INFO DPL-0318] Collected 41142 single height cells.
[INFO DPL-0321] Collected 0 wide cells.
[INFO DPL-0322] Image (1380, 2720) - (1629320, 1629280)
[INFO DPL-0310] Assigned 41142 cells into segments.  Movement in X-direction is 0.000000, movement in Y-direction is 0.000000.
[INFO DPL-0313] Found 0 cells in wrong regions.
[INFO DPL-0315] Found 0 row alignment problems.
[INFO DPL-0314] Found 0 site alignment problems.
[INFO DPL-0311] Found 0 overlaps between adjacent cells.
[INFO DPL-0312] Found 0 edge spacing violations and 0 padding violations.
[INFO DPL-0303] Running algorithm for independent set matching.
[INFO DPL-0300] Set matching objective is wirelength.
[INFO DPL-0301] Pass   1 of matching; objective is 3.773162e+09.
[INFO DPL-0302] End of matching; objective is 3.773035e+09, improvement is 0.00 percent.
[INFO DPL-0303] Running algorithm for global swaps.
[INFO DPL-0306] Pass   1 of global swaps; hpwl is 3.709091e+09.
[INFO DPL-0306] Pass   2 of global swaps; hpwl is 3.696356e+09.
[INFO DPL-0307] End of global swaps; objective is 3.696356e+09, improvement is 2.03 percent.
[INFO DPL-0303] Running algorithm for vertical swaps.
[INFO DPL-0308] Pass   1 of vertical swaps; hpwl is 3.686900e+09.
[INFO DPL-0309] End of vertical swaps; objective is 3.686900e+09, improvement is 0.26 percent.
[INFO DPL-0303] Running algorithm for reordering.
[INFO DPL-0304] Pass   1 of reordering; objective is 3.686763e+09.
[INFO DPL-0305] End of reordering; objective is 3.686763e+09, improvement is 0.00 percent.
[INFO DPL-0303] Running algorithm for random improvement.
[INFO DPL-0324] Random improver is using random generator.
[INFO DPL-0325] Random improver is using hpwl objective.
[INFO DPL-0326] Random improver cost string is (a).
[INFO DPL-0332] End of pass, Generator random called 822840 times.
[INFO DPL-0335] Generator random, Cumulative attempts 822840, swaps 16905, moves 400942 since last reset.
[INFO DPL-0333] End of pass, Objective hpwl, Initial cost 3.682638e+09, Scratch cost 3.651065e+09, Incremental cost 3.651065e+09, Mismatch? N
[INFO DPL-0338] End of pass, Total cost is 3.651065e+09.
[INFO DPL-0327] Pass   1 of random improver; improvement in cost is 0.86 percent.
[INFO DPL-0328] End of random improver; improvement is 0.857350 percent.
[INFO DPL-0380] Cell flipping.
[INFO DPL-0382] Changed 0 cell orientations for row compatibility.
[INFO DPL-0383] Performed 12897 cell flips.
[INFO DPL-0384] End of flipping; objective is 3.636281e+09, improvement is 0.52 percent.
[INFO DPL-0313] Found 0 cells in wrong regions.
[INFO DPL-0315] Found 0 row alignment problems.
[INFO DPL-0314] Found 0 site alignment problems.
[INFO DPL-0311] Found 0 overlaps between adjacent cells.
[INFO DPL-0312] Found 0 edge spacing violations and 0 padding violations.
Detailed Improvement Results
------------------------------------------
Original HPWL          3772984.9 u ( 1860836.7,  1912148.1)
Final HPWL             3636527.5 u ( 1769575.0,  1866952.5)
Delta HPWL                  -3.6 % (      -4.9,       -2.4)

Took 6 seconds: improve_placement -max_displacement "5 1"
optimize_mirroring
[INFO DPL-0020] Mirrored 2703 instances
[INFO DPL-0021] HPWL before          3636527.5 u
[INFO DPL-0022] HPWL after           3636027.6 u
[INFO DPL-0023] HPWL delta               -0.0 %
[INFO FLW-0012] Placement violations .
estimate_parasitics -placement
Report metrics stage 3, detailed place...

==========================================================================
detailed place report_design_area
--------------------------------------------------------------------------
Design area 327588 um^2 12% utilization.
write_db ./results/sky130hd/d_dsp02_cand_chat_scored/base/3_5_place_dp.odb
write_sdc -no_timestamp ./results/sky130hd/d_dsp02_cand_chat_scored/base/3_place.sdc
Elapsed time: 0:16.00[h:]min:sec. CPU time: user 19.98 sys 2.59 (141%). Peak memory: 531180KB.
Log                       Ext     Elapsed/s Peak Memory/MB sha1sum result [0:20)
3_5_place_dp              .odb           16            518 eb1b579099459b8aee38
cp ./results/sky130hd/d_dsp02_cand_chat_scored/base/3_5_place_dp.odb ./results/sky130hd/d_dsp02_cand_chat_scored/base/3_place.odb
/OpenROAD-flow-scripts/flow/scripts/flow.sh 4_1_cts cts
Running cts.tcl, stage 4_1_cts
read_liberty /OpenROAD-flow-scripts/flow/platforms/sky130hd/lib/sky130_fd_sc_hd__tt_025C_1v80.lib
read_db ./results/sky130hd/d_dsp02_cand_chat_scored/base/3_place.odb
read_sdc ./results/sky130hd/d_dsp02_cand_chat_scored/base/3_place.sdc
source /OpenROAD-flow-scripts/flow/platforms/sky130hd/setRC.tcl
clock_tree_synthesis -sink_clustering_enable -repair_clock_nets
[INFO CTS-0050] Root buffer is sky130_fd_sc_hd__clkbuf_16.
[INFO CTS-0051] Sink buffer is sky130_fd_sc_hd__clkbuf_16.
[INFO CTS-0052] The following clock buffers will be used for CTS:
                    sky130_fd_sc_hd__clkbuf_16
[INFO CTS-0049] Characterization buffer is sky130_fd_sc_hd__clkbuf_16.
[INFO CTS-0007] Net "clk" found for clock "core_clock".
[INFO CTS-0010]  Clock net "clk" has 724 sinks.
[INFO CTS-0008] TritonCTS found 1 clock nets.
[INFO CTS-0097] Characterization used 1 buffer(s) types.
[INFO CTS-0201] 0 blockages from hard placement blockages and placed macros will be used.
[INFO CTS-0027] Generating H-Tree topology for net clk.
[INFO CTS-0028]  Total number of sinks: 724.
[INFO CTS-0090]  Sinks will be clustered based on buffer max cap.
[INFO CTS-0030]  Number of static layers: 0.
[INFO CTS-0020]  Wire segment unit: 13600  dbu (13 um).
[INFO CTS-0206] Best clustering solution was found from max clustering size of 9 and max clustering diameter of 247.
[INFO CTS-0019]  Total number of sinks after clustering: 151.
[INFO CTS-0024]  Normalized sink region: [(5.05074, 4.50088), (117.754, 114.299)].
[INFO CTS-0025]     Width:  112.7036.
[INFO CTS-0026]     Height: 109.7982.
 Level 1
    Direction: Horizontal
    Sinks per sub-region: 76
    Sub-region size: 56.3518 X 109.7982
[INFO CTS-0034]     Segment length (rounded): 28.
 Level 2
    Direction: Vertical
    Sinks per sub-region: 38
    Sub-region size: 56.3518 X 54.8991
[INFO CTS-0034]     Segment length (rounded): 28.
 Level 3
    Direction: Horizontal
    Sinks per sub-region: 19
    Sub-region size: 28.1759 X 54.8991
[INFO CTS-0034]     Segment length (rounded): 14.
 Level 4
    Direction: Vertical
    Sinks per sub-region: 10
    Sub-region size: 28.1759 X 27.4496
[INFO CTS-0034]     Segment length (rounded): 14.
[INFO CTS-0038]  Stop criterion found. Sink region hpwl is smaller than max wirelength (1911.535 um) and max number of sinks is 15.
[INFO CTS-0035]  Number of sinks covered: 151.
[INFO CTS-0018]     Created 174 clock buffers.
[INFO CTS-0012]     Minimum number of buffers in the clock path: 5.
[INFO CTS-0013]     Maximum number of buffers in the clock path: 5.
[INFO CTS-0015]     Created 174 clock nets.
[INFO CTS-0016]     Fanout distribution for the current clock = 1:2, 2:10, 3:25, 4:39, 5:26, 6:24, 7:13, 8:13, 9:8, 10:1, 11:2, 12:3, 13:1..
[INFO CTS-0017]     Max level of the clock tree: 4.
[INFO CTS-0098] Clock net "clk"
[INFO CTS-0099]  Sinks 861
[INFO CTS-0100]  Leaf buffers 151
[INFO CTS-0101]  Average sink wire length 2286.03 um
[INFO CTS-0102]  Path depth 4 - 5
[INFO CTS-0207]  Dummy loads inserted 137
[INFO CTS-0500] Runtime: 2.18s
estimate_parasitics -placement
detailed_placement
[INFO DPL-0006] Core area: 2647942.09 um^2
[INFO DPL-0007] Movable instances area: 289522.68 um^2
[INFO DPL-0008] Fixed instances area within core: 43917.12 um^2
[INFO DPL-0009] Utilization: 12.6%
[INFO DPL-0005] Diamond search max displacement: +/- 500 sites horizontally, +/- 100 rows vertically.
[INFO DPL-1102] Legalizing using negotiation legalizer.
[INFO DPL-1103] Negotiation base search window: +/-20 sites horizontally, +/-5 rows vertically 
	Automatic search window extension enabled.
	Search window extendable up to the max displacement cap of +/-500 sites, +/-100 rows near walls.
[INFO DPL-1104] NegotiationLegalizer DRC penalty: 5.
[INFO DPL-0392] Negotiation cell height distribution (1 unique row-count(s)):
[INFO DPL-0393]   height 1 row(s): 76553 cells
          |      Total |  Illegal |  Illegal
Iteration | Violations |    Cells |    Sites
---------------------------------------------
        0 |          0 |         0 |         0
Negotiation phase 1 converged at iteration 0.
[INFO DPL-0500] Runtime: 0.33s
Placement Analysis
---------------------------------
total displacement      36333.2 u
average displacement        0.5 u
max displacement           12.5 u
original HPWL         3664905.6 u
legalized HPWL        3684577.2 u
delta HPWL                    1 %

estimate_parasitics -placement
repair_timing -setup_margin 0 -hold_margin 0 -repair_tns 100 -match_cell_footprint -verbose
[INFO RSZ-0100] Repair move sequence: UnbufferMove SizeUpMove SwapPinsMove BufferMove CloneMove SplitLoadMove 
[INFO RSZ-0098] No setup violations found
[INFO RSZ-0505] Runtime: 1.27s
[INFO RSZ-0033] No hold violations found.
[INFO RSZ-0506] Runtime: 0.24s
detailed_placement
[INFO DPL-0006] Core area: 2647942.09 um^2
[INFO DPL-0007] Movable instances area: 289522.68 um^2
[INFO DPL-0008] Fixed instances area within core: 43917.12 um^2
[INFO DPL-0009] Utilization: 12.6%
[INFO DPL-0005] Diamond search max displacement: +/- 500 sites horizontally, +/- 100 rows vertically.
[INFO DPL-1102] Legalizing using negotiation legalizer.
[INFO DPL-1103] Negotiation base search window: +/-20 sites horizontally, +/-5 rows vertically 
	Automatic search window extension enabled.
	Search window extendable up to the max displacement cap of +/-500 sites, +/-100 rows near walls.
[INFO DPL-1104] NegotiationLegalizer DRC penalty: 5.
[INFO DPL-0392] Negotiation cell height distribution (1 unique row-count(s)):
[INFO DPL-0393]   height 1 row(s): 76553 cells
[INFO DPL-0500] Runtime: 0.37s
Placement Analysis
---------------------------------
total displacement          0.0 u
average displacement        0.0 u
max displacement            0.0 u
original HPWL         3684577.2 u
legalized HPWL        3684577.2 u
delta HPWL                    0 %

Report metrics stage 4, cts final...

==========================================================================
cts final report_design_area
--------------------------------------------------------------------------
Design area 333440 um^2 13% utilization.
write_db ./results/sky130hd/d_dsp02_cand_chat_scored/base/4_1_cts.odb
write_sdc -no_timestamp ./results/sky130hd/d_dsp02_cand_chat_scored/base/4_cts.sdc
Elapsed time: 0:17.04[h:]min:sec. CPU time: user 42.80 sys 5.63 (284%). Peak memory: 577976KB.
Log                       Ext     Elapsed/s Peak Memory/MB sha1sum result [0:20)
4_1_cts                   .odb           17            564 4d80427e87f2ea0d2d04
cp ./results/sky130hd/d_dsp02_cand_chat_scored/base/4_1_cts.odb ./results/sky130hd/d_dsp02_cand_chat_scored/base/4_cts.odb
/OpenROAD-flow-scripts/flow/scripts/flow.sh 5_1_grt global_route
Running global_route.tcl, stage 5_1_grt
read_liberty /OpenROAD-flow-scripts/flow/platforms/sky130hd/lib/sky130_fd_sc_hd__tt_025C_1v80.lib
read_db ./results/sky130hd/d_dsp02_cand_chat_scored/base/4_cts.odb
read_sdc ./results/sky130hd/d_dsp02_cand_chat_scored/base/4_cts.sdc
source /OpenROAD-flow-scripts/flow/platforms/sky130hd/setRC.tcl
pin_access
[INFO DRT-0149] Reading tech and libs.
[WARNING DRT-0349] LEF58_ENCLOSURE with no CUTCLASS is not supported. Skipping for layer mcon
[WARNING DRT-0349] LEF58_ENCLOSURE with no CUTCLASS is not supported. Skipping for layer mcon
[WARNING DRT-0349] LEF58_ENCLOSURE with no CUTCLASS is not supported. Skipping for layer via
[WARNING DRT-0349] LEF58_ENCLOSURE with no CUTCLASS is not supported. Skipping for layer via
[WARNING DRT-0349] LEF58_ENCLOSURE with no CUTCLASS is not supported. Skipping for layer via2
[WARNING DRT-0349] LEF58_ENCLOSURE with no CUTCLASS is not supported. Skipping for layer via2
[WARNING DRT-0349] LEF58_ENCLOSURE with no CUTCLASS is not supported. Skipping for layer via3
[WARNING DRT-0349] LEF58_ENCLOSURE with no CUTCLASS is not supported. Skipping for layer via3
[WARNING DRT-0349] LEF58_ENCLOSURE with no CUTCLASS is not supported. Skipping for layer via4
[WARNING DRT-0349] LEF58_ENCLOSURE with no CUTCLASS is not supported. Skipping for layer via4

Units:                1000
Number of layers:     13
Number of macros:     441
Number of vias:       29
Number of viarulegen: 25

[INFO DRT-0150] Reading design.
[WARNING DRT-0120] Large net net3216 has 114 pins which may impact routing performance. Consider optimization.
[WARNING DRT-0120] Large net net4276 has 123 pins which may impact routing performance. Consider optimization.

Design:                   fp32_fma_ii1
Die area:                 ( 0 0 ) ( 1630460 1630460 )
Number of track patterns: 12
Number of DEF vias:       0
Number of components:     76553
Number of terminals:      143
Number of snets:          2
Number of nets:           44114

[INFO DRT-0167] List of default vias:
  Layer via
    default via: M1M2_PR
  Layer via2
    default via: M2M3_PR
  Layer via3
    default via: M3M4_PR
  Layer via4
    default via: M4M5_PR
[INFO DRT-0162] Library cell analysis.
[INFO DRT-0163] Instance analysis.
[INFO DRT-0164] Number of unique instances = 338.
[INFO DRT-0168] Init region query.
[INFO DRT-0024]   Complete FR_MASTERSLICE.
[INFO DRT-0024]   Complete Fr_VIA.
[INFO DRT-0024]   Complete li1.
[INFO DRT-0024]   Complete mcon.
[INFO DRT-0024]   Complete met1.
[INFO DRT-0024]   Complete via.
[INFO DRT-0024]   Complete met2.
[INFO DRT-0024]   Complete via2.
[INFO DRT-0024]   Complete met3.
[INFO DRT-0024]   Complete via3.
[INFO DRT-0024]   Complete met4.
[INFO DRT-0024]   Complete via4.
[INFO DRT-0024]   Complete met5.
[INFO DRT-0033] FR_MASTERSLICE shape region query size = 0.
[INFO DRT-0033] FR_VIA shape region query size = 0.
[INFO DRT-0033] li1 shape region query size = 1065559.
[INFO DRT-0033] mcon shape region query size = 543394.
[INFO DRT-0033] met1 shape region query size = 207330.
[INFO DRT-0033] via shape region query size = 178205.
[INFO DRT-0033] met2 shape region query size = 106927.
[INFO DRT-0033] via2 shape region query size = 142564.
[INFO DRT-0033] met3 shape region query size = 107060.
[INFO DRT-0033] via3 shape region query size = 142564.
[INFO DRT-0033] met4 shape region query size = 42841.
[INFO DRT-0033] via4 shape region query size = 7081.
[INFO DRT-0033] met5 shape region query size = 7319.
[INFO DRT-0165] Start pin access.
[INFO DRT-0076]   Complete 1000 pins.
[INFO DRT-0076]   Complete 2000 pins.
[INFO DRT-0078]   Complete 2800 pins.
[INFO DRT-0079]   Complete 100 unique inst patterns.
[INFO DRT-0079]   Complete 200 unique inst patterns.
[INFO DRT-0079]   Complete 300 unique inst patterns.
[INFO DRT-0081]   Complete 338 unique inst patterns.
[INFO DRT-0082]   Complete 10000 groups.
[INFO DRT-0082]   Complete 20000 groups.
[INFO DRT-0082]   Complete 30000 groups.
[INFO DRT-0084]   Complete 35121 groups.
#scanned instances     = 76553
#unique  instances     = 338
#stdCellGenAp          = 11135
#stdCellValidPlanarAp  = 91
#stdCellValidViaAp     = 8165
#stdCellPinNoAp        = 6
#stdCellPinCnt         = 149444
#instTermValidViaApCnt = 0
#macroGenAp            = 0
#macroValidPlanarAp    = 0
#macroValidViaAp       = 0
#macroNoAp             = 0
[INFO DRT-0166] Complete pin access.
[INFO DRT-0267] cpu time = 00:07:36, elapsed time = 00:00:50, memory = 470.02 (MB), peak = 485.06 (MB)
Took 51 seconds: pin_access
global_route -congestion_report_file ./reports/sky130hd/d_dsp02_cand_chat_scored/base/congestion.rpt -congestion_iterations 30 -congestion_report_iter_step 5 -verbose
[INFO GRT-0020] Min routing layer: met1
[INFO GRT-0021] Max routing layer: met5
[INFO GRT-0022] Global adjustment: 0%
[INFO GRT-0023] Grid origin: (0, 0)
[INFO GRT-0088] Layer li1     Track-Pitch = 0.4600  line-2-Via Pitch: 0.3400
[INFO GRT-0088] Layer met1    Track-Pitch = 0.3400  line-2-Via Pitch: 0.3400
[INFO GRT-0088] Layer met2    Track-Pitch = 0.4600  line-2-Via Pitch: 0.3500
[INFO GRT-0088] Layer met3    Track-Pitch = 0.6800  line-2-Via Pitch: 0.6150
[INFO GRT-0088] Layer met4    Track-Pitch = 0.9200  line-2-Via Pitch: 1.0400
[INFO GRT-0088] Layer met5    Track-Pitch = 3.4000  line-2-Via Pitch: 3.1100
[INFO GRT-0003] Macros: 0
[INFO GRT-0004] Blockages: 15476
[INFO GRT-0019] Found 175 clock nets.
[INFO GRT-0001] Minimum degree: 2
[INFO GRT-0002] Maximum degree: 123

[INFO GRT-0053] Routing resources analysis:
          Routing      Original      Derated      Resource
Layer     Direction    Resources     Resources    Reduction (%)
---------------------------------------------------------------
li1        Vertical            0             0          0.00%
met1       Horizontal     833620        647877          22.28%
met2       Vertical       717220        550605          23.23%
met3       Horizontal     526223        411008          21.89%
met4       Vertical       354850        257325          27.48%
met5       Horizontal      77550         56165          27.58%
---------------------------------------------------------------

[INFO GRT-0101] Running extra iterations to remove congestion.
[INFO GRT-0102] Start extra iteration 1/30
[INFO GRT-0102] Start extra iteration 2/30
[INFO GRT-0102] Start extra iteration 3/30
[INFO GRT-0197] Via related to pin nodes: 272819
[INFO GRT-0198] Via related Steiner nodes: 10985
[INFO GRT-0199] Via filling finished.
[INFO GRT-0111] Final number of vias: 362373
[INFO GRT-0112] Final usage 3D: 1680735

[INFO GRT-0096] Final congestion report:
Layer         Resource        Demand        Usage (%)    Max H / Max V / Total Congestion
---------------------------------------------------------------------------------------
li1                  0             0            0.00%             0 /  0 /  0
met1            647877        276024           42.60%             0 /  0 /  0
met2            550605        260508           47.31%             0 /  0 /  0
met3            411008         19248            4.68%             0 /  0 /  0
met4            257325         37777           14.68%             0 /  0 /  0
met5             56165            59            0.11%             0 /  0 /  0
---------------------------------------------------------------------------------------
Total          1922980        593616           30.87%             0 /  0 /  0

[INFO GRT-0018] Total wirelength: 5053387 um
[INFO GRT-0014] Routed nets: 42900
[INFO GRT-0303] Global routing runtime = 00:00:10
Took 11 seconds: global_route -congestion_report_file ./reports/sky130hd/d_dsp02_cand_chat_scored/base/congestion.rpt -congestion_iterations 30 -congestion_report_iter_step 5 -verbose
estimate_parasitics -global_routing
Perform buffer insertion and gate resizing...
repair_design -verbose
Iteration |   Area    | Resized | Buffers | Nets repaired | Remaining
---------------------------------------------------------------------
        0 |     +0.0% |       0 |       0 |             0 |     44251
     1000 |     +0.0% |       0 |       0 |             0 |     43251
     2000 |     +0.0% |       0 |       1 |             1 |     42251
     3000 |     +0.0% |       0 |       1 |             1 |     41251
     4000 |     +0.0% |       0 |       1 |             1 |     40251
     5000 |     +0.0% |       0 |       1 |             1 |     39251
     6000 |     +0.0% |       0 |       1 |             1 |     38251
     7000 |     +0.0% |       0 |       1 |             1 |     37251
     8000 |     +0.0% |       0 |       1 |             1 |     36251
     9000 |     +0.0% |       0 |       1 |             1 |     35251
    10000 |     +0.0% |       0 |       1 |             1 |     34251
    11000 |     +0.0% |       0 |       1 |             1 |     33251
    12000 |     +0.0% |       0 |       1 |             1 |     32251
    13000 |     +0.0% |       0 |       1 |             1 |     31251
    14000 |     +0.0% |       0 |       1 |             1 |     30251
    15000 |     +0.0% |       0 |       1 |             1 |     29251
[WARNING RSZ-0104] Net _41717_ only has one pin. Check if it is intended to be dangling.
[WARNING RSZ-0104] Net _41713_ only has one pin. Check if it is intended to be dangling.
[WARNING RSZ-0104] Net _41709_ only has one pin. Check if it is intended to be dangling.
    16000 |     +0.0% |       0 |       1 |             1 |     28251
[WARNING RSZ-0104] Net _41716_ only has one pin. Check if it is intended to be dangling.
[WARNING RSZ-0104] Net _41712_ only has one pin. Check if it is intended to be dangling.
[WARNING RSZ-0104] Net _41708_ only has one pin. Check if it is intended to be dangling.
[WARNING RSZ-0104] Net _41703_ only has one pin. Check if it is intended to be dangling.
[WARNING RSZ-0104] Net _41699_ only has one pin. Check if it is intended to be dangling.
[WARNING RSZ-0104] Net _41695_ only has one pin. Check if it is intended to be dangling.
    17000 |     +0.0% |       0 |       1 |             1 |     27251
[WARNING RSZ-0104] Net _41702_ only has one pin. Check if it is intended to be dangling.
[WARNING RSZ-0104] Net _41698_ only has one pin. Check if it is intended to be dangling.
[WARNING RSZ-0104] Net _41694_ only has one pin. Check if it is intended to be dangling.
[WARNING RSZ-0104] Net _41719_ only has one pin. Check if it is intended to be dangling.
[WARNING RSZ-0104] Net _41715_ only has one pin. Check if it is intended to be dangling.
[WARNING RSZ-0104] Net _41711_ only has one pin. Check if it is intended to be dangling.
[WARNING RSZ-0104] Net _41701_ only has one pin. Check if it is intended to be dangling.
[WARNING RSZ-0104] Net _41697_ only has one pin. Check if it is intended to be dangling.
[WARNING RSZ-0104] Net _41693_ only has one pin. Check if it is intended to be dangling.
[WARNING RSZ-0104] Net _41718_ only has one pin. Check if it is intended to be dangling.
[WARNING RSZ-0104] Net _41714_ only has one pin. Check if it is intended to be dangling.
[WARNING RSZ-0104] Net _41710_ only has one pin. Check if it is intended to be dangling.
[WARNING RSZ-0104] Net _41700_ only has one pin. Check if it is intended to be dangling.
[WARNING RSZ-0104] Net _41696_ only has one pin. Check if it is intended to be dangling.
[WARNING RSZ-0104] Net _41692_ only has one pin. Check if it is intended to be dangling.
    18000 |     +0.0% |       0 |       1 |             1 |     26251
[WARNING RSZ-0104] Net _42157_ only has one pin. Check if it is intended to be dangling.
[WARNING RSZ-0104] Net _41720_ only has one pin. Check if it is intended to be dangling.
    19000 |     +0.0% |       0 |       1 |             1 |     25251
[WARNING RSZ-0104] Net _42158_ only has one pin. Check if it is intended to be dangling.
[WARNING RSZ-0104] Net _41721_ only has one pin. Check if it is intended to be dangling.
    20000 |     +0.0% |       0 |       1 |             1 |     24251
    21000 |     +0.0% |       0 |       1 |             1 |     23251
    22000 |     +0.0% |       0 |       1 |             1 |     22251
    23000 |     +0.0% |       0 |       1 |             1 |     21251
    24000 |     +0.0% |       0 |       1 |             1 |     20251
[WARNING RSZ-0104] Net _42925_ only has one pin. Check if it is intended to be dangling.
[WARNING RSZ-0104] Net _42923_ only has one pin. Check if it is intended to be dangling.
[WARNING RSZ-0104] Net _42916_ only has one pin. Check if it is intended to be dangling.
[WARNING RSZ-0104] Net _42914_ only has one pin. Check if it is intended to be dangling.
[WARNING RSZ-0104] Net _42769_ only has one pin. Check if it is intended to be dangling.
[WARNING RSZ-0104] Net _42767_ only has one pin. Check if it is intended to be dangling.
[WARNING RSZ-0104] Net _42762_ only has one pin. Check if it is intended to be dangling.
[WARNING RSZ-0104] Net _42761_ only has one pin. Check if it is intended to be dangling.
[WARNING RSZ-0104] Net _42708_ only has one pin. Check if it is intended to be dangling.
[WARNING RSZ-0104] Net _42706_ only has one pin. Check if it is intended to be dangling.
[WARNING RSZ-0104] Net _42703_ only has one pin. Check if it is intended to be dangling.
[WARNING RSZ-0104] Net _42685_ only has one pin. Check if it is intended to be dangling.
[WARNING RSZ-0104] Net _42683_ only has one pin. Check if it is intended to be dangling.
[WARNING RSZ-0104] Net _42593_ only has one pin. Check if it is intended to be dangling.
[WARNING RSZ-0104] Net _42591_ only has one pin. Check if it is intended to be dangling.
[WARNING RSZ-0104] Net _42534_ only has one pin. Check if it is intended to be dangling.
[WARNING RSZ-0104] Net _42532_ only has one pin. Check if it is intended to be dangling.
[WARNING RSZ-0104] Net _42252_ only has one pin. Check if it is intended to be dangling.
[WARNING RSZ-0104] Net _42251_ only has one pin. Check if it is intended to be dangling.
[WARNING RSZ-0104] Net _42248_ only has one pin. Check if it is intended to be dangling.
[WARNING RSZ-0104] Net _42228_ only has one pin. Check if it is intended to be dangling.
[WARNING RSZ-0104] Net _42227_ only has one pin. Check if it is intended to be dangling.
[WARNING RSZ-0104] Net _42181_ only has one pin. Check if it is intended to be dangling.
[WARNING RSZ-0104] Net _42169_ only has one pin. Check if it is intended to be dangling.
[WARNING RSZ-0104] Net _42168_ only has one pin. Check if it is intended to be dangling.
[WARNING RSZ-0104] Net _42061_ only has one pin. Check if it is intended to be dangling.
[WARNING RSZ-0104] Net _42060_ only has one pin. Check if it is intended to be dangling.
[WARNING RSZ-0104] Net _42046_ only has one pin. Check if it is intended to be dangling.
[WARNING RSZ-0104] Net _42045_ only has one pin. Check if it is intended to be dangling.
[WARNING RSZ-0104] Net _42040_ only has one pin. Check if it is intended to be dangling.
[WARNING RSZ-0104] Net _42010_ only has one pin. Check if it is intended to be dangling.
[WARNING RSZ-0104] Net _42009_ only has one pin. Check if it is intended to be dangling.
[WARNING RSZ-0104] Net _41942_ only has one pin. Check if it is intended to be dangling.
[WARNING RSZ-0104] Net _41795_ only has one pin. Check if it is intended to be dangling.
[WARNING RSZ-0104] Net _41793_ only has one pin. Check if it is intended to be dangling.
[WARNING RSZ-0104] Net _41786_ only has one pin. Check if it is intended to be dangling.
[WARNING RSZ-0104] Net _41784_ only has one pin. Check if it is intended to be dangling.
[WARNING RSZ-0104] Net _41748_ only has one pin. Check if it is intended to be dangling.
[WARNING RSZ-0104] Net _41747_ only has one pin. Check if it is intended to be dangling.
    25000 |     +0.0% |       0 |       1 |             1 |     19251
    26000 |     +0.0% |       0 |       1 |             1 |     18251
[WARNING RSZ-0104] Net _43021_ only has one pin. Check if it is intended to be dangling.
[WARNING RSZ-0104] Net _43020_ only has one pin. Check if it is intended to be dangling.
[WARNING RSZ-0104] Net _43017_ only has one pin. Check if it is intended to be dangling.
[WARNING RSZ-0104] Net _43016_ only has one pin. Check if it is intended to be dangling.
[WARNING RSZ-0104] Net _43010_ only has one pin. Check if it is intended to be dangling.
[WARNING RSZ-0104] Net _43008_ only has one pin. Check if it is intended to be dangling.
[WARNING RSZ-0104] Net _42990_ only has one pin. Check if it is intended to be dangling.
[WARNING RSZ-0104] Net _42988_ only has one pin. Check if it is intended to be dangling.
[WARNING RSZ-0104] Net _42984_ only has one pin. Check if it is intended to be dangling.
[WARNING RSZ-0104] Net _42982_ only has one pin. Check if it is intended to be dangling.
[WARNING RSZ-0104] Net _42924_ only has one pin. Check if it is intended to be dangling.
[WARNING RSZ-0104] Net _42919_ only has one pin. Check if it is intended to be dangling.
[WARNING RSZ-0104] Net _42917_ only has one pin. Check if it is intended to be dangling.
[WARNING RSZ-0104] Net _42915_ only has one pin. Check if it is intended to be dangling.
[WARNING RSZ-0104] Net _42886_ only has one pin. Check if it is intended to be dangling.
[WARNING RSZ-0104] Net _42884_ only has one pin. Check if it is intended to be dangling.
[WARNING RSZ-0104] Net _42877_ only has one pin. Check if it is intended to be dangling.
[WARNING RSZ-0104] Net _42875_ only has one pin. Check if it is intended to be dangling.
[WARNING RSZ-0104] Net _42871_ only has one pin. Check if it is intended to be dangling.
[WARNING RSZ-0104] Net _42869_ only has one pin. Check if it is intended to be dangling.
[WARNING RSZ-0104] Net _42854_ only has one pin. Check if it is intended to be dangling.
[WARNING RSZ-0104] Net _42841_ only has one pin. Check if it is intended to be dangling.
[WARNING RSZ-0104] Net _42840_ only has one pin. Check if it is intended to be dangling.
[WARNING RSZ-0104] Net _42839_ only has one pin. Check if it is intended to be dangling.
[WARNING RSZ-0104] Net _42830_ only has one pin. Check if it is intended to be dangling.
[WARNING RSZ-0104] Net _42829_ only has one pin. Check if it is intended to be dangling.
[WARNING RSZ-0104] Net _42828_ only has one pin. Check if it is intended to be dangling.
[WARNING RSZ-0104] Net _42781_ only has one pin. Check if it is intended to be dangling.
[WARNING RSZ-0104] Net _42780_ only has one pin. Check if it is intended to be dangling.
[WARNING RSZ-0104] Net _42768_ only has one pin. Check if it is intended to be dangling.
[WARNING RSZ-0104] Net _42755_ only has one pin. Check if it is intended to be dangling.
[WARNING RSZ-0104] Net _42738_ only has one pin. Check if it is intended to be dangling.
[WARNING RSZ-0104] Net _42707_ only has one pin. Check if it is intended to be dangling.
[WARNING RSZ-0104] Net _42702_ only has one pin. Check if it is intended to be dangling.
[WARNING RSZ-0104] Net _42684_ only has one pin. Check if it is intended to be dangling.
[WARNING RSZ-0104] Net _42670_ only has one pin. Check if it is intended to be dangling.
[WARNING RSZ-0104] Net _42668_ only has one pin. Check if it is intended to be dangling.
[WARNING RSZ-0104] Net _42667_ only has one pin. Check if it is intended to be dangling.
[WARNING RSZ-0104] Net _42648_ only has one pin. Check if it is intended to be dangling.
[WARNING RSZ-0104] Net _42645_ only has one pin. Check if it is intended to be dangling.
[WARNING RSZ-0104] Net _42640_ only has one pin. Check if it is intended to be dangling.
[WARNING RSZ-0104] Net _42638_ only has one pin. Check if it is intended to be dangling.
[WARNING RSZ-0104] Net _42616_ only has one pin. Check if it is intended to be dangling.
[WARNING RSZ-0104] Net _42615_ only has one pin. Check if it is intended to be dangling.
[WARNING RSZ-0104] Net _42610_ only has one pin. Check if it is intended to be dangling.
[WARNING RSZ-0104] Net _42605_ only has one pin. Check if it is intended to be dangling.
[WARNING RSZ-0104] Net _42603_ only has one pin. Check if it is intended to be dangling.
[WARNING RSZ-0104] Net _42592_ only has one pin. Check if it is intended to be dangling.
[WARNING RSZ-0104] Net _42587_ only has one pin. Check if it is intended to be dangling.
[WARNING RSZ-0104] Net _42586_ only has one pin. Check if it is intended to be dangling.
[WARNING RSZ-0104] Net _42580_ only has one pin. Check if it is intended to be dangling.
[WARNING RSZ-0104] Net _42578_ only has one pin. Check if it is intended to be dangling.
[WARNING RSZ-0104] Net _42545_ only has one pin. Check if it is intended to be dangling.
[WARNING RSZ-0104] Net _42544_ only has one pin. Check if it is intended to be dangling.
[WARNING RSZ-0104] Net _42533_ only has one pin. Check if it is intended to be dangling.
[WARNING RSZ-0104] Net _42528_ only has one pin. Check if it is intended to be dangling.
[WARNING RSZ-0104] Net _42526_ only has one pin. Check if it is intended to be dangling.
[WARNING RSZ-0104] Net _42525_ only has one pin. Check if it is intended to be dangling.
[WARNING RSZ-0104] Net _42523_ only has one pin. Check if it is intended to be dangling.
[WARNING RSZ-0104] Net _42511_ only has one pin. Check if it is intended to be dangling.
[WARNING RSZ-0104] Net _42504_ only has one pin. Check if it is intended to be dangling.
[WARNING RSZ-0104] Net _42502_ only has one pin. Check if it is intended to be dangling.
[WARNING RSZ-0104] Net _42498_ only has one pin. Check if it is intended to be dangling.
[WARNING RSZ-0104] Net _42479_ only has one pin. Check if it is intended to be dangling.
[WARNING RSZ-0104] Net _42477_ only has one pin. Check if it is intended to be dangling.
[WARNING RSZ-0104] Net _42417_ only has one pin. Check if it is intended to be dangling.
[WARNING RSZ-0104] Net _42415_ only has one pin. Check if it is intended to be dangling.
[WARNING RSZ-0104] Net _42282_ only has one pin. Check if it is intended to be dangling.
[WARNING RSZ-0104] Net _42267_ only has one pin. Check if it is intended to be dangling.
[WARNING RSZ-0104] Net _42265_ only has one pin. Check if it is intended to be dangling.
[WARNING RSZ-0104] Net _42263_ only has one pin. Check if it is intended to be dangling.
[WARNING RSZ-0104] Net _42213_ only has one pin. Check if it is intended to be dangling.
[WARNING RSZ-0104] Net _42211_ only has one pin. Check if it is intended to be dangling.
[WARNING RSZ-0104] Net _42189_ only has one pin. Check if it is intended to be dangling.
[WARNING RSZ-0104] Net _42188_ only has one pin. Check if it is intended to be dangling.
[WARNING RSZ-0104] Net _42187_ only has one pin. Check if it is intended to be dangling.
[WARNING RSZ-0104] Net _42179_ only has one pin. Check if it is intended to be dangling.
[WARNING RSZ-0104] Net _42167_ only has one pin. Check if it is intended to be dangling.
[WARNING RSZ-0104] Net _42135_ only has one pin. Check if it is intended to be dangling.
[WARNING RSZ-0104] Net _42075_ only has one pin. Check if it is intended to be dangling.
[WARNING RSZ-0104] Net _42073_ only has one pin. Check if it is intended to be dangling.
[WARNING RSZ-0104] Net _42059_ only has one pin. Check if it is intended to be dangling.
[WARNING RSZ-0104] Net _42051_ only has one pin. Check if it is intended to be dangling.
[WARNING RSZ-0104] Net _42044_ only has one pin. Check if it is intended to be dangling.
[WARNING RSZ-0104] Net _42043_ only has one pin. Check if it is intended to be dangling.
[WARNING RSZ-0104] Net _42041_ only has one pin. Check if it is intended to be dangling.
[WARNING RSZ-0104] Net _42038_ only has one pin. Check if it is intended to be dangling.
[WARNING RSZ-0104] Net _42028_ only has one pin. Check if it is intended to be dangling.
[WARNING RSZ-0104] Net _42026_ only has one pin. Check if it is intended to be dangling.
[WARNING RSZ-0104] Net _42008_ only has one pin. Check if it is intended to be dangling.
[WARNING RSZ-0104] Net _41983_ only has one pin. Check if it is intended to be dangling.
[WARNING RSZ-0104] Net _41981_ only has one pin. Check if it is intended to be dangling.
[WARNING RSZ-0104] Net _41941_ only has one pin. Check if it is intended to be dangling.
[WARNING RSZ-0104] Net _41873_ only has one pin. Check if it is intended to be dangling.
[WARNING RSZ-0104] Net _41871_ only has one pin. Check if it is intended to be dangling.
[WARNING RSZ-0104] Net _41866_ only has one pin. Check if it is intended to be dangling.
[WARNING RSZ-0104] Net _41864_ only has one pin. Check if it is intended to be dangling.
[WARNING RSZ-0104] Net _41848_ only has one pin. Check if it is intended to be dangling.
[WARNING RSZ-0104] Net _41846_ only has one pin. Check if it is intended to be dangling.
[WARNING RSZ-0104] Net _41813_ only has one pin. Check if it is intended to be dangling.
[WARNING RSZ-0104] Net _41811_ only has one pin. Check if it is intended to be dangling.
[WARNING RSZ-0104] Net _41801_ only has one pin. Check if it is intended to be dangling.
[WARNING RSZ-0104] Net _41799_ only has one pin. Check if it is intended to be dangling.
[WARNING RSZ-0104] Net _41798_ only has one pin. Check if it is intended to be dangling.
[WARNING RSZ-0104] Net _41796_ only has one pin. Check if it is intended to be dangling.
[WARNING RSZ-0104] Net _41794_ only has one pin. Check if it is intended to be dangling.
[WARNING RSZ-0104] Net _41785_ only has one pin. Check if it is intended to be dangling.
    27000 |     +0.0% |       0 |       1 |             1 |     17251
    28000 |     +0.0% |       0 |       1 |             1 |     16251
[WARNING RSZ-0104] Net _43035_ only has one pin. Check if it is intended to be dangling.
[WARNING RSZ-0104] Net _43033_ only has one pin. Check if it is intended to be dangling.
[WARNING RSZ-0104] Net _43032_ only has one pin. Check if it is intended to be dangling.
[WARNING RSZ-0104] Net _43019_ only has one pin. Check if it is intended to be dangling.
[WARNING RSZ-0104] Net _43018_ only has one pin. Check if it is intended to be dangling.
[WARNING RSZ-0104] Net _43015_ only has one pin. Check if it is intended to be dangling.
[WARNING RSZ-0104] Net _43009_ only has one pin. Check if it is intended to be dangling.
[WARNING RSZ-0104] Net _43001_ only has one pin. Check if it is intended to be dangling.
[WARNING RSZ-0104] Net _42999_ only has one pin. Check if it is intended to be dangling.
[WARNING RSZ-0104] Net _42995_ only has one pin. Check if it is intended to be dangling.
[WARNING RSZ-0104] Net _42993_ only has one pin. Check if it is intended to be dangling.
[WARNING RSZ-0104] Net _42989_ only has one pin. Check if it is intended to be dangling.
[WARNING RSZ-0104] Net _42983_ only has one pin. Check if it is intended to be dangling.
[WARNING RSZ-0104] Net _42981_ only has one pin. Check if it is intended to be dangling.
[WARNING RSZ-0104] Net _42979_ only has one pin. Check if it is intended to be dangling.
[WARNING RSZ-0104] Net _42972_ only has one pin. Check if it is intended to be dangling.
[WARNING RSZ-0104] Net _42970_ only has one pin. Check if it is intended to be dangling.
[WARNING RSZ-0104] Net _42961_ only has one pin. Check if it is intended to be dangling.
[WARNING RSZ-0104] Net _42960_ only has one pin. Check if it is intended to be dangling.
[WARNING RSZ-0104] Net _42952_ only has one pin. Check if it is intended to be dangling.
[WARNING RSZ-0104] Net _42950_ only has one pin. Check if it is intended to be dangling.
[WARNING RSZ-0104] Net _42949_ only has one pin. Check if it is intended to be dangling.
[WARNING RSZ-0104] Net _42947_ only has one pin. Check if it is intended to be dangling.
[WARNING RSZ-0104] Net _42940_ only has one pin. Check if it is intended to be dangling.
[WARNING RSZ-0104] Net _42938_ only has one pin. Check if it is intended to be dangling.
[WARNING RSZ-0104] Net _42937_ only has one pin. Check if it is intended to be dangling.
[WARNING RSZ-0104] Net _42935_ only has one pin. Check if it is intended to be dangling.
[WARNING RSZ-0104] Net _42927_ only has one pin. Check if it is intended to be dangling.
[WARNING RSZ-0104] Net _42926_ only has one pin. Check if it is intended to be dangling.
[WARNING RSZ-0104] Net _42918_ only has one pin. Check if it is intended to be dangling.
[WARNING RSZ-0104] Net _42910_ only has one pin. Check if it is intended to be dangling.
[WARNING RSZ-0104] Net _42909_ only has one pin. Check if it is intended to be dangling.
[WARNING RSZ-0104] Net _42904_ only has one pin. Check if it is intended to be dangling.
    29000 |     +0.0% |       0 |       1 |             1 |     15251
[WARNING RSZ-0104] Net _42903_ only has one pin. Check if it is intended to be dangling.
[WARNING RSZ-0104] Net _42898_ only has one pin. Check if it is intended to be dangling.
[WARNING RSZ-0104] Net _42897_ only has one pin. Check if it is intended to be dangling.
[WARNING RSZ-0104] Net _42896_ only has one pin. Check if it is intended to be dangling.
[WARNING RSZ-0104] Net _42889_ only has one pin. Check if it is intended to be dangling.
[WARNING RSZ-0104] Net _42888_ only has one pin. Check if it is intended to be dangling.
[WARNING RSZ-0104] Net _42885_ only has one pin. Check if it is intended to be dangling.
[WARNING RSZ-0104] Net _42883_ only has one pin. Check if it is intended to be dangling.
[WARNING RSZ-0104] Net _42881_ only has one pin. Check if it is intended to be dangling.
[WARNING RSZ-0104] Net _42880_ only has one pin. Check if it is intended to be dangling.
[WARNING RSZ-0104] Net _42878_ only has one pin. Check if it is intended to be dangling.
[WARNING RSZ-0104] Net _42876_ only has one pin. Check if it is intended to be dangling.
[WARNING RSZ-0104] Net _42870_ only has one pin. Check if it is intended to be dangling.
[WARNING RSZ-0104] Net _42865_ only has one pin. Check if it is intended to be dangling.
[WARNING RSZ-0104] Net _42864_ only has one pin. Check if it is intended to be dangling.
[WARNING RSZ-0104] Net _42863_ only has one pin. Check if it is intended to be dangling.
[WARNING RSZ-0104] Net _42862_ only has one pin. Check if it is intended to be dangling.
[WARNING RSZ-0104] Net _42861_ only has one pin. Check if it is intended to be dangling.
[WARNING RSZ-0104] Net _42860_ only has one pin. Check if it is intended to be dangling.
[WARNING RSZ-0104] Net _42853_ only has one pin. Check if it is intended to be dangling.
[WARNING RSZ-0104] Net _42852_ only has one pin. Check if it is intended to be dangling.
[WARNING RSZ-0104] Net _42850_ only has one pin. Check if it is intended to be dangling.
[WARNING RSZ-0104] Net _42848_ only has one pin. Check if it is intended to be dangling.
[WARNING RSZ-0104] Net _42842_ only has one pin. Check if it is intended to be dangling.
[WARNING RSZ-0104] Net _42833_ only has one pin. Check if it is intended to be dangling.
[WARNING RSZ-0104] Net _42831_ only has one pin. Check if it is intended to be dangling.
[WARNING RSZ-0104] Net _42809_ only has one pin. Check if it is intended to be dangling.
[WARNING RSZ-0104] Net _42807_ only has one pin. Check if it is intended to be dangling.
[WARNING RSZ-0104] Net _42800_ only has one pin. Check if it is intended to be dangling.
[WARNING RSZ-0104] Net _42779_ only has one pin. Check if it is intended to be dangling.
[WARNING RSZ-0104] Net _42778_ only has one pin. Check if it is intended to be dangling.
[WARNING RSZ-0104] Net _42776_ only has one pin. Check if it is intended to be dangling.
[WARNING RSZ-0104] Net _42760_ only has one pin. Check if it is intended to be dangling.
[WARNING RSZ-0104] Net _42759_ only has one pin. Check if it is intended to be dangling.
[WARNING RSZ-0104] Net _42754_ only has one pin. Check if it is intended to be dangling.
[WARNING RSZ-0104] Net _42752_ only has one pin. Check if it is intended to be dangling.
[WARNING RSZ-0104] Net _42745_ only has one pin. Check if it is intended to be dangling.
[WARNING RSZ-0104] Net _42743_ only has one pin. Check if it is intended to be dangling.
[WARNING RSZ-0104] Net _42729_ only has one pin. Check if it is intended to be dangling.
[WARNING RSZ-0104] Net _42727_ only has one pin. Check if it is intended to be dangling.
[WARNING RSZ-0104] Net _42721_ only has one pin. Check if it is intended to be dangling.
[WARNING RSZ-0104] Net _42713_ only has one pin. Check if it is intended to be dangling.
[WARNING RSZ-0104] Net _42701_ only has one pin. Check if it is intended to be dangling.
[WARNING RSZ-0104] Net _42700_ only has one pin. Check if it is intended to be dangling.
[WARNING RSZ-0104] Net _42693_ only has one pin. Check if it is intended to be dangling.
[WARNING RSZ-0104] Net _42692_ only has one pin. Check if it is intended to be dangling.
[WARNING RSZ-0104] Net _42688_ only has one pin. Check if it is intended to be dangling.
[WARNING RSZ-0104] Net _42686_ only has one pin. Check if it is intended to be dangling.
[WARNING RSZ-0104] Net _42676_ only has one pin. Check if it is intended to be dangling.
[WARNING RSZ-0104] Net _42675_ only has one pin. Check if it is intended to be dangling.
[WARNING RSZ-0104] Net _42673_ only has one pin. Check if it is intended to be dangling.
[WARNING RSZ-0104] Net _42671_ only has one pin. Check if it is intended to be dangling.
[WARNING RSZ-0104] Net _42669_ only has one pin. Check if it is intended to be dangling.
[WARNING RSZ-0104] Net _42664_ only has one pin. Check if it is intended to be dangling.
[WARNING RSZ-0104] Net _42663_ only has one pin. Check if it is intended to be dangling.
[WARNING RSZ-0104] Net _42659_ only has one pin. Check if it is intended to be dangling.
[WARNING RSZ-0104] Net _42658_ only has one pin. Check if it is intended to be dangling.
[WARNING RSZ-0104] Net _42651_ only has one pin. Check if it is intended to be dangling.
[WARNING RSZ-0104] Net _42650_ only has one pin. Check if it is intended to be dangling.
[WARNING RSZ-0104] Net _42644_ only has one pin. Check if it is intended to be dangling.
[WARNING RSZ-0104] Net _42643_ only has one pin. Check if it is intended to be dangling.
[WARNING RSZ-0104] Net _42639_ only has one pin. Check if it is intended to be dangling.
[WARNING RSZ-0104] Net _42627_ only has one pin. Check if it is intended to be dangling.
[WARNING RSZ-0104] Net _42626_ only has one pin. Check if it is intended to be dangling.
[WARNING RSZ-0104] Net _42623_ only has one pin. Check if it is intended to be dangling.
[WARNING RSZ-0104] Net _42622_ only has one pin. Check if it is intended to be dangling.
[WARNING RSZ-0104] Net _42614_ only has one pin. Check if it is intended to be dangling.
[WARNING RSZ-0104] Net _42608_ only has one pin. Check if it is intended to be dangling.
[WARNING RSZ-0104] Net _42606_ only has one pin. Check if it is intended to be dangling.
[WARNING RSZ-0104] Net _42604_ only has one pin. Check if it is intended to be dangling.
[WARNING RSZ-0104] Net _42599_ only has one pin. Check if it is intended to be dangling.
[WARNING RSZ-0104] Net _42597_ only has one pin. Check if it is intended to be dangling.
[WARNING RSZ-0104] Net _42579_ only has one pin. Check if it is intended to be dangling.
[WARNING RSZ-0104] Net _42570_ only has one pin. Check if it is intended to be dangling.
[WARNING RSZ-0104] Net _42568_ only has one pin. Check if it is intended to be dangling.
[WARNING RSZ-0104] Net _42559_ only has one pin. Check if it is intended to be dangling.
[WARNING RSZ-0104] Net _42558_ only has one pin. Check if it is intended to be dangling.
[WARNING RSZ-0104] Net _42556_ only has one pin. Check if it is intended to be dangling.
[WARNING RSZ-0104] Net _42554_ only has one pin. Check if it is intended to be dangling.
[WARNING RSZ-0104] Net _42547_ only has one pin. Check if it is intended to be dangling.
[WARNING RSZ-0104] Net _42546_ only has one pin. Check if it is intended to be dangling.
[WARNING RSZ-0104] Net _42543_ only has one pin. Check if it is intended to be dangling.
[WARNING RSZ-0104] Net _42542_ only has one pin. Check if it is intended to be dangling.
[WARNING RSZ-0104] Net _42541_ only has one pin. Check if it is intended to be dangling.
[WARNING RSZ-0104] Net _42540_ only has one pin. Check if it is intended to be dangling.
[WARNING RSZ-0104] Net _42538_ only has one pin. Check if it is intended to be dangling.
[WARNING RSZ-0104] Net _42536_ only has one pin. Check if it is intended to be dangling.
[WARNING RSZ-0104] Net _42527_ only has one pin. Check if it is intended to be dangling.
[WARNING RSZ-0104] Net _42524_ only has one pin. Check if it is intended to be dangling.
[WARNING RSZ-0104] Net _42522_ only has one pin. Check if it is intended to be dangling.
[WARNING RSZ-0104] Net _42520_ only has one pin. Check if it is intended to be dangling.
[WARNING RSZ-0104] Net _42516_ only has one pin. Check if it is intended to be dangling.
[WARNING RSZ-0104] Net _42512_ only has one pin. Check if it is intended to be dangling.
[WARNING RSZ-0104] Net _42510_ only has one pin. Check if it is intended to be dangling.
[WARNING RSZ-0104] Net _42508_ only has one pin. Check if it is intended to be dangling.
[WARNING RSZ-0104] Net _42507_ only has one pin. Check if it is intended to be dangling.
[WARNING RSZ-0104] Net _42505_ only has one pin. Check if it is intended to be dangling.
[WARNING RSZ-0104] Net _42503_ only has one pin. Check if it is intended to be dangling.
[WARNING RSZ-0104] Net _42497_ only has one pin. Check if it is intended to be dangling.
[WARNING RSZ-0104] Net _42490_ only has one pin. Check if it is intended to be dangling.
[WARNING RSZ-0104] Net _42478_ only has one pin. Check if it is intended to be dangling.
[WARNING RSZ-0104] Net _42476_ only has one pin. Check if it is intended to be dangling.
[WARNING RSZ-0104] Net _42474_ only has one pin. Check if it is intended to be dangling.
[WARNING RSZ-0104] Net _42473_ only has one pin. Check if it is intended to be dangling.
[WARNING RSZ-0104] Net _42471_ only has one pin. Check if it is intended to be dangling.
[WARNING RSZ-0104] Net _42465_ only has one pin. Check if it is intended to be dangling.
[WARNING RSZ-0104] Net _42464_ only has one pin. Check if it is intended to be dangling.
[WARNING RSZ-0104] Net _42462_ only has one pin. Check if it is intended to be dangling.
[WARNING RSZ-0104] Net _42460_ only has one pin. Check if it is intended to be dangling.
[WARNING RSZ-0104] Net _42453_ only has one pin. Check if it is intended to be dangling.
[WARNING RSZ-0104] Net _42452_ only has one pin. Check if it is intended to be dangling.
[WARNING RSZ-0104] Net _42451_ only has one pin. Check if it is intended to be dangling.
[WARNING RSZ-0104] Net _42450_ only has one pin. Check if it is intended to be dangling.
[WARNING RSZ-0104] Net _42449_ only has one pin. Check if it is intended to be dangling.
[WARNING RSZ-0104] Net _42438_ only has one pin. Check if it is intended to be dangling.
[WARNING RSZ-0104] Net _42436_ only has one pin. Check if it is intended to be dangling.
[WARNING RSZ-0104] Net _42435_ only has one pin. Check if it is intended to be dangling.
[WARNING RSZ-0104] Net _42433_ only has one pin. Check if it is intended to be dangling.
[WARNING RSZ-0104] Net _42423_ only has one pin. Check if it is intended to be dangling.
[WARNING RSZ-0104] Net _42421_ only has one pin. Check if it is intended to be dangling.
[WARNING RSZ-0104] Net _42420_ only has one pin. Check if it is intended to be dangling.
[WARNING RSZ-0104] Net _42418_ only has one pin. Check if it is intended to be dangling.
[WARNING RSZ-0104] Net _42416_ only has one pin. Check if it is intended to be dangling.
[WARNING RSZ-0104] Net _42411_ only has one pin. Check if it is intended to be dangling.
[WARNING RSZ-0104] Net _42409_ only has one pin. Check if it is intended to be dangling.
[WARNING RSZ-0104] Net _42408_ only has one pin. Check if it is intended to be dangling.
[WARNING RSZ-0104] Net _42406_ only has one pin. Check if it is intended to be dangling.
[WARNING RSZ-0104] Net _42390_ only has one pin. Check if it is intended to be dangling.
[WARNING RSZ-0104] Net _42388_ only has one pin. Check if it is intended to be dangling.
[WARNING RSZ-0104] Net _42375_ only has one pin. Check if it is intended to be dangling.
[WARNING RSZ-0104] Net _42373_ only has one pin. Check if it is intended to be dangling.
[WARNING RSZ-0104] Net _42369_ only has one pin. Check if it is intended to be dangling.
[WARNING RSZ-0104] Net _42367_ only has one pin. Check if it is intended to be dangling.
[WARNING RSZ-0104] Net _42330_ only has one pin. Check if it is intended to be dangling.
[WARNING RSZ-0104] Net _42328_ only has one pin. Check if it is intended to be dangling.
[WARNING RSZ-0104] Net _42314_ only has one pin. Check if it is intended to be dangling.
[WARNING RSZ-0104] Net _42313_ only has one pin. Check if it is intended to be dangling.
[WARNING RSZ-0104] Net _42311_ only has one pin. Check if it is intended to be dangling.
[WARNING RSZ-0104] Net _42302_ only has one pin. Check if it is intended to be dangling.
[WARNING RSZ-0104] Net _42301_ only has one pin. Check if it is intended to be dangling.
[WARNING RSZ-0104] Net _42300_ only has one pin. Check if it is intended to be dangling.
[WARNING RSZ-0104] Net _42298_ only has one pin. Check if it is intended to be dangling.
[WARNING RSZ-0104] Net _42292_ only has one pin. Check if it is intended to be dangling.
[WARNING RSZ-0104] Net _42288_ only has one pin. Check if it is intended to be dangling.
[WARNING RSZ-0104] Net _42286_ only has one pin. Check if it is intended to be dangling.
[WARNING RSZ-0104] Net _42285_ only has one pin. Check if it is intended to be dangling.
[WARNING RSZ-0104] Net _42284_ only has one pin. Check if it is intended to be dangling.
[WARNING RSZ-0104] Net _42264_ only has one pin. Check if it is intended to be dangling.
[WARNING RSZ-0104] Net _42258_ only has one pin. Check if it is intended to be dangling.
[WARNING RSZ-0104] Net _42257_ only has one pin. Check if it is intended to be dangling.
[WARNING RSZ-0104] Net _42256_ only has one pin. Check if it is intended to be dangling.
[WARNING RSZ-0104] Net _42255_ only has one pin. Check if it is intended to be dangling.
[WARNING RSZ-0104] Net _42254_ only has one pin. Check if it is intended to be dangling.
[WARNING RSZ-0104] Net _42242_ only has one pin. Check if it is intended to be dangling.
[WARNING RSZ-0104] Net _42241_ only has one pin. Check if it is intended to be dangling.
[WARNING RSZ-0104] Net _42232_ only has one pin. Check if it is intended to be dangling.
[WARNING RSZ-0104] Net _42231_ only has one pin. Check if it is intended to be dangling.
[WARNING RSZ-0104] Net _42230_ only has one pin. Check if it is intended to be dangling.
[WARNING RSZ-0104] Net _42229_ only has one pin. Check if it is intended to be dangling.
[WARNING RSZ-0104] Net _42226_ only has one pin. Check if it is intended to be dangling.
[WARNING RSZ-0104] Net _42225_ only has one pin. Check if it is intended to be dangling.
[WARNING RSZ-0104] Net _42212_ only has one pin. Check if it is intended to be dangling.
[WARNING RSZ-0104] Net _42194_ only has one pin. Check if it is intended to be dangling.
[WARNING RSZ-0104] Net _42193_ only has one pin. Check if it is intended to be dangling.
[WARNING RSZ-0104] Net _42192_ only has one pin. Check if it is intended to be dangling.
[WARNING RSZ-0104] Net _42190_ only has one pin. Check if it is intended to be dangling.
[WARNING RSZ-0104] Net _42178_ only has one pin. Check if it is intended to be dangling.
[WARNING RSZ-0104] Net _42177_ only has one pin. Check if it is intended to be dangling.
[WARNING RSZ-0104] Net _42175_ only has one pin. Check if it is intended to be dangling.
[WARNING RSZ-0104] Net _42173_ only has one pin. Check if it is intended to be dangling.
[WARNING RSZ-0104] Net _42161_ only has one pin. Check if it is intended to be dangling.
[WARNING RSZ-0104] Net _42155_ only has one pin. Check if it is intended to be dangling.
[WARNING RSZ-0104] Net _42128_ only has one pin. Check if it is intended to be dangling.
[WARNING RSZ-0104] Net _42126_ only has one pin. Check if it is intended to be dangling.
[WARNING RSZ-0104] Net _42125_ only has one pin. Check if it is intended to be dangling.
[WARNING RSZ-0104] Net _42124_ only has one pin. Check if it is intended to be dangling.
[WARNING RSZ-0104] Net _42123_ only has one pin. Check if it is intended to be dangling.
[WARNING RSZ-0104] Net _42118_ only has one pin. Check if it is intended to be dangling.
[WARNING RSZ-0104] Net _42116_ only has one pin. Check if it is intended to be dangling.
[WARNING RSZ-0104] Net _42104_ only has one pin. Check if it is intended to be dangling.
[WARNING RSZ-0104] Net _42103_ only has one pin. Check if it is intended to be dangling.
[WARNING RSZ-0104] Net _42102_ only has one pin. Check if it is intended to be dangling.
[WARNING RSZ-0104] Net _42074_ only has one pin. Check if it is intended to be dangling.
[WARNING RSZ-0104] Net _42069_ only has one pin. Check if it is intended to be dangling.
[WARNING RSZ-0104] Net _42067_ only has one pin. Check if it is intended to be dangling.
[WARNING RSZ-0104] Net _42065_ only has one pin. Check if it is intended to be dangling.
[WARNING RSZ-0104] Net _42042_ only has one pin. Check if it is intended to be dangling.
[WARNING RSZ-0104] Net _42033_ only has one pin. Check if it is intended to be dangling.
[WARNING RSZ-0104] Net _42032_ only has one pin. Check if it is intended to be dangling.
[WARNING RSZ-0104] Net _42030_ only has one pin. Check if it is intended to be dangling.
[WARNING RSZ-0104] Net _42027_ only has one pin. Check if it is intended to be dangling.
[WARNING RSZ-0104] Net _42022_ only has one pin. Check if it is intended to be dangling.
[WARNING RSZ-0104] Net _42020_ only has one pin. Check if it is intended to be dangling.
[WARNING RSZ-0104] Net _42019_ only has one pin. Check if it is intended to be dangling.
[WARNING RSZ-0104] Net _42018_ only has one pin. Check if it is intended to be dangling.
[WARNING RSZ-0104] Net _41982_ only has one pin. Check if it is intended to be dangling.
[WARNING RSZ-0104] Net _41980_ only has one pin. Check if it is intended to be dangling.
[WARNING RSZ-0104] Net _41978_ only has one pin. Check if it is intended to be dangling.
[WARNING RSZ-0104] Net _41969_ only has one pin. Check if it is intended to be dangling.
[WARNING RSZ-0104] Net _41967_ only has one pin. Check if it is intended to be dangling.
[WARNING RSZ-0104] Net _41956_ only has one pin. Check if it is intended to be dangling.
[WARNING RSZ-0104] Net _41955_ only has one pin. Check if it is intended to be dangling.
[WARNING RSZ-0104] Net _41951_ only has one pin. Check if it is intended to be dangling.
[WARNING RSZ-0104] Net _41949_ only has one pin. Check if it is intended to be dangling.
[WARNING RSZ-0104] Net _41930_ only has one pin. Check if it is intended to be dangling.
[WARNING RSZ-0104] Net _41928_ only has one pin. Check if it is intended to be dangling.
[WARNING RSZ-0104] Net _41917_ only has one pin. Check if it is intended to be dangling.
[WARNING RSZ-0104] Net _41872_ only has one pin. Check if it is intended to be dangling.
[WARNING RSZ-0104] Net _41865_ only has one pin. Check if it is intended to be dangling.
[WARNING RSZ-0104] Net _41863_ only has one pin. Check if it is intended to be dangling.
[WARNING RSZ-0104] Net _41861_ only has one pin. Check if it is intended to be dangling.
[WARNING RSZ-0104] Net _41860_ only has one pin. Check if it is intended to be dangling.
[WARNING RSZ-0104] Net _41859_ only has one pin. Check if it is intended to be dangling.
[WARNING RSZ-0104] Net _41854_ only has one pin. Check if it is intended to be dangling.
[WARNING RSZ-0104] Net _41852_ only has one pin. Check if it is intended to be dangling.
[WARNING RSZ-0104] Net _41850_ only has one pin. Check if it is intended to be dangling.
[WARNING RSZ-0104] Net _41849_ only has one pin. Check if it is intended to be dangling.
[WARNING RSZ-0104] Net _41847_ only has one pin. Check if it is intended to be dangling.
[WARNING RSZ-0104] Net _41845_ only has one pin. Check if it is intended to be dangling.
[WARNING RSZ-0104] Net _41843_ only has one pin. Check if it is intended to be dangling.
[WARNING RSZ-0104] Net _41842_ only has one pin. Check if it is intended to be dangling.
[WARNING RSZ-0104] Net _41840_ only has one pin. Check if it is intended to be dangling.
[WARNING RSZ-0104] Net _41827_ only has one pin. Check if it is intended to be dangling.
[WARNING RSZ-0104] Net _41825_ only has one pin. Check if it is intended to be dangling.
[WARNING RSZ-0104] Net _41812_ only has one pin. Check if it is intended to be dangling.
[WARNING RSZ-0104] Net _41800_ only has one pin. Check if it is intended to be dangling.
[WARNING RSZ-0104] Net _41797_ only has one pin. Check if it is intended to be dangling.
[WARNING RSZ-0104] Net _41792_ only has one pin. Check if it is intended to be dangling.
[WARNING RSZ-0104] Net _41790_ only has one pin. Check if it is intended to be dangling.
[WARNING RSZ-0104] Net _41789_ only has one pin. Check if it is intended to be dangling.
[WARNING RSZ-0104] Net _41788_ only has one pin. Check if it is intended to be dangling.
[WARNING RSZ-0104] Net _41787_ only has one pin. Check if it is intended to be dangling.
[WARNING RSZ-0104] Net _41760_ only has one pin. Check if it is intended to be dangling.
[WARNING RSZ-0104] Net _41758_ only has one pin. Check if it is intended to be dangling.
[WARNING RSZ-0104] Net _41756_ only has one pin. Check if it is intended to be dangling.
[WARNING RSZ-0104] Net _41755_ only has one pin. Check if it is intended to be dangling.
[WARNING RSZ-0104] Net _41750_ only has one pin. Check if it is intended to be dangling.
[WARNING RSZ-0104] Net _41749_ only has one pin. Check if it is intended to be dangling.
    30000 |     +0.0% |       0 |       1 |             1 |     14251
    31000 |     +0.0% |       0 |       1 |             1 |     13251
[WARNING RSZ-0104] Net _43031_ only has one pin. Check if it is intended to be dangling.
[WARNING RSZ-0104] Net _43029_ only has one pin. Check if it is intended to be dangling.
[WARNING RSZ-0104] Net _43023_ only has one pin. Check if it is intended to be dangling.
[WARNING RSZ-0104] Net _43014_ only has one pin. Check if it is intended to be dangling.
[WARNING RSZ-0104] Net _43013_ only has one pin. Check if it is intended to be dangling.
[WARNING RSZ-0104] Net _43011_ only has one pin. Check if it is intended to be dangling.
[WARNING RSZ-0104] Net _43004_ only has one pin. Check if it is intended to be dangling.
[WARNING RSZ-0104] Net _43002_ only has one pin. Check if it is intended to be dangling.
[WARNING RSZ-0104] Net _43000_ only has one pin. Check if it is intended to be dangling.
[WARNING RSZ-0104] Net _42994_ only has one pin. Check if it is intended to be dangling.
[WARNING RSZ-0104] Net _42992_ only has one pin. Check if it is intended to be dangling.
[WARNING RSZ-0104] Net _42991_ only has one pin. Check if it is intended to be dangling.
[WARNING RSZ-0104] Net _42987_ only has one pin. Check if it is intended to be dangling.
[WARNING RSZ-0104] Net _42985_ only has one pin. Check if it is intended to be dangling.
[WARNING RSZ-0104] Net _42980_ only has one pin. Check if it is intended to be dangling.
[WARNING RSZ-0104] Net _42975_ only has one pin. Check if it is intended to be dangling.
[WARNING RSZ-0104] Net _42974_ only has one pin. Check if it is intended to be dangling.
[WARNING RSZ-0104] Net _42971_ only has one pin. Check if it is intended to be dangling.
[WARNING RSZ-0104] Net _42969_ only has one pin. Check if it is intended to be dangling.
[WARNING RSZ-0104] Net _42968_ only has one pin. Check if it is intended to be dangling.
[WARNING RSZ-0104] Net _42963_ only has one pin. Check if it is intended to be dangling.
[WARNING RSZ-0104] Net _42962_ only has one pin. Check if it is intended to be dangling.
[WARNING RSZ-0104] Net _42959_ only has one pin. Check if it is intended to be dangling.
[WARNING RSZ-0104] Net _42957_ only has one pin. Check if it is intended to be dangling.
[WARNING RSZ-0104] Net _42955_ only has one pin. Check if it is intended to be dangling.
[WARNING RSZ-0104] Net _42953_ only has one pin. Check if it is intended to be dangling.
[WARNING RSZ-0104] Net _42951_ only has one pin. Check if it is intended to be dangling.
[WARNING RSZ-0104] Net _42948_ only has one pin. Check if it is intended to be dangling.
[WARNING RSZ-0104] Net _42939_ only has one pin. Check if it is intended to be dangling.
[WARNING RSZ-0104] Net _42936_ only has one pin. Check if it is intended to be dangling.
[WARNING RSZ-0104] Net _42931_ only has one pin. Check if it is intended to be dangling.
[WARNING RSZ-0104] Net _42929_ only has one pin. Check if it is intended to be dangling.
[WARNING RSZ-0104] Net _42928_ only has one pin. Check if it is intended to be dangling.
[WARNING RSZ-0104] Net _42913_ only has one pin. Check if it is intended to be dangling.
[WARNING RSZ-0104] Net _42911_ only has one pin. Check if it is intended to be dangling.
[WARNING RSZ-0104] Net _42908_ only has one pin. Check if it is intended to be dangling.
[WARNING RSZ-0104] Net _42907_ only has one pin. Check if it is intended to be dangling.
[WARNING RSZ-0104] Net _42905_ only has one pin. Check if it is intended to be dangling.
[WARNING RSZ-0104] Net _42902_ only has one pin. Check if it is intended to be dangling.
[WARNING RSZ-0104] Net _42895_ only has one pin. Check if it is intended to be dangling.
[WARNING RSZ-0104] Net _42892_ only has one pin. Check if it is intended to be dangling.
[WARNING RSZ-0104] Net _42891_ only has one pin. Check if it is intended to be dangling.
[WARNING RSZ-0104] Net _42890_ only has one pin. Check if it is intended to be dangling.
[WARNING RSZ-0104] Net _42887_ only has one pin. Check if it is intended to be dangling.
[WARNING RSZ-0104] Net _42882_ only has one pin. Check if it is intended to be dangling.
[WARNING RSZ-0104] Net _42879_ only has one pin. Check if it is intended to be dangling.
[WARNING RSZ-0104] Net _42858_ only has one pin. Check if it is intended to be dangling.
[WARNING RSZ-0104] Net _42851_ only has one pin. Check if it is intended to be dangling.
[WARNING RSZ-0104] Net _42849_ only has one pin. Check if it is intended to be dangling.
[WARNING RSZ-0104] Net _42844_ only has one pin. Check if it is intended to be dangling.
[WARNING RSZ-0104] Net _42836_ only has one pin. Check if it is intended to be dangling.
[WARNING RSZ-0104] Net _42834_ only has one pin. Check if it is intended to be dangling.
[WARNING RSZ-0104] Net _42832_ only has one pin. Check if it is intended to be dangling.
[WARNING RSZ-0104] Net _42827_ only has one pin. Check if it is intended to be dangling.
[WARNING RSZ-0104] Net _42825_ only has one pin. Check if it is intended to be dangling.
[WARNING RSZ-0104] Net _42824_ only has one pin. Check if it is intended to be dangling.
[WARNING RSZ-0104] Net _42823_ only has one pin. Check if it is intended to be dangling.
[WARNING RSZ-0104] Net _42822_ only has one pin. Check if it is intended to be dangling.
[WARNING RSZ-0104] Net _42821_ only has one pin. Check if it is intended to be dangling.
[WARNING RSZ-0104] Net _42820_ only has one pin. Check if it is intended to be dangling.
[WARNING RSZ-0104] Net _42818_ only has one pin. Check if it is intended to be dangling.
[WARNING RSZ-0104] Net _42817_ only has one pin. Check if it is intended to be dangling.
[WARNING RSZ-0104] Net _42815_ only has one pin. Check if it is intended to be dangling.
[WARNING RSZ-0104] Net _42813_ only has one pin. Check if it is intended to be dangling.
[WARNING RSZ-0104] Net _42812_ only has one pin. Check if it is intended to be dangling.
[WARNING RSZ-0104] Net _42811_ only has one pin. Check if it is intended to be dangling.
[WARNING RSZ-0104] Net _42808_ only has one pin. Check if it is intended to be dangling.
[WARNING RSZ-0104] Net _42799_ only has one pin. Check if it is intended to be dangling.
[WARNING RSZ-0104] Net _42798_ only has one pin. Check if it is intended to be dangling.
[WARNING RSZ-0104] Net _42796_ only has one pin. Check if it is intended to be dangling.
[WARNING RSZ-0104] Net _42795_ only has one pin. Check if it is intended to be dangling.
[WARNING RSZ-0104] Net _42794_ only has one pin. Check if it is intended to be dangling.
[WARNING RSZ-0104] Net _42793_ only has one pin. Check if it is intended to be dangling.
[WARNING RSZ-0104] Net _42786_ only has one pin. Check if it is intended to be dangling.
[WARNING RSZ-0104] Net _42784_ only has one pin. Check if it is intended to be dangling.
[WARNING RSZ-0104] Net _42783_ only has one pin. Check if it is intended to be dangling.
[WARNING RSZ-0104] Net _42782_ only has one pin. Check if it is intended to be dangling.
[WARNING RSZ-0104] Net _42777_ only has one pin. Check if it is intended to be dangling.
[WARNING RSZ-0104] Net _42775_ only has one pin. Check if it is intended to be dangling.
[WARNING RSZ-0104] Net _42773_ only has one pin. Check if it is intended to be dangling.
[WARNING RSZ-0104] Net _42772_ only has one pin. Check if it is intended to be dangling.
[WARNING RSZ-0104] Net _42770_ only has one pin. Check if it is intended to be dangling.
[WARNING RSZ-0104] Net _42766_ only has one pin. Check if it is intended to be dangling.
[WARNING RSZ-0104] Net _42765_ only has one pin. Check if it is intended to be dangling.
[WARNING RSZ-0104] Net _42764_ only has one pin. Check if it is intended to be dangling.
[WARNING RSZ-0104] Net _42763_ only has one pin. Check if it is intended to be dangling.
[WARNING RSZ-0104] Net _42758_ only has one pin. Check if it is intended to be dangling.
[WARNING RSZ-0104] Net _42757_ only has one pin. Check if it is intended to be dangling.
[WARNING RSZ-0104] Net _42756_ only has one pin. Check if it is intended to be dangling.
[WARNING RSZ-0104] Net _42753_ only has one pin. Check if it is intended to be dangling.
[WARNING RSZ-0104] Net _42744_ only has one pin. Check if it is intended to be dangling.
[WARNING RSZ-0104] Net _42742_ only has one pin. Check if it is intended to be dangling.
[WARNING RSZ-0104] Net _42741_ only has one pin. Check if it is intended to be dangling.
[WARNING RSZ-0104] Net _42740_ only has one pin. Check if it is intended to be dangling.
[WARNING RSZ-0104] Net _42734_ only has one pin. Check if it is intended to be dangling.
[WARNING RSZ-0104] Net _42733_ only has one pin. Check if it is intended to be dangling.
[WARNING RSZ-0104] Net _42728_ only has one pin. Check if it is intended to be dangling.
[WARNING RSZ-0104] Net _42723_ only has one pin. Check if it is intended to be dangling.
[WARNING RSZ-0104] Net _42722_ only has one pin. Check if it is intended to be dangling.
[WARNING RSZ-0104] Net _42720_ only has one pin. Check if it is intended to be dangling.
[WARNING RSZ-0104] Net _42719_ only has one pin. Check if it is intended to be dangling.
[WARNING RSZ-0104] Net _42718_ only has one pin. Check if it is intended to be dangling.
[WARNING RSZ-0104] Net _42717_ only has one pin. Check if it is intended to be dangling.
[WARNING RSZ-0104] Net _42716_ only has one pin. Check if it is intended to be dangling.
[WARNING RSZ-0104] Net _42714_ only has one pin. Check if it is intended to be dangling.
[WARNING RSZ-0104] Net _42712_ only has one pin. Check if it is intended to be dangling.
[WARNING RSZ-0104] Net _42711_ only has one pin. Check if it is intended to be dangling.
[WARNING RSZ-0104] Net _42709_ only has one pin. Check if it is intended to be dangling.
[WARNING RSZ-0104] Net _42705_ only has one pin. Check if it is intended to be dangling.
[WARNING RSZ-0104] Net _42704_ only has one pin. Check if it is intended to be dangling.
[WARNING RSZ-0104] Net _42697_ only has one pin. Check if it is intended to be dangling.
[WARNING RSZ-0104] Net _42696_ only has one pin. Check if it is intended to be dangling.
[WARNING RSZ-0104] Net _42691_ only has one pin. Check if it is intended to be dangling.
[WARNING RSZ-0104] Net _42690_ only has one pin. Check if it is intended to be dangling.
[WARNING RSZ-0104] Net _42689_ only has one pin. Check if it is intended to be dangling.
[WARNING RSZ-0104] Net _42687_ only has one pin. Check if it is intended to be dangling.
[WARNING RSZ-0104] Net _42680_ only has one pin. Check if it is intended to be dangling.
[WARNING RSZ-0104] Net _42677_ only has one pin. Check if it is intended to be dangling.
[WARNING RSZ-0104] Net _42674_ only has one pin. Check if it is intended to be dangling.
[WARNING RSZ-0104] Net _42672_ only has one pin. Check if it is intended to be dangling.
[WARNING RSZ-0104] Net _42657_ only has one pin. Check if it is intended to be dangling.
[WARNING RSZ-0104] Net _42655_ only has one pin. Check if it is intended to be dangling.
[WARNING RSZ-0104] Net _42649_ only has one pin. Check if it is intended to be dangling.
[WARNING RSZ-0104] Net _42647_ only has one pin. Check if it is intended to be dangling.
[WARNING RSZ-0104] Net _42646_ only has one pin. Check if it is intended to be dangling.
[WARNING RSZ-0104] Net _42634_ only has one pin. Check if it is intended to be dangling.
[WARNING RSZ-0104] Net _42633_ only has one pin. Check if it is intended to be dangling.
[WARNING RSZ-0104] Net _42632_ only has one pin. Check if it is intended to be dangling.
[WARNING RSZ-0104] Net _42630_ only has one pin. Check if it is intended to be dangling.
[WARNING RSZ-0104] Net _42617_ only has one pin. Check if it is intended to be dangling.
[WARNING RSZ-0104] Net _42611_ only has one pin. Check if it is intended to be dangling.
[WARNING RSZ-0104] Net _42607_ only has one pin. Check if it is intended to be dangling.
[WARNING RSZ-0104] Net _42602_ only has one pin. Check if it is intended to be dangling.
[WARNING RSZ-0104] Net _42600_ only has one pin. Check if it is intended to be dangling.
[WARNING RSZ-0104] Net _42598_ only has one pin. Check if it is intended to be dangling.
[WARNING RSZ-0104] Net _42596_ only has one pin. Check if it is intended to be dangling.
[WARNING RSZ-0104] Net _42594_ only has one pin. Check if it is intended to be dangling.
[WARNING RSZ-0104] Net _42576_ only has one pin. Check if it is intended to be dangling.
[WARNING RSZ-0104] Net _42575_ only has one pin. Check if it is intended to be dangling.
[WARNING RSZ-0104] Net _42573_ only has one pin. Check if it is intended to be dangling.
[WARNING RSZ-0104] Net _42569_ only has one pin. Check if it is intended to be dangling.
[WARNING RSZ-0104] Net _42567_ only has one pin. Check if it is intended to be dangling.
[WARNING RSZ-0104] Net _42565_ only has one pin. Check if it is intended to be dangling.
[WARNING RSZ-0104] Net _42564_ only has one pin. Check if it is intended to be dangling.
[WARNING RSZ-0104] Net _42563_ only has one pin. Check if it is intended to be dangling.
[WARNING RSZ-0104] Net _42557_ only has one pin. Check if it is intended to be dangling.
[WARNING RSZ-0104] Net _42555_ only has one pin. Check if it is intended to be dangling.
[WARNING RSZ-0104] Net _42553_ only has one pin. Check if it is intended to be dangling.
[WARNING RSZ-0104] Net _42552_ only has one pin. Check if it is intended to be dangling.
[WARNING RSZ-0104] Net _42539_ only has one pin. Check if it is intended to be dangling.
[WARNING RSZ-0104] Net _42537_ only has one pin. Check if it is intended to be dangling.
[WARNING RSZ-0104] Net _42535_ only has one pin. Check if it is intended to be dangling.
[WARNING RSZ-0104] Net _42521_ only has one pin. Check if it is intended to be dangling.
[WARNING RSZ-0104] Net _42515_ only has one pin. Check if it is intended to be dangling.
[WARNING RSZ-0104] Net _42514_ only has one pin. Check if it is intended to be dangling.
[WARNING RSZ-0104] Net _42509_ only has one pin. Check if it is intended to be dangling.
[WARNING RSZ-0104] Net _42506_ only has one pin. Check if it is intended to be dangling.
[WARNING RSZ-0104] Net _42496_ only has one pin. Check if it is intended to be dangling.
[WARNING RSZ-0104] Net _42495_ only has one pin. Check if it is intended to be dangling.
[WARNING RSZ-0104] Net _42494_ only has one pin. Check if it is intended to be dangling.
[WARNING RSZ-0104] Net _42493_ only has one pin. Check if it is intended to be dangling.
[WARNING RSZ-0104] Net _42491_ only has one pin. Check if it is intended to be dangling.
[WARNING RSZ-0104] Net _42486_ only has one pin. Check if it is intended to be dangling.
[WARNING RSZ-0104] Net _42485_ only has one pin. Check if it is intended to be dangling.
[WARNING RSZ-0104] Net _42484_ only has one pin. Check if it is intended to be dangling.
[WARNING RSZ-0104] Net _42482_ only has one pin. Check if it is intended to be dangling.
[WARNING RSZ-0104] Net _42475_ only has one pin. Check if it is intended to be dangling.
[WARNING RSZ-0104] Net _42472_ only has one pin. Check if it is intended to be dangling.
[WARNING RSZ-0104] Net _42470_ only has one pin. Check if it is intended to be dangling.
[WARNING RSZ-0104] Net _42467_ only has one pin. Check if it is intended to be dangling.
[WARNING RSZ-0104] Net _42466_ only has one pin. Check if it is intended to be dangling.
[WARNING RSZ-0104] Net _42461_ only has one pin. Check if it is intended to be dangling.
[WARNING RSZ-0104] Net _42459_ only has one pin. Check if it is intended to be dangling.
[WARNING RSZ-0104] Net _42458_ only has one pin. Check if it is intended to be dangling.
[WARNING RSZ-0104] Net _42457_ only has one pin. Check if it is intended to be dangling.
[WARNING RSZ-0104] Net _42448_ only has one pin. Check if it is intended to be dangling.
[WARNING RSZ-0104] Net _42437_ only has one pin. Check if it is intended to be dangling.
[WARNING RSZ-0104] Net _42434_ only has one pin. Check if it is intended to be dangling.
[WARNING RSZ-0104] Net _42432_ only has one pin. Check if it is intended to be dangling.
[WARNING RSZ-0104] Net _42430_ only has one pin. Check if it is intended to be dangling.
[WARNING RSZ-0104] Net _42422_ only has one pin. Check if it is intended to be dangling.
[WARNING RSZ-0104] Net _42419_ only has one pin. Check if it is intended to be dangling.
[WARNING RSZ-0104] Net _42410_ only has one pin. Check if it is intended to be dangling.
[WARNING RSZ-0104] Net _42407_ only has one pin. Check if it is intended to be dangling.
[WARNING RSZ-0104] Net _42405_ only has one pin. Check if it is intended to be dangling.
[WARNING RSZ-0104] Net _42403_ only has one pin. Check if it is intended to be dangling.
[WARNING RSZ-0104] Net _42402_ only has one pin. Check if it is intended to be dangling.
[WARNING RSZ-0104] Net _42401_ only has one pin. Check if it is intended to be dangling.
[WARNING RSZ-0104] Net _42400_ only has one pin. Check if it is intended to be dangling.
[WARNING RSZ-0104] Net _42399_ only has one pin. Check if it is intended to be dangling.
[WARNING RSZ-0104] Net _42397_ only has one pin. Check if it is intended to be dangling.
[WARNING RSZ-0104] Net _42396_ only has one pin. Check if it is intended to be dangling.
[WARNING RSZ-0104] Net _42395_ only has one pin. Check if it is intended to be dangling.
[WARNING RSZ-0104] Net _42394_ only has one pin. Check if it is intended to be dangling.
[WARNING RSZ-0104] Net _42389_ only has one pin. Check if it is intended to be dangling.
[WARNING RSZ-0104] Net _42387_ only has one pin. Check if it is intended to be dangling.
[WARNING RSZ-0104] Net _42386_ only has one pin. Check if it is intended to be dangling.
[WARNING RSZ-0104] Net _42385_ only has one pin. Check if it is intended to be dangling.
[WARNING RSZ-0104] Net _42384_ only has one pin. Check if it is intended to be dangling.
[WARNING RSZ-0104] Net _42383_ only has one pin. Check if it is intended to be dangling.
[WARNING RSZ-0104] Net _42381_ only has one pin. Check if it is intended to be dangling.
[WARNING RSZ-0104] Net _42379_ only has one pin. Check if it is intended to be dangling.
[WARNING RSZ-0104] Net _42374_ only has one pin. Check if it is intended to be dangling.
[WARNING RSZ-0104] Net _42372_ only has one pin. Check if it is intended to be dangling.
[WARNING RSZ-0104] Net _42371_ only has one pin. Check if it is intended to be dangling.
[WARNING RSZ-0104] Net _42370_ only has one pin. Check if it is intended to be dangling.
[WARNING RSZ-0104] Net _42368_ only has one pin. Check if it is intended to be dangling.
[WARNING RSZ-0104] Net _42366_ only has one pin. Check if it is intended to be dangling.
[WARNING RSZ-0104] Net _42365_ only has one pin. Check if it is intended to be dangling.
[WARNING RSZ-0104] Net _42363_ only has one pin. Check if it is intended to be dangling.
[WARNING RSZ-0104] Net _42361_ only has one pin. Check if it is intended to be dangling.
[WARNING RSZ-0104] Net _42342_ only has one pin. Check if it is intended to be dangling.
[WARNING RSZ-0104] Net _42340_ only has one pin. Check if it is intended to be dangling.
[WARNING RSZ-0104] Net _42336_ only has one pin. Check if it is intended to be dangling.
[WARNING RSZ-0104] Net _42334_ only has one pin. Check if it is intended to be dangling.
[WARNING RSZ-0104] Net _42333_ only has one pin. Check if it is intended to be dangling.
[WARNING RSZ-0104] Net _42331_ only has one pin. Check if it is intended to be dangling.
[WARNING RSZ-0104] Net _42329_ only has one pin. Check if it is intended to be dangling.
[WARNING RSZ-0104] Net _42327_ only has one pin. Check if it is intended to be dangling.
[WARNING RSZ-0104] Net _42325_ only has one pin. Check if it is intended to be dangling.
[WARNING RSZ-0104] Net _42324_ only has one pin. Check if it is intended to be dangling.
[WARNING RSZ-0104] Net _42323_ only has one pin. Check if it is intended to be dangling.
[WARNING RSZ-0104] Net _42321_ only has one pin. Check if it is intended to be dangling.
[WARNING RSZ-0104] Net _42319_ only has one pin. Check if it is intended to be dangling.
[WARNING RSZ-0104] Net _42317_ only has one pin. Check if it is intended to be dangling.
[WARNING RSZ-0104] Net _42315_ only has one pin. Check if it is intended to be dangling.
[WARNING RSZ-0104] Net _42312_ only has one pin. Check if it is intended to be dangling.
[WARNING RSZ-0104] Net _42305_ only has one pin. Check if it is intended to be dangling.
[WARNING RSZ-0104] Net _42303_ only has one pin. Check if it is intended to be dangling.
[WARNING RSZ-0104] Net _42299_ only has one pin. Check if it is intended to be dangling.
[WARNING RSZ-0104] Net _42291_ only has one pin. Check if it is intended to be dangling.
[WARNING RSZ-0104] Net _42289_ only has one pin. Check if it is intended to be dangling.
[WARNING RSZ-0104] Net _42287_ only has one pin. Check if it is intended to be dangling.
[WARNING RSZ-0104] Net _42281_ only has one pin. Check if it is intended to be dangling.
[WARNING RSZ-0104] Net _42279_ only has one pin. Check if it is intended to be dangling.
[WARNING RSZ-0104] Net _42278_ only has one pin. Check if it is intended to be dangling.
[WARNING RSZ-0104] Net _42277_ only has one pin. Check if it is intended to be dangling.
[WARNING RSZ-0104] Net _42276_ only has one pin. Check if it is intended to be dangling.
[WARNING RSZ-0104] Net _42275_ only has one pin. Check if it is intended to be dangling.
[WARNING RSZ-0104] Net _42274_ only has one pin. Check if it is intended to be dangling.
[WARNING RSZ-0104] Net _42273_ only has one pin. Check if it is intended to be dangling.
[WARNING RSZ-0104] Net _42272_ only has one pin. Check if it is intended to be dangling.
[WARNING RSZ-0104] Net _42270_ only has one pin. Check if it is intended to be dangling.
[WARNING RSZ-0104] Net _42262_ only has one pin. Check if it is intended to be dangling.
[WARNING RSZ-0104] Net _42260_ only has one pin. Check if it is intended to be dangling.
[WARNING RSZ-0104] Net _42259_ only has one pin. Check if it is intended to be dangling.
[WARNING RSZ-0104] Net _42250_ only has one pin. Check if it is intended to be dangling.
[WARNING RSZ-0104] Net _42247_ only has one pin. Check if it is intended to be dangling.
[WARNING RSZ-0104] Net _42244_ only has one pin. Check if it is intended to be dangling.
[WARNING RSZ-0104] Net _42243_ only has one pin. Check if it is intended to be dangling.
[WARNING RSZ-0104] Net _42240_ only has one pin. Check if it is intended to be dangling.
[WARNING RSZ-0104] Net _42239_ only has one pin. Check if it is intended to be dangling.
[WARNING RSZ-0104] Net _42238_ only has one pin. Check if it is intended to be dangling.
[WARNING RSZ-0104] Net _42237_ only has one pin. Check if it is intended to be dangling.
[WARNING RSZ-0104] Net _42235_ only has one pin. Check if it is intended to be dangling.
[WARNING RSZ-0104] Net _42234_ only has one pin. Check if it is intended to be dangling.
[WARNING RSZ-0104] Net _42224_ only has one pin. Check if it is intended to be dangling.
[WARNING RSZ-0104] Net _42221_ only has one pin. Check if it is intended to be dangling.
[WARNING RSZ-0104] Net _42216_ only has one pin. Check if it is intended to be dangling.
[WARNING RSZ-0104] Net _42215_ only has one pin. Check if it is intended to be dangling.
[WARNING RSZ-0104] Net _42214_ only has one pin. Check if it is intended to be dangling.
[WARNING RSZ-0104] Net _42206_ only has one pin. Check if it is intended to be dangling.
[WARNING RSZ-0104] Net _42204_ only has one pin. Check if it is intended to be dangling.
[WARNING RSZ-0104] Net _42203_ only has one pin. Check if it is intended to be dangling.
[WARNING RSZ-0104] Net _42202_ only has one pin. Check if it is intended to be dangling.
[WARNING RSZ-0104] Net _42200_ only has one pin. Check if it is intended to be dangling.
[WARNING RSZ-0104] Net _42199_ only has one pin. Check if it is intended to be dangling.
[WARNING RSZ-0104] Net _42198_ only has one pin. Check if it is intended to be dangling.
[WARNING RSZ-0104] Net _42191_ only has one pin. Check if it is intended to be dangling.
[WARNING RSZ-0104] Net _42176_ only has one pin. Check if it is intended to be dangling.
[WARNING RSZ-0104] Net _42174_ only has one pin. Check if it is intended to be dangling.
[WARNING RSZ-0104] Net _42166_ only has one pin. Check if it is intended to be dangling.
[WARNING RSZ-0104] Net _42165_ only has one pin. Check if it is intended to be dangling.
[WARNING RSZ-0104] Net _42164_ only has one pin. Check if it is intended to be dangling.
[WARNING RSZ-0104] Net _42160_ only has one pin. Check if it is intended to be dangling.
[WARNING RSZ-0104] Net _42159_ only has one pin. Check if it is intended to be dangling.
[WARNING RSZ-0104] Net _42151_ only has one pin. Check if it is intended to be dangling.
[WARNING RSZ-0104] Net _42150_ only has one pin. Check if it is intended to be dangling.
[WARNING RSZ-0104] Net _42149_ only has one pin. Check if it is intended to be dangling.
[WARNING RSZ-0104] Net _42147_ only has one pin. Check if it is intended to be dangling.
[WARNING RSZ-0104] Net _42145_ only has one pin. Check if it is intended to be dangling.
[WARNING RSZ-0104] Net _42144_ only has one pin. Check if it is intended to be dangling.
[WARNING RSZ-0104] Net _42141_ only has one pin. Check if it is intended to be dangling.
[WARNING RSZ-0104] Net _42140_ only has one pin. Check if it is intended to be dangling.
[WARNING RSZ-0104] Net _42127_ only has one pin. Check if it is intended to be dangling.
[WARNING RSZ-0104] Net _42117_ only has one pin. Check if it is intended to be dangling.
[WARNING RSZ-0104] Net _42115_ only has one pin. Check if it is intended to be dangling.
[WARNING RSZ-0104] Net _42113_ only has one pin. Check if it is intended to be dangling.
[WARNING RSZ-0104] Net _42112_ only has one pin. Check if it is intended to be dangling.
[WARNING RSZ-0104] Net _42111_ only has one pin. Check if it is intended to be dangling.
[WARNING RSZ-0104] Net _42110_ only has one pin. Check if it is intended to be dangling.
[WARNING RSZ-0104] Net _42109_ only has one pin. Check if it is intended to be dangling.
[WARNING RSZ-0104] Net _42108_ only has one pin. Check if it is intended to be dangling.
[WARNING RSZ-0104] Net _42101_ only has one pin. Check if it is intended to be dangling.
[WARNING RSZ-0104] Net _42099_ only has one pin. Check if it is intended to be dangling.
[WARNING RSZ-0104] Net _42098_ only has one pin. Check if it is intended to be dangling.
[WARNING RSZ-0104] Net _42097_ only has one pin. Check if it is intended to be dangling.
[WARNING RSZ-0104] Net _42096_ only has one pin. Check if it is intended to be dangling.
[WARNING RSZ-0104] Net _42094_ only has one pin. Check if it is intended to be dangling.
[WARNING RSZ-0104] Net _42090_ only has one pin. Check if it is intended to be dangling.
[WARNING RSZ-0104] Net _42089_ only has one pin. Check if it is intended to be dangling.
[WARNING RSZ-0104] Net _42088_ only has one pin. Check if it is intended to be dangling.
[WARNING RSZ-0104] Net _42087_ only has one pin. Check if it is intended to be dangling.
[WARNING RSZ-0104] Net _42085_ only has one pin. Check if it is intended to be dangling.
[WARNING RSZ-0104] Net _42077_ only has one pin. Check if it is intended to be dangling.
[WARNING RSZ-0104] Net _42076_ only has one pin. Check if it is intended to be dangling.
[WARNING RSZ-0104] Net _42068_ only has one pin. Check if it is intended to be dangling.
[WARNING RSZ-0104] Net _42066_ only has one pin. Check if it is intended to be dangling.
[WARNING RSZ-0104] Net _42064_ only has one pin. Check if it is intended to be dangling.
[WARNING RSZ-0104] Net _42062_ only has one pin. Check if it is intended to be dangling.
[WARNING RSZ-0104] Net _42058_ only has one pin. Check if it is intended to be dangling.
[WARNING RSZ-0104] Net _42056_ only has one pin. Check if it is intended to be dangling.
[WARNING RSZ-0104] Net _42050_ only has one pin. Check if it is intended to be dangling.
[WARNING RSZ-0104] Net _42049_ only has one pin. Check if it is intended to be dangling.
[WARNING RSZ-0104] Net _42037_ only has one pin. Check if it is intended to be dangling.
[WARNING RSZ-0104] Net _42035_ only has one pin. Check if it is intended to be dangling.
[WARNING RSZ-0104] Net _42031_ only has one pin. Check if it is intended to be dangling.
[WARNING RSZ-0104] Net _42021_ only has one pin. Check if it is intended to be dangling.
[WARNING RSZ-0104] Net _42013_ only has one pin. Check if it is intended to be dangling.
[WARNING RSZ-0104] Net _42012_ only has one pin. Check if it is intended to be dangling.
[WARNING RSZ-0104] Net _42011_ only has one pin. Check if it is intended to be dangling.
[WARNING RSZ-0104] Net _42007_ only has one pin. Check if it is intended to be dangling.
[WARNING RSZ-0104] Net _42005_ only has one pin. Check if it is intended to be dangling.
[WARNING RSZ-0104] Net _42004_ only has one pin. Check if it is intended to be dangling.
[WARNING RSZ-0104] Net _42002_ only has one pin. Check if it is intended to be dangling.
[WARNING RSZ-0104] Net _41995_ only has one pin. Check if it is intended to be dangling.
[WARNING RSZ-0104] Net _41994_ only has one pin. Check if it is intended to be dangling.
[WARNING RSZ-0104] Net _41992_ only has one pin. Check if it is intended to be dangling.
[WARNING RSZ-0104] Net _41991_ only has one pin. Check if it is intended to be dangling.
[WARNING RSZ-0104] Net _41990_ only has one pin. Check if it is intended to be dangling.
[WARNING RSZ-0104] Net _41986_ only has one pin. Check if it is intended to be dangling.
[WARNING RSZ-0104] Net _41984_ only has one pin. Check if it is intended to be dangling.
[WARNING RSZ-0104] Net _41979_ only has one pin. Check if it is intended to be dangling.
[WARNING RSZ-0104] Net _41968_ only has one pin. Check if it is intended to be dangling.
[WARNING RSZ-0104] Net _41961_ only has one pin. Check if it is intended to be dangling.
[WARNING RSZ-0104] Net _41960_ only has one pin. Check if it is intended to be dangling.
[WARNING RSZ-0104] Net _41959_ only has one pin. Check if it is intended to be dangling.
[WARNING RSZ-0104] Net _41958_ only has one pin. Check if it is intended to be dangling.
    32000 |     +0.0% |       0 |       1 |             1 |     12251
[WARNING RSZ-0104] Net _41957_ only has one pin. Check if it is intended to be dangling.
[WARNING RSZ-0104] Net _41952_ only has one pin. Check if it is intended to be dangling.
[WARNING RSZ-0104] Net _41950_ only has one pin. Check if it is intended to be dangling.
[WARNING RSZ-0104] Net _41948_ only has one pin. Check if it is intended to be dangling.
[WARNING RSZ-0104] Net _41947_ only has one pin. Check if it is intended to be dangling.
[WARNING RSZ-0104] Net _41946_ only has one pin. Check if it is intended to be dangling.
[WARNING RSZ-0104] Net _41945_ only has one pin. Check if it is intended to be dangling.
[WARNING RSZ-0104] Net _41944_ only has one pin. Check if it is intended to be dangling.
[WARNING RSZ-0104] Net _41940_ only has one pin. Check if it is intended to be dangling.
[WARNING RSZ-0104] Net _41939_ only has one pin. Check if it is intended to be dangling.
[WARNING RSZ-0104] Net _41937_ only has one pin. Check if it is intended to be dangling.
[WARNING RSZ-0104] Net _41936_ only has one pin. Check if it is intended to be dangling.
[WARNING RSZ-0104] Net _41929_ only has one pin. Check if it is intended to be dangling.
[WARNING RSZ-0104] Net _41919_ only has one pin. Check if it is intended to be dangling.
[WARNING RSZ-0104] Net _41918_ only has one pin. Check if it is intended to be dangling.
[WARNING RSZ-0104] Net _41869_ only has one pin. Check if it is intended to be dangling.
[WARNING RSZ-0104] Net _41867_ only has one pin. Check if it is intended to be dangling.
[WARNING RSZ-0104] Net _41862_ only has one pin. Check if it is intended to be dangling.
[WARNING RSZ-0104] Net _41858_ only has one pin. Check if it is intended to be dangling.
[WARNING RSZ-0104] Net _41853_ only has one pin. Check if it is intended to be dangling.
[WARNING RSZ-0104] Net _41844_ only has one pin. Check if it is intended to be dangling.
[WARNING RSZ-0104] Net _41841_ only has one pin. Check if it is intended to be dangling.
[WARNING RSZ-0104] Net _41837_ only has one pin. Check if it is intended to be dangling.
[WARNING RSZ-0104] Net _41836_ only has one pin. Check if it is intended to be dangling.
[WARNING RSZ-0104] Net _41833_ only has one pin. Check if it is intended to be dangling.
[WARNING RSZ-0104] Net _41832_ only has one pin. Check if it is intended to be dangling.
[WARNING RSZ-0104] Net _41826_ only has one pin. Check if it is intended to be dangling.
[WARNING RSZ-0104] Net _41824_ only has one pin. Check if it is intended to be dangling.
[WARNING RSZ-0104] Net _41823_ only has one pin. Check if it is intended to be dangling.
[WARNING RSZ-0104] Net _41816_ only has one pin. Check if it is intended to be dangling.
[WARNING RSZ-0104] Net _41815_ only has one pin. Check if it is intended to be dangling.
[WARNING RSZ-0104] Net _41814_ only has one pin. Check if it is intended to be dangling.
[WARNING RSZ-0104] Net _41805_ only has one pin. Check if it is intended to be dangling.
[WARNING RSZ-0104] Net _41791_ only has one pin. Check if it is intended to be dangling.
[WARNING RSZ-0104] Net _41759_ only has one pin. Check if it is intended to be dangling.
[WARNING RSZ-0104] Net _41752_ only has one pin. Check if it is intended to be dangling.
[WARNING RSZ-0104] Net _41751_ only has one pin. Check if it is intended to be dangling.
[WARNING RSZ-0104] Net _41742_ only has one pin. Check if it is intended to be dangling.
[WARNING RSZ-0104] Net _41740_ only has one pin. Check if it is intended to be dangling.
[WARNING RSZ-0104] Net _41725_ only has one pin. Check if it is intended to be dangling.
[WARNING RSZ-0104] Net _41723_ only has one pin. Check if it is intended to be dangling.
    33000 |     +0.0% |       0 |       1 |             1 |     11251
[WARNING RSZ-0104] Net _43034_ only has one pin. Check if it is intended to be dangling.
[WARNING RSZ-0104] Net _43030_ only has one pin. Check if it is intended to be dangling.
[WARNING RSZ-0104] Net _43028_ only has one pin. Check if it is intended to be dangling.
[WARNING RSZ-0104] Net _43027_ only has one pin. Check if it is intended to be dangling.
[WARNING RSZ-0104] Net _43026_ only has one pin. Check if it is intended to be dangling.
[WARNING RSZ-0104] Net _43012_ only has one pin. Check if it is intended to be dangling.
[WARNING RSZ-0104] Net _43007_ only has one pin. Check if it is intended to be dangling.
[WARNING RSZ-0104] Net _43006_ only has one pin. Check if it is intended to be dangling.
[WARNING RSZ-0104] Net _43003_ only has one pin. Check if it is intended to be dangling.
[WARNING RSZ-0104] Net _42986_ only has one pin. Check if it is intended to be dangling.
[WARNING RSZ-0104] Net _42978_ only has one pin. Check if it is intended to be dangling.
[WARNING RSZ-0104] Net _42977_ only has one pin. Check if it is intended to be dangling.
[WARNING RSZ-0104] Net _42973_ only has one pin. Check if it is intended to be dangling.
[WARNING RSZ-0104] Net _42967_ only has one pin. Check if it is intended to be dangling.
[WARNING RSZ-0104] Net _42966_ only has one pin. Check if it is intended to be dangling.
[WARNING RSZ-0104] Net _42964_ only has one pin. Check if it is intended to be dangling.
[WARNING RSZ-0104] Net _42958_ only has one pin. Check if it is intended to be dangling.
[WARNING RSZ-0104] Net _42954_ only has one pin. Check if it is intended to be dangling.
[WARNING RSZ-0104] Net _42946_ only has one pin. Check if it is intended to be dangling.
[WARNING RSZ-0104] Net _42945_ only has one pin. Check if it is intended to be dangling.
[WARNING RSZ-0104] Net _42944_ only has one pin. Check if it is intended to be dangling.
[WARNING RSZ-0104] Net _42943_ only has one pin. Check if it is intended to be dangling.
[WARNING RSZ-0104] Net _42942_ only has one pin. Check if it is intended to be dangling.
[WARNING RSZ-0104] Net _42941_ only has one pin. Check if it is intended to be dangling.
[WARNING RSZ-0104] Net _42930_ only has one pin. Check if it is intended to be dangling.
[WARNING RSZ-0104] Net _42922_ only has one pin. Check if it is intended to be dangling.
[WARNING RSZ-0104] Net _42920_ only has one pin. Check if it is intended to be dangling.
[WARNING RSZ-0104] Net _42912_ only has one pin. Check if it is intended to be dangling.
[WARNING RSZ-0104] Net _42906_ only has one pin. Check if it is intended to be dangling.
[WARNING RSZ-0104] Net _42894_ only has one pin. Check if it is intended to be dangling.
[WARNING RSZ-0104] Net _42874_ only has one pin. Check if it is intended to be dangling.
[WARNING RSZ-0104] Net _42873_ only has one pin. Check if it is intended to be dangling.
[WARNING RSZ-0104] Net _42872_ only has one pin. Check if it is intended to be dangling.
[WARNING RSZ-0104] Net _42868_ only has one pin. Check if it is intended to be dangling.
[WARNING RSZ-0104] Net _42866_ only has one pin. Check if it is intended to be dangling.
[WARNING RSZ-0104] Net _42859_ only has one pin. Check if it is intended to be dangling.
[WARNING RSZ-0104] Net _42857_ only has one pin. Check if it is intended to be dangling.
[WARNING RSZ-0104] Net _42855_ only has one pin. Check if it is intended to be dangling.
[WARNING RSZ-0104] Net _42845_ only has one pin. Check if it is intended to be dangling.
[WARNING RSZ-0104] Net _42843_ only has one pin. Check if it is intended to be dangling.
[WARNING RSZ-0104] Net _42838_ only has one pin. Check if it is intended to be dangling.
[WARNING RSZ-0104] Net _42837_ only has one pin. Check if it is intended to be dangling.
[WARNING RSZ-0104] Net _42835_ only has one pin. Check if it is intended to be dangling.
[WARNING RSZ-0104] Net _42826_ only has one pin. Check if it is intended to be dangling.
[WARNING RSZ-0104] Net _42819_ only has one pin. Check if it is intended to be dangling.
[WARNING RSZ-0104] Net _42816_ only has one pin. Check if it is intended to be dangling.
[WARNING RSZ-0104] Net _42814_ only has one pin. Check if it is intended to be dangling.
[WARNING RSZ-0104] Net _42810_ only has one pin. Check if it is intended to be dangling.
[WARNING RSZ-0104] Net _42806_ only has one pin. Check if it is intended to be dangling.
[WARNING RSZ-0104] Net _42805_ only has one pin. Check if it is intended to be dangling.
[WARNING RSZ-0104] Net _42804_ only has one pin. Check if it is intended to be dangling.
[WARNING RSZ-0104] Net _42797_ only has one pin. Check if it is intended to be dangling.
[WARNING RSZ-0104] Net _42792_ only has one pin. Check if it is intended to be dangling.
[WARNING RSZ-0104] Net _42791_ only has one pin. Check if it is intended to be dangling.
[WARNING RSZ-0104] Net _42790_ only has one pin. Check if it is intended to be dangling.
[WARNING RSZ-0104] Net _42789_ only has one pin. Check if it is intended to be dangling.
[WARNING RSZ-0104] Net _42787_ only has one pin. Check if it is intended to be dangling.
[WARNING RSZ-0104] Net _42785_ only has one pin. Check if it is intended to be dangling.
[WARNING RSZ-0104] Net _42774_ only has one pin. Check if it is intended to be dangling.
[WARNING RSZ-0104] Net _42771_ only has one pin. Check if it is intended to be dangling.
[WARNING RSZ-0104] Net _42751_ only has one pin. Check if it is intended to be dangling.
[WARNING RSZ-0104] Net _42749_ only has one pin. Check if it is intended to be dangling.
[WARNING RSZ-0104] Net _42748_ only has one pin. Check if it is intended to be dangling.
[WARNING RSZ-0104] Net _42746_ only has one pin. Check if it is intended to be dangling.
[WARNING RSZ-0104] Net _42739_ only has one pin. Check if it is intended to be dangling.
[WARNING RSZ-0104] Net _42732_ only has one pin. Check if it is intended to be dangling.
[WARNING RSZ-0104] Net _42730_ only has one pin. Check if it is intended to be dangling.
[WARNING RSZ-0104] Net _42710_ only has one pin. Check if it is intended to be dangling.
[WARNING RSZ-0104] Net _42699_ only has one pin. Check if it is intended to be dangling.
[WARNING RSZ-0104] Net _42698_ only has one pin. Check if it is intended to be dangling.
[WARNING RSZ-0104] Net _42695_ only has one pin. Check if it is intended to be dangling.
[WARNING RSZ-0104] Net _42678_ only has one pin. Check if it is intended to be dangling.
[WARNING RSZ-0104] Net _42666_ only has one pin. Check if it is intended to be dangling.
[WARNING RSZ-0104] Net _42656_ only has one pin. Check if it is intended to be dangling.
[WARNING RSZ-0104] Net _42654_ only has one pin. Check if it is intended to be dangling.
[WARNING RSZ-0104] Net _42653_ only has one pin. Check if it is intended to be dangling.
[WARNING RSZ-0104] Net _42652_ only has one pin. Check if it is intended to be dangling.
[WARNING RSZ-0104] Net _42637_ only has one pin. Check if it is intended to be dangling.
[WARNING RSZ-0104] Net _42635_ only has one pin. Check if it is intended to be dangling.
[WARNING RSZ-0104] Net _42631_ only has one pin. Check if it is intended to be dangling.
[WARNING RSZ-0104] Net _42629_ only has one pin. Check if it is intended to be dangling.
[WARNING RSZ-0104] Net _42628_ only has one pin. Check if it is intended to be dangling.
[WARNING RSZ-0104] Net _42625_ only has one pin. Check if it is intended to be dangling.
[WARNING RSZ-0104] Net _42624_ only has one pin. Check if it is intended to be dangling.
[WARNING RSZ-0104] Net _42620_ only has one pin. Check if it is intended to be dangling.
[WARNING RSZ-0104] Net _42619_ only has one pin. Check if it is intended to be dangling.
[WARNING RSZ-0104] Net _42618_ only has one pin. Check if it is intended to be dangling.
[WARNING RSZ-0104] Net _42609_ only has one pin. Check if it is intended to be dangling.
[WARNING RSZ-0104] Net _42601_ only has one pin. Check if it is intended to be dangling.
[WARNING RSZ-0104] Net _42595_ only has one pin. Check if it is intended to be dangling.
[WARNING RSZ-0104] Net _42582_ only has one pin. Check if it is intended to be dangling.
[WARNING RSZ-0104] Net _42581_ only has one pin. Check if it is intended to be dangling.
[WARNING RSZ-0104] Net _42577_ only has one pin. Check if it is intended to be dangling.
[WARNING RSZ-0104] Net _42574_ only has one pin. Check if it is intended to be dangling.
[WARNING RSZ-0104] Net _42566_ only has one pin. Check if it is intended to be dangling.
[WARNING RSZ-0104] Net _42562_ only has one pin. Check if it is intended to be dangling.
[WARNING RSZ-0104] Net _42560_ only has one pin. Check if it is intended to be dangling.
[WARNING RSZ-0104] Net _42551_ only has one pin. Check if it is intended to be dangling.
[WARNING RSZ-0104] Net _42531_ only has one pin. Check if it is intended to be dangling.
[WARNING RSZ-0104] Net _42529_ only has one pin. Check if it is intended to be dangling.
[WARNING RSZ-0104] Net _42513_ only has one pin. Check if it is intended to be dangling.
[WARNING RSZ-0104] Net _42501_ only has one pin. Check if it is intended to be dangling.
[WARNING RSZ-0104] Net _42499_ only has one pin. Check if it is intended to be dangling.
[WARNING RSZ-0104] Net _42492_ only has one pin. Check if it is intended to be dangling.
[WARNING RSZ-0104] Net _42483_ only has one pin. Check if it is intended to be dangling.
[WARNING RSZ-0104] Net _42480_ only has one pin. Check if it is intended to be dangling.
[WARNING RSZ-0104] Net _42469_ only has one pin. Check if it is intended to be dangling.
[WARNING RSZ-0104] Net _42463_ only has one pin. Check if it is intended to be dangling.
[WARNING RSZ-0104] Net _42447_ only has one pin. Check if it is intended to be dangling.
[WARNING RSZ-0104] Net _42445_ only has one pin. Check if it is intended to be dangling.
[WARNING RSZ-0104] Net _42444_ only has one pin. Check if it is intended to be dangling.
[WARNING RSZ-0104] Net _42442_ only has one pin. Check if it is intended to be dangling.
[WARNING RSZ-0104] Net _42441_ only has one pin. Check if it is intended to be dangling.
[WARNING RSZ-0104] Net _42439_ only has one pin. Check if it is intended to be dangling.
[WARNING RSZ-0104] Net _42431_ only has one pin. Check if it is intended to be dangling.
[WARNING RSZ-0104] Net _42429_ only has one pin. Check if it is intended to be dangling.
[WARNING RSZ-0104] Net _42427_ only has one pin. Check if it is intended to be dangling.
[WARNING RSZ-0104] Net _42414_ only has one pin. Check if it is intended to be dangling.
[WARNING RSZ-0104] Net _42412_ only has one pin. Check if it is intended to be dangling.
[WARNING RSZ-0104] Net _42404_ only has one pin. Check if it is intended to be dangling.
[WARNING RSZ-0104] Net _42398_ only has one pin. Check if it is intended to be dangling.
[WARNING RSZ-0104] Net _42393_ only has one pin. Check if it is intended to be dangling.
[WARNING RSZ-0104] Net _42391_ only has one pin. Check if it is intended to be dangling.
[WARNING RSZ-0104] Net _42382_ only has one pin. Check if it is intended to be dangling.
[WARNING RSZ-0104] Net _42380_ only has one pin. Check if it is intended to be dangling.
[WARNING RSZ-0104] Net _42364_ only has one pin. Check if it is intended to be dangling.
[WARNING RSZ-0104] Net _42362_ only has one pin. Check if it is intended to be dangling.
[WARNING RSZ-0104] Net _42354_ only has one pin. Check if it is intended to be dangling.
[WARNING RSZ-0104] Net _42353_ only has one pin. Check if it is intended to be dangling.
[WARNING RSZ-0104] Net _42352_ only has one pin. Check if it is intended to be dangling.
[WARNING RSZ-0104] Net _42351_ only has one pin. Check if it is intended to be dangling.
[WARNING RSZ-0104] Net _42350_ only has one pin. Check if it is intended to be dangling.
[WARNING RSZ-0104] Net _42349_ only has one pin. Check if it is intended to be dangling.
[WARNING RSZ-0104] Net _42345_ only has one pin. Check if it is intended to be dangling.
[WARNING RSZ-0104] Net _42344_ only has one pin. Check if it is intended to be dangling.
[WARNING RSZ-0104] Net _42341_ only has one pin. Check if it is intended to be dangling.
[WARNING RSZ-0104] Net _42335_ only has one pin. Check if it is intended to be dangling.
[WARNING RSZ-0104] Net _42332_ only has one pin. Check if it is intended to be dangling.
[WARNING RSZ-0104] Net _42326_ only has one pin. Check if it is intended to be dangling.
[WARNING RSZ-0104] Net _42322_ only has one pin. Check if it is intended to be dangling.
[WARNING RSZ-0104] Net _42320_ only has one pin. Check if it is intended to be dangling.
[WARNING RSZ-0104] Net _42318_ only has one pin. Check if it is intended to be dangling.
[WARNING RSZ-0104] Net _42316_ only has one pin. Check if it is intended to be dangling.
[WARNING RSZ-0104] Net _42308_ only has one pin. Check if it is intended to be dangling.
[WARNING RSZ-0104] Net _42307_ only has one pin. Check if it is intended to be dangling.
[WARNING RSZ-0104] Net _42306_ only has one pin. Check if it is intended to be dangling.
[WARNING RSZ-0104] Net _42304_ only has one pin. Check if it is intended to be dangling.
[WARNING RSZ-0104] Net _42295_ only has one pin. Check if it is intended to be dangling.
[WARNING RSZ-0104] Net _42293_ only has one pin. Check if it is intended to be dangling.
[WARNING RSZ-0104] Net _42290_ only has one pin. Check if it is intended to be dangling.
[WARNING RSZ-0104] Net _42283_ only has one pin. Check if it is intended to be dangling.
[WARNING RSZ-0104] Net _42280_ only has one pin. Check if it is intended to be dangling.
[WARNING RSZ-0104] Net _42271_ only has one pin. Check if it is intended to be dangling.
[WARNING RSZ-0104] Net _42269_ only has one pin. Check if it is intended to be dangling.
[WARNING RSZ-0104] Net _42268_ only has one pin. Check if it is intended to be dangling.
[WARNING RSZ-0104] Net _42261_ only has one pin. Check if it is intended to be dangling.
[WARNING RSZ-0104] Net _42253_ only has one pin. Check if it is intended to be dangling.
[WARNING RSZ-0104] Net _42249_ only has one pin. Check if it is intended to be dangling.
[WARNING RSZ-0104] Net _42236_ only has one pin. Check if it is intended to be dangling.
[WARNING RSZ-0104] Net _42233_ only has one pin. Check if it is intended to be dangling.
[WARNING RSZ-0104] Net _42220_ only has one pin. Check if it is intended to be dangling.
[WARNING RSZ-0104] Net _42210_ only has one pin. Check if it is intended to be dangling.
[WARNING RSZ-0104] Net _42208_ only has one pin. Check if it is intended to be dangling.
[WARNING RSZ-0104] Net _42207_ only has one pin. Check if it is intended to be dangling.
[WARNING RSZ-0104] Net _42205_ only has one pin. Check if it is intended to be dangling.
[WARNING RSZ-0104] Net _42186_ only has one pin. Check if it is intended to be dangling.
[WARNING RSZ-0104] Net _42184_ only has one pin. Check if it is intended to be dangling.
[WARNING RSZ-0104] Net _42183_ only has one pin. Check if it is intended to be dangling.
[WARNING RSZ-0104] Net _42182_ only has one pin. Check if it is intended to be dangling.
[WARNING RSZ-0104] Net _42180_ only has one pin. Check if it is intended to be dangling.
[WARNING RSZ-0104] Net _42172_ only has one pin. Check if it is intended to be dangling.
[WARNING RSZ-0104] Net _42170_ only has one pin. Check if it is intended to be dangling.
[WARNING RSZ-0104] Net _42162_ only has one pin. Check if it is intended to be dangling.
[WARNING RSZ-0104] Net _42154_ only has one pin. Check if it is intended to be dangling.
[WARNING RSZ-0104] Net _42153_ only has one pin. Check if it is intended to be dangling.
[WARNING RSZ-0104] Net _42148_ only has one pin. Check if it is intended to be dangling.
[WARNING RSZ-0104] message limit (1000) reached. This message will no longer print.
    34000 |     +0.0% |       0 |       1 |             1 |     10251
    35000 |     +0.0% |       0 |       1 |             1 |      9251
    36000 |     +0.0% |       0 |       1 |             1 |      8251
    37000 |     +0.0% |       0 |       1 |             1 |      7251
    38000 |     +0.0% |       0 |       1 |             1 |      6251
    39000 |     +0.0% |       0 |       1 |             1 |      5251
    40000 |     +0.0% |       0 |       1 |             1 |      4251
    41000 |     +0.0% |       0 |       1 |             1 |      3251
    42000 |     +0.0% |       0 |       1 |             1 |      2251
    43000 |     +0.0% |       2 |       1 |             3 |      1251
    44000 |     +0.0% |       2 |       1 |             3 |       251
    final |     +0.0% |       2 |       1 |             3 |         0
---------------------------------------------------------------------
[INFO RSZ-0034] Found 2 slew violations.
[INFO RSZ-0036] Found 1 capacitance violations.
[INFO RSZ-0039] Resized 2 instances.
[INFO RSZ-0038] Inserted 1 buffers in 3 nets.
[INFO RSZ-0504] Runtime: 7.46s
Took 7 seconds: repair_design -verbose
global_route -start_incremental
detailed_placement
[INFO DPL-0006] Core area: 2647942.09 um^2
[INFO DPL-0007] Movable instances area: 289545.20 um^2
[INFO DPL-0008] Fixed instances area within core: 43917.12 um^2
[INFO DPL-0009] Utilization: 12.6%
[INFO DPL-0005] Diamond search max displacement: +/- 500 sites horizontally, +/- 100 rows vertically.
[INFO DPL-1102] Legalizing using negotiation legalizer.
[INFO DPL-1103] Negotiation base search window: +/-20 sites horizontally, +/-5 rows vertically 
	Automatic search window extension enabled.
	Search window extendable up to the max displacement cap of +/-500 sites, +/-100 rows near walls.
[INFO DPL-1104] NegotiationLegalizer DRC penalty: 5.
[INFO DPL-0392] Negotiation cell height distribution (1 unique row-count(s)):
[INFO DPL-0393]   height 1 row(s): 76554 cells
          |      Total |  Illegal |  Illegal
Iteration | Violations |    Cells |    Sites
---------------------------------------------
        0 |          0 |         0 |         0
Negotiation phase 1 converged at iteration 0.
[INFO DPL-0500] Runtime: 0.35s
Placement Analysis
---------------------------------
total displacement          0.5 u
average displacement        0.0 u
max displacement            0.5 u
original HPWL         3684578.5 u
legalized HPWL        3684578.5 u
delta HPWL                    0 %

global_route -end_incremental -congestion_report_file ./reports/sky130hd/d_dsp02_cand_chat_scored/base/congestion_post_repair_design.rpt
Repair setup and hold violations...
estimate_parasitics -global_routing
repair_timing -setup_margin 0 -hold_margin 0 -repair_tns 100 -verbose
[INFO RSZ-0100] Repair move sequence: UnbufferMove SizeUpMove SwapPinsMove BufferMove CloneMove SplitLoadMove 
[INFO RSZ-0098] No setup violations found
[INFO RSZ-0505] Runtime: 0.99s
[INFO RSZ-0033] No hold violations found.
[INFO RSZ-0506] Runtime: 0.32s
global_route -start_incremental
detailed_placement
[INFO DPL-0006] Core area: 2647942.09 um^2
[INFO DPL-0007] Movable instances area: 289545.20 um^2
[INFO DPL-0008] Fixed instances area within core: 43917.12 um^2
[INFO DPL-0009] Utilization: 12.6%
[INFO DPL-0005] Diamond search max displacement: +/- 500 sites horizontally, +/- 100 rows vertically.
[INFO DPL-1102] Legalizing using negotiation legalizer.
[INFO DPL-1103] Negotiation base search window: +/-20 sites horizontally, +/-5 rows vertically 
	Automatic search window extension enabled.
	Search window extendable up to the max displacement cap of +/-500 sites, +/-100 rows near walls.
[INFO DPL-1104] NegotiationLegalizer DRC penalty: 5.
[INFO DPL-0392] Negotiation cell height distribution (1 unique row-count(s)):
[INFO DPL-0393]   height 1 row(s): 76554 cells
[INFO DPL-0500] Runtime: 0.34s
Placement Analysis
---------------------------------
total displacement          0.0 u
average displacement        0.0 u
max displacement            0.0 u
original HPWL         3684578.5 u
legalized HPWL        3684578.5 u
delta HPWL                    0 %

check_placement -verbose
global_route -end_incremental -congestion_report_file ./reports/sky130hd/d_dsp02_cand_chat_scored/base/congestion_post_repair_timing.rpt
estimate_parasitics -global_routing
global_route -start_incremental
global_route -end_incremental -congestion_report_file ./reports/sky130hd/d_dsp02_cand_chat_scored/base/congestion_post_recover_power.rpt
Repair antennas...
[INFO GRT-0012] Found 993 antenna violations.
[INFO GRT-0302] Inserted 1515 jumpers for 974 nets.
[INFO GRT-0012] Found 51 antenna violations.
[INFO DPL-0006] Core area: 2647942.09 um^2
[INFO DPL-0007] Movable instances area: 289133.55 um^2
[INFO DPL-0008] Fixed instances area within core: 44759.18 um^2
[INFO DPL-0009] Utilization: 12.6%
[INFO DPL-0005] Diamond search max displacement: +/- 500 sites horizontally, +/- 100 rows vertically.
[INFO DPL-1102] Legalizing using negotiation legalizer.
[INFO DPL-1103] Negotiation base search window: +/-20 sites horizontally, +/-5 rows vertically 
	Automatic search window extension enabled.
	Search window extendable up to the max displacement cap of +/-500 sites, +/-100 rows near walls.
[INFO DPL-1104] NegotiationLegalizer DRC penalty: 5.
[INFO DPL-0392] Negotiation cell height distribution (1 unique row-count(s)):
[INFO DPL-0393]   height 1 row(s): 76726 cells
          |      Total |  Illegal |  Illegal
Iteration | Violations |    Cells |    Sites
---------------------------------------------
        0 |          0 |         0 |         0
Negotiation phase 1 converged at iteration 0.
[INFO DPL-0500] Runtime: 0.37s
[INFO GRT-0015] Inserted 172 diodes.
[INFO GRT-0012] Found 29 antenna violations.
[INFO GRT-0302] Inserted 52 jumpers for 28 nets.
[INFO GRT-0012] Found 4 antenna violations.
[INFO DPL-0006] Core area: 2647942.09 um^2
[INFO DPL-0007] Movable instances area: 289944.33 um^2
[INFO DPL-0008] Fixed instances area within core: 44008.46 um^2
[INFO DPL-0009] Utilization: 12.6%
[INFO DPL-0005] Diamond search max displacement: +/- 500 sites horizontally, +/- 100 rows vertically.
[INFO DPL-1102] Legalizing using negotiation legalizer.
[INFO DPL-1103] Negotiation base search window: +/-20 sites horizontally, +/-5 rows vertically 
	Automatic search window extension enabled.
	Search window extendable up to the max displacement cap of +/-500 sites, +/-100 rows near walls.
[INFO DPL-1104] NegotiationLegalizer DRC penalty: 5.
[INFO DPL-0392] Negotiation cell height distribution (1 unique row-count(s)):
[INFO DPL-0393]   height 1 row(s): 76750 cells
          |      Total |  Illegal |  Illegal
Iteration | Violations |    Cells |    Sites
---------------------------------------------
        0 |          0 |         0 |         0
Negotiation phase 1 converged at iteration 0.
[INFO DPL-0500] Runtime: 0.37s
[INFO GRT-0015] Inserted 24 diodes.
[INFO GRT-0012] Found 3 antenna violations.
[INFO GRT-0302] Inserted 2 jumpers for 2 nets.
[INFO GRT-0012] Found 1 antenna violations.
[INFO DPL-0006] Core area: 2647942.09 um^2
[INFO DPL-0007] Movable instances area: 290026.91 um^2
[INFO DPL-0008] Fixed instances area within core: 43953.40 um^2
[INFO DPL-0009] Utilization: 12.6%
[INFO DPL-0005] Diamond search max displacement: +/- 500 sites horizontally, +/- 100 rows vertically.
[INFO DPL-1102] Legalizing using negotiation legalizer.
[INFO DPL-1103] Negotiation base search window: +/-20 sites horizontally, +/-5 rows vertically 
	Automatic search window extension enabled.
	Search window extendable up to the max displacement cap of +/-500 sites, +/-100 rows near walls.
[INFO DPL-1104] NegotiationLegalizer DRC penalty: 5.
[INFO DPL-0392] Negotiation cell height distribution (1 unique row-count(s)):
[INFO DPL-0393]   height 1 row(s): 76761 cells
          |      Total |  Illegal |  Illegal
Iteration | Violations |    Cells |    Sites
---------------------------------------------
        0 |          0 |         0 |         0
Negotiation phase 1 converged at iteration 0.
[INFO DPL-0500] Runtime: 0.34s
[INFO GRT-0015] Inserted 11 diodes.
[INFO GRT-0012] Found 1 antenna violations.
[INFO GRT-0302] Inserted 0 jumpers for 0 nets.
[INFO GRT-0012] Found 1 antenna violations.
[INFO DPL-0006] Core area: 2647942.09 um^2
[INFO DPL-0007] Movable instances area: 290054.44 um^2
[INFO DPL-0008] Fixed instances area within core: 43938.39 um^2
[INFO DPL-0009] Utilization: 12.6%
[INFO DPL-0005] Diamond search max displacement: +/- 500 sites horizontally, +/- 100 rows vertically.
[INFO DPL-1102] Legalizing using negotiation legalizer.
[INFO DPL-1103] Negotiation base search window: +/-20 sites horizontally, +/-5 rows vertically 
	Automatic search window extension enabled.
	Search window extendable up to the max displacement cap of +/-500 sites, +/-100 rows near walls.
[INFO DPL-1104] NegotiationLegalizer DRC penalty: 5.
[INFO DPL-0392] Negotiation cell height distribution (1 unique row-count(s)):
[INFO DPL-0393]   height 1 row(s): 76766 cells
          |      Total |  Illegal |  Illegal
Iteration | Violations |    Cells |    Sites
---------------------------------------------
        0 |          0 |         0 |         0
Negotiation phase 1 converged at iteration 0.
[INFO DPL-0500] Runtime: 0.34s
[INFO GRT-0015] Inserted 5 diodes.
[INFO GRT-0012] Found 0 antenna violations.
[INFO ANT-0002] Found 0 net violations.
[INFO ANT-0001] Found 0 pin violations.
Estimate parasitics...
estimate_parasitics -global_routing
Report metrics stage 5, global route...

==========================================================================
global route report_design_area
--------------------------------------------------------------------------
Design area 333993 um^2 13% utilization.
[INFO FLW-0007] clock core_clock period 24.000000
[INFO FLW-0008] Clock core_clock period 20.907
[INFO FLW-0009] Clock core_clock slack 1.993
write_sdc -no_timestamp ./results/sky130hd/d_dsp02_cand_chat_scored/base/updated_clks.sdc
[INFO FLW-0011] Path endpoint path count 2325
write_db ./results/sky130hd/d_dsp02_cand_chat_scored/base/5_1_grt.odb
write_sdc -no_timestamp ./results/sky130hd/d_dsp02_cand_chat_scored/base/5_1_grt.sdc
Elapsed time: 1:54.45[h:]min:sec. CPU time: user 743.77 sys 8.08 (656%). Peak memory: 1553116KB.
Log                       Ext     Elapsed/s Peak Memory/MB sha1sum result [0:20)
5_1_grt                   .odb          114           1516 73d3613c6f7b5dd62d41
5_1_grt                   .sdc                             62ffb03f3618ff3c8da8
/OpenROAD-flow-scripts/flow/scripts/flow.sh 5_2_route detail_route
Running detail_route.tcl, stage 5_2_route
read_liberty /OpenROAD-flow-scripts/flow/platforms/sky130hd/lib/sky130_fd_sc_hd__tt_025C_1v80.lib
read_db ./results/sky130hd/d_dsp02_cand_chat_scored/base/5_1_grt.odb
read_sdc ./results/sky130hd/d_dsp02_cand_chat_scored/base/5_1_grt.sdc
source /OpenROAD-flow-scripts/flow/platforms/sky130hd/setRC.tcl
detailed_route -output_drc ./reports/sky130hd/d_dsp02_cand_chat_scored/base/5_route_drc.rpt -output_maze ./results/sky130hd/d_dsp02_cand_chat_scored/base/maze.log -droute_end_iter 64 -verbose 1 -drc_report_iter_step 5
[INFO DRT-0149] Reading tech and libs.
[WARNING DRT-0349] LEF58_ENCLOSURE with no CUTCLASS is not supported. Skipping for layer mcon
[WARNING DRT-0349] LEF58_ENCLOSURE with no CUTCLASS is not supported. Skipping for layer mcon
[WARNING DRT-0349] LEF58_ENCLOSURE with no CUTCLASS is not supported. Skipping for layer via
[WARNING DRT-0349] LEF58_ENCLOSURE with no CUTCLASS is not supported. Skipping for layer via
[WARNING DRT-0349] LEF58_ENCLOSURE with no CUTCLASS is not supported. Skipping for layer via2
[WARNING DRT-0349] LEF58_ENCLOSURE with no CUTCLASS is not supported. Skipping for layer via2
[WARNING DRT-0349] LEF58_ENCLOSURE with no CUTCLASS is not supported. Skipping for layer via3
[WARNING DRT-0349] LEF58_ENCLOSURE with no CUTCLASS is not supported. Skipping for layer via3
[WARNING DRT-0349] LEF58_ENCLOSURE with no CUTCLASS is not supported. Skipping for layer via4
[WARNING DRT-0349] LEF58_ENCLOSURE with no CUTCLASS is not supported. Skipping for layer via4

Units:                1000
Number of layers:     13
Number of macros:     441
Number of vias:       29
Number of viarulegen: 25

[INFO DRT-0150] Reading design.
[WARNING DRT-0120] Large net net3216 has 114 pins which may impact routing performance. Consider optimization.
[WARNING DRT-0120] Large net net4276 has 123 pins which may impact routing performance. Consider optimization.

Design:                   fp32_fma_ii1
Die area:                 ( 0 0 ) ( 1630460 1630460 )
Number of track patterns: 12
Number of DEF vias:       0
Number of components:     76766
Number of terminals:      143
Number of snets:          2
Number of nets:           44115

[INFO DRT-0167] List of default vias:
  Layer via
    default via: M1M2_PR
  Layer via2
    default via: M2M3_PR
  Layer via3
    default via: M3M4_PR
  Layer via4
    default via: M4M5_PR
[INFO DRT-0162] Library cell analysis.
[INFO DRT-0163] Instance analysis.
[INFO DRT-0164] Number of unique instances = 340.
[INFO DRT-0168] Init region query.
[INFO DRT-0024]   Complete FR_MASTERSLICE.
[INFO DRT-0024]   Complete Fr_VIA.
[INFO DRT-0024]   Complete li1.
[INFO DRT-0024]   Complete mcon.
[INFO DRT-0024]   Complete met1.
[INFO DRT-0024]   Complete via.
[INFO DRT-0024]   Complete met2.
[INFO DRT-0024]   Complete via2.
[INFO DRT-0024]   Complete met3.
[INFO DRT-0024]   Complete via3.
[INFO DRT-0024]   Complete met4.
[INFO DRT-0024]   Complete via4.
[INFO DRT-0024]   Complete met5.
[INFO DRT-0033] FR_MASTERSLICE shape region query size = 0.
[INFO DRT-0033] FR_VIA shape region query size = 0.
[INFO DRT-0033] li1 shape region query size = 1066243.
[INFO DRT-0033] mcon shape region query size = 544278.
[INFO DRT-0033] met1 shape region query size = 207756.
[INFO DRT-0033] via shape region query size = 178205.
[INFO DRT-0033] met2 shape region query size = 106927.
[INFO DRT-0033] via2 shape region query size = 142564.
[INFO DRT-0033] met3 shape region query size = 107060.
[INFO DRT-0033] via3 shape region query size = 142564.
[INFO DRT-0033] met4 shape region query size = 42841.
[INFO DRT-0033] via4 shape region query size = 7081.
[INFO DRT-0033] met5 shape region query size = 7319.
[INFO DRT-0165] Start pin access.
[INFO DRT-0076]   Complete 1000 pins.
[INFO DRT-0076]   Complete 2000 pins.
[INFO DRT-0078]   Complete 2810 pins.
[INFO DRT-0079]   Complete 100 unique inst patterns.
[INFO DRT-0079]   Complete 200 unique inst patterns.
[INFO DRT-0079]   Complete 300 unique inst patterns.
[INFO DRT-0081]   Complete 340 unique inst patterns.
[INFO DRT-0082]   Complete 10000 groups.
[INFO DRT-0082]   Complete 20000 groups.
[INFO DRT-0082]   Complete 30000 groups.
[INFO DRT-0084]   Complete 35278 groups.
#scanned instances     = 76766
#unique  instances     = 340
#stdCellGenAp          = 11159
#stdCellValidPlanarAp  = 91
#stdCellValidViaAp     = 8189
#stdCellPinNoAp        = 6
#stdCellPinCnt         = 149446
#instTermValidViaApCnt = 0
#macroGenAp            = 0
#macroValidPlanarAp    = 0
#macroValidViaAp       = 0
#macroNoAp             = 0
[INFO DRT-0166] Complete pin access.
[INFO DRT-0267] cpu time = 00:08:42, elapsed time = 00:00:57, memory = 781.57 (MB), peak = 794.96 (MB)
[INFO DRT-0156] guideIn read 100000 guides.
[INFO DRT-0156] guideIn read 200000 guides.
[INFO DRT-0156] guideIn read 300000 guides.
[INFO DRT-0156] guideIn read 400000 guides.

[INFO DRT-0157] Number of guides:     409293

[INFO DRT-0169] Post process guides.
[INFO DRT-0176] GCELLGRID X 0 DO 236 STEP 6900 ;
[INFO DRT-0177] GCELLGRID Y 0 DO 236 STEP 6900 ;
[INFO DRT-0026]   Complete 100000 origin guides.
[INFO DRT-0026]   Complete 200000 origin guides.
[INFO DRT-0026]   Complete 300000 origin guides.
[INFO DRT-0026]   Complete 400000 origin guides.
[INFO DRT-0028]   Complete FR_MASTERSLICE.
[INFO DRT-0028]   Complete Fr_VIA.
[INFO DRT-0028]   Complete li1.
[INFO DRT-0028]   Complete mcon.
[INFO DRT-0028]   Complete met1.
[INFO DRT-0028]   Complete via.
[INFO DRT-0028]   Complete met2.
[INFO DRT-0028]   Complete via2.
[INFO DRT-0028]   Complete met3.
[INFO DRT-0028]   Complete via3.
[INFO DRT-0028]   Complete met4.
[INFO DRT-0028]   Complete via4.
[INFO DRT-0028]   Complete met5.
[INFO DRT-0178] Init guide query.
[INFO DRT-0035]   Complete FR_MASTERSLICE (guide).
[INFO DRT-0035]   Complete Fr_VIA (guide).
[INFO DRT-0035]   Complete li1 (guide).
[INFO DRT-0035]   Complete mcon (guide).
[INFO DRT-0035]   Complete met1 (guide).
[INFO DRT-0035]   Complete via (guide).
[INFO DRT-0035]   Complete met2 (guide).
[INFO DRT-0035]   Complete via2 (guide).
[INFO DRT-0035]   Complete met3 (guide).
[INFO DRT-0035]   Complete via3 (guide).
[INFO DRT-0035]   Complete met4 (guide).
[INFO DRT-0035]   Complete via4 (guide).
[INFO DRT-0035]   Complete met5 (guide).
[INFO DRT-0036] FR_MASTERSLICE guide region query size = 0.
[INFO DRT-0036] FR_VIA guide region query size = 0.
[INFO DRT-0036] li1 guide region query size = 132503.
[INFO DRT-0036] mcon guide region query size = 0.
[INFO DRT-0036] met1 guide region query size = 127798.
[INFO DRT-0036] via guide region query size = 0.
[INFO DRT-0036] met2 guide region query size = 70789.
[INFO DRT-0036] via2 guide region query size = 0.
[INFO DRT-0036] met3 guide region query size = 4514.
[INFO DRT-0036] via3 guide region query size = 0.
[INFO DRT-0036] met4 guide region query size = 1710.
[INFO DRT-0036] via4 guide region query size = 0.
[INFO DRT-0036] met5 guide region query size = 125.
[INFO DRT-0179] Init gr pin query.
[INFO DRT-0267] cpu time = 00:00:01, elapsed time = 00:00:00, memory = 928.97 (MB), peak = 927.94 (MB)
[INFO DRT-0245] skipped writing guide updates to database.
[INFO DRT-0181] Start track assignment.
[INFO DRT-0184] Done with 205002 vertical wires in 5 frboxes and 132437 horizontal wires in 5 frboxes.
[INFO DRT-0186] Done with 25234 vertical wires in 5 frboxes and 38132 horizontal wires in 5 frboxes.
[INFO DRT-0182] Complete track assignment.
[INFO DRT-0267] cpu time = 00:00:20, elapsed time = 00:00:05, memory = 1669.21 (MB), peak = 1695.67 (MB)
[INFO DRT-0187] Start routing data preparation.
[INFO DRT-0267] cpu time = 00:00:00, elapsed time = 00:00:00, memory = 1688.16 (MB), peak = 1695.67 (MB)
[INFO DRT-0194] Start detail routing.
[INFO DRT-0195] Start 0th optimization iteration.
    Completing 10% with 0 violations.
    elapsed time = 00:00:09, memory = 1995.46 (MB).
    Completing 20% with 0 violations.
    elapsed time = 00:00:25, memory = 2594.80 (MB).
    Completing 30% with 9134 violations.
    elapsed time = 00:00:36, memory = 2887.87 (MB).
    Completing 40% with 9134 violations.
    elapsed time = 00:00:50, memory = 2922.98 (MB).
    Completing 50% with 9134 violations.
    elapsed time = 00:01:05, memory = 3068.48 (MB).
    Completing 60% with 17708 violations.
    elapsed time = 00:01:17, memory = 3101.84 (MB).
    Completing 70% with 17708 violations.
    elapsed time = 00:01:35, memory = 3189.51 (MB).
    Completing 80% with 26436 violations.
    elapsed time = 00:01:47, memory = 3188.89 (MB).
    Completing 90% with 26436 violations.
    elapsed time = 00:02:04, memory = 3245.37 (MB).
    Completing 100% with 35050 violations.
    elapsed time = 00:02:21, memory = 3342.06 (MB).
[INFO DRT-0199]   Number of violations = 38446.
Viol/Layer         li1   mcon   met1    via   met2   met3   via3   met4   via4   met5
Cut Spacing          0     33      0      1      0      0      2      0      0      0
Metal Spacing        0      0   4334      0    840     17      0     18      0      0
Min Hole             0      0     10      0      2      0      0      0      0      0
NS Metal             0      0      1      0      0      0      0      0      0      0
Recheck             24      0   2295      0    994     20      0     56      0      7
Short                0      5  26092      1   3576      7      4     99      3      5
[INFO DRT-0267] cpu time = 00:22:42, elapsed time = 00:02:21, memory = 3342.45 (MB), peak = 3341.56 (MB)
Total wire length = 4190138 um.
Total wire length on LAYER li1 = 0 um.
Total wire length on LAYER met1 = 1958030 um.
Total wire length on LAYER met2 = 1828254 um.
Total wire length on LAYER met3 = 149983 um.
Total wire length on LAYER met4 = 252312 um.
Total wire length on LAYER met5 = 1557 um.
Total number of vias = 342437.
Up-via summary (total 342437):

-------------------------
 FR_MASTERSLICE         0
            li1    148888
           met1    183733
           met2      6706
           met3      2926
           met4       184
-------------------------
               342437


[INFO DRT-0195] Start 1st optimization iteration.
    Completing 10% with 38446 violations.
    elapsed time = 00:00:10, memory = 3357.07 (MB).
    Completing 20% with 38446 violations.
    elapsed time = 00:00:29, memory = 3385.05 (MB).
    Completing 30% with 35874 violations.
    elapsed time = 00:00:43, memory = 3444.36 (MB).
    Completing 40% with 35874 violations.
    elapsed time = 00:00:58, memory = 3462.90 (MB).
    Completing 50% with 35874 violations.
    elapsed time = 00:01:15, memory = 3491.05 (MB).
    Completing 60% with 32879 violations.
    elapsed time = 00:01:29, memory = 3510.13 (MB).
    Completing 70% with 32879 violations.
    elapsed time = 00:01:48, memory = 3521.45 (MB).
    Completing 80% with 29604 violations.
    elapsed time = 00:02:00, memory = 3496.34 (MB).
    Completing 90% with 29604 violations.
    elapsed time = 00:02:16, memory = 3499.31 (MB).
    Completing 100% with 26722 violations.
    elapsed time = 00:02:32, memory = 3523.00 (MB).
[INFO DRT-0199]   Number of violations = 26722.
Viol/Layer        mcon   met1    via   met2   met3   met4
Cut Spacing         66      0      1      0      0      0
Metal Spacing        0   3613      0    425     11      4
Min Hole             0      2      0      0      0      0
Recheck              0      1      0      0      0      0
Short                0  21126      2   1461      2      8
[INFO DRT-0267] cpu time = 00:23:53, elapsed time = 00:02:32, memory = 3523.00 (MB), peak = 3532.29 (MB)
Total wire length = 4180268 um.
Total wire length on LAYER li1 = 0 um.
Total wire length on LAYER met1 = 1950962 um.
Total wire length on LAYER met2 = 1825471 um.
Total wire length on LAYER met3 = 150407 um.
Total wire length on LAYER met4 = 251855 um.
Total wire length on LAYER met5 = 1570 um.
Total number of vias = 341565.
Up-via summary (total 341565):

-------------------------
 FR_MASTERSLICE         0
            li1    148834
           met1    182727
           met2      6910
           met3      2920
           met4       174
-------------------------
               341565


[INFO DRT-0195] Start 2nd optimization iteration.
    Completing 10% with 26722 violations.
    elapsed time = 00:00:09, memory = 3531.15 (MB).
    Completing 20% with 26722 violations.
    elapsed time = 00:00:23, memory = 3531.15 (MB).
    Completing 30% with 26325 violations.
    elapsed time = 00:00:33, memory = 3531.86 (MB).
    Completing 40% with 26325 violations.
    elapsed time = 00:00:47, memory = 3531.86 (MB).
    Completing 50% with 26325 violations.
    elapsed time = 00:01:02, memory = 3563.88 (MB).
    Completing 60% with 25738 violations.
    elapsed time = 00:01:12, memory = 3531.86 (MB).
    Completing 70% with 25738 violations.
    elapsed time = 00:01:28, memory = 3531.86 (MB).
    Completing 80% with 24944 violations.
    elapsed time = 00:01:42, memory = 3543.32 (MB).
    Completing 90% with 24944 violations.
    elapsed time = 00:01:58, memory = 3549.53 (MB).
    Completing 100% with 24348 violations.
    elapsed time = 00:02:15, memory = 3549.73 (MB).
[INFO DRT-0199]   Number of violations = 24348.
Viol/Layer        mcon   met1    via   met2   met3   met4
Cut Spacing         56      0      0      0      0      0
Metal Spacing        0   3318      0    364      9      2
Min Hole             0      3      0      0      0      0
Short                0  19221      1   1358      6     10
[INFO DRT-0267] cpu time = 00:21:31, elapsed time = 00:02:16, memory = 3516.35 (MB), peak = 3565.06 (MB)
Total wire length = 4175839 um.
Total wire length on LAYER li1 = 0 um.
Total wire length on LAYER met1 = 1948475 um.
Total wire length on LAYER met2 = 1823741 um.
Total wire length on LAYER met3 = 150061 um.
Total wire length on LAYER met4 = 252017 um.
Total wire length on LAYER met5 = 1542 um.
Total number of vias = 339846.
Up-via summary (total 339846):

-------------------------
 FR_MASTERSLICE         0
            li1    148883
           met1    181114
           met2      6774
           met3      2901
           met4       174
-------------------------
               339846


[INFO DRT-0195] Start 3rd optimization iteration.
    Completing 10% with 24348 violations.
    elapsed time = 00:00:07, memory = 3516.35 (MB).
    Completing 20% with 24348 violations.
    elapsed time = 00:00:23, memory = 3540.73 (MB).
    Completing 30% with 18932 violations.
    elapsed time = 00:00:36, memory = 3635.47 (MB).
    Completing 40% with 18932 violations.
    elapsed time = 00:00:50, memory = 3662.80 (MB).
    Completing 50% with 18932 violations.
    elapsed time = 00:01:05, memory = 3684.05 (MB).
    Completing 60% with 13010 violations.
    elapsed time = 00:01:17, memory = 3684.05 (MB).
    Completing 70% with 13010 violations.
    elapsed time = 00:01:34, memory = 3702.83 (MB).
    Completing 80% with 7613 violations.
    elapsed time = 00:01:46, memory = 3725.77 (MB).
    Completing 90% with 7613 violations.
    elapsed time = 00:02:03, memory = 3704.02 (MB).
    Completing 100% with 1849 violations.
    elapsed time = 00:02:19, memory = 3726.39 (MB).
[INFO DRT-0199]   Number of violations = 1849.
Viol/Layer        mcon   met1    via   met2   met3   met4
Cut Spacing          4      0      5      0      0      0
Metal Spacing        0    472      0    130      5      1
Min Hole             0      3      0      0      0      0
Short                0   1135      0     83     11      0
[INFO DRT-0267] cpu time = 00:21:17, elapsed time = 00:02:20, memory = 3698.07 (MB), peak = 3747.91 (MB)
Total wire length = 4176589 um.
Total wire length on LAYER li1 = 0 um.
Total wire length on LAYER met1 = 1886908 um.
Total wire length on LAYER met2 = 1827490 um.
Total wire length on LAYER met3 = 206822 um.
Total wire length on LAYER met4 = 253877 um.
Total wire length on LAYER met5 = 1490 um.
Total number of vias = 355633.
Up-via summary (total 355633):

-------------------------
 FR_MASTERSLICE         0
            li1    148870
           met1    190176
           met2     13317
           met3      3104
           met4       166
-------------------------
               355633


[INFO DRT-0195] Start 4th optimization iteration.
    Completing 10% with 1849 violations.
    elapsed time = 00:00:00, memory = 3678.06 (MB).
    Completing 20% with 1849 violations.
    elapsed time = 00:00:01, memory = 3678.06 (MB).
    Completing 30% with 1458 violations.
    elapsed time = 00:00:06, memory = 3678.06 (MB).
    Completing 40% with 1458 violations.
    elapsed time = 00:00:06, memory = 3678.06 (MB).
    Completing 50% with 1458 violations.
    elapsed time = 00:00:08, memory = 3691.32 (MB).
    Completing 60% with 1026 violations.
    elapsed time = 00:00:09, memory = 3691.32 (MB).
    Completing 70% with 1026 violations.
    elapsed time = 00:00:10, memory = 3691.32 (MB).
    Completing 80% with 585 violations.
    elapsed time = 00:00:11, memory = 3691.32 (MB).
    Completing 90% with 585 violations.
    elapsed time = 00:00:12, memory = 3691.32 (MB).
    Completing 100% with 103 violations.
    elapsed time = 00:00:14, memory = 3691.32 (MB).
[INFO DRT-0199]   Number of violations = 103.
Viol/Layer        mcon   met1   met2
Cut Spacing          2      0      0
Metal Spacing        0     37      9
Short                0     55      0
[INFO DRT-0267] cpu time = 00:01:52, elapsed time = 00:00:15, memory = 3691.32 (MB), peak = 3747.91 (MB)
Total wire length = 4176411 um.
Total wire length on LAYER li1 = 0 um.
Total wire length on LAYER met1 = 1885388 um.
Total wire length on LAYER met2 = 1827399 um.
Total wire length on LAYER met3 = 208160 um.
Total wire length on LAYER met4 = 253987 um.
Total wire length on LAYER met5 = 1475 um.
Total number of vias = 355777.
Up-via summary (total 355777):

-------------------------
 FR_MASTERSLICE         0
            li1    148872
           met1    190285
           met2     13350
           met3      3106
           met4       164
-------------------------
               355777


[INFO DRT-0195] Start 5th optimization iteration.
    Completing 10% with 103 violations.
    elapsed time = 00:00:00, memory = 3691.32 (MB).
    Completing 20% with 103 violations.
    elapsed time = 00:00:00, memory = 3691.32 (MB).
    Completing 30% with 68 violations.
    elapsed time = 00:00:01, memory = 3691.32 (MB).
    Completing 40% with 68 violations.
    elapsed time = 00:00:01, memory = 3691.32 (MB).
    Completing 50% with 68 violations.
    elapsed time = 00:00:01, memory = 3691.32 (MB).
    Completing 60% with 54 violations.
    elapsed time = 00:00:01, memory = 3647.42 (MB).
    Completing 70% with 54 violations.
    elapsed time = 00:00:01, memory = 3647.42 (MB).
    Completing 80% with 16 violations.
    elapsed time = 00:00:02, memory = 3647.42 (MB).
    Completing 90% with 16 violations.
    elapsed time = 00:00:02, memory = 3647.42 (MB).
    Completing 100% with 8 violations.
    elapsed time = 00:00:02, memory = 3647.42 (MB).
[INFO DRT-0199]   Number of violations = 8.
Viol/Layer        met1
Metal Spacing        3
Short                5
[INFO DRT-0267] cpu time = 00:00:05, elapsed time = 00:00:02, memory = 3647.62 (MB), peak = 3747.91 (MB)
Total wire length = 4176405 um.
Total wire length on LAYER li1 = 0 um.
Total wire length on LAYER met1 = 1885326 um.
Total wire length on LAYER met2 = 1827423 um.
Total wire length on LAYER met3 = 208207 um.
Total wire length on LAYER met4 = 253972 um.
Total wire length on LAYER met5 = 1475 um.
Total number of vias = 355775.
Up-via summary (total 355775):

-------------------------
 FR_MASTERSLICE         0
            li1    148873
           met1    190291
           met2     13343
           met3      3104
           met4       164
-------------------------
               355775


[INFO DRT-0195] Start 6th guides tiles iteration.
    Completing 50% with 8 violations.
    elapsed time = 00:00:00, memory = 3647.62 (MB).
    Completing 100% with 0 violations.
    elapsed time = 00:00:00, memory = 3647.62 (MB).
[INFO DRT-0199]   Number of violations = 0.
[INFO DRT-0267] cpu time = 00:00:00, elapsed time = 00:00:00, memory = 3647.62 (MB), peak = 3747.91 (MB)
Total wire length = 4176405 um.
Total wire length on LAYER li1 = 0 um.
Total wire length on LAYER met1 = 1885326 um.
Total wire length on LAYER met2 = 1827422 um.
Total wire length on LAYER met3 = 208207 um.
Total wire length on LAYER met4 = 253972 um.
Total wire length on LAYER met5 = 1475 um.
Total number of vias = 355775.
Up-via summary (total 355775):

-------------------------
 FR_MASTERSLICE         0
            li1    148873
           met1    190291
           met2     13343
           met3      3104
           met4       164
-------------------------
               355775


[INFO DRT-0198] Complete detail routing.
Total wire length = 4176405 um.
Total wire length on LAYER li1 = 0 um.
Total wire length on LAYER met1 = 1885326 um.
Total wire length on LAYER met2 = 1827422 um.
Total wire length on LAYER met3 = 208207 um.
Total wire length on LAYER met4 = 253972 um.
Total wire length on LAYER met5 = 1475 um.
Total number of vias = 355775.
Up-via summary (total 355775):

-------------------------
 FR_MASTERSLICE         0
            li1    148873
           met1    190291
           met2     13343
           met3      3104
           met4       164
-------------------------
               355775


[INFO DRT-0267] cpu time = 01:31:22, elapsed time = 00:09:50, memory = 3647.63 (MB), peak = 3747.91 (MB)

[INFO DRT-0180] Post processing.
[INFO DRT-0501] Runtime: 655.62s
Took 656 seconds: detailed_route -output_drc ./reports/sky130hd/d_dsp02_cand_chat_scored/base/5_route_drc.rpt -output_maze ./results/sky130hd/d_dsp02_cand_chat_scored/base/maze.log -droute_end_iter 64 -verbose 1 -drc_report_iter_step 5
[INFO GRT-0012] Found 267 antenna violations.
[WARNING GRT-0243] Unable to repair antennas on net with diodes.
[INFO DPL-0006] Core area: 2647942.09 um^2
[INFO DPL-0007] Movable instances area: 0.00 um^2
[INFO DPL-0008] Fixed instances area within core: 334988.78 um^2
[INFO DPL-0009] Utilization: 12.7%
[INFO DPL-0005] Diamond search max displacement: +/- 500 sites horizontally, +/- 100 rows vertically.
[INFO DPL-1102] Legalizing using negotiation legalizer.
[INFO DPL-1103] Negotiation base search window: +/-20 sites horizontally, +/-5 rows vertically 
	Automatic search window extension enabled.
	Search window extendable up to the max displacement cap of +/-500 sites, +/-100 rows near walls.
[INFO DPL-1104] NegotiationLegalizer DRC penalty: 5.
[INFO DPL-0392] Negotiation cell height distribution (1 unique row-count(s)):
[INFO DPL-0393]   height 1 row(s): 77164 cells
[INFO DPL-0500] Runtime: 0.32s
[INFO GRT-0015] Inserted 398 diodes.
[WARNING DRT-0120] Large net net3216 has 114 pins which may impact routing performance. Consider optimization.
[WARNING DRT-0120] Large net net4276 has 123 pins which may impact routing performance. Consider optimization.
[INFO DRT-0024]   Complete FR_MASTERSLICE.
[INFO DRT-0024]   Complete Fr_VIA.
[INFO DRT-0024]   Complete li1.
[INFO DRT-0024]   Complete mcon.
[INFO DRT-0024]   Complete met1.
[INFO DRT-0024]   Complete via.
[INFO DRT-0024]   Complete met2.
[INFO DRT-0024]   Complete via2.
[INFO DRT-0024]   Complete met3.
[INFO DRT-0024]   Complete via3.
[INFO DRT-0024]   Complete met4.
[INFO DRT-0024]   Complete via4.
[INFO DRT-0024]   Complete met5.
[INFO DRT-0165] Start pin access.
[INFO DRT-0076]   Complete 1000 pins.
[INFO DRT-0076]   Complete 2000 pins.
[INFO DRT-0078]   Complete 2810 pins.
[INFO DRT-0079]   Complete 100 unique inst patterns.
[INFO DRT-0079]   Complete 200 unique inst patterns.
[INFO DRT-0079]   Complete 300 unique inst patterns.
[INFO DRT-0081]   Complete 340 unique inst patterns.
[INFO DRT-0082]   Complete 10000 groups.
[INFO DRT-0082]   Complete 20000 groups.
[INFO DRT-0082]   Complete 30000 groups.
[INFO DRT-0084]   Complete 35417 groups.
#scanned instances     = 77164
#unique  instances     = 340
#stdCellGenAp          = 11159
#stdCellValidPlanarAp  = 91
#stdCellValidViaAp     = 8189
#stdCellPinNoAp        = 6
#stdCellPinCnt         = 149446
#instTermValidViaApCnt = 0
#macroGenAp            = 0
#macroValidPlanarAp    = 0
#macroValidViaAp       = 0
#macroNoAp             = 0
[INFO DRT-0166] Complete pin access.
[INFO DRT-0267] cpu time = 00:12:46, elapsed time = 00:01:22, memory = 3237.34 (MB), peak = 3747.91 (MB)
[INFO DRT-0156] guideIn read 100000 guides.
[INFO DRT-0156] guideIn read 200000 guides.
[INFO DRT-0156] guideIn read 300000 guides.
[INFO DRT-0156] guideIn read 400000 guides.

[INFO DRT-0157] Number of guides:     408227

[INFO DRT-0169] Post process guides.
[INFO DRT-0176] GCELLGRID X 0 DO 236 STEP 6900 ;
[INFO DRT-0177] GCELLGRID Y 0 DO 236 STEP 6900 ;
[INFO DRT-0026]   Complete 100000 origin guides.
[INFO DRT-0026]   Complete 200000 origin guides.
[INFO DRT-0026]   Complete 300000 origin guides.
[INFO DRT-0026]   Complete 400000 origin guides.
[INFO DRT-0028]   Complete FR_MASTERSLICE.
[INFO DRT-0028]   Complete Fr_VIA.
[INFO DRT-0028]   Complete li1.
[INFO DRT-0028]   Complete mcon.
[INFO DRT-0028]   Complete met1.
[INFO DRT-0028]   Complete via.
[INFO DRT-0028]   Complete met2.
[INFO DRT-0028]   Complete via2.
[INFO DRT-0028]   Complete met3.
[INFO DRT-0028]   Complete via3.
[INFO DRT-0028]   Complete met4.
[INFO DRT-0028]   Complete via4.
[INFO DRT-0028]   Complete met5.
[INFO DRT-0178] Init guide query.
[INFO DRT-0035]   Complete FR_MASTERSLICE (guide).
[INFO DRT-0035]   Complete Fr_VIA (guide).
[INFO DRT-0035]   Complete li1 (guide).
[INFO DRT-0035]   Complete mcon (guide).
[INFO DRT-0035]   Complete met1 (guide).
[INFO DRT-0035]   Complete via (guide).
[INFO DRT-0035]   Complete met2 (guide).
[INFO DRT-0035]   Complete via2 (guide).
[INFO DRT-0035]   Complete met3 (guide).
[INFO DRT-0035]   Complete via3 (guide).
[INFO DRT-0035]   Complete met4 (guide).
[INFO DRT-0035]   Complete via4 (guide).
[INFO DRT-0035]   Complete met5 (guide).
[INFO DRT-0036] FR_MASTERSLICE guide region query size = 0.
[INFO DRT-0036] FR_VIA guide region query size = 0.
[INFO DRT-0036] li1 guide region query size = 132611.
[INFO DRT-0036] mcon guide region query size = 0.
[INFO DRT-0036] met1 guide region query size = 127701.
[INFO DRT-0036] via guide region query size = 0.
[INFO DRT-0036] met2 guide region query size = 70518.
[INFO DRT-0036] via2 guide region query size = 0.
[INFO DRT-0036] met3 guide region query size = 4238.
[INFO DRT-0036] via3 guide region query size = 0.
[INFO DRT-0036] met4 guide region query size = 1555.
[INFO DRT-0036] via4 guide region query size = 0.
[INFO DRT-0036] met5 guide region query size = 86.
[INFO DRT-0179] Init gr pin query.
[INFO DRT-0267] cpu time = 00:00:03, elapsed time = 00:00:00, memory = 3237.34 (MB), peak = 3747.91 (MB)
[INFO DRT-0245] skipped writing guide updates to database.
[INFO DRT-0181] Start track assignment.
[INFO DRT-0184] Done with 204684 vertical wires in 5 frboxes and 132025 horizontal wires in 5 frboxes.
[INFO DRT-0186] Done with 25411 vertical wires in 5 frboxes and 38160 horizontal wires in 5 frboxes.
[INFO DRT-0182] Complete track assignment.
[INFO DRT-0267] cpu time = 00:00:29, elapsed time = 00:00:07, memory = 3299.34 (MB), peak = 3747.91 (MB)
[INFO DRT-0187] Start routing data preparation.
[INFO DRT-0267] cpu time = 00:00:00, elapsed time = 00:00:00, memory = 3309.30 (MB), peak = 3747.91 (MB)
[INFO DRT-0194] Start detail routing.
[INFO DRT-0195] Start 0th optimization iteration.
    Completing 10% with 0 violations.
    elapsed time = 00:00:05, memory = 3392.46 (MB).
    Completing 20% with 0 violations.
    elapsed time = 00:00:13, memory = 3623.31 (MB).
    Completing 30% with 3803 violations.
    elapsed time = 00:00:18, memory = 3723.55 (MB).
    Completing 40% with 3803 violations.
    elapsed time = 00:00:24, memory = 3775.88 (MB).
    Completing 50% with 3803 violations.
    elapsed time = 00:00:30, memory = 3920.06 (MB).
    Completing 60% with 7133 violations.
    elapsed time = 00:00:36, memory = 3921.88 (MB).
    Completing 70% with 7133 violations.
    elapsed time = 00:00:45, memory = 3953.97 (MB).
    Completing 80% with 10093 violations.
    elapsed time = 00:00:53, memory = 3953.97 (MB).
    Completing 90% with 10093 violations.
    elapsed time = 00:01:00, memory = 3953.97 (MB).
    Completing 100% with 12408 violations.
    elapsed time = 00:01:08, memory = 3982.76 (MB).
[INFO DRT-0199]   Number of violations = 14411.
Viol/Layer         li1   mcon   met1    via   met2   met3   met4   met5
Cut Spacing          0      2      0      1      0      0      0      0
Metal Spacing        0      0    877      0    322     14      4      0
Min Hole             0      0      3      0      0      0      0      0
Recheck              3      0   1192      0    784     18      6      0
Short                0      1   7933      3   3167     59     21      1
[INFO DRT-0267] cpu time = 00:10:24, elapsed time = 00:01:08, memory = 3951.24 (MB), peak = 3982.16 (MB)
Total wire length = 4180271 um.
Total wire length on LAYER li1 = 0 um.
Total wire length on LAYER met1 = 1902464 um.
Total wire length on LAYER met2 = 1837538 um.
Total wire length on LAYER met3 = 194658 um.
Total wire length on LAYER met4 = 244175 um.
Total wire length on LAYER met5 = 1433 um.
Total number of vias = 354672.
Up-via summary (total 354672):

-------------------------
 FR_MASTERSLICE         0
            li1    149435
           met1    189968
           met2     12180
           met3      2931
           met4       158
-------------------------
               354672


[INFO DRT-0195] Start 1st optimization iteration.
    Completing 10% with 14411 violations.
    elapsed time = 00:00:04, memory = 3966.25 (MB).
    Completing 20% with 14411 violations.
    elapsed time = 00:00:10, memory = 3985.05 (MB).
    Completing 30% with 12070 violations.
    elapsed time = 00:00:15, memory = 4016.05 (MB).
    Completing 40% with 12070 violations.
    elapsed time = 00:00:20, memory = 4018.45 (MB).
    Completing 50% with 12070 violations.
    elapsed time = 00:00:25, memory = 4019.41 (MB).
    Completing 60% with 9969 violations.
    elapsed time = 00:00:30, memory = 3965.71 (MB).
    Completing 70% with 9969 violations.
    elapsed time = 00:00:36, memory = 3966.96 (MB).
    Completing 80% with 7614 violations.
    elapsed time = 00:00:40, memory = 3989.75 (MB).
    Completing 90% with 7614 violations.
    elapsed time = 00:00:45, memory = 3989.75 (MB).
    Completing 100% with 5578 violations.
    elapsed time = 00:00:52, memory = 3967.09 (MB).
[INFO DRT-0199]   Number of violations = 5578.
Viol/Layer        met1   met2   met3   met4
Metal Spacing      381    167     12      0
Short             4141    863     13      1
[INFO DRT-0267] cpu time = 00:07:54, elapsed time = 00:00:52, memory = 3967.09 (MB), peak = 4020.32 (MB)
Total wire length = 4178279 um.
Total wire length on LAYER li1 = 0 um.
Total wire length on LAYER met1 = 1901030 um.
Total wire length on LAYER met2 = 1836854 um.
Total wire length on LAYER met3 = 194851 um.
Total wire length on LAYER met4 = 244114 um.
Total wire length on LAYER met5 = 1428 um.
Total number of vias = 354469.
Up-via summary (total 354469):

-------------------------
 FR_MASTERSLICE         0
            li1    149443
           met1    189707
           met2     12230
           met3      2933
           met4       156
-------------------------
               354469


[INFO DRT-0195] Start 2nd optimization iteration.
    Completing 10% with 5578 violations.
    elapsed time = 00:00:03, memory = 3967.09 (MB).
    Completing 20% with 5578 violations.
    elapsed time = 00:00:08, memory = 3967.17 (MB).
    Completing 30% with 5435 violations.
    elapsed time = 00:00:12, memory = 3967.17 (MB).
    Completing 40% with 5435 violations.
    elapsed time = 00:00:17, memory = 3967.17 (MB).
    Completing 50% with 5435 violations.
    elapsed time = 00:00:21, memory = 3967.66 (MB).
    Completing 60% with 5332 violations.
    elapsed time = 00:00:25, memory = 3967.66 (MB).
    Completing 70% with 5332 violations.
    elapsed time = 00:00:31, memory = 3967.70 (MB).
    Completing 80% with 5045 violations.
    elapsed time = 00:00:35, memory = 3967.70 (MB).
    Completing 90% with 5045 violations.
    elapsed time = 00:00:40, memory = 3967.70 (MB).
    Completing 100% with 4934 violations.
    elapsed time = 00:00:44, memory = 3967.70 (MB).
[INFO DRT-0199]   Number of violations = 4934.
Viol/Layer        mcon   met1   met2   met3   met4
Cut Spacing          1      0      0      0      0
Metal Spacing        0    378    110      2      0
Short                0   3802    636      4      1
[INFO DRT-0267] cpu time = 00:06:49, elapsed time = 00:00:45, memory = 3967.70 (MB), peak = 4020.32 (MB)
Total wire length = 4177579 um.
Total wire length on LAYER li1 = 0 um.
Total wire length on LAYER met1 = 1900616 um.
Total wire length on LAYER met2 = 1836563 um.
Total wire length on LAYER met3 = 194842 um.
Total wire length on LAYER met4 = 244139 um.
Total wire length on LAYER met5 = 1416 um.
Total number of vias = 354085.
Up-via summary (total 354085):

-------------------------
 FR_MASTERSLICE         0
            li1    149433
           met1    189354
           met2     12210
           met3      2932
           met4       156
-------------------------
               354085


[INFO DRT-0195] Start 3rd optimization iteration.
    Completing 10% with 4934 violations.
    elapsed time = 00:00:03, memory = 3967.70 (MB).
    Completing 20% with 4934 violations.
    elapsed time = 00:00:10, memory = 3967.70 (MB).
    Completing 30% with 3873 violations.
    elapsed time = 00:00:14, memory = 3967.70 (MB).
    Completing 40% with 3873 violations.
    elapsed time = 00:00:22, memory = 3967.70 (MB).
    Completing 50% with 3873 violations.
    elapsed time = 00:00:27, memory = 3967.70 (MB).
    Completing 60% with 2591 violations.
    elapsed time = 00:00:34, memory = 3967.70 (MB).
    Completing 70% with 2591 violations.
    elapsed time = 00:00:42, memory = 3967.70 (MB).
    Completing 80% with 1533 violations.
    elapsed time = 00:00:51, memory = 3967.70 (MB).
    Completing 90% with 1533 violations.
    elapsed time = 00:01:00, memory = 3967.70 (MB).
    Completing 100% with 281 violations.
    elapsed time = 00:01:09, memory = 3967.75 (MB).
[INFO DRT-0199]   Number of violations = 281.
Viol/Layer        met1   met2   met3
Metal Spacing       65     13      3
Min Hole             1      0      0
Short              176     23      0
[INFO DRT-0267] cpu time = 00:09:54, elapsed time = 00:01:09, memory = 3856.69 (MB), peak = 4020.32 (MB)
Total wire length = 4178273 um.
Total wire length on LAYER li1 = 0 um.
Total wire length on LAYER met1 = 1886856 um.
Total wire length on LAYER met2 = 1836478 um.
Total wire length on LAYER met3 = 208090 um.
Total wire length on LAYER met4 = 245430 um.
Total wire length on LAYER met5 = 1416 um.
Total number of vias = 357940.
Up-via summary (total 357940):

-------------------------
 FR_MASTERSLICE         0
            li1    149426
           met1    191773
           met2     13556
           met3      3029
           met4       156
-------------------------
               357940


[INFO DRT-0195] Start 4th optimization iteration.
    Completing 10% with 281 violations.
    elapsed time = 00:00:00, memory = 3856.69 (MB).
    Completing 20% with 281 violations.
    elapsed time = 00:00:00, memory = 3856.69 (MB).
    Completing 30% with 213 violations.
    elapsed time = 00:00:03, memory = 3856.69 (MB).
    Completing 40% with 213 violations.
    elapsed time = 00:00:03, memory = 3856.69 (MB).
    Completing 50% with 213 violations.
    elapsed time = 00:00:05, memory = 3856.69 (MB).
    Completing 60% with 165 violations.
    elapsed time = 00:00:05, memory = 3856.69 (MB).
    Completing 70% with 165 violations.
    elapsed time = 00:00:06, memory = 3856.69 (MB).
    Completing 80% with 46 violations.
    elapsed time = 00:00:07, memory = 3856.69 (MB).
    Completing 90% with 46 violations.
    elapsed time = 00:00:07, memory = 3856.69 (MB).
    Completing 100% with 10 violations.
    elapsed time = 00:00:09, memory = 3856.69 (MB).
[INFO DRT-0199]   Number of violations = 10.
Viol/Layer        met1   met2
Metal Spacing        8      0
Short                0      2
[INFO DRT-0267] cpu time = 00:00:36, elapsed time = 00:00:09, memory = 3856.69 (MB), peak = 4020.32 (MB)
Total wire length = 4178316 um.
Total wire length on LAYER li1 = 0 um.
Total wire length on LAYER met1 = 1886298 um.
Total wire length on LAYER met2 = 1836519 um.
Total wire length on LAYER met3 = 208630 um.
Total wire length on LAYER met4 = 245451 um.
Total wire length on LAYER met5 = 1416 um.
Total number of vias = 358041.
Up-via summary (total 358041):

-------------------------
 FR_MASTERSLICE         0
            li1    149425
           met1    191842
           met2     13589
           met3      3029
           met4       156
-------------------------
               358041


[INFO DRT-0195] Start 5th guides tiles iteration.
    Completing 10% with 10 violations.
    elapsed time = 00:00:00, memory = 3856.69 (MB).
    Completing 20% with 10 violations.
    elapsed time = 00:00:00, memory = 3856.69 (MB).
    Completing 40% with 10 violations.
    elapsed time = 00:00:01, memory = 3856.69 (MB).
    Completing 50% with 2 violations.
    elapsed time = 00:00:01, memory = 3856.69 (MB).
    Completing 70% with 2 violations.
    elapsed time = 00:00:01, memory = 3856.69 (MB).
    Completing 80% with 2 violations.
    elapsed time = 00:00:01, memory = 3856.69 (MB).
    Completing 100% with 2 violations.
    elapsed time = 00:00:01, memory = 3856.69 (MB).
[INFO DRT-0199]   Number of violations = 2.
Viol/Layer        met1
Metal Spacing        2
[INFO DRT-0267] cpu time = 00:00:02, elapsed time = 00:00:01, memory = 3856.69 (MB), peak = 4020.32 (MB)
Total wire length = 4178323 um.
Total wire length on LAYER li1 = 0 um.
Total wire length on LAYER met1 = 1886320 um.
Total wire length on LAYER met2 = 1836517 um.
Total wire length on LAYER met3 = 208617 um.
Total wire length on LAYER met4 = 245451 um.
Total wire length on LAYER met5 = 1416 um.
Total number of vias = 358038.
Up-via summary (total 358038):

-------------------------
 FR_MASTERSLICE         0
            li1    149425
           met1    191842
           met2     13586
           met3      3029
           met4       156
-------------------------
               358038


[INFO DRT-0195] Start 6th guides tiles iteration.
    Completing 50% with 2 violations.
    elapsed time = 00:00:00, memory = 3856.69 (MB).
    Completing 100% with 2 violations.
    elapsed time = 00:00:00, memory = 3856.69 (MB).
[INFO DRT-0199]   Number of violations = 2.
Viol/Layer        met1
Metal Spacing        2
[INFO DRT-0267] cpu time = 00:00:00, elapsed time = 00:00:00, memory = 3856.69 (MB), peak = 4020.32 (MB)
Total wire length = 4178323 um.
Total wire length on LAYER li1 = 0 um.
Total wire length on LAYER met1 = 1886320 um.
Total wire length on LAYER met2 = 1836517 um.
Total wire length on LAYER met3 = 208617 um.
Total wire length on LAYER met4 = 245451 um.
Total wire length on LAYER met5 = 1416 um.
Total number of vias = 358038.
Up-via summary (total 358038):

-------------------------
 FR_MASTERSLICE         0
            li1    149425
           met1    191842
           met2     13586
           met3      3029
           met4       156
-------------------------
               358038


[INFO DRT-0195] Start 7th stubborn tiles iteration.
    Completing 10% with 2 violations.
    elapsed time = 00:00:00, memory = 3856.70 (MB).
    Completing 20% with 2 violations.
    elapsed time = 00:00:00, memory = 3856.70 (MB).
    Completing 30% with 2 violations.
    elapsed time = 00:00:01, memory = 3856.70 (MB).
    Completing 40% with 2 violations.
    elapsed time = 00:00:01, memory = 3856.70 (MB).
    Completing 50% with 2 violations.
    elapsed time = 00:00:02, memory = 3856.70 (MB).
    Completing 60% with 2 violations.
    elapsed time = 00:00:04, memory = 3856.70 (MB).
    Completing 70% with 2 violations.
    elapsed time = 00:00:05, memory = 3856.70 (MB).
    Completing 80% with 2 violations.
    elapsed time = 00:00:06, memory = 3856.70 (MB).
    Completing 90% with 2 violations.
    elapsed time = 00:00:07, memory = 3856.70 (MB).
    Completing 100% with 0 violations.
    elapsed time = 00:00:08, memory = 3856.71 (MB).
[INFO DRT-0199]   Number of violations = 0.
[INFO DRT-0267] cpu time = 00:01:06, elapsed time = 00:00:08, memory = 3856.71 (MB), peak = 4020.32 (MB)
Total wire length = 4178309 um.
Total wire length on LAYER li1 = 0 um.
Total wire length on LAYER met1 = 1886312 um.
Total wire length on LAYER met2 = 1836512 um.
Total wire length on LAYER met3 = 208617 um.
Total wire length on LAYER met4 = 245451 um.
Total wire length on LAYER met5 = 1416 um.
Total number of vias = 358035.
Up-via summary (total 358035):

-------------------------
 FR_MASTERSLICE         0
            li1    149425
           met1    191839
           met2     13586
           met3      3029
           met4       156
-------------------------
               358035


[INFO DRT-0198] Complete detail routing.
Total wire length = 4178309 um.
Total wire length on LAYER li1 = 0 um.
Total wire length on LAYER met1 = 1886312 um.
Total wire length on LAYER met2 = 1836512 um.
Total wire length on LAYER met3 = 208617 um.
Total wire length on LAYER met4 = 245451 um.
Total wire length on LAYER met5 = 1416 um.
Total number of vias = 358035.
Up-via summary (total 358035):

-------------------------
 FR_MASTERSLICE         0
            li1    149425
           met1    191839
           met2     13586
           met3      3029
           met4       156
-------------------------
               358035


[INFO DRT-0267] cpu time = 00:36:50, elapsed time = 00:04:18, memory = 3856.71 (MB), peak = 4020.32 (MB)

[INFO DRT-0180] Post processing.
[INFO DRT-0501] Runtime: 351.88s
[INFO ANT-0002] Found 51 net violations.
[INFO ANT-0001] Found 62 pin violations.
[INFO GRT-0012] Found 51 antenna violations.
[INFO DPL-0006] Core area: 2647942.09 um^2
[INFO DPL-0007] Movable instances area: 0.00 um^2
[INFO DPL-0008] Fixed instances area within core: 335191.48 um^2
[INFO DPL-0009] Utilization: 12.7%
[INFO DPL-0005] Diamond search max displacement: +/- 500 sites horizontally, +/- 100 rows vertically.
[INFO DPL-1102] Legalizing using negotiation legalizer.
[INFO DPL-1103] Negotiation base search window: +/-20 sites horizontally, +/-5 rows vertically 
	Automatic search window extension enabled.
	Search window extendable up to the max displacement cap of +/-500 sites, +/-100 rows near walls.
[INFO DPL-1104] NegotiationLegalizer DRC penalty: 5.
[INFO DPL-0392] Negotiation cell height distribution (1 unique row-count(s)):
[INFO DPL-0393]   height 1 row(s): 77245 cells
[INFO DPL-0500] Runtime: 0.70s
[INFO GRT-0015] Inserted 81 diodes.
[WARNING DRT-0120] Large net net3216 has 114 pins which may impact routing performance. Consider optimization.
[WARNING DRT-0120] Large net net4276 has 123 pins which may impact routing performance. Consider optimization.
[INFO DRT-0024]   Complete FR_MASTERSLICE.
[INFO DRT-0024]   Complete Fr_VIA.
[INFO DRT-0024]   Complete li1.
[INFO DRT-0024]   Complete mcon.
[INFO DRT-0024]   Complete met1.
[INFO DRT-0024]   Complete via.
[INFO DRT-0024]   Complete met2.
[INFO DRT-0024]   Complete via2.
[INFO DRT-0024]   Complete met3.
[INFO DRT-0024]   Complete via3.
[INFO DRT-0024]   Complete met4.
[INFO DRT-0024]   Complete via4.
[INFO DRT-0024]   Complete met5.
[INFO DRT-0165] Start pin access.
[INFO DRT-0076]   Complete 1000 pins.
[INFO DRT-0076]   Complete 2000 pins.
[INFO DRT-0078]   Complete 2810 pins.
[INFO DRT-0079]   Complete 100 unique inst patterns.
[INFO DRT-0079]   Complete 200 unique inst patterns.
[INFO DRT-0079]   Complete 300 unique inst patterns.
[INFO DRT-0081]   Complete 340 unique inst patterns.
[INFO DRT-0082]   Complete 10000 groups.
[INFO DRT-0082]   Complete 20000 groups.
[INFO DRT-0082]   Complete 30000 groups.
[INFO DRT-0084]   Complete 35442 groups.
#scanned instances     = 77245
#unique  instances     = 340
#stdCellGenAp          = 11159
#stdCellValidPlanarAp  = 91
#stdCellValidViaAp     = 8189
#stdCellPinNoAp        = 6
#stdCellPinCnt         = 149446
#instTermValidViaApCnt = 0
#macroGenAp            = 0
#macroValidPlanarAp    = 0
#macroValidViaAp       = 0
#macroNoAp             = 0
[INFO DRT-0166] Complete pin access.
[INFO DRT-0267] cpu time = 00:11:38, elapsed time = 00:01:25, memory = 3858.86 (MB), peak = 4020.32 (MB)
[INFO DRT-0156] guideIn read 100000 guides.
[INFO DRT-0156] guideIn read 200000 guides.
[INFO DRT-0156] guideIn read 300000 guides.
[INFO DRT-0156] guideIn read 400000 guides.

[INFO DRT-0157] Number of guides:     408185

[INFO DRT-0169] Post process guides.
[INFO DRT-0176] GCELLGRID X 0 DO 236 STEP 6900 ;
[INFO DRT-0177] GCELLGRID Y 0 DO 236 STEP 6900 ;
[INFO DRT-0026]   Complete 100000 origin guides.
[INFO DRT-0026]   Complete 200000 origin guides.
[INFO DRT-0026]   Complete 300000 origin guides.
[INFO DRT-0026]   Complete 400000 origin guides.
[INFO DRT-0028]   Complete FR_MASTERSLICE.
[INFO DRT-0028]   Complete Fr_VIA.
[INFO DRT-0028]   Complete li1.
[INFO DRT-0028]   Complete mcon.
[INFO DRT-0028]   Complete met1.
[INFO DRT-0028]   Complete via.
[INFO DRT-0028]   Complete met2.
[INFO DRT-0028]   Complete via2.
[INFO DRT-0028]   Complete met3.
[INFO DRT-0028]   Complete via3.
[INFO DRT-0028]   Complete met4.
[INFO DRT-0028]   Complete via4.
[INFO DRT-0028]   Complete met5.
[INFO DRT-0178] Init guide query.
[INFO DRT-0035]   Complete FR_MASTERSLICE (guide).
[INFO DRT-0035]   Complete Fr_VIA (guide).
[INFO DRT-0035]   Complete li1 (guide).
[INFO DRT-0035]   Complete mcon (guide).
[INFO DRT-0035]   Complete met1 (guide).
[INFO DRT-0035]   Complete via (guide).
[INFO DRT-0035]   Complete met2 (guide).
[INFO DRT-0035]   Complete via2 (guide).
[INFO DRT-0035]   Complete met3 (guide).
[INFO DRT-0035]   Complete via3 (guide).
[INFO DRT-0035]   Complete met4 (guide).
[INFO DRT-0035]   Complete via4 (guide).
[INFO DRT-0035]   Complete met5 (guide).
[INFO DRT-0036] FR_MASTERSLICE guide region query size = 0.
[INFO DRT-0036] FR_VIA guide region query size = 0.
[INFO DRT-0036] li1 guide region query size = 132641.
[INFO DRT-0036] mcon guide region query size = 0.
[INFO DRT-0036] met1 guide region query size = 127683.
[INFO DRT-0036] via guide region query size = 0.
[INFO DRT-0036] met2 guide region query size = 70495.
[INFO DRT-0036] via2 guide region query size = 0.
[INFO DRT-0036] met3 guide region query size = 4241.
[INFO DRT-0036] via3 guide region query size = 0.
[INFO DRT-0036] met4 guide region query size = 1557.
[INFO DRT-0036] via4 guide region query size = 0.
[INFO DRT-0036] met5 guide region query size = 85.
[INFO DRT-0179] Init gr pin query.
[INFO DRT-0267] cpu time = 00:00:02, elapsed time = 00:00:00, memory = 3858.86 (MB), peak = 4020.32 (MB)
[INFO DRT-0245] skipped writing guide updates to database.
[INFO DRT-0181] Start track assignment.
[INFO DRT-0184] Done with 204693 vertical wires in 5 frboxes and 132009 horizontal wires in 5 frboxes.
[INFO DRT-0186] Done with 25374 vertical wires in 5 frboxes and 38164 horizontal wires in 5 frboxes.
[INFO DRT-0182] Complete track assignment.
[INFO DRT-0267] cpu time = 00:00:27, elapsed time = 00:00:07, memory = 3858.86 (MB), peak = 4020.32 (MB)
[INFO DRT-0187] Start routing data preparation.
[INFO DRT-0267] cpu time = 00:00:00, elapsed time = 00:00:00, memory = 3858.86 (MB), peak = 4020.32 (MB)
[INFO DRT-0194] Start detail routing.
[INFO DRT-0195] Start 0th optimization iteration.
    Completing 10% with 0 violations.
    elapsed time = 00:00:03, memory = 3858.89 (MB).
    Completing 20% with 0 violations.
    elapsed time = 00:00:08, memory = 3899.00 (MB).
    Completing 30% with 956 violations.
    elapsed time = 00:00:12, memory = 3993.37 (MB).
    Completing 40% with 956 violations.
    elapsed time = 00:00:17, memory = 3999.69 (MB).
    Completing 50% with 956 violations.
    elapsed time = 00:00:20, memory = 4049.80 (MB).
    Completing 60% with 1742 violations.
    elapsed time = 00:00:24, memory = 4043.15 (MB).
    Completing 70% with 1742 violations.
    elapsed time = 00:00:28, memory = 4113.38 (MB).
    Completing 80% with 2450 violations.
    elapsed time = 00:00:33, memory = 4178.60 (MB).
    Completing 90% with 2450 violations.
    elapsed time = 00:00:38, memory = 4200.78 (MB).
    Completing 100% with 2878 violations.
    elapsed time = 00:00:42, memory = 4204.78 (MB).
[INFO DRT-0199]   Number of violations = 3399.
Viol/Layer        mcon   met1   met2   met3   met4
Cut Spacing          1      0      0      0      0
Metal Spacing        0    251     82     19      3
Min Hole             0      1      0      0      0
Recheck              0    271    206     19     25
Short                0   1722    717     54     28
[INFO DRT-0267] cpu time = 00:06:18, elapsed time = 00:00:43, memory = 4204.78 (MB), peak = 4205.54 (MB)
Total wire length = 4179108 um.
Total wire length on LAYER li1 = 0 um.
Total wire length on LAYER met1 = 1886479 um.
Total wire length on LAYER met2 = 1834540 um.
Total wire length on LAYER met3 = 209137 um.
Total wire length on LAYER met4 = 247538 um.
Total wire length on LAYER met5 = 1413 um.
Total number of vias = 357721.
Up-via summary (total 357721):

-------------------------
 FR_MASTERSLICE         0
            li1    149538
           met1    191650
           met2     13360
           met3      3019
           met4       154
-------------------------
               357721


[INFO DRT-0195] Start 1st optimization iteration.
    Completing 10% with 3399 violations.
    elapsed time = 00:00:03, memory = 4204.78 (MB).
    Completing 20% with 3399 violations.
    elapsed time = 00:00:07, memory = 4204.79 (MB).
    Completing 30% with 2847 violations.
    elapsed time = 00:00:11, memory = 4233.68 (MB).
    Completing 40% with 2847 violations.
    elapsed time = 00:00:15, memory = 4253.88 (MB).
    Completing 50% with 2847 violations.
    elapsed time = 00:00:18, memory = 4256.99 (MB).
