1fc0000000000000800000000
1fc0000000000000800000001
1fc0000000000000800000002
1fc0000000000000800000003
1fc0000000000000800000004
000000009fc0000006d121300
000000009fc0000006d121301
000000009fc0000006d121302
000000009fc0000006d121303
000000009fc0000006d121304
1fc00000003fffff800000000
1fc00000003fffff800000001
1fc00000003fffff800000002
1fc00000003fffff800000003
1fc00000003fffff800000004
003fffff9fc0000006d121300
003fffff9fc0000006d121301
003fffff9fc0000006d121302
003fffff9fc0000006d121303
003fffff9fc0000006d121304
1fc0000000000001000000000
1fc0000000000001000000001
1fc0000000000001000000002
1fc0000000000001000000003
1fc0000000000001000000004
000000011fc0000006d121300
000000011fc0000006d121301
000000011fc0000006d121302
000000011fc0000006d121303
000000011fc0000006d121304
1fc0000000200000000000000
1fc0000000200000000000001
1fc0000000200000000000002
1fc0000000200000000000003
1fc0000000200000000000004
002000001fc0000006d121300
002000001fc0000006d121301
002000001fc0000006d121302
002000001fc0000006d121303
002000001fc0000006d121304
004000001f800000400000000
004000001f800000400000001
004000001f800000400000002
004000001f800000400000003
004000001f800000400000004
06c0000015c00000000000000
06c0000015c00000000000001
06c0000015c00000000000002
06c0000015c00000000000003
06c0000015c00000000000004
000000009fc00000000000000
000000009fc00000000000001
000000009fc00000000000002
000000009fc00000000000003
000000009fc00000000000004
3fc000009fc000001fc000000
3fc000009fc000001fc000001
3fc000009fc000001fc000002
3fc000009fc000001fc000003
3fc000009fc000001fc000004
1fc000003fc000009fc000000
1fc000003fc000009fc000001
1fc000003fc000009fc000002
1fc000003fc000009fc000003
1fc000003fc000009fc000004
1fc000001fc000003fc000008
1fc000001fc000003fc000009
1fc000001fc000003fc00000a
1fc000001fc000003fc00000b
1fc000001fc000003fc00000c
3fe06f569fc000001fc000000
3fe06f569fc000001fc000001
3fe06f569fc000001fc000002
3fe06f569fc000001fc000003
3fe06f569fc000001fc000004
1fc000003fe06f569fc000000
1fc000003fe06f569fc000001
1fc000003fe06f569fc000002
1fc000003fe06f569fc000003
1fc000003fe06f569fc000004
1fc000001fc000003fe06f568
1fc000001fc000003fe06f569
1fc000001fc000003fe06f56a
1fc000001fc000003fe06f56b
1fc000001fc000003fe06f56c
400000001fc00000000000000
400000001fc00000000000001
400000001fc00000000000002
400000001fc00000000000003
400000001fc00000000000004
000000001fc00000400000000
000000001fc00000400000001
000000001fc00000400000002
000000001fc00000400000003
000000001fc00000400000004
400000001fc00000400000000
400000001fc00000400000001
400000001fc00000400000002
400000001fc00000400000003
400000001fc00000400000004
1fc000005fc000001fc000000
1fc000005fc000001fc000001
1fc000005fc000001fc000002
1fc000005fc000001fc000003
1fc000005fc000001fc000004
3fbfffffa0000000000000000
3fbfffffa0000000000000001
3fbfffffa0000000000000002
3fbfffffa0000000000000003
3fbfffffa0000000000000004
3fbfffffbfbfffff800000000
3fbfffffbfbfffff800000001
3fbfffffbfbfffff800000002
3fbfffffbfbfffff800000003
3fbfffffbfbfffff800000004
0040000018400000000000000
0040000018400000000000001
0040000018400000000000002
0040000018400000000000003
0040000018400000000000004
000000009f800000000000000
000000009f800000000000001
000000009f800000000000002
000000009f800000000000003
000000009f800000000000004
007fffff9f800000000000000
007fffff9f800000000000001
007fffff9f800000000000002
007fffff9f800000000000003
007fffff9f800000000000004
004000009f800000000000000
004000009f800000000000001
004000009f800000000000002
004000009f800000000000003
004000009f800000000000004
004000001fbfffff800000000
004000001fbfffff800000001
004000001fbfffff800000002
004000001fbfffff800000003
004000001fbfffff800000004
1fc004001fc004005fc008000
1fc004001fc004005fc008001
1fc004001fc004005fc008002
1fc004001fc004005fc008003
1fc004001fc004005fc008004
2000000020200000204000000
2000000020200000204000001
2000000020200000204000002
2000000020200000204000003
2000000020200000204000004
1fe0000020000000602000000
1fe0000020000000602000001
1fe0000020000000602000002
1fe0000020000000602000003
1fe0000020000000602000004
1fc000009fc0000019c000000
1fc000009fc0000019c000001
1fc000009fc0000019c000002
1fc000009fc0000019c000003
1fc000009fc0000019c000004
1fc000019fc0000019c000000
1fc000019fc0000019c000001
1fc000019fc0000019c000002
1fc000019fc0000019c000003
1fc000019fc0000019c000004
1fc000039fc0000019c000000
1fc000039fc0000019c000001
1fc000039fc0000019c000002
1fc000039fc0000019c000003
1fc000039fc0000019c000004
1fc000079fc0000019c000000
1fc000079fc0000019c000001
1fc000079fc0000019c000002
1fc000079fc0000019c000003
1fc000079fc0000019c000004
1fc0000f9fc0000019c000000
1fc0000f9fc0000019c000001
1fc0000f9fc0000019c000002
1fc0000f9fc0000019c000003
1fc0000f9fc0000019c000004
1fc0001f9fc0000019c000000
1fc0001f9fc0000019c000001
1fc0001f9fc0000019c000002
1fc0001f9fc0000019c000003
1fc0001f9fc0000019c000004
1fc0003f9fc0000019c000000
1fc0003f9fc0000019c000001
1fc0003f9fc0000019c000002
1fc0003f9fc0000019c000003
1fc0003f9fc0000019c000004
1fc0007f9fc0000019c000000
1fc0007f9fc0000019c000001
1fc0007f9fc0000019c000002
1fc0007f9fc0000019c000003
1fc0007f9fc0000019c000004
1fc000ff9fc0000019c000000
1fc000ff9fc0000019c000001
1fc000ff9fc0000019c000002
1fc000ff9fc0000019c000003
1fc000ff9fc0000019c000004
1fc001ff9fc0000019c000000
1fc001ff9fc0000019c000001
1fc001ff9fc0000019c000002
1fc001ff9fc0000019c000003
1fc001ff9fc0000019c000004
1fc003ff9fc0000019c000000
1fc003ff9fc0000019c000001
1fc003ff9fc0000019c000002
1fc003ff9fc0000019c000003
1fc003ff9fc0000019c000004
1fc007ff9fc0000019c000000
1fc007ff9fc0000019c000001
1fc007ff9fc0000019c000002
1fc007ff9fc0000019c000003
1fc007ff9fc0000019c000004
1fc00fff9fc0000019c000000
1fc00fff9fc0000019c000001
1fc00fff9fc0000019c000002
1fc00fff9fc0000019c000003
1fc00fff9fc0000019c000004
1fc01fff9fc0000019c000000
1fc01fff9fc0000019c000001
1fc01fff9fc0000019c000002
1fc01fff9fc0000019c000003
1fc01fff9fc0000019c000004
1fc03fff9fc0000019c000000
1fc03fff9fc0000019c000001
1fc03fff9fc0000019c000002
1fc03fff9fc0000019c000003
1fc03fff9fc0000019c000004
1fc07fff9fc0000019c000000
1fc07fff9fc0000019c000001
1fc07fff9fc0000019c000002
1fc07fff9fc0000019c000003
1fc07fff9fc0000019c000004
1fc0ffff9fc0000019c000000
1fc0ffff9fc0000019c000001
1fc0ffff9fc0000019c000002
1fc0ffff9fc0000019c000003
1fc0ffff9fc0000019c000004
1fc1ffff9fc0000019c000000
1fc1ffff9fc0000019c000001
1fc1ffff9fc0000019c000002
1fc1ffff9fc0000019c000003
1fc1ffff9fc0000019c000004
1fc3ffff9fc0000019c000000
1fc3ffff9fc0000019c000001
1fc3ffff9fc0000019c000002
1fc3ffff9fc0000019c000003
1fc3ffff9fc0000019c000004
1fc7ffff9fc0000019c000000
1fc7ffff9fc0000019c000001
1fc7ffff9fc0000019c000002
1fc7ffff9fc0000019c000003
1fc7ffff9fc0000019c000004
1fcfffff9fc0000019c000000
1fcfffff9fc0000019c000001
1fcfffff9fc0000019c000002
1fcfffff9fc0000019c000003
1fcfffff9fc0000019c000004
1fdfffff9fc0000019c000000
1fdfffff9fc0000019c000001
1fdfffff9fc0000019c000002
1fdfffff9fc0000019c000003
1fdfffff9fc0000019c000004
1fffffff9fc0000019c000000
1fffffff9fc0000019c000001
1fffffff9fc0000019c000002
1fffffff9fc0000019c000003
1fffffff9fc0000019c000004
1fc000001fc0000019c000000
1fc000001fc0000019c000001
1fc000001fc0000019c000002
1fc000001fc0000019c000003
1fc000001fc0000019c000004
1fc000009fc0000019c000000
1fc000009fc0000019c000001
1fc000009fc0000019c000002
1fc000009fc0000019c000003
1fc000009fc0000019c000004
1fc000011fc0000019c000000
1fc000011fc0000019c000001
1fc000011fc0000019c000002
1fc000011fc0000019c000003
1fc000011fc0000019c000004
1fffffff9fc00000198000000
1fffffff9fc00000198000001
1fffffff9fc00000198000002
1fffffff9fc00000198000003
1fffffff9fc00000198000004
002a8de99da88643d46c9446b
0a13bfb1ffc00000563ddd04b
5bad82b834e009f120caae498
5364fa9d801692174ed59b1b2
00074fa50e6dd15a659f5bb31
2811607e003dcaf3000000000
00a2dcec58f5f3198c82b5fe3
4eb8b16ea5a9fc0f6993256fc
69e40cbf41c5691453a519fba
3fac3e5d34e10ab5425a87708
052132b994edef6bad876af80
6423f01e79f0d8b9bfe000003
51d7bca1713b88474ac610ad3
00163287616e8acc0021cf828
7f853d748f671e777755207ab
62b879ccc6aa7d7eb8146fd0a
4676ba6810cb586c8009247a1
045d85590011dc1273e7d3181
5a12021f800c6fcd20dfe67a1
3fc0000054e3ba3fe13125008
7fc0000054d577ed607c53b13
723a7607b6253affff6dc84a4
0031efd27dd166b2401c04f1b
590c5af72e42c78452c0bc2c8
00291b53f694c20222abd7f30
0000000073855f421dc029723
342ff2adc048f8c025a2806b2
661a8506eb76d98340064c8fa
003e390897df8117bfc000000
7fa01591802ed901dff9b9512
5c2b326234156e0edae20ce42
10d0cb24ecbf7b807af0ec0ea
0027521d0023c2c07dbcc3a18
6da9b38ebf288e4b00130e974
3a036fd18eaaceec0c8acaed3
3ace9cedbb84d583c958b409a
7ce62ba21d2da366fd65237a4
77441cd4ffc000007a1d28e39
0db71e0aee1ce01aaa2b75f84
24c388a1adc8bcc00050f5648
0579f4f34a594f28a156654e4
003940edd379f7c8ca4c8b83c
328dc209086ad3f5f7de874c9
28649fefdb7f9edfdcb831fa2
2252acc270fe23ada38602f24
7fc000000a23fb94b64690a68
038231a1584197a0266767624
00170ae6bf8411e49064289eb
0035debf44ba99cb3fbb18251
067972e2d5e9849768c8ffd9a
04105b1b0000000039eb5d07a
701c0bfb7fc000000022ece79
3fb88601c15926c1f1c7bf7b8
5034b139e26dd0cf7af3b2b88
0080d209959b08391c59deeb9
0b4322d428101c32919434af4
13b053af412f7244bf915e68a
1b3ac2ff001f9a9f0bdcc8180
19a270a5f9671a530034de25c
5f5b46c78764d9f72ac46c179
6e4a5bc65a857ad40028d6ff9
282ced75dfe343beb73ea7024
189dd405f0b3f145801bbedb0
74670085ff82887efa7895802
5c3ba96e6a384265000fe3672
0021ccd0800d95cd26d45ac78
3026373880282c3b8037eb773
0031b1a380274f5a5a2a13370
34bc0f0e9b5170d206797c512
7851d8c4658221281e91ab290
41d10e2eec28076b2d628bd78
1aa3c6ebbe30b65f4d4acbd0c
345fa8e8685fec1199e21a2a2
7f495b46cb25c4bb3b38a225a
002ea6dc25704a24ab8cbe5b8
6d62eb636d04e92c07710b514
1f2993949c3863783f8a2412a
5219b79db90c1c9eacd0b9b9a
0fc15d2d7c828cee430f239da
2ce89b410003e291a849336cc
1343e4769aedd7bf91a4850f8
6c689239b23d4c610020303c1
56558fa0bfa88721ee7d35b63
75edc2c3547dd73f2bb9839fa
00357764bfb61280fd94a94b8
47938c58436b67c6859e3414b
3fab26fd8327a23de2c605989
37eab094b5946f32bfbb83b1a
520dc587286315bb5ad92666c
1e54cc10054dfbf7ead208a7a
0f53d135bfb734aa2674e40a0
7820ec943fd9ecd6c8717a58a
3f9423fe7b5e3db80ff8cf503
002fa92cac4ca2483f8675653
6420a14bfdd6680dc4608eeaa
4f2720f737525351f762355c9
5915f601d5984766a5359d3b1
491f2255607ab37c9ef46afec
1160467dd11e449657a716ce2
000000006bdb35d0aec378114
40000000003d0923c150ae343
5eed85253faca09a6a9509c02
774045fe86f11025d80a8f9ec
233f6056a69fd3033fe000003
13a6620d3fe0000012d6dc7fa
06107d887fc0000000019f55a
3fa567b1823743cddc93be35c
5a19e20b881d8b05a97d79ae0
37f2faa3b8c67c12002955bb9
28e22863800a619982db3eb28
40000000713d98565b6a51939
00289e7be10b00101a26bbcda
401a40d28403c888a2bf1fd51
7fc000003fa7c472e443586e2
6ff0f3fd049a49514e49c06d4
4494d81a30116a9bceedc1108
48aed87441468a3c800900093
16a5eb3912369e4080071393c
073f9bb41d7c19df9f3141474
24e2bd62ea1d2013e56f736d3
1d5f6bdff14b22cb7099b220b
23838f2c8828dbe469d2f7ac2
7b229a54e2fb19a3fda8ce314
3f80a1d10785573ce9509a149
23bd829d5e8c96ef1bc740768
2c9d6304654234082af7b9d43
745a9c4729c6bc967ba254058
39dbe71a8c76e9b7d32444c30
4c1e35ab86c73a2fe6364ed7b
001d23ce8456c74f5d0b9e088
5f26da7e5c527184db816e694
1e549cf1b312eabee39b71162
5db520b9ffebb3ae8033fcb81
52b361135d753c1a7e661de68
56126106502c6f3bf34796382
06e043755ee624438011e5df2
4a0937717eacf7ed8ea484622
28700812973800495018c37b1
67b26b47000000007c5c968b9
121f14a2bfbe255f8022385d3
09df84128b8c113cbf937d6b9
3ecdb1e23121494b2956c2d98
78dcf9471ff489b0e7ba18801
6c2bbda272cf84add4de49974
75766da27fc00000101fedd22
598d20595db0ff46630c8a4b0
001e50e2765e58c563b3ce201
387aa8e117a4cb124c63ec1f2
735e94abc76ea1ef802319d9b
0d68b98da0137afb3d3ef0a0c
4886531f437cc963c1250aa63
3fe000003fe0000039596736b
3fa6fc5b01d252c2b560cea62
7c729b3f1b92c8021e896427c
3d98d977f1671e3b583720a12
7fc1389c3fb91a273f8c78ef2
10a1178e0a09d4af3fe000001
19c884bcbfe000003fa87db71
5a6e20cc3f8c84fa3fc000000
3f8377b1c00000006d1a577d0
66468c69000afc3c001874a2c
414a66ef0deec07f58450e194
15221d65bc1512a3dee8dc97c
1fea3c503f931ca83fe000000
05be12b80b0bc9c67fc000002
472790d790660995003cfd6d8
7fc000006ef57d68245f43fd2
2386ca0dffc0000071fe4aa13
3f952528bfa9d61484012af03
4a6b084f655dc422b9a89b83a
32315fde4489a2c81bf904f38
4170d29155a0ceb2532448922
5e55b0a4f0ae2e2ee271cf1f8
29499bd3c61204a0000161dac
1014d4af78c559d1bfa372219
323445bb2e97d5423fb90a6a2
003463c3882c246c29f250da2
404826e6f9113b7bf9804f9da
3f776ace66fe8208ad1c78e82
029b2e75002c889b473dff1a9
0bc3dd150033ccd22d855e8ea
345607d8001987f7dac4cc5b4
6df7a18939f551a93527042a8
05a99a330c439994f86c836d4
1604b4b6b517a8f73fc000004
2f9e53b855ef1aecf10c0e80a
59586d84bf962870c00d16d58
1c7a46e6fe562c866b7b65509
09fad6e88194d36b1e2bba5d8
6c7ffb1bc643c635221dc3343
73d75de352d68d3329ee0d8f9
433f13ecbfc000000011e8a88
3fb05c72f777893c40e44bcf9
5ec0397e003b76574804da2b1
649fcdd58001cad3c2557be2b
00200a56e7657287f4eb60d33
5e901322764d087a56eac4ea8
3fb928e96dc44f4a9c2cb71cc
1270bb39cc6d79188d9890328
3fafa50a3744529c801388542
595d29c4800f435884dc117b0
3fc00000000c9cc49f2953271
5e5f3cd1bfb28271bcb50ff63
604cc712b5f3455d0025e794b
177643c946f55bed72a98910a
01c43853a4d808831b083fa73
523fadb30b143903616c0cfe0
5809170b800333b70f7fccb69
31c9aa737097fd32e19da49ec
2deca0ad87bda56b7f6c8ae99
001b6896dfcf2904bfc000004
7f4af434d73423aa40f5c924a
001ed94d9ee71552b6ab82d54
003c2159bfbf9a86fa99b79eb
63e5df3e80322951230631543
0288403c0e629801000000001
243a72fd517f617bbf2994271
49cddb369894207f85790ea73
400000003f8837c7a7d5c96e4
1cf415db002e48898658fdce1
58104011307a5c79dedd4b8b1
0d75eacaf8e9ef3a74179d648
5b021488a57146db97f246018
5a42ed27903bd37eaedebdec3
75e5a3cb5b879b440a6216a7c
282fed4d233000eaa33b6b18b
000e682e3a3fbf989efaaa933
0ff7ae80336069552ab7120fb
488fc8b03eb5d98669478405c
1e8a4fe499d8177ed304de633
66f621ab7aa4ae84001705398
2052eeb9eb769a63bd4949543
4829fa7613e008b864e205590
40eb5b81b5faf9c8787e294cc
3d1b4a8dbfc000006456fcae9
3f9c5283dacde4843f9fed86b
7d4a2b60eb8d71e6159281128
6303a4c5fc30a3e7fde80b4e4
702e6a24b59119638d7dc9743
3f6a84a2bfc0000000207a36c
6d0b281dd03d1c3ebfe000000
010f4e383e799898e530efbfa
69710c639d207b4f81a5c3161
308660c8edca0659ba58db04c
4000000023a20a00a2f37f3ca
11edbd54808e80f7d7e9ff82c
00196e3b94232c80968e87eab
734de41248ecf22407929f292
0011aa18000a28aa9cea43ae4
3f8f067d7ec1dc2d753879c64
561958026fde390cffc000004
001d94e52f486baf769eb155c
2e95fd9594c48fb000146574a
77680a05003c2f53df2453344
67bccdfd0898b11d84610323b
0018c1b6157e18eba5c05769a
6ea934d8e42afb604a06473ca
12849f685c1d87b1a5ad22452
3f9b1b33f09234a2bfe000000
0099b24ed6e554ed532740aab
0028735951d179170297316c1
0cf9d7b010026d083f711bb69
003dcf5a4983fa71a623c6a59
400000006e091e0fee5f0b1fb
1f08244d25b060907a2342d23
36be9ca7ea341fe558d5c8eb8
000a23670034fc22a31483b28
3fa9eecb4206d76d800000004
3f837f14cdce17bdbd67bf0f0
3ff8f835c9f07dcb06c8c1b79
4e3b42ea71073402a8ca24138
0d02bb8a77411263d7073e7d2
362db178c46422bbf33085b52
0b690932c50c8353d8c3da10c
2a8818c3cb1f2c9bf6738cd5b
031597b5ef4ab85051112bb54
7fc00000695de8dc6404ce7ea
019d5c6e3fc000003a3ca7921
000af3633824d53a613d3cd93
6452c3629029d040bfb8b71b2
76fa1eb9c90ca0c8d12e972d4
241547ce3fb5a8000e2c6fd71
3fa957a53fadbe30f0ba4a43b
225f51197e35cdd336f8a7cb9
17465da3f1c5ba71f4d325594
7ea7c9a2bd7661b7ffc000002
37a6c5508a16854b0032b905a
3f921c315763ea7695e21d8db
4713bf4e76d64735eb1d95bbc
35a3e76d32b3355c393fe588c
5f5c8e22ad1be4d33f2527f69
0f0601a7b89af48e97f7c2c2c
3f91e9f68008f0c4eb139fa62
7053e9136dcfbae7ef1ff0cd0
04c59e522f96ae1d11abd69fb
0e404ac170ab9c7a7fc000002
698442f6cd080ad6374c60572
6ae2612280386f2624e1ed4f0
169047d09dcb2566c56e407c0
01e78182bfba1e59f9abc7501
2e8767c10016080f0e77be0cb
0816130a0011ea99f0fdbf0c0
128eabf4000560c36ac208399
7038f181800000000b438a1dc
06968b8fe2833bc5bfa2627ab
26cca1ac801bde8b7bb4b9973
414238f6bdee0a2f8014e39d3
0cf9d971e164b9dd53f53ee31
3bafd2c4bf9483c85baed39ec
692886ae802c8ba6c3b6e8ac9
4332337661ba1e3a91a82bee3
003e19b16e838052a3f3bb841
3fc000000027388900184c34b
1afe7baaa00695c7a6407936c
6eabcb3fbc9d909f0f00920eb
000000002417c945a3c07a9ea
0000000035dcf28e70f3195da
1f119ac4dc275e6b690371e52
516cec61801999a432d63d97a
14cd4314d8b798a07906f8fe4
7fc000000025d95358591880c
52a36527b856f76c3a8c4d680
3fc0000003d4e3bb6a37c4891
2ffb5a86ae03561faa3a6820a
2a72abaa000ce5bf4e5398994
5a4422f3249c42a73faf7955a
048783d6afedb1369c1d38d60
4d33dc7561ede0d7708e96730
400000003fa36a7eaa1cba2ba
6f9841948024e7efb09b789e3
337d2fbabfaea024441f533a4
0e8700901a50cc8620e9a0701
001f689cb0bf4a05c389addc9
76b2ba13783a9765003478890
1e4989274645bb60bfacfcc3a
06d059203f924c7580076367a
06aabd4cd6d79e7f31ab4a423
3f898d223d74f35fe9406a288
559e71010011c3cfc3bee05d4
7673b14b3c52701916d60b1a3
1937671a857e627cfc55399f8
28076f34ba59c7133dc2be098
1bf1efe9800360ce439f395e9
464cb629800f2291f5327c0e1
49ab4cd2d8b982a50ae8311a8
48c0ac88e2b49c612dfe22c48
5ec71d1d0031bb824577b687b
001839cff8ce76b6b131effe8
0035dd3c8026f3c0bfc000003
56c88c20fd18e779e6bc97971
40c6f44690e1b7d3772422818
78c7286850777712b4231c9fc
5ca8ee7747b92033e0c4709f3
020fca6d801cc0452f3d48b5b
69cbc130f6bab458acb3eac4a
6392eb5587ecb69d80209db5c
3fb3a16b136a4ddfd8f37d68c
689405464c55e6a2e2738c692
2d2eaa97fa76b87db9890b190
3f321a8cdae24399c92e9a9ba
00097810eb6c40613bb927d18
3bd30e038ed64b4257300992c
2242fa33d992e9cc6c55f991c
755ea9050dfd0701a98615aa0
12297e692640586cdf2afedc2
00136da16c151950bf9bfc151
1aa52de2b116c84e495be912a
1b0b8ac40596343a82fae5c28
5d2dd429ffc000001ad2b3ac3
34e4c5eb000af75b1ba4d5e7b
000000003f4a45d1bfa0920c8
229a215b63b0bfe98c02cb400
0258ea4d8001c9b89fe81ccb8
3f91fe325d49cb0765567f46b
752cca2670dde200b81b8584b
5cb0e2cf7d06e94aeeb1822b4
215962f40021e4b2f242a3862
65ef17bd8021e33685f8d7224
6634fe5d0b70613e35e52436a
0a20c58f67faf8cc80276918c
3afabd17a40ec8559cedc4693
702634f1b72c15c31a78b24b3
33a598643fafebc5f14250ef1
65514efe639526e84c82a895a
4bc24c818d0d2b813fb267dbb
2595b88d6e5e84faaf3d6d570
2d54cde4fb4f09643f913c598
0f432de7336a0b6427367f9e1
3ec95d8119297bd9677bb0b42
3fab3790d96474ba0031bca9b
483a5304d2b69a840b9e26abc
0011eca25bc50bcdb38243adc
3fb8015891731a9644ef941d0
73fa07fa83bac7e61c7248af3
754940d72b0a7abf4eeb20399
1626dfd5a253d0e3993cc3528
440c0378e1eca32fa04f8d15c
090d0bf6182811070ed4f49aa
110712c64610cb60b54199d6b
0023476d7653fe9276780fa39
3f9a31f44d00d47dbfb2c6570
570a774afc77d82944a86af22
002a7e40bc23afdf53f09e484
00000000144ebb33803da1dd0
45e4e1558858fb5810c9faaac
6b8c7cfa279f588f5d342f6ba
3433df50803957515a55d33c8
7b0eecd87785be4a804bfea82
3ef6f579da1f4972c5338ac9a
1d63dec567e60041d035cf5f4
0032ffa48fd2e18115b05caca
28681572bfab2afd78e805d5a
3d1c030c67fb1a95bf97d490c
5683c806245e19a653bfec3f8
31b90d55787639dc72c1ede42
3113f93fcb69d1e228e513c29
7f13ec353fb4eb8129d40e5cb
71ffed2237d9567b000c39aa0
79f1bb1d8c31b7f2fcedfb040
07b9e113bb285677f8573ed41
527166553fe000003dc74af0b
7d520b66c1928d5848dc12c5c
648063778000000027d2e1c7c
00339a6abf9dba2d9fedd7a3a
7b4e04c93f8628115e62f53ea
0003311a9ed27b03ae548af53
59b3381d40000000294d36a53
74183b6ebb920378fc15255a0
08d4672235d1eeb15141b354c
1170a0498bf23f9cc09cbbfdb
7c5a3c43f157dc2eb989a4020
0c7d743b0000902c0014943ca
2249e29e8206d46cd2e34f6e2
551f1dc95f2293513fe000000
0000000033d648ff84609f88b
4cac0785ed712feb353a81239
6f06f1fd35e8afc0802af823b
00036b1fb76b1bec9fc58385b
0c77750687e64c0a3fe000001
352285e9abbacf184d6f320e2
658f8b05801445d4438ff76b0
033a034652ab21793d6c73af0
4ac02a5300a3b0febfb4c6553
33614c35f4c9b3eb6ea118044
34a9d68922b6f09061bfb4213
003c18debf98e1cf08f3a5660
4d53a7b9aa25ad4941d745cfb
001e7fc02c290e629c90bdf89
1d12e4b2bf19655ceef0cdff0
3fbd6ce326865c76c4ebedf20
24c34bcb8d756300de70800bb
3f9d0162233f84e65adff6881
3fc000007bff9fa68890ccf52
5519fd7b22f7414146a1b02d8
56780e0900006d385185890c2
51ca35f062b1679ca706a650a
284d79dfbfc00000707749e61
7f066353803ac517c6b59593b
27700cae72688df03fba3d314
74f56dbc3afd53b9b278ead20
22428bbc35bd17c93f84561e4
4552d621001e891f411343069
619ac13cf00d35635fd3c55bc
1863749c3f8007a80131c0aaa
3fb009ca63cdadacd75d2a233
6966dee96d2ddef03facdb3f1
6606772a1cbf6aeb1c08527bc
2cc6ca1d4b112102ee9bb5e3a
7c7f94d54ee63a131d3292313
0c9e85d83f8171500e38b3920
3f436c3650922e1bd83788cf8
0dbdc4f91f348724639a9d8ba
3fc0000015996e5e075cf19e9
001f2eb7c1684a98813efe3f2
41a8b9e6377db0b7e54313c2c
2149cf983cae879fbfe000002
6ce063a2cdf73f60773083532
67468a2e50f92f8933f51b1a4
338fb6d664fa9981d0dc19b04
73f9c4cb80239e2af965cbdb4
5fa78f4705331e18803629290
2ee30cf6bddd40b4700e561c8
197035dd445246f0cc80bb8a4
661b34030015836fd41a7e040
036d46c39de5156684db6b97a
5e30577672a55f7cb8a2ddb89
5b58fb908ef995e15acf8f7d3
49c844026f178ab4138a86e3b
3b2ea9439f3c884fc08c65334
377a35f4183302b4803fea169
0d29536c3fc000005b669ed40
27e7761ecef7666b9db9ad128
31c4ac38cbfcac9e0019e2d9b
577adffa3fe000000c6d3b95b
72608777edc1dbd99195d8c19
3fb50bbe39640b335dfcf55f3
1cc15e1f3fbf2ea245a637973
5ef25f171dff1757d31bc53c1
0e8ba2e60410d173a640148c8
0016b7b41586a66385925c610
3f9c3beaf9c245dae8bc66320
41475c40ea7989c4631817901
52cee8ccf80af10cffc000001
72955bb1801040d96ba4ff3c4
72edaf9d40000000504b075d1
0036cfa53f8fc9b1669f88438
003706a76df5c609bfb4cf569
3755f539d9d823d7b204d2001
0e78bc74e0eb2c760f2d7f770
0e9f093ec00c36f71daab53ca
4f60e6e76bf11cc92043aedc1
648224afc11d03f54da1af0d0
3383c0c8d4eff2f02f5f51e90
1d73a9b7e70755d299fc40939
12b21e38bfe0000066e7926d1
14fdf3f50c389c90382364031
022753d491b8ec7652118cd24
6ec4804b00038967b3c0248a1
3ce679056f80898d0036ee259
3949b0347bb2b3b3ffc000003
001c811c802510af7545181c9
003000801c50ee85f820da6da
3fe000003de6fa553ccc26143
7012a5b2cad98e2c27d693aac
1d847713ea6279771667d39eb
4e7830d31abf1111723473954
002957be35705643d61b37beb
097025086b5643ed802728bd9
6b9191072e05473fadfceeda2
61758d78b9e51ee300018a968
40cdf86695188684bd13630f4
16d5e63b8028286ba4c084a73
7fc0000019b08c680713aec7b
32e48b9e522b7fa4400000004
0f907c0ebda5c7b060ba2f959
000c483bcea829af79faa0e4c
001eca53179540fd80c728f72
2de06af36d80f82f032515ad8
03f563ed851854a36e3c6f2cb
3fba307abfe000002cbfc7293
1ebda52b24e6f9090d0bf4060
1e11314cdc24d08f6ff9a2724
002dcb63a28fdad27eed3a4b3
3f941a11777fd16c2ee4c57e3
001ad0e213133fde522c487e3
4cbf3ca3c7e26b428f178cdba
52400ec393a7f567943a3bca0
051e3e8b715fddea9158fc85c
69e58b5e32abe9c03d4dfbf50
0033cec835dc74a207ffab618
1be9b54f03466ee7420824423
52ea34d0001ec327887627e7a
58d07a4b34eec7f4ebf6f6773
003b034abfbf3ddd3c86a1e44
67f70fd452929fb16c026ce3a
51d27a50bf9cb871bf8f15458
2380f3639962caf61ed5d29cc
7eee00e78031ca321321a82e1
00169b830ba1f628cfd744c23
1d4c296225768d8de1b5e31a3
33d52f3564ea18784b0a63d73
74e4e0da79c4fe6392be8f39b
2eb8bb6b5ec7f0dc5a8671dbb
386c1a467e065b174bfaf68bb
250abfaabd3cc232033c57340
1cb623fc3297647c800d792e0
3fa7290f34df9c4797d41f60a
607f0b49a604052cf936d4294
400000002e5fb45a6c053a0c9
3fa868ac95155a0d3fab6cc29
1d6339a376c779393f89d3a38
5495173adf6981fd5b690347b
7be7089848442b13704bab862
341e392a343267f8f0d1713ca
62b2a787b847992b8926c4eaa
5709f950992925fc803d5e1cb
27fedf381d4864bb3fe000000
3fb2a99170a49074dca7ab8fc
003667c2b3af47835e7f6484a
7c197fe7cc9b8cb7bfb29ff64
0000000036560b8229010cbca
05a492ebdd5bc41a8001804ca
6a0000cc76ed5ec8a2fc43ffc
36a1c772e966186704ad3e15a
041fe51a0882b1aa37906dba1
34cf9b67786dbbe17fa1e606a
3f94354e800854980037f018a
0009326813b7451fcccf50e2b
3e4663f11c04e53b414427509
40719a0a3fef17bfbf80d3204
46b18706bf999611b9916d5a0
780830df2859828d1c7e2ef1a
51aa7218bf93e15a01626e982
26ebaae5ffc00000002e68368
78baa913f1e801623051dc690
0010e034d38b1e4b6d110ce21
4000000067df5ae200371726a
69e13b3939113ca22752083d0
0032ae0c7116c75586f455654
7efeedfb3516302d68562e023
6ad1d09f003800a93f927c412
3fe000003e9f46718003b50cb
0d218696732f5e7872f7a766b
7c842441c9ad8c41968811081
3f859183277bdc4e77f766ce3
08649330640b311180320d91c
3e9fba42dd3cf9a9801f42cdb
271e3456e399f114001b58274
3fc0000011f9f42780153517b
22511061b03637688dbcaff71
2fcb8a853a37d9e3ca588d540
34b52223ad18341787c863f6a
5270a5bde9d0975010c405181
26c5c9a9dd2cade14e633b85a
72e5c54eaee2f25e9d20e388a
53a7db3b22e9b2a5ffc000001
3f91148c000e40cdd49b06c1a
7fc00000546ec7f93e5e0588b
27d1c1960cb4fac80002ea558
400000002205b137b9ee40de3
4f2b4bbbc000000007d005b48
000fe8a0bfbf1b7b3976f3a14
0035221e43c0f7f42c5a3b893
20de5cad0c0d0e9c001e14749
728e0736b16fbb5fbfb2e44b1
00253fa104c477d417dda4141
2da98a94c551ff54219d6d033
66e9dcf2002ee027bfe000000
04c0b4c53fbfdafb000beec8b
65be80dc803d130c0034304c3
058b6e92a271d878400000004
3aa892473fb45e5b7fc000000
630e3040bfc000001b9cb6651
3fa1973b000000003ae3be04c
6ed89911a030c9db3a2dc916a
5c6f16c8261e243ccafed3ca9
72deabd85ae01514be7849683
11bcbb6f98444070db59d82b9
64468255f5e878143fab4fa84
000000003bfa88e2788dad01c
31d3dee9fb55e60b7513fc464
3fb4947c3fb189bf3fb175c64
00183726125b30713fc000002
0029d16094c022a16bdecf6a2
7303fc7aa8a6814f68bec7c20
3fc0000003df29ff1537f3ad2
55e37e5fbf8a4995c6463ca22
706519bc8b8d285585ccfc6aa
3f8af0ece0ebc2322363af2d2
344027206033924595446b58b
6d2d39de4770b9e0644b5456c
735a87172afbe67507a3934db
3fe000007aa68deb3793e9e04
3ab8b4fb67b00214e0783d5a0
5a52542e20bbc6f946feb9344
0029be39e1c00cbf499a5f82c
000000001b15ad1cd4065bbba
2507d22c60473ad9584756e43
72dfd6863fa2686ad3515fd41
2f62f6dc03525b9fdd3e0efa3
62675bdf800709c0bce43f378
0011a60087f1556403ae6a2f0
001fd82c425cb090137c5f098
4368a2356ef8cad9a09b0a912
0016a0d4400000005a669aab8
69b605b696ce1511bf868c9ec
5711db21ffc0000068604674a
0021842280073e8a449121662
000000001d7451e21310ff622
4b41f49a768d52069602634e9
6b480f0b70dc22ae011268693
00000000001d01b9002272719
37d66510c9866ab93fc000000
16e1e1a88d1e95a5ef2d082e2
37e1c98c4a593da54e29a9039
46c55d2f3fe00000001c46953
58112792f994fedeee33f8d60
000de6ce3247e4d7bf2f559bc
600731a90a8daa051a8a8d33c
47d05040bf9cfd46a79bf25b0
5facc56e3fbeddaaa304dafc0
3fd035451a562c4bfef10672a
4f9df7ec49aeb60bed608ff64
6f0f9768b1b3989c3d5f66614
245351ace4a3c3661cdfcee4c
7f5a859b713bcd22beb16baf4
1dcc764f7e401fb53f973e072
6c710afc5427d2d7f0a63eb6c
7a90f625ca6244e6215143bf1
541365c18c652f8a3f84ce80a
000160e7003c37bb428217a72
39dea2337d2f07bbd4128913c
451ae76e025aa7e38016cc909
7c57a0882554878213bd487cc
400000003fb4d4f5b2950de83
19f0e3e4672e07b5800ff8df4
4450893e581a56f2ef54aa9e1
73e14e875cfc6f449e7bf8e92
032243c2bfc00000722723eb9
256c3ee9533b26419e33fcf48
0002ffd34f14e4d6858c81bdb
3fb1608b58e84a78c9447339b
33095a4fed6cf248efe5c9e88
5c5c96ecbddeb9e2e545c7304
3f924d0adb1dc7135de738fd2
34e5e4b3c86a09093fe000000
3fa26e3967622fa499005172a
044daeea4b9232cbd8725d0c3
74754b9956dc186cfd0fe1962
7d2100b3950283bb6fb1da5d0
59a2d386da6c49828589144b2
7f0ac8159047e6d790dcf272c
4e2fc5ce001778e0801c4a43c
1b5431ef671d1a972f368e880
2dbceb0b61a4684b073856a41
400000006f519ac7230c17341
493f0e633fe00000003ae78f3
047e15a359fc4e19143677cf0
294889b512c51f6677df994f2
38f00df13fa375fa861181e3a
5ce412658038950aa03246991
304b217a34c05da9e5d42a081
4720262d0fbdae57fec09bc54
2fdcba9f460d1545dc48de31a
194862a1800788f73f943c6ec
36fae172949c03de2e64ed0ba
3fc0000021ea4b856e3a80dc9
00126d9715b96e457396122d8
1dca7cfcb4abe841e258d24b1
1caef3651e05e3f063c3a8113
30894d4dea23804ed8a7797d4
588ecfa0bce019e900113dad9
2a1ba63abfe000003f283d8ca
2447ac7181358d1af56921378
36c82a16867743683f8f90183
09775747ea68d5a768d4e2cbc
400000007fc000000ee01f528
0c7673481f23b721e30165321
598d1d6e064ce93090f5bae8a
3f8b1b0cbfbc208d8028078f0
6308a7a7fdef52d48a71ad661
04baa532c25a00dad33adb5d9
7d0de247bf47ce44bfe000002
0612e7480013cc8d36b4e1adb
003746d6802c8183bcb6afe70
003bc2966ae36daf1b84e63b9
32dec77cb15edf76ffc000004
6237a9791bd10a22181af7b1a
0011e5f2123f7887bfac1e3e2
4a2820e6c5f68353400000000
15885840e7a5001f671aad191
00124574b75379a2fb368dfd0
7fc000004255eddef8ad69830
0cfea785873bc8de00252fdc4
5ab250e0cddd96b054093eec4
234a92eee407e698305a7eae2
2d9aac7e725eead02ed56f8eb
3fc000002193499c66a70176c
32e7e2acff189ee98013fc152
53620033297d5e8a6584c4458
728e5d3f1094a09b1dfc2cee4
6fdaf2ba46985f789f7e569b1
7d0b137b0cb4dd93b5388a979
5acfa8923fa8fe99862d2d5e3
69314673dc19e4a4922d54939
31c18af680fe7d6e859fe8509
611a68684e63d57e1b78be5a2
55b4ff2977c98148821f6e589
1e46a39e1a6855265a67ea61c
003e8e18205ae01900190d1f9
32da9bb600375f9a000627d02
20afb9f022257d93b2d69a282
3fe00000003579161c33772e3
56aafc309e7aaff28007164d3
077461c708c826e4763ebafb2
65de37cbd6814cd4833e0f2b4
4e005c8f84e491c3800000003
2e7993662fcc6f55400000003
646345273fe000006ac7a836c
1c28ff20b86d599b0903b9518
67860f2c71f22ddd394170ba9
4122f0345dc785ff220d6d600
7ec919d4d79c8e9180060dff3
280df0eecb6b4a69bf93b2c1c
3e4c0d99e02698f89c3534630
2a5cb9eeed32e6f666b9f5cd4
30ce1f210e17910e800000003
6d927a0f068633d0c7a584e64
1fd1f674000bf5758434c021a
623e542c813163a9898a32f9c
1068c13fa42c9897bfb0ffc22
003e8c2c112e61ef0013d1108
001a7699479a44a4aab58fe24
531551afd8d87052001af9fac
4b7df580bfbbc814bf868a8e0
619d04a0802b7efed7db4370a
00006b8071daed463f97ceba4
5d8589187b87ec55bfe000001
3419f929800fbec7317002f99
7d70cc5637c157ab58583f9f2
39e4199df6400b761c15b8c29
403880ec3fc000006385cbd30
003564fe19d82104c19b46994
5060c3089cd3c209eab60b702
3628b2b8d5a79c91efb367f7b
5457b83b3ad92894722a49979
5ff6d90c600af5554974c9d90
3f8a0828978d281130cab2c22
1a54d14380318d121ff29dc53
72188695adb1ec633dac02893
6158fdb0dc22d0fdb6f176171
600638cb016a38ea80120078b
538c68523f3ce0bf5bce4e65c
3fc0000053acea1c5834dc541
351273eb8031c6003cb644fd9
7fc0000022ad0b97d4530a553
7c4822a97f539ad8046d6b6d2
2d894f48cd61c938568c0bb62
567916e850575d42d33403384
003778ad0b6fada42ed11bb64
7277c6a48c1bd682f944ed33a
67734c668000f036ffc000002
144c9488e1e63712968dcc350
3f810718ede5777f4bdab99a2
2427445565b24857ba0602e4a
64d468b4800000007a936ef1a
6b925399ebe70ee029b6c6b32
2119725284c50bb21330f770a
0025d052cb096a6d1ecf5c1fc
5dfc52365e4365731a0f0a531
2069e423fbc73f82000e19e52
111d7ec9ec2d37b80319ddc4c
1ebc90adb530fe878011cb713
30e162bab60a9fc275c5a565a
42cfa74b4effd72eedcf5fa50
784f85e4121e9db786478e9b1
6a42a943bfc000003f8123aa8
2f3f10b49c1ee6d9000000004
6ecb07504c8793733cd3969a8
34eb90212906e36180350c66c
0015ecf2da5841028035728ac
1459df79f42e6e3d09c79002a
47b19517c7615de70021f37cb
3fb0e326bfe0000057baa9918
193d791c72599059aa8ea5bd0
08617c0d942ff7e3ebdde8383
4baee6a4bf810242801dddf34
40791e08f2bc021c73f374efa
001d511cf7162c6fc36a1d6fc
3f959953386690a8e8b0ae9a9
59efb894a46089f2187d3dc93
281787c047b63d53d4ba0edc4
4dce1251bfbe8598794a2999a
588b1ddd8775f36a001348889
003cd23004aca17d6ffc56800
59afb222e781b8baff8703708
7b84e9b674b2c557b7dfc13d4
19056887f97f10ba0000bb813
002668197673bd4862d079478
39ee8d707fa67643001968e32
72855e269637af6490e63ffb1
2193b938c5885e30bf00bfb88
4317af91bd5f644bd73143ae2
3fb87db173f8ec2bbfb854f51
37d182c643ef5b35ffc000000
0950bc7c001e288400155e40b
6de800bd606e355ac534080aa
226b55398b5a8411bfe000004
7a3d65a910e936fabb224c0e0
6e4e906a5c98a8a247e72900c
1fecce481251a6b838f8116a4
001368c98dc7abdc3917bac3c
2c17ce97c320c079b3fdfffb3
51a6dc206230cccc527adcf54
003e61a368780fb0da14769e0
000000005e91de158c388add9
23cdc88a1b0239b4498b4a5a3
2c2fde2e3fb798d5ed8b44962
49677b7abc2268c50036b633b
0701d0682d90db78001717798
1484f64293650e73b8f581d81
596a9199f2713f3a699d49c11
6589356be5349328be294b3ab
4b2e830e2f60985a7f84152b2
7fc000001c1cc1dc857c92872
7b2714b305d3ab51956593653
6fe85a7ebc99a2f4000b0b5e9
2d43baaac024a551f4cef7ce2
6cf6b4d6791950b85109f749c
00057e22d7098b5b0131f74e0
21399ccf00000000568ec1353
1401110f3b3337b3801ccf3fb
07f24f60bf959a3dbce41477b
6b0c68f13f9ad8febfc000001
000000000105045f3d88206c9
7c3bdb3bb045dec37423bc6ca
0f58ac417dc5b31e2d4edd10c
5a051f7a5620171c002e702a2
1edbe71f3fbe480a50e15b2a1
6f7fef0abd450fc2775ad72b8
3027f4760023add97e2fc8fec
002fc587047943fe7fc000003
7fc0000047b9fd894eab37c9b
3f985a6cff7bb68d2f11fdf1a
218989809a053ba1f2fe029b8
201b603438cb5efc5a1c8cd1a
5831ee426cff6e26b3074fd52
00090c04be5ec9caaf292e891
349b5f7da06947533fc000003
2802784ebf890af039042fe74
000000003f93242c340ba7248
7df59dcb92eb01e5d784f44db
3fe0000017a396c6ba4133fa4
1095e90d245a1216ba08861b8
33b6c060e119df7a6d0f3d509
7df5dc0d57def6c9c2481ccf8
3c628f098ec15bbe13776ed68
189578cc123d8e1142372c71a
3783986a954265dabaa67a9ac
36934b973c68792c121754648
0783341385395e688022759aa
438c87e5e39c0cdbd5549e5c9
593aa1573f87f4283f9ffdbfa
6ff7ca8716953966000f1d801
0e502d3a801bd5cf9a1fdfb68
3a5a10321bab3efbeb3d27ba9
38c462b16aadc12104bc2feac
496c9c2d2598e864effdd064c
6072917a3f8753cec2aa87149
18023529a6f68f0332a590a24
7f54a9dd414c667521db5a821
7fc00000722d5fb3002d33464
00246ac7434809d72e087cfcc
37eb541476dde21f40174442b
3fad6995c05ff84728836209a
3343a5e2802a5522b68990728
626f1edcf6aa547dfacfcfe5a
2ec525bc8020bc3562317c35b
7099461031c20ce71283bce80
0cd13eff800000005bfeb5cac
19dd5f60803517fdbca2caa81
614d803212a6a4e1c288756d8
554cb1676cf2bb768ea2e8d6a
0b415d07b114340402c6e70a3
5495c8248755a45413d9d1aa4
5d19858a454dbd7f3f82e8d49
003338ffcdac69ef3fab2352b
6e212f0f096cf10e3a046f473
003296bacd5f1e28a36bc7bd0
4000000072517e40ea1d67501
307201c459711c5b693664382
3fc000007869df71f59e87212
30be8dba8bb80d21c00000002
3fe000007e63b282d5ec22263
0ee833871ab705220034c5aa8
6da231b8688f028bfbeb3b044
002051365fe86e428030db70b
00272d648009543880351be20
26f2b3dfffbcae29809e91c48
26df8e91002de0e2e25c4e85a
001ce08712c758ce1b4e28389
2fe3c7b4ba3d86ebfff089d50
705d1ca546deeec555c49b971
7dcdf9e4c04e3e3db295b03c0
129f9bf432fc71a6ffc000000
1f3d0c3943ff97a63fa4f4b11
1f60bc922690364ce2132be50
3fb0b4386fe7d219989e1e4fb
0000ed4a542c347ddeb77179a
46ad0fbd3ce18a7e4ec2bd639
7cfd6f90c46bc7f3b0be52670
6d1f239a67cec100f4e9bd04c
255047b5e7f5990c4a63f50e1
05b5fee4803299c11cd4d30c0
593b1fe2bf8a23731d21b594a
000f47ff3fe000003fa25f56c
5f33811243a47e77003db5368
131b7694e49ed381802b45fe2
54da241123696508400000001
6606b49073096b8820996060c
3fb42023a6b103a994d533c3b
5bc5c24a8446988a8d79ee692
678ec3d91305b1100018670fa
002026fb5964bfbdbf8bf8b88
635a797698fdbfdb607204ebb
003d0bb370b8f719c8fc2390c
586bf4e27a19e183cd1f99399
3fc0000063d4dfc9473aad5f9
264aaf0afe4162ee5445ba16c
04999425098dfa5babb640ca0
002dae04fe27ccd3e856fcf64
3f9ff352bfb3bafc400000003
617f8e9724bfaa076e4cdb9c2
41687ae5285e42245860b7c43
4521cb2bb8f1220725b081ad0
28768333a098d27f80323ac92
37d14975c0000000676dd1922
659ded1f4206a0c5f800f224a
266f8d8c1d7e7bb507568141b
62a4b4397b09e5cb9ae52c15b
533c8ae4b610ed9dc57dee26c
3e9fee18e804ace53f806bd40
7cae03e138e38a93fd89ceb52
555e214b69e0cc7ffe219c42a
0aa6364a819c272544cd5d880
48969b98a6b4db302ffab6dac
400000006128b82b400000002
13416958491429c0587232cc0
00350bcfa42b59141a50000fa
00122ec4ce5ac36adc1c35409
0031300da433fa55d4861e23b
54f785b5b93377fee44b358e0
026ff79b3f1a4428e0eb36203
5cda3f96fa96a3791dc9c3719
003550e1802a30d71a2cce0f3
57cae8a62299fd183fe000004
685a37d2018d9d0a8d4f38348
6213afdb5862e70f61e8f6859
7c1b9b6f4b1033ed5ea142640
781e83b4984a2107a5dbb1c03
41112e8ef65d29e63c0c0b953
13344ac19c095701923b05f60
0fce3b05653438f2002773808
655b3c20b8b0fe568028d38d8
64350e7594dd846e7853822ac
2490fc671bc8e422c4d876e5c
460cab63de244e45a8c89284b
49abba472ebcb727b06d9a333
5b51b8fc4b02dc2a777162272
244c0201b021828ac00000000
06b3556c400000003f8828653
12cf9db02c15d219bf8a7046c
62ca92c8d56b1e9d9a1132f0c
41327a880edef28c6f2b00e54
1403587e777c02aab898a2e80
278c1c458032ab63647d8c03b
2e85c71b1ef69c060039dd168
7ad89879001492581aa38de4b
00012aed85e2b3a7001ef1e7b
5a0f9c8c003072a6fe67589d1
3faf0b7280172a1656296a502
48d1e000367c448adbcb5cbb1
3fb2aa9c47be37269969dea54
192887b93f83ab429f6f65e4a
09f0acdd75312e050f1c43a1a
3ed88e51003ccbb8bcd5caf8a
00238cef938b8507be3a8d960
787d15f480019ba5cf995e8f3
14b764d3d1dcfda2000000001
1f4f1cee7b5a996ac00d4e289
42290f9784a974ee5ce968121
000f2a588009676b80140c4d4
463d526ee7cc4d886cebaa419
72834c7309f43301ec5d120b8
35a9e3fcbfc000003c1265802
5bec58cd802e0c4b10b9176cc
2e7ab0656d64463405f8d5623
032673b923355a0d0d73b24dc
2143253eba670176cfce152f4
73701fdb802f1755986cd37d0
7cd9daaf2bc067e4f0424d694
0010908b73fcab0b3fe000003
0000000019060f7b80014fe50
5f9b60acf37b6a5080212054b
3f93d3ceeea49aa8eb9eb1c38
003b2783434795ee80224c4e1
2f49308228e1079a9b2efb731
3b5b742080150cf87ef066550
27f786e8438f5ec522967a3d9
76d14aac0f03d679800000002
003ff174bfade93b3f9cc1b84
60e164e14010625c3fb41ea3c
68b5ce1080f8c955fb1684e98
17fb38607e26ad77d05f37229
0039b55fbfa523c085e2c0f42
0012fef07e199fffeaa418f04
3f099e76eff1e7cbdea538391
000e76eb8d9f970b88af345fb
0017f7b8aa5a3bc143a016213
5d52f4d4cf2b2c85000000004
674a096b003df2da84fb058ac
001f99948b9bcebc224211aba
6404b0b559c88c90c8d93f5d3
024c295ebce275130e2f2d9a2
1be8220b3d1762e3ee6cc9074
336e90916293efae9d47af048
1c238a7bded1022c113a0271a
69b5c4270c173d38e4a525a6c
2bde1e1c6dc870df0ef26b61b
07f6f44a5ffbeeb1300ecb23c
60259d59a8e8de0464146d68a
77053509580202f8dffb78cca
356d3e07925c317cf7fb697a8
277b9bda2d61e2838026cd290
003efab6d6f2e4be4de970090
06342ca5b364e665ded673b19
3dbb5a0fbfc000002a8176b2c
6e2304f2485dc54be63738928
3fa93c94b16e7d84f368e7323
3ddcb78092073e1f39700a08c
56b6df1a2280657d80107012a
2ab1e42f0b0bd583e80ade6e3
17758b8c803d06d36f230e881
1553588a5dc3176aca3e2e3a9
019f4c526c79590f3a1991692
000c788bf8dcc42ff719bffc1
6ef9ef4c874b66c1226c3ead2
662624d4d921001c7fc000000
6068c971ec0613fd34ab33553
6a08879ba3e484e15731e3463
50f54e9ee1a8d9be916dd5908
00212933c59876c398a721748
640cf3d4003129e1f39d64832
0015e60e96932c9a7034ed243
4a568282e107f2d0802942d70
3fa58beb00270924d3ad8f11b
130c8cac11b72f9f21e4a183a
6eb945299aa2da4e74465ccd0
0003ce2df003cf6abfc000002
0f8d99353faed2d0802506499
0adbc4f66921b547c4f0c411c
2ec5574997c66867d581fc6f9
6bc80a467b97c3b3621497079
000b8488de0d0f9c179ab4600
00244b7a8a24d67752be559f3
374446d1f591615a662e7b459
0024a1e0bf821b1f676d771a4
039aa03ea788168d801c9dbac
75341dee7c8877c5e07a0d4dc
5315e593bb7f35c7ed6c63e3b
53f5cda480000000679f53c62
4d9ca141e8a23c4d2af7ac77a
2734318f9862d063ee881871a
2501a2865566bba76b957b89b
05077c17c5e141e5b5731a26a
15e1b22ab091ffbc11f28da91
455451d13aca555a21f0a70cc
306593af80102038924c28323
3ca1ebacc6ebced91d17365ea
4b2498f9e3a45a2c290d14d92
57a8d6c0beabc202e34ff8700
66d32845801ce83611b736069
3fc000003f9792ffc00000000
70478d8b88624a945e59ef69b
7e88a59a22cc685bbb9c9854b
00340e6904fdb96252427e069
5fd015df10ecda0f1e98bc514
0fac96030d15692a148853e44
4ff9daed02fa051333eca6e58
345bbab1414ad5ece8e8384cc
3f8f6902e21f85a131b457072
64db0bbca473aef9029562a32
4a6617f5003a31fb6cfaa67ac
52bb53f926c3685b71d39cd24
3c77fdf5c9451c28ef1f1cc84
3c9f0e87002c4c86e9824d13c
31ead10b9fbfd529c24e2f4c1
128eb6cd1b2c06d265f07eb69
3160f2ea001df4787fbffc122
5ddff04da89f303e124069679
0023f15f6e118a40bb7e74e9c
61e150b08025667c801a6787b
5fb8c2c6ec90e6b42fa2b0ec3
085200ae174efddb5e65944fb
64605209803161898012633c8
7fa811d1e682421c0008ea4a4
2c0fe001f2a8739d3fc000001
00026c31677f6858002c664aa
4000000012c69346744bc43e2
6c99c35500318f8ae272352a9
01f36f22c000000018afee662
1be28047982731c308d3197f3
002d00f4fda72969ac3c7cd48
05d57dc000193667b26c863d0
5afee8e55716bcda38c9df3ab
5a60169868de30c7b10e504d2
560c3695fb443d77b6df34f5c
284e7f0c5dfd730b25688f7fa
5c559148802dbe2a1f3ae4ca3
7e2b1444f666caa111421945b
299463d3d7e51408d81f1f3f3
0e46f2867fc000006881b4d09
16a7271c800ce4147b8199d91
6d3357640005f4ceb45f42a60
643987f889f22ac86e2453f99
514aa8553f8b9d7cef700a3d4
72c3779c435bda8e9542890c3
000b5a5a257e01b1a4362185b
3f8931eb5f1ce68080141b45a
4245fa962c5554fa00247e320
11edf2da8011b99c3fc000003
114d87f5596e453f89c79cd03
783831a1109f036f773de9ef4
3faecad5400000005d61baa31
000f9418cb419339b0b3173c2
45f4266955c4b24ae0aff55e0
59bbd0500909751c3f8c496e0
26c86ac1a5523993258c4caa9
4c11d8955a7c754ae552455b8
632f4c949e32ededf576e2c54
3f8b47dca96ab07e96b62b140
3fa61d99d443d44394a53a482
4000000040000000003cc22d4
7b1385a48700772900080374a
6055f0b3000d526dc27dbca70
3e4b705d3f81f9f948020985c
000ed020001f665c82cff1589
46746e9232ad60aa8b5d91219
4ab08c84067b3fae09c9fe083
72aec7dad70453d1e97e4ceb8
207322cdbfa968ff354a74238
7b9aceebd15357cbc373490a4
001d4a4a6244cd153fa1909dc
4000000012ced84180219a324
35b38326fe01cd191642aa83b
0f5729a751a20d8a29caa24e4
0642ab4e84055bae814ef2adc
7aa02b9c68de57592a83049a0
3f9ecc24802825a7c43d939fa
138409b4f246dd418026c6a42
74196238a1ee551d3fa578109
3f808a19c8ade8dfae9e0fa20
686782935a039e52114257060
597b345a158a93bd82306a779
1f6e0cd66eb6d982803a6c614
7fc000002697acf83fc000001
00355afe8e7368c2b2d4a018a
2e5ba781bfe000004fc5f1f3b
69a14fa81a11bc0f7f9fc431a
471df113dc00689428e95220b
344585880016c89275ba5ad03
13252e579d8f0660adfc58fc3
31d31aaf3f8ed11b8680dd342
18f75b2f76f2d1a73eb9859a8
6db8cb7a7844f0fe00284ae20
01f96e9ab91f6cad803d14cda
6334e8707e1570c7a05e4b7da
2200676f0d14a396000000004
5570b30877eede943b240220c
00dbf80440746afc0025cea41
1684c617111c4d80b6516c310
4c969b3938e596a93fa95609b
4cce6f750005b03c72143f05c
6dc63d0c04dd55053f97877d0
1daec20e333b1bd3d79d7bb53
698c8b9abb9ee632a8aaf8b18
4849bf91ae537c5dd9019442c
36f06005666a0953069b5c8b1
45e0b69df9bd3c1312229ff08
1cd879f521b8f9701379a0eba
3fb23fbe176843b76e9f34ad4
7baeeb780008d99f6ede84a7a
005edb838001396f803919fd9
44dce747bfc00000783a32e98
31c1573d14e41b19cf12858b3
32a4405deffe1da5e1072b648
5ada45ca001bace53473c3efb
5453c29cae5969ea003dfdae1
302b8ce7b38bd273d2d3d7864
383e12214b5d195c9cfb893cb
481ab48d1b1eee15da7738f5a
3e68129e85aa1d5e1b4eed6b4
00125e4a6dcaab8d001975804
6d8a1ac1642959928bc7394f8
1be04e3db31863651fc016ff3
73b1cffa0ca592dd2bd6955fc
6f4f0fc1fa48604e8022fcc21
321386274a8bb0fac7473a131
4aaf74cb0b589ebb400000001
2ab04eff1f31e497f19dcab64
446291ff4000000060059c6a0
595a02d20638eb1fe4c19819b
3fb70d7d94d2eaf939ac47ddb
1d17ac86a472e5d7400000003
5c0b66d97c21edcc001795e69
3fe00000669bf5ceafc511fd9
3f8d07100038f6b2a2da21812
0006ef669d44ce612268776a8
57c911940be48f5b325583bca
63076ec6989c2cf8ddabe2784
4ae6c18b6bb3febb8023de2ba
02459218564f5ba32b188ad14
1d581a85e365ccc43fba46bbb
6daef507023bea7db208da55b
32d675445acb53bd48dd82cf3
08074df5de8122c224391eb49
7a43d2a7c5e19feaa39705984
7572d0a4edb76d9c1c85316ab
3555d3b7f77c3ed7c00000001
198debe2400000005b7b527c9
38145147e971145d929e7b42c
3f75c08a3199441d605469cda
448385f8fe7d862c4dc9f7eea
3fb2f0f780384ac908b28139a
48e533e7dc6cfee00036322f1
0001d8ac000ffb42178206da9
3fa70ae401ed236cbfc000001
16b125519d9be5158030f1384
0025e0d0c28ba0e2002894750
74c5788f1b26ccf0a773b3ed9
44c6df49ba377bd63f27b5931
000bdafcfb2102ee407ec0680
47a6f46192ca89c419ffb9000
41d6e87f5e6611c08016ae45c
0b91ca68c87643eebcfb27790
6003bfd7ea5128777bbf3d88b
5220a851002139d920bba8b33
4d688cdf9d8ce5822ea5234b3
40000000128e1b83ac09e2baa
1ce911dfbd700a86b8d3901d1
3f8b3bee39b6b584bfa100eb1
6b59f32afb809dbd3fa6e4011
05fa82ac6cb30cf48ccf7d4d2
000c8621befd77903c21ca41b
6c64e2f84fecccc7de703bef9
00063ed1babac2f8c00000002
411a4822e7a08801b8ae3eaf3
3aec7b7300274248531f43364
77ec9c306e5bd388cf39f4d69
2ea133d3445457ca3d1c45e84
5d8486c192e39aacfc14843da
0c9bbf0d79fc3ab7d29ac51b9
768dd099984027bc4a8b8bf58
7a91056b55a653e933dca052c
04209001958e1da9238ca21f4
11d13f5180174a10778f769ba
3a84cfc6b3b776a880181b058
1317e33da9b8ed228913289e9
7536282341806d1e0020775ea
026a7678afd7d9fba7342232c
063f698d4c856e0d93edaf27b
003f227586306fdc716c9844b
27ace79f6fb7efb82240fd4dc
7841e4873422ea9f26f61657c
4cf1d5180027606943bb3551b
2ff3b9710851c79bbfe000004
75dfecff471d1ea21e8335dc0
0284c3a7b7f9feba509483f1a
396b845b8f8bb6e8f1fd4d631
513fe18afd04e241eac77a9ac
003dbb10865ac9fbf87d318db
267b39f080000f84359e611c3
3f82d0489276302c567bd23a1
63b113a16620f8ab797409258
0ff9c0248caac9933d6938fc2
002083296a0c6c6a4c9431949
2c7275cdd44b62940326fe7ba
000000002bc74ffe91f914df4
0014be513f82102c503dc6b63
0015a228801168cf801f9a869
3f9f2451933754d8801d28b21
496afa73bf9196883ec9c6424
0036bafafc7e95edff329c993
002bd46e347542db68d0af80b
18fd44f055f044c7164ddedeb
1581da9d0fdbb2a703c02d55b
69ad08df0e8ce325ff51ba52b
1e531e31862eee6b2e6743291
2d1601cb0916849a304a524eb
001818f7c0726c4ae43ccde6c
058fabfe19604e8cd170e7622
0014ad655f38522bf6980d9b8
0a48a486e32437c4aa65f53d8
2fd35b14aa5d8352557606c8b
754c3c30eaa0e0ffc00000000
400000003fad60757cb38acb2
00000000001e2aae001cbea73
000f1aa52d8411fac6d1380c3
15dbb8663e4803a4407dca468
47777ec6f1b1eea167e0b3062
529a6b11fcff34ad8ef4adc31
6533d1c6551895a77c02ae939
4faeffa1549f991b3b1d040e1
0029fb23b4785e7639ef87173
002cddddb253e47f0e57fe3b0
19eab2fc9cf46645000610160
2b1ddd5d536bebf896866c414
1e93a41aab61aa66d73f15c51
1272c8c6cc08319f956963d09
660f9d70801c79071543661a9
4611110cec28e4f766c0d8139
08b5f2540e31e59dab6b783e1
002b4056124603d82f3671829
3f98eff4802f7a930021f12a0
3f8da2bb8006f1000550350d4
69674031505f657e9be607f08
13e83bd0554b2aef530054531
26adfa65bf9e77648b0985968
327dc6ad7d54d6f0802749a1c
2275a25c2a5383e180a583fb4
632f92530033bc04d34e2ffa9
00208664dbd2944ded3643dab
3fb81d52000f9a15b3c91d3f0
0f71e56a79f20f9c1fc1fdbba
783dcd4d6d2c65c40001cbd61
6f8ea22344d2f66c8019c31c8
3fe0000023e616e2b0b735013
3f9abf08800000007bcc917b8
7092758378161ddfc6cc9f32a
003c132700b7c545abf74cc50
3fb1188c26a45a2a0e39e680c
7f22cda1815baf02d8c9043c4
3d188f0d25d0e000184207d9a
39ce695eb6b66f463f9f1e453
244f094836d31387bef8079b3
3f91de190dedfd08b14262138
7e0baa02502462727fd8657b0
2b98264733edcf7ef1309c51c
5d334f9feb5c185d0669ce1ba
4877acd41e608c0943cd0d482
000000003fc000000ff604aba
365e1ecbb6ee4f62d3fd186ca
4082b1222de553f6ec8a416eb
09893f4d9a7fa751cdeb36a7c
3fa7bfbcbfe000006fa592ba9
3fbbf2d17fdf9ab4a91b11f22
519873809d6eaff0f886ad99b
18e765a8050d35da58f568792
717148b2bfb5d824a15e1efeb
34c5539a2e0f26130ee0c3d8b
27342b689622e218b0e35c452
5e7b59d497335d52f3e0576ba
40000000468b0449bf906e2d1
001141396cd671a860b7416b9
17e9f6077fcb7c7a8c61d0964
62993560bfbce680428f56624
7fbbecb600306cc485143ddd1
1053d48eb958da34e01646ee9
44e6f7123fa8b5316c47329c9
262de68394ace913815adfd80
110bf3f15411299b00203151c
449fa52d2d14fd5b37e6dcc0a
1b4372a170f7e35b800000000
003cc40750cc743d800000001
634ae60491d48b524f71672ac
03fb521c14522cf6c38e0812a
7a3f5b25ef4ccc73594271864
3164c8d798a906053f98ca180
001ceb8cede2cadb10a1d9969
24e5fad419823179589631672
003b24c7f03aa6fa36e3b6fec
002a1a5b6a8f75b7822254e34
77364d3ea645f7261b285cc3a
50eef9431c16978100063ac64
3bcb0bb2800e7c8986de4a18b
15de62d221ab13c5c00000003
17d8f03c3128f9be002630a42
001f981060216580304a467c8
5dc99d0daa6769b930cdb4584
15d195116c1a0cf14d277463c
0017a8c913a888b9c30f82d5b
44ffffa52ecd7aa89b15ecb9c
74bdb2f73f8f070c6da811284
00f03efa0efe1edafc18d0f81
601fe00007b1907ab830c6694
72e334de0828148c6d02b47a4
054042d5e00d68706167f8122
78c6d138002e097b7ed39921c
6632717a9beb968fa8149a21b
4cdda0a0a8d002725aa8ffdfc
566c8fe2bfb7aba1eeb2d8634
167125d10001704b3f9f7d84c
644f3606691a162199952adf8
07127fceb3f013cb0086d6ea4
23ffcc9f8236406607e12be14
2c02044c44615983b4db1e6d8
27764f7d314b0bba5f993b6ca
69d07306804ffc0900357fd01
50343bbec2077155ad0433110
60edc06234cb1b187fc000003
5c9ba00884302948a67f78ca9
3824a1eb001e1b07bfb24af83
00106e5f00270e7ff52621bc4
1775c5eeab434f25cc91c2dfa
64335e7dbfb6f2df1c0ee6540
00b26de63d90fce87d3f6f74b
60a52d5cffc0000000598ad3b
19ec3bd1b96d28a558647a474
6080e0d03f8d7e50d38e20f09
002145b93d9374dbee706f97b
1a60f258ac7784a7be609086c
50fa5877bf8efbcd0413c3f88
49605e30001d99f616e4cc820
1d91c8b18125d26c001d2b283
5be3ac2f802bd85ed92fb9c51
3d69f2b72356bda3228fa0cc9
53c9438c5881cf5f7455e55aa
78828d8f5ced9bc1800000001
45d6a260001e335c3557601a9
00027577be012b46409d574ea
1d2b2dc0af630a6061eb41809
03eea4b2a6e15aa0bfe000003
000a9792d759a79afc7db6ecb
49d2c2edbf9939fccc1be28b0
4f25611a052dda362d87b0883
513089a01d75631cf2f9b3bbb
3f93860d8b409bd907cbf7151
61afd8b63fc00000180698818
7a1d21b6e4f89952003719af0
5a1831938d722296c50d48e68
003721ace9a2fade8cf20ca7a
60e5730b72ce8510d09fce13c
546f70380ae4d4921a3baf3b8
34ce7355391e7b5d273a34429
0e8218438326ec77bfb4c52ea
58293155dbb19e8137bfcb9d9
484da3cc961887d8aceb16e59
01dab6413132d7bd057808868
7353195e8bfd3c320ef0b0894
7c9f8c0641499cd23b575cb29
3ce82042fb022dcfb751d6d98
1ce612877401b753c65d42148
2833fa3ce16435a24d1278a02
0005ee0da16879b0bfa8c70c2
24fb37ffbf36d7d33f898e70a
001bc91794fe987032cc8d67b
2fd0a083a0971cce15f2c2421
6ae21897ee737ab4299818583
3e6c7632637c0f3f805625751
6d625a40e204b0dca33b527fb
5c9bdce6254999c51313d12d8
5c9e3df30f0a7e92dce280eba
15b1df2ed37e48e62164499f9
389ee58837404b39000e08721
745ac326d350c6cb0f7253790
0fff0dcd6d50b138a8d398952
00254469c2331b930034c5fb8
4a59dbad410260c77ec314b40
000000001588accb3fbcd4e9b
3550b03db1cffad1ecdfbeaa3
6905087b877915a4cc1e2a32c
039a2d30055268fe047cb5a32
625adf3a193785c08abc5bb62
0b66e9911c3d763a1efa89a5b
04ac956ec6bfd99b9d37dc843
3fe000003fa33e085a80dd97b
018aab9d5d678e55a15b5e8ec
000b77b30a84c8423fc000003
622823b49813deb40029ea3db
2dfdc18d13ed6dd5b309160a1
71311f9380359b5829103d8c3
400000000c2e0ec480120dc0b
4a4c65255b1ce77799be7e4a9
3f892cfbc22bc6ac3f852d6f4
4cb763a9b2ce7e8d4e6b295a2
1d16f2a4997c3d2fdba339ea3
3ffaeba500221c66959a1acb8
4ce3e36e7170b7288033e359a
09cc9cfe141ae168e25bf8adb
2c075b13a2a16fb4e3b822e0b
1869a34380077faa7d5574f0c
7798792df608cf60f00766872
670aaa00c32bdc0276bce8019
5873902b802708e36ef6d26e9
52cc8a069aa266d4edbbb550c
0eb9bb0433cb8744e8d177df8
12bd6e84003868c203b1af2e0
4c39f35f78b1ebe87f018d584
41eb254e11a0d6616d59f0d42
694b0a48f93a492bdeb328d00
3c3b76b0bfabc7d2002aedafb
08a1ae8fbf96233aec34a3aba
27400d1740000000003b3d34b
3f86d2e28a6604b361f74c60c
0e368e2fd824938cd6d76a989
3c4ed3c2001a7d70802689434
63be96bd3f370904cd413ef0b
3bae7840cd2471fa8f4d3cc9b
3fb5e183344b76bf007bcb8c0
3f94b30a1ac24ff9ae9f763c4
35aa22ac8fc6943f48cf7de08
26c1fc82cffac753bf8761212
09471c8b598ef8b98b17c4cec
3f99743f8a04adb9ae80111f0
76680ca1928cddecbc66882cb
74f0718cbfd527b099a33a980
7498ff7aa6c8e49e7ecf75f79
738161330015db1cd81b9debb
7e3b60670c442953046c7e744
67b423acc4e45714e9685b2a2
59718158377181f89fa01ed49
21cb4b0b802159ce924fce029
3bf510613f9bc0b7d2b9e1749
2df4fb57c07180ee00095730c
003ce5beb38b217a16f917790
003508af800164b6fa84a6622
001758c06766064a62e94cd8a
002dd344f7b0e63c8c2a2a373
1792aa33233f3293ee3d40441
52def3f2003fe364e1019b643
1ea665d4096c00ee3fa9e00a9
42bf6829a0956ac6318894899
61cafc56e74b61383fa5d2d03
000000000024308f80345eee8
75d434194676fa9a7fc000003
003fdbf1802119aadb1d2af01
6ad4fda11cd21f17c76097052
00000000003ae1e9801a9d730
44b4bb744eae71a58008aca93
32979bf143db48c0c8321fc44
5572f510bf99ca41464fc4dc0
62ea97a6810b215fe15fae493
5b592bc680314ef17fc000002
255056943fb7feb82431caddb
0018e004cd70976700179dc28
002f6f96da0e97976fd8b75aa
000d8eed3e21d1ffcccaffb98
48f8488a3f9b19beb65309880
663d8c19332fab140009f0791
194ef64d492a061c2edc2ffd8
2ae105255c839e798f87eaee9
744b5fa95ffd35ee15d631d83
044deda1966eff0354a5e80a4
3fa79319e5f978caca29929f1
000b58f1147779ac7891992a2
385135bd343ccd297cb58dd7b
57836bbb0e567630ad01ee43a
79ba82b2b2b7c4fea9802865a
37159e6fe1e1c73e9f037f8fa
2ddbc76789f53552bfe000001
40000000520181d4aaa0dc7f4
000a352b23edbd6a23371c3cb
1d720a19c60ef59e1b80e82ba
49a2ed77248621fe8024006e8
62054b545d2210023fba92d52
3ca1c0048022199d1de36e1b9
3cb7fc3aae48a0df800000000
0c668aed000000005ef3d3201
0014c0e7d341a7337cb98a53b
09bcfcb3bfa750300006611cb
58becb5beb9b3461e2e583b03
4b86d9ef10ed2126802b01be3
70ddb930e50b90d2953929312
7cd442a027229770dd64178f8
56b65d7ecc5e755095d7eed99
1fe8acef00313b44b7ccce372
33738285c629eb3a5c59fe96c
781e9454feda5858cb54cbf93
471c5a7b245cadd68038bcfaa
1a53681f803adb70000f93d9c
74beb02abfa10fa370607c50b
4e0dc23b00a10ca6f18ee9843
3fbfbff8bfb8324d0425f9c50
2964c8b035c936d659806ccec
00125e20ea09f41e43ba2c03b
7a77a5a447e703f000327f84b
4d714c11b0efdf9f4e0359199
3dcaa789a19ad577d3d865694
4a9f3e475756fdf15df8bb07b
7f2613c4896bf20eee5d757b4
73a05f49999524fc1f3abd721
1ed2e64a09d333a0f0e18bfc1
5a15a751c29677b90725546d1
5d20d0d3bfb6428946c755769
2de34da4a3d9c79e068b2926c
3fe000006dab506319d908fe1
3fc00000000000005bbfcd370
22242701d5afae567513a4854
18877f6430bbfc0a42879694c
3fc000007d7304330003914d1
00177583d940635ab950b9320
002cfb9d3029d89d761c850d4
40f8622d7ffd27048036bcb2c
0012d862858a074c86237ff0c
4db1ec86bf9823fa5a8ed7ee0
16cac8cccffb3a473fc000003
38bd2f72c00000003fbe3d409
337ce47ce5b5586d9bdb49d3b
3b9145c4f9f9da9bed7fd6e73
25082b063f8cd8b92ebf8d3e0
0039318eb9eb24643e81172e3
0018e2b8efcd7ea9367316a89
0663fb04bfa5ec093fc000004
7f2c05d7bf8615de8adbb9721
00000000120b721ed52a530ba
317c8250b3cfc5242412298e1
289441c300156965d9b3d0f99
460fd6f32a3dac4bf8d0bcaf0
4d0934bbbca8fa7872ffada42
270a728e800000007f97e4622
3f9238a3e5611912feabe4c68
55df544fda4edf54af86cc03b
3720026dba312b4af13525424
48b4b3f468aca9ba003ecc973
494833781bd5e2d8d5f6cdb00
1dc84a5470c2df78c0213c4cc
3b05b4b3dc6b955e252d81abc
4cc21a9ebbea870506dc0ed82
2d9b6e519171bb001bb7644a8
3bcaba9c1feca472af18e1924
337baf890235d46f5de6b27e2
73c9a77b1909b52bd8b968364
002e0058bfae4738f755e16e2
5207610e12a032907ff1658f0
577ed933801229e9b0fea4c43
3ec367dca7fe985f188d9b613
16fb00fc2832e8b6a69315da4
23997f68ec31edda8b947fdbc
7fc000004b17d17f379176591
0cb9ff3000eb1c6ff927f4760
3d493bd4c3a15efc4c9495609
628477b6cb10f7a34a4046c01
58a0b3cde0adcef83cd0818c1
684018c967029d7427c312391
1c6353f570d2605bbfb739791
6004659e400000007692dc76a
51823e0ca8927ddc003de9fe0
05b97fe0edf1b632b0c3ea589
128eb2d55d86369cdd7cb11c3
256a9e53000f06d574f729269
38b687db901fe8b08d7f0a0e9
4000000035a82287803d5b9d4
1c8b4d0ed15e83077fc000001
1da381ca8b44d10869a688474
733c196dbc71989c68c532cc1
46fdb6c98003a25b9d80174c1
4cc0555ae2d0a48400378699b
69e56605e26941818da0490e3
25026f6ccea6414472c7fe24b
0b9e9f293fa6f28b33d3383c1
00282b03b380f760e003dc493
151249210014e65bb008172da
5c1a78843fbb183139a78ae99
53adbefb3ee58ed6fa49ad53b
51c6a608f055ddd7801a90704
001264ae338584abbfb646dd0
6d7c1132bfc000003dc77f24c
395c3eeb9b115a1bc30b2ccb0
3fc000003799ad385d71d90f4
321db23fbfab6aafc2b575c02
59ed1cef82a244c083668ca49
3fb9a583eeabbdffaf74d2b44
0bbdcfeb1cd98ed8f72f722dc
3fb1fcb4233ecf433fe000003
07ff0a8d003e085700110358a
423c6d6f6af85c4bf19b07a04
000fcba2803a5d991868b8b73
3208876516dfa9e90021d0629
38412365527d53dac18f5d8a2
659afafba9bf96db9f1dd1923
17fc12c6210a9bd6e0650d038
218bdd0f80018745bfc000003
3584e5a6f4722578fb59af9d8
400000006c71d7aaf76f614b0
2855e470bfa9333d6e9b915b0
22b703aed33339998021c097b
20278b308984c206f2b0aed51
15234b1fcc2f4601ff0c6be49
07254c5619804152d6619c17b
46092118dfab5a5dca3d95b93
78ba477a23bed7ed6bb160373
1c9aaa1a0b6e72aabfb6911eb
21d9faccbf892ff82cfc397a3
5dffb095001260a83f8771068
7ca249d10e93b5c7dda82dd30
3f936a84ff622a4b0a26a9c42
40000000043b1fb600048f509
6e4c3e0545631564953c95802
22cfbf9f670df2dd18c64276b
748445a1b42ac2fe92ec17e62
49b598768f5519e58687bdbba
705269b992558c6c2f5384c1b
606ad41113a9402d7040701c9
3f882ad6bf962cfd80011e630
23ba77cb7642d3f3d592bd432
45ac332c269afb03b156521da
002bab8dfa9f81f20b21d70fc
000ab2d055faeaa184d4aca0b
04b44765980c94786b5523cd1
58116feac3f9f7c5003a32842
1c67f93154df11df8cdbd255c
4ea6c5c41c58b56c3fe000001
1588373f02ea15ebf2cd9a6a3
460cb4e60001950baabf8db4c
64ccf6ac2bf6ee7e3fe000000
3236cc281de391bd808c667b3
0681c2687fc000005c0f506e0
2a1cdfb941ddcc39871aae6b4
1686f9edb855696d6a3574bba
38a87df0df5f7b587f27265db
619cc786b7a5effb177ef4c2c
5c60a6af499aa8a52fdf4e6d2
5dfd41b2bfa680b0426412bac
30b62e1f356ac16af033f612a
071025b04958917d651055054
0fe08fa8764d17d81bb354230
6b694274001e108a8ada3e34a
38b3a6b940f71243bfb7980aa
3eace8321acc8e20d6bc94653
0e3f74f11ee8bbe12fd63489a
7ad71d713fe8b0f4da155e863
7cad981b6193f2742dbc8ed59
149c9b187fe2be9927e1098a4
1bc2aeed78c2f1397110f4d23
1b9822a743ef48b8cb1b40b18
4afe60743fb4b446ab542bf50
000561a6623f8585deb102ffc
157e35a9bfb980223fb02ead2
773e2860764d07048003e5f41
40000000355d12c200047e172
428b42ef00273f85fd4c95d01
000000003ba874e8775957414
1b41478c84ce91c180070032a
7fc000007b157755ffc000004
3f192892003043f010fe3edf9
52fb1b87800000001698a20ab
3f731dbd300968f3135c2139a
50d821336575ee5c0026f77ca
002928d2585cf2071850c84e2
6920c8fcd51b46a46011603da
41dd974631faa6a5102f33fe0
0029acd78397c0958b6e2f1c1
3f8fc8fd99109a1cd8ea1079b
244f34489968cd59bfa62ead2
40000000002b7e09570b1f459
7f9804a747871267f7557875a
709aab7142d081aa45b5e294b
62916e153ac6623aba185f4b1
0919e6be0001aec5ab5b24ab4
6554dad6e4f3e00880256d5b4
482ea486904fae9482ba37b39
1eaec2271ac3c4f32903e7b93
73d06a74099e08f5c447e7392
5f680183001f1e450020a7403
001efc01bf981e85800130c50
516cd2a1001553e8f02df4fac
002f45060ee0294e3212f22f3
2448743e5d8c0a8d9ceb0b7dc
31d17a69a03bc3ef3e5a44901
7eb5b18314e1e6bbdb952e0c9
5a6af76b80000000000ebf4fa
000094c68c33c0e59117554f2
3fbb59571fd09ec53e1ee561a
3f8539173fe00000321b250b9
0ee9e57aa1371fa6f936da22b
49be315bc000000019a7e196c
2f408a3b440d70dc9d3c9846a
3f9e2845179dfcbd800000004
3fa96f0798bf44b6967595e1a
1fca3242e80323e17fc000001
3f99f3c8f3cddf43d2d578380
175e797ccc72417fe0e02c284
3c140f645bb3667bcb1979692
588c749b801775ae05fa0efb4
003ec2d153b514cf4d8fbf240
3fe000005ceb23df8031e33f2
3f79ff051df5748c87caf15a3
38f2f803d5e9641254a8d9f23
4d1fe693d16c89da9852b8788
153da32438503b5c73f0c98d2
7e5a37fbcf7718c26fd2294bb
5910ce2f14317f9dffc000004
624d2308660642d2c6afae724
5e7bfaf4089e9b60be98d0cd9
462d6ab8c09484b28d5cb5a38
13ce645adeb584e780195faca
67f39be671883488bc38aa8c4
6f43269357d3dff50eeac9d60
003224ea6717a70c800000003
3fb5cfd29d060e4d803af8b52
5477b345f99790a40c211a500
786137ea05e0a4dba6e29ecb8
0019948400c5585f0025f23dc
719ac3ed3fbd6207fa96b3430
3fa425b5001a092e8e2c6aed8
2952437f350f421d827e36398
0e3e12f79482557c0015f1540
0280e0f4800f03f6a7d940f98
389aad9f6fa82578ef2386db1
387f596cb1519f2cfc966ef8a
07dfc424af130a6c7deebd224
4397e9ef7c5d64c72b04e02ca
0d7b76ef7fcfa6bc8f6d27d1b
7800848553f060393577e89c2
09590066ffc00000001ff48a1
1078c5b1f42a858c3fbb75e29
3b8531c590b8616ccce1a41e1
38e75448ef24408c588ae8091
219b3b1fc92a2a6eb8584a8fc
0d546ad3800b87cd8012cc2c3
56e5035140000000411e062a4
0571afaceb2d1c56a6cd8eca9
0033352f400000006c5929512
003f365e3f81f9adfff64cb79
00000000003cd8f39ff4536d0
3fae3f865a73fa7af1fd5b4ac
000257cb801c0b393af4825a4
2e262eff6f054a5abd7faa250
590b11e2ae4420045213c6652
36f2d8970039182d2a2bc5f82
002d79f25e55cdc60136a374b
3fc00000410f236dddc3284ca
10e499248032dfc9fe308964a
172d6606297b6fb50fef6210c
13039d4d9a2c48b3b31cf2a4c
11aa8f8252bae871545d726d3
4c60fadd002b7199f0dfa0dd3
6125534263027ee2417d97aea
7b2558152626442d838d7cce4
4000000053cb35adbf8dd23a1
7c3bb5554479b8fc470b76c73
005722e59ccdd6a50025d5241
55984a928038424f086670dc8
3fc0000002b415b88015ca492
4c7cb69ff2cc703dcbf2de338
001d57c9bed48cadcce798e11
335f0aa2bc78c095c3a3817a0
3a6084b490184ae7e24e26138
319887bef72663a0eeab47bc0
55fdc74df9a1a2d15e148ad73
360706c8a743052358f6dbfa3
7fc000003fb27ccb8039a12eb
3fac68e4dfe20e8c3415ed7e8
51ed46772d979d2c2e1061433
3b9fd19a9ec255af764561cb0
2cdb5b7abfb2d6bfbf79f0001
2affdd2eb1416331f0bccdb43
003b71587f2b8c198c4a7e4d3
000c7899bf8dbf69f8d4adcaa
10bc0a192af8ab4eb6f2adadb
15d6c0bf6c7f8ca2bbebe9133
0036d6e9085bc5197460967e8
5a75b17fbfa5903d0029a8894
194c0cb23cec56eaa36c91ccc
46cc419a701be126bfc000004
2ef6128b1d4795bed9e1d0731
65a16b35802c99a9f55b0f473
619cf467dcc981cf60bb4dc9c
47d9cf2f6069f6d0800a45efa
3af1dbece62629c3392e39f6a
314de9168dd29479d3b1008cb
0016f9441822137f802394ec0
2580cc2d36dc36e6001d28869
464fc270ce466509803ef15d8
00229c838637cc190021c2a41
001cd1ec72d2abfdf26c22170
58ea5851257969e73fc000004
0011a4d88095090e52c08cf23
423ee98d802d37ce7aac5c721
7e22a2d3ec7d2da000e5cced4
357aaee7f57d6ae60987d0259
7f4c9b4035d0d3b1d5de5c5f1
3fa681cdf9bba7d40dbb7ed20
5477e9c432ccad4932118fc21
001527d7ae16573a5407a85fc
3670dda92e1adcf749ac6b908
174c92601ec44c48f2b19fea0
0000000052dce5fabfb49cc58
4e4061fcf5263dbdbfe000002
5b9defad3fb849d4800000001
3fa5ca83128ed4b7c8624571b
5c240943bfaee05f2dd63ba29
71c6225f8956713aa321ff9ec
4173637645bfdaafb8173a053
33b6dbe3fb01c7583f89bdad2
5907e5b957db7113aa5531a5b
2e93f05d305d27575e20f9e43
6d9401d17a35e861c35daeb7b
0018292b3fb3d714af8105c03
0035baa084345ff487a0e2728
7a02b8d8bfc000004d2f96b51
003d9c0240000000001863de0
6c98ddd8307d162800376eaac
238a55f68453d47abf8974399
002e2f616f435017d4f2dcbbc
3f82a5293385fae72d553f94b
3fc0000053aebf6b5a5448238
003a322e8c3d89d9cd2202062
0cdd2a0b2072a996fbf563071
312346858ebe10634e38611c8
1abbad72265f9992085798a94
41f0379a5d6212db97af3849b
77694e0accb02a29767f72799
159294a52b0e62bfb3f835a12
79e5942e9da36e8777438fd11
2aa548e8003cc53c237ae5410
2114f9bd0a9742809998c3b69
7d9a73afe9a5786c9f736639b
78494a0f5639594d1e0f37502
75c7865ae250c1203de3e764a
17dd902f26f4c8737259f1fa9
5467776a403b797d3fe000004
3fb9d01cbf813a8dbfa023e60
0e7c929b6c75820d00de52f6a
38559de31749bc81c83ac4b44
6b61d8e6800ea18ae65d31f99
0006c68f52d58c57800d1b593
68db4568e6eda0129050f4fcc
37f77fed801e785015b8ec4f0
6f8342627663ea267fc000004
7d9a3c86801844403fe000004
16e7357b8949941b5f1275bd2
5013ccd2800bfbd31e02334a9
063e31cf80322c92bfe000004
5594d5c3d6814b51b5202a0bb
00378f6e5832eb742580a05e1
163545f8bfb69127566d94262
4e0bc4e2d2c620331c96a8e94
294a75f6281ef1b100c8f6b41
5e7a4e9a31e1e8f169d0229d1
1e47c35980021336574ba9068
558b6076c13252bb001edb653
505177c180203664c9f3715c8
612535dfc45f79d223fb107a9
2adc76b38038355a70bd0a2c9
000f1a2b8c172059c00000003
34e4469cce95ea21405f3a922
44659df32ad068bcb61d246a1
06334765563f803e62d048224
7171b89d520d8c3e529111854
6350d5b7a037ce3db53415a54
4b13b4c01127add729897fba2
132b8d49c00000002db5878b1
00205fbdb68ae2d28000a6290
7fade0774605bbadae11919d1
534dc7dafba6d2f80007c9f11
3a7d2038000d5072b8c1083a1
4000000061a7c501780dcde61
003d00a283fb5b41d8d8490f1
3fe0000039258e43b1f7d8748
6a4f264c4606b2b6d4018f882
4ec2663f6759b946bfa37c67c
477b4712800603dfc00000000
0a45587c7e6118c7800000000
5113a595a6ca99f238285058a
794cbf593976d2060495946c8
1fd06276c6b7a86f8688f53ab
0c52a0021d5195495ade2e760
7939403d18d9ba9732797b3f4
759dc9015440e787dd1489064
2add3b715479e06661aaa53b4
4a81b0e08a80d4a2770f8dfb1
47a27b70801e5e41920bf41aa
4c6e8bfe47e181263fb44d7e4
00170c1af2c873b580213ca3c
000365143abbd70c06ed9b8ec
02b888c37fc0000035738cc09
4ee415d7f02d53e098ceb2682
3fc000003fa2b2593cff119c1
64ad9a9b3f9109dd802607b38
7fc000001b1e499f99a67a538
4c4a95197ea0f1524efbf61eb
33d004378024f9371a5c2b2d3
54c408f3042fce18bf35a9e54
00320870fef7da993f4476172
5bb5bb8d713db92423faeabcb
003e6fe70e973bfca5f966d78
62831352955b6792043ed851b
5fb7794e4dc86ffde40cb1b24
3f13a7db08ba80358c5259663
6dcf767439caf82795f60e419
1092cb0d003c827479ea5a6b1
0029631566dd9886e847407cc
755286d473e846f429eeab453
6d2836497252700a727160cc0
002e08a7f8bb9bf91a050c9d4
3c616a47f5b1479379e2de67c
434cb59c7c61afdb800684910
001ff9126e9a7d77f61b9da74
65981b91bf813a72e3e63e3fb
2480e9967bcce76964faa9231
6858a58924c5d49494d8407b8
55f73cd070f521382b4c38a99
17d2cada606f466af68e445b9
5ee36323adca6af02a16f2ed1
0f8eb4fa8037417bbbd2964ec
67aadebf40466153be9b31540
202914313efa144ab20ac1ec8
071c910643dfeb8cdf281a0c8
0032edf31a65eaf8ed15b6d2b
0024feaace03b6183fa6cede4
26b1f879f1e55b87ba0a7bf38
0025611307a14182d0bae0c7b
30bd77ad1cd73b2c84e5cfffb
12bb94443fe000000b4d63cb4
56d69f124b9bf926659d26a64
41561b77ca4e3b3f28eee62b4
3fe0000054295f44000f79bf0
15141f35110418f67167d5081
32a6380f800000002d15a7a38
50dfc52298d4c3aa2db59b30c
04c016627bcbf547e8c56e710
0033c122709a321d04542a0f2
003147aa3f8ffa28abafd93ec
79d282975c7cc11faee35ab60
7e50dece13a3535d734178a32
793ce46493ee62bbbfb2689ab
0002f7d2323d2b1d6e39a3613
221ddb54b4587d5418010c0db
3f8049cd6a04ef7123e49a3a3
0004d0d8fcbbfa6d21756217a
3fc000007b1dc3a9204effeaa
0000000006924af6bfe000003
3145014e9bbc066a27d9e2c40
7843630b0486178c9af416832
27ba76f2e99dfb7d8003c2f88
1dc4cee0d4268f59e645c5780
2c06de76801cdd7f1c13c3ab4
71e3b4da00000bfb9554b4991
5038cf35036f4193bd99bbfd0
0a20cc6610d1e819c10fde1f3
34344c86b47699b5bfa53acc0
4deedb60c0b3a71c366f75a73
29e7c5e36a5dbd3d2f464339a
3fbd33ca77e7f1ba03370d6c3
3f9493bc6fb68dd253962bb39
528ad643d4d8264e8033fd214
527d7d2c000000006b0c1cfc8
36fa52760c722322c00000004
0037a2ab37251a1896567800a
002f5b5ad35685db16f425f74
41488760220ea0b9bfba1b562
0021ead426ebba2eda3952220
54a925fb71bad6b2bfa41598b
225ec79b80273f3d4b8e2537b
0014b1005d622900d2796e62c
1ebb4239784ed8cfdcc6b9851
0eee157cbf9e2902f00ca2561
3fe0000064b93eeb805ef5dc1
6897a2954000000031abbf128
002e86cb66425d13bf88bd0dc
3c5de464f8543725b8a8fd4ca
595864f48411e6c89f046ad6a
4a5b7becee3f506715d6d6182
40e8e3cb55865b65a55b21638
5d3057a9bfc000005b1aada32
77f50ea99d2235dd00082ba28
26f251fb833daa6df48ec150a
00215f5c4579549b000190f5b
000000007dddd91c38c18a5aa
00200dac65c126d22da69cf3b
2caa7f8734ec23753511d9890
098e1b7079ee028e3f9ed50b4
0cd61b0f9b607ed76b0bf6cdb
67733e707e1da40e8771c0760
3be7af42801efee8d2ebb142b
1886e98693964eca5597ffd01
217d2cebfb899266d2b7797d3
3f85d870a337de1abf9fbbd6b
063558b4b84c455af3b337d73
3f946a528ba3b8f83faa9ab5c
1f46b6cbc00000000e2026cea
1c1c9b9b6e5ee60943664bbe0
0010f0894000000018e11b5b3
3faed386d27ee7057d1299834
490207f8e9cba7b3a923040d2
3591933f3f93df44ec8e3ad64
1c3751578e7bd1a4961d9a400
3f1bc6963125fbc43f9e98c8b
3fb0f514e178081b6e9313694
33f174dd00112abba005f724c
4862fb0d8d5e3cef590582a79
41705c32372f8ff43fc000001
64a704ede38e7d1523bce253c
02adcec280307c5518be2983c
00344576fab99f90afa8e2324
60851bf77b08eb500334571a9
2cb853625a01f8eb002825531
224a4bd4b0a825440012f0429
16860cd03fcda9feea8fedd50
4edfdfc6062f27234179b3f5c
741c2dc3800ba1a440b818e84
4b110e208629280b0039d1a1b
3fc00000361611bed493525c3
7fc000007fc000001db392c5a
1612c24a4722993f604d7f950
1b755d0189924e147554df2d4
1f2ce839efddb0840033497a8
13ff12697fc00000698f86919
36784ce0854565bce1649fb64
6d80d571f19216a320abcb2d1
00000000251db70c4b2daa4f3
71965bd0e379bb7f84e3e7b63
73fc528fbc9eed4d9033fdbc9
066e673ea47a569d164a669d0
3fa59f6b5b6157557fc000003
2ddbefec80024e8c6f55ae1e2
06199894deecaa7213251ef81
00089ca4ac6c5bf69f8985744
64a54249bfc00000263d08a22
28e2987c9dc463acd42798708
000000003aa925ad00245163b
1c58dccfe59a631d5aee35a03
0017424b9f9add323fe000000
21d26b4480570be20c7c7b3d2
3f1b3c5b99ff308203891d37c
222bc39208f1be098c5f8bd0c
72131204b81618fb800ea6afc
0000aeb79f473d6f8011b38ec
00104d6c33db03b32d30dc3ec
7047f49de42c247f3784890ba
7596ea85b06278c5ea663c869
00313d463fc000003fb6701a8
3fe00000400000003d3c71093
4d82394600212777fa29e77e9
00353173bf99c9c1f9d0931d9
106b66cdbfe000005850f36e1
19955f83e1fb83431a59ae4ec
24081ccec79fcead800c67da8
5fef719ebfc0000000109022b
769762abc2c462ba800dcec38
65763ef8bf8f9f8325d2ce029
774ac1aee870355b977e20e19
7164b9e5161132ed809ea5b63
245cc8da1465d36bf936bf71a
55aba16634f589e79e83ed442
153a7e498852183bbbab1b180
667bea0e02b2bc4fbfbd7152b
396bedea0031f7f1aea1f95fa
1354216c3fb8bbf7a5b366138
0d74ab031ea046c805a943bb1
7eb4d82ffb0df53d7524850c1
364a1b08a23152b6ed45b4131
4f2b9848e410fa338869c6dc2
00051dfc2e391548921bc78e9
3236b6a9b07682637e75f6bcb
32da82cfb1ecdfe1a0fbe735a
3fabaa4318eb70f221f372bc8
0015aa31655cbed5689eb3e4c
244f0acbc0a00ec91f8b17c39
18ad75d7f05da24abf84ef329
79bdaa54b0c2c61f3f9990fc8
155ea21df2ffbfd77fb37a7bb
58ebb1a9d8e441fe2cce8d1cc
3ba4f4396819e5d6c00000002
7a12eb894fb655fbc0c44401a
0013a7f991d4344e282fd5d91
78be166b2b5ffc91002726ca2
62656531884d1a7565f003cc0
02ea3b1dd808390f6e0877f84
46c7bead1dfbc562f470be4ea
7fc000006f88ed755e56f24a9
4750260adbb6134f3165bd151
29be5b25a6d0440e773a26e2a
3f03add54f756487540b77b89
1034047c3e2ad4b90c953c831
475f8342845861f7a90c27029
32a0379c9f67c70fe52512334
011c4539bbb05810cd09fe749
6565de1896bbf33b800000001
77ef89a0872c2cdd15eb55229
3fe000007a7522cf1b7c21bc2
25aa17ef003abc602eb67c1fa
7e68895c0077e5828523afc39
003cf9f6d094b384c79e232e4
60f7d36e0001e1de3fe000003
7f4e80108007458aea3df4963
0b1c208e000d50171b693d958
0011f89400096e2f7d3dbeb6a
659629336c228f5100317eebc
4f886d3aab9d061300276cf18
239e02eee41bc1af8035b49fc
3f91a28650d080a0a335e94b2
56b5246c19d299cb853fad458
299d0bc566a8c512002d7d8a8
37fe7a3470fe683fd4d4b9404
4a1629bc8ae9c2c83fb4cb7a8
2780506d70b004555b6efc0e0
305f56e03d2392405148d7bc3
164d42b3f6a234f0cfb531a1c
0e62c2ad38fe39773e2e29311
3f9629dded7bfd7200274590b
343249a19b0b61221006801ca
14e7bbb15feefaac1ecb0b3ab
7380357ff37bd7a1fd19b5363
4c19cfae3f9d2527f6b992429
7416ba76abed9d12e7ea30f61
08c77f563aad7d03e1737c560
4908dfdc4784d3831c72e04b9
3080074d38df2df1f0d7166bc
38b2cdfa612565525cf2bd6a3
71360a11de7d5b659b9dfe994
6e5d629974d90910d127dd238
00012e3b5dcb4b6ffad76b9a3
7fc0000068bd33cc73aec2a39
76e446d2b18ef36cf96ddac88
7f3cae0e70bdc52bd86ee303c
19e696b301a155cc324f74133
256f595cbdbcfb058d2927e50
00267b405ba9c20530a3a909b
000a4113ff35850a7ae5dfd08
6a5fc394ffc0000074576a99c
031f39f3a9c2130fbd318d060
5dde524bffdfd1efc0ce3ecdb
780f9745803c9e3201ed4f2dc
4f7ee1407bbdc9acffc000001
5437e7bab1963ebc3fc000003
0000000073171a5f84cae5ef2
3975debd5f3c15c5da30cd830
3f91adab366abd0a42ac00eb4
456ead3029330820080611a6b
544acf6d8d5966c52d1ad604b
28da5a115272ba118a83ad1d4
4ed0ed5d6094144dbf9761d20
47ef326939202dc143ee05d4a
03f9770a3f808e5286c387cf0
44c7733d5c0c92717ba22fbf2
56926449307c1407ac2f86171
001797fe1cba774daa3c253fc
0c607ff20032a6b21542741b3
11be7f9f3c64b0340004c1098
21929e2026c3aa50800ab61ab
4a58f4c8f52cc4853e0d4600a
0df67dabe2d812c73fe000000
0011d41ac13f2890af10f3a6c
483adf456145987aa1163eed2
0008a5a67c92de1580020ab72
09ac9e18d69210ed84bccde33
0008e355e6d1d657def157fe2
4d2a96fd5a5b057ae00d61512
1218d4c004a6bb54803cf3c54
3f95c4f7059a24a9e768b8e32
6d0ed261cf10874907d8e4311
2371e5e9c2a8607bfbe1a4492
43566a365b4456dc24668fee0
5c55ea4a3a0b4af8c48cd5412
3fa984b357d1b732f9a9e05f4
3fbdc34acc7510b006ceda719
36e5412fd46472edec6351771
1e3e84d62fcbd15db91466c81
3fb2c46a00142d2a3fa1a05ea
000e2260d7292ea38006fdc82
4000000034a674975426ad1c3
25f318dfbcc5bbd6b54a2d119
6688eb79c18f287a53315f201
624ef9e44823bd573fbbececb
5a0baa15296acd0e3cb1b573c
20367379c0a9590c603aee12a
46d39d2578b6b912cf28a5bca
13e27be9f36d817fba5650cc3
2e251680b38718a8b8a04cb9c
3f893061301e16ea2bfd8ade8
2077f342b1cf975abd2d89861
2525264dbfc000006e8f11ea1
4e24b07efd6ff5cc5a6d10a33
3fe000003f82e2c4718abed43
475c8b868dcf9161e47c2fd81
41e890ea2a731543049bb6848
2c25c1da55234c2f803e15ad8
44550c201013f5a8d886c46e3
10b28508db35c9ae8a6b4b74a
795a1ecd708de1a6800022d0b
352399990035abfbea8e156bc
600c87568034ff06ffc000002
1f1c6be2aac206b94cdd01dec
3856bad397c8ce5a2000dde12
3f9aca896e992ecde4f4d1102
3fe000005b9d795ec38da7a40
77f923be80003faff0638d46a
54d0e3955c638612bf961017c
237f4dc081c23679718ea05c0
451c720a7308f0698013c3ee4
78bf7bf11857df35a396f1f78
619047c6845db177001aa9ee3
4444fd94b0b75d6e339d60189
7bad30e9203e74f653c80c25b
01e543d8988094ca4211c7c0c
34bdf4b428e745403f919e4da
3fac735b0c78ed6039da80f91
3a80abbe1f7025ea68dedf869
000000002082ff1fbfaf486e3
63ae27f3964bdbfbd7d3b2172
3fbd9e45003d13ff000000001
13d0a7030007c27a003352d62
7fc00000491d8ceca7ed1aff1
382f82bafc7614a67943ed85b
22ee2713dd76570df47df004c
57f54173c6f8c8f85b5810729
15b9bb94bcb17ea672f0bbdb4
226a3c554b17a09200301dc71
1ee5d505bfa306be80092140b
6d01a5e5b9da98e8e6b82ddbc
5352a1284c5ce86356b62c1b2
79b9d04d802e2444ccbacc1d8
7d0fc15b01547b04cf951ec94
3f939d193d851805c3d6492c9
3fe000002ff7f0ed570f5258a
71496a5152808d4cf87c9b7fc
621c36dffafd6d7a400000000
053e8028b4985bd2eb4237963
406e469f51d8f68fe61f38e0c
13a27a50bf8f0560b4484d814
50cd686f8020166e55d446284
6fdc2d565cb1114fe6afd68ab
675a170d89977c03e94840c52
15d0dcfd53161ed5d53fef319
1528106446b2fd52681464ca2
3e4b68d46ceb2e518d7190f18
1dfd19ed8008173e2751e934a
0491177efd57ea85480ba0510
4c5c38d7a2bff9b2bfe000003
73122bfebf9efeeacc7534c11
724bd64353e541a1002709298
7619318f7f580f1b989e7542b
2fe41f44bf9bec545be2f2808
360be421c58d5a4f9eb39335b
3e6a62a346ea292413fbcf103
3fe000004158fe3b2aef40ce2
7aebb7297fe7dfee9cf03701a
3fc00000002dadb8620792332
5b77f8c50026c01082fcc71a8
159f9485240f2711af399b901
1f89004430b4ec692eeb4c3c8
1f946a79dab34a96d77b46ca8
604de3709470935541ae9e058
1bfd2bbd7f7fc96cf5fbdcb40
5d11be14bdc9ce122738eff99
1b1c2c8f3fd11bd6872581531
002014d991226fec3fae10d62
001c86573da7385c58e55651b
608aa311bfe0000079061cd32
2c24f56e80363c8cbf9557702
30c376ee4c72fedbb45df92c8
003a9d5e94297e75ed34f3a80
14a571dd7f21008f75cdd6e89
79e4d184bf8b21fd49842c819
460f62625eb0a27f800000001
6915f7102a5c1536d4f9c7b38
5260366bf0dc679c2f59b91cb
2c911abe628e82084c4ae8c52
2e883b7f31c21d7623d25223b
0d9a2b122348d3929f16ba019
00eda43d801e81bcd2a393d73
26d01576df8b3bbc802573ee9
3f59930a002892bd001c99718
3f9d7b5242be3a02f32884274
19d35a7c1a2054653de5f3d09
12fc0f5bd37ffd39ffc000002
6fb8bee233125c1184bc549c2
47b6affd9634098bfb33357ec
003be11e7e55e4b9c8c688a88
7634e0a2f5bd1201e253c1dcb
7fc000006afdff9091ea15100
3dbcdfd87fd2882699c19452b
5b5858c75a0d0fe14fd784050
3fad1a457407ab1051d75552b
1281f87724c5abe3f4976617a
32f022100fa40a8abbf6f85a8
551dc682720fbaf1009365c23
4e89cc5e0da42ceccfbb478c0
28965eb3000000003faf77a03
030b39aaa041cfdc400000000
2a892e6798738f900021d81c2
3fa73cc10df6d7125191fd06c
3baf3e81ffd0595149546cdc4
19169badd23c8d4bc00000001
444ccd668b85e9c100071ed22
3881048f6204d510f5b8899f3
3fc0000040ed6ded9d00fb55a
400000006113d302972a8ee38
5c1326713f9a5dee35e3f419b
1a7f6bab47027309ebed2575b
1ade0dde371c43e68026353dc
284b35e90000192ef23155df8
32998b0c5238e54f16c36ee23
638d5c48e59892f8c825deb50
25e105899c64066c0002cc219
70807b09800000003fa2d7fa2
5c13db398ac5b44e653d70b18
764751c01d193b0f6ea011431
76fb569d50a2991a64b0570db
0d5c1058124a8a88bfe000003
6b310758bf810d7eec1efa492
5417ba40d5ac231fbfe80a1f1
37b325278a2749671030d3149
546a9d3036911c7f8f27bc0e0
002dc1bbfc81121748d55aa81
4fdbf09e0d999c9b794baeb1b
7648071c28eee19321c4375ba
0023ca6afb6bcd75cdddaa1ea
3808769263e4c4539a1ffba0b
51d62a18400000006caac00e2
434ebb7cbd97243f80239b338
000f202ddae14964bf94f71d2
7fe35b64003b988700267d8e2
7ee9e450e6242bcf00208fa6c
2bf9881621b8f2509316de41a
60d9ddc9416a43ab4178f9209
3f880b1180ab457da63a26662
615407014898bd30bfb7053f0
0eab7b8622b602e9e5195b7d2
0024bc2a71b0dd6412e16ebd1
68e36623d1bdf2a6e967ae18b
5d7826ce0015299246e7b0e1a
0000000055f86a99bfbec7dc3
3fe0000048852931801f0fdc0
0009e523c0000000003ae96a1
144bda4a5e29a9ba4007aaf1c
3d94b0c21ec5c76991986fdda
2253ffa7721dfa43cf69b9a68
184b6e9dea70da70bfe000004
72d1bb405268c17930c790674
15b5ba020aea1aa029aa0cf04
41e3b13180002c1d3b8a58138
3fac8d6f3f86cebcb24997edb
694307e5802a55b0005d388d9
53d3a38690d15cedc16a748f2
304caaf4e1960e72800725e31
000000001f31c663bfc000001
2b211aa7f408f2a84abfc03b0
0013f3bd08f79ac6ed326d198
21bee6041d1de16bbb2317d03
6775072c16cab9255ec12480c
16e6c9b9a4a3ae8941eabb908
2bf3b16f19588aee4c80a0603
2e27740edaa7cd9eecc643753
16489ecf4793382809e75de4b
3cf700b30ece07cf251d19153
6c27bc19c18dfce44194770b3
09433153bfc00000400000004
1f90d75180000000515aa3653
0a5c14b061bae97020f2bbd0c
3d33f85eb6f0239fe852b9873
3668e8f9082a2502e4f962e32
3e6ed983e39018c50003b5814
2d9d9f52c4383fde27ede05db
40615ce9b1d3af8776d8185d2
699e1ee0ffc0000029905a21a
4b6c8f133093ff983fe000000
2569ea14911387f3bfbe836fa
2f099c603fb81ff7748fa98c0
7d39a6dbb583dc84e9eb936ba
1f6e91dbc00000007f8f33c50
4b3f273c13bfb4601dc913e98
6c26f881089e74e7e7c67c553
4a04fac5848592cd041ebe8e2
0005efc5bf1852c35451aaa81
002ee4321eea1e536a69841ec
0665ead03fb492e6003aa21f1
6e61dd82be8f983b9e12506d8
4b9dca2002f2f2b79945a26c3
0448e1af000cc9e880085c00b
002194fa91a689142c1de3ffa
015b4174fecff11698cdfaf83
37cc91dd2f385af1000000002
2d33d741bfe00000566f43660
4a28476ab63936be27f7cb301
138ad04b800179d8df9badc49
5eb830f19fc83f1246c8d2790
0d03194b3fb1fca85dd01ffd9
002f1ee0633728bbf622bb701
3029a92e4517914c1749c8d42
34a41ea43b7219af2c9bde9e8
3fc000003b9a642148ec070a1
12b5eb2061ed0b2dad320b398
79034138db19513643902d3f4
5408567d002f6937c8bf54bd0
3f8a4cec5699f02202d294449
6722778090d3f2276cbbbd3f1
6a705e08f05997088e2ef58a3
6a477dbb190204ac9b14dccb8
63f61a8812652353454de8171
1a377540ef38d4d37a98cb8a2
3b1ac4827b137c308037610f1
465d9444ce3aa55c8cee15ed0
7fc00000256a6cb801a07a2f9
7405cc1d9743bce1599484483
001e013ed0adbe9fec6bce782
17eafba4189e5f5ace4e31d69
3fe0000015758dc84f2805583
192ec5f7bfe000000785b43b0
7fc000002ec263b27e9cb5b84
23728214bf46e965c2e774190
001d3984eea5efe2083f9695a
789327bf3a313b1c82f8d04a3
62f0f6b504731113c00000004
476e2620fe2bd101803e2978a
4000000030c83396b94ace1e0
456eab08d7f4d274003e973ea
07c40a23bfa50b090622633b0
253e50a821aa4be0802e5ab1c
136967e6bf868bfff120eee8b
00206fbd677ae1885997887ab
09c68fce0004346ca41ccd204
3a232a71b7f9ec7a285c6f199
1e7fa7478dea6af2502f7e8ac
003e4918e2cd5109b83eb4793
3f7d471b3fc00000708645ea8
3fb39a1a8cb52f71963591ae1
00194136146dc720bf8fa19cb
0ce14452f7cafc473cf4108b9
7fc000002f48d2a3bf8e3dee4
3f930ab18c9d1146449376eba
5c9ba8a2c52e9381000000003
7aaacb7288346e0f846ee8bf2
0c631241937f9ff76cbb5430c
003e3922d5861cd70381859ca
634533a7bfb5480a9d7c7eab8
4b23145e000e850b80266c932
000000006d7833c80aa40f3b9
40fcdefb74dd6632c68ac1b41
446d724473d733072a90c188b
46b5e1ddc289a93c8914755a4
1ddab801bf83de06b804501dc
672e116e872f2954ad3599621
70f73c20800d09e71b8ef337c
45860286a5c33d96667acb542
6ca4a6a788c7c6523fabe440c
529b30846db96279e3671e499
51711438438b2f60d49f17a7b
16dc23867bceb9dbbb3a769db
4236fa8439b62ebd9f5b36d30
2a90f92444f1c70b1409b99b4
25e8462eba1cde60ff42a2984
52fee61c80dc70831fb11a930
56702347b13e57e5ffb1316dc
3fbd2bfd45b3a5480254d2244
09721c0fcf4690f122f099ec2
5a3cbbfa3f0b3f4cc348cc2d0
1b915465003d95aac00000000
7170bfb5d55124400beca6c00
160e4dc7136083624836584a1
5e267133b4017e35dfa178742
706f8628000ab9f2619ac6028
391d84817811c931188613a2b
68f73d359cb8dc29802c53bb0
6b525d49adb4716a8021d4fc2
0022c034424967a7a6601fba4
00100d2d3e138811088ea0d72
138fc7f82fcf5b4a0017b34e9
3dde85f2299e2d8200242c7b4
00355446ffd934ce3dce312c1
24e8687735c139e48722dab49
0470845920224e1489a191ac3
1a7026c62b0c1881e468abe51
00303676543fc660cd82bd6bb
7d565a05c000000053a98ef8a
3befa03cc5fad8069a3c4c194
670b8c00cae2e99600142b7a8
5a20abb780368dd2eabe671ec
21eb393dba7f490155a0077f3
02cd527ca07398eabb6e314b3
0021373ffc8d0b9c06cc77673
0e98528b802a4d4c15d5a8511
22d6e14c3189e35c003d5dfc2
4af915aa3676925ae96ead771
3f86b8ac23bda4c4a194edd59
191c641abfe000000609fd26b
3307c417174ad55989b6fbb29
0008018ad1a978890e0a0d24a
2f660f9bbdb2089170c1ed9e4
03c47dc8cae23fde6fe525c74
00034dc089941148800116e3a
22997fcba21aae6cd7956f4a8
40e0f890bf817e013fe000001
0013b302adf8ddc43f82dba09
2f640c9b3f98bb327c558e3d2
5567c3157ebe1530ee73a6d93
71706ec1b06da72b3fe000001
07c8b9b16092fd14af322514b
000f2356165fc367fb31c0d02
000000003dd2f3363b9df3442
3fa8e509801fd6280036efa11
7c648e4d04672449bfc000002
3494054fbfb1406dabf3cdc84
0d80105a9a83beb50033a7bdc
713ead750026a10433ae69c40
1d2c18bad12944a4a53e9ffbc
3a89259c8b3812df8e3f613e1
3718a0de3cdb5a4a09282790c
3de33298c0d426fb0b81f421b
62b86a36bfafb6047cfd5c694
3f8b562a5fe66bbb42565d3f2
3fc000000a6a83d506a2ae820
3f9138768010f85e9aa0aacf3
734108820000000069fcdefe1
6f27ed692c507c047fc000002
0008841cf5312b47300424b49
7d5ff5d1a869e7c0705bba58c
75584382ede6e59211b46cbfc
7bdb5cffe583af03baabd26e1
4a16f42e3445c1639796e2f89
222c76b968e7da302387020bc
3fa65b038035f74bd21caef2b
5f7e86d7c43d6175a3f2a7489
7d46c3993836ce42fc8a3f148
5020fcc36c11d787e79eb87c4
0020e826ee8d4a7941c866558
3fe00000699c2665ce1685393
2d45aa06cd940a81b9ce90b53
0a7e3a3b800e4601762540d6c
0af40cab354412f64ab3915c9
727525ad1210db6f46042804b
43be16853da56525ae3f16100
3fb99271bfe000000a2965ef9
3fb78c444fc2cdc296738763c
44a7bae7000cf12f7d1a7c538
1c4ac8c438824e045e916a9eb
7c30c94ff50957c3db00d9e20
054a89aaba1e9c60f1551feaa
6bd3d5028000cac34c97090fc
196951421c60b220d2825dc29
3fa539aea0de56f849c01a224
38798d8715fafe1d801529a94
4f5d099932ab5e2cdf70c1740
29d66c7b5bd04e1e801facb30
3a30c1493e48934e8af5fa61b
5ba8cbf6bf937e452ffbeb578
74808cce352852cf62fe3b009
7aea9e18420f7fe63fc000002
3bdea9b980030773c00000001
4c0f229c9c1ba8aac293eb7f8
521fd36809877ca0b6429c95c
3ccf8d00fe15e2cff6897f728
000628c6de4ed556ffc000003
1755b8f88358561cf7cdf9edc
0ce5f86180eae74441981050b
4cf30783ea5ec6ec80354a911
50f14399801af72b68c884a44
1ae0bca37fc00000001cbaee0
0efa97121659a24fffc000004
23f044c6b66c8d4bb922963f0
7703e393d08b1126aed727384
400000007fd5b220af49c3d11
41b912812c1e2b89000016708
27d3efa0bf98ae5c919079e2c
4983c95e8e91dcb43fb18e768
5cfa2ac53ee6ddc93fe000001
5248b92db5e0da3e000000001
000b127fecb41eaf08c4c02d9
34d3ae118aaec38fe3c560c04
7fc000006958d8bce547f9d71
63574bc80dd7c6f6c35494b70
78aafc914e425cb820f0c92e4
365b2c9200b8b909bf8d201ea
20590502fb98c43a42d5f5a83
3fe000007c882333001addf4b
6df1a3c7d14e852bef3f6f54b
35514c52c3014da4ace3b672b
3afd87ebd12085af0406b5c98
6b7395b4e403c3950007831f2
3fa17d72edda1fa944741d81a
0195d3a1ee3a10d5a271deeec
144261df1383d082928247c14
14b1d0744c83b6be3e798e5ec
57cbb0892df5b4f625ad6be81
4e192c7c0002fdccc2459d111
2070963465eabebd00039bdb0
5836c0320b26055c4424d08eb
43ef6871bfb55a3569a817121
6cd151e09fac0bd153875d388
3a18eb1621d772837fc000000
03c88993efe3c846d4267b668
5f8d20a2ed3d5b235ddaafe68
3141c70409509fea266be8b5a
7688d5ba2f84685bbfa098932
56dfc3608bf387d190d0ca7fa
440945da002e6ab994a59c942
3faa8a74d3cc4e458ee2d5cd3
5f992536f3f60caff7afd4b8b
219c2755a7c13869e2ed34f99
14d4edc5c95c8ca79e0dce0fa
055b0aed80000000003b55922
241c378983f15342656f917e9
117b8ce476d538d199181734a
7c619d44403bdefd0f4b996f2
79dc4cb06911ba0e517cf0e32
3f80bb9abfc00000167a76d99
3b01f242a6600c6d192689e28
3fa4c48544e5665f8032c6603
48effcad2870ced37b7967a2a
55be4d49800485c4f763f8edb
100a8723bfe000003920dbac9
3fe00000038feb0d0008d1353
2dbc6b64fe6f59f9f8f9ddc29
63395fc39433e347c546d6cf3
0024c453842bf2546a857f4ec
0c8a8e4fda0f3bb9cd12f1ef4
55dcde04256b01a05bd60da94
24be2c3133ce6620b3b93cf4a
28a08139dd42577721b008b50
1c5bd7a6c16b7d91bfbc01849
0030d86f4f06fd60a58146690
0027de60970a1e5ff49fca199
3fb74edcffc0000031f23a7e8
7d0fb21f7784a21b7db5abb3b
56767f71f07bc2be981c81470
0019202d8354ffeb0037829c2
00135bc7b3a5c4fd000000004
2c79c315f17e464b3f9bc6031
0cbd13543fe000007b01829c3
371413cf760e3b96b9da8e119
5c5d79c8fd9097159f66861f4
080b54b840b61211c61198d71
3f11c1b33fb87b5c00d770c23
34072549d11f0e0742a8479d3
51f618d280301e5095a4efcfb
3fc000006dbaa5672b497dabc
0021e430c524dc823b322ecba
3ad2eebffd01012225974e6ab
3fe000004f45b1107fc000003
3fc0000042ced1478f5196a3a
73cc135b6c3d837c17e2cd809
1e5d54d109e32c00ce0a22092
215a68fd0ae684df00090d808
38aff372f1f1f5d6e12c3dc62
4e84f754bfc0000067b9a1ba9
1208dd4fbdd6a6b33af08b0e4
16d182752065f1798da6d5b4b
2f94f8209f6b92f4531e75ab2
41fa9314674baa9f052c09841
3f8ab8638029cc8dab14b20eb
00082eea54f7eb4bafc83ddd0
5c3f37a259fdb3716b932c9f2
6634e4a46b8975697e74c21f2
001f4e2e80180e7613b4a20f2
19f132dbbf8f27fddd16ad082
280a3fb0e81a40f47da356562
3fa5ac57ab51950e3f0cbf772
0211076b030b5b8d42d2fb5f4
4063ebd78026e7deae722529b
23a290291175115cf2d13ef2b
003566517af3b34f7c5748079
6aa230fb7798bae13fbc4c640
5815022ab38ba02ecd82f0c23
3f9a513c5d35fab20b9b80c0b
27facd87832844a9926ac655a
3572341af451d1769ba21d142
0ce5b549b1a8ecb921c2571e1
243961247de09dc862e792a1b
53a30540bf8019d9bfe000000
47823f1bf5e2d1db412cfb7c8
3fe00000110d3f6c4bd3c3df0
12e46a4f6931f4f43fa3b91e3
1c85eb790fcb8e1ffc38369e4
33c2c1e79440e4a5ec443b741
508d06d9e07e578bf88f35124
6589499aa91d542b16c3d9f00
001d782ad4d54d795ec59769a
70efba3551525890bfc000004
777b0864f68dce3aed66fbe39
62d0f41cec7c12c7b1269d579
663749e6574511668ba542300
7ec313d20cc4fcec562b87698
02cfe9bfd4c7ce987fc000002
67f12d8a5b88f32419a9396c2
000000006be1aa89d8a8a0844
45cf5cbba07575685d219a2f4
11ed24cc0004ffae2eebd3271
1f246504b9733f41e1142a199
1914c133e98819c1bfe000000
63373094a1d10a6fd6b2509f0
400000001e9e6f03029bad57b
57a9e805803020d438c96c4d0
61f593918022a4e10ea38b694
0ac2f83444344927c6540d1da
40000000334eff931d3746018
44c747cfc00000005ab24b039
3fc000005d5c59dcc4038dae3
000000005c6cb52886bc557b0
415104bc0dca808b98b78b9e4
313e7c83d80401f31a279b654
396e0f575d74fd6afcf1f8cc2
5f81b976bb8230838031c024b
04da410f003050df002b3ccf2
62d12154c84abffb8bce2431a
021feec7fe2fbef5bfb717210
657baa1355d8710ae2f8382ab
1fc44dcf00070f9591a28968c
23760e66341e98a39e7839e7c
6fa683bfe6a1f4c45065d1412
000000001f609b0786dd2a189
7a7dbbe43fba8ea9242240d4c
500df14695a5e6c0bfbb46712
5a2c0c95ef376da79d86b5ba9
4f6e9af23a83049656bf4d639
3a78cd4981dc3d6d400000000
6b16a5cb81202bb131493ea6b
684d9b6f9401ed234c2d56ed1
485d5e3abb82aab758ab12a39
5b991b470003e340552a10834
5c468f433ff6bde1002f60af9
3fc000004bf11b191123ae9cb
3fc0000047a7a5083f967758c
0039700b0034c39e4a5c4c8ba
001d11d14a4748fbccc8e1491
3daad471fce5830d803a5a2e0
002e3f06f5ce7e3d437b5e3a8
7fc0000055046813ef243d833
28393b393568d62382ae31140
3655e02c209bf4eaa457925c2
240aca0bc17834af00081f121
62ef95f7000000002a0377e53
5d1fba9ebf9609bee3ae92ecb
06e94f24146c2c074cbad77c9
001783568dd25075d9f14f9f4
69a7063d1ee97fd098778752a
26007a06e88f1022b726f9c1a
682ae0969162a1ba78707f041
63a3546bdee5cdb838ed51068
0fcf819a324781934a8591899
000b63cf430d9de53fb7f03ea
12daf9e2bf30164f0f78f6fc1
6e199045e46392d6dfcf75482
6ab9d7c8984a8e147f4645d54
23072eb74127fa9d2f2db8a20
086e68230010c067802bc0c1c
678c07bb00025540ef999c652
43a47941e76b930567097ccb2
000884f24fa354a1dac0f159b
5591dbd628e6ebca31f2450b9
6cee70babdc70315a6fed1228
171e72552bc8988cb44ec79ec
736dc79f6e25da210c4d114c9
003dfa759cff7ce834a4cbe18
0fa9acf67f9fb817defe44c01
2d81bc5227da853f107a17c41
5d812a9fc44c7e7dabc859e41
6ba0996b6fd5d7ebe5df9e0dc
3fc000004d10f011800bb61ea
7fc000007d33625b7fc000000
03810c95438dd52139ed516dc
799e807852caf90f800000002
4227653b426105e141530a34a
46efab17ec63af19a109b8bf8
6a456c38f18a50cc622049958
50fca9f280338f8fbdfa218d2
6039f7b1507e81a28f6b41a33
72f086f03ad2a603bfa9eef3b
6c0085563edc056a1f6f189ba
3fa6ed1414d472024c69a97f2
0bccffd0a6d4621a4761bc858
16b19acef362dd363e38982e4
03614e087d2fb250554285518
28bfa5ccb4fd032937d47a092
3fb98dc40012fab74f8093950
3f8517da11bc5f7fbdfb15a13
5d9f6a32cbe565cf6b7fbbf5c
001e171a0375aaf4196164b13
7fc0000000366f3d2a1c4d398
7cef4eb5858fb139046946b44
131d8d99823d38275387be479
78b485406e5ff37007834fe74
28898002bfbb116ebf9bbeaf9
003e52f903b99757001bc2d00
00395fa20036cf8f55015a35a
00076b2cb18a8019723c4dae3
577624532254565f3fbf81500
001c3ade40000000021cb3e9b
002acfe93fbeb697802f7ea43
4eec46c38fd78680bfe000002
002b9b4ffda68600f4b65c800
3fa3c15b3fc00000051197101
3f872c4c00004a6e9a3a6b169
6d861cd7f555274c207dd7ad9
68a5d83fec482cb7dfe3bfcc3
2fbf03534a0aeb523f980b7e4
002f18778028f7c4f1eab6903
102522f05808e5caeddc8d561
3fc00000478c33ce47ec0d54a
3fbf77c1507fb3bc08e8309eb
409803b25628546ad1bd0f282
641fcc4e38de591c12f445f73
364c471b936e7c853f97e226c
7c14818980000000663845834
057123c7be50399aea9ca973b
5a33139199a7187aea0b52ae8
40000000108971d2dfe224c9a
1883e5e48831fb4983c97eb51
61df39b20c7c5bb15be10e882
0c72dd4732f14329d00c7b191
542911d6d08956bec06b4a683
7e9d22409dfa786db9e385fc8
2984a5b73fe00000782c3804a
7d6be931c96bca78002b846eb
75ebb7221dfebaec3e71ff2ac
498b30e41bb1f5c6bfe000001
003e5ff67e7b62d2beb0c736c
7ee6935e006969482a0de957b
3fb6db8e7ee3c5722787a1211
1927e24ee35cf66a6d25e0621
6f8bf2e73981be1efb5f8c9c8
4810fe37aad1a5899ccbecf09
13183190801524e6cda87503a
739b041515f44be7dc2858409
6364a47c121d7af2002dd5260
3a1be6c5c81ba7c975ce50e62
2d3cba2b0edd595fe5ff67123
1132db7513e37f890b626686a
76c2e3f0000a9b4bfda3b97a4
7ac24209b1121941bfb6affd2
62f7b3d28548a91e8777217f9
19c0b3b9079f6d5d3fa064fcb
34ddd1bde17d7a7a99ab473f1
14c09f3f4e38743da2e21c2ec
624cdbd907817d211854dd159
754b01ba3eb2c9d82e9b74a58
14aaaaf0f0e462c7aa99f162a
7bde9a3f0033706fb2a5b7da3
7eb37e7b860f62f397efe97c3
5073d66cdb055bd90017c57a8
121555498d616a8a59426f05c
60f5cb08487c2ced885983aac
0023f53e902ed835987d464b0
1db8967d32efdd1bd15af38f4
698777038006ba71070da45b8
34b6e1a7c32b331400028301b
13d7924121857594c00000004
082c233447ff221a4fd7a582b
1be8960eca6adb0713d569c59
38874bce98f1bc20c97440abc
4ad8a4944e66063e4d9c73c92
001ea686bc56ee8032fb7bb4a
46082d819e3b809a6739deee3
00208b5c6d6a850fe1f05f873
4ae2afda801f2d6008ed65acb
44a8edf3266018b03f9160741
5a6b48ebe396e18501e083059
24bfef8895925d729db94bd5a
000a08363a34205f00044530a
3fc000002077ddcf0ed084d1b
400000000af9893720cb7e538
50c57b7c5690b07f870f56382
76b7ff9b45a20aeb3f37a3933
000ff326e6427632f89ada580
6d936c3b09668b02a6c9c4c9a
4e82c1d5feabd4d2ac570b778
43b18e3c400000003972bf80a
4c4c3e38400000000088d37e3
11fa532a05144e62325b40ec1
65232e74002a9f59521ada38a
5169dfad780eb80bcb72fcf29
298eade04702e898da23adf92
7d9c35b51c71132332f75f9a4
5942adc8001b5051efadb3b21
3f9c5f78802a97b1f9da73863
7699571734b73e8d001d517da
4eb3feff2216058c6c0ca75aa
22db0219ea18daff17052a161
24fc7661f54fe6f33fb06ab18
75af49a84b3eeae50033fc69b
002d72a9801b62568b6cda961
6eefdf2b39c2568093260380a
0f2e6fc24470ab0a78ee8a07b
0308d4859f23c6d6613313a19
041a114f000f27b1728c44112
4bf28d15e06cf7ebf3b355f78
3ed9c74be24138b38456539c1
3d5189934f1507eb30b159b2c
4df6aa7aae9237d65246434ca
50a6f9a3977633d139c674f2c
0421fed16bae50a2607c0e332
0857f1491964596d0804d27a2
3fa589c580349342c1434da90
23bd513ed2cc14fc83e3dd711
564805accaa53b9bbc789aec2
14924da334bab9865c9429549
00140ca9f036d03150efedf9a
17e0f471003127fbc2f60db72
01002a6b2d6dec872c5030c01
1841f952972fb19707cc4df3a
6d38aa55ffc000002f0ac0b34
6532f54c08d0aa5868fb787f2
003e23f0800d50b1003a45111
0addb8f127f9d463089802fc8
3fc0000062170ef5a735977a0
4adc484634e518b02e6824789
400000007de949cee67d0e543
7fb66f6a1ff3c9c51efb661d3
11a5418d5948b9243d85f3efa
1bfc100100049454bf9937331
3fe000007cbab7c044bcc3ecb
029c29329a1e858a1bdfb5018
2768d957e62c817e66bdf1431
502854a889bf624c3fa490a71
3357d76d5d1dd91e703de08cb
4167099e812e000626cf123fb
71d52a0b50d76dd24374054ec
3eb0e8d477c709aaac6d0dcc1
003555993fa9fee48e74812e3
04c09c1b75c1c29e6f432fbfb
6b756b3610bb2c08207fad238
00313be1021855537486bcb28
43bf72f8d7d4ead63fe000003
7614f3edead771b92b2fe6f3a
630573a03fc0000006d482868
3cf5575c77fc26c03ebe8c6eb
003b392ec78b9500802b369db
1ecfac900af9bf35c0a0e57ac
4755e4909de6b67780021ff5b
2b4b94d70b763e8ee4098ba7b
393099b2014253b7db912543b
43cb678b65b94c76ec6b0b83a
277481426a1098f64665bcd5c
40aa22c7306503bed6fbb12b8
000000000b720520d06889e68
36162c1165345e49942cac0c4
00001cde0da7f6ca454912b60
3ae0e5a9b92c9a3c923e31951
3fe00000588aebb588a9d36ec
3fadfbc44aa25e5e20fa52a43
189e2d5d00226f2c3e4762d78
25a4fa418b2fab86800d7e00a
7f56956d0236509b6f539724b
1c29be17cbcc7628bf97db260
66908d17802550b3000000004
27a5d9a9800000001e02f51f4
0025b6fc2c0a1c73bfbbaacc2
74896a92b3d7388e0014fa13a
3edaaf26cd228ca834ffb02a9
0dd5e115cd8ec23a504836fda
5f3a06c471316a87fda177794
134058c47fc00000002c1c4c9
40f3ae21484b21b73bd2da9f4
66853e1920272b6feaedefb62
662d2209f0c30529c48da2f59
5196c6c4b06479102378a8569
4ccf50ec68eaf2083d0856d98
4bf29ae76a7f5e87e30dce37b
2c4e456a18c32e56b45afb5fb
0e8e9803bfa0ff05bfaa558c8
3fbaa2b32bc730d55fded4b94
1df30f08db2d2276002da2f2b
32a827cbd8fd108c1ea59eec0
74d69219687470d73cb8dce22
2c78c70facf2361b0012ee631
00262bab44a3fa9b7d3230d69
4b06dba1130207c206377c301
02b4ccc14d009c30000033c91
000000003f9f6a5ebf8591cca
6ba89b621e4c734fbfc000003
1b5fe6b1a291da6ac132f8a60
4bda7248800e8ca65732b902b
3f98b8292ea5c03dc4dfa58ac
782f41c90df19c2c2d028ac14
4a8b294c0002279abfe000003
27c0dba6e5caf8a50e537ac79
10f21d8df4ea6ba0ce7e3a4bb
76a6fb0d80388ca70ada1d094
25f98e44ca50e63562d8cc7c4
43dfd636e7f18b72bf828977c
6e4578c51f5548f5801f586da
1e8f8f6209009cde00263e5b8
7c1a0c9c001aef83ed03dee9c
19f4af212ae429ae000b57693
6055c058a6d96716d4285c9e3
6782296e4b66fb13803e5c5ac
002c36833fb95789476cefa84
7e11275889c49adaeb2a509d0
0a678048a0578cb3ba9f85a43
791a26ed3fa5c0964611c102b
001dea3a97d9b47500137ac93
041fe8db9ff6aae0bfc000002
110ddd6affc000007dbaaaec8
5888c00d1df2f252bf8955f2a
046d01fee76d5529994261b72
25716bfc8f1c19f2a941c2cd1
2582e85d8024757f802845693
002416b89a1821998bbf57d99
2eee168c2c577c62bfe000003
6b546f3d55aaee1623e194a50
5ea1f348f70188a84f23de9fa
73c7dceaebf0bcad92ee67c72
05abda300fa2e865e99c2eefa
3c2102c021be8e66801d18298
41cc2e28001f73a86c599c3c9
0282ca681f3064a58002e24e0
498c85ce1b2f57d83fc000001
3f89d1d28f0e792278f59bb10
3f011faeb434a1618ac99d612
2b0b769c61041f83bfc000003
33766fb3ef5d414a28159ceaa
2c18dd51101972027db5e90f0
66241f4b0922ce416f949265b
5a88e4bb0f90db93db7203bab
43d5a090233c8dbd3a92571e1
43099282a3d88a120021ea541
61492ce480000000788d6ca90
0e4dfbe8ffc0000001317ef89
65f863d7800687d359de36f1b
003fdd1e9db88dbf757bc35fa
7ea3e3fb74489ccfd5b6468a3
7fc000007643ae0286770f830
3015f32a3f8127b31717b15d8
1ba3bf1bc4de278a451db08fb
3fa28e2beaecf9f8f24d603b4
0825a184a9e83767003df1f1c
447956290004a5d0c97a40c58
6cfe31f3d83539933f855698b
7fc0000001c112f157f81dc88
3a23ca74930703a9002ad5cf1
04fe52443dd8acf3b70e0e709
3fe000000e5b3cea2b9ae17d8
50577427a374991e00008b484
262896a0cc56d16fd6ed3db0c
6fe7d07b92647aed4cb0ee5d1
003fddcde0e24331727d734c3
0c8c766c12e5833cbfc000000
50bf83ca22e080b60021047b9
7fc000004fcd8b4f59ebe6890
147fcde75280d228a3f2f25bc
0007c0c069878fe368762a220
675774bb802c3b1dcb6a9f512
3fc0000064a8794389c5a4843
1bc6db8627955436800cad873
3fbcc86c3fa7da146ef8ef508
06ab20f3b334709d1e4c61cbc
4aa95b1cc35ab5a8d8b126f2a
3837b766dc982ab556dc88232
33bd9d779d1e8c7c4027570db
4ea2dcf454fdf41c30462c762
3003bacaf3c19b4a0012ac57a
0ef7d7aac078e9ac003c6c13b
051d95e0b40963e4e8156dd5b
3f9fce036875591e002a9e29c
0aceee9f6c4a36e1fd4444f29
4022af6fd3f7cbd74e0b81ab1
0b5ee52a446cde98ab13dfc03
4257320d2107d92f9ce63b492
2054c71b9be7df05801f71e01
2e5002a858a4c10e56b2ac800
4278d3f8caaf9a98a9cbe4e34
6bbe2a93302db0e7d26f9ccd0
618646458010967f4bb8694e8
104907eb8017d1aa3f8fae560
33a18257c21d19bd75f1e1164
11771f3ffc2f6c0358f67cb68
76ffeefbc4600f85cd779ce9a
10db388ac09a8be4106102523
4c64670ec0000000668030261
3faa12cba6a7dd679f91debd9
2ed2c3077b9ff6714ba3f5293
7814afbdf5fd3df0d6ef4276b
003951b0a4c2c12abfc000004
7b5a5d8780007c04f31277833
620171ab2a7c3b8accbc44049
543ff6d5de9e2d8f482c336cb
0cf17179a12a992b7fc000000
07294b3db671ad0b3f89c2cd8
000b3729d91a14684c54a7e20
57e0df32800e55d53fb3a7d74
3f8755b94299907884f71e1aa
3cf0f273bd11c122527c0ec1c
2fb30459410200d9ee3a1e8f9
500657ca00149e7e0495b059c
6b8bc01758b54ff90edd70048
0003e7b3d4a48efee86e54353
6e13036930764423d05426b64
4c8b4338bb21ccdeebdcba5c2
6c2613be23c78933801ed59b3
0000d93f002ecbfe0a2c3a450
194dfbedfa83f3f895a8627d8
7f55dd5d741b648d94689d290
4a55c9e40e2ec05900061f662
31fbff923f9a1da457eaf74ba
5080c938c58e8b9672eb9d4f3
29ca1b9f94670356163a285ec
4ca0e84a0b7dd85816de97538
60cf3078bf9eec52870b359c9
0011eb6eee35d56d3d32092bb
7a82044ec4f34f46ad7969f0b
3fc0000079c7edb6bfc000001
118d4dec3f9bd16098c6d5d39
3f9fc625a5ba3f7580480f29b
001fe950a357685200234d849
1d566035a9c5b9aab55547d18
7534174e2605d1276e7dd1aec
3012c360bfb45e476e65111d1
1b0cfb84a27de8ffd0fa9c2e3
0387613802c8814cd6e9e861b
13c17045bfa2d8d44d7405ba8
3c85d06f4f2845b4a429592da
3228949226bf19cfbea4b9658
10a71347803d3ce594bb263da
69eee42c74426069350ed3231
672abb76d2a864d7801907ddb
4d391ca8ea4e7af17abc43901
70b4401c2172150963d7f1d7b
00285f9880303c9a9cd53b59c
691c218f04cbea0108fdd0f98
4911d6377e25e3470cd32e78a
002b64a3719e1b0c19d235b54
7489ec9794506a74091160a6b
3f9336383faec47f87646e162
400000005ddb64f3002b57663
02289b943598a88d9c1b23ce0
09b45df14b7e43df7fc000002
6eb59da2cbfabf0515c536712
61c1813223653466801ed2d80
688cc182b62fec508c7d5787a
002f7efcdc5e4a23aaa0f5e79
4b252c24f07ea3c48003e2a23
6a8d32216473f2379de7ba51c
02b08a5bc1f1cf093d39f2be9
00001965f42d1688ffc000001
3fbfbd73801e7d99c29550eaa
4cda822de99ba727b1c0a3e69
03c0da730cb1595d35a912c82
554f95a1000e60983f8568a70
37576a0f77de51def2a7c9604
3fe000006cf90bc0c4f91229c
7fc00000000db3be802d7bbb2
2e1c68b153c47d08c65369920
4000000057b35dd37f4e53deb
42a5c231c8c881b09366c41b1
3e5850e83acaf60d3fa295b5c
574784f9bcb37d414c93832a4
00117e071c4f3cf69c6ec15b3
35cb7c0212e30c670ffdefba2
42ad376b3bc82f70396bf74d4
1f1c04ff001a83820934030aa
2d439f9902a80b8b2c3dd1052
3f99400b8015c175c079aafca
60ff40f101a79203122607481
58a324e339982a51bebc8c523
779288e72e0e84a71ad9f54f8
003b5df64e632e022d4bb92a4
07b27b49a2aad9de803153494
39fd5bb3ef8add16bfc000000
347d9e4b1f43b13980186def1
7fc000004389b3637b40ff03a
7eec0681123811dcbfe000003
228ed7ba80309b943f98e2120
726fdb50ec618b24aaa483703
2e94987cbf692cdb318a93144
72ac24ea003346608022136c1
17fc4817960348a5968778528
7fc000000031b09fb4a5ff0c1
1a3e11593bdca3aa9138e15d4
3fb58a72cfca314df6d70d3d2
71e488c40b5bd993af85a8b9c
3f9df4f22ea6169e5cb77a523
3c98484494c6e89a5e20740fb
607b9aa93f9756d25370f8ab1
626b5e2722768cc15b6720bdc
3f95d6fb678a56c5ef7b3abd3
06fcd036e72f9f1fc346c4fa1
2fb152d3c00000000cf78bb64
3a6811e680014c82bfbac9b1c
2f134ffcbb881d45800000001
6065245d8038aaf8802b4677a
3a3c9ce8c478258b7d1561eea
733f78e4648a883a00091e9ac
0e94ad5c9ca8ae41ee2efb534
61f6dcfcde0f49090f3679ae4
00343c9a6876d60fc3e11a139
4919d4ba8038d0a5c06430838
61d012a81fe168cd4ba01ec84
566ab27d800000000ccf67072
0006627411dd335be4a92be5a
4687b7a1df048b92d961f7ddc
003937aebf896fd1beb39bc29
36362b2a952b7a53002cff2ba
108ff9e00bf636db89a54d309
1381361027cfac4a6d0a194a1
2e9900c31aba0792e35c35d4a
66607099a468bc22003d4fc7a
6aa998ca4c664e361c16b290c
7fc000003f8ec1d28001036f2
7c267360ddf6ac4c59b3c2de3
4d49a0840e6b8c8df0fd4a7c9
763c045426ec572f00282b303
3fa7aee8bfc000004075f80e3
37a310f13bfe071aba1cfeb74
3c12b8349f3bfefb99e474ce2
3f93507906761bf7800aa4c0a
4eefa8addebfa9515a3b1d081
3a16ca7c8006caa22de3d2950
3fa57f1d00276c5cc21e372aa
261da0c4d0c74c1c1a2b71123
40a64d113575e373210489b88
6ac37425960a2cf68d7a1272a
3fbbee602ffef78dbfe000004
386f563ecd1cd9b1002a99838
3288b3a279bc029ae1d0eef4b
3fa6a66a54339a39d913a7d4b
380a900d860e834f24e0febcb
74d451a8c90e313e89570a01c
0cb29510800124db3f895f5f2
6ac0964e67c87304913ede583
715f5d5b87340b4e03edf5252
125bc32b58f0e676801f510b4
75c2c7f754d66641002cf97c8
3bebd87e07a35852400000001
31390a37c9530a7228fec9110
2b6f5a27b682793a800376f8b
36ce14c7800a30840c71531dc
3f8a36e51214f5201979b82fc
003ff30aa92e592700385b6aa
2e64abefdf02d668bfe000004
2667b58c58ca4664e8f310f72
68280101c69ca398bf974a643
050d86423432144e000000003
3a0157eb1a120702d3f65f909
7f594e1617f192769fd6cf0c9
7916143c80000000437c22772
3fa366f94e23c2cf117e87b9a
0d9383f12f3beaec800f9e4b4
3b423ba6606230c38024f1543
003baa61c828dc9f003835192
765d32cf1bea9d3f6da20f2f9
3ad5258321586327c0a567b94
561135396e5a770bfb4ca6bc8
75097f785d93f1812fcf2e76a
0026b599bf9aaa0d803f9302c
73491582cd905893693cbeadc
33a768860ed1ef0f00149e21a
0020bdba801333593c0414950
764caa93ccd75a0896fa7408b
137116dc247629e60b5ded263
2a4db22110e1f6521281bdfd8
7af330978b025fe8209b83f2a
000000003f8758cfd045d11d4
464b8dd60826ae38783359039
3fc00000003d8982b26118aba
1d1c7f8ad8c679186463f0a68
2f2762582c6367b2b08f0ee5b
0b724c900dbea96b3f9a985f8
40280ae8e47a94600027871ca
4b6517a05b1ecd14bfe000001
3f810023ca6dea6c72cf9d292
0fba5f2fd003caf9f88fb7a4c
05c1f40361da6a21ce234259b
5ced823dadd47c019ab7de322
432c61da16b4b5a77d192c83a
1107cbaef15cb8119d15bca21
306b88bf6ca86fed802425629
34617c6c941577399d637e099
00000000002b88c5ebe5e94dc
448da9bb8d888513bfa2f3289
495c12d5b835e021189076b38
2ff8b4a1003bc9cc0003a343a
0395bdcde53b54190015ebd50
001525fa6ee7fc227d1c0dc00
3fc000003f9176ea9acdf025c
0034621800098ba994194d2c2
25e1d333fe333f80679d5692a
19cb51656e9e0336917b2b952
4cb1ec21efc04c2d3e6a48568
6ff930c03988d50cbfa91beac
230ab37494383dec2e0995e9c
0038e7c4b847e722ab4b14e29
487376924fb08a0b3fc000001
35d850c9d5dbaa78001fbabd4
5df8c4f26b3bbcf2989b4409b
000aa3803faac38fb69ba5e41
00088923800350be641246cec
002f000677ef5abbbfa56c934
34dab7894b93bb1bb36eb5dac
3f9230d5f1ea9a12e8d6e6bc9
7e83c495156fe991803b3c28b
6ba390500e4481dcc83fe53c9
558d95fde8ee58af39c00f113
01b43200800cc2e236ac58d0a
0dc77faaf619acb5803619028
390958253d44b46f360900014
0035c454134316e217d9dd513
7e41cfa181bd68b9000b6e31b
2af98aa106f8945cd0f69ce92
167e6864c11f2064fbff735e0
0b504a294b48109c2f7238c1a
0035015b22c2c63b41fc8f8dc
7b7c618bd3dfc04943bc48bdb
50869bc4ee10eaf16d12676bb
003977f5525047738031c2d83
3fe0000045c8fc1f6cbd78a81
5ac6fca6be416e3a9ba2caa51
289f4923901991930e1dcb8a2
721dafb6800197159234ddb68
531c26ff746732b3accdd0589
73560d102af58ecfdef5877d0
5e0990ae5dfbdced17cc730dc
037cdd3e4f0a2dec616de6521
3fbcc23ac55ca3f2400000003
3f94e467e11337dd49cee99ab
4b7af131ce96aa9d70be76133
214a2350800e0ff8ef3c5c044
016605308010536d2a98603a1
780002b7803d4fc48c863b729
4f6b6bfb5a5a058ac1934865c
7a5f889f266e3a73d093a00fb
272194a6d611e8116a2a00652
6b3e1a84d2b6c0ea10bc6a252
7a84cd845c9783df1a0c52731
6ea4dd733f8615aa8ddb5d433
266aff812eaa09fb93990aa5a
002737b4ced40e33a9f2f2333
6183cbf5c599b17f3a2778aa1
1ba1206b7f4ef3ce84ee8dfc2
622c22eae09b07a974708b0e2
2024f392a5ad35c53835f7fc4
74eee047b8d5c876e64438f00
002bf21704fe211dc6859a9db
60be6826d14d3aca29d2d2d5b
6cf1e344387f0983d4bc4c8bb
6ad740efb3c96840400000000
3b24ed7cbfc00000084a10a33
3b029f1767a45f308956fabc4
7fc000000d9cdc8ebdcb6cee1
0a78d61154406663a4bfa7659
7d69c8aebf81dd0980081dbb3
7d8fcb93791cd9a7133af42d3
174c150700244229bf87c6d42
32c06113bfa367ed33fc399fa
46c3417a0f6953d12ce997f90
183d8978bad4f9c39be812f20
0bc0fc378036253666b1daadc
298c191b72451419bf90df8c2
0531676f01195649304eb16b1
79c87a54e650253dfdba366c0
2c19e5f95663d1d8f20c6057b
001b7b74ac26fe420019bcc0a
2d50c34a34e3bdfea12853688
001f9a27001a3463828320be0
04d3da6161a89a2483a91ffc4
1298d7ec0c19ada90a2dbf912
7be3d89217e44440910ac33eb
3fbeca7e7ddee9319b0e345db
43d3717abf9f6821000d7c5b3
709f510e9010af7543555271b
7d6a1edc3f9c148ebd74aa494
100e1cd54000000002c9c9433
2a0dfdcf00103693203a7c6aa
034c286be4c90450e5e88aa49
002f8c09c0ae9c8a621952281
3fbfc56b967e2191d34d74054
400000003c6e53a9c6fadb1aa
400000002f52e3d5cde4275b8
0e7197f17de0273a136a284a1
70e6c15f2c8192425daab88a2
1fc236a4a10b0588636fd64a8
18b005c3800f6866671669f2a
3fc0000000255524f7204c361
4fed8de244133376cccb03f88
3b46c6d680256789400df6ab8
2c24ba0e12bcee732e6812f09
290db578804a61fd72911433b
5f10e601800e19b1b3340e7d4
1a6a47605c993ce2e7fe70693
1c27749c852832949f108d3bb
6c420d0d6ce71b3667b3c587a
2bf8e8946de6a635fc6b18fa0
65a632243111f558490497224
0009228b6dfb8d378b6732e40
3bdaa995e57c5d693fbbe4f62
174b5c6f6e6cbdbb43dae10bc
0018e03e81c4d3cf400a97701
6b9ad94d3a4f8b98f3ce9ab0b
60c569ef253b847428f1f0738
6c62b6bdab9b4fa8945df12a1
4a2ed9722020cc82361916723
38cedfbcfe3d3c7e1809e858a
0231c511eb0c1082a9f50f713
4cb707fbc0c89caef72b47f2c
30d8975cb5d389edda4d1332c
300a0c9efa951da04c329e274
0007d8481bdb0ae9800000002
4a5a423daa16a3103fe000004
001c2152c8a5178dd88263572
00337f2be32c120480247ee8c
47f8ff5028805774a0b77e720
0de56b22802e04d40cab7e52c
5073d8cd51de14d07dd43e001
76085f5868c19d52dff4e2f22
000cd6b53fb5c652d10601da3
21b755a0254ebdcb43cc68b30
28443a0131b8b809db26c2594
0713985eefbbb0a6003beecc2
12d83f03001ecaac800000001
0bce77c6c08b3912bf46848ec
6df256a2bf1ec5db6ac403acc
27595a165c9ae58079d9f720c
3f8beb4682ad8d982b757111c
002105f48035d8dcbf9b3ab0c
0010a3eeee16a2fed871e0862
0fdfe7c6b3ff4cbd3054cdc69
300f1ed2a36d3f310234407c8
400000007bab71d0e84adf6ec
70d56363bfa7eda84e5c81302
63d5b3771b347d2ce9db26684
20d3e7ee9bfe570a1d7e7027a
5cf63dba3b8d62413fe000000
003436a123c55dc4d75076773
111b89772fd723aebfc000004
542045773f8913fb860a21d34
45bac85a7646c2bd803bee864
3b59f12c9c5764a73ab19ea78
37be4d8ebc8020da000000003
0035d5fabe587dc9f628f67e8
001f0b2233e06b8af71332061
05b8f94b96d27d5c41927d9cc
64be1f526afa5027e113d9c99
7fc00000703c9bd23fbe2ff24
3fb424bbab64265fb88dfb5a8
655db31aefad375a3d5a5b23b
5971eb40494a83e1e3ea0f311
4226b3289b38ccf33fac2ba63
3f9940af14307d63e35773cac
000d8af516e34e37f6e756c64
348375dbecf90b7dc4ce5ab24
3ab1284a000000003f8a7f473
5ee6ed0aace0eb25e1e701a09
1541ab9aca994445bfac2d15a
33eeb833800373932741d2b51
1f663a98a61406fe596891fe3
6944625d9fc518181a9bd6fe8
59c868f9a3a8913e6ada2667c
6eae0773925d219ec5fd5b47b
1f229c1de6c4799c40f69a291
2ae93a2555a007ebbfa424623
1a7fb30fffc000004b2e2e738
16102966ca4be3de4c18aef18
3f91787ea34c785980146c7b3
3fa0c6e92e1f5e15a2a9b8101
572a5fc3df2e8d29d5bb297a4
22905dc2813dcdd70688c3961
418f90b45d89fc093c0361b1c
3a13c47a8000195b4c79d9f00
00241feedd53321376ccb340b
6cc40eb2b7caf115c78642599
7d55c48a003009b01f05a56eb
139aa2bd801cd6c76c37160d9
3fc000004d3fd279c2809a593
773858ebc003ba9db63204069
62a6cb522f91a8a53fe000000
000ef4b4e88799383f9c4d3b8
0014c621574e92a64b8967f90
1683185be3c2e114f4d06c5a8
26e908081405877cd6c34bfe1
445a2584bfe000001511157db
4da6f55b6adbe96e3f8a6f852
3fe000001c613d8524695251c
0c05089a803155008033db582
4cf1d0a87fc000007d51dd638
49f96014de74b635ec36a9c28
4d0121787fc736f96f2137ac3
0018dc303fbeb40c6f9e99f6c
266a1813b779c7f42c425939b
1181153c769e29eaf446b940b
4c5d130f80a644fbf4efc88dc
3f889457b290aa70800310fca
6a2d5c587f89c0447e2cd94ca
21327259fed3fdbdd913006c9
3f97bcdcc1d3d782580b85602
19d3a6d3ad07f24d851eb0cb3
17671b9285ddd2fd0007409d3
7fc0000059ab207fa21012281
3fe00000159a54f9df54b57eb
7abf5c8cc0c237e60da623880
3fb05b9272d9bece044b2f454
001ea403023affae65bc25158
7fc000001bfd9e10ee56e64c9
2995bd78001b6ff7aa8435221
4ca98c7911a2fac9d6490c082
000345c99ec742e80e36727e1
3fc000004b69944393538b511
000000003b0cc9e4508d817f2
59e7bc0fe6843787d166d3a53
2f9a4c232ef6658c8037b1bf2
109e05acb562640e0281a0d1b
67e7ed7d800000007fc000000
0bddec75b219227100080ee63
1c5f229e4c50b7cf45015b732
0a5fd38f896dc8b6ca902da62
210ee5706ca70331ab3de72ac
11f47c3c2fc265b78025b234a
56ebc4a59d375b12b3f8afbf0
75177c760035f2fb3fc000002
24a3cb6e3fb6c0b7000000004
576cc7ab8e7189d43e38d5ef0
19d7b9ff803b3ab54650e9022
16a8b5ec86e20f5894220394b
1f074c92800c48f380322c189
2c1ff97247a6d5e176bc01900
2b7ab805802084a29b571ec5a
4f135bddc23f6be241fcfab48
1c174fa48779d888d63f9cc10
75235b7c800000003fb4833d0
2ccf1c0aad896c46bf88a74aa
655fc4a4a03ed0b89e77493cc
03ee99a90da43c4cf2067e8c3
0b794fb25473fe4d3ad0a3021
167b06cd6b86ed09849e1f5c0
6facfacef16c5494da17b0418
2f40f86352713f524957c5134
1535e17b80339f20bfb962600
7fc0000023eb4db68dc34cbd4
3ba455ef158c18e5f57e7b6c0
1af0c5e4fa23355c3e0c83474
1bdc2631d2b2b19a59526390b
34bdd1731c14eec89858ebd1b
3fba0f23ebe8baaa7fc000001
577014c9536d77ad61a393c4a
5cbaf4e4da714dd2631124769
04462bcc3fc0000056ed12ae9
3fb6691e260d38bc4327cb591
0c7ad25ada4edbce3f98a3709
3ebc08fdb2b7b3a567ac77623
00191f1dd925f9a9dd6df48e4
4e52d77413683b7fc6643b104
4e5cb0674af7695cbab7708b1
7fab99bf00219b3fc2715a304
6a508a9651e8268680041b723
4791bd3a86ed8351891f6e251
2b9a92ed801a774d04c998f38
3fb5560f0922f096ac47d8b8c
4e3cc1c7550f0f25a1dd1a0d3
002167ee8000000010095b973
50d853c68f3a7832506ffb3e0
5b92fd0426e553fe75962a939
07de214cab08bca5888828438
000274e24079a3b053fc51a02
66ea576759a94dec803d95df2
7942d84161411fff2b0b06a84
44460d13cc03d2071fe9da1d9
3f8dc950580f32e59027aa88a
5a10826b9b71670a9ab042b53
09eba1703f9605feec9e2d951
6c9a03db8036ffe226f7dfce8
037684857023cca95a2811a22
1418db1873de47c2b105491fc
0035653973ba163f60bfc3708
65ecc4738206fe3974074c36b
44cd1b16702460c1d9c611152
3d806f050418f6f3c8d5754db
207f7a1f00399f26002cd1740
14fc1d4b04d8c7b1ca079984b
3c3e396e11c89d7d1810cef1b
192a8c0b0d95cced1f43896cb
164671c3292450f3bf98fa072
4619a638713bf87c80242e10b
00093e9d44531f327e31af99c
7c59fe90ef2d03278021bb0da
7fc000005e481089acc6718bc
0aacf311955844d51229fdd92
00024039400000000515af902
1c17470a65d2eb50b1b440123
3fbbbbe687543e74a95e5c080
7840cb5aa4448924bfc000000
07bd1da3d395fa7632205b5d4
0271fb22fe0baaa3f9fe92a09
526d3d1df8f64798cec9663d8
00062164018628b4573811d1c
3e81bc5868c457b3ecebd9914
7b8d05fce1106d0f90e0eaf43
01c017aa0035503cffc000001
011e98d14ecd870f3f382d7eb
165f81ff4b7d2c11000000000
3fb95dd70028cde5089c4ffe2
0029bc8cc83d93848a211905a
1a49cc620b7fb321e7b9fc5ac
137055c9411906700d1ab3b9a
3f97b58e7c2347039dabd9b12
448632ac0007e064c19b52bf2
216927af000fa275744e44b40
545376c1002062085e9b51f9c
161214b4840875303f95428f3
425ea132479573b1e4259728c
243af58cefba7d4e991a175c1
476e0bb20028658c79fe719d0
73660409b11e393c90abd67f2
00385698882d0e3e2e3ed90e1
7fc0000061149cdc3c4ea56aa
3f410bdc11a8e2778026e41c2
3fb20b6faf1cde529cd071070
78a9e86c9d70793f7b2941632
24c11b22c33752e73fa90a541
3d4f5679379244a5b175f3038
64df86364f58e244586e74af9
76b440330f207aa3a52764962
0000000038045527001add2d1
59ea42c81282cc33fd120d4c0
7f692c41c66bce816306c9ebb
3fe0000009650843501835914
0be742c6c4aeefb2ca85c96d2
0009c4847243f6e76d7ac47f9
3f91d926bfa7b47fc7c9d6e60
24b226f19e88afc7e21867e6b
0026f5f200002841236c530c9
1aaa9989002fca9c7efb5aa09
68e9fe7288e3a59656523fc40
36369a44100c603de33640ce4
4da3d0360fcdec22555fc3bc8
452a4b77652cbe75fd82d7bd1
42f4bdf86352e4a084e9db8e2
320277ff3fe0000042da17648
224c0b35144c4bed902ef3889
3fbbd1844ffe8df3446a621a1
3d8863e1d651e709a95f28e51
40f7b60c0000000026096f0f0
6d67789fbf94928b2d5ae028a
77e73bafac8a96c0ffc000004
5c81949b001d101946cd70ca0
1f66b44b6efbf6e4510a06832
52f4353af2f06a74ce09fcccc
3f9b8ac722310fc6b31617a39
0fe1a3258000000047abf07a4
37acd93bad48634834bdfa701
52c1b7aeb006b6f8de6efafea
17ef55717fc000000cc214ceb
7d98b537329ea7df1138c3f19
60904acf072ffb8b028841cd0
00284a300019281fbf9d914b2
279e191c989532d1803d6e030
06c13105d59e9c7eee293b7e0
780511ccad6db991c27334b69
0024c19f0ae200b2e5b6501a4
000000001ff3d48777b483cda
3faf9e31002c02c98018d1659
4035346774f0372b51ea9f239
56737cf683d7e1e530ec31362
37dcdf618625fb1442a43a991
002d0e673f813699bfbcd00a4
3fbf95c8bfc000002bc9a75f2
51fb600d1ffb8e9a49b71f7ac
2041fc589e301f933f89b5db2
25fedb90fc5092620e8979c3b
7fc000007e7c60f1b8bd9bada
53b19dbcc4ca90699eeebb0d1
18e47925b27277d580181c2a3
57c22fcc535635f2c6ae7241c
156c177780072a5307b4f9c53
00384558dceddf772082a15a3
692a02babfc00000000000004
03f1635fe51557603566d9331
1f204283cb9f2307a816c0372
3fc000000003263207d9cc358
003e161e73272507f7146e1f1
3c18548a3d374d44eaee88bb3
04c97d7cc000000023e1d1599
2616c3b0d48615d0ed6e80d90
5c4a33c9f48208cf803d82a7b
79e3e5c59e5c62b0001d4fd63
00105f1e064af866bd9fe060a
3eb95c961603bf038027d249a
48cf18f6bfa4934f9a514e42a
5e3c07e4a9035b7c7fc000000
3de6c1ff6ca47097803000090
0028b583ea1044611e7bb7824
3f8a15d171ef85a8b68092569
716db845bf94c4b2b6c97ad28
586f9ad8803f9d7c95fa53ef0
5906f4a21e6539da7ef5afcc9
60057acb5e936b86c4a0d6dd2
7bba9242802c8712eaf5c9c2c
4a3d8c44ffc000006f00db7d2
0418f381802dc56236834323c
43f0b7928017f5d575180b1b4
001cdb0db0c871a3c8b98e618
71deaa553b1870acf5465ad12
000a3c32d7e4d7477cee34d40
4a63c402c8c268030001309eb
124487d911e382d2ce9a5edbc
3fb1b8927004285e002bd1643
715c60f1678dcc39e8887fd34
0e5c65560138ce3e0008e966a
0034512ad1a3f726ee0e47199
0035569bb513443b2b72352b1
5a7bb3628ff59f3e719eb901a
7861f56a75c76936802f4d449
0ae07d1eb17a0557433c485f4
4a6c69742337b04b7b19ddb82
401204f9bfe00000461f3ee5a
7c1c412e2db9c9e1c00000002
3bc2c0338035aa5d0022589e0
068f5a235500c360000c23331
36d09763eace0eea802172fda
7fc000003fb78a6c398d03f1b
328f7b20c30a68d9001b1f9d2
7c6e1a6b932d82edc53e5c710
7b08e8d1d11411e37eec9c090
3fa56feaf8f2d7b19d5fb3189
275c4c9dc99cfab178e2a64b3
27b0afc18039b2d774f3d17a2
0dd9a499dac8dfe2655e7c0c4
7794c9fca7f6c2828df245cb0
1cbc697c84d1db11520fe5560
78aba173002d75899b756c2cb
556db3d872a649c167d20c6cc
37fda227396764dbda583d7ec
0dcd17e4279e41d121a3fffe2
3fb17a88bf88a7782959b9ec8
0009e626ce07c4cd7c271df09
003b567700392040001ac2024
12fa747f9661cb8165151fcd3
01ee0a80d07023e4dfc88b758
103591458bc5a860400000004
004aa6e1c293c29b3c7703518
053e40612008a7ff1d550c3e3
52681725e240afcb0acb9557c
398adb3ef79d10aed2fb1a58c
76564887867a8896003b7bd73
4633582563d2490a62307506c
7dcc0025800cc1f93b7badd54
0004d6c18b5e14934416bf358
46828f2522aed9a3c699dd3bc
732d53e7010682c5b92e1e860
400000003fa1ceae553f8cb32
2a05d00e9433cfd9b74efad53
4c181e3eaa803a188012f9271
6a79372fffc0000000ed0adf3
1d5689ecd8ec4f94d35fd7e94
431f5a15d74f510c6f122116a
0b79f9fce1ac3d151efc877a3
087667f25afb1db0bfc000001
3b175dfe800000000024e1fc2
6fdcb186a05caf1fb49d792b2
003ec38d9e5ddba7b17179d21
41676a051dc072c4a8571fa1c
4785f9e8336c5879f6ed36104
04e701a69b1e2000002087f50
28100eed560e7bed6ca077a7b
617df50c20dfb2794e3a8ae10
00680b653f9a6e9de837e35e9
7ef6a70a10aa7750e8dbefd60
6cdbfb853fadb1b3c47b4f64a
132271a80036856076a6f3403
000fc99d4d99d7f1739a28d4c
55cd437f80343cc8728121b63
0002b1c1093778198032e32d9
59c20806d220843cd17cf6678
0fbef8451985c72d0c06a9674
3fe000003e777d7446c4c0fe0
3f865093a35daef4ca2b1c803
4c851e30999a1fc685d183859
379301d6bfc000003f82bcdfc
0036b65d8019a1fdfb48d6b2a
4017ffa3e8e8c22cd470c37aa
74e918e1fe3991043f9f1cfeb
3fa11d2728ab812d1b3a555d2
35f7478462e110b9dfb471294
2ee8bda3e9ae043f3fc000004
4ffb777d326f05a0266982918
3fb3cc99803a0cec53f686d08
4909798dbf8686545de697609
45aca339c76824dc877210f12
44bd0c52cad2a5daa3465dffc
6369eb847796b4e20023ad0aa
400000001a7eb5ed321bf7863
1de188f49a0f45439fe41f3ec
0c7e2fdfb051c1edffa32b8c9
0fb4f03520e84fc3400000000
6d18516354630840002a54142
0f1864726becf9770dd4aabda
2733403eca86ef2c003113a42
42324df5cfef4c2c5c609d5f9
687c785632af508600005663a
00054099e0b39123e3f490933
400000002773d781efc00ec99
0b65095537c9bd1e00280f3d2
470c8928c6e4e30280090daf8
5f04daf726af587d950309f52
73649efad651b81b03e02e9a8
0019a72362a7df3d2d113938c
00324b813333b9c67fc000001
0860f794c30945a4302ce4b98
7dd370acb26028fd14d2a5a9a
3fe6d8bba09d8d0d03a906528
48d5e825ba60c8659da6580d4
2ee3860ba50233c2bfe000000
23e0afd2e22f04b17c912dd1c
5083d49c001dbeecabe2f9db2
11e7b87768ecedf0569e4050a
633de5f8c41bb5dbc1b4a0430
56b8f5183fc000003efe5fa54
1383a58a14eac1758033f506b
5711d07e95d4911b3f49321c3
003418a10eb6b7c62e09017e2
1cda9e3cb2345f85152d7ebd0
56f53a556b06ff498632216c1
698b03af273627da801f0f2f2
44fbd696b94f000a3fbb789ea
225baf90e4eed0e5c52f462e0
00000000605cd0e048f9173a8
67d0ad50d6ae66c691850814c
3c2864f1ffefcb76ff10ad56c
3b722b0e24040494ee6f96e51
330fc5ad8f6667973a2ece192
67748cb15109b47dc9960c4a2
658c521ee6a41926bfa62f84a
41586ef3ed3f7dd5bfbe886b0
0028125864cfd6683789b8bb0
789b374ea7ae11db9c2d85950
3fb415eb4347c0cf3dea6e1e0
7c11fcd9800874130415fc41a
0bece4e745f464218e8124f30
0815d967bf2b470fbfe000003
7b0d15992be2a03eeb9edf228
3fb088cbe0dabf9f003422b69
4ae495e9853943782b50df958
1959b12ea829a283d4b5ee569
0dc805728b613d6833b8c58fa
10dc4a37d49ee5b7db0beb759
09604dc380361174651baa601
00320aaa00102fdb801f134ab
49a6b69c2cb7300161dadbe8b
4f16d5fdccad39c58c571700b
19e3a88090c9df650c1919a43
1ebf94713f9f2c18ffc000001
434ecff2bfac3ed714258b152
040c3b1cd2fbb4aeca09d3a63
27d45d14db6b59a61c25b4654
3d9477cd09467b93bfa0a2f33
05ee73233b98001866904922a
4872a9773e95cc51e8c68d248
3fa3d77f858e1fbe400000001
2e492bb11d1f14ac801e77ccc
2261f79f83267b2cacb156643
00097b5e3fa2c49f764e2e054
56c41d95275b9638bfc000003
007fffff9f800000000000000
007fffff9f800000000000001
007fffff9f800000000000002
007fffff9f800000000000003
007fffff9f800000000000004
407fffff9f800000000000000
407fffff9f800000000000001
407fffff9f800000000000002
407fffff9f800000000000003
407fffff9f800000000000004
007fffff9f400000000000000
007fffff9f400000000000001
007fffff9f400000000000002
007fffff9f400000000000003
007fffff9f400000000000004
407fffff9f400000000000000
407fffff9f400000000000001
407fffff9f400000000000002
407fffff9f400000000000003
407fffff9f400000000000004
007fffff9fc00000800000000
007fffff9fc00000800000001
007fffff9fc00000800000002
007fffff9fc00000800000003
007fffff9fc00000800000004
407fffff9fc00000800000000
407fffff9fc00000800000001
407fffff9fc00000800000002
407fffff9fc00000800000003
407fffff9fc00000800000004
0000000080000000800000000
0000000080000000800000001
0000000080000000800000002
0000000080000000800000003
0000000080000000800000004
4000000080000000800000000
4000000080000000800000001
4000000080000000800000002
4000000080000000800000003
4000000080000000800000004
000000009fc00000000000000
000000009fc00000000000001
000000009fc00000000000002
000000009fc00000000000003
000000009fc00000000000004
400000009fc00000000000000
400000009fc00000000000001
400000009fc00000000000002
400000009fc00000000000003
400000009fc00000000000004
