3f80000000000001000000000000000010
3f80000000000001000000001000000010
3f80000000000001000000002000000010
3f80000000000001000000003000000010
3f80000000000001000000004000000010
000000013f8000000da2426000da242601
000000013f8000000da2426010da242601
000000013f8000000da2426020da242601
000000013f8000000da2426030da242611
000000013f8000000da2426040da242601
3f800000007fffff000000000007fffff0
3f800000007fffff000000001007fffff0
3f800000007fffff000000002007fffff0
3f800000007fffff000000003007fffff0
3f800000007fffff000000004007fffff0
007fffff3f8000000da2426000da242601
007fffff3f8000000da2426010da242601
007fffff3f8000000da2426020da242601
007fffff3f8000000da2426030da242611
007fffff3f8000000da2426040da242601
3f80000000000002000000000000000020
3f80000000000002000000001000000020
3f80000000000002000000002000000020
3f80000000000002000000003000000020
3f80000000000002000000004000000020
000000023f8000000da2426000da242601
000000023f8000000da2426010da242601
000000023f8000000da2426020da242601
000000023f8000000da2426030da242611
000000023f8000000da2426040da242601
3f80000000400000000000000004000000
3f80000000400000000000001004000000
3f80000000400000000000002004000000
3f80000000400000000000003004000000
3f80000000400000000000004004000000
004000003f8000000da2426000da242601
004000003f8000000da2426010da242601
004000003f8000000da2426020da242601
004000003f8000000da2426030da242611
004000003f8000000da2426040da242601
008000003f000000800000000004000000
008000003f000000800000001004000000
008000003f000000800000002004000000
008000003f000000800000003004000000
008000003f000000800000004004000000
0d8000002b800000000000000000002000
0d8000002b800000000000001000002000
0d8000002b800000000000002000002000
0d8000002b800000000000003000002000
0d8000002b800000000000004000002000
000000013f800000000000000000000010
000000013f800000000000001000000010
000000013f800000000000002000000010
000000013f800000000000003000000010
000000013f800000000000004000000010
7f8000013f8000003f80000007fc000008
7f8000013f8000003f80000017fc000008
7f8000013f8000003f80000027fc000008
7f8000013f8000003f80000037fc000008
7f8000013f8000003f80000047fc000008
3f8000007f8000013f80000007fc000008
3f8000007f8000013f80000017fc000008
3f8000007f8000013f80000027fc000008
3f8000007f8000013f80000037fc000008
3f8000007f8000013f80000047fc000008
3f8000003f8000007f80000107fc000008
3f8000003f8000007f80000117fc000008
3f8000003f8000007f80000127fc000008
3f8000003f8000007f80000137fc000008
3f8000003f8000007f80000147fc000008
7fc0dead3f8000003f80000007fc000000
7fc0dead3f8000003f80000017fc000000
7fc0dead3f8000003f80000027fc000000
7fc0dead3f8000003f80000037fc000000
7fc0dead3f8000003f80000047fc000000
3f8000007fc0dead3f80000007fc000000
3f8000007fc0dead3f80000017fc000000
3f8000007fc0dead3f80000027fc000000
3f8000007fc0dead3f80000037fc000000
3f8000007fc0dead3f80000047fc000000
3f8000003f8000007fc0dead07fc000000
3f8000003f8000007fc0dead17fc000000
3f8000003f8000007fc0dead27fc000000
3f8000003f8000007fc0dead37fc000000
3f8000003f8000007fc0dead47fc000000
800000003f800000000000000000000000
800000003f800000000000001000000000
800000003f800000000000002800000000
800000003f800000000000003000000000
800000003f800000000000004000000000
000000003f800000800000000000000000
000000003f800000800000001000000000
000000003f800000800000002800000000
000000003f800000800000003000000000
000000003f800000800000004000000000
800000003f800000800000000800000000
800000003f800000800000001800000000
800000003f800000800000002800000000
800000003f800000800000003800000000
800000003f800000800000004800000000
3f800000bf8000003f8000000000000000
3f800000bf8000003f8000001000000000
3f800000bf8000003f8000002800000000
3f800000bf8000003f8000003000000000
3f800000bf8000003f8000004000000000
7f7fffff400000000000000007f8000005
7f7fffff400000000000000017f7fffff5
7f7fffff400000000000000027f7fffff5
7f7fffff400000000000000037f8000005
7f7fffff400000000000000047f8000005
7f7fffff7f7fffff0000000007f8000005
7f7fffff7f7fffff0000000017f7fffff5
7f7fffff7f7fffff0000000027f7fffff5
7f7fffff7f7fffff0000000037f8000005
7f7fffff7f7fffff0000000047f8000005
0080000030800000000000000000000003
0080000030800000000000001000000003
0080000030800000000000002000000003
0080000030800000000000003000000013
0080000030800000000000004000000003
000000013f000000000000000000000003
000000013f000000000000001000000003
000000013f000000000000002000000003
000000013f000000000000003000000013
000000013f000000000000004000000013
00ffffff3f000000000000000008000001
00ffffff3f000000000000001007fffff3
00ffffff3f000000000000002007fffff3
00ffffff3f000000000000003008000001
00ffffff3f000000000000004008000001
008000013f000000000000000004000003
008000013f000000000000001004000003
008000013f000000000000002004000003
008000013f000000000000003004000013
008000013f000000000000004004000013
008000003f7fffff000000000008000001
008000003f7fffff000000001007fffff3
008000003f7fffff000000002007fffff3
008000003f7fffff000000003008000001
008000003f7fffff000000004008000001
3f8008003f800800bf8010000338000000
3f8008003f800800bf8010001338000000
3f8008003f800800bf8010002338000000
3f8008003f800800bf8010003338000000
3f8008003f800800bf8010004338000000
4000000040400000408000000412000000
4000000040400000408000001412000000
4000000040400000408000002412000000
4000000040400000408000003412000000
4000000040400000408000004412000000
3fc0000040000000c04000000000000000
3fc0000040000000c04000001000000000
3fc0000040000000c04000002800000000
3fc0000040000000c04000003000000000
3fc0000040000000c04000004000000000
3f8000013f8000003380000003f8000021
3f8000013f8000003380000013f8000011
3f8000013f8000003380000023f8000011
3f8000013f8000003380000033f8000021
3f8000013f8000003380000043f8000021
3f8000033f8000003380000003f8000041
3f8000033f8000003380000013f8000031
3f8000033f8000003380000023f8000031
3f8000033f8000003380000033f8000041
3f8000033f8000003380000043f8000041
3f8000073f8000003380000003f8000081
3f8000073f8000003380000013f8000071
3f8000073f8000003380000023f8000071
3f8000073f8000003380000033f8000081
3f8000073f8000003380000043f8000081
3f80000f3f8000003380000003f8000101
3f80000f3f8000003380000013f80000f1
3f80000f3f8000003380000023f80000f1
3f80000f3f8000003380000033f8000101
3f80000f3f8000003380000043f8000101
3f80001f3f8000003380000003f8000201
3f80001f3f8000003380000013f80001f1
3f80001f3f8000003380000023f80001f1
3f80001f3f8000003380000033f8000201
3f80001f3f8000003380000043f8000201
3f80003f3f8000003380000003f8000401
3f80003f3f8000003380000013f80003f1
3f80003f3f8000003380000023f80003f1
3f80003f3f8000003380000033f8000401
3f80003f3f8000003380000043f8000401
3f80007f3f8000003380000003f8000801
3f80007f3f8000003380000013f80007f1
3f80007f3f8000003380000023f80007f1
3f80007f3f8000003380000033f8000801
3f80007f3f8000003380000043f8000801
3f8000ff3f8000003380000003f8001001
3f8000ff3f8000003380000013f8000ff1
3f8000ff3f8000003380000023f8000ff1
3f8000ff3f8000003380000033f8001001
3f8000ff3f8000003380000043f8001001
3f8001ff3f8000003380000003f8002001
3f8001ff3f8000003380000013f8001ff1
3f8001ff3f8000003380000023f8001ff1
3f8001ff3f8000003380000033f8002001
3f8001ff3f8000003380000043f8002001
3f8003ff3f8000003380000003f8004001
3f8003ff3f8000003380000013f8003ff1
3f8003ff3f8000003380000023f8003ff1
3f8003ff3f8000003380000033f8004001
3f8003ff3f8000003380000043f8004001
3f8007ff3f8000003380000003f8008001
3f8007ff3f8000003380000013f8007ff1
3f8007ff3f8000003380000023f8007ff1
3f8007ff3f8000003380000033f8008001
3f8007ff3f8000003380000043f8008001
3f800fff3f8000003380000003f8010001
3f800fff3f8000003380000013f800fff1
3f800fff3f8000003380000023f800fff1
3f800fff3f8000003380000033f8010001
3f800fff3f8000003380000043f8010001
3f801fff3f8000003380000003f8020001
3f801fff3f8000003380000013f801fff1
3f801fff3f8000003380000023f801fff1
3f801fff3f8000003380000033f8020001
3f801fff3f8000003380000043f8020001
3f803fff3f8000003380000003f8040001
3f803fff3f8000003380000013f803fff1
3f803fff3f8000003380000023f803fff1
3f803fff3f8000003380000033f8040001
3f803fff3f8000003380000043f8040001
3f807fff3f8000003380000003f8080001
3f807fff3f8000003380000013f807fff1
3f807fff3f8000003380000023f807fff1
3f807fff3f8000003380000033f8080001
3f807fff3f8000003380000043f8080001
3f80ffff3f8000003380000003f8100001
3f80ffff3f8000003380000013f80ffff1
3f80ffff3f8000003380000023f80ffff1
3f80ffff3f8000003380000033f8100001
3f80ffff3f8000003380000043f8100001
3f81ffff3f8000003380000003f8200001
3f81ffff3f8000003380000013f81ffff1
3f81ffff3f8000003380000023f81ffff1
3f81ffff3f8000003380000033f8200001
3f81ffff3f8000003380000043f8200001
3f83ffff3f8000003380000003f8400001
3f83ffff3f8000003380000013f83ffff1
3f83ffff3f8000003380000023f83ffff1
3f83ffff3f8000003380000033f8400001
3f83ffff3f8000003380000043f8400001
3f87ffff3f8000003380000003f8800001
3f87ffff3f8000003380000013f87ffff1
3f87ffff3f8000003380000023f87ffff1
3f87ffff3f8000003380000033f8800001
3f87ffff3f8000003380000043f8800001
3f8fffff3f8000003380000003f9000001
3f8fffff3f8000003380000013f8fffff1
3f8fffff3f8000003380000023f8fffff1
3f8fffff3f8000003380000033f9000001
3f8fffff3f8000003380000043f9000001
3f9fffff3f8000003380000003fa000001
3f9fffff3f8000003380000013f9fffff1
3f9fffff3f8000003380000023f9fffff1
3f9fffff3f8000003380000033fa000001
3f9fffff3f8000003380000043fa000001
3fbfffff3f8000003380000003fc000001
3fbfffff3f8000003380000013fbfffff1
3fbfffff3f8000003380000023fbfffff1
3fbfffff3f8000003380000033fc000001
3fbfffff3f8000003380000043fc000001
3fffffff3f800000338000000400000001
3fffffff3f8000003380000013fffffff1
3fffffff3f8000003380000023fffffff1
3fffffff3f800000338000003400000001
3fffffff3f800000338000004400000001
3f8000003f8000003380000003f8000001
3f8000003f8000003380000013f8000001
3f8000003f8000003380000023f8000001
3f8000003f8000003380000033f8000011
3f8000003f8000003380000043f8000011
3f8000013f8000003380000003f8000021
3f8000013f8000003380000013f8000011
3f8000013f8000003380000023f8000011
3f8000013f8000003380000033f8000021
3f8000013f8000003380000043f8000021
3f8000023f8000003380000003f8000021
3f8000023f8000003380000013f8000021
3f8000023f8000003380000023f8000021
3f8000023f8000003380000033f8000031
3f8000023f8000003380000043f8000031
3fffffff3f8000003300000003fffffff1
3fffffff3f8000003300000013fffffff1
3fffffff3f8000003300000023fffffff1
3fffffff3f800000330000003400000001
3fffffff3f8000003300000043fffffff1
00551bd33b510c87a8d9288d3a8d9288c1
14277f63ff800000ac7bba093ff8000000
b75b057069c013e241955c930e1a455171
a6c9f53b002d242e9dab363629dab36371
000e9f4a1cdba2b4cb3eb7661cb3eb7651
5022c0fc007b95e6000000000111d240b1
0145b9d8b1ebe63319056bfc319056bfc1
9d7162dd4b53f81ed3264adf4d3264adf1
d3c8197e838ad228a74a33f72a74a33f71
7f587cba69c2156a84b50ee107f8000005
0a42657329dbded75b0ed5f005b0ed5f01
c847e03cf3e1b1737fc0000037fc000000
a3af7942e277108e958c215a346a959581
002c650ec2dd159800439f05083173ef71
ff0a7ae91ece3ceeeeaa40f53eeaa40f51
c570f3998d54fafd7028dfa127028dfa11
8ced74d02196b0d9001248f41001248f33
08bb0ab20023b824e7cfa6301e7cfa62f1
b424043f0018df9a41bfccf4141bfccf31
7f800000a9c7747fc2624a010ff8000000
ff800000a9aaefdac0f8a76237f8000000
e474ec0f6c4a75fffedb90944ff8000005
0063dfa4fba2cd64803809e33bc7e0e9b1
b218b5ee5c858f08a58178590cf1f57ae1
005236a7ed2984044557afe604557afe61
00000000e70abe843b8052e433b8052e40
685fe55b8091f1804b4500d624b4500d51
cc350a0dd6edb306800c991f263a818e81
007c72112fbf022f7f80000007f8000000
ff402b23005db203bff372a22c08331f51
b85664c4682adc1db5c419c82e10f17421
21a19649d97ef700f5e1d81d2f5e1d81e1
004ea43a00478580fb7987430fb7987431
db53671d7e511c9600261d2e4ff8000005
7406dfa31d559dd8191595da351e116781
759d39db7709ab0792b1681327f7fffff5
f9cc57443a5b46cdfaca46f44faca51e41
ee8839a9ff800000f43a51c717f8000000
1b6e3c15dc39c0355456ebf045456ebf01
498711435b91798000a1eac90659981c31
0af3e9e694b29e5142acca9c442acca9c1
007281dba6f3ef91949917074949917071
651b841210d5a7ebefbd0e991efbd0e981
50c93fdfb6ff3dbfb97063f42c848a72a1
44a55984e1fc475b470c05e44e722f2351
ff8000001447f7296c8d214d0ff8000000
07046342b0832f404ccecec444ccecec41
002e15cd7f0823c920c8513d33f4410311
006bbd7e897533967f76304a17f7630491
0cf2e5c5abd3092ed191ffb32d191ffb41
0820b6360000000073d6ba0f273d6ba0f0
e03817f6ff8000000045d9cf17f8000000
7f710c0382b24d83e38f7ef70e38f7ef71
a0696273c4dba19ef5e765710f5e765711
0101a4132b36107238b3bdd7138b3bdd71
168645a8502038652328695e42728baa41
2760a75e825ee4897f22bcd127f22bcd01
367585fe003f353e17b99030017b990301
3344e14bf2ce34a60069bc4b4e69e95c81
beb68d8f0ec9b3ee5588d82f15588d82e1
dc94b78cb50af5a80051adff15221734d1
5059daebbfc6877d6e7d4e0446e7d4e041
313ba80be167e28b00377db60d329fab21
e8ce010bff0510fdf4f12b0027f7fffff5
b87752dcd47084ca001fc6ce24d685df81
004399a1001b2b9a4da8b58f04da8b58f1
604c6e7100505877006fd6ee3210052511
00636347004e9eb4b454266e0b454266e1
69781e1d36a2e1a40cf2f8a22609dddbf1
f0a3b188cb0442503d23565207c2923e21
83a21c5dd8500ed65ac517af05ac517af1
35478dd77c616cbe9a9597a14722fb86e1
68bf51d0d0bfd82333c434542fa0f5f921
fe92b68d964b89767671444b27671444b1
005d4db84ae0944957197cb7057197cb71
dac5d6c6da09d2580ee216a24755504fc1
3e5327293870c6f07f14482527f1448251
a4336f3b7218393d59a173732599e1de11
1f82ba5af90519dc861e473b2d907f00b1
59d136820007c523509266d94509266d91
2687c8ed35dbaf7f23490a1f0234911671
d8d12473647a98c2004060781fdccba641
acab1f417f510e43dcfa6b6c3ec8bbe0c1
ebdb8586a8fbae7e5773073f25780422b1
006aeec97f6c2501fb2952970fb2952971
8f2718b086d6cf8d0b3c682930b3c682a1
7f564dfb064f447bc58c0b31145cef9921
6fd561296b28de657f77076327f7fffff5
a41b8b0e50c62b76b5b24ccd4b6155a611
3ca998200a9bf7efd5a4114f2d5a4114f1
1ea7a26b7f6e69544ce9c81405e9c1df81
f041d9287fb3d9ad90e2f4b127fc000008
7f2847fcf6bc7b701ff19ea03ff7fffff5
005f5259589944907f0ceaca37f0ceacb1
c8414297fbacd01b88c11dd527f7fffff5
9e4e41ee6ea4a6a3eec46ab91eec46ab91
b22bec03ab308ecd4a6b3a7614a6b3a761
923e44aac0f566f93de8d5fd43de8d5fd1
22c08cfba23c892caf4e2d9c2af4e2d9d1
00000000d7b66ba15d86f02245d86f0220
80000000007a124782a15c68382a15c680
bddb0a4a7f594134d52a13802fdb9e3831
ee808bfd0de2204bb0151f3d4bce317991
467ec0ad4d3fa6067fc0000037fc000000
274cc41a7fc0000025adb8ff27fc000000
0c20fb10ff80000000033eab2ff8000000
7f4acf63046e879bb9277c6b4443cf83a1
b433c417103b160b52faf35c052faf35c1
6fe5f547718cf8240052ab7717f7fffff5
51c450c70014c33305b67d650117ec0041
80000000e27b30acb6d4a3271b6d4a3270
00513cf7c2160020344d779b2344d779a1
803481a508079111457e3faa1457e3fa91
ff8000007f4f88e5c886b0dc2ff8000000
dfe1e7fa093492a29c9380da4a99f58811
8929b0346022d5379ddb82210a9d7ddab1
915db0e8828d1479001200123001200133
2d4bd672246d3c81000e27274123ce5b51
0e7f37683af833bf3e62828e43e62828e1
49c57ac5d43a4027cadee6da3de8facaf1
3abed7bfe2964596e13364413e135245a1
47071e591051b7c8d3a5ef582d3a5ef581
f64534a9c5f63347fb519c6247ca3748e1
7f0143a20f0aae79d2a134291d2a0a81b1
477b053abd192dde378e80ed0c51633191
593ac608ca84681055ef73a83e44134101
e8b5388e538d792cf744a80b0fcc8646f1
73b7ce3518edd36fa648898604d2ac1b61
983c6b570d8e745fcc6c9daf3cc6c9daf1
003a479d08ad8e9eba173c110ba173c111
be4db4fcb8a4e309b702dcd2437061fee1
3ca939e36625d57dc736e22c2635b3ede1
bb6a4173ffd7675d0067f97017fc000000
a566c226baea7834fccc3bcd0fccc3bcd1
ac24c20ca058de77e68f2c702e68f2c701
0dc086eabdcc48870023cbbe28c19a20e1
94126ee2fd59efdb1d4908c4251f952601
50e010252e700092a03186f613fd20fa21
cf64d68e00000000f8b92d171f8b92d170
243e29457f7c4abf004470ba3643b68261
13bf0825171822797f26fad717f26fad71
7d9b63c46242929652ad85b307f8000005
f1b9f28e3fe91361cf7431001f2294bd61
d8577b44e59f095ba9bc932e47e85dd6f1
eaecdb44ff800000203fdba427f8000000
b31a40b2bb61fe8cc61914960c61914961
003ca1c4ecbcb18ac7679c401c7679c401
70f551c22f49962498c7d83e260c12d111
e6bd29578edd43df004633b3336237ed71
1ad1731b4026f5f67a7de14147a7de1411
910ca63e86f992c7824a154c3824a154b1
7fc000007fc0000072b2ce6d37fc000000
7f4df8b603a4a5856ac19d4c26ac19d4c1
f8e5367e372590043d12c84f4f0943d111
7b31b2efe2ce3c76b06e41422ff8000005
ff8271387f72344e7f18f1de27fc000008
21422f1c1413a95e7fc0000017fc000000
339109797fc000007f50fb6e17fc000000
b4dc41987f1909f47f80000007f8000000
7f06ef6380000000da34aefa0da34aefa0
cc8d18d20015f8780030e94548c41bfb61
8294cdde1bdd80feb08a1c324b08a1c321
2a443acb782a2547bdd1b92f463026b9e1
3fd478a07f2639507fc0000007fc000000
0b7c25701617938cff8000002ff8000000
8e4f21af20cc132a0079fadb00079fadb3
ff800000ddeafad048be87fa27f8000000
470d941bff800000e3fc95423ff8000000
7f2a4a517f53ac29080255e037f8000005
94d6109ecabb8845735137072735137071
6462bfbc8913459037f209e7037f209d71
82e1a522ab419d64a64891242a64891241
bcab6149e15c5c5dc4e39e3f05e9385701
529337a78c2409400002c3b549f3ca9f11
2029a95ef18ab3a37f46e44317f46e4421
64688b765d2faa847f7214d427f7fffff5
0068c787105848d853e4a1b4253e4a1b41
80904dcdf22276f7f3009f3b2f3009f3b1
7eeed59ccdfd04115a38f1d02ff8000005
05365cea005911368e7bfe3518e7bfe341
1787ba2a006799a45b0abd1d25b0abd1d1
68ac0fb000330fefb58998b64b58998b61
dbef431273eaa3526a4e08550ff8000005
0b53346618873329f0d906da4f0d906da1
2c09696d6a2f51ee7f80000047f8000000
5f3ca770abde35d9e2181d012e2181d021
b2b0db097f2c50e1801a2dab0f26e16141
38f48dcdfcac590cd6f6caa11f624a4561
13f5add10329a6d63c5774bb03c5774bb1
d8fff6378c878c6a443b86683443b86691
e7aebbc6a5ad1a6653dc1b1f153dc29e31
867e27d97f8000000023d1510ff8000000
7f60b8e5eeef127881c8979f1ff7fffff5
bd8072fc0076ecae9009b45619009b4561
c93f9bab000395a784aaf7c5387ae61451
004014adcecae50fe9d6c1a63e9d6c1a61
bd202644ec9a10f4add589d506a40c3401
7f7251d2db889e9538596e394ff8000005
24e1767398daf2311b31206501b3120651
7f5f4a146e88a539002710a827f7fffff5
b2ba5389001e86b109b822f6009b822f61
7f800000001939893e52a64e17f8000000
bcbe79a37f6504e3796a1fec3fca892311
c0998e256be68aba004bcf293ed0a48eb1
2eec87928deab7dae55312212e55312221
038870a749b0110636107f4e336107f4f1
a47f5b6616287206c2d819fc0c2d819fc1
b0122e170006676e1eff996d11eff996c1
639354e6e12ffa65c33b493d4ff8000005
5bd9415b0f7b4ad6fed915d31fed915d21
0036d12dbf9e52097f80000047f8000000
fe95e869ae68475481eb924926d8804631
003db29b3dce2aa56d5705aa46d5705aa1
007842b37f7f350df5336f3d3f5336f3c1
c7cbbe7d006452a2460c62a83460c62a81
051080781cc53002000000001000000003
4874e5faa2fec2f77e53284e17e53284d1
939bb66d312840ff0af21d4e30af203b91
800000007f106f8f4fab92dc44fab92dc0
39e82bb6005c91130cb1fb9c10cb1fb9c1
b020802260f4b8f3bdba97161d1996e141
1aebd595f1d3de74e82f3ac90e82f3ac91
b60429114ae28db72fe48c030c169ead41
b485da4f2077a6fd5dbd7bd835dbd7bd81
ebcb4796b70f368814c42d4f4636370941
505fda9a466001d54676d63135743e0e11
001cd05c747f7f313df5552633df555431
1fef5d0066c0d2aa556e241f3556e24201
911f91607d6bb30cd28f080b4d2902ddf1
3d149fc933b02efda609bcc63314c92421
cdec4356f5495d08002e0a7307f8000005
40a5dd73d6ed34c77a9292a837a9292a81
9053f4ec27c01170c9c40ab20c9c40ab21
81d6b7036bf5f390f0fc52994f0fc52991
7a36951b7f800000c8adf95d17f8000000
7f38a507b59bc9087f3fdb0d37f3fdaff1
fa9456c1d71ae3cc2b25022507f8000005
c607498bf86147cffbd0169c47eeadad11
e05cd4496b2232c71afb92e83ff7fffff5
7ed509457f8000000040f46d47f8000000
da16503ba07a387d7fc0000007fc000000
021e9c707cf33131ca61df7f2ca61df7b1
d2e218c73a40f69f034b862c1cdaa6c651
610cc191db940cb374b1b6094fd22cd6e1
800000004744140145e6fe79245e6fe790
23db7aa9011d01efafd3ff054afd3ff051
0032dc77284659012d1d0fd532d1d0fd61
e69bc82491d9e4480f253e522390497901
002354300014515539d4875c439d4875c1
7f1e0cfafd83b85aea70f38c4ff8000005
ac32b004dfbc7219ff8000004ff8000000
003b29ca5e90d75eed3d62ab4ed3d62ab1
5d2bfb2b29891f600028cae9247383cfb1
eed0140a00785ea7be48a6684be48a6681
cf799bfa1131623b08c206473a12cf49f1
0031836c2afc31d74b80aed324b80aed31
dd5269b1c855f6c0940c8e792662fdcbf1
25093ed0b83b0f634b5a448a24b5a44891
7f363667e12469457fc0000007fc000000
0133649dadcaa9daa64e81553a64e81551
0050e6b2a3a2f22e052e62d81052e62d71
19f3af602004da107ee2376d17ee2376d1
007b9eb49307f4e34c478d4b14c478d4a1
80000000dc123c1fdcbe163f3dcbe163f0
3e10489a4b60c120f44685a43f44685a31
6d7d394fd4683fcab1ab91d70ff8000005
001446ce0069f845462907650462907651
7f53dd96840daedb000000004c3ea83831
7f06fe299b9c2f7b7acf7e1e07acf7e1e1
7ff1f06b93e0fb960d91836f17fc000000
9c7685d4e20e6805519448270519448271
1a057714ee8224c7ae0e7cfa2c907b34a1
6c5b62f188c84577e6610b6a2e6610b6b1
16d212658a1906a7b187b4214b187b4211
55103187963e5937ece719ab3ece719ab1
062b2f6bde9570a0a222576a4a54a65301
ff800000d2bbd1b8c8099cfd27f8000000
033ab8dc7f80000074794f2417f8000000
0015e6c67049aa74c27a79b23c27a79b11
c8a586c52053a0817f716e3627f716e351
edf43d7392194191a25d2e5a4409237481
482a8f9c7f6b50001c58dfae17f7fffff5
7f52af4a7f5b7c61e174948737f8000005
44bea232fc6b9ba66df14f971ff7fffff5
2e8cbb47e38b74e3e9a64ab24e9a64ab21
fd4f93457aecc36fff8000002ff8000000
6f4d8aa1142d0a960065720b2440aef2e1
7f243862aec7d4ed2bc43b1b3ee80306a1
8e277e9cedac8e6bd63b2b774d63b2b771
6b47ceda65666ab8727fcb1147f8000005
beb91c455a37c9a67e4a4fed17e4a4fec1
1e0c034f7135e91d2fef858544fc6fbab1
7f23d3ed0011e189d6273f4c2d6273f4c1
e0a7d226db9f75cfde3fe19a07cd111811
098b3ca45f2d5c3a2357ad3f3293ca1c41
1c809582e15738f4ff8000002ff8000000
d30885ed9a1015ac6e98c0ae26e98c0ae1
d5c4c2450070de4c49c3da9e049c3da9e1
2d208fa13b964acd8adc80f80293c86251
03cf03057f743cb3f3578ea01f3578e9f1
5d0ecf82002c101e1cef7c1931d9e31a71
102c26140023d533e1fb7e180e1fb7e181
251d57e8000ac186d58410731d58410721
e071e303000000001687143b41687143b0
0d2d171fc506778b7f44c4f537f44c4f51
4d9943590037bd16f769732e3f769732d1
828471ed7bdc145f0029c73a3bee3b8e31
19f3b2e3c2c973baa7ea7dc61a7ea7dcb1
775fa5897f290790b75da73d47f8000005
d2510d5d0059174d876dd1591931181591
866466ecc3743c75235057dc3235057dd1
007c3362dd0700a547e77708147e777071
7f800000004e71120030986937f8000000
35fcf755400d2b8f4c80f26d44c80f26d1
dd57967f793b213e1e01241d3ff7fffff5
00000000482f928b4780f53d24780f53d0
000000006bb9e51ce1e632bb2e1e632bb0
3e233589b84ebcd6d206e3ca2d206e3cb1
a2d9d8c30033334865ac7b2f265ac7b2e1
299a8629b16f3140f20df1fc4f20df1fc1
ff800000004bb2a6b0b231014ff8000000
a546ca4f70adeed875189ad0075189ad01
7f80000007a9c776d46f891217f8000000
5ff6b50d5c06ac3f5474d04127c81c8c31
54e557540019cb7e9ca7313249ca730791
b48845e64938854e7f5ef2ab27f5ef2aa1
090f07ad5fdb626d383a71ac0383a71ac1
9a67b8eac3dbc1aee11d2ce60e11d2ce61
800000007f46d4fd543974572543974570
df3083290049cfdf6136f13c36136f13c1
66fa5f757f5d4048883ea67447f8000005
1d0e012034a1990c41d340e0141d340e01
003ed139617e940b87135bb9121f9dfa81
ed657426f0752eca0068f11207f8000005
3c93124e8c8b76c17f59f98727f59f9861
0da0b2407f2498eb000ec6cf24d4ea45c1
0d557a99adaf3cfe635694843635694841
7f131a447ae9e6bfd280d45107f8000005
ab3ce2020023879f877dc0ba4877dc0ba1
ece7629678a4e0322dac16343ff7fffff5
326ece350afcc4f9f8aa733f0f8aa733f1
500ede6974b38e267b857c1307f8000005
37e3dfd30006c19c873e72bd1873e72bc1
8c996c53001e4523ea64f81c1ea64f81c1
935699a5b173054a15d06235015d062351
91815911c56938c25bfc458905bfc45891
bd8e3a3a006377048aef6d0f38aef6d0f1
0030739ff19ced6d6263dffd06263dffd1
006bba79004de7817f80000037f8000000
ad911841fa31cef3cd792f2e168498e201
818de88d21c36fa6ee4845030ee4845031
f18e50d0a0eeee256846393f46846393f1
b951dcee8f724067c188e13e3c188e13d1
041f94db0039808a5e7a916b35e7a916c1
d3978261ed7568b15967d58927f7fffff5
c725d6ab0fd96d3b00413b6b4978cd9ba1
7f6742d626d49bbfb1e6fad1466c0100b1
d1280a8c98abcd45c4e718d22c4e718d21
5a5d552ff4ed70fb731216320ff8000005
7e643519b5c48733925d35372f4af312d1
0012f021d6d880c277724fa3077724fa31
77a61c071dac9684ae601325455dff8fe1
4485f467b325d398d8abf3234d8abf3231
eabd520a1bfa0e03530c2b540530c2b531
2452fcd24c80b0d9be55fdb82be55fdb81
0026db42d82a32a17f37f82a17f37f8291
354a5bc5622d909c92b7d2252580932531
361715880b2c687505f5cb85005f697051
ba5ba853ff80000035a5675837f8000000
69c98bd60015eeb63749abcf33749abd01
000000007e948ba37f41241907f4124190
453442b6c7617fd3180596800cd1ec8a41
04b1d49b000393713fd0399703fd039971
7f23fc64ba93960ecaacfe8d3fa3d14181
ea59944ce1bbc40170370b0937f8000005
b961c59efa0dd295dd630456473fa271f1
42b2c5e80043c965e485470c2e485470c1
cbde2f7b0043c66d0bf1ae4448be4e6e01
cc69fcba16e0c27c6bca486d26bca486c1
14418b1ecff5f199004ed2314a4b9f0cb1
75f57a2f481d90ab39db88d237e9716a81
e04c69e36e582b8634f164963ff7fffff5
674b30c87f5fd78be284a1de17f7fffff5
caa29dfcc72a4dd09905512b252585cad1
978499031a1a57027f64cfb737f64cfb71
4b2b711adcbd09f55e7adaae0e87d32471
5aa99bc9f69e12c87f2278b30ff8000005
1e865bce66d416c84e6cff3c14e6cffab1
7d92bb023252f7b2cef7616827071d6c01
7f566f21b2c8e974006379533f2a84a5e1
9074a609a56d3508173c4d574173c4d571
0023d944b78a179b6704875b46704875b1
7f7002b122e6352c89df283a062d7d4451
e7f40ff507758fcc38e4915e338e491241
ea9281ae5614f57e9dd640731ff7fffff5
2c4dbfab44a7a1c7327986a50329e71d61
881806f1c3d9465f409f1a2b4409f1a2b1
121a17ec3050220e1da9e93521da9e9351
220e258c8c2196c16a8333ad36a8333ad1
00468edaeca7fd24ecf01f471ecf01f471
7f3463e89a01a8fb7f658cae07f658cae1
ae14ee95f8efb0528950d5e42678b71501
0054fc8178475fbea7e13c904390460221
00000000289d7667007b43ba0007b43ba0
8bc9c2ab10b1f6b02193f55542193f5551
d718f9f44f3eb11eba685ed72e6e3e6b41
6867bea10072aea2b4aba6790b4aba6771
f61dd9b0ef0b7c950097fd5027f7fffff5
7dedeaf3b43e92e58a6715932f2b11ce61
3ac7bd8acfcc0083a06b9ebe4cb1f2b701
0065ff491fa5c3022b60b95922b60b9591
50d02ae57f5655faf1d00bab27f7fffff5
7a380618cff6352b7f2fa9214ff8000005
ad07900c48bc334ca77fd87f0b64751e61
63721aaaf0ec73b8e583dbc82ff8000005
6227f27f96d3a3c451ca2785151ca27841
fe27d86a7f69d70253a81cb93ff7fffff5
e3ffda446fb2acf6001873540ff8000005
f3e3763b18636fe5f9dbf6080f9dbf6081
0f73c2277650aceff0ae7da81f0ae7da71
a4e2ccaa7fc000007b8e95e137fc000000
faa416cd83251ab091b8258b43e53a79b1
c900c6ef000000004fa5c38f44fa5c38f0
006734d57f3b745b3fdbaf47240827e511
f69c09927f0c5022bcc5ea7d2ff8000005
000662353da4f6075ca915ea35ca915eb1
b366703a80000000529a6d4a3529a6d4a0
e83076dd772406f1f82a4ab40ff8000005
11a8ce446ba3dd62a28366a943dd81aa01
22e1409317e47f39813977fb381396b6a1
f8b47887e2afb85d7313480407f8000005
18fae87600012058002928792002928793
4493c53d040da8d9a5c69edc2a5c69edc1
aa3e3b92be4526a27fc0000007fc000000
0000000067ac91ff08c13f11308c13f110
99580f0bdae25fd66a75024716a7502471
de0de3fa6bd15f810055f0473ff7fffff5
0006d63f6ed637d93f8b070b33f8b070c1
18eeea0d0fcc98147fc0000017fc000000
6a450bd357759e309ade641c27f7fffff5
cb1f160b00288ba8871feed608b4a31c81
0674068ca55642f27ad8e75e07ad8e75e1
958054a6014761fd7f698caa37f698caa1
66c2986be99367d6dd4230084ff8000005
6953ad12456de120c37f684236f44b1601
007831bd7f31c39e11e74acc04026ec771
9aa74f73544b5a9283ae8b9f3af84e7311
003cff8058521cc539217bf1139217bf11
3a25c9657e32cab9dde19bfe078e792a21
7f7ad9c64d0cb8ed89d7dbe407f8000005
498697971aeac601bce100173bce100161
7f3a02c4467f09ccb5bfed1017f7fffff5
7f800000f7ff3f4d112199ea2ff8000000
aa33faf645ee82828d43605b0b0a7af121
acf01c120000da70a30b12182a30b12191
a3946be0c562cf394e0d4ca124e0d4ca11
509af3bf7f800000e0ee93cc17f8000000
fe0cc6a700758a2f8d6b2b273bf01458e1
4ee0195ce4d11be07f747a6247f747a5f1
e9eadb7875faa77364f1d5a40ff8000005
448517786b7a2f927f08ac3c47f08ac3c1
8aa5ac42003d123e8226860d18226860d1
c3358279e01a6ac6bfa78ab7463daf8621
30c6e9387f000f50026381552704701031
7f601394c79b5b59aeba54463ff7fffff5
d2cdbdd2da5bbde07f59b67e17f59b67e1
cc0cee54397ed5d63810a4f74c60c4a2f1
598d943a96224205dd376bc72dd376bc81
f8ff29aa9dcc74263a6524623574bc8f91
193d0bb07f02e2a01c716724058c14e941
7e86d86ca1245c37b06f119f0e02d26701
1b7b89f23e690e48c7353b172c7353b171
7f8000002b32dcbc0eb9e33d17f8000000
003e5d6f82d09531027dfc7e2027dfc7d1
835173cc6efb616fca8627854ca8627851
42939f30795d0f3f7fc0000027fc000000
d9c0c7459bee7ec0ee6106a62ee6106a61
ce8d145ca1f25f1267ea3634467ea36341
671f6dacc9f53303a1b833604f198b3ba1
e7f3899700473c55f2cb97b64f2cb97b61
bf4f1e8e0a663c31006c525208a3a46191
5dc619ed7bba8168e01cac3907f8000005
32e06bba88a48de1990177144990177141
cc366806002b06dfa834fc080a834fc081
06da8d873bca2acd09b6d72f209b6dc931
bc60aeece54abef97145bb7117145bb711
b6b1f7211df32bc2b59f1efa3b59f1efa1
93908804de2f156827150dc733245b2241
765d52873e79109f8118ca664755753a41
6ef46be830660569007fd42d15fdb9e1c1
1a52a6d87f800000b6cd3da807f8000000
4fceec3d9deeccd73b735a2503b735a251
6389587197f9593c0033c5b33bc05c6e51
aef5bff47fc0000018da772b37fc000000
e4c10eefdb83b7b3232bb18317f7fffff5
7f6a177c72c81666bbf9eabe37f8000005
3982bc3e7f7e5d448b4c6f2e37981e6671
bde4be2e3bfe2eafa6378a781ba631e681
1d1745cc0821a2e74c80291904c8029191
002d6f682b0d4cc70b24b8c200b24b8c21
7f3877d5f3848bb5d178cc640ff8000005
828eb881d4f31388c6302f201c6302f1f1
a59dd199f015e219ff8000001ff8000000
e52ab763002081b2d749fe784d749fe781
e5db5f3a80000000a0960eba1a0960eba0
006d9f4a7f1f9362cd3f10870cd3f10871
006e0d4edbeb8c137f699ead17f699eac1
6eabea73b3b047af6409a400163d817561
1cf178e9c1d658ec1e5afeee09f136f371
1d3e127d80186dee3b556a7923b556a781
9ec1cdced7e2399240875db8140875dcd1
c904495f823a07ea9b435e1a09b435e1a1
67078191a9dfe5e05ebea3d205ebea3d21
3ae7536fce0eaba533f881271c980eb611
25643c717fc00000cdcf24da17fc000000
29fbe7ea187139207046c80617046c8061
044ea7a92371d8eca42319a44a42319a41
dd890096000712cf678049141678049131
79ccf20adf01131a006ddc4b1ff7fffff5
72936068f7656767ff8000003ff8000000
00390239004a215eea8a30391ea8a30381
0060010038a1dd0bf041b4db2f041b4db1
7fc000007bcdf4aa79984c2837fc000000
e0254b6595b31c584fad275544fad27551
3b08ee27d4c4f2ee2ccfa73d3d052b08c1
9cf061a6357e2222e468e72a4e468e72a1
0052af7c6ae0ac87ac366f7d3abdbbc6d1
12e04a10d6ac87db004e517b1aa1728c91
d723220e5c0a8e7f5bf9ddb42f3b096531
c2eb1af173ca3dc60003152d0f739bbfd1
819bf0cd2a310d097a26c61e47a26c61e1
2dabcc77005050d74981094e34981094f1
ff800000336118d00e275d8f3ff8000000
65c9173ca456ff48800000004caa8e1f31
1f20f81d7b4b8f60c1745f2b15afffdcb1
001890779d50535ef3f541c94f3f541c91
003d94a62f2a81fb018e51ee2018e51ee1
5bc0d5e6db01f05e064a2b5b0f743c1b01
07eac7db0a30a946dc78de593dc78de581
7f7460f57fc00000597f8e5237fc000000
3d7b4a5649cdf2121a17e80c047ca28251
3c226299b849a11edff344e44dff344e41
005b96c7451fb5a4fdda74963fdda74951
7f283422eeffa2d85dc98afc3ff7fffff5
0035a1c426267fbca45890fc3a45890fb1
997e79478fc4d6851e2f19b721e2f19b71
a4801d87274feacf287477940287477941
0a3c7d16e2bfbbd522b1f90b4ad8d2b9d1
d3cb16bc6557d3807a9bf7ea07a6253e31
00679d906bb8e9440fff56c302c95af531
37d36a9e068cddce84104884384102b6e1
a5d469a0003d864f10ec4fcf210ec4fce1
b1a0f49669dd8fe9d7edecee3dc0bc4971
007606957f7e7bba790d43c84790d43c81
cfee1fa8a5253f62d804d9c72d804d9c71
a3a4f4a17f3970e37f1e2a8b07f1e2a8b1
4701e6c732c595ec3daba53943dad36441
fddc01cf006394642643505c1beab28741
002d37061743ec519fae898439fae89831
3a9852c44aed1b1bc36bc6343460965a81
67aa5e6ac9d430f09614c7ae3f20d36c11
e9c9c1b4f389fcc7257d1e7337f8000005
5d7176d6bd8fe1b8b50ce3b73db87b6481
70d8348cfc0cb62e97f5ed173ff7fffff5
4a157f557a7984640678ae6807f8000005
396c47f8652ec8f9001af25c05f2152691
7f4e521e69bf388f2fa83ec127f7fffff5
c0fe16934c080a59f26da8524f26da8521
800000005cbf68b4d80a74191d80a74190
7f50d1592a2ab41a7f56d98517f56d9851
3ac67346ed8ef2727f13a74707f13a7471
a92a2e75bed303fab6d2068f3b6d2068e1
f7ce113090885626e097570c2e097570c1
683c72546864cff1e1a2e27927f7fffff5
c5654f0f708f3257124d89d52f68044411
ae13f2a132524bf9007abc393a0f311e01
4ffdbe703a90c9767fc0000007fc000000
7f655322e14920e9b94f571f4ff8000005
006ccf85675e8f06bcfec9092bcfec9091
f832ffcf9937196f7f653fec47f653fec1
000000006cac1704520219792520219790
0b4925d7bab78835000300992869034e31
d4000198eddabd9145f887ff47f8000005
6d438ee5d2cc30ce095a7c2b2ff8000005
083fca34110563546f20db7416f20db741
699f36cef0db77c2ff43cc0d2ff8000005
7f286a9d0010a930006fe03123eaf5f7c1
001264d0276e8a3f999ea1c53999ea1c41
7c8cc7e23809ca7682884ea1175178c9d1
80e334147fde2f7f7f01a64047fc000000
8d630e0d7f332c237322dab407322dab41
f01061be50b3051a38fc5de32ff8000005
a354e4317f27c2b402c4dd302e30b82c71
4dd755cbff800000005cd06d0ff8000000
f1755227e3d002c460a3b8d207f8000005
0021c069a7163c96da2219c41da2219c41
80000000cfbeb5c4006e2e4d2006e2e4d0
d3c27672722279444ea4107a0ff8000005
00655c18e22d8eab0de8aaca4a3096f721
fdfddbf66a2c605ad0ac5c043ff7fffff5
d5a3a13e007001527f24f88227f24f8811
7fc000007d3e8ce300076a1937fc000000
1a430d2ce65ebcf0e5ef4ecd3e5ef4ecd1
f9084883935b18832d10221014ce946291
7f0b23064ef7b89cefeecd9c37f8000005
10c92660c816622300641b234996c53311
7d3f7485ba79f353003e859b3f83aee4f1
4e3c68adc733e2280036b04e4d60463a31
7f80000023f3e84f002a6a2f37f8000000
44a220c3606c6ed11b795fee16595bc621
5f97150a746fb3c794b11aa807f8000005
696a44475a30682f0f90c7ed27f7fffff5
a4e14b7bd3a12ea021880a301390dd9801
4d8b9353ba595bc29cc6770b2c86d03d11
e5cb8a9d5dc5e4bd3a41c7112ff8000005
a74fb67645d3654bff8000001ff8000000
7f222918001c819ba9360d8323f1074bc1
ff800000a8dd8ff27cbc0b1137f8000000
4fa3832c1969f5900005d4ab029956f3c1
80000000440b626f73dc81bc373dc81bc0
9e569777800000000fa00b6900fa00b690
001fd1417f7e36f672ede742472ede7421
006a443c8781efe858b47712358b477121
41bcb95a181a1d38003c28e911a633a141
e51c0e6d62df76bf7f65c8961ff7fffff5
004a7f420988efa82fbb482812fbb48281
5b5315298aa3fea8433ada063433ada061
cdd3b9e4005dc04f7fc0000007fc000000
0981698a7f7fb5f60017dd9134981441d1
cb7d01b9007a26180068609838c7170ef1
0b16dd2544e3b0f080000000410862e5d1
7551248e7f68bcb6ff8000000ff8000000
c61c60817f80000037396cca1ff8000000
7f432e760000000075c77c09475c77c090
ddb13223406193b6745b922d2745b922c1
b8de2d904c3c487995fda7951c5a3685b1
e5bd57b0b5c02a297cf092d037cf092d11
237976df308880e1b6b3b0571b6b3b0561
c88d04abebd0f0287f569f5047f569f571
0000000077f511c4f11b5a034f11b5a030
63a7bdd3f6abcc16ea27f88c4ff8000005
7f6928f87f63137e7f62eb8c47f8000005
00306e4c24b660e27f80000027f8000000
0053a2c129804542d7bd9ed42d7bd9ed41
e607f8f5514d029ed17d8f840f7d9c7801
7f80000007be53fe2a6fe75a27f8000000
abc6fcbf7f14932b8c8c79442eb66f9061
e0ca3379171a50ab0b99f8d52b873c55c1
7f15e1d9c1d7846446c75e5a2ff8000005
68804e40c067248b2a88d6b13e967b1d81
da5a73bc8ee173c0c896a8ad4c896a8ad1
e6b50e2e55f7ccea0f47269b3fd2f419b1
7fc00000f54d1bd66f27d3c047fc000000
757169f6cf600429c0f07ab40ff8000005
b4a4a85c41778df28dfd72684b69f39bd1
00537c73c380197e9334bf0549334bf051
00000000362b5a39a80cb7772a80cb7770
4a0fa458c08e75b2b08eadc83cb1fde651
e5bfad0c7f44d0d5a6a2bfa81ff7fffff5
5ec5edb806a4b73fba7c1df43ba7c1df31
c4ceb7bf000e138179c87e6f079c87e6f1
00234c010fe2aac8075cd45e0075cd45e1
003fb05884b9612026f8be13026f8be131
86d1446addf195b3413615222413615221
002d41a880000000b4cd35570b4cd35570
d36c0b6d2d9c2a237f0d193d47f0d193d1
ae23b643ff800000d0c08ce927f8000000
00430845000e7d14892242cc2892242cc1
000000003ae8a3c42621fec422621fec40
9683e934ed1aa40d2c04c69d1441f5da21
d6901e16e1b8455c0224d0d2378cf79581
00000000003a03720044e4e310044e4e30
6facca21930cd5727f80000007f8000000
2dc3c3511a3d2b4bde5a105c2de5a105c1
6fc3931894b27b4a9c5352071c5085a761
8d8aba5e7fc0000000388d2a37fc000000
b0224f25f329fdbddc67f1ac063d78c6f1
001bcd9c648fc9af7e5eab3747e5eab371
c00e6352151b540a35151a67435151a671
8fa0a0817f39fa8d4f37e4b60ce45f6bb1
bf598adc7f7dbb554609b5f80ff579d6c1
7fa06a8a34ac5897fde20ce527fc000008
9f3befd8935d6c17dac11fec4dac11fec1
de1f2ed1636731387abeccc24ff8000005
48a6a359c94786cc39bf9dc94d281e0b81
feb50b36e2779a457d62d75e47f8000005
3b98ec9efc803f6a7f2e7c0e27f2e77441
d8e215f8a84fa5afe14c7d6d4e14c7d6d1
f521ec4b94c489cc42a2877e14a78a1681
a826cb8318ca5f147f099d0127f099d001
0002c1ce00786f7685042f4e285042f4e1
73bd4466fa5e0f77a82512274ff8000005
8a35cedc04b54fc7002d99211002d99203
f8af41104aa90f04277a90f94ff8000005
800000007f69a9eb652a1bd03652a1bd00
33e1c7c8ce5c0f6b001ff1be4c2c215491
88a1127cb034ade5dea9553c1dea9553b1
e7c29d0eb9f8de893cf7f1d22623d31511
064487857f800000e44e47d717f8000000
4ad87dd2a6764c833c67f9e903c67f9e21
0005ffa69e29c9ad0b19037b30b19037b1
7f62c116b1d094f19288e6733f1b8c0ce1
6612b49fdad9e491dfcb93d10ff8000005
b8b92dd97bbd73c5ca8b8e604f5090a971
7f249a15b63b8e26bbce71fa2f5f12fe71
69cbc96790d412127fc0000007fc000000
7f44dc72cec45f493200a2e52ff8000005
089b5dd497246597b0e4ba183b0e4ba181
e8ea9732adb830d9fa1fc32c2fa1fc32c1
fa4201672a050776df63b4ba0e4c9bd3b1
b345a70db4d893050b122896228a736751
fe15902b208fcdaf21b9e4e54df2807651
9c5f8b9c002ef1c1003894874003894873
36a863dece3a352e5e6d1d1005e6d1d101
5b79d616c348d0960e70ad481df43fad11
80000000dea3358e46182e68146182e680
927e1cc67fc000000075cf1e37fc000000
08fc2b46b3f89c32286cef9e0286cef9e1
5291136a258a3eccefbf329e2efbf329e1
71e01be27f46ebf50c2303c727f7fffff5
b9c824cb00712a1540648d32140648d311
609642f46980bb53cba8541017f7fffff5
8e404c5a1f7b5caffd81378a4fd81378a1
5fb9753e8c1a2a8bb891bc632b891bc641
3290c543000f11ee7f2878dd47f2878dd1
6df5c2e5293807bc5cc9da1725cca06411
7f80000043d4970adc7501b917f8000000
0024db2e2b72dc8ae72c245b0e72c245b1
3b94f9f96957d083c4b1a4961657b2e8e1
395de6ca3c0bc7e0c78750223c78750211
61129a9bd447009db14ef2fa4f5e3ed111
b11d9f4179c033d200227b5b1eb6caeb11
54374c757fc000007e507b1927fc000000
488f58e3026b1a35ead2426f0ead2426f1
6d90542d0cee86d07f1f203037f1f20311
12eeae8fd4d1ab4ed1a9c5974d1a9c5971
80000000ff8000001dc03ea507fc000008
18ece6903e476e43c602ca641c602ca631
b31a3adc0c99d26121eb75d1221eb75d01
7f1636197f78411b00500f1e07f8000005
c6114f4ffbdea5a914e35acc17f7fffff5
09754a6584b401b5a675b6bb1a675b6bb1
fa1bc48f7e8f9c897fc0000027fc000000
0c25ce900027991a6d69c35b36d69c35c1
006e8dad00590307796d5fce0796d5fce1
0077852cd5c6db5e3709cc7713709cc761
65bd8ef962bdbeedff8000004ff8000000
c46f52f237a214443035ef632bc97856f1
0023cbe4247ef10f7f583c7c27f583c7c1
945041cd8bed06a6800000000000000003
2b10b081cf4a003ece355a321ce355a321
00248ae96ea6f345f66d1bfa0f66d1bfa1
ff80000084abdbbdf15ad30607f8000000
19fd4f0b0e7791bc004a5fb84004a5fb83
b564a1c19bbb2d60a8127dd84a8127dd81
469525ddc80fcd3060b4fd5c260b4fd5b1
5b3558fce4bdd5a05daadf1d3ff7fffff5
7f80000043269338cd4e02ed47f8000000
65cfc559fe313dd30027f82a2ff8000005
a6c4006652fabd14cb09888b0cb09888b1
e51cba7e212941363bf859dc4c6cf3e0f1
dfb5e5748d30bef13efcad3613efcad361
fa1626f61969bb276a71152f16a71152e1
b59f51247f51fd330c5a5abc3f582aed11
d2628ce7b833c949245aa92714b1f1aa61
638315ed01fcfadd0b3fd0a1126018a091
c234d0d09cc7aafc36f17cb4236f17cb41
ab69fe52ef930291043edcb115b865f611
3c8d473c34d0aa4cb4cfd4c34b4cc3b841
007d1c3040b5c03200321a3f101be2c461
65b5376c006ebf34000c4fa02269cca531
415f73e0444afb2765ad3450265ad34501
7fc00000006af22c3866ee5c37fc000000
ad55f8613cf55fe5000e2c9a3aacd16db1
0ee8c38e11904dc8ec7d75f62ec7d75f61
cbbc6f97ad0299a9067c1e5643940438c1
9c00b91f09c92387000000003800000003
5cf326cc5f98deaa8000000037d1132871
c8c68a4e7fc00000d58f506d47fc000000
3851fe4170dab336120772a3069b365841
cf0c1e58e3e45bba7282e1751739db5981
8245e068bb8f0bfe441adac00441adac01
fd9233a9af391d23000c1bfe36d536ff21
501be1dd96d694d37f27658347f2765831
7c981b33c04d31f1386a68c60fd73d6e81
54b973ddda65cdeccd73eb9a4efa679d11
619c3e421c2f221d0000000033e55c6c31
db24f41e0d0c67a18f4b09cc4a8b4f08d1
3fa3ece80017eaeb086980432086980801
c47ca8590262c753131465f34131465f21
20d1827f4859312f7f61ff8427f61ff841
007d1858225cc3de0027a22100027a2213
0034ed328f348949556b1fc44556b1fc41
a62aa35fb1b0e0a40035f3f54186bcc1b1
96fbeb017f7790297f0d151c07f0d151c1
c33a09410056fdfdafb686e12afb686e21
0000d700e3b5da8c7f2f9d7447f2f9d741
bb0b1230f70fd8ab7fc0000017fc000000
6833f253001f7d8e62e005f3162e005f31
fae198ac6f82af56b0b07f3e2ff8000005
73c8333bec8016ec382b71851ff7fffff5
807101d87f800000c70b97a60ff8000000
006ac9fc33b0420983368d32483368d321
a0c1861139a78413d56c16e02d56c16e11
6c516571ab4f3923df66cfef3df66d2941
a8af707675b25128e454932f1e454b1bb1
bfedb218c015eaaa92e993b20408b328b1
7f1410512f1a50226195658426eb280531
34a9a28700631a243fe53b8a33fe53b8b1
e4310d2b5b63d8c67b5805123ff7fffff5
c2b1fb61b845a1fb6de2ec2e16de2ec2e1
c00c719602d471d5002400f138367f8fe1
a718d0a47e79c17eb79c9ccb4e61516701
7f800000a759d438b069b8a81ff8000000
6a24e7d700638c00796c89fb1796c89fb1
ff800000455a172fa8a614aa3ff8000000
f8904552fea735b008dad6da27f7fffff5
5b129e919ac39270ad18176c2b66005751
acf22dd0a0aeba85a66806704a66806701
006ef15a16df5b485da2376c45da2376c1
e4ef8d491837ad05f289da672f289da681
cee698cd0001e06dff8000002ff8000000
28992911c3cc6e252d1b986a02c05272b1
7f020e31dbcaeefe97b573342ff8000005
484e88aacb6490af740c05c92740c05c81
c9a8d16900000000f526dde32f526dde30
d724a733d7ce1dc0536d8d6626f8491ad1
4232e4a5098a17642661eee122661eee11
004ba0a59612d4da3d9eb83f43d9eb83f1
bbf8a46cbc86cae6341e14a61390312a61
40d3c847f78e7f04001c33ca2f8ebc4571
223afd93d85a6f700633bb894bb1f8d551
3d79215b6a61fd0f002396e23685bec961
61c2c5756c153f84eb8b4acb27f7fffff5
859f4e969dffae5ddb9ebf4a0db9ebf4a1
f09f0bc8243d3b6f0c8f1d361d56b213e1
d48552877f8000007f0247550ff8000000
5e7e2169383dcdb2000000004573c6adc1
dd960ea0990f26e679a72d35079a72d351
69d72042520dc6c3006a18cd47c6e47961
002bd9e5b4b08205006ae5154006ae5143
28b3bef3e85cdc7a138f20052d19b12e71
8f632a2f8ec2bbce0043e6f930043e6fa3
7f61c64d7fc00000af75532307fc000000
327af238e4b320b3551d4b7a0d7aaad0f1
10c2f81b285fefc7d7bbd0703d7bbd06f1
975dcd497f020485003bbbe64d6e14c531
80f23c11e5780438e7e6e9df2e7e6e9df1
003aa239ee2c58df86d43adf4ae9de5651
7f2b32a670cd2151d1615d3517f7fffff5
b3df712948c113e430fa7b923bd2885ab1
502f0f808f6c7aa7a9741db84a9741de01
9b9c24a37f7d0b30f29453332f29453341
b1163bbb0eebe6d40026911118063df393
0079a460095942fadff8ad000dff8ad001
b35f6445cf037175ff0e06e10ff0e06e11
f709d36ce9658aaf6fbf827a47f8000005
320ad10ff2fe2174000177023e589cd901
004cd032ece77a90c5a0f28f0c5a0f28f1
73dd1ae0ff4cec860032d1c62ff8000005
e50abc4d2c6f5ec921cc7ff61d201b9291
432772718b10bc617e017f7107e017f711
862f5f237abec897ae62875c2c182b2061
7f70fb62e7f1d8577f70a9ea1ff7fffff5
6fa3058c87deb66bff8000000ff8000000
12a178f8003c5108002abc813002abc823
dbd0017ac0dc6ab58a68101525d3317f81
44d6aa7316b508237fc0000047fc000000
f47acb5221d26df57644981c07644981c1
dc9d20d4b93151448fce520145659ab271
3fd99c9024a34d7071f022d4471f022d41
0026d1931b8f57b8722f75874722f75871
582f9d2f864180f367fbfff6367fbfff61
a34db840c4619998a4f5b9ea428335eea1
007cc346d0f01f61b428ed3c0b428ed3c1
00000000bd23bc2b187115bb1187115bb0
479b911436047368931694b433e20f9e01
585fbc5c7f6f31abdb16892c27f7fffff5
92cef6f57844d18a006d6c673cb9f1e7a1
0e03a0d05b21b6f0002e2ef3029a64c651
2909ec8526ca1ce771eb03b0171eb03b01
b2d52333e4e27e74d33a93821583c63b61
cb126ad7ca6926517c52967537c5296761
965d061c5ec130b4ff082a562ff082a571
ff800000383983b90af9250e2ff8000000
f64e29660ba756a32acb26ca3c286c2c61
dfd0b4fd793345e8001616bd1ff7fffff5
5a87755580494aa3e99def9c2e99def9d1
d9ed69acf232a170a213ee9347f8000005
000afc45ae1316b60263ee9c00263ee9c1
4273399e00000000ad1d826a3ad1d826a0
2802221e76666f6700399e7f35eea46911
0fe49ec17f2b347b79c828ef379c828f01
d618d1e27f35b1fd7f80000017f8000000
00000000020a08be7b1040d917b1040d90
f877b677608bbd86e84778d92ff8000005
1eb15882fb8b663c5a9dba214d98da6871
b40a3ef4ac402e38005ce054220cf90591
3db7ce3e7f7c9014a1c2b65417db556771
deffde157a8a1f84eeb5ae570ff8000005
604fe8ec00475bb2fc5f91fd4fc5f91fd1
005f8b0e08f287fcff8000003ff8000000
ff8000008f73fb129d566f9337f8000000
7f30b4d9fef76d1a5e23fbe32ff8000005
43131301340a7743e5fc05370e5fc05371
4036c0687196bdf8b43919a32725738b41
b063dc84d9fedc4d660e9faa2660e9faa1
001218097cbd93955e525d1215e525d121
6936befb40d28ea67f80000037f8000000
5004f09d7f1215e072085fce47f8000005
000000007f26485868174e49068174e490
fbeb3b9725d603cbaf09e89b3e244a74c1
7fc000002f472d8d748267f447fc000000
212bd21a48b4242d74110c37074110c371
676d80c1c233bef4da1e7aa11ea26c22e1
fbebb81aafbded938490399f06c2ee1ac1
78c51e131d82b77c26eeddad056c94d1b1
312af198247b1c22846e58e321627ada91
6f0730d52a84cbb5754cf5354754cf5351
6d26972e78d0f258242ea8c907f8000005
0f0668270a72bcd10044eb3520044eb353
87190fcbc73819b7aaa93cb91aaa93cb81
b27542ae7f0fe8507f3ffb7f27f3ffb7e1
dfef950e2d2a72cc001e3b001cd9f846a1
1ca05a750037ab9f343fbf6d0343fbf6d1
74b4206437567df7d67a4f7516c96ebb51
7188c562d55b824209785fd54ff8000005
92d9385a4b31d0c9dffba0c94dffba0c91
c0e522f47f0ea79d85550e291ff7fffff5
30046a534ded1e06654b21444654b21441
fea953ba8298ccea43b6b504143c3572b1
ff800000e45abf66005a668c47f8000000
0048d58e869013ae5c10f9f945c10f9f91
6fd6a828edbbc43e802e88853ff7fffff5
7f5ad32b80bff08e5106c41325106c4121
66874bc50054aa456d1320e506d1320e51
c4de3db9ed54a8fbf59f9fcb2f59cbd541
5d8a4b790041786ac462f86b3c462f86a1
e1328c20638419ce250779d00ff8000005
19a27dff00000000b7fd6b954b7fd6b950
33babec1006a2ffb794595501794595501
c29b0064254d49c38510eadb0a87897f31
aa9962ced9e576ed1d45d1ad245097ca31
1682ba0f62286808058dce143392bfe741
a92b90490eab48a827b3a354427b3a3541
ba330b148a9b7afe7f05d1a917f05d1a91
006671ff9b58d3de7f5646a537f5646a51
dc425e1e12d9e21c7408de8e37408de8e1
00652d759abe3c5146d78f7a046d78f7a1
80000000e4a2fc81d43acea01d43acea00
60e40388b2e238b6d26cc8702d4584a281
7f800000f0d3bee3eb3d0e422ff8000000
617d1b7517701a43800000002396d63b41
7fc00000fcc76505abd8444c37fc000000
1dd0670e356e0a4400698b55013c1c82a1
db446370d11e0517f7d676084f7d676041
0040a26cbfd0dc850061b6e138007c0683
004e5ac90012a871006a37c40006a37c43
4de567bfff795c53013d23890ff8000005
4dbf1d22005bc1c5c4b89d0b2c4b89d0b1
0039c10e258eb19c369c50711369c50711
5fc78f69747b0dd7ffe113aa07fc000000
e0ba394a8dbddd8aab89372e12f090b051
fb9bf3c9809c7c7b652b60780652b60781
253f37e865f8e34dff8000000ff8000000
3e7a187287ff2f4c7f49e96217f49e9611
3ec179244d206c99c42657ca04c727aec1
7f616870dfcfa433313c3c9f3ff7fffff5
0001da94a85868fbbd6ee2f32bd6ee2f41
8d5a1f7a79c314fc9d857ac71c7a637db1
f9fadf2188d78fe7617ca4ce0617ca4ce1
da3e4734cf9d8201e9d37a0946a0067931
4aa08f6bcfeb321894c7ea1c1db1383121
0b6bfdc90065338239a9a618039a9a6181
b2763fc57f1446e63a436b292f20ea1111
001e8ffe7fc000007f44bead47fc000000
be6702248748fcee007b6a6d006356d561
2636ed29c93da70300568bfc2b007846f1
a9b4482246d2ca10800000001b11471781
cc0d6920e612d7104132c0c1472a239811
7f6840474d62075329aa678737f8000005
b78b8495088d31151af3dcd221af3dcd11
cf1d87b2260b62200030ce1f2b5ab8a1f1
00404df6b2c97f7b7f17f17107f17f1711
c6b4f2ed31fb7fb6c0e409d73c0e40b3a1
007a1766e171ee3391f847214a266c3421
b0d7e9c4f433c3079a3f3273165979cf11
7f800000c7a9bf928e755abf1ff8000000
4c955e15fc82c5dca88b742d4ff8000005
0933284a131bf4b7576c81940576c81941
005b5c09fc4f99a7d0adf9ec4d0adf9ec1
7f3fe6a57f6775f88000000037f8000005
c2ff1d2e497f540edc99b7382dc99b7391
82d0f5ca50bc8448b0c16f883b0c16f881
8a43965771e2440e4b61035a04b61035a1
50ed06674131a4ff00647592252a47a311
6fa292eb80000000cedba3242cedba3240
cb3bda3e840d418bf001e4492f001e4491
4cdf1b183afcf76a0ead02833485c764c1
c5496872f613cb9735ca582b37be88e4d1
a67915c96c21db3b8afbdc4d4d31d7c021
7d3fdc31d00959ca7f00d7a80ff8000005
f95c07c271c71527fb139d6a2ff8000005
aabc4296d3c198fffc4338852fc4338851
154c6c9503384e4a899abb100899abb101
912d37314d69b6605ff56db545ff56db51
80000000c2517056800000002800000000
2682d2b092285380b0e465980b0e465981
006a179f4856b22834a0001f234a0001f1
00245d899cb586d5b8386a811b8386a811
0062601b4867f4aba90c3c473a90c3c461
a9ef0b6b7266effdc8966b1c0dcd7a45a1
04dfef367e348851c1d66c403439084ac1
b9b47f2df52d46f23b9386e316f7457ed1
006aa1c3005461ae34599c1e334599c1f1
af95d14c4533fa307fc0000047fc000000
d0b46fa4031b3a151a9e706901a9e69921
c4275fb6b0c5ce1ec3d1ed0b1c3d1ed0a1
f83736de962067dabd4284c804ee5993c1
f03d07693094420f4bb763803e15af21f1
82225d1decba53cc7818172a37818172b1
266895833812ae0324760bec024762d3d1
1f9c760aca6871e4004ee7010aa8e10951
cab678417161fcad0051a71b0fca113cb1
c86a1ceb29bb08dcf0a704554f0a704551
4921f8ce3791c84589b0edcb4413879451
8c1956c7bc489c8b5191250935191250a1
9357748e5d796e4f60db3466360db34661
b6a371f89605b854eee2c44e2eee2c44e1
489804036043051580000000069679c261
0d66aad8800000007f1050ca37f1050ca0
259f3b60582ba4337f14e08d47f14e08d1
c5952591aad63d3b342265e14342459251
8264f5101dbde518de5601ca4de5601ca1
2806b0fceef80555713145d00713145d01
4f18388b006556c6c8fb18073c8fb18061
5d0b8e363ded380c0073ba2d05b8151361
f5b130f2002924b035471bc93b58043f71
000255db0bc5674e003de3cf3003de3d03
b41f39180060e54dfcceb13a1fcceb13a1
7f5e16e5002e542cac52d4a023fa0c48b1
91a3c0006cf88915b796b9761bf1efadc1
7f6555388f7c6e4d32d3bd4a4cf6222b31
32510f727f0756853edecbc9271dd0b991
13e159baea625c0a1e3887432bec7423c1
7db11ca20079977179ab95f1279ab95f11
004719df27170a0f7c751b2c07c751b2c1
f0fa2be90003374b9f32bd1e3af49231d1
296ec9a7a3b9fb440000000018dad7a181
3e9e39dcf6b532d5801a9c511f5dffca61
84521f2f0952e9dcb9d2d0241b9d2d0241
001e54b10012ced70028189a40028189a3
8c7aa4ddcf989b10d9d754831d9d754821
e50698e613e86603d8ba24170d8ba24171
6b53c7f97f8000007824cb0027f8000000
b7d8b19b005c189621722ed9421722ed91
5cf560cadac88c680bf1aac43f8403a321
064ce772466ab41a1ae7649b41ae7649b1
42864a7d74ce02ed9f9c2a5e477d822f31
e6e03fb7005e2eab30d9a6fa030d9a6d11
f9b3b55e5780cfc9e0849ad24ff8000005
00212116e7f956167fc0000037fc000000
00000000320c1ef700029fca000029fca0
bf36c159e6f6d4a1004240a9366b035971
7f27a79ddd493551d73d63870ff8000005
00764f06868f2bdd0044989c10044989b3
5e92610451c20f35365df6e6170ddec6e1
76b6e841002a19f0fde0ccaa0fde0ccaa1
4fef0dd0871ebd8a452cf47b1452cf47a1
eda295581e07acf3000000002cc2c55311
007fe2e97f5bd2767f39837047f3983701
c1c2c9c28020c4b87f683d4747f683d471
d16b9c2101f192abf62d09d30f62d09d31
2ff670c0fc4d5aefa0be6e451ecc5afd31
00736abf7f4a47810bc581e82403664ee1
0025fde0fc333fffd54831e04d54831e01
7e133ceddfe3cf97bd4a70721ff7fffff5
001cedd71b3f2e17115e68bf3115e68c01
002fef7154b4778287402c42315072af11
baa5e9a99e56590a000000004198aeb081
ce9412d6007be5b509f60b1548f8f44741
003f332917379d78448423572448423571
c809616ab391192191b27eba33c1bbb531
049852bd79c4ea261c5e5b3423eea55551
37d044167a2ec5c7dcd9920e4728e2f2d1
66dd2122c527df5d3a8f5e090ec91018d1
384714f7bda20458227404e32b67bfd4b1
d36b884e182e7a71c94a4b4d4c94a4b4d1
57bc3c38db90e1be1de4d6c33f3d50fb81
0fede894bff7dd62601d96474601d96471
c04b3ab351d1bc08c828dad12d2a680371
ee0a6a12b00405f1bff6f19925e8ec3cf1
6ada7c0f24b862f9eff6d2f50eff6d2f51
4ef737b45ac3c507004d9a5206a3d0db31
007df56dade5c97c9bd2e01209bd2e0121
0c68594b66c9cccbbdace7631bdace7571
7b76b41f7f8000005502ed6547f8000000
dc4609e490bb8a97cc6e71250cc6e71251
7f52792962dcfb09e6d1ce6437f8000005
7bb96f01240e7c3e72e01411472e014111
ad6dbe344500cafb0020e0252b2ef37371
5563c85e1617ab07d015bcdc3d015bcdb1
2eeb1719007a0da6de461d101de461d0f1
2aa6b114bb862ed5947c5c751a6aebe5d1
033e98a4d8f2b21e743322d22743322d11
0018f117f1b9885fee337ff81ee337ff81
ddf3de990e96cd8244d87d5a244d87d591
cc4c49a9b2420038ff8000000ff8000000
c0d192e3d80c27fa695666aa3695666ab1
d4110f3747c909c2ae63c68c3dc63d4f31
a1ea9d3dc351b37d22dbab21025c39d8a1
004252678b30ed87314e42e90314e42e91
c819e7a8006253c3e73ac9062e73ac9071
002bcc1d2d265934e069da483e069da471
94ad0505c20fe5a1005285ae0174282001
7f4b17d6004e1249a75b1e2333ff7bf141
26191958236e5f3e43c94307243c943071
dd728a533545b49ce88cb99a0e88cb99a1
00079c5be0079ed57f80000027f8000000
1f1b326a7f5da5a1004a0c9315f065eee1
15b789ecd2436a8f89e188234a88c1a741
5d8aae932f8cd0cfab03f8df14d98912c1
d790148cf72f8766c4292e0f17f7fffff5
00170911bc1a1f382f3568c002f3568c01
004896f51449aceea57cab3e3a57cab3d1
6e888da3eb22c2b4cc5cf68b1ff7fffff5
004943c17f04363ecedaee344cedaee341
0735407d4f102d1b00393b75416cc286c1
ea683bdcf910ef8bc0f41a9b47f8000005
a62bcb2776fe6b8fdad8c7c73ddae1edd1
a7eb9b4900000000cf3ea78c2cf3ea78c0
9b394283d144789a55ef58ef255ef58ef1
4e68631f30c5a0c7dd1030e32dd1030e31
4a03450caacd774ed72af7133d72af7131
0a0ef82f8bc283cb6ae6344d26ae6344c1
2bc364556123ff7823e51b5214d7a57bd1
8aa8a3a27594aab443e14e19443de3ea11
60cb275f0020407124985064324991d251
7943d7598dd79db23a2e6cbd2c7a4f27f1
964931f3c748b458521a29b22521a29b21
af51ad817d578405c69ff0e00ed3084d91
cda6508b0039d06c236e6c0d1236e6c0c1
7f8000007f2f25ff8000000007f8000000
e08f1b1710c49528bcb3ded33bcb3ded61
fd114b344598d0b7773930a93ff7fffff5
00681cd209fb72c4a484fc0d1a484fc0c1
bfa02bbe21d9b41e3d3178a243d3178a21
1f592c061a2ad2542910a7c842910a7c81
9ff3b5da05f40a2667d94dcb067d94dcb1
68b775628295abd9d1d070994d1d070991
7f1ed205c43f0b426368ae0e2ff8000005
c9b6177948e75df2052ac5462d32492011
94cc2fea007463f6d9f54cf54d9f54cf51
a576a7f24d86d0b6e3a739a44e3a739a41
78effbeb928a3851de3e39904de3e39901
793e1d0e0058990dd3049a274d3049a271
63d5a2173f7faa53849c5e98163d55a971
251d6d9a36580da4cbe0fd6d1cbe0fd6c1
62c1e5d4003be8f0ff7ff8242ff7ff8241
bbbfe09b513e607c2480d2cf1cd8eb1041
0047e2bedc23148176fce9d3476fce9d31
c3c2a161004accf90034cf0f3846310511
bf71858dd921cd685f4561d835f456b631
10a4015c2e9dfbb6bccb289f3bccb289e1
c8c0a4130062c3130024c67908994a32c1
ff5023a3cd0484380011d49447f8000005
581fc003e550e73a7f80000017f8000000
0004d862cefed0b00058cc9528d9a548c1
80000000258d268ce897887c2e897887c0
d93386aa00631f15c4e46a551c4e46a551
03e6de4580000000315fdccc2315fdccc0
37c5008f304e638611a632fe3289ed30a1
005a01e9fb4e52d35878f9a905878f9a91
0baafb8000326ccf64d90c7a064d90c7a1
b5fdd1caae2d79b47193be7537193be761
b4c02d30d1bc618f621ca09a2621ca09a1
ac186d2bf6887aef6dbe69eb46dbe69f01
509cfe18bbfae6164ad11eff2cd1354461
b8ab2291005b7c543e75c99433e75c9941
fc562889eccd95422284328b37f8000005
5328c7a7afca2811b03e3e7e3c38547f41
1c8de50cff800000d10369a11ff8000000
2d4e4e390019c828f70333b21f70333b11
da66aec8000be99d68be854c068be854c1
c8730ff113e45590dc48a7f31dc48a7f31
a29550aa7f173af9dee0147a4e2322a1d1
e586ef3886b7b51d2a85121832cc9fa111
0016b4b44afc0363486c430b3486c430c1
7f1263d6be39cd010028368b2fdd47ec11
848bf52c58aaa9f40048fc6409dba9b731
23dbe5b5002373387f80000037f8000000
229b0feab2dc8a7f138f39a0396011bc31
f0706342213e06deee7bd3de4ee7bd3de1
7f5d95aa80000000bac375461bac375460
001f28319683267361662e78261662e771
8be84cd2ab896495c15feabc0c15feabc1
b377a0a01212ea387f1892dc07f1892dc1
4d90d5834aa473264b189955158ba13da1
9823b12ab4f8ea95caa48ab70caa48ab71
c65e99293c65dbdbeaedc58a4eaedc58a1
7f168fb952d560fd2d6c562807f8000005
7f4c3b33a887a887294a74902e85873551
80000000800000000079845a40079845a0
f6270b490e00ee52001006e92c4a8424d1
c0abe166001aa4db84fb794e084fc086b1
7c96e0ba7f03f3f29004130b47f8000005
001da040003eccb9059fe2b11059fe2b11
8ce8dd24655ac15516bb22431b2c6fc2c1
956119080cf67f5c1393fc1031393fc101
e55d8fb5ae08a7a3d2fc99d7053ad64661
40e6459b7f52d1fe6a94e84707f8000005
f7359dd7a2a6af9786e6921445a6c81d71
003a9494c4899a2a7f43213b47f43213b1
80000000259db083004334644004334640
6b67064dfc039a322c8555073ff7fffff5
1eae534ea3441b145395449c45395449c1
0c85569d080ab75d029de55b4029de55b1
f5405738d1bcaeb25506093407f8000005
7f3d984900504b4f887b273f23feddd731
27081369e48dba83004d8d482cc16abaa1
e832c47143dcaa3a7f4af02117f4af0201
7f011433915bd1bf5d3c1f4405d3c1f441
d0cf0526b4073ca42284ae0c0455ab9821
b2f668b42b15277b0460d4ef19e8f90f11
3edc19acdd6db3050074d8c24dccc5dae1
ff8000004d2f59f07f80000017fc000008
006ab5fd1ce6d18565a94031265a940311
5cb74f037fc000009f8be3e737fc000000
d3429f503423781eff3f88632ff3f88641
8e3be227b800d12851d2a441351d2a4421
688b0b10002d9124eb74b5a03eb74b59f1
264a5caf3b1e0cc15bf8b1f835bf8b1f91
63a6355e7f1da2370d01ba6827f7fffff5
31eeb65eede5a34e7d730b3507d730b351
db7196f4f089e1fc005095c407f8000005
03f2dd35723ed95b007a299b236b50e611
c669d0e0fc2ae18f40bc96fb27f7fffff5
4400cede1a29472c0000000041eaa58c01
aae16610efddbd28764804414764804411
01b7f00880e8d5f8004b9d481004b9d473
2d098c2e22389b016ca2d86206ca2d8621
992d367271cb2d527f52ac1337f52ac131
999cdeea000b6078e4287e0b4e4287e0b1
db8c7a1809baaa0a7f2f0efa07f2f0efa1
3b5d841c667637a7af3af76a362550d1b1
d3191735773dcc655155f1630ff8000005
90937f235ca6f8bbb20328854b20388b91
6de0c00accd412a60d36b9161fb3a2f671
8bc16d3bf37a782624453fe103fbd3f741
39b0f3ea4371f2e026f341d723da73d801
7f647f7c2ed0876edd3e695a46eba20761
f75dd6f00011b33eddbd094f2ddbd09501
00bdb707000272df007233fb1007233fb3
89b9ce8f7f800000f07465d30ff8000000
6382ae7a29c836339e250b1634dcc67f51
654880bbdffc3b4bc20e56c90ff8000005
b5b48b94003759ca68e787df368e787df1
a8a785395cb2d3d4007bfb5c1c5ea0a7e1
605719cf6717a4e7a5a7af0c47f8000005
707c244296ba32b939f712793c7b7644d1
9035691a363ddc2bb4ee71eb2b4ee71ec1
7cd0253d0b543abc369ddad6448ac8e981
0024bc94db95571a0032eb0049bab72101
db143582c852b325178e729f063f3f7371
37c09c7b6630c6ca3f802dfe35e8501261
e7639ff4194b25ba57ad2abf457ad2abf1
de9e1f83f490c09d0045f98417f7fffff5
64270c4e951761f58e8e74261b9c5905b1
955ee99616b13d76800000001800000003
55609dfe3e63c92fe33b956c4e33b956c1
88c523fe80000000c00b38d40c00b38d40
b2b405a40c71d63fc98330333c98330331
7f6e1afb29a5d5f273588fbb373588fcf1
3a2f590d48e5cbae800000003439d662c1
b816cdb2f843db98002f2bcd170e6c0141
7fc00000cd37eb9d5f8a23fb17fc000000
7f1a0e200071ed6545b44302245b454251
000ddecd3a899cc244d0eed5044d0eed51
af92232817c91eb664ab0779264ab07781
c60edd8d313859f1bb57c4f04bb5960761
95cd8316d767fd770047bc5722dba3cc21
048b2430ac9eb746563115a24563115a21
3ab0350bc6cb99887f748d7737f748d771
db5dea0e0477d4fb6411b4ab36411b4ab1
65acea88b596a77a91bb059e3dbcb85161
100e9bebbd02458448723d69148723d681
f487a54f8bc33fd5472e0b304472e11a71
eae5a149db6edb38390a62d537f8000005
6aaba76feef87daf800000001ff7fffff5
331bd7c480000000b6f6a4f91b6f6a4f90
7028a28fd2e228bb253cf6854ff8000005
7eeb81146332883ac0a8d39b27f7fffff5
89070bf1fcfb0c589b93efdd246846f381
7f65e1ef00709592116502732404a32501
91ca67cfb8d9fdc0006c645e10b2c5aa21
0003b158001ff6842f040db512f040db51
7f4e15c803da46d97f80000017f8000000
2d624aa33b37ca2b0061e27042922760f1
004bc1a1851741c4005128ea0005128ea3
e98af11e364d99e14ee767db1e05f2d321
898dbe93746ef7ac7e4f6b2617e4f6b251
0017b5f9f64205dc80fd80d00b60fc38d1
8f4de8c32595138833ff7200033ff72001
83add0febccc2381002d5c8b4012148eb1
172394d190ec87dd79f64ef2079f64ef21
c0077fafd4a250eef77e7b113f77e7b101
a44150a2004273b2417751663417751661
9ad119bf3b19cb045d4a469635d4a46961
80000000251c37075813c57525813c5750
39d223bf7ae0150d71a7203a175393ecf1
7f1677dc736d6b097f4201d617f7fffff5
d6b3e655f7013b7a7f4dc80217f7fffff5
0bf50558d96619e9199efa9a2a5dc3b991
00190c437dfaef20784394833784394841
d8c9c5f09fd9998fbce077df1bcdf20db1
000c7da3757585f180000000234bfac601
82349045cf411003715c7d5e3715c7d5f1
75d8f6e6004e8490a63e866c4368517271
efd93860dcb7a7119e73e9ad17f7fffff5
5d4267a688a8af947a388bd047a388bd01
bb090d8325c73559f829087b2f829087c1
19377e1af3f8756fa5358a371cdb216551
ed1ba13330804f78951717eb0de1c01d21
f5220ad6ab4ca7d267b940a5467b944b11
084120032b1c3b524719443e44719443e1
23a27ea3002e9420ef1eed372ef1eed371
75099f8d676eed510030360b07f8000005
262fc67b5371da451226513d13a260fb81
ea6c50468300da3c0040eebd22dede32d1
04d4ecf15fafb3f74e68446544e6844651
0c7ed31a990adc1b27db5e4f327db5e4f1
007e44eb0c60dfb8e2d930893e2d930881
4f59cf3edf6fdf704481fa9b4ef4c16961
f083c90e6845d53e4dec2caf4ff8000005
99e3aa30004ec0d287766aa3387766aa31
5fe772e210a38f377fc0000047fc000000
ebbfd9fe8e3a3d443d066bb803d0ac84a1
0509874f6ff3fd74a12907e32358313991
72d708b71f176dd1e3fa9ac61e3fa9ac51
a27fc315fa09c483d58ef53545d09a29d1
007b76210cb593f7f0fa631b3f0fa631a1
4cf673e100001f086b3cc23836b3cc2391
7f05a09124ec6058acf7a47416476c49f1
c7622742cc41f156f2e8124b0f2e8124b1
1ff38049195593267ad271f827ad271f81
00410652d418d8d49928632919928b0ce1
58e4eb9ba896c528064dfcf72c206d25a1
00000000578e9ffd23f229be423f229be0
00297ca27f042058a07b8d6c33f2b4c0b1
002b44510022d19f003f350d1003f350d3
7f3e48a3266ea9b1003a51641663165a91
92d5f4e77f232d107d938c8447d938c841
006d75f5f8fd2bdbfe6539323fe6539321
0057a8dc68ea85b6d1a15f013d1a15f001
31fa89e0abe0898e2c9bbdbd32c9bbdbd1
2b03b53a1fb7654e07805aab30b3db60c1
d35a11be1d19c64bfea374a53fea374a51
3ca63c630c5ddcd65cce865215cce86521
5a2c0396122d09346094a49d36094a49e1
003031ef80e4d895c8799bcd4c8799bcd1
0b1f57fc32c09d19a2e1cec42a2e1cec41
00295acabe70a457ed301b370ed301b371
1491490dc6486f8954cbea7b054cbea7b1
5fa6b62954bb06a4aaec0d91374f396c71
ea987861d541c1ff8000000007f8000005
800000007f5ac0eaf96715962f96715960
00000000003c555c00397d4e300397d4e0
001e354a5b0823f58da2701831b00846c1
2bb770cc7c90074880fb948d068ce69551
8eeefd8de363dd42cfc1660c2cfc1660c1
a534d623f9fe695b1de95b8615fb3b6e21
ca67a38caa312b4ef8055d271f8055d261
9f5dff42a93f3236763a081c1763a081c1
0053f64768f0bcec73df0e2e373df0e2f1
0059bbbb64a7c8fe1caffc760256b40031
33d565f939e8cc8a000c202c02e420eea1
563bbabaa6d7d7f12d0cd8824bd9e482d1
3d27483556c354cdae7e2b8a1547f46d41
24e5918d9810633f2ad2c7a112ad2c7a01
cc1f3ae10038f20e2a86cc3512a86cc341
8c222219d851c9eecd81b0271cd81b0261
116be4a81c63cb3b56d6f07c156d6f07c1
005680ac248c07b05e6ce30515e6ce3051
7f31dfe9005ef5260043e25404003f51a1
7f1b4577000de2000aa06a1a43e86b9a61
d2ce8062a0becafd37cc0fe1037cd43af1
27d077a0aa9655dea600a8a61a600a8a61
4d5bf4cb7f3ceec916130b2d07f8000005
64fb8d5afaa9ade1004e93434ff8000005
44eb44b854a707c3014b07f645a1980f61
c65f24a600677809a69c5ff51a69c5ff51
00410cc9b7a5289bda6c87b53da6c87b51
7f703aa4001f342b67923a7e067923a7e1
1ee3cad4f3e41f383f83fb772d34afc6d1
f07b9a9ada58cb88000397ac17f7fffff5
df1d444689a5ecd9003386390294bdd031
7fc0000047cc2dc5616e6a0237fc000000
7f357e1100000000f79922f70f79922f70
e124eb06f02c3bbf8d993e6527f7fffff5
0078264e016f8a8b57ee998a057ee998a1
7f6231184d48b4541c73cd0147f8000005
fe459b4302b75e05b19208784c18d8a901
7a311e1a4ba1c00030840fb327f7fffff5
739cd2bd6d6cde8c7f3e3c8a37f8000005
489e12906da6270f7df00f3637df0126b1
7f23bc321bdbfa116284c42706284c65a1
fc175404a048c4e4ffb0caf607fc000008
57304c8e67db9efde26138a347f8000005
ba669f3fd6b830ba0cd39c37251a5ee5a1
90ef59a83cc11812879a1a9028e348dea1
000000007f8000001fec095727fc000008
6cbc3d976ddc9ec5a7fa30d927f7fffff5
810562445bcaa7edd91482dd3d91482dd1
13127e9b34ff4ea39bd66d4f49bd66d4f1
7f4f7f797fc00000df4b257517fc000000
7f77e5a2ffbf3569523623e427fc000008
a330e7013add5fe1f10d5b333f10d5b331
31cecb500a1a6bb4b1ead0f22b1ead0f21
e2e291657f6bb04942bc3dfd3ff7fffff5
698aa7345c1e4c261dc187b137f8000005
4e6856d12c45c43161c6b88a261c6b88a1
bcf6b3a92e66baa5e7c0aed72e7c0aed81
800000008d1608937f20dc5a17f20dc5a0
00228272d9ace350c16e82d71c16e82d71
2fd3ec0eff96f8f518c3a12c47fc000008
c5326ac17f79cd00851eacc44ff8000005
ff77d96c0060d9890a287bba1c03b88481
20a7a91d72b1b469c02c8ddd153e8c4291
89cdee247f516a62d88e65391d88e65391
4c5bcd072959d22702b5bfb00363b053b1
2217e7e2a8225336004062a348ac0a4361
893f4a5a5a29fab66fcdb98126fcdb9801
3686e542e1efc6b7000000000d8fcb17d1
0079880ea198e87b000000001800000003
c695cc0923a916a49ee2ce554aac5e1e41
07f6a43828a459ed871c10252871c10251
f47eb64bde9998e6b284e30c47f8000005
62c991af31520c0a7f31943007f3194301
0039d719dbc595b62143b32d1214386881
49cbf5a8330462f2b12c62ce23d52f2fe1
0076498fe0754df46dc76dfd46dc76dfd1
005434b6d51eeb6f0444a9c6495d117e51
ee6c9a7d4c8bee4c3650b9872fb8154201
a1ddf286382d2f02000c758c49a9625a61
77961765001cf9130dbc943133787e4b81
2bbcc5a44356278b8000000032f9dea601
2fb1e0786251f37c004c614825291e1701
003f3020c042cb0060948cf9060948cf91
bb933a1b54ced372619b68b04619b68b01
2ba32a22d83419e29a4ee8c74c465943e1
002f519227511173861f05ab3861f05aa1
89ffff4a5d9af551362bd9734362bd9731
e97b65ee7f1e0e18db5022504ff8000005
01e07df41dfc3db5f831a1f01f831a1ef1
c03fc0000f6320f570618cd2470618cd21
e5c669bc10502918da0568f44da0568f41
0a8085abc01ad0e0c2cff0242c2cff0251
f18da270005c12f6fda732434fda732431
cc64e2f537d72d1f502934433502934421
99bb414151a004e4b551ffbf4b551ffdc1
acd91fc57f6f5743dd65b0c64eccafeac1
2ce24ba20002e0967f3efb0947f3efb091
c89e6c0cd2342c43332a55bf05b5efeb91
0e24ff9d67e02796010dadd443690792d1
47ff993f046c80cc0fc257c240fc608491
5804089888c2b30769b63cdb069b63cdb1
4eec9efa62961774bf3276d92720abad31
d3a0e60d009ff812006affa0194c915981
a068777d840ee2ab5a08662205a0866221
c1db80c469963630ff8000003ff8000000
b9374011086052914cfef19514cfef1941
704943d6003c360f7f6495f037f6495f11
0020dcbe004e1cffea4c43784ea4c43781
2eeb8bdd56869e4b992385bf245f7b9b61
c866bcfb7f6de5be381dcca80ff8000005
0164dbcc7b21f9d0fa7edee93fa7edee81
c14a5ab9ff80000000b315a737f8000000
33d877a372da514ab0c8f48e467389a9d1
c101c1a07f1afca1a71c41e11ff7fffff5
00428b727b26e9b7dce0df2f3dce0df2e1
34c1e4b158ef094f7cc1210d47cc1210d1
a1f4b0ef7f1df79a082787f10e196fd2c1
92c0bc60003b33ec2dc9990402dc999041
3b239163024ba4d8003a56503003e673d3
b7c7585f0057b0bdb25f738a1b25f738a1
7ad3e56e46ad7b46451f419917f7fffff5
a7928718b1039ebee8abcab52e8abcab51
f1051b1eb9db37830000000016b63f61f1
8bad44c0003c66b86aaec03516aaec0341
0004eaef7c02568c813aae9d23aa03dbe1
3a565b815ec614c0c3d68301159a5dc251
07dd49654dc2b5417fc0000037fc000000
00152f25aeb34f35f8fb6dd93f8fb6dd91
93a585db7f3273f99837c5160d366c41d1
9e4ac2340a5bb46c5b0f611035b0f61101
a26113403aeac639e5f367773e5f367771
7f270c1b168137b20f97ee2a15628a2e21
c35fb16c7f800000300d31030ff8000000
f43a436dc9f132a4006e335e07eaf7e521
b43063271ae4452d8a1a91cd08f9d5b4b1
006e4359d345f5bd19e4194f219e403fe1
c1cae616e59d0a21a13f9c27467f8ee451
a8dee07015c9a92434775e77034775e771
699ce6aa723cf6ba4e74688517f7fffff5
1d043087064dd8ef7f698a5d27f698a5d1
b05262abb7633d026f7f973b16f7f973b1
909b47992c310fb159d62dcb159d62dca1
03b56c826265af7a0af0110d026a2c66c1
e6a632bd17fa78641de161124bf229bb51
f93f180c829339a476aeb965176aeb9651
79d04085f6045b9f6ea3adb30ff8000005
39cc250ee8036ea78cba84290e2519e671
5067f479c2c86b449a24f1402d3b598301
000bdc1b42d0f3617f518e1827f518e181
49f66fff7e6dafa67f131ce127f7fffff5
0037922f29fd30e065991acf365991ad01
5fa14107412e399c2be584841615b7cf91
d5c4312fdce6f568533030b03733100431
7cd8ec64c6f81e7f00ac4aea1ff7fffff5
dac4b481c40961b94676a4ff35f531f601
b937b9cc4a93338a2627a25b0c453495a1
b93c7be61e14fd25b9c501d72b9c501d81
2b63be5da6fc91cc42c8933f142c8933e1
713dcb106e809672001c10e417f7fffff5
e8b5864da6a18d961ee4a6f204fe51bb81
1ffe1b9adaa1627151a7312a251a731291
004a88d38466372600698bf7000698bf73
94b3b75a8204c18efd8629680fd8629681
000000002b1159967f79a9d337f79a9d30
6aa1607b639ff5a3d9bf7d5437f8000005
d20a10f70ef22b49983c54654a1829b791
07345a600aa4d1fc08f96b46208f96b461
c4b5be74326f0b811578b76c2b7a9b4fa1
16cdd322387aec743df5134b33df5134c1
09592add8d7fb3373a6fb90833a6fb9081
7fc000007f467c10b501bb2f37fc000000
0315573abacf1cab42b6bd1d442b6bd1d1
0016ef66150990847f80000037f8000000
c45047693027bd680053d47b3b50878ae1
5bfb831a27dadbab66122c14166122c141
e2623f27006b36b052207b18352207b181
80000000185c1d8900241b81300241b810
9498ca4ab639ceef337cfc951337cfc951
7f1259f784578d587f0a5ade47f0a5ade1
996ec753659cfd1a9cd652b42bf926d8a1
3a2de54932f87a5fb74673d43b74673be1
7ff5d74a004438cd2b34359707fc000000
99c7c6dce2e16e510067c6b323d2febde1
139939fc2835c2d1c4b7f15b3c4b7f15a1
580eb6274542df69c77045c135dd9452a1
30d34687000eff54faaae9e14faaae9e11
ef30f25bec119ec1e00ecd0e27f7fffff5
ce1554018657b804ed79d0031ed79d0021
b0e72057004e11c6ddeda4dd1ddeda4dd1
a599140d3544cda9db776aa14db776aa11
1d73760867970e89d1a2efbf0d1a2efbe1
257add080070d18407635e5c007635e5c1
9873e6bef163d7d0fe031ab04fe031ab01
83d64a9c2341acc2dab3e1a82dab3e1a91
d2961491f2749257bd6651a007f8000005
7876ed617f578fa40055db5f37f8000005
11435d1f7f2c4675d86947572d869454a1
4e801a2e8000000000767a69300767a690
7f0da5c514cc0966c3ee98c145461ca981
1c6d1c5fb0492719adaed5311adaed5311
789da7840034fae1004d128643902821c1
c77d2d7a7e6e12099a827de13ff7fffff5
775cf0819a48e3f51e9a79933d22d60a11
7f6bc3066896ed7e00f7971807f8000005
7f29661435849ff35d3eec784752f84f31
6b5445591f8d287e919efbc104b6a178b1
4d83f9059ff58ea77f0ec24227f0ec2411
128e3916b31df173162f899d4162f899d1
7f32e87f14095b735d00223e05d0022561
ecd019432519bbd978cd1059378cd10591
e9e0e3197faa4f613346753007fc000008
e931fef54d91c93cfd9eebef1fd9ef2441
e702c266002bb639b0373bd73b0373c031
fc76c0ce188852a608d8fce84d58366171
cf68475989c8ae29d2d0b6542d2d0b6541
b2e302b06ee303f13f403da91e2494ee01
439696170042b39d249f9c051249f9c051
77ea20c27f37816fa573c2e917f7fffff5
5be9f6af80e301dc0012ae6149d4f77701
0079cb7d671642f42df22ef202df240d11
006a115f0002c96df5094cc42f5094cc41
002eb180cecc0c94c5d299b12c5d299b21
005ba689ef61cc791854546e3b021ad241
2f255466467e6527dc7a80881dc7a80871
a5bde7e4007fc6c9c20336c83c20336c81
3d4ccba812d801dc7f53c01517f53c0151
857ed053412ad58c631129131631129121
c395f8adce96c2707f4ba5a037f4ba5a11
000000000048611f0068bddd00068bddd0
eba868328cedf534ff8000003ff8000000
007fb7e300423355b63a55e01b63a55df1
d5a9fb4239a43e2f8ec12e0a2cfda1c811
000000000075c3d300353ae6000353ae60
896976e89d5ce34b001159523001159533
652f37e287b6918190643f884ad79eaa31
aae5ea217f3394828c9f89b80eaa148151
c5d52f4d021642bfc2bf5c923c2bf5c921
b6b2578d00629de2ff8000002ff8000000
4aa0ad287f6ffd70486395bb37f8000005
0031c0099ae12ece002f3b850002f3b853
005edf2db41d2f2edfb16eb52dfb16eb61
001b1dda7c43a3ff9995ff7303c25c8e11
91f091147f36337d6ca6131006ca613101
cc7b1832665f56280013e0f21f35b0e941
329dec9a92540c385db85ffb05db85ffb1
55c20a4ab9073cf31f0fd5dd1cf4d033f1
e896bf52bffa6bdc2bac63b036913765a1
089bdb432cddfe06a94bd0144a94bd0141
7f4f2633cbf2f1959453253e1ff7fffff5
0016b1e228eef358f12332542f12332541
70a26b7a68799a52f96b1baf37f8000005
af06d7761cacec615a03dc8725a03dc861
f3750565656f89fd530050cb2ff8000005
6e2b3cdfc3c38e7d3e06ff1f2f282ceae1
5bb78ecf13ea6aa57fc0000017fc000000
80000000a40303a95541b8fe45541b8fe0
00146a5647db7ad4466e38793466e387a1
3ae414338c1deb3c3701d05723701d0561
9345daee490c43fd004800dd09cd8d08c1
c40a96a8ba4420047f7525aa27f7525aa1
794380090044333a3bc6dc3713bd3e17f1
796ff8755c9141bf0000000007f8000005
18cd15da00000000bde7a6401bde7a6400
002981cfa6834e66f97314a73f97314a71
1379f9677f4ea060000cc23935349c34b1
b17d96b7d73668c3c5cb0760349331ade1
970db3de21da424d0056037c3005601993
e1bb7261ca1721a52a72526226c5d52331
f9a885404e452ee1bac82f1f0ff8000005
ad6cbafd98bceaa12bafddb312bafddb31
3fd159de006276896f999c6e26f999c6e1
66e7050b8c53d674b8b3fd2d4b8b42cf81
f03d28a9fdb4b0b196a997f237f8000005
8e38b4f648b95bad007179f529785bceb1
34a6d03f0075b6e0001f27b34001f27b53
e97d60557f421f46e0c0f8a13ff7fffff5
9c1b84760142194de31dd3083e31dd3081
7f7f7ff17f70649a084bf38a07f8000005
52c991606b926dacb300d99d47ee696861
0024bc41d413e83c8774580739429cb641
f4ef4b488fce07e00064ff093454095f11
9ae2982361dfbf3e9c06b2331bd460bcc1
7b954f134335aaefa7b0cad247f53e9351
953e7c8eaeadfbe2bbf1760f3bbf1760e1
fe4c278912d7e41ddcbaeaf64dcbaeaf91
e740be93332a49f83e757ae41db00363e1
3da5cc9413a66741e1c317f81e1c317f71
b42b4ea3852cef720e4aa8da10e4aa8da1
ba41a1a77f6c85128d8eaaed1fa32e5ac1
5bc69b4947b38f3c0d16524d4640b4db31
7fc00000db56a0c633b211fc17fc000000
7f80000000000000b77f9a6e07fc000008
44484e03ab5f5cacea27490a4ea27490a1
310efec86177f814850f2d294530a82651
7f800000fae608660007229a1ff8000000
002eeb07b280c6b572a17264072a172641
0059f73a6053b13aec390a1a4ec390a1a1
81f0c45afffa4e09006d796547fc000000
0025b0c50b140e990c46ffe140c46ffe11
9b63d90d7f3047f4b51dafdc0db1ce5431
2d9591999ff6748e7f80000037f8000000
717a5ee5800000007f7c7a8117f7c7a810
66f9c8f9cb6ab0db37b693a73f2e4fe431
77228b89f3f3b537daffadce3ff7fffff5
4a10560c7f19b1725d7f1a7c07f8000005
0072631d73d648c87d022e5c37d022e5d1
0031c571df9afd526ce62d5116ce62d501
0cc7f6097f4bd8127f80000047f8000000
fe580baf7f0c2bbd15b772e41ff7fffff5
000000002416e43daa54a6172aa54a6170
62f904a1679f8a484824531c17f7fffff5
51288386002ad2cbb367a1f31b367a1f21
8c1fade6547b5897f1a1795e0f1a1795e1
9a1269777951f4f0e5ff5b482e5ff5b491
4e14e51d00000000ff2fc8c42ff2fc8c40
7f247147cac23225fd57c98d0ff8000005
abbea89fb49dbea95f0d980735f0d98081
6e4004db74625695e26a4a8447f8000005
916967e8d1595374007d992e32346252b1
929066f037abc5b1abed9b600abed9b601
3b9094a8e185bef1804278994dd9712231
760b6967b8d72abc4a5b03574ef6a59961
9984353d77d50e0a0db81db02d1dc0f181
5b36dca322e37600376ec89503ea27bcc1
779575383fd948e55e31c324477fdb5d61
66f75f12046ba8debbcd64fc2bbcd64fc1
e7934ef632136a57b172d06c4da29a7101
005c00b17f5c8e71eeabc2dc2eeabc2dc1
a40ec21c25406520ffe2cb1e07fc000000
aefdb267002453d361fd4988361fd49881
7d86cfb94ffd30be311b36c237f8000005
2df601f85065d16d4d262bb444d262bb41
4732fed1d863dbb51728ffb74e01f51921
ff800000962fa2fe6f22ecb217f8000000
1973fe6001d638dff24fe8ec0f24fe8ec1
7a9277a98742bdf899292ac11c25ed6bc1
c508ef6d9621ef4694808d8011bad3b1e1
b141679bc15b9df079a10318179a103181
d0803192ce053ae84f86247215f056e801
38c6a7eae1a4c0b77f6e72f217f6e72f11
c008cb3c80000000ed25b8ed2ed25b8ed0
a3047c195124fbb8007bd3fc0b4aac38a1
0b72ffc1dbe36c656187d4b116187d4b01
251d65aabb0c6d39baf962383baf962381
4ad53ca6001e0daae9ee524d1e9ee524c1
716d0fb7203fd1611afe141d15231a09d1
800000006b50450f007ab73a4007ab73a0
39169a1da2bd060eff8000001ff8000000
3b4703951689a210d34d108e4d34d108e1
e67832db78e33138d18a65981ff7fffff5
8dfb6d93000744b73b002e9813b002e971
9980aab5c5a14908006f0d3331fa220221
d3cacc0bc4d283031b40921c35926c32a1
4a04ded99d4c8288e58ffc493e58ffc491
173d3e527f4de51667a67078167a670781
005056076701eec1c007b8923c007b8911
2a2492420029ccb760102e5b260102e5b1
b834f1087f763062734f15d31f82dce0a1
a75b7df67dcb1dadf4935aa73f4935aa71
a38d4c11e0abbbaf003520e0444bd92cd1
0024c95c670b09577f6c8dba07f6c8dba1
daf822657f8000007b8efe494ff8000000
72b87dd73622b437861659960696a83041
7f8000006f335a70bae3b21e47f8000000
643b647f7f56d55f856aeb8027f7fffff5
b3da39df0544898106cd1949106cd19481
7f734b07dd577bff5ee9a5684ff8000005
177b9fd639b31db1ee5ee45b4ee5ee45b1
7f63f968467d9e867fc0000037fc000000
0ffe151a007c10ae002206b12002206b13
8478daded5f0b897e3360f404e3360f401
001f97450074bb3230d1716e330d1716f1
64110eca2dbf53d20043a0c515258d30e1
708246caa4faa7b5831ebb142d5ff1cf41
cb35f5f7537f2db73e3ba3243df35607f1
2ff8258c421537adc0ca1a070c0ca1a071
4317ba1f00030e8b7f80000037f8000000
6b09cb4de8e44af1f6b35f3b0ff8000005
80000000d8e3af55eedec2960eedec2960
50abc8e17f52667add3722b607f8000005
456e075da66673330043812f3ac5645ba1
404f16611309840de5615daa1e5615da91
2a46963f985e8c03fe18d7c91fe18d7c91
0e4a98ac330082a5acc3382f3acc3382e1
8c124231bf56b4bb947b2b723947b2af71
f1748ef4477dafdad762c06e3f97259451
3935543416dce5557f6d223d37f6d223e1
43b3f5997f125ff059f872f437f8000005
bbff612a0024c1507f0ee20d07f0ee20d1
f94493a21d276b8fbb505ba60d7008ee61
7f26d509fec45496144d53882ff8000005
8000000008763f6c00091ea1100091ea10
dc987c0a8ac62ac92a792b0022a8045cb1
459f7f3ece1be5ba318c84ed3d44242561
e9088b43685585fd25d82fcc2ff8000005
936b30ed1eaa33cb0d0f7b7720d0f7b761
e0a4d37324ab18d85ea7098335ea709831
c0d5a8222752805ae080e0391e080e0391
7f1055ad7f2c59fb00023cc607f8000005
4774ef96ec85a7e7ab257a862f47fc23d1
8b5866584d35f60762aca43b262aca43a1
0057571bf53f03e41643ae1f4b60256a21
001565a0abf5d54309a95941309a959411
09688ecb301928f0d6aa479a1d6aa47991
b022dfd587f3ef8a007465082007465a33
38cff262a9be23bf19b7a4ab4a31a72d71
9d4d8b8838b16ad87fc0000017fc000000
2b106e7e05d42bd7e59b34d43e59b34d31
8c1969cc00032a17557f1b694557f1b691
c999ed5857eddcfc7fc0000007fc000000
646d98503bc7237b0118ccf6360b8d2551
0d0384d0ff800000b81ea0dc0ff8000000
5439bf7283bb98730e355cd6498881d701
2d0df3db70aad2dad46ae97725e3d71a61
7150fbe1bebef6b0fe4e4cbb3fe4e4cbb1
c3398f0d6f4bdff62efde9854f313c6c51
b8c14d5e9335514a5fbe9cda25fbe9cda1
bbfa83657f4d016084c825754fbc89c901
616c5c3e6ad582d5e067ec2527f7fffff5
0e204b6092b122faca20aa0a4ca20aa0a1
1fc11f50ec9a2fb03766a8460cce8a19f1
d6d284e8003c211515b47c692972f39de1
71674d7281ee24877f6f301527f6f30141
7d59d06435991c41ad7928ca3738245961
1c7ee9e23dd177c25fac691325fac69131
f5ae3ae27fd161e9b42abd0c37fc000000
f95b3036c327e4e85b791dab17d0fc0701
29393630ffc57d324fc2131447fc000000
37855ddaf185e272e221e9a43e98b80b81
3730454e87de9171963681630963681631
95fcc0e87f69688d56a857ea0565d766e1
000ac34cc47f0b0bbd6205ff4bd6205ff1
2afc6b537f7300447f605d5a27f605d5a1
ee7c50c0ec9a0e090007cbe817f7fffff5
800000006aba25840008fc2e20008fc2e0
851685de004e7f0bfa992ba01fa992ba01
000000007750e9d0eeb2ae824eeb2ae820
36828f19099d2383000e0065200ae48221
ff800000f62aeeabff80000047fc000008
7e325124006087e021fc7dbf13f067a241
a5f6370f000000002d31441532d3144150
7ee63b7a6012d1e626b8427327f7fffff5
a1b04266caebdcb8004deef922d2264eb1
005251a4b0b9e40e30a1909c230a1909b1
d24191f9aa368d48c022c07b2c02098591
83bb2e8c63f54d4a205e67fc0a8335b311
005359af072f812b16dc5e38116dc5e381
7f1f91fb32213439b1d420f3371c8f6b91
489e689132d19ab37f4c5d5a27f4c5d5a1
800000000056fc12ae163e8b1ae163e8b0
ff30094e8f0e24cfeeaaf0eb2eeaaf0eb1
e13556e285a103548b6bc529327641c001
c522dc2a758cc4757430be961fb3318001
1233cd7c00035d8b56b64956456b649561
caa9b5adc9e7c011004adab645519a2431
905d490d209f5d2905746f67105746f661
3d5d844e358789e65207cf7235207cf731
e7a0d4e8133c11eb888fce722bb6c4f391
bed00306003e3c8a00414e8030028058a3
003df8037f303d0b0002618a03faaa5231
a2d9a542002aa7d1e05be9f54e05be9f51
005e8a0c1dc0529c6425e45e36425e45f1
4890e87cbb18151b39d616fb4c42c2bf11
63a2f4d3407787de7cb4892017cb489201
fd6b630629c3cd77b72a5c191e7b409591
b4d5eed700000000001d7e9f2001d7e9f0
0001298d186781cb222eaa9e2222eaa9e1
7f76b2ae3fa13d8a7c3dcac327f7fffff5
7f0a722e7fc0000064364a1717fc000000
1dd3caf5426e3f4df26db4453f26db4441
937c62b780000000334fc32d4334fc32d0
5e811476881ae1b93a79308d23a79308c1
7f3c508a2f3bf97b0000000046f0a465a1
7f52de0f317e896d2ceb2bc327151a9851
3f946485d00647c2ff8000001ff8000000
7f33e791e79bbe87a5aaf0700ff8000005
2ebcf2f998e482ffc1c058504c1c058501
78281ec8b766ccf79632f2d22f01792431
b118e937002eeb5c0bf41df640bf41df61
007d85a2a76a299e9b1f7e4809b1f7e481
7fc00000b9d647bf0063c67e27fc000000
7ef3fe0a3beae9190f95e2b437b5fe4601
71e5f007abd2c824a951b3e43de3d52a91
9a3fcd27a2d913b530a570f1030a570f11
2a7b464870a076b8e7e1931a2e7e1931a1
fcb46ff79eee3184dfa452973dfa302d11
b2219c5e2862ff3bff8000004ff8000000
c49a4610cc0c85a58d5f5ce4451295db51
bcf7f5e8113d36c17d31a19b17d31a19a1
8c5ad571812909651ab96b4701ab96b471
279cc8b5bd6b09cf0032bf592a58ff2401
cfe737cce31069117871551847871964f1
de864d26afa7bfea1dd593ac04eb002041
006449d4ce2f4e190000000038f095a201
7f6b9fa53a0c1c9b0075f16a27a00f5a21
a8ef668bf32f2148184234a005ca3c6391
f0c26fd40bc149b74dc53d9704dc53d971
00332908018ab0be004be47b4004be47b3
e33587da7f7ac40ff52d66860ff8000005
7f484b6a0034125d1c58d5db03fa2f6be1
52a486fe6a1e843b04fc6c7307d4bc0991
1c7c25ef2904aaf8002be2a800602b1711
0501c1e9001e07ed4fb281f304fb281f31
71355b3edf504af1de470db61ff7fffff5
70feb2d962a33e59f92cddf127f7fffff5
0fbf88495e2614d8fbdd7a444fbdd7a441
872fd3def8bac98e5609c05925609c0591
1af6eddeff9f4d791eda4fa337fc000008
f001090aa7e0c0726aefd13826aefd1381
12b200cdff800000003fe9141ff8000000
20f18b63e8550b187f76ebc517f76ebc41
770a638b2170c2d999c3483c1590226a71
71cea891de488118b115d0121ff7fffff5
4336763f925454dd70b0951f470b0951f1
1aa8d5a700170f9b002598583002598593
adca06a280000000823c0c544823c0c540
0ae35f59d65a38ad4d9b1d9514d9b1d941
00666a5e80000000d8b252a22d8b252a20
007e6cbc7f03f35bffec996f17fc000000
000000000079b1e73fe8a6da03fe8a6da0
7f5c7f0cb4e7f4f5e3fab6954f4c7c9a01
0004af970038167275e904b4475e904b41
5c4c5dfede0a94b57aff544a07988461a1
b21623c55c884008a4278cca2cf1fd11d1
6de5b12e0072305a54578bf0254578bf01
005af3e4bcab9b8c026d46e93026d09f11
7f800000821e46dbbb8650992ff8000000
21c932490065bf93fc6112c92fc6112c91
2e5acc0c52f6df6a1fdec421441d2ff061
26073a9b345891676639e54946639e5491
23551f04a575d0e2a8bae4da3a8bae4da1
98c1f5ba0056e333e1bf41ba3e1bf41ba1
c24aa684c604fdc482fb2f5d248d28d7b1
f64ab02a4c4c885b071af99c4ff8000005
80000000a7966b5b7f1ba47417f1ba4740
f8776aaa88f371f88e16ed8e341eb48661
00ae45cb399bad4a004baa481004bb7873
ab3095250070849e10cce1b9010cce1b91
7f80000005682b71002b949227f8000000
98f96d3fe598e07b97e5bc6703f14f3951
003aaf937da9195b99cf31c213e1b0ee01
66be154578f1812b874702f407f8000005
74c10969203095cfc49c4c2705585276f1
63310f7dee4cc741dd568f780ff8000005
abfb8e9bf34345a2bc2915ae35fbfe20d1
6c0e0d914e860a46b1edb7f437b14c19b1
ff8000007f64f9970073425d3ff8000000
7f58d1c9bfc41d18682bdafd0ff8000005
a3da8cee5b2f3a585c20c28635c20c2861
773fa3353d84ab5eec8ac39607546a09a1
59b6b6f57f65ad7f7ef3e00017f7fffff5
55ffba5d6282c663e1799b6837902a2d11
0076e2b0fe5718331894fc9a3bf47c73d1
0018f1337f1b7ed3f1a95b952f1a95b951
2178143255f1569d6de55b5b36de55b5c1
2bad817ed8ff194577d7d226377d7d2261
006dadd210b78a32e8c12cfd0e8c12cfd1
b4eb62ff7f4b207a005351124f4bac55d1
3298196479d8add546d9239946d00bcb41
8d988334e037c24d7f80000047f8000000
5dec25163a8f2b7db3c3a0e61590410d41
cb42d66b00593353eab61e8e3eab61e8e1
c339e8cfb993039ec1769b934c175c60c1
8fb39e5ec0d3eda100148bdf21114b2421
75e3b7d9cc4c5386725c73ed2ff8000005
629bd22d1ba528f3a762011933ec90ec81
002df288304426ff004729d80004729d83
4b01985a6db86dcc003a510d1793aba2b1
8c9f84e19c8cca13007de2bb0007de2bb3
004539070c6f9832004385481004385483
0039a3d8e5a557fbe4d8442e0e4d8442e1
b1d4b0a24af2d3ce7f80000047f8000000
002349b1012a121ca58119e43a58119e31
847dd31b005a6f9cf558b8e41f558b8e41
fc4545a7d8fa5b4001cb99da47f8000005
6af55dcfeafad5cc130fa04b1ff7fffff5
fe9936806ba1a763abbcb8be1ff7fffff5
7f4d039bf3774fa81b76fda40ff8000005
a8efd38865995a9264231f84164231f831
002a4faf5c2cae74a80f50bf4a80f50be1
6ce1bb525c35b9ee9358d72107f8000005
2e9924c03d889891e5633fd40e5633fd41
00000000a5b9cbf57f69398b07f69398b0
9c80c3f9ea4c7b7b7fc0000027fc000000
b73bdf5a7f7093a9000000001f7308dc11
7f4b9506251da96f90c48ae3364fac2451
b84812877f5dc0be5bac77451f82d4ea01
e38c44bf12ace2754643ff3d44643ff3d1
82e6c6ec8b7fb55f702e740a3702e740b1
676db7c7f6038eb07f137b5a2ff8000005
b20fcb72afb6e22754aa634b354aa634c1
5d27e0ba60ba4eaebc41f3c837e7459c01
db2803a2f46bd0c386bb5d6f37f8000005
003052567f67ae295f020b8035f020b811
006b75410868bfe90f41c4e500f41c4e51
f40571b17f8000009a5f2d6a1ff8000000
007b3804800000000030c7bc00030c7bc0
d931bbb060fa2c50006edd554faadb00e1
4714abed08a7a8f57f12e87317f12e8731
005c5ec2de86a02fa9e5b9774a9e5b97d1
7f054a52670bf5ce5aaa7f2937f8000005
7f800000a75d7ed6b4a890470ff8000000
0074645d187b13b39a44040c29a44040c1
19ba541640e5532df7eac60e1f7eac60d1
62468d0b1d7c20c69c70c239040438c421
35775ae44cbf332410af3152442b8be3a1
83e06f34bac425b72f5e709332f5e70941
eed29c1599605452ecfee4f31ecfee4f21
2b25294a561cc57f67f06b42267f06b421
f3cb285d3b46dd0eee871fa21efbf988d1
554a91d000798a7846f5ca82046f5ca821
4229f37a152e85013331876d13331876d1
fb34e75fd34af0d93ee6cc7337f8000005
f092941eac72b29a3c1e6ea025d8af6471
eb8f0cb5c4a182407bc7cec927bc7cecb1
2fbb205e4de990e6e4b3e3f51e4b3e3f41
a8ceeed48076f2fa7fc0000047fc000000
7f73a0397f02751b7f4047cc07f8000005
1cf92536d8eb041a01bca5ed2b664b9271
70ab3bc62e9379039075896845fc548881
d6c3b1cd001d4315ccba63f31ccba63f31
000d8d1ea5ab18af001a36b23001a36b23
d1b68ad1cddb402520a1e9f94601c567e1
6feeffdb003cf0a02b71d89e03063cee81
df0684c4ecc7d44cff8000004ff8000000
fb34790d003088807fc0000047fc000000
2dce6af712932836be24eb7a2be24eb7a1
a02799a50017f7a63c04669513c0466941
0c7c639f006459257fc0000047fc000000
ab29ab87ad0296a36a40541736a4054181
006f1edcb065d6e84b0140bc14b0140bb1
2c6a8bf17f6d224eacdb284c26c5942fc1
9c1789c5a58c4066392d51d24392d51d21
5294ebec503de3620191ed681635cece61
bcf49d3463c3d1e2d3a0453a1e13b1c4a1
3c8f86b30004266cae97520d0ae97520d1
ab16c0ed8264a576003db6ca3003db6cb3
a0a2ef8300406cc993e6e2b9093e6e2b91
c24a6bbf88bef3a447f620f5147f620f51
55b8ed6700706ab4e17a14591e17a14581
001e3457182e40b3800000003000000013
69c88d399d2bd44280be75242c7869c9e1
88cb3be655a0d1796c3a48d416c3a48d31
0c668ecaac7f007cc5a090444c5a090441
e2e3713aa41b187ca522230a44789cb4f1
c6a1ab6f406f9c7b6a682b4a46a682b4a1
96276980224f5bae5312ff7425312ff731
26571a93800000005b6b0f1615b6b0f160
0040bf7b6d15c5a500014c5202d9785bf1
ff5bc0ee8c0b775b5c23233a15c23233a1
a69b8fb5f74da5f0000f93e215e79edd21
74fa4070001aa0e5718210741718210741
80000000c34f8a02f01b9bcc1f01b9bcc0
007a014507f6b683b1b0921e1b1b0921d1
7fc00000724b1c8763efb0e907fc000000
d49e4c988c0d656da8031f102a8031c551
9d84cc7eceb3728d7f46f8cf47f46f8cf1
8ef68e25000c07bf800000000800000003
148ab0f8fcc2318f000000000d1d269eb1
a2274b2b4d9533e47050a0b127050a0b01
f2997eb272eda40c092b28d90ff8000005
3fa0c4ed8d6f50df0d11ea7538d1aaad01
18a540043aa32a92b5bc5cec0b5bc5cec1
f272807a31b3752e64f2f67e46411ef511
eb3b9202a881cf0fba29120c4543e38921
55ba76e2a8f3c0ccc3554a764c355fc011
950361c11501a944ee1f1bf61ee1f1bf61
8f44f6e1003cbc832417e83522417e8341
98dd17fc8fc3024c7f689afc47f689afc1
002e1835e590e76b004279474a5d0ba471
0006ca287577ae180ddb371d4345235541
05711186ff8000006ae719811ff8000000
9dc82bafe05aa7c1319d64d023eaaf85e1
7f8000007f4564b279fe233817f8000000
c95b35367f2213bb004c0f670ff8000005
ff800000363c933f334cf4a70ff8000000
98952a32fd41e2a49df7ec3d35661f1be1
67a0086f0049f26e34b8565a334b8565b1
a98811e6085f9c317e6b53ca47e6b53ca1
006410e1fdefb5327e88ec2e27e88ec2d1
b76b771ae27b724847f5d57935a6746e41
007cdfce1d2e77f94bf2cdaf04bf2cdaf1
c50626a52ab6cf24087db0a33b03f980a1
bf6ef29c9b90dffbc81963644c81963641
7e274fb61175006b18a4b2cc350201f901
db9eece87395f04f2bec1c831ff7fffff5
2125961a007904e8f3d4b4d61f3d4b4d51
0052c62acdbb310dd08e80f94d08e80f91
eaa50da8e7d08de853dd568a37f8000005
da506c92e4a4e014e4e2c19807f8000005
005c114ff17737f2340a193a433fdf8401
78c2d48feb628f26f3c5bccf4ff8000005
86996b38f8c35fb7000d092203fea2c101
003ff224dd34faefec373b4e4ec373b4e1
cb3037237f0274e5c7cc7c7f3ff7fffff5
4901d32cf799ced2c9f552461ff7fffff5
d0b14b12498ba92929b080f70dac171d31
abee79a0e1ea4270569871531569871c01
2fa595b4c0de8cd5ed1c88b71ed1c88b71
bdc6c6475b94d5e0542de5da1d9e70ba71
1f1d69f5006e82f777a52c9d477a52c9d1
cf55bd7e808cc2a77d3662a807d3662a81
405228627df42895641583d907ec86fce1
0e39220c87bfd719be5034190be5034191
0065dbe634cbd5f1da2b6da53da2b6da41
0049fd559c076c307f4d9dbc47f4d9dbc1
4d63f0f3e3cab70f7414f7e70740f53ee1
004ac2260f428305a175c18f3a175c18e1
617aef5a39ae765909cb9fff35bab02b11
257728887fc00000169ac79647fc000000
adad3e249737f24ccb3a4d4c4cb3a4d4c1
82ac36ef949c767e51ddcc56451ddcc561
7fc00000a852be88001ef37e07fc000000
2a283e6a220831ece2cfaa101e2cfaa0f1
654c701f000000005a2b4f4705a2b4f470
a1bf8a4531a987545b6b366145b6b36611
09802cc4f797ea8fd18adce20d18adce21
00678244e134643a08a8541e2a211e03d1
00628f547f1ff451575fb27d4575fb27d1
f3a5052eb8f9823f5dc6b56c06d20d5ff1
fca1bd9c2746a6bae682f1462e68ac9661
f279c8c927dcc5777f64d13537f64d1351
0005efa4647a563adc7346c23dc7346c11
443bb6a968b0faa83002181b36d81c5601
7f00939ad409dee247c934743ff7fffff5
0009a1b1f977f4da42eac42f242eac4251
7f800000f63b8752409dffd52ff8000000
000000000d2495ed7fc0000037fc000000
628a029d37780cd44fb3c58805a85b9751
f086c616090c2f1935e82d062ba1326291
4f74ede5d33bf6fb000785f10e333d6131
3b899dc1a84d1eb3cc8b8af00cc8b8af01
580dbced0039bafe382787564382787561
e3c769b4000017f72aa9693212aa9692f1
a0719e6a06de83277b3377fa07b3377fa1
144198cc21a3d033821fbc3e3821fbc3d1
6868990d68ed336b7f4a759807f8000005
9bddb6c181674e386cdeeb4e36cdeeb4f1
53cf8bc6d4bb7a7a5e8c86732e917fe611
7f7a6794efcfe374066e1ad83ff7fffff5
7f292778df6d1ba4a72c57671ff7fffff5
a515ac87a9b04c9d0067fa4240f4e26d01
a4fafa5800000000d61839f90d61839f90
6df4a4ec18e44645800000004475a26091
006f45566e4a34312cacf00122f352e4a1
005eb6b5a6ad0bb62de84bee42de84bee1
82910ec0441d41737f7436ac27f7436ab1
0043d5a84dd7745db472a4440b472a4441
a9524bf6e375ad657f482b3137f482b321
44bd8f37004e7e7a971c4a6f3971c4a6e1
00296200bac45201a4f2dcc54a4f2dcc51
3d768472f09db19fb98d730a1ee97da441
1ddc2af97f3c5205e01944ac1e01434fb1
7fc00000c9727dd700bdebb817fc000000
d12f452a8000000063577e25063577e250
005d0d96cc84ba277f117a1b47f117a1b1
78bbc8c9f0a86e4b7151fa992ff8000005
b2b0c9e90823cd913e08d5ad23e08d5ac1
94b6f7d9dc7ea0ce2badac30231b607b21
81d1c796ab0cb6cb4ab642c704ab642c71
ba60af537f800000b6355b462ff8000000
efea1d533a446bba001057450eab3a0f81
4de4a3f7067b54dbe91d82a12e91d82a11
0042beb88af2a936000321eb3000321eb3
00000000fbbbb238718314b52718314b50
00401b58cb824da45b4d39e735b4d39e71
5954ff0e69d846ea6a23b31207f8000005
131c36e0f3dc051c7f3daa1647f3daa161
19ac361f36c0fdaed617ed9b3d617ed9a1
cee67ce0fc3b481d0ee380ec07f8000005
77cf5e85003dfdd1a5d7628533848dc7e1
310dd30d272c9d94ab2fffa01ab2fff9f1
42fa59d7f71324cda56ef2fa3fa8fe5931
7f0bb0e1466fbc357f3f77ad37f8000005
0c6ab16970988ab5e7666fae3e7666fad1
7f28d4a5174771f07f55356b47f55356b1
3e8d6d97800000001c404d9d21c404d9d0
38393736dcbdcc1286cc977c0d58951681
0021e1128000000031c236b6331c236b60
7f5da70da4fdce0afa2533064fa2533061
92040ff1d3974f675246081a25246081a1
6b23267e7f27be89d91c75ac47f8000005
386ea2af1cf7a3492c3b348002c3b34801
7e378d2c624bf7887f3d319137f8000005
7f61ea29c2f01036dd2626d24ff8000005
67e2e9ba00225577400bee494400bee491
90c5f61b1abc79deb20b054f1b20b054f1
82e0b8646e5f1fe87f80000017f8000000
c94e09dbc71cfa2a4779c4a7450fcaed11
055b9d850060f8aa317c53074317c53071
00688aedf5733f215f51c46445f51c4641
c10a37eef611d6a00668ae351779d7b1d1
5970a6c4b403f1d600504aa61cdf811581
449497a961504a880025e08516671ccf81
2d0c19a07f9b53fdd51fdbaa07fc000008
9dbfbf8c0c5e4e4682f367eb482f367eb1
e8385b8700174348817031d04a80605671
96221c410c5250160073a34330073a3433
7f8000006c2c237da926a4b837f8000000
ff800000ff8000003b67258b27f8000000
2c2584948e45327ec09aff2a0c09aff2a1
36eaba0313249c28eaa9be5a4eaa9be5a1
3e59d073dfbb6108006692f50de9f6dd31
27fe24d2ff800000d31f0d231ff8000000
6cf099c10a8acb79c2c93f6c4c2c93f681
db01aae3e3242d464157965a17ea650cf1
000000004a3b6e18965b549e3965b549e0
e32cb7a1c6f376ff09c7cf6c36aa442971
e7f8a51f793dda9b2067fb791ff7fffff5
0cdcce7d48f4ad3a2c94cd3a02c94cd3a1
7f4b3ed6b6c2aeaaff8000003ff8000000
5bb7dfd900049d18deab5c3c2deab5c3c1
0c333129bdd954e4264a3df01264a3def1
0011394958d8b7ed3f130ae843f130ae81
c94a84937f8000004c7a11442ff8000000
51c530f93b88c759a84f30e104dd2b7241
0000000075524b5a0048a2c730048a2c70
38b1b99fcb34c63ab5dc6b403c47b00431
002e84973f35ba647fc0000007fc000000
43a4d68900ae17c418f8f67a218f8f67a1
7e3678b733fe610407123a6f472b550ec1
4457872411e37c1318bf17a1418cb0ff61
e4262409702c31f7001d4d5f4ff8000005
00015d6f3e8e7adf0023671d40023c85b3
00209ad867b607665a61b87d45a61b87d1
e08fe93bc85848fe6f09121726f0921491
eb2dd50b60c4f18bd4cc790d1ff7fffff5
00627a8c7f8000007f6ce03507f8000000
7fc00000800000007a78e21237fc000000
9b04728c00424eeff453cefd1f453cefd1
006a62e77f339383f3a1263b1f3a1263a1
20d6cd9b7fc00000b0a1e6dc17fc000000
332abf07c3f7068634b35c9d4b7a1f5371
4810399d8f3f9d5b0018cfb5097d7e7451
bfdee33d7f800000002120453ff8000000
ed2ec5578588c575001b9d870333abf481
caec7df17f1f3f064ba59c051ff7fffff5
ee95835dd0e06ab72efc41c317f7fffff5
e2c973ca2c2265db013d4b6c3cf7f96d91
48b991b428cba6d7f26d7ee32f26d7ee31
ab5742cc69eb13cf3d07da882d5c5aafa1
2a74fc9310a43077775636300775636301
ccf7d41c0565789f7f7ae2a537f7ae2a51
72d7dbd40063efe35d43f2bf25d43f2bf1
26a842d87f7177ef4b66cc270669eb5c21
1ae956063d408d900b528776118af818c1
fd69b05ff61bea7aea490a1817f7fffff5
6c9436114462a56dda8b68261718337801
9e573091c821f46710d38db82270822fc1
000a3bf85c722a9124378f1d124378f6a1
646d6d5360ed04c6fcebed7937f8000005
65b5059f63d9bfc341f7ce6b27f7fffff5
7f57548631d6e1e443e6e579071b4bea91
002b5462cab97daad13d67c94d13d67c91
489e159781401d923f162f8713f162f861
315aebafe0bb44957f09de6517f09de641
f37b54a961858c3e7f3321f90ff8000005
2abd443be5ff7faeff66f4f73ff66f4f71
b1d76353b1c883fc599d1a394599d1a391
7749e872d033cbad800000002ff8000005
f425d7129f6cabf7818888032541951ab1
00274ff323a8689c505fabb21505fabb21
f17c2cd656bff922004e4d942ff8000005
c4caca63109a34eacbe007980cbe007981
05d4763bb010721edc10eff04dc10eff01
8d8f7d5a3bf78ac5e8e17c9d2e8e17c9e1
ff800000df11daeabcade49517f8000000
8ea04c15b76c269e62cb7a2a162cb7a2a1
537cb64b4da0881cee744dc52ee744dc51
7e075baa9eeac90ea816ef711dd78482f1
206808f87c55a972192a790615d41a90b1
8ebf068508b0c3ef52184e05152184e041
65406f393ecf8e1fca4a24664649c04c41
02388a737760b0219a13fce913a21f81b1
cacbbc312d77e677000000001b8c549fd1
efdf13410e5859ba2bd6aa451bebc866e1
7fc00000f4ea459e36f8437827fc000000
4b542fde007578c05d6cf83f25d6cf83f1
fcd112b800efcb050a475f871be43d6471
0079f3eda12967098f3c465c48f3c465c1
c1efa6dc0003c3bc7fc0000037fc000000
fe9d0021000e8b15d47be92c3d47be92c1
1638411c001aa02e36d27b2b036d27b2b1
0023f1280012dc5efa7b7d6d2fa7b7d6d1
cb2c5266d8451ea20062fdd746404b0071
9f10da75573a0c26004ed9e30b6d28b311
473c05ddc837835f006b693f4d006c8ae1
7f23450ca1a10141466bd2962e14d5e731
ad6a48d833a533970a7f5a8b0a197302a1
533a178acd518a24005afb150e11851a31
6ffcf468e1fcd07fa9a972804ff8000005
942c537915d385907f6996f507f6996f51
4f00a0dae16008aab6ddf81c0f0e122321
60beadc07a472480a291af7837f8000005
2c9a8567ed4469e19f6a63434da6d1c171
1cc5855a71fc72ee7c5c526217c5c52621
7f2c53bbdaf7fae4004e8b213ff7fffff5
686493433616c244200d003925f069bbd1
29cf7762bfddf5583d96167533d9616751
e7006affe6f7af43fa336a6c37f8000005
98339f5c7f3a4a4fed7324851ed7324851
e82d74ed57db3a25cfd461ec1ff7fffff5
118efeac755afa07c2e6f8ac047742d921
9211bfb88f09a70638e5c097138e5c0971
61000e9a71be5be3e1ae2cd747f8000005
71659bf4c24acaa4b9e57ad43f435e2ce1
e26c1423bcfab6cb373bfd3245fe7343c1
dcbac532e9b21221a24fba4707f8000005
00025c76bb9696dff5aed7343f5aed7341
ff800000d17a6798e75d854717f8000000
edc88da5631de6d9f2dbb5910ff8000005
fe795c1ce17b8a57b0ddc60747f8000005
33cd2d660342ab98649ee8263649ee8271
4adeb2b97b79f60b1a524fca07f8000005
004cf680b753840a614752133614752131
00148227fe6b0a14f5cbbfa10f5cbbfa11
d4bf8729ff800000e8aed53347f8000000
063e73e75384261f7a631a0c07a631a0c1
bbbca497ffbfa3df819c7d9b37fc000008
f01f2e8b00793c6403da9e5b4b116c51a1
9efdc280f77b9359ff8000001ff8000000
a86fcf75632c7d787f80000037f8000000
00000000e62e34bf0995cbde20995cbde0
72ebbd7abe782b8bb4619b060f1e487a71
7f235b566cd57a14855801d647f8000005
8add5a6052661040100c234d39dc6ed3f1
a8959edb1ab2cd8a5a35ac0935a35ac091
51b4b422a4e5742315075a3a4b721f71d1
9da1dabac128289b7f2ec3a407f2ec3a41
8fde64d272405b8287dc0ba92c2a71b1d1
07f2ee147f011ca50d870f9e047750a4d1
898ee67ab81924e2f7445f7e2f7445f7e1
ad24c89260f8280f585f0c2e1585f0c1a1
002f2ffc3974ee9b54784a7f454784a7f1
18c0ffe400654d642a84e83632a84e8371
237cff3e78c960680009821305cc703ae1
43253c404d8754a100156c353512eb2cb1
94b1e991ea59890a7c1a8c0127c1a8c011
1becfb57c5b0258e7fc0000007fc000000
0023a835827e51215e21e74d45e21e74d1
9075be8ac28b30f5422c7dda2422c7dda1
00114b4cf925bc2b0004156e2b8b323e31
13593c31ad2421db09799bc6309799b3b1
0011c6abcda3acafbde2affc2bde2affd1
9a552dfab4b60af5c01ac2a22c01ac2a21
2431a980094d76a90079e78a40079e78a3
7f2b89ee0b344953ced171c62ced0802a1
da1da4c39e210e920fb1c862138c65b2f1
46e3cbd38550c0f7f7c348922f7c348931
86acd46cb688adb848cd1fdc048cd1fdc1
b8abd494741695f18919aa822ed4a26671
7f530966afa36e65f353c0be4f354ce321
7f7b869598ea21600d9db4e31d8e609ce1
6dca825fa8c8e5dbd8c6a2ee1d8da80631
3c7d09ac5f97a2bb7228cd9017228cd901
7f6588d400285a547f4340bd27f4340bd1
001c44c1ae525d47000dfb902000dfb8f3
80000000694ce92ea84d5a383a84d5a380
4be631bf798b77ad6a945a2317f7fffff5
cd11d6f3831e50f4a662be401a662be3f1
c49df3c890477aae7f77d9d937f77d9da1
b417542a52d59a1c79636ae7479636ae71
406ce6f38152b218c075dc252c075dc261
8da73a4af16d72259e514b7923f9b1b861
27c4f7d3e6db02ff74aca198374aca1981
5c4a2d01670e31517140997347f8000005
7f1260c2603c2dd457fb15bd07f8000005
40efe685639f2eb57a5b130c17a5b130c1
4a4a4c9b7f800000dd1e23d417f8000000
9c4960fdfadfeb98b4da2146357b024d01
7fc000007f05c588e3157da837fc000000
8eb9170d1b9f22c3c8f85fb01c8f85fb01
83d121d454e62a8609376d090993c07211
584b83b4aa46985f007c2b5b0c31de0ff1
88aa18402027eb51b10d88dc3b10d88dc1
21650a11b66b935d14d696e92985116e81
f2b43d9ae11bc34d000045a137f8000005
6a473332006b57f7d51c2ad74d51c2ad71
c0190ead0069fe0dff8000002ff8000000
3e38d7c555840d7299ba03bd4543eb1ee1
70ad75a72f919cb44001bbc2260c553a21
7f359512dd325d9bc9e9a2202ff8000005
7fc00000b73af2bd871b4f4807fc000000
eff2477d00007f5fe0c71a8d2e0c71a8e1
a9a1c72ab8c70c257f2c202f47f2c202f1
46fe9b8103846cf2e31d40b80e31d40b81
8a38e414e611e0d3002787dc430d2b71f1
f17ef7e230afbe6b472de3ef0e2af091a1
c3208f8d08bb62ee003553dc38c6b0dd01
8889fb29616ebadc673ac0311673ac0301
f75a61d2407ce9eca790184b3f857bfd71
03ca87b13101299484238f81484238f811
697be96851ce8a807f233c9b27f24d3171
7f58e6b618f1dac073b501f2173b501f21
7501577c3ee04bd4d1bdbf0d17462a5b81
000000004105fe3f7f5e90dc37f5e90dc0
c75c4fe72c97b7f7afa7642e2b482bb4c1
7f7b3c8a007a27fe000000001406fc4321
27a14e06000f84f40066a5ac20066a5ac3
ff800000923b19d94fda35fe17f8000000
705f0575f8ec294cf287db0b3ff7fffff5
45dc4e27baecae1be8fbe0094e8fbe0091
afea82e78df191f0b6b020e51b6b020e41
2b7377297962fd4ce5e177b64e56b0f551
44d478aa962f412400603b8e19b91748c1
3dcbaa0b7f460d7d0012428137d9d90401
da034bcb73b531d1cd705bb74ff8000005
a6a5425098b9d0c6ad6c58362ad6c58361
f373a09b005c48899975983b0b42fa57f1
fa1f82b602a8f6099f2a3d924bd528e291
7f273a327b0a300b87ac925917f7fffff5
7fc000005fefe1daae1ea4b127fc000000
e292d4a2a5011a99f0f936ff4f0f936ff1
c4386dbff5fadaf48000000007ab4b8ea1
0a7d00516930b7a5d6846f2c3d6846f2b1
80dc8d3ea3b1ed1fcc3e71c14cc3e71c11
2744f4a17f1e0ac168909b024689fcdea1
a19ad0df00402cdcaba88c504aba88c501
dfb85aacb962229fcd5fad15359a2d8fa1
ceb42e1b132ef807d290818a2d290818b1
2ba1b9faa62c3dabaa7fde631aa7fde631
2a5020c88d65faa4d028c9942d028c9951
7c96d1a8d9d65ca31ae321e30ff8000005
3bfa33db00102e7c4ea3d26924ea3d2691
09222efdfaafd50a901740a20c45eca2d1
98b871af457ff3657fc0000037fc000000
e62457fd7f3dfdd598ea69821ff7fffff5
e497ac86a7ca8342004e125304ceff7cc1
ec32631efeb01e37313cea8537f8000005
5fc83e897f37d8a8b7c5e50107f8000005
6c17c8438b1ab49f3d67266b33d670f7d1
7cd4c5468dd4524827f79e203cb3077c01
7fc0000082b1fc7655de819c27fc000000
f5d76e52ffcfbfdd39e06e0327fc000000
7f800000005b5b70c40f246627f8000000
b6eff18a004d802105f98e35005f98e351
2b3f290a481e4e235e73372015e7337201
3f1200886169d8d25dd69879061070b551
3f28d4f3b566952daef68d950b51819681
c09bc6e128e126aa835d3c0b0aa0901531
37fa577afeff92d9ebf7b9680f779ecbf1
ba237c297b939c244e71dff31f63c88041
3638591e7fa237ad0e4b02a617fc000008
004029b32244dfd87f5c21ac27f5c21ac1
00390cae7b4e70b8b1caaca333bb8053e1
c11546237fc00000f20c39a627fc000000
5849eadd006c79197f2aaee027f2aaee01
6186eddc98e5fdb768bbf259068bbf2591
00753abd2852fcebda69e7500da69e7501
294ae3bafe42011eeb9badd11eb9ce1531
f3c9a3097f1643fa930859031ff7fffff5
8c1ec4c4bd6144ff0000000010a0bb5ba1
d22bee2054b82a6da9f38f670e7775f4b1
a4c06cd7e1b8cf385eb3723935eb3723a1
5922357cc51d04109895d18a2dec6fac11
5d1076fe63843aec47a4a44737f8000005
1b3456244691a7253e2d740313e2d74031
01db487b003d0379a54727ae3a54727ad1
4da02aedbf167779004ae7dd1cd3c47cd1
7eb326140051257a003932e303f6325191
7f3af6a4857c7405e651084e4e651084e1
33a6b4f83440a8ca7bcbe7a117bcbe7a11
25f81eb7a6fffa73ff8000002ff8000000
df717dc46624b8230978a9382ff8000005
8f6d5ffb2c681317f6666afd4f6666afd1
0077c23cfcabc973918d11510bda0b9f71
ec69c145eb7a2403c4a783b937f8000005
ff800000d5fbff2123d42a2007f8000000
7b79bfb0ffa5104d338328a537fc000008
b6b0b18eb41a1fc29faf080a02b54c1741
7f5a348ae80f5620a3aeaaa53ff7fffff5
2503f0ee498b57c7e92ecc2f2e92ecc2f1
65e044201f48151577edf0b5077edf0b51
aa3b8d04e41f75e20126cb8434ee9a5e61
9d1398bc1b4859d99f768f1809f768f181
512cbd66000000007f5eef4037f5eef400
0616735540839fb8800000000071ab5c51
55125ccf30e71f200043b03824684238a1
7f4e79821bedae24a323fa0d45bbfb2f11
775e7d03ffa0b2a292a8d9b847fc000008
322d375ba4791a9780000000197288cd51
88999acd170bd382000e3da42000e3da33
7102091ec409aa21eb71133e3f58bda9f1
7f80000081dadbdb3a01f6ab2ff8000000
80000000c227a6052e551dc702e551dc70
b8264ce27f34bbdc6bc7e8333f7ead02f1
34fed7568e04e613d7da4aeb3d7da4aeb1
35bc1bbc6e3887cd004c6a7b4648797b81
50966bd20000325de462abbf0e462abbf1
65331618a471ca9e2d86ddc43ca29258a1
c71ab891cb3125f1904bbd6a052d621151
4bc20b1338c80cd80005984314517a2631
e100f613000000007f45aff427f45aff40
b827b673158b689cca7ae1630ca7ae1631
ec8ea3803a32761edd4022861e746df0a1
edf6ad3aa1453234c960ae1b34fbdfca91
1ab820b0249515117fc0000037fc000000
d6620eb17f021afdd83df4922ff8000005
a82f7481ab58463f7fd0143e17fc000000
6f664a4f144e92ce2061a62914439d3db1
a8d53a606d2238ff1e4f781c0d6871e6a1
005b8377f902242e91aab5501b9ba16c51
9fb7e13c1b333936f2975d633f2975d631
ec900e3851ddc32643886eb72fef9942e1
004794d5f6d79aeb9bbb543d2b77125411
7010ed24c7c988a7343ff7413f8642f1b1
a3ac543080000000d955801c2d955801c0
869d76f97b2e487f004736670c25666ea1
001e405bb5c292c97f29ee3a27f29ee391
ffc6b6c80077310e004cfb1c27fc000000
fdd3c8a1cc48579e00411f4d47f8000005
57f3102c4371e4a1262dbc8325be5ab4c1
c1b3bb9282d4875682f1f2411050da6c71
7f10162301568afb4c744ccc24c744ccd1
c2a80e0291317a617f6e0a7e07f6e0a7e1
1d56f70c456c05d3ca32b6fa2ca32b6fa1
00497854e361bac825c2dd7a125b2ab621
d1c6cc47a37be54dd2cf5c313d2cf5c301
baf04d9c002a53248dcf61c328dcf61c41
00000000abf0d5337f7d8fb837f7d8fb80
7fc00000910a5263003e1fb807fc000000
0013ca47800000000075d2d410075d2d40
2897b494bc535374800f55e34a57a76951
7b2961843d8b8ed32330dfbb27938ace41
44a7ff4ee43bf4879ed3734d0e976afec1
3096dd3bd4e1b4e17fc0000047fc000000
e5a37680a4d182f2618f20ce4618f20ce1
2b6b740415d43540535419e04535419e01
83c762630000583a7714b02707714b0271
7f591ade7f0d9d7964932fdb37f8000005
d2860fcb0054ab6000ba711b193315bb51
a7a7470d21a2b9db82d4e91e289d4ac231
609955e9c32c1ce5000e4bc61e44e2e0e1
000000003e638cc77f80000017f8000000
5642354fe811e550957f80760fedd5c501
0027e77a11ef358dda64da330da64da331
437dcc083a3bc2d776462fa0376462fa11
ceea0e582d95724abd8249014bdc69a6d1
2dcd937349475d1283d57721037a0185b1
57e762de32b115dc990140c034b200f1e1
5c4ee81db54f9b3dd98c86ea3d98c88391
2c913d9e8f26705013cebbc9313cebbc91
79ee01661d9c0f9e4a3a322a3581117601
d84f7833831bf9c88328ee1631bfcd06a1
128662a77f8000008000000047f8000000
3f21aea300000000a2b546ca3a2b546ca0
14b82960c375d2e041e577a1441e577a11
7a67f0bd6de0473fd0a5730e37f8000005
6cd1d1f210544a05c9f2c5c62c9f2c5c61
7cddb307c720318a00076b024ff8000005
5b3b3ea588707fbc4fdbc0bb34fdbc0bb1
80c2b9d363a75f0eedb030ba2edb030bb1
d33c3dc1ff8000005320b44327f8000000
96d91e266127ff307fc0000007fc000000
4ad3d42922270fe77f7d06df27f7d06df1
5e1338c07f703feee91f531807f8000005
fa734db76b07b909d3d726d72ff8000005
3edd23b780000000ff1e678a0ff1e678a0
967e4e78277f68c03b9227d303b9227d31
d84df102113ce9cfcf8cf8aa3cf8cf8aa1
9409f58b090b259a083d7d1c2083d7d1b1
000bdf8b7e30a586a8a3555013d8315cd1
005dc8643dd43ca6d4d3083d4d4d3083d1
0ccbd5a07f6925cc0075443e14cb9a3861
dcc3bb057d1f30773c24a0db0ff8000005
973b944005e5e56f328b44d83328b44d81
0891c35e001993d10010b80130010b8023
004329f5234d1228583bc7ff2583bc7ff1
02b682e9fd9fe22d319bf5f03c0e3f91c1
6f9923ba5e70b5e20000000027f7fffff5
5a67ae837fc00000acde86cc07fc000000
94508ed56c726d7c4fef966014fef965f1
2715a0970002f3b1bf375b891bf375b881
bd7061e33f907e248d91a4f20bd87ad821
1a0632967f63f950bba03ffb159ef03181
005e3dc0c66e5177ec4576e01ec4576e01
6053525c8a2f22982e9391a822e9270841
69483d4876e4335e5937bd3d07f8000005
7f8000007734c84291d80e1417f8000000
256bd640c3da165b5a64167305a6416731
f2068271b632a26c87205a7e468bbb8141
a810acfa005ed26f917ea97a0917ea97a1
7f1499d8ad33e04405a528891ecd0d3801
ce44ef0121a7e44ed9777a7e1d9777a7e1
d4e0bc11e0b32e111c5deb143761d4bf11
d48efb76320409593629b9970c7137dc31
c7ec351024ca46a68a9bd02e1ad3aa30e1
346eea81de71a9a6f53197142f53197151
76358904f626f861006ec21e1ff7fffff5
8cbb28899c754ab919dc2bda019dc2bda1
ff8000004ad4d9700340f45f1ff8000000
e80b983b2e8779c2b32908903d713bf571
003c027da15b7d3fd8d79cf02d8d79cf11
2fd5f748313cbeb59c9c63ad1219d99e41
7fc000002aeb1b909e500ab037fc000000
325d8bef7fc000000f0b687607fc000000
ff8000005d84c764fd396b704ff8000000
46e504297e8dd2cb85cee83207f8000005
003a7309dd4bdfc4107f2d2b29dba313d1
f1264f7e7462763905f1a0943ff7fffff5
c5e1ed6a08e622278000000048f4b19711
8edc4c41fc57a203007c52f124bb98f751
800000006190672d72959c3c072959c3c0
8add5611afe9a4e8007d2e7d2007d47bd3
0f8814477f4a16120c44c67604f56d7771
4a7ca150435497c1005cb56344e51cb581
26d2cfcd7f0d17ffe241ddd1366679e901
0040df7acef5c310b32f10f53b32f10f51
138d1f9c000868d948399a40448399a401
744654e36ff3d8f450b8de3317f7fffff5
3cff4e8f1bd4d5e4a05efd154a05ef9c41
007c9231c59aa213707d68f23707d68f21
7efa8e367f800000e10c8bd507f8000000
7f673435196a5ee32c6b235c15953ab6a1
0032826c28db8e417f1f433937f1f433a1
19c288a5ef95f88e79e82117179e821161
ff8000005e91a5477f1c7bdc4ff8000000
7f261563193a228c8926edd7258f183e71
b93751458a5d2702000000003041e5d181
f55596e51068dc1f08ddd17e2c64248681
18c6248326ff3feed976a8614d976a8611
007c7245ab0c39ae07030b39207030b381
c68a674f7f6a90153af8fd570ff8000005
964628bc001d0a17004cd9262004cd9253
00000000daf0679015481e77115481e770
81f9bdf6e9bacc658d15836812c363b6a1
88dae488e7ae660e552183113552183121
8d6bc3bb851352791228eab441228eab41
3bb570037f07bc0d7008a03b47b4066b41
ce5c22dd0e5e52a95a6b32c415a6b32c31
e1ee7841001a13ce371de66f4371de66f1
8b0c050d4b867b2cccf596a82ccf596a91
d9494d4f118f8ca47f57c88147f57c8811
a5366108db72c4f3c6ce3c931c6ce26f41
a2e2287087165ec1a93e2f4f3a93e2f4e1
2db8470cf79d73b77674ed3b37674ed3b1
846df508736c5d7b3eb66da603eb666c81
5521f24889e38e16281373364281372ee1
4bd08c5d7439bcc1fe85453047f8000005
a5fdcc3901b8e1063f62352603f6235261
ace0468f627cafcbff6262db4ff6262db1
7f7a57fa8b674a9004a9a4484cb622e4d1
12e4381f9e8d21e245e133d8245e133d71
b47977f47e167e998691985a0f312a7a71
3722a8ca007b2b558000000000000004e3
e2e17f6baaa2488017d94d8004e0ef27e1
2c1c9b8e26c106c4906cb0941136878101
bc4ce2676802fc6bbf42f0e82e4d1a9fa1
e0df0c50001573e4c3358c050c3358c051
723b0902f0239262310c27453ff7fffff5
d1ee7a6b3971b8530058a7760cbe12cf41
d6a4ba935b68e2d50043a9f82f295db0b1
004580688492cf4f4cc03f7444cc03f741
00201a5a7c271022111d41ae23c2799b41
271f8ff05f9eb694002f669d14745d9451
7bbd0be4533c5b04004858f647f8000005
006aa88dffb2699c7b9c625817fc000008
49d0d0ee6b8273c90e45b569175d4d1151
08e108b240449c291343235831343236e1
34e04d8c56183103c8d157ca14b82139d1
00606ceca87f8cc19b057ad739b057ad71
faacb40b80000000a7531df12a7531df10
77df40798bf5b00d347898324c456423b1
ce17180195c5d32c002856f50246984371
b441576f006d1ba5d57cce3d4d57cce3d1
43d6727b74fe9202ab400efe379553fe61
059aa4f940e731d576dc6296376dc62971
00426e7ff91a17380d98eece3b99ff1fb1
1d30a51700549a982bab50a212bab50a21
45adc2986313c6b8007abbf8269489b3d1
95f22b546ced24b5d2dd5aee1d2dd5aee1
7f0d7158477b49894329dbab17f7fffff5
3238c8357fc000000c13fa4d37fc000000
660f882e2e95aab3136df76515527d3ef1
00100315a352f1121c141a4921c141a481
5ecc1f377b641122e183db3c47f8000005
0788fb9195c47fbcdfca4b8e4dfca4b8e1
00069b811328229100022dc7200022dc73
4532ff9744355cd9af2ade95049fd9f431
81c1f1217f02fc027fc0000017fc000000
002766055bf1bb887f05b74117f05b7411
5ec819367f317664f8ab1c7a27f7fffff5
aacf862afd7c2a61dce74db2368cc6a6c1
e2e0dd8360db4e567fc0000017fc000000
0f917362c125fa295e644a2935e644a291
001e46ac2cbf86cff66381a02f66381a01
000000007ba5e66c773be6882773be6880
7f51ca13003fac50006ddf4213fd0b7c01
f8c91c9a08ce48937f80000027f8000000
69280a9f7f6280db57e79b9047f8000005
1b0020b535077d6a00674f7b41087a0091
e27d5aea004d4208675cd3880675cd3881
3a583175a25289494a7d3ff744a7d3ff71
75124b39167025bf1c7ec27c14c093c171
6e3141bc79b6b49412504f2147f8000005
7bc6653181a84df61703e8433be026ed31
c570d46d7f5f6c08f9fab8d24ff8000005
7f16ac54bfccd77684acba7e2ff7120471
7f80000014d507aa0d455d0407f8000000
7f2270ed0021f0bd3541559e33f2c4a8f1
e682110400000000d3f9bdfc1d3f9bdfc0
de4fdad258a0f808ff8000002ff8000000
00110839ea62568e600849691600849681
fabfeba350d3cf80e0b774b14ff8000005
eab08705dbcdcb242368d97f47f8000005
f7b6b9ffcb075e077557a4dc17f7fffff5
942de85c688b82c72f2dc5f11bd3d8c021
4458ed72d1cfb460470e04174d6b000d71
7f4cb607006bee97a4395de53402c9dbe1
befd0daf887ac2eb47e54e91147e54e911
fa8d8732706d9c85f9147e290ff8000005
a041f986d823af0fcf3d70f84cf3d70f81
0041d04ddd1a94f28390ccab09d9ef6641
7fc00000d3384ccb9c2d0a7237fc000000
5a8b540d9b281503739d216a3739d216a1
14fc7477001c8c02ec4a81ad4ec4a81ad1
15e819566a8825ec956722b9140f6dfae1
e4ea4b5a2421b6de8c0850093c99400c01
877c2d0a7b4aca4b5c7e2c2005c7e2c201
7f7324e37fc000001452cbdf17fc000000
7f6f18889f859b852ce70ec74df7991fd1
894f75ce0019e25efa34f8a70fa34f8a71
3895918871049c08bd22d53d36a1af4671
f861929fea12af87b601b3c407f8000005
0a951355743d38c1e2aa3fd52e2aa3fd51
d7a7aa0500019586992e121f4992f1bb71
32d2a28438c16441a504bb8512c1f1cef1
7f4a735d41bcadf09380344447f8000005
70f31b0e2bf5fc3b002a535245d69986b1
9eba13326556bc59bee182e80c49c230b1
53acd8f6b7a09c3d003f59660cbd8e22e1
746182927c91269d15ebf4c337f8000005
b75197ed7f26fc8a5ff7d6af0f708b7461
e901199c6a50a59ec5fc76011ff7fffff5
f5d53c30841effcc7f80000027f8000000
77bd537300060ee7800000001368f5f431
981e4539383751558527d6ff090e2ab8a1
a43fa6d0130ef9416c85392b46c85392b1
799f1a01fc2bc59fed12fee50ff8000005
000c518dbc9daaadff8000003ff8000000
2eab71f106b0ac39ef9bf3db4ef9bf3db1
19cbf0c301d5ce88833020a13833020a01
99e60f07d4bd8dd9006a952212f2a58911
a1e287330035ee56d19109484d19109481
35c17946ff800000003975dc0ff8000000
1df52e242cb3449fff8000004ff8000000
47e0898d6cd91a9772452c7e07541809d1
ee07c727a116224d5dae4e7045dae4e701
80000000ffab64415e9387a217fc000008
83722502583c571200002ce109c3225891
4fa7df417f315cb92320f3c547f8000005
930792bd1d23b9687f631ced07f631ced1
b9f4558a7dcdbb927fc0000017fc000000
a491725b6bc1b47c000000001d0dc1b821
001624ffd9683d5e1189805b19920b59d1
69a75c23155d871fc78ac1804c78ac0ef1
ff800000d2b1b179ca8ff3ae17f8000000
c6ae97901baf8ded86a9296e0a2ef74cd1
f155f9229c84b97041e1925c44e5ddee91
6cb65924017172137f1a403d27f1a403d1
40b20a05f731887485abeb503f876efa61
7fc00000f91046660035bbe937fc000000
dbe3478fa29d0a57de7edea93de7edea81
6aa298a586029b4959c76ce5359c76ce51
75fb0fd7a2410b5e080d6b930d8bd52171
d6e72b69c807872a000f063e25f74c3e41
7f42fae5dbb43f5288e83b032ff8000005
032ba743dc7421ab44e3bddd444e3bddd1
2884c3be2707a10525048f82425048f821
2963a0e899076d7c7cf31cbd47cf31cbd1
af9761125beb69ec4b5ad7d01cba8fd931
9c3258f80005fb99848b3a221848b3a221
40e12c68cbd57d7a000737b60cd3bc8511
b06d8064164c0ab88849a11d38878f42d1
87ded0e37f6ab46ad3502e241d3502e251
d9a2a3c13f5817a2a70eba710d989492e1
7431d62c43aee506ff8000000ff8000000
07911327dfc7908da84cf6cd0a89f074d1
bf1a4145da7ab646bbb55fcd05a1711921
62838e0812a13fd44cd7d16b24cd7d16b1
ed11ab745f08d0b77f4131262ff8000005
adbf86c117e70fa321a194ff221a194fe1
88128bb4005cd573294b39282294b39271
7f5514e9a7989c8b1dc5ab9a3e77e0d6d1
bf324a6de7ec195fef5fa9713ef5fa8281
43384eab4f8270d3c5da69f31533bd25a1
29a9db8b92b9194f3c1b9c1f23c1b9c1e1
0ab615db000000000076ab2420076ab240
48386f1307e2a684cadf22fd1cadf22fc1
22f719c8edaa71a332302e692d12484cf1
f8c33a888077bdfa1e9732de239b6a22c1
f3b89960d223741ca2f9e1c627f7fffff5
7f0177357f8000002cf4edb317f8000000
7603e4854cc018da324d13c507f8000005
7f49890a89caccbf00658cc03c99fa7511
91dff95a50e19da6f6f2cf452f6f2cf461
ab7c9a9300090b89eec7f1db3eec7f1db1
20150e477fc000007241b75917fc000000
7fc00000071fd61a0011a26a37fc000000
5b78d6c9fcdeb3f3f1f3bb851ff7fffff5
c672bf872867c68f8a8dad9e3af5bc71a1
004988a70857e4a8d50afe9d4d50afe9d1
19151c9fb41e77739a25e3de49a25e3de1
abb9bc084ad60340b7ac1b524b7f9be171
497c5862679ccc41677279e92719a8f391
51410273ba84aeee4360116a0cc4812151
38b7af4d82d6fb237f78030917f7803081
0061b0de9e0dfac14b028cd204b028cd21
004fbcc12e143cbfe93f94331e93f94321
7f6e9db9ff80000063e474fd0ff8000000
fa1f643eef094436fb6b576737f8000005
acecfee3e0f7857d3039028e04e6525811
0032405b06a9ffd6006f05382006f05383
0026b78f674b89fa000000004277643631
58f3862be2fc8c967f378c0617f33cb0e1
197a26a87fc00000f603053837fc000000
6e28279eec1c772d73b51c231ff7fffff5
b8baf391fb212e2b3ecd0c3e4746b69cb1
1016a970816c24238c2331ae18c2331ae1
7e2383667f70f6b801aee18437f8000005
680e4a93a23e1c0e85508f3a3cad355e21
a3ec31a500603ca12b49df9f32b49df9f1
7f800000db754ace5692fb574ff8000000
0043c8618a49b90476645d97276645d961
75a5dd7ffa0202444b2e9cd53ff7fffff5
7fc000009e8b6220ff80000037fc000000
7f800000859da28f1ea32d472ff8000000
e79826b6d87b06f82fc59b0117f7fffff5
3cbaa9a213c658019c14441229c1444101
42b4d1fa15cd09be00121b0101910d3071
715fe6e5e3e3ebadc2587b8c2ff8000005
9d09eea97f800000cf7343751ff8000000
2411ba9f7bad4d6675e1161c475e1161c1
2da304ea40cbe2f31b4dab6932f01d56b1
5f29f0413ed725e8a63ceb5625e8ed1f01
83f52628ce97553e0a58130811310eb581
7f1570c70053991b5629641d35629641e1
00105dd4a9efd6975f907bba05f907bba1
b87e6f44b3fb66e2d726593e2d726593e1
cc69c948d712ead2fce9843e2fce9843e1
003e9c5d00301cec2769441e22769441e1
33e265b77f1e4ffbba2d5a102738c01821
50147f61d03481e8fb46acac2fb46acad1
7f4b58af56a32a1c7e197eee27f7fffff5
04220ed60616b71a85a5f6be485a5f6be1
80c7d7af004dcfbd5ce44a5335ce44a531
4745205222ea22b9e5a27de53e5a27de41
006acca2f5e7669ef8ae900f1f8ae900f1
d54461f6ef3175c27f7898c807f8000005
b02a04556717405d9b05e1843d7c8e6991
7f34a278ba6bf564173701813fa267e4a1
4ff59b0f0650895324d58cab224d58cab1
6ae46835e8a3a2ed37443a282ff8000005
19cb6a936351d9724384ae3c14384b8a71
4872c248fbc13b90c5cf25433ff7fffff5
a7460a817f0033b37fc0000007fc000000
8f047e37ebc5a3b68259f6f903b4c93b61
7fc00000221a7ed897a787be07fc000000
25c8d49ed263e9e87f47723c37f47723c1
390bd6f21f971c3ff8706d3c4f8706d3c1
678583cf2881c94bd88876e81d88876601
a11a0db3c0fcaf17f11e6a244f11e6a241
cb129335523aa8562d87b3e00ddd5bead1
003af055a9aa9af2bd8b2ed32bd8b2ed41
e1df746aa2a4b1217f80000047f8000000
eef610c9ed1b9c75dacdf7c717f7fffff5
c5a1e839d8f8258f624d3aaf1624fae711
cc6e93ccae8a22cd174a846003b80bc1b1
fd8627a41989f9d8ac570ed30d7909c491
059fd37fa98f9d30ff8000002ff8000000
cfe25b14b711e648335272d82478101331
00000000d7c35513b15141084b15141080
8b9eb97740eaead0ba43345e4ba43345e1
23da49980009ff5c5dd7a64e15dd7a64e1
3e48ca0972e67e83c2285433171b4c8be1
32298267d31033837fc0000007fc000000
c66e612943a214dfad64a13e0ca96eceb1
800000003d3cde0605375aaf305375aaf0
af53d00b006041a87192d89a07192d89a1
c3eb2723004549c21d4716d241d4716d21
1585f0688868924f8ca81a3b28ca81a3c1
80000000669dff263a6e8c0303a6e8c030
898e8f9f80000000b56496071b56496070
7f800000bab8b3b988071b5c3ff8000000
00000000b8d96a510d78aaf600d78aaf60
82a209781b950117316f173c4316f173c1
627cf907b00803e6344f36ca4d30668261
72dc1eaebae9fad5f9e3f1982f9e3f19a1
bf0372ed77046107006380493f687f2281
09b4821e0060a1be0056799e20056799e3
c5a242a990957ff7179c4863217cba9561
043fdd8ffc5f7deb7f6e2e4207f6e2e421
caf75426abb0e215c5f070553c5f070541
3f889b9e000e1f2b234512d14234512d11
46ec1ccc683d31473cf073cf46fae7eb61
df4d077fcd43e988a0cba28226d1ce7be1
000000003ec1360f0dba543110dba54310
f4fb77c87f751d52484481a94ff8000005
a01be28d2b4bcd817f768ce227f768ce11
b458192bde6edb4f3b0d6b7515349a0861
9edd35e47506092cad7e9ac71d467a4441
74f19a9303b87ada800000000392e1b0b1
d62d4b970240576262927d4d362927d4d1
d09b36df2803da46985aadda1b91fe2d61
90babc757705556eb15625471c84284731
b732368e0007c680aa5421064aa5421061
b88d1e867fed7bc2005ec15f17fc000000
7f80000097e2363222475d393ff8000000
7f8000008f4f4a107f2ceeb14ff8000000
0072e0160069873c94b89917294b899171
003a23a2948e91f79991c29219991c2921
7b55a8e3f9cb061b0074b45c0ff8000005
005c7e0deb9cfc7a86f6bc750ac62e0201
ff800000aa08d027de487b0637f8000000
507276726ad1ac47055c622807bc695de1
6cabc0584137e9d548af24b826e76c6bf1
4815941782f0695e00103e2418b8c78651
c5df2bee000000005406efca35406efca0
ba3f753d7f2c137dc75d25d93fa00b1581
0dd29e4828d8580e9975aef919975aef81
002f06ad1ba4a0ebb3e29f3e4b3e29f3e1
d34e0c7a3dd2ffa130ef0ea52d1a9d3fd1
4c00f40dd11e20456e4df38326e4df3821
d055c12d22c54374f0e0fe081f0e0fe081
c746a8d7bdcb9b7071daa20d071daa20d1
1f9f0334648f0326950b2313144b1a97d1
0016c79e861b3bca7f6fe07d27f6fe07c1
25b5f3c57e602c9e1ef1edf81649f55021
dc33208bc8c725adbf9eea902658b58a81
d573af9130951c28fe8c8baa4fe8c8baa1
460e5d6e824ff53a5e5b714405e5b71441
10dcd046002180cf005781834005781833
cf180f760004aa81df3338ca2df3338cb1
8748f283ced7260ace12f9962ce12f9961
001109e49f46a943b581e2b33b581e2b31
ab23b7ac51cdd79463e48a17163e48a161
d9dce1757b8e062b4dfda2450ff8000005
2e3ce4aa57913119689d8f3d4689d8f3d1
e6db8f3edc4bb442189a229917f7fffff5
007bf4eb39fef9d0694997c30694997c31
1f5359ecff3f702fbdfc89801df1e0cb51
5b0378a44fb50a7e20f42f8816b39f35e1
bb02553f8898fcfb5790b3c815790b3c81
d74132d6dfabafd7cbbf3c1b4778191a91
7f8000009a21e02300176c3d2ff8000000
ff800000fa66c4b6ff80000007fc000008
0702192a871baa4273daa2db473daa2db1
f33d00f0a595f21f000000002595d689a1
844eca7684c20bc282a61469282a614691
8ddf562fd8c75e334213717f04213717f1
d48ad871e314a198c440932b07821398c1
a1f953e500671f1f7bf4431a27bf443191
c073ef62a0fd03451ed68346321f470bf1
e5e10de075a54c077f53dde73ff7fffff5
d8010aac7db80ad43ede31372ff8000005
7f4dda2829a8e40498d352fe26987ce831
1799ffa14da8c4348ec3790b025cb0b911
2d63359de6c5ba6c7c71305c47c71305c1
06c29c10fa5f64a0aa850aa30c1a9d2711
517f4b9969fa06526fa8f41227bf956211
7f731b880025f56e9f01272a03f9030321
7f0a2fb42378beff7bf62b4237bf62b431
bb3ed46597cacb9ed6ff77eb4d6ff77eb1
003c2e3406eb55e832c2c962332c2c9631
ff800000006cde7a54389a730ff8000000
f9de9d6b0b1f627208d28d684c58a99611
263b1b33047a704ea70f7c8f1a70f7c8e1
f1690a80dcbfe6e00f069fce47f8000005
511300057f7622dd7f377d5f17f7fffff5
007ca5f207732eae003785a00003785a03
0072bf44006d9f1eaa02b46b2aa02b46b1
000ed65963150032e4789b5c3e4789b5b1
aeec48a644a8acbe7f7f02a007f7f02a01
003875bc80000000043967d33043967d30
00559fd27f7d6d2f005efd483402986ef1
9dd88d871faf0d017fc0000027fc000000
0057369ffb4d0c01e96cb9000e96cb9001
7f4782b67f8000000a232e2017f8000000
7f0e5898000094dd3474d62d13c258d291
db0c39afeaaa4e9840fbaf5b17f7fffff5
d14bb07fd890596fbfc77f9836a65b4e11
5f7e06a69415d6a47f3016fc47f3016fc1
005e30ef0051ef89e3d56d203e3d56d1f1
204a45e0b011cb95dbb91aac1dbb91aac1
7f8000008f18679c8fd81aa92ff8000000
7f7eef82a0ff677811d0613d3e0fe579c1
81300764ac50a8d5a37a1e502a37a1e501
c83f989c71bcb23825e88bee3fa8d39741
6c988e3726dcf90a7f2fc44d47f2fc44d1
f829031300000000cc708b064cc708b060
0ae2478f7ca07335d53952e73d53952e61
b4662723334e30f5d416a55d0d416a55d1
800000002112e3a5bfc449932bfc449930
3107cbc91063f6930792fd6a107930c871
c3be736418f8b762b7c21d102b7c21d111
18e5ba8e65e28653a018f63213f4b473b1
a85223ada112ad7d80d694d0309f0cd4e1
fd3a44813bf4f0db73c70bf90f9b22c1a1
53094b6e7fc00000f058700927fc000000
fad7d26392d794f0005708dd34e35bf421
ebd76e443bfd75d87ce3fe5547ce3fe551
931661c83763eb8d7fc0000017fc000000
007cbfecfcf6c5a57d618e6d47d618e6d1
fdcd26bc00d2d290541bd2af3541bd2af1
7f6db71cfdc78ae44f0f42421ff7fffff5
324fc49dc6b9ecd4da4bc0c41da4bc0c41
df17e5ce73037c3df6bf19390ff8000005
9021fc6f55a34b133997d9e113997d9e01
26306321002a49cd9b50ea0729b50ea071
e736082a2be897cfb850b0811d3a563581
c6c948f8243af5e4005baa4c0ab93005a1
7437cd8b90374f92eb9ca1cc2eb9ca1cd1
5a7974561dbab2bfcbfece243cbfece231
2265b6ea27c6ff1216c4cd0d216c4cd0d1
ed85c7e000153697fb4772f44fb4772f41
f5848413622432837f6d5ffa2ff8000005
c5ef67a50a91523d0eee42ff1910074841
338167720f3edaba7f40c9f937f40c9fa1
69bba37bc2faf4f533568e7e1ed37f1311
29813e7e9c70e87b45c4385d445c4385d1
c499b7b20f02fa4230a9ba2b130a9ba2a1
ea9603747d6593b05d36e94b0ff8000005
295555e1e1c8c58f5533e2c525533e2b01
f7bd347e0066e0df654b6fb43654b6fb41
fd66fcf70c1ec5e72fdfd2f83ca0f42b11
a0e7acd9b60ab7b2002f8af50177b12d51
242aaa931ac2d514b284de0b4b284de0b1
c1eb961090f859db10b307554136a244b1
0047ea7d205db06b30fa8c96030fa8c961
3b712cfa65dfba37a2b5e71e461d2c59c1
d30eee07000d74e20e1b48b70926fcfc41
696dc34f86566628000506033b04720251
27af2482430aeb298000000042b3e15211
105846688ffe44349faf4b0539faf4b051
37d12c1d94d5b60e27aad38b127aad38a1
710e979d31e3784192e881574637d66d71
95b149289ccc0c7c9b38e79229b38e7921
003d4d0d78addd0065f6f769265f6f7691
8c105b033c770134ce73bddc3ce73bddc1
004116b8dad50a1fc3e0bf0e3c3e0bf0e1
95c55fb5003e5ac011dacb59311dacb591
8951dbe64cc031607f22c0e817f22c0e71
b4d691d7c72dc30a03c1060b13c91a4071
497fdf112b24bae53b7297ab23b72a1f51
0014106c746840be00088a61234119fa61
7f80000040efbb9e1da109a337f8000000
8000000015f3126e4196fca704196fca70
a18af6f8ad2160ff0e1eac7020f56df0e1
ed6fff368b4415d67e6f472637e6f47271
001fe64dcc84ec65f135b4b00f135b4b01
db26d87612cd16054d93899324d9389921
9d0583abfd57a9a558ae16ef05aebd58c1
87631c788000000072e57f01272e57f010
98987c70800000000111a6fc30111a6fc0
23f4a6540a289cc464b681d8164b681d81
ca465ce800553eb2a435b4712a435b4721
a2d3bf5af01d701796e5f9e51538239101
531d5bc08e05d131b4475bf22b4475bf31
fb386b6a38e2264665eebf344f4a2ea661
b2855b900036a0a3df5b67641df5b67641
7f38bef100552f63f3b4e70c3f3b4e70b1
ed32ae2e696e7d1a003aa2fb2ff8000005
9d67fdfe442c0b18d8194eb52d8194eb61
45b60433d431b5fe2e0a542c1da7cb4991
49f8ecc3ea9fcde67f60d56307f60d5591
eb5e9350967dd5ca0067f8d33425cb1771
005ae5530036c4ad16d9b52c116d9b52c1
dddfbe567384ad01264c07012ff8000005
1e5cdf8488e15614f1dd140f3f1dd140f1
0611a90b3e478dacc26627431c26627421
0834229e001e4f62e51888222e51888221
97e51a2bc0d9efd7e766abef0e766abef1
7db38e97c482716708aca7381ff7fffff5
7aa313269e2a0fd66162b36546162b28c1
9bed54f55d246faca48c86992b99871f51
a14df3472eec67a2738ce9e54738ce9e51
0843fda2d75ca144c0f81c662c0f81c671
10afe29232c8b2da1009a4f421009a4f41
7f4b138b0069268582869b5204026d3251
477aa27da59829f907c7bae21ad94f9921
ac900b59954a773778f135d8278f135d81
29249b466975730cb92852a91531dd2931
00281953e06da062a1dfdbf32a2028a431
2fc1e8e200624ff785ec1b6e285ec1b6e1
020054d65adbd90e58a06180158a061801
3083f2a52e5f632e0f989be721f6646f81
da7154abff8000005e15816647f8000000
ca65ea9811a154b0d1f6f0fe2d1f6f0ff1
007c47e1001aa16200748a22100748a223
15bb71e24ff3a8c6113005f90263268ad1
7f800000c42e1deb4e6b2ef40ff8000000
95b8908c69ca31605cd048f115cd048f01
80000000fbd2939dccfa1ca83ccfa1ca80
ff6cded43fe7938a3df6cc3a3ff7fffff5
234a831ab29172487b0be7df27b0be7de1
37f82002000928a97f326e6617f326e661
7fc00000f9756f80897987d937fc000000
05385265343d0b1437bf6a03037bf6a031
4ed1b2afcc5902fccd7be2861dbb1c2e81
a050a951137ec4987f49214e17f49214d1
66afaedaba3bb23ce07bc1193e1a0472d1
82ce133d025c000c4d9e247f34d9e247f1
e3aa5416a1aedba486e80a9d445e8ae941
7d61d1a8ef8e135558da1b981ff7fffff5
006aab327f53fdc91ce9025c34030a9b31
09813836eb83853cde865f7f3de865f7f1
d6ead66c2176581040ff5a47040ff59651
006277c20430aaa6e90d79650e90d79651
877ee5f1afa9d5ac7fc0000037fc000000
ec29e7dbd5aee372565fcde727f7fffff5
c60ae7407f8000000da9050d0ff8000000
79eaaeb8eff84d807d7d18dd3ff7fffff5
0076725d8f172a0100566d3b300566d3b3
3d9f592015f37e6b8141caf541417904a1
8eabc9213bcd6cef00043feb38b09d9281
569729ae16ec7d1dc813174f3c813174e1
726133640284a76fb7224a873b713b44d1
8796cf16cb7298edd8d617072d8d617071
4ee90284d42131ec8ccb79ab4e392b8051
8154458e60ca077dadf762570adf7625a1
0000000016e40a41a0d113cd0a0d113cd0
6c2c5822ca68bc93285958184f71caed21
000039bc1b4fed948a92256c08a92256c1
75c1cb5372593479247c632a17f7fffff5
7fc00000b115d76b1153a6dd47fc000000
7f5bf7889544bcbc41f4a5483d5290baf1
313c5aba0044de587c8ec5af07c8ec5af1
4b49f483165f570d001afc012223030aa1
fead2ada046ca136dea72e493dea72e491
38537c2f9798ec517f2fb64c07f2fb64c1
cd211a2f004aa1660000000048dbbdc8d1
4f4bb353000000003c05ea3e43c05ea3e0
004b6df8581438e77f77559827f7755981
e912d52567ae711c0029f4272ff8000005
7db55e4d9a45195069ff6055169ff60541
1babc22b9b1d8474a0906dfb2a0906dfc1
be740d88e262d50ffb42eef24fb42eef21
2680b188ff800000005838991ff8000000
81e75c429096436e77a5b53e477a5b53e1
cd0a7c32404e56dfd5dbdf6c2d5dbe04c1
cc5a4413e1860a53891b45eb16e6490de1
a32d8d8960c8f22046f150ad146e8cd011
999ea1d8d1d5e4107a10adb307a10adb31
97e535ced4febd0fc61b9c6f3c61b9c6e1
589c8ad431865cad68b5f6bf368b5f6c01
1d1d30077f41fe0b7f54ab1907f54ab191
7f754566578e61aabfbda97247f8000005
3be61e11b65a44ec005b45e53b2c4338e1
65504f97b1fa21183d4b3dd80d7cb88a71
e9ad2432d0e8e1ae7971b9c427b2c9d0c1
58f18e1f59e46c360025dcc61735788ae1
004c57568947f536fa6461ad1fa6461ad1
960db74226040f840c6ef86010c6ef85f1
056999829a013860000067921000067913
000000007f3ed4bd7f0b239927f0b23990
d75136c43c98e69f7f80000037f8000000
36bfcd634523b4d58265f14c03c754e841
97b4e491001d194cae6572053ae6572051
7f3170525d4b807b89bf4b1547f8000005
f05e83921be338585a05158245a0515821
9516529800044f357fc0000037fc000000
4f81b74dcb95f14a1ca6f58f1db97f3e51
21e43b1be9d4d7419cfc74973cc3dc0d91
ed4df61b0071194e15b43a124ae35fbfb1
4bf31c8994a1cc6ac5b198f84c5b198f81
87bfac6dcfe316e57f0512ef47f0512ef1
dc8af18a3eaa91eb003eb0db2dbb927301
3d1f1ec4120139bc004c7cb700fa0a4c71
f83419380035df07da07bdd34da07bdd31
33e95e4255c8535c0016aed234a369da11
c0ab80b14db2ce2da850b93c3ceef93351
cf0452dc96cdf627007cb8b542654eb2c1
00586d067f72af128ed9df5044027a7111
fc224eb1138935b5d654a13a0d654ac1a1
14cf009140af1967753f0b483753f0b491
f2344dda7f4b812c8c2382053ff7fffff5
003bd4752fb368ea0026f59230026f5933
083fd1b73fed55c17f80000027f8000000
221bbad5ff800000fb7555d90ff8000000
b111801a3be5e4a57f12abe527f12abe41
08da03fdcedaaa533284c36e23284c36d1
4ae2d7f91e3833e55283859a15283859a1
4b05d0bb0048eaff00508ad230b98762c1
00482d7134304333177eafb31177eafb31
5ddc2d1858aef8c57fc0000037fc000000
d6a8de7aab55dc2c47c3294a047c34c8f1
bd43e691ee0311509e47bd3f26bc898771
e78fb9d5d7e1795b25dccf8e27f7fffff5
0b57b4601f45d0cbd3385ddf2d3385ddf1
78420580437d1ccd003a305307c3fd5431
83985c50003ee750d8b338791d8b338791
050594d03e60c94b0005c49c003eaad901
93190b9c365eafb07f80000017f8000000
7f13a3a51e1cf244f1eb37620f1eb37621
7e023f5d686942c315933ac227f7fffff5
5616ed38c2083f077f80000037f8000000
66ecdf67deba8294502b39d52ff8000005
5831baa22032e404fb6bd21e0fb6bd21e1
cc483e9612459c82df2924cb3df2924cb1
b511c9761f21b727b6e407753b6e407751
87ab412046791b7a7524ae3c17524ae3b1
8613250547b114240043d4a818e4b90581
c29259c900000000f11ad9520f11ad9520
1c9bf7d1ff8000000262fdf11ff8000000
cbf0c7af000d0fa6b3bc6de33b3bc6de31
007fba3d3b711b7eeaf786bf2eaf786bf1
fd47c7f6e891399fab6c8d1437f8000005
ff800000ec875c050cee1f0607f8000000
602be6547f024f662e2f62bb07f8000005
37477e3789bc4f148a3b611f38a3b61681
7f451c57d5d9f3f1e49ac0764ff8000005
104b430953d06ece007be3e3424a57e721
88f2ac5200094ba192f4818b092f4818b1
d9fc63e7b06a73267f0aad3137f0aad321
ff800000038225e2aff03b910ff8000000
744794e9260e07520055ab9e15add749c1
09fca4887bb159e76e1c1ce116e1c1ce11
7fc000001cb679d45735c2fb07fc000000
a0aee84f46e9323c000116904a81f53c21
4c512d4198ada2dfadda7b614adda7bef1
dfcfa0f724c8f5da9961dcba1c522fd261
007fbb9bc1c48662e4fae6983e4fae6981
1918ecd825cb06797f80000007f8000000
a17f079445c1016c004208f71a7c046211
ff8000009f9b169eb3d7cd1207f8000000
28ff9bcea501a45147e5e4b7447e5e4b71
000f8180d30f1fc6d0ec54440d0ec54441
ceaee9770058763b96d53ea2296d540861
7f800000c950f287138b49083ff8000000
378db70c4f2aa86d00195b0e3473cf1951
7f7990d87f4fb428ddf1dea107f8000005
0d5641e76668e13a3c98c39743c98c3f81
9552b63986b56b51b1624de52b1624de51
706f6ecdb930556aadb910462ea24ec101
677b3aef3a3d18f8804eae1b3623993041
9d45b9e8a9fbe838608c58ec2608c58ec1
60077595e7833694002558af2ff8000005
1defaf5580f1d3580078d82730078d8273
0a3b2bc16812c7c9d02adbab3d02adbaa1
7f3f9c06d0eab23c00553c534ff8000005
159ddd3ed8946dc3fa8889e51fa8889e51
80455edfa7ef97ae9c17035619c1703551
16bdca5488d9bd315627bf8035627bf801
84ae641a420fb25f39cc7692239cc76911
40a98e3737cfbe0b003ee3c01390997dd1
5ca00550b149821cad6559000ce7beb001
84f1a7f1955f35315397c9c645397c9c61
d77c5526605b61cfa4df399a0f8583d401
c30c8c8b00212cfe9770d29d09770d29d1
20920fd7002fa3547f1f5cac07f1f5cac1
674304af843a337aebe3c22c4ebe3c22c1
22ee3e7ff85ed806b1ecf96d0dbcf633c1
edffddf788c01f0b9aef39d32374005801
21b67115813517c820c204a4320c204a41
98c8ce1d80000000cd00604c1cd00604c0
7f5425974d4fbacf3f23bd7b17f7fffff5
5da5860ef73fece29747ea523ff7fffff5
f0295f7bebfa7be1adde84ed37f8000005
0072a361498582557f80000047f8000000
f6b4bb0f0000f809e624ef063e624ef061
c402e35654f87715997888091d97e123b1
a87fedabbd3c5b1e905866d93263c4da21
19e2e2f342553256ff8000000ff8000000
0e52967b6ce35a167f13859b07f13859b1
00166e53b23428d098a94fc4098a94fc41
afc1be65001cabaa7f674fae47f674fae1
7f0eab72853320f109ee3c352c4c7a8791
79e1e4e77a238244a4f81d8347f8000005
5f6608b2820401b3dc743d1f1dc743d1f1
a00caf9400293cfc092b60b34092b60b31
d717802eb16a9ff21dbae0090490ad9d21
0007cf67a9491dfdd0dca86a3d0dca86a1
dc2606d260ec8847a0a84d6c4fd9966ab1
99168671764399bdd7b974b82d7b9759f1
d84c277c478f1267003dab363e06431761
0001b27e005d97fc1458748a01458748a1
329bf7dbf507e7f12b50c4fb0e8259a081
feabbabae836c91b28d13a5207f8000005
94ab93c81c5d80b2000c3ecc2000c3ecb3
63f7ff247f343b48afd5ee9727f7fffff5
a10192718b1d172ce5d73a9e3e5d73a9d1
5394373f28ce06ac2c7450bd43cee90a31
9941d09416fbb0b02dbd2ea702dbd2ea71
c19e60f17f3dd8a50e166b391ff7fffff5
0023d6dddc6baada7a64125737a6412571
f504089d89e69e8d5af2d3e135af2d3e21
7f800000f38fdb6d7f80000017fc000008
231a9bd87f37a2c1318daba7162ddcf651
7f3f8c4b4b747eeb00901e5337f8000005
003fd2a146aed0a400469b091072e56ea1
3aacc06b538b73556aaa8fa306aaa8fa31
ea682e9c4c0ba24edcfba35d4f6fd49061
602586c17f68bc8edcca223a17f7fffff5
3619f70944fbd1ffa1f5385c33b9773821
070ec27005910299add3d0c33add3d0c21
2782e08b7f45b1a89ae80b750674a233c1
790ba0de9e508b694852b25b2d7e37d7c1
645129244d7e339f7d4972cb07d4972ce1
214e268f007a79cb29764c7b229764c7b1
d3ddc858e884c0d26a1da64617ce604b31
ce5576eda550c9af00320fbb3342e18cd1
9a723951d49cf5e2f57887201f578871f1
e168803842e42a12c7afe3af3e4cf38671
0050bf310060793539aa76b3439aa76b31
d238431e0997d40211fba1f309c5a90581
9223ac6efc4bc68e19a65cf124f0248ad1
0056c946e33c361833a46b6a433a46b6a1
e913d92f28a0d4e81222c14d3d239c5661
7f266c707f5d88ff0ec8dc2c27f7fffff5
80000000bbb6c9e60056aecc30056aecc0
045137286b31511b3836479c03836482d1
1368bbe296fc87beff8000002ff8000000
dd6b3b4597f57e0a2b8a6ce2235e193921
c383026446ca68cd003da5b00cacf2b0a1
d11983056c5fd8a118faaf0f2fe063b091
005efdf9b8bc94475541ebcf15541ebce1
964a5849e0fd47890007c544337c831cb1
d51a6442c8e7e46f3bcf74a345e8bda3c1
056114b783e39e127a73e57d17a73e57c1
000032cbe85a2d11ff8000001ff8000000
7f7f7ae7003cfb33852aa1d523ff36dfa1
99b5045bd3374e4f638147cd1638147cd1
0781b4e61962b2ba6b52259026b5225901
aa9f2b42001cc1307f0ad14e07f0ad14e1
6eaed41eefbca3bde54f92c04ff8000005
7fc00000d9f2178189f2245347fc000000
ff800000001b677d005af7762ff8000000
5c38d162a788fa118ca6d3240c445c78a1
80000000af66bba6fe9ca7bd3fe9ca7bd0
854b84639191036126cd8836126cd88361
7cb0a1d07595ec1a7f452b6b47f8000005
ae8f09f37966fa82992706544e8810ee91
0022fc0e389e79ed38dd82b6338dd82b71
6b96f80425c618ce1ffbdf74251e9a4e71
855a6ed677905ee072d7ee9a472d7ee9a1
3e3809fe00350704126806152126806151
5a873f3205501716587ba20a2587ba20a1
7f328017002b82eb80f355f923f72b6661
c1fe81e2034f2406244c0e901244c0e8f1
b14649c6733054a37d7918a437d7918a41
ef2511ce5c1d094e35b3ea9f0ff8000005
0076bbec9cc65c045a97725445a9772541
0f64f6934555b3bd0062a6924153f21ea1
73fab767df15ba2d7f80000007f8000000
68fb3c963e8762730030dbde16804dd911
ff800000871366c6f681fe0727f8000000
fdd80d02247023b97fc0000037fc000000
451daf75006137287f31c42407f31c4241
e4dfb6a1d8c31649554906e037e2a7b971
5d2930f97ed259b66315262847f8000005
e55849d400668cc1004426d81a62d48ab1
2ff8902f2c06914b2d0ef0a502d0ef0a51
ff8000000063613f694bfe181ff8000000
347c22b277b947552271c2ba46cb67b541
7f6b14e59f94629bedae1a7a2edae1a7b1
e3c9118816b7b3275f0b517345f0b51731
7f3be9e45d4c2d3cb96ef4a437f8000005
79309089298dd134bc40e81f363439fcb1
c0f735527f2eada4a6e1f1561ff7fffff5
c4d6bc4e44ed1982b6ce417b4ca46e1ba1
7f2badf6cf14ad8bdef6757a3ff7fffff5
0df9a06dce5f3e3f868d89f419cd9af711
5f62a5a78000000019ef176c419ef176c0
74d023cd000299057f75936347f7593631
5e269ff977103a8b0000000017f7fffff5
c0ca48bb007155f100568cef2819d78cb1
747939d188f04b16fa2ac3dd2fa2ac3de1
e67ef1c8c915107400123d3547014731c1
1d295ab939515c83dc5df6a64dc5df6a61
c3edb9f9bc1e92121e6cf35c44093406c1
00687934d0edac1f87c23427191c1fcf21
9233a9750071a14b80c86107080c861071
c3a025503fc2d19a97403d904c3f3becb1
acd564fb00000000199ece0e2199ece0e0
000cc4e823ba66b7c95257cb2c95257cb1
8d0f6f43be091725b2c3efbb4b2c3efbb1
00726f5d7f12dfa37d67378517d6737851
6c6c56552a56f4a60059fe572574672061
211ff3c017ec6db7134a9a611134a9a611
27026c204f9f5894da1432941da1432931
5d32018635740f25c6b86ba925329b3fb1
ccc0e13348d17844007a9f8f2d61dd2781
d553319498cc9c6c382d65214382d65361
ff8000007f1d83a5000206de2ff8000000
f84ce6c1bbed5898b36785bc374bdf88a1
9a9341081cd7191be1fa94f91e1fa94f91
ec7808a84dd8ae5e005056603fad1f03e1
7f4f5dd17f80000080ebf01c37f8000000
6f4621e277fc0e357439fd6e47f8000005
782570693e77fdf733c8e99c2772043951
7f26a0f20cec37ef0015498124c99c0c71
9ddf515bbd7f52a2b4763a101b4763a0f1
742d94f9000d95445bc7a52a05bc7a52a1
7f4afe3a004ed8b9843c6e5523ffa153b1
4c3b4189a18e98383456e22433456d51b1
814c9a226aebc6e6420913710420913711
d586e84b2c1459ed1af424e52c21c5b5f1
7f77dcc05ffdef1b7fc0000047fc000000
70deac7d9a39b362005533070cba186ae1
65116744f3780535c3a1dde93ff7fffff5
7f4d4cd4a8673473b2274fa93e8396a631
7015201b0c1d069e49c1fd79349c1fd7a1
e9a8a351921c627d12ae140343c4e08cc1
19652a21000249b67f12bebe27f12bebe1
d5812c9ccf90e609227dbcb0365923a551
e2bebab70e68169c07dbea4a2b1acea0f1
24b78656b1e1cced003ea21649721dffb1
eb858feea9accc820059f2f9055b44ecd1
77d7b0fc0f46b0a480000000147a767b61
6272146f92a614e451fd9222051fd92221
56deb44f6d04f2750006edf137f8000005
6d9c298f0014610818e2a63b42d46e6fd1
7f146dca2429ea4032f3705f463c508981
007fe615525cb24e0070b6d52135c859d1
5cc957dfbe05acd17fc0000047fc000000
4ccf6b18b1948cc9d1e621ee2d1e621ef1
d05002038d3947317f2e94c837f2e94c91
0a1b0c846864289c000000003330a2fbf1
7402afd634240e05a7ecbf21168a77f9a1
feb29c2c2fe324ed3fad9e191ef1e7a3e1
f22c28790000000086f844ee286f844ee0
7f46cdf29c47859e22fd0f732dc1af1db1
1b2707e25e77d5d9001f3c9643a21b4221
7684774cc0c461870049e2a83f7cb3b9a1
007754c39051b93e00706a32200706a313
ecba659e37d53a7edb441e5f1e51b412f1
75aa4b0642b0c64f814acf72478eb2efd1
ac226a72dcb4ee17f6994d790f6994d791
ea12fef0bb27e3025f9e5ced265c0d7351
004d6b337f35541b007f260543fdb58ea1
e6922b059b20b126d2797d5b4d2797d5b1
674ed10c1da3de1e00293c4324584628c1
00417b75002666b27808292a07808292a1
ec99552799aeb4112df4e811346d147761
26e22db848ec53cc16bbda4c33050cc2f1
549b644221c3eca425037bfb036edda041
f5e6612f1604bfd0413707e52cc6eed711
000000007f0eb19fa08ba23a4a08ba23a0
8c971bac104d5c70f066b2071f066b2071
7f800000007b130564c2315727f8000000
3a38ff15b18cf230c8c7e14d0c8c7e14d1
5e4ec4b058c6cf65611e1dcb377a093a31
16e499201b7d52d67f3530bf07f3530bf1
805015d1c8f528c0004f0e392099963541
96ca2f40b63d9a297fc0000017fc000000
7f02004794dbd4d8e59f3a522e59f3a531
1f74be5fa00795f3f11f6f494f11f6f491
0b83e806c3b4d4439c4684b339c4684b31
b9db047b5ba8f803356fbc642d6108f201
8658c3b42d696b4efa3259072fa3259081
220f975de2b970233a2b79441c550068d1
60d7117ed950dfdb00484ac51faaf7a461
68c2f8d9282aee733ac6fc13151822edb1
000000000057118bd7cbd29b4d7cbd29b0
891b53771b110a277f45e65117f45e6501
92b825ab706bc0423120ed670c3a994e01
5ff169420077939800074687220e186381
072b7b9bca76a832002bd7aa0922539721
002a4bf4ddcff844fa381b800fa381b801
7f8000007f22edd5359be04b47f8000000
0068c4300013175328329a58228329a581
4bc3a667fc667f00cf3aad252ff8000005
3396a2cadd3c066d22f6572a2d15d46a91
9963d843df80985a7cd490ad07cd490ad1
dff261807311aa197f5237d54ff8000005
461566e928707bd85c132bd345c132bd31
0071cf89708fce45569629c51569629c51
90e6ed249f6114167f80000017f8000000
6bb0a193abb754f0003f757a4d7fcfc351
bbf189e4d67779e531368813352e97f0e1
001547007f55871f6d374bc816d374bc81
001112470006a17cc8248d9d4c8248d9d1
005e000cefdeb5777f4ad92647f4ad9261
69b56f129727763766dd6bb5466dd6bb51
7f2461abe3d53425d1adcd791ff7fffff5
fd07892a2adfd323007678513e86d00881
d74720a01c8903b9907fca791b45526b51
ab1b2bfbd1dcb15e73801e22373801e231
03686401001985c46d58b1a126d58b1a11
1b8eff55ec33596b006c32050c8485cf61
7212b04a7a8968de6c12000247f8000005
006b88a826862dc42fb3baa232fb3baa31
fc839f43037ad1720016dc633c080f5371
55f315420df128b9a1ed39d22245d93df1
2cfcd0c9823e40c9f7fee6bc0f7fee6bc1
16a09452969021385ee4718325ee471821
006a02b645858c7683f91f1b406556d531
f6f8c317a7bf80928778917b35f3a167e1
a10d3789dc21d5e2da24ced73da24ced61
0072efeaa4a08ee7006385b03006385b03
7fc000008b91f83ed97af15017fc000000
b58df94d7c82dc753745954a1f29125b81
513e9247203323261c3b9714232055a711
e43b5f6d00032e2b2469bb6d024571c261
a6384dfee8ce6567599ba0b11599ba0ba1
e6ac1a2055eb1d9fbdeb0efa0fd1e0fe51
bc13215cbbf7b9da2f98e61b4388e60261
06f9ba7c9e145bd8c2dbcca41c2dbcca41
7f7984758ab947e4800000003cab496ca1
7f29c8cfc2266fba939dd3353ff7fffff5
96f5e2639d2d553ae17cec263e17cec251
429446a1001c1ff1de78b8084de78b8081
02cc0a610020a6da5530c07415530c0741
f000056f007a9f89190c76e51b0f5497b1
9ed6d7f6b4b40b15832690cb4141719261
f4bf113e4cdc74e7a127401f3ff7fffff5
4e43294dac23d022d45400ca2d45400cb1
d67c3509a56d81d42178d44a23c69fd001
f5099b08b92f07be3418a4e616ebc2a471
dd49bae67f0c2b551bb6ba863ff7fffff5
4cd5ff025d5413f72732154b26ab147de1
004e6f699da81c6753e5e466353e5e4661
c30797eb8b3362fe744ef1541744ef1541
374240d6fe9de79d09dd1bf82f66fa3061
c45845d5c1360f52e8e1161c2e8e1161c1
4049e7254b5a6b8a706beff84706beff81
e9ddc08f71ab90edcc8871e00ff8000005
0057e42e09fc423b8d0b353b38d0b353a1
c17cd04da29a759453a5a5ab353a5a5ac1
d9e3c68870fe1307a97899173ff7fffff5
d5ae81df6792d080800000000fdc828641
7649daf97f8000001094214637f8000000
76053e2ecf48be6112adf5784ff8000005
ff8000001b39b91d7b96d9dc1ff8000000
14f1ac22a880ccc7497f4ecb1497f4eca1
fad3915d7f03ba1300103b763ff7fffff5
fb1f9726f239b34e2675e85a37f8000005
2e982a0e004884537f0f8da827f0f8da81
6580c2277f46cfda67f8733f27f7fffff5
8d8682f41ed2a7a259d32ff2059d32ff21
307b12f175a9f38737d025e4066a6ae581
1781f86f006c4a6ccd63b55b4cd63b55b1
53183236e48a28337f21bf1827f21bc861
0a62cede0232ac92609d62d61609d62d61
f390f4a9cca04a7bfb746cd807f8000005
5833cbf2acc7a3b1e418c0af3e418c0af1
0036f6e9584dfc8400337981218b0e7bf1
5aa1869469c77bfd4250a6d107f8000005
003f344e003468c70506417c00506417c1
09a7b4c2c351344907523ff848d8906411
2531afd818335b52145b7f222145b7f221
f7c7b1242fc888812215867d3e81c6cde1
7f7d94fcfbbdd263361c68bb3ff7fffff5
87a6e2f57f3ed042001af8b63c778c86a1
e13ea21d20215eea86aaa4e33c1f055441
fad43db87f38291d7ae954924ff8000005
201c39aa80000000059392863059392860
541bfb9e00206d264074f8d524074f8d51
069850d7c99208a1cbd115491cbd115491
005f1813815d3914c432a4501c432a4501
7f7f8ad72cfc4323a69ae80a46cfbcfb01
8000000078dca7538df5b63528df5b6350
800000005ea5c7ab9bc84eb709bc84eb70
1ce32fe2fbc04e7426d450941d92aa9891
e1cd82be59032484bb5571142fb528e701
3f846d4942160b10c6dfac950c6df5ef71
31600b87001ed0ccce2cd3e52ce2cd3e51
7f800000004aaa49ee40986c17f8000000
9fdb1bc4882666ed999607f10999607f11
768d8dad004acf12801bed570372575ce1
5849741c2579dce65cd025e115cd025e11
521b6af10094c3fae52228673e52228661
be21cc03001c336366681cfa466681cfa1
34d48ec0b93279c5cffce0d23cffce0d21
384ee9390a5065293e211a7733e211a781
d8841a1ad9ce366ccf678b0f272d4d22c1
57f1d128dbcd4c6bf8d631f40f8d692ea1
cb4c64486223eab092092e444ee02df3a1
00124516dbf71a6f16ce65c809b8ce0c01
77b5532bcaf8bad27f77c9ec2ff8000005
2e96b8dedcd97b7687b5c2174cc000b641
0031c07d0389a79e80152ee0180152edf3
d735b29a749f1731e79d35613ff7fffff5
c18ad3de4a7708e851e3e0e7051e3bf691
d8c56d7b57369f5128bbe2541f08cd6b21
945db2e4404199046c322ce436c322ce41
719dbf79fc7a78fc3013d0b12ff8000005
04638a23d618210553ea1ee2353ea1ee21
996e0ff78191395dee568fe54ee568fe51
61b12eb96ba713dbb49a266547f8000005
6014193df52a3b4098653c4e4ff8000005
000fb09037b615d3000000002000000163
94b4847b542d46207fc0000047fc000000
003842a5914a2f1bb104c6ae2b104c6af1
0066fe57c65824090048fdd14872de7ea1
8ff1fea05100aee9416efce40416efce41
1bcad645005c09a81956fca541956fca51
a0e7b19aa3bc29a0fba87c001fba87bff1
ec10beb0d1833aa5bfe9c5e427e1465791
0019ad6a7f6b8ca5a20c03b433f3d025e1
436eab404a9d7b968798d16604e92d23e1
5088740263717013b64d84b247480b0f31
0e2730bddf77614c0077dd982ae218f921
25b07e06003d9559000000001000000003
179cef8d811672257e8d091d47e8d091d1
dbe4ad457e3d8bb6d58807594ff8000005
4eb2b42cb935cb00f3b3ee414f3b3ee411
7f17d68d055b1b3056eae223456eae2231
00420be9006bb1b97f36756147f3675611
002147dddc2d45fdb0e3c10c2b0e3c10d1
1fbfcf8d67fe997a60a99b8d160a99b8d1
601e3da546da7e62046880f9067870e9d1
80000000f756e3a1d095bedd4d095bedd0
e1aac6c77f4fdb509cb902602ff8000005
c7ab66ee3668fa59d3b64cd04d3b64cd01
41a7cfdd37fcae143afce04f23b27d8d51
b9ec7b74771ac4827fc0000007fc000000
00686d42478abb89aea0ecee3aea0eced1
223712ee5fae475d7f80000047f8000000
a8408aee7f1227f70c1443a64e7dbda951
8b7590b4ec8d857b0077dd0c43887c0bd1
76b3e25938aec94e75633d4f075635c031
6f7c9b1d790041b40000000037f8000005
006babf57cb0fb93ec51ecfd0ec51ecfd1
003e164467c0d715ee26640c1ee26640b1
0b71f2972da4fab88324fb3948324fb261
c97c3ea4d5f4a04fc227b39315ff109a91
ff800000e07937a47f7c5fe447f8000000
7f68497756c84cbf711bf6b507f8000005
cabb6635df5a6eb47ab4b64737ab4b6481
b2e3d680929507c3c7d41e621c7d41e611
844d6651367199e67f58574c37f58574c1
7f32815e2860fac7c6aee7954681ce00f1
001b15ea2dc69c6fedcead8c4edcead8c1
6906ebb7d9f216fb899cb5644ff8000005
75625094000000007f14fe8e37f14fe8e0
bdcdda1559c1d64bc3ce03411d81bddba1
2a8357359532888b7f585a2b27f585a2a1
67dd70670006e7264e83a56a14e83a56a1
3ecc75314c280dfcb2d123fc34b8638141
d288c4bb3f8a30303537adfd0d293a7971
b390d1f34751227cd5b44ccf4d5b44ccf1
dd5c0ee724ba433d8bfab68f3c2a01ca01
3e45383bcd88f33881ed34521cc53027d1
55d2744aab400fd77f4848c437f4848c41
34ff661fff800000965c5ce70ff8000000
2c2052cd9497c7bc98315de3098315de31
7f22f0fd4698f0b30028d8f637f8000005
7f418dd25c3ebc2b4553702017f7fffff5
ae54bf87be5d1a53ab7652f442d285a091
4520bb85027b9bae0d11872c10d11aeaa1
831f2168bb13f8127806c36347806c3631
742788f5000032b698f3b3e003084bf6d1
00483fddbaa66426ed9966813ed9966811
d9881d656f95e22b8f0c84b31ff7fffff5
faab8914006013603e0b4add33e0744d71
2735457b0039ad8ed86e2c1b1d86e2c1a1
7f8000009a7fa4f3850134b23ff8000000
ee70b1d78007753b6c64080d16c64080d1
c54d96a45f23514a7fc0000007fc000000
001de969d10f32707f389a7707f389a771
00298c42ae9d254c9712cff209712cff21
2d0630b7c785c229e9a0d8b50e9a0d8b51
4dd21010280b0ef9ad8697fc1366435c01
88b44b097fc000002a222afb37fc000000
9b4deab6d5b7d2dc7f14df0a27f14df0a1
7fc0000038c27b0a48d2a4a347fc000000
180a11350062aa010067b6b020067b6b03
99e3a150ff800000faa3bac707f8000000
93f2c029bce96c6bd86d53850d86d53851
9a0242f0ff8e6df2de426f5837fc000008
0031b8607f7d6818df3d33ed4df3d33ed1
4cd430276ef38fe85884b27337c49e0fd1
23022a78ed3c53d5e88d72813e88d72811
98ba261f014c89f7e9df911b4e9df911b1
7f1128af652154e1000621f927f7fffff5
d45ab8b0ff138088fc59b29927f7fffff5
4264e4b3fda7fb7bb22600d91ff7fffff5
7f2f79b983a7af04b0170ac02c365e0be1
33a74da75a0fe49b0a3d619634e3c138e1
2ece37250bbba5fa000e813a3000e941f3
ff800000b35640ff4420245017f8000000
7fc000002b34a9f3bea96afd37fc000000
f57eb91981846fcc1b4c471003783c6ae1
7f60b724e5b37d9c08965e8a4ff8000005
003d48060475ff5ccb784a2b0cb784a2b1
ff80000037fb3c21dcadcc991ff8000000
532b7af00036dfef55086a44155086a441
995318f22345f593ac9218102ac9218111
00068b933d8e85d01c6ce4fc11c6ce4fc1
7f80000096d3288726a716a21ff8000000
00000000761993c8a11b02fe2a11b02fe0
b3cf781fcd086f0fa2cda74a3415d23a41
5f3498465deccb19006f637e27da70ba61
213c0b596ac4c81c050341a334c908bae1
cfcfdafb00000000ff8000000ff8000000
17bbd8eb643244e200101dcc33c82cf5f1
38be453c98a16f9e8a02b6e6291effa061
14bfa71f12db916d95205b4c295205b4c1
421dcae0d94e0663567bce554dbfddae61
23e8f8785f84cb6f004b6469243f1b27f1
add7894b3a6eb62567f15f7e067f15f7e1
ea2ef8ec006be5f67f80000027f8000000
494796dc7f6d816e0000000047f8000005
aed98f571ce313a87c71abde07c71abde1
33af73ff0076756a8ca1d20428ca1d2041
2d516bd90dc41eb12844072932844072a1
3e0e9925001891e70064583110067c4193
583ff2e48f4dabc2ed7803200ed7803201
56f5700b0041094536ae3d8b236ae3d8b1
9e26b7bb847ed7c483f9f569083f9f5691
382e9f490ef3b111ac7f39820ac7f39821
ea46b6f9000000007f69067a07f69067a0
599e38155b12d88d7f114e9527f114ea01
cabf8949407da1713cee92794cbbdc3771
07dd33521b487899e40cfd183e40cfd171
16f29f64a8e7fc9a75a14604175a146031
2cf60d9ad70dda13093c3eb80c48857181
df59f59de2d8a929b42f608307f8000005
5e81f0c6a4e27ea492af8a264c3e5edad1
2a6bc2f700673e417f72c4c007f72c4c01
ff80000047d69b6d1b86997a4ff8000000
7748abde2b1831cbeafcf6d80eafcf5e91
35e18bc9f4466ab87c19068e47c19068e1
37b84c63a5656334b2a4c7213b2a4c7211
697ba2e63829dd9130b1d7a336226f8541
7f741e47d7d17554ff8000001ff8000000
aee02992a6daef5ac34727892c34727891
b975e9c9b4e29ba4c62248ed1c62248ec1
088c57987f800000adda255d17f8000000
7f6cd23c4c1a7178864f96b217f7fffff5
18f5a4b5b49db79c7f3146e117f3146e01
7d7811fb656f674acf58eec437f8000005
00323e3bb24bf353badbe91c4badbe91c1
9ca5aee826d076ff8cc8762048cc876631
9cb960ce95eed2b9756ee1161756ee1161
ff57337e0043367f84e2b4604bfe201261
d4a1152ca3d04d0d000836e43390311b01
8f237a750ddb06a3123edc4a1123edc491
573525db0034ee9a099331e701795d21b1
7f6aac1e1245e12d588fb1714588fb71c1
9c79838eaa1e1e4b43ba341a343ba341b1
0042cfdd000000002012b72e32012b72e0
a1b0a78d1e74f064a0dff67c0a0dff67c1
b725fa084dcaa7fceb2c55271eb2c55271
0fbc42995611794b1110508702655f5d71
0004e9c480f34760a7f8a3402a7f8a3411
cdd4aeceb3529bd9007b2bbe241aef8df1
f285b082c2823ffe56160d50475880a1a1
888c1a279807a40e3fd3b43b13fd3b43b1
7f1b92a0b01e65cb204f55112efc084b61
b42104d736e2ce153560856a3356085591
13d742e07f2c0bfdd93c5b2a1d93c49141
d93407b7006dffc44defbf9d04defbf9d1
06ed090ae0479952b45023442b45023451
2831b630e7bc8f85620a923f4620a923f1
006aca72e7742c7ec17f86e10c17f86e11
cbd988e7040dfc72e80e986d3e80e986d1
899a362ce048c183b38c222a2b38c220c1
7b00de0a0831ede791aaea9b343b3228e1
40fef43e00733e4c0059a2e8001fbf43f1
29f83a9609b18f63940f33093940f33081
787c72dc23913afa30219de335c8f37381
325518161b2b99da3e8712d933e8712da1
2c8ce3865248a1e77f31f40e27f31f40e1
8c334c70e277f0f900485c2132f2da7871
00127d3a88a63e64fc635f334fc635f331
f8b3fd21de5a064f0043761b27f7fffff5
ff800000bc902113598ce31747f8000000
1559e6232ab089aa2453fbb222453fbb21
00048072800000000a2b5f2020a2b5f200
382e8e14cba5d6a1636880243636880241
7f7777cd0ea87ce952bcb810052bd5aef1
f08196b5488912497f80000007f8000000
0f7a3b47a72bf4ec6440b6ba46440b6ba1
04e3f645fc175547f3fd25411f3fd25411
a4da7a3bf1ec8f319d92cc7b05749e2e21
000c42c8030c5168ae7023a34ae7023a31
7d0378b0d188af67d9d7b3224ff8000005
f71a0bf9c220da1f21c1d5e8379c195791
03802f54006aa079ff8000001ff8000000
023d31a29d9b0e1e7e705afd37e705afd1
2cbf03fe96fa5822000000000843acba91
7f72bbae00519bca11389ffc2401ac2321
00537919907b27091442320b21442320a1
349398c416ff6643cf73f8b54cf73f8b51
26e0ab9282320ce01a35677321a3567721
7f2f6b1cf8468e073b57b3622ff8000005
890c6558000fc0c98336a57e28336a57f1
42d24f5e001f44eae89c89680e89c89681
a8a6ed820040c410bd36a3f34bd36a3f31
2c2429690810ea607f2a851e37f2a851f1
84bd42648f2ae763c84b2e514c84b2e511
4875eb19df74fa9d32342eb81e86b54d21
8edc17640050cb18f3fce33a0f3fce33a1
e6cc0813623c72792157acfe2ff8000005
0070ad31105a1c7c5c7db21c15c7db21c1
ff800000c22939b8789d4ad527f8000000
7e8217b82351c4ef004dc8382625532e11
7f6416df5e39bca539a0e20e07f8000005
f153d0d93ae0f27ef65282c62f65282de1
49823645866ea5ce7f5214a817f5214a71
7a9eacf26f24894b62ebe60707f8000005
c9bf0c6c9eb1c488b0dce95f1b0dce8551
ed6880661e40f5474a4ec92c2cc22527e1
000000007008aa4e0035ba5a10035ba5a0
b3d4859025059867fa241a980fa241a981
fed258838cd79d02c60d93d734c31207f1
7fc0000012ca1086a0306b2247fc000000
17ce858d895ddf65950b92da2950b92db1
00138908e487edcedaf588ff1daf588ff1
7f23b24d7f4f68ff8f93adcc07f8000005
49644de33d115f8fc430cfcd346fdc42e1
004debe40000508246d8a619146d8a6191
35553312005f9538fdf6b5411fdf6b5401
d1d3fce511c74b2caca47f880aca47fdb1
6c6d34882018c07bc66c819c44d0d85d81
9b47a06c1f9bd844aabf87790aabf87791
8a5496eeca597cebfb05af7a1fb05af791
85e97bf0c6a5c94109d3b71c20d18dbdd1
6404effe7fc0000085b42ec907fc000000
4498166a289897db205de71112db54f0c1
7f77a3089ffd1be688d4c4341dff4d71b1
7b10c7c3aca3ce1352be51ca1e83947791
81ef6c18000000004c12de1e04c12de1e0
dacef13f7f2925165ab5c0512ff8000005
efce775f59152d81ff8000004ff8000000
b9032936003a20328d9ae19408d9ae1941
3ecd6896ddf7edc8a2140d062dd46eeb41
a5e86a75e5e0d4e99c13f99944c4c1e721
7f37158e44621f8d662c2f4717f7fffff5
1fc3464b000000008f57e0f448f57e0f40
6f59b2775a90c690697bf4e017f7fffff5
a5836f5d600d6df1bcddf5fd2c61139ad1
2fdeaae2ff8000001984299d3ff8000000
fb316a6e653d4fbe227187e31ff7fffff5
c120959e0e5ff7160510839a0900c7d511
005094600032503f7f3b229627f3b22961
4f3c3239312a65a3007adc06040fa88231
0d82620bab3d38fddc5276fc0dc5276fc1
f00a23995adb732384e6696d1ff7fffff5
0049833e15c40165cb6ca0344cb6ca0341
000000003fe7a90eef69079b2ef69079b0
7f5f3c62005805930031a2cb14019833c1
806a68cee9e06e56a3d53e4712aba8fcd1
ace6f9ed07afc3ca61d8626c261d8626b1
6fb9bec30c4bf6288548753213c93fcde1
005a1cce7f026d337f79a01447f79a0141
7f7f2b917f80000057934ebe27f8000000
a3f6c01a3ff71d34936e3ef54a46e2f7f1
4083f8b13c603f267f136bb627f136bb61
4bfdb721f8a124c41d12f3873ff7fffff5
ff800000fcf8c1e3717b375b27f8000000
a7633b79899520d33ddd761a13ddd761a1
31c8f24b64e4efab0030385435733b3ec1
af845f98a6ac6be58d5ce483416b24fed1
2ad82eef000e54a60f69f38a30f69f38b1
00708ab1b9dbbeee410542b43410542b41
d25405757f800000000000004ff8000000
07e2c6bfca2aaec06acdb26616acdb2651
3e408507973e460f502d806e2502d806d1
7f80000000064c640fb3986b07f8000000
007c2c3ce64e4a0fee28dc3e1ee28dc3e1
7830a9147a6e9a89d5dd117637f8000005
0992faf98000000047c3a2b3147c3a2b30
4c2d8761a90c2ba1dadd01b20dadd01b21
b8946793e904119f007b054f362191f3e1
f3c7cb8b3cb8c560003a9fac3f11034561
0020be3c0c95f0cd7b3fc0c127b3fc0c11
7d72b92c2c077e07004fa49326a0077231
919e31ed7f49269f34a29c852d1789a221
bc780fc95206b6f8ff8000000ff8000000
7bcd83fed948e12f006000120ff8000005
00516b07d42088c23cf76f0443cf76f041
7f142ba2e3df0b516d0124ad1ff7fffff5
e2db708b7f2989656d92f5a50ff8000005
b0df35b1007f3af92bf4a7de02bf4a7de1
b20de9443cca73b4fdeb5f991fdeb5f991
c00af596bd26d70d8941adba23db51ff51
f775248500590e25d5eb93854d5eb93851
947b1889ff800000de01b6fa27f8000000
0831e703005b8ac46d06864746d0686471
87e16f25002febaaea3016364ea3016361
0039b61b6190e34791731cc302202a6af1
e3bd54aa7630e159ea8cb5a22ff8000005
00147865afc9ae8ef9dc69a80f9dc69a81
94c788059184d0060002613d30002613e3
24890fb223c705a59d34bdb749d34bdb71
7f637124e00850bc0057a2c83ff7fffff5
e2b8c1e2cf1b9873d110ffa64726096d41
1cb8caac02719c7c0011d2cd20011d2cd3
0068a255a347ee4ddc1c8e331dc1c8e331
006aad376a26887656e46a56156e46a561
b4f766c51feb3e7ce33d72032e33d72041
f0c3ead4eb8ed26d005e9a8917f7fffff5
15c0fa3d62f40aae867890be43937f68f1
94d8d2e8466f6096f633bb702f633bb711
802409f37fc000008c3e7dcb27fc000000
f838825c5b7393c3800000002ff8000005
77858067006b54ba0044b13c0385fe3691
0d1eb446aa0186c00018466610018463d3
6da12ec7d59c1dd50042e5fb2ff8000005
ff8000007f6f14d8731a07e33ff8000000
651ef6418614d1b200363f3a2abb8d1271
f8dc34d7265b05db8a7cb8e20dfbc663d1
f611d1a3a22823c6fdd938120fdd938121
7f4adfd5f1e5af633abf66311ff7fffff5
4eb8993b9339f562f1c54c963f1c54c961
4f615f83007365aee9e7a2f42e9e7a2f41
1bb34933b591bfc4cabcf8184cabcf8181
ef2993f94fed85051be48b960ff8000005
3978d2f909a3b622a41fcaac0a41fcaac1
f15742e6005aeb1336ead859336ea8be61
aadb67b0e54c9382cfa418d9450864ed61
6ffb444e72cec9b7b4b07afd47f8000005
1b9a2fc84f3c83a24347fffc24347fffc1
7f62f5117f114ef052b373d907f8000005
0013cc4d9c0f899af84e3be11f84e3be11
0076acee00724080003584044003584043
25f4e8ff2cc39702ca2a3f9a3ca2a3f991
03dc1501a0e047c9bf9116eb0bf9116eb1
206b228b178b50c0800000004000000803
00954dc38527853678ee06a3078ee06a31
0a7c80c240114ffe3aaa187c33aaa187d1
a4d02e4bc4815f9615972aaf429d26a1e1
7315b67def3a215da5f634b14ff8000005
ecac910f0cf5112c0076f7ae3ba2532661
8c66b04ac7a49214c460ea0d4c460ea0d1
fb98004b001983f276f75baa476f75baa1
0009ad8316bc2926882d7e6b0882d7e6b1
8d051e4a455db3478d33ba77492e6a7351
e65aa7ce020d058b725c3d0c0725c3d0c1
800000007f439d5caa7f19662aa7f19660
540ba01d28679fb36e9df5aa36e9df5ab1
98303c7d550074310025f24e1adb0dc771
d4f26e5fff80000001da15be37f8000000
3aad13d9b1d89f29a6bfafd24ad127a581
863eb42bae9ea218de24422d2de24422d1
16f3f3f9c3587a2a3df90ef433df90ef41
10eccfe4b5f63b617f80000017f8000000
762ebbfd000000000049c3f820049c3f80
dfb9630d40b95e3f693af2562693af1cf1
007d871b3cbbb74f62e2f3a4162e2f3a41
82ced40a3b80e58950ae3f43450ae3f431
8f0bf3d066d8b0f3edda6c204edda6c201
09ce034d363c400000410fea000d88dd71
50201ddaac1cf7dad940ef4f3d940ef4f1
c2fbea1841bf64f29c7515c20c53c56fd1
00d016ca7f34dd3bd06fc6bd1d06fc6bc1
fded4e142154eea1d1b7dfac0dfc561dc1
d9b7f70a7f5b636788f69ec92ff8000005
2644e350006d0ac0ed4de6803ed4de67f1
001f933a9b33afe2e73451a94e73451a91
ab9a86ff00687990e502436c3e502436c1
00056382126ef0330065c65b10065c65b3
b384100da4410879a2f9eccf0a2f9ecc91
1f7df08a330b8e5a180d52ce4180d756a1
7fc000007ceefae88d8981fc07fc000000
7f0ca12746bb5de99456390037f8000005
990a3c6133343f8d0ba3070b18c99e7c71
6f2603ad7f8000007f0579bf47f8000000
006d6cbb003343fbf691ad652f691ad651
802fff47d1d18459a8e186f52a8e186f51
e9d231c3fc7322087f3e39fd37f8000005
7f423a4e5157025a3674aaba27f7fffff5
6bee8f08c5c22173bf68e2524f234e7901
5dd17b47d35c087e7f80000047f8000000
9ff6eefa64de0b404cd3052304cd303771
7f679933007419d8a7ed0da10405211991
9212f31b7f0d0ca8bbcd2ec11d1a1ee531
8b5946738ed049b90ee421e220ee421e21
897a18a595a54bb5468cbbff4468cbbff1
c6d3d708ef2d69c400475a152768f7fd51
8000000034fd6bda6437ef0c36437ef0c0
3bc311e9341e8a873fc83e7d43fc83e7d1
18fc5fbf60a383dbff4657191ff4657181
1f69e06a41d09f8680000000021be98131
da30a2c6a8c610800054a82824388a9471
1e30c8e4d7d9f2ee1ba9557b2b696820c1
4e66807d950dde58006227482a3ff79f01
84649beb9fde9858b8c13abf1b8c13abe1
d0f8f0ac655ea10c0000acc72f6d87d511
000a8133c1672247c7e921263c7e921261
800000004ee7af03df801d931df801d930
16ca12aa6f937a3c00501e7a246e8d2671
8e1912518dc9c60500121b5f000121b5f3
be09b5ee4d5eb0fb2a0613ea2cbef95f11
e6c93df5aca3703607c05d35054007aa91
00334e46c54fbe7a5a22727145a2272711
006497026667738cff8000001ff8000000
10c1ef2986128b486059c97306059c9731
fba6e15964c051fa29a54b532ff8000005
7fcdb177413b1a1a07520ca507fc000000
91abd04b74c190cb3b4cb01a4c701e9351
5dc70c174a0467857fc0000007fc000000
47c15fa5c45e0962f9225ba34f9225ba31
a107a938003b7dd957c5f3b6257c5f3b51
23cf70eed1d9dbe0ad3c80a12b63089141
c67bcbf188376bb78369408600f3468bb1
ad71ea307f8000007dfcbf4a4ff8000000
27074b1429d582eb0067ea0d31161ad501
ae23a0fd2ba922367e92643837e9264381
006831421d6d6f8c5c1202fc25c1202fc1
39b53c796468bf0a2a5afd7a05ea4c60d1
adea74aad60dfe930c6442d8144820b681
d316075e4e6c4fb5003e1e5e2e20a7d821
89f7ad2d729e00147f76f13d27f76f13c1
44b75f21c9dda1cb8a5e8c5c0cf1ec1041
00000000c0b9a1c091f22e75091f22e750
cfa15aa1ad5ccd8d230a102943d8b2b711
7850c9e3ffdf96edfe215aad47fc000000
76e4561c48080929dcdf2dca17f72abd41
661f8b5b1ecccf2e745d9c322745d9c321
cee91962a21368fb932c189423186392a1
cb18a43dcd48324d7f4c5f0927f4c5f091
82b0dde7da7efbab7f7d10d607f7d10d61
005024b0c99facd06f13717606f1371761
f1366e9d4f5c23b7385b0b2a0ff8000005
7f682bd6868f819e7bd4dc3c07bd4dc3c1
f823f9b30010e826082bf8832b7ad44de1
17d9c9ce8be8c8431d0249e601d0249e61
102bb2cf7e568e1f7fc0000037fc000000
f61a2b3257c5407dd73dbe450ff8000005
7f611197c1b57f3e0068456d1ff7fffff5
95c92bd30a7286f056a1bf2b056a1bf2b1
32b3625d50534507a96bdcad143940a711
1b900ae516c27ad067718b1f267718b1f1
21b8946fa93dcb6fb617d6eb1b617d6eb1
12c09b87006c22e8ca3754c01ca3754bf1
0064155400205fb7003e26953003e26963
934d6d38596e6002c3b5b7d13c3b5b7d11
9e2dabfb995a738b18ae2e01318ae2e021
33c751012193beca183233483183963c91
3d7f28e27f3e5831ff8000001ff8000000
869d9fe57f587dae284b162a2c6854c4c1
08187639a5f7695d9413a74c39413a74c1
4fa8ba29b6d6b34c384b68ca4c70d81cb1
7b28ef9a128cf7277f4145e637f4145e71
0bdce64677300030cd2092452cd2092331
90e552ee7d2b98a3d18d1a490d18f81261
7f47aeff0b1c3f7c8000000014af3c0501
5c9257623a3e2959003cef994575968fb1
44c3ef3f064cf6595962acc835962acc91
0012f6bc7f45893eec9c5c0a4ec9c5c0a1
ad883b2a4eb72c717f80000037f8000000
