clean build: wiped sky130hd/d_ca03_sv39_mmu (results, logs, objects, reports)
constraining to CLK_PERIOD_NS=25.0000 (SDC + synthesis)
OPENROAD: /OpenROAD-flow-scripts/tools/OpenROAD
mkdir -p results/sky130hd/d_ca03_sv39_mmu/base/
echo 25000 > results/sky130hd/d_ca03_sv39_mmu/base/clock_period.txt
/OpenROAD-flow-scripts/flow/scripts/synth.sh /OpenROAD-flow-scripts/flow/scripts/synth_canonicalize.tcl ./logs/sky130hd/d_ca03_sv39_mmu/base/1_1_yosys_canonicalize.log
Using ABC speed script.
Extracting clock period from SDC file: ./results/sky130hd/d_ca03_sv39_mmu/base/clock_period.txt
Setting clock period to 25000
1. Executing Liberty frontend: /OpenROAD-flow-scripts/flow/platforms/sky130hd/lib/sky130_fd_sc_hd__tt_025C_1v80.lib
2. Executing Liberty frontend: /OpenROAD-flow-scripts/flow/platforms/sky130hd/lib/sky130_fd_sc_hd__tt_025C_1v80.lib
3. Executing SLANG frontend.
3.1. Executing PROC_CLEAN pass (remove empty switches from decision trees).
3.2. Executing TRIBUF pass.
3.3. Executing PROC_RMDEAD pass (remove dead branches from decision trees).
3.4. Executing PROC_PRUNE pass (remove redundant assignments in processes).
3.5. Executing PROC_INIT pass (extract init attributes).
3.6. Executing PROC_ROM pass (convert switches to ROMs).
3.7. Executing PROC_MUX pass (convert decision trees to multiplexers).
3.8. Executing PROC_CLEAN pass (remove empty switches from decision trees).
3.9. Executing OPT_EXPR pass (perform const folding).
4. Executing HIERARCHY pass (managing design hierarchy).
4.1. Analyzing design hierarchy..
4.2. Analyzing design hierarchy..
5. Executing OPT_CLEAN pass (remove unused cells and wires).
6. Executing RTLIL backend.
End of script. Logfile hash: 4e0baee3b2, time: 2.10s, user: 1.63s, system: 0.28s, MEM: 124.91 MB peak
Yosys 0.68+post (git sha1 UNKNOWN, Release, GNU /usr/local/bin/wrapped-cc/g++ 11.4.0)
Time spent: 54% 2x read_slang (0 sec), 16% 4x read_liberty (0 sec), ...
Elapsed time: 0:02.25[h:]min:sec. CPU time: user 1.86 sys 0.30 (96%). Peak memory: 130216KB.
Log                       Ext     Elapsed/s Peak Memory/MB sha1sum result [0:20)
1_1_yosys_canonicalize    .rtlil          2            127 00b2103f4388e407bc8c
/OpenROAD-flow-scripts/flow/scripts/synth.sh /OpenROAD-flow-scripts/flow/scripts/synth.tcl ./logs/sky130hd/d_ca03_sv39_mmu/base/1_2_yosys.log
Using ABC speed script.
Extracting clock period from SDC file: ./results/sky130hd/d_ca03_sv39_mmu/base/clock_period.txt
Setting clock period to 25000
1. Executing RTLIL frontend.
2. Executing HIERARCHY pass (managing design hierarchy).
2.1. Analyzing design hierarchy..
2.2. Analyzing design hierarchy..
3. Executing SYNTH pass.
3.1. Executing HIERARCHY pass (managing design hierarchy).
3.1.1. Analyzing design hierarchy..
3.1.2. Analyzing design hierarchy..
3.2. Executing PROC pass (convert processes to netlists).
3.2.1. Executing PROC_CLEAN pass (remove empty switches from decision trees).
3.2.2. Executing PROC_RMDEAD pass (remove dead branches from decision trees).
3.2.3. Executing PROC_PRUNE pass (remove redundant assignments in processes).
3.2.4. Executing PROC_INIT pass (extract init attributes).
3.2.5. Executing PROC_ARST pass (detect async resets in processes).
3.2.6. Executing PROC_ROM pass (convert switches to ROMs).
3.2.7. Executing PROC_MUX pass (convert decision trees to multiplexers).
3.2.8. Executing PROC_DLATCH pass (convert process syncs to latches).
3.2.9. Executing PROC_DFF pass (convert process syncs to FFs).
3.2.10. Executing PROC_MEMWR pass (convert process memory writes to cells).
3.2.11. Executing PROC_CLEAN pass (remove empty switches from decision trees).
3.2.12. Executing OPT_EXPR pass (perform const folding).
3.3. Executing CHECK pass (checking for obvious problems).
3.4. Executing FLATTEN pass (flatten design).
3.5. Executing OPT_EXPR pass (perform const folding).
3.6. Executing OPT_CLEAN pass (remove unused cells and wires).
3.7. Executing CHECK pass (checking for obvious problems).
3.8. Executing OPT pass (performing simple optimizations).
3.8.1. Executing OPT_EXPR pass (perform const folding).
3.8.2. Executing OPT_MERGE pass (detect identical cells).
3.8.3. Executing OPT_MUXTREE pass (detect dead branches in mux trees).
3.8.4. Executing OPT_REDUCE pass (consolidate $*mux and $reduce_* inputs).
3.8.5. Executing OPT_MERGE pass (detect identical cells).
3.8.6. Executing OPT_DFF pass (perform DFF optimizations).
3.8.7. Executing OPT_CLEAN pass (remove unused cells and wires).
3.8.8. Executing OPT_EXPR pass (perform const folding).
3.8.9. Rerunning OPT passes. (Maybe there is more to do..)
3.8.10. Executing OPT_MUXTREE pass (detect dead branches in mux trees).
3.8.11. Executing OPT_REDUCE pass (consolidate $*mux and $reduce_* inputs).
3.8.12. Executing OPT_MERGE pass (detect identical cells).
3.8.13. Executing OPT_DFF pass (perform DFF optimizations).
3.8.14. Executing OPT_CLEAN pass (remove unused cells and wires).
3.8.15. Executing OPT_EXPR pass (perform const folding).
3.8.16. Rerunning OPT passes. (Maybe there is more to do..)
3.8.17. Executing OPT_MUXTREE pass (detect dead branches in mux trees).
3.8.18. Executing OPT_REDUCE pass (consolidate $*mux and $reduce_* inputs).
3.8.19. Executing OPT_MERGE pass (detect identical cells).
3.8.20. Executing OPT_DFF pass (perform DFF optimizations).
3.8.21. Executing OPT_CLEAN pass (remove unused cells and wires).
3.8.22. Executing OPT_EXPR pass (perform const folding).
3.8.23. Finished fast OPT passes. (There is nothing left to do.)
3.9. Executing FSM pass (extract and optimize FSM).
3.9.1. Executing FSM_DETECT pass (finding FSMs in design).
3.9.2. Executing FSM_EXTRACT pass (extracting FSM from design).
3.9.3. Executing FSM_OPT pass (simple optimizations of FSMs).
3.9.4. Executing OPT_CLEAN pass (remove unused cells and wires).
3.9.5. Executing FSM_OPT pass (simple optimizations of FSMs).
3.9.6. Executing FSM_RECODE pass (re-assigning FSM state encoding).
3.9.7. Executing FSM_INFO pass (dumping all available information on FSM cells).
3.9.8. Executing FSM_MAP pass (mapping FSMs to basic logic).
3.10. Executing OPT pass (performing simple optimizations).
3.10.1. Executing OPT_EXPR pass (perform const folding).
3.10.2. Executing OPT_MERGE pass (detect identical cells).
3.10.3. Executing OPT_MUXTREE pass (detect dead branches in mux trees).
3.10.4. Executing OPT_REDUCE pass (consolidate $*mux and $reduce_* inputs).
3.10.5. Executing OPT_MERGE pass (detect identical cells).
3.10.6. Executing OPT_DFF pass (perform DFF optimizations).
3.10.7. Executing OPT_CLEAN pass (remove unused cells and wires).
3.10.8. Executing OPT_EXPR pass (perform const folding).
3.10.9. Rerunning OPT passes. (Maybe there is more to do..)
3.10.10. Executing OPT_MUXTREE pass (detect dead branches in mux trees).
3.10.11. Executing OPT_REDUCE pass (consolidate $*mux and $reduce_* inputs).
3.10.12. Executing OPT_MERGE pass (detect identical cells).
3.10.13. Executing OPT_DFF pass (perform DFF optimizations).
3.10.14. Executing OPT_CLEAN pass (remove unused cells and wires).
3.10.15. Executing OPT_EXPR pass (perform const folding).
3.10.16. Rerunning OPT passes. (Maybe there is more to do..)
3.10.17. Executing OPT_MUXTREE pass (detect dead branches in mux trees).
3.10.18. Executing OPT_REDUCE pass (consolidate $*mux and $reduce_* inputs).
3.10.19. Executing OPT_MERGE pass (detect identical cells).
3.10.20. Executing OPT_DFF pass (perform DFF optimizations).
3.10.21. Executing OPT_CLEAN pass (remove unused cells and wires).
3.10.22. Executing OPT_EXPR pass (perform const folding).
3.10.23. Finished fast OPT passes. (There is nothing left to do.)
3.11. Executing WREDUCE pass (reducing word size of cells).
3.12. Executing PEEPOPT pass (run peephole optimizers).
3.13. Executing OPT_CLEAN pass (remove unused cells and wires).
3.14. Executing ALUMACC pass (create $alu and $macc cells).
3.15. Executing SHARE pass (SAT-based resource sharing).
3.16. Executing OPT pass (performing simple optimizations).
3.16.1. Executing OPT_EXPR pass (perform const folding).
3.16.2. Executing OPT_MERGE pass (detect identical cells).
3.16.3. Executing OPT_MUXTREE pass (detect dead branches in mux trees).
3.16.4. Executing OPT_REDUCE pass (consolidate $*mux and $reduce_* inputs).
3.16.5. Executing OPT_MERGE pass (detect identical cells).
3.16.6. Executing OPT_DFF pass (perform DFF optimizations).
3.16.7. Executing OPT_CLEAN pass (remove unused cells and wires).
3.16.8. Executing OPT_EXPR pass (perform const folding).
3.16.9. Rerunning OPT passes. (Maybe there is more to do..)
3.16.10. Executing OPT_MUXTREE pass (detect dead branches in mux trees).
3.16.11. Executing OPT_REDUCE pass (consolidate $*mux and $reduce_* inputs).
3.16.12. Executing OPT_MERGE pass (detect identical cells).
3.16.13. Executing OPT_DFF pass (perform DFF optimizations).
3.16.14. Executing OPT_CLEAN pass (remove unused cells and wires).
3.16.15. Executing OPT_EXPR pass (perform const folding).
3.16.16. Finished fast OPT passes. (There is nothing left to do.)
3.17. Executing MEMORY pass.
3.17.1. Executing OPT_MEM pass (optimize memories).
3.17.2. Executing OPT_MEM_PRIORITY pass (removing unnecessary memory write priority relations).
3.17.3. Executing OPT_MEM_FEEDBACK pass (finding memory read-to-write feedback paths).
3.17.4. Executing MEMORY_BMUX2ROM pass (converting muxes to ROMs).
3.17.5. Executing MEMORY_DFF pass (merging $dff cells to $memrd).
3.17.6. Executing OPT_CLEAN pass (remove unused cells and wires).
3.17.7. Executing MEMORY_SHARE pass (consolidating $memrd/$memwr cells).
3.17.8. Executing OPT_MEM_WIDEN pass (optimize memories where all ports are wide).
3.17.9. Executing OPT_CLEAN pass (remove unused cells and wires).
3.17.10. Executing MEMORY_COLLECT pass (generating $mem cells).
3.18. Executing OPT_CLEAN pass (remove unused cells and wires).
4. Executing SYNTH pass.
4.1. Executing OPT pass (performing simple optimizations).
4.1.1. Executing OPT_EXPR pass (perform const folding).
4.1.2. Executing OPT_MERGE pass (detect identical cells).
4.1.3. Executing OPT_DFF pass (perform DFF optimizations).
4.1.4. Executing OPT_CLEAN pass (remove unused cells and wires).
4.1.5. Finished fast OPT passes.
4.2. Executing MEMORY_MAP pass (converting memories to logic and flip-flops).
4.3. Executing OPT pass (performing simple optimizations).
4.3.1. Executing OPT_EXPR pass (perform const folding).
4.3.2. Executing OPT_MERGE pass (detect identical cells).
4.3.3. Executing OPT_MUXTREE pass (detect dead branches in mux trees).
4.3.4. Executing OPT_REDUCE pass (consolidate $*mux and $reduce_* inputs).
4.3.5. Executing OPT_MERGE pass (detect identical cells).
4.3.6. Executing OPT_SHARE pass.
4.3.7. Executing OPT_DFF pass (perform DFF optimizations).
4.3.8. Executing OPT_CLEAN pass (remove unused cells and wires).
4.3.9. Executing OPT_EXPR pass (perform const folding).
4.3.10. Rerunning OPT passes. (Maybe there is more to do..)
4.3.11. Executing OPT_MUXTREE pass (detect dead branches in mux trees).
4.3.12. Executing OPT_REDUCE pass (consolidate $*mux and $reduce_* inputs).
4.3.13. Executing OPT_MERGE pass (detect identical cells).
4.3.14. Executing OPT_SHARE pass.
4.3.15. Executing OPT_DFF pass (perform DFF optimizations).
4.3.16. Executing OPT_CLEAN pass (remove unused cells and wires).
4.3.17. Executing OPT_EXPR pass (perform const folding).
4.3.18. Rerunning OPT passes. (Maybe there is more to do..)
4.3.19. Executing OPT_MUXTREE pass (detect dead branches in mux trees).
4.3.20. Executing OPT_REDUCE pass (consolidate $*mux and $reduce_* inputs).
4.3.21. Executing OPT_MERGE pass (detect identical cells).
4.3.22. Executing OPT_SHARE pass.
4.3.23. Executing OPT_DFF pass (perform DFF optimizations).
4.3.24. Executing OPT_CLEAN pass (remove unused cells and wires).
4.3.25. Executing OPT_EXPR pass (perform const folding).
4.3.26. Rerunning OPT passes. (Maybe there is more to do..)
4.3.27. Executing OPT_MUXTREE pass (detect dead branches in mux trees).
4.3.28. Executing OPT_REDUCE pass (consolidate $*mux and $reduce_* inputs).
4.3.29. Executing OPT_MERGE pass (detect identical cells).
4.3.30. Executing OPT_SHARE pass.
4.3.31. Executing OPT_DFF pass (perform DFF optimizations).
4.3.32. Executing OPT_CLEAN pass (remove unused cells and wires).
4.3.33. Executing OPT_EXPR pass (perform const folding).
4.3.34. Finished fast OPT passes. (There is nothing left to do.)
4.4. Executing TECHMAP pass (map to technology primitives).
4.4.1. Executing Verilog-2005 frontend: /OpenROAD-flow-scripts/tools/install/yosys/bin/../share/yosys/techmap.v
4.4.2. Executing Verilog-2005 frontend: /OpenROAD-flow-scripts/flow/platforms/common/lcu_kogge_stone.v
4.4.3. Continuing TECHMAP pass.
4.5. Executing OPT pass (performing simple optimizations).
4.5.1. Executing OPT_EXPR pass (perform const folding).
4.5.2. Executing OPT_MERGE pass (detect identical cells).
4.5.3. Executing OPT_DFF pass (perform DFF optimizations).
4.5.4. Executing OPT_CLEAN pass (remove unused cells and wires).
4.5.5. Finished fast OPT passes.
4.6. Executing HIERARCHY pass (managing design hierarchy).
4.6.1. Analyzing design hierarchy..
4.6.2. Analyzing design hierarchy..
4.7. Printing statistics.
4.8. Executing CHECK pass (checking for obvious problems).
5. Executing OPT pass (performing simple optimizations).
5.1. Executing OPT_EXPR pass (perform const folding).
5.2. Executing OPT_MERGE pass (detect identical cells).
5.3. Executing OPT_MUXTREE pass (detect dead branches in mux trees).
5.4. Executing OPT_REDUCE pass (consolidate $*mux and $reduce_* inputs).
5.5. Executing OPT_MERGE pass (detect identical cells).
5.6. Executing OPT_DFF pass (perform DFF optimizations).
5.7. Executing OPT_CLEAN pass (remove unused cells and wires).
5.8. Executing OPT_EXPR pass (perform const folding).
5.9. Rerunning OPT passes. (Maybe there is more to do..)
5.10. Executing OPT_MUXTREE pass (detect dead branches in mux trees).
5.11. Executing OPT_REDUCE pass (consolidate $*mux and $reduce_* inputs).
5.12. Executing OPT_MERGE pass (detect identical cells).
5.13. Executing OPT_DFF pass (perform DFF optimizations).
5.14. Executing OPT_CLEAN pass (remove unused cells and wires).
5.15. Executing OPT_EXPR pass (perform const folding).
5.16. Finished fast OPT passes. (There is nothing left to do.)
6. Executing EXTRACT_FA pass (find and extract full/half adders).
7. Executing TECHMAP pass (map to technology primitives).
7.1. Executing Verilog-2005 frontend: /OpenROAD-flow-scripts/flow/platforms/sky130hd/cells_adders_hd.v
7.2. Continuing TECHMAP pass.
8. Executing TECHMAP pass (map to technology primitives).
8.1. Executing Verilog-2005 frontend: /OpenROAD-flow-scripts/tools/install/yosys/bin/../share/yosys/techmap.v
8.2. Continuing TECHMAP pass.
9. Executing OPT pass (performing simple optimizations).
9.1. Executing OPT_EXPR pass (perform const folding).
9.2. Executing OPT_MERGE pass (detect identical cells).
9.3. Executing OPT_DFF pass (perform DFF optimizations).
9.4. Executing OPT_CLEAN pass (remove unused cells and wires).
9.5. Finished fast OPT passes.
10. Executing DFFLEGALIZE pass (convert FFs to types supported by the target).
11. Executing TECHMAP pass (map to technology primitives).
11.1. Executing Verilog-2005 frontend: /OpenROAD-flow-scripts/flow/platforms/sky130hd/cells_latch_hd.v
11.2. Continuing TECHMAP pass.
12. Executing DFFLIBMAP pass (mapping DFF cells to sequential cells from liberty file).
12.1. Executing DFFLEGALIZE pass (convert FFs to types supported by the target).
13. Executing OPT pass (performing simple optimizations).
13.1. Executing OPT_EXPR pass (perform const folding).
13.2. Executing OPT_MERGE pass (detect identical cells).
13.3. Executing OPT_MUXTREE pass (detect dead branches in mux trees).
13.4. Executing OPT_REDUCE pass (consolidate $*mux and $reduce_* inputs).
13.5. Executing OPT_MERGE pass (detect identical cells).
13.6. Executing OPT_DFF pass (perform DFF optimizations).
13.7. Executing OPT_CLEAN pass (remove unused cells and wires).
13.8. Executing OPT_EXPR pass (perform const folding).
13.9. Finished fast OPT passes. (There is nothing left to do.)
14. Executing SETUNDEF pass (replace undef values with defined constants).
abc -script /OpenROAD-flow-scripts/flow/scripts/abc_speed.script -liberty /OpenROAD-flow-scripts/flow/platforms/sky130hd/lib/sky130_fd_sc_hd__tt_025C_1v80.lib -dont_use sky130_fd_sc_hd__probe_p_8 -dont_use sky130_fd_sc_hd__probec_p_8 -dont_use sky130_fd_sc_hd__lpflow_bleeder_1 -dont_use sky130_fd_sc_hd__lpflow_clkbufkapwr_1 -dont_use sky130_fd_sc_hd__lpflow_clkbufkapwr_16 -dont_use sky130_fd_sc_hd__lpflow_clkbufkapwr_2 -dont_use sky130_fd_sc_hd__lpflow_clkbufkapwr_4 -dont_use sky130_fd_sc_hd__lpflow_clkbufkapwr_8 -dont_use sky130_fd_sc_hd__lpflow_clkinvkapwr_1 -dont_use sky130_fd_sc_hd__lpflow_clkinvkapwr_16 -dont_use sky130_fd_sc_hd__lpflow_clkinvkapwr_2 -dont_use sky130_fd_sc_hd__lpflow_clkinvkapwr_4 -dont_use sky130_fd_sc_hd__lpflow_clkinvkapwr_8 -dont_use sky130_fd_sc_hd__lpflow_decapkapwr_12 -dont_use sky130_fd_sc_hd__lpflow_decapkapwr_3 -dont_use sky130_fd_sc_hd__lpflow_decapkapwr_4 -dont_use sky130_fd_sc_hd__lpflow_decapkapwr_6 -dont_use sky130_fd_sc_hd__lpflow_decapkapwr_8 -dont_use sky130_fd_sc_hd__lpflow_inputiso0n_1 -dont_use sky130_fd_sc_hd__lpflow_inputiso0p_1 -dont_use sky130_fd_sc_hd__lpflow_inputiso1n_1 -dont_use sky130_fd_sc_hd__lpflow_inputiso1p_1 -dont_use sky130_fd_sc_hd__lpflow_inputisolatch_1 -dont_use sky130_fd_sc_hd__lpflow_isobufsrc_1 -dont_use sky130_fd_sc_hd__lpflow_isobufsrc_16 -dont_use sky130_fd_sc_hd__lpflow_isobufsrc_2 -dont_use sky130_fd_sc_hd__lpflow_isobufsrc_4 -dont_use sky130_fd_sc_hd__lpflow_isobufsrc_8 -dont_use sky130_fd_sc_hd__lpflow_isobufsrckapwr_16 -dont_use sky130_fd_sc_hd__lpflow_lsbuf_lh_hl_isowell_tap_1 -dont_use sky130_fd_sc_hd__lpflow_lsbuf_lh_hl_isowell_tap_2 -dont_use sky130_fd_sc_hd__lpflow_lsbuf_lh_hl_isowell_tap_4 -dont_use sky130_fd_sc_hd__lpflow_lsbuf_lh_isowell_4 -dont_use sky130_fd_sc_hd__lpflow_lsbuf_lh_isowell_tap_1 -dont_use sky130_fd_sc_hd__lpflow_lsbuf_lh_isowell_tap_2 -dont_use sky130_fd_sc_hd__lpflow_lsbuf_lh_isowell_tap_4 -constr ./objects/sky130hd/d_ca03_sv39_mmu/base/abc.constr -D 25000
15. Executing ABC pass (technology mapping using ABC).
15.1. Extracting gate netlist of module `\sv39_mmu' to `<abc-temp-dir>/input.blif'..
15.1.1. Executed ABC.
15.1.2. Re-integrating ABC results.
Took 91 seconds: abc -script /OpenROAD-flow-scripts/flow/scripts/abc_speed.script -liberty /OpenROAD-flow-scripts/flow/platforms/sky130hd/lib/sky130_fd_sc_hd__tt_025C_1v80.lib -dont_use sky130_fd_sc_hd__probe_p_8 -dont_use sky130_fd_sc_hd__probec_p_8 -dont_use sky130_fd_sc_hd__lpflow_bleeder_1 -dont_use sky130_fd_sc_hd__lpflow_clkbufkapwr_1 -dont_use sky130_fd_sc_hd__lpflow_clkbufkapwr_16 -dont_use sky130_fd_sc_hd__lpflow_clkbufkapwr_2 -dont_use sky130_fd_sc_hd__lpflow_clkbufkapwr_4 -dont_use sky130_fd_sc_hd__lpflow_clkbufkapwr_8 -dont_use sky130_fd_sc_hd__lpflow_clkinvkapwr_1 -dont_use sky130_fd_sc_hd__lpflow_clkinvkapwr_16 -dont_use sky130_fd_sc_hd__lpflow_clkinvkapwr_2 -dont_use sky130_fd_sc_hd__lpflow_clkinvkapwr_4 -dont_use sky130_fd_sc_hd__lpflow_clkinvkapwr_8 -dont_use sky130_fd_sc_hd__lpflow_decapkapwr_12 -dont_use sky130_fd_sc_hd__lpflow_decapkapwr_3 -dont_use sky130_fd_sc_hd__lpflow_decapkapwr_4 -dont_use sky130_fd_sc_hd__lpflow_decapkapwr_6 -dont_use sky130_fd_sc_hd__lpflow_decapkapwr_8 -dont_use sky130_fd_sc_hd__lpflow_inputiso0n_1 -dont_use sky130_fd_sc_hd__lpflow_inputiso0p_1 -dont_use sky130_fd_sc_hd__lpflow_inputiso1n_1 -dont_use sky130_fd_sc_hd__lpflow_inputiso1p_1 -dont_use sky130_fd_sc_hd__lpflow_inputisolatch_1 -dont_use sky130_fd_sc_hd__lpflow_isobufsrc_1 -dont_use sky130_fd_sc_hd__lpflow_isobufsrc_16 -dont_use sky130_fd_sc_hd__lpflow_isobufsrc_2 -dont_use sky130_fd_sc_hd__lpflow_isobufsrc_4 -dont_use sky130_fd_sc_hd__lpflow_isobufsrc_8 -dont_use sky130_fd_sc_hd__lpflow_isobufsrckapwr_16 -dont_use sky130_fd_sc_hd__lpflow_lsbuf_lh_hl_isowell_tap_1 -dont_use sky130_fd_sc_hd__lpflow_lsbuf_lh_hl_isowell_tap_2 -dont_use sky130_fd_sc_hd__lpflow_lsbuf_lh_hl_isowell_tap_4 -dont_use sky130_fd_sc_hd__lpflow_lsbuf_lh_isowell_4 -dont_use sky130_fd_sc_hd__lpflow_lsbuf_lh_isowell_tap_1 -dont_use sky130_fd_sc_hd__lpflow_lsbuf_lh_isowell_tap_2 -dont_use sky130_fd_sc_hd__lpflow_lsbuf_lh_isowell_tap_4 -constr ./objects/sky130hd/d_ca03_sv39_mmu/base/abc.constr -D 25000
16. Executing SPLITNETS pass (splitting up multi-bit signals).
17. Executing OPT_CLEAN pass (remove unused cells and wires).
18. Executing HILOMAP pass (mapping to constant drivers).
19. Executing INSBUF pass (insert buffer cells for connected wires).
20. Executing CHECK pass (checking for obvious problems).
21. Printing statistics.
22. Executing CHECK pass (checking for obvious problems).
23. Executing Verilog backend.
23.1. Executing BMUXMAP pass.
23.2. Executing DEMUXMAP pass.
End of script. Logfile hash: fa4580d1be, time: 106.50s, user: 16.19s, system: 0.47s, MEM: 178.74 MB peak
Yosys 0.68+post (git sha1 UNKNOWN, Release, GNU /usr/local/bin/wrapped-cc/g++ 11.4.0)
Time spent: 85% 1x abc (91 sec), 3% 1x extract_fa (3 sec), ...
Elapsed time: 1:46.67[h:]min:sec. CPU time: user 107.03 sys 0.63 (100%). Peak memory: 184684KB.
Log                       Ext     Elapsed/s Peak Memory/MB sha1sum result [0:20)
1_2_yosys                 .v            106            180 849122973c4e43c04777
cp /work/domains/comp_arch/design/d_ca03_sv39_mmu/orfs/constraint.sdc ./results/sky130hd/d_ca03_sv39_mmu/base/1_2_yosys.sdc
OpenROAD 26Q3-1080-gab6fd26351 
Features included (+) or not (-): +GPU +GUI +Python
This program is licensed under the BSD-3 license. See the LICENSE file for details.
Components of this program may be licensed under more restrictive licenses which must be honored.
[INFO ORD-0030] Using 10 thread(s).
mkdir -p ./objects/sky130hd/d_ca03_sv39_mmu/base
/OpenROAD-flow-scripts/flow/scripts/flow.sh 1_synth synth_odb
Running synth_odb.tcl, stage 1_synth
read_liberty /OpenROAD-flow-scripts/flow/platforms/sky130hd/lib/sky130_fd_sc_hd__tt_025C_1v80.lib
[INFO ODB-0227] LEF file: /OpenROAD-flow-scripts/flow/platforms/sky130hd/lef/sky130_fd_sc_hd.tlef, created 13 layers, 25 vias
[INFO ODB-0227] LEF file: /OpenROAD-flow-scripts/flow/platforms/sky130hd/lef/sky130_fd_sc_hd_merged.lef, created 441 library cells
link_design sv39_mmu
read_sdc ./results/sky130hd/d_ca03_sv39_mmu/base/1_2_yosys.sdc
source /OpenROAD-flow-scripts/flow/platforms/sky130hd/setRC.tcl
eliminate_dead_logic
Removed 0 unused instances and 0 unused nets.
Design area 210924 um^2 100% utilization.
write_db ./results/sky130hd/d_ca03_sv39_mmu/base/1_synth.odb
write_sdc -no_timestamp ./results/sky130hd/d_ca03_sv39_mmu/base/1_synth.sdc
Elapsed time: 0:01.16[h:]min:sec. CPU time: user 1.01 sys 0.08 (94%). Peak memory: 202400KB.
Log                       Ext     Elapsed/s Peak Memory/MB sha1sum result [0:20)
1_synth                   .odb            1            197 a07ba6c82648791e45d4
1_synth                   .sdc                             aa642b0d6fd3e8ebde0f
/OpenROAD-flow-scripts/flow/scripts/flow.sh 2_1_floorplan floorplan
Running floorplan.tcl, stage 2_1_floorplan
read_liberty /OpenROAD-flow-scripts/flow/platforms/sky130hd/lib/sky130_fd_sc_hd__tt_025C_1v80.lib
read_db ./results/sky130hd/d_ca03_sv39_mmu/base/1_synth.odb
read_sdc ./results/sky130hd/d_ca03_sv39_mmu/base/1_synth.sdc
source /OpenROAD-flow-scripts/flow/platforms/sky130hd/setRC.tcl
Master sky130_ef_sc_hd__decap_12 is loaded but not used in the design

==========================================================================
Floorplan check_setup
--------------------------------------------------------------------------
number instances in verilog is 20047
[INFO IFP-0107] Defining die area using utilization: 10.00% and aspect ratio: 1.
[WARNING IFP-0028] Core area lower left (1.000, 1.000) snapped to (1.380, 2.720).
[INFO IFP-0001] Added 533 rows of 3156 site unithd.
[INFO IFP-0100] Die BBox:  (  0.000  0.000 ) ( 1454.320 1454.320 ) um
[INFO IFP-0101] Core BBox: (  1.380  2.720 ) ( 1453.140 1452.480 ) um
[INFO IFP-0102] Core area:                      2104703.578 um^2
[INFO IFP-0103] Total instances area:            210923.542 um^2
[INFO IFP-0104] Effective utilization:                0.100
[INFO IFP-0105] Number of instances:                  20047
source /OpenROAD-flow-scripts/flow/platforms/sky130hd/make_tracks.tcl
source /OpenROAD-flow-scripts/flow/platforms/sky130hd/fastroute.tcl
Repair tie lo fanout...
[INFO RSZ-0042] Inserted 124 tie sky130_fd_sc_hd__conb_1 instances.
Repair tie hi fanout...
repair_timing -setup_margin 0 -hold_margin 0 -repair_tns 100 -match_cell_footprint -setup -skip_last_gasp -sequence unbuffer,sizeup,swap,vt_swap -verbose
[WARNING EST-0027] no estimated parasitics. Using wire load models.
[INFO RSZ-0100] Repair move sequence: UnbufferMove SizeUpMove SwapPinsMove 
[INFO RSZ-0094] Found 3467 endpoints with setup violations.
[INFO RSZ-0099] Repairing 3467 out of 3467 (100.00%) violating endpoints...
   Iter   | Removed | Resized | Inserted | Cloned |  Pin  |   Area   |    WNS   |   StTNS    |   EnTNS    |  Viol  |  Worst  
          | Buffers |  Gates  | Buffers  |  Gates | Swaps |          |          |            |            | Endpts | St/EnPt 
------------------------------------------------------------------------------------------------------------------------------
       0* |       0 |       0 |        0 |      0 |     0 |    +0.0% |  -33.477 |     -255.7 |  -116064.9 |   3467 | u_inner.u_anchor.dtlb_hit_q$_DFF_PN0_/RESET_B
       1* |       0 |       0 |        0 |      0 |     0 |    +0.0% |  -33.477 |     -255.7 |  -116064.9 |   3467 | u_inner.u_anchor.dtlb_hit_q$_DFF_PN0_/RESET_B
       2* |       0 |       0 |        0 |      0 |     0 |    +0.0% |  -33.477 |     -255.7 |  -116064.9 |   3467 | u_inner.u_anchor.dtlb_hit_q$_DFF_PN0_/RESET_B
       3* |       0 |       0 |        0 |      0 |     0 |    +0.0% |  -33.477 |     -255.7 |  -116064.9 |   3467 | u_inner.u_anchor.dtlb_hit_q$_DFF_PN0_/RESET_B
       4* |       0 |       0 |        0 |      0 |     0 |    +0.0% |  -33.477 |     -255.7 |  -116064.9 |   3467 | u_inner.u_anchor.dtlb_hit_q$_DFF_PN0_/RESET_B
       5* |       0 |       0 |        0 |      0 |     0 |    +0.0% |  -33.477 |     -255.7 |  -116064.9 |   3467 | u_inner.u_anchor.dtlb_hit_q$_DFF_PN0_/RESET_B
       6* |       0 |       0 |        0 |      0 |     0 |    +0.0% |  -33.477 |     -255.7 |  -116064.9 |   3467 | u_inner.u_anchor.dtlb_hit_q$_DFF_PN0_/RESET_B
       7* |       0 |       0 |        0 |      0 |     0 |    +0.0% |  -33.477 |     -255.7 |  -116064.9 |   3467 | u_inner.u_anchor.dtlb_hit_q$_DFF_PN0_/RESET_B
       8* |       0 |       0 |        0 |      0 |     0 |    +0.0% |  -33.477 |     -255.7 |  -116064.9 |   3467 | u_inner.u_anchor.dtlb_hit_q$_DFF_PN0_/RESET_B
       9* |       0 |       0 |        0 |      0 |     0 |    +0.0% |  -33.477 |     -255.7 |  -116064.9 |   3467 | u_inner.u_anchor.dtlb_hit_q$_DFF_PN0_/RESET_B
      10* |       0 |       0 |        0 |      0 |     0 |    +0.0% |  -33.477 |     -255.7 |  -116064.9 |   3467 | u_inner.u_anchor.dtlb_hit_q$_DFF_PN0_/RESET_B
      10* |       0 |       0 |        0 |      0 |     0 |    +0.0% |  -33.477 |     -255.7 |  -116064.9 |   3467 | u_inner.u_anchor.dtlb_hit_q$_DFF_PN0_/RESET_B
      11* |       0 |       0 |        0 |      0 |     0 |    +0.0% |  -33.477 |     -255.7 |  -116064.9 |   3467 | u_inner.u_anchor.dtlb_hit_q$_DFF_PN0_/RESET_B
      12* |       0 |       0 |        0 |      0 |     0 |    +0.0% |  -33.477 |     -255.7 |  -116064.9 |   3467 | u_inner.u_anchor.dtlb_hit_q$_DFF_PN0_/RESET_B
      13* |       0 |       0 |        0 |      0 |     0 |    +0.0% |  -33.477 |     -255.7 |  -116064.9 |   3467 | u_inner.u_anchor.dtlb_hit_q$_DFF_PN0_/RESET_B
      14* |       0 |       0 |        0 |      0 |     0 |    +0.0% |  -33.477 |     -255.7 |  -116064.9 |   3467 | u_inner.u_anchor.dtlb_hit_q$_DFF_PN0_/RESET_B
      15* |       0 |       0 |        0 |      0 |     0 |    +0.0% |  -33.477 |     -255.7 |  -116064.9 |   3467 | u_inner.u_anchor.dtlb_hit_q$_DFF_PN0_/RESET_B
      16* |       0 |       0 |        0 |      0 |     0 |    +0.0% |  -33.477 |     -255.7 |  -116064.9 |   3467 | u_inner.u_anchor.dtlb_hit_q$_DFF_PN0_/RESET_B
      17* |       0 |       0 |        0 |      0 |     0 |    +0.0% |  -33.477 |     -255.7 |  -116064.9 |   3467 | u_inner.u_anchor.dtlb_hit_q$_DFF_PN0_/RESET_B
      18* |       0 |       0 |        0 |      0 |     0 |    +0.0% |  -33.477 |     -255.7 |  -116064.9 |   3467 | u_inner.u_anchor.dtlb_hit_q$_DFF_PN0_/RESET_B
      19* |       0 |       0 |        0 |      0 |     0 |    +0.0% |  -33.477 |     -255.7 |  -116064.9 |   3467 | u_inner.u_anchor.dtlb_hit_q$_DFF_PN0_/RESET_B
      20* |       0 |       0 |        0 |      0 |     0 |    +0.0% |  -33.477 |     -255.7 |  -116064.9 |   3467 | u_inner.u_anchor.dtlb_hit_q$_DFF_PN0_/RESET_B
      20* |       0 |       0 |        0 |      0 |     0 |    +0.0% |  -33.477 |     -255.7 |  -116064.9 |   3467 | u_inner.u_anchor.dtlb_hit_q$_DFF_PN0_/RESET_B
      21* |       0 |       0 |        0 |      0 |     0 |    +0.0% |  -33.477 |     -255.7 |  -116064.9 |   3467 | u_inner.u_anchor.dtlb_hit_q$_DFF_PN0_/RESET_B
      22* |       0 |       0 |        0 |      0 |     0 |    +0.0% |  -33.477 |     -255.7 |  -116064.9 |   3467 | u_inner.u_anchor.dtlb_hit_q$_DFF_PN0_/RESET_B
      23* |       0 |       0 |        0 |      0 |     0 |    +0.0% |  -33.477 |     -255.7 |  -116064.9 |   3467 | u_inner.u_anchor.dtlb_hit_q$_DFF_PN0_/RESET_B
      24* |       0 |       0 |        0 |      0 |     0 |    +0.0% |  -33.477 |     -255.7 |  -116064.9 |   3467 | u_inner.u_anchor.dtlb_hit_q$_DFF_PN0_/RESET_B
      25* |       0 |       0 |        0 |      0 |     0 |    +0.0% |  -33.477 |     -255.7 |  -116064.9 |   3467 | u_inner.u_anchor.dtlb_hit_q$_DFF_PN0_/RESET_B
      26* |       0 |       0 |        0 |      0 |     0 |    +0.0% |  -33.477 |     -255.7 |  -116064.9 |   3467 | u_inner.u_anchor.dtlb_hit_q$_DFF_PN0_/RESET_B
      27* |       0 |       0 |        0 |      0 |     0 |    +0.0% |  -33.477 |     -255.7 |  -116064.9 |   3467 | u_inner.u_anchor.dtlb_hit_q$_DFF_PN0_/RESET_B
      28* |       0 |       0 |        0 |      0 |     0 |    +0.0% |  -33.477 |     -255.7 |  -116064.9 |   3467 | u_inner.u_anchor.dtlb_hit_q$_DFF_PN0_/RESET_B
      29* |       0 |       0 |        0 |      0 |     0 |    +0.0% |  -33.477 |     -255.7 |  -116064.9 |   3467 | u_inner.u_anchor.dtlb_hit_q$_DFF_PN0_/RESET_B
      30* |       0 |       0 |        0 |      0 |     0 |    +0.0% |  -33.477 |     -255.7 |  -116064.9 |   3467 | u_inner.u_anchor.dtlb_hit_q$_DFF_PN0_/RESET_B
      30* |       0 |       0 |        0 |      0 |     0 |    +0.0% |  -33.477 |     -255.7 |  -116064.9 |   3467 | u_inner.u_anchor.dtlb_hit_q$_DFF_PN0_/RESET_B
      31* |       0 |       0 |        0 |      0 |     0 |    +0.0% |  -33.477 |     -255.7 |  -116064.9 |   3467 | u_inner.u_anchor.dtlb_hit_q$_DFF_PN0_/RESET_B
      32* |       0 |       0 |        0 |      0 |     0 |    +0.0% |  -33.477 |     -255.7 |  -116064.9 |   3467 | u_inner.u_anchor.dtlb_hit_q$_DFF_PN0_/RESET_B
      33* |       0 |       0 |        0 |      0 |     0 |    +0.0% |  -33.477 |     -255.7 |  -116064.9 |   3467 | u_inner.u_anchor.dtlb_hit_q$_DFF_PN0_/RESET_B
      34* |       0 |       0 |        0 |      0 |     0 |    +0.0% |  -33.477 |     -255.7 |  -116064.9 |   3467 | u_inner.u_anchor.dtlb_hit_q$_DFF_PN0_/RESET_B
      35* |       0 |       0 |        0 |      0 |     0 |    +0.0% |  -33.477 |     -255.7 |  -116064.9 |   3467 | u_inner.u_anchor.dtlb_hit_q$_DFF_PN0_/RESET_B
      36* |       0 |       0 |        0 |      0 |     0 |    +0.0% |  -33.477 |     -255.7 |  -116064.9 |   3467 | u_inner.u_anchor.dtlb_hit_q$_DFF_PN0_/RESET_B
      37* |       0 |       0 |        0 |      0 |     0 |    +0.0% |  -33.477 |     -255.7 |  -116064.9 |   3467 | u_inner.u_anchor.dtlb_hit_q$_DFF_PN0_/RESET_B
      38* |       0 |       0 |        0 |      0 |     0 |    +0.0% |  -33.477 |     -255.7 |  -116064.9 |   3467 | u_inner.u_anchor.dtlb_hit_q$_DFF_PN0_/RESET_B
      39* |       0 |       0 |        0 |      0 |     0 |    +0.0% |  -33.477 |     -255.7 |  -116064.9 |   3467 | u_inner.u_anchor.dtlb_hit_q$_DFF_PN0_/RESET_B
      40* |       0 |       0 |        0 |      0 |     0 |    +0.0% |  -33.477 |     -255.7 |  -116064.9 |   3467 | u_inner.u_anchor.dtlb_hit_q$_DFF_PN0_/RESET_B
      40* |       0 |       0 |        0 |      0 |     0 |    +0.0% |  -33.477 |     -255.7 |  -116064.9 |   3467 | u_inner.u_anchor.dtlb_hit_q$_DFF_PN0_/RESET_B
      41* |       0 |       0 |        0 |      0 |     0 |    +0.0% |  -33.477 |     -255.7 |  -116064.9 |   3467 | u_inner.u_anchor.dtlb_hit_q$_DFF_PN0_/RESET_B
      42* |       0 |       0 |        0 |      0 |     0 |    +0.0% |  -33.477 |     -255.7 |  -116064.9 |   3467 | u_inner.u_anchor.dtlb_hit_q$_DFF_PN0_/RESET_B
      43* |       0 |       0 |        0 |      0 |     0 |    +0.0% |  -33.477 |     -255.7 |  -116064.9 |   3467 | u_inner.u_anchor.dtlb_hit_q$_DFF_PN0_/RESET_B
      44* |       0 |       0 |        0 |      0 |     0 |    +0.0% |  -33.477 |     -255.7 |  -116064.9 |   3467 | u_inner.u_anchor.dtlb_hit_q$_DFF_PN0_/RESET_B
      45* |       0 |       0 |        0 |      0 |     0 |    +0.0% |  -33.477 |     -255.7 |  -116064.9 |   3467 | u_inner.u_anchor.dtlb_hit_q$_DFF_PN0_/RESET_B
      46* |       0 |       0 |        0 |      0 |     0 |    +0.0% |  -33.477 |     -255.7 |  -116064.9 |   3467 | u_inner.u_anchor.dtlb_hit_q$_DFF_PN0_/RESET_B
      47* |       0 |       0 |        0 |      0 |     0 |    +0.0% |  -33.477 |     -255.7 |  -116064.9 |   3467 | u_inner.u_anchor.dtlb_hit_q$_DFF_PN0_/RESET_B
      48* |       0 |       0 |        0 |      0 |     0 |    +0.0% |  -33.477 |     -255.7 |  -116064.9 |   3467 | u_inner.u_anchor.dtlb_hit_q$_DFF_PN0_/RESET_B
      49* |       0 |       0 |        0 |      0 |     0 |    +0.0% |  -33.477 |     -255.7 |  -116064.9 |   3467 | u_inner.u_anchor.dtlb_hit_q$_DFF_PN0_/RESET_B
      50* |       0 |       0 |        0 |      0 |     0 |    +0.0% |  -33.477 |     -255.7 |  -116064.9 |   3467 | u_inner.u_anchor.dtlb_hit_q$_DFF_PN0_/RESET_B
      50* |       0 |       0 |        0 |      0 |     0 |    +0.0% |  -33.477 |     -255.7 |  -116064.9 |   3467 | u_inner.u_anchor.dtlb_hit_q$_DFF_PN0_/RESET_B
      51* |       0 |       0 |        0 |      0 |     0 |    +0.0% |  -33.477 |     -255.7 |  -116064.9 |   3467 | u_inner.u_anchor.dtlb_hit_q$_DFF_PN0_/RESET_B
      52* |       0 |       0 |        0 |      0 |     0 |    +0.0% |  -33.477 |     -255.7 |  -116064.9 |   3467 | u_inner.u_anchor.dtlb_hit_q$_DFF_PN0_/RESET_B
      53* |       0 |       0 |        0 |      0 |     0 |    +0.0% |  -33.477 |     -255.7 |  -116064.9 |   3467 | u_inner.u_anchor.dtlb_hit_q$_DFF_PN0_/RESET_B
      54* |       0 |       0 |        0 |      0 |     0 |    +0.0% |  -33.477 |     -255.7 |  -116064.9 |   3467 | u_inner.u_anchor.dtlb_hit_q$_DFF_PN0_/RESET_B
      55* |       0 |       0 |        0 |      0 |     0 |    +0.0% |  -33.477 |     -255.7 |  -116064.9 |   3467 | u_inner.u_anchor.dtlb_hit_q$_DFF_PN0_/RESET_B
      56* |       0 |       0 |        0 |      0 |     0 |    +0.0% |  -33.477 |     -255.7 |  -116064.9 |   3467 | u_inner.u_anchor.dtlb_hit_q$_DFF_PN0_/RESET_B
      57* |       0 |       0 |        0 |      0 |     0 |    +0.0% |  -33.477 |     -255.7 |  -116064.9 |   3467 | u_inner.u_anchor.dtlb_hit_q$_DFF_PN0_/RESET_B
      58* |       0 |       0 |        0 |      0 |     0 |    +0.0% |  -33.477 |     -255.7 |  -116064.9 |   3467 | u_inner.u_anchor.dtlb_hit_q$_DFF_PN0_/RESET_B
      59* |       0 |       0 |        0 |      0 |     0 |    +0.0% |  -33.477 |     -255.7 |  -116064.9 |   3467 | u_inner.u_anchor.dtlb_hit_q$_DFF_PN0_/RESET_B
      60* |       0 |       0 |        0 |      0 |     0 |    +0.0% |  -33.477 |     -255.7 |  -116064.9 |   3467 | u_inner.u_anchor.dtlb_hit_q$_DFF_PN0_/RESET_B
      60* |       0 |       0 |        0 |      0 |     0 |    +0.0% |  -33.477 |     -255.7 |  -116064.9 |   3467 | u_inner.u_anchor.dtlb_hit_q$_DFF_PN0_/RESET_B
      61* |       0 |       0 |        0 |      0 |     0 |    +0.0% |  -33.477 |     -255.7 |  -116064.9 |   3467 | u_inner.u_anchor.dtlb_hit_q$_DFF_PN0_/RESET_B
      62* |       0 |       0 |        0 |      0 |     0 |    +0.0% |  -33.477 |     -255.7 |  -116064.9 |   3467 | u_inner.u_anchor.dtlb_hit_q$_DFF_PN0_/RESET_B
      63* |       0 |       0 |        0 |      0 |     0 |    +0.0% |  -33.477 |     -255.7 |  -116064.9 |   3467 | u_inner.u_anchor.dtlb_hit_q$_DFF_PN0_/RESET_B
      64* |       0 |       0 |        0 |      0 |     0 |    +0.0% |  -33.477 |     -255.7 |  -116064.9 |   3467 | u_inner.u_anchor.dtlb_hit_q$_DFF_PN0_/RESET_B
      65* |       0 |       0 |        0 |      0 |     0 |    +0.0% |  -33.477 |     -255.7 |  -116064.9 |   3467 | u_inner.u_anchor.dtlb_hit_q$_DFF_PN0_/RESET_B
      66* |       0 |       0 |        0 |      0 |     0 |    +0.0% |  -33.477 |     -255.7 |  -116064.9 |   3467 | u_inner.u_anchor.dtlb_hit_q$_DFF_PN0_/RESET_B
      67* |       0 |       0 |        0 |      0 |     0 |    +0.0% |  -33.477 |     -255.7 |  -116064.9 |   3467 | u_inner.u_anchor.dtlb_hit_q$_DFF_PN0_/RESET_B
      68* |       0 |       0 |        0 |      0 |     0 |    +0.0% |  -33.477 |     -255.7 |  -116064.9 |   3467 | u_inner.u_anchor.dtlb_hit_q$_DFF_PN0_/RESET_B
      69* |       0 |       0 |        0 |      0 |     0 |    +0.0% |  -33.477 |     -255.7 |  -116064.9 |   3467 | u_inner.u_anchor.dtlb_hit_q$_DFF_PN0_/RESET_B
      70* |       0 |       0 |        0 |      0 |     0 |    +0.0% |  -33.477 |     -255.7 |  -116064.9 |   3467 | u_inner.u_anchor.dtlb_hit_q$_DFF_PN0_/RESET_B
      70* |       0 |       0 |        0 |      0 |     0 |    +0.0% |  -33.477 |     -255.7 |  -116064.9 |   3467 | u_inner.u_anchor.dtlb_hit_q$_DFF_PN0_/RESET_B
      71* |       0 |       0 |        0 |      0 |     0 |    +0.0% |  -33.477 |     -255.7 |  -116064.9 |   3467 | u_inner.u_anchor.dtlb_hit_q$_DFF_PN0_/RESET_B
      72* |       0 |       0 |        0 |      0 |     0 |    +0.0% |  -33.477 |     -255.7 |  -116064.9 |   3467 | u_inner.u_anchor.dtlb_hit_q$_DFF_PN0_/RESET_B
      73* |       0 |       0 |        0 |      0 |     0 |    +0.0% |  -33.477 |     -255.7 |  -116064.9 |   3467 | u_inner.u_anchor.dtlb_hit_q$_DFF_PN0_/RESET_B
      74* |       0 |       0 |        0 |      0 |     0 |    +0.0% |  -33.477 |     -255.7 |  -116064.9 |   3467 | u_inner.u_anchor.dtlb_hit_q$_DFF_PN0_/RESET_B
      75* |       0 |       0 |        0 |      0 |     0 |    +0.0% |  -33.477 |     -255.7 |  -116064.9 |   3467 | u_inner.u_anchor.dtlb_hit_q$_DFF_PN0_/RESET_B
      76* |       0 |       0 |        0 |      0 |     0 |    +0.0% |  -33.477 |     -255.7 |  -116064.9 |   3467 | u_inner.u_anchor.dtlb_hit_q$_DFF_PN0_/RESET_B
      77* |       0 |       0 |        0 |      0 |     0 |    +0.0% |  -33.477 |     -255.7 |  -116064.9 |   3467 | u_inner.u_anchor.dtlb_hit_q$_DFF_PN0_/RESET_B
      78* |       0 |       0 |        0 |      0 |     0 |    +0.0% |  -33.477 |     -255.7 |  -116064.9 |   3467 | u_inner.u_anchor.dtlb_hit_q$_DFF_PN0_/RESET_B
      79* |       0 |       0 |        0 |      0 |     0 |    +0.0% |  -33.477 |     -255.7 |  -116064.9 |   3467 | u_inner.u_anchor.dtlb_hit_q$_DFF_PN0_/RESET_B
      80* |       0 |       0 |        0 |      0 |     0 |    +0.0% |  -33.477 |     -255.7 |  -116064.9 |   3467 | u_inner.u_anchor.dtlb_hit_q$_DFF_PN0_/RESET_B
      80* |       0 |       0 |        0 |      0 |     0 |    +0.0% |  -33.477 |     -255.7 |  -116064.9 |   3467 | u_inner.u_anchor.dtlb_hit_q$_DFF_PN0_/RESET_B
      81* |       0 |       0 |        0 |      0 |     0 |    +0.0% |  -33.477 |     -255.7 |  -116064.9 |   3467 | u_inner.u_anchor.dtlb_hit_q$_DFF_PN0_/RESET_B
      82* |       0 |       0 |        0 |      0 |     0 |    +0.0% |  -33.477 |     -255.7 |  -116064.9 |   3467 | u_inner.u_anchor.dtlb_hit_q$_DFF_PN0_/RESET_B
      83* |       0 |       0 |        0 |      0 |     0 |    +0.0% |  -33.477 |     -255.7 |  -116064.9 |   3467 | u_inner.u_anchor.dtlb_hit_q$_DFF_PN0_/RESET_B
      84* |       0 |       0 |        0 |      0 |     0 |    +0.0% |  -33.477 |     -255.7 |  -116064.9 |   3467 | u_inner.u_anchor.dtlb_hit_q$_DFF_PN0_/RESET_B
      85* |       0 |       0 |        0 |      0 |     0 |    +0.0% |  -33.477 |     -255.7 |  -116064.9 |   3467 | u_inner.u_anchor.dtlb_hit_q$_DFF_PN0_/RESET_B
      86* |       0 |       0 |        0 |      0 |     0 |    +0.0% |  -33.477 |     -255.7 |  -116064.9 |   3467 | u_inner.u_anchor.dtlb_hit_q$_DFF_PN0_/RESET_B
      87* |       0 |       0 |        0 |      0 |     0 |    +0.0% |  -33.477 |     -255.7 |  -116064.9 |   3467 | u_inner.u_anchor.dtlb_hit_q$_DFF_PN0_/RESET_B
      88* |       0 |       0 |        0 |      0 |     0 |    +0.0% |  -33.477 |     -255.7 |  -116064.9 |   3467 | u_inner.u_anchor.dtlb_hit_q$_DFF_PN0_/RESET_B
      89* |       0 |       0 |        0 |      0 |     0 |    +0.0% |  -33.477 |     -255.7 |  -116064.9 |   3467 | u_inner.u_anchor.dtlb_hit_q$_DFF_PN0_/RESET_B
      90* |       0 |       0 |        0 |      0 |     0 |    +0.0% |  -33.477 |     -255.7 |  -116064.9 |   3467 | u_inner.u_anchor.dtlb_hit_q$_DFF_PN0_/RESET_B
      90* |       0 |       0 |        0 |      0 |     0 |    +0.0% |  -33.477 |     -255.7 |  -116064.9 |   3467 | u_inner.u_anchor.dtlb_hit_q$_DFF_PN0_/RESET_B
      91* |       0 |       0 |        0 |      0 |     0 |    +0.0% |  -33.477 |     -255.7 |  -116064.9 |   3467 | u_inner.u_anchor.dtlb_hit_q$_DFF_PN0_/RESET_B
      92* |       0 |       0 |        0 |      0 |     0 |    +0.0% |  -33.477 |     -255.7 |  -116064.9 |   3467 | u_inner.u_anchor.dtlb_hit_q$_DFF_PN0_/RESET_B
      93* |       0 |       0 |        0 |      0 |     0 |    +0.0% |  -33.477 |     -255.7 |  -116064.9 |   3467 | u_inner.u_anchor.dtlb_hit_q$_DFF_PN0_/RESET_B
      94* |       0 |       0 |        0 |      0 |     0 |    +0.0% |  -33.477 |     -255.7 |  -116064.9 |   3467 | u_inner.u_anchor.dtlb_hit_q$_DFF_PN0_/RESET_B
      95* |       0 |       0 |        0 |      0 |     0 |    +0.0% |  -33.477 |     -255.7 |  -116064.9 |   3467 | u_inner.u_anchor.dtlb_hit_q$_DFF_PN0_/RESET_B
      96* |       0 |       0 |        0 |      0 |     0 |    +0.0% |  -33.477 |     -255.7 |  -116064.9 |   3467 | u_inner.u_anchor.dtlb_hit_q$_DFF_PN0_/RESET_B
      97* |       0 |       0 |        0 |      0 |     0 |    +0.0% |  -33.477 |     -255.7 |  -116064.9 |   3467 | u_inner.u_anchor.dtlb_hit_q$_DFF_PN0_/RESET_B
      98* |       0 |       0 |        0 |      0 |     0 |    +0.0% |  -33.477 |     -255.7 |  -116064.9 |   3467 | u_inner.u_anchor.dtlb_hit_q$_DFF_PN0_/RESET_B
      99* |       0 |       0 |        0 |      0 |     0 |    +0.0% |  -33.477 |     -255.7 |  -116064.9 |   3467 | u_inner.u_anchor.dtlb_hit_q$_DFF_PN0_/RESET_B
     100* |       0 |       0 |        0 |      0 |     0 |    +0.0% |  -33.477 |     -255.7 |  -116064.9 |   3467 | u_inner.u_anchor.dtlb_hit_q$_DFF_PN0_/RESET_B
     100* |       0 |       0 |        0 |      0 |     0 |    +0.0% |  -33.477 |     -255.7 |  -116064.9 |   3467 | u_inner.u_anchor.dtlb_hit_q$_DFF_PN0_/RESET_B
     101* |       0 |       0 |        0 |      0 |     0 |    +0.0% |  -33.477 |     -255.7 |  -116064.9 |   3467 | u_inner.u_anchor.dtlb_hit_q$_DFF_PN0_/RESET_B
     102* |       0 |       0 |        0 |      0 |     0 |    +0.0% |  -33.477 |     -255.7 |  -116064.9 |   3467 | u_inner.u_anchor.dtlb_hit_q$_DFF_PN0_/RESET_B
     103* |       0 |       0 |        0 |      0 |     0 |    +0.0% |  -33.477 |     -255.7 |  -116064.9 |   3467 | u_inner.u_anchor.dtlb_hit_q$_DFF_PN0_/RESET_B
     104* |       0 |       0 |        0 |      0 |     0 |    +0.0% |  -33.477 |     -255.7 |  -116064.9 |   3467 | u_inner.u_anchor.dtlb_hit_q$_DFF_PN0_/RESET_B
     105* |       0 |       0 |        0 |      0 |     0 |    +0.0% |  -33.477 |     -255.7 |  -116064.9 |   3467 | u_inner.u_anchor.dtlb_hit_q$_DFF_PN0_/RESET_B
     106* |       0 |       0 |        0 |      0 |     0 |    +0.0% |  -33.477 |     -255.7 |  -116064.9 |   3467 | u_inner.u_anchor.dtlb_hit_q$_DFF_PN0_/RESET_B
     107* |       0 |       0 |        0 |      0 |     0 |    +0.0% |  -33.477 |     -255.7 |  -116064.9 |   3467 | u_inner.u_anchor.dtlb_hit_q$_DFF_PN0_/RESET_B
     108* |       0 |       0 |        0 |      0 |     0 |    +0.0% |  -33.477 |     -255.7 |  -116064.9 |   3467 | u_inner.u_anchor.dtlb_hit_q$_DFF_PN0_/RESET_B
     109* |       0 |       0 |        0 |      0 |     0 |    +0.0% |  -33.477 |     -255.7 |  -116064.9 |   3467 | u_inner.u_anchor.dtlb_hit_q$_DFF_PN0_/RESET_B
     110* |       0 |       0 |        0 |      0 |     0 |    +0.0% |  -33.477 |     -255.7 |  -116064.9 |   3467 | u_inner.u_anchor.dtlb_hit_q$_DFF_PN0_/RESET_B
     110* |       0 |       0 |        0 |      0 |     0 |    +0.0% |  -33.477 |     -255.7 |  -116064.9 |   3467 | u_inner.u_anchor.dtlb_hit_q$_DFF_PN0_/RESET_B
     111* |       0 |       0 |        0 |      0 |     0 |    +0.0% |  -33.477 |     -255.7 |  -116064.9 |   3467 | u_inner.u_anchor.dtlb_hit_q$_DFF_PN0_/RESET_B
     112* |       0 |       0 |        0 |      0 |     0 |    +0.0% |  -33.477 |     -255.7 |  -116064.9 |   3467 | u_inner.u_anchor.dtlb_hit_q$_DFF_PN0_/RESET_B
     113* |       0 |       0 |        0 |      0 |     0 |    +0.0% |  -33.477 |     -255.7 |  -116064.9 |   3467 | u_inner.u_anchor.dtlb_hit_q$_DFF_PN0_/RESET_B
     114* |       0 |       0 |        0 |      0 |     0 |    +0.0% |  -33.477 |     -255.7 |  -116064.9 |   3467 | u_inner.u_anchor.dtlb_hit_q$_DFF_PN0_/RESET_B
     115* |       0 |       0 |        0 |      0 |     0 |    +0.0% |  -33.477 |     -255.7 |  -116064.9 |   3467 | u_inner.u_anchor.dtlb_hit_q$_DFF_PN0_/RESET_B
     116* |       0 |       0 |        0 |      0 |     0 |    +0.0% |  -33.477 |     -255.7 |  -116064.9 |   3467 | u_inner.u_anchor.dtlb_hit_q$_DFF_PN0_/RESET_B
     117* |       0 |       0 |        0 |      0 |     0 |    +0.0% |  -33.477 |     -255.7 |  -116064.9 |   3467 | u_inner.u_anchor.dtlb_hit_q$_DFF_PN0_/RESET_B
     118* |       0 |       0 |        0 |      0 |     0 |    +0.0% |  -33.477 |     -255.7 |  -116064.9 |   3467 | u_inner.u_anchor.dtlb_hit_q$_DFF_PN0_/RESET_B
     119* |       0 |       0 |        0 |      0 |     0 |    +0.0% |  -33.477 |     -255.7 |  -116064.9 |   3467 | u_inner.u_anchor.dtlb_hit_q$_DFF_PN0_/RESET_B
     120* |       0 |       0 |        0 |      0 |     0 |    +0.0% |  -33.477 |     -255.7 |  -116064.9 |   3467 | u_inner.u_anchor.dtlb_hit_q$_DFF_PN0_/RESET_B
     120* |       0 |       0 |        0 |      0 |     0 |    +0.0% |  -33.477 |     -255.7 |  -116064.9 |   3467 | u_inner.u_anchor.dtlb_hit_q$_DFF_PN0_/RESET_B
     121* |       0 |       0 |        0 |      0 |     0 |    +0.0% |  -33.477 |     -255.7 |  -116064.9 |   3467 | u_inner.u_anchor.dtlb_hit_q$_DFF_PN0_/RESET_B
     122* |       0 |       0 |        0 |      0 |     0 |    +0.0% |  -33.477 |     -255.7 |  -116064.9 |   3467 | u_inner.u_anchor.dtlb_hit_q$_DFF_PN0_/RESET_B
     123* |       0 |       0 |        0 |      0 |     0 |    +0.0% |  -33.477 |     -255.7 |  -116064.9 |   3467 | u_inner.u_anchor.dtlb_hit_q$_DFF_PN0_/RESET_B
     124* |       0 |       0 |        0 |      0 |     0 |    +0.0% |  -33.477 |     -255.7 |  -116064.9 |   3467 | u_inner.u_anchor.dtlb_hit_q$_DFF_PN0_/RESET_B
     125* |       0 |       0 |        0 |      0 |     0 |    +0.0% |  -33.477 |     -255.7 |  -116064.9 |   3467 | u_inner.u_anchor.dtlb_hit_q$_DFF_PN0_/RESET_B
     126* |       0 |       0 |        0 |      0 |     0 |    +0.0% |  -33.477 |     -255.7 |  -116064.9 |   3467 | u_inner.u_anchor.dtlb_hit_q$_DFF_PN0_/RESET_B
     127* |       0 |       0 |        0 |      0 |     0 |    +0.0% |  -33.477 |     -255.7 |  -116064.9 |   3467 | u_inner.u_anchor.dtlb_hit_q$_DFF_PN0_/RESET_B
     128* |       0 |       0 |        0 |      0 |     0 |    +0.0% |  -33.477 |     -255.7 |  -116064.9 |   3467 | u_inner.u_anchor.dtlb_hit_q$_DFF_PN0_/RESET_B
     129* |       0 |       0 |        0 |      0 |     0 |    +0.0% |  -33.477 |     -255.7 |  -116064.9 |   3467 | u_inner.u_anchor.dtlb_hit_q$_DFF_PN0_/RESET_B
     130* |       0 |       0 |        0 |      0 |     0 |    +0.0% |  -33.477 |     -255.7 |  -116064.9 |   3467 | u_inner.u_anchor.dtlb_hit_q$_DFF_PN0_/RESET_B
     130* |       0 |       0 |        0 |      0 |     0 |    +0.0% |  -33.477 |     -255.7 |  -116064.9 |   3467 | u_inner.u_anchor.dtlb_hit_q$_DFF_PN0_/RESET_B
     131* |       0 |       0 |        0 |      0 |     0 |    +0.0% |  -33.477 |     -255.7 |  -116064.9 |   3467 | u_inner.u_anchor.dtlb_hit_q$_DFF_PN0_/RESET_B
     132* |       0 |       0 |        0 |      0 |     0 |    +0.0% |  -33.477 |     -255.7 |  -116064.9 |   3467 | u_inner.u_anchor.dtlb_hit_q$_DFF_PN0_/RESET_B
     133* |       0 |       0 |        0 |      0 |     0 |    +0.0% |  -33.477 |     -255.7 |  -116064.9 |   3467 | u_inner.u_anchor.dtlb_hit_q$_DFF_PN0_/RESET_B
     134* |       0 |       0 |        0 |      0 |     0 |    +0.0% |  -33.477 |     -255.7 |  -116064.9 |   3467 | u_inner.u_anchor.dtlb_hit_q$_DFF_PN0_/RESET_B
     135* |       0 |       0 |        0 |      0 |     0 |    +0.0% |  -33.477 |     -255.7 |  -116064.9 |   3467 | u_inner.u_anchor.dtlb_hit_q$_DFF_PN0_/RESET_B
     136* |       0 |       0 |        0 |      0 |     0 |    +0.0% |  -33.477 |     -255.7 |  -116064.9 |   3467 | u_inner.u_anchor.dtlb_hit_q$_DFF_PN0_/RESET_B
     137* |       0 |       0 |        0 |      0 |     0 |    +0.0% |  -33.477 |     -255.7 |  -116064.9 |   3467 | u_inner.u_anchor.dtlb_hit_q$_DFF_PN0_/RESET_B
     138* |       0 |       0 |        0 |      0 |     0 |    +0.0% |  -33.477 |     -255.7 |  -116064.9 |   3467 | u_inner.u_anchor.dtlb_hit_q$_DFF_PN0_/RESET_B
     139* |       0 |       0 |        0 |      0 |     0 |    +0.0% |  -33.477 |     -255.7 |  -116064.9 |   3467 | u_inner.u_anchor.dtlb_hit_q$_DFF_PN0_/RESET_B
     140* |       0 |       0 |        0 |      0 |     0 |    +0.0% |  -33.477 |     -255.7 |  -116064.9 |   3467 | u_inner.u_anchor.dtlb_hit_q$_DFF_PN0_/RESET_B
     140* |       0 |       0 |        0 |      0 |     0 |    +0.0% |  -33.477 |     -255.7 |  -116064.9 |   3467 | u_inner.u_anchor.dtlb_hit_q$_DFF_PN0_/RESET_B
     141* |       0 |       0 |        0 |      0 |     0 |    +0.0% |  -33.477 |     -255.7 |  -116064.9 |   3467 | u_inner.u_anchor.dtlb_hit_q$_DFF_PN0_/RESET_B
     142* |       0 |       0 |        0 |      0 |     0 |    +0.0% |  -33.477 |     -255.7 |  -116064.9 |   3467 | u_inner.u_anchor.dtlb_hit_q$_DFF_PN0_/RESET_B
     143* |       0 |       0 |        0 |      0 |     0 |    +0.0% |  -33.477 |     -255.7 |  -116064.9 |   3467 | u_inner.u_anchor.dtlb_hit_q$_DFF_PN0_/RESET_B
     144* |       0 |       0 |        0 |      0 |     0 |    +0.0% |  -33.477 |     -255.7 |  -116064.9 |   3467 | u_inner.u_anchor.dtlb_hit_q$_DFF_PN0_/RESET_B
     145* |       0 |       0 |        0 |      0 |     0 |    +0.0% |  -33.477 |     -255.7 |  -116064.9 |   3467 | u_inner.u_anchor.dtlb_hit_q$_DFF_PN0_/RESET_B
     146* |       0 |       0 |        0 |      0 |     0 |    +0.0% |  -33.477 |     -255.7 |  -116064.9 |   3467 | u_inner.u_anchor.dtlb_hit_q$_DFF_PN0_/RESET_B
     147* |       0 |       0 |        0 |      0 |     0 |    +0.0% |  -33.477 |     -255.7 |  -116064.9 |   3467 | u_inner.u_anchor.dtlb_hit_q$_DFF_PN0_/RESET_B
     148* |       0 |       0 |        0 |      0 |     0 |    +0.0% |  -33.477 |     -255.7 |  -116064.9 |   3467 | u_inner.u_anchor.dtlb_hit_q$_DFF_PN0_/RESET_B
     149* |       0 |       0 |        0 |      0 |     0 |    +0.0% |  -33.477 |     -255.7 |  -116064.9 |   3467 | u_inner.u_anchor.dtlb_hit_q$_DFF_PN0_/RESET_B
     150* |       0 |       0 |        0 |      0 |     0 |    +0.0% |  -33.477 |     -255.7 |  -116064.9 |   3467 | u_inner.u_anchor.dtlb_hit_q$_DFF_PN0_/RESET_B
     150* |       0 |       0 |        0 |      0 |     0 |    +0.0% |  -33.477 |     -255.7 |  -116064.9 |   3467 | u_inner.u_anchor.dtlb_hit_q$_DFF_PN0_/RESET_B
     151* |       0 |       0 |        0 |      0 |     0 |    +0.0% |  -33.477 |     -255.7 |  -116064.9 |   3467 | u_inner.u_anchor.dtlb_hit_q$_DFF_PN0_/RESET_B
     152* |       0 |       0 |        0 |      0 |     0 |    +0.0% |  -33.477 |     -255.7 |  -116064.9 |   3467 | u_inner.u_anchor.dtlb_hit_q$_DFF_PN0_/RESET_B
     153* |       0 |       0 |        0 |      0 |     0 |    +0.0% |  -33.477 |     -255.7 |  -116064.9 |   3467 | u_inner.u_anchor.dtlb_hit_q$_DFF_PN0_/RESET_B
     154* |       0 |       0 |        0 |      0 |     0 |    +0.0% |  -33.477 |     -255.7 |  -116064.9 |   3467 | u_inner.u_anchor.dtlb_hit_q$_DFF_PN0_/RESET_B
     155* |       0 |       0 |        0 |      0 |     0 |    +0.0% |  -33.477 |     -255.7 |  -116064.9 |   3467 | u_inner.u_anchor.dtlb_hit_q$_DFF_PN0_/RESET_B
     156* |       0 |       0 |        0 |      0 |     0 |    +0.0% |  -33.477 |     -255.7 |  -116064.9 |   3467 | u_inner.u_anchor.dtlb_hit_q$_DFF_PN0_/RESET_B
     157* |       0 |       0 |        0 |      0 |     0 |    +0.0% |  -33.477 |     -255.7 |  -116064.9 |   3467 | u_inner.u_anchor.dtlb_hit_q$_DFF_PN0_/RESET_B
     158* |       0 |       0 |        0 |      0 |     0 |    +0.0% |  -33.477 |     -255.7 |  -116064.9 |   3467 | u_inner.u_anchor.dtlb_hit_q$_DFF_PN0_/RESET_B
     159* |       0 |       0 |        0 |      0 |     0 |    +0.0% |  -33.477 |     -255.7 |  -116064.9 |   3467 | u_inner.u_anchor.dtlb_hit_q$_DFF_PN0_/RESET_B
     160* |       0 |       0 |        0 |      0 |     0 |    +0.0% |  -33.477 |     -255.7 |  -116064.9 |   3467 | u_inner.u_anchor.dtlb_hit_q$_DFF_PN0_/RESET_B
     160* |       0 |       0 |        0 |      0 |     0 |    +0.0% |  -33.477 |     -255.7 |  -116064.9 |   3467 | u_inner.u_anchor.dtlb_hit_q$_DFF_PN0_/RESET_B
     161* |       0 |       0 |        0 |      0 |     0 |    +0.0% |  -33.477 |     -255.7 |  -116064.9 |   3467 | u_inner.u_anchor.dtlb_hit_q$_DFF_PN0_/RESET_B
     162* |       0 |       0 |        0 |      0 |     0 |    +0.0% |  -33.477 |     -255.7 |  -116064.9 |   3467 | u_inner.u_anchor.dtlb_hit_q$_DFF_PN0_/RESET_B
     163* |       0 |       0 |        0 |      0 |     0 |    +0.0% |  -33.477 |     -255.7 |  -116064.9 |   3467 | u_inner.u_anchor.dtlb_hit_q$_DFF_PN0_/RESET_B
     164* |       0 |       0 |        0 |      0 |     0 |    +0.0% |  -33.477 |     -255.7 |  -116064.9 |   3467 | u_inner.u_anchor.dtlb_hit_q$_DFF_PN0_/RESET_B
     165* |       0 |       0 |        0 |      0 |     0 |    +0.0% |  -33.477 |     -255.7 |  -116064.9 |   3467 | u_inner.u_anchor.dtlb_hit_q$_DFF_PN0_/RESET_B
     166* |       0 |       0 |        0 |      0 |     0 |    +0.0% |  -33.477 |     -255.7 |  -116064.9 |   3467 | u_inner.u_anchor.dtlb_hit_q$_DFF_PN0_/RESET_B
     167* |       0 |       0 |        0 |      0 |     0 |    +0.0% |  -33.477 |     -255.7 |  -116064.9 |   3467 | u_inner.u_anchor.dtlb_hit_q$_DFF_PN0_/RESET_B
     168* |       0 |       0 |        0 |      0 |     0 |    +0.0% |  -33.477 |     -255.7 |  -116064.9 |   3467 | u_inner.u_anchor.dtlb_hit_q$_DFF_PN0_/RESET_B
     169* |       0 |       0 |        0 |      0 |     0 |    +0.0% |  -33.477 |     -255.7 |  -116064.9 |   3467 | u_inner.u_anchor.dtlb_hit_q$_DFF_PN0_/RESET_B
     170* |       0 |       0 |        0 |      0 |     0 |    +0.0% |  -33.477 |     -255.7 |  -116064.9 |   3467 | u_inner.u_anchor.dtlb_hit_q$_DFF_PN0_/RESET_B
     170* |       0 |       0 |        0 |      0 |     0 |    +0.0% |  -33.477 |     -255.7 |  -116064.9 |   3467 | u_inner.u_anchor.dtlb_hit_q$_DFF_PN0_/RESET_B
     171* |       0 |       0 |        0 |      0 |     0 |    +0.0% |  -33.477 |     -255.7 |  -116064.9 |   3467 | u_inner.u_anchor.dtlb_hit_q$_DFF_PN0_/RESET_B
     172* |       0 |       0 |        0 |      0 |     0 |    +0.0% |  -33.477 |     -255.7 |  -116064.9 |   3467 | u_inner.u_anchor.dtlb_hit_q$_DFF_PN0_/RESET_B
     173* |       0 |       0 |        0 |      0 |     0 |    +0.0% |  -33.477 |     -255.7 |  -116064.9 |   3467 | u_inner.u_anchor.dtlb_hit_q$_DFF_PN0_/RESET_B
     174* |       0 |       0 |        0 |      0 |     0 |    +0.0% |  -33.477 |     -255.7 |  -116064.9 |   3467 | u_inner.u_anchor.dtlb_hit_q$_DFF_PN0_/RESET_B
     175* |       0 |       0 |        0 |      0 |     0 |    +0.0% |  -33.477 |     -255.7 |  -116064.9 |   3467 | u_inner.u_anchor.dtlb_hit_q$_DFF_PN0_/RESET_B
     176* |       0 |       0 |        0 |      0 |     0 |    +0.0% |  -33.477 |     -255.7 |  -116064.9 |   3467 | u_inner.u_anchor.dtlb_hit_q$_DFF_PN0_/RESET_B
     177* |       0 |       0 |        0 |      0 |     0 |    +0.0% |  -33.477 |     -255.7 |  -116064.9 |   3467 | u_inner.u_anchor.dtlb_hit_q$_DFF_PN0_/RESET_B
     178* |       0 |       0 |        0 |      0 |     0 |    +0.0% |  -33.477 |     -255.7 |  -116064.9 |   3467 | u_inner.u_anchor.dtlb_hit_q$_DFF_PN0_/RESET_B
     179* |       0 |       0 |        0 |      0 |     0 |    +0.0% |  -33.477 |     -255.7 |  -116064.9 |   3467 | u_inner.u_anchor.dtlb_hit_q$_DFF_PN0_/RESET_B
     180* |       0 |       0 |        0 |      0 |     0 |    +0.0% |  -33.477 |     -255.7 |  -116064.9 |   3467 | u_inner.u_anchor.dtlb_hit_q$_DFF_PN0_/RESET_B
     180* |       0 |       0 |        0 |      0 |     0 |    +0.0% |  -33.477 |     -255.7 |  -116064.9 |   3467 | u_inner.u_anchor.dtlb_hit_q$_DFF_PN0_/RESET_B
     181* |       0 |       0 |        0 |      0 |     0 |    +0.0% |  -33.477 |     -255.7 |  -116064.9 |   3467 | u_inner.u_anchor.dtlb_hit_q$_DFF_PN0_/RESET_B
     182* |       0 |       0 |        0 |      0 |     0 |    +0.0% |  -33.477 |     -255.7 |  -116064.9 |   3467 | u_inner.u_anchor.dtlb_hit_q$_DFF_PN0_/RESET_B
     183* |       0 |       0 |        0 |      0 |     0 |    +0.0% |  -33.477 |     -255.7 |  -116064.9 |   3467 | u_inner.u_anchor.dtlb_hit_q$_DFF_PN0_/RESET_B
     184* |       0 |       0 |        0 |      0 |     0 |    +0.0% |  -33.477 |     -255.7 |  -116064.9 |   3467 | u_inner.u_anchor.dtlb_hit_q$_DFF_PN0_/RESET_B
     185* |       0 |       0 |        0 |      0 |     0 |    +0.0% |  -33.477 |     -255.7 |  -116064.9 |   3467 | u_inner.u_anchor.dtlb_hit_q$_DFF_PN0_/RESET_B
     186* |       0 |       0 |        0 |      0 |     0 |    +0.0% |  -33.477 |     -255.7 |  -116064.9 |   3467 | u_inner.u_anchor.dtlb_hit_q$_DFF_PN0_/RESET_B
     187* |       0 |       0 |        0 |      0 |     0 |    +0.0% |  -33.477 |     -255.7 |  -116064.9 |   3467 | u_inner.u_anchor.dtlb_hit_q$_DFF_PN0_/RESET_B
     188* |       0 |       0 |        0 |      0 |     0 |    +0.0% |  -33.477 |     -255.7 |  -116064.9 |   3467 | u_inner.u_anchor.dtlb_hit_q$_DFF_PN0_/RESET_B
     189* |       0 |       0 |        0 |      0 |     0 |    +0.0% |  -33.477 |     -255.7 |  -116064.9 |   3467 | u_inner.u_anchor.dtlb_hit_q$_DFF_PN0_/RESET_B
     190* |       0 |       0 |        0 |      0 |     0 |    +0.0% |  -33.477 |     -255.7 |  -116064.9 |   3467 | u_inner.u_anchor.dtlb_hit_q$_DFF_PN0_/RESET_B
     190* |       0 |       0 |        0 |      0 |     0 |    +0.0% |  -33.477 |     -255.7 |  -116064.9 |   3467 | u_inner.u_anchor.dtlb_hit_q$_DFF_PN0_/RESET_B
     191* |       0 |       0 |        0 |      0 |     0 |    +0.0% |  -33.477 |     -255.7 |  -116064.9 |   3467 | u_inner.u_anchor.dtlb_hit_q$_DFF_PN0_/RESET_B
     192* |       0 |       0 |        0 |      0 |     0 |    +0.0% |  -33.477 |     -255.7 |  -116064.9 |   3467 | u_inner.u_anchor.dtlb_hit_q$_DFF_PN0_/RESET_B
     193* |       0 |       0 |        0 |      0 |     0 |    +0.0% |  -33.477 |     -255.7 |  -116064.9 |   3467 | u_inner.u_anchor.dtlb_hit_q$_DFF_PN0_/RESET_B
     194* |       0 |       0 |        0 |      0 |     0 |    +0.0% |  -33.477 |     -255.7 |  -116064.9 |   3467 | u_inner.u_anchor.dtlb_hit_q$_DFF_PN0_/RESET_B
     195* |       0 |       0 |        0 |      0 |     0 |    +0.0% |  -33.477 |     -255.7 |  -116064.9 |   3467 | u_inner.u_anchor.dtlb_hit_q$_DFF_PN0_/RESET_B
     196* |       0 |       0 |        0 |      0 |     0 |    +0.0% |  -33.477 |     -255.7 |  -116064.9 |   3467 | u_inner.u_anchor.dtlb_hit_q$_DFF_PN0_/RESET_B
     197* |       0 |       0 |        0 |      0 |     0 |    +0.0% |  -33.477 |     -255.7 |  -116064.9 |   3467 | u_inner.u_anchor.dtlb_hit_q$_DFF_PN0_/RESET_B
     198* |       0 |       0 |        0 |      0 |     0 |    +0.0% |  -33.477 |     -255.7 |  -116064.9 |   3467 | u_inner.u_anchor.dtlb_hit_q$_DFF_PN0_/RESET_B
     199* |       0 |       0 |        0 |      0 |     0 |    +0.0% |  -33.477 |     -255.7 |  -116064.9 |   3467 | u_inner.u_anchor.dtlb_hit_q$_DFF_PN0_/RESET_B
     200* |       0 |       0 |        0 |      0 |     0 |    +0.0% |  -33.477 |     -255.7 |  -116064.9 |   3467 | u_inner.u_anchor.dtlb_hit_q$_DFF_PN0_/RESET_B
     200* |       0 |       0 |        0 |      0 |     0 |    +0.0% |  -33.477 |     -255.7 |  -116064.9 |   3467 | u_inner.u_anchor.dtlb_hit_q$_DFF_PN0_/RESET_B
     201* |       0 |       0 |        0 |      0 |     0 |    +0.0% |  -33.477 |     -255.7 |  -116064.9 |   3467 | u_inner.u_anchor.dtlb_hit_q$_DFF_PN0_/RESET_B
     202* |       0 |       0 |        0 |      0 |     0 |    +0.0% |  -33.477 |     -255.7 |  -116064.9 |   3467 | u_inner.u_anchor.dtlb_hit_q$_DFF_PN0_/RESET_B
     203* |       0 |       0 |        0 |      0 |     0 |    +0.0% |  -33.477 |     -255.7 |  -116064.9 |   3467 | u_inner.u_anchor.dtlb_hit_q$_DFF_PN0_/RESET_B
     204* |       0 |       0 |        0 |      0 |     0 |    +0.0% |  -33.477 |     -255.7 |  -116064.9 |   3467 | u_inner.u_anchor.dtlb_hit_q$_DFF_PN0_/RESET_B
     205* |       0 |       0 |        0 |      0 |     0 |    +0.0% |  -33.477 |     -255.7 |  -116064.9 |   3467 | u_inner.u_anchor.dtlb_hit_q$_DFF_PN0_/RESET_B
     206* |       0 |       0 |        0 |      0 |     0 |    +0.0% |  -33.477 |     -255.7 |  -116064.9 |   3467 | u_inner.u_anchor.dtlb_hit_q$_DFF_PN0_/RESET_B
     207* |       0 |       0 |        0 |      0 |     0 |    +0.0% |  -33.477 |     -255.7 |  -116064.9 |   3467 | u_inner.u_anchor.dtlb_hit_q$_DFF_PN0_/RESET_B
     208* |       0 |       0 |        0 |      0 |     0 |    +0.0% |  -33.477 |     -255.7 |  -116064.9 |   3467 | u_inner.u_anchor.dtlb_hit_q$_DFF_PN0_/RESET_B
     209* |       0 |       0 |        0 |      0 |     0 |    +0.0% |  -33.477 |     -255.7 |  -116064.9 |   3467 | u_inner.u_anchor.dtlb_hit_q$_DFF_PN0_/RESET_B
     210* |       0 |       0 |        0 |      0 |     0 |    +0.0% |  -33.477 |     -255.7 |  -116064.9 |   3467 | u_inner.u_anchor.dtlb_hit_q$_DFF_PN0_/RESET_B
     210* |       0 |       0 |        0 |      0 |     0 |    +0.0% |  -33.477 |     -255.7 |  -116064.9 |   3467 | u_inner.u_anchor.dtlb_hit_q$_DFF_PN0_/RESET_B
     211* |       0 |       0 |        0 |      0 |     0 |    +0.0% |  -33.477 |     -255.7 |  -116064.9 |   3467 | u_inner.u_anchor.dtlb_hit_q$_DFF_PN0_/RESET_B
     212* |       0 |       0 |        0 |      0 |     0 |    +0.0% |  -33.477 |     -255.7 |  -116064.9 |   3467 | u_inner.u_anchor.dtlb_hit_q$_DFF_PN0_/RESET_B
     213* |       0 |       0 |        0 |      0 |     0 |    +0.0% |  -33.477 |     -255.7 |  -116064.9 |   3467 | u_inner.u_anchor.dtlb_hit_q$_DFF_PN0_/RESET_B
     214* |       0 |       0 |        0 |      0 |     0 |    +0.0% |  -33.477 |     -255.7 |  -116064.9 |   3467 | u_inner.u_anchor.dtlb_hit_q$_DFF_PN0_/RESET_B
     215* |       0 |       0 |        0 |      0 |     0 |    +0.0% |  -33.477 |     -255.7 |  -116064.9 |   3467 | u_inner.u_anchor.dtlb_hit_q$_DFF_PN0_/RESET_B
     216* |       0 |       0 |        0 |      0 |     0 |    +0.0% |  -33.477 |     -255.7 |  -116064.9 |   3467 | u_inner.u_anchor.dtlb_hit_q$_DFF_PN0_/RESET_B
     217* |       0 |       0 |        0 |      0 |     0 |    +0.0% |  -33.477 |     -255.7 |  -116064.9 |   3467 | u_inner.u_anchor.dtlb_hit_q$_DFF_PN0_/RESET_B
     218* |       0 |       0 |        0 |      0 |     0 |    +0.0% |  -33.477 |     -255.7 |  -116064.9 |   3467 | u_inner.u_anchor.dtlb_hit_q$_DFF_PN0_/RESET_B
     219* |       0 |       0 |        0 |      0 |     0 |    +0.0% |  -33.477 |     -255.7 |  -116064.9 |   3467 | u_inner.u_anchor.dtlb_hit_q$_DFF_PN0_/RESET_B
     220* |       0 |       0 |        0 |      0 |     0 |    +0.0% |  -33.477 |     -255.7 |  -116064.9 |   3467 | u_inner.u_anchor.dtlb_hit_q$_DFF_PN0_/RESET_B
     220* |       0 |       0 |        0 |      0 |     0 |    +0.0% |  -33.477 |     -255.7 |  -116064.9 |   3467 | u_inner.u_anchor.dtlb_hit_q$_DFF_PN0_/RESET_B
     221* |       0 |       0 |        0 |      0 |     0 |    +0.0% |  -33.477 |     -255.7 |  -116064.9 |   3467 | u_inner.u_anchor.dtlb_hit_q$_DFF_PN0_/RESET_B
     222* |       0 |       0 |        0 |      0 |     0 |    +0.0% |  -33.477 |     -255.7 |  -116064.9 |   3467 | u_inner.u_anchor.dtlb_hit_q$_DFF_PN0_/RESET_B
     223* |       0 |       0 |        0 |      0 |     0 |    +0.0% |  -33.477 |     -255.7 |  -116064.9 |   3467 | u_inner.u_anchor.dtlb_hit_q$_DFF_PN0_/RESET_B
     224* |       0 |       0 |        0 |      0 |     0 |    +0.0% |  -33.477 |     -255.7 |  -116064.9 |   3467 | u_inner.u_anchor.dtlb_hit_q$_DFF_PN0_/RESET_B
     225* |       0 |       0 |        0 |      0 |     0 |    +0.0% |  -33.477 |     -255.7 |  -116064.9 |   3467 | u_inner.u_anchor.dtlb_hit_q$_DFF_PN0_/RESET_B
     226* |       0 |       0 |        0 |      0 |     0 |    +0.0% |  -33.477 |     -255.7 |  -116064.9 |   3467 | u_inner.u_anchor.dtlb_hit_q$_DFF_PN0_/RESET_B
     227* |       0 |       0 |        0 |      0 |     0 |    +0.0% |  -33.477 |     -255.7 |  -116064.9 |   3467 | u_inner.u_anchor.dtlb_hit_q$_DFF_PN0_/RESET_B
     228* |       0 |       0 |        0 |      0 |     0 |    +0.0% |  -33.477 |     -255.7 |  -116064.9 |   3467 | u_inner.u_anchor.dtlb_hit_q$_DFF_PN0_/RESET_B
     229* |       0 |       0 |        0 |      0 |     0 |    +0.0% |  -33.477 |     -255.7 |  -116064.9 |   3467 | u_inner.u_anchor.dtlb_hit_q$_DFF_PN0_/RESET_B
     230* |       0 |       0 |        0 |      0 |     0 |    +0.0% |  -33.477 |     -255.7 |  -116064.9 |   3467 | u_inner.u_anchor.dtlb_hit_q$_DFF_PN0_/RESET_B
     230* |       0 |       0 |        0 |      0 |     0 |    +0.0% |  -33.477 |     -255.7 |  -116064.9 |   3467 | u_inner.u_anchor.dtlb_hit_q$_DFF_PN0_/RESET_B
     231* |       0 |       0 |        0 |      0 |     0 |    +0.0% |  -33.477 |     -255.7 |  -116064.9 |   3467 | u_inner.u_anchor.dtlb_hit_q$_DFF_PN0_/RESET_B
     232* |       0 |       0 |        0 |      0 |     0 |    +0.0% |  -33.477 |     -255.7 |  -116064.9 |   3467 | u_inner.u_anchor.dtlb_hit_q$_DFF_PN0_/RESET_B
     233* |       0 |       0 |        0 |      0 |     0 |    +0.0% |  -33.477 |     -255.7 |  -116064.9 |   3467 | u_inner.u_anchor.dtlb_hit_q$_DFF_PN0_/RESET_B
     234* |       0 |       0 |        0 |      0 |     0 |    +0.0% |  -33.477 |     -255.7 |  -116064.9 |   3467 | u_inner.u_anchor.dtlb_hit_q$_DFF_PN0_/RESET_B
     235* |       0 |       0 |        0 |      0 |     0 |    +0.0% |  -33.477 |     -255.7 |  -116064.9 |   3467 | u_inner.u_anchor.dtlb_hit_q$_DFF_PN0_/RESET_B
     236* |       0 |       0 |        0 |      0 |     0 |    +0.0% |  -33.477 |     -255.7 |  -116064.9 |   3467 | u_inner.u_anchor.dtlb_hit_q$_DFF_PN0_/RESET_B
     237* |       0 |       0 |        0 |      0 |     0 |    +0.0% |  -33.477 |     -255.7 |  -116064.9 |   3467 | u_inner.u_anchor.dtlb_hit_q$_DFF_PN0_/RESET_B
     238* |       0 |       0 |        0 |      0 |     0 |    +0.0% |  -33.477 |     -255.7 |  -116064.9 |   3467 | u_inner.u_anchor.dtlb_hit_q$_DFF_PN0_/RESET_B
     239* |       0 |       0 |        0 |      0 |     0 |    +0.0% |  -33.477 |     -255.7 |  -116064.9 |   3467 | u_inner.u_anchor.dtlb_hit_q$_DFF_PN0_/RESET_B
     240* |       0 |       0 |        0 |      0 |     0 |    +0.0% |  -33.477 |     -255.7 |  -116064.9 |   3467 | u_inner.u_anchor.dtlb_hit_q$_DFF_PN0_/RESET_B
     240* |       0 |       0 |        0 |      0 |     0 |    +0.0% |  -33.477 |     -255.7 |  -116064.9 |   3467 | u_inner.u_anchor.dtlb_hit_q$_DFF_PN0_/RESET_B
     241* |       0 |       0 |        0 |      0 |     0 |    +0.0% |  -33.477 |     -255.7 |  -116064.9 |   3467 | u_inner.u_anchor.dtlb_hit_q$_DFF_PN0_/RESET_B
     242* |       0 |       0 |        0 |      0 |     0 |    +0.0% |  -33.477 |     -255.7 |  -116064.9 |   3467 | u_inner.u_anchor.dtlb_hit_q$_DFF_PN0_/RESET_B
     243* |       0 |       0 |        0 |      0 |     0 |    +0.0% |  -33.477 |     -255.7 |  -116064.9 |   3467 | u_inner.u_anchor.dtlb_hit_q$_DFF_PN0_/RESET_B
     244* |       0 |       0 |        0 |      0 |     0 |    +0.0% |  -33.477 |     -255.7 |  -116064.9 |   3467 | u_inner.u_anchor.dtlb_hit_q$_DFF_PN0_/RESET_B
     245* |       0 |       0 |        0 |      0 |     0 |    +0.0% |  -33.477 |     -255.7 |  -116064.9 |   3467 | u_inner.u_anchor.dtlb_hit_q$_DFF_PN0_/RESET_B
     246* |       0 |       0 |        0 |      0 |     0 |    +0.0% |  -33.477 |     -255.7 |  -116064.9 |   3467 | u_inner.u_anchor.dtlb_hit_q$_DFF_PN0_/RESET_B
     247* |       0 |       0 |        0 |      0 |     0 |    +0.0% |  -33.477 |     -255.7 |  -116064.9 |   3467 | u_inner.u_anchor.dtlb_hit_q$_DFF_PN0_/RESET_B
     248* |       0 |       0 |        0 |      0 |     0 |    +0.0% |  -33.477 |     -255.7 |  -116064.9 |   3467 | u_inner.u_anchor.dtlb_hit_q$_DFF_PN0_/RESET_B
     249* |       0 |       0 |        0 |      0 |     0 |    +0.0% |  -33.477 |     -255.7 |  -116064.9 |   3467 | u_inner.u_anchor.dtlb_hit_q$_DFF_PN0_/RESET_B
     250* |       0 |       0 |        0 |      0 |     0 |    +0.0% |  -33.477 |     -255.7 |  -116064.9 |   3467 | u_inner.u_anchor.dtlb_hit_q$_DFF_PN0_/RESET_B
     250* |       0 |       0 |        0 |      0 |     0 |    +0.0% |  -33.477 |     -255.7 |  -116064.9 |   3467 | u_inner.u_anchor.dtlb_hit_q$_DFF_PN0_/RESET_B
     251* |       0 |       0 |        0 |      0 |     0 |    +0.0% |  -33.477 |     -255.7 |  -116064.9 |   3467 | u_inner.u_anchor.dtlb_hit_q$_DFF_PN0_/RESET_B
     252* |       0 |       0 |        0 |      0 |     0 |    +0.0% |  -33.477 |     -255.7 |  -116064.9 |   3467 | u_inner.u_anchor.dtlb_hit_q$_DFF_PN0_/RESET_B
     253* |       0 |       0 |        0 |      0 |     0 |    +0.0% |  -33.477 |     -255.7 |  -116064.9 |   3467 | u_inner.u_anchor.dtlb_hit_q$_DFF_PN0_/RESET_B
     254* |       0 |       0 |        0 |      0 |     0 |    +0.0% |  -33.477 |     -255.7 |  -116064.9 |   3467 | u_inner.u_anchor.dtlb_hit_q$_DFF_PN0_/RESET_B
     255* |       0 |       0 |        0 |      0 |     0 |    +0.0% |  -33.477 |     -255.7 |  -116064.9 |   3467 | u_inner.u_anchor.dtlb_hit_q$_DFF_PN0_/RESET_B
     256* |       0 |       0 |        0 |      0 |     0 |    +0.0% |  -33.477 |     -255.7 |  -116064.9 |   3467 | u_inner.u_anchor.dtlb_hit_q$_DFF_PN0_/RESET_B
     257* |       0 |       0 |        0 |      0 |     0 |    +0.0% |  -33.477 |     -255.7 |  -116064.9 |   3467 | u_inner.u_anchor.dtlb_hit_q$_DFF_PN0_/RESET_B
     258* |       0 |       0 |        0 |      0 |     0 |    +0.0% |  -33.477 |     -255.7 |  -116064.9 |   3467 | u_inner.u_anchor.dtlb_hit_q$_DFF_PN0_/RESET_B
     259* |       0 |       0 |        0 |      0 |     0 |    +0.0% |  -33.477 |     -255.7 |  -116064.9 |   3467 | u_inner.u_anchor.dtlb_hit_q$_DFF_PN0_/RESET_B
     260* |       0 |       0 |        0 |      0 |     0 |    +0.0% |  -33.477 |     -255.7 |  -116064.9 |   3467 | u_inner.u_anchor.dtlb_hit_q$_DFF_PN0_/RESET_B
     260* |       0 |       0 |        0 |      0 |     0 |    +0.0% |  -33.477 |     -255.7 |  -116064.9 |   3467 | u_inner.u_anchor.dtlb_hit_q$_DFF_PN0_/RESET_B
     261* |       0 |       0 |        0 |      0 |     0 |    +0.0% |  -33.477 |     -255.7 |  -116064.9 |   3467 | u_inner.u_anchor.dtlb_hit_q$_DFF_PN0_/RESET_B
     262* |       0 |       0 |        0 |      0 |     0 |    +0.0% |  -33.477 |     -255.7 |  -116064.9 |   3467 | u_inner.u_anchor.dtlb_hit_q$_DFF_PN0_/RESET_B
     263* |       0 |       0 |        0 |      0 |     0 |    +0.0% |  -33.477 |     -255.7 |  -116064.9 |   3467 | u_inner.u_anchor.dtlb_hit_q$_DFF_PN0_/RESET_B
     264* |       0 |       0 |        0 |      0 |     0 |    +0.0% |  -33.477 |     -255.7 |  -116064.9 |   3467 | u_inner.u_anchor.dtlb_hit_q$_DFF_PN0_/RESET_B
     265* |       0 |       0 |        0 |      0 |     0 |    +0.0% |  -33.477 |     -255.7 |  -116064.9 |   3467 | u_inner.u_anchor.dtlb_hit_q$_DFF_PN0_/RESET_B
     266* |       0 |       0 |        0 |      0 |     0 |    +0.0% |  -33.477 |     -255.7 |  -116064.9 |   3467 | u_inner.u_anchor.dtlb_hit_q$_DFF_PN0_/RESET_B
     267* |       0 |       0 |        0 |      0 |     0 |    +0.0% |  -33.477 |     -255.7 |  -116064.9 |   3467 | u_inner.u_anchor.dtlb_hit_q$_DFF_PN0_/RESET_B
     268* |       0 |       0 |        0 |      0 |     0 |    +0.0% |  -33.477 |     -255.7 |  -116064.9 |   3467 | u_inner.u_anchor.dtlb_hit_q$_DFF_PN0_/RESET_B
     269* |       0 |       0 |        0 |      0 |     0 |    +0.0% |  -33.477 |     -255.7 |  -116064.9 |   3467 | u_inner.u_anchor.dtlb_hit_q$_DFF_PN0_/RESET_B
     270* |       0 |       0 |        0 |      0 |     0 |    +0.0% |  -33.477 |     -255.7 |  -116064.9 |   3467 | u_inner.u_anchor.dtlb_hit_q$_DFF_PN0_/RESET_B
     270* |       0 |       0 |        0 |      0 |     0 |    +0.0% |  -33.477 |     -255.7 |  -116064.9 |   3467 | u_inner.u_anchor.dtlb_hit_q$_DFF_PN0_/RESET_B
     271* |       0 |       0 |        0 |      0 |     0 |    +0.0% |  -33.477 |     -255.7 |  -116064.9 |   3467 | u_inner.u_anchor.dtlb_hit_q$_DFF_PN0_/RESET_B
     272* |       0 |       0 |        0 |      0 |     0 |    +0.0% |  -33.477 |     -255.7 |  -116064.9 |   3467 | u_inner.u_anchor.dtlb_hit_q$_DFF_PN0_/RESET_B
     273* |       0 |       0 |        0 |      0 |     0 |    +0.0% |  -33.477 |     -255.7 |  -116064.9 |   3467 | u_inner.u_anchor.dtlb_hit_q$_DFF_PN0_/RESET_B
     274* |       0 |       0 |        0 |      0 |     0 |    +0.0% |  -33.477 |     -255.7 |  -116064.9 |   3467 | u_inner.u_anchor.dtlb_hit_q$_DFF_PN0_/RESET_B
     275* |       0 |       0 |        0 |      0 |     0 |    +0.0% |  -33.477 |     -255.7 |  -116064.9 |   3467 | u_inner.u_anchor.dtlb_hit_q$_DFF_PN0_/RESET_B
     276* |       0 |       0 |        0 |      0 |     0 |    +0.0% |  -33.477 |     -255.7 |  -116064.9 |   3467 | u_inner.u_anchor.dtlb_hit_q$_DFF_PN0_/RESET_B
     277* |       0 |       0 |        0 |      0 |     0 |    +0.0% |  -33.477 |     -255.7 |  -116064.9 |   3467 | u_inner.u_anchor.dtlb_hit_q$_DFF_PN0_/RESET_B
     278* |       0 |       0 |        0 |      0 |     0 |    +0.0% |  -33.477 |     -255.7 |  -116064.9 |   3467 | u_inner.u_anchor.dtlb_hit_q$_DFF_PN0_/RESET_B
     279* |       0 |       0 |        0 |      0 |     0 |    +0.0% |  -33.477 |     -255.7 |  -116064.9 |   3467 | u_inner.u_anchor.dtlb_hit_q$_DFF_PN0_/RESET_B
     280* |       0 |       0 |        0 |      0 |     0 |    +0.0% |  -33.477 |     -255.7 |  -116064.9 |   3467 | u_inner.u_anchor.dtlb_hit_q$_DFF_PN0_/RESET_B
     280* |       0 |       0 |        0 |      0 |     0 |    +0.0% |  -33.477 |     -255.7 |  -116064.9 |   3467 | u_inner.u_anchor.dtlb_hit_q$_DFF_PN0_/RESET_B
     281* |       0 |       0 |        0 |      0 |     0 |    +0.0% |  -33.477 |     -255.7 |  -116064.9 |   3467 | u_inner.u_anchor.dtlb_hit_q$_DFF_PN0_/RESET_B
     282* |       0 |       0 |        0 |      0 |     0 |    +0.0% |  -33.477 |     -255.7 |  -116064.9 |   3467 | u_inner.u_anchor.dtlb_hit_q$_DFF_PN0_/RESET_B
     283* |       0 |       0 |        0 |      0 |     0 |    +0.0% |  -33.477 |     -255.7 |  -116064.9 |   3467 | u_inner.u_anchor.dtlb_hit_q$_DFF_PN0_/RESET_B
     284* |       0 |       0 |        0 |      0 |     0 |    +0.0% |  -33.477 |     -255.7 |  -116064.9 |   3467 | u_inner.u_anchor.dtlb_hit_q$_DFF_PN0_/RESET_B
     285* |       0 |       0 |        0 |      0 |     0 |    +0.0% |  -33.477 |     -255.7 |  -116064.9 |   3467 | u_inner.u_anchor.dtlb_hit_q$_DFF_PN0_/RESET_B
     286* |       0 |       0 |        0 |      0 |     0 |    +0.0% |  -33.477 |     -255.7 |  -116064.9 |   3467 | u_inner.u_anchor.dtlb_hit_q$_DFF_PN0_/RESET_B
     287* |       0 |       0 |        0 |      0 |     0 |    +0.0% |  -33.477 |     -255.7 |  -116064.9 |   3467 | u_inner.u_anchor.dtlb_hit_q$_DFF_PN0_/RESET_B
     288* |       0 |       0 |        0 |      0 |     0 |    +0.0% |  -33.477 |     -255.7 |  -116064.9 |   3467 | u_inner.u_anchor.dtlb_hit_q$_DFF_PN0_/RESET_B
     289* |       0 |       0 |        0 |      0 |     0 |    +0.0% |  -33.477 |     -255.7 |  -116064.9 |   3467 | u_inner.u_anchor.dtlb_hit_q$_DFF_PN0_/RESET_B
     290* |       0 |       0 |        0 |      0 |     0 |    +0.0% |  -33.477 |     -255.7 |  -116064.9 |   3467 | u_inner.u_anchor.dtlb_hit_q$_DFF_PN0_/RESET_B
     290* |       0 |       0 |        0 |      0 |     0 |    +0.0% |  -33.477 |     -255.7 |  -116064.9 |   3467 | u_inner.u_anchor.dtlb_hit_q$_DFF_PN0_/RESET_B
     291* |       0 |       0 |        0 |      0 |     0 |    +0.0% |  -33.477 |     -255.7 |  -116064.9 |   3467 | u_inner.u_anchor.dtlb_hit_q$_DFF_PN0_/RESET_B
     292* |       0 |       0 |        0 |      0 |     0 |    +0.0% |  -33.477 |     -255.7 |  -116064.9 |   3467 | u_inner.u_anchor.dtlb_hit_q$_DFF_PN0_/RESET_B
     293* |       0 |       0 |        0 |      0 |     0 |    +0.0% |  -33.477 |     -255.7 |  -116064.9 |   3467 | u_inner.u_anchor.dtlb_hit_q$_DFF_PN0_/RESET_B
     294* |       0 |       0 |        0 |      0 |     0 |    +0.0% |  -33.477 |     -255.7 |  -116064.9 |   3467 | u_inner.u_anchor.dtlb_hit_q$_DFF_PN0_/RESET_B
     295* |       0 |       0 |        0 |      0 |     0 |    +0.0% |  -33.477 |     -255.7 |  -116064.9 |   3467 | u_inner.u_anchor.dtlb_hit_q$_DFF_PN0_/RESET_B
     296* |       0 |       0 |        0 |      0 |     0 |    +0.0% |  -33.477 |     -255.7 |  -116064.9 |   3467 | u_inner.u_anchor.dtlb_hit_q$_DFF_PN0_/RESET_B
     297* |       0 |       0 |        0 |      0 |     0 |    +0.0% |  -33.477 |     -255.7 |  -116064.9 |   3467 | u_inner.u_anchor.dtlb_hit_q$_DFF_PN0_/RESET_B
     298* |       0 |       0 |        0 |      0 |     0 |    +0.0% |  -33.477 |     -255.7 |  -116064.9 |   3467 | u_inner.u_anchor.dtlb_hit_q$_DFF_PN0_/RESET_B
     299* |       0 |       0 |        0 |      0 |     0 |    +0.0% |  -33.477 |     -255.7 |  -116064.9 |   3467 | u_inner.u_anchor.dtlb_hit_q$_DFF_PN0_/RESET_B
     300* |       0 |       0 |        0 |      0 |     0 |    +0.0% |  -33.477 |     -255.7 |  -116064.9 |   3467 | u_inner.u_anchor.dtlb_hit_q$_DFF_PN0_/RESET_B
     300* |       0 |       0 |        0 |      0 |     0 |    +0.0% |  -33.477 |     -255.7 |  -116064.9 |   3467 | u_inner.u_anchor.dtlb_hit_q$_DFF_PN0_/RESET_B
     301* |       0 |       0 |        0 |      0 |     0 |    +0.0% |  -33.477 |     -255.7 |  -116064.9 |   3467 | u_inner.u_anchor.dtlb_hit_q$_DFF_PN0_/RESET_B
     302* |       0 |       0 |        0 |      0 |     0 |    +0.0% |  -33.477 |     -255.7 |  -116064.9 |   3467 | u_inner.u_anchor.dtlb_hit_q$_DFF_PN0_/RESET_B
     303* |       0 |       0 |        0 |      0 |     0 |    +0.0% |  -33.477 |     -255.7 |  -116064.9 |   3467 | u_inner.u_anchor.dtlb_hit_q$_DFF_PN0_/RESET_B
     304* |       0 |       0 |        0 |      0 |     0 |    +0.0% |  -33.477 |     -255.7 |  -116064.9 |   3467 | u_inner.u_anchor.dtlb_hit_q$_DFF_PN0_/RESET_B
     305* |       0 |       0 |        0 |      0 |     0 |    +0.0% |  -33.477 |     -255.7 |  -116064.9 |   3467 | u_inner.u_anchor.dtlb_hit_q$_DFF_PN0_/RESET_B
     306* |       0 |       0 |        0 |      0 |     0 |    +0.0% |  -33.477 |     -255.7 |  -116064.9 |   3467 | u_inner.u_anchor.dtlb_hit_q$_DFF_PN0_/RESET_B
     307* |       0 |       0 |        0 |      0 |     0 |    +0.0% |  -33.477 |     -255.7 |  -116064.9 |   3467 | u_inner.u_anchor.dtlb_hit_q$_DFF_PN0_/RESET_B
     308* |       0 |       0 |        0 |      0 |     0 |    +0.0% |  -33.477 |     -255.7 |  -116064.9 |   3467 | u_inner.u_anchor.dtlb_hit_q$_DFF_PN0_/RESET_B
     309* |       0 |       0 |        0 |      0 |     0 |    +0.0% |  -33.477 |     -255.7 |  -116064.9 |   3467 | u_inner.u_anchor.dtlb_hit_q$_DFF_PN0_/RESET_B
     310* |       0 |       0 |        0 |      0 |     0 |    +0.0% |  -33.477 |     -255.7 |  -116064.9 |   3467 | u_inner.u_anchor.dtlb_hit_q$_DFF_PN0_/RESET_B
     310* |       0 |       0 |        0 |      0 |     0 |    +0.0% |  -33.477 |     -255.7 |  -116064.9 |   3467 | u_inner.u_anchor.dtlb_hit_q$_DFF_PN0_/RESET_B
     311* |       0 |       0 |        0 |      0 |     0 |    +0.0% |  -33.477 |     -255.7 |  -116064.9 |   3467 | u_inner.u_anchor.dtlb_hit_q$_DFF_PN0_/RESET_B
     312* |       0 |       0 |        0 |      0 |     0 |    +0.0% |  -33.477 |     -255.7 |  -116064.9 |   3467 | u_inner.u_anchor.dtlb_hit_q$_DFF_PN0_/RESET_B
     313* |       0 |       0 |        0 |      0 |     0 |    +0.0% |  -33.477 |     -255.7 |  -116064.9 |   3467 | u_inner.u_anchor.dtlb_hit_q$_DFF_PN0_/RESET_B
     314* |       0 |       0 |        0 |      0 |     0 |    +0.0% |  -33.477 |     -255.7 |  -116064.9 |   3467 | u_inner.u_anchor.dtlb_hit_q$_DFF_PN0_/RESET_B
     315* |       0 |       0 |        0 |      0 |     0 |    +0.0% |  -33.477 |     -255.7 |  -116064.9 |   3467 | u_inner.u_anchor.dtlb_hit_q$_DFF_PN0_/RESET_B
     316* |       0 |       0 |        0 |      0 |     0 |    +0.0% |  -33.477 |     -255.7 |  -116064.9 |   3467 | u_inner.u_anchor.dtlb_hit_q$_DFF_PN0_/RESET_B
     317* |       0 |       0 |        0 |      0 |     0 |    +0.0% |  -33.477 |     -255.7 |  -116064.9 |   3467 | u_inner.u_anchor.dtlb_hit_q$_DFF_PN0_/RESET_B
     318* |       0 |       0 |        0 |      0 |     0 |    +0.0% |  -33.477 |     -255.7 |  -116064.9 |   3467 | u_inner.u_anchor.dtlb_hit_q$_DFF_PN0_/RESET_B
     319* |       0 |       0 |        0 |      0 |     0 |    +0.0% |  -33.477 |     -255.7 |  -116064.9 |   3467 | u_inner.u_anchor.dtlb_hit_q$_DFF_PN0_/RESET_B
     320* |       0 |       0 |        0 |      0 |     0 |    +0.0% |  -33.477 |     -255.7 |  -116064.9 |   3467 | u_inner.u_anchor.dtlb_hit_q$_DFF_PN0_/RESET_B
     320* |       0 |       0 |        0 |      0 |     0 |    +0.0% |  -33.477 |     -255.7 |  -116064.9 |   3467 | u_inner.u_anchor.dtlb_hit_q$_DFF_PN0_/RESET_B
     321* |       0 |       0 |        0 |      0 |     0 |    +0.0% |  -33.477 |     -255.7 |  -116064.9 |   3467 | u_inner.u_anchor.dtlb_hit_q$_DFF_PN0_/RESET_B
     322* |       0 |       0 |        0 |      0 |     0 |    +0.0% |  -33.477 |     -255.7 |  -116064.9 |   3467 | u_inner.u_anchor.dtlb_hit_q$_DFF_PN0_/RESET_B
     323* |       0 |       0 |        0 |      0 |     0 |    +0.0% |  -33.477 |     -255.7 |  -116064.9 |   3467 | u_inner.u_anchor.dtlb_hit_q$_DFF_PN0_/RESET_B
     324* |       0 |       0 |        0 |      0 |     0 |    +0.0% |  -33.477 |     -255.7 |  -116064.9 |   3467 | u_inner.u_anchor.dtlb_hit_q$_DFF_PN0_/RESET_B
     325* |       0 |       0 |        0 |      0 |     0 |    +0.0% |  -33.477 |     -255.7 |  -116064.9 |   3467 | u_inner.u_anchor.dtlb_hit_q$_DFF_PN0_/RESET_B
     326* |       0 |       0 |        0 |      0 |     0 |    +0.0% |  -33.477 |     -255.7 |  -116064.9 |   3467 | u_inner.u_anchor.dtlb_hit_q$_DFF_PN0_/RESET_B
     327* |       0 |       0 |        0 |      0 |     0 |    +0.0% |  -33.477 |     -255.7 |  -116064.9 |   3467 | u_inner.u_anchor.dtlb_hit_q$_DFF_PN0_/RESET_B
     328* |       0 |       0 |        0 |      0 |     0 |    +0.0% |  -33.477 |     -255.7 |  -116064.9 |   3467 | u_inner.u_anchor.dtlb_hit_q$_DFF_PN0_/RESET_B
     329* |       0 |       0 |        0 |      0 |     0 |    +0.0% |  -33.477 |     -255.7 |  -116064.9 |   3467 | u_inner.u_anchor.dtlb_hit_q$_DFF_PN0_/RESET_B
     330* |       0 |       0 |        0 |      0 |     0 |    +0.0% |  -33.477 |     -255.7 |  -116064.9 |   3467 | u_inner.u_anchor.dtlb_hit_q$_DFF_PN0_/RESET_B
     330* |       0 |       0 |        0 |      0 |     0 |    +0.0% |  -33.477 |     -255.7 |  -116064.9 |   3467 | u_inner.u_anchor.dtlb_hit_q$_DFF_PN0_/RESET_B
     331* |       0 |       0 |        0 |      0 |     0 |    +0.0% |  -33.477 |     -255.7 |  -116064.9 |   3467 | u_inner.u_anchor.dtlb_hit_q$_DFF_PN0_/RESET_B
     332* |       0 |       0 |        0 |      0 |     0 |    +0.0% |  -33.477 |     -255.7 |  -116064.9 |   3467 | u_inner.u_anchor.dtlb_hit_q$_DFF_PN0_/RESET_B
     333* |       0 |       0 |        0 |      0 |     0 |    +0.0% |  -33.477 |     -255.7 |  -116064.9 |   3467 | u_inner.u_anchor.dtlb_hit_q$_DFF_PN0_/RESET_B
     334* |       0 |       0 |        0 |      0 |     0 |    +0.0% |  -33.477 |     -255.7 |  -116064.9 |   3467 | u_inner.u_anchor.dtlb_hit_q$_DFF_PN0_/RESET_B
     335* |       0 |       0 |        0 |      0 |     0 |    +0.0% |  -33.477 |     -255.7 |  -116064.9 |   3467 | u_inner.u_anchor.dtlb_hit_q$_DFF_PN0_/RESET_B
     336* |       0 |       0 |        0 |      0 |     0 |    +0.0% |  -33.477 |     -255.7 |  -116064.9 |   3467 | u_inner.u_anchor.dtlb_hit_q$_DFF_PN0_/RESET_B
     337* |       0 |       0 |        0 |      0 |     0 |    +0.0% |  -33.477 |     -255.7 |  -116064.9 |   3467 | u_inner.u_anchor.dtlb_hit_q$_DFF_PN0_/RESET_B
     338* |       0 |       0 |        0 |      0 |     0 |    +0.0% |  -33.477 |     -255.7 |  -116064.9 |   3467 | u_inner.u_anchor.dtlb_hit_q$_DFF_PN0_/RESET_B
     339* |       0 |       0 |        0 |      0 |     0 |    +0.0% |  -33.477 |     -255.7 |  -116064.9 |   3467 | u_inner.u_anchor.dtlb_hit_q$_DFF_PN0_/RESET_B
     340* |       0 |       0 |        0 |      0 |     0 |    +0.0% |  -33.477 |     -255.7 |  -116064.9 |   3467 | u_inner.u_anchor.dtlb_hit_q$_DFF_PN0_/RESET_B
     340* |       0 |       0 |        0 |      0 |     0 |    +0.0% |  -33.477 |     -255.7 |  -116064.9 |   3467 | u_inner.u_anchor.dtlb_hit_q$_DFF_PN0_/RESET_B
     341* |       0 |       0 |        0 |      0 |     0 |    +0.0% |  -33.477 |     -255.7 |  -116064.9 |   3467 | u_inner.u_anchor.dtlb_hit_q$_DFF_PN0_/RESET_B
     342* |       0 |       0 |        0 |      0 |     0 |    +0.0% |  -33.477 |     -255.7 |  -116064.9 |   3467 | u_inner.u_anchor.dtlb_hit_q$_DFF_PN0_/RESET_B
     343* |       0 |       0 |        0 |      0 |     0 |    +0.0% |  -33.477 |     -255.7 |  -116064.9 |   3467 | u_inner.u_anchor.dtlb_hit_q$_DFF_PN0_/RESET_B
     344* |       0 |       0 |        0 |      0 |     0 |    +0.0% |  -33.477 |     -255.7 |  -116064.9 |   3467 | u_inner.u_anchor.dtlb_hit_q$_DFF_PN0_/RESET_B
     345* |       0 |       0 |        0 |      0 |     0 |    +0.0% |  -33.477 |     -255.7 |  -116064.9 |   3467 | u_inner.u_anchor.dtlb_hit_q$_DFF_PN0_/RESET_B
     346* |       0 |       0 |        0 |      0 |     0 |    +0.0% |  -33.477 |     -255.7 |  -116064.9 |   3467 | u_inner.u_anchor.dtlb_hit_q$_DFF_PN0_/RESET_B
     347* |       0 |       0 |        0 |      0 |     0 |    +0.0% |  -33.477 |     -255.7 |  -116064.9 |   3467 | u_inner.u_anchor.dtlb_hit_q$_DFF_PN0_/RESET_B
     348* |       0 |       0 |        0 |      0 |     0 |    +0.0% |  -33.477 |     -255.7 |  -116064.9 |   3467 | u_inner.u_anchor.dtlb_hit_q$_DFF_PN0_/RESET_B
     349* |       0 |       0 |        0 |      0 |     0 |    +0.0% |  -33.477 |     -255.7 |  -116064.9 |   3467 | u_inner.u_anchor.dtlb_hit_q$_DFF_PN0_/RESET_B
     350* |       0 |       0 |        0 |      0 |     0 |    +0.0% |  -33.477 |     -255.7 |  -116064.9 |   3467 | u_inner.u_anchor.dtlb_hit_q$_DFF_PN0_/RESET_B
     350* |       0 |       0 |        0 |      0 |     0 |    +0.0% |  -33.477 |     -255.7 |  -116064.9 |   3467 | u_inner.u_anchor.dtlb_hit_q$_DFF_PN0_/RESET_B
     351* |       0 |       0 |        0 |      0 |     0 |    +0.0% |  -33.477 |     -255.7 |  -116064.9 |   3467 | u_inner.u_anchor.dtlb_hit_q$_DFF_PN0_/RESET_B
     352* |       0 |       0 |        0 |      0 |     0 |    +0.0% |  -33.477 |     -255.7 |  -116064.9 |   3467 | u_inner.u_anchor.dtlb_hit_q$_DFF_PN0_/RESET_B
     353* |       0 |       0 |        0 |      0 |     0 |    +0.0% |  -33.477 |     -255.7 |  -116064.9 |   3467 | u_inner.u_anchor.dtlb_hit_q$_DFF_PN0_/RESET_B
     354* |       0 |       0 |        0 |      0 |     0 |    +0.0% |  -33.477 |     -255.7 |  -116064.9 |   3467 | u_inner.u_anchor.dtlb_hit_q$_DFF_PN0_/RESET_B
     355* |       0 |       0 |        0 |      0 |     0 |    +0.0% |  -33.477 |     -255.7 |  -116064.9 |   3467 | u_inner.u_anchor.dtlb_hit_q$_DFF_PN0_/RESET_B
     356* |       0 |       0 |        0 |      0 |     0 |    +0.0% |  -33.477 |     -255.7 |  -116064.9 |   3467 | u_inner.u_anchor.dtlb_hit_q$_DFF_PN0_/RESET_B
     357* |       0 |       0 |        0 |      0 |     0 |    +0.0% |  -33.477 |     -255.7 |  -116064.9 |   3467 | u_inner.u_anchor.dtlb_hit_q$_DFF_PN0_/RESET_B
     358* |       0 |       0 |        0 |      0 |     0 |    +0.0% |  -33.477 |     -255.7 |  -116064.9 |   3467 | u_inner.u_anchor.dtlb_hit_q$_DFF_PN0_/RESET_B
     359* |       0 |       0 |        0 |      0 |     0 |    +0.0% |  -33.477 |     -255.7 |  -116064.9 |   3467 | u_inner.u_anchor.dtlb_hit_q$_DFF_PN0_/RESET_B
     360* |       0 |       0 |        0 |      0 |     0 |    +0.0% |  -33.477 |     -255.7 |  -116064.9 |   3467 | u_inner.u_anchor.dtlb_hit_q$_DFF_PN0_/RESET_B
     360* |       0 |       0 |        0 |      0 |     0 |    +0.0% |  -33.477 |     -255.7 |  -116064.9 |   3467 | u_inner.u_anchor.dtlb_hit_q$_DFF_PN0_/RESET_B
     361* |       0 |       0 |        0 |      0 |     0 |    +0.0% |  -33.477 |     -255.7 |  -116064.9 |   3467 | u_inner.u_anchor.dtlb_hit_q$_DFF_PN0_/RESET_B
     362* |       0 |       0 |        0 |      0 |     0 |    +0.0% |  -33.477 |     -255.7 |  -116064.9 |   3467 | u_inner.u_anchor.dtlb_hit_q$_DFF_PN0_/RESET_B
     363* |       0 |       0 |        0 |      0 |     0 |    +0.0% |  -33.477 |     -255.7 |  -116064.9 |   3467 | u_inner.u_anchor.dtlb_hit_q$_DFF_PN0_/RESET_B
     364* |       0 |       0 |        0 |      0 |     0 |    +0.0% |  -33.477 |     -255.7 |  -116064.9 |   3467 | u_inner.u_anchor.dtlb_hit_q$_DFF_PN0_/RESET_B
     365* |       0 |       0 |        0 |      0 |     0 |    +0.0% |  -33.477 |     -255.7 |  -116064.9 |   3467 | u_inner.u_anchor.dtlb_hit_q$_DFF_PN0_/RESET_B
     366* |       0 |       0 |        0 |      0 |     0 |    +0.0% |  -33.477 |     -255.7 |  -116064.9 |   3467 | u_inner.u_anchor.dtlb_hit_q$_DFF_PN0_/RESET_B
     367* |       0 |       0 |        0 |      0 |     0 |    +0.0% |  -33.477 |     -255.7 |  -116064.9 |   3467 | u_inner.u_anchor.dtlb_hit_q$_DFF_PN0_/RESET_B
     368* |       0 |       0 |        0 |      0 |     0 |    +0.0% |  -33.477 |     -255.7 |  -116064.9 |   3467 | u_inner.u_anchor.dtlb_hit_q$_DFF_PN0_/RESET_B
     369* |       0 |       0 |        0 |      0 |     0 |    +0.0% |  -33.477 |     -255.7 |  -116064.9 |   3467 | u_inner.u_anchor.dtlb_hit_q$_DFF_PN0_/RESET_B
     370* |       0 |       0 |        0 |      0 |     0 |    +0.0% |  -33.477 |     -255.7 |  -116064.9 |   3467 | u_inner.u_anchor.dtlb_hit_q$_DFF_PN0_/RESET_B
     370* |       0 |       0 |        0 |      0 |     0 |    +0.0% |  -33.477 |     -255.7 |  -116064.9 |   3467 | u_inner.u_anchor.dtlb_hit_q$_DFF_PN0_/RESET_B
     371* |       0 |       0 |        0 |      0 |     0 |    +0.0% |  -33.477 |     -255.7 |  -116064.9 |   3467 | u_inner.u_anchor.dtlb_hit_q$_DFF_PN0_/RESET_B
     372* |       0 |       0 |        0 |      0 |     0 |    +0.0% |  -33.477 |     -255.7 |  -116064.9 |   3467 | u_inner.u_anchor.dtlb_hit_q$_DFF_PN0_/RESET_B
     373* |       0 |       0 |        0 |      0 |     0 |    +0.0% |  -33.477 |     -255.7 |  -116064.9 |   3467 | u_inner.u_anchor.dtlb_hit_q$_DFF_PN0_/RESET_B
     374* |       0 |       0 |        0 |      0 |     0 |    +0.0% |  -33.477 |     -255.7 |  -116064.9 |   3467 | u_inner.u_anchor.dtlb_hit_q$_DFF_PN0_/RESET_B
     375* |       0 |       0 |        0 |      0 |     0 |    +0.0% |  -33.477 |     -255.7 |  -116064.9 |   3467 | u_inner.u_anchor.dtlb_hit_q$_DFF_PN0_/RESET_B
     376* |       0 |       0 |        0 |      0 |     0 |    +0.0% |  -33.477 |     -255.7 |  -116064.9 |   3467 | u_inner.u_anchor.dtlb_hit_q$_DFF_PN0_/RESET_B
     377* |       0 |       0 |        0 |      0 |     0 |    +0.0% |  -33.477 |     -255.7 |  -116064.9 |   3467 | u_inner.u_anchor.dtlb_hit_q$_DFF_PN0_/RESET_B
     378* |       0 |       0 |        0 |      0 |     0 |    +0.0% |  -33.477 |     -255.7 |  -116064.9 |   3467 | u_inner.u_anchor.dtlb_hit_q$_DFF_PN0_/RESET_B
     379* |       0 |       0 |        0 |      0 |     0 |    +0.0% |  -33.477 |     -255.7 |  -116064.9 |   3467 | u_inner.u_anchor.dtlb_hit_q$_DFF_PN0_/RESET_B
     380* |       0 |       0 |        0 |      0 |     0 |    +0.0% |  -33.477 |     -255.7 |  -116064.9 |   3467 | u_inner.u_anchor.dtlb_hit_q$_DFF_PN0_/RESET_B
     380* |       0 |       0 |        0 |      0 |     0 |    +0.0% |  -33.477 |     -255.7 |  -116064.9 |   3467 | u_inner.u_anchor.dtlb_hit_q$_DFF_PN0_/RESET_B
     381* |       0 |       0 |        0 |      0 |     0 |    +0.0% |  -33.477 |     -255.7 |  -116064.9 |   3467 | u_inner.u_anchor.dtlb_hit_q$_DFF_PN0_/RESET_B
     382* |       0 |       0 |        0 |      0 |     0 |    +0.0% |  -33.477 |     -255.7 |  -116064.9 |   3467 | u_inner.u_anchor.dtlb_hit_q$_DFF_PN0_/RESET_B
     383* |       0 |       0 |        0 |      0 |     0 |    +0.0% |  -33.477 |     -255.7 |  -116064.9 |   3467 | u_inner.u_anchor.dtlb_hit_q$_DFF_PN0_/RESET_B
     384* |       0 |       0 |        0 |      0 |     0 |    +0.0% |  -33.477 |     -255.7 |  -116064.9 |   3467 | u_inner.u_anchor.dtlb_hit_q$_DFF_PN0_/RESET_B
     385* |       0 |       0 |        0 |      0 |     0 |    +0.0% |  -33.477 |     -255.7 |  -116064.9 |   3467 | u_inner.u_anchor.dtlb_hit_q$_DFF_PN0_/RESET_B
     386* |       0 |       0 |        0 |      0 |     0 |    +0.0% |  -33.477 |     -255.7 |  -116064.9 |   3467 | u_inner.u_anchor.dtlb_hit_q$_DFF_PN0_/RESET_B
     387* |       0 |       0 |        0 |      0 |     0 |    +0.0% |  -33.477 |     -255.7 |  -116064.9 |   3467 | u_inner.u_anchor.dtlb_hit_q$_DFF_PN0_/RESET_B
     388* |       0 |       0 |        0 |      0 |     0 |    +0.0% |  -33.477 |     -255.7 |  -116064.9 |   3467 | u_inner.u_anchor.dtlb_hit_q$_DFF_PN0_/RESET_B
     389* |       0 |       0 |        0 |      0 |     0 |    +0.0% |  -33.477 |     -255.7 |  -116064.9 |   3467 | u_inner.u_anchor.dtlb_hit_q$_DFF_PN0_/RESET_B
     390* |       0 |       0 |        0 |      0 |     0 |    +0.0% |  -33.477 |     -255.7 |  -116064.9 |   3467 | u_inner.u_anchor.dtlb_hit_q$_DFF_PN0_/RESET_B
     390* |       0 |       0 |        0 |      0 |     0 |    +0.0% |  -33.477 |     -255.7 |  -116064.9 |   3467 | u_inner.u_anchor.dtlb_hit_q$_DFF_PN0_/RESET_B
     391* |       0 |       0 |        0 |      0 |     0 |    +0.0% |  -33.477 |     -255.7 |  -116064.9 |   3467 | u_inner.u_anchor.dtlb_hit_q$_DFF_PN0_/RESET_B
     392* |       0 |       0 |        0 |      0 |     0 |    +0.0% |  -33.477 |     -255.7 |  -116064.9 |   3467 | u_inner.u_anchor.dtlb_hit_q$_DFF_PN0_/RESET_B
     393* |       0 |       0 |        0 |      0 |     0 |    +0.0% |  -33.477 |     -255.7 |  -116064.9 |   3467 | u_inner.u_anchor.dtlb_hit_q$_DFF_PN0_/RESET_B
     394* |       0 |       0 |        0 |      0 |     0 |    +0.0% |  -33.477 |     -255.7 |  -116064.9 |   3467 | u_inner.u_anchor.dtlb_hit_q$_DFF_PN0_/RESET_B
     395* |       0 |       0 |        0 |      0 |     0 |    +0.0% |  -33.477 |     -255.7 |  -116064.9 |   3467 | u_inner.u_anchor.dtlb_hit_q$_DFF_PN0_/RESET_B
     396* |       0 |       0 |        0 |      0 |     0 |    +0.0% |  -33.477 |     -255.7 |  -116064.9 |   3467 | u_inner.u_anchor.dtlb_hit_q$_DFF_PN0_/RESET_B
     397* |       0 |       0 |        0 |      0 |     0 |    +0.0% |  -33.477 |     -255.7 |  -116064.9 |   3467 | u_inner.u_anchor.dtlb_hit_q$_DFF_PN0_/RESET_B
     398* |       0 |       0 |        0 |      0 |     0 |    +0.0% |  -33.477 |     -255.7 |  -116064.9 |   3467 | u_inner.u_anchor.dtlb_hit_q$_DFF_PN0_/RESET_B
     399* |       0 |       0 |        0 |      0 |     0 |    +0.0% |  -33.477 |     -255.7 |  -116064.9 |   3467 | u_inner.u_anchor.dtlb_hit_q$_DFF_PN0_/RESET_B
     400* |       0 |       0 |        0 |      0 |     0 |    +0.0% |  -33.477 |     -255.7 |  -116064.9 |   3467 | u_inner.u_anchor.dtlb_hit_q$_DFF_PN0_/RESET_B
     400* |       0 |       0 |        0 |      0 |     0 |    +0.0% |  -33.477 |     -255.7 |  -116064.9 |   3467 | u_inner.u_anchor.dtlb_hit_q$_DFF_PN0_/RESET_B
     401* |       0 |       0 |        0 |      0 |     0 |    +0.0% |  -33.477 |     -255.7 |  -116064.9 |   3467 | u_inner.u_anchor.dtlb_hit_q$_DFF_PN0_/RESET_B
     402* |       0 |       0 |        0 |      0 |     0 |    +0.0% |  -33.477 |     -255.7 |  -116064.9 |   3467 | u_inner.u_anchor.dtlb_hit_q$_DFF_PN0_/RESET_B
     403* |       0 |       0 |        0 |      0 |     0 |    +0.0% |  -33.477 |     -255.7 |  -116064.9 |   3467 | u_inner.u_anchor.dtlb_hit_q$_DFF_PN0_/RESET_B
     404* |       0 |       0 |        0 |      0 |     0 |    +0.0% |  -33.477 |     -255.7 |  -116064.9 |   3467 | u_inner.u_anchor.dtlb_hit_q$_DFF_PN0_/RESET_B
     405* |       0 |       0 |        0 |      0 |     0 |    +0.0% |  -33.477 |     -255.7 |  -116064.9 |   3467 | u_inner.u_anchor.dtlb_hit_q$_DFF_PN0_/RESET_B
     406* |       0 |       0 |        0 |      0 |     0 |    +0.0% |  -33.477 |     -255.7 |  -116064.9 |   3467 | u_inner.u_anchor.dtlb_hit_q$_DFF_PN0_/RESET_B
     407* |       0 |       0 |        0 |      0 |     0 |    +0.0% |  -33.477 |     -255.7 |  -116064.9 |   3467 | u_inner.u_anchor.dtlb_hit_q$_DFF_PN0_/RESET_B
     408* |       0 |       0 |        0 |      0 |     0 |    +0.0% |  -33.477 |     -255.7 |  -116064.9 |   3467 | u_inner.u_anchor.dtlb_hit_q$_DFF_PN0_/RESET_B
     409* |       0 |       0 |        0 |      0 |     0 |    +0.0% |  -33.477 |     -255.7 |  -116064.9 |   3467 | u_inner.u_anchor.dtlb_hit_q$_DFF_PN0_/RESET_B
     410* |       0 |       0 |        0 |      0 |     0 |    +0.0% |  -33.477 |     -255.7 |  -116064.9 |   3467 | u_inner.u_anchor.dtlb_hit_q$_DFF_PN0_/RESET_B
     410* |       0 |       0 |        0 |      0 |     0 |    +0.0% |  -33.477 |     -255.7 |  -116064.9 |   3467 | u_inner.u_anchor.dtlb_hit_q$_DFF_PN0_/RESET_B
     411* |       0 |       0 |        0 |      0 |     0 |    +0.0% |  -33.477 |     -255.7 |  -116064.9 |   3467 | u_inner.u_anchor.dtlb_hit_q$_DFF_PN0_/RESET_B
     412* |       0 |       0 |        0 |      0 |     0 |    +0.0% |  -33.477 |     -255.7 |  -116064.9 |   3467 | u_inner.u_anchor.dtlb_hit_q$_DFF_PN0_/RESET_B
     413* |       0 |       0 |        0 |      0 |     0 |    +0.0% |  -33.477 |     -255.7 |  -116064.9 |   3467 | u_inner.u_anchor.dtlb_hit_q$_DFF_PN0_/RESET_B
     414* |       0 |       0 |        0 |      0 |     0 |    +0.0% |  -33.477 |     -255.7 |  -116064.9 |   3467 | u_inner.u_anchor.dtlb_hit_q$_DFF_PN0_/RESET_B
     415* |       0 |       0 |        0 |      0 |     0 |    +0.0% |  -33.477 |     -255.7 |  -116064.9 |   3467 | u_inner.u_anchor.dtlb_hit_q$_DFF_PN0_/RESET_B
     416* |       0 |       0 |        0 |      0 |     0 |    +0.0% |  -33.477 |     -255.7 |  -116064.9 |   3467 | u_inner.u_anchor.dtlb_hit_q$_DFF_PN0_/RESET_B
     417* |       0 |       0 |        0 |      0 |     0 |    +0.0% |  -33.477 |     -255.7 |  -116064.9 |   3467 | u_inner.u_anchor.dtlb_hit_q$_DFF_PN0_/RESET_B
     418* |       0 |       0 |        0 |      0 |     0 |    +0.0% |  -33.477 |     -255.7 |  -116064.9 |   3467 | u_inner.u_anchor.dtlb_hit_q$_DFF_PN0_/RESET_B
     419* |       0 |       0 |        0 |      0 |     0 |    +0.0% |  -33.477 |     -255.7 |  -116064.9 |   3467 | u_inner.u_anchor.dtlb_hit_q$_DFF_PN0_/RESET_B
     420* |       0 |       0 |        0 |      0 |     0 |    +0.0% |  -33.477 |     -255.7 |  -116064.9 |   3467 | u_inner.u_anchor.dtlb_hit_q$_DFF_PN0_/RESET_B
     420* |       0 |       0 |        0 |      0 |     0 |    +0.0% |  -33.477 |     -255.7 |  -116064.9 |   3467 | u_inner.u_anchor.dtlb_hit_q$_DFF_PN0_/RESET_B
     421* |       0 |       0 |        0 |      0 |     0 |    +0.0% |  -33.477 |     -255.7 |  -116064.9 |   3467 | u_inner.u_anchor.dtlb_hit_q$_DFF_PN0_/RESET_B
     422* |       0 |       0 |        0 |      0 |     0 |    +0.0% |  -33.477 |     -255.7 |  -116064.9 |   3467 | u_inner.u_anchor.dtlb_hit_q$_DFF_PN0_/RESET_B
     423* |       0 |       0 |        0 |      0 |     0 |    +0.0% |  -33.477 |     -255.7 |  -116064.9 |   3467 | u_inner.u_anchor.dtlb_hit_q$_DFF_PN0_/RESET_B
     424* |       0 |       0 |        0 |      0 |     0 |    +0.0% |  -33.477 |     -255.7 |  -116064.9 |   3467 | u_inner.u_anchor.dtlb_hit_q$_DFF_PN0_/RESET_B
     425* |       0 |       0 |        0 |      0 |     0 |    +0.0% |  -33.477 |     -255.7 |  -116064.9 |   3467 | u_inner.u_anchor.dtlb_hit_q$_DFF_PN0_/RESET_B
     426* |       0 |       0 |        0 |      0 |     0 |    +0.0% |  -33.477 |     -255.7 |  -116064.9 |   3467 | u_inner.u_anchor.dtlb_hit_q$_DFF_PN0_/RESET_B
     427* |       0 |       0 |        0 |      0 |     0 |    +0.0% |  -33.477 |     -255.7 |  -116064.9 |   3467 | u_inner.u_anchor.dtlb_hit_q$_DFF_PN0_/RESET_B
     428* |       0 |       0 |        0 |      0 |     0 |    +0.0% |  -33.477 |     -255.7 |  -116064.9 |   3467 | u_inner.u_anchor.dtlb_hit_q$_DFF_PN0_/RESET_B
     429* |       0 |       0 |        0 |      0 |     0 |    +0.0% |  -33.477 |     -255.7 |  -116064.9 |   3467 | u_inner.u_anchor.dtlb_hit_q$_DFF_PN0_/RESET_B
     430* |       0 |       0 |        0 |      0 |     0 |    +0.0% |  -33.477 |     -255.7 |  -116064.9 |   3467 | u_inner.u_anchor.dtlb_hit_q$_DFF_PN0_/RESET_B
     430* |       0 |       0 |        0 |      0 |     0 |    +0.0% |  -33.477 |     -255.7 |  -116064.9 |   3467 | u_inner.u_anchor.dtlb_hit_q$_DFF_PN0_/RESET_B
     431* |       0 |       0 |        0 |      0 |     0 |    +0.0% |  -33.477 |     -255.7 |  -116064.9 |   3467 | u_inner.u_anchor.dtlb_hit_q$_DFF_PN0_/RESET_B
     432* |       0 |       0 |        0 |      0 |     0 |    +0.0% |  -33.477 |     -255.7 |  -116064.9 |   3467 | u_inner.u_anchor.dtlb_hit_q$_DFF_PN0_/RESET_B
     433* |       0 |       0 |        0 |      0 |     0 |    +0.0% |  -33.477 |     -255.7 |  -116064.9 |   3467 | u_inner.u_anchor.dtlb_hit_q$_DFF_PN0_/RESET_B
     434* |       0 |       0 |        0 |      0 |     0 |    +0.0% |  -33.477 |     -255.7 |  -116064.9 |   3467 | u_inner.u_anchor.dtlb_hit_q$_DFF_PN0_/RESET_B
     435* |       0 |       0 |        0 |      0 |     0 |    +0.0% |  -33.477 |     -255.7 |  -116064.9 |   3467 | u_inner.u_anchor.dtlb_hit_q$_DFF_PN0_/RESET_B
     436* |       0 |       0 |        0 |      0 |     0 |    +0.0% |  -33.477 |     -255.7 |  -116064.9 |   3467 | u_inner.u_anchor.dtlb_hit_q$_DFF_PN0_/RESET_B
     437* |       0 |       0 |        0 |      0 |     0 |    +0.0% |  -33.477 |     -255.7 |  -116064.9 |   3467 | u_inner.u_anchor.dtlb_hit_q$_DFF_PN0_/RESET_B
     438* |       0 |       0 |        0 |      0 |     0 |    +0.0% |  -33.477 |     -255.7 |  -116064.9 |   3467 | u_inner.u_anchor.dtlb_hit_q$_DFF_PN0_/RESET_B
     439* |       0 |       0 |        0 |      0 |     0 |    +0.0% |  -33.477 |     -255.7 |  -116064.9 |   3467 | u_inner.u_anchor.dtlb_hit_q$_DFF_PN0_/RESET_B
     440* |       0 |       0 |        0 |      0 |     0 |    +0.0% |  -33.477 |     -255.7 |  -116064.9 |   3467 | u_inner.u_anchor.dtlb_hit_q$_DFF_PN0_/RESET_B
     440* |       0 |       0 |        0 |      0 |     0 |    +0.0% |  -33.477 |     -255.7 |  -116064.9 |   3467 | u_inner.u_anchor.dtlb_hit_q$_DFF_PN0_/RESET_B
     441* |       0 |       0 |        0 |      0 |     0 |    +0.0% |  -33.477 |     -255.7 |  -116064.9 |   3467 | u_inner.u_anchor.dtlb_hit_q$_DFF_PN0_/RESET_B
     442* |       0 |       0 |        0 |      0 |     0 |    +0.0% |  -33.477 |     -255.7 |  -116064.9 |   3467 | u_inner.u_anchor.dtlb_hit_q$_DFF_PN0_/RESET_B
     443* |       0 |       0 |        0 |      0 |     0 |    +0.0% |  -33.477 |     -255.7 |  -116064.9 |   3467 | u_inner.u_anchor.dtlb_hit_q$_DFF_PN0_/RESET_B
     444* |       0 |       0 |        0 |      0 |     0 |    +0.0% |  -33.477 |     -255.7 |  -116064.9 |   3467 | u_inner.u_anchor.dtlb_hit_q$_DFF_PN0_/RESET_B
     445* |       0 |       0 |        0 |      0 |     0 |    +0.0% |  -33.477 |     -255.7 |  -116064.9 |   3467 | u_inner.u_anchor.dtlb_hit_q$_DFF_PN0_/RESET_B
     446* |       0 |       0 |        0 |      0 |     0 |    +0.0% |  -33.477 |     -255.7 |  -116064.9 |   3467 | u_inner.u_anchor.dtlb_hit_q$_DFF_PN0_/RESET_B
     447* |       0 |       0 |        0 |      0 |     0 |    +0.0% |  -33.477 |     -255.7 |  -116064.9 |   3467 | u_inner.u_anchor.dtlb_hit_q$_DFF_PN0_/RESET_B
     448* |       0 |       0 |        0 |      0 |     0 |    +0.0% |  -33.477 |     -255.7 |  -116064.9 |   3467 | u_inner.u_anchor.dtlb_hit_q$_DFF_PN0_/RESET_B
     449* |       0 |       0 |        0 |      0 |     0 |    +0.0% |  -33.477 |     -255.7 |  -116064.9 |   3467 | u_inner.u_anchor.dtlb_hit_q$_DFF_PN0_/RESET_B
     450* |       0 |       0 |        0 |      0 |     0 |    +0.0% |  -33.477 |     -255.7 |  -116064.9 |   3467 | u_inner.u_anchor.dtlb_hit_q$_DFF_PN0_/RESET_B
     450* |       0 |       0 |        0 |      0 |     0 |    +0.0% |  -33.477 |     -255.7 |  -116064.9 |   3467 | u_inner.u_anchor.dtlb_hit_q$_DFF_PN0_/RESET_B
     451* |       0 |       0 |        0 |      0 |     0 |    +0.0% |  -33.477 |     -255.7 |  -116064.9 |   3467 | u_inner.u_anchor.dtlb_hit_q$_DFF_PN0_/RESET_B
     452* |       0 |       0 |        0 |      0 |     0 |    +0.0% |  -33.477 |     -255.7 |  -116064.9 |   3467 | u_inner.u_anchor.dtlb_hit_q$_DFF_PN0_/RESET_B
     453* |       0 |       0 |        0 |      0 |     0 |    +0.0% |  -33.477 |     -255.7 |  -116064.9 |   3467 | u_inner.u_anchor.dtlb_hit_q$_DFF_PN0_/RESET_B
     454* |       0 |       0 |        0 |      0 |     0 |    +0.0% |  -33.477 |     -255.7 |  -116064.9 |   3467 | u_inner.u_anchor.dtlb_hit_q$_DFF_PN0_/RESET_B
     455* |       0 |       0 |        0 |      0 |     0 |    +0.0% |  -33.477 |     -255.7 |  -116064.9 |   3467 | u_inner.u_anchor.dtlb_hit_q$_DFF_PN0_/RESET_B
     456* |       0 |       0 |        0 |      0 |     0 |    +0.0% |  -33.477 |     -255.7 |  -116064.9 |   3467 | u_inner.u_anchor.dtlb_hit_q$_DFF_PN0_/RESET_B
     457* |       0 |       0 |        0 |      0 |     0 |    +0.0% |  -33.477 |     -255.7 |  -116064.9 |   3467 | u_inner.u_anchor.dtlb_hit_q$_DFF_PN0_/RESET_B
     458* |       0 |       0 |        0 |      0 |     0 |    +0.0% |  -33.477 |     -255.7 |  -116064.9 |   3467 | u_inner.u_anchor.dtlb_hit_q$_DFF_PN0_/RESET_B
     459* |       0 |       0 |        0 |      0 |     0 |    +0.0% |  -33.477 |     -255.7 |  -116064.9 |   3467 | u_inner.u_anchor.dtlb_hit_q$_DFF_PN0_/RESET_B
     460* |       0 |       0 |        0 |      0 |     0 |    +0.0% |  -33.477 |     -255.7 |  -116064.9 |   3467 | u_inner.u_anchor.dtlb_hit_q$_DFF_PN0_/RESET_B
     460* |       0 |       0 |        0 |      0 |     0 |    +0.0% |  -33.477 |     -255.7 |  -116064.9 |   3467 | u_inner.u_anchor.dtlb_hit_q$_DFF_PN0_/RESET_B
     461* |       0 |       0 |        0 |      0 |     0 |    +0.0% |  -33.477 |     -255.7 |  -116064.9 |   3467 | u_inner.u_anchor.dtlb_hit_q$_DFF_PN0_/RESET_B
     462* |       0 |       0 |        0 |      0 |     0 |    +0.0% |  -33.477 |     -255.7 |  -116064.9 |   3467 | u_inner.u_anchor.dtlb_hit_q$_DFF_PN0_/RESET_B
     463* |       0 |       0 |        0 |      0 |     0 |    +0.0% |  -33.477 |     -255.7 |  -116064.9 |   3467 | u_inner.u_anchor.dtlb_hit_q$_DFF_PN0_/RESET_B
     464* |       0 |       0 |        0 |      0 |     0 |    +0.0% |  -33.477 |     -255.7 |  -116064.9 |   3467 | u_inner.u_anchor.dtlb_hit_q$_DFF_PN0_/RESET_B
     465* |       0 |       0 |        0 |      0 |     0 |    +0.0% |  -33.477 |     -255.7 |  -116064.9 |   3467 | u_inner.u_anchor.dtlb_hit_q$_DFF_PN0_/RESET_B
     466* |       0 |       0 |        0 |      0 |     0 |    +0.0% |  -33.477 |     -255.7 |  -116064.9 |   3467 | u_inner.u_anchor.dtlb_hit_q$_DFF_PN0_/RESET_B
     467* |       0 |       0 |        0 |      0 |     0 |    +0.0% |  -33.477 |     -255.7 |  -116064.9 |   3467 | u_inner.u_anchor.dtlb_hit_q$_DFF_PN0_/RESET_B
     468* |       0 |       0 |        0 |      0 |     0 |    +0.0% |  -33.477 |     -255.7 |  -116064.9 |   3467 | u_inner.u_anchor.dtlb_hit_q$_DFF_PN0_/RESET_B
     469* |       0 |       0 |        0 |      0 |     0 |    +0.0% |  -33.477 |     -255.7 |  -116064.9 |   3467 | u_inner.u_anchor.dtlb_hit_q$_DFF_PN0_/RESET_B
     470* |       0 |       0 |        0 |      0 |     0 |    +0.0% |  -33.477 |     -255.7 |  -116064.9 |   3467 | u_inner.u_anchor.dtlb_hit_q$_DFF_PN0_/RESET_B
     470* |       0 |       0 |        0 |      0 |     0 |    +0.0% |  -33.477 |     -255.7 |  -116064.9 |   3467 | u_inner.u_anchor.dtlb_hit_q$_DFF_PN0_/RESET_B
     471* |       0 |       0 |        0 |      0 |     0 |    +0.0% |  -33.477 |     -255.7 |  -116064.9 |   3467 | u_inner.u_anchor.dtlb_hit_q$_DFF_PN0_/RESET_B
     472* |       0 |       0 |        0 |      0 |     0 |    +0.0% |  -33.477 |     -255.7 |  -116064.9 |   3467 | u_inner.u_anchor.dtlb_hit_q$_DFF_PN0_/RESET_B
     473* |       0 |       0 |        0 |      0 |     0 |    +0.0% |  -33.477 |     -255.7 |  -116064.9 |   3467 | u_inner.u_anchor.dtlb_hit_q$_DFF_PN0_/RESET_B
     474* |       0 |       0 |        0 |      0 |     0 |    +0.0% |  -33.477 |     -255.7 |  -116064.9 |   3467 | u_inner.u_anchor.dtlb_hit_q$_DFF_PN0_/RESET_B
     475* |       0 |       0 |        0 |      0 |     0 |    +0.0% |  -33.477 |     -255.7 |  -116064.9 |   3467 | u_inner.u_anchor.dtlb_hit_q$_DFF_PN0_/RESET_B
     476* |       0 |       0 |        0 |      0 |     0 |    +0.0% |  -33.477 |     -255.7 |  -116064.9 |   3467 | u_inner.u_anchor.dtlb_hit_q$_DFF_PN0_/RESET_B
     477* |       0 |       0 |        0 |      0 |     0 |    +0.0% |  -33.477 |     -255.7 |  -116064.9 |   3467 | u_inner.u_anchor.dtlb_hit_q$_DFF_PN0_/RESET_B
     478* |       0 |       0 |        0 |      0 |     0 |    +0.0% |  -33.477 |     -255.7 |  -116064.9 |   3467 | u_inner.u_anchor.dtlb_hit_q$_DFF_PN0_/RESET_B
     479* |       0 |       0 |        0 |      0 |     0 |    +0.0% |  -33.477 |     -255.7 |  -116064.9 |   3467 | u_inner.u_anchor.dtlb_hit_q$_DFF_PN0_/RESET_B
     480* |       0 |       0 |        0 |      0 |     0 |    +0.0% |  -33.477 |     -255.7 |  -116064.9 |   3467 | u_inner.u_anchor.dtlb_hit_q$_DFF_PN0_/RESET_B
     480* |       0 |       0 |        0 |      0 |     0 |    +0.0% |  -33.477 |     -255.7 |  -116064.9 |   3467 | u_inner.u_anchor.dtlb_hit_q$_DFF_PN0_/RESET_B
     481* |       0 |       0 |        0 |      0 |     0 |    +0.0% |  -33.477 |     -255.7 |  -116064.9 |   3467 | u_inner.u_anchor.dtlb_hit_q$_DFF_PN0_/RESET_B
     482* |       0 |       0 |        0 |      0 |     0 |    +0.0% |  -33.477 |     -255.7 |  -116064.9 |   3467 | u_inner.u_anchor.dtlb_hit_q$_DFF_PN0_/RESET_B
     483* |       0 |       0 |        0 |      0 |     0 |    +0.0% |  -33.477 |     -255.7 |  -116064.9 |   3467 | u_inner.u_anchor.dtlb_hit_q$_DFF_PN0_/RESET_B
     484* |       0 |       0 |        0 |      0 |     0 |    +0.0% |  -33.477 |     -255.7 |  -116064.9 |   3467 | u_inner.u_anchor.dtlb_hit_q$_DFF_PN0_/RESET_B
     485* |       0 |       0 |        0 |      0 |     0 |    +0.0% |  -33.477 |     -255.7 |  -116064.9 |   3467 | u_inner.u_anchor.dtlb_hit_q$_DFF_PN0_/RESET_B
     486* |       0 |       0 |        0 |      0 |     0 |    +0.0% |  -33.477 |     -255.7 |  -116064.9 |   3467 | u_inner.u_anchor.dtlb_hit_q$_DFF_PN0_/RESET_B
     487* |       0 |       0 |        0 |      0 |     0 |    +0.0% |  -33.477 |     -255.7 |  -116064.9 |   3467 | u_inner.u_anchor.dtlb_hit_q$_DFF_PN0_/RESET_B
     488* |       0 |       0 |        0 |      0 |     0 |    +0.0% |  -33.477 |     -255.7 |  -116064.9 |   3467 | u_inner.u_anchor.dtlb_hit_q$_DFF_PN0_/RESET_B
     489* |       0 |       0 |        0 |      0 |     0 |    +0.0% |  -33.477 |     -255.7 |  -116064.9 |   3467 | u_inner.u_anchor.dtlb_hit_q$_DFF_PN0_/RESET_B
     490* |       0 |       0 |        0 |      0 |     0 |    +0.0% |  -33.477 |     -255.7 |  -116064.9 |   3467 | u_inner.u_anchor.dtlb_hit_q$_DFF_PN0_/RESET_B
     490* |       0 |       0 |        0 |      0 |     0 |    +0.0% |  -33.477 |     -255.7 |  -116064.9 |   3467 | u_inner.u_anchor.dtlb_hit_q$_DFF_PN0_/RESET_B
     491* |       0 |       0 |        0 |      0 |     0 |    +0.0% |  -33.477 |     -255.7 |  -116064.9 |   3467 | u_inner.u_anchor.dtlb_hit_q$_DFF_PN0_/RESET_B
     492* |       0 |       0 |        0 |      0 |     0 |    +0.0% |  -33.477 |     -255.7 |  -116064.9 |   3467 | u_inner.u_anchor.dtlb_hit_q$_DFF_PN0_/RESET_B
     493* |       0 |       0 |        0 |      0 |     0 |    +0.0% |  -33.477 |     -255.7 |  -116064.9 |   3467 | u_inner.u_anchor.dtlb_hit_q$_DFF_PN0_/RESET_B
     494* |       0 |       0 |        0 |      0 |     0 |    +0.0% |  -33.477 |     -255.7 |  -116064.9 |   3467 | u_inner.u_anchor.dtlb_hit_q$_DFF_PN0_/RESET_B
     495* |       0 |       0 |        0 |      0 |     0 |    +0.0% |  -33.477 |     -255.7 |  -116064.9 |   3467 | u_inner.u_anchor.dtlb_hit_q$_DFF_PN0_/RESET_B
     496* |       0 |       0 |        0 |      0 |     0 |    +0.0% |  -33.477 |     -255.7 |  -116064.9 |   3467 | u_inner.u_anchor.dtlb_hit_q$_DFF_PN0_/RESET_B
     497* |       0 |       0 |        0 |      0 |     0 |    +0.0% |  -33.477 |     -255.7 |  -116064.9 |   3467 | u_inner.u_anchor.dtlb_hit_q$_DFF_PN0_/RESET_B
     498* |       0 |       0 |        0 |      0 |     0 |    +0.0% |  -33.477 |     -255.7 |  -116064.9 |   3467 | u_inner.u_anchor.dtlb_hit_q$_DFF_PN0_/RESET_B
     499* |       0 |       0 |        0 |      0 |     0 |    +0.0% |  -33.477 |     -255.7 |  -116064.9 |   3467 | u_inner.u_anchor.dtlb_hit_q$_DFF_PN0_/RESET_B
     500* |       0 |       0 |        0 |      0 |     0 |    +0.0% |  -33.477 |     -255.7 |  -116064.9 |   3467 | u_inner.u_anchor.dtlb_hit_q$_DFF_PN0_/RESET_B
     500* |       0 |       0 |        0 |      0 |     0 |    +0.0% |  -33.477 |     -255.7 |  -116064.9 |   3467 | u_inner.u_anchor.dtlb_hit_q$_DFF_PN0_/RESET_B
     501* |       0 |       0 |        0 |      0 |     0 |    +0.0% |  -33.477 |     -255.7 |  -116064.9 |   3467 | u_inner.u_anchor.dtlb_hit_q$_DFF_PN0_/RESET_B
     502* |       0 |       0 |        0 |      0 |     0 |    +0.0% |  -33.477 |     -255.7 |  -116064.9 |   3467 | u_inner.u_anchor.dtlb_hit_q$_DFF_PN0_/RESET_B
     503* |       0 |       0 |        0 |      0 |     0 |    +0.0% |  -33.477 |     -255.7 |  -116064.9 |   3467 | u_inner.u_anchor.dtlb_hit_q$_DFF_PN0_/RESET_B
     504* |       0 |       0 |        0 |      0 |     0 |    +0.0% |  -33.477 |     -255.7 |  -116064.9 |   3467 | u_inner.u_anchor.dtlb_hit_q$_DFF_PN0_/RESET_B
     505* |       0 |       0 |        0 |      0 |     0 |    +0.0% |  -33.477 |     -255.7 |  -116064.9 |   3467 | u_inner.u_anchor.dtlb_hit_q$_DFF_PN0_/RESET_B
     506* |       0 |       0 |        0 |      0 |     0 |    +0.0% |  -33.477 |     -255.7 |  -116064.9 |   3467 | u_inner.u_anchor.dtlb_hit_q$_DFF_PN0_/RESET_B
     507* |       0 |       0 |        0 |      0 |     0 |    +0.0% |  -33.477 |     -255.7 |  -116064.9 |   3467 | u_inner.u_anchor.dtlb_hit_q$_DFF_PN0_/RESET_B
     508* |       0 |       0 |        0 |      0 |     0 |    +0.0% |  -33.477 |     -255.7 |  -116064.9 |   3467 | u_inner.u_anchor.dtlb_hit_q$_DFF_PN0_/RESET_B
     509* |       0 |       0 |        0 |      0 |     0 |    +0.0% |  -33.477 |     -255.7 |  -116064.9 |   3467 | u_inner.u_anchor.dtlb_hit_q$_DFF_PN0_/RESET_B
     510* |       0 |       0 |        0 |      0 |     0 |    +0.0% |  -33.477 |     -255.7 |  -116064.9 |   3467 | u_inner.u_anchor.dtlb_hit_q$_DFF_PN0_/RESET_B
     510* |       0 |       0 |        0 |      0 |     0 |    +0.0% |  -33.477 |     -255.7 |  -116064.9 |   3467 | u_inner.u_anchor.dtlb_hit_q$_DFF_PN0_/RESET_B
     511* |       0 |       0 |        0 |      0 |     0 |    +0.0% |  -33.477 |     -255.7 |  -116064.9 |   3467 | u_inner.u_anchor.dtlb_hit_q$_DFF_PN0_/RESET_B
     512* |       0 |       0 |        0 |      0 |     0 |    +0.0% |  -33.477 |     -255.7 |  -116064.9 |   3467 | u_inner.u_anchor.dtlb_hit_q$_DFF_PN0_/RESET_B
     513* |       0 |       0 |        0 |      0 |     0 |    +0.0% |  -33.477 |     -255.7 |  -116064.9 |   3467 | u_inner.u_anchor.dtlb_hit_q$_DFF_PN0_/RESET_B
     514* |       0 |       0 |        0 |      0 |     0 |    +0.0% |  -33.477 |     -255.7 |  -116064.9 |   3467 | u_inner.u_anchor.dtlb_hit_q$_DFF_PN0_/RESET_B
     515* |       0 |       0 |        0 |      0 |     0 |    +0.0% |  -33.477 |     -255.7 |  -116064.9 |   3467 | u_inner.u_anchor.dtlb_hit_q$_DFF_PN0_/RESET_B
     516* |       0 |       0 |        0 |      0 |     0 |    +0.0% |  -33.477 |     -255.7 |  -116064.9 |   3467 | u_inner.u_anchor.dtlb_hit_q$_DFF_PN0_/RESET_B
     517* |       0 |       0 |        0 |      0 |     0 |    +0.0% |  -33.477 |     -255.7 |  -116064.9 |   3467 | u_inner.u_anchor.dtlb_hit_q$_DFF_PN0_/RESET_B
     518* |       0 |       0 |        0 |      0 |     0 |    +0.0% |  -33.477 |     -255.7 |  -116064.9 |   3467 | u_inner.u_anchor.dtlb_hit_q$_DFF_PN0_/RESET_B
     519* |       0 |       0 |        0 |      0 |     0 |    +0.0% |  -33.477 |     -255.7 |  -116064.9 |   3467 | u_inner.u_anchor.dtlb_hit_q$_DFF_PN0_/RESET_B
     520* |       0 |       0 |        0 |      0 |     0 |    +0.0% |  -33.477 |     -255.7 |  -116064.9 |   3467 | u_inner.u_anchor.dtlb_hit_q$_DFF_PN0_/RESET_B
     520* |       0 |       0 |        0 |      0 |     0 |    +0.0% |  -33.477 |     -255.7 |  -116064.9 |   3467 | u_inner.u_anchor.dtlb_hit_q$_DFF_PN0_/RESET_B
     521* |       0 |       0 |        0 |      0 |     0 |    +0.0% |  -33.477 |     -255.7 |  -116064.9 |   3467 | u_inner.u_anchor.dtlb_hit_q$_DFF_PN0_/RESET_B
     522* |       0 |       0 |        0 |      0 |     0 |    +0.0% |  -33.477 |     -255.7 |  -116064.9 |   3467 | u_inner.u_anchor.dtlb_hit_q$_DFF_PN0_/RESET_B
     523* |       0 |       0 |        0 |      0 |     0 |    +0.0% |  -33.477 |     -255.7 |  -116064.9 |   3467 | u_inner.u_anchor.dtlb_hit_q$_DFF_PN0_/RESET_B
     524* |       0 |       0 |        0 |      0 |     0 |    +0.0% |  -33.477 |     -255.7 |  -116064.9 |   3467 | u_inner.u_anchor.dtlb_hit_q$_DFF_PN0_/RESET_B
     525* |       0 |       0 |        0 |      0 |     0 |    +0.0% |  -33.477 |     -255.7 |  -116064.9 |   3467 | u_inner.u_anchor.dtlb_hit_q$_DFF_PN0_/RESET_B
     526* |       0 |       0 |        0 |      0 |     0 |    +0.0% |  -33.477 |     -255.7 |  -116064.9 |   3467 | u_inner.u_anchor.dtlb_hit_q$_DFF_PN0_/RESET_B
     527* |       0 |       0 |        0 |      0 |     0 |    +0.0% |  -33.477 |     -255.7 |  -116064.9 |   3467 | u_inner.u_anchor.dtlb_hit_q$_DFF_PN0_/RESET_B
     528* |       0 |       0 |        0 |      0 |     0 |    +0.0% |  -33.477 |     -255.7 |  -116064.9 |   3467 | u_inner.u_anchor.dtlb_hit_q$_DFF_PN0_/RESET_B
     529* |       0 |       0 |        0 |      0 |     0 |    +0.0% |  -33.477 |     -255.7 |  -116064.9 |   3467 | u_inner.u_anchor.dtlb_hit_q$_DFF_PN0_/RESET_B
     530* |       0 |       0 |        0 |      0 |     0 |    +0.0% |  -33.477 |     -255.7 |  -116064.9 |   3467 | u_inner.u_anchor.dtlb_hit_q$_DFF_PN0_/RESET_B
     530* |       0 |       0 |        0 |      0 |     0 |    +0.0% |  -33.477 |     -255.7 |  -116064.9 |   3467 | u_inner.u_anchor.dtlb_hit_q$_DFF_PN0_/RESET_B
     531* |       0 |       0 |        0 |      0 |     0 |    +0.0% |  -33.477 |     -255.7 |  -116064.9 |   3467 | u_inner.u_anchor.dtlb_hit_q$_DFF_PN0_/RESET_B
     532* |       0 |       0 |        0 |      0 |     0 |    +0.0% |  -33.477 |     -255.7 |  -116064.9 |   3467 | u_inner.u_anchor.dtlb_hit_q$_DFF_PN0_/RESET_B
     533* |       0 |       0 |        0 |      0 |     0 |    +0.0% |  -33.477 |     -255.7 |  -116064.9 |   3467 | u_inner.u_anchor.dtlb_hit_q$_DFF_PN0_/RESET_B
     534* |       0 |       0 |        0 |      0 |     0 |    +0.0% |  -33.477 |     -255.7 |  -116064.9 |   3467 | u_inner.u_anchor.dtlb_hit_q$_DFF_PN0_/RESET_B
     535* |       0 |       0 |        0 |      0 |     0 |    +0.0% |  -33.477 |     -255.7 |  -116064.9 |   3467 | u_inner.u_anchor.dtlb_hit_q$_DFF_PN0_/RESET_B
     536* |       0 |       0 |        0 |      0 |     0 |    +0.0% |  -33.477 |     -255.7 |  -116064.9 |   3467 | u_inner.u_anchor.dtlb_hit_q$_DFF_PN0_/RESET_B
     537* |       0 |       0 |        0 |      0 |     0 |    +0.0% |  -33.477 |     -255.7 |  -116064.9 |   3467 | u_inner.u_anchor.dtlb_hit_q$_DFF_PN0_/RESET_B
     538* |       0 |       0 |        0 |      0 |     0 |    +0.0% |  -33.477 |     -255.7 |  -116064.9 |   3467 | u_inner.u_anchor.dtlb_hit_q$_DFF_PN0_/RESET_B
     539* |       0 |       0 |        0 |      0 |     0 |    +0.0% |  -33.477 |     -255.7 |  -116064.9 |   3467 | u_inner.u_anchor.dtlb_hit_q$_DFF_PN0_/RESET_B
     540* |       0 |       0 |        0 |      0 |     0 |    +0.0% |  -33.477 |     -255.7 |  -116064.9 |   3467 | u_inner.u_anchor.dtlb_hit_q$_DFF_PN0_/RESET_B
     540* |       0 |       0 |        0 |      0 |     0 |    +0.0% |  -33.477 |     -255.7 |  -116064.9 |   3467 | u_inner.u_anchor.dtlb_hit_q$_DFF_PN0_/RESET_B
     541* |       0 |       0 |        0 |      0 |     0 |    +0.0% |  -33.477 |     -255.7 |  -116064.9 |   3467 | u_inner.u_anchor.dtlb_hit_q$_DFF_PN0_/RESET_B
     542* |       0 |       0 |        0 |      0 |     0 |    +0.0% |  -33.477 |     -255.7 |  -116064.9 |   3467 | u_inner.u_anchor.dtlb_hit_q$_DFF_PN0_/RESET_B
     543* |       0 |       0 |        0 |      0 |     0 |    +0.0% |  -33.477 |     -255.7 |  -116064.9 |   3467 | u_inner.u_anchor.dtlb_hit_q$_DFF_PN0_/RESET_B
     544* |       0 |       0 |        0 |      0 |     0 |    +0.0% |  -33.477 |     -255.7 |  -116064.9 |   3467 | u_inner.u_anchor.dtlb_hit_q$_DFF_PN0_/RESET_B
     545* |       0 |       0 |        0 |      0 |     0 |    +0.0% |  -33.477 |     -255.7 |  -116064.9 |   3467 | u_inner.u_anchor.dtlb_hit_q$_DFF_PN0_/RESET_B
     546* |       0 |       0 |        0 |      0 |     0 |    +0.0% |  -33.477 |     -255.7 |  -116064.9 |   3467 | u_inner.u_anchor.dtlb_hit_q$_DFF_PN0_/RESET_B
     547* |       0 |       0 |        0 |      0 |     0 |    +0.0% |  -33.477 |     -255.7 |  -116064.9 |   3467 | u_inner.u_anchor.dtlb_hit_q$_DFF_PN0_/RESET_B
     548* |       0 |       0 |        0 |      0 |     0 |    +0.0% |  -33.477 |     -255.7 |  -116064.9 |   3467 | u_inner.u_anchor.dtlb_hit_q$_DFF_PN0_/RESET_B
     549* |       0 |       0 |        0 |      0 |     0 |    +0.0% |  -33.477 |     -255.7 |  -116064.9 |   3467 | u_inner.u_anchor.dtlb_hit_q$_DFF_PN0_/RESET_B
     550* |       0 |       0 |        0 |      0 |     0 |    +0.0% |  -33.477 |     -255.7 |  -116064.9 |   3467 | u_inner.u_anchor.dtlb_hit_q$_DFF_PN0_/RESET_B
     550* |       0 |       0 |        0 |      0 |     0 |    +0.0% |  -33.477 |     -255.7 |  -116064.9 |   3467 | u_inner.u_anchor.dtlb_hit_q$_DFF_PN0_/RESET_B
     551* |       0 |       0 |        0 |      0 |     0 |    +0.0% |  -33.477 |     -255.7 |  -116064.9 |   3467 | u_inner.u_anchor.dtlb_hit_q$_DFF_PN0_/RESET_B
     552* |       0 |       0 |        0 |      0 |     0 |    +0.0% |  -33.477 |     -255.7 |  -116064.9 |   3467 | u_inner.u_anchor.dtlb_hit_q$_DFF_PN0_/RESET_B
     553* |       0 |       0 |        0 |      0 |     0 |    +0.0% |  -33.477 |     -255.7 |  -116064.9 |   3467 | u_inner.u_anchor.dtlb_hit_q$_DFF_PN0_/RESET_B
     554* |       0 |       0 |        0 |      0 |     0 |    +0.0% |  -33.477 |     -255.7 |  -116064.9 |   3467 | u_inner.u_anchor.dtlb_hit_q$_DFF_PN0_/RESET_B
     555* |       0 |       0 |        0 |      0 |     0 |    +0.0% |  -33.477 |     -255.7 |  -116064.9 |   3467 | u_inner.u_anchor.dtlb_hit_q$_DFF_PN0_/RESET_B
     556* |       0 |       0 |        0 |      0 |     0 |    +0.0% |  -33.477 |     -255.7 |  -116064.9 |   3467 | u_inner.u_anchor.dtlb_hit_q$_DFF_PN0_/RESET_B
     557* |       0 |       0 |        0 |      0 |     0 |    +0.0% |  -33.477 |     -255.7 |  -116064.9 |   3467 | u_inner.u_anchor.dtlb_hit_q$_DFF_PN0_/RESET_B
     558* |       0 |       0 |        0 |      0 |     0 |    +0.0% |  -33.477 |     -255.7 |  -116064.9 |   3467 | u_inner.u_anchor.dtlb_hit_q$_DFF_PN0_/RESET_B
     559* |       0 |       0 |        0 |      0 |     0 |    +0.0% |  -33.477 |     -255.7 |  -116064.9 |   3467 | u_inner.u_anchor.dtlb_hit_q$_DFF_PN0_/RESET_B
     560* |       0 |       0 |        0 |      0 |     0 |    +0.0% |  -33.477 |     -255.7 |  -116064.9 |   3467 | u_inner.u_anchor.dtlb_hit_q$_DFF_PN0_/RESET_B
     560* |       0 |       0 |        0 |      0 |     0 |    +0.0% |  -33.477 |     -255.7 |  -116064.9 |   3467 | u_inner.u_anchor.dtlb_hit_q$_DFF_PN0_/RESET_B
     561* |       0 |       0 |        0 |      0 |     0 |    +0.0% |  -33.477 |     -255.7 |  -116064.9 |   3467 | u_inner.u_anchor.dtlb_hit_q$_DFF_PN0_/RESET_B
     562* |       0 |       0 |        0 |      0 |     0 |    +0.0% |  -33.477 |     -255.7 |  -116064.9 |   3467 | u_inner.u_anchor.dtlb_hit_q$_DFF_PN0_/RESET_B
     563* |       0 |       0 |        0 |      0 |     0 |    +0.0% |  -33.477 |     -255.7 |  -116064.9 |   3467 | u_inner.u_anchor.dtlb_hit_q$_DFF_PN0_/RESET_B
     564* |       0 |       0 |        0 |      0 |     0 |    +0.0% |  -33.477 |     -255.7 |  -116064.9 |   3467 | u_inner.u_anchor.dtlb_hit_q$_DFF_PN0_/RESET_B
     565* |       0 |       0 |        0 |      0 |     0 |    +0.0% |  -33.477 |     -255.7 |  -116064.9 |   3467 | u_inner.u_anchor.dtlb_hit_q$_DFF_PN0_/RESET_B
     566* |       0 |       0 |        0 |      0 |     0 |    +0.0% |  -33.477 |     -255.7 |  -116064.9 |   3467 | u_inner.u_anchor.dtlb_hit_q$_DFF_PN0_/RESET_B
     567* |       0 |       0 |        0 |      0 |     0 |    +0.0% |  -33.477 |     -255.7 |  -116064.9 |   3467 | u_inner.u_anchor.dtlb_hit_q$_DFF_PN0_/RESET_B
     568* |       0 |       0 |        0 |      0 |     0 |    +0.0% |  -33.477 |     -255.7 |  -116064.9 |   3467 | u_inner.u_anchor.dtlb_hit_q$_DFF_PN0_/RESET_B
     569* |       0 |       0 |        0 |      0 |     0 |    +0.0% |  -33.477 |     -255.7 |  -116064.9 |   3467 | u_inner.u_anchor.dtlb_hit_q$_DFF_PN0_/RESET_B
     570* |       0 |       0 |        0 |      0 |     0 |    +0.0% |  -33.477 |     -255.7 |  -116064.9 |   3467 | u_inner.u_anchor.dtlb_hit_q$_DFF_PN0_/RESET_B
     570* |       0 |       0 |        0 |      0 |     0 |    +0.0% |  -33.477 |     -255.7 |  -116064.9 |   3467 | u_inner.u_anchor.dtlb_hit_q$_DFF_PN0_/RESET_B
     571* |       0 |       0 |        0 |      0 |     0 |    +0.0% |  -33.477 |     -255.7 |  -116064.9 |   3467 | u_inner.u_anchor.dtlb_hit_q$_DFF_PN0_/RESET_B
     572* |       0 |       0 |        0 |      0 |     0 |    +0.0% |  -33.477 |     -255.7 |  -116064.9 |   3467 | u_inner.u_anchor.dtlb_hit_q$_DFF_PN0_/RESET_B
     573* |       0 |       0 |        0 |      0 |     0 |    +0.0% |  -33.477 |     -255.7 |  -116064.9 |   3467 | u_inner.u_anchor.dtlb_hit_q$_DFF_PN0_/RESET_B
     574* |       0 |       0 |        0 |      0 |     0 |    +0.0% |  -33.477 |     -255.7 |  -116064.9 |   3467 | u_inner.u_anchor.dtlb_hit_q$_DFF_PN0_/RESET_B
     575* |       0 |       0 |        0 |      0 |     0 |    +0.0% |  -33.477 |     -255.7 |  -116064.9 |   3467 | u_inner.u_anchor.dtlb_hit_q$_DFF_PN0_/RESET_B
     576* |       0 |       0 |        0 |      0 |     0 |    +0.0% |  -33.477 |     -255.7 |  -116064.9 |   3467 | u_inner.u_anchor.dtlb_hit_q$_DFF_PN0_/RESET_B
     577* |       0 |       0 |        0 |      0 |     0 |    +0.0% |  -33.477 |     -255.7 |  -116064.9 |   3467 | u_inner.u_anchor.dtlb_hit_q$_DFF_PN0_/RESET_B
     578* |       0 |       0 |        0 |      0 |     0 |    +0.0% |  -33.477 |     -255.7 |  -116064.9 |   3467 | u_inner.u_anchor.dtlb_hit_q$_DFF_PN0_/RESET_B
     579* |       0 |       0 |        0 |      0 |     0 |    +0.0% |  -33.477 |     -255.7 |  -116064.9 |   3467 | u_inner.u_anchor.dtlb_hit_q$_DFF_PN0_/RESET_B
     580* |       0 |       0 |        0 |      0 |     0 |    +0.0% |  -33.477 |     -255.7 |  -116064.9 |   3467 | u_inner.u_anchor.dtlb_hit_q$_DFF_PN0_/RESET_B
     580* |       0 |       0 |        0 |      0 |     0 |    +0.0% |  -33.477 |     -255.7 |  -116064.9 |   3467 | u_inner.u_anchor.dtlb_hit_q$_DFF_PN0_/RESET_B
     581* |       0 |       0 |        0 |      0 |     0 |    +0.0% |  -33.477 |     -255.7 |  -116064.9 |   3467 | u_inner.u_anchor.dtlb_hit_q$_DFF_PN0_/RESET_B
     582* |       0 |       0 |        0 |      0 |     0 |    +0.0% |  -33.477 |     -255.7 |  -116064.9 |   3467 | u_inner.u_anchor.dtlb_hit_q$_DFF_PN0_/RESET_B
     583* |       0 |       0 |        0 |      0 |     0 |    +0.0% |  -33.477 |     -255.7 |  -116064.9 |   3467 | u_inner.u_anchor.dtlb_hit_q$_DFF_PN0_/RESET_B
     584* |       0 |       0 |        0 |      0 |     0 |    +0.0% |  -33.477 |     -255.7 |  -116064.9 |   3467 | u_inner.u_anchor.dtlb_hit_q$_DFF_PN0_/RESET_B
     585* |       0 |       0 |        0 |      0 |     0 |    +0.0% |  -33.477 |     -255.7 |  -116064.9 |   3467 | u_inner.u_anchor.dtlb_hit_q$_DFF_PN0_/RESET_B
     586* |       0 |       0 |        0 |      0 |     0 |    +0.0% |  -33.477 |     -255.7 |  -116064.9 |   3467 | u_inner.u_anchor.dtlb_hit_q$_DFF_PN0_/RESET_B
     587* |       0 |       0 |        0 |      0 |     0 |    +0.0% |  -33.477 |     -255.7 |  -116064.9 |   3467 | u_inner.u_anchor.dtlb_hit_q$_DFF_PN0_/RESET_B
     588* |       0 |       0 |        0 |      0 |     0 |    +0.0% |  -33.477 |     -255.7 |  -116064.9 |   3467 | u_inner.u_anchor.dtlb_hit_q$_DFF_PN0_/RESET_B
     589* |       0 |       0 |        0 |      0 |     0 |    +0.0% |  -33.477 |     -255.7 |  -116064.9 |   3467 | u_inner.u_anchor.dtlb_hit_q$_DFF_PN0_/RESET_B
     590* |       0 |       0 |        0 |      0 |     0 |    +0.0% |  -33.477 |     -255.7 |  -116064.9 |   3467 | u_inner.u_anchor.dtlb_hit_q$_DFF_PN0_/RESET_B
     590* |       0 |       0 |        0 |      0 |     0 |    +0.0% |  -33.477 |     -255.7 |  -116064.9 |   3467 | u_inner.u_anchor.dtlb_hit_q$_DFF_PN0_/RESET_B
     591* |       0 |       0 |        0 |      0 |     0 |    +0.0% |  -33.477 |     -255.7 |  -116064.9 |   3467 | u_inner.u_anchor.dtlb_hit_q$_DFF_PN0_/RESET_B
     592* |       0 |       0 |        0 |      0 |     0 |    +0.0% |  -33.477 |     -255.7 |  -116064.9 |   3467 | u_inner.u_anchor.dtlb_hit_q$_DFF_PN0_/RESET_B
     593* |       0 |       0 |        0 |      0 |     0 |    +0.0% |  -33.477 |     -255.7 |  -116064.9 |   3467 | u_inner.u_anchor.dtlb_hit_q$_DFF_PN0_/RESET_B
     594* |       0 |       0 |        0 |      0 |     0 |    +0.0% |  -33.477 |     -255.7 |  -116064.9 |   3467 | u_inner.u_anchor.dtlb_hit_q$_DFF_PN0_/RESET_B
     595* |       0 |       0 |        0 |      0 |     0 |    +0.0% |  -33.477 |     -255.7 |  -116064.9 |   3467 | u_inner.u_anchor.dtlb_hit_q$_DFF_PN0_/RESET_B
     596* |       0 |       0 |        0 |      0 |     0 |    +0.0% |  -33.477 |     -255.7 |  -116064.9 |   3467 | u_inner.u_anchor.dtlb_hit_q$_DFF_PN0_/RESET_B
     597* |       0 |       0 |        0 |      0 |     0 |    +0.0% |  -33.477 |     -255.7 |  -116064.9 |   3467 | u_inner.u_anchor.dtlb_hit_q$_DFF_PN0_/RESET_B
     598* |       0 |       0 |        0 |      0 |     0 |    +0.0% |  -33.477 |     -255.7 |  -116064.9 |   3467 | u_inner.u_anchor.dtlb_hit_q$_DFF_PN0_/RESET_B
     599* |       0 |       0 |        0 |      0 |     0 |    +0.0% |  -33.477 |     -255.7 |  -116064.9 |   3467 | u_inner.u_anchor.dtlb_hit_q$_DFF_PN0_/RESET_B
     600* |       0 |       0 |        0 |      0 |     0 |    +0.0% |  -33.477 |     -255.7 |  -116064.9 |   3467 | u_inner.u_anchor.dtlb_hit_q$_DFF_PN0_/RESET_B
     600* |       0 |       0 |        0 |      0 |     0 |    +0.0% |  -33.477 |     -255.7 |  -116064.9 |   3467 | u_inner.u_anchor.dtlb_hit_q$_DFF_PN0_/RESET_B
     601* |       0 |       0 |        0 |      0 |     0 |    +0.0% |  -33.477 |     -255.7 |  -116064.9 |   3467 | u_inner.u_anchor.dtlb_hit_q$_DFF_PN0_/RESET_B
     602* |       0 |       0 |        0 |      0 |     0 |    +0.0% |  -33.477 |     -255.7 |  -116064.9 |   3467 | u_inner.u_anchor.dtlb_hit_q$_DFF_PN0_/RESET_B
     603* |       0 |       0 |        0 |      0 |     0 |    +0.0% |  -33.477 |     -255.7 |  -116064.9 |   3467 | u_inner.u_anchor.dtlb_hit_q$_DFF_PN0_/RESET_B
     604* |       0 |       0 |        0 |      0 |     0 |    +0.0% |  -33.477 |     -255.7 |  -116064.9 |   3467 | u_inner.u_anchor.dtlb_hit_q$_DFF_PN0_/RESET_B
     605* |       0 |       0 |        0 |      0 |     0 |    +0.0% |  -33.477 |     -255.7 |  -116064.9 |   3467 | u_inner.u_anchor.dtlb_hit_q$_DFF_PN0_/RESET_B
     606* |       0 |       0 |        0 |      0 |     0 |    +0.0% |  -33.477 |     -255.7 |  -116064.9 |   3467 | u_inner.u_anchor.dtlb_hit_q$_DFF_PN0_/RESET_B
     607* |       0 |       0 |        0 |      0 |     0 |    +0.0% |  -33.477 |     -255.7 |  -116064.9 |   3467 | u_inner.u_anchor.dtlb_hit_q$_DFF_PN0_/RESET_B
     608* |       0 |       0 |        0 |      0 |     0 |    +0.0% |  -33.477 |     -255.7 |  -116064.9 |   3467 | u_inner.u_anchor.dtlb_hit_q$_DFF_PN0_/RESET_B
     609* |       0 |       0 |        0 |      0 |     0 |    +0.0% |  -33.477 |     -255.7 |  -116064.9 |   3467 | u_inner.u_anchor.dtlb_hit_q$_DFF_PN0_/RESET_B
     610* |       0 |       0 |        0 |      0 |     0 |    +0.0% |  -33.477 |     -255.7 |  -116064.9 |   3467 | u_inner.u_anchor.dtlb_hit_q$_DFF_PN0_/RESET_B
     610* |       0 |       0 |        0 |      0 |     0 |    +0.0% |  -33.477 |     -255.7 |  -116064.9 |   3467 | u_inner.u_anchor.dtlb_hit_q$_DFF_PN0_/RESET_B
     611* |       0 |       0 |        0 |      0 |     0 |    +0.0% |  -33.477 |     -255.7 |  -116064.9 |   3467 | u_inner.u_anchor.dtlb_hit_q$_DFF_PN0_/RESET_B
     612* |       0 |       0 |        0 |      0 |     0 |    +0.0% |  -33.477 |     -255.7 |  -116064.9 |   3467 | u_inner.u_anchor.dtlb_hit_q$_DFF_PN0_/RESET_B
     613* |       0 |       0 |        0 |      0 |     0 |    +0.0% |  -33.477 |     -255.7 |  -116064.9 |   3467 | u_inner.u_anchor.dtlb_hit_q$_DFF_PN0_/RESET_B
     614* |       0 |       0 |        0 |      0 |     0 |    +0.0% |  -33.477 |     -255.7 |  -116064.9 |   3467 | u_inner.u_anchor.dtlb_hit_q$_DFF_PN0_/RESET_B
     615* |       0 |       0 |        0 |      0 |     0 |    +0.0% |  -33.477 |     -255.7 |  -116064.9 |   3467 | u_inner.u_anchor.dtlb_hit_q$_DFF_PN0_/RESET_B
     616* |       0 |       0 |        0 |      0 |     0 |    +0.0% |  -33.477 |     -255.7 |  -116064.9 |   3467 | u_inner.u_anchor.dtlb_hit_q$_DFF_PN0_/RESET_B
     617* |       0 |       0 |        0 |      0 |     0 |    +0.0% |  -33.477 |     -255.7 |  -116064.9 |   3467 | u_inner.u_anchor.dtlb_hit_q$_DFF_PN0_/RESET_B
     618* |       0 |       0 |        0 |      0 |     0 |    +0.0% |  -33.477 |     -255.7 |  -116064.9 |   3467 | u_inner.u_anchor.dtlb_hit_q$_DFF_PN0_/RESET_B
     619* |       0 |       0 |        0 |      0 |     0 |    +0.0% |  -33.477 |     -255.7 |  -116064.9 |   3467 | u_inner.u_anchor.dtlb_hit_q$_DFF_PN0_/RESET_B
     620* |       0 |       0 |        0 |      0 |     0 |    +0.0% |  -33.477 |     -255.7 |  -116064.9 |   3467 | u_inner.u_anchor.dtlb_hit_q$_DFF_PN0_/RESET_B
     620* |       0 |       0 |        0 |      0 |     0 |    +0.0% |  -33.477 |     -255.7 |  -116064.9 |   3467 | u_inner.u_anchor.dtlb_hit_q$_DFF_PN0_/RESET_B
     621* |       0 |       0 |        0 |      0 |     0 |    +0.0% |  -33.477 |     -255.7 |  -116064.9 |   3467 | u_inner.u_anchor.dtlb_hit_q$_DFF_PN0_/RESET_B
     622* |       0 |       0 |        0 |      0 |     0 |    +0.0% |  -33.477 |     -255.7 |  -116064.9 |   3467 | u_inner.u_anchor.dtlb_hit_q$_DFF_PN0_/RESET_B
     623* |       0 |       0 |        0 |      0 |     0 |    +0.0% |  -33.477 |     -255.7 |  -116064.9 |   3467 | u_inner.u_anchor.dtlb_hit_q$_DFF_PN0_/RESET_B
     624* |       0 |       0 |        0 |      0 |     0 |    +0.0% |  -33.477 |     -255.7 |  -116064.9 |   3467 | u_inner.u_anchor.dtlb_hit_q$_DFF_PN0_/RESET_B
     625* |       0 |       0 |        0 |      0 |     0 |    +0.0% |  -33.477 |     -255.7 |  -116064.9 |   3467 | u_inner.u_anchor.dtlb_hit_q$_DFF_PN0_/RESET_B
     626* |       0 |       0 |        0 |      0 |     0 |    +0.0% |  -33.477 |     -255.7 |  -116064.9 |   3467 | u_inner.u_anchor.dtlb_hit_q$_DFF_PN0_/RESET_B
     627* |       0 |       0 |        0 |      0 |     0 |    +0.0% |  -33.477 |     -255.7 |  -116064.9 |   3467 | u_inner.u_anchor.dtlb_hit_q$_DFF_PN0_/RESET_B
     628* |       0 |       0 |        0 |      0 |     0 |    +0.0% |  -33.477 |     -255.7 |  -116064.9 |   3467 | u_inner.u_anchor.dtlb_hit_q$_DFF_PN0_/RESET_B
     629* |       0 |       0 |        0 |      0 |     0 |    +0.0% |  -33.477 |     -255.7 |  -116064.9 |   3467 | u_inner.u_anchor.dtlb_hit_q$_DFF_PN0_/RESET_B
     630* |       0 |       0 |        0 |      0 |     0 |    +0.0% |  -33.477 |     -255.7 |  -116064.9 |   3467 | u_inner.u_anchor.dtlb_hit_q$_DFF_PN0_/RESET_B
     630* |       0 |       0 |        0 |      0 |     0 |    +0.0% |  -33.477 |     -255.7 |  -116064.9 |   3467 | u_inner.u_anchor.dtlb_hit_q$_DFF_PN0_/RESET_B
     631* |       0 |       0 |        0 |      0 |     0 |    +0.0% |  -33.477 |     -255.7 |  -116064.9 |   3467 | u_inner.u_anchor.dtlb_hit_q$_DFF_PN0_/RESET_B
     632* |       0 |       0 |        0 |      0 |     0 |    +0.0% |  -33.477 |     -255.7 |  -116064.9 |   3467 | u_inner.u_anchor.dtlb_hit_q$_DFF_PN0_/RESET_B
     633* |       0 |       0 |        0 |      0 |     0 |    +0.0% |  -33.477 |     -255.7 |  -116064.9 |   3467 | u_inner.u_anchor.dtlb_hit_q$_DFF_PN0_/RESET_B
     634* |       0 |       0 |        0 |      0 |     0 |    +0.0% |  -33.477 |     -255.7 |  -116064.9 |   3467 | u_inner.u_anchor.dtlb_hit_q$_DFF_PN0_/RESET_B
     635* |       0 |       0 |        0 |      0 |     0 |    +0.0% |  -33.477 |     -255.7 |  -116064.9 |   3467 | u_inner.u_anchor.dtlb_hit_q$_DFF_PN0_/RESET_B
     636* |       0 |       0 |        0 |      0 |     0 |    +0.0% |  -33.477 |     -255.7 |  -116064.9 |   3467 | u_inner.u_anchor.dtlb_hit_q$_DFF_PN0_/RESET_B
     637* |       0 |       0 |        0 |      0 |     0 |    +0.0% |  -33.477 |     -255.7 |  -116064.9 |   3467 | u_inner.u_anchor.dtlb_hit_q$_DFF_PN0_/RESET_B
     638* |       0 |       0 |        0 |      0 |     0 |    +0.0% |  -33.477 |     -255.7 |  -116064.9 |   3467 | u_inner.u_anchor.dtlb_hit_q$_DFF_PN0_/RESET_B
     639* |       0 |       0 |        0 |      0 |     0 |    +0.0% |  -33.477 |     -255.7 |  -116064.9 |   3467 | u_inner.u_anchor.dtlb_hit_q$_DFF_PN0_/RESET_B
     640* |       0 |       0 |        0 |      0 |     0 |    +0.0% |  -33.477 |     -255.7 |  -116064.9 |   3467 | u_inner.u_anchor.dtlb_hit_q$_DFF_PN0_/RESET_B
     640* |       0 |       0 |        0 |      0 |     0 |    +0.0% |  -33.477 |     -255.7 |  -116064.9 |   3467 | u_inner.u_anchor.dtlb_hit_q$_DFF_PN0_/RESET_B
     641* |       0 |       0 |        0 |      0 |     0 |    +0.0% |  -33.477 |     -255.7 |  -116064.9 |   3467 | u_inner.u_anchor.dtlb_hit_q$_DFF_PN0_/RESET_B
     642* |       0 |       0 |        0 |      0 |     0 |    +0.0% |  -33.477 |     -255.7 |  -116064.9 |   3467 | u_inner.u_anchor.dtlb_hit_q$_DFF_PN0_/RESET_B
     643* |       0 |       0 |        0 |      0 |     0 |    +0.0% |  -33.477 |     -255.7 |  -116064.9 |   3467 | u_inner.u_anchor.dtlb_hit_q$_DFF_PN0_/RESET_B
     644* |       0 |       0 |        0 |      0 |     0 |    +0.0% |  -33.477 |     -255.7 |  -116064.9 |   3467 | u_inner.u_anchor.dtlb_hit_q$_DFF_PN0_/RESET_B
     645* |       0 |       0 |        0 |      0 |     0 |    +0.0% |  -33.477 |     -255.7 |  -116064.9 |   3467 | u_inner.u_anchor.dtlb_hit_q$_DFF_PN0_/RESET_B
     646* |       0 |       0 |        0 |      0 |     0 |    +0.0% |  -33.477 |     -255.7 |  -116064.9 |   3467 | u_inner.u_anchor.dtlb_hit_q$_DFF_PN0_/RESET_B
     647* |       0 |       0 |        0 |      0 |     0 |    +0.0% |  -33.477 |     -255.7 |  -116064.9 |   3467 | u_inner.u_anchor.dtlb_hit_q$_DFF_PN0_/RESET_B
     648* |       0 |       0 |        0 |      0 |     0 |    +0.0% |  -33.477 |     -255.7 |  -116064.9 |   3467 | u_inner.u_anchor.dtlb_hit_q$_DFF_PN0_/RESET_B
     649* |       0 |       0 |        0 |      0 |     0 |    +0.0% |  -33.477 |     -255.7 |  -116064.9 |   3467 | u_inner.u_anchor.dtlb_hit_q$_DFF_PN0_/RESET_B
     650* |       0 |       0 |        0 |      0 |     0 |    +0.0% |  -33.477 |     -255.7 |  -116064.9 |   3467 | u_inner.u_anchor.dtlb_hit_q$_DFF_PN0_/RESET_B
     650* |       0 |       0 |        0 |      0 |     0 |    +0.0% |  -33.477 |     -255.7 |  -116064.9 |   3467 | u_inner.u_anchor.dtlb_hit_q$_DFF_PN0_/RESET_B
     651* |       0 |       0 |        0 |      0 |     0 |    +0.0% |  -33.477 |     -255.7 |  -116064.9 |   3467 | u_inner.u_anchor.dtlb_hit_q$_DFF_PN0_/RESET_B
     652* |       0 |       0 |        0 |      0 |     0 |    +0.0% |  -33.477 |     -255.7 |  -116064.9 |   3467 | u_inner.u_anchor.dtlb_hit_q$_DFF_PN0_/RESET_B
     653* |       0 |       0 |        0 |      0 |     0 |    +0.0% |  -33.477 |     -255.7 |  -116064.9 |   3467 | u_inner.u_anchor.dtlb_hit_q$_DFF_PN0_/RESET_B
     654* |       0 |       0 |        0 |      0 |     0 |    +0.0% |  -33.477 |     -255.7 |  -116064.9 |   3467 | u_inner.u_anchor.dtlb_hit_q$_DFF_PN0_/RESET_B
     655* |       0 |       0 |        0 |      0 |     0 |    +0.0% |  -33.477 |     -255.7 |  -116064.9 |   3467 | u_inner.u_anchor.dtlb_hit_q$_DFF_PN0_/RESET_B
     656* |       0 |       0 |        0 |      0 |     0 |    +0.0% |  -33.477 |     -255.7 |  -116064.9 |   3467 | u_inner.u_anchor.dtlb_hit_q$_DFF_PN0_/RESET_B
     657* |       0 |       0 |        0 |      0 |     0 |    +0.0% |  -33.477 |     -255.7 |  -116064.9 |   3467 | u_inner.u_anchor.dtlb_hit_q$_DFF_PN0_/RESET_B
     658* |       0 |       0 |        0 |      0 |     0 |    +0.0% |  -33.477 |     -255.7 |  -116064.9 |   3467 | u_inner.u_anchor.dtlb_hit_q$_DFF_PN0_/RESET_B
     659* |       0 |       0 |        0 |      0 |     0 |    +0.0% |  -33.477 |     -255.7 |  -116064.9 |   3467 | u_inner.u_anchor.dtlb_hit_q$_DFF_PN0_/RESET_B
     660* |       0 |       0 |        0 |      0 |     0 |    +0.0% |  -33.477 |     -255.7 |  -116064.9 |   3467 | u_inner.u_anchor.dtlb_hit_q$_DFF_PN0_/RESET_B
     660* |       0 |       0 |        0 |      0 |     0 |    +0.0% |  -33.477 |     -255.7 |  -116064.9 |   3467 | u_inner.u_anchor.dtlb_hit_q$_DFF_PN0_/RESET_B
     661* |       0 |       0 |        0 |      0 |     0 |    +0.0% |  -33.477 |     -255.7 |  -116064.9 |   3467 | u_inner.u_anchor.dtlb_hit_q$_DFF_PN0_/RESET_B
     662* |       0 |       0 |        0 |      0 |     0 |    +0.0% |  -33.477 |     -255.7 |  -116064.9 |   3467 | u_inner.u_anchor.dtlb_hit_q$_DFF_PN0_/RESET_B
     663* |       0 |       0 |        0 |      0 |     0 |    +0.0% |  -33.477 |     -255.7 |  -116064.9 |   3467 | u_inner.u_anchor.dtlb_hit_q$_DFF_PN0_/RESET_B
     664* |       0 |       0 |        0 |      0 |     0 |    +0.0% |  -33.477 |     -255.7 |  -116064.9 |   3467 | u_inner.u_anchor.dtlb_hit_q$_DFF_PN0_/RESET_B
     665* |       0 |       0 |        0 |      0 |     0 |    +0.0% |  -33.477 |     -255.7 |  -116064.9 |   3467 | u_inner.u_anchor.dtlb_hit_q$_DFF_PN0_/RESET_B
     666* |       0 |       0 |        0 |      0 |     0 |    +0.0% |  -33.477 |     -255.7 |  -116064.9 |   3467 | u_inner.u_anchor.dtlb_hit_q$_DFF_PN0_/RESET_B
     667* |       0 |       0 |        0 |      0 |     0 |    +0.0% |  -33.477 |     -255.7 |  -116064.9 |   3467 | u_inner.u_anchor.dtlb_hit_q$_DFF_PN0_/RESET_B
     668* |       0 |       0 |        0 |      0 |     0 |    +0.0% |  -33.477 |     -255.7 |  -116064.9 |   3467 | u_inner.u_anchor.dtlb_hit_q$_DFF_PN0_/RESET_B
     669* |       0 |       0 |        0 |      0 |     0 |    +0.0% |  -33.477 |     -255.7 |  -116064.9 |   3467 | u_inner.u_anchor.dtlb_hit_q$_DFF_PN0_/RESET_B
     670* |       0 |       0 |        0 |      0 |     0 |    +0.0% |  -33.477 |     -255.7 |  -116064.9 |   3467 | u_inner.u_anchor.dtlb_hit_q$_DFF_PN0_/RESET_B
     670* |       0 |       0 |        0 |      0 |     0 |    +0.0% |  -33.477 |     -255.7 |  -116064.9 |   3467 | u_inner.u_anchor.dtlb_hit_q$_DFF_PN0_/RESET_B
     671* |       0 |       0 |        0 |      0 |     0 |    +0.0% |  -33.477 |     -255.7 |  -116064.9 |   3467 | u_inner.u_anchor.dtlb_hit_q$_DFF_PN0_/RESET_B
     672* |       0 |       0 |        0 |      0 |     0 |    +0.0% |  -33.477 |     -255.7 |  -116064.9 |   3467 | u_inner.u_anchor.dtlb_hit_q$_DFF_PN0_/RESET_B
     673* |       0 |       0 |        0 |      0 |     0 |    +0.0% |  -33.477 |     -255.7 |  -116064.9 |   3467 | u_inner.u_anchor.dtlb_hit_q$_DFF_PN0_/RESET_B
     674* |       0 |       0 |        0 |      0 |     0 |    +0.0% |  -33.477 |     -255.7 |  -116064.9 |   3467 | u_inner.u_anchor.dtlb_hit_q$_DFF_PN0_/RESET_B
     675* |       0 |       0 |        0 |      0 |     0 |    +0.0% |  -33.477 |     -255.7 |  -116064.9 |   3467 | u_inner.u_anchor.dtlb_hit_q$_DFF_PN0_/RESET_B
     676* |       0 |       0 |        0 |      0 |     0 |    +0.0% |  -33.477 |     -255.7 |  -116064.9 |   3467 | u_inner.u_anchor.dtlb_hit_q$_DFF_PN0_/RESET_B
     677* |       0 |       0 |        0 |      0 |     0 |    +0.0% |  -33.477 |     -255.7 |  -116064.9 |   3467 | u_inner.u_anchor.dtlb_hit_q$_DFF_PN0_/RESET_B
     678* |       0 |       0 |        0 |      0 |     0 |    +0.0% |  -33.477 |     -255.7 |  -116064.9 |   3467 | u_inner.u_anchor.dtlb_hit_q$_DFF_PN0_/RESET_B
     679* |       0 |       0 |        0 |      0 |     0 |    +0.0% |  -33.477 |     -255.7 |  -116064.9 |   3467 | u_inner.u_anchor.dtlb_hit_q$_DFF_PN0_/RESET_B
     680* |       0 |       0 |        0 |      0 |     0 |    +0.0% |  -33.477 |     -255.7 |  -116064.9 |   3467 | u_inner.u_anchor.dtlb_hit_q$_DFF_PN0_/RESET_B
     680* |       0 |       0 |        0 |      0 |     0 |    +0.0% |  -33.477 |     -255.7 |  -116064.9 |   3467 | u_inner.u_anchor.dtlb_hit_q$_DFF_PN0_/RESET_B
     681* |       0 |       0 |        0 |      0 |     0 |    +0.0% |  -33.477 |     -255.7 |  -116064.9 |   3467 | u_inner.u_anchor.dtlb_hit_q$_DFF_PN0_/RESET_B
     682* |       0 |       0 |        0 |      0 |     0 |    +0.0% |  -33.477 |     -255.7 |  -116064.9 |   3467 | u_inner.u_anchor.dtlb_hit_q$_DFF_PN0_/RESET_B
     683* |       0 |       0 |        0 |      0 |     0 |    +0.0% |  -33.477 |     -255.7 |  -116064.9 |   3467 | u_inner.u_anchor.dtlb_hit_q$_DFF_PN0_/RESET_B
     684* |       0 |       0 |        0 |      0 |     0 |    +0.0% |  -33.477 |     -255.7 |  -116064.9 |   3467 | u_inner.u_anchor.dtlb_hit_q$_DFF_PN0_/RESET_B
     685* |       0 |       0 |        0 |      0 |     0 |    +0.0% |  -33.477 |     -255.7 |  -116064.9 |   3467 | u_inner.u_anchor.dtlb_hit_q$_DFF_PN0_/RESET_B
     686* |       0 |       0 |        0 |      0 |     0 |    +0.0% |  -33.477 |     -255.7 |  -116064.9 |   3467 | u_inner.u_anchor.dtlb_hit_q$_DFF_PN0_/RESET_B
     687* |       0 |       0 |        0 |      0 |     0 |    +0.0% |  -33.477 |     -255.7 |  -116064.9 |   3467 | u_inner.u_anchor.dtlb_hit_q$_DFF_PN0_/RESET_B
     688* |       0 |       0 |        0 |      0 |     0 |    +0.0% |  -33.477 |     -255.7 |  -116064.9 |   3467 | u_inner.u_anchor.dtlb_hit_q$_DFF_PN0_/RESET_B
     689* |       0 |       0 |        0 |      0 |     0 |    +0.0% |  -33.477 |     -255.7 |  -116064.9 |   3467 | u_inner.u_anchor.dtlb_hit_q$_DFF_PN0_/RESET_B
     690* |       0 |       0 |        0 |      0 |     0 |    +0.0% |  -33.477 |     -255.7 |  -116064.9 |   3467 | u_inner.u_anchor.dtlb_hit_q$_DFF_PN0_/RESET_B
     690* |       0 |       0 |        0 |      0 |     0 |    +0.0% |  -33.477 |     -255.7 |  -116064.9 |   3467 | u_inner.u_anchor.dtlb_hit_q$_DFF_PN0_/RESET_B
     691* |       0 |       0 |        0 |      0 |     0 |    +0.0% |  -33.477 |     -255.7 |  -116064.9 |   3467 | u_inner.u_anchor.dtlb_hit_q$_DFF_PN0_/RESET_B
     692* |       0 |       0 |        0 |      0 |     0 |    +0.0% |  -33.477 |     -255.7 |  -116064.9 |   3467 | u_inner.u_anchor.dtlb_hit_q$_DFF_PN0_/RESET_B
     693* |       0 |       0 |        0 |      0 |     0 |    +0.0% |  -33.477 |     -255.7 |  -116064.9 |   3467 | u_inner.u_anchor.dtlb_hit_q$_DFF_PN0_/RESET_B
     694* |       0 |       0 |        0 |      0 |     0 |    +0.0% |  -33.477 |     -255.7 |  -116064.9 |   3467 | u_inner.u_anchor.dtlb_hit_q$_DFF_PN0_/RESET_B
     695* |       0 |       0 |        0 |      0 |     0 |    +0.0% |  -33.477 |     -255.7 |  -116064.9 |   3467 | u_inner.u_anchor.dtlb_hit_q$_DFF_PN0_/RESET_B
     696* |       0 |       0 |        0 |      0 |     0 |    +0.0% |  -33.477 |     -255.7 |  -116064.9 |   3467 | u_inner.u_anchor.dtlb_hit_q$_DFF_PN0_/RESET_B
     697* |       0 |       0 |        0 |      0 |     0 |    +0.0% |  -33.477 |     -255.7 |  -116064.9 |   3467 | u_inner.u_anchor.dtlb_hit_q$_DFF_PN0_/RESET_B
     698* |       0 |       0 |        0 |      0 |     0 |    +0.0% |  -33.477 |     -255.7 |  -116064.9 |   3467 | u_inner.u_anchor.dtlb_hit_q$_DFF_PN0_/RESET_B
     699* |       0 |       0 |        0 |      0 |     0 |    +0.0% |  -33.477 |     -255.7 |  -116064.9 |   3467 | u_inner.u_anchor.dtlb_hit_q$_DFF_PN0_/RESET_B
     700* |       0 |       0 |        0 |      0 |     0 |    +0.0% |  -33.477 |     -255.7 |  -116064.9 |   3467 | u_inner.u_anchor.dtlb_hit_q$_DFF_PN0_/RESET_B
     700* |       0 |       0 |        0 |      0 |     0 |    +0.0% |  -33.477 |     -255.7 |  -116064.9 |   3467 | u_inner.u_anchor.dtlb_hit_q$_DFF_PN0_/RESET_B
     701* |       0 |       0 |        0 |      0 |     0 |    +0.0% |  -33.477 |     -255.7 |  -116064.9 |   3467 | u_inner.u_anchor.dtlb_hit_q$_DFF_PN0_/RESET_B
     702* |       0 |       0 |        0 |      0 |     0 |    +0.0% |  -33.477 |     -255.7 |  -116064.9 |   3467 | u_inner.u_anchor.dtlb_hit_q$_DFF_PN0_/RESET_B
     703* |       0 |       0 |        0 |      0 |     0 |    +0.0% |  -33.477 |     -255.7 |  -116064.9 |   3467 | u_inner.u_anchor.dtlb_hit_q$_DFF_PN0_/RESET_B
     704* |       0 |       0 |        0 |      0 |     0 |    +0.0% |  -33.477 |     -255.7 |  -116064.9 |   3467 | u_inner.u_anchor.dtlb_hit_q$_DFF_PN0_/RESET_B
     705* |       0 |       0 |        0 |      0 |     0 |    +0.0% |  -33.477 |     -255.7 |  -116064.9 |   3467 | u_inner.u_anchor.dtlb_hit_q$_DFF_PN0_/RESET_B
     706* |       0 |       0 |        0 |      0 |     0 |    +0.0% |  -33.477 |     -255.7 |  -116064.9 |   3467 | u_inner.u_anchor.dtlb_hit_q$_DFF_PN0_/RESET_B
     707* |       0 |       0 |        0 |      0 |     0 |    +0.0% |  -33.477 |     -255.7 |  -116064.9 |   3467 | u_inner.u_anchor.dtlb_hit_q$_DFF_PN0_/RESET_B
     708* |       0 |       0 |        0 |      0 |     0 |    +0.0% |  -33.477 |     -255.7 |  -116064.9 |   3467 | u_inner.u_anchor.dtlb_hit_q$_DFF_PN0_/RESET_B
     709* |       0 |       0 |        0 |      0 |     0 |    +0.0% |  -33.477 |     -255.7 |  -116064.9 |   3467 | u_inner.u_anchor.dtlb_hit_q$_DFF_PN0_/RESET_B
     710* |       0 |       0 |        0 |      0 |     0 |    +0.0% |  -33.477 |     -255.7 |  -116064.9 |   3467 | u_inner.u_anchor.dtlb_hit_q$_DFF_PN0_/RESET_B
     710* |       0 |       0 |        0 |      0 |     0 |    +0.0% |  -33.477 |     -255.7 |  -116064.9 |   3467 | u_inner.u_anchor.dtlb_hit_q$_DFF_PN0_/RESET_B
     711* |       0 |       0 |        0 |      0 |     0 |    +0.0% |  -33.477 |     -255.7 |  -116064.9 |   3467 | u_inner.u_anchor.dtlb_hit_q$_DFF_PN0_/RESET_B
     712* |       0 |       0 |        0 |      0 |     0 |    +0.0% |  -33.477 |     -255.7 |  -116064.9 |   3467 | u_inner.u_anchor.dtlb_hit_q$_DFF_PN0_/RESET_B
     713* |       0 |       0 |        0 |      0 |     0 |    +0.0% |  -33.477 |     -255.7 |  -116064.9 |   3467 | u_inner.u_anchor.dtlb_hit_q$_DFF_PN0_/RESET_B
     714* |       0 |       0 |        0 |      0 |     0 |    +0.0% |  -33.477 |     -255.7 |  -116064.9 |   3467 | u_inner.u_anchor.dtlb_hit_q$_DFF_PN0_/RESET_B
     715* |       0 |       0 |        0 |      0 |     0 |    +0.0% |  -33.477 |     -255.7 |  -116064.9 |   3467 | u_inner.u_anchor.dtlb_hit_q$_DFF_PN0_/RESET_B
     716* |       0 |       0 |        0 |      0 |     0 |    +0.0% |  -33.477 |     -255.7 |  -116064.9 |   3467 | u_inner.u_anchor.dtlb_hit_q$_DFF_PN0_/RESET_B
     717* |       0 |       0 |        0 |      0 |     0 |    +0.0% |  -33.477 |     -255.7 |  -116064.9 |   3467 | u_inner.u_anchor.dtlb_hit_q$_DFF_PN0_/RESET_B
     718* |       0 |       0 |        0 |      0 |     0 |    +0.0% |  -33.477 |     -255.7 |  -116064.9 |   3467 | u_inner.u_anchor.dtlb_hit_q$_DFF_PN0_/RESET_B
     719* |       0 |       0 |        0 |      0 |     0 |    +0.0% |  -33.477 |     -255.7 |  -116064.9 |   3467 | u_inner.u_anchor.dtlb_hit_q$_DFF_PN0_/RESET_B
     720* |       0 |       0 |        0 |      0 |     0 |    +0.0% |  -33.477 |     -255.7 |  -116064.9 |   3467 | u_inner.u_anchor.dtlb_hit_q$_DFF_PN0_/RESET_B
     720* |       0 |       0 |        0 |      0 |     0 |    +0.0% |  -33.477 |     -255.7 |  -116064.9 |   3467 | u_inner.u_anchor.dtlb_hit_q$_DFF_PN0_/RESET_B
     721* |       0 |       0 |        0 |      0 |     0 |    +0.0% |  -33.477 |     -255.7 |  -116064.9 |   3467 | u_inner.u_anchor.dtlb_hit_q$_DFF_PN0_/RESET_B
     722* |       0 |       0 |        0 |      0 |     0 |    +0.0% |  -33.477 |     -255.7 |  -116064.9 |   3467 | u_inner.u_anchor.dtlb_hit_q$_DFF_PN0_/RESET_B
     723* |       0 |       0 |        0 |      0 |     0 |    +0.0% |  -33.477 |     -255.7 |  -116064.9 |   3467 | u_inner.u_anchor.dtlb_hit_q$_DFF_PN0_/RESET_B
     724* |       0 |       0 |        0 |      0 |     0 |    +0.0% |  -33.477 |     -255.7 |  -116064.9 |   3467 | u_inner.u_anchor.dtlb_hit_q$_DFF_PN0_/RESET_B
     725* |       0 |       0 |        0 |      0 |     0 |    +0.0% |  -33.477 |     -255.7 |  -116064.9 |   3467 | u_inner.u_anchor.dtlb_hit_q$_DFF_PN0_/RESET_B
     726* |       0 |       0 |        0 |      0 |     0 |    +0.0% |  -33.477 |     -255.7 |  -116064.9 |   3467 | u_inner.u_anchor.dtlb_hit_q$_DFF_PN0_/RESET_B
     727* |       0 |       0 |        0 |      0 |     0 |    +0.0% |  -33.477 |     -255.7 |  -116064.9 |   3467 | u_inner.u_anchor.dtlb_hit_q$_DFF_PN0_/RESET_B
     728* |       0 |       0 |        0 |      0 |     0 |    +0.0% |  -33.477 |     -255.7 |  -116064.9 |   3467 | u_inner.u_anchor.dtlb_hit_q$_DFF_PN0_/RESET_B
     729* |       0 |       0 |        0 |      0 |     0 |    +0.0% |  -33.477 |     -255.7 |  -116064.9 |   3467 | u_inner.u_anchor.dtlb_hit_q$_DFF_PN0_/RESET_B
     730* |       0 |       0 |        0 |      0 |     0 |    +0.0% |  -33.477 |     -255.7 |  -116064.9 |   3467 | u_inner.u_anchor.dtlb_hit_q$_DFF_PN0_/RESET_B
     730* |       0 |       0 |        0 |      0 |     0 |    +0.0% |  -33.477 |     -255.7 |  -116064.9 |   3467 | u_inner.u_anchor.dtlb_hit_q$_DFF_PN0_/RESET_B
     731* |       0 |       0 |        0 |      0 |     0 |    +0.0% |  -33.477 |     -255.7 |  -116064.9 |   3467 | u_inner.u_anchor.dtlb_hit_q$_DFF_PN0_/RESET_B
     732* |       0 |       0 |        0 |      0 |     0 |    +0.0% |  -33.477 |     -255.7 |  -116064.9 |   3467 | u_inner.u_anchor.dtlb_hit_q$_DFF_PN0_/RESET_B
     733* |       0 |       0 |        0 |      0 |     0 |    +0.0% |  -33.477 |     -255.7 |  -116064.9 |   3467 | u_inner.u_anchor.dtlb_hit_q$_DFF_PN0_/RESET_B
     734* |       0 |       0 |        0 |      0 |     0 |    +0.0% |  -33.477 |     -255.7 |  -116064.9 |   3467 | u_inner.u_anchor.dtlb_hit_q$_DFF_PN0_/RESET_B
     735* |       0 |       0 |        0 |      0 |     0 |    +0.0% |  -33.477 |     -255.7 |  -116064.9 |   3467 | u_inner.u_anchor.dtlb_hit_q$_DFF_PN0_/RESET_B
     736* |       0 |       0 |        0 |      0 |     0 |    +0.0% |  -33.477 |     -255.7 |  -116064.9 |   3467 | u_inner.u_anchor.dtlb_hit_q$_DFF_PN0_/RESET_B
     737* |       0 |       0 |        0 |      0 |     0 |    +0.0% |  -33.477 |     -255.7 |  -116064.9 |   3467 | u_inner.u_anchor.dtlb_hit_q$_DFF_PN0_/RESET_B
     738* |       0 |       0 |        0 |      0 |     0 |    +0.0% |  -33.477 |     -255.7 |  -116064.9 |   3467 | u_inner.u_anchor.dtlb_hit_q$_DFF_PN0_/RESET_B
     739* |       0 |       0 |        0 |      0 |     0 |    +0.0% |  -33.477 |     -255.7 |  -116064.9 |   3467 | u_inner.u_anchor.dtlb_hit_q$_DFF_PN0_/RESET_B
     740* |       0 |       0 |        0 |      0 |     0 |    +0.0% |  -33.477 |     -255.7 |  -116064.9 |   3467 | u_inner.u_anchor.dtlb_hit_q$_DFF_PN0_/RESET_B
     740* |       0 |       0 |        0 |      0 |     0 |    +0.0% |  -33.477 |     -255.7 |  -116064.9 |   3467 | u_inner.u_anchor.dtlb_hit_q$_DFF_PN0_/RESET_B
     741* |       0 |       0 |        0 |      0 |     0 |    +0.0% |  -33.477 |     -255.7 |  -116064.9 |   3467 | u_inner.u_anchor.dtlb_hit_q$_DFF_PN0_/RESET_B
     742* |       0 |       0 |        0 |      0 |     0 |    +0.0% |  -33.477 |     -255.7 |  -116064.9 |   3467 | u_inner.u_anchor.dtlb_hit_q$_DFF_PN0_/RESET_B
     743* |       0 |       0 |        0 |      0 |     0 |    +0.0% |  -33.477 |     -255.7 |  -116064.9 |   3467 | u_inner.u_anchor.dtlb_hit_q$_DFF_PN0_/RESET_B
     744* |       0 |       0 |        0 |      0 |     0 |    +0.0% |  -33.477 |     -255.7 |  -116064.9 |   3467 | u_inner.u_anchor.dtlb_hit_q$_DFF_PN0_/RESET_B
     745* |       0 |       0 |        0 |      0 |     0 |    +0.0% |  -33.477 |     -255.7 |  -116064.9 |   3467 | u_inner.u_anchor.dtlb_hit_q$_DFF_PN0_/RESET_B
     746* |       0 |       0 |        0 |      0 |     0 |    +0.0% |  -33.477 |     -255.7 |  -116064.9 |   3467 | u_inner.u_anchor.dtlb_hit_q$_DFF_PN0_/RESET_B
     747* |       0 |       0 |        0 |      0 |     0 |    +0.0% |  -33.477 |     -255.7 |  -116064.9 |   3467 | u_inner.u_anchor.dtlb_hit_q$_DFF_PN0_/RESET_B
     748* |       0 |       0 |        0 |      0 |     0 |    +0.0% |  -33.477 |     -255.7 |  -116064.9 |   3467 | u_inner.u_anchor.dtlb_hit_q$_DFF_PN0_/RESET_B
     749* |       0 |       0 |        0 |      0 |     0 |    +0.0% |  -33.477 |     -255.7 |  -116064.9 |   3467 | u_inner.u_anchor.dtlb_hit_q$_DFF_PN0_/RESET_B
     750* |       0 |       0 |        0 |      0 |     0 |    +0.0% |  -33.477 |     -255.7 |  -116064.9 |   3467 | u_inner.u_anchor.dtlb_hit_q$_DFF_PN0_/RESET_B
     750* |       0 |       0 |        0 |      0 |     0 |    +0.0% |  -33.477 |     -255.7 |  -116064.9 |   3467 | u_inner.u_anchor.dtlb_hit_q$_DFF_PN0_/RESET_B
     751* |       0 |       0 |        0 |      0 |     0 |    +0.0% |  -33.477 |     -255.7 |  -116064.9 |   3467 | u_inner.u_anchor.dtlb_hit_q$_DFF_PN0_/RESET_B
     752* |       0 |       0 |        0 |      0 |     0 |    +0.0% |  -33.477 |     -255.7 |  -116064.9 |   3467 | u_inner.u_anchor.dtlb_hit_q$_DFF_PN0_/RESET_B
     753* |       0 |       0 |        0 |      0 |     0 |    +0.0% |  -33.477 |     -255.7 |  -116064.9 |   3467 | u_inner.u_anchor.dtlb_hit_q$_DFF_PN0_/RESET_B
     754* |       0 |       0 |        0 |      0 |     0 |    +0.0% |  -33.477 |     -255.7 |  -116064.9 |   3467 | u_inner.u_anchor.dtlb_hit_q$_DFF_PN0_/RESET_B
     755* |       0 |       0 |        0 |      0 |     0 |    +0.0% |  -33.477 |     -255.7 |  -116064.9 |   3467 | u_inner.u_anchor.dtlb_hit_q$_DFF_PN0_/RESET_B
     756* |       0 |       0 |        0 |      0 |     0 |    +0.0% |  -33.477 |     -255.7 |  -116064.9 |   3467 | u_inner.u_anchor.dtlb_hit_q$_DFF_PN0_/RESET_B
     757* |       0 |       0 |        0 |      0 |     0 |    +0.0% |  -33.477 |     -255.7 |  -116064.9 |   3467 | u_inner.u_anchor.dtlb_hit_q$_DFF_PN0_/RESET_B
     758* |       0 |       0 |        0 |      0 |     0 |    +0.0% |  -33.477 |     -255.7 |  -116064.9 |   3467 | u_inner.u_anchor.dtlb_hit_q$_DFF_PN0_/RESET_B
     759* |       0 |       0 |        0 |      0 |     0 |    +0.0% |  -33.477 |     -255.7 |  -116064.9 |   3467 | u_inner.u_anchor.dtlb_hit_q$_DFF_PN0_/RESET_B
     760* |       0 |       0 |        0 |      0 |     0 |    +0.0% |  -33.477 |     -255.7 |  -116064.9 |   3467 | u_inner.u_anchor.dtlb_hit_q$_DFF_PN0_/RESET_B
     760* |       0 |       0 |        0 |      0 |     0 |    +0.0% |  -33.477 |     -255.7 |  -116064.9 |   3467 | u_inner.u_anchor.dtlb_hit_q$_DFF_PN0_/RESET_B
     761* |       0 |       0 |        0 |      0 |     0 |    +0.0% |  -33.477 |     -255.7 |  -116064.9 |   3467 | u_inner.u_anchor.dtlb_hit_q$_DFF_PN0_/RESET_B
     762* |       0 |       0 |        0 |      0 |     0 |    +0.0% |  -33.477 |     -255.7 |  -116064.9 |   3467 | u_inner.u_anchor.dtlb_hit_q$_DFF_PN0_/RESET_B
     763* |       0 |       0 |        0 |      0 |     0 |    +0.0% |  -33.477 |     -255.7 |  -116064.9 |   3467 | u_inner.u_anchor.dtlb_hit_q$_DFF_PN0_/RESET_B
     764* |       0 |       0 |        0 |      0 |     0 |    +0.0% |  -33.477 |     -255.7 |  -116064.9 |   3467 | u_inner.u_anchor.dtlb_hit_q$_DFF_PN0_/RESET_B
     765* |       0 |       0 |        0 |      0 |     0 |    +0.0% |  -33.477 |     -255.7 |  -116064.9 |   3467 | u_inner.u_anchor.dtlb_hit_q$_DFF_PN0_/RESET_B
     766* |       0 |       0 |        0 |      0 |     0 |    +0.0% |  -33.477 |     -255.7 |  -116064.9 |   3467 | u_inner.u_anchor.dtlb_hit_q$_DFF_PN0_/RESET_B
     767* |       0 |       0 |        0 |      0 |     0 |    +0.0% |  -33.477 |     -255.7 |  -116064.9 |   3467 | u_inner.u_anchor.dtlb_hit_q$_DFF_PN0_/RESET_B
     768* |       0 |       0 |        0 |      0 |     0 |    +0.0% |  -33.477 |     -255.7 |  -116064.9 |   3467 | u_inner.u_anchor.dtlb_hit_q$_DFF_PN0_/RESET_B
     769* |       0 |       0 |        0 |      0 |     0 |    +0.0% |  -33.477 |     -255.7 |  -116064.9 |   3467 | u_inner.u_anchor.dtlb_hit_q$_DFF_PN0_/RESET_B
     770* |       0 |       0 |        0 |      0 |     0 |    +0.0% |  -33.477 |     -255.7 |  -116064.9 |   3467 | u_inner.u_anchor.dtlb_hit_q$_DFF_PN0_/RESET_B
     770* |       0 |       0 |        0 |      0 |     0 |    +0.0% |  -33.477 |     -255.7 |  -116064.9 |   3467 | u_inner.u_anchor.dtlb_hit_q$_DFF_PN0_/RESET_B
     771* |       0 |       0 |        0 |      0 |     0 |    +0.0% |  -33.477 |     -255.7 |  -116064.9 |   3467 | u_inner.u_anchor.dtlb_hit_q$_DFF_PN0_/RESET_B
     772* |       0 |       0 |        0 |      0 |     0 |    +0.0% |  -33.477 |     -255.7 |  -116064.9 |   3467 | u_inner.u_anchor.dtlb_hit_q$_DFF_PN0_/RESET_B
     773* |       0 |       0 |        0 |      0 |     0 |    +0.0% |  -33.477 |     -255.7 |  -116064.9 |   3467 | u_inner.u_anchor.dtlb_hit_q$_DFF_PN0_/RESET_B
     774* |       0 |       0 |        0 |      0 |     0 |    +0.0% |  -33.477 |     -255.7 |  -116064.9 |   3467 | u_inner.u_anchor.dtlb_hit_q$_DFF_PN0_/RESET_B
     775* |       0 |       0 |        0 |      0 |     0 |    +0.0% |  -33.477 |     -255.7 |  -116064.9 |   3467 | u_inner.u_anchor.dtlb_hit_q$_DFF_PN0_/RESET_B
     776* |       0 |       0 |        0 |      0 |     0 |    +0.0% |  -33.477 |     -255.7 |  -116064.9 |   3467 | u_inner.u_anchor.dtlb_hit_q$_DFF_PN0_/RESET_B
     777* |       0 |       0 |        0 |      0 |     0 |    +0.0% |  -33.477 |     -255.7 |  -116064.9 |   3467 | u_inner.u_anchor.dtlb_hit_q$_DFF_PN0_/RESET_B
     778* |       0 |       0 |        0 |      0 |     0 |    +0.0% |  -33.477 |     -255.7 |  -116064.9 |   3467 | u_inner.u_anchor.dtlb_hit_q$_DFF_PN0_/RESET_B
     779* |       0 |       0 |        0 |      0 |     0 |    +0.0% |  -33.477 |     -255.7 |  -116064.9 |   3467 | u_inner.u_anchor.dtlb_hit_q$_DFF_PN0_/RESET_B
     780* |       0 |       0 |        0 |      0 |     0 |    +0.0% |  -33.477 |     -255.7 |  -116064.9 |   3467 | u_inner.u_anchor.dtlb_hit_q$_DFF_PN0_/RESET_B
     780* |       0 |       0 |        0 |      0 |     0 |    +0.0% |  -33.477 |     -255.7 |  -116064.9 |   3467 | u_inner.u_anchor.dtlb_hit_q$_DFF_PN0_/RESET_B
     781* |       0 |       0 |        0 |      0 |     0 |    +0.0% |  -33.477 |     -255.7 |  -116064.9 |   3467 | u_inner.u_anchor.dtlb_hit_q$_DFF_PN0_/RESET_B
     782* |       0 |       0 |        0 |      0 |     0 |    +0.0% |  -33.477 |     -255.7 |  -116064.9 |   3467 | u_inner.u_anchor.dtlb_hit_q$_DFF_PN0_/RESET_B
     783* |       0 |       0 |        0 |      0 |     0 |    +0.0% |  -33.477 |     -255.7 |  -116064.9 |   3467 | u_inner.u_anchor.dtlb_hit_q$_DFF_PN0_/RESET_B
     784* |       0 |       0 |        0 |      0 |     0 |    +0.0% |  -33.477 |     -255.7 |  -116064.9 |   3467 | u_inner.u_anchor.dtlb_hit_q$_DFF_PN0_/RESET_B
     785* |       0 |       0 |        0 |      0 |     0 |    +0.0% |  -33.477 |     -255.7 |  -116064.9 |   3467 | u_inner.u_anchor.dtlb_hit_q$_DFF_PN0_/RESET_B
     786* |       0 |       0 |        0 |      0 |     0 |    +0.0% |  -33.477 |     -255.7 |  -116064.9 |   3467 | u_inner.u_anchor.dtlb_hit_q$_DFF_PN0_/RESET_B
     787* |       0 |       0 |        0 |      0 |     0 |    +0.0% |  -33.477 |     -255.7 |  -116064.9 |   3467 | u_inner.u_anchor.dtlb_hit_q$_DFF_PN0_/RESET_B
     788* |       0 |       0 |        0 |      0 |     0 |    +0.0% |  -33.477 |     -255.7 |  -116064.9 |   3467 | u_inner.u_anchor.dtlb_hit_q$_DFF_PN0_/RESET_B
     789* |       0 |       0 |        0 |      0 |     0 |    +0.0% |  -33.477 |     -255.7 |  -116064.9 |   3467 | u_inner.u_anchor.dtlb_hit_q$_DFF_PN0_/RESET_B
     790* |       0 |       0 |        0 |      0 |     0 |    +0.0% |  -33.477 |     -255.7 |  -116064.9 |   3467 | u_inner.u_anchor.dtlb_hit_q$_DFF_PN0_/RESET_B
     790* |       0 |       0 |        0 |      0 |     0 |    +0.0% |  -33.477 |     -255.7 |  -116064.9 |   3467 | u_inner.u_anchor.dtlb_hit_q$_DFF_PN0_/RESET_B
     791* |       0 |       0 |        0 |      0 |     0 |    +0.0% |  -33.477 |     -255.7 |  -116064.9 |   3467 | u_inner.u_anchor.dtlb_hit_q$_DFF_PN0_/RESET_B
     792* |       0 |       0 |        0 |      0 |     0 |    +0.0% |  -33.477 |     -255.7 |  -116064.9 |   3467 | u_inner.u_anchor.dtlb_hit_q$_DFF_PN0_/RESET_B
     793* |       0 |       0 |        0 |      0 |     0 |    +0.0% |  -33.477 |     -255.7 |  -116064.9 |   3467 | u_inner.u_anchor.dtlb_hit_q$_DFF_PN0_/RESET_B
     794* |       0 |       0 |        0 |      0 |     0 |    +0.0% |  -33.477 |     -255.7 |  -116064.9 |   3467 | u_inner.u_anchor.dtlb_hit_q$_DFF_PN0_/RESET_B
     795* |       0 |       0 |        0 |      0 |     0 |    +0.0% |  -33.477 |     -255.7 |  -116064.9 |   3467 | u_inner.u_anchor.dtlb_hit_q$_DFF_PN0_/RESET_B
     796* |       0 |       0 |        0 |      0 |     0 |    +0.0% |  -33.477 |     -255.7 |  -116064.9 |   3467 | u_inner.u_anchor.dtlb_hit_q$_DFF_PN0_/RESET_B
     797* |       0 |       0 |        0 |      0 |     0 |    +0.0% |  -33.477 |     -255.7 |  -116064.9 |   3467 | u_inner.u_anchor.dtlb_hit_q$_DFF_PN0_/RESET_B
     798* |       0 |       0 |        0 |      0 |     0 |    +0.0% |  -33.477 |     -255.7 |  -116064.9 |   3467 | u_inner.u_anchor.dtlb_hit_q$_DFF_PN0_/RESET_B
     799* |       0 |       0 |        0 |      0 |     0 |    +0.0% |  -33.477 |     -255.7 |  -116064.9 |   3467 | u_inner.u_anchor.dtlb_hit_q$_DFF_PN0_/RESET_B
     800* |       0 |       0 |        0 |      0 |     0 |    +0.0% |  -33.477 |     -255.7 |  -116064.9 |   3467 | u_inner.u_anchor.dtlb_hit_q$_DFF_PN0_/RESET_B
     800* |       0 |       0 |        0 |      0 |     0 |    +0.0% |  -33.477 |     -255.7 |  -116064.9 |   3467 | u_inner.u_anchor.dtlb_hit_q$_DFF_PN0_/RESET_B
     801* |       0 |       0 |        0 |      0 |     0 |    +0.0% |  -33.477 |     -255.7 |  -116064.9 |   3467 | u_inner.u_anchor.dtlb_hit_q$_DFF_PN0_/RESET_B
     802* |       0 |       0 |        0 |      0 |     0 |    +0.0% |  -33.477 |     -255.7 |  -116064.9 |   3467 | u_inner.u_anchor.dtlb_hit_q$_DFF_PN0_/RESET_B
     803* |       0 |       0 |        0 |      0 |     0 |    +0.0% |  -33.477 |     -255.7 |  -116064.9 |   3467 | u_inner.u_anchor.dtlb_hit_q$_DFF_PN0_/RESET_B
     804* |       0 |       0 |        0 |      0 |     0 |    +0.0% |  -33.477 |     -255.7 |  -116064.9 |   3467 | u_inner.u_anchor.dtlb_hit_q$_DFF_PN0_/RESET_B
     805* |       0 |       0 |        0 |      0 |     0 |    +0.0% |  -33.477 |     -255.7 |  -116064.9 |   3467 | u_inner.u_anchor.dtlb_hit_q$_DFF_PN0_/RESET_B
     806* |       0 |       0 |        0 |      0 |     0 |    +0.0% |  -33.477 |     -255.7 |  -116064.9 |   3467 | u_inner.u_anchor.dtlb_hit_q$_DFF_PN0_/RESET_B
     807* |       0 |       0 |        0 |      0 |     0 |    +0.0% |  -33.477 |     -255.7 |  -116064.9 |   3467 | u_inner.u_anchor.dtlb_hit_q$_DFF_PN0_/RESET_B
     808* |       0 |       0 |        0 |      0 |     0 |    +0.0% |  -33.477 |     -255.7 |  -116064.9 |   3467 | u_inner.u_anchor.dtlb_hit_q$_DFF_PN0_/RESET_B
     809* |       0 |       0 |        0 |      0 |     0 |    +0.0% |  -33.477 |     -255.7 |  -116064.9 |   3467 | u_inner.u_anchor.dtlb_hit_q$_DFF_PN0_/RESET_B
     810* |       0 |       0 |        0 |      0 |     0 |    +0.0% |  -33.477 |     -255.7 |  -116064.9 |   3467 | u_inner.u_anchor.dtlb_hit_q$_DFF_PN0_/RESET_B
     810* |       0 |       0 |        0 |      0 |     0 |    +0.0% |  -33.477 |     -255.7 |  -116064.9 |   3467 | u_inner.u_anchor.dtlb_hit_q$_DFF_PN0_/RESET_B
     811* |       0 |       0 |        0 |      0 |     0 |    +0.0% |  -33.477 |     -255.7 |  -116064.9 |   3467 | u_inner.u_anchor.dtlb_hit_q$_DFF_PN0_/RESET_B
     812* |       0 |       0 |        0 |      0 |     0 |    +0.0% |  -33.477 |     -255.7 |  -116064.9 |   3467 | u_inner.u_anchor.dtlb_hit_q$_DFF_PN0_/RESET_B
     813* |       0 |       0 |        0 |      0 |     0 |    +0.0% |  -33.477 |     -255.7 |  -116064.9 |   3467 | u_inner.u_anchor.dtlb_hit_q$_DFF_PN0_/RESET_B
     814* |       0 |       0 |        0 |      0 |     0 |    +0.0% |  -33.477 |     -255.7 |  -116064.9 |   3467 | u_inner.u_anchor.dtlb_hit_q$_DFF_PN0_/RESET_B
     815* |       0 |       0 |        0 |      0 |     0 |    +0.0% |  -33.477 |     -255.7 |  -116064.9 |   3467 | u_inner.u_anchor.dtlb_hit_q$_DFF_PN0_/RESET_B
     816* |       0 |       0 |        0 |      0 |     0 |    +0.0% |  -33.477 |     -255.7 |  -116064.9 |   3467 | u_inner.u_anchor.dtlb_hit_q$_DFF_PN0_/RESET_B
     817* |       0 |       0 |        0 |      0 |     0 |    +0.0% |  -33.477 |     -255.7 |  -116064.9 |   3467 | u_inner.u_anchor.dtlb_hit_q$_DFF_PN0_/RESET_B
     818* |       0 |       0 |        0 |      0 |     0 |    +0.0% |  -33.477 |     -255.7 |  -116064.9 |   3467 | u_inner.u_anchor.dtlb_hit_q$_DFF_PN0_/RESET_B
     819* |       0 |       0 |        0 |      0 |     0 |    +0.0% |  -33.477 |     -255.7 |  -116064.9 |   3467 | u_inner.u_anchor.dtlb_hit_q$_DFF_PN0_/RESET_B
     820* |       0 |       0 |        0 |      0 |     0 |    +0.0% |  -33.477 |     -255.7 |  -116064.9 |   3467 | u_inner.u_anchor.dtlb_hit_q$_DFF_PN0_/RESET_B
     820* |       0 |       0 |        0 |      0 |     0 |    +0.0% |  -33.477 |     -255.7 |  -116064.9 |   3467 | u_inner.u_anchor.dtlb_hit_q$_DFF_PN0_/RESET_B
     821* |       0 |       0 |        0 |      0 |     0 |    +0.0% |  -33.477 |     -255.7 |  -116064.9 |   3467 | u_inner.u_anchor.dtlb_hit_q$_DFF_PN0_/RESET_B
     822* |       0 |       0 |        0 |      0 |     0 |    +0.0% |  -33.477 |     -255.7 |  -116064.9 |   3467 | u_inner.u_anchor.dtlb_hit_q$_DFF_PN0_/RESET_B
     823* |       0 |       0 |        0 |      0 |     0 |    +0.0% |  -33.477 |     -255.7 |  -116064.9 |   3467 | u_inner.u_anchor.dtlb_hit_q$_DFF_PN0_/RESET_B
     824* |       0 |       0 |        0 |      0 |     0 |    +0.0% |  -33.477 |     -255.7 |  -116064.9 |   3467 | u_inner.u_anchor.dtlb_hit_q$_DFF_PN0_/RESET_B
     825* |       0 |       0 |        0 |      0 |     0 |    +0.0% |  -33.477 |     -255.7 |  -116064.9 |   3467 | u_inner.u_anchor.dtlb_hit_q$_DFF_PN0_/RESET_B
     826* |       0 |       0 |        0 |      0 |     0 |    +0.0% |  -33.477 |     -255.7 |  -116064.9 |   3467 | u_inner.u_anchor.dtlb_hit_q$_DFF_PN0_/RESET_B
     827* |       0 |       0 |        0 |      0 |     0 |    +0.0% |  -33.477 |     -255.7 |  -116064.9 |   3467 | u_inner.u_anchor.dtlb_hit_q$_DFF_PN0_/RESET_B
     828* |       0 |       0 |        0 |      0 |     0 |    +0.0% |  -33.477 |     -255.7 |  -116064.9 |   3467 | u_inner.u_anchor.dtlb_hit_q$_DFF_PN0_/RESET_B
     829* |       0 |       0 |        0 |      0 |     0 |    +0.0% |  -33.477 |     -255.7 |  -116064.9 |   3467 | u_inner.u_anchor.dtlb_hit_q$_DFF_PN0_/RESET_B
     830* |       0 |       0 |        0 |      0 |     0 |    +0.0% |  -33.477 |     -255.7 |  -116064.9 |   3467 | u_inner.u_anchor.dtlb_hit_q$_DFF_PN0_/RESET_B
     830* |       0 |       0 |        0 |      0 |     0 |    +0.0% |  -33.477 |     -255.7 |  -116064.9 |   3467 | u_inner.u_anchor.dtlb_hit_q$_DFF_PN0_/RESET_B
     831* |       0 |       0 |        0 |      0 |     0 |    +0.0% |  -33.477 |     -255.7 |  -116064.9 |   3467 | u_inner.u_anchor.dtlb_hit_q$_DFF_PN0_/RESET_B
     832* |       0 |       0 |        0 |      0 |     0 |    +0.0% |  -33.477 |     -255.7 |  -116064.9 |   3467 | u_inner.u_anchor.dtlb_hit_q$_DFF_PN0_/RESET_B
     833* |       0 |       0 |        0 |      0 |     0 |    +0.0% |  -33.477 |     -255.7 |  -116064.9 |   3467 | u_inner.u_anchor.dtlb_hit_q$_DFF_PN0_/RESET_B
     834* |       0 |       0 |        0 |      0 |     0 |    +0.0% |  -33.477 |     -255.7 |  -116064.9 |   3467 | u_inner.u_anchor.dtlb_hit_q$_DFF_PN0_/RESET_B
     835* |       0 |       0 |        0 |      0 |     0 |    +0.0% |  -33.477 |     -255.7 |  -116064.9 |   3467 | u_inner.u_anchor.dtlb_hit_q$_DFF_PN0_/RESET_B
     836* |       0 |       0 |        0 |      0 |     0 |    +0.0% |  -33.477 |     -255.7 |  -116064.9 |   3467 | u_inner.u_anchor.dtlb_hit_q$_DFF_PN0_/RESET_B
     837* |       0 |       0 |        0 |      0 |     0 |    +0.0% |  -33.477 |     -255.7 |  -116064.9 |   3467 | u_inner.u_anchor.dtlb_hit_q$_DFF_PN0_/RESET_B
     838* |       0 |       0 |        0 |      0 |     0 |    +0.0% |  -33.477 |     -255.7 |  -116064.9 |   3467 | u_inner.u_anchor.dtlb_hit_q$_DFF_PN0_/RESET_B
     839* |       0 |       0 |        0 |      0 |     0 |    +0.0% |  -33.477 |     -255.7 |  -116064.9 |   3467 | u_inner.u_anchor.dtlb_hit_q$_DFF_PN0_/RESET_B
     840* |       0 |       0 |        0 |      0 |     0 |    +0.0% |  -33.477 |     -255.7 |  -116064.9 |   3467 | u_inner.u_anchor.dtlb_hit_q$_DFF_PN0_/RESET_B
     840* |       0 |       0 |        0 |      0 |     0 |    +0.0% |  -33.477 |     -255.7 |  -116064.9 |   3467 | u_inner.u_anchor.dtlb_hit_q$_DFF_PN0_/RESET_B
     841* |       0 |       0 |        0 |      0 |     0 |    +0.0% |  -33.477 |     -255.7 |  -116064.9 |   3467 | u_inner.u_anchor.dtlb_hit_q$_DFF_PN0_/RESET_B
     842* |       0 |       0 |        0 |      0 |     0 |    +0.0% |  -33.477 |     -255.7 |  -116064.9 |   3467 | u_inner.u_anchor.dtlb_hit_q$_DFF_PN0_/RESET_B
     843* |       0 |       0 |        0 |      0 |     0 |    +0.0% |  -33.477 |     -255.7 |  -116064.9 |   3467 | u_inner.u_anchor.dtlb_hit_q$_DFF_PN0_/RESET_B
     844* |       0 |       0 |        0 |      0 |     0 |    +0.0% |  -33.477 |     -255.7 |  -116064.9 |   3467 | u_inner.u_anchor.dtlb_hit_q$_DFF_PN0_/RESET_B
     845* |       0 |       0 |        0 |      0 |     0 |    +0.0% |  -33.477 |     -255.7 |  -116064.9 |   3467 | u_inner.u_anchor.dtlb_hit_q$_DFF_PN0_/RESET_B
     846* |       0 |       0 |        0 |      0 |     0 |    +0.0% |  -33.477 |     -255.7 |  -116064.9 |   3467 | u_inner.u_anchor.dtlb_hit_q$_DFF_PN0_/RESET_B
     847* |       0 |       0 |        0 |      0 |     0 |    +0.0% |  -33.477 |     -255.7 |  -116064.9 |   3467 | u_inner.u_anchor.dtlb_hit_q$_DFF_PN0_/RESET_B
     848* |       0 |       0 |        0 |      0 |     0 |    +0.0% |  -33.477 |     -255.7 |  -116064.9 |   3467 | u_inner.u_anchor.dtlb_hit_q$_DFF_PN0_/RESET_B
     849* |       0 |       0 |        0 |      0 |     0 |    +0.0% |  -33.477 |     -255.7 |  -116064.9 |   3467 | u_inner.u_anchor.dtlb_hit_q$_DFF_PN0_/RESET_B
     850* |       0 |       0 |        0 |      0 |     0 |    +0.0% |  -33.477 |     -255.7 |  -116064.9 |   3467 | u_inner.u_anchor.dtlb_hit_q$_DFF_PN0_/RESET_B
     850* |       0 |       0 |        0 |      0 |     0 |    +0.0% |  -33.477 |     -255.7 |  -116064.9 |   3467 | u_inner.u_anchor.dtlb_hit_q$_DFF_PN0_/RESET_B
     851* |       0 |       0 |        0 |      0 |     0 |    +0.0% |  -33.477 |     -255.7 |  -116064.9 |   3467 | u_inner.u_anchor.dtlb_hit_q$_DFF_PN0_/RESET_B
     852* |       0 |       0 |        0 |      0 |     0 |    +0.0% |  -33.477 |     -255.7 |  -116064.9 |   3467 | u_inner.u_anchor.dtlb_hit_q$_DFF_PN0_/RESET_B
     853* |       0 |       0 |        0 |      0 |     0 |    +0.0% |  -33.477 |     -255.7 |  -116064.9 |   3467 | u_inner.u_anchor.dtlb_hit_q$_DFF_PN0_/RESET_B
     854* |       0 |       0 |        0 |      0 |     0 |    +0.0% |  -33.477 |     -255.7 |  -116064.9 |   3467 | u_inner.u_anchor.dtlb_hit_q$_DFF_PN0_/RESET_B
     855* |       0 |       0 |        0 |      0 |     0 |    +0.0% |  -33.477 |     -255.7 |  -116064.9 |   3467 | u_inner.u_anchor.dtlb_hit_q$_DFF_PN0_/RESET_B
     856* |       0 |       0 |        0 |      0 |     0 |    +0.0% |  -33.477 |     -255.7 |  -116064.9 |   3467 | u_inner.u_anchor.dtlb_hit_q$_DFF_PN0_/RESET_B
     857* |       0 |       0 |        0 |      0 |     0 |    +0.0% |  -33.477 |     -255.7 |  -116064.9 |   3467 | u_inner.u_anchor.dtlb_hit_q$_DFF_PN0_/RESET_B
     858* |       0 |       0 |        0 |      0 |     0 |    +0.0% |  -33.477 |     -255.7 |  -116064.9 |   3467 | u_inner.u_anchor.dtlb_hit_q$_DFF_PN0_/RESET_B
     859* |       0 |       0 |        0 |      0 |     0 |    +0.0% |  -33.477 |     -255.7 |  -116064.9 |   3467 | u_inner.u_anchor.dtlb_hit_q$_DFF_PN0_/RESET_B
     860* |       0 |       0 |        0 |      0 |     0 |    +0.0% |  -33.477 |     -255.7 |  -116064.9 |   3467 | u_inner.u_anchor.dtlb_hit_q$_DFF_PN0_/RESET_B
     860* |       0 |       0 |        0 |      0 |     0 |    +0.0% |  -33.477 |     -255.7 |  -116064.9 |   3467 | u_inner.u_anchor.dtlb_hit_q$_DFF_PN0_/RESET_B
     861* |       0 |       0 |        0 |      0 |     0 |    +0.0% |  -33.477 |     -255.7 |  -116064.9 |   3467 | u_inner.u_anchor.dtlb_hit_q$_DFF_PN0_/RESET_B
     862* |       0 |       0 |        0 |      0 |     0 |    +0.0% |  -33.477 |     -255.7 |  -116064.9 |   3467 | u_inner.u_anchor.dtlb_hit_q$_DFF_PN0_/RESET_B
     863* |       0 |       0 |        0 |      0 |     0 |    +0.0% |  -33.477 |     -255.7 |  -116064.9 |   3467 | u_inner.u_anchor.dtlb_hit_q$_DFF_PN0_/RESET_B
     864* |       0 |       0 |        0 |      0 |     0 |    +0.0% |  -33.477 |     -255.7 |  -116064.9 |   3467 | u_inner.u_anchor.dtlb_hit_q$_DFF_PN0_/RESET_B
     865* |       0 |       0 |        0 |      0 |     0 |    +0.0% |  -33.477 |     -255.7 |  -116064.9 |   3467 | u_inner.u_anchor.dtlb_hit_q$_DFF_PN0_/RESET_B
     866* |       0 |       0 |        0 |      0 |     0 |    +0.0% |  -33.477 |     -255.7 |  -116064.9 |   3467 | u_inner.u_anchor.dtlb_hit_q$_DFF_PN0_/RESET_B
     867* |       0 |       0 |        0 |      0 |     0 |    +0.0% |  -33.477 |     -255.7 |  -116064.9 |   3467 | u_inner.u_anchor.dtlb_hit_q$_DFF_PN0_/RESET_B
     868* |       0 |       0 |        0 |      0 |     0 |    +0.0% |  -33.477 |     -255.7 |  -116064.9 |   3467 | u_inner.u_anchor.dtlb_hit_q$_DFF_PN0_/RESET_B
     869* |       0 |       0 |        0 |      0 |     0 |    +0.0% |  -33.477 |     -255.7 |  -116064.9 |   3467 | u_inner.u_anchor.dtlb_hit_q$_DFF_PN0_/RESET_B
     870* |       0 |       0 |        0 |      0 |     0 |    +0.0% |  -33.477 |     -255.7 |  -116064.9 |   3467 | u_inner.u_anchor.dtlb_hit_q$_DFF_PN0_/RESET_B
     870* |       0 |       0 |        0 |      0 |     0 |    +0.0% |  -33.477 |     -255.7 |  -116064.9 |   3467 | u_inner.u_anchor.dtlb_hit_q$_DFF_PN0_/RESET_B
     871* |       0 |       0 |        0 |      0 |     0 |    +0.0% |  -33.477 |     -255.7 |  -116064.9 |   3467 | u_inner.u_anchor.dtlb_hit_q$_DFF_PN0_/RESET_B
     872* |       0 |       0 |        0 |      0 |     0 |    +0.0% |  -33.477 |     -255.7 |  -116064.9 |   3467 | u_inner.u_anchor.dtlb_hit_q$_DFF_PN0_/RESET_B
     873* |       0 |       0 |        0 |      0 |     0 |    +0.0% |  -33.477 |     -255.7 |  -116064.9 |   3467 | u_inner.u_anchor.dtlb_hit_q$_DFF_PN0_/RESET_B
     874* |       0 |       0 |        0 |      0 |     0 |    +0.0% |  -33.477 |     -255.7 |  -116064.9 |   3467 | u_inner.u_anchor.dtlb_hit_q$_DFF_PN0_/RESET_B
     875* |       0 |       0 |        0 |      0 |     0 |    +0.0% |  -33.477 |     -255.7 |  -116064.9 |   3467 | u_inner.u_anchor.dtlb_hit_q$_DFF_PN0_/RESET_B
     876* |       0 |       0 |        0 |      0 |     0 |    +0.0% |  -33.477 |     -255.7 |  -116064.9 |   3467 | u_inner.u_anchor.dtlb_hit_q$_DFF_PN0_/RESET_B
     877* |       0 |       0 |        0 |      0 |     0 |    +0.0% |  -33.477 |     -255.7 |  -116064.9 |   3467 | u_inner.u_anchor.dtlb_hit_q$_DFF_PN0_/RESET_B
     878* |       0 |       0 |        0 |      0 |     0 |    +0.0% |  -33.477 |     -255.7 |  -116064.9 |   3467 | u_inner.u_anchor.dtlb_hit_q$_DFF_PN0_/RESET_B
     879* |       0 |       0 |        0 |      0 |     0 |    +0.0% |  -33.477 |     -255.7 |  -116064.9 |   3467 | u_inner.u_anchor.dtlb_hit_q$_DFF_PN0_/RESET_B
     880* |       0 |       0 |        0 |      0 |     0 |    +0.0% |  -33.477 |     -255.7 |  -116064.9 |   3467 | u_inner.u_anchor.dtlb_hit_q$_DFF_PN0_/RESET_B
     880* |       0 |       0 |        0 |      0 |     0 |    +0.0% |  -33.477 |     -255.7 |  -116064.9 |   3467 | u_inner.u_anchor.dtlb_hit_q$_DFF_PN0_/RESET_B
     881* |       0 |       0 |        0 |      0 |     0 |    +0.0% |  -33.477 |     -255.7 |  -116064.9 |   3467 | u_inner.u_anchor.dtlb_hit_q$_DFF_PN0_/RESET_B
     882* |       0 |       0 |        0 |      0 |     0 |    +0.0% |  -33.477 |     -255.7 |  -116064.9 |   3467 | u_inner.u_anchor.dtlb_hit_q$_DFF_PN0_/RESET_B
     883* |       0 |       0 |        0 |      0 |     0 |    +0.0% |  -33.477 |     -255.7 |  -116064.9 |   3467 | u_inner.u_anchor.dtlb_hit_q$_DFF_PN0_/RESET_B
     884* |       0 |       0 |        0 |      0 |     0 |    +0.0% |  -33.477 |     -255.7 |  -116064.9 |   3467 | u_inner.u_anchor.dtlb_hit_q$_DFF_PN0_/RESET_B
     885* |       0 |       0 |        0 |      0 |     0 |    +0.0% |  -33.477 |     -255.7 |  -116064.9 |   3467 | u_inner.u_anchor.dtlb_hit_q$_DFF_PN0_/RESET_B
     886* |       0 |       0 |        0 |      0 |     0 |    +0.0% |  -33.477 |     -255.7 |  -116064.9 |   3467 | u_inner.u_anchor.dtlb_hit_q$_DFF_PN0_/RESET_B
     887* |       0 |       0 |        0 |      0 |     0 |    +0.0% |  -33.477 |     -255.7 |  -116064.9 |   3467 | u_inner.u_anchor.dtlb_hit_q$_DFF_PN0_/RESET_B
     888* |       0 |       0 |        0 |      0 |     0 |    +0.0% |  -33.477 |     -255.7 |  -116064.9 |   3467 | u_inner.u_anchor.dtlb_hit_q$_DFF_PN0_/RESET_B
     889* |       0 |       0 |        0 |      0 |     0 |    +0.0% |  -33.477 |     -255.7 |  -116064.9 |   3467 | u_inner.u_anchor.dtlb_hit_q$_DFF_PN0_/RESET_B
     890* |       0 |       0 |        0 |      0 |     0 |    +0.0% |  -33.477 |     -255.7 |  -116064.9 |   3467 | u_inner.u_anchor.dtlb_hit_q$_DFF_PN0_/RESET_B
     890* |       0 |       0 |        0 |      0 |     0 |    +0.0% |  -33.477 |     -255.7 |  -116064.9 |   3467 | u_inner.u_anchor.dtlb_hit_q$_DFF_PN0_/RESET_B
     891* |       0 |       0 |        0 |      0 |     0 |    +0.0% |  -33.477 |     -255.7 |  -116064.9 |   3467 | u_inner.u_anchor.dtlb_hit_q$_DFF_PN0_/RESET_B
     892* |       0 |       0 |        0 |      0 |     0 |    +0.0% |  -33.477 |     -255.7 |  -116064.9 |   3467 | u_inner.u_anchor.dtlb_hit_q$_DFF_PN0_/RESET_B
     893* |       0 |       0 |        0 |      0 |     0 |    +0.0% |  -33.477 |     -255.7 |  -116064.9 |   3467 | u_inner.u_anchor.dtlb_hit_q$_DFF_PN0_/RESET_B
     894* |       0 |       0 |        0 |      0 |     0 |    +0.0% |  -33.477 |     -255.7 |  -116064.9 |   3467 | u_inner.u_anchor.dtlb_hit_q$_DFF_PN0_/RESET_B
     895* |       0 |       0 |        0 |      0 |     0 |    +0.0% |  -33.477 |     -255.7 |  -116064.9 |   3467 | u_inner.u_anchor.dtlb_hit_q$_DFF_PN0_/RESET_B
     896* |       0 |       0 |        0 |      0 |     0 |    +0.0% |  -33.477 |     -255.7 |  -116064.9 |   3467 | u_inner.u_anchor.dtlb_hit_q$_DFF_PN0_/RESET_B
     897* |       0 |       0 |        0 |      0 |     0 |    +0.0% |  -33.477 |     -255.7 |  -116064.9 |   3467 | u_inner.u_anchor.dtlb_hit_q$_DFF_PN0_/RESET_B
     898* |       0 |       0 |        0 |      0 |     0 |    +0.0% |  -33.477 |     -255.7 |  -116064.9 |   3467 | u_inner.u_anchor.dtlb_hit_q$_DFF_PN0_/RESET_B
     899* |       0 |       0 |        0 |      0 |     0 |    +0.0% |  -33.477 |     -255.7 |  -116064.9 |   3467 | u_inner.u_anchor.dtlb_hit_q$_DFF_PN0_/RESET_B
     900* |       0 |       0 |        0 |      0 |     0 |    +0.0% |  -33.477 |     -255.7 |  -116064.9 |   3467 | u_inner.u_anchor.dtlb_hit_q$_DFF_PN0_/RESET_B
     900* |       0 |       0 |        0 |      0 |     0 |    +0.0% |  -33.477 |     -255.7 |  -116064.9 |   3467 | u_inner.u_anchor.dtlb_hit_q$_DFF_PN0_/RESET_B
     901* |       0 |       0 |        0 |      0 |     0 |    +0.0% |  -33.477 |     -255.7 |  -116064.9 |   3467 | u_inner.u_anchor.dtlb_hit_q$_DFF_PN0_/RESET_B
     902* |       0 |       0 |        0 |      0 |     0 |    +0.0% |  -33.477 |     -255.7 |  -116064.9 |   3467 | u_inner.u_anchor.dtlb_hit_q$_DFF_PN0_/RESET_B
     903* |       0 |       0 |        0 |      0 |     0 |    +0.0% |  -33.477 |     -255.7 |  -116064.9 |   3467 | u_inner.u_anchor.dtlb_hit_q$_DFF_PN0_/RESET_B
     904* |       0 |       0 |        0 |      0 |     0 |    +0.0% |  -33.477 |     -255.7 |  -116064.9 |   3467 | u_inner.u_anchor.dtlb_hit_q$_DFF_PN0_/RESET_B
     905* |       0 |       0 |        0 |      0 |     0 |    +0.0% |  -33.477 |     -255.7 |  -116064.9 |   3467 | u_inner.u_anchor.dtlb_hit_q$_DFF_PN0_/RESET_B
     906* |       0 |       0 |        0 |      0 |     0 |    +0.0% |  -33.477 |     -255.7 |  -116064.9 |   3467 | u_inner.u_anchor.dtlb_hit_q$_DFF_PN0_/RESET_B
     907* |       0 |       0 |        0 |      0 |     0 |    +0.0% |  -33.477 |     -255.7 |  -116064.9 |   3467 | u_inner.u_anchor.dtlb_hit_q$_DFF_PN0_/RESET_B
     908* |       0 |       0 |        0 |      0 |     0 |    +0.0% |  -33.477 |     -255.7 |  -116064.9 |   3467 | u_inner.u_anchor.dtlb_hit_q$_DFF_PN0_/RESET_B
     909* |       0 |       0 |        0 |      0 |     0 |    +0.0% |  -33.477 |     -255.7 |  -116064.9 |   3467 | u_inner.u_anchor.dtlb_hit_q$_DFF_PN0_/RESET_B
     910* |       0 |       0 |        0 |      0 |     0 |    +0.0% |  -33.477 |     -255.7 |  -116064.9 |   3467 | u_inner.u_anchor.dtlb_hit_q$_DFF_PN0_/RESET_B
     910* |       0 |       0 |        0 |      0 |     0 |    +0.0% |  -33.477 |     -255.7 |  -116064.9 |   3467 | u_inner.u_anchor.dtlb_hit_q$_DFF_PN0_/RESET_B
     911* |       0 |       0 |        0 |      0 |     0 |    +0.0% |  -33.477 |     -255.7 |  -116064.9 |   3467 | u_inner.u_anchor.dtlb_hit_q$_DFF_PN0_/RESET_B
     912* |       0 |       0 |        0 |      0 |     0 |    +0.0% |  -33.477 |     -255.7 |  -116064.9 |   3467 | u_inner.u_anchor.dtlb_hit_q$_DFF_PN0_/RESET_B
     913* |       0 |       0 |        0 |      0 |     0 |    +0.0% |  -33.477 |     -255.7 |  -116064.9 |   3467 | u_inner.u_anchor.dtlb_hit_q$_DFF_PN0_/RESET_B
     914* |       0 |       0 |        0 |      0 |     0 |    +0.0% |  -33.477 |     -255.7 |  -116064.9 |   3467 | u_inner.u_anchor.dtlb_hit_q$_DFF_PN0_/RESET_B
     915* |       0 |       0 |        0 |      0 |     0 |    +0.0% |  -33.477 |     -255.7 |  -116064.9 |   3467 | u_inner.u_anchor.dtlb_hit_q$_DFF_PN0_/RESET_B
     916* |       0 |       0 |        0 |      0 |     0 |    +0.0% |  -33.477 |     -255.7 |  -116064.9 |   3467 | u_inner.u_anchor.dtlb_hit_q$_DFF_PN0_/RESET_B
     917* |       0 |       0 |        0 |      0 |     0 |    +0.0% |  -33.477 |     -255.7 |  -116064.9 |   3467 | u_inner.u_anchor.dtlb_hit_q$_DFF_PN0_/RESET_B
     918* |       0 |       0 |        0 |      0 |     0 |    +0.0% |  -33.477 |     -255.7 |  -116064.9 |   3467 | u_inner.u_anchor.dtlb_hit_q$_DFF_PN0_/RESET_B
     919* |       0 |       0 |        0 |      0 |     0 |    +0.0% |  -33.477 |     -255.7 |  -116064.9 |   3467 | u_inner.u_anchor.dtlb_hit_q$_DFF_PN0_/RESET_B
     920* |       0 |       0 |        0 |      0 |     0 |    +0.0% |  -33.477 |     -255.7 |  -116064.9 |   3467 | u_inner.u_anchor.dtlb_hit_q$_DFF_PN0_/RESET_B
     920* |       0 |       0 |        0 |      0 |     0 |    +0.0% |  -33.477 |     -255.7 |  -116064.9 |   3467 | u_inner.u_anchor.dtlb_hit_q$_DFF_PN0_/RESET_B
     921* |       0 |       0 |        0 |      0 |     0 |    +0.0% |  -33.477 |     -255.7 |  -116064.9 |   3467 | u_inner.u_anchor.dtlb_hit_q$_DFF_PN0_/RESET_B
     922* |       0 |       0 |        0 |      0 |     0 |    +0.0% |  -33.477 |     -255.7 |  -116064.9 |   3467 | u_inner.u_anchor.dtlb_hit_q$_DFF_PN0_/RESET_B
     923* |       0 |       0 |        0 |      0 |     0 |    +0.0% |  -33.477 |     -255.7 |  -116064.9 |   3467 | u_inner.u_anchor.dtlb_hit_q$_DFF_PN0_/RESET_B
     924* |       0 |       0 |        0 |      0 |     0 |    +0.0% |  -33.477 |     -255.7 |  -116064.9 |   3467 | u_inner.u_anchor.dtlb_hit_q$_DFF_PN0_/RESET_B
     925* |       0 |       0 |        0 |      0 |     0 |    +0.0% |  -33.477 |     -255.7 |  -116064.9 |   3467 | u_inner.u_anchor.dtlb_hit_q$_DFF_PN0_/RESET_B
     926* |       0 |       0 |        0 |      0 |     0 |    +0.0% |  -33.477 |     -255.7 |  -116064.9 |   3467 | u_inner.u_anchor.dtlb_hit_q$_DFF_PN0_/RESET_B
     927* |       0 |       0 |        0 |      0 |     0 |    +0.0% |  -33.477 |     -255.7 |  -116064.9 |   3467 | u_inner.u_anchor.dtlb_hit_q$_DFF_PN0_/RESET_B
     928* |       0 |       0 |        0 |      0 |     0 |    +0.0% |  -33.477 |     -255.7 |  -116064.9 |   3467 | u_inner.u_anchor.dtlb_hit_q$_DFF_PN0_/RESET_B
     929* |       0 |       0 |        0 |      0 |     0 |    +0.0% |  -33.477 |     -255.7 |  -116064.9 |   3467 | u_inner.u_anchor.dtlb_hit_q$_DFF_PN0_/RESET_B
     930* |       0 |       0 |        0 |      0 |     0 |    +0.0% |  -33.477 |     -255.7 |  -116064.9 |   3467 | u_inner.u_anchor.dtlb_hit_q$_DFF_PN0_/RESET_B
     930* |       0 |       0 |        0 |      0 |     0 |    +0.0% |  -33.477 |     -255.7 |  -116064.9 |   3467 | u_inner.u_anchor.dtlb_hit_q$_DFF_PN0_/RESET_B
     931* |       0 |       0 |        0 |      0 |     0 |    +0.0% |  -33.477 |     -255.7 |  -116064.9 |   3467 | u_inner.u_anchor.dtlb_hit_q$_DFF_PN0_/RESET_B
     932* |       0 |       0 |        0 |      0 |     0 |    +0.0% |  -33.477 |     -255.7 |  -116064.9 |   3467 | u_inner.u_anchor.dtlb_hit_q$_DFF_PN0_/RESET_B
     933* |       0 |       0 |        0 |      0 |     0 |    +0.0% |  -33.477 |     -255.7 |  -116064.9 |   3467 | u_inner.u_anchor.dtlb_hit_q$_DFF_PN0_/RESET_B
     934* |       0 |       0 |        0 |      0 |     0 |    +0.0% |  -33.477 |     -255.7 |  -116064.9 |   3467 | u_inner.u_anchor.dtlb_hit_q$_DFF_PN0_/RESET_B
     935* |       0 |       0 |        0 |      0 |     0 |    +0.0% |  -33.477 |     -255.7 |  -116064.9 |   3467 | u_inner.u_anchor.dtlb_hit_q$_DFF_PN0_/RESET_B
     936* |       0 |       0 |        0 |      0 |     0 |    +0.0% |  -33.477 |     -255.7 |  -116064.9 |   3467 | u_inner.u_anchor.dtlb_hit_q$_DFF_PN0_/RESET_B
     937* |       0 |       0 |        0 |      0 |     0 |    +0.0% |  -33.477 |     -255.7 |  -116064.9 |   3467 | u_inner.u_anchor.dtlb_hit_q$_DFF_PN0_/RESET_B
     938* |       0 |       0 |        0 |      0 |     0 |    +0.0% |  -33.477 |     -255.7 |  -116064.9 |   3467 | u_inner.u_anchor.dtlb_hit_q$_DFF_PN0_/RESET_B
     939* |       0 |       0 |        0 |      0 |     0 |    +0.0% |  -33.477 |     -255.7 |  -116064.9 |   3467 | u_inner.u_anchor.dtlb_hit_q$_DFF_PN0_/RESET_B
     940* |       0 |       0 |        0 |      0 |     0 |    +0.0% |  -33.477 |     -255.7 |  -116064.9 |   3467 | u_inner.u_anchor.dtlb_hit_q$_DFF_PN0_/RESET_B
     940* |       0 |       0 |        0 |      0 |     0 |    +0.0% |  -33.477 |     -255.7 |  -116064.9 |   3467 | u_inner.u_anchor.dtlb_hit_q$_DFF_PN0_/RESET_B
     941* |       0 |       0 |        0 |      0 |     0 |    +0.0% |  -33.477 |     -255.7 |  -116064.9 |   3467 | u_inner.u_anchor.dtlb_hit_q$_DFF_PN0_/RESET_B
     942* |       0 |       0 |        0 |      0 |     0 |    +0.0% |  -33.477 |     -255.7 |  -116064.9 |   3467 | u_inner.u_anchor.dtlb_hit_q$_DFF_PN0_/RESET_B
     943* |       0 |       0 |        0 |      0 |     0 |    +0.0% |  -33.477 |     -255.7 |  -116064.9 |   3467 | u_inner.u_anchor.dtlb_hit_q$_DFF_PN0_/RESET_B
     944* |       0 |       0 |        0 |      0 |     0 |    +0.0% |  -33.477 |     -255.7 |  -116064.9 |   3467 | u_inner.u_anchor.dtlb_hit_q$_DFF_PN0_/RESET_B
     945* |       0 |       0 |        0 |      0 |     0 |    +0.0% |  -33.477 |     -255.7 |  -116064.9 |   3467 | u_inner.u_anchor.dtlb_hit_q$_DFF_PN0_/RESET_B
     946* |       0 |       0 |        0 |      0 |     0 |    +0.0% |  -33.477 |     -255.7 |  -116064.9 |   3467 | u_inner.u_anchor.dtlb_hit_q$_DFF_PN0_/RESET_B
     947* |       0 |       0 |        0 |      0 |     0 |    +0.0% |  -33.477 |     -255.7 |  -116064.9 |   3467 | u_inner.u_anchor.dtlb_hit_q$_DFF_PN0_/RESET_B
     948* |       0 |       0 |        0 |      0 |     0 |    +0.0% |  -33.477 |     -255.7 |  -116064.9 |   3467 | u_inner.u_anchor.dtlb_hit_q$_DFF_PN0_/RESET_B
     949* |       0 |       0 |        0 |      0 |     0 |    +0.0% |  -33.477 |     -255.7 |  -116064.9 |   3467 | u_inner.u_anchor.dtlb_hit_q$_DFF_PN0_/RESET_B
     950* |       0 |       0 |        0 |      0 |     0 |    +0.0% |  -33.477 |     -255.7 |  -116064.9 |   3467 | u_inner.u_anchor.dtlb_hit_q$_DFF_PN0_/RESET_B
     950* |       0 |       0 |        0 |      0 |     0 |    +0.0% |  -33.477 |     -255.7 |  -116064.9 |   3467 | u_inner.u_anchor.dtlb_hit_q$_DFF_PN0_/RESET_B
     951* |       0 |       0 |        0 |      0 |     0 |    +0.0% |  -33.477 |     -255.7 |  -116064.9 |   3467 | u_inner.u_anchor.dtlb_hit_q$_DFF_PN0_/RESET_B
     952* |       0 |       0 |        0 |      0 |     0 |    +0.0% |  -33.477 |     -255.7 |  -116064.9 |   3467 | u_inner.u_anchor.dtlb_hit_q$_DFF_PN0_/RESET_B
     953* |       0 |       0 |        0 |      0 |     0 |    +0.0% |  -33.477 |     -255.7 |  -116064.9 |   3467 | u_inner.u_anchor.dtlb_hit_q$_DFF_PN0_/RESET_B
     954* |       0 |       0 |        0 |      0 |     0 |    +0.0% |  -33.477 |     -255.7 |  -116064.9 |   3467 | u_inner.u_anchor.dtlb_hit_q$_DFF_PN0_/RESET_B
     955* |       0 |       0 |        0 |      0 |     0 |    +0.0% |  -33.477 |     -255.7 |  -116064.9 |   3467 | u_inner.u_anchor.dtlb_hit_q$_DFF_PN0_/RESET_B
     956* |       0 |       0 |        0 |      0 |     0 |    +0.0% |  -33.477 |     -255.7 |  -116064.9 |   3467 | u_inner.u_anchor.dtlb_hit_q$_DFF_PN0_/RESET_B
     957* |       0 |       0 |        0 |      0 |     0 |    +0.0% |  -33.477 |     -255.7 |  -116064.9 |   3467 | u_inner.u_anchor.dtlb_hit_q$_DFF_PN0_/RESET_B
     958* |       0 |       0 |        0 |      0 |     0 |    +0.0% |  -33.477 |     -255.7 |  -116064.9 |   3467 | u_inner.u_anchor.dtlb_hit_q$_DFF_PN0_/RESET_B
     959* |       0 |       0 |        0 |      0 |     0 |    +0.0% |  -33.477 |     -255.7 |  -116064.9 |   3467 | u_inner.u_anchor.dtlb_hit_q$_DFF_PN0_/RESET_B
     960* |       0 |       0 |        0 |      0 |     0 |    +0.0% |  -33.477 |     -255.7 |  -116064.9 |   3467 | u_inner.u_anchor.dtlb_hit_q$_DFF_PN0_/RESET_B
     960* |       0 |       0 |        0 |      0 |     0 |    +0.0% |  -33.477 |     -255.7 |  -116064.9 |   3467 | u_inner.u_anchor.dtlb_hit_q$_DFF_PN0_/RESET_B
     961* |       0 |       0 |        0 |      0 |     0 |    +0.0% |  -33.477 |     -255.7 |  -116064.9 |   3467 | u_inner.u_anchor.dtlb_hit_q$_DFF_PN0_/RESET_B
     962* |       0 |       0 |        0 |      0 |     0 |    +0.0% |  -33.477 |     -255.7 |  -116064.9 |   3467 | u_inner.u_anchor.dtlb_hit_q$_DFF_PN0_/RESET_B
     963* |       0 |       0 |        0 |      0 |     0 |    +0.0% |  -33.477 |     -255.7 |  -116064.9 |   3467 | u_inner.u_anchor.dtlb_hit_q$_DFF_PN0_/RESET_B
     964* |       0 |       0 |        0 |      0 |     0 |    +0.0% |  -33.477 |     -255.7 |  -116064.9 |   3467 | u_inner.u_anchor.dtlb_hit_q$_DFF_PN0_/RESET_B
     965* |       0 |       0 |        0 |      0 |     0 |    +0.0% |  -33.477 |     -255.7 |  -116064.9 |   3467 | u_inner.u_anchor.dtlb_hit_q$_DFF_PN0_/RESET_B
     966* |       0 |       0 |        0 |      0 |     0 |    +0.0% |  -33.477 |     -255.7 |  -116064.9 |   3467 | u_inner.u_anchor.dtlb_hit_q$_DFF_PN0_/RESET_B
     967* |       0 |       0 |        0 |      0 |     0 |    +0.0% |  -33.477 |     -255.7 |  -116064.9 |   3467 | u_inner.u_anchor.dtlb_hit_q$_DFF_PN0_/RESET_B
     968* |       0 |       0 |        0 |      0 |     0 |    +0.0% |  -33.477 |     -255.7 |  -116064.9 |   3467 | u_inner.u_anchor.dtlb_hit_q$_DFF_PN0_/RESET_B
     969* |       0 |       0 |        0 |      0 |     0 |    +0.0% |  -33.477 |     -255.7 |  -116064.9 |   3467 | u_inner.u_anchor.dtlb_hit_q$_DFF_PN0_/RESET_B
     970* |       0 |       0 |        0 |      0 |     0 |    +0.0% |  -33.477 |     -255.7 |  -116064.9 |   3467 | u_inner.u_anchor.dtlb_hit_q$_DFF_PN0_/RESET_B
     970* |       0 |       0 |        0 |      0 |     0 |    +0.0% |  -33.477 |     -255.7 |  -116064.9 |   3467 | u_inner.u_anchor.dtlb_hit_q$_DFF_PN0_/RESET_B
     971* |       0 |       0 |        0 |      0 |     0 |    +0.0% |  -33.477 |     -255.7 |  -116064.9 |   3467 | u_inner.u_anchor.dtlb_hit_q$_DFF_PN0_/RESET_B
     972* |       0 |       0 |        0 |      0 |     0 |    +0.0% |  -33.477 |     -255.7 |  -116064.9 |   3467 | u_inner.u_anchor.dtlb_hit_q$_DFF_PN0_/RESET_B
     973* |       0 |       0 |        0 |      0 |     0 |    +0.0% |  -33.477 |     -255.7 |  -116064.9 |   3467 | u_inner.u_anchor.dtlb_hit_q$_DFF_PN0_/RESET_B
     974* |       0 |       0 |        0 |      0 |     0 |    +0.0% |  -33.477 |     -255.7 |  -116064.9 |   3467 | u_inner.u_anchor.dtlb_hit_q$_DFF_PN0_/RESET_B
     975* |       0 |       0 |        0 |      0 |     0 |    +0.0% |  -33.477 |     -255.7 |  -116064.9 |   3467 | u_inner.u_anchor.dtlb_hit_q$_DFF_PN0_/RESET_B
     976* |       0 |       0 |        0 |      0 |     0 |    +0.0% |  -33.477 |     -255.7 |  -116064.9 |   3467 | u_inner.u_anchor.dtlb_hit_q$_DFF_PN0_/RESET_B
     977* |       0 |       0 |        0 |      0 |     0 |    +0.0% |  -33.477 |     -255.7 |  -116064.9 |   3467 | u_inner.u_anchor.dtlb_hit_q$_DFF_PN0_/RESET_B
     978* |       0 |       0 |        0 |      0 |     0 |    +0.0% |  -33.477 |     -255.7 |  -116064.9 |   3467 | u_inner.u_anchor.dtlb_hit_q$_DFF_PN0_/RESET_B
     979* |       0 |       0 |        0 |      0 |     0 |    +0.0% |  -33.477 |     -255.7 |  -116064.9 |   3467 | u_inner.u_anchor.dtlb_hit_q$_DFF_PN0_/RESET_B
     980* |       0 |       0 |        0 |      0 |     0 |    +0.0% |  -33.477 |     -255.7 |  -116064.9 |   3467 | u_inner.u_anchor.dtlb_hit_q$_DFF_PN0_/RESET_B
     980* |       0 |       0 |        0 |      0 |     0 |    +0.0% |  -33.477 |     -255.7 |  -116064.9 |   3467 | u_inner.u_anchor.dtlb_hit_q$_DFF_PN0_/RESET_B
     981* |       0 |       0 |        0 |      0 |     0 |    +0.0% |  -33.477 |     -255.7 |  -116064.9 |   3467 | u_inner.u_anchor.dtlb_hit_q$_DFF_PN0_/RESET_B
     982* |       0 |       0 |        0 |      0 |     0 |    +0.0% |  -33.477 |     -255.7 |  -116064.9 |   3467 | u_inner.u_anchor.dtlb_hit_q$_DFF_PN0_/RESET_B
     983* |       0 |       0 |        0 |      0 |     0 |    +0.0% |  -33.477 |     -255.7 |  -116064.9 |   3467 | u_inner.u_anchor.dtlb_hit_q$_DFF_PN0_/RESET_B
     984* |       0 |       0 |        0 |      0 |     0 |    +0.0% |  -33.477 |     -255.7 |  -116064.9 |   3467 | u_inner.u_anchor.dtlb_hit_q$_DFF_PN0_/RESET_B
     985* |       0 |       0 |        0 |      0 |     0 |    +0.0% |  -33.477 |     -255.7 |  -116064.9 |   3467 | u_inner.u_anchor.dtlb_hit_q$_DFF_PN0_/RESET_B
     986* |       0 |       0 |        0 |      0 |     0 |    +0.0% |  -33.477 |     -255.7 |  -116064.9 |   3467 | u_inner.u_anchor.dtlb_hit_q$_DFF_PN0_/RESET_B
     987* |       0 |       0 |        0 |      0 |     0 |    +0.0% |  -33.477 |     -255.7 |  -116064.9 |   3467 | u_inner.u_anchor.dtlb_hit_q$_DFF_PN0_/RESET_B
     988* |       0 |       0 |        0 |      0 |     0 |    +0.0% |  -33.477 |     -255.7 |  -116064.9 |   3467 | u_inner.u_anchor.dtlb_hit_q$_DFF_PN0_/RESET_B
     989* |       0 |       0 |        0 |      0 |     0 |    +0.0% |  -33.477 |     -255.7 |  -116064.9 |   3467 | u_inner.u_anchor.dtlb_hit_q$_DFF_PN0_/RESET_B
     990* |       0 |       0 |        0 |      0 |     0 |    +0.0% |  -33.477 |     -255.7 |  -116064.9 |   3467 | u_inner.u_anchor.dtlb_hit_q$_DFF_PN0_/RESET_B
     990* |       0 |       0 |        0 |      0 |     0 |    +0.0% |  -33.477 |     -255.7 |  -116064.9 |   3467 | u_inner.u_anchor.dtlb_hit_q$_DFF_PN0_/RESET_B
     991* |       0 |       0 |        0 |      0 |     0 |    +0.0% |  -33.477 |     -255.7 |  -116064.9 |   3467 | u_inner.u_anchor.dtlb_hit_q$_DFF_PN0_/RESET_B
     992* |       0 |       0 |        0 |      0 |     0 |    +0.0% |  -33.477 |     -255.7 |  -116064.9 |   3467 | u_inner.u_anchor.dtlb_hit_q$_DFF_PN0_/RESET_B
     993* |       0 |       0 |        0 |      0 |     0 |    +0.0% |  -33.477 |     -255.7 |  -116064.9 |   3467 | u_inner.u_anchor.dtlb_hit_q$_DFF_PN0_/RESET_B
     994* |       0 |       0 |        0 |      0 |     0 |    +0.0% |  -33.477 |     -255.7 |  -116064.9 |   3467 | u_inner.u_anchor.dtlb_hit_q$_DFF_PN0_/RESET_B
     995* |       0 |       0 |        0 |      0 |     0 |    +0.0% |  -33.477 |     -255.7 |  -116064.9 |   3467 | u_inner.u_anchor.dtlb_hit_q$_DFF_PN0_/RESET_B
     996* |       0 |       0 |        0 |      0 |     0 |    +0.0% |  -33.477 |     -255.7 |  -116064.9 |   3467 | u_inner.u_anchor.dtlb_hit_q$_DFF_PN0_/RESET_B
     997* |       0 |       0 |        0 |      0 |     0 |    +0.0% |  -33.477 |     -255.7 |  -116064.9 |   3467 | u_inner.u_anchor.dtlb_hit_q$_DFF_PN0_/RESET_B
     998* |       0 |       0 |        0 |      0 |     0 |    +0.0% |  -33.477 |     -255.7 |  -116064.9 |   3467 | u_inner.u_anchor.dtlb_hit_q$_DFF_PN0_/RESET_B
     999* |       0 |       0 |        0 |      0 |     0 |    +0.0% |  -33.477 |     -255.7 |  -116064.9 |   3467 | u_inner.u_anchor.dtlb_hit_q$_DFF_PN0_/RESET_B
    1000* |       0 |       0 |        0 |      0 |     0 |    +0.0% |  -33.477 |     -255.7 |  -116064.9 |   3467 | u_inner.u_anchor.dtlb_hit_q$_DFF_PN0_/RESET_B
    1000* |       0 |       0 |        0 |      0 |     0 |    +0.0% |  -33.477 |     -255.7 |  -116064.9 |   3467 | u_inner.u_anchor.dtlb_hit_q$_DFF_PN0_/RESET_B
    1001* |       0 |       0 |        0 |      0 |     0 |    +0.0% |  -33.477 |     -255.7 |  -116064.9 |   3467 | u_inner.u_anchor.dtlb_hit_q$_DFF_PN0_/RESET_B
    1002* |       0 |       0 |        0 |      0 |     0 |    +0.0% |  -33.477 |     -255.7 |  -116064.9 |   3467 | u_inner.u_anchor.dtlb_hit_q$_DFF_PN0_/RESET_B
    1003* |       0 |       0 |        0 |      0 |     0 |    +0.0% |  -33.477 |     -255.7 |  -116064.9 |   3467 | u_inner.u_anchor.dtlb_hit_q$_DFF_PN0_/RESET_B
    1004* |       0 |       0 |        0 |      0 |     0 |    +0.0% |  -33.477 |     -255.7 |  -116064.9 |   3467 | u_inner.u_anchor.dtlb_hit_q$_DFF_PN0_/RESET_B
    1005* |       0 |       0 |        0 |      0 |     0 |    +0.0% |  -33.477 |     -255.7 |  -116064.9 |   3467 | u_inner.u_anchor.dtlb_hit_q$_DFF_PN0_/RESET_B
    1006* |       0 |       0 |        0 |      0 |     0 |    +0.0% |  -33.477 |     -255.7 |  -116064.9 |   3467 | u_inner.u_anchor.dtlb_hit_q$_DFF_PN0_/RESET_B
    1007* |       0 |       0 |        0 |      0 |     0 |    +0.0% |  -33.477 |     -255.7 |  -116064.9 |   3467 | u_inner.u_anchor.dtlb_hit_q$_DFF_PN0_/RESET_B
    1008* |       0 |       0 |        0 |      0 |     0 |    +0.0% |  -33.477 |     -255.7 |  -116064.9 |   3467 | u_inner.u_anchor.dtlb_hit_q$_DFF_PN0_/RESET_B
    1009* |       0 |       0 |        0 |      0 |     0 |    +0.0% |  -33.477 |     -255.7 |  -116064.9 |   3467 | u_inner.u_anchor.dtlb_hit_q$_DFF_PN0_/RESET_B
    1010* |       0 |       0 |        0 |      0 |     0 |    +0.0% |  -33.477 |     -255.7 |  -116064.9 |   3467 | u_inner.u_anchor.dtlb_hit_q$_DFF_PN0_/RESET_B
    1010* |       0 |       0 |        0 |      0 |     0 |    +0.0% |  -33.477 |     -255.7 |  -116064.9 |   3467 | u_inner.u_anchor.dtlb_hit_q$_DFF_PN0_/RESET_B
    1011* |       0 |       0 |        0 |      0 |     0 |    +0.0% |  -33.477 |     -255.7 |  -116064.9 |   3467 | u_inner.u_anchor.dtlb_hit_q$_DFF_PN0_/RESET_B
    1012* |       0 |       0 |        0 |      0 |     0 |    +0.0% |  -33.477 |     -255.7 |  -116064.9 |   3467 | u_inner.u_anchor.dtlb_hit_q$_DFF_PN0_/RESET_B
    1013* |       0 |       0 |        0 |      0 |     0 |    +0.0% |  -33.477 |     -255.7 |  -116064.9 |   3467 | u_inner.u_anchor.dtlb_hit_q$_DFF_PN0_/RESET_B
    1014* |       0 |       0 |        0 |      0 |     0 |    +0.0% |  -33.477 |     -255.7 |  -116064.9 |   3467 | u_inner.u_anchor.dtlb_hit_q$_DFF_PN0_/RESET_B
    1015* |       0 |       0 |        0 |      0 |     0 |    +0.0% |  -33.477 |     -255.7 |  -116064.9 |   3467 | u_inner.u_anchor.dtlb_hit_q$_DFF_PN0_/RESET_B
    1016* |       0 |       0 |        0 |      0 |     0 |    +0.0% |  -33.477 |     -255.7 |  -116064.9 |   3467 | u_inner.u_anchor.dtlb_hit_q$_DFF_PN0_/RESET_B
    1017* |       0 |       0 |        0 |      0 |     0 |    +0.0% |  -33.477 |     -255.7 |  -116064.9 |   3467 | u_inner.u_anchor.dtlb_hit_q$_DFF_PN0_/RESET_B
    1018* |       0 |       0 |        0 |      0 |     0 |    +0.0% |  -33.477 |     -255.7 |  -116064.9 |   3467 | u_inner.u_anchor.dtlb_hit_q$_DFF_PN0_/RESET_B
    1019* |       0 |       0 |        0 |      0 |     0 |    +0.0% |  -33.477 |     -255.7 |  -116064.9 |   3467 | u_inner.u_anchor.dtlb_hit_q$_DFF_PN0_/RESET_B
    1020* |       0 |       0 |        0 |      0 |     0 |    +0.0% |  -33.477 |     -255.7 |  -116064.9 |   3467 | u_inner.u_anchor.dtlb_hit_q$_DFF_PN0_/RESET_B
    1020* |       0 |       0 |        0 |      0 |     0 |    +0.0% |  -33.477 |     -255.7 |  -116064.9 |   3467 | u_inner.u_anchor.dtlb_hit_q$_DFF_PN0_/RESET_B
    1021* |       0 |       0 |        0 |      0 |     0 |    +0.0% |  -33.477 |     -255.7 |  -116064.9 |   3467 | u_inner.u_anchor.dtlb_hit_q$_DFF_PN0_/RESET_B
    1022* |       0 |       0 |        0 |      0 |     0 |    +0.0% |  -33.477 |     -255.7 |  -116064.9 |   3467 | u_inner.u_anchor.dtlb_hit_q$_DFF_PN0_/RESET_B
    1023* |       0 |       0 |        0 |      0 |     0 |    +0.0% |  -33.477 |     -255.7 |  -116064.9 |   3467 | u_inner.u_anchor.dtlb_hit_q$_DFF_PN0_/RESET_B
    1024* |       0 |       0 |        0 |      0 |     0 |    +0.0% |  -33.477 |     -255.7 |  -116064.9 |   3467 | u_inner.u_anchor.dtlb_hit_q$_DFF_PN0_/RESET_B
    1025* |       0 |       0 |        0 |      0 |     0 |    +0.0% |  -33.477 |     -255.7 |  -116064.9 |   3467 | u_inner.u_anchor.dtlb_hit_q$_DFF_PN0_/RESET_B
    1026* |       0 |       0 |        0 |      0 |     0 |    +0.0% |  -33.477 |     -255.7 |  -116064.9 |   3467 | u_inner.u_anchor.dtlb_hit_q$_DFF_PN0_/RESET_B
    1027* |       0 |       0 |        0 |      0 |     0 |    +0.0% |  -33.477 |     -255.7 |  -116064.9 |   3467 | u_inner.u_anchor.dtlb_hit_q$_DFF_PN0_/RESET_B
    1028* |       0 |       0 |        0 |      0 |     0 |    +0.0% |  -33.477 |     -255.7 |  -116064.9 |   3467 | u_inner.u_anchor.dtlb_hit_q$_DFF_PN0_/RESET_B
    1029* |       0 |       0 |        0 |      0 |     0 |    +0.0% |  -33.477 |     -255.7 |  -116064.9 |   3467 | u_inner.u_anchor.dtlb_hit_q$_DFF_PN0_/RESET_B
    1030* |       0 |       0 |        0 |      0 |     0 |    +0.0% |  -33.477 |     -255.7 |  -116064.9 |   3467 | u_inner.u_anchor.dtlb_hit_q$_DFF_PN0_/RESET_B
    1030* |       0 |       0 |        0 |      0 |     0 |    +0.0% |  -33.477 |     -255.7 |  -116064.9 |   3467 | u_inner.u_anchor.dtlb_hit_q$_DFF_PN0_/RESET_B
    1031* |       0 |       0 |        0 |      0 |     0 |    +0.0% |  -33.477 |     -255.7 |  -116064.9 |   3467 | u_inner.u_anchor.dtlb_hit_q$_DFF_PN0_/RESET_B
    1032* |       0 |       0 |        0 |      0 |     0 |    +0.0% |  -33.477 |     -255.7 |  -116064.9 |   3467 | u_inner.u_anchor.dtlb_hit_q$_DFF_PN0_/RESET_B
    1033* |       0 |       0 |        0 |      0 |     0 |    +0.0% |  -33.477 |     -255.7 |  -116064.9 |   3467 | u_inner.u_anchor.dtlb_hit_q$_DFF_PN0_/RESET_B
    1034* |       0 |       0 |        0 |      0 |     0 |    +0.0% |  -33.477 |     -255.7 |  -116064.9 |   3467 | u_inner.u_anchor.dtlb_hit_q$_DFF_PN0_/RESET_B
    1035* |       0 |       0 |        0 |      0 |     0 |    +0.0% |  -33.477 |     -255.7 |  -116064.9 |   3467 | u_inner.u_anchor.dtlb_hit_q$_DFF_PN0_/RESET_B
    1036* |       0 |       0 |        0 |      0 |     0 |    +0.0% |  -33.477 |     -255.7 |  -116064.9 |   3467 | u_inner.u_anchor.dtlb_hit_q$_DFF_PN0_/RESET_B
    1037* |       0 |       0 |        0 |      0 |     0 |    +0.0% |  -33.477 |     -255.7 |  -116064.9 |   3467 | u_inner.u_anchor.dtlb_hit_q$_DFF_PN0_/RESET_B
    1038* |       0 |       0 |        0 |      0 |     0 |    +0.0% |  -33.477 |     -255.7 |  -116064.9 |   3467 | u_inner.u_anchor.dtlb_hit_q$_DFF_PN0_/RESET_B
    1039* |       0 |       0 |        0 |      0 |     0 |    +0.0% |  -33.477 |     -255.7 |  -116064.9 |   3467 | u_inner.u_anchor.dtlb_hit_q$_DFF_PN0_/RESET_B
    1040* |       0 |       0 |        0 |      0 |     0 |    +0.0% |  -33.477 |     -255.7 |  -116064.9 |   3467 | u_inner.u_anchor.dtlb_hit_q$_DFF_PN0_/RESET_B
    1040* |       0 |       0 |        0 |      0 |     0 |    +0.0% |  -33.477 |     -255.7 |  -116064.9 |   3467 | u_inner.u_anchor.dtlb_hit_q$_DFF_PN0_/RESET_B
    1041* |       0 |       0 |        0 |      0 |     0 |    +0.0% |  -33.477 |     -255.7 |  -116064.9 |   3467 | u_inner.u_anchor.dtlb_hit_q$_DFF_PN0_/RESET_B
    1042* |       0 |       0 |        0 |      0 |     0 |    +0.0% |  -33.477 |     -255.7 |  -116064.9 |   3467 | u_inner.u_anchor.dtlb_hit_q$_DFF_PN0_/RESET_B
    1043* |       0 |       0 |        0 |      0 |     0 |    +0.0% |  -33.477 |     -255.7 |  -116064.9 |   3467 | u_inner.u_anchor.dtlb_hit_q$_DFF_PN0_/RESET_B
    1044* |       0 |       0 |        0 |      0 |     0 |    +0.0% |  -33.477 |     -255.7 |  -116064.9 |   3467 | u_inner.u_anchor.dtlb_hit_q$_DFF_PN0_/RESET_B
    1045* |       0 |       0 |        0 |      0 |     0 |    +0.0% |  -33.477 |     -255.7 |  -116064.9 |   3467 | u_inner.u_anchor.dtlb_hit_q$_DFF_PN0_/RESET_B
    1046* |       0 |       0 |        0 |      0 |     0 |    +0.0% |  -33.477 |     -255.7 |  -116064.9 |   3467 | u_inner.u_anchor.dtlb_hit_q$_DFF_PN0_/RESET_B
    1047* |       0 |       0 |        0 |      0 |     0 |    +0.0% |  -33.477 |     -255.7 |  -116064.9 |   3467 | u_inner.u_anchor.dtlb_hit_q$_DFF_PN0_/RESET_B
    1048* |       0 |       0 |        0 |      0 |     0 |    +0.0% |  -33.477 |     -255.7 |  -116064.9 |   3467 | u_inner.u_anchor.dtlb_hit_q$_DFF_PN0_/RESET_B
    1049* |       0 |       0 |        0 |      0 |     0 |    +0.0% |  -33.477 |     -255.7 |  -116064.9 |   3467 | u_inner.u_anchor.dtlb_hit_q$_DFF_PN0_/RESET_B
    1050* |       0 |       0 |        0 |      0 |     0 |    +0.0% |  -33.477 |     -255.7 |  -116064.9 |   3467 | u_inner.u_anchor.dtlb_hit_q$_DFF_PN0_/RESET_B
    1050* |       0 |       0 |        0 |      0 |     0 |    +0.0% |  -33.477 |     -255.7 |  -116064.9 |   3467 | u_inner.u_anchor.dtlb_hit_q$_DFF_PN0_/RESET_B
    1051* |       0 |       0 |        0 |      0 |     0 |    +0.0% |  -33.477 |     -255.7 |  -116064.9 |   3467 | u_inner.u_anchor.dtlb_hit_q$_DFF_PN0_/RESET_B
    1052* |       0 |       0 |        0 |      0 |     0 |    +0.0% |  -33.477 |     -255.7 |  -116064.9 |   3467 | u_inner.u_anchor.dtlb_hit_q$_DFF_PN0_/RESET_B
    1053* |       0 |       0 |        0 |      0 |     0 |    +0.0% |  -33.477 |     -255.7 |  -116064.9 |   3467 | u_inner.u_anchor.dtlb_hit_q$_DFF_PN0_/RESET_B
    1054* |       0 |       0 |        0 |      0 |     0 |    +0.0% |  -33.477 |     -255.7 |  -116064.9 |   3467 | u_inner.u_anchor.dtlb_hit_q$_DFF_PN0_/RESET_B
    1055* |       0 |       0 |        0 |      0 |     0 |    +0.0% |  -33.477 |     -255.7 |  -116064.9 |   3467 | u_inner.u_anchor.dtlb_hit_q$_DFF_PN0_/RESET_B
    1056* |       0 |       0 |        0 |      0 |     0 |    +0.0% |  -33.477 |     -255.7 |  -116064.9 |   3467 | u_inner.u_anchor.dtlb_hit_q$_DFF_PN0_/RESET_B
    1057* |       0 |       0 |        0 |      0 |     0 |    +0.0% |  -33.477 |     -255.7 |  -116064.9 |   3467 | u_inner.u_anchor.dtlb_hit_q$_DFF_PN0_/RESET_B
    1058* |       0 |       0 |        0 |      0 |     0 |    +0.0% |  -33.477 |     -255.7 |  -116064.9 |   3467 | u_inner.u_anchor.dtlb_hit_q$_DFF_PN0_/RESET_B
    1059* |       0 |       0 |        0 |      0 |     0 |    +0.0% |  -33.477 |     -255.7 |  -116064.9 |   3467 | u_inner.u_anchor.dtlb_hit_q$_DFF_PN0_/RESET_B
    1060* |       0 |       0 |        0 |      0 |     0 |    +0.0% |  -33.477 |     -255.7 |  -116064.9 |   3467 | u_inner.u_anchor.dtlb_hit_q$_DFF_PN0_/RESET_B
    1060* |       0 |       0 |        0 |      0 |     0 |    +0.0% |  -33.477 |     -255.7 |  -116064.9 |   3467 | u_inner.u_anchor.dtlb_hit_q$_DFF_PN0_/RESET_B
    1061* |       0 |       0 |        0 |      0 |     0 |    +0.0% |  -33.477 |     -255.7 |  -116064.9 |   3467 | u_inner.u_anchor.dtlb_hit_q$_DFF_PN0_/RESET_B
    1062* |       0 |       0 |        0 |      0 |     0 |    +0.0% |  -33.477 |     -255.7 |  -116064.9 |   3467 | u_inner.u_anchor.dtlb_hit_q$_DFF_PN0_/RESET_B
    1063* |       0 |       0 |        0 |      0 |     0 |    +0.0% |  -33.477 |     -255.7 |  -116064.9 |   3467 | u_inner.u_anchor.dtlb_hit_q$_DFF_PN0_/RESET_B
    1064* |       0 |       0 |        0 |      0 |     0 |    +0.0% |  -33.477 |     -255.7 |  -116064.9 |   3467 | u_inner.u_anchor.dtlb_hit_q$_DFF_PN0_/RESET_B
    1065* |       0 |       0 |        0 |      0 |     0 |    +0.0% |  -33.477 |     -255.7 |  -116064.9 |   3467 | u_inner.u_anchor.dtlb_hit_q$_DFF_PN0_/RESET_B
    1066* |       0 |       0 |        0 |      0 |     0 |    +0.0% |  -33.477 |     -255.7 |  -116064.9 |   3467 | u_inner.u_anchor.dtlb_hit_q$_DFF_PN0_/RESET_B
    1067* |       0 |       0 |        0 |      0 |     0 |    +0.0% |  -33.477 |     -255.7 |  -116064.9 |   3467 | u_inner.u_anchor.dtlb_hit_q$_DFF_PN0_/RESET_B
    1068* |       0 |       0 |        0 |      0 |     0 |    +0.0% |  -33.477 |     -255.7 |  -116064.9 |   3467 | u_inner.u_anchor.dtlb_hit_q$_DFF_PN0_/RESET_B
    1069* |       0 |       0 |        0 |      0 |     0 |    +0.0% |  -33.477 |     -255.7 |  -116064.9 |   3467 | u_inner.u_anchor.dtlb_hit_q$_DFF_PN0_/RESET_B
    1070* |       0 |       0 |        0 |      0 |     0 |    +0.0% |  -33.477 |     -255.7 |  -116064.9 |   3467 | u_inner.u_anchor.dtlb_hit_q$_DFF_PN0_/RESET_B
    1070* |       0 |       0 |        0 |      0 |     0 |    +0.0% |  -33.477 |     -255.7 |  -116064.9 |   3467 | u_inner.u_anchor.dtlb_hit_q$_DFF_PN0_/RESET_B
    1071* |       0 |       0 |        0 |      0 |     0 |    +0.0% |  -33.477 |     -255.7 |  -116064.9 |   3467 | u_inner.u_anchor.dtlb_hit_q$_DFF_PN0_/RESET_B
    1072* |       0 |       0 |        0 |      0 |     0 |    +0.0% |  -33.477 |     -255.7 |  -116064.9 |   3467 | u_inner.u_anchor.dtlb_hit_q$_DFF_PN0_/RESET_B
    1073* |       0 |       0 |        0 |      0 |     0 |    +0.0% |  -33.477 |     -255.7 |  -116064.9 |   3467 | u_inner.u_anchor.dtlb_hit_q$_DFF_PN0_/RESET_B
    1074* |       0 |       0 |        0 |      0 |     0 |    +0.0% |  -33.477 |     -255.7 |  -116064.9 |   3467 | u_inner.u_anchor.dtlb_hit_q$_DFF_PN0_/RESET_B
    1075* |       0 |       0 |        0 |      0 |     0 |    +0.0% |  -33.477 |     -255.7 |  -116064.9 |   3467 | u_inner.u_anchor.dtlb_hit_q$_DFF_PN0_/RESET_B
    1076* |       0 |       0 |        0 |      0 |     0 |    +0.0% |  -33.477 |     -255.7 |  -116064.9 |   3467 | u_inner.u_anchor.dtlb_hit_q$_DFF_PN0_/RESET_B
    1077* |       0 |       0 |        0 |      0 |     0 |    +0.0% |  -33.477 |     -255.7 |  -116064.9 |   3467 | u_inner.u_anchor.dtlb_hit_q$_DFF_PN0_/RESET_B
    1078* |       0 |       0 |        0 |      0 |     0 |    +0.0% |  -33.477 |     -255.7 |  -116064.9 |   3467 | u_inner.u_anchor.dtlb_hit_q$_DFF_PN0_/RESET_B
    1079* |       0 |       0 |        0 |      0 |     0 |    +0.0% |  -33.477 |     -255.7 |  -116064.9 |   3467 | u_inner.u_anchor.dtlb_hit_q$_DFF_PN0_/RESET_B
    1080* |       0 |       0 |        0 |      0 |     0 |    +0.0% |  -33.477 |     -255.7 |  -116064.9 |   3467 | u_inner.u_anchor.dtlb_hit_q$_DFF_PN0_/RESET_B
    1080* |       0 |       0 |        0 |      0 |     0 |    +0.0% |  -33.477 |     -255.7 |  -116064.9 |   3467 | u_inner.u_anchor.dtlb_hit_q$_DFF_PN0_/RESET_B
    1081* |       0 |       0 |        0 |      0 |     0 |    +0.0% |  -33.477 |     -255.7 |  -116064.9 |   3467 | u_inner.u_anchor.dtlb_hit_q$_DFF_PN0_/RESET_B
    1082* |       0 |       0 |        0 |      0 |     0 |    +0.0% |  -33.477 |     -255.7 |  -116064.9 |   3467 | u_inner.u_anchor.dtlb_hit_q$_DFF_PN0_/RESET_B
    1083* |       0 |       0 |        0 |      0 |     0 |    +0.0% |  -33.477 |     -255.7 |  -116064.9 |   3467 | u_inner.u_anchor.dtlb_hit_q$_DFF_PN0_/RESET_B
    1084* |       0 |       0 |        0 |      0 |     0 |    +0.0% |  -33.477 |     -255.7 |  -116064.9 |   3467 | u_inner.u_anchor.dtlb_hit_q$_DFF_PN0_/RESET_B
    1085* |       0 |       0 |        0 |      0 |     0 |    +0.0% |  -33.477 |     -255.7 |  -116064.9 |   3467 | u_inner.u_anchor.dtlb_hit_q$_DFF_PN0_/RESET_B
    1086* |       0 |       0 |        0 |      0 |     0 |    +0.0% |  -33.477 |     -255.7 |  -116064.9 |   3467 | u_inner.u_anchor.dtlb_hit_q$_DFF_PN0_/RESET_B
    1087* |       0 |       0 |        0 |      0 |     0 |    +0.0% |  -33.477 |     -255.7 |  -116064.9 |   3467 | u_inner.u_anchor.dtlb_hit_q$_DFF_PN0_/RESET_B
    1088* |       0 |       0 |        0 |      0 |     0 |    +0.0% |  -33.477 |     -255.7 |  -116064.9 |   3467 | u_inner.u_anchor.dtlb_hit_q$_DFF_PN0_/RESET_B
    1089* |       0 |       0 |        0 |      0 |     0 |    +0.0% |  -33.477 |     -255.7 |  -116064.9 |   3467 | u_inner.u_anchor.dtlb_hit_q$_DFF_PN0_/RESET_B
    1090* |       0 |       0 |        0 |      0 |     0 |    +0.0% |  -33.477 |     -255.7 |  -116064.9 |   3467 | u_inner.u_anchor.dtlb_hit_q$_DFF_PN0_/RESET_B
    1090* |       0 |       0 |        0 |      0 |     0 |    +0.0% |  -33.477 |     -255.7 |  -116064.9 |   3467 | u_inner.u_anchor.dtlb_hit_q$_DFF_PN0_/RESET_B
    1091* |       0 |       0 |        0 |      0 |     0 |    +0.0% |  -33.477 |     -255.7 |  -116064.9 |   3467 | u_inner.u_anchor.dtlb_hit_q$_DFF_PN0_/RESET_B
    1092* |       0 |       0 |        0 |      0 |     0 |    +0.0% |  -33.477 |     -255.7 |  -116064.9 |   3467 | u_inner.u_anchor.dtlb_hit_q$_DFF_PN0_/RESET_B
    1093* |       0 |       0 |        0 |      0 |     0 |    +0.0% |  -33.477 |     -255.7 |  -116064.9 |   3467 | u_inner.u_anchor.dtlb_hit_q$_DFF_PN0_/RESET_B
    1094* |       0 |       0 |        0 |      0 |     0 |    +0.0% |  -33.477 |     -255.7 |  -116064.9 |   3467 | u_inner.u_anchor.dtlb_hit_q$_DFF_PN0_/RESET_B
    1095* |       0 |       0 |        0 |      0 |     0 |    +0.0% |  -33.477 |     -255.7 |  -116064.9 |   3467 | u_inner.u_anchor.dtlb_hit_q$_DFF_PN0_/RESET_B
    1096* |       0 |       0 |        0 |      0 |     0 |    +0.0% |  -33.477 |     -255.7 |  -116064.9 |   3467 | u_inner.u_anchor.dtlb_hit_q$_DFF_PN0_/RESET_B
    1097* |       0 |       0 |        0 |      0 |     0 |    +0.0% |  -33.477 |     -255.7 |  -116064.9 |   3467 | u_inner.u_anchor.dtlb_hit_q$_DFF_PN0_/RESET_B
    1098* |       0 |       0 |        0 |      0 |     0 |    +0.0% |  -33.477 |     -255.7 |  -116064.9 |   3467 | u_inner.u_anchor.dtlb_hit_q$_DFF_PN0_/RESET_B
    1099* |       0 |       0 |        0 |      0 |     0 |    +0.0% |  -33.477 |     -255.7 |  -116064.9 |   3467 | u_inner.u_anchor.dtlb_hit_q$_DFF_PN0_/RESET_B
    1100* |       0 |       0 |        0 |      0 |     0 |    +0.0% |  -33.477 |     -255.7 |  -116064.9 |   3467 | u_inner.u_anchor.dtlb_hit_q$_DFF_PN0_/RESET_B
    1100* |       0 |       0 |        0 |      0 |     0 |    +0.0% |  -33.477 |     -255.7 |  -116064.9 |   3467 | u_inner.u_anchor.dtlb_hit_q$_DFF_PN0_/RESET_B
    1101* |       0 |       0 |        0 |      0 |     0 |    +0.0% |  -33.477 |     -255.7 |  -116064.9 |   3467 | u_inner.u_anchor.dtlb_hit_q$_DFF_PN0_/RESET_B
    1102* |       0 |       0 |        0 |      0 |     0 |    +0.0% |  -33.477 |     -255.7 |  -116064.9 |   3467 | u_inner.u_anchor.dtlb_hit_q$_DFF_PN0_/RESET_B
    1103* |       0 |       0 |        0 |      0 |     0 |    +0.0% |  -33.477 |     -255.7 |  -116064.9 |   3467 | u_inner.u_anchor.dtlb_hit_q$_DFF_PN0_/RESET_B
    1104* |       0 |       0 |        0 |      0 |     0 |    +0.0% |  -33.477 |     -255.7 |  -116064.9 |   3467 | u_inner.u_anchor.dtlb_hit_q$_DFF_PN0_/RESET_B
    1105* |       0 |       0 |        0 |      0 |     0 |    +0.0% |  -33.477 |     -255.7 |  -116064.9 |   3467 | u_inner.u_anchor.dtlb_hit_q$_DFF_PN0_/RESET_B
    1106* |       0 |       0 |        0 |      0 |     0 |    +0.0% |  -33.477 |     -255.7 |  -116064.9 |   3467 | u_inner.u_anchor.dtlb_hit_q$_DFF_PN0_/RESET_B
    1107* |       0 |       0 |        0 |      0 |     0 |    +0.0% |  -33.477 |     -255.7 |  -116064.9 |   3467 | u_inner.u_anchor.dtlb_hit_q$_DFF_PN0_/RESET_B
    1108* |       0 |       0 |        0 |      0 |     0 |    +0.0% |  -33.477 |     -255.7 |  -116064.9 |   3467 | u_inner.u_anchor.dtlb_hit_q$_DFF_PN0_/RESET_B
    1109* |       0 |       0 |        0 |      0 |     0 |    +0.0% |  -33.477 |     -255.7 |  -116064.9 |   3467 | u_inner.u_anchor.dtlb_hit_q$_DFF_PN0_/RESET_B
    1110* |       0 |       0 |        0 |      0 |     0 |    +0.0% |  -33.477 |     -255.7 |  -116064.9 |   3467 | u_inner.u_anchor.dtlb_hit_q$_DFF_PN0_/RESET_B
    1110* |       0 |       0 |        0 |      0 |     0 |    +0.0% |  -33.477 |     -255.7 |  -116064.9 |   3467 | u_inner.u_anchor.dtlb_hit_q$_DFF_PN0_/RESET_B
    1111* |       0 |       0 |        0 |      0 |     0 |    +0.0% |  -33.477 |     -255.7 |  -116064.9 |   3467 | u_inner.u_anchor.dtlb_hit_q$_DFF_PN0_/RESET_B
    1112* |       0 |       0 |        0 |      0 |     0 |    +0.0% |  -33.477 |     -255.7 |  -116064.9 |   3467 | u_inner.u_anchor.dtlb_hit_q$_DFF_PN0_/RESET_B
    1113* |       0 |       0 |        0 |      0 |     0 |    +0.0% |  -33.477 |     -255.7 |  -116064.9 |   3467 | u_inner.u_anchor.dtlb_hit_q$_DFF_PN0_/RESET_B
    1114* |       0 |       0 |        0 |      0 |     0 |    +0.0% |  -33.477 |     -255.7 |  -116064.9 |   3467 | u_inner.u_anchor.dtlb_hit_q$_DFF_PN0_/RESET_B
    1115* |       0 |       0 |        0 |      0 |     0 |    +0.0% |  -33.477 |     -255.7 |  -116064.9 |   3467 | u_inner.u_anchor.dtlb_hit_q$_DFF_PN0_/RESET_B
    1116* |       0 |       0 |        0 |      0 |     0 |    +0.0% |  -33.477 |     -255.7 |  -116064.9 |   3467 | u_inner.u_anchor.dtlb_hit_q$_DFF_PN0_/RESET_B
    1117* |       0 |       0 |        0 |      0 |     0 |    +0.0% |  -33.477 |     -255.7 |  -116064.9 |   3467 | u_inner.u_anchor.dtlb_hit_q$_DFF_PN0_/RESET_B
    1118* |       0 |       0 |        0 |      0 |     0 |    +0.0% |  -33.477 |     -255.7 |  -116064.9 |   3467 | u_inner.u_anchor.dtlb_hit_q$_DFF_PN0_/RESET_B
    1119* |       0 |       0 |        0 |      0 |     0 |    +0.0% |  -33.477 |     -255.7 |  -116064.9 |   3467 | u_inner.u_anchor.dtlb_hit_q$_DFF_PN0_/RESET_B
    1120* |       0 |       0 |        0 |      0 |     0 |    +0.0% |  -33.477 |     -255.7 |  -116064.9 |   3467 | u_inner.u_anchor.dtlb_hit_q$_DFF_PN0_/RESET_B
    1120* |       0 |       0 |        0 |      0 |     0 |    +0.0% |  -33.477 |     -255.7 |  -116064.9 |   3467 | u_inner.u_anchor.dtlb_hit_q$_DFF_PN0_/RESET_B
    1121* |       0 |       0 |        0 |      0 |     0 |    +0.0% |  -33.477 |     -255.7 |  -116064.9 |   3467 | u_inner.u_anchor.dtlb_hit_q$_DFF_PN0_/RESET_B
    1122* |       0 |       0 |        0 |      0 |     0 |    +0.0% |  -33.477 |     -255.7 |  -116064.9 |   3467 | u_inner.u_anchor.dtlb_hit_q$_DFF_PN0_/RESET_B
    1123* |       0 |       0 |        0 |      0 |     0 |    +0.0% |  -33.477 |     -255.7 |  -116064.9 |   3467 | u_inner.u_anchor.dtlb_hit_q$_DFF_PN0_/RESET_B
    1124* |       0 |       0 |        0 |      0 |     0 |    +0.0% |  -33.477 |     -255.7 |  -116064.9 |   3467 | u_inner.u_anchor.dtlb_hit_q$_DFF_PN0_/RESET_B
    1125* |       0 |       0 |        0 |      0 |     0 |    +0.0% |  -33.477 |     -255.7 |  -116064.9 |   3467 | u_inner.u_anchor.dtlb_hit_q$_DFF_PN0_/RESET_B
    1126* |       0 |       0 |        0 |      0 |     0 |    +0.0% |  -33.477 |     -255.7 |  -116064.9 |   3467 | u_inner.u_anchor.dtlb_hit_q$_DFF_PN0_/RESET_B
    1127* |       0 |       0 |        0 |      0 |     0 |    +0.0% |  -33.477 |     -255.7 |  -116064.9 |   3467 | u_inner.u_anchor.dtlb_hit_q$_DFF_PN0_/RESET_B
    1128* |       0 |       0 |        0 |      0 |     0 |    +0.0% |  -33.477 |     -255.7 |  -116064.9 |   3467 | u_inner.u_anchor.dtlb_hit_q$_DFF_PN0_/RESET_B
    1129* |       0 |       0 |        0 |      0 |     0 |    +0.0% |  -33.477 |     -255.7 |  -116064.9 |   3467 | u_inner.u_anchor.dtlb_hit_q$_DFF_PN0_/RESET_B
    1130* |       0 |       0 |        0 |      0 |     0 |    +0.0% |  -33.477 |     -255.7 |  -116064.9 |   3467 | u_inner.u_anchor.dtlb_hit_q$_DFF_PN0_/RESET_B
    1130* |       0 |       0 |        0 |      0 |     0 |    +0.0% |  -33.477 |     -255.7 |  -116064.9 |   3467 | u_inner.u_anchor.dtlb_hit_q$_DFF_PN0_/RESET_B
    1131* |       0 |       0 |        0 |      0 |     0 |    +0.0% |  -33.477 |     -255.7 |  -116064.9 |   3467 | u_inner.u_anchor.dtlb_hit_q$_DFF_PN0_/RESET_B
    1132* |       0 |       0 |        0 |      0 |     0 |    +0.0% |  -33.477 |     -255.7 |  -116064.9 |   3467 | u_inner.u_anchor.dtlb_hit_q$_DFF_PN0_/RESET_B
    1133* |       0 |       0 |        0 |      0 |     0 |    +0.0% |  -33.477 |     -255.7 |  -116064.9 |   3467 | u_inner.u_anchor.dtlb_hit_q$_DFF_PN0_/RESET_B
    1134* |       0 |       0 |        0 |      0 |     0 |    +0.0% |  -33.477 |     -255.7 |  -116064.9 |   3467 | u_inner.u_anchor.dtlb_hit_q$_DFF_PN0_/RESET_B
    1135* |       0 |       0 |        0 |      0 |     0 |    +0.0% |  -33.477 |     -255.7 |  -116064.9 |   3467 | u_inner.u_anchor.dtlb_hit_q$_DFF_PN0_/RESET_B
    1136* |       0 |       0 |        0 |      0 |     0 |    +0.0% |  -33.477 |     -255.7 |  -116064.9 |   3467 | u_inner.u_anchor.dtlb_hit_q$_DFF_PN0_/RESET_B
    1137* |       0 |       0 |        0 |      0 |     0 |    +0.0% |  -33.477 |     -255.7 |  -116064.9 |   3467 | u_inner.u_anchor.dtlb_hit_q$_DFF_PN0_/RESET_B
    1138* |       0 |       0 |        0 |      0 |     0 |    +0.0% |  -33.477 |     -255.7 |  -116064.9 |   3467 | u_inner.u_anchor.dtlb_hit_q$_DFF_PN0_/RESET_B
    1139* |       0 |       0 |        0 |      0 |     0 |    +0.0% |  -33.477 |     -255.7 |  -116064.9 |   3467 | u_inner.u_anchor.dtlb_hit_q$_DFF_PN0_/RESET_B
    1140* |       0 |       0 |        0 |      0 |     0 |    +0.0% |  -33.477 |     -255.7 |  -116064.9 |   3467 | u_inner.u_anchor.dtlb_hit_q$_DFF_PN0_/RESET_B
    1140* |       0 |       0 |        0 |      0 |     0 |    +0.0% |  -33.477 |     -255.7 |  -116064.9 |   3467 | u_inner.u_anchor.dtlb_hit_q$_DFF_PN0_/RESET_B
    1141* |       0 |       0 |        0 |      0 |     0 |    +0.0% |  -33.477 |     -255.7 |  -116064.9 |   3467 | u_inner.u_anchor.dtlb_hit_q$_DFF_PN0_/RESET_B
    1142* |       0 |       0 |        0 |      0 |     0 |    +0.0% |  -33.477 |     -255.7 |  -116064.9 |   3467 | u_inner.u_anchor.dtlb_hit_q$_DFF_PN0_/RESET_B
    1143* |       0 |       0 |        0 |      0 |     0 |    +0.0% |  -33.477 |     -255.7 |  -116064.9 |   3467 | u_inner.u_anchor.dtlb_hit_q$_DFF_PN0_/RESET_B
    1144* |       0 |       0 |        0 |      0 |     0 |    +0.0% |  -33.477 |     -255.7 |  -116064.9 |   3467 | u_inner.u_anchor.dtlb_hit_q$_DFF_PN0_/RESET_B
    1145* |       0 |       0 |        0 |      0 |     0 |    +0.0% |  -33.477 |     -255.7 |  -116064.9 |   3467 | u_inner.u_anchor.dtlb_hit_q$_DFF_PN0_/RESET_B
    1146* |       0 |       0 |        0 |      0 |     0 |    +0.0% |  -33.477 |     -255.7 |  -116064.9 |   3467 | u_inner.u_anchor.dtlb_hit_q$_DFF_PN0_/RESET_B
    1147* |       0 |       0 |        0 |      0 |     0 |    +0.0% |  -33.477 |     -255.7 |  -116064.9 |   3467 | u_inner.u_anchor.dtlb_hit_q$_DFF_PN0_/RESET_B
    1148* |       0 |       0 |        0 |      0 |     0 |    +0.0% |  -33.477 |     -255.7 |  -116064.9 |   3467 | u_inner.u_anchor.dtlb_hit_q$_DFF_PN0_/RESET_B
    1149* |       0 |       0 |        0 |      0 |     0 |    +0.0% |  -33.477 |     -255.7 |  -116064.9 |   3467 | u_inner.u_anchor.dtlb_hit_q$_DFF_PN0_/RESET_B
    1150* |       0 |       0 |        0 |      0 |     0 |    +0.0% |  -33.477 |     -255.7 |  -116064.9 |   3467 | u_inner.u_anchor.dtlb_hit_q$_DFF_PN0_/RESET_B
    1150* |       0 |       0 |        0 |      0 |     0 |    +0.0% |  -33.477 |     -255.7 |  -116064.9 |   3467 | u_inner.u_anchor.dtlb_hit_q$_DFF_PN0_/RESET_B
    1151* |       0 |       0 |        0 |      0 |     0 |    +0.0% |  -33.477 |     -255.7 |  -116064.9 |   3467 | u_inner.u_anchor.dtlb_hit_q$_DFF_PN0_/RESET_B
    1152* |       0 |       0 |        0 |      0 |     0 |    +0.0% |  -33.477 |     -255.7 |  -116064.9 |   3467 | u_inner.u_anchor.dtlb_hit_q$_DFF_PN0_/RESET_B
    1153* |       0 |       0 |        0 |      0 |     0 |    +0.0% |  -33.477 |     -255.7 |  -116064.9 |   3467 | u_inner.u_anchor.dtlb_hit_q$_DFF_PN0_/RESET_B
    1154* |       0 |       0 |        0 |      0 |     0 |    +0.0% |  -33.477 |     -255.7 |  -116064.9 |   3467 | u_inner.u_anchor.dtlb_hit_q$_DFF_PN0_/RESET_B
    1155* |       0 |       0 |        0 |      0 |     0 |    +0.0% |  -33.477 |     -255.7 |  -116064.9 |   3467 | u_inner.u_anchor.dtlb_hit_q$_DFF_PN0_/RESET_B
    1156* |       0 |       0 |        0 |      0 |     0 |    +0.0% |  -33.477 |     -255.7 |  -116064.9 |   3467 | u_inner.u_anchor.dtlb_hit_q$_DFF_PN0_/RESET_B
    1157* |       0 |       0 |        0 |      0 |     0 |    +0.0% |  -33.477 |     -255.7 |  -116064.9 |   3467 | u_inner.u_anchor.dtlb_hit_q$_DFF_PN0_/RESET_B
    1158* |       0 |       0 |        0 |      0 |     0 |    +0.0% |  -33.477 |     -255.7 |  -116064.9 |   3467 | u_inner.u_anchor.dtlb_hit_q$_DFF_PN0_/RESET_B
    1159* |       0 |       0 |        0 |      0 |     0 |    +0.0% |  -33.477 |     -255.7 |  -116064.9 |   3467 | u_inner.u_anchor.dtlb_hit_q$_DFF_PN0_/RESET_B
    1160* |       0 |       0 |        0 |      0 |     0 |    +0.0% |  -33.477 |     -255.7 |  -116064.9 |   3467 | u_inner.u_anchor.dtlb_hit_q$_DFF_PN0_/RESET_B
    1160* |       0 |       0 |        0 |      0 |     0 |    +0.0% |  -33.477 |     -255.7 |  -116064.9 |   3467 | u_inner.u_anchor.dtlb_hit_q$_DFF_PN0_/RESET_B
    1161* |       0 |       0 |        0 |      0 |     0 |    +0.0% |  -33.477 |     -255.7 |  -116064.9 |   3467 | u_inner.u_anchor.dtlb_hit_q$_DFF_PN0_/RESET_B
    1162* |       0 |       0 |        0 |      0 |     0 |    +0.0% |  -33.477 |     -255.7 |  -116064.9 |   3467 | u_inner.u_anchor.dtlb_hit_q$_DFF_PN0_/RESET_B
    1163* |       0 |       0 |        0 |      0 |     0 |    +0.0% |  -33.477 |     -255.7 |  -116064.9 |   3467 | u_inner.u_anchor.dtlb_hit_q$_DFF_PN0_/RESET_B
    1164* |       0 |       0 |        0 |      0 |     0 |    +0.0% |  -33.477 |     -255.7 |  -116064.9 |   3467 | u_inner.u_anchor.dtlb_hit_q$_DFF_PN0_/RESET_B
    1165* |       0 |       0 |        0 |      0 |     0 |    +0.0% |  -33.477 |     -255.7 |  -116064.9 |   3467 | u_inner.u_anchor.dtlb_hit_q$_DFF_PN0_/RESET_B
    1166* |       0 |       0 |        0 |      0 |     0 |    +0.0% |  -33.477 |     -255.7 |  -116064.9 |   3467 | u_inner.u_anchor.dtlb_hit_q$_DFF_PN0_/RESET_B
    1167* |       0 |       0 |        0 |      0 |     0 |    +0.0% |  -33.477 |     -255.7 |  -116064.9 |   3467 | u_inner.u_anchor.dtlb_hit_q$_DFF_PN0_/RESET_B
    1168* |       0 |       0 |        0 |      0 |     0 |    +0.0% |  -33.477 |     -255.7 |  -116064.9 |   3467 | u_inner.u_anchor.dtlb_hit_q$_DFF_PN0_/RESET_B
    1169* |       0 |       0 |        0 |      0 |     0 |    +0.0% |  -33.477 |     -255.7 |  -116064.9 |   3467 | u_inner.u_anchor.dtlb_hit_q$_DFF_PN0_/RESET_B
    1170* |       0 |       0 |        0 |      0 |     0 |    +0.0% |  -33.477 |     -255.7 |  -116064.9 |   3467 | u_inner.u_anchor.dtlb_hit_q$_DFF_PN0_/RESET_B
    1170* |       0 |       0 |        0 |      0 |     0 |    +0.0% |  -33.477 |     -255.7 |  -116064.9 |   3467 | u_inner.u_anchor.dtlb_hit_q$_DFF_PN0_/RESET_B
    1171* |       0 |       0 |        0 |      0 |     0 |    +0.0% |  -33.477 |     -255.7 |  -116064.9 |   3467 | u_inner.u_anchor.dtlb_hit_q$_DFF_PN0_/RESET_B
    1172* |       0 |       0 |        0 |      0 |     0 |    +0.0% |  -33.477 |     -255.7 |  -116064.9 |   3467 | u_inner.u_anchor.dtlb_hit_q$_DFF_PN0_/RESET_B
    1173* |       0 |       0 |        0 |      0 |     0 |    +0.0% |  -33.477 |     -255.7 |  -116064.9 |   3467 | u_inner.u_anchor.dtlb_hit_q$_DFF_PN0_/RESET_B
    1174* |       0 |       0 |        0 |      0 |     0 |    +0.0% |  -33.477 |     -255.7 |  -116064.9 |   3467 | u_inner.u_anchor.dtlb_hit_q$_DFF_PN0_/RESET_B
    1175* |       0 |       0 |        0 |      0 |     0 |    +0.0% |  -33.477 |     -255.7 |  -116064.9 |   3467 | u_inner.u_anchor.dtlb_hit_q$_DFF_PN0_/RESET_B
    1176* |       0 |       0 |        0 |      0 |     0 |    +0.0% |  -33.477 |     -255.7 |  -116064.9 |   3467 | u_inner.u_anchor.dtlb_hit_q$_DFF_PN0_/RESET_B
    1177* |       0 |       0 |        0 |      0 |     0 |    +0.0% |  -33.477 |     -255.7 |  -116064.9 |   3467 | u_inner.u_anchor.dtlb_hit_q$_DFF_PN0_/RESET_B
    1178* |       0 |       0 |        0 |      0 |     0 |    +0.0% |  -33.477 |     -255.7 |  -116064.9 |   3467 | u_inner.u_anchor.dtlb_hit_q$_DFF_PN0_/RESET_B
    1179* |       0 |       0 |        0 |      0 |     0 |    +0.0% |  -33.477 |     -255.7 |  -116064.9 |   3467 | u_inner.u_anchor.dtlb_hit_q$_DFF_PN0_/RESET_B
    1180* |       0 |       0 |        0 |      0 |     0 |    +0.0% |  -33.477 |     -255.7 |  -116064.9 |   3467 | u_inner.u_anchor.dtlb_hit_q$_DFF_PN0_/RESET_B
    1180* |       0 |       0 |        0 |      0 |     0 |    +0.0% |  -33.477 |     -255.7 |  -116064.9 |   3467 | u_inner.u_anchor.dtlb_hit_q$_DFF_PN0_/RESET_B
    1181* |       0 |       0 |        0 |      0 |     0 |    +0.0% |  -33.477 |     -255.7 |  -116064.9 |   3467 | u_inner.u_anchor.dtlb_hit_q$_DFF_PN0_/RESET_B
    1182* |       0 |       0 |        0 |      0 |     0 |    +0.0% |  -33.477 |     -255.7 |  -116064.9 |   3467 | u_inner.u_anchor.dtlb_hit_q$_DFF_PN0_/RESET_B
    1183* |       0 |       0 |        0 |      0 |     0 |    +0.0% |  -33.477 |     -255.7 |  -116064.9 |   3467 | u_inner.u_anchor.dtlb_hit_q$_DFF_PN0_/RESET_B
    1184* |       0 |       0 |        0 |      0 |     0 |    +0.0% |  -33.477 |     -255.7 |  -116064.9 |   3467 | u_inner.u_anchor.dtlb_hit_q$_DFF_PN0_/RESET_B
    1185* |       0 |       0 |        0 |      0 |     0 |    +0.0% |  -33.477 |     -255.7 |  -116064.9 |   3467 | u_inner.u_anchor.dtlb_hit_q$_DFF_PN0_/RESET_B
    1186* |       0 |       0 |        0 |      0 |     0 |    +0.0% |  -33.477 |     -255.7 |  -116064.9 |   3467 | u_inner.u_anchor.dtlb_hit_q$_DFF_PN0_/RESET_B
    1187* |       0 |       0 |        0 |      0 |     0 |    +0.0% |  -33.477 |     -255.7 |  -116064.9 |   3467 | u_inner.u_anchor.dtlb_hit_q$_DFF_PN0_/RESET_B
    1188* |       0 |       0 |        0 |      0 |     0 |    +0.0% |  -33.477 |     -255.7 |  -116064.9 |   3467 | u_inner.u_anchor.dtlb_hit_q$_DFF_PN0_/RESET_B
    1189* |       0 |       0 |        0 |      0 |     0 |    +0.0% |  -33.477 |     -255.7 |  -116064.9 |   3467 | u_inner.u_anchor.dtlb_hit_q$_DFF_PN0_/RESET_B
    1190* |       0 |       0 |        0 |      0 |     0 |    +0.0% |  -33.477 |     -255.7 |  -116064.9 |   3467 | u_inner.u_anchor.dtlb_hit_q$_DFF_PN0_/RESET_B
    1190* |       0 |       0 |        0 |      0 |     0 |    +0.0% |  -33.477 |     -255.7 |  -116064.9 |   3467 | u_inner.u_anchor.dtlb_hit_q$_DFF_PN0_/RESET_B
    1191* |       0 |       0 |        0 |      0 |     0 |    +0.0% |  -33.477 |     -255.7 |  -116064.9 |   3467 | u_inner.u_anchor.dtlb_hit_q$_DFF_PN0_/RESET_B
    1192* |       0 |       0 |        0 |      0 |     0 |    +0.0% |  -33.477 |     -255.7 |  -116064.9 |   3467 | u_inner.u_anchor.dtlb_hit_q$_DFF_PN0_/RESET_B
    1193* |       0 |       0 |        0 |      0 |     0 |    +0.0% |  -33.477 |     -255.7 |  -116064.9 |   3467 | u_inner.u_anchor.dtlb_hit_q$_DFF_PN0_/RESET_B
    1194* |       0 |       0 |        0 |      0 |     0 |    +0.0% |  -33.477 |     -255.7 |  -116064.9 |   3467 | u_inner.u_anchor.dtlb_hit_q$_DFF_PN0_/RESET_B
    1195* |       0 |       0 |        0 |      0 |     0 |    +0.0% |  -33.477 |     -255.7 |  -116064.9 |   3467 | u_inner.u_anchor.dtlb_hit_q$_DFF_PN0_/RESET_B
    1196* |       0 |       0 |        0 |      0 |     0 |    +0.0% |  -33.477 |     -255.7 |  -116064.9 |   3467 | u_inner.u_anchor.dtlb_hit_q$_DFF_PN0_/RESET_B
    1197* |       0 |       0 |        0 |      0 |     0 |    +0.0% |  -33.477 |     -255.7 |  -116064.9 |   3467 | u_inner.u_anchor.dtlb_hit_q$_DFF_PN0_/RESET_B
    1198* |       0 |       0 |        0 |      0 |     0 |    +0.0% |  -33.477 |     -255.7 |  -116064.9 |   3467 | u_inner.u_anchor.dtlb_hit_q$_DFF_PN0_/RESET_B
    1199* |       0 |       0 |        0 |      0 |     0 |    +0.0% |  -33.477 |     -255.7 |  -116064.9 |   3467 | u_inner.u_anchor.dtlb_hit_q$_DFF_PN0_/RESET_B
    1200* |       0 |       0 |        0 |      0 |     0 |    +0.0% |  -33.477 |     -255.7 |  -116064.9 |   3467 | u_inner.u_anchor.dtlb_hit_q$_DFF_PN0_/RESET_B
    1200* |       0 |       0 |        0 |      0 |     0 |    +0.0% |  -33.477 |     -255.7 |  -116064.9 |   3467 | u_inner.u_anchor.dtlb_hit_q$_DFF_PN0_/RESET_B
    1200* |       0 |       0 |        0 |      0 |     0 |    +0.0% |  -33.477 |     -255.7 |  -116064.9 |   3467 | u_inner.u_anchor.dtlb_hit_q$_DFF_PN0_/RESET_B
    final |       0 |       0 |        0 |      0 |     0 |    +0.0% |  -33.477 |     -255.7 |  -116064.9 |   3467 | u_inner.u_anchor.dtlb_hit_q$_DFF_PN0_/RESET_B
------------------------------------------------------------------------------------------------------------------------------
[WARNING RSZ-0062] Unable to repair all setup violations.
[INFO RSZ-0505] Runtime: 14.10s
Took 14 seconds: repair_timing -setup_margin 0 -hold_margin 0 -repair_tns 100 -match_cell_footprint -setup -skip_last_gasp -sequence unbuffer,sizeup,swap,vt_swap -verbose
Default units for flow
 time 1ns
 capacitance 1pF
 resistance 1kohm
 voltage 1v
 current 1mA
 power 1nW
 distance 1um
   Layer   | Unit Resistance | Unit Capacitance 
           |       (kohm/um) |          (pF/um)
------------------------------------------------
       li1 |        7.18e-02 |         1.50e-04
      met1 |        1.21e-03 |         1.72e-04
      met2 |        1.22e-03 |         1.36e-04
      met3 |        1.66e-04 |         2.15e-04
      met4 |        1.68e-04 |         1.48e-04
      met5 |        1.84e-05 |         1.54e-04
------------------------------------------------

   Layer   | Via Resistance 
           |         (kohm) 
----------------------------
      mcon |       9.25e-03 
       via |       4.50e-03 
      via2 |       3.37e-03 
      via3 |       3.77e-04 
      via4 |       5.80e-06 
----------------------------
Report metrics stage 2, floorplan final...

==========================================================================
floorplan final report_design_area
--------------------------------------------------------------------------
Design area 211385 um^2 10% utilization.
write_db ./results/sky130hd/d_ca03_sv39_mmu/base/2_1_floorplan.odb
write_sdc -no_timestamp ./results/sky130hd/d_ca03_sv39_mmu/base/2_1_floorplan.sdc
Elapsed time: 0:17.19[h:]min:sec. CPU time: user 17.51 sys 0.56 (105%). Peak memory: 264128KB.
Log                       Ext     Elapsed/s Peak Memory/MB sha1sum result [0:20)
2_1_floorplan             .odb           17            257 6033270d62261ed077f9
2_1_floorplan             .sdc                             aa642b0d6fd3e8ebde0f
/OpenROAD-flow-scripts/flow/scripts/flow.sh 2_2_floorplan_macro macro_place
Running macro_place.tcl, stage 2_2_floorplan_macro
read_liberty /OpenROAD-flow-scripts/flow/platforms/sky130hd/lib/sky130_fd_sc_hd__tt_025C_1v80.lib
read_db ./results/sky130hd/d_ca03_sv39_mmu/base/2_1_floorplan.odb
read_sdc ./results/sky130hd/d_ca03_sv39_mmu/base/2_1_floorplan.sdc
source /OpenROAD-flow-scripts/flow/platforms/sky130hd/setRC.tcl
No macros found: Skipping macro_placement
Design area 211385 um^2 10% utilization.
write_db ./results/sky130hd/d_ca03_sv39_mmu/base/2_2_floorplan_macro.odb
Elapsed time: 0:00.84[h:]min:sec. CPU time: user 0.72 sys 0.07 (93%). Peak memory: 180036KB.
Log                       Ext     Elapsed/s Peak Memory/MB sha1sum result [0:20)
2_2_floorplan_macro       .odb            0            175 6033270d62261ed077f9
/OpenROAD-flow-scripts/flow/scripts/flow.sh 2_3_floorplan_tapcell tapcell
Running tapcell.tcl, stage 2_3_floorplan_tapcell
read_liberty /OpenROAD-flow-scripts/flow/platforms/sky130hd/lib/sky130_fd_sc_hd__tt_025C_1v80.lib
read_db ./results/sky130hd/d_ca03_sv39_mmu/base/2_2_floorplan_macro.odb
read_sdc ./results/sky130hd/d_ca03_sv39_mmu/base/2_1_floorplan.sdc
source /OpenROAD-flow-scripts/flow/platforms/sky130hd/setRC.tcl
[INFO TAP-0005] Inserted 28087 tapcells.
Design area 246528 um^2 12% utilization.
write_db ./results/sky130hd/d_ca03_sv39_mmu/base/2_3_floorplan_tapcell.odb
Elapsed time: 0:01.05[h:]min:sec. CPU time: user 0.91 sys 0.06 (92%). Peak memory: 183924KB.
Log                       Ext     Elapsed/s Peak Memory/MB sha1sum result [0:20)
2_3_floorplan_tapcell     .odb            1            179 7612682101e30809fc2f
/OpenROAD-flow-scripts/flow/scripts/flow.sh 2_4_floorplan_pdn pdn
Running pdn.tcl, stage 2_4_floorplan_pdn
read_liberty /OpenROAD-flow-scripts/flow/platforms/sky130hd/lib/sky130_fd_sc_hd__tt_025C_1v80.lib
read_db ./results/sky130hd/d_ca03_sv39_mmu/base/2_3_floorplan_tapcell.odb
read_sdc ./results/sky130hd/d_ca03_sv39_mmu/base/2_1_floorplan.sdc
source /OpenROAD-flow-scripts/flow/platforms/sky130hd/setRC.tcl
[WARNING PDN-1051] No instances found for grid (CORE_macro_grid_1).
[WARNING PDN-1051] No instances found for grid (CORE_macro_grid_2).
[INFO PDN-0001] Inserting grid: grid
[INFO PDN-0500] Runtime: 0.91s
Design area 246528 um^2 12% utilization.
write_db ./results/sky130hd/d_ca03_sv39_mmu/base/2_4_floorplan_pdn.odb
Elapsed time: 0:02.90[h:]min:sec. CPU time: user 2.23 sys 0.54 (95%). Peak memory: 293140KB.
Log                       Ext     Elapsed/s Peak Memory/MB sha1sum result [0:20)
2_4_floorplan_pdn         .odb            2            286 77bf81a9c2ed6f26e963
cp ./results/sky130hd/d_ca03_sv39_mmu/base/2_4_floorplan_pdn.odb ./results/sky130hd/d_ca03_sv39_mmu/base/2_floorplan.odb
cp ./results/sky130hd/d_ca03_sv39_mmu/base/2_1_floorplan.sdc ./results/sky130hd/d_ca03_sv39_mmu/base/2_floorplan.sdc
/OpenROAD-flow-scripts/flow/scripts/flow.sh 3_1_place_gp_skip_io global_place_skip_io
Running global_place_skip_io.tcl, stage 3_1_place_gp_skip_io
read_liberty /OpenROAD-flow-scripts/flow/platforms/sky130hd/lib/sky130_fd_sc_hd__tt_025C_1v80.lib
read_db ./results/sky130hd/d_ca03_sv39_mmu/base/2_floorplan.odb
read_sdc ./results/sky130hd/d_ca03_sv39_mmu/base/2_floorplan.sdc
source /OpenROAD-flow-scripts/flow/platforms/sky130hd/setRC.tcl
global_placement -skip_io -density 0.5 -pad_left 0 -pad_right 0
[INFO GPL-0001] ---- Initialize GPL Main Data Structures
[INFO GPL-0002] DBU: 1000
[INFO GPL-0003] SiteSize: (  0.460  2.720 ) um
[INFO GPL-0004] CoreBBox: (  1.380  2.720 ) ( 1453.140 1452.480 ) um
[INFO GPL-0016] Core area:                  2104703.578 um^2
[INFO GPL-0036] Movable instances area:     211385.235 um^2
[INFO GPL-0037] Total instances area:       246527.690 um^2
[INFO GPL-0035] Pin density area adjust:      9863.466 um^2
[INFO GPL-0032] ---- Initialize Region: Top-level
[INFO GPL-0006] Number of instances:             48257
[INFO GPL-0007] Movable instances:               20170
[INFO GPL-0008] Fixed instances:                 28087
[INFO GPL-0009] Dummy instances:                     0
[INFO GPL-0010] Number of nets:                  21457
[INFO GPL-0011] Number of pins:                  73984
[INFO GPL-0012] Die BBox:       (  0.000  0.000 ) ( 1454.320 1454.320 ) um
[INFO GPL-0013] Placement BBox: (  1.380  2.720 ) ( 1453.140 1452.480 ) um
[INFO GPL-0014] Region name: top-level.
[INFO GPL-0015] Region area:                2104703.578 um^2
[INFO GPL-0017] Fixed instances area:        35142.454 um^2
[INFO GPL-0018] Movable instances area:     221248.702 um^2
[INFO GPL-0019] Utilization:                    10.691 %
[INFO GPL-0020] Standard cells area:        221248.702 um^2
[INFO GPL-0021] Large instances area:            0.000 um^2
[INFO GPL-0005] ---- Execute Conjugate Gradient Initial Placement.
[INFO GPL-0051] Source of initial instance position counters:
	Odb location = 0	Core center = 20170	Region center = 0
[INFO GPL-0033] ---- Initialize Nesterov Region: Top-level
[INFO GPL-0023] Placement target density:       0.5000
[INFO GPL-0024] Movable insts average area:     10.969 um^2
[INFO GPL-0025] Ideal bin area:                 21.938 um^2
[INFO GPL-0026] Ideal bin count:                 95937
[INFO GPL-0027] Total bin area:             2104703.578 um^2
[INFO GPL-0028] Bin count (X, Y):         256 ,    256
[INFO GPL-0029] Bin size (W * H):       5.671 *  5.663 um
[INFO GPL-0030] Number of bins:                  65536
[INFO GPL-0084] ---- Execute Nesterov Global Placement.
[INFO GPL-0031] HPWL: Half-Perimeter Wirelength
Iteration | Overflow |     HPWL (um) |  HPWL(%) |   Penalty | Group
---------------------------------------------------------------
        0 |   0.9994 |  4.075235e+04 |   +0.00% |  3.59e-16 |      
       10 |   0.9992 |  3.191097e+04 |  -21.70% |  5.85e-16 |      
       20 |   0.9992 |  3.165097e+04 |   -0.81% |  9.52e-16 |      
       30 |   0.9992 |  3.161764e+04 |   -0.11% |  1.55e-15 |      
       40 |   0.9992 |  3.160343e+04 |   -0.04% |  2.53e-15 |      
       50 |   0.9992 |  3.159780e+04 |   -0.02% |  4.12e-15 |      
       60 |   0.9992 |  3.160351e+04 |   +0.02% |  6.70e-15 |      
       70 |   0.9992 |  3.161178e+04 |   +0.03% |  1.09e-14 |      
       80 |   0.9992 |  3.163385e+04 |   +0.07% |  1.78e-14 |      
       90 |   0.9992 |  3.169662e+04 |   +0.20% |  2.90e-14 |      
      100 |   0.9991 |  3.189615e+04 |   +0.63% |  4.72e-14 |      
      110 |   0.9988 |  3.254653e+04 |   +2.04% |  7.69e-14 |      
      120 |   0.9981 |  3.446440e+04 |   +5.89% |  1.25e-13 |      
      130 |   0.9965 |  3.903488e+04 |  +13.26% |  2.04e-13 |      
      140 |   0.9943 |  4.844258e+04 |  +24.10% |  3.32e-13 |      
      150 |   0.9912 |  6.299076e+04 |  +30.03% |  5.39e-13 |      
      160 |   0.9877 |  7.944633e+04 |  +26.12% |  8.77e-13 |      
      170 |   0.9838 |  9.555185e+04 |  +20.27% |  1.43e-12 |      
      180 |   0.9789 |  1.150292e+05 |  +20.38% |  2.32e-12 |      
      190 |   0.9718 |  1.430333e+05 |  +24.35% |  3.76e-12 |      
      200 |   0.9605 |  1.807415e+05 |  +26.36% |  6.11e-12 |      
      210 |   0.9465 |  2.236837e+05 |  +23.76% |  9.90e-12 |      
      220 |   0.9284 |  2.621984e+05 |  +17.22% |  1.61e-11 |      
      230 |   0.9055 |  2.951681e+05 |  +12.57% |  2.61e-11 |      
      240 |   0.8767 |  3.382158e+05 |  +14.58% |  4.23e-11 |      
      250 |   0.8440 |  4.017525e+05 |  +18.79% |  6.84e-11 |      
      260 |   0.8107 |  4.423312e+05 |  +10.10% |  1.11e-10 |      
      270 |   0.7696 |  4.783386e+05 |   +8.14% |  1.80e-10 |      
      280 |   0.7302 |  5.217287e+05 |   +9.07% |  2.92e-10 |      
      290 |   0.6837 |  5.483122e+05 |   +5.10% |  4.74e-10 |      
      300 |   0.6402 |  5.715247e+05 |   +4.23% |  7.69e-10 |      
      310 |   0.5923 |  6.021823e+05 |   +5.36% |  1.25e-09 |      
      320 |   0.5482 |  6.173434e+05 |   +2.52% |  2.03e-09 |      
      330 |   0.5057 |  6.300803e+05 |   +2.06% |  3.30e-09 |      
      340 |   0.4633 |  6.389924e+05 |   +1.41% |  5.37e-09 |      
      350 |   0.4223 |  6.455751e+05 |   +1.03% |  8.75e-09 |      
      360 |   0.3776 |  6.512616e+05 |   +0.88% |  1.42e-08 |      
      370 |   0.3335 |  6.573368e+05 |   +0.93% |  2.27e-08 |      
      380 |   0.3021 |  6.610399e+05 |   +0.56% |  3.35e-08 |      
      390 |   0.2683 |  6.653882e+05 |   +0.66% |  4.93e-08 |      
      400 |   0.2370 |  6.688960e+05 |   +0.53% |  7.25e-08 |      
      410 |   0.2069 |  6.723579e+05 |   +0.52% |  1.07e-07 |      
      420 |   0.1802 |  6.756317e+05 |   +0.49% |  1.57e-07 |      
      430 |   0.1549 |  6.780359e+05 |   +0.36% |  2.32e-07 |      
      440 |   0.1336 |  6.804856e+05 |   +0.36% |  3.41e-07 |      
      450 |   0.1141 |  6.828267e+05 |   +0.34% |  5.03e-07 |      
      459 |   0.0984 |  6.847225e+05 |          |  7.40e-07 |      
---------------------------------------------------------------
[INFO GPL-1001] Global placement finished at iteration 459
[INFO GPL-1002] Placed Cell Area            221248.7017
[INFO GPL-1003] Available Free Area         2069561.1232
[INFO GPL-1004] Minimum Feasible Density        0.1100 (cell_area / free_area)
[INFO GPL-1006]   Suggested Target Densities:
[INFO GPL-1007]     - For 90% usage of free space: 0.1188
[INFO GPL-1008]     - For 80% usage of free space: 0.1336
[INFO GPL-1009]     - For 50% usage of free space: 0.2138
[INFO GPL-1014] Final placement area: 221248.70 (+0.00%)
Took 11 seconds: global_placement -skip_io -density 0.5 -pad_left 0 -pad_right 0
Design area 246528 um^2 12% utilization.
write_db ./results/sky130hd/d_ca03_sv39_mmu/base/3_1_place_gp_skip_io.odb
Elapsed time: 0:12.04[h:]min:sec. CPU time: user 29.03 sys 0.62 (246%). Peak memory: 262320KB.
Log                       Ext     Elapsed/s Peak Memory/MB sha1sum result [0:20)
3_1_place_gp_skip_io      .odb           12            256 9d722ad49e4023b72da8
/OpenROAD-flow-scripts/flow/scripts/flow.sh 3_2_place_iop io_placement
Running io_placement.tcl, stage 3_2_place_iop
read_liberty /OpenROAD-flow-scripts/flow/platforms/sky130hd/lib/sky130_fd_sc_hd__tt_025C_1v80.lib
read_db ./results/sky130hd/d_ca03_sv39_mmu/base/3_1_place_gp_skip_io.odb
read_sdc ./results/sky130hd/d_ca03_sv39_mmu/base/2_floorplan.sdc
source /OpenROAD-flow-scripts/flow/platforms/sky130hd/setRC.tcl
place_pins -hor_layers met3 -ver_layers met2
Found 0 macro blocks.
Using 2 tracks default min distance between IO pins.
[INFO PPL-0001] Number of available slots 5288
[INFO PPL-0002] Number of I/O             1323
[INFO PPL-0003] Number of I/O w/sink      1281
[INFO PPL-0004] Number of I/O w/o sink    42
[INFO PPL-0005] Slots per section         200
[INFO PPL-0008] Successfully assigned pins to sections.
[INFO PPL-0012] I/O nets HPWL: 655291.12 um.
Design area 246528 um^2 12% utilization.
write_db ./results/sky130hd/d_ca03_sv39_mmu/base/3_2_place_iop.odb
Elapsed time: 0:01.34[h:]min:sec. CPU time: user 1.12 sys 0.11 (92%). Peak memory: 223644KB.
Log                       Ext     Elapsed/s Peak Memory/MB sha1sum result [0:20)
3_2_place_iop             .odb            1            218 b81a6747793b02f49c3a
/OpenROAD-flow-scripts/flow/scripts/flow.sh 3_3_place_gp global_place
Running global_place.tcl, stage 3_3_place_gp
read_liberty /OpenROAD-flow-scripts/flow/platforms/sky130hd/lib/sky130_fd_sc_hd__tt_025C_1v80.lib
read_db ./results/sky130hd/d_ca03_sv39_mmu/base/3_2_place_iop.odb
read_sdc ./results/sky130hd/d_ca03_sv39_mmu/base/2_floorplan.sdc
source /OpenROAD-flow-scripts/flow/platforms/sky130hd/setRC.tcl
[INFO RSZ-0026] Removed 1718 buffers.
Perform port buffering...
[INFO RSZ-0027] Inserted 802 sky130_fd_sc_hd__clkdlybuf4s50_1 input buffers.
[INFO RSZ-0028] Inserted 354 sky130_fd_sc_hd__clkdlybuf4s50_1 output buffers.
global_placement -density 0.5 -pad_left 0 -pad_right 0 -routability_driven -timing_driven -force_center_initial_place -min_phi_coef 0.95 -max_phi_coef 1.05
[INFO GPL-0001] ---- Initialize GPL Main Data Structures
[INFO GPL-0002] DBU: 1000
[INFO GPL-0003] SiteSize: (  0.460  2.720 ) um
[INFO GPL-0004] CoreBBox: (  1.380  2.720 ) ( 1453.140 1452.480 ) um
[INFO GPL-0016] Core area:                  2104703.578 um^2
[INFO GPL-0036] Movable instances area:     215263.955 um^2
[INFO GPL-0037] Total instances area:       250406.410 um^2
[INFO GPL-0035] Pin density area adjust:     12382.971 um^2
[INFO GPL-0032] ---- Initialize Region: Top-level
[INFO GPL-0006] Number of instances:             47695
[INFO GPL-0007] Movable instances:               19608
[INFO GPL-0008] Fixed instances:                 28087
[INFO GPL-0009] Dummy instances:                     0
[INFO GPL-0010] Number of nets:                  20895
[INFO GPL-0011] Number of pins:                  74183
[INFO GPL-0012] Die BBox:       (  0.000  0.000 ) ( 1454.320 1454.320 ) um
[INFO GPL-0013] Placement BBox: (  1.380  2.720 ) ( 1453.140 1452.480 ) um
[INFO GPL-0014] Region name: top-level.
[INFO GPL-0015] Region area:                2104703.578 um^2
[INFO GPL-0017] Fixed instances area:        35142.454 um^2
[INFO GPL-0018] Movable instances area:     227646.927 um^2
[INFO GPL-0019] Utilization:                    11.000 %
[INFO GPL-0020] Standard cells area:        227646.927 um^2
[INFO GPL-0021] Large instances area:            0.000 um^2
[INFO GPL-0005] ---- Execute Conjugate Gradient Initial Placement.
[INFO GPL-0051] Source of initial instance position counters:
	Odb location = 0	Core center = 19608	Region center = 0
[InitialPlace]  Iter: 1 conjugate gradient residual: 0.00164724 HPWL: 1224049124
[InitialPlace]  Iter: 2 conjugate gradient residual: 0.00036462 HPWL: 1138408873
[InitialPlace]  Iter: 3 conjugate gradient residual: 0.00009008 HPWL: 1012589276
[InitialPlace]  Iter: 4 conjugate gradient residual: 0.00014027 HPWL: 914028562
[InitialPlace]  Iter: 5 conjugate gradient residual: 0.00008201 HPWL: 850627475
[InitialPlace]  Iter: 6 conjugate gradient residual: 0.00007220 HPWL: 804672562
[InitialPlace]  Iter: 7 conjugate gradient residual: 0.00004765 HPWL: 764403241
[InitialPlace]  Iter: 8 conjugate gradient residual: 0.00003321 HPWL: 744535907
[InitialPlace]  Iter: 9 conjugate gradient residual: 0.00004643 HPWL: 730432131
[InitialPlace]  Iter: 10 conjugate gradient residual: 0.00003720 HPWL: 720220225
[InitialPlace]  Iter: 11 conjugate gradient residual: 0.00002968 HPWL: 712796381
[InitialPlace]  Iter: 12 conjugate gradient residual: 0.00002484 HPWL: 709888405
[InitialPlace]  Iter: 13 conjugate gradient residual: 0.00002018 HPWL: 705046963
[InitialPlace]  Iter: 14 conjugate gradient residual: 0.00001873 HPWL: 702597131
[InitialPlace]  Iter: 15 conjugate gradient residual: 0.00001395 HPWL: 700454232
[InitialPlace]  Iter: 16 conjugate gradient residual: 0.00001317 HPWL: 699075156
[InitialPlace]  Iter: 17 conjugate gradient residual: 0.00001250 HPWL: 696700747
[InitialPlace]  Iter: 18 conjugate gradient residual: 0.00001130 HPWL: 695835957
[InitialPlace]  Iter: 19 conjugate gradient residual: 0.00001265 HPWL: 694789350
[InitialPlace]  Iter: 20 conjugate gradient residual: 0.00002006 HPWL: 693988794
[INFO GPL-0033] ---- Initialize Nesterov Region: Top-level
[INFO GPL-0023] Placement target density:       0.5000
[INFO GPL-0024] Movable insts average area:     11.610 um^2
[INFO GPL-0025] Ideal bin area:                 23.220 um^2
[INFO GPL-0026] Ideal bin count:                 90642
[INFO GPL-0027] Total bin area:             2104703.578 um^2
[INFO GPL-0028] Bin count (X, Y):         256 ,    256
[INFO GPL-0029] Bin size (W * H):       5.671 *  5.663 um
[INFO GPL-0030] Number of bins:                  65536
[INFO GPL-0084] ---- Execute Nesterov Global Placement.
[INFO GPL-0031] HPWL: Half-Perimeter Wirelength
Iteration | Overflow |     HPWL (um) |  HPWL(%) |   Penalty | Group
---------------------------------------------------------------
        0 |   0.9031 |  6.546571e+05 |   +0.00% |  1.60e-15 |      
       10 |   0.8268 |  7.270685e+05 |  +11.06% |  2.56e-15 |      
       20 |   0.8041 |  7.398768e+05 |   +1.76% |  4.16e-15 |      
       30 |   0.7951 |  7.489794e+05 |   +1.23% |  6.76e-15 |      
       40 |   0.7886 |  7.529472e+05 |   +0.53% |  1.10e-14 |      
       50 |   0.7861 |  7.533030e+05 |   +0.05% |  1.79e-14 |      
       60 |   0.7848 |  7.512343e+05 |   -0.27% |  2.92e-14 |      
       70 |   0.7851 |  7.481835e+05 |   -0.41% |  4.76e-14 |      
       80 |   0.7844 |  7.465684e+05 |   -0.22% |  7.75e-14 |      
       90 |   0.7832 |  7.467276e+05 |   +0.02% |  1.26e-13 |      
      100 |   0.7823 |  7.475732e+05 |   +0.11% |  2.06e-13 |      
      110 |   0.7826 |  7.484435e+05 |   +0.12% |  3.35e-13 |      
      120 |   0.7825 |  7.488391e+05 |   +0.05% |  5.45e-13 |      
      130 |   0.7827 |  7.493793e+05 |   +0.07% |  8.88e-13 |      
      140 |   0.7822 |  7.498234e+05 |   +0.06% |  1.45e-12 |      
      150 |   0.7808 |  7.502798e+05 |   +0.06% |  2.36e-12 |      
      160 |   0.7794 |  7.511391e+05 |   +0.11% |  3.84e-12 |      
      170 |   0.7768 |  7.527053e+05 |   +0.21% |  6.25e-12 |      
      180 |   0.7730 |  7.555068e+05 |   +0.37% |  1.02e-11 |      
      190 |   0.7657 |  7.627528e+05 |   +0.96% |  1.66e-11 |      
      200 |   0.7557 |  7.715115e+05 |   +1.15% |  2.70e-11 |      
      210 |   0.7427 |  7.739962e+05 |   +0.32% |  4.39e-11 |      
      220 |   0.7257 |  7.633213e+05 |   -1.38% |  7.15e-11 |      
      230 |   0.7024 |  7.621321e+05 |   -0.16% |  1.16e-10 |      
      240 |   0.6712 |  7.804188e+05 |   +2.40% |  1.89e-10 |      
      250 |   0.6432 |  7.684876e+05 |   -1.53% |  3.08e-10 |      
[INFO GPL-0100] Timing-driven iteration 1/2, virtual: false.
[INFO GPL-0101]    Iter: 254, overflow: 0.634, keep resizer changes at: 1, HPWL: 766510799
Iteration |   Area    | Resized | Buffers | Nets repaired | Remaining
---------------------------------------------------------------------
        0 |     +0.0% |       0 |       0 |             0 |     21019
    final |     +4.9% |     396 |     629 |           398 |         0
---------------------------------------------------------------------
[INFO RSZ-0034] Found 414 slew violations.
[INFO RSZ-0036] Found 76 capacitance violations.
[INFO RSZ-0039] Resized 396 instances.
[INFO RSZ-0038] Inserted 629 buffers in 398 nets.
   Iter   |    Area   | Removed | Inserted |   Pins
          |           | Buffers | Buffers  | Remaining
-------------------------------------------------------
        0 |     +0.0% |       0 |        0 |     19926
     1900 |     +0.0% |       0 |        0 |     18026
     3800 |     -1.1% |     245 |      119 |     16126
     5700 |     -1.2% |     272 |      149 |     14226
     7600 |     -1.4% |     312 |      173 |     12326
     9500 |     -1.7% |     398 |      228 |     10426
    11400 |     -1.7% |     401 |      230 |      8526
    13300 |     -1.8% |     410 |      234 |      6626
    15200 |     -2.0% |     502 |      423 |      4726
    17100 |     -2.1% |     523 |      459 |      2826
    19000 |     -2.1% |     527 |      465 |       926
    final |     -2.7% |     651 |      623 |         0
-------------------------------------------------------
[INFO GPL-0106] Timing-driven: worst slack -5.29e-09
[INFO GPL-0107] Timing-driven: repair_design delta area: 5129.572 um^2 (+2.25%)
[INFO GPL-0108] Timing-driven: repair_design, gpl delta gcells: 601 (+3.07%)
[INFO GPL-0109] Timing-driven: repair_design, gcells created: 1252, deleted: 651
[INFO GPL-0110] Timing-driven: new target density: 0.5024786
Iteration | Overflow |     HPWL (um) |  HPWL(%) |   Penalty | Group
---------------------------------------------------------------
      260 |   0.6017 |  8.740217e+05 |  +13.73% |  4.96e-10 |      
[INFO GPL-0038] Routability snapshot saved at iter = 262
      261 |   0.5999 |  8.703667e+05 |          |           |      
      270 |   0.5800 |  8.380016e+05 |   -4.12% |  8.07e-10 |      
      280 |   0.5382 |  8.488700e+05 |   +1.30% |  1.31e-09 |      
      290 |   0.5025 |  8.451050e+05 |   -0.44% |  2.14e-09 |      
      300 |   0.4694 |  8.416579e+05 |   -0.41% |  3.48e-09 |      
      310 |   0.4358 |  8.393616e+05 |   -0.27% |  5.67e-09 |      
      320 |   0.3945 |  8.392061e+05 |   -0.02% |  9.23e-09 |      
      330 |   0.3559 |  8.397697e+05 |   +0.07% |  1.50e-08 |      
      340 |   0.3222 |  8.401279e+05 |   +0.04% |  2.28e-08 |      
[INFO GPL-0040] Routability iteration: 1
[WARNING GRT-0281] Net clk_i has a large fanout of 3468 terminals.
[INFO GPL-0041] Total routing overflow: 18.7824
[INFO GPL-0042] Number of overflowed tiles: 167 (0.38%)
[INFO GPL-0043] Average top 0.5% routing congestion: 1.0799
[INFO GPL-0044] Average top 1.0% routing congestion: 1.0026
[INFO GPL-0045] Average top 2.0% routing congestion: 0.9290
[INFO GPL-0046] Average top 5.0% routing congestion: 0.8308
[INFO GPL-0047] Routability iteration weighted routing congestion: 1.0412
[INFO GPL-0048] Routing congestion (1.0412) lower than previous minimum (1e+30). Updating minimum.
[INFO GPL-0086] Inflated area:                3318.338 um^2 (+1.43%)
[INFO GPL-0052] Placement target density:       0.5025
[INFO GPL-0076] Removing fillers, count: Before: 68934, After: 68651 (-0.41%)
[INFO GPL-0077] Filler area (um^2)     : Before: 807133.614, After: 803815.680 (-0.41%)
[INFO GPL-0078] Removed fillers count: 283, area removed: 3313.569 um^2. Remaining area to be compensated by modifying density: 4.769 um^2
[INFO GPL-0058] White space area:           2069561.123 um^2 (+0.00%)
[INFO GPL-0059] Movable instances area:     1039910.175 um^2 (+0.00%)
[INFO GPL-0060] Total filler area:          803815.680 um^2 (-0.41%)
[INFO GPL-0061] Total non-inflated area:    1039910.517 um^2 (+0.00%)
[INFO GPL-0062] Total inflated area:        1043228.856 um^2 (+0.00%)
[INFO GPL-0063] New Target Density:             0.5025
[INFO GPL-0087] Routability end iteration: increase inflation and revert back to snapshot.
Iteration | Overflow |     HPWL (um) |  HPWL(%) |   Penalty | Group
---------------------------------------------------------------
      350 |   0.6006 |  8.615538e+05 |   +2.55% |  5.89e-10 |      
      360 |   0.5719 |  8.399218e+05 |   -2.51% |  8.68e-10 |      
      370 |   0.5413 |  8.429080e+05 |   +0.36% |  1.28e-09 |      
      380 |   0.5180 |  8.416833e+05 |   -0.15% |  1.88e-09 |      
      390 |   0.4884 |  8.388353e+05 |   -0.34% |  2.77e-09 |      
      400 |   0.4595 |  8.362126e+05 |   -0.31% |  4.08e-09 |      
      410 |   0.4312 |  8.359988e+05 |   -0.03% |  6.01e-09 |      
      420 |   0.4005 |  8.349934e+05 |   -0.12% |  8.85e-09 |      
      430 |   0.3687 |  8.364578e+05 |   +0.18% |  1.30e-08 |      
      440 |   0.3343 |  8.377270e+05 |   +0.15% |  1.92e-08 |      
      450 |   0.3026 |  8.398708e+05 |   +0.26% |  2.83e-08 |      
[INFO GPL-0040] Routability iteration: 2
[INFO GPL-0041] Total routing overflow: 8.9496
[INFO GPL-0042] Number of overflowed tiles: 107 (0.24%)
[INFO GPL-0043] Average top 0.5% routing congestion: 1.0229
[INFO GPL-0044] Average top 1.0% routing congestion: 0.9620
[INFO GPL-0045] Average top 2.0% routing congestion: 0.8974
[INFO GPL-0046] Average top 5.0% routing congestion: 0.8109
[INFO GPL-0047] Routability iteration weighted routing congestion: 0.9925
[INFO GPL-0050] Weighted routing congestion is lower than target routing congestion(1.0100), end routability optimization.
[INFO GPL-0090] Routability finished. Target routing congestion achieved succesfully.
Iteration | Overflow |     HPWL (um) |  HPWL(%) |   Penalty | Group
---------------------------------------------------------------
      460 |   0.2689 |  8.424524e+05 |   +0.31% |  4.17e-08 |      
      470 |   0.2378 |  8.452729e+05 |   +0.33% |  6.13e-08 |      
      480 |   0.2072 |  8.480902e+05 |   +0.33% |  9.03e-08 |      
[INFO GPL-0100] Timing-driven iteration 2/2, virtual: false.
[INFO GPL-0101]    Iter: 486, overflow: 0.195, keep resizer changes at: 1, HPWL: 849808794
Iteration |   Area    | Resized | Buffers | Nets repaired | Remaining
---------------------------------------------------------------------
        0 |     +0.0% |       0 |       0 |             0 |     21620
    final |     +0.1% |      19 |      14 |            22 |         0
---------------------------------------------------------------------
[INFO RSZ-0034] Found 21 slew violations.
[INFO RSZ-0036] Found 2 capacitance violations.
[INFO RSZ-0039] Resized 19 instances.
[INFO RSZ-0038] Inserted 14 buffers in 22 nets.
   Iter   |    Area   | Removed | Inserted |   Pins
          |           | Buffers | Buffers  | Remaining
-------------------------------------------------------
        0 |     +0.0% |       0 |        0 |     19926
     1900 |     +0.0% |       0 |        0 |     18026
     3800 |     +0.0% |     104 |      109 |     16126
     5700 |     +0.0% |     136 |      137 |     14226
     7600 |     +0.1% |     162 |      184 |     12326
     9500 |     +0.2% |     218 |      279 |     10426
    11400 |     +0.2% |     219 |      282 |      8526
    13300 |     +0.2% |     224 |      287 |      6626
    15200 |     +0.2% |     415 |      478 |      4726
    17100 |     +0.2% |     451 |      521 |      2826
    19000 |     +0.2% |     457 |      525 |       926
    final |     +0.3% |     617 |      732 |         0
-------------------------------------------------------
[INFO GPL-0106] Timing-driven: worst slack -5.29e-09
[INFO GPL-0107] Timing-driven: repair_design delta area: 1133.653 um^2 (+0.48%)
[INFO GPL-0108] Timing-driven: repair_design, gpl delta gcells: 129 (+0.64%)
[INFO GPL-0109] Timing-driven: repair_design, gcells created: 746, deleted: 617
[INFO GPL-0110] Timing-driven: new target density: 0.50302655
Iteration | Overflow |     HPWL (um) |  HPWL(%) |   Penalty | Group
---------------------------------------------------------------
      490 |   0.1813 |  9.025144e+05 |   +6.42% |  1.32e-07 |      
      500 |   0.1568 |  8.931789e+05 |   -1.03% |  1.95e-07 |      
      510 |   0.1354 |  8.893652e+05 |   -0.43% |  2.87e-07 |      
      520 |   0.1180 |  8.866648e+05 |   -0.30% |  4.23e-07 |      
      530 |   0.1002 |  8.844349e+05 |   -0.25% |  6.24e-07 |      
      531 |   0.0990 |  8.841507e+05 |          |  6.74e-07 |      
---------------------------------------------------------------
[INFO GPL-1001] Global placement finished at iteration 531
[INFO GPL-1017] Routability mode iteration count: 188
[INFO GPL-1005] Routability final weighted congestion: 0.9357
[INFO GPL-1002] Placed Cell Area            237228.4900
[INFO GPL-1003] Available Free Area         2069561.1232
[INFO GPL-1004] Minimum Feasible Density        0.1100 (cell_area / free_area)
[INFO GPL-1006]   Suggested Target Densities:
[INFO GPL-1007]     - For 90% usage of free space: 0.1274
[INFO GPL-1008]     - For 80% usage of free space: 0.1433
[INFO GPL-1009]     - For 50% usage of free space: 0.2293
[INFO GPL-1011] Original area (um^2): 227646.93
[INFO GPL-1012] Total routability artificial inflation: 3318.34 (+1.46%)
[INFO GPL-1013] Total timing-driven delta area: 6263.22 (+2.75%)
[INFO GPL-1014] Final placement area: 237228.49 (+4.21%)
Took 62 seconds: global_placement -density 0.5 -pad_left 0 -pad_right 0 -routability_driven -timing_driven -force_center_initial_place -min_phi_coef 0.95 -max_phi_coef 1.05
estimate_parasitics -placement
Report metrics stage 3, global place...

==========================================================================
global place report_design_area
--------------------------------------------------------------------------
Design area 256757 um^2 12% utilization.
write_db ./results/sky130hd/d_ca03_sv39_mmu/base/3_3_place_gp.odb
Elapsed time: 1:08.98[h:]min:sec. CPU time: user 115.08 sys 9.67 (180%). Peak memory: 599940KB.
Log                       Ext     Elapsed/s Peak Memory/MB sha1sum result [0:20)
3_3_place_gp              .odb           68            585 7a830777758f87ce5b25
/OpenROAD-flow-scripts/flow/scripts/flow.sh 3_4_place_resized resize
Running resize.tcl, stage 3_4_place_resized
read_liberty /OpenROAD-flow-scripts/flow/platforms/sky130hd/lib/sky130_fd_sc_hd__tt_025C_1v80.lib
read_db ./results/sky130hd/d_ca03_sv39_mmu/base/3_3_place_gp.odb
read_sdc ./results/sky130hd/d_ca03_sv39_mmu/base/2_floorplan.sdc
source /OpenROAD-flow-scripts/flow/platforms/sky130hd/setRC.tcl
estimate_parasitics -placement
Perform buffer insertion and gate resizing...
repair_design -verbose -match_cell_footprint
Iteration |   Area    | Resized | Buffers | Nets repaired | Remaining
---------------------------------------------------------------------
        0 |     +0.0% |       0 |       0 |             0 |     21749
     1000 |     +0.0% |       0 |       0 |             0 |     20749
     2000 |     +0.0% |       0 |       0 |             0 |     19749
     3000 |     +0.0% |       0 |       0 |             0 |     18749
     4000 |     +0.0% |       0 |       0 |             0 |     17749
     5000 |     +0.0% |       0 |       0 |             0 |     16749
     6000 |     +0.0% |       0 |       0 |             0 |     15749
     7000 |     +0.0% |       0 |       0 |             0 |     14749
     8000 |     +0.0% |       0 |       0 |             0 |     13749
     9000 |     +0.0% |       0 |       0 |             0 |     12749
    10000 |     +0.0% |       1 |       0 |             1 |     11749
    11000 |     +0.0% |       1 |       0 |             1 |     10749
    12000 |     +0.0% |       1 |       0 |             1 |      9749
    13000 |     +0.0% |       1 |       0 |             1 |      8749
    14000 |     +0.0% |       1 |       0 |             1 |      7749
    15000 |     +0.0% |       1 |       0 |             1 |      6749
    16000 |     +0.0% |       1 |       0 |             1 |      5749
    17000 |     +0.0% |       1 |       0 |             1 |      4749
    18000 |     +0.0% |       1 |       0 |             1 |      3749
    19000 |     +0.0% |       1 |       0 |             1 |      2749
    20000 |     +0.0% |       1 |       0 |             1 |      1749
    21000 |     +0.0% |       1 |       0 |             1 |       749
    final |     +0.0% |       1 |       0 |             1 |         0
---------------------------------------------------------------------
[INFO RSZ-0034] Found 1 slew violations.
[INFO RSZ-0039] Resized 1 instances.
[INFO RSZ-0504] Runtime: 2.99s
Floating nets: 
Report metrics stage 3, resizer...

==========================================================================
resizer report_design_area
--------------------------------------------------------------------------
Design area 256765 um^2 12% utilization.
Instance count before 48425, after 48425
Pin count before 74444, after 74444
write_db ./results/sky130hd/d_ca03_sv39_mmu/base/3_4_place_resized.odb
Elapsed time: 0:16.31[h:]min:sec. CPU time: user 20.37 sys 2.70 (141%). Peak memory: 307912KB.
Log                       Ext     Elapsed/s Peak Memory/MB sha1sum result [0:20)
3_4_place_resized         .odb           16            300 c6563552196b88bd6955
/OpenROAD-flow-scripts/flow/scripts/flow.sh 3_5_place_dp detail_place
Running detail_place.tcl, stage 3_5_place_dp
read_liberty /OpenROAD-flow-scripts/flow/platforms/sky130hd/lib/sky130_fd_sc_hd__tt_025C_1v80.lib
read_db ./results/sky130hd/d_ca03_sv39_mmu/base/3_4_place_resized.odb
read_sdc ./results/sky130hd/d_ca03_sv39_mmu/base/2_floorplan.sdc
source /OpenROAD-flow-scripts/flow/platforms/sky130hd/setRC.tcl
detailed_placement
[INFO DPL-0006] Core area: 2104703.58 um^2
[INFO DPL-0007] Movable instances area: 221622.55 um^2
[INFO DPL-0008] Fixed instances area within core: 35142.45 um^2
[INFO DPL-0009] Utilization: 12.2%
[INFO DPL-0005] Diamond search max displacement: +/- 500 sites horizontally, +/- 100 rows vertically.
[INFO DPL-1102] Legalizing using negotiation legalizer.
[INFO DPL-1103] Negotiation base search window: +/-20 sites horizontally, +/-5 rows vertically 
	Automatic search window extension enabled.
	Search window extendable up to the max displacement cap of +/-500 sites, +/-100 rows near walls.
[INFO DPL-1104] NegotiationLegalizer DRC penalty: 5.
[INFO DPL-0392] Negotiation cell height distribution (1 unique row-count(s)):
[INFO DPL-0393]   height 1 row(s): 48425 cells
          |      Total |  Illegal |  Illegal
Iteration | Violations |    Cells |    Sites
---------------------------------------------
        0 |         56 |        18 |        38
        1 |          0 |         0 |         0
Negotiation phase 1 converged at iteration 1.
[INFO DPL-0500] Runtime: 0.47s
Placement Analysis
---------------------------------
total displacement      58930.2 u
average displacement        1.2 u
max displacement           19.2 u
original HPWL          884502.6 u
legalized HPWL         925552.5 u
delta HPWL                    5 %

improve_placement -max_displacement "5 1"
Detailed placement improvement.
[INFO DPL-0401] Setting random seed to 1.
[INFO DPL-0402] Setting maximum displacement 5 1 to 13600 2720 units.
[INFO DPL-0320] Collected 29410 fixed cells.
[INFO DPL-0318] Collected 20338 single height cells.
[INFO DPL-0321] Collected 0 wide cells.
[INFO DPL-0322] Image (1380, 2720) - (1453140, 1452480)
[INFO DPL-0310] Assigned 20338 cells into segments.  Movement in X-direction is 0.000000, movement in Y-direction is 0.000000.
[INFO DPL-0313] Found 0 cells in wrong regions.
[INFO DPL-0315] Found 0 row alignment problems.
[INFO DPL-0314] Found 0 site alignment problems.
[INFO DPL-0311] Found 0 overlaps between adjacent cells.
[INFO DPL-0312] Found 0 edge spacing violations and 0 padding violations.
[INFO DPL-0303] Running algorithm for independent set matching.
[INFO DPL-0300] Set matching objective is wirelength.
[INFO DPL-0301] Pass   1 of matching; objective is 9.254562e+08.
[INFO DPL-0302] End of matching; objective is 9.250273e+08, improvement is 0.05 percent.
[INFO DPL-0303] Running algorithm for global swaps.
[INFO DPL-0306] Pass   1 of global swaps; hpwl is 9.121485e+08.
[INFO DPL-0306] Pass   2 of global swaps; hpwl is 9.103111e+08.
[INFO DPL-0307] End of global swaps; objective is 9.103111e+08, improvement is 1.59 percent.
[INFO DPL-0303] Running algorithm for vertical swaps.
[INFO DPL-0308] Pass   1 of vertical swaps; hpwl is 9.076007e+08.
[INFO DPL-0309] End of vertical swaps; objective is 9.076007e+08, improvement is 0.30 percent.
[INFO DPL-0303] Running algorithm for reordering.
[INFO DPL-0304] Pass   1 of reordering; objective is 9.074079e+08.
[INFO DPL-0305] End of reordering; objective is 9.074079e+08, improvement is 0.02 percent.
[INFO DPL-0303] Running algorithm for random improvement.
[INFO DPL-0324] Random improver is using random generator.
[INFO DPL-0325] Random improver is using hpwl objective.
[INFO DPL-0326] Random improver cost string is (a).
[INFO DPL-0332] End of pass, Generator random called 406760 times.
[INFO DPL-0335] Generator random, Cumulative attempts 406760, swaps 44035, moves 136302 since last reset.
[INFO DPL-0333] End of pass, Objective hpwl, Initial cost 9.014014e+08, Scratch cost 8.948422e+08, Incremental cost 8.948422e+08, Mismatch? N
[INFO DPL-0338] End of pass, Total cost is 8.948422e+08.
[INFO DPL-0327] Pass   1 of random improver; improvement in cost is 0.73 percent.
[INFO DPL-0328] End of random improver; improvement is 0.727665 percent.
[INFO DPL-0380] Cell flipping.
[INFO DPL-0382] Changed 0 cell orientations for row compatibility.
[INFO DPL-0383] Performed 5082 cell flips.
[INFO DPL-0384] End of flipping; objective is 8.911273e+08, improvement is 1.08 percent.
[INFO DPL-0313] Found 0 cells in wrong regions.
[INFO DPL-0315] Found 0 row alignment problems.
[INFO DPL-0314] Found 0 site alignment problems.
[INFO DPL-0311] Found 0 overlaps between adjacent cells.
[INFO DPL-0312] Found 0 edge spacing violations and 0 padding violations.
Detailed Improvement Results
------------------------------------------
Original HPWL           925552.5 u (  385334.3,   540218.2)
Final HPWL              891168.9 u (  371699.9,   519469.0)
Delta HPWL                  -3.7 % (      -3.5,       -3.8)

Took 6 seconds: improve_placement -max_displacement "5 1"
optimize_mirroring
[INFO DPL-0020] Mirrored 810 instances
[INFO DPL-0021] HPWL before          891168.9 u
[INFO DPL-0022] HPWL after           890672.2 u
[INFO DPL-0023] HPWL delta               -0.1 %
[INFO FLW-0012] Placement violations .
estimate_parasitics -placement
Report metrics stage 3, detailed place...

==========================================================================
detailed place report_design_area
--------------------------------------------------------------------------
Design area 256765 um^2 12% utilization.
write_db ./results/sky130hd/d_ca03_sv39_mmu/base/3_5_place_dp.odb
write_sdc -no_timestamp ./results/sky130hd/d_ca03_sv39_mmu/base/3_place.sdc
Elapsed time: 0:20.04[h:]min:sec. CPU time: user 23.57 sys 2.58 (130%). Peak memory: 402488KB.
Log                       Ext     Elapsed/s Peak Memory/MB sha1sum result [0:20)
3_5_place_dp              .odb           20            393 b4f45c3b6d61ab62e091
cp ./results/sky130hd/d_ca03_sv39_mmu/base/3_5_place_dp.odb ./results/sky130hd/d_ca03_sv39_mmu/base/3_place.odb
/OpenROAD-flow-scripts/flow/scripts/flow.sh 4_1_cts cts
Running cts.tcl, stage 4_1_cts
read_liberty /OpenROAD-flow-scripts/flow/platforms/sky130hd/lib/sky130_fd_sc_hd__tt_025C_1v80.lib
read_db ./results/sky130hd/d_ca03_sv39_mmu/base/3_place.odb
read_sdc ./results/sky130hd/d_ca03_sv39_mmu/base/3_place.sdc
source /OpenROAD-flow-scripts/flow/platforms/sky130hd/setRC.tcl
clock_tree_synthesis -sink_clustering_enable -repair_clock_nets
[INFO CTS-0050] Root buffer is sky130_fd_sc_hd__clkbuf_16.
[INFO CTS-0051] Sink buffer is sky130_fd_sc_hd__clkbuf_16.
[INFO CTS-0052] The following clock buffers will be used for CTS:
                    sky130_fd_sc_hd__clkbuf_16
[INFO CTS-0049] Characterization buffer is sky130_fd_sc_hd__clkbuf_16.
[INFO CTS-0007] Net "clk_i" found for clock "core_clock".
[INFO CTS-0010]  Clock net "clk_i" has 3467 sinks.
[INFO CTS-0008] TritonCTS found 1 clock nets.
[INFO CTS-0097] Characterization used 1 buffer(s) types.
[INFO CTS-0201] 0 blockages from hard placement blockages and placed macros will be used.
[INFO CTS-0027] Generating H-Tree topology for net clk_i.
[INFO CTS-0028]  Total number of sinks: 3467.
[INFO CTS-0090]  Sinks will be clustered based on buffer max cap.
[INFO CTS-0030]  Number of static layers: 0.
[INFO CTS-0020]  Wire segment unit: 13600  dbu (13 um).
[INFO CTS-0206] Best clustering solution was found from max clustering size of 13 and max clustering diameter of 151.
[INFO CTS-0019]  Total number of sinks after clustering: 368.
[INFO CTS-0024]  Normalized sink region: [(1.00037, 14.6), (106.122, 105.049)].
[INFO CTS-0025]     Width:  105.1213.
[INFO CTS-0026]     Height: 90.4493.
 Level 1
    Direction: Horizontal
    Sinks per sub-region: 184
    Sub-region size: 52.5607 X 90.4493
[INFO CTS-0034]     Segment length (rounded): 26.
 Level 2
    Direction: Vertical
    Sinks per sub-region: 92
    Sub-region size: 52.5607 X 45.2246
[INFO CTS-0034]     Segment length (rounded): 22.
 Level 3
    Direction: Horizontal
    Sinks per sub-region: 46
    Sub-region size: 26.2803 X 45.2246
[INFO CTS-0034]     Segment length (rounded): 14.
 Level 4
    Direction: Vertical
    Sinks per sub-region: 23
    Sub-region size: 26.2803 X 22.6123
[INFO CTS-0034]     Segment length (rounded): 12.
 Level 5
    Direction: Horizontal
    Sinks per sub-region: 12
    Sub-region size: 13.1402 X 22.6123
[INFO CTS-0034]     Segment length (rounded): 6.
[INFO CTS-0038]  Stop criterion found. Sink region hpwl is smaller than max wirelength (1911.535 um) and max number of sinks is 15.
[INFO CTS-0035]  Number of sinks covered: 368.
[INFO CTS-0018]     Created 411 clock buffers.
[INFO CTS-0012]     Minimum number of buffers in the clock path: 5.
[INFO CTS-0013]     Maximum number of buffers in the clock path: 5.
[INFO CTS-0015]     Created 411 clock nets.
[INFO CTS-0016]     Fanout distribution for the current clock = 1:1, 2:1, 3:1, 4:3, 5:6, 6:5, 7:23, 8:48, 9:91, 10:116, 11:70, 12:23, 13:2, 14:4, 15:2, 17:1, 18:1, 20:2..
[INFO CTS-0017]     Max level of the clock tree: 5.
[INFO CTS-0098] Clock net "clk_i"
[INFO CTS-0099]  Sinks 3809
[INFO CTS-0100]  Leaf buffers 368
[INFO CTS-0101]  Average sink wire length 2158.86 um
[INFO CTS-0102]  Path depth 4 - 5
[INFO CTS-0207]  Dummy loads inserted 342
[INFO CTS-0500] Runtime: 2.70s
estimate_parasitics -placement
detailed_placement
[INFO DPL-0006] Core area: 2104703.58 um^2
[INFO DPL-0007] Movable instances area: 235595.96 um^2
[INFO DPL-0008] Fixed instances area within core: 35142.45 um^2
[INFO DPL-0009] Utilization: 12.9%
[INFO DPL-0005] Diamond search max displacement: +/- 500 sites horizontally, +/- 100 rows vertically.
[INFO DPL-1102] Legalizing using negotiation legalizer.
[INFO DPL-1103] Negotiation base search window: +/-20 sites horizontally, +/-5 rows vertically 
	Automatic search window extension enabled.
	Search window extendable up to the max displacement cap of +/-500 sites, +/-100 rows near walls.
[INFO DPL-1104] NegotiationLegalizer DRC penalty: 5.
[INFO DPL-0392] Negotiation cell height distribution (1 unique row-count(s)):
[INFO DPL-0393]   height 1 row(s): 49178 cells
          |      Total |  Illegal |  Illegal
Iteration | Violations |    Cells |    Sites
---------------------------------------------
        0 |         34 |         8 |        26
        1 |          0 |         0 |         0
Negotiation phase 1 converged at iteration 1.
[INFO DPL-0500] Runtime: 0.43s
Placement Analysis
---------------------------------
total displacement      21821.9 u
average displacement        0.4 u
max displacement           25.5 u
original HPWL          926714.7 u
legalized HPWL         938934.9 u
delta HPWL                    1 %

estimate_parasitics -placement
repair_timing -setup_margin 0 -hold_margin 0 -repair_tns 100 -match_cell_footprint -verbose
[INFO RSZ-0100] Repair move sequence: UnbufferMove SizeUpMove SwapPinsMove BufferMove CloneMove SplitLoadMove 
[INFO RSZ-0098] No setup violations found
[INFO RSZ-0505] Runtime: 1.48s
[INFO RSZ-0033] No hold violations found.
[INFO RSZ-0506] Runtime: 0.53s
detailed_placement
[INFO DPL-0006] Core area: 2104703.58 um^2
[INFO DPL-0007] Movable instances area: 235595.96 um^2
[INFO DPL-0008] Fixed instances area within core: 35142.45 um^2
[INFO DPL-0009] Utilization: 12.9%
[INFO DPL-0005] Diamond search max displacement: +/- 500 sites horizontally, +/- 100 rows vertically.
[INFO DPL-1102] Legalizing using negotiation legalizer.
[INFO DPL-1103] Negotiation base search window: +/-20 sites horizontally, +/-5 rows vertically 
	Automatic search window extension enabled.
	Search window extendable up to the max displacement cap of +/-500 sites, +/-100 rows near walls.
[INFO DPL-1104] NegotiationLegalizer DRC penalty: 5.
[INFO DPL-0392] Negotiation cell height distribution (1 unique row-count(s)):
[INFO DPL-0393]   height 1 row(s): 49178 cells
[INFO DPL-0500] Runtime: 0.34s
Placement Analysis
---------------------------------
total displacement          0.0 u
average displacement        0.0 u
max displacement            0.0 u
original HPWL          938934.9 u
legalized HPWL         938934.9 u
delta HPWL                    0 %

Report metrics stage 4, cts final...

==========================================================================
cts final report_design_area
--------------------------------------------------------------------------
Design area 270738 um^2 13% utilization.
write_db ./results/sky130hd/d_ca03_sv39_mmu/base/4_1_cts.odb
write_sdc -no_timestamp ./results/sky130hd/d_ca03_sv39_mmu/base/4_cts.sdc
Elapsed time: 0:20.23[h:]min:sec. CPU time: user 45.09 sys 3.98 (242%). Peak memory: 441432KB.
Log                       Ext     Elapsed/s Peak Memory/MB sha1sum result [0:20)
4_1_cts                   .odb           20            431 b4f82898740e424eeaf6
cp ./results/sky130hd/d_ca03_sv39_mmu/base/4_1_cts.odb ./results/sky130hd/d_ca03_sv39_mmu/base/4_cts.odb
/OpenROAD-flow-scripts/flow/scripts/flow.sh 5_1_grt global_route
Running global_route.tcl, stage 5_1_grt
read_liberty /OpenROAD-flow-scripts/flow/platforms/sky130hd/lib/sky130_fd_sc_hd__tt_025C_1v80.lib
read_db ./results/sky130hd/d_ca03_sv39_mmu/base/4_cts.odb
read_sdc ./results/sky130hd/d_ca03_sv39_mmu/base/4_cts.sdc
source /OpenROAD-flow-scripts/flow/platforms/sky130hd/setRC.tcl
pin_access
[INFO DRT-0149] Reading tech and libs.
[WARNING DRT-0349] LEF58_ENCLOSURE with no CUTCLASS is not supported. Skipping for layer mcon
[WARNING DRT-0349] LEF58_ENCLOSURE with no CUTCLASS is not supported. Skipping for layer mcon
[WARNING DRT-0349] LEF58_ENCLOSURE with no CUTCLASS is not supported. Skipping for layer via
[WARNING DRT-0349] LEF58_ENCLOSURE with no CUTCLASS is not supported. Skipping for layer via
[WARNING DRT-0349] LEF58_ENCLOSURE with no CUTCLASS is not supported. Skipping for layer via2
[WARNING DRT-0349] LEF58_ENCLOSURE with no CUTCLASS is not supported. Skipping for layer via2
[WARNING DRT-0349] LEF58_ENCLOSURE with no CUTCLASS is not supported. Skipping for layer via3
[WARNING DRT-0349] LEF58_ENCLOSURE with no CUTCLASS is not supported. Skipping for layer via3
[WARNING DRT-0349] LEF58_ENCLOSURE with no CUTCLASS is not supported. Skipping for layer via4
[WARNING DRT-0349] LEF58_ENCLOSURE with no CUTCLASS is not supported. Skipping for layer via4

Units:                1000
Number of layers:     13
Number of macros:     441
Number of vias:       29
Number of viarulegen: 25

[INFO DRT-0150] Reading design.
[WARNING DRT-0120] Large net net816 has 103 pins which may impact routing performance. Consider optimization.
[WARNING DRT-0120] Large net net3103 has 130 pins which may impact routing performance. Consider optimization.
[WARNING DRT-0120] Large net net3105 has 133 pins which may impact routing performance. Consider optimization.
[WARNING DRT-0120] Large net net3120 has 152 pins which may impact routing performance. Consider optimization.
[WARNING DRT-0120] Large net net3126 has 128 pins which may impact routing performance. Consider optimization.
[WARNING DRT-0120] Large net net3131 has 137 pins which may impact routing performance. Consider optimization.

Design:                   sv39_mmu
Die area:                 ( 0 0 ) ( 1454320 1454320 )
Number of track patterns: 12
Number of DEF vias:       0
Number of components:     49178
Number of terminals:      1325
Number of snets:          2
Number of nets:           22036

[INFO DRT-0167] List of default vias:
  Layer via
    default via: M1M2_PR
  Layer via2
    default via: M2M3_PR
  Layer via3
    default via: M3M4_PR
  Layer via4
    default via: M4M5_PR
[INFO DRT-0162] Library cell analysis.
[INFO DRT-0163] Instance analysis.
[INFO DRT-0164] Number of unique instances = 277.
[INFO DRT-0168] Init region query.
[INFO DRT-0024]   Complete FR_MASTERSLICE.
[INFO DRT-0024]   Complete Fr_VIA.
[INFO DRT-0024]   Complete li1.
[INFO DRT-0024]   Complete mcon.
[INFO DRT-0024]   Complete met1.
[INFO DRT-0024]   Complete via.
[INFO DRT-0024]   Complete met2.
[INFO DRT-0024]   Complete via2.
[INFO DRT-0024]   Complete met3.
[INFO DRT-0024]   Complete via3.
[INFO DRT-0024]   Complete met4.
[INFO DRT-0024]   Complete via4.
[INFO DRT-0024]   Complete met5.
[INFO DRT-0033] FR_MASTERSLICE shape region query size = 0.
[INFO DRT-0033] FR_VIA shape region query size = 0.
[INFO DRT-0033] li1 shape region query size = 804081.
[INFO DRT-0033] mcon shape region query size = 464067.
[INFO DRT-0033] met1 shape region query size = 175866.
[INFO DRT-0033] via shape region query size = 141510.
[INFO DRT-0033] met2 shape region query size = 85562.
[INFO DRT-0033] via2 shape region query size = 113208.
[INFO DRT-0033] met3 shape region query size = 85573.
[INFO DRT-0033] via3 shape region query size = 113208.
[INFO DRT-0033] met4 shape region query size = 34026.
[INFO DRT-0033] via4 shape region query size = 5618.
[INFO DRT-0033] met5 shape region query size = 5830.
[INFO DRT-0165] Start pin access.
[INFO DRT-0076]   Complete 1000 pins.
[INFO DRT-0076]   Complete 2000 pins.
[INFO DRT-0078]   Complete 2266 pins.
[INFO DRT-0079]   Complete 100 unique inst patterns.
[INFO DRT-0079]   Complete 200 unique inst patterns.
[INFO DRT-0081]   Complete 277 unique inst patterns.
[INFO DRT-0082]   Complete 10000 groups.
[INFO DRT-0084]   Complete 16105 groups.
#scanned instances     = 49178
#unique  instances     = 277
#stdCellGenAp          = 8738
#stdCellValidPlanarAp  = 62
#stdCellValidViaAp     = 6563
#stdCellPinNoAp        = 0
#stdCellPinCnt         = 75484
#instTermValidViaApCnt = 0
#macroGenAp            = 0
#macroValidPlanarAp    = 0
#macroValidViaAp       = 0
#macroNoAp             = 0
[INFO DRT-0166] Complete pin access.
[INFO DRT-0267] cpu time = 00:13:58, elapsed time = 00:01:28, memory = 381.19 (MB), peak = 388.04 (MB)
Took 90 seconds: pin_access
global_route -congestion_report_file ./reports/sky130hd/d_ca03_sv39_mmu/base/congestion.rpt -congestion_iterations 30 -congestion_report_iter_step 5 -verbose
[INFO GRT-0020] Min routing layer: met1
[INFO GRT-0021] Max routing layer: met5
[INFO GRT-0022] Global adjustment: 0%
[INFO GRT-0023] Grid origin: (0, 0)
[INFO GRT-0088] Layer li1     Track-Pitch = 0.4600  line-2-Via Pitch: 0.3400
[INFO GRT-0088] Layer met1    Track-Pitch = 0.3400  line-2-Via Pitch: 0.3400
[INFO GRT-0088] Layer met2    Track-Pitch = 0.4600  line-2-Via Pitch: 0.3500
[INFO GRT-0088] Layer met3    Track-Pitch = 0.6800  line-2-Via Pitch: 0.6150
[INFO GRT-0088] Layer met4    Track-Pitch = 0.9200  line-2-Via Pitch: 1.0400
[INFO GRT-0088] Layer met5    Track-Pitch = 3.4000  line-2-Via Pitch: 3.1100
[INFO GRT-0003] Macros: 0
[INFO GRT-0004] Blockages: 48673
[INFO GRT-0019] Found 412 clock nets.
[INFO GRT-0001] Minimum degree: 2
[INFO GRT-0002] Maximum degree: 152

[INFO GRT-0053] Routing resources analysis:
          Routing      Original      Derated      Resource
Layer     Direction    Resources     Resources    Reduction (%)
---------------------------------------------------------------
li1        Vertical            0             0          0.00%
met1       Horizontal     646472        501556          22.42%
met2       Vertical       568689        436392          23.26%
met3       Horizontal     417268        325877          21.90%
met4       Vertical       281105        202312          28.03%
met5       Horizontal      62282         44726          28.19%
---------------------------------------------------------------

[INFO GRT-0101] Running extra iterations to remove congestion.
[INFO GRT-0102] Start extra iteration 1/30
[INFO GRT-0102] Start extra iteration 2/30
[INFO GRT-0102] Start extra iteration 3/30
[INFO GRT-0197] Via related to pin nodes: 130250
[INFO GRT-0198] Via related Steiner nodes: 4388
[INFO GRT-0199] Via filling finished.
[INFO GRT-0111] Final number of vias: 168246
[INFO GRT-0112] Final usage 3D: 672877

[INFO GRT-0096] Final congestion report:
Layer         Resource        Demand        Usage (%)    Max H / Max V / Total Congestion
---------------------------------------------------------------------------------------
li1                  0             0            0.00%             0 /  0 /  0
met1            501556         65076           12.97%             0 /  0 /  0
met2            436392         76655           17.57%             0 /  0 /  0
met3            325877         11068            3.40%             0 /  0 /  0
met4            202312         15340            7.58%             0 /  0 /  0
met5             44726             0            0.00%             0 /  0 /  0
---------------------------------------------------------------------------------------
Total          1510863        168139           11.13%             0 /  0 /  0

[INFO GRT-0018] Total wirelength: 1566541 um
[INFO GRT-0014] Routed nets: 21986
[INFO GRT-0303] Global routing runtime = 00:00:04
Took 5 seconds: global_route -congestion_report_file ./reports/sky130hd/d_ca03_sv39_mmu/base/congestion.rpt -congestion_iterations 30 -congestion_report_iter_step 5 -verbose
estimate_parasitics -global_routing
Perform buffer insertion and gate resizing...
repair_design -verbose
Iteration |   Area    | Resized | Buffers | Nets repaired | Remaining
---------------------------------------------------------------------
        0 |     +0.0% |       0 |       0 |             0 |     22502
     1000 |     +0.0% |       0 |       0 |             0 |     21502
     2000 |     +0.0% |       0 |       0 |             0 |     20502
     3000 |     +0.0% |       0 |       0 |             0 |     19502
     4000 |     +0.0% |       0 |       0 |             0 |     18502
     5000 |     +0.0% |       0 |       0 |             0 |     17502
     6000 |     +0.0% |       0 |       0 |             0 |     16502
     7000 |     +0.0% |       0 |       0 |             0 |     15502
     8000 |     +0.0% |       0 |       0 |             0 |     14502
     9000 |     +0.0% |       0 |       0 |             0 |     13502
    10000 |     +0.0% |       0 |       0 |             0 |     12502
[WARNING RSZ-0104] Net _16111_ only has one pin. Check if it is intended to be dangling.
[WARNING RSZ-0104] Net _16110_ only has one pin. Check if it is intended to be dangling.
[WARNING RSZ-0104] Net _16108_ only has one pin. Check if it is intended to be dangling.
[WARNING RSZ-0104] Net _16107_ only has one pin. Check if it is intended to be dangling.
[WARNING RSZ-0104] Net _16106_ only has one pin. Check if it is intended to be dangling.
[WARNING RSZ-0104] Net _16105_ only has one pin. Check if it is intended to be dangling.
    11000 |     +0.0% |       0 |       0 |             0 |     11502
[WARNING RSZ-0104] Net _16112_ only has one pin. Check if it is intended to be dangling.
[WARNING RSZ-0104] Net _16109_ only has one pin. Check if it is intended to be dangling.
    12000 |     +0.0% |       0 |       0 |             0 |     10502
    13000 |     +0.0% |       0 |       0 |             0 |      9502
    14000 |     +0.0% |       0 |       0 |             0 |      8502
    15000 |     +0.0% |       0 |       0 |             0 |      7502
    16000 |     +0.0% |       0 |       0 |             0 |      6502
    17000 |     +0.0% |       0 |       0 |             0 |      5502
    18000 |     +0.0% |       0 |       0 |             0 |      4502
    19000 |     +0.0% |       0 |       0 |             0 |      3502
    20000 |     +0.0% |       0 |       0 |             0 |      2502
    21000 |     +0.0% |       0 |       0 |             0 |      1502
[WARNING RSZ-0104] Net pmpcfg_i[9] only has one pin. Check if it is intended to be dangling.
[WARNING RSZ-0104] Net pmpcfg_i[7] only has one pin. Check if it is intended to be dangling.
[WARNING RSZ-0104] Net pmpcfg_i[6] only has one pin. Check if it is intended to be dangling.
[WARNING RSZ-0104] Net pmpcfg_i[63] only has one pin. Check if it is intended to be dangling.
[WARNING RSZ-0104] Net pmpcfg_i[62] only has one pin. Check if it is intended to be dangling.
[WARNING RSZ-0104] Net pmpcfg_i[61] only has one pin. Check if it is intended to be dangling.
[WARNING RSZ-0104] Net pmpcfg_i[5] only has one pin. Check if it is intended to be dangling.
[WARNING RSZ-0104] Net pmpcfg_i[58] only has one pin. Check if it is intended to be dangling.
[WARNING RSZ-0104] Net pmpcfg_i[57] only has one pin. Check if it is intended to be dangling.
[WARNING RSZ-0104] Net pmpcfg_i[55] only has one pin. Check if it is intended to be dangling.
[WARNING RSZ-0104] Net pmpcfg_i[54] only has one pin. Check if it is intended to be dangling.
[WARNING RSZ-0104] Net pmpcfg_i[53] only has one pin. Check if it is intended to be dangling.
[WARNING RSZ-0104] Net pmpcfg_i[50] only has one pin. Check if it is intended to be dangling.
[WARNING RSZ-0104] Net pmpcfg_i[49] only has one pin. Check if it is intended to be dangling.
[WARNING RSZ-0104] Net pmpcfg_i[47] only has one pin. Check if it is intended to be dangling.
[WARNING RSZ-0104] Net pmpcfg_i[46] only has one pin. Check if it is intended to be dangling.
[WARNING RSZ-0104] Net pmpcfg_i[45] only has one pin. Check if it is intended to be dangling.
[WARNING RSZ-0104] Net pmpcfg_i[42] only has one pin. Check if it is intended to be dangling.
[WARNING RSZ-0104] Net pmpcfg_i[41] only has one pin. Check if it is intended to be dangling.
[WARNING RSZ-0104] Net pmpcfg_i[39] only has one pin. Check if it is intended to be dangling.
[WARNING RSZ-0104] Net pmpcfg_i[38] only has one pin. Check if it is intended to be dangling.
[WARNING RSZ-0104] Net pmpcfg_i[37] only has one pin. Check if it is intended to be dangling.
[WARNING RSZ-0104] Net pmpcfg_i[34] only has one pin. Check if it is intended to be dangling.
[WARNING RSZ-0104] Net pmpcfg_i[33] only has one pin. Check if it is intended to be dangling.
[WARNING RSZ-0104] Net pmpcfg_i[31] only has one pin. Check if it is intended to be dangling.
[WARNING RSZ-0104] Net pmpcfg_i[30] only has one pin. Check if it is intended to be dangling.
[WARNING RSZ-0104] Net pmpcfg_i[2] only has one pin. Check if it is intended to be dangling.
[WARNING RSZ-0104] Net pmpcfg_i[29] only has one pin. Check if it is intended to be dangling.
[WARNING RSZ-0104] Net pmpcfg_i[26] only has one pin. Check if it is intended to be dangling.
[WARNING RSZ-0104] Net pmpcfg_i[25] only has one pin. Check if it is intended to be dangling.
[WARNING RSZ-0104] Net pmpcfg_i[23] only has one pin. Check if it is intended to be dangling.
[WARNING RSZ-0104] Net pmpcfg_i[22] only has one pin. Check if it is intended to be dangling.
[WARNING RSZ-0104] Net pmpcfg_i[21] only has one pin. Check if it is intended to be dangling.
[WARNING RSZ-0104] Net pmpcfg_i[1] only has one pin. Check if it is intended to be dangling.
[WARNING RSZ-0104] Net pmpcfg_i[18] only has one pin. Check if it is intended to be dangling.
[WARNING RSZ-0104] Net pmpcfg_i[17] only has one pin. Check if it is intended to be dangling.
[WARNING RSZ-0104] Net pmpcfg_i[15] only has one pin. Check if it is intended to be dangling.
[WARNING RSZ-0104] Net pmpcfg_i[14] only has one pin. Check if it is intended to be dangling.
[WARNING RSZ-0104] Net pmpcfg_i[13] only has one pin. Check if it is intended to be dangling.
[WARNING RSZ-0104] Net pmpcfg_i[10] only has one pin. Check if it is intended to be dangling.
    22000 |     +0.0% |       0 |       0 |             0 |       502
[WARNING RSZ-0104] Net mem_rdata_i[9] only has one pin. Check if it is intended to be dangling.
[WARNING RSZ-0104] Net mem_rdata_i[8] only has one pin. Check if it is intended to be dangling.
    final |     +0.0% |       0 |       0 |             0 |         0
---------------------------------------------------------------------
[INFO RSZ-0504] Runtime: 1.71s
global_route -start_incremental
detailed_placement
[INFO DPL-0006] Core area: 2104703.58 um^2
[INFO DPL-0007] Movable instances area: 235595.96 um^2
[INFO DPL-0008] Fixed instances area within core: 35142.45 um^2
[INFO DPL-0009] Utilization: 12.9%
[INFO DPL-0005] Diamond search max displacement: +/- 500 sites horizontally, +/- 100 rows vertically.
[INFO DPL-1102] Legalizing using negotiation legalizer.
[INFO DPL-1103] Negotiation base search window: +/-20 sites horizontally, +/-5 rows vertically 
	Automatic search window extension enabled.
	Search window extendable up to the max displacement cap of +/-500 sites, +/-100 rows near walls.
[INFO DPL-1104] NegotiationLegalizer DRC penalty: 5.
[INFO DPL-0392] Negotiation cell height distribution (1 unique row-count(s)):
[INFO DPL-0393]   height 1 row(s): 49178 cells
[INFO DPL-0500] Runtime: 0.17s
Placement Analysis
---------------------------------
total displacement          0.0 u
average displacement        0.0 u
max displacement            0.0 u
original HPWL          938934.9 u
legalized HPWL         938934.9 u
delta HPWL                    0 %

global_route -end_incremental -congestion_report_file ./reports/sky130hd/d_ca03_sv39_mmu/base/congestion_post_repair_design.rpt
Repair setup and hold violations...
estimate_parasitics -global_routing
repair_timing -setup_margin 0 -hold_margin 0 -repair_tns 100 -verbose
[INFO RSZ-0100] Repair move sequence: UnbufferMove SizeUpMove SwapPinsMove BufferMove CloneMove SplitLoadMove 
[INFO RSZ-0098] No setup violations found
[INFO RSZ-0505] Runtime: 0.65s
[INFO RSZ-0033] No hold violations found.
[INFO RSZ-0506] Runtime: 0.24s
global_route -start_incremental
detailed_placement
[INFO DPL-0006] Core area: 2104703.58 um^2
[INFO DPL-0007] Movable instances area: 235595.96 um^2
[INFO DPL-0008] Fixed instances area within core: 35142.45 um^2
[INFO DPL-0009] Utilization: 12.9%
[INFO DPL-0005] Diamond search max displacement: +/- 500 sites horizontally, +/- 100 rows vertically.
[INFO DPL-1102] Legalizing using negotiation legalizer.
[INFO DPL-1103] Negotiation base search window: +/-20 sites horizontally, +/-5 rows vertically 
	Automatic search window extension enabled.
	Search window extendable up to the max displacement cap of +/-500 sites, +/-100 rows near walls.
[INFO DPL-1104] NegotiationLegalizer DRC penalty: 5.
[INFO DPL-0392] Negotiation cell height distribution (1 unique row-count(s)):
[INFO DPL-0393]   height 1 row(s): 49178 cells
[INFO DPL-0500] Runtime: 0.16s
Placement Analysis
---------------------------------
total displacement          0.0 u
average displacement        0.0 u
max displacement            0.0 u
original HPWL          938934.9 u
legalized HPWL         938934.9 u
delta HPWL                    0 %

check_placement -verbose
global_route -end_incremental -congestion_report_file ./reports/sky130hd/d_ca03_sv39_mmu/base/congestion_post_repair_timing.rpt
estimate_parasitics -global_routing
global_route -start_incremental
global_route -end_incremental -congestion_report_file ./reports/sky130hd/d_ca03_sv39_mmu/base/congestion_post_recover_power.rpt
Repair antennas...
[INFO GRT-0012] Found 390 antenna violations.
[INFO GRT-0302] Inserted 418 jumpers for 342 nets.
[INFO GRT-0012] Found 55 antenna violations.
[INFO DPL-0006] Core area: 2104703.58 um^2
[INFO DPL-0007] Movable instances area: 235036.67 um^2
[INFO DPL-0008] Fixed instances area within core: 36172.19 um^2
[INFO DPL-0009] Utilization: 12.9%
[INFO DPL-0005] Diamond search max displacement: +/- 500 sites horizontally, +/- 100 rows vertically.
[INFO DPL-1102] Legalizing using negotiation legalizer.
[INFO DPL-1103] Negotiation base search window: +/-20 sites horizontally, +/-5 rows vertically 
	Automatic search window extension enabled.
	Search window extendable up to the max displacement cap of +/-500 sites, +/-100 rows near walls.
[INFO DPL-1104] NegotiationLegalizer DRC penalty: 5.
[INFO DPL-0392] Negotiation cell height distribution (1 unique row-count(s)):
[INFO DPL-0393]   height 1 row(s): 49366 cells
          |      Total |  Illegal |  Illegal
Iteration | Violations |    Cells |    Sites
---------------------------------------------
        0 |         30 |         4 |        26
        1 |          0 |         0 |         0
Negotiation phase 1 converged at iteration 1.
[INFO DPL-0500] Runtime: 0.38s
[INFO GRT-0015] Inserted 188 diodes.
[INFO GRT-0012] Found 10 antenna violations.
[INFO GRT-0302] Inserted 13 jumpers for 9 nets.
[INFO GRT-0012] Found 3 antenna violations.
[INFO DPL-0006] Core area: 2104703.58 um^2
[INFO DPL-0007] Movable instances area: 236043.88 um^2
[INFO DPL-0008] Fixed instances area within core: 35182.49 um^2
[INFO DPL-0009] Utilization: 12.9%
[INFO DPL-0005] Diamond search max displacement: +/- 500 sites horizontally, +/- 100 rows vertically.
[INFO DPL-1102] Legalizing using negotiation legalizer.
[INFO DPL-1103] Negotiation base search window: +/-20 sites horizontally, +/-5 rows vertically 
	Automatic search window extension enabled.
	Search window extendable up to the max displacement cap of +/-500 sites, +/-100 rows near walls.
[INFO DPL-1104] NegotiationLegalizer DRC penalty: 5.
[INFO DPL-0392] Negotiation cell height distribution (1 unique row-count(s)):
[INFO DPL-0393]   height 1 row(s): 49373 cells
          |      Total |  Illegal |  Illegal
Iteration | Violations |    Cells |    Sites
---------------------------------------------
        0 |          0 |         0 |         0
Negotiation phase 1 converged at iteration 0.
[INFO DPL-0500] Runtime: 0.24s
[INFO GRT-0015] Inserted 7 diodes.
[INFO GRT-0012] Found 3 antenna violations.
[INFO GRT-0302] Inserted 3 jumpers for 3 nets.
[INFO GRT-0012] Found 1 antenna violations.
[INFO DPL-0006] Core area: 2104703.58 um^2
[INFO DPL-0007] Movable instances area: 236075.16 um^2
[INFO DPL-0008] Fixed instances area within core: 35156.22 um^2
[INFO DPL-0009] Utilization: 12.9%
[INFO DPL-0005] Diamond search max displacement: +/- 500 sites horizontally, +/- 100 rows vertically.
[INFO DPL-1102] Legalizing using negotiation legalizer.
[INFO DPL-1103] Negotiation base search window: +/-20 sites horizontally, +/-5 rows vertically 
	Automatic search window extension enabled.
	Search window extendable up to the max displacement cap of +/-500 sites, +/-100 rows near walls.
[INFO DPL-1104] NegotiationLegalizer DRC penalty: 5.
[INFO DPL-0392] Negotiation cell height distribution (1 unique row-count(s)):
[INFO DPL-0393]   height 1 row(s): 49375 cells
          |      Total |  Illegal |  Illegal
Iteration | Violations |    Cells |    Sites
---------------------------------------------
        0 |          0 |         0 |         0
Negotiation phase 1 converged at iteration 0.
[INFO DPL-0500] Runtime: 0.22s
[INFO GRT-0015] Inserted 2 diodes.
[INFO GRT-0012] Found 1 antenna violations.
[INFO GRT-0302] Inserted 1 jumpers for 1 nets.
[INFO GRT-0012] Found 0 antenna violations.
[INFO ANT-0002] Found 0 net violations.
[INFO ANT-0001] Found 0 pin violations.
Estimate parasitics...
estimate_parasitics -global_routing
Report metrics stage 5, global route...

==========================================================================
global route report_design_area
--------------------------------------------------------------------------
Design area 271231 um^2 13% utilization.
[INFO FLW-0007] clock core_clock period 25.000000
[INFO FLW-0008] Clock core_clock period 18.252
[INFO FLW-0009] Clock core_clock slack 5.788
write_sdc -no_timestamp ./results/sky130hd/d_ca03_sv39_mmu/base/updated_clks.sdc
[INFO FLW-0011] Path endpoint path count 7835
write_db ./results/sky130hd/d_ca03_sv39_mmu/base/5_1_grt.odb
write_sdc -no_timestamp ./results/sky130hd/d_ca03_sv39_mmu/base/5_1_grt.sdc
Elapsed time: 2:20.30[h:]min:sec. CPU time: user 1132.94 sys 10.94 (815%). Peak memory: 1009008KB.
Log                       Ext     Elapsed/s Peak Memory/MB sha1sum result [0:20)
5_1_grt                   .odb          140            985 72eac21ab896e524f067
5_1_grt                   .sdc                             37c612d5f7f74da824ea
/OpenROAD-flow-scripts/flow/scripts/flow.sh 5_2_route detail_route
Running detail_route.tcl, stage 5_2_route
read_liberty /OpenROAD-flow-scripts/flow/platforms/sky130hd/lib/sky130_fd_sc_hd__tt_025C_1v80.lib
read_db ./results/sky130hd/d_ca03_sv39_mmu/base/5_1_grt.odb
read_sdc ./results/sky130hd/d_ca03_sv39_mmu/base/5_1_grt.sdc
source /OpenROAD-flow-scripts/flow/platforms/sky130hd/setRC.tcl
detailed_route -output_drc ./reports/sky130hd/d_ca03_sv39_mmu/base/5_route_drc.rpt -output_maze ./results/sky130hd/d_ca03_sv39_mmu/base/maze.log -droute_end_iter 64 -verbose 1 -drc_report_iter_step 5
[INFO DRT-0149] Reading tech and libs.
[WARNING DRT-0349] LEF58_ENCLOSURE with no CUTCLASS is not supported. Skipping for layer mcon
[WARNING DRT-0349] LEF58_ENCLOSURE with no CUTCLASS is not supported. Skipping for layer mcon
[WARNING DRT-0349] LEF58_ENCLOSURE with no CUTCLASS is not supported. Skipping for layer via
[WARNING DRT-0349] LEF58_ENCLOSURE with no CUTCLASS is not supported. Skipping for layer via
[WARNING DRT-0349] LEF58_ENCLOSURE with no CUTCLASS is not supported. Skipping for layer via2
[WARNING DRT-0349] LEF58_ENCLOSURE with no CUTCLASS is not supported. Skipping for layer via2
[WARNING DRT-0349] LEF58_ENCLOSURE with no CUTCLASS is not supported. Skipping for layer via3
[WARNING DRT-0349] LEF58_ENCLOSURE with no CUTCLASS is not supported. Skipping for layer via3
[WARNING DRT-0349] LEF58_ENCLOSURE with no CUTCLASS is not supported. Skipping for layer via4
[WARNING DRT-0349] LEF58_ENCLOSURE with no CUTCLASS is not supported. Skipping for layer via4

Units:                1000
Number of layers:     13
Number of macros:     441
Number of vias:       29
Number of viarulegen: 25

[INFO DRT-0150] Reading design.
[WARNING DRT-0120] Large net net816 has 103 pins which may impact routing performance. Consider optimization.
[WARNING DRT-0120] Large net net3103 has 130 pins which may impact routing performance. Consider optimization.
[WARNING DRT-0120] Large net net3105 has 133 pins which may impact routing performance. Consider optimization.
[WARNING DRT-0120] Large net net3120 has 152 pins which may impact routing performance. Consider optimization.
[WARNING DRT-0120] Large net net3126 has 128 pins which may impact routing performance. Consider optimization.
[WARNING DRT-0120] Large net net3131 has 137 pins which may impact routing performance. Consider optimization.

Design:                   sv39_mmu
Die area:                 ( 0 0 ) ( 1454320 1454320 )
Number of track patterns: 12
Number of DEF vias:       0
Number of components:     49375
Number of terminals:      1325
Number of snets:          2
Number of nets:           22036

[INFO DRT-0167] List of default vias:
  Layer via
    default via: M1M2_PR
  Layer via2
    default via: M2M3_PR
  Layer via3
    default via: M3M4_PR
  Layer via4
    default via: M4M5_PR
[INFO DRT-0162] Library cell analysis.
[INFO DRT-0163] Instance analysis.
[INFO DRT-0164] Number of unique instances = 279.
[INFO DRT-0168] Init region query.
[INFO DRT-0024]   Complete FR_MASTERSLICE.
[INFO DRT-0024]   Complete Fr_VIA.
[INFO DRT-0024]   Complete li1.
[INFO DRT-0024]   Complete mcon.
[INFO DRT-0024]   Complete met1.
[INFO DRT-0024]   Complete via.
[INFO DRT-0024]   Complete met2.
[INFO DRT-0024]   Complete via2.
[INFO DRT-0024]   Complete met3.
[INFO DRT-0024]   Complete via3.
[INFO DRT-0024]   Complete met4.
[INFO DRT-0024]   Complete via4.
[INFO DRT-0024]   Complete met5.
[INFO DRT-0033] FR_MASTERSLICE shape region query size = 0.
[INFO DRT-0033] FR_VIA shape region query size = 0.
[INFO DRT-0033] li1 shape region query size = 804672.
[INFO DRT-0033] mcon shape region query size = 464855.
[INFO DRT-0033] met1 shape region query size = 176260.
[INFO DRT-0033] via shape region query size = 141510.
[INFO DRT-0033] met2 shape region query size = 85562.
[INFO DRT-0033] via2 shape region query size = 113208.
[INFO DRT-0033] met3 shape region query size = 85573.
[INFO DRT-0033] via3 shape region query size = 113208.
[INFO DRT-0033] met4 shape region query size = 34026.
[INFO DRT-0033] via4 shape region query size = 5618.
[INFO DRT-0033] met5 shape region query size = 5830.
[INFO DRT-0165] Start pin access.
[INFO DRT-0076]   Complete 1000 pins.
[INFO DRT-0076]   Complete 2000 pins.
[INFO DRT-0078]   Complete 2276 pins.
[INFO DRT-0079]   Complete 100 unique inst patterns.
[INFO DRT-0079]   Complete 200 unique inst patterns.
[INFO DRT-0081]   Complete 279 unique inst patterns.
[INFO DRT-0082]   Complete 10000 groups.
[INFO DRT-0084]   Complete 16241 groups.
#scanned instances     = 49375
#unique  instances     = 279
#stdCellGenAp          = 8762
#stdCellValidPlanarAp  = 62
#stdCellValidViaAp     = 6587
#stdCellPinNoAp        = 0
#stdCellPinCnt         = 75484
#instTermValidViaApCnt = 0
#macroGenAp            = 0
#macroValidPlanarAp    = 0
#macroValidViaAp       = 0
#macroNoAp             = 0
[INFO DRT-0166] Complete pin access.
[INFO DRT-0267] cpu time = 00:11:28, elapsed time = 00:01:11, memory = 603.82 (MB), peak = 608.51 (MB)
[INFO DRT-0156] guideIn read 100000 guides.

[INFO DRT-0157] Number of guides:     189460

[INFO DRT-0169] Post process guides.
[INFO DRT-0176] GCELLGRID X 0 DO 210 STEP 6900 ;
[INFO DRT-0177] GCELLGRID Y 0 DO 210 STEP 6900 ;
[INFO DRT-0026]   Complete 100000 origin guides.
[INFO DRT-0028]   Complete FR_MASTERSLICE.
[INFO DRT-0028]   Complete Fr_VIA.
[INFO DRT-0028]   Complete li1.
[INFO DRT-0028]   Complete mcon.
[INFO DRT-0028]   Complete met1.
[INFO DRT-0028]   Complete via.
[INFO DRT-0028]   Complete met2.
[INFO DRT-0028]   Complete via2.
[INFO DRT-0028]   Complete met3.
[INFO DRT-0028]   Complete via3.
[INFO DRT-0028]   Complete met4.
[INFO DRT-0028]   Complete via4.
[INFO DRT-0028]   Complete met5.
[INFO DRT-0178] Init guide query.
[INFO DRT-0035]   Complete FR_MASTERSLICE (guide).
[INFO DRT-0035]   Complete Fr_VIA (guide).
[INFO DRT-0035]   Complete li1 (guide).
[INFO DRT-0035]   Complete mcon (guide).
[INFO DRT-0035]   Complete met1 (guide).
[INFO DRT-0035]   Complete via (guide).
[INFO DRT-0035]   Complete met2 (guide).
[INFO DRT-0035]   Complete via2 (guide).
[INFO DRT-0035]   Complete met3 (guide).
[INFO DRT-0035]   Complete via3 (guide).
[INFO DRT-0035]   Complete met4 (guide).
[INFO DRT-0035]   Complete via4 (guide).
[INFO DRT-0035]   Complete met5 (guide).
[INFO DRT-0036] FR_MASTERSLICE guide region query size = 0.
[INFO DRT-0036] FR_VIA guide region query size = 0.
[INFO DRT-0036] li1 guide region query size = 60007.
[INFO DRT-0036] mcon guide region query size = 0.
[INFO DRT-0036] met1 guide region query size = 55127.
[INFO DRT-0036] via guide region query size = 0.
[INFO DRT-0036] met2 guide region query size = 29998.
[INFO DRT-0036] via2 guide region query size = 0.
[INFO DRT-0036] met3 guide region query size = 3507.
[INFO DRT-0036] via3 guide region query size = 0.
[INFO DRT-0036] met4 guide region query size = 1423.
[INFO DRT-0036] via4 guide region query size = 0.
[INFO DRT-0036] met5 guide region query size = 102.
[INFO DRT-0179] Init gr pin query.
[INFO DRT-0267] cpu time = 00:00:01, elapsed time = 00:00:00, memory = 670.61 (MB), peak = 669.66 (MB)
[INFO DRT-0245] skipped writing guide updates to database.
[INFO DRT-0181] Start track assignment.
[INFO DRT-0184] Done with 91428 vertical wires in 5 frboxes and 58736 horizontal wires in 5 frboxes.
[INFO DRT-0186] Done with 10882 vertical wires in 5 frboxes and 15861 horizontal wires in 5 frboxes.
[INFO DRT-0182] Complete track assignment.
[INFO DRT-0267] cpu time = 00:00:32, elapsed time = 00:00:13, memory = 1109.17 (MB), peak = 1107.92 (MB)
[INFO DRT-0187] Start routing data preparation.
[INFO DRT-0267] cpu time = 00:00:00, elapsed time = 00:00:00, memory = 1114.13 (MB), peak = 1112.79 (MB)
[INFO DRT-0194] Start detail routing.
[INFO DRT-0195] Start 0th optimization iteration.
    Completing 10% with 0 violations.
    elapsed time = 00:00:13, memory = 1420.61 (MB).
    Completing 20% with 0 violations.
    elapsed time = 00:00:34, memory = 1799.48 (MB).
    Completing 30% with 2588 violations.
    elapsed time = 00:00:48, memory = 1869.45 (MB).
    Completing 40% with 2588 violations.
    elapsed time = 00:01:18, memory = 1967.43 (MB).
    Completing 50% with 2588 violations.
    elapsed time = 00:01:43, memory = 2037.70 (MB).
    Completing 60% with 5162 violations.
    elapsed time = 00:02:01, memory = 2078.09 (MB).
    Completing 70% with 5162 violations.
    elapsed time = 00:02:15, memory = 2145.88 (MB).
    Completing 80% with 8054 violations.
    elapsed time = 00:02:34, memory = 2172.45 (MB).
    Completing 90% with 8054 violations.
    elapsed time = 00:03:04, memory = 2192.86 (MB).
    Completing 100% with 10953 violations.
    elapsed time = 00:03:40, memory = 2249.56 (MB).
[INFO DRT-0199]   Number of violations = 13189.
Viol/Layer         li1   mcon   met1    via   met2   met3   via3   met4   met5
Cut Spacing          0     22      0      0      0      0      0      0      0
Metal Spacing        0      0   1611      0    636     13      0     11      0
Min Hole             0      0     11      0      1      0      0      0      0
Recheck             18      0   1521      0    652     21      0     24      0
Short                0      0   7137     17   1380     14      2     96      2
[INFO DRT-0267] cpu time = 00:30:53, elapsed time = 00:03:41, memory = 2353.08 (MB), peak = 2363.82 (MB)
Total wire length = 1195926 um.
Total wire length on LAYER li1 = 0 um.
Total wire length on LAYER met1 = 472276 um.
Total wire length on LAYER met2 = 544494 um.
Total wire length on LAYER met3 = 80376 um.
Total wire length on LAYER met4 = 97697 um.
Total wire length on LAYER met5 = 1080 um.
Total number of vias = 167525.
Up-via summary (total 167525):

-------------------------
 FR_MASTERSLICE         0
            li1     73232
           met1     87296
           met2      4527
           met3      2304
           met4       166
-------------------------
               167525


[INFO DRT-0195] Start 1st optimization iteration.
    Completing 10% with 13189 violations.
    elapsed time = 00:00:14, memory = 2355.57 (MB).
    Completing 20% with 13189 violations.
    elapsed time = 00:00:41, memory = 2391.03 (MB).
    Completing 30% with 11756 violations.
    elapsed time = 00:00:58, memory = 2360.82 (MB).
    Completing 40% with 11756 violations.
    elapsed time = 00:01:19, memory = 2380.74 (MB).
    Completing 50% with 11756 violations.
    elapsed time = 00:01:22, memory = 2483.74 (MB).
    Completing 60% with 9932 violations.
    elapsed time = 00:01:37, memory = 2381.15 (MB).
    Completing 70% with 9932 violations.
    elapsed time = 00:01:54, memory = 2424.57 (MB).
    Completing 80% with 8222 violations.
    elapsed time = 00:02:09, memory = 2436.30 (MB).
    Completing 90% with 8222 violations.
    elapsed time = 00:02:28, memory = 2479.41 (MB).
    Completing 100% with 6432 violations.
    elapsed time = 00:02:50, memory = 2479.93 (MB).
[INFO DRT-0199]   Number of violations = 6432.
Viol/Layer        mcon   met1    via   met2   met3   met4
Cut Spacing         43      0      1      0      0      0
Metal Spacing        0    859      0    226      3      1
Short                0   4722      1    558      6     12
[INFO DRT-0267] cpu time = 00:23:37, elapsed time = 00:02:51, memory = 2446.68 (MB), peak = 2704.47 (MB)
Total wire length = 1190217 um.
Total wire length on LAYER li1 = 0 um.
Total wire length on LAYER met1 = 468808 um.
Total wire length on LAYER met2 = 542912 um.
Total wire length on LAYER met3 = 80339 um.
Total wire length on LAYER met4 = 97078 um.
Total wire length on LAYER met5 = 1078 um.
Total number of vias = 166170.
Up-via summary (total 166170):

-------------------------
 FR_MASTERSLICE         0
            li1     73272
           met1     85930
           met2      4510
           met3      2296
           met4       162
-------------------------
               166170


[INFO DRT-0195] Start 2nd optimization iteration.
    Completing 10% with 6432 violations.
    elapsed time = 00:00:06, memory = 2456.70 (MB).
    Completing 20% with 6432 violations.
    elapsed time = 00:00:17, memory = 2500.36 (MB).
    Completing 30% with 6398 violations.
    elapsed time = 00:00:29, memory = 2462.50 (MB).
    Completing 40% with 6398 violations.
    elapsed time = 00:00:48, memory = 2462.50 (MB).
    Completing 50% with 6398 violations.
    elapsed time = 00:00:53, memory = 2573.85 (MB).
    Completing 60% with 6315 violations.
    elapsed time = 00:01:10, memory = 2462.50 (MB).
    Completing 70% with 6315 violations.
    elapsed time = 00:01:33, memory = 2462.50 (MB).
    Completing 80% with 6164 violations.
    elapsed time = 00:01:57, memory = 2462.50 (MB).
    Completing 90% with 6164 violations.
    elapsed time = 00:02:15, memory = 2494.83 (MB).
    Completing 100% with 5933 violations.
    elapsed time = 00:02:31, memory = 2465.49 (MB).
[INFO DRT-0199]   Number of violations = 5933.
Viol/Layer        mcon   met1    via   met2   met3   met4
Cut Spacing         26      0      1      0      0      0
Metal Spacing        0    712      0    210      2      4
Short                0   4518      0    449      3      8
[INFO DRT-0267] cpu time = 00:19:46, elapsed time = 00:02:33, memory = 2442.31 (MB), peak = 2704.47 (MB)
Total wire length = 1188259 um.
Total wire length on LAYER li1 = 0 um.
Total wire length on LAYER met1 = 466755 um.
Total wire length on LAYER met2 = 542740 um.
Total wire length on LAYER met3 = 80601 um.
Total wire length on LAYER met4 = 97102 um.
Total wire length on LAYER met5 = 1060 um.
Total number of vias = 165584.
Up-via summary (total 165584):

-------------------------
 FR_MASTERSLICE         0
            li1     73271
           met1     85350
           met2      4512
           met3      2289
           met4       162
-------------------------
               165584


[INFO DRT-0195] Start 3rd optimization iteration.
    Completing 10% with 5933 violations.
    elapsed time = 00:00:08, memory = 2442.32 (MB).
    Completing 20% with 5933 violations.
    elapsed time = 00:00:20, memory = 2476.27 (MB).
    Completing 30% with 4685 violations.
    elapsed time = 00:00:36, memory = 2448.23 (MB).
    Completing 40% with 4685 violations.
    elapsed time = 00:00:51, memory = 2481.22 (MB).
    Completing 50% with 4685 violations.
    elapsed time = 00:01:21, memory = 2448.23 (MB).
    Completing 60% with 3504 violations.
    elapsed time = 00:01:28, memory = 2448.24 (MB).
    Completing 70% with 3504 violations.
    elapsed time = 00:01:35, memory = 2528.89 (MB).
    Completing 80% with 1883 violations.
    elapsed time = 00:01:45, memory = 2454.23 (MB).
    Completing 90% with 1883 violations.
    elapsed time = 00:01:53, memory = 2454.24 (MB).
    Completing 100% with 490 violations.
    elapsed time = 00:02:06, memory = 2466.30 (MB).
[INFO DRT-0199]   Number of violations = 490.
Viol/Layer        mcon   met1   met2
Cut Spacing          1      0      0
Metal Spacing        0    160     27
Min Hole             0      1      0
Short                0    283     18
[INFO DRT-0267] cpu time = 00:15:36, elapsed time = 00:02:06, memory = 2466.30 (MB), peak = 2704.47 (MB)
Total wire length = 1187594 um.
Total wire length on LAYER li1 = 0 um.
Total wire length on LAYER met1 = 448499 um.
Total wire length on LAYER met2 = 543313 um.
Total wire length on LAYER met3 = 97191 um.
Total wire length on LAYER met4 = 97530 um.
Total wire length on LAYER met5 = 1060 um.
Total number of vias = 169079.
Up-via summary (total 169079):

-------------------------
 FR_MASTERSLICE         0
            li1     73268
           met1     86566
           met2      6731
           met3      2352
           met4       162
-------------------------
               169079


[INFO DRT-0195] Start 4th optimization iteration.
    Completing 10% with 490 violations.
    elapsed time = 00:00:00, memory = 2466.30 (MB).
    Completing 20% with 490 violations.
    elapsed time = 00:00:00, memory = 2466.30 (MB).
    Completing 30% with 451 violations.
    elapsed time = 00:00:02, memory = 2468.73 (MB).
    Completing 40% with 451 violations.
    elapsed time = 00:00:02, memory = 2468.73 (MB).
    Completing 50% with 451 violations.
    elapsed time = 00:00:02, memory = 2468.73 (MB).
    Completing 60% with 387 violations.
    elapsed time = 00:00:05, memory = 2468.73 (MB).
    Completing 70% with 387 violations.
    elapsed time = 00:00:05, memory = 2468.73 (MB).
    Completing 80% with 243 violations.
    elapsed time = 00:00:12, memory = 2468.73 (MB).
    Completing 90% with 243 violations.
    elapsed time = 00:00:12, memory = 2468.73 (MB).
    Completing 100% with 86 violations.
    elapsed time = 00:00:16, memory = 2468.73 (MB).
[INFO DRT-0199]   Number of violations = 86.
Viol/Layer        met1   met2
Metal Spacing       17      6
Short               63      0
[INFO DRT-0267] cpu time = 00:01:02, elapsed time = 00:00:17, memory = 2468.73 (MB), peak = 2704.47 (MB)
Total wire length = 1187553 um.
Total wire length on LAYER li1 = 0 um.
Total wire length on LAYER met1 = 448217 um.
Total wire length on LAYER met2 = 543346 um.
Total wire length on LAYER met3 = 97342 um.
Total wire length on LAYER met4 = 97587 um.
Total wire length on LAYER met5 = 1060 um.
Total number of vias = 169093.
Up-via summary (total 169093):

-------------------------
 FR_MASTERSLICE         0
            li1     73261
           met1     86552
           met2      6764
           met3      2354
           met4       162
-------------------------
               169093


[INFO DRT-0195] Start 5th guides tiles iteration.
    Completing 10% with 86 violations.
    elapsed time = 00:00:00, memory = 2468.74 (MB).
    Completing 20% with 86 violations.
    elapsed time = 00:00:00, memory = 2468.74 (MB).
    Completing 30% with 86 violations.
    elapsed time = 00:00:00, memory = 2468.74 (MB).
    Completing 50% with 86 violations.
    elapsed time = 00:00:01, memory = 2468.74 (MB).
    Completing 60% with 5 violations.
    elapsed time = 00:00:01, memory = 2468.74 (MB).
    Completing 70% with 5 violations.
    elapsed time = 00:00:01, memory = 2468.74 (MB).
    Completing 80% with 5 violations.
    elapsed time = 00:00:01, memory = 2468.74 (MB).
    Completing 100% with 4 violations.
    elapsed time = 00:00:01, memory = 2468.74 (MB).
[INFO DRT-0199]   Number of violations = 4.
Viol/Layer        met1
Metal Spacing        2
Short                2
[INFO DRT-0267] cpu time = 00:00:03, elapsed time = 00:00:02, memory = 2468.94 (MB), peak = 2704.47 (MB)
Total wire length = 1187510 um.
Total wire length on LAYER li1 = 0 um.
Total wire length on LAYER met1 = 448091 um.
Total wire length on LAYER met2 = 543319 um.
Total wire length on LAYER met3 = 97446 um.
Total wire length on LAYER met4 = 97592 um.
Total wire length on LAYER met5 = 1060 um.
Total number of vias = 169090.
Up-via summary (total 169090):

-------------------------
 FR_MASTERSLICE         0
            li1     73261
           met1     86534
           met2      6779
           met3      2354
           met4       162
-------------------------
               169090


[INFO DRT-0195] Start 6th guides tiles iteration.
    Completing 100% with 0 violations.
    elapsed time = 00:00:00, memory = 2468.94 (MB).
[INFO DRT-0199]   Number of violations = 0.
[INFO DRT-0267] cpu time = 00:00:00, elapsed time = 00:00:00, memory = 2468.94 (MB), peak = 2704.47 (MB)
Total wire length = 1187510 um.
Total wire length on LAYER li1 = 0 um.
Total wire length on LAYER met1 = 448091 um.
Total wire length on LAYER met2 = 543319 um.
Total wire length on LAYER met3 = 97446 um.
Total wire length on LAYER met4 = 97592 um.
Total wire length on LAYER met5 = 1060 um.
Total number of vias = 169091.
Up-via summary (total 169091):

-------------------------
 FR_MASTERSLICE         0
            li1     73261
           met1     86535
           met2      6779
           met3      2354
           met4       162
-------------------------
               169091


[INFO DRT-0198] Complete detail routing.
Total wire length = 1187510 um.
Total wire length on LAYER li1 = 0 um.
Total wire length on LAYER met1 = 448091 um.
Total wire length on LAYER met2 = 543319 um.
Total wire length on LAYER met3 = 97446 um.
Total wire length on LAYER met4 = 97592 um.
Total wire length on LAYER met5 = 1060 um.
Total number of vias = 169091.
Up-via summary (total 169091):

-------------------------
 FR_MASTERSLICE         0
            li1     73261
           met1     86535
           met2      6779
           met3      2354
           met4       162
-------------------------
               169091


[INFO DRT-0267] cpu time = 01:31:01, elapsed time = 00:11:33, memory = 2468.94 (MB), peak = 2704.47 (MB)

[INFO DRT-0180] Post processing.
[INFO DRT-0501] Runtime: 781.18s
Took 781 seconds: detailed_route -output_drc ./reports/sky130hd/d_ca03_sv39_mmu/base/5_route_drc.rpt -output_maze ./results/sky130hd/d_ca03_sv39_mmu/base/maze.log -droute_end_iter 64 -verbose 1 -drc_report_iter_step 5
[INFO GRT-0012] Found 66 antenna violations.
[WARNING GRT-0243] Unable to repair antennas on net with diodes.
[INFO DPL-0006] Core area: 2104703.58 um^2
[INFO DPL-0007] Movable instances area: 0.00 um^2
[INFO DPL-0008] Fixed instances area within core: 271494.13 um^2
[INFO DPL-0009] Utilization: 12.9%
[INFO DPL-0005] Diamond search max displacement: +/- 500 sites horizontally, +/- 100 rows vertically.
[INFO DPL-1102] Legalizing using negotiation legalizer.
[INFO DPL-1103] Negotiation base search window: +/-20 sites horizontally, +/-5 rows vertically 
	Automatic search window extension enabled.
	Search window extendable up to the max displacement cap of +/-500 sites, +/-100 rows near walls.
[INFO DPL-1104] NegotiationLegalizer DRC penalty: 5.
[INFO DPL-0392] Negotiation cell height distribution (1 unique row-count(s)):
[INFO DPL-0393]   height 1 row(s): 49480 cells
[INFO DPL-0500] Runtime: 0.47s
[INFO GRT-0015] Inserted 105 diodes.
[WARNING DRT-0120] Large net net816 has 103 pins which may impact routing performance. Consider optimization.
[WARNING DRT-0120] Large net net3103 has 130 pins which may impact routing performance. Consider optimization.
[WARNING DRT-0120] Large net net3105 has 133 pins which may impact routing performance. Consider optimization.
[WARNING DRT-0120] Large net net3120 has 152 pins which may impact routing performance. Consider optimization.
[WARNING DRT-0120] Large net net3126 has 128 pins which may impact routing performance. Consider optimization.
[WARNING DRT-0120] Large net net3131 has 137 pins which may impact routing performance. Consider optimization.
[INFO DRT-0024]   Complete FR_MASTERSLICE.
[INFO DRT-0024]   Complete Fr_VIA.
[INFO DRT-0024]   Complete li1.
[INFO DRT-0024]   Complete mcon.
[INFO DRT-0024]   Complete met1.
[INFO DRT-0024]   Complete via.
[INFO DRT-0024]   Complete met2.
[INFO DRT-0024]   Complete via2.
[INFO DRT-0024]   Complete met3.
[INFO DRT-0024]   Complete via3.
[INFO DRT-0024]   Complete met4.
[INFO DRT-0024]   Complete via4.
[INFO DRT-0024]   Complete met5.
[INFO DRT-0165] Start pin access.
[INFO DRT-0076]   Complete 1000 pins.
[INFO DRT-0076]   Complete 2000 pins.
[INFO DRT-0078]   Complete 2276 pins.
[INFO DRT-0079]   Complete 100 unique inst patterns.
[INFO DRT-0079]   Complete 200 unique inst patterns.
[INFO DRT-0081]   Complete 279 unique inst patterns.
[INFO DRT-0082]   Complete 10000 groups.
[INFO DRT-0084]   Complete 16269 groups.
#scanned instances     = 49480
#unique  instances     = 279
#stdCellGenAp          = 8762
#stdCellValidPlanarAp  = 62
#stdCellValidViaAp     = 6587
#stdCellPinNoAp        = 0
#stdCellPinCnt         = 75484
#instTermValidViaApCnt = 0
#macroGenAp            = 0
#macroValidPlanarAp    = 0
#macroValidViaAp       = 0
#macroNoAp             = 0
[INFO DRT-0166] Complete pin access.
[INFO DRT-0267] cpu time = 00:11:46, elapsed time = 00:01:13, memory = 2209.47 (MB), peak = 2704.47 (MB)
[INFO DRT-0156] guideIn read 100000 guides.

[INFO DRT-0157] Number of guides:     189153

[INFO DRT-0169] Post process guides.
[INFO DRT-0176] GCELLGRID X 0 DO 210 STEP 6900 ;
[INFO DRT-0177] GCELLGRID Y 0 DO 210 STEP 6900 ;
[INFO DRT-0026]   Complete 100000 origin guides.
[INFO DRT-0028]   Complete FR_MASTERSLICE.
[INFO DRT-0028]   Complete Fr_VIA.
[INFO DRT-0028]   Complete li1.
[INFO DRT-0028]   Complete mcon.
[INFO DRT-0028]   Complete met1.
[INFO DRT-0028]   Complete via.
[INFO DRT-0028]   Complete met2.
[INFO DRT-0028]   Complete via2.
[INFO DRT-0028]   Complete met3.
[INFO DRT-0028]   Complete via3.
[INFO DRT-0028]   Complete met4.
[INFO DRT-0028]   Complete via4.
[INFO DRT-0028]   Complete met5.
[INFO DRT-0178] Init guide query.
[INFO DRT-0035]   Complete FR_MASTERSLICE (guide).
[INFO DRT-0035]   Complete Fr_VIA (guide).
[INFO DRT-0035]   Complete li1 (guide).
[INFO DRT-0035]   Complete mcon (guide).
[INFO DRT-0035]   Complete met1 (guide).
[INFO DRT-0035]   Complete via (guide).
[INFO DRT-0035]   Complete met2 (guide).
[INFO DRT-0035]   Complete via2 (guide).
[INFO DRT-0035]   Complete met3 (guide).
[INFO DRT-0035]   Complete via3 (guide).
[INFO DRT-0035]   Complete met4 (guide).
[INFO DRT-0035]   Complete via4 (guide).
[INFO DRT-0035]   Complete met5 (guide).
[INFO DRT-0036] FR_MASTERSLICE guide region query size = 0.
[INFO DRT-0036] FR_VIA guide region query size = 0.
[INFO DRT-0036] li1 guide region query size = 60037.
[INFO DRT-0036] mcon guide region query size = 0.
[INFO DRT-0036] met1 guide region query size = 55118.
[INFO DRT-0036] via guide region query size = 0.
[INFO DRT-0036] met2 guide region query size = 29951.
[INFO DRT-0036] via2 guide region query size = 0.
[INFO DRT-0036] met3 guide region query size = 3428.
[INFO DRT-0036] via3 guide region query size = 0.
[INFO DRT-0036] met4 guide region query size = 1359.
[INFO DRT-0036] via4 guide region query size = 0.
[INFO DRT-0036] met5 guide region query size = 83.
[INFO DRT-0179] Init gr pin query.
[INFO DRT-0267] cpu time = 00:00:01, elapsed time = 00:00:00, memory = 2209.48 (MB), peak = 2704.47 (MB)
[INFO DRT-0245] skipped writing guide updates to database.
[INFO DRT-0181] Start track assignment.
[INFO DRT-0184] Done with 91347 vertical wires in 5 frboxes and 58629 horizontal wires in 5 frboxes.
[INFO DRT-0186] Done with 11007 vertical wires in 5 frboxes and 15913 horizontal wires in 5 frboxes.
[INFO DRT-0182] Complete track assignment.
[INFO DRT-0267] cpu time = 00:00:16, elapsed time = 00:00:06, memory = 2209.48 (MB), peak = 2704.47 (MB)
[INFO DRT-0187] Start routing data preparation.
[INFO DRT-0267] cpu time = 00:00:00, elapsed time = 00:00:00, memory = 2209.48 (MB), peak = 2704.47 (MB)
[INFO DRT-0194] Start detail routing.
[INFO DRT-0195] Start 0th optimization iteration.
    Completing 10% with 0 violations.
    elapsed time = 00:00:02, memory = 2255.86 (MB).
    Completing 20% with 0 violations.
    elapsed time = 00:00:10, memory = 2312.82 (MB).
    Completing 30% with 558 violations.
    elapsed time = 00:00:14, memory = 2397.21 (MB).
    Completing 40% with 558 violations.
    elapsed time = 00:00:23, memory = 2416.71 (MB).
    Completing 50% with 558 violations.
    elapsed time = 00:00:25, memory = 2449.30 (MB).
    Completing 60% with 993 violations.
    elapsed time = 00:00:31, memory = 2473.94 (MB).
    Completing 70% with 993 violations.
    elapsed time = 00:00:36, memory = 2580.00 (MB).
    Completing 80% with 1348 violations.
    elapsed time = 00:00:41, memory = 2494.16 (MB).
    Completing 90% with 1348 violations.
    elapsed time = 00:00:48, memory = 2494.27 (MB).
    Completing 100% with 1663 violations.
    elapsed time = 00:00:55, memory = 2561.27 (MB).
[INFO DRT-0199]   Number of violations = 2091.
Viol/Layer         li1   met1    via   met2   met3   met4
Metal Spacing        0    100      0     89      1      0
Min Hole             0      2      0      0      0      0
Recheck              1    221      0    196      5      5
Short                0    860      1    584     11     15
[INFO DRT-0267] cpu time = 00:07:37, elapsed time = 00:00:56, memory = 2561.27 (MB), peak = 2704.47 (MB)
Total wire length = 1188211 um.
Total wire length on LAYER li1 = 0 um.
Total wire length on LAYER met1 = 450261 um.
Total wire length on LAYER met2 = 543960 um.
Total wire length on LAYER met3 = 95491 um.
Total wire length on LAYER met4 = 97475 um.
Total wire length on LAYER met5 = 1022 um.
Total number of vias = 169292.
Up-via summary (total 169292):

-------------------------
 FR_MASTERSLICE         0
            li1     73390
           met1     86840
           met2      6614
           met3      2292
           met4       156
-------------------------
               169292


[INFO DRT-0195] Start 1st optimization iteration.
    Completing 10% with 2091 violations.
    elapsed time = 00:00:03, memory = 2580.21 (MB).
    Completing 20% with 2091 violations.
    elapsed time = 00:00:09, memory = 2613.17 (MB).
    Completing 30% with 1676 violations.
    elapsed time = 00:00:11, memory = 2580.21 (MB).
    Completing 40% with 1676 violations.
    elapsed time = 00:00:17, memory = 2580.21 (MB).
    Completing 50% with 1676 violations.
    elapsed time = 00:00:18, memory = 2652.12 (MB).
    Completing 60% with 1313 violations.
    elapsed time = 00:00:21, memory = 2580.21 (MB).
    Completing 70% with 1313 violations.
    elapsed time = 00:00:29, memory = 2581.71 (MB).
    Completing 80% with 939 violations.
    elapsed time = 00:00:32, memory = 2581.71 (MB).
    Completing 90% with 939 violations.
    elapsed time = 00:00:38, memory = 2582.21 (MB).
    Completing 100% with 544 violations.
    elapsed time = 00:00:42, memory = 2586.21 (MB).
[INFO DRT-0199]   Number of violations = 544.
Viol/Layer        met1   met2   met3   met4
Metal Spacing       30     48      0      0
Short              311    146      4      5
[INFO DRT-0267] cpu time = 00:06:06, elapsed time = 00:00:43, memory = 2586.21 (MB), peak = 2769.31 (MB)
Total wire length = 1187507 um.
Total wire length on LAYER li1 = 0 um.
Total wire length on LAYER met1 = 449846 um.
Total wire length on LAYER met2 = 543686 um.
Total wire length on LAYER met3 = 95464 um.
Total wire length on LAYER met4 = 97491 um.
Total wire length on LAYER met5 = 1018 um.
Total number of vias = 169126.
Up-via summary (total 169126):

-------------------------
 FR_MASTERSLICE         0
            li1     73394
           met1     86673
           met2      6604
           met3      2299
           met4       156
-------------------------
               169126


[INFO DRT-0195] Start 2nd optimization iteration.
    Completing 10% with 544 violations.
    elapsed time = 00:00:00, memory = 2586.21 (MB).
    Completing 20% with 544 violations.
    elapsed time = 00:00:02, memory = 2586.21 (MB).
    Completing 30% with 520 violations.
    elapsed time = 00:00:03, memory = 2586.21 (MB).
    Completing 40% with 520 violations.
    elapsed time = 00:00:05, memory = 2586.21 (MB).
    Completing 50% with 520 violations.
    elapsed time = 00:00:05, memory = 2586.21 (MB).
    Completing 60% with 498 violations.
    elapsed time = 00:00:06, memory = 2586.21 (MB).
    Completing 70% with 498 violations.
    elapsed time = 00:00:09, memory = 2586.21 (MB).
    Completing 80% with 477 violations.
    elapsed time = 00:00:11, memory = 2586.21 (MB).
    Completing 90% with 477 violations.
    elapsed time = 00:00:14, memory = 2586.54 (MB).
    Completing 100% with 471 violations.
    elapsed time = 00:00:16, memory = 2586.54 (MB).
[INFO DRT-0199]   Number of violations = 471.
Viol/Layer        mcon   met1   met2   met3   met4
Cut Spacing          1      0      0      0      0
Metal Spacing        0     25     30      0      0
Short                0    279    122      4     10
[INFO DRT-0267] cpu time = 00:02:21, elapsed time = 00:00:17, memory = 2586.54 (MB), peak = 2769.31 (MB)
Total wire length = 1187463 um.
Total wire length on LAYER li1 = 0 um.
Total wire length on LAYER met1 = 449793 um.
Total wire length on LAYER met2 = 543639 um.
Total wire length on LAYER met3 = 95527 um.
Total wire length on LAYER met4 = 97484 um.
Total wire length on LAYER met5 = 1018 um.
Total number of vias = 169086.
Up-via summary (total 169086):

-------------------------
 FR_MASTERSLICE         0
            li1     73407
           met1     86606
           met2      6617
           met3      2300
           met4       156
-------------------------
               169086


[INFO DRT-0195] Start 3rd optimization iteration.
    Completing 10% with 471 violations.
    elapsed time = 00:00:00, memory = 2586.54 (MB).
    Completing 20% with 471 violations.
    elapsed time = 00:00:02, memory = 2586.54 (MB).
    Completing 30% with 276 violations.
    elapsed time = 00:00:04, memory = 2590.98 (MB).
    Completing 40% with 276 violations.
    elapsed time = 00:00:05, memory = 2624.22 (MB).
    Completing 50% with 276 violations.
    elapsed time = 00:00:07, memory = 2590.98 (MB).
    Completing 60% with 184 violations.
    elapsed time = 00:00:07, memory = 2590.98 (MB).
    Completing 70% with 184 violations.
    elapsed time = 00:00:08, memory = 2590.98 (MB).
    Completing 80% with 104 violations.
    elapsed time = 00:00:09, memory = 2590.98 (MB).
    Completing 90% with 104 violations.
    elapsed time = 00:00:09, memory = 2590.98 (MB).
    Completing 100% with 0 violations.
    elapsed time = 00:00:11, memory = 2590.98 (MB).
[INFO DRT-0199]   Number of violations = 0.
[INFO DRT-0267] cpu time = 00:01:33, elapsed time = 00:00:12, memory = 2590.98 (MB), peak = 2769.31 (MB)
Total wire length = 1187423 um.
Total wire length on LAYER li1 = 0 um.
Total wire length on LAYER met1 = 448658 um.
Total wire length on LAYER met2 = 543447 um.
Total wire length on LAYER met3 = 96529 um.
Total wire length on LAYER met4 = 97779 um.
Total wire length on LAYER met5 = 1007 um.
Total number of vias = 169394.
Up-via summary (total 169394):

-------------------------
 FR_MASTERSLICE         0
            li1     73405
           met1     86768
           met2      6741
           met3      2326
           met4       154
-------------------------
               169394


[INFO DRT-0198] Complete detail routing.
Total wire length = 1187423 um.
Total wire length on LAYER li1 = 0 um.
Total wire length on LAYER met1 = 448658 um.
Total wire length on LAYER met2 = 543447 um.
Total wire length on LAYER met3 = 96529 um.
Total wire length on LAYER met4 = 97779 um.
Total wire length on LAYER met5 = 1007 um.
Total number of vias = 169394.
Up-via summary (total 169394):

-------------------------
 FR_MASTERSLICE         0
            li1     73405
           met1     86768
           met2      6741
           met3      2326
           met4       154
-------------------------
               169394


[INFO DRT-0267] cpu time = 00:17:38, elapsed time = 00:02:09, memory = 2590.98 (MB), peak = 2769.31 (MB)

[INFO DRT-0180] Post processing.
[INFO DRT-0501] Runtime: 212.22s
[INFO ANT-0002] Found 5 net violations.
[INFO ANT-0001] Found 5 pin violations.
[INFO GRT-0012] Found 5 antenna violations.
[INFO DPL-0006] Core area: 2104703.58 um^2
[INFO DPL-0007] Movable instances area: 0.00 um^2
[INFO DPL-0008] Fixed instances area within core: 271539.18 um^2
[INFO DPL-0009] Utilization: 12.9%
[INFO DPL-0005] Diamond search max displacement: +/- 500 sites horizontally, +/- 100 rows vertically.
[INFO DPL-1102] Legalizing using negotiation legalizer.
[INFO DPL-1103] Negotiation base search window: +/-20 sites horizontally, +/-5 rows vertically 
	Automatic search window extension enabled.
	Search window extendable up to the max displacement cap of +/-500 sites, +/-100 rows near walls.
[INFO DPL-1104] NegotiationLegalizer DRC penalty: 5.
[INFO DPL-0392] Negotiation cell height distribution (1 unique row-count(s)):
[INFO DPL-0393]   height 1 row(s): 49498 cells
[INFO DPL-0500] Runtime: 0.29s
[INFO GRT-0015] Inserted 18 diodes.
[WARNING DRT-0120] Large net net816 has 103 pins which may impact routing performance. Consider optimization.
[WARNING DRT-0120] Large net net3103 has 130 pins which may impact routing performance. Consider optimization.
[WARNING DRT-0120] Large net net3105 has 133 pins which may impact routing performance. Consider optimization.
[WARNING DRT-0120] Large net net3120 has 152 pins which may impact routing performance. Consider optimization.
[WARNING DRT-0120] Large net net3126 has 128 pins which may impact routing performance. Consider optimization.
[WARNING DRT-0120] Large net net3131 has 137 pins which may impact routing performance. Consider optimization.
[INFO DRT-0024]   Complete FR_MASTERSLICE.
[INFO DRT-0024]   Complete Fr_VIA.
[INFO DRT-0024]   Complete li1.
[INFO DRT-0024]   Complete mcon.
[INFO DRT-0024]   Complete met1.
[INFO DRT-0024]   Complete via.
[INFO DRT-0024]   Complete met2.
[INFO DRT-0024]   Complete via2.
[INFO DRT-0024]   Complete met3.
[INFO DRT-0024]   Complete via3.
[INFO DRT-0024]   Complete met4.
[INFO DRT-0024]   Complete via4.
[INFO DRT-0024]   Complete met5.
[INFO DRT-0165] Start pin access.
[INFO DRT-0076]   Complete 1000 pins.
[INFO DRT-0076]   Complete 2000 pins.
[INFO DRT-0078]   Complete 2276 pins.
[INFO DRT-0079]   Complete 100 unique inst patterns.
[INFO DRT-0079]   Complete 200 unique inst patterns.
[INFO DRT-0081]   Complete 279 unique inst patterns.
[INFO DRT-0082]   Complete 10000 groups.
[INFO DRT-0084]   Complete 16281 groups.
#scanned instances     = 49498
#unique  instances     = 279
#stdCellGenAp          = 8762
#stdCellValidPlanarAp  = 62
#stdCellValidViaAp     = 6587
#stdCellPinNoAp        = 0
#stdCellPinCnt         = 75484
#instTermValidViaApCnt = 0
#macroGenAp            = 0
#macroValidPlanarAp    = 0
#macroValidViaAp       = 0
#macroNoAp             = 0
[INFO DRT-0166] Complete pin access.
[INFO DRT-0267] cpu time = 00:09:43, elapsed time = 00:01:00, memory = 2593.24 (MB), peak = 2769.31 (MB)
[INFO DRT-0156] guideIn read 100000 guides.

[INFO DRT-0157] Number of guides:     189182

[INFO DRT-0169] Post process guides.
[INFO DRT-0176] GCELLGRID X 0 DO 210 STEP 6900 ;
[INFO DRT-0177] GCELLGRID Y 0 DO 210 STEP 6900 ;
[INFO DRT-0026]   Complete 100000 origin guides.
[INFO DRT-0028]   Complete FR_MASTERSLICE.
[INFO DRT-0028]   Complete Fr_VIA.
[INFO DRT-0028]   Complete li1.
[INFO DRT-0028]   Complete mcon.
[INFO DRT-0028]   Complete met1.
[INFO DRT-0028]   Complete via.
[INFO DRT-0028]   Complete met2.
[INFO DRT-0028]   Complete via2.
[INFO DRT-0028]   Complete met3.
[INFO DRT-0028]   Complete via3.
[INFO DRT-0028]   Complete met4.
[INFO DRT-0028]   Complete via4.
[INFO DRT-0028]   Complete met5.
[INFO DRT-0178] Init guide query.
[INFO DRT-0035]   Complete FR_MASTERSLICE (guide).
[INFO DRT-0035]   Complete Fr_VIA (guide).
[INFO DRT-0035]   Complete li1 (guide).
[INFO DRT-0035]   Complete mcon (guide).
[INFO DRT-0035]   Complete met1 (guide).
[INFO DRT-0035]   Complete via (guide).
[INFO DRT-0035]   Complete met2 (guide).
[INFO DRT-0035]   Complete via2 (guide).
[INFO DRT-0035]   Complete met3 (guide).
[INFO DRT-0035]   Complete via3 (guide).
[INFO DRT-0035]   Complete met4 (guide).
[INFO DRT-0035]   Complete via4 (guide).
[INFO DRT-0035]   Complete met5 (guide).
[INFO DRT-0036] FR_MASTERSLICE guide region query size = 0.
[INFO DRT-0036] FR_VIA guide region query size = 0.
[INFO DRT-0036] li1 guide region query size = 60046.
[INFO DRT-0036] mcon guide region query size = 0.
[INFO DRT-0036] met1 guide region query size = 55123.
[INFO DRT-0036] via guide region query size = 0.
[INFO DRT-0036] met2 guide region query size = 29954.
[INFO DRT-0036] via2 guide region query size = 0.
[INFO DRT-0036] met3 guide region query size = 3427.
[INFO DRT-0036] via3 guide region query size = 0.
[INFO DRT-0036] met4 guide region query size = 1357.
[INFO DRT-0036] via4 guide region query size = 0.
[INFO DRT-0036] met5 guide region query size = 82.
[INFO DRT-0179] Init gr pin query.
[INFO DRT-0267] cpu time = 00:00:01, elapsed time = 00:00:00, memory = 2593.24 (MB), peak = 2769.31 (MB)
[INFO DRT-0245] skipped writing guide updates to database.
[INFO DRT-0181] Start track assignment.
[INFO DRT-0184] Done with 91357 vertical wires in 5 frboxes and 58632 horizontal wires in 5 frboxes.
[INFO DRT-0186] Done with 10933 vertical wires in 5 frboxes and 15876 horizontal wires in 5 frboxes.
[INFO DRT-0182] Complete track assignment.
[INFO DRT-0267] cpu time = 00:00:11, elapsed time = 00:00:04, memory = 2593.36 (MB), peak = 2769.31 (MB)
[INFO DRT-0187] Start routing data preparation.
[INFO DRT-0267] cpu time = 00:00:00, elapsed time = 00:00:00, memory = 2593.36 (MB), peak = 2769.31 (MB)
[INFO DRT-0194] Start detail routing.
[INFO DRT-0195] Start 0th optimization iteration.
    Completing 10% with 0 violations.
    elapsed time = 00:00:01, memory = 2593.39 (MB).
    Completing 20% with 0 violations.
    elapsed time = 00:00:06, memory = 2625.45 (MB).
    Completing 30% with 18 violations.
    elapsed time = 00:00:08, memory = 2606.57 (MB).
    Completing 40% with 18 violations.
    elapsed time = 00:00:14, memory = 2628.32 (MB).
    Completing 50% with 18 violations.
    elapsed time = 00:00:15, memory = 2632.43 (MB).
    Completing 60% with 36 violations.
    elapsed time = 00:00:19, memory = 2632.43 (MB).
    Completing 70% with 36 violations.
    elapsed time = 00:00:22, memory = 2706.11 (MB).
    Completing 80% with 47 violations.
    elapsed time = 00:00:24, memory = 2632.44 (MB).
    Completing 90% with 47 violations.
    elapsed time = 00:00:29, memory = 2634.02 (MB).
    Completing 100% with 48 violations.
    elapsed time = 00:00:32, memory = 2639.01 (MB).
[INFO DRT-0199]   Number of violations = 61.
Viol/Layer        met1   met2   met3
Metal Spacing        9      3      1
Recheck              8      5      0
Short               12     23      0
[INFO DRT-0267] cpu time = 00:04:35, elapsed time = 00:00:32, memory = 2639.01 (MB), peak = 2785.52 (MB)
Total wire length = 1187460 um.
Total wire length on LAYER li1 = 0 um.
Total wire length on LAYER met1 = 448677 um.
Total wire length on LAYER met2 = 543569 um.
Total wire length on LAYER met3 = 96511 um.
Total wire length on LAYER met4 = 97695 um.
Total wire length on LAYER met5 = 1007 um.
Total number of vias = 169433.
Up-via summary (total 169433):

-------------------------
 FR_MASTERSLICE         0
            li1     73425
           met1     86800
           met2      6736
           met3      2318
           met4       154
-------------------------
               169433


[INFO DRT-0195] Start 1st optimization iteration.
    Completing 10% with 61 violations.
    elapsed time = 00:00:01, memory = 2664.57 (MB).
    Completing 20% with 61 violations.
    elapsed time = 00:00:05, memory = 2697.86 (MB).
    Completing 30% with 51 violations.
    elapsed time = 00:00:07, memory = 2668.51 (MB).
    Completing 40% with 51 violations.
    elapsed time = 00:00:12, memory = 2690.08 (MB).
    Completing 50% with 51 violations.
    elapsed time = 00:00:14, memory = 2761.79 (MB).
    Completing 60% with 38 violations.
    elapsed time = 00:00:16, memory = 2668.79 (MB).
    Completing 70% with 38 violations.
    elapsed time = 00:00:21, memory = 2708.43 (MB).
    Completing 80% with 20 violations.
    elapsed time = 00:00:23, memory = 2668.80 (MB).
    Completing 90% with 20 violations.
    elapsed time = 00:00:29, memory = 2668.80 (MB).
    Completing 100% with 8 violations.
    elapsed time = 00:00:32, memory = 2668.80 (MB).
[INFO DRT-0199]   Number of violations = 8.
Viol/Layer        met1   met2
Short                3      5
[INFO DRT-0267] cpu time = 00:04:34, elapsed time = 00:00:32, memory = 2668.80 (MB), peak = 2849.11 (MB)
Total wire length = 1187439 um.
Total wire length on LAYER li1 = 0 um.
Total wire length on LAYER met1 = 448660 um.
Total wire length on LAYER met2 = 543572 um.
Total wire length on LAYER met3 = 96509 um.
Total wire length on LAYER met4 = 97689 um.
Total wire length on LAYER met5 = 1007 um.
Total number of vias = 169422.
Up-via summary (total 169422):

-------------------------
 FR_MASTERSLICE         0
            li1     73424
           met1     86788
           met2      6738
           met3      2318
           met4       154
-------------------------
               169422


[INFO DRT-0195] Start 2nd optimization iteration.
    Completing 10% with 8 violations.
    elapsed time = 00:00:00, memory = 2668.80 (MB).
    Completing 20% with 8 violations.
    elapsed time = 00:00:00, memory = 2668.80 (MB).
    Completing 30% with 8 violations.
    elapsed time = 00:00:00, memory = 2668.80 (MB).
    Completing 40% with 8 violations.
    elapsed time = 00:00:00, memory = 2668.80 (MB).
    Completing 50% with 8 violations.
    elapsed time = 00:00:00, memory = 2668.80 (MB).
    Completing 60% with 8 violations.
    elapsed time = 00:00:00, memory = 2668.80 (MB).
    Completing 70% with 8 violations.
    elapsed time = 00:00:00, memory = 2668.80 (MB).
    Completing 80% with 4 violations.
    elapsed time = 00:00:00, memory = 2668.80 (MB).
    Completing 90% with 4 violations.
    elapsed time = 00:00:00, memory = 2668.80 (MB).
    Completing 100% with 4 violations.
    elapsed time = 00:00:00, memory = 2668.80 (MB).
[INFO DRT-0199]   Number of violations = 4.
Viol/Layer        met2
Short                4
[INFO DRT-0267] cpu time = 00:00:01, elapsed time = 00:00:00, memory = 2668.80 (MB), peak = 2849.11 (MB)
Total wire length = 1187437 um.
Total wire length on LAYER li1 = 0 um.
Total wire length on LAYER met1 = 448657 um.
Total wire length on LAYER met2 = 543573 um.
Total wire length on LAYER met3 = 96509 um.
Total wire length on LAYER met4 = 97689 um.
Total wire length on LAYER met5 = 1007 um.
Total number of vias = 169422.
Up-via summary (total 169422):

-------------------------
 FR_MASTERSLICE         0
            li1     73424
           met1     86788
           met2      6738
           met3      2318
           met4       154
-------------------------
               169422


[INFO DRT-0195] Start 3rd guides tiles iteration.
    Completing 50% with 4 violations.
    elapsed time = 00:00:00, memory = 2668.80 (MB).
    Completing 100% with 0 violations.
    elapsed time = 00:00:00, memory = 2668.80 (MB).
[INFO DRT-0199]   Number of violations = 0.
[INFO DRT-0267] cpu time = 00:00:00, elapsed time = 00:00:00, memory = 2668.80 (MB), peak = 2849.11 (MB)
Total wire length = 1187439 um.
Total wire length on LAYER li1 = 0 um.
Total wire length on LAYER met1 = 448623 um.
Total wire length on LAYER met2 = 543568 um.
Total wire length on LAYER met3 = 96551 um.
Total wire length on LAYER met4 = 97689 um.
Total wire length on LAYER met5 = 1007 um.
Total number of vias = 169428.
Up-via summary (total 169428):

-------------------------
 FR_MASTERSLICE         0
            li1     73424
           met1     86790
           met2      6742
           met3      2318
           met4       154
-------------------------
               169428


[INFO DRT-0198] Complete detail routing.
Total wire length = 1187439 um.
Total wire length on LAYER li1 = 0 um.
Total wire length on LAYER met1 = 448623 um.
Total wire length on LAYER met2 = 543568 um.
Total wire length on LAYER met3 = 96551 um.
Total wire length on LAYER met4 = 97689 um.
Total wire length on LAYER met5 = 1007 um.
Total number of vias = 169428.
Up-via summary (total 169428):

-------------------------
 FR_MASTERSLICE         0
            li1     73424
           met1     86790
           met2      6742
           met3      2318
           met4       154
-------------------------
               169428


[INFO DRT-0267] cpu time = 00:09:11, elapsed time = 00:01:06, memory = 2668.80 (MB), peak = 2849.11 (MB)

[INFO DRT-0180] Post processing.
[INFO DRT-0501] Runtime: 133.52s
[INFO ANT-0002] Found 0 net violations.
[INFO ANT-0001] Found 0 pin violations.
[INFO ANT-0002] Found 0 net violations.
[INFO ANT-0001] Found 0 pin violations.
Design area 271539 um^2 13% utilization.
write_db ./results/sky130hd/d_ca03_sv39_mmu/base/5_2_route.odb
Elapsed time: 19:33.43[h:]min:sec. CPU time: user 9452.65 sys 44.85 (809%). Peak memory: 2917484KB.
Log                       Ext     Elapsed/s Peak Memory/MB sha1sum result [0:20)
5_2_route                 .odb         1173           2849 3475ed78db5f49b08bb8
/OpenROAD-flow-scripts/flow/scripts/flow.sh 5_3_fillcell fillcell
Running fillcell.tcl, stage 5_3_fillcell
read_liberty /OpenROAD-flow-scripts/flow/platforms/sky130hd/lib/sky130_fd_sc_hd__tt_025C_1v80.lib
read_db ./results/sky130hd/d_ca03_sv39_mmu/base/5_2_route.odb
read_sdc ./results/sky130hd/d_ca03_sv39_mmu/base/5_1_grt.sdc
source /OpenROAD-flow-scripts/flow/platforms/sky130hd/setRC.tcl
filler_placement "sky130_fd_sc_hd__fill_1 sky130_fd_sc_hd__fill_2 sky130_fd_sc_hd__fill_4 sky130_fd_sc_hd__fill_8"
[INFO DPL-0001] Placed 239240 filler instances.
Design area 271539 um^2 13% utilization.
write_db ./results/sky130hd/d_ca03_sv39_mmu/base/5_3_fillcell.odb
Elapsed time: 0:05.18[h:]min:sec. CPU time: user 3.18 sys 0.83 (77%). Peak memory: 542112KB.
Log                       Ext     Elapsed/s Peak Memory/MB sha1sum result [0:20)
5_3_fillcell              .odb            5            529 86c484570cfedc5451e9
cp ./results/sky130hd/d_ca03_sv39_mmu/base/5_3_fillcell.odb ./results/sky130hd/d_ca03_sv39_mmu/base/5_route.odb
cp ./results/sky130hd/d_ca03_sv39_mmu/base/5_1_grt.sdc ./results/sky130hd/d_ca03_sv39_mmu/base/5_route.sdc
/OpenROAD-flow-scripts/flow/scripts/flow.sh 6_1_fill density_fill
Running density_fill.tcl, stage 6_1_fill
read_liberty /OpenROAD-flow-scripts/flow/platforms/sky130hd/lib/sky130_fd_sc_hd__tt_025C_1v80.lib
read_db ./results/sky130hd/d_ca03_sv39_mmu/base/5_route.odb
read_sdc ./results/sky130hd/d_ca03_sv39_mmu/base/5_route.sdc
source /OpenROAD-flow-scripts/flow/platforms/sky130hd/setRC.tcl
exec cp ./results/sky130hd/d_ca03_sv39_mmu/base/5_route.odb ./results/sky130hd/d_ca03_sv39_mmu/base/6_1_fill.odb
Elapsed time: 0:02.17[h:]min:sec. CPU time: user 1.53 sys 0.43 (90%). Peak memory: 376988KB.
Log                       Ext     Elapsed/s Peak Memory/MB sha1sum result [0:20)
6_1_fill                  .odb            2            368 86c484570cfedc5451e9
cp ./results/sky130hd/d_ca03_sv39_mmu/base/5_route.sdc ./results/sky130hd/d_ca03_sv39_mmu/base/6_1_fill.sdc
/OpenROAD-flow-scripts/flow/scripts/flow.sh 6_report final_report
Running final_report.tcl, stage 6_report
read_liberty /OpenROAD-flow-scripts/flow/platforms/sky130hd/lib/sky130_fd_sc_hd__tt_025C_1v80.lib
read_db ./results/sky130hd/d_ca03_sv39_mmu/base/6_1_fill.odb
read_sdc ./results/sky130hd/d_ca03_sv39_mmu/base/6_1_fill.sdc
source /OpenROAD-flow-scripts/flow/platforms/sky130hd/setRC.tcl
write_db ./results/sky130hd/d_ca03_sv39_mmu/base/6_final.odb
write_sdc -no_timestamp ./results/sky130hd/d_ca03_sv39_mmu/base/6_final.sdc
Deleted 0 routing obstructions
Warning: master sky130_ef_sc_hd__decap_12 has signal pins but no liberty cell
[INFO RCX-0431] Defined process_corner X with ext_model_index 0
[INFO RCX-0029] Defined extraction corner X
[WARNING RCX-0514] The ext_model_file option is deprecated. Use set_extraction_rules_file command instead.
[INFO RCX-0435] Reading extraction model file /OpenROAD-flow-scripts/flow/platforms/sky130hd/rcx_patterns.rules ...
[INFO RCX-0436] RC segment generation sv39_mmu (max_merge_res 50.0) ...
[INFO RCX-0040] Final 97789 rc segments
[INFO RCX-0439] Coupling Cap extraction sv39_mmu ...
[INFO RCX-0440] Coupling threshhold is 0.1000 fF, coupling capacitance less than 0.1000 fF will be grounded.
[INFO RCX-0442] 15% of 232798 wires extracted
[INFO RCX-0442] 41% of 232798 wires extracted
[INFO RCX-0442] 62% of 232798 wires extracted
[INFO RCX-0442] 91% of 232798 wires extracted
[INFO RCX-0442] 100% of 232798 wires extracted
[INFO RCX-0045] Extract 22036 nets, 119775 rsegs, 119775 caps, 215792 ccs
[INFO RCX-0443] 22036 nets finished
[INFO PSM-0040] All shapes on net VDD are connected.
########## IR report #################
Net              : VDD
Corner           : default
Total power      : 1.63e-02 W
Supply voltage   : 1.80e+00 V
Worstcase voltage: 1.80e+00 V
Average voltage  : 1.80e+00 V
Average IR drop  : 1.67e-06 V
Worstcase IR drop: 7.84e-05 V
Percentage drop  : 0.00 %
######################################
[INFO PSM-0040] All shapes on net VSS are connected.
########## IR report #################
Net              : VSS
Corner           : default
Total power      : 1.63e-02 W
Supply voltage   : 0.00e+00 V
Worstcase voltage: 1.20e-04 V
Average voltage  : 1.72e-06 V
Average IR drop  : 1.72e-06 V
Worstcase IR drop: 1.20e-04 V
Percentage drop  : 0.01 %
######################################
Cell type report:                       Count       Area
  Fill cell                            239240 1833164.40
  Tap cell                              28087   35142.45
  Antenna cell                            320     800.77
  Clock buffer                            608   12057.81
  Timing Repair Buffer                   1886   16677.24
  Inverter                                538    2024.44
  Clock inverter                          145    1915.59
  Sequential cell                        3467   86973.41
  Multi-Input combinational cell        14447  115947.45
  Total                                288738 2104703.58
Report metrics stage 6, finish...

==========================================================================
finish report_design_area
--------------------------------------------------------------------------
Design area 271539 um^2 13% utilization.
[WARNING GUI-0076] QStandardPaths: XDG_RUNTIME_DIR not set, defaulting to '/tmp/runtime-'
Elapsed time: 0:57.54[h:]min:sec. CPU time: user 78.05 sys 5.23 (144%). Peak memory: 1300908KB.
Log                       Ext     Elapsed/s Peak Memory/MB sha1sum result [0:20)
6_report                                 57           1270                  N/A
cp /OpenROAD-flow-scripts/flow/platforms/sky130hd/lef/sky130_fd_sc_hd.tlef ./objects/sky130hd/d_ca03_sv39_mmu/base/klayout_tech.lef
/usr/bin/python3 /OpenROAD-flow-scripts/flow/util/generate_klayout_tech.py \
	--template /OpenROAD-flow-scripts/flow/platforms/sky130hd/sky130hd.lyt \
	--output ./objects/sky130hd/d_ca03_sv39_mmu/base/klayout.lyt \
	--lef-files ./objects/sky130hd/d_ca03_sv39_mmu/base/klayout_tech.lef /OpenROAD-flow-scripts/flow/platforms/sky130hd/lef/sky130_fd_sc_hd_merged.lef   \
	--map-files 
/usr/bin/python3 /OpenROAD-flow-scripts/flow/scripts/run_command.py --log /OpenROAD-flow-scripts/flow/logs/sky130hd/d_ca03_sv39_mmu/base/6_1_merge.log --tee -- \
        /OpenROAD-flow-scripts/flow/scripts/klayout.sh -zz -rd design_name=sv39_mmu \
        -rd in_def=./results/sky130hd/d_ca03_sv39_mmu/base/6_final.def \
        -rd in_files="/OpenROAD-flow-scripts/flow/platforms/sky130hd/gds/sky130_fd_sc_hd.gds  " \
        -rd seal_file="" \
        -rd out_file=./results/sky130hd/d_ca03_sv39_mmu/base/6_1_merged.gds \
        -rd tech_file=./objects/sky130hd/d_ca03_sv39_mmu/base/klayout.lyt \
        -rd layer_map= \
        -r /OpenROAD-flow-scripts/flow/util/def2stream.py
KLayout 0.30.7
[INFO] Reporting cells prior to loading DEF ...
	/OpenROAD-flow-scripts/flow/platforms/sky130hd/gds/sky130_fd_sc_hd.gds
[INFO] All LEF cells have matching GDS/OAS cells
[INFO] No orphan cells in the final layout
Elapsed time: 0:23.23[h:]min:sec. CPU time: user 20.38 sys 2.54 (98%). Peak memory: 1144516KB.
cp results/sky130hd/d_ca03_sv39_mmu/base/6_1_merged.gds results/sky130hd/d_ca03_sv39_mmu/base/6_final.gds
./logs/sky130hd/d_ca03_sv39_mmu/base
Log                       Ext     Elapsed/s Peak Memory/MB sha1sum result [0:20)
1_1_yosys_canonicalize    .rtlil          2            127 00b2103f4388e407bc8c
1_2_yosys                 .v            106            180 849122973c4e43c04777
1_2_yosys                 .sdc                             0f37b5bdf1d9c1a50855
1_synth                   .odb            1            197 a07ba6c82648791e45d4
1_synth                   .sdc                             aa642b0d6fd3e8ebde0f
2_1_floorplan             .odb           17            257 6033270d62261ed077f9
2_1_floorplan             .sdc                             aa642b0d6fd3e8ebde0f
2_2_floorplan_macro       .odb            0            175 6033270d62261ed077f9
2_3_floorplan_tapcell     .odb            1            179 7612682101e30809fc2f
2_4_floorplan_pdn         .odb            2            286 77bf81a9c2ed6f26e963
3_1_place_gp_skip_io      .odb           12            256 9d722ad49e4023b72da8
3_2_place_iop             .odb            1            218 b81a6747793b02f49c3a
3_3_place_gp              .odb           68            585 7a830777758f87ce5b25
3_4_place_resized         .odb           16            300 c6563552196b88bd6955
3_5_place_dp              .odb           20            393 b4f45c3b6d61ab62e091
4_1_cts                   .odb           20            431 b4f82898740e424eeaf6
5_1_grt                   .odb          140            985 72eac21ab896e524f067
5_1_grt                   .sdc                             37c612d5f7f74da824ea
5_2_route                 .odb         1173           2849 3475ed78db5f49b08bb8
5_3_fillcell              .odb            5            529 86c484570cfedc5451e9
6_1_fill                  .odb            2            368 86c484570cfedc5451e9
6_1_fill                  .sdc                             37c612d5f7f74da824ea
6_1_merge                                23           1117                  N/A
6_report                                 57           1270                  N/A
Total                                  1666           2849                     
