clean build: wiped sky130hd/d_dsp02_fp32_fma_ii1 (results, logs, objects, reports)
constraining to CLK_PERIOD_NS=13.7500 (SDC + synthesis)
OPENROAD: /OpenROAD-flow-scripts/tools/OpenROAD
mkdir -p results/sky130hd/d_dsp02_fp32_fma_ii1/base/
echo 13750 > results/sky130hd/d_dsp02_fp32_fma_ii1/base/clock_period.txt
/OpenROAD-flow-scripts/flow/scripts/synth.sh /OpenROAD-flow-scripts/flow/scripts/synth_canonicalize.tcl ./logs/sky130hd/d_dsp02_fp32_fma_ii1/base/1_1_yosys_canonicalize.log
Using ABC speed script.
Extracting clock period from SDC file: ./results/sky130hd/d_dsp02_fp32_fma_ii1/base/clock_period.txt
Setting clock period to 13750
1. Executing Liberty frontend: /OpenROAD-flow-scripts/flow/platforms/sky130hd/lib/sky130_fd_sc_hd__tt_025C_1v80.lib
2. Executing Liberty frontend: /OpenROAD-flow-scripts/flow/platforms/sky130hd/lib/sky130_fd_sc_hd__tt_025C_1v80.lib
3. Executing SLANG frontend.
3.1. Executing PROC_CLEAN pass (remove empty switches from decision trees).
3.2. Executing TRIBUF pass.
3.3. Executing PROC_RMDEAD pass (remove dead branches from decision trees).
3.4. Executing PROC_PRUNE pass (remove redundant assignments in processes).
3.5. Executing PROC_INIT pass (extract init attributes).
3.6. Executing PROC_ROM pass (convert switches to ROMs).
3.7. Executing PROC_MUX pass (convert decision trees to multiplexers).
3.8. Executing PROC_CLEAN pass (remove empty switches from decision trees).
3.9. Executing OPT_EXPR pass (perform const folding).
4. Executing HIERARCHY pass (managing design hierarchy).
4.1. Analyzing design hierarchy..
4.2. Analyzing design hierarchy..
5. Executing OPT_CLEAN pass (remove unused cells and wires).
6. Executing RTLIL backend.
End of script. Logfile hash: 07cf760056, time: 0.52s, user: 0.43s, system: 0.03s, MEM: 84.48 MB peak
Yosys 0.68+post (git sha1 UNKNOWN, Release, GNU /usr/local/bin/wrapped-cc/g++ 11.4.0)
Time spent: 58% 2x read_slang (0 sec), 23% 4x read_liberty (0 sec), ...
Elapsed time: 0:00.58[h:]min:sec. CPU time: user 0.52 sys 0.04 (95%). Peak memory: 88824KB.
Log                       Ext     Elapsed/s Peak Memory/MB sha1sum result [0:20)
1_1_yosys_canonicalize    .rtlil          0             86 4d780dcea837a7b85e82
/OpenROAD-flow-scripts/flow/scripts/synth.sh /OpenROAD-flow-scripts/flow/scripts/synth.tcl ./logs/sky130hd/d_dsp02_fp32_fma_ii1/base/1_2_yosys.log
Using ABC speed script.
Extracting clock period from SDC file: ./results/sky130hd/d_dsp02_fp32_fma_ii1/base/clock_period.txt
Setting clock period to 13750
1. Executing RTLIL frontend.
2. Executing HIERARCHY pass (managing design hierarchy).
2.1. Analyzing design hierarchy..
2.2. Analyzing design hierarchy..
3. Executing SYNTH pass.
3.1. Executing HIERARCHY pass (managing design hierarchy).
3.1.1. Analyzing design hierarchy..
3.1.2. Analyzing design hierarchy..
3.2. Executing PROC pass (convert processes to netlists).
3.2.1. Executing PROC_CLEAN pass (remove empty switches from decision trees).
3.2.2. Executing PROC_RMDEAD pass (remove dead branches from decision trees).
3.2.3. Executing PROC_PRUNE pass (remove redundant assignments in processes).
3.2.4. Executing PROC_INIT pass (extract init attributes).
3.2.5. Executing PROC_ARST pass (detect async resets in processes).
3.2.6. Executing PROC_ROM pass (convert switches to ROMs).
3.2.7. Executing PROC_MUX pass (convert decision trees to multiplexers).
3.2.8. Executing PROC_DLATCH pass (convert process syncs to latches).
3.2.9. Executing PROC_DFF pass (convert process syncs to FFs).
3.2.10. Executing PROC_MEMWR pass (convert process memory writes to cells).
3.2.11. Executing PROC_CLEAN pass (remove empty switches from decision trees).
3.2.12. Executing OPT_EXPR pass (perform const folding).
3.3. Executing CHECK pass (checking for obvious problems).
3.4. Executing FLATTEN pass (flatten design).
3.5. Executing OPT_EXPR pass (perform const folding).
3.6. Executing OPT_CLEAN pass (remove unused cells and wires).
3.7. Executing CHECK pass (checking for obvious problems).
3.8. Executing OPT pass (performing simple optimizations).
3.8.1. Executing OPT_EXPR pass (perform const folding).
3.8.2. Executing OPT_MERGE pass (detect identical cells).
3.8.3. Executing OPT_MUXTREE pass (detect dead branches in mux trees).
3.8.4. Executing OPT_REDUCE pass (consolidate $*mux and $reduce_* inputs).
3.8.5. Executing OPT_MERGE pass (detect identical cells).
3.8.6. Executing OPT_DFF pass (perform DFF optimizations).
3.8.7. Executing OPT_CLEAN pass (remove unused cells and wires).
3.8.8. Executing OPT_EXPR pass (perform const folding).
3.8.9. Rerunning OPT passes. (Maybe there is more to do..)
3.8.10. Executing OPT_MUXTREE pass (detect dead branches in mux trees).
3.8.11. Executing OPT_REDUCE pass (consolidate $*mux and $reduce_* inputs).
3.8.12. Executing OPT_MERGE pass (detect identical cells).
3.8.13. Executing OPT_DFF pass (perform DFF optimizations).
3.8.14. Executing OPT_CLEAN pass (remove unused cells and wires).
3.8.15. Executing OPT_EXPR pass (perform const folding).
3.8.16. Finished fast OPT passes. (There is nothing left to do.)
3.9. Executing FSM pass (extract and optimize FSM).
3.9.1. Executing FSM_DETECT pass (finding FSMs in design).
3.9.2. Executing FSM_EXTRACT pass (extracting FSM from design).
3.9.3. Executing FSM_OPT pass (simple optimizations of FSMs).
3.9.4. Executing OPT_CLEAN pass (remove unused cells and wires).
3.9.5. Executing FSM_OPT pass (simple optimizations of FSMs).
3.9.6. Executing FSM_RECODE pass (re-assigning FSM state encoding).
3.9.7. Executing FSM_INFO pass (dumping all available information on FSM cells).
3.9.8. Executing FSM_MAP pass (mapping FSMs to basic logic).
3.10. Executing OPT pass (performing simple optimizations).
3.10.1. Executing OPT_EXPR pass (perform const folding).
3.10.2. Executing OPT_MERGE pass (detect identical cells).
3.10.3. Executing OPT_MUXTREE pass (detect dead branches in mux trees).
3.10.4. Executing OPT_REDUCE pass (consolidate $*mux and $reduce_* inputs).
3.10.5. Executing OPT_MERGE pass (detect identical cells).
3.10.6. Executing OPT_DFF pass (perform DFF optimizations).
3.10.7. Executing OPT_CLEAN pass (remove unused cells and wires).
3.10.8. Executing OPT_EXPR pass (perform const folding).
3.10.9. Rerunning OPT passes. (Maybe there is more to do..)
3.10.10. Executing OPT_MUXTREE pass (detect dead branches in mux trees).
3.10.11. Executing OPT_REDUCE pass (consolidate $*mux and $reduce_* inputs).
3.10.12. Executing OPT_MERGE pass (detect identical cells).
3.10.13. Executing OPT_DFF pass (perform DFF optimizations).
3.10.14. Executing OPT_CLEAN pass (remove unused cells and wires).
3.10.15. Executing OPT_EXPR pass (perform const folding).
3.10.16. Rerunning OPT passes. (Maybe there is more to do..)
3.10.17. Executing OPT_MUXTREE pass (detect dead branches in mux trees).
3.10.18. Executing OPT_REDUCE pass (consolidate $*mux and $reduce_* inputs).
3.10.19. Executing OPT_MERGE pass (detect identical cells).
3.10.20. Executing OPT_DFF pass (perform DFF optimizations).
3.10.21. Executing OPT_CLEAN pass (remove unused cells and wires).
3.10.22. Executing OPT_EXPR pass (perform const folding).
3.10.23. Finished fast OPT passes. (There is nothing left to do.)
3.11. Executing WREDUCE pass (reducing word size of cells).
3.12. Executing PEEPOPT pass (run peephole optimizers).
3.13. Executing OPT_CLEAN pass (remove unused cells and wires).
3.14. Executing ALUMACC pass (create $alu and $macc cells).
3.15. Executing SHARE pass (SAT-based resource sharing).
3.16. Executing OPT pass (performing simple optimizations).
3.16.1. Executing OPT_EXPR pass (perform const folding).
3.16.2. Executing OPT_MERGE pass (detect identical cells).
3.16.3. Executing OPT_MUXTREE pass (detect dead branches in mux trees).
3.16.4. Executing OPT_REDUCE pass (consolidate $*mux and $reduce_* inputs).
3.16.5. Executing OPT_MERGE pass (detect identical cells).
3.16.6. Executing OPT_DFF pass (perform DFF optimizations).
3.16.7. Executing OPT_CLEAN pass (remove unused cells and wires).
3.16.8. Executing OPT_EXPR pass (perform const folding).
3.16.9. Rerunning OPT passes. (Maybe there is more to do..)
3.16.10. Executing OPT_MUXTREE pass (detect dead branches in mux trees).
3.16.11. Executing OPT_REDUCE pass (consolidate $*mux and $reduce_* inputs).
3.16.12. Executing OPT_MERGE pass (detect identical cells).
3.16.13. Executing OPT_DFF pass (perform DFF optimizations).
3.16.14. Executing OPT_CLEAN pass (remove unused cells and wires).
3.16.15. Executing OPT_EXPR pass (perform const folding).
3.16.16. Finished fast OPT passes. (There is nothing left to do.)
3.17. Executing MEMORY pass.
3.17.1. Executing OPT_MEM pass (optimize memories).
3.17.2. Executing OPT_MEM_PRIORITY pass (removing unnecessary memory write priority relations).
3.17.3. Executing OPT_MEM_FEEDBACK pass (finding memory read-to-write feedback paths).
3.17.4. Executing MEMORY_BMUX2ROM pass (converting muxes to ROMs).
3.17.5. Executing MEMORY_DFF pass (merging $dff cells to $memrd).
3.17.6. Executing OPT_CLEAN pass (remove unused cells and wires).
3.17.7. Executing MEMORY_SHARE pass (consolidating $memrd/$memwr cells).
3.17.8. Executing OPT_MEM_WIDEN pass (optimize memories where all ports are wide).
3.17.9. Executing OPT_CLEAN pass (remove unused cells and wires).
3.17.10. Executing MEMORY_COLLECT pass (generating $mem cells).
3.18. Executing OPT_CLEAN pass (remove unused cells and wires).
4. Executing SYNTH pass.
4.1. Executing OPT pass (performing simple optimizations).
4.1.1. Executing OPT_EXPR pass (perform const folding).
4.1.2. Executing OPT_MERGE pass (detect identical cells).
4.1.3. Executing OPT_DFF pass (perform DFF optimizations).
4.1.4. Executing OPT_CLEAN pass (remove unused cells and wires).
4.1.5. Finished fast OPT passes.
4.2. Executing MEMORY_MAP pass (converting memories to logic and flip-flops).
4.3. Executing OPT pass (performing simple optimizations).
4.3.1. Executing OPT_EXPR pass (perform const folding).
4.3.2. Executing OPT_MERGE pass (detect identical cells).
4.3.3. Executing OPT_MUXTREE pass (detect dead branches in mux trees).
4.3.4. Executing OPT_REDUCE pass (consolidate $*mux and $reduce_* inputs).
4.3.5. Executing OPT_MERGE pass (detect identical cells).
4.3.6. Executing OPT_SHARE pass.
4.3.7. Executing OPT_DFF pass (perform DFF optimizations).
4.3.8. Executing OPT_CLEAN pass (remove unused cells and wires).
4.3.9. Executing OPT_EXPR pass (perform const folding).
4.3.10. Rerunning OPT passes. (Maybe there is more to do..)
4.3.11. Executing OPT_MUXTREE pass (detect dead branches in mux trees).
4.3.12. Executing OPT_REDUCE pass (consolidate $*mux and $reduce_* inputs).
4.3.13. Executing OPT_MERGE pass (detect identical cells).
4.3.14. Executing OPT_SHARE pass.
4.3.15. Executing OPT_DFF pass (perform DFF optimizations).
4.3.16. Executing OPT_CLEAN pass (remove unused cells and wires).
4.3.17. Executing OPT_EXPR pass (perform const folding).
4.3.18. Rerunning OPT passes. (Maybe there is more to do..)
4.3.19. Executing OPT_MUXTREE pass (detect dead branches in mux trees).
4.3.20. Executing OPT_REDUCE pass (consolidate $*mux and $reduce_* inputs).
4.3.21. Executing OPT_MERGE pass (detect identical cells).
4.3.22. Executing OPT_SHARE pass.
4.3.23. Executing OPT_DFF pass (perform DFF optimizations).
4.3.24. Executing OPT_CLEAN pass (remove unused cells and wires).
4.3.25. Executing OPT_EXPR pass (perform const folding).
4.3.26. Finished fast OPT passes. (There is nothing left to do.)
4.4. Executing TECHMAP pass (map to technology primitives).
4.4.1. Executing Verilog-2005 frontend: /OpenROAD-flow-scripts/tools/install/yosys/bin/../share/yosys/techmap.v
4.4.2. Executing Verilog-2005 frontend: /OpenROAD-flow-scripts/flow/platforms/common/lcu_kogge_stone.v
4.4.3. Continuing TECHMAP pass.
4.5. Executing OPT pass (performing simple optimizations).
4.5.1. Executing OPT_EXPR pass (perform const folding).
4.5.2. Executing OPT_MERGE pass (detect identical cells).
4.5.3. Executing OPT_DFF pass (perform DFF optimizations).
4.5.4. Executing OPT_CLEAN pass (remove unused cells and wires).
4.5.5. Finished fast OPT passes.
4.6. Executing HIERARCHY pass (managing design hierarchy).
4.6.1. Analyzing design hierarchy..
4.6.2. Analyzing design hierarchy..
4.7. Printing statistics.
4.8. Executing CHECK pass (checking for obvious problems).
5. Executing OPT pass (performing simple optimizations).
5.1. Executing OPT_EXPR pass (perform const folding).
5.2. Executing OPT_MERGE pass (detect identical cells).
5.3. Executing OPT_MUXTREE pass (detect dead branches in mux trees).
5.4. Executing OPT_REDUCE pass (consolidate $*mux and $reduce_* inputs).
5.5. Executing OPT_MERGE pass (detect identical cells).
5.6. Executing OPT_DFF pass (perform DFF optimizations).
5.7. Executing OPT_CLEAN pass (remove unused cells and wires).
5.8. Executing OPT_EXPR pass (perform const folding).
5.9. Rerunning OPT passes. (Maybe there is more to do..)
5.10. Executing OPT_MUXTREE pass (detect dead branches in mux trees).
5.11. Executing OPT_REDUCE pass (consolidate $*mux and $reduce_* inputs).
5.12. Executing OPT_MERGE pass (detect identical cells).
5.13. Executing OPT_DFF pass (perform DFF optimizations).
5.14. Executing OPT_CLEAN pass (remove unused cells and wires).
5.15. Executing OPT_EXPR pass (perform const folding).
5.16. Finished fast OPT passes. (There is nothing left to do.)
6. Executing EXTRACT_FA pass (find and extract full/half adders).
7. Executing TECHMAP pass (map to technology primitives).
7.1. Executing Verilog-2005 frontend: /OpenROAD-flow-scripts/flow/platforms/sky130hd/cells_adders_hd.v
7.2. Continuing TECHMAP pass.
8. Executing TECHMAP pass (map to technology primitives).
8.1. Executing Verilog-2005 frontend: /OpenROAD-flow-scripts/tools/install/yosys/bin/../share/yosys/techmap.v
8.2. Continuing TECHMAP pass.
9. Executing OPT pass (performing simple optimizations).
9.1. Executing OPT_EXPR pass (perform const folding).
9.2. Executing OPT_MERGE pass (detect identical cells).
9.3. Executing OPT_DFF pass (perform DFF optimizations).
9.4. Executing OPT_CLEAN pass (remove unused cells and wires).
9.5. Finished fast OPT passes.
10. Executing DFFLEGALIZE pass (convert FFs to types supported by the target).
11. Executing TECHMAP pass (map to technology primitives).
11.1. Executing Verilog-2005 frontend: /OpenROAD-flow-scripts/flow/platforms/sky130hd/cells_latch_hd.v
11.2. Continuing TECHMAP pass.
12. Executing DFFLIBMAP pass (mapping DFF cells to sequential cells from liberty file).
12.1. Executing DFFLEGALIZE pass (convert FFs to types supported by the target).
13. Executing OPT pass (performing simple optimizations).
13.1. Executing OPT_EXPR pass (perform const folding).
13.2. Executing OPT_MERGE pass (detect identical cells).
13.3. Executing OPT_MUXTREE pass (detect dead branches in mux trees).
13.4. Executing OPT_REDUCE pass (consolidate $*mux and $reduce_* inputs).
13.5. Executing OPT_MERGE pass (detect identical cells).
13.6. Executing OPT_DFF pass (perform DFF optimizations).
13.7. Executing OPT_CLEAN pass (remove unused cells and wires).
13.8. Executing OPT_EXPR pass (perform const folding).
13.9. Finished fast OPT passes. (There is nothing left to do.)
14. Executing SETUNDEF pass (replace undef values with defined constants).
abc -script /OpenROAD-flow-scripts/flow/scripts/abc_speed.script -liberty /OpenROAD-flow-scripts/flow/platforms/sky130hd/lib/sky130_fd_sc_hd__tt_025C_1v80.lib -dont_use sky130_fd_sc_hd__probe_p_8 -dont_use sky130_fd_sc_hd__probec_p_8 -dont_use sky130_fd_sc_hd__lpflow_bleeder_1 -dont_use sky130_fd_sc_hd__lpflow_clkbufkapwr_1 -dont_use sky130_fd_sc_hd__lpflow_clkbufkapwr_16 -dont_use sky130_fd_sc_hd__lpflow_clkbufkapwr_2 -dont_use sky130_fd_sc_hd__lpflow_clkbufkapwr_4 -dont_use sky130_fd_sc_hd__lpflow_clkbufkapwr_8 -dont_use sky130_fd_sc_hd__lpflow_clkinvkapwr_1 -dont_use sky130_fd_sc_hd__lpflow_clkinvkapwr_16 -dont_use sky130_fd_sc_hd__lpflow_clkinvkapwr_2 -dont_use sky130_fd_sc_hd__lpflow_clkinvkapwr_4 -dont_use sky130_fd_sc_hd__lpflow_clkinvkapwr_8 -dont_use sky130_fd_sc_hd__lpflow_decapkapwr_12 -dont_use sky130_fd_sc_hd__lpflow_decapkapwr_3 -dont_use sky130_fd_sc_hd__lpflow_decapkapwr_4 -dont_use sky130_fd_sc_hd__lpflow_decapkapwr_6 -dont_use sky130_fd_sc_hd__lpflow_decapkapwr_8 -dont_use sky130_fd_sc_hd__lpflow_inputiso0n_1 -dont_use sky130_fd_sc_hd__lpflow_inputiso0p_1 -dont_use sky130_fd_sc_hd__lpflow_inputiso1n_1 -dont_use sky130_fd_sc_hd__lpflow_inputiso1p_1 -dont_use sky130_fd_sc_hd__lpflow_inputisolatch_1 -dont_use sky130_fd_sc_hd__lpflow_isobufsrc_1 -dont_use sky130_fd_sc_hd__lpflow_isobufsrc_16 -dont_use sky130_fd_sc_hd__lpflow_isobufsrc_2 -dont_use sky130_fd_sc_hd__lpflow_isobufsrc_4 -dont_use sky130_fd_sc_hd__lpflow_isobufsrc_8 -dont_use sky130_fd_sc_hd__lpflow_isobufsrckapwr_16 -dont_use sky130_fd_sc_hd__lpflow_lsbuf_lh_hl_isowell_tap_1 -dont_use sky130_fd_sc_hd__lpflow_lsbuf_lh_hl_isowell_tap_2 -dont_use sky130_fd_sc_hd__lpflow_lsbuf_lh_hl_isowell_tap_4 -dont_use sky130_fd_sc_hd__lpflow_lsbuf_lh_isowell_4 -dont_use sky130_fd_sc_hd__lpflow_lsbuf_lh_isowell_tap_1 -dont_use sky130_fd_sc_hd__lpflow_lsbuf_lh_isowell_tap_2 -dont_use sky130_fd_sc_hd__lpflow_lsbuf_lh_isowell_tap_4 -constr ./objects/sky130hd/d_dsp02_fp32_fma_ii1/base/abc.constr -D 13750
15. Executing ABC pass (technology mapping using ABC).
15.1. Extracting gate netlist of module `\fp32_fma_ii1' to `<abc-temp-dir>/input.blif'..
15.1.1. Executed ABC.
15.1.2. Re-integrating ABC results.
Took 8 seconds: abc -script /OpenROAD-flow-scripts/flow/scripts/abc_speed.script -liberty /OpenROAD-flow-scripts/flow/platforms/sky130hd/lib/sky130_fd_sc_hd__tt_025C_1v80.lib -dont_use sky130_fd_sc_hd__probe_p_8 -dont_use sky130_fd_sc_hd__probec_p_8 -dont_use sky130_fd_sc_hd__lpflow_bleeder_1 -dont_use sky130_fd_sc_hd__lpflow_clkbufkapwr_1 -dont_use sky130_fd_sc_hd__lpflow_clkbufkapwr_16 -dont_use sky130_fd_sc_hd__lpflow_clkbufkapwr_2 -dont_use sky130_fd_sc_hd__lpflow_clkbufkapwr_4 -dont_use sky130_fd_sc_hd__lpflow_clkbufkapwr_8 -dont_use sky130_fd_sc_hd__lpflow_clkinvkapwr_1 -dont_use sky130_fd_sc_hd__lpflow_clkinvkapwr_16 -dont_use sky130_fd_sc_hd__lpflow_clkinvkapwr_2 -dont_use sky130_fd_sc_hd__lpflow_clkinvkapwr_4 -dont_use sky130_fd_sc_hd__lpflow_clkinvkapwr_8 -dont_use sky130_fd_sc_hd__lpflow_decapkapwr_12 -dont_use sky130_fd_sc_hd__lpflow_decapkapwr_3 -dont_use sky130_fd_sc_hd__lpflow_decapkapwr_4 -dont_use sky130_fd_sc_hd__lpflow_decapkapwr_6 -dont_use sky130_fd_sc_hd__lpflow_decapkapwr_8 -dont_use sky130_fd_sc_hd__lpflow_inputiso0n_1 -dont_use sky130_fd_sc_hd__lpflow_inputiso0p_1 -dont_use sky130_fd_sc_hd__lpflow_inputiso1n_1 -dont_use sky130_fd_sc_hd__lpflow_inputiso1p_1 -dont_use sky130_fd_sc_hd__lpflow_inputisolatch_1 -dont_use sky130_fd_sc_hd__lpflow_isobufsrc_1 -dont_use sky130_fd_sc_hd__lpflow_isobufsrc_16 -dont_use sky130_fd_sc_hd__lpflow_isobufsrc_2 -dont_use sky130_fd_sc_hd__lpflow_isobufsrc_4 -dont_use sky130_fd_sc_hd__lpflow_isobufsrc_8 -dont_use sky130_fd_sc_hd__lpflow_isobufsrckapwr_16 -dont_use sky130_fd_sc_hd__lpflow_lsbuf_lh_hl_isowell_tap_1 -dont_use sky130_fd_sc_hd__lpflow_lsbuf_lh_hl_isowell_tap_2 -dont_use sky130_fd_sc_hd__lpflow_lsbuf_lh_hl_isowell_tap_4 -dont_use sky130_fd_sc_hd__lpflow_lsbuf_lh_isowell_4 -dont_use sky130_fd_sc_hd__lpflow_lsbuf_lh_isowell_tap_1 -dont_use sky130_fd_sc_hd__lpflow_lsbuf_lh_isowell_tap_2 -dont_use sky130_fd_sc_hd__lpflow_lsbuf_lh_isowell_tap_4 -constr ./objects/sky130hd/d_dsp02_fp32_fma_ii1/base/abc.constr -D 13750
16. Executing SPLITNETS pass (splitting up multi-bit signals).
17. Executing OPT_CLEAN pass (remove unused cells and wires).
18. Executing HILOMAP pass (mapping to constant drivers).
19. Executing INSBUF pass (insert buffer cells for connected wires).
20. Executing CHECK pass (checking for obvious problems).
21. Printing statistics.
22. Executing CHECK pass (checking for obvious problems).
23. Executing Verilog backend.
23.1. Executing BMUXMAP pass.
23.2. Executing DEMUXMAP pass.
End of script. Logfile hash: a4eec34e20, time: 14.88s, user: 6.50s, system: 0.13s, MEM: 132.96 MB peak
Yosys 0.68+post (git sha1 UNKNOWN, Release, GNU /usr/local/bin/wrapped-cc/g++ 11.4.0)
Time spent: 56% 1x abc (8 sec), 31% 1x extract_fa (4 sec), ...
Elapsed time: 0:14.94[h:]min:sec. CPU time: user 14.89 sys 0.17 (100%). Peak memory: 137928KB.
Log                       Ext     Elapsed/s Peak Memory/MB sha1sum result [0:20)
1_2_yosys                 .v             14            134 30d735ccc2cba7f7f0e3
cp /work/domains/dsp/design/d_dsp02_fp32_fma_ii1/orfs/constraint.sdc ./results/sky130hd/d_dsp02_fp32_fma_ii1/base/1_2_yosys.sdc
OpenROAD 26Q3-1080-gab6fd26351 
Features included (+) or not (-): +GPU +GUI +Python
This program is licensed under the BSD-3 license. See the LICENSE file for details.
Components of this program may be licensed under more restrictive licenses which must be honored.
[INFO ORD-0030] Using 10 thread(s).
mkdir -p ./objects/sky130hd/d_dsp02_fp32_fma_ii1/base
/OpenROAD-flow-scripts/flow/scripts/flow.sh 1_synth synth_odb
Running synth_odb.tcl, stage 1_synth
read_liberty /OpenROAD-flow-scripts/flow/platforms/sky130hd/lib/sky130_fd_sc_hd__tt_025C_1v80.lib
[INFO ODB-0227] LEF file: /OpenROAD-flow-scripts/flow/platforms/sky130hd/lef/sky130_fd_sc_hd.tlef, created 13 layers, 25 vias
[INFO ODB-0227] LEF file: /OpenROAD-flow-scripts/flow/platforms/sky130hd/lef/sky130_fd_sc_hd_merged.lef, created 441 library cells
link_design fp32_fma_ii1
read_sdc ./results/sky130hd/d_dsp02_fp32_fma_ii1/base/1_2_yosys.sdc
source /OpenROAD-flow-scripts/flow/platforms/sky130hd/setRC.tcl
eliminate_dead_logic
Removed 0 unused instances and 0 unused nets.
Design area 49613 um^2 100% utilization.
write_db ./results/sky130hd/d_dsp02_fp32_fma_ii1/base/1_synth.odb
write_sdc -no_timestamp ./results/sky130hd/d_dsp02_fp32_fma_ii1/base/1_synth.sdc
Elapsed time: 0:00.72[h:]min:sec. CPU time: user 0.66 sys 0.03 (96%). Peak memory: 160872KB.
Log                       Ext     Elapsed/s Peak Memory/MB sha1sum result [0:20)
1_synth                   .odb            0            157 3167167b6010871a163d
1_synth                   .sdc                             a090647ea7df11de1cdf
/OpenROAD-flow-scripts/flow/scripts/flow.sh 2_1_floorplan floorplan
Running floorplan.tcl, stage 2_1_floorplan
read_liberty /OpenROAD-flow-scripts/flow/platforms/sky130hd/lib/sky130_fd_sc_hd__tt_025C_1v80.lib
read_db ./results/sky130hd/d_dsp02_fp32_fma_ii1/base/1_synth.odb
read_sdc ./results/sky130hd/d_dsp02_fp32_fma_ii1/base/1_synth.sdc
source /OpenROAD-flow-scripts/flow/platforms/sky130hd/setRC.tcl
Master sky130_ef_sc_hd__decap_12 is loaded but not used in the design

==========================================================================
Floorplan check_setup
--------------------------------------------------------------------------
number instances in verilog is 5928
[INFO IFP-0107] Defining die area using utilization: 10.00% and aspect ratio: 1.
[WARNING IFP-0028] Core area lower left (1.000, 1.000) snapped to (1.380, 2.720).
[INFO IFP-0001] Added 258 rows of 1530 site unithd.
[INFO IFP-0100] Die BBox:  (  0.000  0.000 ) ( 706.360 706.360 ) um
[INFO IFP-0101] Core BBox: (  1.380  2.720 ) ( 705.180 704.480 ) um
[INFO IFP-0102] Core area:                       493898.688 um^2
[INFO IFP-0103] Total instances area:             49612.582 um^2
[INFO IFP-0104] Effective utilization:                0.100
[INFO IFP-0105] Number of instances:                   5928
source /OpenROAD-flow-scripts/flow/platforms/sky130hd/make_tracks.tcl
source /OpenROAD-flow-scripts/flow/platforms/sky130hd/fastroute.tcl
Repair tie lo fanout...
Repair tie hi fanout...
repair_timing -setup_margin 0 -hold_margin 0 -repair_tns 100 -match_cell_footprint -setup -skip_last_gasp -sequence unbuffer,sizeup,swap,vt_swap -verbose
[WARNING EST-0027] no estimated parasitics. Using wire load models.
[INFO RSZ-0100] Repair move sequence: UnbufferMove SizeUpMove SwapPinsMove 
[INFO RSZ-0098] No setup violations found
[INFO RSZ-0505] Runtime: 0.05s
Default units for flow
 time 1ns
 capacitance 1pF
 resistance 1kohm
 voltage 1v
 current 1mA
 power 1nW
 distance 1um
   Layer   | Unit Resistance | Unit Capacitance 
           |       (kohm/um) |          (pF/um)
------------------------------------------------
       li1 |        7.18e-02 |         1.50e-04
      met1 |        1.21e-03 |         1.72e-04
      met2 |        1.22e-03 |         1.36e-04
      met3 |        1.66e-04 |         2.15e-04
      met4 |        1.68e-04 |         1.48e-04
      met5 |        1.84e-05 |         1.54e-04
------------------------------------------------

   Layer   | Via Resistance 
           |         (kohm) 
----------------------------
      mcon |       9.25e-03 
       via |       4.50e-03 
      via2 |       3.37e-03 
      via3 |       3.77e-04 
      via4 |       5.80e-06 
----------------------------
Report metrics stage 2, floorplan final...

==========================================================================
floorplan final report_design_area
--------------------------------------------------------------------------
Design area 49613 um^2 10% utilization.
write_db ./results/sky130hd/d_dsp02_fp32_fma_ii1/base/2_1_floorplan.odb
write_sdc -no_timestamp ./results/sky130hd/d_dsp02_fp32_fma_ii1/base/2_1_floorplan.sdc
Elapsed time: 0:01.85[h:]min:sec. CPU time: user 1.84 sys 0.27 (113%). Peak memory: 205912KB.
Log                       Ext     Elapsed/s Peak Memory/MB sha1sum result [0:20)
2_1_floorplan             .odb            1            201 542a0bc6a3fe0a7cf23f
2_1_floorplan             .sdc                             a090647ea7df11de1cdf
/OpenROAD-flow-scripts/flow/scripts/flow.sh 2_2_floorplan_macro macro_place
Running macro_place.tcl, stage 2_2_floorplan_macro
read_liberty /OpenROAD-flow-scripts/flow/platforms/sky130hd/lib/sky130_fd_sc_hd__tt_025C_1v80.lib
read_db ./results/sky130hd/d_dsp02_fp32_fma_ii1/base/2_1_floorplan.odb
read_sdc ./results/sky130hd/d_dsp02_fp32_fma_ii1/base/2_1_floorplan.sdc
source /OpenROAD-flow-scripts/flow/platforms/sky130hd/setRC.tcl
No macros found: Skipping macro_placement
Design area 49613 um^2 10% utilization.
write_db ./results/sky130hd/d_dsp02_fp32_fma_ii1/base/2_2_floorplan_macro.odb
Elapsed time: 0:00.65[h:]min:sec. CPU time: user 0.58 sys 0.05 (96%). Peak memory: 152768KB.
Log                       Ext     Elapsed/s Peak Memory/MB sha1sum result [0:20)
2_2_floorplan_macro       .odb            0            149 542a0bc6a3fe0a7cf23f
/OpenROAD-flow-scripts/flow/scripts/flow.sh 2_3_floorplan_tapcell tapcell
Running tapcell.tcl, stage 2_3_floorplan_tapcell
read_liberty /OpenROAD-flow-scripts/flow/platforms/sky130hd/lib/sky130_fd_sc_hd__tt_025C_1v80.lib
read_db ./results/sky130hd/d_dsp02_fp32_fma_ii1/base/2_2_floorplan_macro.odb
read_sdc ./results/sky130hd/d_dsp02_fp32_fma_ii1/base/2_1_floorplan.sdc
source /OpenROAD-flow-scripts/flow/platforms/sky130hd/setRC.tcl
[INFO TAP-0005] Inserted 6500 tapcells.
Design area 57745 um^2 12% utilization.
write_db ./results/sky130hd/d_dsp02_fp32_fma_ii1/base/2_3_floorplan_tapcell.odb
Elapsed time: 0:00.63[h:]min:sec. CPU time: user 0.57 sys 0.03 (96%). Peak memory: 153116KB.
Log                       Ext     Elapsed/s Peak Memory/MB sha1sum result [0:20)
2_3_floorplan_tapcell     .odb            0            149 2cb5ccc7f529c72f7fab
/OpenROAD-flow-scripts/flow/scripts/flow.sh 2_4_floorplan_pdn pdn
Running pdn.tcl, stage 2_4_floorplan_pdn
read_liberty /OpenROAD-flow-scripts/flow/platforms/sky130hd/lib/sky130_fd_sc_hd__tt_025C_1v80.lib
read_db ./results/sky130hd/d_dsp02_fp32_fma_ii1/base/2_3_floorplan_tapcell.odb
read_sdc ./results/sky130hd/d_dsp02_fp32_fma_ii1/base/2_1_floorplan.sdc
source /OpenROAD-flow-scripts/flow/platforms/sky130hd/setRC.tcl
[WARNING PDN-1051] No instances found for grid (CORE_macro_grid_1).
[WARNING PDN-1051] No instances found for grid (CORE_macro_grid_2).
[INFO PDN-0001] Inserting grid: grid
[INFO PDN-0500] Runtime: 0.16s
Design area 57745 um^2 12% utilization.
write_db ./results/sky130hd/d_dsp02_fp32_fma_ii1/base/2_4_floorplan_pdn.odb
Elapsed time: 0:00.90[h:]min:sec. CPU time: user 0.84 sys 0.04 (96%). Peak memory: 182608KB.
Log                       Ext     Elapsed/s Peak Memory/MB sha1sum result [0:20)
2_4_floorplan_pdn         .odb            0            178 34d57439a7e334963416
cp ./results/sky130hd/d_dsp02_fp32_fma_ii1/base/2_4_floorplan_pdn.odb ./results/sky130hd/d_dsp02_fp32_fma_ii1/base/2_floorplan.odb
cp ./results/sky130hd/d_dsp02_fp32_fma_ii1/base/2_1_floorplan.sdc ./results/sky130hd/d_dsp02_fp32_fma_ii1/base/2_floorplan.sdc
/OpenROAD-flow-scripts/flow/scripts/flow.sh 3_1_place_gp_skip_io global_place_skip_io
Running global_place_skip_io.tcl, stage 3_1_place_gp_skip_io
read_liberty /OpenROAD-flow-scripts/flow/platforms/sky130hd/lib/sky130_fd_sc_hd__tt_025C_1v80.lib
read_db ./results/sky130hd/d_dsp02_fp32_fma_ii1/base/2_floorplan.odb
read_sdc ./results/sky130hd/d_dsp02_fp32_fma_ii1/base/2_floorplan.sdc
source /OpenROAD-flow-scripts/flow/platforms/sky130hd/setRC.tcl
global_placement -skip_io -density 0.5 -pad_left 0 -pad_right 0
[INFO GPL-0001] ---- Initialize GPL Main Data Structures
[INFO GPL-0002] DBU: 1000
[INFO GPL-0003] SiteSize: (  0.460  2.720 ) um
[INFO GPL-0004] CoreBBox: (  1.380  2.720 ) ( 705.180 704.480 ) um
[INFO GPL-0016] Core area:                  493898.688 um^2
[INFO GPL-0036] Movable instances area:      49612.582 um^2
[INFO GPL-0037] Total instances area:        57745.382 um^2
[INFO GPL-0035] Pin density area adjust:      4447.408 um^2
[INFO GPL-0032] ---- Initialize Region: Top-level
[INFO GPL-0006] Number of instances:             12428
[INFO GPL-0007] Movable instances:                5928
[INFO GPL-0008] Fixed instances:                  6500
[INFO GPL-0009] Dummy instances:                     0
[INFO GPL-0010] Number of nets:                   6792
[INFO GPL-0011] Number of pins:                  22284
[INFO GPL-0012] Die BBox:       (  0.000  0.000 ) ( 706.360 706.360 ) um
[INFO GPL-0013] Placement BBox: (  1.380  2.720 ) ( 705.180 704.480 ) um
[INFO GPL-0014] Region name: top-level.
[INFO GPL-0015] Region area:                493898.688 um^2
[INFO GPL-0017] Fixed instances area:         8132.800 um^2
[INFO GPL-0018] Movable instances area:      54059.991 um^2
[INFO GPL-0019] Utilization:                    11.129 %
[INFO GPL-0020] Standard cells area:         54059.991 um^2
[INFO GPL-0021] Large instances area:            0.000 um^2
[INFO GPL-0005] ---- Execute Conjugate Gradient Initial Placement.
[INFO GPL-0051] Source of initial instance position counters:
	Odb location = 0	Core center = 5928	Region center = 0
[INFO GPL-0033] ---- Initialize Nesterov Region: Top-level
[INFO GPL-0023] Placement target density:       0.5000
[INFO GPL-0024] Movable insts average area:      9.119 um^2
[INFO GPL-0025] Ideal bin area:                 18.239 um^2
[INFO GPL-0026] Ideal bin count:                 27079
[INFO GPL-0027] Total bin area:             493898.688 um^2
[INFO GPL-0028] Bin count (X, Y):         128 ,    128
[INFO GPL-0029] Bin size (W * H):       5.498 *  5.482 um
[INFO GPL-0030] Number of bins:                  16384
[INFO GPL-0084] ---- Execute Nesterov Global Placement.
[INFO GPL-0031] HPWL: Half-Perimeter Wirelength
Iteration | Overflow |     HPWL (um) |  HPWL(%) |   Penalty | Group
---------------------------------------------------------------
        0 |   0.9985 |  1.314630e+04 |   +0.00% |  1.02e-15 |      
       10 |   0.9974 |  1.073976e+04 |  -18.31% |  1.66e-15 |      
       20 |   0.9974 |  1.063235e+04 |   -1.00% |  2.70e-15 |      
       30 |   0.9974 |  1.056268e+04 |   -0.66% |  4.40e-15 |      
       40 |   0.9974 |  1.052359e+04 |   -0.37% |  7.17e-15 |      
       50 |   0.9974 |  1.049996e+04 |   -0.22% |  1.17e-14 |      
       60 |   0.9974 |  1.048133e+04 |   -0.18% |  1.90e-14 |      
       70 |   0.9974 |  1.047322e+04 |   -0.08% |  3.10e-14 |      
       80 |   0.9974 |  1.048290e+04 |   +0.09% |  5.05e-14 |      
       90 |   0.9973 |  1.052042e+04 |   +0.36% |  8.22e-14 |      
      100 |   0.9966 |  1.060471e+04 |   +0.80% |  1.34e-13 |      
      110 |   0.9962 |  1.077911e+04 |   +1.64% |  2.18e-13 |      
      120 |   0.9959 |  1.114719e+04 |   +3.41% |  3.55e-13 |      
      130 |   0.9930 |  1.192052e+04 |   +6.94% |  5.79e-13 |      
      140 |   0.9916 |  1.353960e+04 |  +13.58% |  9.43e-13 |      
      150 |   0.9863 |  1.631391e+04 |  +20.49% |  1.54e-12 |      
      160 |   0.9803 |  2.029205e+04 |  +24.38% |  2.50e-12 |      
      170 |   0.9722 |  2.530706e+04 |  +24.71% |  4.07e-12 |      
      180 |   0.9614 |  3.080528e+04 |  +21.73% |  6.62e-12 |      
      190 |   0.9478 |  3.658911e+04 |  +18.78% |  1.08e-11 |      
      200 |   0.9294 |  4.270487e+04 |  +16.71% |  1.76e-11 |      
      210 |   0.9068 |  4.934246e+04 |  +15.54% |  2.86e-11 |      
      220 |   0.8797 |  5.634761e+04 |  +14.20% |  4.65e-11 |      
      230 |   0.8470 |  6.569171e+04 |  +16.58% |  7.57e-11 |      
      240 |   0.8119 |  7.534912e+04 |  +14.70% |  1.23e-10 |      
      250 |   0.7783 |  8.225919e+04 |   +9.17% |  2.00e-10 |      
      260 |   0.7376 |  9.163987e+04 |  +11.40% |  3.26e-10 |      
      270 |   0.6944 |  9.984771e+04 |   +8.96% |  5.31e-10 |      
      280 |   0.6537 |  1.087030e+05 |   +8.87% |  8.64e-10 |      
      290 |   0.6127 |  1.148533e+05 |   +5.66% |  1.41e-09 |      
      300 |   0.5722 |  1.214944e+05 |   +5.78% |  2.29e-09 |      
      310 |   0.5287 |  1.275713e+05 |   +5.00% |  3.72e-09 |      
      320 |   0.4830 |  1.322137e+05 |   +3.64% |  6.06e-09 |      
      330 |   0.4354 |  1.364125e+05 |   +3.18% |  9.87e-09 |      
      340 |   0.3867 |  1.402071e+05 |   +2.78% |  1.61e-08 |      
      350 |   0.3373 |  1.440584e+05 |   +2.75% |  2.59e-08 |      
      360 |   0.3002 |  1.464194e+05 |   +1.64% |  3.82e-08 |      
      370 |   0.2638 |  1.491302e+05 |   +1.85% |  5.62e-08 |      
      380 |   0.2310 |  1.512787e+05 |   +1.44% |  8.28e-08 |      
      390 |   0.2013 |  1.532881e+05 |   +1.33% |  1.22e-07 |      
      400 |   0.1759 |  1.545041e+05 |   +0.79% |  1.80e-07 |      
      410 |   0.1530 |  1.554379e+05 |   +0.60% |  2.65e-07 |      
      420 |   0.1302 |  1.563052e+05 |   +0.56% |  3.90e-07 |      
      430 |   0.1122 |  1.569766e+05 |   +0.43% |  5.74e-07 |      
      438 |   0.0981 |  1.574927e+05 |          |  8.14e-07 |      
---------------------------------------------------------------
[INFO GPL-1001] Global placement finished at iteration 438
[INFO GPL-1002] Placed Cell Area            54059.9906
[INFO GPL-1003] Available Free Area         485765.8880
[INFO GPL-1004] Minimum Feasible Density        0.1200 (cell_area / free_area)
[INFO GPL-1006]   Suggested Target Densities:
[INFO GPL-1007]     - For 90% usage of free space: 0.1237
[INFO GPL-1008]     - For 80% usage of free space: 0.1391
[INFO GPL-1009]     - For 50% usage of free space: 0.2226
[INFO GPL-1014] Final placement area: 54059.99 (+0.00%)
Design area 57745 um^2 12% utilization.
write_db ./results/sky130hd/d_dsp02_fp32_fma_ii1/base/3_1_place_gp_skip_io.odb
Elapsed time: 0:02.96[h:]min:sec. CPU time: user 9.27 sys 0.23 (320%). Peak memory: 173920KB.
Log                       Ext     Elapsed/s Peak Memory/MB sha1sum result [0:20)
3_1_place_gp_skip_io      .odb            2            169 c5c04067f8eabada4426
/OpenROAD-flow-scripts/flow/scripts/flow.sh 3_2_place_iop io_placement
Running io_placement.tcl, stage 3_2_place_iop
read_liberty /OpenROAD-flow-scripts/flow/platforms/sky130hd/lib/sky130_fd_sc_hd__tt_025C_1v80.lib
read_db ./results/sky130hd/d_dsp02_fp32_fma_ii1/base/3_1_place_gp_skip_io.odb
read_sdc ./results/sky130hd/d_dsp02_fp32_fma_ii1/base/2_floorplan.sdc
source /OpenROAD-flow-scripts/flow/platforms/sky130hd/setRC.tcl
place_pins -hor_layers met3 -ver_layers met2
Found 0 macro blocks.
Using 2 tracks default min distance between IO pins.
[INFO PPL-0001] Number of available slots 2564
[INFO PPL-0002] Number of I/O             141
[INFO PPL-0003] Number of I/O w/sink      141
[INFO PPL-0004] Number of I/O w/o sink    0
[INFO PPL-0005] Slots per section         200
[INFO PPL-0008] Successfully assigned pins to sections.
[INFO PPL-0012] I/O nets HPWL: 33225.72 um.
Design area 57745 um^2 12% utilization.
write_db ./results/sky130hd/d_dsp02_fp32_fma_ii1/base/3_2_place_iop.odb
Elapsed time: 0:00.74[h:]min:sec. CPU time: user 0.65 sys 0.05 (94%). Peak memory: 163176KB.
Log                       Ext     Elapsed/s Peak Memory/MB sha1sum result [0:20)
3_2_place_iop             .odb            0            159 3c74be731aecf264b218
/OpenROAD-flow-scripts/flow/scripts/flow.sh 3_3_place_gp global_place
Running global_place.tcl, stage 3_3_place_gp
read_liberty /OpenROAD-flow-scripts/flow/platforms/sky130hd/lib/sky130_fd_sc_hd__tt_025C_1v80.lib
read_db ./results/sky130hd/d_dsp02_fp32_fma_ii1/base/3_2_place_iop.odb
read_sdc ./results/sky130hd/d_dsp02_fp32_fma_ii1/base/2_floorplan.sdc
source /OpenROAD-flow-scripts/flow/platforms/sky130hd/setRC.tcl
[INFO RSZ-0026] Removed 398 buffers.
Perform port buffering...
[INFO RSZ-0027] Inserted 102 sky130_fd_sc_hd__clkdlybuf4s50_1 input buffers.
[INFO RSZ-0028] Inserted 38 sky130_fd_sc_hd__clkdlybuf4s50_1 output buffers.
global_placement -density 0.5 -pad_left 0 -pad_right 0 -routability_driven -timing_driven -force_center_initial_place -min_phi_coef 0.95 -max_phi_coef 1.05
[INFO GPL-0001] ---- Initialize GPL Main Data Structures
[INFO GPL-0002] DBU: 1000
[INFO GPL-0003] SiteSize: (  0.460  2.720 ) um
[INFO GPL-0004] CoreBBox: (  1.380  2.720 ) ( 705.180 704.480 ) um
[INFO GPL-0016] Core area:                  493898.688 um^2
[INFO GPL-0036] Movable instances area:      49431.158 um^2
[INFO GPL-0037] Total instances area:        57563.958 um^2
[INFO GPL-0035] Pin density area adjust:      4623.462 um^2
[INFO GPL-0032] ---- Initialize Region: Top-level
[INFO GPL-0006] Number of instances:             12170
[INFO GPL-0007] Movable instances:                5670
[INFO GPL-0008] Fixed instances:                  6500
[INFO GPL-0009] Dummy instances:                     0
[INFO GPL-0010] Number of nets:                   6534
[INFO GPL-0011] Number of pins:                  21909
[INFO GPL-0012] Die BBox:       (  0.000  0.000 ) ( 706.360 706.360 ) um
[INFO GPL-0013] Placement BBox: (  1.380  2.720 ) ( 705.180 704.480 ) um
[INFO GPL-0014] Region name: top-level.
[INFO GPL-0015] Region area:                493898.688 um^2
[INFO GPL-0017] Fixed instances area:         8132.800 um^2
[INFO GPL-0018] Movable instances area:      54054.620 um^2
[INFO GPL-0019] Utilization:                    11.128 %
[INFO GPL-0020] Standard cells area:         54054.620 um^2
[INFO GPL-0021] Large instances area:            0.000 um^2
[INFO GPL-0005] ---- Execute Conjugate Gradient Initial Placement.
[INFO GPL-0051] Source of initial instance position counters:
	Odb location = 0	Core center = 5670	Region center = 0
[InitialPlace]  Iter: 1 conjugate gradient residual: 0.00111898 HPWL: 213016201
[InitialPlace]  Iter: 2 conjugate gradient residual: 0.00040774 HPWL: 109003583
[InitialPlace]  Iter: 3 conjugate gradient residual: 0.00013436 HPWL: 105751291
[InitialPlace]  Iter: 4 conjugate gradient residual: 0.00041081 HPWL: 104527290
[InitialPlace]  Iter: 5 conjugate gradient residual: 0.00024526 HPWL: 103925630
[InitialPlace]  Iter: 6 conjugate gradient residual: 0.00082511 HPWL: 103158844
[InitialPlace]  Iter: 7 conjugate gradient residual: 0.00029046 HPWL: 102523397
[InitialPlace]  Iter: 8 conjugate gradient residual: 0.00027078 HPWL: 101645827
[InitialPlace]  Iter: 9 conjugate gradient residual: 0.00024829 HPWL: 100938807
[InitialPlace]  Iter: 10 conjugate gradient residual: 0.00018248 HPWL: 100346733
[InitialPlace]  Iter: 11 conjugate gradient residual: 0.00019686 HPWL: 99901738
[InitialPlace]  Iter: 12 conjugate gradient residual: 0.00002885 HPWL: 99575925
[InitialPlace]  Iter: 13 conjugate gradient residual: 0.00008941 HPWL: 99341264
[InitialPlace]  Iter: 14 conjugate gradient residual: 0.00008050 HPWL: 99176177
[InitialPlace]  Iter: 15 conjugate gradient residual: 0.00002406 HPWL: 99095815
[InitialPlace]  Iter: 16 conjugate gradient residual: 0.00000787 HPWL: 98978346
[INFO GPL-0033] ---- Initialize Nesterov Region: Top-level
[INFO GPL-0023] Placement target density:       0.5000
[INFO GPL-0024] Movable insts average area:      9.533 um^2
[INFO GPL-0025] Ideal bin area:                 19.067 um^2
[INFO GPL-0026] Ideal bin count:                 25903
[INFO GPL-0027] Total bin area:             493898.688 um^2
[INFO GPL-0028] Bin count (X, Y):         128 ,    128
[INFO GPL-0029] Bin size (W * H):       5.498 *  5.482 um
[INFO GPL-0030] Number of bins:                  16384
[INFO GPL-0084] ---- Execute Nesterov Global Placement.
[INFO GPL-0031] HPWL: Half-Perimeter Wirelength
Iteration | Overflow |     HPWL (um) |  HPWL(%) |   Penalty | Group
---------------------------------------------------------------
        0 |   0.9657 |  5.555826e+04 |   +0.00% |  6.00e-16 |      
       10 |   0.9375 |  7.439916e+04 |  +33.91% |  9.75e-16 |      
       20 |   0.9100 |  8.040232e+04 |   +8.07% |  1.59e-15 |      
       30 |   0.8872 |  8.487332e+04 |   +5.56% |  2.58e-15 |      
       40 |   0.8748 |  8.993109e+04 |   +5.96% |  4.20e-15 |      
       50 |   0.8626 |  9.371552e+04 |   +4.21% |  6.85e-15 |      
       60 |   0.8529 |  9.690666e+04 |   +3.41% |  1.11e-14 |      
       70 |   0.8426 |  9.973377e+04 |   +2.92% |  1.82e-14 |      
       80 |   0.8318 |  1.017852e+05 |   +2.06% |  2.96e-14 |      
       90 |   0.8229 |  1.031428e+05 |   +1.33% |  4.81e-14 |      
      100 |   0.8136 |  1.035028e+05 |   +0.35% |  7.84e-14 |      
      110 |   0.8045 |  1.031017e+05 |   -0.39% |  1.28e-13 |      
      120 |   0.7983 |  1.022775e+05 |   -0.80% |  2.08e-13 |      
      130 |   0.7937 |  1.014067e+05 |   -0.85% |  3.39e-13 |      
      140 |   0.7905 |  1.007573e+05 |   -0.64% |  5.52e-13 |      
      150 |   0.7883 |  1.004580e+05 |   -0.30% |  8.99e-13 |      
      160 |   0.7871 |  1.005531e+05 |   +0.09% |  1.46e-12 |      
      170 |   0.7843 |  1.010833e+05 |   +0.53% |  2.38e-12 |      
      180 |   0.7822 |  1.019959e+05 |   +0.90% |  3.88e-12 |      
      190 |   0.7782 |  1.032735e+05 |   +1.25% |  6.32e-12 |      
      200 |   0.7735 |  1.048914e+05 |   +1.57% |  1.03e-11 |      
      210 |   0.7679 |  1.070626e+05 |   +2.07% |  1.68e-11 |      
      220 |   0.7603 |  1.097895e+05 |   +2.55% |  2.73e-11 |      
      230 |   0.7505 |  1.123576e+05 |   +2.34% |  4.45e-11 |      
      240 |   0.7366 |  1.134224e+05 |   +0.95% |  7.24e-11 |      
      250 |   0.7168 |  1.124525e+05 |   -0.86% |  1.18e-10 |      
      260 |   0.6926 |  1.155534e+05 |   +2.76% |  1.92e-10 |      
      270 |   0.6661 |  1.215374e+05 |   +5.18% |  3.13e-10 |      
      280 |   0.6378 |  1.182487e+05 |   -2.71% |  5.09e-10 |      
[INFO GPL-0100] Timing-driven iteration 1/2, virtual: false.
[INFO GPL-0101]    Iter: 282, overflow: 0.634, keep resizer changes at: 1, HPWL: 118518204
Iteration |   Area    | Resized | Buffers | Nets repaired | Remaining
---------------------------------------------------------------------
        0 |     +0.0% |       0 |       0 |             0 |      6534
    final |     +1.2% |      25 |      30 |            26 |         0
---------------------------------------------------------------------
[INFO RSZ-0034] Found 26 slew violations.
[INFO RSZ-0036] Found 7 capacitance violations.
[INFO RSZ-0039] Resized 25 instances.
[INFO RSZ-0038] Inserted 30 buffers in 26 nets.
   Iter   |    Area   | Removed | Inserted |   Pins
          |           | Buffers | Buffers  | Remaining
-------------------------------------------------------
        0 |     +0.0% |       0 |        0 |      6431
      640 |     +2.0% |       0 |      150 |      5791
     1280 |     +3.9% |       1 |      299 |      5151
     1920 |     +4.9% |       3 |      378 |      4511
     2560 |     +6.2% |       3 |      482 |      3871
     3200 |     +7.9% |      17 |      647 |      3231
     3840 |     +8.3% |      17 |      677 |      2591
     4480 |     +8.4% |      17 |      679 |      1951
     5120 |     +8.3% |      21 |      688 |      1311
     5760 |     +8.2% |      28 |      697 |       671
     6400 |     +9.0% |      28 |      753 |        31
    final |     +8.9% |      30 |      756 |         0
-------------------------------------------------------
[INFO GPL-0106] Timing-driven: worst slack 2.733409e-10
[INFO GPL-0107] Timing-driven: repair_design delta area: 5831.905 um^2 (+10.79%)
[INFO GPL-0108] Timing-driven: repair_design, gpl delta gcells: 756 (+13.33%)
[INFO GPL-0109] Timing-driven: repair_design, gcells created: 786, deleted: 30
[INFO GPL-0110] Timing-driven: new target density: 0.51200557
Iteration | Overflow |     HPWL (um) |  HPWL(%) |   Penalty | Group
---------------------------------------------------------------
      290 |   0.6239 |  1.320109e+05 |  +11.64% |  8.28e-10 |      
[INFO GPL-0038] Routability snapshot saved at iter = 298
      297 |   0.5982 |  1.355586e+05 |          |           |      
      300 |   0.5862 |  1.372457e+05 |   +3.97% |  1.35e-09 |      
      310 |   0.5421 |  1.416831e+05 |   +3.23% |  2.20e-09 |      
      320 |   0.5028 |  1.471802e+05 |   +3.88% |  3.57e-09 |      
      330 |   0.4617 |  1.489287e+05 |   +1.19% |  5.82e-09 |      
      340 |   0.4214 |  1.511039e+05 |   +1.46% |  9.48e-09 |      
      350 |   0.3802 |  1.547894e+05 |   +2.44% |  1.54e-08 |      
      360 |   0.3393 |  1.577812e+05 |   +1.93% |  2.49e-08 |      
      370 |   0.3030 |  1.593133e+05 |   +0.97% |  3.66e-08 |      
[INFO GPL-0040] Routability iteration: 1
[INFO GPL-0041] Total routing overflow: 11.3515
[INFO GPL-0042] Number of overflowed tiles: 116 (1.11%)
[INFO GPL-0043] Average top 0.5% routing congestion: 1.1648
[INFO GPL-0044] Average top 1.0% routing congestion: 1.1072
[INFO GPL-0045] Average top 2.0% routing congestion: 1.0348
[INFO GPL-0046] Average top 5.0% routing congestion: 0.9245
[INFO GPL-0047] Routability iteration weighted routing congestion: 1.1360
[INFO GPL-0048] Routing congestion (1.1360) lower than previous minimum (1e+30). Updating minimum.
[INFO GPL-0086] Inflated area:                1914.062 um^2 (+3.20%)
[INFO GPL-0052] Placement target density:       0.5120
[INFO GPL-0076] Removing fillers, count: Before: 20239, After: 20034 (-1.01%)
[INFO GPL-0077] Filler area (um^2)     : Before: 188828.317, After: 186915.577 (-1.01%)
[INFO GPL-0078] Removed fillers count: 205, area removed: 1912.633 um^2. Remaining area to be compensated by modifying density: 1.428 um^2
[INFO GPL-0058] White space area:           485765.888 um^2 (+0.00%)
[INFO GPL-0059] Movable instances area:     248714.838 um^2 (+0.00%)
[INFO GPL-0060] Total filler area:          186915.577 um^2 (-1.01%)
[INFO GPL-0061] Total non-inflated area:    248716.164 um^2 (+0.00%)
[INFO GPL-0062] Total inflated area:        250630.226 um^2 (+0.00%)
[INFO GPL-0063] New Target Density:             0.5120
[INFO GPL-0087] Routability end iteration: increase inflation and revert back to snapshot.
Iteration | Overflow |     HPWL (um) |  HPWL(%) |   Penalty | Group
---------------------------------------------------------------
      380 |   0.5683 |  1.416813e+05 |  -11.07% |  1.60e-09 |      
      390 |   0.5337 |  1.465848e+05 |   +3.46% |  2.36e-09 |      
      400 |   0.5061 |  1.496670e+05 |   +2.10% |  3.48e-09 |      
      410 |   0.4764 |  1.503342e+05 |   +0.45% |  5.12e-09 |      
      420 |   0.4420 |  1.514542e+05 |   +0.75% |  7.55e-09 |      
      430 |   0.4093 |  1.549490e+05 |   +2.31% |  1.11e-08 |      
      440 |   0.3763 |  1.580531e+05 |   +2.00% |  1.64e-08 |      
      450 |   0.3410 |  1.603402e+05 |   +1.45% |  2.41e-08 |      
      460 |   0.3074 |  1.617667e+05 |   +0.89% |  3.55e-08 |      
[INFO GPL-0040] Routability iteration: 2
[INFO GPL-0041] Total routing overflow: 5.9166
[INFO GPL-0042] Number of overflowed tiles: 94 (0.90%)
[INFO GPL-0043] Average top 0.5% routing congestion: 1.0963
[INFO GPL-0044] Average top 1.0% routing congestion: 1.0557
[INFO GPL-0045] Average top 2.0% routing congestion: 1.0034
[INFO GPL-0046] Average top 5.0% routing congestion: 0.9070
[INFO GPL-0047] Routability iteration weighted routing congestion: 1.0760
[INFO GPL-0048] Routing congestion (1.0760) lower than previous minimum (1.136). Updating minimum.
[INFO GPL-0086] Inflated area:                 724.820 um^2 (+1.17%)
[INFO GPL-0052] Placement target density:       0.5120
[INFO GPL-0076] Removing fillers, count: Before: 20034, After: 19957 (-0.38%)
[INFO GPL-0077] Filler area (um^2)     : Before: 186915.577, After: 186197.174 (-0.38%)
[INFO GPL-0078] Removed fillers count: 77, area removed: 718.404 um^2. Remaining area to be compensated by modifying density: 6.417 um^2
[INFO GPL-0058] White space area:           485765.888 um^2 (+0.00%)
[INFO GPL-0059] Movable instances area:     248714.838 um^2 (+0.00%)
[INFO GPL-0060] Total filler area:          186197.174 um^2 (-0.38%)
[INFO GPL-0061] Total non-inflated area:    248722.581 um^2 (+0.00%)
[INFO GPL-0062] Total inflated area:        249447.402 um^2 (+0.00%)
[INFO GPL-0063] New Target Density:             0.5120
[INFO GPL-0087] Routability end iteration: increase inflation and revert back to snapshot.
Iteration | Overflow |     HPWL (um) |  HPWL(%) |   Penalty | Group
---------------------------------------------------------------
      470 |   0.5699 |  1.426690e+05 |  -11.81% |  1.60e-09 |      
      480 |   0.5332 |  1.479152e+05 |   +3.68% |  2.36e-09 |      
      490 |   0.5073 |  1.511789e+05 |   +2.21% |  3.48e-09 |      
      500 |   0.4769 |  1.516368e+05 |   +0.30% |  5.12e-09 |      
      510 |   0.4429 |  1.526125e+05 |   +0.64% |  7.54e-09 |      
      520 |   0.4102 |  1.561818e+05 |   +2.34% |  1.11e-08 |      
      530 |   0.3774 |  1.594857e+05 |   +2.12% |  1.64e-08 |      
      540 |   0.3424 |  1.617665e+05 |   +1.43% |  2.41e-08 |      
      550 |   0.3065 |  1.630892e+05 |   +0.82% |  3.55e-08 |      
[INFO GPL-0040] Routability iteration: 3
[INFO GPL-0041] Total routing overflow: 3.5681
[INFO GPL-0042] Number of overflowed tiles: 78 (0.75%)
[INFO GPL-0043] Average top 0.5% routing congestion: 1.0639
[INFO GPL-0044] Average top 1.0% routing congestion: 1.0316
[INFO GPL-0045] Average top 2.0% routing congestion: 0.9859
[INFO GPL-0046] Average top 5.0% routing congestion: 0.9005
[INFO GPL-0047] Routability iteration weighted routing congestion: 1.0477
[INFO GPL-0048] Routing congestion (1.0477) lower than previous minimum (1.076). Updating minimum.
[INFO GPL-0086] Inflated area:                 383.149 um^2 (+0.61%)
[INFO GPL-0052] Placement target density:       0.5120
[INFO GPL-0076] Removing fillers, count: Before: 19957, After: 19916 (-0.21%)
[INFO GPL-0077] Filler area (um^2)     : Before: 186197.174, After: 185814.647 (-0.21%)
[INFO GPL-0078] Removed fillers count: 41, area removed: 382.527 um^2. Remaining area to be compensated by modifying density: 0.622 um^2
[INFO GPL-0058] White space area:           485765.888 um^2 (+0.00%)
[INFO GPL-0059] Movable instances area:     248714.838 um^2 (+0.00%)
[INFO GPL-0060] Total filler area:          185814.647 um^2 (-0.21%)
[INFO GPL-0061] Total non-inflated area:    248723.203 um^2 (+0.00%)
[INFO GPL-0062] Total inflated area:        249106.352 um^2 (+0.00%)
[INFO GPL-0063] New Target Density:             0.5120
[INFO GPL-0087] Routability end iteration: increase inflation and revert back to snapshot.
Iteration | Overflow |     HPWL (um) |  HPWL(%) |   Penalty | Group
---------------------------------------------------------------
      560 |   0.5709 |  1.432445e+05 |  -12.17% |  1.60e-09 |      
      570 |   0.5332 |  1.487269e+05 |   +3.83% |  2.36e-09 |      
      580 |   0.5075 |  1.520738e+05 |   +2.25% |  3.48e-09 |      
      590 |   0.4779 |  1.523886e+05 |   +0.21% |  5.12e-09 |      
      600 |   0.4436 |  1.533715e+05 |   +0.65% |  7.54e-09 |      
      610 |   0.4098 |  1.569045e+05 |   +2.30% |  1.11e-08 |      
      620 |   0.3787 |  1.602158e+05 |   +2.11% |  1.64e-08 |      
      630 |   0.3433 |  1.625573e+05 |   +1.46% |  2.41e-08 |      
      640 |   0.3060 |  1.639447e+05 |   +0.85% |  3.55e-08 |      
[INFO GPL-0040] Routability iteration: 4
[INFO GPL-0041] Total routing overflow: 3.5696
[INFO GPL-0042] Number of overflowed tiles: 78 (0.75%)
[INFO GPL-0043] Average top 0.5% routing congestion: 1.0629
[INFO GPL-0044] Average top 1.0% routing congestion: 1.0306
[INFO GPL-0045] Average top 2.0% routing congestion: 0.9838
[INFO GPL-0046] Average top 5.0% routing congestion: 0.8975
[INFO GPL-0047] Routability iteration weighted routing congestion: 1.0468
[INFO GPL-0049] Routing congestion (1.0468) higher than minimum (1.0477). Consecutive non-improvement count: 1.
[INFO GPL-0086] Inflated area:                 354.050 um^2 (+0.56%)
[INFO GPL-0052] Placement target density:       0.5120
[INFO GPL-0076] Removing fillers, count: Before: 19916, After: 19879 (-0.19%)
[INFO GPL-0077] Filler area (um^2)     : Before: 185814.647, After: 185469.440 (-0.19%)
[INFO GPL-0078] Removed fillers count: 37, area removed: 345.207 um^2. Remaining area to be compensated by modifying density: 8.843 um^2
[INFO GPL-0058] White space area:           485765.888 um^2 (+0.00%)
[INFO GPL-0059] Movable instances area:     248714.838 um^2 (+0.00%)
[INFO GPL-0060] Total filler area:          185469.440 um^2 (-0.19%)
[INFO GPL-0061] Total non-inflated area:    248732.046 um^2 (+0.00%)
[INFO GPL-0062] Total inflated area:        249086.096 um^2 (+0.00%)
[INFO GPL-0063] New Target Density:             0.5120
[INFO GPL-0087] Routability end iteration: increase inflation and revert back to snapshot.
Iteration | Overflow |     HPWL (um) |  HPWL(%) |   Penalty | Group
---------------------------------------------------------------
      650 |   0.5774 |  1.428905e+05 |  -12.84% |  1.54e-09 |      
      660 |   0.5357 |  1.489863e+05 |   +4.27% |  2.27e-09 |      
      670 |   0.5105 |  1.527260e+05 |   +2.51% |  3.34e-09 |      
      680 |   0.4818 |  1.529124e+05 |   +0.12% |  4.93e-09 |      
      690 |   0.4473 |  1.538661e+05 |   +0.62% |  7.26e-09 |      
      700 |   0.4125 |  1.572386e+05 |   +2.19% |  1.07e-08 |      
      710 |   0.3824 |  1.604514e+05 |   +2.04% |  1.57e-08 |      
      720 |   0.3466 |  1.629253e+05 |   +1.54% |  2.32e-08 |      
      730 |   0.3080 |  1.644513e+05 |   +0.94% |  3.41e-08 |      
[INFO GPL-0040] Routability iteration: 5
[INFO GPL-0041] Total routing overflow: 2.9190
[INFO GPL-0042] Number of overflowed tiles: 61 (0.59%)
[INFO GPL-0043] Average top 0.5% routing congestion: 1.0544
[INFO GPL-0044] Average top 1.0% routing congestion: 1.0187
[INFO GPL-0045] Average top 2.0% routing congestion: 0.9768
[INFO GPL-0046] Average top 5.0% routing congestion: 0.8949
[INFO GPL-0047] Routability iteration weighted routing congestion: 1.0365
[INFO GPL-0048] Routing congestion (1.0365) lower than previous minimum (1.048). Updating minimum.
[INFO GPL-0086] Inflated area:                 328.876 um^2 (+0.52%)
[INFO GPL-0052] Placement target density:       0.5120
[INFO GPL-0076] Removing fillers, count: Before: 19879, After: 19844 (-0.18%)
[INFO GPL-0077] Filler area (um^2)     : Before: 185469.440, After: 185142.893 (-0.18%)
[INFO GPL-0078] Removed fillers count: 35, area removed: 326.547 um^2. Remaining area to be compensated by modifying density: 2.329 um^2
[INFO GPL-0058] White space area:           485765.888 um^2 (+0.00%)
[INFO GPL-0059] Movable instances area:     248714.838 um^2 (+0.00%)
[INFO GPL-0060] Total filler area:          185142.893 um^2 (-0.18%)
[INFO GPL-0061] Total non-inflated area:    248734.376 um^2 (+0.00%)
[INFO GPL-0062] Total inflated area:        249063.252 um^2 (+0.00%)
[INFO GPL-0063] New Target Density:             0.5120
[INFO GPL-0087] Routability end iteration: increase inflation and revert back to snapshot.
Iteration | Overflow |     HPWL (um) |  HPWL(%) |   Penalty | Group
---------------------------------------------------------------
      740 |   0.5780 |  1.433330e+05 |  -12.84% |  1.54e-09 |      
      750 |   0.5353 |  1.496173e+05 |   +4.38% |  2.27e-09 |      
      760 |   0.5108 |  1.533783e+05 |   +2.51% |  3.34e-09 |      
      770 |   0.4812 |  1.535324e+05 |   +0.10% |  4.93e-09 |      
      780 |   0.4469 |  1.543452e+05 |   +0.53% |  7.26e-09 |      
      790 |   0.4133 |  1.577721e+05 |   +2.22% |  1.07e-08 |      
      800 |   0.3824 |  1.610541e+05 |   +2.08% |  1.57e-08 |      
      810 |   0.3467 |  1.635215e+05 |   +1.53% |  2.32e-08 |      
      820 |   0.3085 |  1.650119e+05 |   +0.91% |  3.41e-08 |      
[INFO GPL-0040] Routability iteration: 6
[INFO GPL-0041] Total routing overflow: 2.4323
[INFO GPL-0042] Number of overflowed tiles: 56 (0.54%)
[INFO GPL-0043] Average top 0.5% routing congestion: 1.0458
[INFO GPL-0044] Average top 1.0% routing congestion: 1.0128
[INFO GPL-0045] Average top 2.0% routing congestion: 0.9709
[INFO GPL-0046] Average top 5.0% routing congestion: 0.8914
[INFO GPL-0047] Routability iteration weighted routing congestion: 1.0293
[INFO GPL-0048] Routing congestion (1.0293) lower than previous minimum (1.037). Updating minimum.
[INFO GPL-0086] Inflated area:                 238.503 um^2 (+0.38%)
[INFO GPL-0052] Placement target density:       0.5120
[INFO GPL-0076] Removing fillers, count: Before: 19844, After: 19819 (-0.13%)
[INFO GPL-0077] Filler area (um^2)     : Before: 185142.893, After: 184909.645 (-0.13%)
[INFO GPL-0078] Removed fillers count: 25, area removed: 233.248 um^2. Remaining area to be compensated by modifying density: 5.255 um^2
[INFO GPL-0058] White space area:           485765.888 um^2 (+0.00%)
[INFO GPL-0059] Movable instances area:     248714.838 um^2 (+0.00%)
[INFO GPL-0060] Total filler area:          184909.645 um^2 (-0.13%)
[INFO GPL-0061] Total non-inflated area:    248739.631 um^2 (+0.00%)
[INFO GPL-0062] Total inflated area:        248978.134 um^2 (+0.00%)
[INFO GPL-0063] New Target Density:             0.5120
[INFO GPL-0087] Routability end iteration: increase inflation and revert back to snapshot.
Iteration | Overflow |     HPWL (um) |  HPWL(%) |   Penalty | Group
---------------------------------------------------------------
      830 |   0.5787 |  1.436481e+05 |  -12.95% |  1.54e-09 |      
      840 |   0.5354 |  1.500944e+05 |   +4.49% |  2.27e-09 |      
      850 |   0.5112 |  1.538531e+05 |   +2.50% |  3.34e-09 |      
      860 |   0.4815 |  1.540574e+05 |   +0.13% |  4.93e-09 |      
      870 |   0.4474 |  1.548230e+05 |   +0.50% |  7.26e-09 |      
      880 |   0.4141 |  1.582324e+05 |   +2.20% |  1.07e-08 |      
      890 |   0.3820 |  1.615710e+05 |   +2.11% |  1.57e-08 |      
      900 |   0.3479 |  1.640251e+05 |   +1.52% |  2.32e-08 |      
      910 |   0.3086 |  1.655953e+05 |   +0.96% |  3.41e-08 |      
[INFO GPL-0040] Routability iteration: 7
[INFO GPL-0041] Total routing overflow: 2.6129
[INFO GPL-0042] Number of overflowed tiles: 59 (0.57%)
[INFO GPL-0043] Average top 0.5% routing congestion: 1.0488
[INFO GPL-0044] Average top 1.0% routing congestion: 1.0150
[INFO GPL-0045] Average top 2.0% routing congestion: 0.9716
[INFO GPL-0046] Average top 5.0% routing congestion: 0.8913
[INFO GPL-0047] Routability iteration weighted routing congestion: 1.0319
[INFO GPL-0049] Routing congestion (1.0319) higher than minimum (1.0293). Consecutive non-improvement count: 1.
[INFO GPL-0086] Inflated area:                 257.604 um^2 (+0.40%)
[INFO GPL-0052] Placement target density:       0.5120
[INFO GPL-0076] Removing fillers, count: Before: 19819, After: 19792 (-0.14%)
[INFO GPL-0077] Filler area (um^2)     : Before: 184909.645, After: 184657.737 (-0.14%)
[INFO GPL-0078] Removed fillers count: 27, area removed: 251.908 um^2. Remaining area to be compensated by modifying density: 5.696 um^2
[INFO GPL-0058] White space area:           485765.888 um^2 (+0.00%)
[INFO GPL-0059] Movable instances area:     248714.838 um^2 (+0.00%)
[INFO GPL-0060] Total filler area:          184657.737 um^2 (-0.14%)
[INFO GPL-0061] Total non-inflated area:    248745.326 um^2 (+0.00%)
[INFO GPL-0062] Total inflated area:        249002.930 um^2 (+0.00%)
[INFO GPL-0063] New Target Density:             0.5120
[INFO GPL-0087] Routability end iteration: increase inflation and revert back to snapshot.
Iteration | Overflow |     HPWL (um) |  HPWL(%) |   Penalty | Group
---------------------------------------------------------------
      920 |   0.5793 |  1.439869e+05 |  -13.05% |  1.54e-09 |      
      930 |   0.5354 |  1.505768e+05 |   +4.58% |  2.27e-09 |      
      940 |   0.5117 |  1.543867e+05 |   +2.53% |  3.34e-09 |      
      950 |   0.4820 |  1.545190e+05 |   +0.09% |  4.93e-09 |      
      960 |   0.4475 |  1.551847e+05 |   +0.43% |  7.26e-09 |      
      970 |   0.4149 |  1.586879e+05 |   +2.26% |  1.07e-08 |      
      980 |   0.3820 |  1.621079e+05 |   +2.16% |  1.57e-08 |      
      990 |   0.3483 |  1.645071e+05 |   +1.48% |  2.32e-08 |      
     1000 |   0.3086 |  1.660339e+05 |   +0.93% |  3.41e-08 |      
[INFO GPL-0040] Routability iteration: 8
[INFO GPL-0041] Total routing overflow: 2.0578
[INFO GPL-0042] Number of overflowed tiles: 54 (0.52%)
[INFO GPL-0043] Average top 0.5% routing congestion: 1.0388
[INFO GPL-0044] Average top 1.0% routing congestion: 1.0082
[INFO GPL-0045] Average top 2.0% routing congestion: 0.9649
[INFO GPL-0046] Average top 5.0% routing congestion: 0.8878
[INFO GPL-0047] Routability iteration weighted routing congestion: 1.0235
[INFO GPL-0048] Routing congestion (1.0235) lower than previous minimum (1.029). Updating minimum.
[INFO GPL-0086] Inflated area:                 238.633 um^2 (+0.37%)
[INFO GPL-0052] Placement target density:       0.5120
[INFO GPL-0076] Removing fillers, count: Before: 19792, After: 19767 (-0.13%)
[INFO GPL-0077] Filler area (um^2)     : Before: 184657.737, After: 184424.489 (-0.13%)
[INFO GPL-0078] Removed fillers count: 25, area removed: 233.248 um^2. Remaining area to be compensated by modifying density: 5.385 um^2
[INFO GPL-0058] White space area:           485765.888 um^2 (+0.00%)
[INFO GPL-0059] Movable instances area:     248714.838 um^2 (+0.00%)
[INFO GPL-0060] Total filler area:          184424.489 um^2 (-0.13%)
[INFO GPL-0061] Total non-inflated area:    248750.711 um^2 (+0.00%)
[INFO GPL-0062] Total inflated area:        248989.344 um^2 (+0.00%)
[INFO GPL-0063] New Target Density:             0.5120
[INFO GPL-0087] Routability end iteration: increase inflation and revert back to snapshot.
Iteration | Overflow |     HPWL (um) |  HPWL(%) |   Penalty | Group
---------------------------------------------------------------
     1010 |   0.5798 |  1.443146e+05 |  -13.08% |  1.54e-09 |      
     1020 |   0.5355 |  1.510476e+05 |   +4.67% |  2.27e-09 |      
     1030 |   0.5116 |  1.549005e+05 |   +2.55% |  3.34e-09 |      
     1040 |   0.4830 |  1.549774e+05 |   +0.05% |  4.93e-09 |      
     1050 |   0.4480 |  1.556273e+05 |   +0.42% |  7.26e-09 |      
     1060 |   0.4147 |  1.591395e+05 |   +2.26% |  1.07e-08 |      
     1070 |   0.3817 |  1.625436e+05 |   +2.14% |  1.57e-08 |      
     1080 |   0.3483 |  1.649520e+05 |   +1.48% |  2.32e-08 |      
     1090 |   0.3091 |  1.664950e+05 |   +0.94% |  3.41e-08 |      
[INFO GPL-0040] Routability iteration: 9
[INFO GPL-0041] Total routing overflow: 2.3632
[INFO GPL-0042] Number of overflowed tiles: 55 (0.53%)
[INFO GPL-0043] Average top 0.5% routing congestion: 1.0445
[INFO GPL-0044] Average top 1.0% routing congestion: 1.0136
[INFO GPL-0045] Average top 2.0% routing congestion: 0.9709
[INFO GPL-0046] Average top 5.0% routing congestion: 0.8896
[INFO GPL-0047] Routability iteration weighted routing congestion: 1.0291
[INFO GPL-0049] Routing congestion (1.0291) higher than minimum (1.0235). Consecutive non-improvement count: 1.
[INFO GPL-0086] Inflated area:                 280.457 um^2 (+0.44%)
[INFO GPL-0052] Placement target density:       0.5120
[INFO GPL-0076] Removing fillers, count: Before: 19767, After: 19737 (-0.15%)
[INFO GPL-0077] Filler area (um^2)     : Before: 184424.489, After: 184144.592 (-0.15%)
[INFO GPL-0078] Removed fillers count: 30, area removed: 279.898 um^2. Remaining area to be compensated by modifying density: 0.559 um^2
[INFO GPL-0058] White space area:           485765.888 um^2 (+0.00%)
[INFO GPL-0059] Movable instances area:     248714.838 um^2 (+0.00%)
[INFO GPL-0060] Total filler area:          184144.592 um^2 (-0.15%)
[INFO GPL-0061] Total non-inflated area:    248751.271 um^2 (+0.00%)
[INFO GPL-0062] Total inflated area:        249031.727 um^2 (+0.00%)
[INFO GPL-0063] New Target Density:             0.5120
[INFO GPL-0087] Routability end iteration: increase inflation and revert back to snapshot.
Iteration | Overflow |     HPWL (um) |  HPWL(%) |   Penalty | Group
---------------------------------------------------------------
     1100 |   0.5802 |  1.447064e+05 |  -13.09% |  1.54e-09 |      
     1110 |   0.5356 |  1.516020e+05 |   +4.77% |  2.27e-09 |      
     1120 |   0.5120 |  1.555188e+05 |   +2.58% |  3.34e-09 |      
     1130 |   0.4839 |  1.554845e+05 |   -0.02% |  4.93e-09 |      
     1140 |   0.4482 |  1.561626e+05 |   +0.44% |  7.26e-09 |      
     1150 |   0.4148 |  1.596642e+05 |   +2.24% |  1.07e-08 |      
     1160 |   0.3812 |  1.630545e+05 |   +2.12% |  1.57e-08 |      
     1170 |   0.3463 |  1.653529e+05 |   +1.41% |  2.32e-08 |      
     1180 |   0.3078 |  1.669925e+05 |   +0.99% |  3.41e-08 |      
[INFO GPL-0040] Routability iteration: 10
[INFO GPL-0041] Total routing overflow: 2.0616
[INFO GPL-0042] Number of overflowed tiles: 51 (0.49%)
[INFO GPL-0043] Average top 0.5% routing congestion: 1.0389
[INFO GPL-0044] Average top 1.0% routing congestion: 1.0060
[INFO GPL-0045] Average top 2.0% routing congestion: 0.9629
[INFO GPL-0046] Average top 5.0% routing congestion: 0.8869
[INFO GPL-0047] Routability iteration weighted routing congestion: 1.0225
[INFO GPL-0048] Routing congestion (1.0225) lower than previous minimum (1.024). Updating minimum.
[INFO GPL-0086] Inflated area:                 221.843 um^2 (+0.34%)
[INFO GPL-0052] Placement target density:       0.5120
[INFO GPL-0076] Removing fillers, count: Before: 19737, After: 19714 (-0.12%)
[INFO GPL-0077] Filler area (um^2)     : Before: 184144.592, After: 183930.003 (-0.12%)
[INFO GPL-0078] Removed fillers count: 23, area removed: 214.588 um^2. Remaining area to be compensated by modifying density: 7.255 um^2
[INFO GPL-0058] White space area:           485765.888 um^2 (+0.00%)
[INFO GPL-0059] Movable instances area:     248714.838 um^2 (+0.00%)
[INFO GPL-0060] Total filler area:          183930.003 um^2 (-0.12%)
[INFO GPL-0061] Total non-inflated area:    248758.526 um^2 (+0.00%)
[INFO GPL-0062] Total inflated area:        248980.369 um^2 (+0.00%)
[INFO GPL-0063] New Target Density:             0.5120
[INFO GPL-0087] Routability end iteration: increase inflation and revert back to snapshot.
Iteration | Overflow |     HPWL (um) |  HPWL(%) |   Penalty | Group
---------------------------------------------------------------
     1190 |   0.5804 |  1.450066e+05 |  -13.17% |  1.54e-09 |      
     1200 |   0.5354 |  1.520194e+05 |   +4.84% |  2.27e-09 |      
     1210 |   0.5122 |  1.559669e+05 |   +2.60% |  3.34e-09 |      
     1220 |   0.4837 |  1.559046e+05 |   -0.04% |  4.92e-09 |      
     1230 |   0.4481 |  1.565467e+05 |   +0.41% |  7.25e-09 |      
     1240 |   0.4147 |  1.600531e+05 |   +2.24% |  1.07e-08 |      
     1250 |   0.3816 |  1.635402e+05 |   +2.18% |  1.57e-08 |      
     1260 |   0.3465 |  1.658308e+05 |   +1.40% |  2.32e-08 |      
     1270 |   0.3081 |  1.674159e+05 |   +0.96% |  3.41e-08 |      
[INFO GPL-0040] Routability iteration: 11
[INFO GPL-0041] Total routing overflow: 1.8649
[INFO GPL-0042] Number of overflowed tiles: 45 (0.43%)
[INFO GPL-0043] Average top 0.5% routing congestion: 1.0346
[INFO GPL-0044] Average top 1.0% routing congestion: 1.0035
[INFO GPL-0045] Average top 2.0% routing congestion: 0.9629
[INFO GPL-0046] Average top 5.0% routing congestion: 0.8866
[INFO GPL-0047] Routability iteration weighted routing congestion: 1.0191
[INFO GPL-0048] Routing congestion (1.0191) lower than previous minimum (1.022). Updating minimum.
[INFO GPL-0086] Inflated area:                 205.410 um^2 (+0.32%)
[INFO GPL-0052] Placement target density:       0.5120
[INFO GPL-0076] Removing fillers, count: Before: 19714, After: 19692 (-0.11%)
[INFO GPL-0077] Filler area (um^2)     : Before: 183930.003, After: 183724.745 (-0.11%)
[INFO GPL-0078] Removed fillers count: 22, area removed: 205.258 um^2. Remaining area to be compensated by modifying density: 0.152 um^2
[INFO GPL-0058] White space area:           485765.888 um^2 (+0.00%)
[INFO GPL-0059] Movable instances area:     248714.838 um^2 (+0.00%)
[INFO GPL-0060] Total filler area:          183724.745 um^2 (-0.11%)
[INFO GPL-0061] Total non-inflated area:    248758.677 um^2 (+0.00%)
[INFO GPL-0062] Total inflated area:        248964.087 um^2 (+0.00%)
[INFO GPL-0063] New Target Density:             0.5120
[INFO GPL-0087] Routability end iteration: increase inflation and revert back to snapshot.
Iteration | Overflow |     HPWL (um) |  HPWL(%) |   Penalty | Group
---------------------------------------------------------------
     1280 |   0.5800 |  1.452979e+05 |  -13.21% |  1.54e-09 |      
     1290 |   0.5356 |  1.523331e+05 |   +4.84% |  2.27e-09 |      
     1300 |   0.5125 |  1.563937e+05 |   +2.67% |  3.34e-09 |      
     1310 |   0.4827 |  1.562838e+05 |   -0.07% |  4.92e-09 |      
     1320 |   0.4480 |  1.567926e+05 |   +0.33% |  7.25e-09 |      
     1330 |   0.4145 |  1.603031e+05 |   +2.24% |  1.07e-08 |      
     1340 |   0.3813 |  1.638624e+05 |   +2.22% |  1.57e-08 |      
     1350 |   0.3466 |  1.661094e+05 |   +1.37% |  2.32e-08 |      
     1360 |   0.3085 |  1.676936e+05 |   +0.95% |  3.41e-08 |      
[INFO GPL-0040] Routability iteration: 12
[INFO GPL-0041] Total routing overflow: 1.6339
[INFO GPL-0042] Number of overflowed tiles: 44 (0.42%)
[INFO GPL-0043] Average top 0.5% routing congestion: 1.0296
[INFO GPL-0044] Average top 1.0% routing congestion: 0.9991
[INFO GPL-0045] Average top 2.0% routing congestion: 0.9582
[INFO GPL-0046] Average top 5.0% routing congestion: 0.8851
[INFO GPL-0047] Routability iteration weighted routing congestion: 1.0143
[INFO GPL-0048] Routing congestion (1.0143) lower than previous minimum (1.019). Updating minimum.
[INFO GPL-0086] Inflated area:                 169.273 um^2 (+0.26%)
[INFO GPL-0052] Placement target density:       0.5120
[INFO GPL-0076] Removing fillers, count: Before: 19692, After: 19674 (-0.09%)
[INFO GPL-0077] Filler area (um^2)     : Before: 183724.745, After: 183556.807 (-0.09%)
[INFO GPL-0078] Removed fillers count: 18, area removed: 167.939 um^2. Remaining area to be compensated by modifying density: 1.334 um^2
[INFO GPL-0058] White space area:           485765.888 um^2 (+0.00%)
[INFO GPL-0059] Movable instances area:     248714.838 um^2 (+0.00%)
[INFO GPL-0060] Total filler area:          183556.807 um^2 (-0.09%)
[INFO GPL-0061] Total non-inflated area:    248760.011 um^2 (+0.00%)
[INFO GPL-0062] Total inflated area:        248929.284 um^2 (+0.00%)
[INFO GPL-0063] New Target Density:             0.5120
[INFO GPL-0087] Routability end iteration: increase inflation and revert back to snapshot.
Iteration | Overflow |     HPWL (um) |  HPWL(%) |   Penalty | Group
---------------------------------------------------------------
     1370 |   0.5803 |  1.455570e+05 |  -13.20% |  1.54e-09 |      
     1380 |   0.5356 |  1.526890e+05 |   +4.90% |  2.27e-09 |      
     1390 |   0.5131 |  1.567614e+05 |   +2.67% |  3.34e-09 |      
     1400 |   0.4825 |  1.566491e+05 |   -0.07% |  4.92e-09 |      
     1410 |   0.4485 |  1.571445e+05 |   +0.32% |  7.25e-09 |      
     1420 |   0.4145 |  1.606744e+05 |   +2.25% |  1.07e-08 |      
     1430 |   0.3822 |  1.642584e+05 |   +2.23% |  1.57e-08 |      
     1440 |   0.3462 |  1.665589e+05 |   +1.40% |  2.32e-08 |      
     1450 |   0.3095 |  1.681951e+05 |   +0.98% |  3.41e-08 |      
[INFO GPL-0040] Routability iteration: 13
[INFO GPL-0041] Total routing overflow: 1.8823
[INFO GPL-0042] Number of overflowed tiles: 40 (0.38%)
[INFO GPL-0043] Average top 0.5% routing congestion: 1.0347
[INFO GPL-0044] Average top 1.0% routing congestion: 1.0025
[INFO GPL-0045] Average top 2.0% routing congestion: 0.9604
[INFO GPL-0046] Average top 5.0% routing congestion: 0.8858
[INFO GPL-0047] Routability iteration weighted routing congestion: 1.0186
[INFO GPL-0049] Routing congestion (1.0186) higher than minimum (1.0143). Consecutive non-improvement count: 1.
[INFO GPL-0086] Inflated area:                 148.170 um^2 (+0.23%)
[INFO GPL-0052] Placement target density:       0.5120
[INFO GPL-0076] Removing fillers, count: Before: 19674, After: 19659 (-0.08%)
[INFO GPL-0077] Filler area (um^2)     : Before: 183556.807, After: 183416.858 (-0.08%)
[INFO GPL-0078] Removed fillers count: 15, area removed: 139.949 um^2. Remaining area to be compensated by modifying density: 8.221 um^2
[INFO GPL-0058] White space area:           485765.888 um^2 (+0.00%)
[INFO GPL-0059] Movable instances area:     248714.838 um^2 (+0.00%)
[INFO GPL-0060] Total filler area:          183416.858 um^2 (-0.08%)
[INFO GPL-0061] Total non-inflated area:    248768.232 um^2 (+0.00%)
[INFO GPL-0062] Total inflated area:        248916.402 um^2 (+0.00%)
[INFO GPL-0063] New Target Density:             0.5120
[INFO GPL-0087] Routability end iteration: increase inflation and revert back to snapshot.
Iteration | Overflow |     HPWL (um) |  HPWL(%) |   Penalty | Group
---------------------------------------------------------------
     1460 |   0.5804 |  1.457836e+05 |  -13.32% |  1.54e-09 |      
     1470 |   0.5354 |  1.529917e+05 |   +4.94% |  2.27e-09 |      
     1480 |   0.5133 |  1.570788e+05 |   +2.67% |  3.34e-09 |      
     1490 |   0.4825 |  1.569050e+05 |   -0.11% |  4.92e-09 |      
     1500 |   0.4487 |  1.573480e+05 |   +0.28% |  7.25e-09 |      
     1510 |   0.4145 |  1.609252e+05 |   +2.27% |  1.07e-08 |      
     1520 |   0.3824 |  1.645306e+05 |   +2.24% |  1.57e-08 |      
     1530 |   0.3464 |  1.668219e+05 |   +1.39% |  2.32e-08 |      
     1540 |   0.3102 |  1.684507e+05 |   +0.98% |  3.41e-08 |      
[INFO GPL-0040] Routability iteration: 14
[INFO GPL-0041] Total routing overflow: 1.4237
[INFO GPL-0042] Number of overflowed tiles: 37 (0.36%)
[INFO GPL-0043] Average top 0.5% routing congestion: 1.0247
[INFO GPL-0044] Average top 1.0% routing congestion: 0.9967
[INFO GPL-0045] Average top 2.0% routing congestion: 0.9560
[INFO GPL-0046] Average top 5.0% routing congestion: 0.8833
[INFO GPL-0047] Routability iteration weighted routing congestion: 1.0107
[INFO GPL-0048] Routing congestion (1.0107) lower than previous minimum (1.014). Updating minimum.
[INFO GPL-0086] Inflated area:                 115.391 um^2 (+0.18%)
[INFO GPL-0052] Placement target density:       0.5120
[INFO GPL-0076] Removing fillers, count: Before: 19659, After: 19647 (-0.06%)
[INFO GPL-0077] Filler area (um^2)     : Before: 183416.858, After: 183304.899 (-0.06%)
[INFO GPL-0078] Removed fillers count: 12, area removed: 111.959 um^2. Remaining area to be compensated by modifying density: 3.432 um^2
[INFO GPL-0058] White space area:           485765.888 um^2 (+0.00%)
[INFO GPL-0059] Movable instances area:     248714.838 um^2 (+0.00%)
[INFO GPL-0060] Total filler area:          183304.899 um^2 (-0.06%)
[INFO GPL-0061] Total non-inflated area:    248771.664 um^2 (+0.00%)
[INFO GPL-0062] Total inflated area:        248887.055 um^2 (+0.00%)
[INFO GPL-0063] New Target Density:             0.5120
[INFO GPL-0087] Routability end iteration: increase inflation and revert back to snapshot.
Iteration | Overflow |     HPWL (um) |  HPWL(%) |   Penalty | Group
---------------------------------------------------------------
     1550 |   0.5904 |  1.442361e+05 |  -14.37% |  1.48e-09 |      
     1560 |   0.5380 |  1.527661e+05 |   +5.91% |  2.18e-09 |      
     1570 |   0.5150 |  1.570776e+05 |   +2.82% |  3.22e-09 |      
     1580 |   0.4860 |  1.571767e+05 |   +0.06% |  4.74e-09 |      
     1590 |   0.4516 |  1.575466e+05 |   +0.24% |  6.98e-09 |      
     1600 |   0.4169 |  1.608056e+05 |   +2.07% |  1.03e-08 |      
     1610 |   0.3858 |  1.643514e+05 |   +2.20% |  1.51e-08 |      
     1620 |   0.3496 |  1.668634e+05 |   +1.53% |  2.23e-08 |      
     1630 |   0.3120 |  1.685754e+05 |   +1.03% |  3.28e-08 |      
[INFO GPL-0040] Routability iteration: 15
[INFO GPL-0041] Total routing overflow: 1.3660
[INFO GPL-0042] Number of overflowed tiles: 39 (0.37%)
[INFO GPL-0043] Average top 0.5% routing congestion: 1.0243
[INFO GPL-0044] Average top 1.0% routing congestion: 0.9960
[INFO GPL-0045] Average top 2.0% routing congestion: 0.9574
[INFO GPL-0046] Average top 5.0% routing congestion: 0.8839
[INFO GPL-0047] Routability iteration weighted routing congestion: 1.0101
[INFO GPL-0049] Routing congestion (1.0101) higher than minimum (1.0107). Consecutive non-improvement count: 1.
[INFO GPL-0086] Inflated area:                 127.449 um^2 (+0.19%)
[INFO GPL-0052] Placement target density:       0.5120
[INFO GPL-0076] Removing fillers, count: Before: 19647, After: 19634 (-0.07%)
[INFO GPL-0077] Filler area (um^2)     : Before: 183304.899, After: 183183.610 (-0.07%)
[INFO GPL-0078] Removed fillers count: 13, area removed: 121.289 um^2. Remaining area to be compensated by modifying density: 6.160 um^2
[INFO GPL-0058] White space area:           485765.888 um^2 (+0.00%)
[INFO GPL-0059] Movable instances area:     248714.838 um^2 (+0.00%)
[INFO GPL-0060] Total filler area:          183183.610 um^2 (-0.07%)
[INFO GPL-0061] Total non-inflated area:    248777.824 um^2 (+0.00%)
[INFO GPL-0062] Total inflated area:        248905.273 um^2 (+0.00%)
[INFO GPL-0063] New Target Density:             0.5120
[INFO GPL-0087] Routability end iteration: increase inflation and revert back to snapshot.
Iteration | Overflow |     HPWL (um) |  HPWL(%) |   Penalty | Group
---------------------------------------------------------------
     1640 |   0.5906 |  1.443935e+05 |  -14.34% |  1.48e-09 |      
     1650 |   0.5381 |  1.529971e+05 |   +5.96% |  2.18e-09 |      
     1660 |   0.5152 |  1.573396e+05 |   +2.84% |  3.22e-09 |      
     1670 |   0.4859 |  1.574039e+05 |   +0.04% |  4.74e-09 |      
     1680 |   0.4519 |  1.577720e+05 |   +0.23% |  6.98e-09 |      
     1690 |   0.4172 |  1.609914e+05 |   +2.04% |  1.03e-08 |      
     1700 |   0.3856 |  1.646170e+05 |   +2.25% |  1.51e-08 |      
     1710 |   0.3490 |  1.670449e+05 |   +1.47% |  2.23e-08 |      
     1720 |   0.3109 |  1.688512e+05 |   +1.08% |  3.28e-08 |      
[INFO GPL-0040] Routability iteration: 16
[INFO GPL-0041] Total routing overflow: 1.7676
[INFO GPL-0042] Number of overflowed tiles: 42 (0.40%)
[INFO GPL-0043] Average top 0.5% routing congestion: 1.0323
[INFO GPL-0044] Average top 1.0% routing congestion: 1.0008
[INFO GPL-0045] Average top 2.0% routing congestion: 0.9579
[INFO GPL-0046] Average top 5.0% routing congestion: 0.8847
[INFO GPL-0047] Routability iteration weighted routing congestion: 1.0166
[INFO GPL-0049] Routing congestion (1.0166) higher than minimum (1.0107). Consecutive non-improvement count: 2.
[INFO GPL-0086] Inflated area:                 179.563 um^2 (+0.27%)
[INFO GPL-0052] Placement target density:       0.5120
[INFO GPL-0076] Removing fillers, count: Before: 19634, After: 19615 (-0.10%)
[INFO GPL-0077] Filler area (um^2)     : Before: 183183.610, After: 183006.342 (-0.10%)
[INFO GPL-0078] Removed fillers count: 19, area removed: 177.268 um^2. Remaining area to be compensated by modifying density: 2.294 um^2
[INFO GPL-0058] White space area:           485765.888 um^2 (+0.00%)
[INFO GPL-0059] Movable instances area:     248714.838 um^2 (+0.00%)
[INFO GPL-0060] Total filler area:          183006.342 um^2 (-0.10%)
[INFO GPL-0061] Total non-inflated area:    248780.118 um^2 (+0.00%)
[INFO GPL-0062] Total inflated area:        248959.681 um^2 (+0.00%)
[INFO GPL-0063] New Target Density:             0.5120
[INFO GPL-0087] Routability end iteration: increase inflation and revert back to snapshot.
Iteration | Overflow |     HPWL (um) |  HPWL(%) |   Penalty | Group
---------------------------------------------------------------
     1730 |   0.5912 |  1.446199e+05 |  -14.35% |  1.48e-09 |      
     1740 |   0.5381 |  1.533237e+05 |   +6.02% |  2.18e-09 |      
     1750 |   0.5155 |  1.577182e+05 |   +2.87% |  3.22e-09 |      
     1760 |   0.4859 |  1.577241e+05 |   +0.00% |  4.74e-09 |      
     1770 |   0.4517 |  1.580200e+05 |   +0.19% |  6.98e-09 |      
     1780 |   0.4165 |  1.612892e+05 |   +2.07% |  1.03e-08 |      
     1790 |   0.3835 |  1.648602e+05 |   +2.21% |  1.51e-08 |      
     1800 |   0.3485 |  1.672833e+05 |   +1.47% |  2.23e-08 |      
     1810 |   0.3103 |  1.690218e+05 |   +1.04% |  3.28e-08 |      
[INFO GPL-0040] Routability iteration: 17
[INFO GPL-0041] Total routing overflow: 1.8165
[INFO GPL-0042] Number of overflowed tiles: 43 (0.41%)
[INFO GPL-0043] Average top 0.5% routing congestion: 1.0330
[INFO GPL-0044] Average top 1.0% routing congestion: 0.9982
[INFO GPL-0045] Average top 2.0% routing congestion: 0.9550
[INFO GPL-0046] Average top 5.0% routing congestion: 0.8808
[INFO GPL-0047] Routability iteration weighted routing congestion: 1.0156
[INFO GPL-0049] Routing congestion (1.0156) higher than minimum (1.0107). Consecutive non-improvement count: 3.
[INFO GPL-0086] Inflated area:                 175.214 um^2 (+0.27%)
[INFO GPL-0052] Placement target density:       0.5120
[INFO GPL-0076] Removing fillers, count: Before: 19615, After: 19597 (-0.09%)
[INFO GPL-0077] Filler area (um^2)     : Before: 183006.342, After: 182838.403 (-0.09%)
[INFO GPL-0078] Removed fillers count: 18, area removed: 167.939 um^2. Remaining area to be compensated by modifying density: 7.276 um^2
[INFO GPL-0054] No improvement in routing congestion for 3 consecutive iterations (limit is 3).
[INFO GPL-0055] Reverting inflation values and target density from the iteration with minimum observed routing congestion.
[INFO GPL-0056] Minimum observed routing congestion: 1.0107
[INFO GPL-0057] Target density at minimum routing congestion: 0.5120
[INFO GPL-0080] Restoring 62 previously removed fillers.
[INFO GPL-0081] Number of fillers before restoration 19597 and after 19659 . Relative change: +0.32%%
[INFO GPL-0082] Total filler area before restoration 182838.40 and after 183416.86 (um^2). Relative change: +0.32%%
[INFO GPL-0089] Routability finished. Reverting to minimal observed routing congestion, could not reach target.
Iteration | Overflow |     HPWL (um) |  HPWL(%) |   Penalty | Group
---------------------------------------------------------------
     1820 |   0.5869 |  1.440390e+05 |  -14.78% |  1.48e-09 |      
     1830 |   0.5360 |  1.521569e+05 |   +5.64% |  2.18e-09 |      
     1840 |   0.5129 |  1.565275e+05 |   +2.87% |  3.22e-09 |      
     1850 |   0.4838 |  1.566456e+05 |   +0.08% |  4.74e-09 |      
     1860 |   0.4497 |  1.571266e+05 |   +0.31% |  6.98e-09 |      
     1870 |   0.4150 |  1.604102e+05 |   +2.09% |  1.03e-08 |      
     1880 |   0.3843 |  1.639342e+05 |   +2.20% |  1.51e-08 |      
     1890 |   0.3485 |  1.665065e+05 |   +1.57% |  2.23e-08 |      
     1900 |   0.3117 |  1.681848e+05 |   +1.01% |  3.28e-08 |      
     1910 |   0.2749 |  1.699405e+05 |   +1.04% |  4.84e-08 |      
     1920 |   0.2462 |  1.717485e+05 |   +1.06% |  7.12e-08 |      
     1930 |   0.2196 |  1.729563e+05 |   +0.70% |  1.05e-07 |      
     1940 |   0.1932 |  1.742767e+05 |   +0.76% |  1.55e-07 |      
[INFO GPL-0100] Timing-driven iteration 2/2, virtual: false.
[INFO GPL-0101]    Iter: 1941, overflow: 0.193, keep resizer changes at: 1, HPWL: 174276699
Iteration |   Area    | Resized | Buffers | Nets repaired | Remaining
---------------------------------------------------------------------
        0 |     +0.0% |       0 |       0 |             0 |      7290
    final |     +0.0% |       0 |       0 |             0 |         0
---------------------------------------------------------------------
   Iter   |    Area   | Removed | Inserted |   Pins
          |           | Buffers | Buffers  | Remaining
-------------------------------------------------------
        0 |     +0.0% |       0 |        0 |      6431
      640 |     -0.1% |     150 |      139 |      5791
     1280 |     -0.5% |     299 |      260 |      5151
     1920 |     -0.2% |     378 |      361 |      4511
     2560 |     +0.1% |     482 |      485 |      3871
     3200 |     +0.4% |     647 |      664 |      3231
     3840 |     +0.4% |     677 |      700 |      2591
     4480 |     +0.5% |     679 |      706 |      1951
     5120 |     +0.5% |     688 |      717 |      1311
     5760 |     +0.5% |     697 |      728 |       671
     6400 |     +0.8% |     753 |      808 |        31
    final |     +0.8% |     756 |      811 |         0
-------------------------------------------------------
[INFO GPL-0106] Timing-driven: worst slack -9.41075e-12
[INFO GPL-0107] Timing-driven: repair_design delta area: -256.831 um^2 (-0.39%)
[INFO GPL-0108] Timing-driven: repair_design, gpl delta gcells: 55 (+0.86%)
[INFO GPL-0109] Timing-driven: repair_design, gcells created: 811, deleted: 756
[INFO GPL-0110] Timing-driven: new target density: 0.51245636
Iteration | Overflow |     HPWL (um) |  HPWL(%) |   Penalty | Group
---------------------------------------------------------------
     1950 |   0.1745 |  1.746990e+05 |   +0.24% |  2.28e-07 |      
     1960 |   0.1512 |  1.748329e+05 |   +0.08% |  3.35e-07 |      
     1970 |   0.1294 |  1.749519e+05 |   +0.07% |  4.94e-07 |      
     1980 |   0.1125 |  1.749766e+05 |   +0.01% |  7.28e-07 |      
     1989 |   0.0991 |  1.752703e+05 |          |  1.07e-06 |      
---------------------------------------------------------------
[INFO GPL-1001] Global placement finished at iteration 1989
[INFO GPL-1017] Routability mode iteration count: 1589
[INFO GPL-1005] Routability final weighted congestion: 0.9516
[INFO GPL-1002] Placed Cell Area            65094.5436
[INFO GPL-1003] Available Free Area         485765.8880
[INFO GPL-1004] Minimum Feasible Density        0.1200 (cell_area / free_area)
[INFO GPL-1006]   Suggested Target Densities:
[INFO GPL-1007]     - For 90% usage of free space: 0.1489
[INFO GPL-1008]     - For 80% usage of free space: 0.1675
[INFO GPL-1009]     - For 50% usage of free space: 0.2680
[INFO GPL-1011] Original area (um^2): 54054.62
[INFO GPL-1012] Total routability artificial inflation: 5464.85 (+10.11%)
[INFO GPL-1013] Total timing-driven delta area: 5575.07 (+10.31%)
[INFO GPL-1014] Final placement area: 65094.54 (+20.42%)
Took 16 seconds: global_placement -density 0.5 -pad_left 0 -pad_right 0 -routability_driven -timing_driven -force_center_initial_place -min_phi_coef 0.95 -max_phi_coef 1.05
estimate_parasitics -placement
Report metrics stage 3, global place...

==========================================================================
global place report_design_area
--------------------------------------------------------------------------
Design area 63946 um^2 13% utilization.
write_db ./results/sky130hd/d_dsp02_fp32_fma_ii1/base/3_3_place_gp.odb
Elapsed time: 0:16.84[h:]min:sec. CPU time: user 51.39 sys 2.32 (318%). Peak memory: 377460KB.
Log                       Ext     Elapsed/s Peak Memory/MB sha1sum result [0:20)
3_3_place_gp              .odb           16            368 8d883b2ae783a314ae76
/OpenROAD-flow-scripts/flow/scripts/flow.sh 3_4_place_resized resize
Running resize.tcl, stage 3_4_place_resized
read_liberty /OpenROAD-flow-scripts/flow/platforms/sky130hd/lib/sky130_fd_sc_hd__tt_025C_1v80.lib
read_db ./results/sky130hd/d_dsp02_fp32_fma_ii1/base/3_3_place_gp.odb
read_sdc ./results/sky130hd/d_dsp02_fp32_fma_ii1/base/2_floorplan.sdc
source /OpenROAD-flow-scripts/flow/platforms/sky130hd/setRC.tcl
estimate_parasitics -placement
Perform buffer insertion and gate resizing...
repair_design -verbose -match_cell_footprint
Iteration |   Area    | Resized | Buffers | Nets repaired | Remaining
---------------------------------------------------------------------
        0 |     +0.0% |       0 |       0 |             0 |      7345
     1000 |     +0.0% |       0 |       0 |             0 |      6345
     2000 |     +0.0% |       0 |       0 |             0 |      5345
     3000 |     +0.0% |       0 |       0 |             0 |      4345
     4000 |     +0.0% |       0 |       0 |             0 |      3345
     5000 |     +0.0% |       0 |       0 |             0 |      2345
     6000 |     +0.0% |       0 |       0 |             0 |      1345
     7000 |     +0.0% |       0 |       0 |             0 |       345
    final |     +0.0% |       0 |       0 |             0 |         0
---------------------------------------------------------------------
[INFO RSZ-0504] Runtime: 0.44s
Floating nets: 
Report metrics stage 3, resizer...

==========================================================================
resizer report_design_area
--------------------------------------------------------------------------
Design area 63946 um^2 13% utilization.
Instance count before 12981, after 12981
Pin count before 23390, after 23390
write_db ./results/sky130hd/d_dsp02_fp32_fma_ii1/base/3_4_place_resized.odb
Elapsed time: 0:02.37[h:]min:sec. CPU time: user 2.82 sys 0.31 (131%). Peak memory: 215780KB.
Log                       Ext     Elapsed/s Peak Memory/MB sha1sum result [0:20)
3_4_place_resized         .odb            2            210 8d883b2ae783a314ae76
/OpenROAD-flow-scripts/flow/scripts/flow.sh 3_5_place_dp detail_place
Running detail_place.tcl, stage 3_5_place_dp
read_liberty /OpenROAD-flow-scripts/flow/platforms/sky130hd/lib/sky130_fd_sc_hd__tt_025C_1v80.lib
read_db ./results/sky130hd/d_dsp02_fp32_fma_ii1/base/3_4_place_resized.odb
read_sdc ./results/sky130hd/d_dsp02_fp32_fma_ii1/base/2_floorplan.sdc
source /OpenROAD-flow-scripts/flow/platforms/sky130hd/setRC.tcl
detailed_placement
[INFO DPL-0006] Core area: 493898.69 um^2
[INFO DPL-0007] Movable instances area: 55813.53 um^2
[INFO DPL-0008] Fixed instances area within core: 8132.80 um^2
[INFO DPL-0009] Utilization: 12.9%
[INFO DPL-0005] Diamond search max displacement: +/- 500 sites horizontally, +/- 100 rows vertically.
[INFO DPL-1102] Legalizing using negotiation legalizer.
[INFO DPL-1103] Negotiation base search window: +/-20 sites horizontally, +/-5 rows vertically 
	Automatic search window extension enabled.
	Search window extendable up to the max displacement cap of +/-500 sites, +/-100 rows near walls.
[INFO DPL-1104] NegotiationLegalizer DRC penalty: 5.
[INFO DPL-0392] Negotiation cell height distribution (1 unique row-count(s)):
[INFO DPL-0393]   height 1 row(s): 12981 cells
          |      Total |  Illegal |  Illegal
Iteration | Violations |    Cells |    Sites
---------------------------------------------
        0 |         10 |         4 |         6
        1 |          0 |         0 |         0
Negotiation phase 1 converged at iteration 1.
[INFO DPL-0500] Runtime: 0.07s
Placement Analysis
---------------------------------
total displacement      18301.3 u
average displacement        1.4 u
max displacement           18.3 u
original HPWL          175216.2 u
legalized HPWL         187985.5 u
delta HPWL                    7 %

improve_placement -max_displacement "5 1"
Detailed placement improvement.
[INFO DPL-0401] Setting random seed to 1.
[INFO DPL-0402] Setting maximum displacement 5 1 to 13600 2720 units.
[INFO DPL-0320] Collected 6641 fixed cells.
[INFO DPL-0318] Collected 6481 single height cells.
[INFO DPL-0321] Collected 0 wide cells.
[INFO DPL-0322] Image (1380, 2720) - (705180, 704480)
[INFO DPL-0310] Assigned 6481 cells into segments.  Movement in X-direction is 0.000000, movement in Y-direction is 0.000000.
[INFO DPL-0313] Found 0 cells in wrong regions.
[INFO DPL-0315] Found 0 row alignment problems.
[INFO DPL-0314] Found 0 site alignment problems.
[INFO DPL-0311] Found 0 overlaps between adjacent cells.
[INFO DPL-0312] Found 0 edge spacing violations and 0 padding violations.
[INFO DPL-0303] Running algorithm for independent set matching.
[INFO DPL-0300] Set matching objective is wirelength.
[INFO DPL-0301] Pass   1 of matching; objective is 1.881283e+08.
[INFO DPL-0302] End of matching; objective is 1.880594e+08, improvement is 0.04 percent.
[INFO DPL-0303] Running algorithm for global swaps.
[INFO DPL-0306] Pass   1 of global swaps; hpwl is 1.844033e+08.
[INFO DPL-0306] Pass   2 of global swaps; hpwl is 1.835215e+08.
[INFO DPL-0307] End of global swaps; objective is 1.835215e+08, improvement is 2.41 percent.
[INFO DPL-0303] Running algorithm for vertical swaps.
[INFO DPL-0308] Pass   1 of vertical swaps; hpwl is 1.826473e+08.
[INFO DPL-0309] End of vertical swaps; objective is 1.826473e+08, improvement is 0.48 percent.
[INFO DPL-0303] Running algorithm for reordering.
[INFO DPL-0304] Pass   1 of reordering; objective is 1.825392e+08.
[INFO DPL-0305] End of reordering; objective is 1.825392e+08, improvement is 0.06 percent.
[INFO DPL-0303] Running algorithm for random improvement.
[INFO DPL-0324] Random improver is using random generator.
[INFO DPL-0325] Random improver is using hpwl objective.
[INFO DPL-0326] Random improver cost string is (a).
[INFO DPL-0332] End of pass, Generator random called 129620 times.
[INFO DPL-0335] Generator random, Cumulative attempts 129620, swaps 13536, moves 46451 since last reset.
[INFO DPL-0333] End of pass, Objective hpwl, Initial cost 1.814540e+08, Scratch cost 1.786493e+08, Incremental cost 1.786493e+08, Mismatch? N
[INFO DPL-0338] End of pass, Total cost is 1.786493e+08.
[INFO DPL-0327] Pass   1 of random improver; improvement in cost is 1.55 percent.
[INFO DPL-0332] End of pass, Generator random called 129620 times.
[INFO DPL-0335] Generator random, Cumulative attempts 259240, swaps 26826, moves 92074 since last reset.
[INFO DPL-0333] End of pass, Objective hpwl, Initial cost 1.786493e+08, Scratch cost 1.775287e+08, Incremental cost 1.775287e+08, Mismatch? N
[INFO DPL-0338] End of pass, Total cost is 1.775287e+08.
[INFO DPL-0327] Pass   2 of random improver; improvement in cost is 0.63 percent.
[INFO DPL-0328] End of random improver; improvement is 2.163238 percent.
[INFO DPL-0380] Cell flipping.
[INFO DPL-0382] Changed 0 cell orientations for row compatibility.
[INFO DPL-0383] Performed 1735 cell flips.
[INFO DPL-0384] End of flipping; objective is 1.759939e+08, improvement is 1.47 percent.
[INFO DPL-0313] Found 0 cells in wrong regions.
[INFO DPL-0315] Found 0 row alignment problems.
[INFO DPL-0314] Found 0 site alignment problems.
[INFO DPL-0311] Found 0 overlaps between adjacent cells.
[INFO DPL-0312] Found 0 edge spacing violations and 0 padding violations.
Detailed Improvement Results
------------------------------------------
Original HPWL           187985.5 u (   83313.1,   104672.4)
Final HPWL              175891.5 u (   78938.0,    96953.5)
Delta HPWL                  -6.4 % (      -5.3,       -7.4)

optimize_mirroring
[INFO DPL-0020] Mirrored 328 instances
[INFO DPL-0021] HPWL before          175891.5 u
[INFO DPL-0022] HPWL after           175806.8 u
[INFO DPL-0023] HPWL delta               -0.0 %
[INFO FLW-0012] Placement violations .
estimate_parasitics -placement
Report metrics stage 3, detailed place...

==========================================================================
detailed place report_design_area
--------------------------------------------------------------------------
Design area 63946 um^2 13% utilization.
write_db ./results/sky130hd/d_dsp02_fp32_fma_ii1/base/3_5_place_dp.odb
write_sdc -no_timestamp ./results/sky130hd/d_dsp02_fp32_fma_ii1/base/3_place.sdc
Elapsed time: 0:03.38[h:]min:sec. CPU time: user 3.87 sys 0.34 (124%). Peak memory: 219448KB.
Log                       Ext     Elapsed/s Peak Memory/MB sha1sum result [0:20)
3_5_place_dp              .odb            3            214 790a880758f548af7437
cp ./results/sky130hd/d_dsp02_fp32_fma_ii1/base/3_5_place_dp.odb ./results/sky130hd/d_dsp02_fp32_fma_ii1/base/3_place.odb
/OpenROAD-flow-scripts/flow/scripts/flow.sh 4_1_cts cts
Running cts.tcl, stage 4_1_cts
read_liberty /OpenROAD-flow-scripts/flow/platforms/sky130hd/lib/sky130_fd_sc_hd__tt_025C_1v80.lib
read_db ./results/sky130hd/d_dsp02_fp32_fma_ii1/base/3_place.odb
read_sdc ./results/sky130hd/d_dsp02_fp32_fma_ii1/base/3_place.sdc
source /OpenROAD-flow-scripts/flow/platforms/sky130hd/setRC.tcl
clock_tree_synthesis -sink_clustering_enable -repair_clock_nets
[INFO CTS-0050] Root buffer is sky130_fd_sc_hd__clkbuf_16.
[INFO CTS-0051] Sink buffer is sky130_fd_sc_hd__clkbuf_16.
[INFO CTS-0052] The following clock buffers will be used for CTS:
                    sky130_fd_sc_hd__clkbuf_16
[INFO CTS-0049] Characterization buffer is sky130_fd_sc_hd__clkbuf_16.
[INFO CTS-0007] Net "clk" found for clock "core_clock".
[INFO CTS-0010]  Clock net "clk" has 263 sinks.
[INFO CTS-0008] TritonCTS found 1 clock nets.
[INFO CTS-0097] Characterization used 1 buffer(s) types.
[INFO CTS-0201] 0 blockages from hard placement blockages and placed macros will be used.
[INFO CTS-0027] Generating H-Tree topology for net clk.
[INFO CTS-0028]  Total number of sinks: 263.
[INFO CTS-0090]  Sinks will be clustered based on buffer max cap.
[INFO CTS-0030]  Number of static layers: 0.
[INFO CTS-0020]  Wire segment unit: 13600  dbu (13 um).
[INFO CTS-0206] Best clustering solution was found from max clustering size of 12 and max clustering diameter of 112.
[INFO CTS-0019]  Total number of sinks after clustering: 32.
[INFO CTS-0024]  Normalized sink region: [(7.32537, 1.16716), (39.4024, 31.3809)].
[INFO CTS-0025]     Width:  32.0770.
[INFO CTS-0026]     Height: 30.2137.
 Level 1
    Direction: Horizontal
    Sinks per sub-region: 16
    Sub-region size: 16.0385 X 30.2137
[INFO CTS-0034]     Segment length (rounded): 8.
 Level 2
    Direction: Vertical
    Sinks per sub-region: 8
    Sub-region size: 16.0385 X 15.1069
[INFO CTS-0034]     Segment length (rounded): 8.
[INFO CTS-0038]  Stop criterion found. Sink region hpwl is smaller than max wirelength (1911.535 um) and max number of sinks is 15.
[INFO CTS-0035]  Number of sinks covered: 32.
[INFO CTS-0018]     Created 37 clock buffers.
[INFO CTS-0012]     Minimum number of buffers in the clock path: 3.
[INFO CTS-0013]     Maximum number of buffers in the clock path: 3.
[INFO CTS-0015]     Created 37 clock nets.
[INFO CTS-0016]     Fanout distribution for the current clock = 2:1, 3:2, 4:2, 5:3, 6:2, 7:1, 8:3, 9:8, 10:7, 11:5, 12:2..
[INFO CTS-0017]     Max level of the clock tree: 2.
[INFO CTS-0098] Clock net "clk"
[INFO CTS-0099]  Sinks 290
[INFO CTS-0100]  Leaf buffers 32
[INFO CTS-0101]  Average sink wire length 570.94 um
[INFO CTS-0102]  Path depth 2 - 3
[INFO CTS-0207]  Dummy loads inserted 27
[INFO CTS-0500] Runtime: 0.80s
estimate_parasitics -placement
detailed_placement
[INFO DPL-0006] Core area: 493898.69 um^2
[INFO DPL-0007] Movable instances area: 56982.15 um^2
[INFO DPL-0008] Fixed instances area within core: 8132.80 um^2
[INFO DPL-0009] Utilization: 13.2%
[INFO DPL-0005] Diamond search max displacement: +/- 500 sites horizontally, +/- 100 rows vertically.
[INFO DPL-1102] Legalizing using negotiation legalizer.
[INFO DPL-1103] Negotiation base search window: +/-20 sites horizontally, +/-5 rows vertically 
	Automatic search window extension enabled.
	Search window extendable up to the max displacement cap of +/-500 sites, +/-100 rows near walls.
[INFO DPL-1104] NegotiationLegalizer DRC penalty: 5.
[INFO DPL-0392] Negotiation cell height distribution (1 unique row-count(s)):
[INFO DPL-0393]   height 1 row(s): 13045 cells
          |      Total |  Illegal |  Illegal
Iteration | Violations |    Cells |    Sites
---------------------------------------------
        0 |          4 |         2 |         2
        1 |          0 |         0 |         0
Negotiation phase 1 converged at iteration 1.
[INFO DPL-0500] Runtime: 0.05s
Placement Analysis
---------------------------------
total displacement       5690.2 u
average displacement        0.4 u
max displacement           16.8 u
original HPWL          178981.9 u
legalized HPWL         181864.4 u
delta HPWL                    2 %

estimate_parasitics -placement
repair_timing -setup_margin 0 -hold_margin 0 -repair_tns 100 -match_cell_footprint -verbose
[INFO RSZ-0100] Repair move sequence: UnbufferMove SizeUpMove SwapPinsMove BufferMove CloneMove SplitLoadMove 
[INFO RSZ-0094] Found 45 endpoints with setup violations.
[INFO RSZ-0099] Repairing 45 out of 45 (100.00%) violating endpoints...
   Iter   | Removed | Resized | Inserted | Cloned |  Pin  |   Area   |    WNS   |   StTNS    |   EnTNS    |  Viol  |  Worst  
          | Buffers |  Gates  | Buffers  |  Gates | Swaps |          |          |            |            | Endpts | St/EnPt 
------------------------------------------------------------------------------------------------------------------------------
       0* |       0 |       0 |        0 |      0 |     0 |    +0.0% |   -0.611 |      -10.9 |       -7.1 |     45 | u_fma.sum_q\[72\]$_DFFE_PN0P_/D
      10* |       0 |       7 |        0 |      1 |     1 |    +0.1% |   -0.396 |       -5.9 |       -2.8 |     45 | u_fma.sum_q\[72\]$_DFFE_PN0P_/D
      20* |       0 |      17 |        0 |      1 |     1 |    +0.1% |   -0.262 |       -2.9 |       -1.4 |     45 | u_fma.sum_q\[72\]$_DFFE_PN0P_/D
      30* |       0 |      24 |        1 |      1 |     3 |    +0.2% |   -0.177 |       -1.4 |       -0.7 |     45 | u_fma.sum_q\[72\]$_DFFE_PN0P_/D
      40* |       0 |      34 |        1 |      1 |     3 |    +0.3% |   -0.074 |       -0.3 |       -0.1 |     45 | u_fma.sum_q\[72\]$_DFFE_PN0P_/D
      44* |       0 |      38 |        1 |      1 |     3 |    +0.3% |    0.002 |        0.0 |        0.0 |     45 | u_fma.sum_q\[72\]$_DFFE_PN0P_/D
      45* |       0 |      38 |        1 |      1 |     3 |    +0.3% |    0.002 |        0.0 |        0.0 |     45 | u_fma.sum_q\[72\]$_DFFE_PN0P_/D
      46* |       0 |      38 |        1 |      1 |     3 |    +0.3% |    0.002 |        0.0 |        0.0 |     45 | u_fma.sum_q\[72\]$_DFFE_PN0P_/D
      47* |       0 |      38 |        1 |      1 |     3 |    +0.3% |    0.002 |        0.0 |        0.0 |     45 | u_fma.sum_q\[72\]$_DFFE_PN0P_/D
      48* |       0 |      38 |        1 |      1 |     3 |    +0.3% |    0.002 |        0.0 |        0.0 |     45 | u_fma.sum_q\[72\]$_DFFE_PN0P_/D
      49* |       0 |      38 |        1 |      1 |     3 |    +0.3% |    0.002 |        0.0 |        0.0 |     45 | u_fma.sum_q\[72\]$_DFFE_PN0P_/D
      50* |       0 |      38 |        1 |      1 |     3 |    +0.3% |    0.002 |        0.0 |        0.0 |     45 | u_fma.sum_q\[72\]$_DFFE_PN0P_/D
      50* |       0 |      38 |        1 |      1 |     3 |    +0.3% |    0.002 |        0.0 |        0.0 |     45 | u_fma.sum_q\[72\]$_DFFE_PN0P_/D
      51* |       0 |      38 |        1 |      1 |     3 |    +0.3% |    0.002 |        0.0 |        0.0 |     45 | u_fma.sum_q\[72\]$_DFFE_PN0P_/D
      52* |       0 |      38 |        1 |      1 |     3 |    +0.3% |    0.002 |        0.0 |        0.0 |     45 | u_fma.sum_q\[72\]$_DFFE_PN0P_/D
      53* |       0 |      38 |        1 |      1 |     3 |    +0.3% |    0.002 |        0.0 |        0.0 |     45 | u_fma.sum_q\[72\]$_DFFE_PN0P_/D
      54* |       0 |      38 |        1 |      1 |     3 |    +0.3% |    0.002 |        0.0 |        0.0 |     45 | u_fma.sum_q\[72\]$_DFFE_PN0P_/D
      55* |       0 |      38 |        1 |      1 |     3 |    +0.3% |    0.002 |        0.0 |        0.0 |     45 | u_fma.sum_q\[72\]$_DFFE_PN0P_/D
      56* |       0 |      38 |        1 |      1 |     3 |    +0.3% |    0.002 |        0.0 |        0.0 |     45 | u_fma.sum_q\[72\]$_DFFE_PN0P_/D
      57* |       0 |      38 |        1 |      1 |     3 |    +0.3% |    0.002 |        0.0 |        0.0 |     45 | u_fma.sum_q\[72\]$_DFFE_PN0P_/D
      58* |       0 |      38 |        1 |      1 |     3 |    +0.3% |    0.002 |        0.0 |        0.0 |     45 | u_fma.sum_q\[72\]$_DFFE_PN0P_/D
      59* |       0 |      38 |        1 |      1 |     3 |    +0.3% |    0.002 |        0.0 |        0.0 |     45 | u_fma.sum_q\[72\]$_DFFE_PN0P_/D
      60* |       0 |      38 |        1 |      1 |     3 |    +0.3% |    0.002 |        0.0 |        0.0 |     45 | u_fma.sum_q\[72\]$_DFFE_PN0P_/D
      60* |       0 |      38 |        1 |      1 |     3 |    +0.3% |    0.002 |        0.0 |        0.0 |     45 | u_fma.sum_q\[72\]$_DFFE_PN0P_/D
      61* |       0 |      38 |        1 |      1 |     3 |    +0.3% |    0.002 |        0.0 |        0.0 |     45 | u_fma.sum_q\[72\]$_DFFE_PN0P_/D
      62* |       0 |      38 |        1 |      1 |     3 |    +0.3% |    0.002 |        0.0 |        0.0 |     45 | u_fma.sum_q\[72\]$_DFFE_PN0P_/D
      63* |       0 |      38 |        1 |      1 |     3 |    +0.3% |    0.002 |        0.0 |        0.0 |     45 | u_fma.sum_q\[72\]$_DFFE_PN0P_/D
      64* |       0 |      38 |        1 |      1 |     3 |    +0.3% |    0.002 |        0.0 |        0.0 |     45 | u_fma.sum_q\[72\]$_DFFE_PN0P_/D
      65* |       0 |      38 |        1 |      1 |     3 |    +0.3% |    0.002 |        0.0 |        0.0 |     45 | u_fma.sum_q\[72\]$_DFFE_PN0P_/D
      66* |       0 |      38 |        1 |      1 |     3 |    +0.3% |    0.002 |        0.0 |        0.0 |     45 | u_fma.sum_q\[72\]$_DFFE_PN0P_/D
      67* |       0 |      38 |        1 |      1 |     3 |    +0.3% |    0.002 |        0.0 |        0.0 |     45 | u_fma.sum_q\[72\]$_DFFE_PN0P_/D
      68* |       0 |      38 |        1 |      1 |     3 |    +0.3% |    0.002 |        0.0 |        0.0 |     45 | u_fma.sum_q\[72\]$_DFFE_PN0P_/D
      69* |       0 |      38 |        1 |      1 |     3 |    +0.3% |    0.002 |        0.0 |        0.0 |     45 | u_fma.sum_q\[72\]$_DFFE_PN0P_/D
      70* |       0 |      38 |        1 |      1 |     3 |    +0.3% |    0.002 |        0.0 |        0.0 |     45 | u_fma.sum_q\[72\]$_DFFE_PN0P_/D
      70* |       0 |      38 |        1 |      1 |     3 |    +0.3% |    0.002 |        0.0 |        0.0 |     45 | u_fma.sum_q\[72\]$_DFFE_PN0P_/D
      71* |       0 |      38 |        1 |      1 |     3 |    +0.3% |    0.002 |        0.0 |        0.0 |     45 | u_fma.sum_q\[72\]$_DFFE_PN0P_/D
      72* |       0 |      38 |        1 |      1 |     3 |    +0.3% |    0.002 |        0.0 |        0.0 |     45 | u_fma.sum_q\[72\]$_DFFE_PN0P_/D
      73* |       0 |      38 |        1 |      1 |     3 |    +0.3% |    0.002 |        0.0 |        0.0 |     45 | u_fma.sum_q\[72\]$_DFFE_PN0P_/D
      74* |       0 |      38 |        1 |      1 |     3 |    +0.3% |    0.002 |        0.0 |        0.0 |     45 | u_fma.sum_q\[72\]$_DFFE_PN0P_/D
      75* |       0 |      38 |        1 |      1 |     3 |    +0.3% |    0.002 |        0.0 |        0.0 |     45 | u_fma.sum_q\[72\]$_DFFE_PN0P_/D
      76* |       0 |      38 |        1 |      1 |     3 |    +0.3% |    0.002 |        0.0 |        0.0 |     45 | u_fma.sum_q\[72\]$_DFFE_PN0P_/D
      77* |       0 |      38 |        1 |      1 |     3 |    +0.3% |    0.002 |        0.0 |        0.0 |     45 | u_fma.sum_q\[72\]$_DFFE_PN0P_/D
      78* |       0 |      38 |        1 |      1 |     3 |    +0.3% |    0.002 |        0.0 |        0.0 |     45 | u_fma.sum_q\[72\]$_DFFE_PN0P_/D
      79* |       0 |      38 |        1 |      1 |     3 |    +0.3% |    0.002 |        0.0 |        0.0 |     45 | u_fma.sum_q\[72\]$_DFFE_PN0P_/D
      80* |       0 |      38 |        1 |      1 |     3 |    +0.3% |    0.002 |        0.0 |        0.0 |     45 | u_fma.sum_q\[72\]$_DFFE_PN0P_/D
      80* |       0 |      38 |        1 |      1 |     3 |    +0.3% |    0.002 |        0.0 |        0.0 |     45 | u_fma.sum_q\[72\]$_DFFE_PN0P_/D
      81* |       0 |      38 |        1 |      1 |     3 |    +0.3% |    0.002 |        0.0 |        0.0 |     45 | u_fma.sum_q\[72\]$_DFFE_PN0P_/D
      82* |       0 |      38 |        1 |      1 |     3 |    +0.3% |    0.002 |        0.0 |        0.0 |     45 | u_fma.sum_q\[72\]$_DFFE_PN0P_/D
      83* |       0 |      38 |        1 |      1 |     3 |    +0.3% |    0.002 |        0.0 |        0.0 |     45 | u_fma.sum_q\[72\]$_DFFE_PN0P_/D
      84* |       0 |      38 |        1 |      1 |     3 |    +0.3% |    0.002 |        0.0 |        0.0 |     45 | u_fma.sum_q\[72\]$_DFFE_PN0P_/D
      85* |       0 |      38 |        1 |      1 |     3 |    +0.3% |    0.002 |        0.0 |        0.0 |     45 | u_fma.sum_q\[72\]$_DFFE_PN0P_/D
      86* |       0 |      38 |        1 |      1 |     3 |    +0.3% |    0.002 |        0.0 |        0.0 |     45 | u_fma.sum_q\[72\]$_DFFE_PN0P_/D
      87* |       0 |      38 |        1 |      1 |     3 |    +0.3% |    0.002 |        0.0 |        0.0 |     45 | u_fma.sum_q\[72\]$_DFFE_PN0P_/D
      88* |       0 |      38 |        1 |      1 |     3 |    +0.3% |    0.002 |        0.0 |        0.0 |     45 | u_fma.sum_q\[72\]$_DFFE_PN0P_/D
      88* |       0 |      38 |        1 |      1 |     3 |    +0.3% |    0.002 |        0.0 |        0.0 |     45 | u_fma.sum_q\[72\]$_DFFE_PN0P_/D
    final |       0 |      38 |        1 |      1 |     3 |    +0.3% |    0.002 |        0.0 |        0.0 |      0 | u_fma.sum_q\[72\]$_DFFE_PN0P_/D
------------------------------------------------------------------------------------------------------------------------------
[INFO RSZ-0040] Inserted 1 buffers.
[INFO RSZ-0051] Resized 38 instances: 38 up, 0 up match, 0 down, 0 VT
[INFO RSZ-0043] Swapped pins on 3 instances.
[INFO RSZ-0049] Cloned 1 instances.
[INFO RSZ-0505] Runtime: 1.41s
[INFO RSZ-0033] No hold violations found.
[INFO RSZ-0506] Runtime: 0.00s
detailed_placement
[INFO DPL-0006] Core area: 493898.69 um^2
[INFO DPL-0007] Movable instances area: 57172.33 um^2
[INFO DPL-0008] Fixed instances area within core: 8132.80 um^2
[INFO DPL-0009] Utilization: 13.2%
[INFO DPL-0005] Diamond search max displacement: +/- 500 sites horizontally, +/- 100 rows vertically.
[INFO DPL-1102] Legalizing using negotiation legalizer.
[INFO DPL-1103] Negotiation base search window: +/-20 sites horizontally, +/-5 rows vertically 
	Automatic search window extension enabled.
	Search window extendable up to the max displacement cap of +/-500 sites, +/-100 rows near walls.
[INFO DPL-1104] NegotiationLegalizer DRC penalty: 5.
[INFO DPL-0392] Negotiation cell height distribution (1 unique row-count(s)):
[INFO DPL-0393]   height 1 row(s): 13047 cells
          |      Total |  Illegal |  Illegal
Iteration | Violations |    Cells |    Sites
---------------------------------------------
        0 |          0 |         0 |         0
Negotiation phase 1 converged at iteration 0.
[INFO DPL-0500] Runtime: 0.04s
Placement Analysis
---------------------------------
total displacement         68.9 u
average displacement        0.0 u
max displacement           10.9 u
original HPWL          182063.3 u
legalized HPWL         182162.1 u
delta HPWL                    0 %

Report metrics stage 4, cts final...

==========================================================================
cts final report_design_area
--------------------------------------------------------------------------
Design area 65305 um^2 13% utilization.
write_db ./results/sky130hd/d_dsp02_fp32_fma_ii1/base/4_1_cts.odb
write_sdc -no_timestamp ./results/sky130hd/d_dsp02_fp32_fma_ii1/base/4_cts.sdc
Elapsed time: 0:04.53[h:]min:sec. CPU time: user 6.56 sys 1.23 (171%). Peak memory: 255396KB.
Log                       Ext     Elapsed/s Peak Memory/MB sha1sum result [0:20)
4_1_cts                   .odb            4            249 9e3bb88b277cf6effc52
cp ./results/sky130hd/d_dsp02_fp32_fma_ii1/base/4_1_cts.odb ./results/sky130hd/d_dsp02_fp32_fma_ii1/base/4_cts.odb
/OpenROAD-flow-scripts/flow/scripts/flow.sh 5_1_grt global_route
Running global_route.tcl, stage 5_1_grt
read_liberty /OpenROAD-flow-scripts/flow/platforms/sky130hd/lib/sky130_fd_sc_hd__tt_025C_1v80.lib
read_db ./results/sky130hd/d_dsp02_fp32_fma_ii1/base/4_cts.odb
read_sdc ./results/sky130hd/d_dsp02_fp32_fma_ii1/base/4_cts.sdc
source /OpenROAD-flow-scripts/flow/platforms/sky130hd/setRC.tcl
pin_access
[INFO DRT-0149] Reading tech and libs.
[WARNING DRT-0349] LEF58_ENCLOSURE with no CUTCLASS is not supported. Skipping for layer mcon
[WARNING DRT-0349] LEF58_ENCLOSURE with no CUTCLASS is not supported. Skipping for layer mcon
[WARNING DRT-0349] LEF58_ENCLOSURE with no CUTCLASS is not supported. Skipping for layer via
[WARNING DRT-0349] LEF58_ENCLOSURE with no CUTCLASS is not supported. Skipping for layer via
[WARNING DRT-0349] LEF58_ENCLOSURE with no CUTCLASS is not supported. Skipping for layer via2
[WARNING DRT-0349] LEF58_ENCLOSURE with no CUTCLASS is not supported. Skipping for layer via2
[WARNING DRT-0349] LEF58_ENCLOSURE with no CUTCLASS is not supported. Skipping for layer via3
[WARNING DRT-0349] LEF58_ENCLOSURE with no CUTCLASS is not supported. Skipping for layer via3
[WARNING DRT-0349] LEF58_ENCLOSURE with no CUTCLASS is not supported. Skipping for layer via4
[WARNING DRT-0349] LEF58_ENCLOSURE with no CUTCLASS is not supported. Skipping for layer via4

Units:                1000
Number of layers:     13
Number of macros:     441
Number of vias:       29
Number of viarulegen: 25

[INFO DRT-0150] Reading design.
[WARNING DRT-0120] Large net net1636 has 112 pins which may impact routing performance. Consider optimization.

Design:                   fp32_fma_ii1
Die area:                 ( 0 0 ) ( 706360 706360 )
Number of track patterns: 12
Number of DEF vias:       0
Number of components:     13047
Number of terminals:      143
Number of snets:          2
Number of nets:           7384

[INFO DRT-0167] List of default vias:
  Layer via
    default via: M1M2_PR
  Layer via2
    default via: M2M3_PR
  Layer via3
    default via: M3M4_PR
  Layer via4
    default via: M4M5_PR
[INFO DRT-0162] Library cell analysis.
[INFO DRT-0163] Instance analysis.
[INFO DRT-0164] Number of unique instances = 241.
[INFO DRT-0168] Init region query.
[INFO DRT-0024]   Complete FR_MASTERSLICE.
[INFO DRT-0024]   Complete Fr_VIA.
[INFO DRT-0024]   Complete li1.
[INFO DRT-0024]   Complete mcon.
[INFO DRT-0024]   Complete met1.
[INFO DRT-0024]   Complete via.
[INFO DRT-0024]   Complete met2.
[INFO DRT-0024]   Complete via2.
[INFO DRT-0024]   Complete met3.
[INFO DRT-0024]   Complete via3.
[INFO DRT-0024]   Complete met4.
[INFO DRT-0024]   Complete via4.
[INFO DRT-0024]   Complete met5.
[INFO DRT-0033] FR_MASTERSLICE shape region query size = 0.
[INFO DRT-0033] FR_VIA shape region query size = 0.
[INFO DRT-0033] li1 shape region query size = 204246.
[INFO DRT-0033] mcon shape region query size = 111299.
[INFO DRT-0033] met1 shape region query size = 46169.
[INFO DRT-0033] via shape region query size = 33025.
[INFO DRT-0033] met2 shape region query size = 19930.
[INFO DRT-0033] via2 shape region query size = 26420.
[INFO DRT-0033] met3 shape region query size = 19841.
[INFO DRT-0033] via3 shape region query size = 26420.
[INFO DRT-0033] met4 shape region query size = 7957.
[INFO DRT-0033] via4 shape region query size = 1301.
[INFO DRT-0033] met5 shape region query size = 1403.
[INFO DRT-0165] Start pin access.
[INFO DRT-0076]   Complete 1000 pins.
[INFO DRT-0076]   Complete 2000 pins.
[INFO DRT-0078]   Complete 2018 pins.
[INFO DRT-0079]   Complete 100 unique inst patterns.
[INFO DRT-0079]   Complete 200 unique inst patterns.
[INFO DRT-0081]   Complete 241 unique inst patterns.
[INFO DRT-0084]   Complete 4680 groups.
#scanned instances     = 13047
#unique  instances     = 241
#stdCellGenAp          = 8425
#stdCellValidPlanarAp  = 83
#stdCellValidViaAp     = 6098
#stdCellPinNoAp        = 6
#stdCellPinCnt         = 23497
#instTermValidViaApCnt = 0
#macroGenAp            = 0
#macroValidPlanarAp    = 0
#macroValidViaAp       = 0
#macroNoAp             = 0
[INFO DRT-0166] Complete pin access.
[INFO DRT-0267] cpu time = 00:03:43, elapsed time = 00:00:27, memory = 214.90 (MB), peak = 213.98 (MB)
Took 28 seconds: pin_access
global_route -congestion_report_file ./reports/sky130hd/d_dsp02_fp32_fma_ii1/base/congestion.rpt -congestion_iterations 30 -congestion_report_iter_step 5 -verbose
[INFO GRT-0020] Min routing layer: met1
[INFO GRT-0021] Max routing layer: met5
[INFO GRT-0022] Global adjustment: 0%
[INFO GRT-0023] Grid origin: (0, 0)
[INFO GRT-0088] Layer li1     Track-Pitch = 0.4600  line-2-Via Pitch: 0.3400
[INFO GRT-0088] Layer met1    Track-Pitch = 0.3400  line-2-Via Pitch: 0.3400
[INFO GRT-0088] Layer met2    Track-Pitch = 0.4600  line-2-Via Pitch: 0.3500
[INFO GRT-0088] Layer met3    Track-Pitch = 0.6800  line-2-Via Pitch: 0.6150
[INFO GRT-0088] Layer met4    Track-Pitch = 0.9200  line-2-Via Pitch: 1.0400
[INFO GRT-0088] Layer met5    Track-Pitch = 3.4000  line-2-Via Pitch: 3.1100
[INFO GRT-0003] Macros: 0
[INFO GRT-0004] Blockages: 6407
[INFO GRT-0019] Found 38 clock nets.
[INFO GRT-0001] Minimum degree: 2
[INFO GRT-0002] Maximum degree: 112

[INFO GRT-0053] Routing resources analysis:
          Routing      Original      Derated      Resource
Layer     Direction    Resources     Resources    Reduction (%)
---------------------------------------------------------------
li1        Vertical            0             0          0.00%
met1       Horizontal     152005        118010          22.36%
met2       Vertical       133623        102616          23.20%
met3       Horizontal      98054         76599          21.88%
met4       Vertical        66054         47369          28.29%
met5       Horizontal      14342         10403          27.46%
---------------------------------------------------------------

[INFO GRT-0101] Running extra iterations to remove congestion.
[INFO GRT-0102] Start extra iteration 1/30
[INFO GRT-0102] Start extra iteration 2/30
[INFO GRT-0102] Start extra iteration 3/30
[INFO GRT-0197] Via related to pin nodes: 38465
[INFO GRT-0198] Via related Steiner nodes: 779
[INFO GRT-0199] Via filling finished.
[INFO GRT-0111] Final number of vias: 48271
[INFO GRT-0112] Final usage 3D: 175369

[INFO GRT-0096] Final congestion report:
Layer         Resource        Demand        Usage (%)    Max H / Max V / Total Congestion
---------------------------------------------------------------------------------------
li1                  0             0            0.00%             0 /  0 /  0
met1            118010         13595           11.52%             0 /  0 /  0
met2            102616         14806           14.43%             0 /  0 /  0
met3             76599           912            1.19%             0 /  0 /  0
met4             47369          1243            2.62%             0 /  0 /  0
met5             10403             0            0.00%             0 /  0 /  0
---------------------------------------------------------------------------------------
Total           354997         30556            8.61%             0 /  0 /  0

[INFO GRT-0018] Total wirelength: 321602 um
[INFO GRT-0014] Routed nets: 7374
[INFO GRT-0303] Global routing runtime = 00:00:01
estimate_parasitics -global_routing
Perform buffer insertion and gate resizing...
repair_design -verbose
Iteration |   Area    | Resized | Buffers | Nets repaired | Remaining
---------------------------------------------------------------------
        0 |     +0.0% |       0 |       0 |             0 |      7411
     1000 |     +0.0% |       0 |       0 |             0 |      6411
     2000 |     +0.0% |       0 |       0 |             0 |      5411
     3000 |     +0.0% |       0 |       0 |             0 |      4411
[WARNING RSZ-0104] Net _06203_ only has one pin. Check if it is intended to be dangling.
[WARNING RSZ-0104] Net _06202_ only has one pin. Check if it is intended to be dangling.
[WARNING RSZ-0104] Net _06251_ only has one pin. Check if it is intended to be dangling.
[WARNING RSZ-0104] Net _06252_ only has one pin. Check if it is intended to be dangling.
[WARNING RSZ-0104] Net _06250_ only has one pin. Check if it is intended to be dangling.
[WARNING RSZ-0104] Net _00635_ only has one pin. Check if it is intended to be dangling.
     4000 |     +0.0% |       0 |       0 |             0 |      3411
[WARNING RSZ-0104] Net _06296_ only has one pin. Check if it is intended to be dangling.
[WARNING RSZ-0104] Net _06295_ only has one pin. Check if it is intended to be dangling.
[WARNING RSZ-0104] Net _06262_ only has one pin. Check if it is intended to be dangling.
[WARNING RSZ-0104] Net _06261_ only has one pin. Check if it is intended to be dangling.
     5000 |     +0.0% |       0 |       0 |             0 |      2411
     6000 |     +0.0% |       0 |       0 |             0 |      1411
     7000 |     +0.0% |       0 |       0 |             0 |       411
    final |     +0.0% |       0 |       0 |             0 |         0
---------------------------------------------------------------------
[INFO RSZ-0504] Runtime: 0.52s
global_route -start_incremental
detailed_placement
[INFO DPL-0006] Core area: 493898.69 um^2
[INFO DPL-0007] Movable instances area: 57172.33 um^2
[INFO DPL-0008] Fixed instances area within core: 8132.80 um^2
[INFO DPL-0009] Utilization: 13.2%
[INFO DPL-0005] Diamond search max displacement: +/- 500 sites horizontally, +/- 100 rows vertically.
[INFO DPL-1102] Legalizing using negotiation legalizer.
[INFO DPL-1103] Negotiation base search window: +/-20 sites horizontally, +/-5 rows vertically 
	Automatic search window extension enabled.
	Search window extendable up to the max displacement cap of +/-500 sites, +/-100 rows near walls.
[INFO DPL-1104] NegotiationLegalizer DRC penalty: 5.
[INFO DPL-0392] Negotiation cell height distribution (1 unique row-count(s)):
[INFO DPL-0393]   height 1 row(s): 13047 cells
[INFO DPL-0500] Runtime: 0.16s
Placement Analysis
---------------------------------
total displacement          0.0 u
average displacement        0.0 u
max displacement            0.0 u
original HPWL          182162.1 u
legalized HPWL         182162.1 u
delta HPWL                    0 %

global_route -end_incremental -congestion_report_file ./reports/sky130hd/d_dsp02_fp32_fma_ii1/base/congestion_post_repair_design.rpt
Repair setup and hold violations...
estimate_parasitics -global_routing
repair_timing -setup_margin 0 -hold_margin 0 -repair_tns 100 -verbose
[INFO RSZ-0100] Repair move sequence: UnbufferMove SizeUpMove SwapPinsMove BufferMove CloneMove SplitLoadMove 
[INFO RSZ-0094] Found 79 endpoints with setup violations.
[INFO RSZ-0099] Repairing 79 out of 79 (100.00%) violating endpoints...
   Iter   | Removed | Resized | Inserted | Cloned |  Pin  |   Area   |    WNS   |   StTNS    |   EnTNS    |  Viol  |  Worst  
          | Buffers |  Gates  | Buffers  |  Gates | Swaps |          |          |            |            | Endpts | St/EnPt 
------------------------------------------------------------------------------------------------------------------------------
       0* |       0 |       0 |        0 |      0 |     0 |    +0.0% |   -0.887 |      -31.1 |      -32.8 |     79 | u_fma.sum_q\[72\]$_DFFE_PN0P_/D
      10* |       0 |       6 |        1 |      0 |     2 |    +0.1% |   -0.694 |      -25.4 |      -21.4 |     79 | u_fma.sum_q\[75\]$_DFFE_PN0P_/D
      20* |       0 |      11 |        3 |      0 |     5 |    +0.1% |   -0.600 |      -22.6 |      -15.8 |     79 | u_fma.sum_q\[72\]$_DFFE_PN0P_/D
      30* |       0 |      20 |        3 |      0 |     6 |    +0.2% |   -0.545 |      -21.1 |      -13.6 |     79 | u_fma.sum_q\[72\]$_DFFE_PN0P_/D
      40* |       0 |      30 |        3 |      0 |     6 |    +0.2% |   -0.470 |      -15.3 |       -9.8 |     79 | u_fma.sum_q\[72\]$_DFFE_PN0P_/D
      50* |       0 |      37 |        4 |      0 |     8 |    +0.3% |   -0.389 |      -12.2 |       -7.0 |     79 | u_fma.status_o\[0\]$_DFFE_PN0P_/D
      60* |       0 |      46 |        4 |      0 |     9 |    +0.4% |   -0.346 |       -9.8 |       -5.1 |     79 | u_fma.status_o\[0\]$_DFFE_PN0P_/D
      70* |       0 |      51 |        5 |      0 |    13 |    +0.4% |   -0.265 |       -5.9 |       -3.3 |     79 | u_fma.status_o\[0\]$_DFFE_PN0P_/D
      80* |       0 |      56 |       10 |      0 |    15 |    +0.5% |   -0.206 |       -3.3 |       -2.0 |     79 | u_fma.sum_q\[72\]$_DFFE_PN0P_/D
      90* |       0 |      61 |       11 |      0 |    19 |    +0.6% |   -0.205 |       -3.2 |       -2.3 |     79 | u_fma.sum_q\[72\]$_DFFE_PN0P_/D
     100* |       0 |      68 |       13 |      0 |    20 |    +0.7% |   -0.044 |       -0.2 |       -0.2 |     79 | u_fma.status_o\[0\]$_DFFE_PN0P_/D
     102* |       0 |      70 |       13 |      0 |    20 |    +0.7% |   -0.029 |       -0.1 |       -0.0 |     79 | u_fma.status_o\[0\]$_DFFE_PN0P_/D
     103* |       0 |      70 |       13 |      0 |    20 |    +0.7% |   -0.029 |       -0.1 |       -0.0 |     79 | u_fma.status_o\[0\]$_DFFE_PN0P_/D
     104* |       0 |      70 |       13 |      0 |    20 |    +0.7% |   -0.029 |       -0.1 |       -0.0 |     79 | u_fma.status_o\[0\]$_DFFE_PN0P_/D
     105* |       0 |      70 |       13 |      0 |    20 |    +0.7% |   -0.029 |       -0.1 |       -0.0 |     79 | u_fma.status_o\[0\]$_DFFE_PN0P_/D
     106* |       0 |      70 |       13 |      0 |    20 |    +0.7% |   -0.029 |       -0.1 |       -0.0 |     79 | u_fma.status_o\[0\]$_DFFE_PN0P_/D
     107* |       0 |      70 |       13 |      0 |    20 |    +0.7% |   -0.029 |       -0.1 |       -0.0 |     79 | u_fma.status_o\[0\]$_DFFE_PN0P_/D
     108* |       0 |      70 |       13 |      0 |    20 |    +0.7% |   -0.029 |       -0.1 |       -0.0 |     79 | u_fma.status_o\[0\]$_DFFE_PN0P_/D
     109* |       0 |      70 |       13 |      0 |    20 |    +0.7% |   -0.029 |       -0.1 |       -0.0 |     79 | u_fma.status_o\[0\]$_DFFE_PN0P_/D
     110* |       0 |      70 |       13 |      0 |    20 |    +0.7% |   -0.029 |       -0.1 |       -0.0 |     79 | u_fma.status_o\[0\]$_DFFE_PN0P_/D
     110* |       0 |      70 |       13 |      0 |    20 |    +0.7% |   -0.029 |       -0.1 |       -0.0 |     79 | u_fma.status_o\[0\]$_DFFE_PN0P_/D
     111* |       0 |      70 |       13 |      0 |    20 |    +0.7% |   -0.029 |       -0.1 |       -0.0 |     79 | u_fma.status_o\[0\]$_DFFE_PN0P_/D
     112* |       0 |      70 |       13 |      0 |    20 |    +0.7% |   -0.029 |       -0.1 |       -0.0 |     79 | u_fma.status_o\[0\]$_DFFE_PN0P_/D
     113* |       0 |      70 |       13 |      0 |    20 |    +0.7% |   -0.029 |       -0.1 |       -0.0 |     79 | u_fma.status_o\[0\]$_DFFE_PN0P_/D
     114* |       0 |      70 |       13 |      0 |    20 |    +0.7% |   -0.029 |       -0.1 |       -0.0 |     79 | u_fma.status_o\[0\]$_DFFE_PN0P_/D
     115* |       0 |      70 |       13 |      0 |    20 |    +0.7% |   -0.029 |       -0.1 |       -0.0 |     79 | u_fma.status_o\[0\]$_DFFE_PN0P_/D
     116* |       0 |      70 |       13 |      0 |    20 |    +0.7% |   -0.029 |       -0.1 |       -0.0 |     79 | u_fma.status_o\[0\]$_DFFE_PN0P_/D
     117* |       0 |      70 |       13 |      0 |    20 |    +0.7% |   -0.029 |       -0.1 |       -0.0 |     79 | u_fma.status_o\[0\]$_DFFE_PN0P_/D
     118* |       0 |      70 |       13 |      0 |    20 |    +0.7% |   -0.029 |       -0.1 |       -0.0 |     79 | u_fma.status_o\[0\]$_DFFE_PN0P_/D
     120* |       0 |      71 |       13 |      0 |    20 |    +0.7% |   -0.021 |       -0.1 |       -0.0 |     79 | u_fma.status_o\[0\]$_DFFE_PN0P_/D
     122* |       0 |      73 |       13 |      0 |    20 |    +0.7% |    0.019 |        0.0 |        0.0 |     79 | u_fma.sum_q\[72\]$_DFFE_PN0P_/D
     123* |       0 |      73 |       13 |      0 |    20 |    +0.7% |    0.019 |        0.0 |        0.0 |     79 | u_fma.sum_q\[72\]$_DFFE_PN0P_/D
     124* |       0 |      73 |       13 |      0 |    20 |    +0.7% |    0.019 |        0.0 |        0.0 |     79 | u_fma.sum_q\[72\]$_DFFE_PN0P_/D
     125* |       0 |      73 |       13 |      0 |    20 |    +0.7% |    0.019 |        0.0 |        0.0 |     79 | u_fma.sum_q\[72\]$_DFFE_PN0P_/D
     126* |       0 |      73 |       13 |      0 |    20 |    +0.7% |    0.019 |        0.0 |        0.0 |     79 | u_fma.sum_q\[72\]$_DFFE_PN0P_/D
     127* |       0 |      73 |       13 |      0 |    20 |    +0.7% |    0.019 |        0.0 |        0.0 |     79 | u_fma.sum_q\[72\]$_DFFE_PN0P_/D
     128* |       0 |      73 |       13 |      0 |    20 |    +0.7% |    0.019 |        0.0 |        0.0 |     79 | u_fma.sum_q\[72\]$_DFFE_PN0P_/D
     129* |       0 |      73 |       13 |      0 |    20 |    +0.7% |    0.019 |        0.0 |        0.0 |     79 | u_fma.sum_q\[72\]$_DFFE_PN0P_/D
     130* |       0 |      73 |       13 |      0 |    20 |    +0.7% |    0.019 |        0.0 |        0.0 |     79 | u_fma.sum_q\[72\]$_DFFE_PN0P_/D
     130* |       0 |      73 |       13 |      0 |    20 |    +0.7% |    0.019 |        0.0 |        0.0 |     79 | u_fma.sum_q\[72\]$_DFFE_PN0P_/D
     131* |       0 |      73 |       13 |      0 |    20 |    +0.7% |    0.019 |        0.0 |        0.0 |     79 | u_fma.sum_q\[72\]$_DFFE_PN0P_/D
     132* |       0 |      73 |       13 |      0 |    20 |    +0.7% |    0.019 |        0.0 |        0.0 |     79 | u_fma.sum_q\[72\]$_DFFE_PN0P_/D
     133* |       0 |      73 |       13 |      0 |    20 |    +0.7% |    0.019 |        0.0 |        0.0 |     79 | u_fma.sum_q\[72\]$_DFFE_PN0P_/D
     134* |       0 |      73 |       13 |      0 |    20 |    +0.7% |    0.019 |        0.0 |        0.0 |     79 | u_fma.sum_q\[72\]$_DFFE_PN0P_/D
     135* |       0 |      73 |       13 |      0 |    20 |    +0.7% |    0.019 |        0.0 |        0.0 |     79 | u_fma.sum_q\[72\]$_DFFE_PN0P_/D
     136* |       0 |      73 |       13 |      0 |    20 |    +0.7% |    0.019 |        0.0 |        0.0 |     79 | u_fma.sum_q\[72\]$_DFFE_PN0P_/D
     137* |       0 |      73 |       13 |      0 |    20 |    +0.7% |    0.019 |        0.0 |        0.0 |     79 | u_fma.sum_q\[72\]$_DFFE_PN0P_/D
     138* |       0 |      73 |       13 |      0 |    20 |    +0.7% |    0.019 |        0.0 |        0.0 |     79 | u_fma.sum_q\[72\]$_DFFE_PN0P_/D
     139* |       0 |      73 |       13 |      0 |    20 |    +0.7% |    0.019 |        0.0 |        0.0 |     79 | u_fma.sum_q\[72\]$_DFFE_PN0P_/D
     140* |       0 |      73 |       13 |      0 |    20 |    +0.7% |    0.019 |        0.0 |        0.0 |     79 | u_fma.sum_q\[72\]$_DFFE_PN0P_/D
     140* |       0 |      73 |       13 |      0 |    20 |    +0.7% |    0.019 |        0.0 |        0.0 |     79 | u_fma.sum_q\[72\]$_DFFE_PN0P_/D
     141* |       0 |      73 |       13 |      0 |    20 |    +0.7% |    0.019 |        0.0 |        0.0 |     79 | u_fma.sum_q\[72\]$_DFFE_PN0P_/D
     142* |       0 |      73 |       13 |      0 |    20 |    +0.7% |    0.019 |        0.0 |        0.0 |     79 | u_fma.sum_q\[72\]$_DFFE_PN0P_/D
     143* |       0 |      73 |       13 |      0 |    20 |    +0.7% |    0.019 |        0.0 |        0.0 |     79 | u_fma.sum_q\[72\]$_DFFE_PN0P_/D
     144* |       0 |      73 |       13 |      0 |    20 |    +0.7% |    0.019 |        0.0 |        0.0 |     79 | u_fma.sum_q\[72\]$_DFFE_PN0P_/D
     145* |       0 |      73 |       13 |      0 |    20 |    +0.7% |    0.019 |        0.0 |        0.0 |     79 | u_fma.sum_q\[72\]$_DFFE_PN0P_/D
     146* |       0 |      73 |       13 |      0 |    20 |    +0.7% |    0.019 |        0.0 |        0.0 |     79 | u_fma.sum_q\[72\]$_DFFE_PN0P_/D
     147* |       0 |      73 |       13 |      0 |    20 |    +0.7% |    0.019 |        0.0 |        0.0 |     79 | u_fma.sum_q\[72\]$_DFFE_PN0P_/D
     148* |       0 |      73 |       13 |      0 |    20 |    +0.7% |    0.019 |        0.0 |        0.0 |     79 | u_fma.sum_q\[72\]$_DFFE_PN0P_/D
     149* |       0 |      73 |       13 |      0 |    20 |    +0.7% |    0.019 |        0.0 |        0.0 |     79 | u_fma.sum_q\[72\]$_DFFE_PN0P_/D
     150* |       0 |      73 |       13 |      0 |    20 |    +0.7% |    0.019 |        0.0 |        0.0 |     79 | u_fma.sum_q\[72\]$_DFFE_PN0P_/D
     150* |       0 |      73 |       13 |      0 |    20 |    +0.7% |    0.019 |        0.0 |        0.0 |     79 | u_fma.sum_q\[72\]$_DFFE_PN0P_/D
     151* |       0 |      73 |       13 |      0 |    20 |    +0.7% |    0.019 |        0.0 |        0.0 |     79 | u_fma.sum_q\[72\]$_DFFE_PN0P_/D
     152* |       0 |      73 |       13 |      0 |    20 |    +0.7% |    0.019 |        0.0 |        0.0 |     79 | u_fma.sum_q\[72\]$_DFFE_PN0P_/D
     153* |       0 |      73 |       13 |      0 |    20 |    +0.7% |    0.019 |        0.0 |        0.0 |     79 | u_fma.sum_q\[72\]$_DFFE_PN0P_/D
     154* |       0 |      73 |       13 |      0 |    20 |    +0.7% |    0.019 |        0.0 |        0.0 |     79 | u_fma.sum_q\[72\]$_DFFE_PN0P_/D
     155* |       0 |      73 |       13 |      0 |    20 |    +0.7% |    0.019 |        0.0 |        0.0 |     79 | u_fma.sum_q\[72\]$_DFFE_PN0P_/D
     156* |       0 |      73 |       13 |      0 |    20 |    +0.7% |    0.019 |        0.0 |        0.0 |     79 | u_fma.sum_q\[72\]$_DFFE_PN0P_/D
     157* |       0 |      73 |       13 |      0 |    20 |    +0.7% |    0.019 |        0.0 |        0.0 |     79 | u_fma.sum_q\[72\]$_DFFE_PN0P_/D
     158* |       0 |      73 |       13 |      0 |    20 |    +0.7% |    0.019 |        0.0 |        0.0 |     79 | u_fma.sum_q\[72\]$_DFFE_PN0P_/D
     159* |       0 |      73 |       13 |      0 |    20 |    +0.7% |    0.019 |        0.0 |        0.0 |     79 | u_fma.sum_q\[72\]$_DFFE_PN0P_/D
     160* |       0 |      73 |       13 |      0 |    20 |    +0.7% |    0.019 |        0.0 |        0.0 |     79 | u_fma.sum_q\[72\]$_DFFE_PN0P_/D
     160* |       0 |      73 |       13 |      0 |    20 |    +0.7% |    0.019 |        0.0 |        0.0 |     79 | u_fma.sum_q\[72\]$_DFFE_PN0P_/D
     161* |       0 |      73 |       13 |      0 |    20 |    +0.7% |    0.019 |        0.0 |        0.0 |     79 | u_fma.sum_q\[72\]$_DFFE_PN0P_/D
     162* |       0 |      73 |       13 |      0 |    20 |    +0.7% |    0.019 |        0.0 |        0.0 |     79 | u_fma.sum_q\[72\]$_DFFE_PN0P_/D
     163* |       0 |      73 |       13 |      0 |    20 |    +0.7% |    0.019 |        0.0 |        0.0 |     79 | u_fma.sum_q\[72\]$_DFFE_PN0P_/D
     164* |       0 |      73 |       13 |      0 |    20 |    +0.7% |    0.019 |        0.0 |        0.0 |     79 | u_fma.sum_q\[72\]$_DFFE_PN0P_/D
     165* |       0 |      73 |       13 |      0 |    20 |    +0.7% |    0.019 |        0.0 |        0.0 |     79 | u_fma.sum_q\[72\]$_DFFE_PN0P_/D
     166* |       0 |      73 |       13 |      0 |    20 |    +0.7% |    0.019 |        0.0 |        0.0 |     79 | u_fma.sum_q\[72\]$_DFFE_PN0P_/D
     167* |       0 |      73 |       13 |      0 |    20 |    +0.7% |    0.019 |        0.0 |        0.0 |     79 | u_fma.sum_q\[72\]$_DFFE_PN0P_/D
     168* |       0 |      73 |       13 |      0 |    20 |    +0.7% |    0.019 |        0.0 |        0.0 |     79 | u_fma.sum_q\[72\]$_DFFE_PN0P_/D
     169* |       0 |      73 |       13 |      0 |    20 |    +0.7% |    0.019 |        0.0 |        0.0 |     79 | u_fma.sum_q\[72\]$_DFFE_PN0P_/D
     170* |       0 |      73 |       13 |      0 |    20 |    +0.7% |    0.019 |        0.0 |        0.0 |     79 | u_fma.sum_q\[72\]$_DFFE_PN0P_/D
     170* |       0 |      73 |       13 |      0 |    20 |    +0.7% |    0.019 |        0.0 |        0.0 |     79 | u_fma.sum_q\[72\]$_DFFE_PN0P_/D
     171* |       0 |      73 |       13 |      0 |    20 |    +0.7% |    0.019 |        0.0 |        0.0 |     79 | u_fma.sum_q\[72\]$_DFFE_PN0P_/D
     172* |       0 |      73 |       13 |      0 |    20 |    +0.7% |    0.019 |        0.0 |        0.0 |     79 | u_fma.sum_q\[72\]$_DFFE_PN0P_/D
     173* |       0 |      73 |       13 |      0 |    20 |    +0.7% |    0.019 |        0.0 |        0.0 |     79 | u_fma.sum_q\[72\]$_DFFE_PN0P_/D
     174* |       0 |      73 |       13 |      0 |    20 |    +0.7% |    0.019 |        0.0 |        0.0 |     79 | u_fma.sum_q\[72\]$_DFFE_PN0P_/D
     175* |       0 |      73 |       13 |      0 |    20 |    +0.7% |    0.019 |        0.0 |        0.0 |     79 | u_fma.sum_q\[72\]$_DFFE_PN0P_/D
     176* |       0 |      73 |       13 |      0 |    20 |    +0.7% |    0.019 |        0.0 |        0.0 |     79 | u_fma.sum_q\[72\]$_DFFE_PN0P_/D
     177* |       0 |      73 |       13 |      0 |    20 |    +0.7% |    0.019 |        0.0 |        0.0 |     79 | u_fma.sum_q\[72\]$_DFFE_PN0P_/D
     178* |       0 |      73 |       13 |      0 |    20 |    +0.7% |    0.019 |        0.0 |        0.0 |     79 | u_fma.sum_q\[72\]$_DFFE_PN0P_/D
     179* |       0 |      73 |       13 |      0 |    20 |    +0.7% |    0.019 |        0.0 |        0.0 |     79 | u_fma.sum_q\[72\]$_DFFE_PN0P_/D
     180* |       0 |      73 |       13 |      0 |    20 |    +0.7% |    0.019 |        0.0 |        0.0 |     79 | u_fma.sum_q\[72\]$_DFFE_PN0P_/D
     180* |       0 |      73 |       13 |      0 |    20 |    +0.7% |    0.019 |        0.0 |        0.0 |     79 | u_fma.sum_q\[72\]$_DFFE_PN0P_/D
     181* |       0 |      73 |       13 |      0 |    20 |    +0.7% |    0.019 |        0.0 |        0.0 |     79 | u_fma.sum_q\[72\]$_DFFE_PN0P_/D
     182* |       0 |      73 |       13 |      0 |    20 |    +0.7% |    0.019 |        0.0 |        0.0 |     79 | u_fma.sum_q\[72\]$_DFFE_PN0P_/D
     183* |       0 |      73 |       13 |      0 |    20 |    +0.7% |    0.019 |        0.0 |        0.0 |     79 | u_fma.sum_q\[72\]$_DFFE_PN0P_/D
     183* |       0 |      73 |       13 |      0 |    20 |    +0.7% |    0.019 |        0.0 |        0.0 |     79 | u_fma.sum_q\[72\]$_DFFE_PN0P_/D
    final |       0 |      73 |       13 |      0 |    20 |    +0.7% |    0.019 |        0.0 |        0.0 |      0 | u_fma.sum_q\[72\]$_DFFE_PN0P_/D
------------------------------------------------------------------------------------------------------------------------------
[INFO RSZ-0040] Inserted 13 buffers.
[INFO RSZ-0051] Resized 73 instances: 73 up, 0 up match, 0 down, 0 VT
[INFO RSZ-0043] Swapped pins on 20 instances.
[INFO RSZ-0505] Runtime: 22.87s
[INFO RSZ-0033] No hold violations found.
[INFO RSZ-0506] Runtime: 0.05s
Took 23 seconds: repair_timing -setup_margin 0 -hold_margin 0 -repair_tns 100 -verbose
global_route -start_incremental
detailed_placement
[INFO DPL-0006] Core area: 493898.69 um^2
[INFO DPL-0007] Movable instances area: 57632.77 um^2
[INFO DPL-0008] Fixed instances area within core: 8132.80 um^2
[INFO DPL-0009] Utilization: 13.3%
[INFO DPL-0005] Diamond search max displacement: +/- 500 sites horizontally, +/- 100 rows vertically.
[INFO DPL-1102] Legalizing using negotiation legalizer.
[INFO DPL-1103] Negotiation base search window: +/-20 sites horizontally, +/-5 rows vertically 
	Automatic search window extension enabled.
	Search window extendable up to the max displacement cap of +/-500 sites, +/-100 rows near walls.
[INFO DPL-1104] NegotiationLegalizer DRC penalty: 5.
[INFO DPL-0392] Negotiation cell height distribution (1 unique row-count(s)):
[INFO DPL-0393]   height 1 row(s): 13060 cells
          |      Total |  Illegal |  Illegal
Iteration | Violations |    Cells |    Sites
---------------------------------------------
        0 |          0 |         0 |         0
Negotiation phase 1 converged at iteration 0.
[INFO DPL-0500] Runtime: 0.05s
Placement Analysis
---------------------------------
total displacement        281.2 u
average displacement        0.0 u
max displacement           16.3 u
original HPWL          182284.1 u
legalized HPWL         182709.0 u
delta HPWL                    0 %

check_placement -verbose
global_route -end_incremental -congestion_report_file ./reports/sky130hd/d_dsp02_fp32_fma_ii1/base/congestion_post_repair_timing.rpt
estimate_parasitics -global_routing
global_route -start_incremental
global_route -end_incremental -congestion_report_file ./reports/sky130hd/d_dsp02_fp32_fma_ii1/base/congestion_post_recover_power.rpt
Repair antennas...
[INFO GRT-0012] Found 16 antenna violations.
[INFO GRT-0302] Inserted 14 jumpers for 14 nets.
[INFO GRT-0012] Found 2 antenna violations.
[INFO DPL-0006] Core area: 493898.69 um^2
[INFO DPL-0007] Movable instances area: 57596.49 um^2
[INFO DPL-0008] Fixed instances area within core: 8179.09 um^2
[INFO DPL-0009] Utilization: 13.3%
[INFO DPL-0005] Diamond search max displacement: +/- 500 sites horizontally, +/- 100 rows vertically.
[INFO DPL-1102] Legalizing using negotiation legalizer.
[INFO DPL-1103] Negotiation base search window: +/-20 sites horizontally, +/-5 rows vertically 
	Automatic search window extension enabled.
	Search window extendable up to the max displacement cap of +/-500 sites, +/-100 rows near walls.
[INFO DPL-1104] NegotiationLegalizer DRC penalty: 5.
[INFO DPL-0392] Negotiation cell height distribution (1 unique row-count(s)):
[INFO DPL-0393]   height 1 row(s): 13064 cells
          |      Total |  Illegal |  Illegal
Iteration | Violations |    Cells |    Sites
---------------------------------------------
        0 |          0 |         0 |         0
Negotiation phase 1 converged at iteration 0.
[INFO DPL-0500] Runtime: 0.07s
[INFO GRT-0015] Inserted 4 diodes.
[INFO GRT-0012] Found 0 antenna violations.
[INFO ANT-0002] Found 0 net violations.
[INFO ANT-0001] Found 0 pin violations.
Estimate parasitics...
estimate_parasitics -global_routing
Report metrics stage 5, global route...

==========================================================================
global route report_design_area
--------------------------------------------------------------------------
Design area 65776 um^2 13% utilization.
[INFO FLW-0007] clock core_clock period 13.750000
[INFO FLW-0008] Clock core_clock period 13.125
[INFO FLW-0009] Clock core_clock slack -0.066
write_sdc -no_timestamp ./results/sky130hd/d_dsp02_fp32_fma_ii1/base/updated_clks.sdc
[INFO FLW-0011] Path endpoint path count 605
write_db ./results/sky130hd/d_dsp02_fp32_fma_ii1/base/5_1_grt.odb
write_sdc -no_timestamp ./results/sky130hd/d_dsp02_fp32_fma_ii1/base/5_1_grt.sdc
Elapsed time: 1:03.05[h:]min:sec. CPU time: user 300.28 sys 3.90 (482%). Peak memory: 494292KB.
Log                       Ext     Elapsed/s Peak Memory/MB sha1sum result [0:20)
5_1_grt                   .odb           63            482 ed0fa25f7e5c0b46638e
5_1_grt                   .sdc                             2054cbb3b8c53b2bb2cc
/OpenROAD-flow-scripts/flow/scripts/flow.sh 5_2_route detail_route
Running detail_route.tcl, stage 5_2_route
read_liberty /OpenROAD-flow-scripts/flow/platforms/sky130hd/lib/sky130_fd_sc_hd__tt_025C_1v80.lib
read_db ./results/sky130hd/d_dsp02_fp32_fma_ii1/base/5_1_grt.odb
read_sdc ./results/sky130hd/d_dsp02_fp32_fma_ii1/base/5_1_grt.sdc
source /OpenROAD-flow-scripts/flow/platforms/sky130hd/setRC.tcl
detailed_route -output_drc ./reports/sky130hd/d_dsp02_fp32_fma_ii1/base/5_route_drc.rpt -output_maze ./results/sky130hd/d_dsp02_fp32_fma_ii1/base/maze.log -droute_end_iter 64 -verbose 1 -drc_report_iter_step 5
[INFO DRT-0149] Reading tech and libs.
[WARNING DRT-0349] LEF58_ENCLOSURE with no CUTCLASS is not supported. Skipping for layer mcon
[WARNING DRT-0349] LEF58_ENCLOSURE with no CUTCLASS is not supported. Skipping for layer mcon
[WARNING DRT-0349] LEF58_ENCLOSURE with no CUTCLASS is not supported. Skipping for layer via
[WARNING DRT-0349] LEF58_ENCLOSURE with no CUTCLASS is not supported. Skipping for layer via
[WARNING DRT-0349] LEF58_ENCLOSURE with no CUTCLASS is not supported. Skipping for layer via2
[WARNING DRT-0349] LEF58_ENCLOSURE with no CUTCLASS is not supported. Skipping for layer via2
[WARNING DRT-0349] LEF58_ENCLOSURE with no CUTCLASS is not supported. Skipping for layer via3
[WARNING DRT-0349] LEF58_ENCLOSURE with no CUTCLASS is not supported. Skipping for layer via3
[WARNING DRT-0349] LEF58_ENCLOSURE with no CUTCLASS is not supported. Skipping for layer via4
[WARNING DRT-0349] LEF58_ENCLOSURE with no CUTCLASS is not supported. Skipping for layer via4

Units:                1000
Number of layers:     13
Number of macros:     441
Number of vias:       29
Number of viarulegen: 25

[INFO DRT-0150] Reading design.
[WARNING DRT-0120] Large net net1636 has 112 pins which may impact routing performance. Consider optimization.

Design:                   fp32_fma_ii1
Die area:                 ( 0 0 ) ( 706360 706360 )
Number of track patterns: 12
Number of DEF vias:       0
Number of components:     13064
Number of terminals:      143
Number of snets:          2
Number of nets:           7397

[INFO DRT-0167] List of default vias:
  Layer via
    default via: M1M2_PR
  Layer via2
    default via: M2M3_PR
  Layer via3
    default via: M3M4_PR
  Layer via4
    default via: M4M5_PR
[INFO DRT-0162] Library cell analysis.
[INFO DRT-0163] Instance analysis.
[INFO DRT-0164] Number of unique instances = 258.
[INFO DRT-0168] Init region query.
[INFO DRT-0024]   Complete FR_MASTERSLICE.
[INFO DRT-0024]   Complete Fr_VIA.
[INFO DRT-0024]   Complete li1.
[INFO DRT-0024]   Complete mcon.
[INFO DRT-0024]   Complete met1.
[INFO DRT-0024]   Complete via.
[INFO DRT-0024]   Complete met2.
[INFO DRT-0024]   Complete via2.
[INFO DRT-0024]   Complete met3.
[INFO DRT-0024]   Complete via3.
[INFO DRT-0024]   Complete met4.
[INFO DRT-0024]   Complete via4.
[INFO DRT-0024]   Complete met5.
[INFO DRT-0033] FR_MASTERSLICE shape region query size = 0.
[INFO DRT-0033] FR_VIA shape region query size = 0.
[INFO DRT-0033] li1 shape region query size = 205297.
[INFO DRT-0033] mcon shape region query size = 112069.
[INFO DRT-0033] met1 shape region query size = 46237.
[INFO DRT-0033] via shape region query size = 33025.
[INFO DRT-0033] met2 shape region query size = 19930.
[INFO DRT-0033] via2 shape region query size = 26420.
[INFO DRT-0033] met3 shape region query size = 19841.
[INFO DRT-0033] via3 shape region query size = 26420.
[INFO DRT-0033] met4 shape region query size = 7957.
[INFO DRT-0033] via4 shape region query size = 1301.
[INFO DRT-0033] met5 shape region query size = 1403.
[INFO DRT-0165] Start pin access.
[INFO DRT-0076]   Complete 1000 pins.
[INFO DRT-0076]   Complete 2000 pins.
[INFO DRT-0078]   Complete 2152 pins.
[INFO DRT-0079]   Complete 100 unique inst patterns.
[INFO DRT-0079]   Complete 200 unique inst patterns.
[INFO DRT-0081]   Complete 258 unique inst patterns.
[INFO DRT-0084]   Complete 4704 groups.
#scanned instances     = 13064
#unique  instances     = 258
#stdCellGenAp          = 9314
#stdCellValidPlanarAp  = 110
#stdCellValidViaAp     = 6518
#stdCellPinNoAp        = 8
#stdCellPinCnt         = 23523
#instTermValidViaApCnt = 0
#macroGenAp            = 0
#macroValidPlanarAp    = 0
#macroValidViaAp       = 0
#macroNoAp             = 0
[INFO DRT-0166] Complete pin access.
[INFO DRT-0267] cpu time = 00:03:40, elapsed time = 00:00:27, memory = 344.54 (MB), peak = 343.45 (MB)

[INFO DRT-0157] Number of guides:     52440

[INFO DRT-0169] Post process guides.
[INFO DRT-0176] GCELLGRID X 0 DO 102 STEP 6900 ;
[INFO DRT-0177] GCELLGRID Y 0 DO 102 STEP 6900 ;
[INFO DRT-0028]   Complete FR_MASTERSLICE.
[INFO DRT-0028]   Complete Fr_VIA.
[INFO DRT-0028]   Complete li1.
[INFO DRT-0028]   Complete mcon.
[INFO DRT-0028]   Complete met1.
[INFO DRT-0028]   Complete via.
[INFO DRT-0028]   Complete met2.
[INFO DRT-0028]   Complete via2.
[INFO DRT-0028]   Complete met3.
[INFO DRT-0028]   Complete via3.
[INFO DRT-0028]   Complete met4.
[INFO DRT-0028]   Complete via4.
[INFO DRT-0028]   Complete met5.
[INFO DRT-0178] Init guide query.
[INFO DRT-0035]   Complete FR_MASTERSLICE (guide).
[INFO DRT-0035]   Complete Fr_VIA (guide).
[INFO DRT-0035]   Complete li1 (guide).
[INFO DRT-0035]   Complete mcon (guide).
[INFO DRT-0035]   Complete met1 (guide).
[INFO DRT-0035]   Complete via (guide).
[INFO DRT-0035]   Complete met2 (guide).
[INFO DRT-0035]   Complete via2 (guide).
[INFO DRT-0035]   Complete met3 (guide).
[INFO DRT-0035]   Complete via3 (guide).
[INFO DRT-0035]   Complete met4 (guide).
[INFO DRT-0035]   Complete via4 (guide).
[INFO DRT-0035]   Complete met5 (guide).
[INFO DRT-0036] FR_MASTERSLICE guide region query size = 0.
[INFO DRT-0036] FR_VIA guide region query size = 0.
[INFO DRT-0036] li1 guide region query size = 18343.
[INFO DRT-0036] mcon guide region query size = 0.
[INFO DRT-0036] met1 guide region query size = 16039.
[INFO DRT-0036] via guide region query size = 0.
[INFO DRT-0036] met2 guide region query size = 7740.
[INFO DRT-0036] via2 guide region query size = 0.
[INFO DRT-0036] met3 guide region query size = 413.
[INFO DRT-0036] via3 guide region query size = 0.
[INFO DRT-0036] met4 guide region query size = 149.
[INFO DRT-0036] via4 guide region query size = 0.
[INFO DRT-0036] met5 guide region query size = 2.
[INFO DRT-0179] Init gr pin query.
[INFO DRT-0267] cpu time = 00:00:00, elapsed time = 00:00:00, memory = 363.59 (MB), peak = 362.51 (MB)
[INFO DRT-0245] skipped writing guide updates to database.
[INFO DRT-0181] Start track assignment.
[INFO DRT-0184] Done with 26232 vertical wires in 3 frboxes and 16454 horizontal wires in 3 frboxes.
[INFO DRT-0186] Done with 2894 vertical wires in 3 frboxes and 4832 horizontal wires in 3 frboxes.
[INFO DRT-0182] Complete track assignment.
[INFO DRT-0267] cpu time = 00:00:01, elapsed time = 00:00:01, memory = 521.04 (MB), peak = 520.02 (MB)
[INFO DRT-0187] Start routing data preparation.
[INFO DRT-0267] cpu time = 00:00:00, elapsed time = 00:00:00, memory = 521.05 (MB), peak = 520.02 (MB)
[INFO DRT-0194] Start detail routing.
[INFO DRT-0195] Start 0th optimization iteration.
    Completing 10% with 0 violations.
    elapsed time = 00:00:00, memory = 698.70 (MB).
    Completing 20% with 0 violations.
    elapsed time = 00:00:02, memory = 894.52 (MB).
    Completing 30% with 730 violations.
    elapsed time = 00:00:08, memory = 722.36 (MB).
    Completing 40% with 730 violations.
    elapsed time = 00:00:09, memory = 973.66 (MB).
    Completing 50% with 730 violations.
    elapsed time = 00:00:12, memory = 1093.07 (MB).
    Completing 60% with 1570 violations.
    elapsed time = 00:00:19, memory = 1007.96 (MB).
    Completing 70% with 1570 violations.
    elapsed time = 00:00:21, memory = 1118.26 (MB).
    Completing 80% with 2196 violations.
    elapsed time = 00:00:28, memory = 1016.77 (MB).
    Completing 90% with 2196 violations.
    elapsed time = 00:00:31, memory = 1225.12 (MB).
    Completing 100% with 3196 violations.
    elapsed time = 00:00:43, memory = 1017.88 (MB).
[INFO DRT-0199]   Number of violations = 3746.
Viol/Layer         li1   mcon   met1    via   met2   met3
Cut Spacing          0      8      0      0      0      0
Metal Spacing        0      0    579      0    153      1
Min Hole             0      0      3      0      0      0
Recheck              4      0    381      0    161      4
Short                0      3   2251      3    195      0
[INFO DRT-0267] cpu time = 00:03:27, elapsed time = 00:00:43, memory = 1245.91 (MB), peak = 1255.96 (MB)
Total wire length = 218033 um.
Total wire length on LAYER li1 = 0 um.
Total wire length on LAYER met1 = 99400 um.
Total wire length on LAYER met2 = 104976 um.
Total wire length on LAYER met3 = 6611 um.
Total wire length on LAYER met4 = 7020 um.
Total wire length on LAYER met5 = 24 um.
Total number of vias = 47637.
Up-via summary (total 47637):

------------------------
 FR_MASTERSLICE        0
            li1    22491
           met1    24197
           met2      682
           met3      263
           met4        4
------------------------
               47637


[INFO DRT-0195] Start 1st optimization iteration.
    Completing 10% with 3746 violations.
    elapsed time = 00:00:00, memory = 1248.27 (MB).
    Completing 20% with 3746 violations.
    elapsed time = 00:00:01, memory = 1394.41 (MB).
    Completing 30% with 3337 violations.
    elapsed time = 00:00:08, memory = 1254.18 (MB).
    Completing 40% with 3337 violations.
    elapsed time = 00:00:09, memory = 1308.54 (MB).
    Completing 50% with 3337 violations.
    elapsed time = 00:00:12, memory = 1388.36 (MB).
    Completing 60% with 2970 violations.
    elapsed time = 00:00:18, memory = 1276.03 (MB).
    Completing 70% with 2970 violations.
    elapsed time = 00:00:20, memory = 1352.69 (MB).
    Completing 80% with 2647 violations.
    elapsed time = 00:00:26, memory = 1278.04 (MB).
    Completing 90% with 2647 violations.
    elapsed time = 00:00:28, memory = 1408.60 (MB).
    Completing 100% with 2172 violations.
    elapsed time = 00:00:40, memory = 1290.44 (MB).
[INFO DRT-0199]   Number of violations = 2172.
Viol/Layer        mcon   met1    via   met2   met4
Cut Spacing          6      0      0      0      0
Metal Spacing        0    374      0     78      2
Short                0   1635      1     76      0
[INFO DRT-0267] cpu time = 00:03:17, elapsed time = 00:00:40, memory = 1293.50 (MB), peak = 1407.98 (MB)
Total wire length = 216319 um.
Total wire length on LAYER li1 = 0 um.
Total wire length on LAYER met1 = 98208 um.
Total wire length on LAYER met2 = 104417 um.
Total wire length on LAYER met3 = 6641 um.
Total wire length on LAYER met4 = 7025 um.
Total wire length on LAYER met5 = 26 um.
Total number of vias = 47225.
Up-via summary (total 47225):

------------------------
 FR_MASTERSLICE        0
            li1    22506
           met1    23779
           met2      684
           met3      252
           met4        4
------------------------
               47225


[INFO DRT-0195] Start 2nd optimization iteration.
    Completing 10% with 2172 violations.
    elapsed time = 00:00:00, memory = 1293.50 (MB).
    Completing 20% with 2172 violations.
    elapsed time = 00:00:02, memory = 1407.52 (MB).
    Completing 30% with 2018 violations.
    elapsed time = 00:00:18, memory = 1293.50 (MB).
    Completing 40% with 2018 violations.
    elapsed time = 00:00:21, memory = 1488.16 (MB).
    Completing 50% with 2018 violations.
    elapsed time = 00:00:31, memory = 1337.13 (MB).
    Completing 60% with 1947 violations.
    elapsed time = 00:00:33, memory = 1409.04 (MB).
    Completing 70% with 1947 violations.
    elapsed time = 00:00:36, memory = 1442.12 (MB).
    Completing 80% with 1998 violations.
    elapsed time = 00:00:44, memory = 1339.13 (MB).
    Completing 90% with 1998 violations.
    elapsed time = 00:00:46, memory = 1417.55 (MB).
    Completing 100% with 1980 violations.
    elapsed time = 00:00:52, memory = 1348.65 (MB).
[INFO DRT-0199]   Number of violations = 1980.
Viol/Layer        mcon   met1   met2   met4
Cut Spacing          5      0      0      0
Metal Spacing        0    320     55      0
Short                0   1542     57      1
[INFO DRT-0267] cpu time = 00:04:12, elapsed time = 00:00:52, memory = 1348.65 (MB), peak = 1487.54 (MB)
Total wire length = 215687 um.
Total wire length on LAYER li1 = 0 um.
Total wire length on LAYER met1 = 97986 um.
Total wire length on LAYER met2 = 104124 um.
Total wire length on LAYER met3 = 6567 um.
Total wire length on LAYER met4 = 6983 um.
Total wire length on LAYER met5 = 25 um.
Total number of vias = 47022.
Up-via summary (total 47022):

------------------------
 FR_MASTERSLICE        0
            li1    22496
           met1    23591
           met2      679
           met3      252
           met4        4
------------------------
               47022


[INFO DRT-0195] Start 3rd optimization iteration.
    Completing 10% with 1980 violations.
    elapsed time = 00:00:00, memory = 1348.66 (MB).
    Completing 20% with 1980 violations.
    elapsed time = 00:00:01, memory = 1527.10 (MB).
    Completing 30% with 1548 violations.
    elapsed time = 00:00:06, memory = 1350.77 (MB).
    Completing 40% with 1548 violations.
    elapsed time = 00:00:07, memory = 1489.51 (MB).
    Completing 50% with 1548 violations.
    elapsed time = 00:00:09, memory = 1535.47 (MB).
    Completing 60% with 1275 violations.
    elapsed time = 00:00:15, memory = 1352.12 (MB).
    Completing 70% with 1275 violations.
    elapsed time = 00:00:16, memory = 1466.43 (MB).
    Completing 80% with 932 violations.
    elapsed time = 00:00:20, memory = 1362.01 (MB).
    Completing 90% with 932 violations.
    elapsed time = 00:00:21, memory = 1562.14 (MB).
    Completing 100% with 480 violations.
    elapsed time = 00:00:31, memory = 1394.02 (MB).
[INFO DRT-0199]   Number of violations = 480.
Viol/Layer        met1   met2
Metal Spacing      149      9
Short              311     11
[INFO DRT-0267] cpu time = 00:02:24, elapsed time = 00:00:31, memory = 1394.02 (MB), peak = 1561.47 (MB)
Total wire length = 215406 um.
Total wire length on LAYER li1 = 0 um.
Total wire length on LAYER met1 = 93130 um.
Total wire length on LAYER met2 = 104183 um.
Total wire length on LAYER met3 = 10917 um.
Total wire length on LAYER met4 = 7149 um.
Total wire length on LAYER met5 = 25 um.
Total number of vias = 48010.
Up-via summary (total 48010):

------------------------
 FR_MASTERSLICE        0
            li1    22489
           met1    23829
           met2     1410
           met3      278
           met4        4
------------------------
               48010


[INFO DRT-0195] Start 4th optimization iteration.
    Completing 10% with 480 violations.
    elapsed time = 00:00:00, memory = 1394.02 (MB).
    Completing 20% with 480 violations.
    elapsed time = 00:00:00, memory = 1394.02 (MB).
    Completing 30% with 377 violations.
    elapsed time = 00:00:03, memory = 1394.02 (MB).
    Completing 40% with 377 violations.
    elapsed time = 00:00:03, memory = 1394.02 (MB).
    Completing 50% with 377 violations.
    elapsed time = 00:00:03, memory = 1394.02 (MB).
    Completing 60% with 272 violations.
    elapsed time = 00:00:05, memory = 1394.02 (MB).
    Completing 70% with 272 violations.
    elapsed time = 00:00:05, memory = 1394.02 (MB).
    Completing 80% with 226 violations.
    elapsed time = 00:00:06, memory = 1394.02 (MB).
    Completing 90% with 226 violations.
    elapsed time = 00:00:06, memory = 1394.02 (MB).
    Completing 100% with 38 violations.
    elapsed time = 00:00:09, memory = 1395.10 (MB).
[INFO DRT-0199]   Number of violations = 38.
Viol/Layer        met1
Metal Spacing        7
Short               31
[INFO DRT-0267] cpu time = 00:00:26, elapsed time = 00:00:09, memory = 1395.10 (MB), peak = 1561.47 (MB)
Total wire length = 215360 um.
Total wire length on LAYER li1 = 0 um.
Total wire length on LAYER met1 = 92877 um.
Total wire length on LAYER met2 = 104166 um.
Total wire length on LAYER met3 = 11162 um.
Total wire length on LAYER met4 = 7128 um.
Total wire length on LAYER met5 = 25 um.
Total number of vias = 48048.
Up-via summary (total 48048):

------------------------
 FR_MASTERSLICE        0
            li1    22490
           met1    23819
           met2     1461
           met3      274
           met4        4
------------------------
               48048


[INFO DRT-0195] Start 5th guides tiles iteration.
    Completing 10% with 38 violations.
    elapsed time = 00:00:00, memory = 1395.10 (MB).
    Completing 20% with 38 violations.
    elapsed time = 00:00:01, memory = 1395.10 (MB).
    Completing 40% with 38 violations.
    elapsed time = 00:00:01, memory = 1395.10 (MB).
    Completing 50% with 30 violations.
    elapsed time = 00:00:01, memory = 1395.10 (MB).
    Completing 70% with 30 violations.
    elapsed time = 00:00:01, memory = 1395.10 (MB).
    Completing 80% with 30 violations.
    elapsed time = 00:00:01, memory = 1395.10 (MB).
    Completing 100% with 21 violations.
    elapsed time = 00:00:01, memory = 1395.11 (MB).
[INFO DRT-0199]   Number of violations = 21.
Viol/Layer        met1
Metal Spacing        3
Short               18
[INFO DRT-0267] cpu time = 00:00:03, elapsed time = 00:00:01, memory = 1395.30 (MB), peak = 1561.47 (MB)
Total wire length = 215373 um.
Total wire length on LAYER li1 = 0 um.
Total wire length on LAYER met1 = 92851 um.
Total wire length on LAYER met2 = 104173 um.
Total wire length on LAYER met3 = 11195 um.
Total wire length on LAYER met4 = 7128 um.
Total wire length on LAYER met5 = 25 um.
Total number of vias = 48055.
Up-via summary (total 48055):

------------------------
 FR_MASTERSLICE        0
            li1    22490
           met1    23823
           met2     1464
           met3      274
           met4        4
------------------------
               48055


[INFO DRT-0195] Start 6th guides tiles iteration.
    Completing 50% with 21 violations.
    elapsed time = 00:00:00, memory = 1395.30 (MB).
    Completing 100% with 7 violations.
    elapsed time = 00:00:00, memory = 1395.30 (MB).
[INFO DRT-0199]   Number of violations = 7.
Viol/Layer        met1
Short                7
[INFO DRT-0267] cpu time = 00:00:00, elapsed time = 00:00:00, memory = 1395.30 (MB), peak = 1561.47 (MB)
Total wire length = 215375 um.
Total wire length on LAYER li1 = 0 um.
Total wire length on LAYER met1 = 92851 um.
Total wire length on LAYER met2 = 104172 um.
Total wire length on LAYER met3 = 11196 um.
Total wire length on LAYER met4 = 7128 um.
Total wire length on LAYER met5 = 25 um.
Total number of vias = 48055.
Up-via summary (total 48055):

------------------------
 FR_MASTERSLICE        0
            li1    22490
           met1    23822
           met2     1465
           met3      274
           met4        4
------------------------
               48055


[INFO DRT-0195] Start 7th guides tiles iteration.
    Completing 100% with 7 violations.
    elapsed time = 00:00:01, memory = 1395.30 (MB).
[INFO DRT-0199]   Number of violations = 7.
Viol/Layer        met1
Short                7
[INFO DRT-0267] cpu time = 00:00:01, elapsed time = 00:00:01, memory = 1395.30 (MB), peak = 1561.47 (MB)
Total wire length = 215375 um.
Total wire length on LAYER li1 = 0 um.
Total wire length on LAYER met1 = 92851 um.
Total wire length on LAYER met2 = 104172 um.
Total wire length on LAYER met3 = 11196 um.
Total wire length on LAYER met4 = 7128 um.
Total wire length on LAYER met5 = 25 um.
Total number of vias = 48055.
Up-via summary (total 48055):

------------------------
 FR_MASTERSLICE        0
            li1    22490
           met1    23822
           met2     1465
           met3      274
           met4        4
------------------------
               48055


[INFO DRT-0195] Start 8th stubborn tiles iteration.
    Completing 10% with 7 violations.
    elapsed time = 00:00:01, memory = 1642.24 (MB).
    Completing 20% with 7 violations.
    elapsed time = 00:00:01, memory = 1675.37 (MB).
    Completing 30% with 7 violations.
    elapsed time = 00:00:02, memory = 1684.33 (MB).
    Completing 40% with 7 violations.
    elapsed time = 00:00:03, memory = 1728.98 (MB).
    Completing 50% with 7 violations.
    elapsed time = 00:00:04, memory = 1726.95 (MB).
    Completing 60% with 7 violations.
    elapsed time = 00:00:09, memory = 1833.04 (MB).
    Completing 70% with 7 violations.
    elapsed time = 00:00:11, memory = 1905.42 (MB).
    Completing 80% with 7 violations.
    elapsed time = 00:00:14, memory = 1978.41 (MB).
    Completing 90% with 7 violations.
    elapsed time = 00:00:19, memory = 1844.84 (MB).
    Completing 100% with 0 violations.
    elapsed time = 00:00:25, memory = 1656.38 (MB).
[INFO DRT-0199]   Number of violations = 0.
[INFO DRT-0267] cpu time = 00:03:10, elapsed time = 00:00:26, memory = 1656.38 (MB), peak = 1992.92 (MB)
Total wire length = 215371 um.
Total wire length on LAYER li1 = 0 um.
Total wire length on LAYER met1 = 92807 um.
Total wire length on LAYER met2 = 104186 um.
Total wire length on LAYER met3 = 11224 um.
Total wire length on LAYER met4 = 7128 um.
Total wire length on LAYER met5 = 25 um.
Total number of vias = 48055.
Up-via summary (total 48055):

------------------------
 FR_MASTERSLICE        0
            li1    22489
           met1    23821
           met2     1467
           met3      274
           met4        4
------------------------
               48055


[INFO DRT-0198] Complete detail routing.
Total wire length = 215371 um.
Total wire length on LAYER li1 = 0 um.
Total wire length on LAYER met1 = 92807 um.
Total wire length on LAYER met2 = 104186 um.
Total wire length on LAYER met3 = 11224 um.
Total wire length on LAYER met4 = 7128 um.
Total wire length on LAYER met5 = 25 um.
Total number of vias = 48055.
Up-via summary (total 48055):

------------------------
 FR_MASTERSLICE        0
            li1    22489
           met1    23821
           met2     1467
           met3      274
           met4        4
------------------------
               48055


[INFO DRT-0267] cpu time = 00:17:04, elapsed time = 00:03:28, memory = 1656.38 (MB), peak = 1992.92 (MB)

[INFO DRT-0180] Post processing.
[INFO DRT-0501] Runtime: 237.80s
Took 238 seconds: detailed_route -output_drc ./reports/sky130hd/d_dsp02_fp32_fma_ii1/base/5_route_drc.rpt -output_maze ./results/sky130hd/d_dsp02_fp32_fma_ii1/base/maze.log -droute_end_iter 64 -verbose 1 -drc_report_iter_step 5
[INFO GRT-0012] Found 0 antenna violations.
[INFO ANT-0002] Found 0 net violations.
[INFO ANT-0001] Found 0 pin violations.
[INFO ANT-0002] Found 0 net violations.
[INFO ANT-0001] Found 0 pin violations.
Design area 65776 um^2 13% utilization.
write_db ./results/sky130hd/d_dsp02_fp32_fma_ii1/base/5_2_route.odb
Elapsed time: 4:02.90[h:]min:sec. CPU time: user 1278.81 sys 2.46 (527%). Peak memory: 2040748KB.
Log                       Ext     Elapsed/s Peak Memory/MB sha1sum result [0:20)
5_2_route                 .odb          242           1992 4ad3a59fbf1bca15532d
/OpenROAD-flow-scripts/flow/scripts/flow.sh 5_3_fillcell fillcell
Running fillcell.tcl, stage 5_3_fillcell
read_liberty /OpenROAD-flow-scripts/flow/platforms/sky130hd/lib/sky130_fd_sc_hd__tt_025C_1v80.lib
read_db ./results/sky130hd/d_dsp02_fp32_fma_ii1/base/5_2_route.odb
read_sdc ./results/sky130hd/d_dsp02_fp32_fma_ii1/base/5_1_grt.sdc
source /OpenROAD-flow-scripts/flow/platforms/sky130hd/setRC.tcl
filler_placement "sky130_fd_sc_hd__fill_1 sky130_fd_sc_hd__fill_2 sky130_fd_sc_hd__fill_4 sky130_fd_sc_hd__fill_8"
[INFO DPL-0001] Placed 56594 filler instances.
Design area 65776 um^2 13% utilization.
write_db ./results/sky130hd/d_dsp02_fp32_fma_ii1/base/5_3_fillcell.odb
Elapsed time: 0:01.45[h:]min:sec. CPU time: user 1.18 sys 0.11 (89%). Peak memory: 243264KB.
Log                       Ext     Elapsed/s Peak Memory/MB sha1sum result [0:20)
5_3_fillcell              .odb            1            237 709c66e854aab0f87795
cp ./results/sky130hd/d_dsp02_fp32_fma_ii1/base/5_3_fillcell.odb ./results/sky130hd/d_dsp02_fp32_fma_ii1/base/5_route.odb
cp ./results/sky130hd/d_dsp02_fp32_fma_ii1/base/5_1_grt.sdc ./results/sky130hd/d_dsp02_fp32_fma_ii1/base/5_route.sdc
/OpenROAD-flow-scripts/flow/scripts/flow.sh 6_1_fill density_fill
Running density_fill.tcl, stage 6_1_fill
read_liberty /OpenROAD-flow-scripts/flow/platforms/sky130hd/lib/sky130_fd_sc_hd__tt_025C_1v80.lib
read_db ./results/sky130hd/d_dsp02_fp32_fma_ii1/base/5_route.odb
read_sdc ./results/sky130hd/d_dsp02_fp32_fma_ii1/base/5_route.sdc
source /OpenROAD-flow-scripts/flow/platforms/sky130hd/setRC.tcl
exec cp ./results/sky130hd/d_dsp02_fp32_fma_ii1/base/5_route.odb ./results/sky130hd/d_dsp02_fp32_fma_ii1/base/6_1_fill.odb
Elapsed time: 0:00.98[h:]min:sec. CPU time: user 0.87 sys 0.07 (96%). Peak memory: 201204KB.
Log                       Ext     Elapsed/s Peak Memory/MB sha1sum result [0:20)
6_1_fill                  .odb            0            196 709c66e854aab0f87795
cp ./results/sky130hd/d_dsp02_fp32_fma_ii1/base/5_route.sdc ./results/sky130hd/d_dsp02_fp32_fma_ii1/base/6_1_fill.sdc
/OpenROAD-flow-scripts/flow/scripts/flow.sh 6_report final_report
Running final_report.tcl, stage 6_report
read_liberty /OpenROAD-flow-scripts/flow/platforms/sky130hd/lib/sky130_fd_sc_hd__tt_025C_1v80.lib
read_db ./results/sky130hd/d_dsp02_fp32_fma_ii1/base/6_1_fill.odb
read_sdc ./results/sky130hd/d_dsp02_fp32_fma_ii1/base/6_1_fill.sdc
source /OpenROAD-flow-scripts/flow/platforms/sky130hd/setRC.tcl
write_db ./results/sky130hd/d_dsp02_fp32_fma_ii1/base/6_final.odb
write_sdc -no_timestamp ./results/sky130hd/d_dsp02_fp32_fma_ii1/base/6_final.sdc
Deleted 0 routing obstructions
Warning: master sky130_ef_sc_hd__decap_12 has signal pins but no liberty cell
[INFO RCX-0431] Defined process_corner X with ext_model_index 0
[INFO RCX-0029] Defined extraction corner X
[WARNING RCX-0514] The ext_model_file option is deprecated. Use set_extraction_rules_file command instead.
[INFO RCX-0435] Reading extraction model file /OpenROAD-flow-scripts/flow/platforms/sky130hd/rcx_patterns.rules ...
[INFO RCX-0436] RC segment generation fp32_fma_ii1 (max_merge_res 50.0) ...
[INFO RCX-0040] Final 26903 rc segments
[INFO RCX-0439] Coupling Cap extraction fp32_fma_ii1 ...
[INFO RCX-0440] Coupling threshhold is 0.1000 fF, coupling capacitance less than 0.1000 fF will be grounded.
[INFO RCX-0442] 61% of 61051 wires extracted
[INFO RCX-0442] 100% of 61051 wires extracted
[INFO RCX-0045] Extract 7397 nets, 34290 rsegs, 34290 caps, 55708 ccs
[INFO RCX-0443] 7397 nets finished
[INFO PSM-0040] All shapes on net VDD are connected.
########## IR report #################
Net              : VDD
Corner           : default
Total power      : 1.28e-01 W
Supply voltage   : 1.80e+00 V
Worstcase voltage: 1.79e+00 V
Average voltage  : 1.80e+00 V
Average IR drop  : 6.09e-05 V
Worstcase IR drop: 5.81e-03 V
Percentage drop  : 0.32 %
######################################
[INFO PSM-0040] All shapes on net VSS are connected.
########## IR report #################
Net              : VSS
Corner           : default
Total power      : 1.28e-01 W
Supply voltage   : 0.00e+00 V
Worstcase voltage: 5.53e-03 V
Average voltage  : 5.97e-05 V
Average IR drop  : 5.97e-05 V
Worstcase IR drop: 5.53e-03 V
Percentage drop  : 0.31 %
######################################
Cell type report:                       Count       Area
  Fill cell                             56594  428123.10
  Tap cell                               6500    8132.80
  Antenna cell                              4      10.01
  Clock buffer                             49     990.95
  Timing Repair Buffer                    965    7803.73
  Inverter                                107     401.64
  Clock inverter                           15     177.67
  Sequential cell                         263    6581.31
  Multi-Input combinational cell         5161   41677.47
  Total                                 69658  493898.69
Report metrics stage 6, finish...

==========================================================================
finish report_design_area
--------------------------------------------------------------------------
Design area 65776 um^2 13% utilization.
[WARNING GUI-0076] QStandardPaths: XDG_RUNTIME_DIR not set, defaulting to '/tmp/runtime-'
Elapsed time: 0:08.03[h:]min:sec. CPU time: user 8.90 sys 0.70 (119%). Peak memory: 505764KB.
Log                       Ext     Elapsed/s Peak Memory/MB sha1sum result [0:20)
6_report                                  8            493                  N/A
cp /OpenROAD-flow-scripts/flow/platforms/sky130hd/lef/sky130_fd_sc_hd.tlef ./objects/sky130hd/d_dsp02_fp32_fma_ii1/base/klayout_tech.lef
/usr/bin/python3 /OpenROAD-flow-scripts/flow/util/generate_klayout_tech.py \
	--template /OpenROAD-flow-scripts/flow/platforms/sky130hd/sky130hd.lyt \
	--output ./objects/sky130hd/d_dsp02_fp32_fma_ii1/base/klayout.lyt \
	--lef-files ./objects/sky130hd/d_dsp02_fp32_fma_ii1/base/klayout_tech.lef /OpenROAD-flow-scripts/flow/platforms/sky130hd/lef/sky130_fd_sc_hd_merged.lef   \
	--map-files 
/usr/bin/python3 /OpenROAD-flow-scripts/flow/scripts/run_command.py --log /OpenROAD-flow-scripts/flow/logs/sky130hd/d_dsp02_fp32_fma_ii1/base/6_1_merge.log --tee -- \
        /OpenROAD-flow-scripts/flow/scripts/klayout.sh -zz -rd design_name=fp32_fma_ii1 \
        -rd in_def=./results/sky130hd/d_dsp02_fp32_fma_ii1/base/6_final.def \
        -rd in_files="/OpenROAD-flow-scripts/flow/platforms/sky130hd/gds/sky130_fd_sc_hd.gds  " \
        -rd seal_file="" \
        -rd out_file=./results/sky130hd/d_dsp02_fp32_fma_ii1/base/6_1_merged.gds \
        -rd tech_file=./objects/sky130hd/d_dsp02_fp32_fma_ii1/base/klayout.lyt \
        -rd layer_map= \
        -r /OpenROAD-flow-scripts/flow/util/def2stream.py
KLayout 0.30.7
[INFO] Reporting cells prior to loading DEF ...
	/OpenROAD-flow-scripts/flow/platforms/sky130hd/gds/sky130_fd_sc_hd.gds
[INFO] All LEF cells have matching GDS/OAS cells
[INFO] No orphan cells in the final layout
Elapsed time: 0:08.50[h:]min:sec. CPU time: user 8.07 sys 0.38 (99%). Peak memory: 937364KB.
cp results/sky130hd/d_dsp02_fp32_fma_ii1/base/6_1_merged.gds results/sky130hd/d_dsp02_fp32_fma_ii1/base/6_final.gds
./logs/sky130hd/d_dsp02_fp32_fma_ii1/base
Log                       Ext     Elapsed/s Peak Memory/MB sha1sum result [0:20)
1_1_yosys_canonicalize    .rtlil          0             86 4d780dcea837a7b85e82
1_2_yosys                 .v             14            134 30d735ccc2cba7f7f0e3
1_2_yosys                 .sdc                             cf7869e5ced85728f7e9
1_synth                   .odb            0            157 3167167b6010871a163d
1_synth                   .sdc                             a090647ea7df11de1cdf
2_1_floorplan             .odb            1            201 542a0bc6a3fe0a7cf23f
2_1_floorplan             .sdc                             a090647ea7df11de1cdf
2_2_floorplan_macro       .odb            0            149 542a0bc6a3fe0a7cf23f
2_3_floorplan_tapcell     .odb            0            149 2cb5ccc7f529c72f7fab
2_4_floorplan_pdn         .odb            0            178 34d57439a7e334963416
3_1_place_gp_skip_io      .odb            2            169 c5c04067f8eabada4426
3_2_place_iop             .odb            0            159 3c74be731aecf264b218
3_3_place_gp              .odb           16            368 8d883b2ae783a314ae76
3_4_place_resized         .odb            2            210 8d883b2ae783a314ae76
3_5_place_dp              .odb            3            214 790a880758f548af7437
4_1_cts                   .odb            4            249 9e3bb88b277cf6effc52
5_1_grt                   .odb           63            482 ed0fa25f7e5c0b46638e
5_1_grt                   .sdc                             2054cbb3b8c53b2bb2cc
5_2_route                 .odb          242           1992 4ad3a59fbf1bca15532d
5_3_fillcell              .odb            1            237 709c66e854aab0f87795
6_1_fill                  .odb            0            196 709c66e854aab0f87795
6_1_fill                  .sdc                             2054cbb3b8c53b2bb2cc
6_1_merge                                 8            915                  N/A
6_report                                  8            493                  N/A
Total                                   364           1992                     
