clean build: wiped sky130hd/d_nw03_cand_gemini (results, logs, objects, reports)
constraining to CLK_PERIOD_NS=7.0000 (SDC + synthesis)
OPENROAD: /OpenROAD-flow-scripts/tools/OpenROAD
mkdir -p results/sky130hd/d_nw03_cand_gemini/base/
echo 7000 > results/sky130hd/d_nw03_cand_gemini/base/clock_period.txt
/OpenROAD-flow-scripts/flow/scripts/synth.sh /OpenROAD-flow-scripts/flow/scripts/synth_canonicalize.tcl ./logs/sky130hd/d_nw03_cand_gemini/base/1_1_yosys_canonicalize.log
Using ABC speed script.
Extracting clock period from SDC file: ./results/sky130hd/d_nw03_cand_gemini/base/clock_period.txt
Setting clock period to 7000
1. Executing Liberty frontend: /OpenROAD-flow-scripts/flow/platforms/sky130hd/lib/sky130_fd_sc_hd__tt_025C_1v80.lib
2. Executing Liberty frontend: /OpenROAD-flow-scripts/flow/platforms/sky130hd/lib/sky130_fd_sc_hd__tt_025C_1v80.lib
3. Executing SLANG frontend.
3.1. Executing PROC_CLEAN pass (remove empty switches from decision trees).
3.2. Executing TRIBUF pass.
3.3. Executing PROC_RMDEAD pass (remove dead branches from decision trees).
3.4. Executing PROC_PRUNE pass (remove redundant assignments in processes).
3.5. Executing PROC_INIT pass (extract init attributes).
3.6. Executing PROC_ROM pass (convert switches to ROMs).
3.7. Executing PROC_MUX pass (convert decision trees to multiplexers).
3.8. Executing PROC_CLEAN pass (remove empty switches from decision trees).
3.9. Executing OPT_EXPR pass (perform const folding).
4. Executing HIERARCHY pass (managing design hierarchy).
4.1. Analyzing design hierarchy..
4.2. Analyzing design hierarchy..
5. Executing OPT_CLEAN pass (remove unused cells and wires).
6. Executing RTLIL backend.
End of script. Logfile hash: 16a71c67de, time: 0.16s, user: 0.13s, system: 0.02s, MEM: 60.54 MB peak
Yosys 0.68+post (git sha1 UNKNOWN, Release, GNU /usr/local/bin/wrapped-cc/g++ 11.4.0)
Time spent: 64% 4x read_liberty (0 sec), 16% 2x read_slang (0 sec), ...
Elapsed time: 0:00.16[h:]min:sec. CPU time: user 0.14 sys 0.02 (98%). Peak memory: 63776KB.
Log                       Ext     Elapsed/s Peak Memory/MB sha1sum result [0:20)
1_1_yosys_canonicalize    .rtlil          0             62 147b0cb75fa928655330
/OpenROAD-flow-scripts/flow/scripts/synth.sh /OpenROAD-flow-scripts/flow/scripts/synth.tcl ./logs/sky130hd/d_nw03_cand_gemini/base/1_2_yosys.log
Using ABC speed script.
Extracting clock period from SDC file: ./results/sky130hd/d_nw03_cand_gemini/base/clock_period.txt
Setting clock period to 7000
1. Executing RTLIL frontend.
2. Executing HIERARCHY pass (managing design hierarchy).
2.1. Analyzing design hierarchy..
2.2. Analyzing design hierarchy..
3. Executing SYNTH pass.
3.1. Executing HIERARCHY pass (managing design hierarchy).
3.1.1. Analyzing design hierarchy..
3.1.2. Analyzing design hierarchy..
3.2. Executing PROC pass (convert processes to netlists).
3.2.1. Executing PROC_CLEAN pass (remove empty switches from decision trees).
3.2.2. Executing PROC_RMDEAD pass (remove dead branches from decision trees).
3.2.3. Executing PROC_PRUNE pass (remove redundant assignments in processes).
3.2.4. Executing PROC_INIT pass (extract init attributes).
3.2.5. Executing PROC_ARST pass (detect async resets in processes).
3.2.6. Executing PROC_ROM pass (convert switches to ROMs).
3.2.7. Executing PROC_MUX pass (convert decision trees to multiplexers).
3.2.8. Executing PROC_DLATCH pass (convert process syncs to latches).
3.2.9. Executing PROC_DFF pass (convert process syncs to FFs).
3.2.10. Executing PROC_MEMWR pass (convert process memory writes to cells).
3.2.11. Executing PROC_CLEAN pass (remove empty switches from decision trees).
3.2.12. Executing OPT_EXPR pass (perform const folding).
3.3. Executing CHECK pass (checking for obvious problems).
3.4. Executing FLATTEN pass (flatten design).
3.5. Executing OPT_EXPR pass (perform const folding).
3.6. Executing OPT_CLEAN pass (remove unused cells and wires).
3.7. Executing CHECK pass (checking for obvious problems).
3.8. Executing OPT pass (performing simple optimizations).
3.8.1. Executing OPT_EXPR pass (perform const folding).
3.8.2. Executing OPT_MERGE pass (detect identical cells).
3.8.3. Executing OPT_MUXTREE pass (detect dead branches in mux trees).
3.8.4. Executing OPT_REDUCE pass (consolidate $*mux and $reduce_* inputs).
3.8.5. Executing OPT_MERGE pass (detect identical cells).
3.8.6. Executing OPT_DFF pass (perform DFF optimizations).
3.8.7. Executing OPT_CLEAN pass (remove unused cells and wires).
3.8.8. Executing OPT_EXPR pass (perform const folding).
3.8.9. Rerunning OPT passes. (Maybe there is more to do..)
3.8.10. Executing OPT_MUXTREE pass (detect dead branches in mux trees).
3.8.11. Executing OPT_REDUCE pass (consolidate $*mux and $reduce_* inputs).
3.8.12. Executing OPT_MERGE pass (detect identical cells).
3.8.13. Executing OPT_DFF pass (perform DFF optimizations).
3.8.14. Executing OPT_CLEAN pass (remove unused cells and wires).
3.8.15. Executing OPT_EXPR pass (perform const folding).
3.8.16. Finished fast OPT passes. (There is nothing left to do.)
3.9. Executing FSM pass (extract and optimize FSM).
3.9.1. Executing FSM_DETECT pass (finding FSMs in design).
3.9.2. Executing FSM_EXTRACT pass (extracting FSM from design).
3.9.3. Executing FSM_OPT pass (simple optimizations of FSMs).
3.9.4. Executing OPT_CLEAN pass (remove unused cells and wires).
3.9.5. Executing FSM_OPT pass (simple optimizations of FSMs).
3.9.6. Executing FSM_RECODE pass (re-assigning FSM state encoding).
3.9.7. Executing FSM_INFO pass (dumping all available information on FSM cells).
3.9.8. Executing FSM_MAP pass (mapping FSMs to basic logic).
3.10. Executing OPT pass (performing simple optimizations).
3.10.1. Executing OPT_EXPR pass (perform const folding).
3.10.2. Executing OPT_MERGE pass (detect identical cells).
3.10.3. Executing OPT_MUXTREE pass (detect dead branches in mux trees).
3.10.4. Executing OPT_REDUCE pass (consolidate $*mux and $reduce_* inputs).
3.10.5. Executing OPT_MERGE pass (detect identical cells).
3.10.6. Executing OPT_DFF pass (perform DFF optimizations).
3.10.7. Executing OPT_CLEAN pass (remove unused cells and wires).
3.10.8. Executing OPT_EXPR pass (perform const folding).
3.10.9. Rerunning OPT passes. (Maybe there is more to do..)
3.10.10. Executing OPT_MUXTREE pass (detect dead branches in mux trees).
3.10.11. Executing OPT_REDUCE pass (consolidate $*mux and $reduce_* inputs).
3.10.12. Executing OPT_MERGE pass (detect identical cells).
3.10.13. Executing OPT_DFF pass (perform DFF optimizations).
3.10.14. Executing OPT_CLEAN pass (remove unused cells and wires).
3.10.15. Executing OPT_EXPR pass (perform const folding).
3.10.16. Finished fast OPT passes. (There is nothing left to do.)
3.11. Executing WREDUCE pass (reducing word size of cells).
3.12. Executing PEEPOPT pass (run peephole optimizers).
3.13. Executing OPT_CLEAN pass (remove unused cells and wires).
3.14. Executing ALUMACC pass (create $alu and $macc cells).
3.15. Executing SHARE pass (SAT-based resource sharing).
3.16. Executing OPT pass (performing simple optimizations).
3.16.1. Executing OPT_EXPR pass (perform const folding).
3.16.2. Executing OPT_MERGE pass (detect identical cells).
3.16.3. Executing OPT_MUXTREE pass (detect dead branches in mux trees).
3.16.4. Executing OPT_REDUCE pass (consolidate $*mux and $reduce_* inputs).
3.16.5. Executing OPT_MERGE pass (detect identical cells).
3.16.6. Executing OPT_DFF pass (perform DFF optimizations).
3.16.7. Executing OPT_CLEAN pass (remove unused cells and wires).
3.16.8. Executing OPT_EXPR pass (perform const folding).
3.16.9. Rerunning OPT passes. (Maybe there is more to do..)
3.16.10. Executing OPT_MUXTREE pass (detect dead branches in mux trees).
3.16.11. Executing OPT_REDUCE pass (consolidate $*mux and $reduce_* inputs).
3.16.12. Executing OPT_MERGE pass (detect identical cells).
3.16.13. Executing OPT_DFF pass (perform DFF optimizations).
3.16.14. Executing OPT_CLEAN pass (remove unused cells and wires).
3.16.15. Executing OPT_EXPR pass (perform const folding).
3.16.16. Finished fast OPT passes. (There is nothing left to do.)
3.17. Executing MEMORY pass.
3.17.1. Executing OPT_MEM pass (optimize memories).
3.17.2. Executing OPT_MEM_PRIORITY pass (removing unnecessary memory write priority relations).
3.17.3. Executing OPT_MEM_FEEDBACK pass (finding memory read-to-write feedback paths).
3.17.4. Executing MEMORY_BMUX2ROM pass (converting muxes to ROMs).
3.17.5. Executing MEMORY_DFF pass (merging $dff cells to $memrd).
3.17.6. Executing OPT_CLEAN pass (remove unused cells and wires).
3.17.7. Executing MEMORY_SHARE pass (consolidating $memrd/$memwr cells).
3.17.8. Executing OPT_MEM_WIDEN pass (optimize memories where all ports are wide).
3.17.9. Executing OPT_CLEAN pass (remove unused cells and wires).
3.17.10. Executing MEMORY_COLLECT pass (generating $mem cells).
3.18. Executing OPT_CLEAN pass (remove unused cells and wires).
4. Executing SYNTH pass.
4.1. Executing OPT pass (performing simple optimizations).
4.1.1. Executing OPT_EXPR pass (perform const folding).
4.1.2. Executing OPT_MERGE pass (detect identical cells).
4.1.3. Executing OPT_DFF pass (perform DFF optimizations).
4.1.4. Executing OPT_CLEAN pass (remove unused cells and wires).
4.1.5. Finished fast OPT passes.
4.2. Executing MEMORY_MAP pass (converting memories to logic and flip-flops).
4.3. Executing OPT pass (performing simple optimizations).
4.3.1. Executing OPT_EXPR pass (perform const folding).
4.3.2. Executing OPT_MERGE pass (detect identical cells).
4.3.3. Executing OPT_MUXTREE pass (detect dead branches in mux trees).
4.3.4. Executing OPT_REDUCE pass (consolidate $*mux and $reduce_* inputs).
4.3.5. Executing OPT_MERGE pass (detect identical cells).
4.3.6. Executing OPT_SHARE pass.
4.3.7. Executing OPT_DFF pass (perform DFF optimizations).
4.3.8. Executing OPT_CLEAN pass (remove unused cells and wires).
4.3.9. Executing OPT_EXPR pass (perform const folding).
4.3.10. Rerunning OPT passes. (Maybe there is more to do..)
4.3.11. Executing OPT_MUXTREE pass (detect dead branches in mux trees).
4.3.12. Executing OPT_REDUCE pass (consolidate $*mux and $reduce_* inputs).
4.3.13. Executing OPT_MERGE pass (detect identical cells).
4.3.14. Executing OPT_SHARE pass.
4.3.15. Executing OPT_DFF pass (perform DFF optimizations).
4.3.16. Executing OPT_CLEAN pass (remove unused cells and wires).
4.3.17. Executing OPT_EXPR pass (perform const folding).
4.3.18. Rerunning OPT passes. (Maybe there is more to do..)
4.3.19. Executing OPT_MUXTREE pass (detect dead branches in mux trees).
4.3.20. Executing OPT_REDUCE pass (consolidate $*mux and $reduce_* inputs).
4.3.21. Executing OPT_MERGE pass (detect identical cells).
4.3.22. Executing OPT_SHARE pass.
4.3.23. Executing OPT_DFF pass (perform DFF optimizations).
4.3.24. Executing OPT_CLEAN pass (remove unused cells and wires).
4.3.25. Executing OPT_EXPR pass (perform const folding).
4.3.26. Rerunning OPT passes. (Maybe there is more to do..)
4.3.27. Executing OPT_MUXTREE pass (detect dead branches in mux trees).
4.3.28. Executing OPT_REDUCE pass (consolidate $*mux and $reduce_* inputs).
4.3.29. Executing OPT_MERGE pass (detect identical cells).
4.3.30. Executing OPT_SHARE pass.
4.3.31. Executing OPT_DFF pass (perform DFF optimizations).
4.3.32. Executing OPT_CLEAN pass (remove unused cells and wires).
4.3.33. Executing OPT_EXPR pass (perform const folding).
4.3.34. Finished fast OPT passes. (There is nothing left to do.)
4.4. Executing TECHMAP pass (map to technology primitives).
4.4.1. Executing Verilog-2005 frontend: /OpenROAD-flow-scripts/tools/install/yosys/bin/../share/yosys/techmap.v
4.4.2. Executing Verilog-2005 frontend: /OpenROAD-flow-scripts/flow/platforms/common/lcu_kogge_stone.v
4.4.3. Continuing TECHMAP pass.
4.5. Executing OPT pass (performing simple optimizations).
4.5.1. Executing OPT_EXPR pass (perform const folding).
4.5.2. Executing OPT_MERGE pass (detect identical cells).
4.5.3. Executing OPT_DFF pass (perform DFF optimizations).
4.5.4. Executing OPT_CLEAN pass (remove unused cells and wires).
4.5.5. Finished fast OPT passes.
4.6. Executing HIERARCHY pass (managing design hierarchy).
4.6.1. Analyzing design hierarchy..
4.6.2. Analyzing design hierarchy..
4.7. Printing statistics.
4.8. Executing CHECK pass (checking for obvious problems).
5. Executing OPT pass (performing simple optimizations).
5.1. Executing OPT_EXPR pass (perform const folding).
5.2. Executing OPT_MERGE pass (detect identical cells).
5.3. Executing OPT_MUXTREE pass (detect dead branches in mux trees).
5.4. Executing OPT_REDUCE pass (consolidate $*mux and $reduce_* inputs).
5.5. Executing OPT_MERGE pass (detect identical cells).
5.6. Executing OPT_DFF pass (perform DFF optimizations).
5.7. Executing OPT_CLEAN pass (remove unused cells and wires).
5.8. Executing OPT_EXPR pass (perform const folding).
5.9. Finished fast OPT passes. (There is nothing left to do.)
6. Executing EXTRACT_FA pass (find and extract full/half adders).
7. Executing TECHMAP pass (map to technology primitives).
7.1. Executing Verilog-2005 frontend: /OpenROAD-flow-scripts/flow/platforms/sky130hd/cells_adders_hd.v
7.2. Continuing TECHMAP pass.
8. Executing TECHMAP pass (map to technology primitives).
8.1. Executing Verilog-2005 frontend: /OpenROAD-flow-scripts/tools/install/yosys/bin/../share/yosys/techmap.v
8.2. Continuing TECHMAP pass.
9. Executing OPT pass (performing simple optimizations).
9.1. Executing OPT_EXPR pass (perform const folding).
9.2. Executing OPT_MERGE pass (detect identical cells).
9.3. Executing OPT_DFF pass (perform DFF optimizations).
9.4. Executing OPT_CLEAN pass (remove unused cells and wires).
9.5. Finished fast OPT passes.
10. Executing DFFLEGALIZE pass (convert FFs to types supported by the target).
11. Executing TECHMAP pass (map to technology primitives).
11.1. Executing Verilog-2005 frontend: /OpenROAD-flow-scripts/flow/platforms/sky130hd/cells_latch_hd.v
11.2. Continuing TECHMAP pass.
12. Executing DFFLIBMAP pass (mapping DFF cells to sequential cells from liberty file).
12.1. Executing DFFLEGALIZE pass (convert FFs to types supported by the target).
13. Executing OPT pass (performing simple optimizations).
13.1. Executing OPT_EXPR pass (perform const folding).
13.2. Executing OPT_MERGE pass (detect identical cells).
13.3. Executing OPT_MUXTREE pass (detect dead branches in mux trees).
13.4. Executing OPT_REDUCE pass (consolidate $*mux and $reduce_* inputs).
13.5. Executing OPT_MERGE pass (detect identical cells).
13.6. Executing OPT_DFF pass (perform DFF optimizations).
13.7. Executing OPT_CLEAN pass (remove unused cells and wires).
13.8. Executing OPT_EXPR pass (perform const folding).
13.9. Rerunning OPT passes. (Maybe there is more to do..)
13.10. Executing OPT_MUXTREE pass (detect dead branches in mux trees).
13.11. Executing OPT_REDUCE pass (consolidate $*mux and $reduce_* inputs).
13.12. Executing OPT_MERGE pass (detect identical cells).
13.13. Executing OPT_DFF pass (perform DFF optimizations).
13.14. Executing OPT_CLEAN pass (remove unused cells and wires).
13.15. Executing OPT_EXPR pass (perform const folding).
13.16. Finished fast OPT passes. (There is nothing left to do.)
14. Executing SETUNDEF pass (replace undef values with defined constants).
abc -script /OpenROAD-flow-scripts/flow/scripts/abc_speed.script -liberty /OpenROAD-flow-scripts/flow/platforms/sky130hd/lib/sky130_fd_sc_hd__tt_025C_1v80.lib -dont_use sky130_fd_sc_hd__probe_p_8 -dont_use sky130_fd_sc_hd__probec_p_8 -dont_use sky130_fd_sc_hd__lpflow_bleeder_1 -dont_use sky130_fd_sc_hd__lpflow_clkbufkapwr_1 -dont_use sky130_fd_sc_hd__lpflow_clkbufkapwr_16 -dont_use sky130_fd_sc_hd__lpflow_clkbufkapwr_2 -dont_use sky130_fd_sc_hd__lpflow_clkbufkapwr_4 -dont_use sky130_fd_sc_hd__lpflow_clkbufkapwr_8 -dont_use sky130_fd_sc_hd__lpflow_clkinvkapwr_1 -dont_use sky130_fd_sc_hd__lpflow_clkinvkapwr_16 -dont_use sky130_fd_sc_hd__lpflow_clkinvkapwr_2 -dont_use sky130_fd_sc_hd__lpflow_clkinvkapwr_4 -dont_use sky130_fd_sc_hd__lpflow_clkinvkapwr_8 -dont_use sky130_fd_sc_hd__lpflow_decapkapwr_12 -dont_use sky130_fd_sc_hd__lpflow_decapkapwr_3 -dont_use sky130_fd_sc_hd__lpflow_decapkapwr_4 -dont_use sky130_fd_sc_hd__lpflow_decapkapwr_6 -dont_use sky130_fd_sc_hd__lpflow_decapkapwr_8 -dont_use sky130_fd_sc_hd__lpflow_inputiso0n_1 -dont_use sky130_fd_sc_hd__lpflow_inputiso0p_1 -dont_use sky130_fd_sc_hd__lpflow_inputiso1n_1 -dont_use sky130_fd_sc_hd__lpflow_inputiso1p_1 -dont_use sky130_fd_sc_hd__lpflow_inputisolatch_1 -dont_use sky130_fd_sc_hd__lpflow_isobufsrc_1 -dont_use sky130_fd_sc_hd__lpflow_isobufsrc_16 -dont_use sky130_fd_sc_hd__lpflow_isobufsrc_2 -dont_use sky130_fd_sc_hd__lpflow_isobufsrc_4 -dont_use sky130_fd_sc_hd__lpflow_isobufsrc_8 -dont_use sky130_fd_sc_hd__lpflow_isobufsrckapwr_16 -dont_use sky130_fd_sc_hd__lpflow_lsbuf_lh_hl_isowell_tap_1 -dont_use sky130_fd_sc_hd__lpflow_lsbuf_lh_hl_isowell_tap_2 -dont_use sky130_fd_sc_hd__lpflow_lsbuf_lh_hl_isowell_tap_4 -dont_use sky130_fd_sc_hd__lpflow_lsbuf_lh_isowell_4 -dont_use sky130_fd_sc_hd__lpflow_lsbuf_lh_isowell_tap_1 -dont_use sky130_fd_sc_hd__lpflow_lsbuf_lh_isowell_tap_2 -dont_use sky130_fd_sc_hd__lpflow_lsbuf_lh_isowell_tap_4 -constr ./objects/sky130hd/d_nw03_cand_gemini/base/abc.constr -D 7000
15. Executing ABC pass (technology mapping using ABC).
15.1. Extracting gate netlist of module `\axis_switch_oq' to `<abc-temp-dir>/input.blif'..
15.1.1. Executed ABC.
15.1.2. Re-integrating ABC results.
Took 7 seconds: abc -script /OpenROAD-flow-scripts/flow/scripts/abc_speed.script -liberty /OpenROAD-flow-scripts/flow/platforms/sky130hd/lib/sky130_fd_sc_hd__tt_025C_1v80.lib -dont_use sky130_fd_sc_hd__probe_p_8 -dont_use sky130_fd_sc_hd__probec_p_8 -dont_use sky130_fd_sc_hd__lpflow_bleeder_1 -dont_use sky130_fd_sc_hd__lpflow_clkbufkapwr_1 -dont_use sky130_fd_sc_hd__lpflow_clkbufkapwr_16 -dont_use sky130_fd_sc_hd__lpflow_clkbufkapwr_2 -dont_use sky130_fd_sc_hd__lpflow_clkbufkapwr_4 -dont_use sky130_fd_sc_hd__lpflow_clkbufkapwr_8 -dont_use sky130_fd_sc_hd__lpflow_clkinvkapwr_1 -dont_use sky130_fd_sc_hd__lpflow_clkinvkapwr_16 -dont_use sky130_fd_sc_hd__lpflow_clkinvkapwr_2 -dont_use sky130_fd_sc_hd__lpflow_clkinvkapwr_4 -dont_use sky130_fd_sc_hd__lpflow_clkinvkapwr_8 -dont_use sky130_fd_sc_hd__lpflow_decapkapwr_12 -dont_use sky130_fd_sc_hd__lpflow_decapkapwr_3 -dont_use sky130_fd_sc_hd__lpflow_decapkapwr_4 -dont_use sky130_fd_sc_hd__lpflow_decapkapwr_6 -dont_use sky130_fd_sc_hd__lpflow_decapkapwr_8 -dont_use sky130_fd_sc_hd__lpflow_inputiso0n_1 -dont_use sky130_fd_sc_hd__lpflow_inputiso0p_1 -dont_use sky130_fd_sc_hd__lpflow_inputiso1n_1 -dont_use sky130_fd_sc_hd__lpflow_inputiso1p_1 -dont_use sky130_fd_sc_hd__lpflow_inputisolatch_1 -dont_use sky130_fd_sc_hd__lpflow_isobufsrc_1 -dont_use sky130_fd_sc_hd__lpflow_isobufsrc_16 -dont_use sky130_fd_sc_hd__lpflow_isobufsrc_2 -dont_use sky130_fd_sc_hd__lpflow_isobufsrc_4 -dont_use sky130_fd_sc_hd__lpflow_isobufsrc_8 -dont_use sky130_fd_sc_hd__lpflow_isobufsrckapwr_16 -dont_use sky130_fd_sc_hd__lpflow_lsbuf_lh_hl_isowell_tap_1 -dont_use sky130_fd_sc_hd__lpflow_lsbuf_lh_hl_isowell_tap_2 -dont_use sky130_fd_sc_hd__lpflow_lsbuf_lh_hl_isowell_tap_4 -dont_use sky130_fd_sc_hd__lpflow_lsbuf_lh_isowell_4 -dont_use sky130_fd_sc_hd__lpflow_lsbuf_lh_isowell_tap_1 -dont_use sky130_fd_sc_hd__lpflow_lsbuf_lh_isowell_tap_2 -dont_use sky130_fd_sc_hd__lpflow_lsbuf_lh_isowell_tap_4 -constr ./objects/sky130hd/d_nw03_cand_gemini/base/abc.constr -D 7000
16. Executing SPLITNETS pass (splitting up multi-bit signals).
17. Executing OPT_CLEAN pass (remove unused cells and wires).
18. Executing HILOMAP pass (mapping to constant drivers).
19. Executing INSBUF pass (insert buffer cells for connected wires).
20. Executing CHECK pass (checking for obvious problems).
21. Printing statistics.
22. Executing CHECK pass (checking for obvious problems).
23. Executing Verilog backend.
23.1. Executing BMUXMAP pass.
23.2. Executing DEMUXMAP pass.
End of script. Logfile hash: 2278fa579b, time: 9.79s, user: 2.45s, system: 0.19s, MEM: 112.04 MB peak
Yosys 0.68+post (git sha1 UNKNOWN, Release, GNU /usr/local/bin/wrapped-cc/g++ 11.4.0)
Time spent: 74% 1x abc (7 sec), 5% 26x opt_clean (0 sec), ...
Elapsed time: 0:09.82[h:]min:sec. CPU time: user 9.81 sys 0.24 (102%). Peak memory: 116572KB.
Log                       Ext     Elapsed/s Peak Memory/MB sha1sum result [0:20)
1_2_yosys                 .v              9            113 c574234253c1078ba096
cp /work/domains/networking/design/d_nw03_axis_switch_oq/orfs/constraint.sdc ./results/sky130hd/d_nw03_cand_gemini/base/1_2_yosys.sdc
OpenROAD 26Q3-1080-gab6fd26351 
Features included (+) or not (-): +GPU +GUI +Python
This program is licensed under the BSD-3 license. See the LICENSE file for details.
Components of this program may be licensed under more restrictive licenses which must be honored.
[INFO ORD-0030] Using 16 thread(s).
mkdir -p ./objects/sky130hd/d_nw03_cand_gemini/base
/OpenROAD-flow-scripts/flow/scripts/flow.sh 1_synth synth_odb
Running synth_odb.tcl, stage 1_synth
read_liberty /OpenROAD-flow-scripts/flow/platforms/sky130hd/lib/sky130_fd_sc_hd__tt_025C_1v80.lib
[INFO ODB-0227] LEF file: /OpenROAD-flow-scripts/flow/platforms/sky130hd/lef/sky130_fd_sc_hd.tlef, created 13 layers, 25 vias
[INFO ODB-0227] LEF file: /OpenROAD-flow-scripts/flow/platforms/sky130hd/lef/sky130_fd_sc_hd_merged.lef, created 441 library cells
link_design axis_switch_oq
read_sdc ./results/sky130hd/d_nw03_cand_gemini/base/1_2_yosys.sdc
source /OpenROAD-flow-scripts/flow/platforms/sky130hd/setRC.tcl
eliminate_dead_logic
Removed 0 unused instances and 0 unused nets.
Design area 372247 um^2 100% utilization.
write_db ./results/sky130hd/d_nw03_cand_gemini/base/1_synth.odb
write_sdc -no_timestamp ./results/sky130hd/d_nw03_cand_gemini/base/1_synth.sdc
Elapsed time: 0:00.53[h:]min:sec. CPU time: user 0.49 sys 0.04 (99%). Peak memory: 175376KB.
Log                       Ext     Elapsed/s Peak Memory/MB sha1sum result [0:20)
1_synth                   .odb            0            171 5a5172e6818db0b4bc69
1_synth                   .sdc                             19e6d65f3e7cb7ea713d
/OpenROAD-flow-scripts/flow/scripts/flow.sh 2_1_floorplan floorplan
Running floorplan.tcl, stage 2_1_floorplan
read_liberty /OpenROAD-flow-scripts/flow/platforms/sky130hd/lib/sky130_fd_sc_hd__tt_025C_1v80.lib
read_db ./results/sky130hd/d_nw03_cand_gemini/base/1_synth.odb
read_sdc ./results/sky130hd/d_nw03_cand_gemini/base/1_synth.sdc
source /OpenROAD-flow-scripts/flow/platforms/sky130hd/setRC.tcl
Master sky130_ef_sc_hd__decap_12 is loaded but not used in the design

==========================================================================
Floorplan check_setup
--------------------------------------------------------------------------
number instances in verilog is 15375
[INFO IFP-0107] Defining die area using utilization: 10.00% and aspect ratio: 1.
[WARNING IFP-0028] Core area lower left (1.000, 1.000) snapped to (1.380, 2.720).
[INFO IFP-0001] Added 708 rows of 4193 site unithd.
[INFO IFP-0100] Die BBox:  (  0.000  0.000 ) ( 1931.370 1931.370 ) um
[INFO IFP-0101] Core BBox: (  1.380  2.720 ) ( 1930.160 1928.480 ) um
[INFO IFP-0102] Core area:                      3714367.373 um^2
[INFO IFP-0103] Total instances area:            372247.014 um^2
[INFO IFP-0104] Effective utilization:                0.100
[INFO IFP-0105] Number of instances:                  15375
source /OpenROAD-flow-scripts/flow/platforms/sky130hd/make_tracks.tcl
source /OpenROAD-flow-scripts/flow/platforms/sky130hd/fastroute.tcl
Repair tie lo fanout...
Repair tie hi fanout...
repair_timing -setup_margin 0 -hold_margin 0 -repair_tns 100 -match_cell_footprint -setup -skip_last_gasp -sequence unbuffer,sizeup,swap,vt_swap -verbose
[WARNING EST-0027] no estimated parasitics. Using wire load models.
[INFO RSZ-0100] Repair move sequence: UnbufferMove SizeUpMove SwapPinsMove 
[INFO RSZ-0098] No setup violations found
[INFO RSZ-0505] Runtime: 0.16s
Default units for flow
 time 1ns
 capacitance 1pF
 resistance 1kohm
 voltage 1v
 current 1mA
 power 1nW
 distance 1um
   Layer   | Unit Resistance | Unit Capacitance 
           |       (kohm/um) |          (pF/um)
------------------------------------------------
       li1 |        7.18e-02 |         1.50e-04
      met1 |        1.21e-03 |         1.72e-04
      met2 |        1.22e-03 |         1.36e-04
      met3 |        1.66e-04 |         2.15e-04
      met4 |        1.68e-04 |         1.48e-04
      met5 |        1.84e-05 |         1.54e-04
------------------------------------------------

   Layer   | Via Resistance 
           |         (kohm) 
----------------------------
      mcon |       9.25e-03 
       via |       4.50e-03 
      via2 |       3.37e-03 
      via3 |       3.77e-04 
      via4 |       5.80e-06 
----------------------------
Report metrics stage 2, floorplan final...

==========================================================================
floorplan final report_design_area
--------------------------------------------------------------------------
Design area 372247 um^2 10% utilization.
write_db ./results/sky130hd/d_nw03_cand_gemini/base/2_1_floorplan.odb
write_sdc -no_timestamp ./results/sky130hd/d_nw03_cand_gemini/base/2_1_floorplan.sdc
Elapsed time: 0:03.69[h:]min:sec. CPU time: user 3.63 sys 1.02 (125%). Peak memory: 214108KB.
Log                       Ext     Elapsed/s Peak Memory/MB sha1sum result [0:20)
2_1_floorplan             .odb            3            209 c4d8921366b7b3a40650
2_1_floorplan             .sdc                             19e6d65f3e7cb7ea713d
/OpenROAD-flow-scripts/flow/scripts/flow.sh 2_2_floorplan_macro macro_place
Running macro_place.tcl, stage 2_2_floorplan_macro
read_liberty /OpenROAD-flow-scripts/flow/platforms/sky130hd/lib/sky130_fd_sc_hd__tt_025C_1v80.lib
read_db ./results/sky130hd/d_nw03_cand_gemini/base/2_1_floorplan.odb
read_sdc ./results/sky130hd/d_nw03_cand_gemini/base/2_1_floorplan.sdc
source /OpenROAD-flow-scripts/flow/platforms/sky130hd/setRC.tcl
No macros found: Skipping macro_placement
Design area 372247 um^2 10% utilization.
write_db ./results/sky130hd/d_nw03_cand_gemini/base/2_2_floorplan_macro.odb
Elapsed time: 0:00.36[h:]min:sec. CPU time: user 0.31 sys 0.05 (99%). Peak memory: 152896KB.
Log                       Ext     Elapsed/s Peak Memory/MB sha1sum result [0:20)
2_2_floorplan_macro       .odb            0            149 c4d8921366b7b3a40650
/OpenROAD-flow-scripts/flow/scripts/flow.sh 2_3_floorplan_tapcell tapcell
Running tapcell.tcl, stage 2_3_floorplan_tapcell
read_liberty /OpenROAD-flow-scripts/flow/platforms/sky130hd/lib/sky130_fd_sc_hd__tt_025C_1v80.lib
read_db ./results/sky130hd/d_nw03_cand_gemini/base/2_2_floorplan_macro.odb
read_sdc ./results/sky130hd/d_nw03_cand_gemini/base/2_1_floorplan.sdc
source /OpenROAD-flow-scripts/flow/platforms/sky130hd/setRC.tcl
[INFO TAP-0005] Inserted 49345 tapcells.
Design area 433987 um^2 12% utilization.
write_db ./results/sky130hd/d_nw03_cand_gemini/base/2_3_floorplan_tapcell.odb
Elapsed time: 0:00.42[h:]min:sec. CPU time: user 0.39 sys 0.02 (99%). Peak memory: 170476KB.
Log                       Ext     Elapsed/s Peak Memory/MB sha1sum result [0:20)
2_3_floorplan_tapcell     .odb            0            166 ffd62a13ecb63dbc79a4
/OpenROAD-flow-scripts/flow/scripts/flow.sh 2_4_floorplan_pdn pdn
Running pdn.tcl, stage 2_4_floorplan_pdn
read_liberty /OpenROAD-flow-scripts/flow/platforms/sky130hd/lib/sky130_fd_sc_hd__tt_025C_1v80.lib
read_db ./results/sky130hd/d_nw03_cand_gemini/base/2_3_floorplan_tapcell.odb
read_sdc ./results/sky130hd/d_nw03_cand_gemini/base/2_1_floorplan.sdc
source /OpenROAD-flow-scripts/flow/platforms/sky130hd/setRC.tcl
[WARNING PDN-1051] No instances found for grid (CORE_macro_grid_1).
[WARNING PDN-1051] No instances found for grid (CORE_macro_grid_2).
[INFO PDN-0001] Inserting grid: grid
[INFO PDN-0500] Runtime: 1.14s
Design area 433987 um^2 12% utilization.
write_db ./results/sky130hd/d_nw03_cand_gemini/base/2_4_floorplan_pdn.odb
Elapsed time: 0:02.20[h:]min:sec. CPU time: user 2.08 sys 0.12 (99%). Peak memory: 344484KB.
Log                       Ext     Elapsed/s Peak Memory/MB sha1sum result [0:20)
2_4_floorplan_pdn         .odb            2            336 d128e2d721405a5a53e2
cp ./results/sky130hd/d_nw03_cand_gemini/base/2_4_floorplan_pdn.odb ./results/sky130hd/d_nw03_cand_gemini/base/2_floorplan.odb
cp ./results/sky130hd/d_nw03_cand_gemini/base/2_1_floorplan.sdc ./results/sky130hd/d_nw03_cand_gemini/base/2_floorplan.sdc
/OpenROAD-flow-scripts/flow/scripts/flow.sh 3_1_place_gp_skip_io global_place_skip_io
Running global_place_skip_io.tcl, stage 3_1_place_gp_skip_io
read_liberty /OpenROAD-flow-scripts/flow/platforms/sky130hd/lib/sky130_fd_sc_hd__tt_025C_1v80.lib
read_db ./results/sky130hd/d_nw03_cand_gemini/base/2_floorplan.odb
read_sdc ./results/sky130hd/d_nw03_cand_gemini/base/2_floorplan.sdc
source /OpenROAD-flow-scripts/flow/platforms/sky130hd/setRC.tcl
global_placement -skip_io -density 0.5 -pad_left 0 -pad_right 0
[INFO GPL-0001] ---- Initialize GPL Main Data Structures
[INFO GPL-0002] DBU: 1000
[INFO GPL-0003] SiteSize: (  0.460  2.720 ) um
[INFO GPL-0004] CoreBBox: (  1.380  2.720 ) ( 1930.160 1928.480 ) um
[INFO GPL-0016] Core area:                  3714367.373 um^2
[INFO GPL-0036] Movable instances area:     372247.014 um^2
[INFO GPL-0037] Total instances area:       433987.478 um^2
[INFO GPL-0035] Pin density area adjust:      6596.964 um^2
[INFO GPL-0032] ---- Initialize Region: Top-level
[INFO GPL-0006] Number of instances:             64720
[INFO GPL-0007] Movable instances:               15375
[INFO GPL-0008] Fixed instances:                 49345
[INFO GPL-0009] Dummy instances:                     0
[INFO GPL-0010] Number of nets:                  15621
[INFO GPL-0011] Number of pins:                  67797
[INFO GPL-0012] Die BBox:       (  0.000  0.000 ) ( 1931.370 1931.370 ) um
[INFO GPL-0013] Placement BBox: (  1.380  2.720 ) ( 1930.160 1928.480 ) um
[INFO GPL-0014] Region name: top-level.
[INFO GPL-0015] Region area:                3714367.373 um^2
[INFO GPL-0017] Fixed instances area:        61740.464 um^2
[INFO GPL-0018] Movable instances area:     378843.979 um^2
[INFO GPL-0019] Utilization:                    10.372 %
[INFO GPL-0020] Standard cells area:        378843.979 um^2
[INFO GPL-0021] Large instances area:            0.000 um^2
[INFO GPL-0005] ---- Execute Conjugate Gradient Initial Placement.
[INFO GPL-0051] Source of initial instance position counters:
	Odb location = 0	Core center = 15375	Region center = 0
[INFO GPL-0033] ---- Initialize Nesterov Region: Top-level
[INFO GPL-0023] Placement target density:       0.5000
[INFO GPL-0024] Movable insts average area:     24.640 um^2
[INFO GPL-0025] Ideal bin area:                 49.281 um^2
[INFO GPL-0026] Ideal bin count:                 75371
[INFO GPL-0027] Total bin area:             3714367.373 um^2
[INFO GPL-0028] Bin count (X, Y):         256 ,    256
[INFO GPL-0029] Bin size (W * H):       7.534 *  7.522 um
[INFO GPL-0030] Number of bins:                  65536
[INFO GPL-0084] ---- Execute Nesterov Global Placement.
[INFO GPL-0031] HPWL: Half-Perimeter Wirelength
Iteration | Overflow |     HPWL (um) |  HPWL(%) |   Penalty | Group
---------------------------------------------------------------
        0 |   0.9996 |  5.102576e+04 |   +0.00% |  5.43e-16 |      
       10 |   0.9991 |  1.058100e+04 |  -79.26% |  8.85e-16 |      
       20 |   0.9991 |  9.583141e+03 |   -9.43% |  1.44e-15 |      
       30 |   0.9991 |  9.723949e+03 |   +1.47% |  2.35e-15 |      
       40 |   0.9991 |  9.613058e+03 |   -1.14% |  3.83e-15 |      
       50 |   0.9991 |  9.490840e+03 |   -1.27% |  6.23e-15 |      
       60 |   0.9991 |  9.396976e+03 |   -0.99% |  1.02e-14 |      
       70 |   0.9991 |  9.239584e+03 |   -1.67% |  1.65e-14 |      
       80 |   0.9991 |  9.250543e+03 |   +0.12% |  2.69e-14 |      
       90 |   0.9990 |  9.979659e+03 |   +7.88% |  4.39e-14 |      
      100 |   0.9989 |  1.280745e+04 |  +28.34% |  7.14e-14 |      
      110 |   0.9979 |  1.980280e+04 |  +54.62% |  1.16e-13 |      
      120 |   0.9968 |  3.300719e+04 |  +66.68% |  1.89e-13 |      
      130 |   0.9954 |  4.994489e+04 |  +51.32% |  3.08e-13 |      
      140 |   0.9926 |  6.558874e+04 |  +31.32% |  5.00e-13 |      
      150 |   0.9905 |  8.014151e+04 |  +22.19% |  8.13e-13 |      
      160 |   0.9864 |  9.991804e+04 |  +24.68% |  1.32e-12 |      
      170 |   0.9770 |  1.274082e+05 |  +27.51% |  2.15e-12 |      
      180 |   0.9663 |  1.619749e+05 |  +27.13% |  3.48e-12 |      
      190 |   0.9518 |  1.999860e+05 |  +23.47% |  5.65e-12 |      
      200 |   0.9346 |  2.342028e+05 |  +17.11% |  9.17e-12 |      
      210 |   0.9169 |  2.739724e+05 |  +16.98% |  1.49e-11 |      
      220 |   0.8944 |  3.322497e+05 |  +21.27% |  2.41e-11 |      
      230 |   0.8656 |  3.801085e+05 |  +14.40% |  3.90e-11 |      
      240 |   0.8361 |  4.289899e+05 |  +12.86% |  6.32e-11 |      
      250 |   0.8025 |  4.662170e+05 |   +8.68% |  1.03e-10 |      
      260 |   0.7667 |  5.116545e+05 |   +9.75% |  1.66e-10 |      
      270 |   0.7260 |  5.389733e+05 |   +5.34% |  2.70e-10 |      
      280 |   0.6879 |  5.549480e+05 |   +2.96% |  4.39e-10 |      
      290 |   0.6421 |  5.648967e+05 |   +1.79% |  7.14e-10 |      
      300 |   0.5991 |  5.743615e+05 |   +1.68% |  1.16e-09 |      
      310 |   0.5554 |  5.830818e+05 |   +1.52% |  1.89e-09 |      
      320 |   0.5081 |  5.909923e+05 |   +1.36% |  3.08e-09 |      
      330 |   0.4499 |  5.942641e+05 |   +0.55% |  5.01e-09 |      
      340 |   0.4038 |  5.973581e+05 |   +0.52% |  8.16e-09 |      
      350 |   0.3576 |  6.006608e+05 |   +0.55% |  1.33e-08 |      
      360 |   0.3145 |  6.010711e+05 |   +0.07% |  2.02e-08 |      
      370 |   0.2817 |  6.032819e+05 |   +0.37% |  2.97e-08 |      
      380 |   0.2533 |  6.072905e+05 |   +0.66% |  4.37e-08 |      
      390 |   0.2290 |  6.094861e+05 |   +0.36% |  6.44e-08 |      
      400 |   0.2108 |  6.104211e+05 |   +0.15% |  9.49e-08 |      
      410 |   0.1905 |  6.108374e+05 |   +0.07% |  1.40e-07 |      
      420 |   0.1719 |  6.084554e+05 |   -0.39% |  2.06e-07 |      
      430 |   0.1519 |  6.094743e+05 |   +0.17% |  3.03e-07 |      
      440 |   0.1372 |  6.124362e+05 |   +0.49% |  4.47e-07 |      
      450 |   0.1227 |  6.162629e+05 |   +0.62% |  6.58e-07 |      
      460 |   0.1090 |  6.221767e+05 |   +0.96% |  9.68e-07 |      
      469 |   0.0998 |  6.277084e+05 |          |  1.43e-06 |      
---------------------------------------------------------------
[INFO GPL-1001] Global placement finished at iteration 469
[INFO GPL-1002] Placed Cell Area            378843.9787
[INFO GPL-1003] Available Free Area         3652626.9088
[INFO GPL-1004] Minimum Feasible Density        0.1100 (cell_area / free_area)
[INFO GPL-1006]   Suggested Target Densities:
[INFO GPL-1007]     - For 90% usage of free space: 0.1152
[INFO GPL-1008]     - For 80% usage of free space: 0.1296
[INFO GPL-1009]     - For 50% usage of free space: 0.2074
[INFO GPL-1014] Final placement area: 378843.98 (+0.00%)
Took 8 seconds: global_placement -skip_io -density 0.5 -pad_left 0 -pad_right 0
Design area 433987 um^2 12% utilization.
write_db ./results/sky130hd/d_nw03_cand_gemini/base/3_1_place_gp_skip_io.odb
Elapsed time: 0:08.26[h:]min:sec. CPU time: user 117.64 sys 0.21 (1426%). Peak memory: 244988KB.
Log                       Ext     Elapsed/s Peak Memory/MB sha1sum result [0:20)
3_1_place_gp_skip_io      .odb            8            239 7c487ae747c666e18b92
/OpenROAD-flow-scripts/flow/scripts/flow.sh 3_2_place_iop io_placement
Running io_placement.tcl, stage 3_2_place_iop
read_liberty /OpenROAD-flow-scripts/flow/platforms/sky130hd/lib/sky130_fd_sc_hd__tt_025C_1v80.lib
read_db ./results/sky130hd/d_nw03_cand_gemini/base/3_1_place_gp_skip_io.odb
read_sdc ./results/sky130hd/d_nw03_cand_gemini/base/2_floorplan.sdc
source /OpenROAD-flow-scripts/flow/platforms/sky130hd/setRC.tcl
place_pins -hor_layers met3 -ver_layers met2
Found 0 macro blocks.
Using 2 tracks default min distance between IO pins.
[INFO PPL-0001] Number of available slots 7026
[INFO PPL-0002] Number of I/O             322
[INFO PPL-0003] Number of I/O w/sink      322
[INFO PPL-0004] Number of I/O w/o sink    0
[INFO PPL-0005] Slots per section         200
[INFO PPL-0008] Successfully assigned pins to sections.
[INFO PPL-0012] I/O nets HPWL: 335029.84 um.
Design area 433987 um^2 12% utilization.
write_db ./results/sky130hd/d_nw03_cand_gemini/base/3_2_place_iop.odb
Elapsed time: 0:00.53[h:]min:sec. CPU time: user 0.47 sys 0.06 (99%). Peak memory: 225008KB.
Log                       Ext     Elapsed/s Peak Memory/MB sha1sum result [0:20)
3_2_place_iop             .odb            0            219 1fbc7130093b3a9cb6f0
/OpenROAD-flow-scripts/flow/scripts/flow.sh 3_3_place_gp global_place
Running global_place.tcl, stage 3_3_place_gp
read_liberty /OpenROAD-flow-scripts/flow/platforms/sky130hd/lib/sky130_fd_sc_hd__tt_025C_1v80.lib
read_db ./results/sky130hd/d_nw03_cand_gemini/base/3_2_place_iop.odb
read_sdc ./results/sky130hd/d_nw03_cand_gemini/base/2_floorplan.sdc
source /OpenROAD-flow-scripts/flow/platforms/sky130hd/setRC.tcl
[INFO RSZ-0026] Removed 810 buffers.
Perform port buffering...
[INFO RSZ-0027] Inserted 165 sky130_fd_sc_hd__clkdlybuf4s50_1 input buffers.
[INFO RSZ-0028] Inserted 156 sky130_fd_sc_hd__clkdlybuf4s50_1 output buffers.
global_placement -density 0.5 -pad_left 0 -pad_right 0 -routability_driven -timing_driven -force_center_initial_place -min_phi_coef 0.95 -max_phi_coef 1.05
[INFO GPL-0001] ---- Initialize GPL Main Data Structures
[INFO GPL-0002] DBU: 1000
[INFO GPL-0003] SiteSize: (  0.460  2.720 ) um
[INFO GPL-0004] CoreBBox: (  1.380  2.720 ) ( 1930.160 1928.480 ) um
[INFO GPL-0016] Core area:                  3714367.373 um^2
[INFO GPL-0036] Movable instances area:     372095.619 um^2
[INFO GPL-0037] Total instances area:       433836.083 um^2
[INFO GPL-0035] Pin density area adjust:      6599.625 um^2
[INFO GPL-0032] ---- Initialize Region: Top-level
[INFO GPL-0006] Number of instances:             64231
[INFO GPL-0007] Movable instances:               14886
[INFO GPL-0008] Fixed instances:                 49345
[INFO GPL-0009] Dummy instances:                     0
[INFO GPL-0010] Number of nets:                  15132
[INFO GPL-0011] Number of pins:                  67141
[INFO GPL-0012] Die BBox:       (  0.000  0.000 ) ( 1931.370 1931.370 ) um
[INFO GPL-0013] Placement BBox: (  1.380  2.720 ) ( 1930.160 1928.480 ) um
[INFO GPL-0014] Region name: top-level.
[INFO GPL-0015] Region area:                3714367.373 um^2
[INFO GPL-0017] Fixed instances area:        61740.464 um^2
[INFO GPL-0018] Movable instances area:     378695.244 um^2
[INFO GPL-0019] Utilization:                    10.368 %
[INFO GPL-0020] Standard cells area:        378695.244 um^2
[INFO GPL-0021] Large instances area:            0.000 um^2
[INFO GPL-0005] ---- Execute Conjugate Gradient Initial Placement.
[INFO GPL-0051] Source of initial instance position counters:
	Odb location = 0	Core center = 14886	Region center = 0
[InitialPlace]  Iter: 1 conjugate gradient residual: 0.00002319 HPWL: 958740686
[InitialPlace]  Iter: 2 conjugate gradient residual: 0.00001126 HPWL: 568616724
[InitialPlace]  Iter: 3 conjugate gradient residual: 0.00002975 HPWL: 570371152
[InitialPlace]  Iter: 4 conjugate gradient residual: 0.00008875 HPWL: 569994359
[InitialPlace]  Iter: 5 conjugate gradient residual: 0.00005818 HPWL: 569240006
[InitialPlace]  Iter: 6 conjugate gradient residual: 0.00009764 HPWL: 568926044
[InitialPlace]  Iter: 7 conjugate gradient residual: 0.00002980 HPWL: 568373122
[InitialPlace]  Iter: 8 conjugate gradient residual: 0.00033838 HPWL: 568483734
[InitialPlace]  Iter: 9 conjugate gradient residual: 0.00007811 HPWL: 568110605
[InitialPlace]  Iter: 10 conjugate gradient residual: 0.00012228 HPWL: 568164287
[InitialPlace]  Iter: 11 conjugate gradient residual: 0.00002753 HPWL: 568091584
[InitialPlace]  Iter: 12 conjugate gradient residual: 0.00001079 HPWL: 568141170
[InitialPlace]  Iter: 13 conjugate gradient residual: 0.00002409 HPWL: 567927587
[InitialPlace]  Iter: 14 conjugate gradient residual: 0.00001931 HPWL: 568065227
[InitialPlace]  Iter: 15 conjugate gradient residual: 0.00001114 HPWL: 567954234
[InitialPlace]  Iter: 16 conjugate gradient residual: 0.00000761 HPWL: 568077803
[INFO GPL-0033] ---- Initialize Nesterov Region: Top-level
[INFO GPL-0023] Placement target density:       0.5000
[INFO GPL-0024] Movable insts average area:     25.440 um^2
[INFO GPL-0025] Ideal bin area:                 50.879 um^2
[INFO GPL-0026] Ideal bin count:                 73003
[INFO GPL-0027] Total bin area:             3714367.373 um^2
[INFO GPL-0028] Bin count (X, Y):         256 ,    256
[INFO GPL-0029] Bin size (W * H):       7.534 *  7.522 um
[INFO GPL-0030] Number of bins:                  65536
[INFO GPL-0084] ---- Execute Nesterov Global Placement.
[INFO GPL-0031] HPWL: Half-Perimeter Wirelength
Iteration | Overflow |     HPWL (um) |  HPWL(%) |   Penalty | Group
---------------------------------------------------------------
        0 |   0.9910 |  3.575891e+05 |   +0.00% |  1.04e-16 |      
       10 |   0.9713 |  5.148970e+05 |  +43.99% |  1.66e-16 |      
       20 |   0.9562 |  5.285703e+05 |   +2.66% |  2.70e-16 |      
       30 |   0.9419 |  5.407189e+05 |   +2.30% |  4.39e-16 |      
       40 |   0.9328 |  5.457587e+05 |   +0.93% |  7.14e-16 |      
       50 |   0.9274 |  5.468451e+05 |   +0.20% |  1.16e-15 |      
       60 |   0.9256 |  5.473884e+05 |   +0.10% |  1.89e-15 |      
       70 |   0.9252 |  5.472400e+05 |   -0.03% |  3.09e-15 |      
       80 |   0.9266 |  5.467677e+05 |   -0.09% |  5.03e-15 |      
       90 |   0.9282 |  5.466105e+05 |   -0.03% |  8.19e-15 |      
      100 |   0.9281 |  5.471527e+05 |   +0.10% |  1.33e-14 |      
      110 |   0.9277 |  5.477815e+05 |   +0.11% |  2.17e-14 |      
      120 |   0.9270 |  5.486543e+05 |   +0.16% |  3.54e-14 |      
      130 |   0.9266 |  5.497043e+05 |   +0.19% |  5.76e-14 |      
      140 |   0.9267 |  5.500568e+05 |   +0.06% |  9.39e-14 |      
      150 |   0.9262 |  5.510819e+05 |   +0.19% |  1.53e-13 |      
      160 |   0.9255 |  5.518757e+05 |   +0.14% |  2.49e-13 |      
      170 |   0.9248 |  5.533066e+05 |   +0.26% |  4.06e-13 |      
      180 |   0.9231 |  5.555954e+05 |   +0.41% |  6.60e-13 |      
      190 |   0.9209 |  5.590613e+05 |   +0.62% |  1.08e-12 |      
      200 |   0.9176 |  5.646115e+05 |   +0.99% |  1.75e-12 |      
      210 |   0.9120 |  5.720990e+05 |   +1.33% |  2.85e-12 |      
      220 |   0.9029 |  5.823980e+05 |   +1.80% |  4.64e-12 |      
      230 |   0.8911 |  5.924822e+05 |   +1.73% |  7.54e-12 |      
      240 |   0.8777 |  5.982309e+05 |   +0.97% |  1.23e-11 |      
      250 |   0.8580 |  6.122250e+05 |   +2.34% |  2.00e-11 |      
      260 |   0.8349 |  6.387615e+05 |   +4.33% |  3.24e-11 |      
      270 |   0.8096 |  6.369040e+05 |   -0.29% |  5.28e-11 |      
      280 |   0.7780 |  6.597403e+05 |   +3.59% |  8.59e-11 |      
      290 |   0.7448 |  6.582598e+05 |   -0.22% |  1.40e-10 |      
      300 |   0.7045 |  6.766915e+05 |   +2.80% |  2.27e-10 |      
      310 |   0.6624 |  6.770945e+05 |   +0.06% |  3.70e-10 |      
[INFO GPL-0100] Timing-driven iteration 1/2, virtual: false.
[INFO GPL-0101]    Iter: 318, overflow: 0.633, keep resizer changes at: 1, HPWL: 671397468
Iteration |   Area    | Resized | Buffers | Nets repaired | Remaining
---------------------------------------------------------------------
        0 |     +0.0% |       0 |       0 |             0 |     15132
    final |     +3.6% |     577 |     644 |           536 |         0
---------------------------------------------------------------------
[INFO RSZ-0034] Found 579 slew violations.
[INFO RSZ-0036] Found 242 capacitance violations.
[INFO RSZ-0039] Resized 577 instances.
[INFO RSZ-0038] Inserted 644 buffers in 536 nets.
   Iter   |    Area   | Removed | Inserted |   Pins
          |           | Buffers | Buffers  | Remaining
-------------------------------------------------------
        0 |     +0.0% |       0 |        0 |     14966
     1400 |     +0.7% |     476 |      828 |     13566
     2800 |     +0.7% |     547 |      924 |     12166
     4200 |     +0.7% |     547 |      924 |     10766
     5600 |     +0.7% |     547 |      934 |      9366
     7000 |     +0.7% |     547 |      934 |      7966
     8400 |     +0.8% |     547 |      936 |      6566
     9800 |     +0.8% |     547 |      936 |      5166
    11200 |     +0.8% |     547 |      937 |      3766
    12600 |     +0.8% |     547 |      937 |      2366
    14000 |     +0.8% |     547 |      938 |       966
    final |     -0.2% |     799 |     1136 |         0
-------------------------------------------------------
[INFO GPL-0106] Timing-driven: worst slack 7.726664e-10
[INFO GPL-0107] Timing-driven: repair_design delta area: 14323.938 um^2 (+3.78%)
[INFO GPL-0108] Timing-driven: repair_design, gpl delta gcells: 981 (+6.59%)
[INFO GPL-0109] Timing-driven: repair_design, gcells created: 1780, deleted: 799
[INFO GPL-0110] Timing-driven: new target density: 0.50392157
Iteration | Overflow |     HPWL (um) |  HPWL(%) |   Penalty | Group
---------------------------------------------------------------
      320 |   0.6256 |  7.308989e+05 |   +7.95% |  5.99e-10 |      
      330 |   0.6169 |  7.851100e+05 |   +7.42% |  9.70e-10 |      
[INFO GPL-0038] Routability snapshot saved at iter = 334
      333 |   0.5990 |  7.962015e+05 |          |           |      
      340 |   0.5425 |  8.051189e+05 |   +2.55% |  1.58e-09 |      
      350 |   0.5080 |  8.086383e+05 |   +0.44% |  2.56e-09 |      
      360 |   0.4680 |  8.028548e+05 |   -0.72% |  4.18e-09 |      
      370 |   0.4215 |  8.009144e+05 |   -0.24% |  6.80e-09 |      
      380 |   0.3770 |  8.029752e+05 |   +0.26% |  1.11e-08 |      
      390 |   0.3364 |  8.038704e+05 |   +0.11% |  1.77e-08 |      
      400 |   0.3092 |  8.072922e+05 |   +0.43% |  2.60e-08 |      
[INFO GPL-0040] Routability iteration: 1
[WARNING GRT-0281] Net clk_i has a large fanout of 9717 terminals.
[INFO GPL-0041] Total routing overflow: 1.8674
[INFO GPL-0042] Number of overflowed tiles: 19 (0.02%)
[INFO GPL-0043] Average top 0.5% routing congestion: 0.8734
[INFO GPL-0044] Average top 1.0% routing congestion: 0.8355
[INFO GPL-0045] Average top 2.0% routing congestion: 0.7967
[INFO GPL-0046] Average top 5.0% routing congestion: 0.7361
[INFO GPL-0047] Routability iteration weighted routing congestion: 0.8545
[INFO GPL-0050] Weighted routing congestion is lower than target routing congestion(1.0100), end routability optimization.
[INFO GPL-0090] Routability finished. Target routing congestion achieved succesfully.
Iteration | Overflow |     HPWL (um) |  HPWL(%) |   Penalty | Group
---------------------------------------------------------------
      410 |   0.2779 |  8.083928e+05 |   +0.14% |  3.83e-08 |      
      420 |   0.2514 |  8.085803e+05 |   +0.02% |  5.65e-08 |      
      430 |   0.2245 |  8.088447e+05 |   +0.03% |  8.32e-08 |      
      440 |   0.1997 |  8.098409e+05 |   +0.12% |  1.23e-07 |      
[INFO GPL-0100] Timing-driven iteration 2/2, virtual: false.
[INFO GPL-0101]    Iter: 444, overflow: 0.193, keep resizer changes at: 1, HPWL: 810153412
Iteration |   Area    | Resized | Buffers | Nets repaired | Remaining
---------------------------------------------------------------------
        0 |     +0.0% |       0 |       0 |             0 |     16113
    final |     +0.1% |      12 |      15 |            20 |         0
---------------------------------------------------------------------
[INFO RSZ-0034] Found 19 slew violations.
[INFO RSZ-0036] Found 5 capacitance violations.
[INFO RSZ-0039] Resized 12 instances.
[INFO RSZ-0038] Inserted 15 buffers in 20 nets.
   Iter   |    Area   | Removed | Inserted |   Pins
          |           | Buffers | Buffers  | Remaining
-------------------------------------------------------
        0 |     +0.0% |       0 |        0 |     14966
     1400 |     -1.0% |     679 |      403 |     13566
     2800 |     -1.1% |     777 |      450 |     12166
     4200 |     -1.1% |     777 |      450 |     10766
     5600 |     -1.1% |     789 |      461 |      9366
     7000 |     -1.1% |     789 |      461 |      7966
     8400 |     -1.1% |     791 |      463 |      6566
     9800 |     -1.1% |     791 |      463 |      5166
    11200 |     -1.1% |     792 |      463 |      3766
    12600 |     -1.1% |     792 |      463 |      2366
    14000 |     -1.1% |     793 |      463 |       966
    final |     -0.7% |     996 |      859 |         0
-------------------------------------------------------
[INFO GPL-0106] Timing-driven: worst slack 1.6532953e-10
[INFO GPL-0107] Timing-driven: repair_design delta area: -3009.536 um^2 (-0.77%)
[INFO GPL-0108] Timing-driven: repair_design, gpl delta gcells: -122 (-0.77%)
[INFO GPL-0109] Timing-driven: repair_design, gcells created: 874, deleted: 996
[INFO GPL-0110] Timing-driven: new target density: 0.5030976
Iteration | Overflow |     HPWL (um) |  HPWL(%) |   Penalty | Group
---------------------------------------------------------------
      450 |   0.1796 |  8.673365e+05 |   +7.10% |  1.79e-07 |      
      460 |   0.1565 |  8.604366e+05 |   -0.80% |  2.64e-07 |      
      470 |   0.1347 |  8.594607e+05 |   -0.11% |  3.89e-07 |      
      480 |   0.1190 |  8.570483e+05 |   -0.28% |  5.74e-07 |      
      490 |   0.1048 |  8.580735e+05 |   +0.12% |  8.45e-07 |      
      493 |   0.1000 |  8.577471e+05 |          |  9.86e-07 |      
---------------------------------------------------------------
[INFO GPL-1001] Global placement finished at iteration 493
[INFO GPL-1017] Routability mode iteration count: 70
[INFO GPL-1005] Routability final weighted congestion: 0.8215
[INFO GPL-1002] Placed Cell Area            390009.6454
[INFO GPL-1003] Available Free Area         3652626.9088
[INFO GPL-1004] Minimum Feasible Density        0.1100 (cell_area / free_area)
[INFO GPL-1006]   Suggested Target Densities:
[INFO GPL-1007]     - For 90% usage of free space: 0.1186
[INFO GPL-1008]     - For 80% usage of free space: 0.1335
[INFO GPL-1009]     - For 50% usage of free space: 0.2136
[INFO GPL-1011] Original area (um^2): 378695.24
[INFO GPL-1012] Total routability artificial inflation: 0.00 (+0.00%)
[INFO GPL-1013] Total timing-driven delta area: 11314.40 (+2.99%)
[INFO GPL-1014] Final placement area: 390009.65 (+2.99%)
Took 21 seconds: global_placement -density 0.5 -pad_left 0 -pad_right 0 -routability_driven -timing_driven -force_center_initial_place -min_phi_coef 0.95 -max_phi_coef 1.05
estimate_parasitics -placement
Report metrics stage 3, global place...

==========================================================================
global place report_design_area
--------------------------------------------------------------------------
Design area 445741 um^2 12% utilization.
write_db ./results/sky130hd/d_nw03_cand_gemini/base/3_3_place_gp.odb
Elapsed time: 0:26.05[h:]min:sec. CPU time: user 150.37 sys 7.75 (606%). Peak memory: 667228KB.
Log                       Ext     Elapsed/s Peak Memory/MB sha1sum result [0:20)
3_3_place_gp              .odb           26            651 d97c39ce113800bcf5fb
/OpenROAD-flow-scripts/flow/scripts/flow.sh 3_4_place_resized resize
Running resize.tcl, stage 3_4_place_resized
read_liberty /OpenROAD-flow-scripts/flow/platforms/sky130hd/lib/sky130_fd_sc_hd__tt_025C_1v80.lib
read_db ./results/sky130hd/d_nw03_cand_gemini/base/3_3_place_gp.odb
read_sdc ./results/sky130hd/d_nw03_cand_gemini/base/2_floorplan.sdc
source /OpenROAD-flow-scripts/flow/platforms/sky130hd/setRC.tcl
estimate_parasitics -placement
Perform buffer insertion and gate resizing...
repair_design -verbose -match_cell_footprint
Iteration |   Area    | Resized | Buffers | Nets repaired | Remaining
---------------------------------------------------------------------
        0 |     +0.0% |       0 |       0 |             0 |     15991
     1000 |     +0.0% |      12 |       0 |             2 |     14991
     2000 |     +0.0% |      12 |       1 |             3 |     13991
     3000 |     +0.0% |      12 |       1 |             3 |     12991
     4000 |     +0.0% |      12 |       1 |             3 |     11991
     5000 |     +0.0% |      12 |       1 |             3 |     10991
     6000 |     +0.0% |      12 |       1 |             3 |      9991
     7000 |     +0.0% |      12 |       1 |             3 |      8991
     8000 |     +0.0% |      12 |       1 |             3 |      7991
     9000 |     +0.0% |      12 |       1 |             3 |      6991
    10000 |     +0.0% |      12 |       1 |             3 |      5991
    11000 |     +0.0% |      12 |       1 |             3 |      4991
    12000 |     +0.0% |      12 |       1 |             3 |      3991
    13000 |     +0.0% |      12 |       1 |             3 |      2991
    14000 |     +0.0% |      12 |       1 |             3 |      1991
    15000 |     +0.0% |      12 |       1 |             3 |       991
    final |     +0.0% |      12 |       1 |             3 |         0
---------------------------------------------------------------------
[INFO RSZ-0034] Found 12 slew violations.
[INFO RSZ-0036] Found 1 capacitance violations.
[INFO RSZ-0039] Resized 12 instances.
[INFO RSZ-0038] Inserted 1 buffers in 3 nets.
[INFO RSZ-0504] Runtime: 0.99s
Floating nets: 
Report metrics stage 3, resizer...

==========================================================================
resizer report_design_area
--------------------------------------------------------------------------
Design area 445793 um^2 12% utilization.
Instance count before 65090, after 65091
Pin count before 68537, after 68539
write_db ./results/sky130hd/d_nw03_cand_gemini/base/3_4_place_resized.odb
Elapsed time: 0:08.67[h:]min:sec. CPU time: user 9.90 sys 5.14 (173%). Peak memory: 365448KB.
Log                       Ext     Elapsed/s Peak Memory/MB sha1sum result [0:20)
3_4_place_resized         .odb            8            356 6f3b4dce365234b59693
/OpenROAD-flow-scripts/flow/scripts/flow.sh 3_5_place_dp detail_place
Running detail_place.tcl, stage 3_5_place_dp
read_liberty /OpenROAD-flow-scripts/flow/platforms/sky130hd/lib/sky130_fd_sc_hd__tt_025C_1v80.lib
read_db ./results/sky130hd/d_nw03_cand_gemini/base/3_4_place_resized.odb
read_sdc ./results/sky130hd/d_nw03_cand_gemini/base/2_floorplan.sdc
source /OpenROAD-flow-scripts/flow/platforms/sky130hd/setRC.tcl
detailed_placement
[INFO DPL-0006] Core area: 3714367.37 um^2
[INFO DPL-0007] Movable instances area: 384052.09 um^2
[INFO DPL-0008] Fixed instances area within core: 61740.46 um^2
[INFO DPL-0009] Utilization: 12.0%
[INFO DPL-0005] Diamond search max displacement: +/- 500 sites horizontally, +/- 100 rows vertically.
[INFO DPL-1102] Legalizing using negotiation legalizer.
[INFO DPL-1103] Negotiation base search window: +/-20 sites horizontally, +/-5 rows vertically 
	Automatic search window extension enabled.
	Search window extendable up to the max displacement cap of +/-500 sites, +/-100 rows near walls.
[INFO DPL-1104] NegotiationLegalizer DRC penalty: 5.
[INFO DPL-0392] Negotiation cell height distribution (1 unique row-count(s)):
[INFO DPL-0393]   height 1 row(s): 65091 cells
          |      Total |  Illegal |  Illegal
Iteration | Violations |    Cells |    Sites
---------------------------------------------
        0 |        187 |        49 |       138
        1 |          0 |         0 |         0
Negotiation phase 1 converged at iteration 1.
[INFO DPL-0500] Runtime: 0.31s
Placement Analysis
---------------------------------
total displacement      64239.4 u
average displacement        1.0 u
max displacement           23.6 u
original HPWL          856260.6 u
legalized HPWL         908461.0 u
delta HPWL                    6 %

improve_placement -max_displacement "5 1"
Detailed placement improvement.
[INFO DPL-0401] Setting random seed to 1.
[INFO DPL-0402] Setting maximum displacement 5 1 to 13600 2720 units.
[INFO DPL-0320] Collected 49667 fixed cells.
[INFO DPL-0318] Collected 15746 single height cells.
[INFO DPL-0321] Collected 0 wide cells.
[INFO DPL-0322] Image (1380, 2720) - (1930160, 1928480)
[INFO DPL-0310] Assigned 15746 cells into segments.  Movement in X-direction is 0.000000, movement in Y-direction is 0.000000.
[INFO DPL-0313] Found 0 cells in wrong regions.
[INFO DPL-0315] Found 0 row alignment problems.
[INFO DPL-0314] Found 0 site alignment problems.
[INFO DPL-0311] Found 0 overlaps between adjacent cells.
[INFO DPL-0312] Found 0 edge spacing violations and 0 padding violations.
[INFO DPL-0303] Running algorithm for independent set matching.
[INFO DPL-0300] Set matching objective is wirelength.
[INFO DPL-0301] Pass   1 of matching; objective is 9.082922e+08.
[INFO DPL-0302] End of matching; objective is 9.082002e+08, improvement is 0.01 percent.
[INFO DPL-0303] Running algorithm for global swaps.
[INFO DPL-0306] Pass   1 of global swaps; hpwl is 9.009757e+08.
[INFO DPL-0307] End of global swaps; objective is 9.009757e+08, improvement is 0.80 percent.
[INFO DPL-0303] Running algorithm for vertical swaps.
[INFO DPL-0308] Pass   1 of vertical swaps; hpwl is 8.984964e+08.
[INFO DPL-0309] End of vertical swaps; objective is 8.984964e+08, improvement is 0.28 percent.
[INFO DPL-0303] Running algorithm for reordering.
[INFO DPL-0304] Pass   1 of reordering; objective is 8.984185e+08.
[INFO DPL-0305] End of reordering; objective is 8.984185e+08, improvement is 0.01 percent.
[INFO DPL-0303] Running algorithm for random improvement.
[INFO DPL-0324] Random improver is using random generator.
[INFO DPL-0325] Random improver is using hpwl objective.
[INFO DPL-0326] Random improver cost string is (a).
[INFO DPL-0332] End of pass, Generator random called 314920 times.
[INFO DPL-0335] Generator random, Cumulative attempts 314920, swaps 51978, moves 65660 since last reset.
[INFO DPL-0333] End of pass, Objective hpwl, Initial cost 8.959466e+08, Scratch cost 8.884848e+08, Incremental cost 8.884848e+08, Mismatch? N
[INFO DPL-0338] End of pass, Total cost is 8.884848e+08.
[INFO DPL-0327] Pass   1 of random improver; improvement in cost is 0.83 percent.
[INFO DPL-0328] End of random improver; improvement is 0.832849 percent.
[INFO DPL-0380] Cell flipping.
[INFO DPL-0382] Changed 0 cell orientations for row compatibility.
[INFO DPL-0383] Performed 1730 cell flips.
[INFO DPL-0384] End of flipping; objective is 8.853735e+08, improvement is 0.63 percent.
[INFO DPL-0313] Found 0 cells in wrong regions.
[INFO DPL-0315] Found 0 row alignment problems.
[INFO DPL-0314] Found 0 site alignment problems.
[INFO DPL-0311] Found 0 overlaps between adjacent cells.
[INFO DPL-0312] Found 0 edge spacing violations and 0 padding violations.
Detailed Improvement Results
------------------------------------------
Original HPWL           908461.0 u (  372086.1,   536374.9)
Final HPWL              885520.4 u (  362800.1,   522720.3)
Delta HPWL                  -2.5 % (      -2.5,       -2.5)

optimize_mirroring
[INFO DPL-0020] Mirrored 410 instances
[INFO DPL-0021] HPWL before          885520.4 u
[INFO DPL-0022] HPWL after           885278.9 u
[INFO DPL-0023] HPWL delta               -0.0 %
[INFO FLW-0012] Placement violations .
estimate_parasitics -placement
Report metrics stage 3, detailed place...

==========================================================================
detailed place report_design_area
--------------------------------------------------------------------------
Design area 445793 um^2 12% utilization.
write_db ./results/sky130hd/d_nw03_cand_gemini/base/3_5_place_dp.odb
write_sdc -no_timestamp ./results/sky130hd/d_nw03_cand_gemini/base/3_place.sdc
Elapsed time: 0:10.31[h:]min:sec. CPU time: user 11.45 sys 5.45 (163%). Peak memory: 443764KB.
Log                       Ext     Elapsed/s Peak Memory/MB sha1sum result [0:20)
3_5_place_dp              .odb           10            433 54a1f566ee6044d26822
cp ./results/sky130hd/d_nw03_cand_gemini/base/3_5_place_dp.odb ./results/sky130hd/d_nw03_cand_gemini/base/3_place.odb
/OpenROAD-flow-scripts/flow/scripts/flow.sh 4_1_cts cts
Running cts.tcl, stage 4_1_cts
read_liberty /OpenROAD-flow-scripts/flow/platforms/sky130hd/lib/sky130_fd_sc_hd__tt_025C_1v80.lib
read_db ./results/sky130hd/d_nw03_cand_gemini/base/3_place.odb
read_sdc ./results/sky130hd/d_nw03_cand_gemini/base/3_place.sdc
source /OpenROAD-flow-scripts/flow/platforms/sky130hd/setRC.tcl
clock_tree_synthesis -sink_clustering_enable -repair_clock_nets
[INFO CTS-0050] Root buffer is sky130_fd_sc_hd__clkbuf_16.
[INFO CTS-0051] Sink buffer is sky130_fd_sc_hd__clkbuf_16.
[INFO CTS-0052] The following clock buffers will be used for CTS:
                    sky130_fd_sc_hd__clkbuf_16
[INFO CTS-0049] Characterization buffer is sky130_fd_sc_hd__clkbuf_16.
[INFO CTS-0007] Net "clk_i" found for clock "core_clock".
[INFO CTS-0010]  Clock net "clk_i" has 9716 sinks.
[INFO CTS-0008] TritonCTS found 1 clock nets.
[INFO CTS-0097] Characterization used 1 buffer(s) types.
[INFO CTS-0201] 0 blockages from hard placement blockages and placed macros will be used.
[INFO CTS-0027] Generating H-Tree topology for net clk_i.
[INFO CTS-0028]  Total number of sinks: 9716.
[INFO CTS-0090]  Sinks will be clustered based on buffer max cap.
[INFO CTS-0030]  Number of static layers: 0.
[INFO CTS-0020]  Wire segment unit: 13600  dbu (13 um).
[INFO CTS-0206] Best clustering solution was found from max clustering size of 16 and max clustering diameter of 143.
[INFO CTS-0019]  Total number of sinks after clustering: 827.
[INFO CTS-0024]  Normalized sink region: [(32.2094, 31.0261), (96.214, 140.762)].
[INFO CTS-0025]     Width:  64.0045.
[INFO CTS-0026]     Height: 109.7357.
 Level 1
    Direction: Vertical
    Sinks per sub-region: 414
    Sub-region size: 64.0045 X 54.8678
[INFO CTS-0034]     Segment length (rounded): 28.
 Level 2
    Direction: Horizontal
    Sinks per sub-region: 207
    Sub-region size: 32.0023 X 54.8678
[INFO CTS-0034]     Segment length (rounded): 16.
 Level 3
    Direction: Vertical
    Sinks per sub-region: 104
    Sub-region size: 32.0023 X 27.4339
[INFO CTS-0034]     Segment length (rounded): 14.
 Level 4
    Direction: Horizontal
    Sinks per sub-region: 52
    Sub-region size: 16.0011 X 27.4339
[INFO CTS-0034]     Segment length (rounded): 8.
 Level 5
    Direction: Vertical
    Sinks per sub-region: 26
    Sub-region size: 16.0011 X 13.7170
[INFO CTS-0034]     Segment length (rounded): 6.
 Level 6
    Direction: Horizontal
    Sinks per sub-region: 13
    Sub-region size: 8.0006 X 13.7170
[INFO CTS-0034]     Segment length (rounded): 4.
[INFO CTS-0038]  Stop criterion found. Sink region hpwl is smaller than max wirelength (1911.535 um) and max number of sinks is 15.
[INFO CTS-0035]  Number of sinks covered: 827.
[INFO CTS-0018]     Created 902 clock buffers.
[INFO CTS-0012]     Minimum number of buffers in the clock path: 5.
[INFO CTS-0013]     Maximum number of buffers in the clock path: 5.
[INFO CTS-0015]     Created 902 clock nets.
[INFO CTS-0016]     Fanout distribution for the current clock = 3:1, 4:1, 5:4, 6:2, 7:7, 8:10, 9:26, 10:109, 11:194, 12:245, 13:171, 14:87, 15:23, 16:3, 17:4, 18:1, 19:3..
[INFO CTS-0017]     Max level of the clock tree: 6.
[INFO CTS-0098] Clock net "clk_i"
[INFO CTS-0099]  Sinks 10494
[INFO CTS-0100]  Leaf buffers 827
[INFO CTS-0101]  Average sink wire length 2141.68 um
[INFO CTS-0102]  Path depth 4 - 5
[INFO CTS-0207]  Dummy loads inserted 778
[INFO CTS-0500] Runtime: 1.43s
estimate_parasitics -placement
detailed_placement
[INFO DPL-0006] Core area: 3714367.37 um^2
[INFO DPL-0007] Movable instances area: 414049.61 um^2
[INFO DPL-0008] Fixed instances area within core: 61740.46 um^2
[INFO DPL-0009] Utilization: 12.8%
[INFO DPL-0005] Diamond search max displacement: +/- 500 sites horizontally, +/- 100 rows vertically.
[INFO DPL-1102] Legalizing using negotiation legalizer.
[INFO DPL-1103] Negotiation base search window: +/-20 sites horizontally, +/-5 rows vertically 
	Automatic search window extension enabled.
	Search window extendable up to the max displacement cap of +/-500 sites, +/-100 rows near walls.
[INFO DPL-1104] NegotiationLegalizer DRC penalty: 5.
[INFO DPL-0392] Negotiation cell height distribution (1 unique row-count(s)):
[INFO DPL-0393]   height 1 row(s): 66771 cells
          |      Total |  Illegal |  Illegal
Iteration | Violations |    Cells |    Sites
---------------------------------------------
        0 |         42 |        10 |        32
        1 |          0 |         0 |         0
Negotiation phase 1 converged at iteration 1.
[INFO DPL-0500] Runtime: 0.29s
Placement Analysis
---------------------------------
total displacement      23588.3 u
average displacement        0.4 u
max displacement           22.4 u
original HPWL          956072.5 u
legalized HPWL         965480.7 u
delta HPWL                    1 %

estimate_parasitics -placement
repair_timing -setup_margin 0 -hold_margin 0 -repair_tns 100 -match_cell_footprint -verbose
[INFO RSZ-0100] Repair move sequence: UnbufferMove SizeUpMove SwapPinsMove BufferMove CloneMove SplitLoadMove 
[INFO RSZ-0094] Found 146 endpoints with setup violations.
[INFO RSZ-0099] Repairing 146 out of 146 (100.00%) violating endpoints...
   Iter   | Removed | Resized | Inserted | Cloned |  Pin  |   Area   |    WNS   |   StTNS    |   EnTNS    |  Viol  |  Worst  
          | Buffers |  Gates  | Buffers  |  Gates | Swaps |          |          |            |            | Endpts | St/EnPt 
------------------------------------------------------------------------------------------------------------------------------
       0* |       0 |       0 |        0 |      0 |     0 |    +0.0% |   -1.148 |      -92.0 |      -85.3 |    146 | m_data_o[68]
      10* |       0 |       9 |        0 |      0 |     0 |    +0.0% |   -0.914 |      -77.5 |      -75.4 |    146 | m_data_o[41]
      20* |       0 |      18 |        0 |      0 |     1 |    +0.0% |   -0.810 |      -67.7 |      -73.1 |    146 | m_data_o[119]
      30* |       0 |      28 |        0 |      0 |     1 |    +0.0% |   -0.727 |      -61.0 |      -69.2 |    146 | m_data_o[125]
      40* |       0 |      38 |        0 |      0 |     1 |    +0.0% |   -0.698 |      -55.0 |      -66.6 |    146 | m_data_o[34]
      50* |       0 |      46 |        0 |      0 |     3 |    +0.0% |   -0.673 |      -51.9 |      -63.4 |    146 | m_data_o[43]
      60* |       0 |      55 |        1 |      0 |     3 |    +0.1% |   -0.586 |      -37.3 |      -47.5 |    146 | m_data_o[43]
      70* |       0 |      62 |        2 |      0 |     5 |    +0.1% |   -0.540 |      -35.3 |      -38.9 |    146 | m_data_o[42]
      80* |       0 |      71 |        2 |      1 |     5 |    +0.1% |   -0.462 |      -31.7 |      -37.2 |    146 | m_data_o[88]
      90* |       0 |      79 |        4 |      1 |     6 |    +0.1% |   -0.438 |      -27.3 |      -35.1 |    146 | m_data_o[63]
     100* |       0 |      87 |        5 |      2 |     6 |    +0.1% |   -0.397 |      -23.3 |      -30.8 |    146 | m_data_o[24]
     110* |       0 |      95 |        8 |      3 |     6 |    +0.1% |   -0.364 |      -19.3 |      -29.1 |    146 | m_data_o[113]
     120* |       0 |     105 |        8 |      3 |     6 |    +0.1% |   -0.341 |      -17.2 |      -26.9 |    146 | m_data_o[107]
     130* |       0 |     114 |        9 |      3 |     6 |    +0.2% |   -0.303 |      -15.2 |      -22.5 |    146 | m_keep_o[12]
     140* |       0 |     119 |       13 |      4 |     8 |    +0.2% |   -0.268 |      -10.5 |      -19.2 |    146 | m_data_o[42]
     146* |       0 |     122 |       14 |      4 |    10 |    +0.2% |   -0.235 |       -8.3 |      -15.0 |    146 | m_keep_o[15]
     150* |       0 |     124 |       14 |      4 |    11 |    +0.2% |   -0.235 |       -7.7 |      -14.7 |    146 | m_keep_o[15]
     159* |       0 |     128 |       17 |      5 |    13 |    +0.2% |   -0.235 |       -6.5 |      -13.4 |    146 | m_keep_o[15]
     160* |       0 |     128 |       17 |      5 |    13 |    +0.2% |   -0.235 |       -6.5 |      -13.4 |    146 | m_keep_o[15]
     170* |       0 |     132 |       22 |      6 |    16 |    +0.2% |   -0.235 |       -3.8 |       -9.3 |    146 | m_data_o[45]
     170* |       0 |     132 |       22 |      6 |    16 |    +0.2% |   -0.235 |       -3.8 |       -9.3 |    146 | m_data_o[45]
     173* |       0 |     133 |       22 |      6 |    17 |    +0.2% |   -0.235 |       -3.8 |       -9.3 |    146 | m_data_o[45]
     174* |       0 |     133 |       22 |      6 |    17 |    +0.2% |   -0.235 |       -3.8 |       -9.3 |    146 | m_data_o[45]
     177* |       0 |     134 |       22 |      6 |    18 |    +0.2% |   -0.235 |       -3.8 |       -9.3 |    146 | m_data_o[45]
     180* |       0 |     134 |       23 |      6 |    19 |    +0.2% |   -0.235 |       -3.7 |       -9.3 |    146 | m_data_o[45]
     185* |       0 |     137 |       24 |      7 |    19 |    +0.2% |   -0.235 |       -3.4 |       -8.4 |    146 | m_data_o[45]
     186* |       0 |     137 |       24 |      7 |    19 |    +0.2% |   -0.235 |       -3.4 |       -8.4 |    146 | m_data_o[45]
     187* |       0 |     137 |       24 |      7 |    19 |    +0.2% |   -0.235 |       -3.4 |       -8.4 |    146 | m_data_o[45]
     188* |       0 |     137 |       24 |      7 |    19 |    +0.2% |   -0.235 |       -3.4 |       -8.4 |    146 | m_data_o[45]
     190* |       0 |     138 |       24 |      7 |    19 |    +0.2% |   -0.235 |       -3.4 |       -8.2 |    146 | m_data_o[45]
     190* |       0 |     138 |       24 |      7 |    19 |    +0.2% |   -0.235 |       -3.4 |       -8.2 |    146 | m_data_o[45]
     191* |       0 |     138 |       24 |      7 |    19 |    +0.2% |   -0.235 |       -3.4 |       -8.2 |    146 | m_data_o[45]
     192* |       0 |     138 |       24 |      7 |    19 |    +0.2% |   -0.235 |       -3.4 |       -8.2 |    146 | m_data_o[45]
     193* |       0 |     138 |       24 |      7 |    19 |    +0.2% |   -0.235 |       -3.4 |       -8.2 |    146 | m_data_o[45]
     197* |       0 |     139 |       24 |      7 |    19 |    +0.2% |   -0.235 |       -3.4 |       -8.2 |    146 | m_data_o[45]
     200* |       0 |     141 |       24 |      7 |    19 |    +0.2% |   -0.281 |       -3.6 |       -8.1 |    146 | m_data_o[45]
     208* |       0 |     147 |       25 |      7 |    20 |    +0.3% |   -0.158 |       -1.9 |       -5.3 |    146 | m_data_o[30]
     210* |       0 |     148 |       25 |      7 |    20 |    +0.3% |   -0.158 |       -2.0 |       -5.2 |    146 | m_data_o[30]
     210* |       0 |     148 |       25 |      7 |    20 |    +0.3% |   -0.158 |       -2.0 |       -5.2 |    146 | m_data_o[30]
     211* |       0 |     148 |       25 |      7 |    20 |    +0.3% |   -0.158 |       -2.0 |       -5.2 |    146 | m_data_o[30]
     212* |       0 |     148 |       25 |      7 |    20 |    +0.3% |   -0.158 |       -2.0 |       -5.2 |    146 | m_data_o[30]
     213* |       0 |     148 |       25 |      7 |    20 |    +0.3% |   -0.158 |       -2.0 |       -5.2 |    146 | m_data_o[30]
     217* |       0 |     150 |       25 |      7 |    21 |    +0.3% |   -0.158 |       -1.9 |       -5.1 |    146 | m_data_o[30]
     218* |       0 |     150 |       25 |      7 |    21 |    +0.3% |   -0.158 |       -1.9 |       -5.1 |    146 | m_data_o[30]
     220* |       0 |     151 |       25 |      7 |    21 |    +0.3% |   -0.158 |       -1.9 |       -5.1 |    146 | m_data_o[30]
     220* |       0 |     151 |       25 |      7 |    21 |    +0.3% |   -0.158 |       -1.9 |       -5.1 |    146 | m_data_o[30]
     221* |       0 |     151 |       25 |      7 |    21 |    +0.3% |   -0.158 |       -1.9 |       -5.1 |    146 | m_data_o[30]
     222* |       0 |     151 |       25 |      7 |    21 |    +0.3% |   -0.158 |       -1.9 |       -5.1 |    146 | m_data_o[30]
     225* |       0 |     152 |       25 |      7 |    22 |    +0.3% |   -0.158 |       -1.9 |       -5.1 |    146 | m_data_o[30]
     226* |       0 |     152 |       25 |      7 |    22 |    +0.3% |   -0.158 |       -1.9 |       -5.1 |    146 | m_data_o[30]
     227* |       0 |     152 |       25 |      7 |    22 |    +0.3% |   -0.158 |       -1.9 |       -5.1 |    146 | m_data_o[30]
     228* |       0 |     152 |       25 |      7 |    22 |    +0.3% |   -0.158 |       -1.9 |       -5.1 |    146 | m_data_o[30]
     230* |       0 |     153 |       25 |      7 |    22 |    +0.3% |   -0.158 |       -1.9 |       -4.1 |    146 | m_data_o[30]
     232* |       0 |     155 |       25 |      7 |    22 |    +0.3% |   -0.158 |       -1.9 |       -4.0 |    146 | m_data_o[30]
     233* |       0 |     155 |       25 |      7 |    22 |    +0.3% |   -0.158 |       -1.9 |       -4.0 |    146 | m_data_o[30]
     234* |       0 |     155 |       25 |      7 |    22 |    +0.3% |   -0.158 |       -1.9 |       -4.0 |    146 | m_data_o[30]
     235* |       0 |     155 |       25 |      7 |    22 |    +0.3% |   -0.158 |       -1.9 |       -4.0 |    146 | m_data_o[30]
     236* |       0 |     155 |       25 |      7 |    22 |    +0.3% |   -0.158 |       -1.9 |       -4.0 |    146 | m_data_o[30]
     238* |       0 |     156 |       25 |      7 |    22 |    +0.3% |   -0.158 |       -1.9 |       -3.9 |    146 | m_data_o[30]
     239* |       0 |     156 |       25 |      7 |    22 |    +0.3% |   -0.158 |       -1.9 |       -3.9 |    146 | m_data_o[30]
     240* |       0 |     156 |       25 |      7 |    22 |    +0.3% |   -0.158 |       -1.9 |       -3.9 |    146 | m_data_o[30]
     247* |       0 |     158 |       29 |      8 |    23 |    +0.3% |   -0.158 |       -1.4 |       -3.2 |    146 | m_data_o[30]
     248* |       0 |     158 |       29 |      8 |    23 |    +0.3% |   -0.158 |       -1.4 |       -3.2 |    146 | m_data_o[30]
     249* |       0 |     158 |       29 |      8 |    23 |    +0.3% |   -0.158 |       -1.4 |       -3.2 |    146 | m_data_o[30]
     250* |       0 |     158 |       29 |      8 |    23 |    +0.3% |   -0.158 |       -1.4 |       -3.2 |    146 | m_data_o[30]
     251* |       0 |     159 |       29 |      8 |    23 |    +0.3% |   -0.158 |       -1.4 |       -3.1 |    146 | m_data_o[30]
     252* |       0 |     159 |       29 |      8 |    23 |    +0.3% |   -0.158 |       -1.4 |       -3.1 |    146 | m_data_o[30]
     253* |       0 |     159 |       29 |      8 |    23 |    +0.3% |   -0.158 |       -1.4 |       -3.1 |    146 | m_data_o[30]
     254* |       0 |     159 |       29 |      8 |    23 |    +0.3% |   -0.158 |       -1.4 |       -3.1 |    146 | m_data_o[30]
     255* |       0 |     159 |       29 |      8 |    23 |    +0.3% |   -0.158 |       -1.4 |       -3.1 |    146 | m_data_o[30]
     256* |       0 |     159 |       29 |      8 |    23 |    +0.3% |   -0.158 |       -1.4 |       -3.1 |    146 | m_data_o[30]
     258* |       0 |     159 |       29 |      8 |    24 |    +0.3% |   -0.158 |       -1.4 |       -3.1 |    146 | m_data_o[30]
     260* |       0 |     160 |       29 |      8 |    24 |    +0.3% |   -0.158 |       -1.4 |       -3.1 |    146 | m_data_o[30]
     260* |       0 |     160 |       29 |      8 |    24 |    +0.3% |   -0.158 |       -1.4 |       -3.1 |    146 | m_data_o[30]
     262* |       0 |     161 |       29 |      8 |    24 |    +0.3% |   -0.158 |       -1.4 |       -3.1 |    146 | m_data_o[30]
     263* |       0 |     161 |       29 |      8 |    24 |    +0.3% |   -0.158 |       -1.4 |       -3.1 |    146 | m_data_o[30]
     264* |       0 |     161 |       29 |      8 |    24 |    +0.3% |   -0.158 |       -1.4 |       -3.1 |    146 | m_data_o[30]
     265* |       0 |     161 |       29 |      8 |    24 |    +0.3% |   -0.158 |       -1.4 |       -3.1 |    146 | m_data_o[30]
     266* |       0 |     161 |       29 |      8 |    24 |    +0.3% |   -0.158 |       -1.4 |       -3.1 |    146 | m_data_o[30]
     268* |       0 |     162 |       29 |      8 |    24 |    +0.3% |   -0.158 |       -1.4 |       -3.0 |    146 | m_data_o[30]
     270* |       0 |     162 |       29 |      8 |    25 |    +0.3% |   -0.150 |       -1.3 |       -2.7 |    146 | m_data_o[30]
     275* |       0 |     165 |       29 |     10 |    25 |    +0.3% |   -0.095 |       -0.8 |       -0.5 |    146 | m_data_o[32]
     277* |       0 |     166 |       29 |     10 |    25 |    +0.3% |   -0.095 |       -0.8 |       -0.5 |    146 | m_data_o[32]
     278* |       0 |     166 |       29 |     10 |    25 |    +0.3% |   -0.095 |       -0.8 |       -0.5 |    146 | m_data_o[32]
     279* |       0 |     166 |       29 |     10 |    25 |    +0.3% |   -0.095 |       -0.8 |       -0.5 |    146 | m_data_o[32]
     280* |       0 |     166 |       29 |     10 |    25 |    +0.3% |   -0.095 |       -0.8 |       -0.5 |    146 | m_data_o[32]
     280* |       0 |     166 |       29 |     10 |    25 |    +0.3% |   -0.095 |       -0.8 |       -0.5 |    146 | m_data_o[32]
     281* |       0 |     166 |       29 |     10 |    25 |    +0.3% |   -0.095 |       -0.8 |       -0.5 |    146 | m_data_o[32]
     282* |       0 |     166 |       29 |     10 |    25 |    +0.3% |   -0.095 |       -0.8 |       -0.5 |    146 | m_data_o[32]
     283* |       0 |     166 |       29 |     10 |    25 |    +0.3% |   -0.095 |       -0.8 |       -0.5 |    146 | m_data_o[32]
     284* |       0 |     166 |       29 |     10 |    25 |    +0.3% |   -0.095 |       -0.8 |       -0.5 |    146 | m_data_o[32]
     285* |       0 |     166 |       29 |     10 |    25 |    +0.3% |   -0.095 |       -0.8 |       -0.5 |    146 | m_data_o[32]
     286* |       0 |     166 |       29 |     10 |    25 |    +0.3% |   -0.095 |       -0.8 |       -0.5 |    146 | m_data_o[32]
     287* |       0 |     166 |       29 |     10 |    25 |    +0.3% |   -0.095 |       -0.8 |       -0.5 |    146 | m_data_o[32]
     288* |       0 |     166 |       29 |     10 |    25 |    +0.3% |   -0.095 |       -0.8 |       -0.5 |    146 | m_data_o[32]
     289* |       0 |     166 |       29 |     10 |    25 |    +0.3% |   -0.095 |       -0.8 |       -0.5 |    146 | m_data_o[32]
     290* |       0 |     166 |       29 |     10 |    25 |    +0.3% |   -0.095 |       -0.8 |       -0.5 |    146 | m_data_o[32]
     290* |       0 |     166 |       29 |     10 |    25 |    +0.3% |   -0.095 |       -0.8 |       -0.5 |    146 | m_data_o[32]
     291* |       0 |     166 |       29 |     10 |    25 |    +0.3% |   -0.095 |       -0.8 |       -0.5 |    146 | m_data_o[32]
     293* |       0 |     166 |       29 |     10 |    26 |    +0.3% |   -0.095 |       -0.8 |       -0.5 |    146 | m_data_o[32]
     294* |       0 |     166 |       29 |     10 |    26 |    +0.3% |   -0.095 |       -0.8 |       -0.5 |    146 | m_data_o[32]
     295* |       0 |     166 |       29 |     10 |    26 |    +0.3% |   -0.095 |       -0.8 |       -0.5 |    146 | m_data_o[32]
     296* |       0 |     166 |       29 |     10 |    26 |    +0.3% |   -0.095 |       -0.8 |       -0.5 |    146 | m_data_o[32]
     297* |       0 |     166 |       29 |     10 |    26 |    +0.3% |   -0.095 |       -0.8 |       -0.5 |    146 | m_data_o[32]
     298* |       0 |     166 |       29 |     10 |    26 |    +0.3% |   -0.095 |       -0.8 |       -0.5 |    146 | m_data_o[32]
     299* |       0 |     166 |       29 |     10 |    26 |    +0.3% |   -0.095 |       -0.8 |       -0.5 |    146 | m_data_o[32]
     300* |       0 |     166 |       29 |     10 |    26 |    +0.3% |   -0.095 |       -0.8 |       -0.5 |    146 | m_data_o[32]
     301* |       0 |     166 |       29 |     10 |    26 |    +0.3% |   -0.095 |       -0.8 |       -0.5 |    146 | m_data_o[32]
     303* |       0 |     166 |       29 |     10 |    26 |    +0.3% |   -0.095 |       -0.8 |       -0.5 |    146 | m_data_o[32]
     304* |       0 |     166 |       29 |     10 |    26 |    +0.3% |   -0.095 |       -0.8 |       -0.5 |    146 | m_data_o[32]
     305* |       0 |     166 |       29 |     10 |    26 |    +0.3% |   -0.095 |       -0.8 |       -0.5 |    146 | m_data_o[32]
     306* |       0 |     166 |       29 |     10 |    26 |    +0.3% |   -0.095 |       -0.8 |       -0.5 |    146 | m_data_o[32]
     307* |       0 |     166 |       29 |     10 |    26 |    +0.3% |   -0.095 |       -0.8 |       -0.5 |    146 | m_data_o[32]
     308* |       0 |     166 |       29 |     10 |    26 |    +0.3% |   -0.095 |       -0.8 |       -0.5 |    146 | m_data_o[32]
     309* |       0 |     166 |       29 |     10 |    26 |    +0.3% |   -0.095 |       -0.8 |       -0.5 |    146 | m_data_o[32]
     310* |       0 |     166 |       29 |     10 |    26 |    +0.3% |   -0.095 |       -0.8 |       -0.5 |    146 | m_data_o[32]
     311* |       0 |     167 |       29 |     10 |    26 |    +0.3% |   -0.095 |       -0.8 |       -0.5 |    146 | m_data_o[32]
     312* |       0 |     167 |       29 |     10 |    26 |    +0.3% |   -0.095 |       -0.8 |       -0.5 |    146 | m_data_o[32]
     313* |       0 |     167 |       29 |     10 |    26 |    +0.3% |   -0.095 |       -0.8 |       -0.5 |    146 | m_data_o[32]
     314* |       0 |     167 |       29 |     10 |    26 |    +0.3% |   -0.095 |       -0.8 |       -0.5 |    146 | m_data_o[32]
     315* |       0 |     167 |       29 |     10 |    26 |    +0.3% |   -0.095 |       -0.8 |       -0.5 |    146 | m_data_o[32]
     316* |       0 |     167 |       29 |     10 |    26 |    +0.3% |   -0.095 |       -0.8 |       -0.5 |    146 | m_data_o[32]
     320* |       0 |     169 |       29 |     10 |    27 |    +0.3% |   -0.076 |       -0.6 |       -0.3 |    146 | m_data_o[32]
     321* |       0 |     169 |       29 |     10 |    28 |    +0.3% |   -0.067 |       -0.6 |       -0.2 |    146 | m_data_o[32]
     322* |       0 |     169 |       29 |     10 |    28 |    +0.3% |   -0.067 |       -0.6 |       -0.2 |    146 | m_data_o[32]
     323* |       0 |     169 |       29 |     10 |    28 |    +0.3% |   -0.067 |       -0.6 |       -0.2 |    146 | m_data_o[32]
     325* |       0 |     170 |       29 |     10 |    28 |    +0.3% |   -0.067 |       -0.6 |       -0.2 |    146 | m_data_o[32]
     326* |       0 |     170 |       29 |     10 |    28 |    +0.3% |   -0.067 |       -0.6 |       -0.2 |    146 | m_data_o[32]
     327* |       0 |     170 |       29 |     10 |    28 |    +0.3% |   -0.067 |       -0.6 |       -0.2 |    146 | m_data_o[32]
     328* |       0 |     170 |       29 |     10 |    28 |    +0.3% |   -0.067 |       -0.6 |       -0.2 |    146 | m_data_o[32]
     329* |       0 |     170 |       29 |     10 |    28 |    +0.3% |   -0.067 |       -0.6 |       -0.2 |    146 | m_data_o[32]
     330* |       0 |     170 |       29 |     10 |    28 |    +0.3% |   -0.067 |       -0.6 |       -0.2 |    146 | m_data_o[32]
     330* |       0 |     170 |       29 |     10 |    28 |    +0.3% |   -0.067 |       -0.6 |       -0.2 |    146 | m_data_o[32]
     331* |       0 |     170 |       29 |     10 |    28 |    +0.3% |   -0.067 |       -0.6 |       -0.2 |    146 | m_data_o[32]
     334* |       0 |     172 |       29 |     10 |    28 |    +0.3% |   -0.059 |       -0.4 |       -0.1 |    146 | m_data_o[68]
     335* |       0 |     172 |       29 |     10 |    28 |    +0.3% |   -0.059 |       -0.4 |       -0.1 |    146 | m_data_o[68]
     337* |       0 |     173 |       29 |     10 |    28 |    +0.3% |   -0.059 |       -0.4 |       -0.1 |    146 | m_data_o[68]
     338* |       0 |     173 |       29 |     10 |    28 |    +0.3% |   -0.059 |       -0.4 |       -0.1 |    146 | m_data_o[68]
     339* |       0 |     173 |       29 |     10 |    28 |    +0.3% |   -0.059 |       -0.4 |       -0.1 |    146 | m_data_o[68]
     340* |       0 |     173 |       29 |     10 |    28 |    +0.3% |   -0.059 |       -0.4 |       -0.1 |    146 | m_data_o[68]
     340* |       0 |     173 |       29 |     10 |    28 |    +0.3% |   -0.059 |       -0.4 |       -0.1 |    146 | m_data_o[68]
     341* |       0 |     173 |       29 |     10 |    28 |    +0.3% |   -0.059 |       -0.4 |       -0.1 |    146 | m_data_o[68]
     342* |       0 |     173 |       29 |     10 |    28 |    +0.3% |   -0.059 |       -0.4 |       -0.1 |    146 | m_data_o[68]
     343* |       0 |     173 |       29 |     10 |    28 |    +0.3% |   -0.059 |       -0.4 |       -0.1 |    146 | m_data_o[68]
     344* |       0 |     173 |       29 |     10 |    28 |    +0.3% |   -0.059 |       -0.4 |       -0.1 |    146 | m_data_o[68]
     345* |       0 |     173 |       29 |     10 |    28 |    +0.3% |   -0.059 |       -0.4 |       -0.1 |    146 | m_data_o[68]
     346* |       0 |     173 |       29 |     10 |    28 |    +0.3% |   -0.059 |       -0.4 |       -0.1 |    146 | m_data_o[68]
     347* |       0 |     173 |       29 |     10 |    28 |    +0.3% |   -0.059 |       -0.4 |       -0.1 |    146 | m_data_o[68]
     348* |       0 |     173 |       29 |     10 |    28 |    +0.3% |   -0.059 |       -0.4 |       -0.1 |    146 | m_data_o[68]
     349* |       0 |     173 |       29 |     10 |    28 |    +0.3% |   -0.059 |       -0.4 |       -0.1 |    146 | m_data_o[68]
     350* |       0 |     173 |       29 |     10 |    28 |    +0.3% |   -0.059 |       -0.4 |       -0.1 |    146 | m_data_o[68]
     350* |       0 |     173 |       29 |     10 |    28 |    +0.3% |   -0.059 |       -0.4 |       -0.1 |    146 | m_data_o[68]
     351* |       0 |     173 |       29 |     10 |    28 |    +0.3% |   -0.059 |       -0.4 |       -0.1 |    146 | m_data_o[68]
     352* |       0 |     173 |       29 |     10 |    28 |    +0.3% |   -0.059 |       -0.4 |       -0.1 |    146 | m_data_o[68]
     353* |       0 |     173 |       29 |     10 |    28 |    +0.3% |   -0.059 |       -0.4 |       -0.1 |    146 | m_data_o[68]
     354* |       0 |     173 |       29 |     10 |    28 |    +0.3% |   -0.059 |       -0.4 |       -0.1 |    146 | m_data_o[68]
     355* |       0 |     173 |       29 |     10 |    28 |    +0.3% |   -0.059 |       -0.4 |       -0.1 |    146 | m_data_o[68]
     356* |       0 |     173 |       29 |     10 |    28 |    +0.3% |   -0.059 |       -0.4 |       -0.1 |    146 | m_data_o[68]
     357* |       0 |     173 |       29 |     10 |    28 |    +0.3% |   -0.059 |       -0.4 |       -0.1 |    146 | m_data_o[68]
     358* |       0 |     173 |       29 |     10 |    28 |    +0.3% |   -0.059 |       -0.4 |       -0.1 |    146 | m_data_o[68]
     359* |       0 |     173 |       29 |     10 |    28 |    +0.3% |   -0.059 |       -0.4 |       -0.1 |    146 | m_data_o[68]
     360* |       0 |     173 |       29 |     10 |    28 |    +0.3% |   -0.059 |       -0.4 |       -0.1 |    146 | m_data_o[68]
     360* |       0 |     173 |       29 |     10 |    28 |    +0.3% |   -0.059 |       -0.4 |       -0.1 |    146 | m_data_o[68]
     361* |       0 |     173 |       29 |     10 |    28 |    +0.3% |   -0.059 |       -0.4 |       -0.1 |    146 | m_data_o[68]
     362* |       0 |     173 |       29 |     10 |    28 |    +0.3% |   -0.059 |       -0.4 |       -0.1 |    146 | m_data_o[68]
     363* |       0 |     173 |       29 |     10 |    28 |    +0.3% |   -0.059 |       -0.4 |       -0.1 |    146 | m_data_o[68]
     364* |       0 |     173 |       29 |     10 |    28 |    +0.3% |   -0.059 |       -0.4 |       -0.1 |    146 | m_data_o[68]
     365* |       0 |     173 |       29 |     10 |    28 |    +0.3% |   -0.059 |       -0.4 |       -0.1 |    146 | m_data_o[68]
     366* |       0 |     173 |       29 |     10 |    28 |    +0.3% |   -0.059 |       -0.4 |       -0.1 |    146 | m_data_o[68]
     367* |       0 |     173 |       29 |     10 |    28 |    +0.3% |   -0.059 |       -0.4 |       -0.1 |    146 | m_data_o[68]
     368* |       0 |     173 |       29 |     10 |    28 |    +0.3% |   -0.059 |       -0.4 |       -0.1 |    146 | m_data_o[68]
     369* |       0 |     173 |       29 |     10 |    28 |    +0.3% |   -0.059 |       -0.4 |       -0.1 |    146 | m_data_o[68]
     370* |       0 |     173 |       29 |     10 |    28 |    +0.3% |   -0.059 |       -0.4 |       -0.1 |    146 | m_data_o[68]
     370* |       0 |     173 |       29 |     10 |    28 |    +0.3% |   -0.059 |       -0.4 |       -0.1 |    146 | m_data_o[68]
     371* |       0 |     173 |       29 |     10 |    28 |    +0.3% |   -0.059 |       -0.4 |       -0.1 |    146 | m_data_o[68]
     372* |       0 |     173 |       29 |     10 |    28 |    +0.3% |   -0.059 |       -0.4 |       -0.1 |    146 | m_data_o[68]
     373* |       0 |     173 |       29 |     10 |    28 |    +0.3% |   -0.059 |       -0.4 |       -0.1 |    146 | m_data_o[68]
     374* |       0 |     173 |       29 |     10 |    28 |    +0.3% |   -0.059 |       -0.4 |       -0.1 |    146 | m_data_o[68]
     375* |       0 |     173 |       29 |     10 |    28 |    +0.3% |   -0.059 |       -0.4 |       -0.1 |    146 | m_data_o[68]
     376* |       0 |     173 |       29 |     10 |    28 |    +0.3% |   -0.059 |       -0.4 |       -0.1 |    146 | m_data_o[68]
     377* |       0 |     173 |       29 |     10 |    28 |    +0.3% |   -0.059 |       -0.4 |       -0.1 |    146 | m_data_o[68]
     378* |       0 |     173 |       29 |     10 |    28 |    +0.3% |   -0.059 |       -0.4 |       -0.1 |    146 | m_data_o[68]
     379* |       0 |     173 |       29 |     10 |    28 |    +0.3% |   -0.059 |       -0.4 |       -0.1 |    146 | m_data_o[68]
     380* |       0 |     173 |       29 |     10 |    28 |    +0.3% |   -0.059 |       -0.4 |       -0.1 |    146 | m_data_o[68]
     380* |       0 |     173 |       29 |     10 |    28 |    +0.3% |   -0.059 |       -0.4 |       -0.1 |    146 | m_data_o[68]
     380* |       0 |     173 |       29 |     10 |    28 |    +0.3% |   -0.059 |       -0.4 |       -0.1 |    146 | m_data_o[68]
     380+ |       0 |     173 |       29 |     10 |    28 |    +0.3% |   -0.059 |       -0.4 |       -0.1 |      3 | m_data_o[68]
     382+ |       0 |     175 |       29 |     10 |    28 |    +0.3% |   -0.008 |       -0.0 |       -0.0 |      3 | m_data_o[68]
     383+ |       0 |     175 |       29 |     10 |    28 |    +0.3% |   -0.008 |       -0.0 |       -0.0 |      3 | m_data_o[68]
     384+ |       0 |     176 |       29 |     10 |    28 |    +0.3% |   -0.008 |       -0.0 |       -0.0 |      3 | m_data_o[68]
    final |       0 |     176 |       29 |     10 |    28 |    +0.3% |   -0.008 |       -0.0 |       -0.0 |      1 | m_data_o[68]
------------------------------------------------------------------------------------------------------------------------------
[INFO RSZ-0040] Inserted 29 buffers.
[INFO RSZ-0051] Resized 176 instances: 176 up, 0 up match, 0 down, 0 VT
[INFO RSZ-0043] Swapped pins on 28 instances.
[INFO RSZ-0049] Cloned 10 instances.
[WARNING RSZ-0062] Unable to repair all setup violations.
[INFO RSZ-0505] Runtime: 9.08s
[INFO RSZ-0033] No hold violations found.
[INFO RSZ-0506] Runtime: 0.08s
Took 9 seconds: repair_timing -setup_margin 0 -hold_margin 0 -repair_tns 100 -match_cell_footprint -verbose
detailed_placement
[INFO DPL-0006] Core area: 3714367.37 um^2
[INFO DPL-0007] Movable instances area: 415502.25 um^2
[INFO DPL-0008] Fixed instances area within core: 61740.46 um^2
[INFO DPL-0009] Utilization: 12.8%
[INFO DPL-0005] Diamond search max displacement: +/- 500 sites horizontally, +/- 100 rows vertically.
[INFO DPL-1102] Legalizing using negotiation legalizer.
[INFO DPL-1103] Negotiation base search window: +/-20 sites horizontally, +/-5 rows vertically 
	Automatic search window extension enabled.
	Search window extendable up to the max displacement cap of +/-500 sites, +/-100 rows near walls.
[INFO DPL-1104] NegotiationLegalizer DRC penalty: 5.
[INFO DPL-0392] Negotiation cell height distribution (1 unique row-count(s)):
[INFO DPL-0393]   height 1 row(s): 66810 cells
          |      Total |  Illegal |  Illegal
Iteration | Violations |    Cells |    Sites
---------------------------------------------
        0 |         24 |         6 |        18
        1 |          0 |         0 |         0
Negotiation phase 1 converged at iteration 1.
[INFO DPL-0500] Runtime: 0.22s
Placement Analysis
---------------------------------
total displacement        437.4 u
average displacement        0.0 u
max displacement           14.1 u
original HPWL          970890.9 u
legalized HPWL         971266.8 u
delta HPWL                    0 %

Report metrics stage 4, cts final...

==========================================================================
cts final report_design_area
--------------------------------------------------------------------------
Design area 477243 um^2 13% utilization.
write_db ./results/sky130hd/d_nw03_cand_gemini/base/4_1_cts.odb
write_sdc -no_timestamp ./results/sky130hd/d_nw03_cand_gemini/base/4_cts.sdc
Elapsed time: 0:19.21[h:]min:sec. CPU time: user 27.46 sys 21.22 (253%). Peak memory: 469092KB.
Log                       Ext     Elapsed/s Peak Memory/MB sha1sum result [0:20)
4_1_cts                   .odb           19            458 e2282addbb4c23b5cc62
cp ./results/sky130hd/d_nw03_cand_gemini/base/4_1_cts.odb ./results/sky130hd/d_nw03_cand_gemini/base/4_cts.odb
/OpenROAD-flow-scripts/flow/scripts/flow.sh 5_1_grt global_route
Running global_route.tcl, stage 5_1_grt
read_liberty /OpenROAD-flow-scripts/flow/platforms/sky130hd/lib/sky130_fd_sc_hd__tt_025C_1v80.lib
read_db ./results/sky130hd/d_nw03_cand_gemini/base/4_cts.odb
read_sdc ./results/sky130hd/d_nw03_cand_gemini/base/4_cts.sdc
source /OpenROAD-flow-scripts/flow/platforms/sky130hd/setRC.tcl
pin_access
[INFO DRT-0149] Reading tech and libs.
[WARNING DRT-0349] LEF58_ENCLOSURE with no CUTCLASS is not supported. Skipping for layer mcon
[WARNING DRT-0349] LEF58_ENCLOSURE with no CUTCLASS is not supported. Skipping for layer mcon
[WARNING DRT-0349] LEF58_ENCLOSURE with no CUTCLASS is not supported. Skipping for layer via
[WARNING DRT-0349] LEF58_ENCLOSURE with no CUTCLASS is not supported. Skipping for layer via
[WARNING DRT-0349] LEF58_ENCLOSURE with no CUTCLASS is not supported. Skipping for layer via2
[WARNING DRT-0349] LEF58_ENCLOSURE with no CUTCLASS is not supported. Skipping for layer via2
[WARNING DRT-0349] LEF58_ENCLOSURE with no CUTCLASS is not supported. Skipping for layer via3
[WARNING DRT-0349] LEF58_ENCLOSURE with no CUTCLASS is not supported. Skipping for layer via3
[WARNING DRT-0349] LEF58_ENCLOSURE with no CUTCLASS is not supported. Skipping for layer via4
[WARNING DRT-0349] LEF58_ENCLOSURE with no CUTCLASS is not supported. Skipping for layer via4

Units:                1000
Number of layers:     13
Number of macros:     441
Number of vias:       29
Number of viarulegen: 25

[INFO DRT-0150] Reading design.

Design:                   axis_switch_oq
Die area:                 ( 0 0 ) ( 1931370 1931370 )
Number of track patterns: 12
Number of DEF vias:       0
Number of components:     66810
Number of terminals:      324
Number of snets:          2
Number of nets:           16933

[INFO DRT-0167] List of default vias:
  Layer via
    default via: M1M2_PR
  Layer via2
    default via: M2M3_PR
  Layer via3
    default via: M3M4_PR
  Layer via4
    default via: M4M5_PR
[INFO DRT-0162] Library cell analysis.
[INFO DRT-0163] Instance analysis.
[INFO DRT-0164] Number of unique instances = 196.
[INFO DRT-0168] Init region query.
[INFO DRT-0024]   Complete FR_MASTERSLICE.
[INFO DRT-0024]   Complete Fr_VIA.
[INFO DRT-0024]   Complete li1.
[INFO DRT-0024]   Complete mcon.
[INFO DRT-0024]   Complete met1.
[INFO DRT-0024]   Complete via.
[INFO DRT-0024]   Complete met2.
[INFO DRT-0024]   Complete via2.
[INFO DRT-0024]   Complete met3.
[INFO DRT-0024]   Complete via3.
[INFO DRT-0024]   Complete met4.
[INFO DRT-0024]   Complete via4.
[INFO DRT-0024]   Complete met5.
[INFO DRT-0033] FR_MASTERSLICE shape region query size = 0.
[INFO DRT-0033] FR_VIA shape region query size = 0.
[INFO DRT-0033] li1 shape region query size = 1246930.
[INFO DRT-0033] mcon shape region query size = 885944.
[INFO DRT-0033] met1 shape region query size = 366993.
[INFO DRT-0033] via shape region query size = 251695.
[INFO DRT-0033] met2 shape region query size = 151243.
[INFO DRT-0033] via2 shape region query size = 201356.
[INFO DRT-0033] met3 shape region query size = 151113.
[INFO DRT-0033] via3 shape region query size = 201356.
[INFO DRT-0033] met4 shape region query size = 60492.
[INFO DRT-0033] via4 shape region query size = 10011.
[INFO DRT-0033] met5 shape region query size = 10293.
[INFO DRT-0165] Start pin access.
[INFO DRT-0076]   Complete 1000 pins.
[INFO DRT-0078]   Complete 1527 pins.
[INFO DRT-0079]   Complete 100 unique inst patterns.
[INFO DRT-0081]   Complete 196 unique inst patterns.
[INFO DRT-0082]   Complete 10000 groups.
[INFO DRT-0084]   Complete 14733 groups.
#scanned instances     = 66810
#unique  instances     = 196
#stdCellGenAp          = 5838
#stdCellValidPlanarAp  = 94
#stdCellValidViaAp     = 4289
#stdCellPinNoAp        = 0
#stdCellPinCnt         = 71201
#instTermValidViaApCnt = 0
#macroGenAp            = 0
#macroValidPlanarAp    = 0
#macroValidViaAp       = 0
#macroNoAp             = 0
[INFO DRT-0166] Complete pin access.
[INFO DRT-0267] cpu time = 00:03:42, elapsed time = 00:00:14, memory = 478.74 (MB), peak = 494.64 (MB)
Took 15 seconds: pin_access
global_route -congestion_report_file ./reports/sky130hd/d_nw03_cand_gemini/base/congestion.rpt -congestion_iterations 30 -congestion_report_iter_step 5 -verbose
[INFO GRT-0020] Min routing layer: met1
[INFO GRT-0021] Max routing layer: met5
[INFO GRT-0022] Global adjustment: 0%
[INFO GRT-0023] Grid origin: (0, 0)
[INFO GRT-0088] Layer li1     Track-Pitch = 0.4600  line-2-Via Pitch: 0.3400
[INFO GRT-0088] Layer met1    Track-Pitch = 0.3400  line-2-Via Pitch: 0.3400
[INFO GRT-0088] Layer met2    Track-Pitch = 0.4600  line-2-Via Pitch: 0.3500
[INFO GRT-0088] Layer met3    Track-Pitch = 0.6800  line-2-Via Pitch: 0.6150
[INFO GRT-0088] Layer met4    Track-Pitch = 0.9200  line-2-Via Pitch: 1.0400
[INFO GRT-0088] Layer met5    Track-Pitch = 3.4000  line-2-Via Pitch: 3.1100
[INFO GRT-0003] Macros: 0
[INFO GRT-0004] Blockages: 256543
[INFO GRT-0019] Found 903 clock nets.
[INFO GRT-0001] Minimum degree: 2
[INFO GRT-0002] Maximum degree: 81

[INFO GRT-0053] Routing resources analysis:
          Routing      Original      Derated      Resource
Layer     Direction    Resources     Resources    Reduction (%)
---------------------------------------------------------------
li1        Vertical            0             0          0.00%
met1       Horizontal    1067858        827312          22.53%
met2       Vertical      1004692        771172          23.24%
met3       Horizontal     737279        575982          21.88%
met4       Vertical       496786        358898          27.76%
met5       Horizontal     109810         78952          28.10%
---------------------------------------------------------------

[INFO GRT-0101] Running extra iterations to remove congestion.
[INFO GRT-0102] Start extra iteration 1/30
[INFO GRT-0197] Via related to pin nodes: 139874
[INFO GRT-0198] Via related Steiner nodes: 5505
[INFO GRT-0199] Via filling finished.
[INFO GRT-0111] Final number of vias: 184793
[INFO GRT-0112] Final usage 3D: 736889

[INFO GRT-0096] Final congestion report:
Layer         Resource        Demand        Usage (%)    Max H / Max V / Total Congestion
---------------------------------------------------------------------------------------
li1                  0             0            0.00%             0 /  0 /  0
met1            827312         53196            6.43%             0 /  0 /  0
met2            771172         90940           11.79%             0 /  0 /  0
met3            575982         27659            4.80%             0 /  0 /  0
met4            358898         10543            2.94%             0 /  0 /  0
met5             78952           172            0.22%             0 /  0 /  0
---------------------------------------------------------------------------------------
Total          2612316        182510            6.99%             0 /  0 /  0

[INFO GRT-0018] Total wirelength: 1711324 um
[INFO GRT-0014] Routed nets: 16885
[INFO GRT-0303] Global routing runtime = 00:00:02
estimate_parasitics -global_routing
Perform buffer insertion and gate resizing...
repair_design -verbose
Iteration |   Area    | Resized | Buffers | Nets repaired | Remaining
---------------------------------------------------------------------
        0 |     +0.0% |       0 |       0 |             0 |     17711
     1000 |     +0.0% |       0 |       0 |             0 |     16711
     2000 |     +0.0% |       0 |       0 |             0 |     15711
     3000 |     +0.0% |       0 |       0 |             0 |     14711
[WARNING RSZ-0104] Net _05645_ only has one pin. Check if it is intended to be dangling.
[WARNING RSZ-0104] Net _05644_ only has one pin. Check if it is intended to be dangling.
[WARNING RSZ-0104] Net _05642_ only has one pin. Check if it is intended to be dangling.
[WARNING RSZ-0104] Net _05641_ only has one pin. Check if it is intended to be dangling.
[WARNING RSZ-0104] Net _05639_ only has one pin. Check if it is intended to be dangling.
[WARNING RSZ-0104] Net _05638_ only has one pin. Check if it is intended to be dangling.
[WARNING RSZ-0104] Net _05636_ only has one pin. Check if it is intended to be dangling.
[WARNING RSZ-0104] Net _05635_ only has one pin. Check if it is intended to be dangling.
[WARNING RSZ-0104] Net _05633_ only has one pin. Check if it is intended to be dangling.
[WARNING RSZ-0104] Net _05632_ only has one pin. Check if it is intended to be dangling.
[WARNING RSZ-0104] Net _05630_ only has one pin. Check if it is intended to be dangling.
[WARNING RSZ-0104] Net _05629_ only has one pin. Check if it is intended to be dangling.
[WARNING RSZ-0104] Net _05627_ only has one pin. Check if it is intended to be dangling.
[WARNING RSZ-0104] Net _05626_ only has one pin. Check if it is intended to be dangling.
[WARNING RSZ-0104] Net _05624_ only has one pin. Check if it is intended to be dangling.
[WARNING RSZ-0104] Net _05623_ only has one pin. Check if it is intended to be dangling.
[WARNING RSZ-0104] Net _05621_ only has one pin. Check if it is intended to be dangling.
[WARNING RSZ-0104] Net _05620_ only has one pin. Check if it is intended to be dangling.
[WARNING RSZ-0104] Net _05618_ only has one pin. Check if it is intended to be dangling.
[WARNING RSZ-0104] Net _05617_ only has one pin. Check if it is intended to be dangling.
[WARNING RSZ-0104] Net _05615_ only has one pin. Check if it is intended to be dangling.
[WARNING RSZ-0104] Net _05614_ only has one pin. Check if it is intended to be dangling.
[WARNING RSZ-0104] Net _05612_ only has one pin. Check if it is intended to be dangling.
[WARNING RSZ-0104] Net _05611_ only has one pin. Check if it is intended to be dangling.
[WARNING RSZ-0104] Net _05609_ only has one pin. Check if it is intended to be dangling.
[WARNING RSZ-0104] Net _05608_ only has one pin. Check if it is intended to be dangling.
[WARNING RSZ-0104] Net _05606_ only has one pin. Check if it is intended to be dangling.
[WARNING RSZ-0104] Net _05605_ only has one pin. Check if it is intended to be dangling.
[WARNING RSZ-0104] Net _05603_ only has one pin. Check if it is intended to be dangling.
[WARNING RSZ-0104] Net _05602_ only has one pin. Check if it is intended to be dangling.
[WARNING RSZ-0104] Net _05600_ only has one pin. Check if it is intended to be dangling.
[WARNING RSZ-0104] Net _05599_ only has one pin. Check if it is intended to be dangling.
     4000 |     +0.0% |       0 |       0 |             0 |     13711
     5000 |     +0.0% |       0 |       0 |             0 |     12711
[WARNING RSZ-0104] Net _05646_ only has one pin. Check if it is intended to be dangling.
[WARNING RSZ-0104] Net _05643_ only has one pin. Check if it is intended to be dangling.
[WARNING RSZ-0104] Net _05640_ only has one pin. Check if it is intended to be dangling.
[WARNING RSZ-0104] Net _05637_ only has one pin. Check if it is intended to be dangling.
[WARNING RSZ-0104] Net _05634_ only has one pin. Check if it is intended to be dangling.
[WARNING RSZ-0104] Net _05631_ only has one pin. Check if it is intended to be dangling.
[WARNING RSZ-0104] Net _05628_ only has one pin. Check if it is intended to be dangling.
[WARNING RSZ-0104] Net _05625_ only has one pin. Check if it is intended to be dangling.
[WARNING RSZ-0104] Net _05622_ only has one pin. Check if it is intended to be dangling.
[WARNING RSZ-0104] Net _05619_ only has one pin. Check if it is intended to be dangling.
[WARNING RSZ-0104] Net _05616_ only has one pin. Check if it is intended to be dangling.
[WARNING RSZ-0104] Net _05613_ only has one pin. Check if it is intended to be dangling.
[WARNING RSZ-0104] Net _05610_ only has one pin. Check if it is intended to be dangling.
[WARNING RSZ-0104] Net _05607_ only has one pin. Check if it is intended to be dangling.
[WARNING RSZ-0104] Net _05604_ only has one pin. Check if it is intended to be dangling.
[WARNING RSZ-0104] Net _05601_ only has one pin. Check if it is intended to be dangling.
     6000 |     +0.0% |       0 |       0 |             0 |     11711
     7000 |     +0.0% |       0 |       0 |             0 |     10711
     8000 |     +0.0% |       0 |       0 |             0 |      9711
     9000 |     +0.0% |       0 |       0 |             0 |      8711
    10000 |     +0.0% |       0 |       0 |             0 |      7711
    11000 |     +0.0% |       0 |       0 |             0 |      6711
    12000 |     +0.0% |       0 |       0 |             0 |      5711
    13000 |     +0.0% |       0 |       0 |             0 |      4711
    14000 |     +0.0% |       0 |       0 |             0 |      3711
    15000 |     +0.0% |       0 |       0 |             0 |      2711
    16000 |     +0.0% |       0 |       0 |             0 |      1711
    17000 |     +0.0% |       0 |       0 |             0 |       711
    final |     +0.0% |       0 |       0 |             0 |         0
---------------------------------------------------------------------
[INFO RSZ-0504] Runtime: 1.38s
global_route -start_incremental
detailed_placement
[INFO DPL-0006] Core area: 3714367.37 um^2
[INFO DPL-0007] Movable instances area: 415502.25 um^2
[INFO DPL-0008] Fixed instances area within core: 61740.46 um^2
[INFO DPL-0009] Utilization: 12.8%
[INFO DPL-0005] Diamond search max displacement: +/- 500 sites horizontally, +/- 100 rows vertically.
[INFO DPL-1102] Legalizing using negotiation legalizer.
[INFO DPL-1103] Negotiation base search window: +/-20 sites horizontally, +/-5 rows vertically 
	Automatic search window extension enabled.
	Search window extendable up to the max displacement cap of +/-500 sites, +/-100 rows near walls.
[INFO DPL-1104] NegotiationLegalizer DRC penalty: 5.
[INFO DPL-0392] Negotiation cell height distribution (1 unique row-count(s)):
[INFO DPL-0393]   height 1 row(s): 66810 cells
[INFO DPL-0500] Runtime: 0.18s
Placement Analysis
---------------------------------
total displacement          0.0 u
average displacement        0.0 u
max displacement            0.0 u
original HPWL          971266.8 u
legalized HPWL         971266.8 u
delta HPWL                    0 %

global_route -end_incremental -congestion_report_file ./reports/sky130hd/d_nw03_cand_gemini/base/congestion_post_repair_design.rpt
Repair setup and hold violations...
estimate_parasitics -global_routing
repair_timing -setup_margin 0 -hold_margin 0 -repair_tns 100 -verbose
[INFO RSZ-0100] Repair move sequence: UnbufferMove SizeUpMove SwapPinsMove BufferMove CloneMove SplitLoadMove 
[INFO RSZ-0094] Found 83 endpoints with setup violations.
[INFO RSZ-0099] Repairing 83 out of 83 (100.00%) violating endpoints...
   Iter   | Removed | Resized | Inserted | Cloned |  Pin  |   Area   |    WNS   |   StTNS    |   EnTNS    |  Viol  |  Worst  
          | Buffers |  Gates  | Buffers  |  Gates | Swaps |          |          |            |            | Endpts | St/EnPt 
------------------------------------------------------------------------------------------------------------------------------
       0* |       0 |       0 |        0 |      0 |     0 |    +0.0% |   -0.178 |       -2.8 |       -5.2 |     83 | m_data_o[25]
      10* |       0 |       5 |        0 |      0 |     4 |    +0.0% |   -0.166 |       -2.1 |       -3.4 |     83 | m_data_o[43]
      12* |       1 |       5 |        0 |      1 |     4 |    +0.0% |   -0.123 |       -1.7 |       -2.9 |     83 | m_data_o[90]
      14* |       1 |       6 |        0 |      1 |     4 |    +0.0% |   -0.123 |       -1.4 |       -2.0 |     83 | m_data_o[90]
      15* |       1 |       6 |        0 |      1 |     4 |    +0.0% |   -0.123 |       -1.4 |       -2.0 |     83 | m_data_o[90]
      16* |       1 |       6 |        0 |      1 |     4 |    +0.0% |   -0.123 |       -1.4 |       -2.0 |     83 | m_data_o[90]
      17* |       1 |       6 |        0 |      1 |     4 |    +0.0% |   -0.123 |       -1.4 |       -2.0 |     83 | m_data_o[90]
      18* |       1 |       6 |        0 |      1 |     4 |    +0.0% |   -0.123 |       -1.4 |       -2.0 |     83 | m_data_o[90]
      19* |       1 |       6 |        0 |      1 |     4 |    +0.0% |   -0.123 |       -1.4 |       -2.0 |     83 | m_data_o[90]
      20* |       1 |       6 |        0 |      1 |     4 |    +0.0% |   -0.123 |       -1.4 |       -2.0 |     83 | m_data_o[90]
      20* |       1 |       6 |        0 |      1 |     4 |    +0.0% |   -0.123 |       -1.4 |       -2.0 |     83 | m_data_o[90]
      21* |       1 |       6 |        0 |      1 |     4 |    +0.0% |   -0.123 |       -1.4 |       -2.0 |     83 | m_data_o[90]
      22* |       1 |       6 |        0 |      1 |     4 |    +0.0% |   -0.123 |       -1.4 |       -2.0 |     83 | m_data_o[90]
      23* |       1 |       6 |        0 |      1 |     4 |    +0.0% |   -0.123 |       -1.4 |       -2.0 |     83 | m_data_o[90]
      24* |       1 |       6 |        0 |      1 |     4 |    +0.0% |   -0.123 |       -1.4 |       -2.0 |     83 | m_data_o[90]
      27* |       1 |       7 |        0 |      1 |     5 |    +0.0% |   -0.116 |       -1.2 |       -2.0 |     83 | m_data_o[53]
      28* |       1 |       7 |        0 |      1 |     5 |    +0.0% |   -0.116 |       -1.2 |       -2.0 |     83 | m_data_o[53]
      30* |       1 |       7 |        0 |      1 |     6 |    +0.0% |   -0.099 |       -1.1 |       -1.6 |     83 | m_data_o[53]
      34* |       1 |       7 |        0 |      1 |     6 |    +0.0% |   -0.099 |       -1.1 |       -1.6 |     83 | m_data_o[53]
      36* |       1 |       8 |        0 |      1 |     6 |    +0.0% |   -0.092 |       -1.1 |       -1.5 |     83 | m_data_o[55]
      37* |       1 |       8 |        0 |      1 |     6 |    +0.0% |   -0.092 |       -1.1 |       -1.5 |     83 | m_data_o[55]
      38* |       1 |       8 |        0 |      1 |     6 |    +0.0% |   -0.092 |       -1.1 |       -1.5 |     83 | m_data_o[55]
      40* |       1 |       9 |        0 |      1 |     6 |    +0.0% |   -0.090 |       -0.9 |       -1.5 |     83 | m_data_o[82]
      43* |       1 |      11 |        2 |      1 |     6 |    +0.0% |   -0.090 |       -1.0 |       -1.4 |     83 | m_data_o[82]
      47* |       1 |      13 |        2 |      1 |     7 |    +0.0% |   -0.075 |       -0.7 |       -1.1 |     83 | m_data_o[92]
      48* |       1 |      13 |        2 |      1 |     7 |    +0.0% |   -0.075 |       -0.7 |       -1.1 |     83 | m_data_o[92]
      50* |       1 |      13 |        2 |      1 |     8 |    +0.0% |   -0.075 |       -0.7 |       -1.2 |     83 | m_data_o[92]
      52* |       1 |      14 |       10 |      1 |     8 |    +0.0% |   -0.075 |       -0.7 |       -0.7 |     83 | m_data_o[92]
      53* |       1 |      14 |       10 |      1 |     8 |    +0.0% |   -0.075 |       -0.7 |       -0.7 |     83 | m_data_o[92]
      54* |       1 |      14 |       10 |      1 |     8 |    +0.0% |   -0.075 |       -0.7 |       -0.7 |     83 | m_data_o[92]
      55* |       1 |      14 |       10 |      1 |     8 |    +0.0% |   -0.075 |       -0.7 |       -0.7 |     83 | m_data_o[92]
      56* |       1 |      14 |       10 |      1 |     8 |    +0.0% |   -0.075 |       -0.7 |       -0.7 |     83 | m_data_o[92]
      58* |       1 |      15 |       10 |      1 |     8 |    +0.0% |   -0.072 |       -0.7 |       -0.6 |     83 | m_data_o[59]
      59* |       1 |      15 |       10 |      1 |     8 |    +0.0% |   -0.072 |       -0.7 |       -0.6 |     83 | m_data_o[59]
      60* |       1 |      15 |       10 |      1 |     8 |    +0.0% |   -0.072 |       -0.7 |       -0.6 |     83 | m_data_o[59]
      60* |       1 |      15 |       10 |      1 |     8 |    +0.0% |   -0.072 |       -0.7 |       -0.6 |     83 | m_data_o[59]
      61* |       1 |      15 |       10 |      1 |     8 |    +0.0% |   -0.072 |       -0.7 |       -0.6 |     83 | m_data_o[59]
      64* |       2 |      16 |       10 |      1 |     8 |    +0.0% |   -0.068 |       -0.5 |       -0.5 |     83 | m_data_o[91]
      65* |       2 |      16 |       10 |      1 |     8 |    +0.0% |   -0.068 |       -0.5 |       -0.5 |     83 | m_data_o[91]
      66* |       2 |      16 |       10 |      1 |     8 |    +0.0% |   -0.068 |       -0.5 |       -0.5 |     83 | m_data_o[91]
      67* |       2 |      16 |       10 |      1 |     8 |    +0.0% |   -0.068 |       -0.5 |       -0.5 |     83 | m_data_o[91]
      68* |       2 |      16 |       10 |      1 |     8 |    +0.0% |   -0.068 |       -0.5 |       -0.5 |     83 | m_data_o[91]
      70* |       2 |      17 |       10 |      1 |     8 |    +0.0% |   -0.062 |       -0.5 |       -0.5 |     83 | m_keep_o[10]
      70* |       2 |      17 |       10 |      1 |     8 |    +0.0% |   -0.062 |       -0.5 |       -0.5 |     83 | m_keep_o[10]
      71* |       2 |      17 |       10 |      1 |     8 |    +0.0% |   -0.062 |       -0.5 |       -0.5 |     83 | m_keep_o[10]
      73* |       2 |      17 |       10 |      1 |     9 |    +0.0% |   -0.062 |       -0.5 |       -0.5 |     83 | m_keep_o[10]
      79* |       2 |      19 |       10 |      1 |    12 |    +0.0% |   -0.062 |       -0.4 |       -0.4 |     83 | m_keep_o[10]
      80* |       2 |      19 |       10 |      1 |    12 |    +0.0% |   -0.062 |       -0.4 |       -0.4 |     83 | m_keep_o[10]
      80* |       2 |      19 |       10 |      1 |    12 |    +0.0% |   -0.062 |       -0.4 |       -0.4 |     83 | m_keep_o[10]
      81* |       2 |      19 |       10 |      1 |    12 |    +0.0% |   -0.062 |       -0.4 |       -0.4 |     83 | m_keep_o[10]
      82* |       2 |      19 |       10 |      1 |    12 |    +0.0% |   -0.062 |       -0.4 |       -0.4 |     83 | m_keep_o[10]
      83* |       2 |      19 |       10 |      1 |    12 |    +0.0% |   -0.062 |       -0.4 |       -0.4 |     83 | m_keep_o[10]
      85* |       2 |      20 |       10 |      1 |    12 |    +0.0% |   -0.062 |       -0.4 |       -0.4 |     83 | m_keep_o[10]
      87* |       2 |      21 |       10 |      1 |    12 |    +0.0% |   -0.043 |       -0.3 |       -0.3 |     83 | m_data_o[84]
      88* |       2 |      21 |       10 |      1 |    12 |    +0.0% |   -0.043 |       -0.3 |       -0.3 |     83 | m_data_o[84]
      90* |       2 |      22 |       10 |      1 |    12 |    +0.0% |   -0.043 |       -0.2 |       -0.3 |     83 | m_data_o[84]
      90* |       2 |      22 |       10 |      1 |    12 |    +0.0% |   -0.043 |       -0.2 |       -0.3 |     83 | m_data_o[84]
      92* |       2 |      23 |       10 |      1 |    12 |    +0.0% |   -0.043 |       -0.2 |       -0.2 |     83 | m_data_o[84]
      93* |       2 |      23 |       10 |      1 |    12 |    +0.0% |   -0.043 |       -0.2 |       -0.2 |     83 | m_data_o[84]
      94* |       2 |      23 |       10 |      1 |    12 |    +0.0% |   -0.043 |       -0.2 |       -0.2 |     83 | m_data_o[84]
      95* |       2 |      23 |       10 |      1 |    12 |    +0.0% |   -0.043 |       -0.2 |       -0.2 |     83 | m_data_o[84]
      96* |       2 |      23 |       10 |      1 |    12 |    +0.0% |   -0.043 |       -0.2 |       -0.2 |     83 | m_data_o[84]
      97* |       2 |      23 |       10 |      1 |    12 |    +0.0% |   -0.043 |       -0.2 |       -0.2 |     83 | m_data_o[84]
      98* |       2 |      23 |       10 |      1 |    12 |    +0.0% |   -0.043 |       -0.2 |       -0.2 |     83 | m_data_o[84]
      99* |       2 |      23 |       10 |      1 |    12 |    +0.0% |   -0.043 |       -0.2 |       -0.2 |     83 | m_data_o[84]
     100* |       2 |      23 |       10 |      1 |    12 |    +0.0% |   -0.043 |       -0.2 |       -0.2 |     83 | m_data_o[84]
     100* |       2 |      23 |       10 |      1 |    12 |    +0.0% |   -0.043 |       -0.2 |       -0.2 |     83 | m_data_o[84]
     101* |       2 |      23 |       10 |      1 |    12 |    +0.0% |   -0.043 |       -0.2 |       -0.2 |     83 | m_data_o[84]
     102* |       2 |      23 |       10 |      1 |    12 |    +0.0% |   -0.043 |       -0.2 |       -0.2 |     83 | m_data_o[84]
     103* |       2 |      23 |       10 |      1 |    12 |    +0.0% |   -0.043 |       -0.2 |       -0.2 |     83 | m_data_o[84]
     104* |       2 |      23 |       10 |      1 |    12 |    +0.0% |   -0.043 |       -0.2 |       -0.2 |     83 | m_data_o[84]
     106* |       2 |      23 |       10 |      1 |    12 |    +0.0% |   -0.043 |       -0.2 |       -0.2 |     83 | m_data_o[84]
     107* |       2 |      23 |       10 |      1 |    12 |    +0.0% |   -0.043 |       -0.2 |       -0.2 |     83 | m_data_o[84]
     109* |       2 |      24 |       10 |      1 |    12 |    +0.0% |   -0.043 |       -0.2 |       -0.2 |     83 | m_data_o[84]
     110* |       2 |      24 |       10 |      1 |    12 |    +0.0% |   -0.043 |       -0.2 |       -0.2 |     83 | m_data_o[84]
     111* |       2 |      25 |       10 |      1 |    12 |    +0.0% |   -0.043 |       -0.1 |       -0.2 |     83 | m_data_o[84]
     113* |       2 |      26 |       10 |      1 |    12 |    +0.0% |   -0.043 |       -0.1 |       -0.2 |     83 | m_keep_o[11]
     114* |       2 |      26 |       10 |      1 |    12 |    +0.0% |   -0.043 |       -0.1 |       -0.2 |     83 | m_keep_o[11]
     115* |       2 |      26 |       10 |      1 |    12 |    +0.0% |   -0.043 |       -0.1 |       -0.2 |     83 | m_keep_o[11]
     116* |       2 |      26 |       10 |      1 |    12 |    +0.0% |   -0.043 |       -0.1 |       -0.2 |     83 | m_keep_o[11]
     118* |       2 |      27 |       10 |      1 |    12 |    +0.1% |   -0.041 |       -0.1 |       -0.1 |     83 | m_data_o[95]
     120* |       2 |      28 |       10 |      1 |    12 |    +0.1% |   -0.041 |       -0.1 |       -0.1 |     83 | m_data_o[80]
     120* |       2 |      28 |       10 |      1 |    12 |    +0.1% |   -0.041 |       -0.1 |       -0.1 |     83 | m_data_o[80]
     121* |       2 |      28 |       10 |      1 |    12 |    +0.1% |   -0.041 |       -0.1 |       -0.1 |     83 | m_data_o[80]
     123* |       2 |      29 |       10 |      1 |    12 |    +0.1% |   -0.041 |       -0.1 |       -0.1 |     83 | m_data_o[80]
     124* |       2 |      29 |       10 |      1 |    12 |    +0.1% |   -0.041 |       -0.1 |       -0.1 |     83 | m_data_o[80]
     125* |       2 |      29 |       10 |      1 |    12 |    +0.1% |   -0.041 |       -0.1 |       -0.1 |     83 | m_data_o[80]
     126* |       2 |      29 |       10 |      1 |    12 |    +0.1% |   -0.041 |       -0.1 |       -0.1 |     83 | m_data_o[80]
     128* |       2 |      30 |       10 |      1 |    12 |    +0.1% |   -0.041 |       -0.1 |       -0.1 |     83 | m_data_o[80]
     129* |       2 |      30 |       10 |      1 |    12 |    +0.1% |   -0.041 |       -0.1 |       -0.1 |     83 | m_data_o[80]
     130* |       2 |      30 |       10 |      1 |    12 |    +0.1% |   -0.041 |       -0.1 |       -0.1 |     83 | m_data_o[80]
     130* |       2 |      30 |       10 |      1 |    12 |    +0.1% |   -0.041 |       -0.1 |       -0.1 |     83 | m_data_o[80]
     131* |       2 |      30 |       10 |      1 |    12 |    +0.1% |   -0.041 |       -0.1 |       -0.1 |     83 | m_data_o[80]
     132* |       2 |      30 |       10 |      1 |    12 |    +0.1% |   -0.041 |       -0.1 |       -0.1 |     83 | m_data_o[80]
     134* |       3 |      30 |       10 |      1 |    12 |    +0.0% |   -0.041 |       -0.1 |       -0.0 |     83 | m_data_o[80]
     135* |       3 |      30 |       10 |      1 |    12 |    +0.0% |   -0.041 |       -0.1 |       -0.0 |     83 | m_data_o[80]
     137* |       3 |      31 |       10 |      1 |    12 |    +0.0% |   -0.041 |       -0.1 |       -0.0 |     83 | m_data_o[80]
     137* |       3 |      31 |       10 |      1 |    12 |    +0.0% |   -0.041 |       -0.1 |       -0.0 |     83 | m_data_o[80]
     138+ |       3 |      32 |       10 |      1 |    12 |    +0.1% |   -0.000 |       -0.0 |       -0.0 |      2 | m_data_o[55]
     139+ |       3 |      32 |       10 |      1 |    13 |    +0.1% |    0.000 |        0.0 |        0.0 |      2 | m_data_o[55]
    final |       3 |      32 |       10 |      1 |    13 |    +0.1% |    0.000 |        0.0 |        0.0 |      0 | m_data_o[55]
------------------------------------------------------------------------------------------------------------------------------
[INFO RSZ-0059] Removed 3 buffers.
[INFO RSZ-0040] Inserted 10 buffers.
[INFO RSZ-0051] Resized 32 instances: 32 up, 0 up match, 0 down, 0 VT
[INFO RSZ-0043] Swapped pins on 13 instances.
[INFO RSZ-0049] Cloned 1 instances.
[INFO RSZ-0505] Runtime: 6.03s
[INFO RSZ-0033] No hold violations found.
[INFO RSZ-0506] Runtime: 0.20s
Took 6 seconds: repair_timing -setup_margin 0 -hold_margin 0 -repair_tns 100 -verbose
global_route -start_incremental
detailed_placement
[INFO DPL-0006] Core area: 3714367.37 um^2
[INFO DPL-0007] Movable instances area: 415742.48 um^2
[INFO DPL-0008] Fixed instances area within core: 61740.46 um^2
[INFO DPL-0009] Utilization: 12.9%
[INFO DPL-0005] Diamond search max displacement: +/- 500 sites horizontally, +/- 100 rows vertically.
[INFO DPL-1102] Legalizing using negotiation legalizer.
[INFO DPL-1103] Negotiation base search window: +/-20 sites horizontally, +/-5 rows vertically 
	Automatic search window extension enabled.
	Search window extendable up to the max displacement cap of +/-500 sites, +/-100 rows near walls.
[INFO DPL-1104] NegotiationLegalizer DRC penalty: 5.
[INFO DPL-0392] Negotiation cell height distribution (1 unique row-count(s)):
[INFO DPL-0393]   height 1 row(s): 66818 cells
          |      Total |  Illegal |  Illegal
Iteration | Violations |    Cells |    Sites
---------------------------------------------
        0 |          0 |         0 |         0
Negotiation phase 1 converged at iteration 0.
[INFO DPL-0500] Runtime: 0.20s
Placement Analysis
---------------------------------
total displacement        100.3 u
average displacement        0.0 u
max displacement           13.6 u
original HPWL          971118.0 u
legalized HPWL         971218.2 u
delta HPWL                    0 %

check_placement -verbose
global_route -end_incremental -congestion_report_file ./reports/sky130hd/d_nw03_cand_gemini/base/congestion_post_repair_timing.rpt
estimate_parasitics -global_routing
global_route -start_incremental
global_route -end_incremental -congestion_report_file ./reports/sky130hd/d_nw03_cand_gemini/base/congestion_post_recover_power.rpt
Repair antennas...
[INFO GRT-0012] Found 203 antenna violations.
[INFO GRT-0302] Inserted 195 jumpers for 177 nets.
[INFO GRT-0012] Found 27 antenna violations.
[WARNING GRT-0243] Unable to repair antennas on net with diodes.
[INFO DPL-0006] Core area: 3714367.37 um^2
[INFO DPL-0007] Movable instances area: 415512.26 um^2
[INFO DPL-0008] Fixed instances area within core: 62301.00 um^2
[INFO DPL-0009] Utilization: 12.9%
[INFO DPL-0005] Diamond search max displacement: +/- 500 sites horizontally, +/- 100 rows vertically.
[INFO DPL-1102] Legalizing using negotiation legalizer.
[INFO DPL-1103] Negotiation base search window: +/-20 sites horizontally, +/-5 rows vertically 
	Automatic search window extension enabled.
	Search window extendable up to the max displacement cap of +/-500 sites, +/-100 rows near walls.
[INFO DPL-1104] NegotiationLegalizer DRC penalty: 5.
[INFO DPL-0392] Negotiation cell height distribution (1 unique row-count(s)):
[INFO DPL-0393]   height 1 row(s): 66950 cells
          |      Total |  Illegal |  Illegal
Iteration | Violations |    Cells |    Sites
---------------------------------------------
        0 |         29 |         5 |        24
        1 |          3 |         2 |         1
        2 |          0 |         0 |         0
Negotiation phase 1 converged at iteration 2.
[INFO DPL-0500] Runtime: 0.24s
[INFO GRT-0015] Inserted 132 diodes.
[INFO GRT-0012] Found 6 antenna violations.
[INFO GRT-0302] Inserted 3 jumpers for 2 nets.
[INFO GRT-0012] Found 4 antenna violations.
[INFO DPL-0006] Core area: 3714367.37 um^2
[INFO DPL-0007] Movable instances area: 416045.27 um^2
[INFO DPL-0008] Fixed instances area within core: 61830.55 um^2
[INFO DPL-0009] Utilization: 12.9%
[INFO DPL-0005] Diamond search max displacement: +/- 500 sites horizontally, +/- 100 rows vertically.
[INFO DPL-1102] Legalizing using negotiation legalizer.
[INFO DPL-1103] Negotiation base search window: +/-20 sites horizontally, +/-5 rows vertically 
	Automatic search window extension enabled.
	Search window extendable up to the max displacement cap of +/-500 sites, +/-100 rows near walls.
[INFO DPL-1104] NegotiationLegalizer DRC penalty: 5.
[INFO DPL-0392] Negotiation cell height distribution (1 unique row-count(s)):
[INFO DPL-0393]   height 1 row(s): 66975 cells
          |      Total |  Illegal |  Illegal
Iteration | Violations |    Cells |    Sites
---------------------------------------------
        0 |          0 |         0 |         0
Negotiation phase 1 converged at iteration 0.
[INFO DPL-0500] Runtime: 0.21s
[INFO GRT-0015] Inserted 25 diodes.
[INFO GRT-0012] Found 4 antenna violations.
[INFO GRT-0302] Inserted 0 jumpers for 0 nets.
[INFO GRT-0012] Found 4 antenna violations.
[INFO DPL-0006] Core area: 3714367.37 um^2
[INFO DPL-0007] Movable instances area: 416107.83 um^2
[INFO DPL-0008] Fixed instances area within core: 61810.53 um^2
[INFO DPL-0009] Utilization: 12.9%
[INFO DPL-0005] Diamond search max displacement: +/- 500 sites horizontally, +/- 100 rows vertically.
[INFO DPL-1102] Legalizing using negotiation legalizer.
[INFO DPL-1103] Negotiation base search window: +/-20 sites horizontally, +/-5 rows vertically 
	Automatic search window extension enabled.
	Search window extendable up to the max displacement cap of +/-500 sites, +/-100 rows near walls.
[INFO DPL-1104] NegotiationLegalizer DRC penalty: 5.
[INFO DPL-0392] Negotiation cell height distribution (1 unique row-count(s)):
[INFO DPL-0393]   height 1 row(s): 66992 cells
          |      Total |  Illegal |  Illegal
Iteration | Violations |    Cells |    Sites
---------------------------------------------
        0 |          0 |         0 |         0
Negotiation phase 1 converged at iteration 0.
[INFO DPL-0500] Runtime: 0.21s
[INFO GRT-0015] Inserted 17 diodes.
[INFO GRT-0012] Found 0 antenna violations.
[INFO ANT-0002] Found 0 net violations.
[INFO ANT-0001] Found 0 pin violations.
Estimate parasitics...
estimate_parasitics -global_routing
Report metrics stage 5, global route...

==========================================================================
global route report_design_area
--------------------------------------------------------------------------
Design area 477918 um^2 13% utilization.
[INFO FLW-0007] clock core_clock period 7.000000
[INFO FLW-0008] Clock core_clock period 6.657
[INFO FLW-0009] Clock core_clock slack -0.008
write_sdc -no_timestamp ./results/sky130hd/d_nw03_cand_gemini/base/updated_clks.sdc
[INFO FLW-0011] Path endpoint path count 20360
write_db ./results/sky130hd/d_nw03_cand_gemini/base/5_1_grt.odb
write_sdc -no_timestamp ./results/sky130hd/d_nw03_cand_gemini/base/5_1_grt.sdc
Elapsed time: 0:49.75[h:]min:sec. CPU time: user 447.35 sys 14.65 (928%). Peak memory: 1292068KB.
Log                       Ext     Elapsed/s Peak Memory/MB sha1sum result [0:20)
5_1_grt                   .odb           49           1261 0fc80d8d4e4f00228d49
5_1_grt                   .sdc                             8fe122add3034f95fc23
/OpenROAD-flow-scripts/flow/scripts/flow.sh 5_2_route detail_route
Running detail_route.tcl, stage 5_2_route
read_liberty /OpenROAD-flow-scripts/flow/platforms/sky130hd/lib/sky130_fd_sc_hd__tt_025C_1v80.lib
read_db ./results/sky130hd/d_nw03_cand_gemini/base/5_1_grt.odb
read_sdc ./results/sky130hd/d_nw03_cand_gemini/base/5_1_grt.sdc
source /OpenROAD-flow-scripts/flow/platforms/sky130hd/setRC.tcl
detailed_route -output_drc ./reports/sky130hd/d_nw03_cand_gemini/base/5_route_drc.rpt -output_maze ./results/sky130hd/d_nw03_cand_gemini/base/maze.log -droute_end_iter 64 -verbose 1 -drc_report_iter_step 5
[INFO DRT-0149] Reading tech and libs.
[WARNING DRT-0349] LEF58_ENCLOSURE with no CUTCLASS is not supported. Skipping for layer mcon
[WARNING DRT-0349] LEF58_ENCLOSURE with no CUTCLASS is not supported. Skipping for layer mcon
[WARNING DRT-0349] LEF58_ENCLOSURE with no CUTCLASS is not supported. Skipping for layer via
[WARNING DRT-0349] LEF58_ENCLOSURE with no CUTCLASS is not supported. Skipping for layer via
[WARNING DRT-0349] LEF58_ENCLOSURE with no CUTCLASS is not supported. Skipping for layer via2
[WARNING DRT-0349] LEF58_ENCLOSURE with no CUTCLASS is not supported. Skipping for layer via2
[WARNING DRT-0349] LEF58_ENCLOSURE with no CUTCLASS is not supported. Skipping for layer via3
[WARNING DRT-0349] LEF58_ENCLOSURE with no CUTCLASS is not supported. Skipping for layer via3
[WARNING DRT-0349] LEF58_ENCLOSURE with no CUTCLASS is not supported. Skipping for layer via4
[WARNING DRT-0349] LEF58_ENCLOSURE with no CUTCLASS is not supported. Skipping for layer via4

Units:                1000
Number of layers:     13
Number of macros:     441
Number of vias:       29
Number of viarulegen: 25

[INFO DRT-0150] Reading design.

Design:                   axis_switch_oq
Die area:                 ( 0 0 ) ( 1931370 1931370 )
Number of track patterns: 12
Number of DEF vias:       0
Number of components:     66992
Number of terminals:      324
Number of snets:          2
Number of nets:           16941

[INFO DRT-0167] List of default vias:
  Layer via
    default via: M1M2_PR
  Layer via2
    default via: M2M3_PR
  Layer via3
    default via: M3M4_PR
  Layer via4
    default via: M4M5_PR
[INFO DRT-0162] Library cell analysis.
[INFO DRT-0163] Instance analysis.
[INFO DRT-0164] Number of unique instances = 197.
[INFO DRT-0168] Init region query.
[INFO DRT-0024]   Complete FR_MASTERSLICE.
[INFO DRT-0024]   Complete Fr_VIA.
[INFO DRT-0024]   Complete li1.
[INFO DRT-0024]   Complete mcon.
[INFO DRT-0024]   Complete met1.
[INFO DRT-0024]   Complete via.
[INFO DRT-0024]   Complete met2.
[INFO DRT-0024]   Complete via2.
[INFO DRT-0024]   Complete met3.
[INFO DRT-0024]   Complete via3.
[INFO DRT-0024]   Complete met4.
[INFO DRT-0024]   Complete via4.
[INFO DRT-0024]   Complete met5.
[INFO DRT-0033] FR_MASTERSLICE shape region query size = 0.
[INFO DRT-0033] FR_VIA shape region query size = 0.
[INFO DRT-0033] li1 shape region query size = 1247962.
[INFO DRT-0033] mcon shape region query size = 887032.
[INFO DRT-0033] met1 shape region query size = 367376.
[INFO DRT-0033] via shape region query size = 251695.
[INFO DRT-0033] met2 shape region query size = 151243.
[INFO DRT-0033] via2 shape region query size = 201356.
[INFO DRT-0033] met3 shape region query size = 151113.
[INFO DRT-0033] via3 shape region query size = 201356.
[INFO DRT-0033] met4 shape region query size = 60492.
[INFO DRT-0033] via4 shape region query size = 10011.
[INFO DRT-0033] met5 shape region query size = 10293.
[INFO DRT-0165] Start pin access.
[INFO DRT-0076]   Complete 1000 pins.
[INFO DRT-0078]   Complete 1528 pins.
[INFO DRT-0079]   Complete 100 unique inst patterns.
[INFO DRT-0081]   Complete 197 unique inst patterns.
[INFO DRT-0082]   Complete 10000 groups.
[INFO DRT-0084]   Complete 14835 groups.
#scanned instances     = 66992
#unique  instances     = 197
#stdCellGenAp          = 5819
#stdCellValidPlanarAp  = 94
#stdCellValidViaAp     = 4281
#stdCellPinNoAp        = 0
#stdCellPinCnt         = 71217
#instTermValidViaApCnt = 0
#macroGenAp            = 0
#macroValidPlanarAp    = 0
#macroValidViaAp       = 0
#macroNoAp             = 0
[INFO DRT-0166] Complete pin access.
[INFO DRT-0267] cpu time = 00:03:42, elapsed time = 00:00:14, memory = 743.99 (MB), peak = 760.22 (MB)
[INFO DRT-0156] guideIn read 100000 guides.

[INFO DRT-0157] Number of guides:     199990

[INFO DRT-0169] Post process guides.
[INFO DRT-0176] GCELLGRID X 0 DO 279 STEP 6900 ;
[INFO DRT-0177] GCELLGRID Y 0 DO 279 STEP 6900 ;
[INFO DRT-0026]   Complete 100000 origin guides.
[INFO DRT-0028]   Complete FR_MASTERSLICE.
[INFO DRT-0028]   Complete Fr_VIA.
[INFO DRT-0028]   Complete li1.
[INFO DRT-0028]   Complete mcon.
[INFO DRT-0028]   Complete met1.
[INFO DRT-0028]   Complete via.
[INFO DRT-0028]   Complete met2.
[INFO DRT-0028]   Complete via2.
[INFO DRT-0028]   Complete met3.
[INFO DRT-0028]   Complete via3.
[INFO DRT-0028]   Complete met4.
[INFO DRT-0028]   Complete via4.
[INFO DRT-0028]   Complete met5.
[INFO DRT-0178] Init guide query.
[INFO DRT-0035]   Complete FR_MASTERSLICE (guide).
[INFO DRT-0035]   Complete Fr_VIA (guide).
[INFO DRT-0035]   Complete li1 (guide).
[INFO DRT-0035]   Complete mcon (guide).
[INFO DRT-0035]   Complete met1 (guide).
[INFO DRT-0035]   Complete via (guide).
[INFO DRT-0035]   Complete met2 (guide).
[INFO DRT-0035]   Complete via2 (guide).
[INFO DRT-0035]   Complete met3 (guide).
[INFO DRT-0035]   Complete via3 (guide).
[INFO DRT-0035]   Complete met4 (guide).
[INFO DRT-0035]   Complete via4 (guide).
[INFO DRT-0035]   Complete met5 (guide).
[INFO DRT-0036] FR_MASTERSLICE guide region query size = 0.
[INFO DRT-0036] FR_VIA guide region query size = 0.
[INFO DRT-0036] li1 guide region query size = 59938.
[INFO DRT-0036] mcon guide region query size = 0.
[INFO DRT-0036] met1 guide region query size = 60199.
[INFO DRT-0036] via guide region query size = 0.
[INFO DRT-0036] met2 guide region query size = 36647.
[INFO DRT-0036] via2 guide region query size = 0.
[INFO DRT-0036] met3 guide region query size = 4676.
[INFO DRT-0036] via3 guide region query size = 0.
[INFO DRT-0036] met4 guide region query size = 1202.
[INFO DRT-0036] via4 guide region query size = 0.
[INFO DRT-0036] met5 guide region query size = 73.
[INFO DRT-0179] Init gr pin query.
[INFO DRT-0267] cpu time = 00:00:01, elapsed time = 00:00:00, memory = 803.02 (MB), peak = 801.81 (MB)
[INFO DRT-0245] skipped writing guide updates to database.
[INFO DRT-0181] Start track assignment.
[INFO DRT-0184] Done with 97787 vertical wires in 6 frboxes and 64948 horizontal wires in 6 frboxes.
[INFO DRT-0186] Done with 9352 vertical wires in 6 frboxes and 16040 horizontal wires in 6 frboxes.
[INFO DRT-0182] Complete track assignment.
[INFO DRT-0267] cpu time = 00:00:11, elapsed time = 00:00:04, memory = 1467.36 (MB), peak = 1465.84 (MB)
[INFO DRT-0187] Start routing data preparation.
[INFO DRT-0267] cpu time = 00:00:00, elapsed time = 00:00:00, memory = 1467.36 (MB), peak = 1465.84 (MB)
[INFO DRT-0194] Start detail routing.
[INFO DRT-0195] Start 0th optimization iteration.
    Completing 10% with 0 violations.
    elapsed time = 00:00:03, memory = 1909.91 (MB).
    Completing 20% with 0 violations.
    elapsed time = 00:00:08, memory = 2472.27 (MB).
    Completing 30% with 2097 violations.
    elapsed time = 00:00:10, memory = 2500.39 (MB).
    Completing 40% with 2097 violations.
    elapsed time = 00:00:19, memory = 2680.80 (MB).
    Completing 50% with 2097 violations.
    elapsed time = 00:00:21, memory = 2707.62 (MB).
    Completing 60% with 4469 violations.
    elapsed time = 00:00:26, memory = 2773.30 (MB).
    Completing 70% with 4469 violations.
    elapsed time = 00:00:31, memory = 2819.07 (MB).
    Completing 80% with 6342 violations.
    elapsed time = 00:00:33, memory = 2775.93 (MB).
    Completing 90% with 6342 violations.
    elapsed time = 00:00:43, memory = 2969.76 (MB).
    Completing 100% with 8404 violations.
    elapsed time = 00:00:46, memory = 2794.89 (MB).
[INFO DRT-0199]   Number of violations = 11604.
Viol/Layer         li1   mcon   met1    via   met2   met3   met4   met5
Cut Spacing          0     31      0      3      0      0      0      0
Metal Spacing        0      0   3008      0    519     44      7      8
Min Hole             0      0     24      0      1      0      0      0
Recheck             36      0   1983      0   1104     49     21      7
Short                0      2   3663      6   1026     37     19      6
[INFO DRT-0267] cpu time = 00:10:58, elapsed time = 00:00:46, memory = 3021.28 (MB), peak = 3020.15 (MB)
Total wire length = 1300203 um.
Total wire length on LAYER li1 = 0 um.
Total wire length on LAYER met1 = 400097 um.
Total wire length on LAYER met2 = 650512 um.
Total wire length on LAYER met3 = 184027 um.
Total wire length on LAYER met4 = 63787 um.
Total wire length on LAYER met5 = 1777 um.
Total number of vias = 170245.
Up-via summary (total 170245):

-------------------------
 FR_MASTERSLICE         0
            li1     68876
           met1     92504
           met2      7048
           met3      1693
           met4       124
-------------------------
               170245


[INFO DRT-0195] Start 1st optimization iteration.
    Completing 10% with 11604 violations.
    elapsed time = 00:00:03, memory = 3037.18 (MB).
    Completing 20% with 11604 violations.
    elapsed time = 00:00:09, memory = 3073.31 (MB).
    Completing 30% with 9145 violations.
    elapsed time = 00:00:11, memory = 3064.32 (MB).
    Completing 40% with 9145 violations.
    elapsed time = 00:00:20, memory = 3080.41 (MB).
    Completing 50% with 9145 violations.
    elapsed time = 00:00:21, memory = 3080.41 (MB).
    Completing 60% with 6854 violations.
    elapsed time = 00:00:25, memory = 3085.86 (MB).
    Completing 70% with 6854 violations.
    elapsed time = 00:00:31, memory = 3095.92 (MB).
    Completing 80% with 4893 violations.
    elapsed time = 00:00:33, memory = 3109.84 (MB).
    Completing 90% with 4893 violations.
    elapsed time = 00:00:41, memory = 3128.41 (MB).
    Completing 100% with 2734 violations.
    elapsed time = 00:00:43, memory = 3132.52 (MB).
[INFO DRT-0199]   Number of violations = 2734.
Viol/Layer        mcon   met1   met2   met3   met4
Cut Spacing          1      0      0      0      0
Metal Spacing        0   1208    113      4      1
Min Hole             0      2      0      0      0
Short                0   1167    238      0      0
[INFO DRT-0267] cpu time = 00:10:23, elapsed time = 00:00:44, memory = 3133.86 (MB), peak = 3135.90 (MB)
Total wire length = 1292756 um.
Total wire length on LAYER li1 = 0 um.
Total wire length on LAYER met1 = 397361 um.
Total wire length on LAYER met2 = 646948 um.
Total wire length on LAYER met3 = 183358 um.
Total wire length on LAYER met4 = 63373 um.
Total wire length on LAYER met5 = 1714 um.
Total number of vias = 168159.
Up-via summary (total 168159):

-------------------------
 FR_MASTERSLICE         0
            li1     68886
           met1     90599
           met2      6919
           met3      1647
           met4       108
-------------------------
               168159


[INFO DRT-0195] Start 2nd optimization iteration.
    Completing 10% with 2734 violations.
    elapsed time = 00:00:02, memory = 3137.16 (MB).
    Completing 20% with 2734 violations.
    elapsed time = 00:00:08, memory = 3162.46 (MB).
    Completing 30% with 2398 violations.
    elapsed time = 00:00:09, memory = 3162.46 (MB).
    Completing 40% with 2398 violations.
    elapsed time = 00:00:17, memory = 3162.65 (MB).
    Completing 50% with 2398 violations.
    elapsed time = 00:00:18, memory = 3162.65 (MB).
    Completing 60% with 2290 violations.
    elapsed time = 00:00:22, memory = 3162.65 (MB).
    Completing 70% with 2290 violations.
    elapsed time = 00:00:27, memory = 3162.65 (MB).
    Completing 80% with 2168 violations.
    elapsed time = 00:00:29, memory = 3162.65 (MB).
    Completing 90% with 2168 violations.
    elapsed time = 00:00:38, memory = 3166.02 (MB).
    Completing 100% with 2005 violations.
    elapsed time = 00:00:40, memory = 3138.23 (MB).
[INFO DRT-0199]   Number of violations = 2005.
Viol/Layer        met1   met2   met3
Metal Spacing      936     99      3
Min Hole             1      0      0
NS Metal             1      0      0
Short              784    181      0
[INFO DRT-0267] cpu time = 00:09:40, elapsed time = 00:00:40, memory = 3138.23 (MB), peak = 3192.80 (MB)
Total wire length = 1290885 um.
Total wire length on LAYER li1 = 0 um.
Total wire length on LAYER met1 = 396751 um.
Total wire length on LAYER met2 = 646620 um.
Total wire length on LAYER met3 = 182811 um.
Total wire length on LAYER met4 = 62985 um.
Total wire length on LAYER met5 = 1715 um.
Total number of vias = 167367.
Up-via summary (total 167367):

-------------------------
 FR_MASTERSLICE         0
            li1     68886
           met1     89902
           met2      6867
           met3      1604
           met4       108
-------------------------
               167367


[INFO DRT-0195] Start 3rd optimization iteration.
    Completing 10% with 2005 violations.
    elapsed time = 00:00:01, memory = 3138.23 (MB).
    Completing 20% with 2005 violations.
    elapsed time = 00:00:03, memory = 3138.23 (MB).
    Completing 30% with 1482 violations.
    elapsed time = 00:00:07, memory = 3138.23 (MB).
    Completing 40% with 1482 violations.
    elapsed time = 00:00:10, memory = 3138.41 (MB).
    Completing 50% with 1482 violations.
    elapsed time = 00:00:13, memory = 3138.41 (MB).
    Completing 60% with 995 violations.
    elapsed time = 00:00:15, memory = 3141.80 (MB).
    Completing 70% with 995 violations.
    elapsed time = 00:00:17, memory = 3143.20 (MB).
    Completing 80% with 548 violations.
    elapsed time = 00:00:19, memory = 3143.20 (MB).
    Completing 90% with 548 violations.
    elapsed time = 00:00:22, memory = 3143.20 (MB).
    Completing 100% with 69 violations.
    elapsed time = 00:00:25, memory = 3143.20 (MB).
[INFO DRT-0199]   Number of violations = 69.
Viol/Layer        met1   met2   met3
Metal Spacing       30      3      1
Short               32      3      0
[INFO DRT-0267] cpu time = 00:04:32, elapsed time = 00:00:25, memory = 3143.20 (MB), peak = 3192.80 (MB)
Total wire length = 1290660 um.
Total wire length on LAYER li1 = 0 um.
Total wire length on LAYER met1 = 393782 um.
Total wire length on LAYER met2 = 646418 um.
Total wire length on LAYER met3 = 185567 um.
Total wire length on LAYER met4 = 63200 um.
Total wire length on LAYER met5 = 1691 um.
Total number of vias = 168064.
Up-via summary (total 168064):

-------------------------
 FR_MASTERSLICE         0
            li1     68893
           met1     90148
           met2      7306
           met3      1613
           met4       104
-------------------------
               168064


[INFO DRT-0195] Start 4th guides tiles iteration.
    Completing 10% with 69 violations.
    elapsed time = 00:00:00, memory = 3143.20 (MB).
    Completing 20% with 69 violations.
    elapsed time = 00:00:00, memory = 3143.20 (MB).
    Completing 30% with 69 violations.
    elapsed time = 00:00:00, memory = 3143.20 (MB).
    Completing 40% with 69 violations.
    elapsed time = 00:00:00, memory = 3143.20 (MB).
    Completing 50% with 69 violations.
    elapsed time = 00:00:00, memory = 3143.20 (MB).
    Completing 60% with 26 violations.
    elapsed time = 00:00:00, memory = 3143.20 (MB).
    Completing 70% with 26 violations.
    elapsed time = 00:00:00, memory = 3143.20 (MB).
    Completing 80% with 26 violations.
    elapsed time = 00:00:00, memory = 3143.20 (MB).
    Completing 90% with 5 violations.
    elapsed time = 00:00:01, memory = 3143.20 (MB).
    Completing 100% with 4 violations.
    elapsed time = 00:00:01, memory = 3143.20 (MB).
[INFO DRT-0199]   Number of violations = 4.
Viol/Layer        met1
Metal Spacing        4
[INFO DRT-0267] cpu time = 00:00:05, elapsed time = 00:00:01, memory = 3143.20 (MB), peak = 3192.80 (MB)
Total wire length = 1290671 um.
Total wire length on LAYER li1 = 0 um.
Total wire length on LAYER met1 = 393717 um.
Total wire length on LAYER met2 = 646419 um.
Total wire length on LAYER met3 = 185642 um.
Total wire length on LAYER met4 = 63200 um.
Total wire length on LAYER met5 = 1691 um.
Total number of vias = 168087.
Up-via summary (total 168087):

-------------------------
 FR_MASTERSLICE         0
            li1     68893
           met1     90160
           met2      7317
           met3      1613
           met4       104
-------------------------
               168087


[INFO DRT-0195] Start 5th guides tiles iteration.
    Completing 20% with 4 violations.
    elapsed time = 00:00:00, memory = 3143.20 (MB).
    Completing 50% with 4 violations.
    elapsed time = 00:00:00, memory = 3143.20 (MB).
    Completing 70% with 2 violations.
    elapsed time = 00:00:00, memory = 3143.20 (MB).
    Completing 100% with 2 violations.
    elapsed time = 00:00:00, memory = 3143.20 (MB).
[INFO DRT-0199]   Number of violations = 2.
Viol/Layer        met1
Metal Spacing        2
[INFO DRT-0267] cpu time = 00:00:01, elapsed time = 00:00:00, memory = 3143.32 (MB), peak = 3192.80 (MB)
Total wire length = 1290674 um.
Total wire length on LAYER li1 = 0 um.
Total wire length on LAYER met1 = 393718 um.
Total wire length on LAYER met2 = 646421 um.
Total wire length on LAYER met3 = 185642 um.
Total wire length on LAYER met4 = 63200 um.
Total wire length on LAYER met5 = 1691 um.
Total number of vias = 168089.
Up-via summary (total 168089):

-------------------------
 FR_MASTERSLICE         0
            li1     68893
           met1     90162
           met2      7317
           met3      1613
           met4       104
-------------------------
               168089


[INFO DRT-0195] Start 6th guides tiles iteration.
    Completing 50% with 2 violations.
    elapsed time = 00:00:00, memory = 3143.32 (MB).
    Completing 100% with 2 violations.
    elapsed time = 00:00:00, memory = 3143.32 (MB).
[INFO DRT-0199]   Number of violations = 2.
Viol/Layer        met1
Metal Spacing        2
[INFO DRT-0267] cpu time = 00:00:00, elapsed time = 00:00:00, memory = 3143.32 (MB), peak = 3192.80 (MB)
Total wire length = 1290674 um.
Total wire length on LAYER li1 = 0 um.
Total wire length on LAYER met1 = 393718 um.
Total wire length on LAYER met2 = 646421 um.
Total wire length on LAYER met3 = 185642 um.
Total wire length on LAYER met4 = 63200 um.
Total wire length on LAYER met5 = 1691 um.
Total number of vias = 168089.
Up-via summary (total 168089):

-------------------------
 FR_MASTERSLICE         0
            li1     68893
           met1     90162
           met2      7317
           met3      1613
           met4       104
-------------------------
               168089


[INFO DRT-0195] Start 7th stubborn tiles iteration.
    Completing 10% with 2 violations.
    elapsed time = 00:00:00, memory = 3143.32 (MB).
    Completing 20% with 2 violations.
    elapsed time = 00:00:00, memory = 3143.32 (MB).
    Completing 30% with 2 violations.
    elapsed time = 00:00:01, memory = 3143.32 (MB).
    Completing 40% with 2 violations.
    elapsed time = 00:00:01, memory = 3143.32 (MB).
    Completing 50% with 2 violations.
    elapsed time = 00:00:01, memory = 3143.32 (MB).
    Completing 60% with 2 violations.
    elapsed time = 00:00:01, memory = 3143.32 (MB).
    Completing 70% with 2 violations.
    elapsed time = 00:00:01, memory = 3143.32 (MB).
    Completing 80% with 2 violations.
    elapsed time = 00:00:02, memory = 3143.32 (MB).
    Completing 90% with 2 violations.
    elapsed time = 00:00:02, memory = 3143.32 (MB).
    Completing 100% with 0 violations.
    elapsed time = 00:00:02, memory = 3143.32 (MB).
[INFO DRT-0199]   Number of violations = 0.
[INFO DRT-0267] cpu time = 00:00:35, elapsed time = 00:00:02, memory = 3143.32 (MB), peak = 3192.80 (MB)
Total wire length = 1290684 um.
Total wire length on LAYER li1 = 0 um.
Total wire length on LAYER met1 = 393729 um.
Total wire length on LAYER met2 = 646429 um.
Total wire length on LAYER met3 = 185633 um.
Total wire length on LAYER met4 = 63200 um.
Total wire length on LAYER met5 = 1691 um.
Total number of vias = 168089.
Up-via summary (total 168089):

-------------------------
 FR_MASTERSLICE         0
            li1     68893
           met1     90166
           met2      7313
           met3      1613
           met4       104
-------------------------
               168089


[INFO DRT-0198] Complete detail routing.
Total wire length = 1290684 um.
Total wire length on LAYER li1 = 0 um.
Total wire length on LAYER met1 = 393729 um.
Total wire length on LAYER met2 = 646429 um.
Total wire length on LAYER met3 = 185633 um.
Total wire length on LAYER met4 = 63200 um.
Total wire length on LAYER met5 = 1691 um.
Total number of vias = 168089.
Up-via summary (total 168089):

-------------------------
 FR_MASTERSLICE         0
            li1     68893
           met1     90166
           met2      7313
           met3      1613
           met4       104
-------------------------
               168089


[INFO DRT-0267] cpu time = 00:36:19, elapsed time = 00:02:42, memory = 3143.32 (MB), peak = 3192.80 (MB)

[INFO DRT-0180] Post processing.
[INFO DRT-0501] Runtime: 183.04s
Took 183 seconds: detailed_route -output_drc ./reports/sky130hd/d_nw03_cand_gemini/base/5_route_drc.rpt -output_maze ./results/sky130hd/d_nw03_cand_gemini/base/maze.log -droute_end_iter 64 -verbose 1 -drc_report_iter_step 5
[INFO GRT-0012] Found 38 antenna violations.
[WARNING GRT-0243] Unable to repair antennas on net with diodes.
[INFO DPL-0006] Core area: 3714367.37 um^2
[INFO DPL-0007] Movable instances area: 0.00 um^2
[INFO DPL-0008] Fixed instances area within core: 478171.10 um^2
[INFO DPL-0009] Utilization: 12.9%
[INFO DPL-0005] Diamond search max displacement: +/- 500 sites horizontally, +/- 100 rows vertically.
[INFO DPL-1102] Legalizing using negotiation legalizer.
[INFO DPL-1103] Negotiation base search window: +/-20 sites horizontally, +/-5 rows vertically 
	Automatic search window extension enabled.
	Search window extendable up to the max displacement cap of +/-500 sites, +/-100 rows near walls.
[INFO DPL-1104] NegotiationLegalizer DRC penalty: 5.
[INFO DPL-0392] Negotiation cell height distribution (1 unique row-count(s)):
[INFO DPL-0393]   height 1 row(s): 67093 cells
[INFO DPL-0500] Runtime: 0.14s
[INFO GRT-0015] Inserted 101 diodes.
[INFO DRT-0024]   Complete FR_MASTERSLICE.
[INFO DRT-0024]   Complete Fr_VIA.
[INFO DRT-0024]   Complete li1.
[INFO DRT-0024]   Complete mcon.
[INFO DRT-0024]   Complete met1.
[INFO DRT-0024]   Complete via.
[INFO DRT-0024]   Complete met2.
[INFO DRT-0024]   Complete via2.
[INFO DRT-0024]   Complete met3.
[INFO DRT-0024]   Complete via3.
[INFO DRT-0024]   Complete met4.
[INFO DRT-0024]   Complete via4.
[INFO DRT-0024]   Complete met5.
[INFO DRT-0165] Start pin access.
[INFO DRT-0076]   Complete 1000 pins.
[INFO DRT-0078]   Complete 1528 pins.
[INFO DRT-0079]   Complete 100 unique inst patterns.
[INFO DRT-0081]   Complete 197 unique inst patterns.
[INFO DRT-0082]   Complete 10000 groups.
[INFO DRT-0084]   Complete 14851 groups.
#scanned instances     = 67093
#unique  instances     = 197
#stdCellGenAp          = 5819
#stdCellValidPlanarAp  = 94
#stdCellValidViaAp     = 4281
#stdCellPinNoAp        = 0
#stdCellPinCnt         = 71217
#instTermValidViaApCnt = 0
#macroGenAp            = 0
#macroValidPlanarAp    = 0
#macroValidViaAp       = 0
#macroNoAp             = 0
[INFO DRT-0166] Complete pin access.
[INFO DRT-0267] cpu time = 00:03:48, elapsed time = 00:00:15, memory = 2795.24 (MB), peak = 3192.80 (MB)
[INFO DRT-0156] guideIn read 100000 guides.

[INFO DRT-0157] Number of guides:     199734

[INFO DRT-0169] Post process guides.
[INFO DRT-0176] GCELLGRID X 0 DO 279 STEP 6900 ;
[INFO DRT-0177] GCELLGRID Y 0 DO 279 STEP 6900 ;
[INFO DRT-0026]   Complete 100000 origin guides.
[INFO DRT-0028]   Complete FR_MASTERSLICE.
[INFO DRT-0028]   Complete Fr_VIA.
[INFO DRT-0028]   Complete li1.
[INFO DRT-0028]   Complete mcon.
[INFO DRT-0028]   Complete met1.
[INFO DRT-0028]   Complete via.
[INFO DRT-0028]   Complete met2.
[INFO DRT-0028]   Complete via2.
[INFO DRT-0028]   Complete met3.
[INFO DRT-0028]   Complete via3.
[INFO DRT-0028]   Complete met4.
[INFO DRT-0028]   Complete via4.
[INFO DRT-0028]   Complete met5.
[INFO DRT-0178] Init guide query.
[INFO DRT-0035]   Complete FR_MASTERSLICE (guide).
[INFO DRT-0035]   Complete Fr_VIA (guide).
[INFO DRT-0035]   Complete li1 (guide).
[INFO DRT-0035]   Complete mcon (guide).
[INFO DRT-0035]   Complete met1 (guide).
[INFO DRT-0035]   Complete via (guide).
[INFO DRT-0035]   Complete met2 (guide).
[INFO DRT-0035]   Complete via2 (guide).
[INFO DRT-0035]   Complete met3 (guide).
[INFO DRT-0035]   Complete via3 (guide).
[INFO DRT-0035]   Complete met4 (guide).
[INFO DRT-0035]   Complete via4 (guide).
[INFO DRT-0035]   Complete met5 (guide).
[INFO DRT-0036] FR_MASTERSLICE guide region query size = 0.
[INFO DRT-0036] FR_VIA guide region query size = 0.
[INFO DRT-0036] li1 guide region query size = 59957.
[INFO DRT-0036] mcon guide region query size = 0.
[INFO DRT-0036] met1 guide region query size = 60184.
[INFO DRT-0036] via guide region query size = 0.
[INFO DRT-0036] met2 guide region query size = 36597.
[INFO DRT-0036] via2 guide region query size = 0.
[INFO DRT-0036] met3 guide region query size = 4633.
[INFO DRT-0036] via3 guide region query size = 0.
[INFO DRT-0036] met4 guide region query size = 1168.
[INFO DRT-0036] via4 guide region query size = 0.
[INFO DRT-0036] met5 guide region query size = 59.
[INFO DRT-0179] Init gr pin query.
[INFO DRT-0267] cpu time = 00:00:01, elapsed time = 00:00:00, memory = 2795.24 (MB), peak = 3192.80 (MB)
[INFO DRT-0245] skipped writing guide updates to database.
[INFO DRT-0181] Start track assignment.
[INFO DRT-0184] Done with 97722 vertical wires in 6 frboxes and 64876 horizontal wires in 6 frboxes.
[INFO DRT-0186] Done with 9397 vertical wires in 6 frboxes and 15956 horizontal wires in 6 frboxes.
[INFO DRT-0182] Complete track assignment.
[INFO DRT-0267] cpu time = 00:00:11, elapsed time = 00:00:04, memory = 2997.63 (MB), peak = 3192.80 (MB)
[INFO DRT-0187] Start routing data preparation.
[INFO DRT-0267] cpu time = 00:00:00, elapsed time = 00:00:00, memory = 2997.63 (MB), peak = 3192.80 (MB)
[INFO DRT-0194] Start detail routing.
[INFO DRT-0195] Start 0th optimization iteration.
    Completing 10% with 0 violations.
    elapsed time = 00:00:01, memory = 3018.31 (MB).
    Completing 20% with 0 violations.
    elapsed time = 00:00:03, memory = 3220.73 (MB).
    Completing 30% with 222 violations.
    elapsed time = 00:00:04, memory = 3166.01 (MB).
    Completing 40% with 222 violations.
    elapsed time = 00:00:06, memory = 3286.82 (MB).
    Completing 50% with 222 violations.
    elapsed time = 00:00:07, memory = 3223.03 (MB).
    Completing 60% with 403 violations.
    elapsed time = 00:00:09, memory = 3296.12 (MB).
    Completing 70% with 403 violations.
    elapsed time = 00:00:10, memory = 3225.46 (MB).
    Completing 80% with 530 violations.
    elapsed time = 00:00:11, memory = 3225.46 (MB).
    Completing 90% with 530 violations.
    elapsed time = 00:00:14, memory = 3307.24 (MB).
    Completing 100% with 631 violations.
    elapsed time = 00:00:15, memory = 3229.22 (MB).
[INFO DRT-0199]   Number of violations = 845.
Viol/Layer         li1   mcon   met1    via   met2   met3   met4   met5
Cut Spacing          0      2      0      0      0      0      0      0
Metal Spacing        0      0    105      0     26      7      1     10
Recheck              1      0     67      0     93     44      4      5
Short                0      0    208      2    202     62      6      0
[INFO DRT-0267] cpu time = 00:03:33, elapsed time = 00:00:15, memory = 3420.38 (MB), peak = 3418.96 (MB)
Total wire length = 1291060 um.
Total wire length on LAYER li1 = 0 um.
Total wire length on LAYER met1 = 395859 um.
Total wire length on LAYER met2 = 646139 um.
Total wire length on LAYER met3 = 183130 um.
Total wire length on LAYER met4 = 63631 um.
Total wire length on LAYER met5 = 2299 um.
Total number of vias = 168324.
Up-via summary (total 168324):

-------------------------
 FR_MASTERSLICE         0
            li1     69015
           met1     90310
           met2      7288
           met3      1605
           met4       106
-------------------------
               168324


[INFO DRT-0195] Start 1st optimization iteration.
    Completing 10% with 845 violations.
    elapsed time = 00:00:01, memory = 3420.38 (MB).
    Completing 20% with 845 violations.
    elapsed time = 00:00:03, memory = 3420.38 (MB).
    Completing 30% with 600 violations.
    elapsed time = 00:00:03, memory = 3420.38 (MB).
    Completing 40% with 600 violations.
    elapsed time = 00:00:06, memory = 3420.38 (MB).
    Completing 50% with 600 violations.
    elapsed time = 00:00:07, memory = 3420.38 (MB).
    Completing 60% with 428 violations.
    elapsed time = 00:00:08, memory = 3420.56 (MB).
    Completing 70% with 428 violations.
    elapsed time = 00:00:10, memory = 3420.56 (MB).
    Completing 80% with 237 violations.
    elapsed time = 00:00:11, memory = 3420.56 (MB).
    Completing 90% with 237 violations.
    elapsed time = 00:00:13, memory = 3423.98 (MB).
    Completing 100% with 58 violations.
    elapsed time = 00:00:14, memory = 3423.98 (MB).
[INFO DRT-0199]   Number of violations = 58.
Viol/Layer        met1   met2   met3   met4   met5
Metal Spacing        7      3      3      0      3
Short               20     18      3      1      0
[INFO DRT-0267] cpu time = 00:03:21, elapsed time = 00:00:14, memory = 3426.98 (MB), peak = 3425.46 (MB)
Total wire length = 1290649 um.
Total wire length on LAYER li1 = 0 um.
Total wire length on LAYER met1 = 395815 um.
Total wire length on LAYER met2 = 645870 um.
Total wire length on LAYER met3 = 183046 um.
Total wire length on LAYER met4 = 63617 um.
Total wire length on LAYER met5 = 2298 um.
Total number of vias = 168191.
Up-via summary (total 168191):

-------------------------
 FR_MASTERSLICE         0
            li1     69020
           met1     90186
           met2      7274
           met3      1605
           met4       106
-------------------------
               168191


[INFO DRT-0195] Start 2nd optimization iteration.
    Completing 10% with 58 violations.
    elapsed time = 00:00:00, memory = 3426.98 (MB).
    Completing 20% with 58 violations.
    elapsed time = 00:00:00, memory = 3426.98 (MB).
    Completing 30% with 58 violations.
    elapsed time = 00:00:00, memory = 3426.98 (MB).
    Completing 40% with 58 violations.
    elapsed time = 00:00:00, memory = 3426.98 (MB).
    Completing 50% with 58 violations.
    elapsed time = 00:00:00, memory = 3426.98 (MB).
    Completing 60% with 55 violations.
    elapsed time = 00:00:01, memory = 3426.98 (MB).
    Completing 70% with 55 violations.
    elapsed time = 00:00:01, memory = 3426.98 (MB).
    Completing 80% with 58 violations.
    elapsed time = 00:00:01, memory = 3426.98 (MB).
    Completing 90% with 58 violations.
    elapsed time = 00:00:01, memory = 3426.98 (MB).
    Completing 100% with 64 violations.
    elapsed time = 00:00:02, memory = 3426.98 (MB).
[INFO DRT-0199]   Number of violations = 64.
Viol/Layer        met1   met2   met3   met4
Metal Spacing       14      4      3      0
Short               16     17      9      1
[INFO DRT-0267] cpu time = 00:00:15, elapsed time = 00:00:02, memory = 3426.98 (MB), peak = 3425.46 (MB)
Total wire length = 1290612 um.
Total wire length on LAYER li1 = 0 um.
Total wire length on LAYER met1 = 395778 um.
Total wire length on LAYER met2 = 645873 um.
Total wire length on LAYER met3 = 183050 um.
Total wire length on LAYER met4 = 63614 um.
Total wire length on LAYER met5 = 2295 um.
Total number of vias = 168200.
Up-via summary (total 168200):

-------------------------
 FR_MASTERSLICE         0
            li1     69020
           met1     90197
           met2      7272
           met3      1605
           met4       106
-------------------------
               168200


[INFO DRT-0195] Start 3rd guides tiles iteration.
    Completing 10% with 64 violations.
    elapsed time = 00:00:00, memory = 3570.13 (MB).
    Completing 20% with 64 violations.
    elapsed time = 00:00:00, memory = 3746.36 (MB).
    Completing 30% with 64 violations.
    elapsed time = 00:00:00, memory = 3783.51 (MB).
    Completing 40% with 64 violations.
    elapsed time = 00:00:00, memory = 3784.55 (MB).
    Completing 50% with 64 violations.
    elapsed time = 00:00:01, memory = 3615.22 (MB).
    Completing 60% with 8 violations.
    elapsed time = 00:00:02, memory = 3435.43 (MB).
    Completing 70% with 8 violations.
    elapsed time = 00:00:02, memory = 3435.43 (MB).
    Completing 80% with 8 violations.
    elapsed time = 00:00:02, memory = 3435.43 (MB).
    Completing 90% with 8 violations.
    elapsed time = 00:00:02, memory = 3489.09 (MB).
    Completing 100% with 0 violations.
    elapsed time = 00:00:02, memory = 3435.43 (MB).
[INFO DRT-0199]   Number of violations = 0.
[INFO DRT-0267] cpu time = 00:00:10, elapsed time = 00:00:03, memory = 3435.43 (MB), peak = 3782.96 (MB)
Total wire length = 1290583 um.
Total wire length on LAYER li1 = 0 um.
Total wire length on LAYER met1 = 396022 um.
Total wire length on LAYER met2 = 645192 um.
Total wire length on LAYER met3 = 182778 um.
Total wire length on LAYER met4 = 64294 um.
Total wire length on LAYER met5 = 2295 um.
Total number of vias = 168242.
Up-via summary (total 168242):

-------------------------
 FR_MASTERSLICE         0
            li1     69019
           met1     90218
           met2      7288
           met3      1611
           met4       106
-------------------------
               168242


[INFO DRT-0198] Complete detail routing.
Total wire length = 1290583 um.
Total wire length on LAYER li1 = 0 um.
Total wire length on LAYER met1 = 396022 um.
Total wire length on LAYER met2 = 645192 um.
Total wire length on LAYER met3 = 182778 um.
Total wire length on LAYER met4 = 64294 um.
Total wire length on LAYER met5 = 2295 um.
Total number of vias = 168242.
Up-via summary (total 168242):

-------------------------
 FR_MASTERSLICE         0
            li1     69019
           met1     90218
           met2      7288
           met3      1611
           met4       106
-------------------------
               168242


[INFO DRT-0267] cpu time = 00:07:20, elapsed time = 00:00:36, memory = 3435.43 (MB), peak = 3782.96 (MB)

[INFO DRT-0180] Post processing.
[INFO DRT-0501] Runtime: 56.76s
[INFO ANT-0002] Found 5 net violations.
[INFO ANT-0001] Found 5 pin violations.
[INFO GRT-0012] Found 5 antenna violations.
[INFO DPL-0006] Core area: 3714367.37 um^2
[INFO DPL-0007] Movable instances area: 0.00 um^2
[INFO DPL-0008] Fixed instances area within core: 478221.15 um^2
[INFO DPL-0009] Utilization: 12.9%
[INFO DPL-0005] Diamond search max displacement: +/- 500 sites horizontally, +/- 100 rows vertically.
[INFO DPL-1102] Legalizing using negotiation legalizer.
[INFO DPL-1103] Negotiation base search window: +/-20 sites horizontally, +/-5 rows vertically 
	Automatic search window extension enabled.
	Search window extendable up to the max displacement cap of +/-500 sites, +/-100 rows near walls.
[INFO DPL-1104] NegotiationLegalizer DRC penalty: 5.
[INFO DPL-0392] Negotiation cell height distribution (1 unique row-count(s)):
[INFO DPL-0393]   height 1 row(s): 67113 cells
[INFO DPL-0500] Runtime: 0.17s
[INFO GRT-0015] Inserted 20 diodes.
[INFO DRT-0024]   Complete FR_MASTERSLICE.
[INFO DRT-0024]   Complete Fr_VIA.
[INFO DRT-0024]   Complete li1.
[INFO DRT-0024]   Complete mcon.
[INFO DRT-0024]   Complete met1.
[INFO DRT-0024]   Complete via.
[INFO DRT-0024]   Complete met2.
[INFO DRT-0024]   Complete via2.
[INFO DRT-0024]   Complete met3.
[INFO DRT-0024]   Complete via3.
[INFO DRT-0024]   Complete met4.
[INFO DRT-0024]   Complete via4.
[INFO DRT-0024]   Complete met5.
[INFO DRT-0165] Start pin access.
[INFO DRT-0076]   Complete 1000 pins.
[INFO DRT-0078]   Complete 1528 pins.
[INFO DRT-0079]   Complete 100 unique inst patterns.
[INFO DRT-0081]   Complete 197 unique inst patterns.
[INFO DRT-0082]   Complete 10000 groups.
[INFO DRT-0084]   Complete 14852 groups.
#scanned instances     = 67113
#unique  instances     = 197
#stdCellGenAp          = 5819
#stdCellValidPlanarAp  = 94
#stdCellValidViaAp     = 4281
#stdCellPinNoAp        = 0
#stdCellPinCnt         = 71217
#instTermValidViaApCnt = 0
#macroGenAp            = 0
#macroValidPlanarAp    = 0
#macroValidViaAp       = 0
#macroNoAp             = 0
[INFO DRT-0166] Complete pin access.
[INFO DRT-0267] cpu time = 00:03:49, elapsed time = 00:00:15, memory = 3455.32 (MB), peak = 3782.96 (MB)
[INFO DRT-0156] guideIn read 100000 guides.

[INFO DRT-0157] Number of guides:     199738

[INFO DRT-0169] Post process guides.
[INFO DRT-0176] GCELLGRID X 0 DO 279 STEP 6900 ;
[INFO DRT-0177] GCELLGRID Y 0 DO 279 STEP 6900 ;
[INFO DRT-0026]   Complete 100000 origin guides.
[INFO DRT-0028]   Complete FR_MASTERSLICE.
[INFO DRT-0028]   Complete Fr_VIA.
[INFO DRT-0028]   Complete li1.
[INFO DRT-0028]   Complete mcon.
[INFO DRT-0028]   Complete met1.
[INFO DRT-0028]   Complete via.
[INFO DRT-0028]   Complete met2.
[INFO DRT-0028]   Complete via2.
[INFO DRT-0028]   Complete met3.
[INFO DRT-0028]   Complete via3.
[INFO DRT-0028]   Complete met4.
[INFO DRT-0028]   Complete via4.
[INFO DRT-0028]   Complete met5.
[INFO DRT-0178] Init guide query.
[INFO DRT-0035]   Complete FR_MASTERSLICE (guide).
[INFO DRT-0035]   Complete Fr_VIA (guide).
[INFO DRT-0035]   Complete li1 (guide).
[INFO DRT-0035]   Complete mcon (guide).
[INFO DRT-0035]   Complete met1 (guide).
[INFO DRT-0035]   Complete via (guide).
[INFO DRT-0035]   Complete met2 (guide).
[INFO DRT-0035]   Complete via2 (guide).
[INFO DRT-0035]   Complete met3 (guide).
[INFO DRT-0035]   Complete via3 (guide).
[INFO DRT-0035]   Complete met4 (guide).
[INFO DRT-0035]   Complete via4 (guide).
[INFO DRT-0035]   Complete met5 (guide).
[INFO DRT-0036] FR_MASTERSLICE guide region query size = 0.
[INFO DRT-0036] FR_VIA guide region query size = 0.
[INFO DRT-0036] li1 guide region query size = 59961.
[INFO DRT-0036] mcon guide region query size = 0.
[INFO DRT-0036] met1 guide region query size = 60186.
[INFO DRT-0036] via guide region query size = 0.
[INFO DRT-0036] met2 guide region query size = 36596.
[INFO DRT-0036] via2 guide region query size = 0.
[INFO DRT-0036] met3 guide region query size = 4633.
[INFO DRT-0036] via3 guide region query size = 0.
[INFO DRT-0036] met4 guide region query size = 1167.
[INFO DRT-0036] via4 guide region query size = 0.
[INFO DRT-0036] met5 guide region query size = 58.
[INFO DRT-0179] Init gr pin query.
[INFO DRT-0267] cpu time = 00:00:01, elapsed time = 00:00:00, memory = 3455.32 (MB), peak = 3782.96 (MB)
[INFO DRT-0245] skipped writing guide updates to database.
[INFO DRT-0181] Start track assignment.
[INFO DRT-0184] Done with 97724 vertical wires in 6 frboxes and 64877 horizontal wires in 6 frboxes.
[INFO DRT-0186] Done with 9351 vertical wires in 6 frboxes and 16064 horizontal wires in 6 frboxes.
[INFO DRT-0182] Complete track assignment.
[INFO DRT-0267] cpu time = 00:00:10, elapsed time = 00:00:04, memory = 3455.44 (MB), peak = 3782.96 (MB)
[INFO DRT-0187] Start routing data preparation.
[INFO DRT-0267] cpu time = 00:00:00, elapsed time = 00:00:00, memory = 3455.44 (MB), peak = 3782.96 (MB)
[INFO DRT-0194] Start detail routing.
[INFO DRT-0195] Start 0th optimization iteration.
    Completing 10% with 0 violations.
    elapsed time = 00:00:01, memory = 3455.52 (MB).
    Completing 20% with 0 violations.
    elapsed time = 00:00:02, memory = 3455.52 (MB).
    Completing 30% with 25 violations.
    elapsed time = 00:00:03, memory = 3455.52 (MB).
    Completing 40% with 25 violations.
    elapsed time = 00:00:06, memory = 3455.52 (MB).
    Completing 50% with 25 violations.
    elapsed time = 00:00:06, memory = 3461.51 (MB).
    Completing 60% with 58 violations.
    elapsed time = 00:00:08, memory = 3461.51 (MB).
    Completing 70% with 58 violations.
    elapsed time = 00:00:09, memory = 3483.19 (MB).
    Completing 80% with 65 violations.
    elapsed time = 00:00:10, memory = 3483.19 (MB).
    Completing 90% with 65 violations.
    elapsed time = 00:00:12, memory = 3483.19 (MB).
    Completing 100% with 84 violations.
    elapsed time = 00:00:13, memory = 3483.19 (MB).
[INFO DRT-0199]   Number of violations = 110.
Viol/Layer        met1   met2   met3   met4
Metal Spacing        5      7      9      0
Recheck              8      8      9      1
Short               19     24     19      1
[INFO DRT-0267] cpu time = 00:03:08, elapsed time = 00:00:13, memory = 3483.19 (MB), peak = 3782.96 (MB)
Total wire length = 1290678 um.
Total wire length on LAYER li1 = 0 um.
Total wire length on LAYER met1 = 395933 um.
Total wire length on LAYER met2 = 645226 um.
Total wire length on LAYER met3 = 183546 um.
Total wire length on LAYER met4 = 64280 um.
Total wire length on LAYER met5 = 1691 um.
Total number of vias = 168303.
Up-via summary (total 168303):

-------------------------
 FR_MASTERSLICE         0
            li1     69041
           met1     90245
           met2      7304
           met3      1609
           met4       104
-------------------------
               168303


[INFO DRT-0195] Start 1st optimization iteration.
    Completing 10% with 110 violations.
    elapsed time = 00:00:01, memory = 3483.19 (MB).
    Completing 20% with 110 violations.
    elapsed time = 00:00:02, memory = 3483.19 (MB).
    Completing 30% with 101 violations.
    elapsed time = 00:00:03, memory = 3483.19 (MB).
    Completing 40% with 101 violations.
    elapsed time = 00:00:05, memory = 3500.61 (MB).
    Completing 50% with 101 violations.
    elapsed time = 00:00:06, memory = 3500.61 (MB).
    Completing 60% with 73 violations.
    elapsed time = 00:00:07, memory = 3500.61 (MB).
    Completing 70% with 73 violations.
    elapsed time = 00:00:09, memory = 3505.39 (MB).
    Completing 80% with 37 violations.
    elapsed time = 00:00:10, memory = 3505.39 (MB).
    Completing 90% with 37 violations.
    elapsed time = 00:00:12, memory = 3505.39 (MB).
    Completing 100% with 2 violations.
    elapsed time = 00:00:13, memory = 3505.39 (MB).
[INFO DRT-0199]   Number of violations = 2.
Viol/Layer        met3
Metal Spacing        1
Short                1
[INFO DRT-0267] cpu time = 00:03:06, elapsed time = 00:00:13, memory = 3505.39 (MB), peak = 3782.96 (MB)
Total wire length = 1290639 um.
Total wire length on LAYER li1 = 0 um.
Total wire length on LAYER met1 = 395936 um.
Total wire length on LAYER met2 = 645207 um.
Total wire length on LAYER met3 = 183522 um.
Total wire length on LAYER met4 = 64281 um.
Total wire length on LAYER met5 = 1691 um.
Total number of vias = 168297.
Up-via summary (total 168297):

-------------------------
 FR_MASTERSLICE         0
            li1     69044
           met1     90231
           met2      7307
           met3      1611
           met4       104
-------------------------
               168297


[INFO DRT-0195] Start 2nd optimization iteration.
    Completing 10% with 2 violations.
    elapsed time = 00:00:00, memory = 3505.39 (MB).
    Completing 20% with 2 violations.
    elapsed time = 00:00:00, memory = 3505.39 (MB).
    Completing 30% with 2 violations.
    elapsed time = 00:00:00, memory = 3505.39 (MB).
    Completing 40% with 2 violations.
    elapsed time = 00:00:00, memory = 3505.39 (MB).
    Completing 50% with 2 violations.
    elapsed time = 00:00:00, memory = 3505.39 (MB).
    Completing 60% with 2 violations.
    elapsed time = 00:00:00, memory = 3505.39 (MB).
    Completing 70% with 2 violations.
    elapsed time = 00:00:00, memory = 3505.39 (MB).
    Completing 80% with 2 violations.
    elapsed time = 00:00:00, memory = 3505.39 (MB).
    Completing 90% with 2 violations.
    elapsed time = 00:00:00, memory = 3505.39 (MB).
    Completing 100% with 1 violations.
    elapsed time = 00:00:00, memory = 3505.39 (MB).
[INFO DRT-0199]   Number of violations = 1.
Viol/Layer        met3
Short                1
[INFO DRT-0267] cpu time = 00:00:01, elapsed time = 00:00:00, memory = 3505.39 (MB), peak = 3782.96 (MB)
Total wire length = 1290640 um.
Total wire length on LAYER li1 = 0 um.
Total wire length on LAYER met1 = 395942 um.
Total wire length on LAYER met2 = 645209 um.
Total wire length on LAYER met3 = 183515 um.
Total wire length on LAYER met4 = 64281 um.
Total wire length on LAYER met5 = 1691 um.
Total number of vias = 168301.
Up-via summary (total 168301):

-------------------------
 FR_MASTERSLICE         0
            li1     69044
           met1     90233
           met2      7309
           met3      1611
           met4       104
-------------------------
               168301


[INFO DRT-0195] Start 3rd guides tiles iteration.
    Completing 100% with 0 violations.
    elapsed time = 00:00:01, memory = 3505.39 (MB).
[INFO DRT-0199]   Number of violations = 0.
[INFO DRT-0267] cpu time = 00:00:02, elapsed time = 00:00:01, memory = 3505.39 (MB), peak = 3782.96 (MB)
Total wire length = 1290637 um.
Total wire length on LAYER li1 = 0 um.
Total wire length on LAYER met1 = 395949 um.
Total wire length on LAYER met2 = 645209 um.
Total wire length on LAYER met3 = 183505 um.
Total wire length on LAYER met4 = 64281 um.
Total wire length on LAYER met5 = 1691 um.
Total number of vias = 168301.
Up-via summary (total 168301):

-------------------------
 FR_MASTERSLICE         0
            li1     69044
           met1     90233
           met2      7309
           met3      1611
           met4       104
-------------------------
               168301


[INFO DRT-0198] Complete detail routing.
Total wire length = 1290637 um.
Total wire length on LAYER li1 = 0 um.
Total wire length on LAYER met1 = 395949 um.
Total wire length on LAYER met2 = 645209 um.
Total wire length on LAYER met3 = 183505 um.
Total wire length on LAYER met4 = 64281 um.
Total wire length on LAYER met5 = 1691 um.
Total number of vias = 168301.
Up-via summary (total 168301):

-------------------------
 FR_MASTERSLICE         0
            li1     69044
           met1     90233
           met2      7309
           met3      1611
           met4       104
-------------------------
               168301


[INFO DRT-0267] cpu time = 00:06:18, elapsed time = 00:00:29, memory = 3505.39 (MB), peak = 3782.96 (MB)

[INFO DRT-0180] Post processing.
[INFO DRT-0501] Runtime: 50.25s
[INFO ANT-0002] Found 1 net violations.
[INFO ANT-0001] Found 1 pin violations.
[INFO GRT-0012] Found 1 antenna violations.
[INFO DPL-0006] Core area: 3714367.37 um^2
[INFO DPL-0007] Movable instances area: 0.00 um^2
[INFO DPL-0008] Fixed instances area within core: 478223.65 um^2
[INFO DPL-0009] Utilization: 12.9%
[INFO DPL-0005] Diamond search max displacement: +/- 500 sites horizontally, +/- 100 rows vertically.
[INFO DPL-1102] Legalizing using negotiation legalizer.
[INFO DPL-1103] Negotiation base search window: +/-20 sites horizontally, +/-5 rows vertically 
	Automatic search window extension enabled.
	Search window extendable up to the max displacement cap of +/-500 sites, +/-100 rows near walls.
[INFO DPL-1104] NegotiationLegalizer DRC penalty: 5.
[INFO DPL-0392] Negotiation cell height distribution (1 unique row-count(s)):
[INFO DPL-0393]   height 1 row(s): 67114 cells
[INFO DPL-0500] Runtime: 0.18s
[INFO GRT-0015] Inserted 1 diodes.
[INFO DRT-0024]   Complete FR_MASTERSLICE.
[INFO DRT-0024]   Complete Fr_VIA.
[INFO DRT-0024]   Complete li1.
[INFO DRT-0024]   Complete mcon.
[INFO DRT-0024]   Complete met1.
[INFO DRT-0024]   Complete via.
[INFO DRT-0024]   Complete met2.
[INFO DRT-0024]   Complete via2.
[INFO DRT-0024]   Complete met3.
[INFO DRT-0024]   Complete via3.
[INFO DRT-0024]   Complete met4.
[INFO DRT-0024]   Complete via4.
[INFO DRT-0024]   Complete met5.
[INFO DRT-0165] Start pin access.
[INFO DRT-0076]   Complete 1000 pins.
[INFO DRT-0078]   Complete 1528 pins.
[INFO DRT-0079]   Complete 100 unique inst patterns.
[INFO DRT-0081]   Complete 197 unique inst patterns.
[INFO DRT-0082]   Complete 10000 groups.
[INFO DRT-0084]   Complete 14852 groups.
#scanned instances     = 67114
#unique  instances     = 197
#stdCellGenAp          = 5819
#stdCellValidPlanarAp  = 94
#stdCellValidViaAp     = 4281
#stdCellPinNoAp        = 0
#stdCellPinCnt         = 71217
#instTermValidViaApCnt = 0
#macroGenAp            = 0
#macroValidPlanarAp    = 0
#macroValidViaAp       = 0
#macroNoAp             = 0
[INFO DRT-0166] Complete pin access.
[INFO DRT-0267] cpu time = 00:03:49, elapsed time = 00:00:15, memory = 3506.05 (MB), peak = 3782.96 (MB)
[INFO DRT-0156] guideIn read 100000 guides.

[INFO DRT-0157] Number of guides:     199738

[INFO DRT-0169] Post process guides.
[INFO DRT-0176] GCELLGRID X 0 DO 279 STEP 6900 ;
[INFO DRT-0177] GCELLGRID Y 0 DO 279 STEP 6900 ;
[INFO DRT-0026]   Complete 100000 origin guides.
[INFO DRT-0028]   Complete FR_MASTERSLICE.
[INFO DRT-0028]   Complete Fr_VIA.
[INFO DRT-0028]   Complete li1.
[INFO DRT-0028]   Complete mcon.
[INFO DRT-0028]   Complete met1.
[INFO DRT-0028]   Complete via.
[INFO DRT-0028]   Complete met2.
[INFO DRT-0028]   Complete via2.
[INFO DRT-0028]   Complete met3.
[INFO DRT-0028]   Complete via3.
[INFO DRT-0028]   Complete met4.
[INFO DRT-0028]   Complete via4.
[INFO DRT-0028]   Complete met5.
[INFO DRT-0178] Init guide query.
[INFO DRT-0035]   Complete FR_MASTERSLICE (guide).
[INFO DRT-0035]   Complete Fr_VIA (guide).
[INFO DRT-0035]   Complete li1 (guide).
[INFO DRT-0035]   Complete mcon (guide).
[INFO DRT-0035]   Complete met1 (guide).
[INFO DRT-0035]   Complete via (guide).
[INFO DRT-0035]   Complete met2 (guide).
[INFO DRT-0035]   Complete via2 (guide).
[INFO DRT-0035]   Complete met3 (guide).
[INFO DRT-0035]   Complete via3 (guide).
[INFO DRT-0035]   Complete met4 (guide).
[INFO DRT-0035]   Complete via4 (guide).
[INFO DRT-0035]   Complete met5 (guide).
[INFO DRT-0036] FR_MASTERSLICE guide region query size = 0.
[INFO DRT-0036] FR_VIA guide region query size = 0.
[INFO DRT-0036] li1 guide region query size = 59961.
[INFO DRT-0036] mcon guide region query size = 0.
[INFO DRT-0036] met1 guide region query size = 60186.
[INFO DRT-0036] via guide region query size = 0.
[INFO DRT-0036] met2 guide region query size = 36596.
[INFO DRT-0036] via2 guide region query size = 0.
[INFO DRT-0036] met3 guide region query size = 4633.
[INFO DRT-0036] via3 guide region query size = 0.
[INFO DRT-0036] met4 guide region query size = 1167.
[INFO DRT-0036] via4 guide region query size = 0.
[INFO DRT-0036] met5 guide region query size = 58.
[INFO DRT-0179] Init gr pin query.
[INFO DRT-0267] cpu time = 00:00:01, elapsed time = 00:00:00, memory = 3506.05 (MB), peak = 3782.96 (MB)
[INFO DRT-0245] skipped writing guide updates to database.
[INFO DRT-0181] Start track assignment.
[INFO DRT-0184] Done with 97724 vertical wires in 6 frboxes and 64877 horizontal wires in 6 frboxes.
[INFO DRT-0186] Done with 9340 vertical wires in 6 frboxes and 15975 horizontal wires in 6 frboxes.
[INFO DRT-0182] Complete track assignment.
[INFO DRT-0267] cpu time = 00:00:11, elapsed time = 00:00:04, memory = 3506.19 (MB), peak = 3782.96 (MB)
[INFO DRT-0187] Start routing data preparation.
[INFO DRT-0267] cpu time = 00:00:00, elapsed time = 00:00:00, memory = 3506.19 (MB), peak = 3782.96 (MB)
[INFO DRT-0194] Start detail routing.
[INFO DRT-0195] Start 0th optimization iteration.
    Completing 10% with 0 violations.
    elapsed time = 00:00:01, memory = 3506.27 (MB).
    Completing 20% with 0 violations.
    elapsed time = 00:00:02, memory = 3506.27 (MB).
    Completing 30% with 1 violations.
    elapsed time = 00:00:03, memory = 3506.27 (MB).
    Completing 40% with 1 violations.
    elapsed time = 00:00:05, memory = 3566.21 (MB).
    Completing 50% with 1 violations.
    elapsed time = 00:00:06, memory = 3566.21 (MB).
    Completing 60% with 5 violations.
    elapsed time = 00:00:08, memory = 3566.21 (MB).
    Completing 70% with 5 violations.
    elapsed time = 00:00:09, memory = 3566.73 (MB).
    Completing 80% with 5 violations.
    elapsed time = 00:00:10, memory = 3566.73 (MB).
    Completing 90% with 5 violations.
    elapsed time = 00:00:12, memory = 3532.36 (MB).
    Completing 100% with 5 violations.
    elapsed time = 00:00:13, memory = 3532.36 (MB).
[INFO DRT-0199]   Number of violations = 10.
Viol/Layer        met3   met4
Recheck              4      1
Short                4      1
[INFO DRT-0267] cpu time = 00:03:05, elapsed time = 00:00:13, memory = 3532.36 (MB), peak = 3782.96 (MB)
Total wire length = 1290638 um.
Total wire length on LAYER li1 = 0 um.
Total wire length on LAYER met1 = 395950 um.
Total wire length on LAYER met2 = 645209 um.
Total wire length on LAYER met3 = 183505 um.
Total wire length on LAYER met4 = 64281 um.
Total wire length on LAYER met5 = 1691 um.
Total number of vias = 168302.
Up-via summary (total 168302):

-------------------------
 FR_MASTERSLICE         0
            li1     69045
           met1     90233
           met2      7309
           met3      1611
           met4       104
-------------------------
               168302


[INFO DRT-0195] Start 1st optimization iteration.
    Completing 10% with 10 violations.
    elapsed time = 00:00:01, memory = 3546.57 (MB).
    Completing 20% with 10 violations.
    elapsed time = 00:00:02, memory = 3525.76 (MB).
    Completing 30% with 8 violations.
    elapsed time = 00:00:03, memory = 3525.76 (MB).
    Completing 40% with 8 violations.
    elapsed time = 00:00:05, memory = 3593.97 (MB).
    Completing 50% with 8 violations.
    elapsed time = 00:00:06, memory = 3506.97 (MB).
    Completing 60% with 4 violations.
    elapsed time = 00:00:07, memory = 3545.32 (MB).
    Completing 70% with 4 violations.
    elapsed time = 00:00:09, memory = 3507.26 (MB).
    Completing 80% with 4 violations.
    elapsed time = 00:00:10, memory = 3507.26 (MB).
    Completing 90% with 4 violations.
    elapsed time = 00:00:12, memory = 3545.80 (MB).
    Completing 100% with 0 violations.
    elapsed time = 00:00:13, memory = 3545.80 (MB).
[INFO DRT-0199]   Number of violations = 0.
[INFO DRT-0267] cpu time = 00:03:05, elapsed time = 00:00:13, memory = 3545.80 (MB), peak = 3782.96 (MB)
Total wire length = 1290638 um.
Total wire length on LAYER li1 = 0 um.
Total wire length on LAYER met1 = 395950 um.
Total wire length on LAYER met2 = 645209 um.
Total wire length on LAYER met3 = 183505 um.
Total wire length on LAYER met4 = 64281 um.
Total wire length on LAYER met5 = 1691 um.
Total number of vias = 168302.
Up-via summary (total 168302):

-------------------------
 FR_MASTERSLICE         0
            li1     69045
           met1     90233
           met2      7309
           met3      1611
           met4       104
-------------------------
               168302


[INFO DRT-0198] Complete detail routing.
Total wire length = 1290638 um.
Total wire length on LAYER li1 = 0 um.
Total wire length on LAYER met1 = 395950 um.
Total wire length on LAYER met2 = 645209 um.
Total wire length on LAYER met3 = 183505 um.
Total wire length on LAYER met4 = 64281 um.
Total wire length on LAYER met5 = 1691 um.
Total number of vias = 168302.
Up-via summary (total 168302):

-------------------------
 FR_MASTERSLICE         0
            li1     69045
           met1     90233
           met2      7309
           met3      1611
           met4       104
-------------------------
               168302


[INFO DRT-0267] cpu time = 00:06:10, elapsed time = 00:00:27, memory = 3545.80 (MB), peak = 3782.96 (MB)

[INFO DRT-0180] Post processing.
[INFO DRT-0501] Runtime: 47.97s
[INFO ANT-0002] Found 0 net violations.
[INFO ANT-0001] Found 0 pin violations.
[INFO ANT-0002] Found 0 net violations.
[INFO ANT-0001] Found 0 pin violations.
Design area 478224 um^2 13% utilization.
write_db ./results/sky130hd/d_nw03_cand_gemini/base/5_2_route.odb
Elapsed time: 5:58.58[h:]min:sec. CPU time: user 4583.39 sys 4.68 (1279%). Peak memory: 3873748KB.
Log                       Ext     Elapsed/s Peak Memory/MB sha1sum result [0:20)
5_2_route                 .odb          358           3782 c73f7be731892c3e5948
/OpenROAD-flow-scripts/flow/scripts/flow.sh 5_3_fillcell fillcell
Running fillcell.tcl, stage 5_3_fillcell
read_liberty /OpenROAD-flow-scripts/flow/platforms/sky130hd/lib/sky130_fd_sc_hd__tt_025C_1v80.lib
read_db ./results/sky130hd/d_nw03_cand_gemini/base/5_2_route.odb
read_sdc ./results/sky130hd/d_nw03_cand_gemini/base/5_1_grt.sdc
source /OpenROAD-flow-scripts/flow/platforms/sky130hd/setRC.tcl
filler_placement "sky130_fd_sc_hd__fill_1 sky130_fd_sc_hd__fill_2 sky130_fd_sc_hd__fill_4 sky130_fd_sc_hd__fill_8"
[INFO DPL-0001] Placed 409825 filler instances.
Design area 478224 um^2 13% utilization.
write_db ./results/sky130hd/d_nw03_cand_gemini/base/5_3_fillcell.odb
Elapsed time: 0:02.27[h:]min:sec. CPU time: user 2.00 sys 0.26 (99%). Peak memory: 750880KB.
Log                       Ext     Elapsed/s Peak Memory/MB sha1sum result [0:20)
5_3_fillcell              .odb            2            733 e170d0e35259aa087f75
cp ./results/sky130hd/d_nw03_cand_gemini/base/5_3_fillcell.odb ./results/sky130hd/d_nw03_cand_gemini/base/5_route.odb
cp ./results/sky130hd/d_nw03_cand_gemini/base/5_1_grt.sdc ./results/sky130hd/d_nw03_cand_gemini/base/5_route.sdc
/OpenROAD-flow-scripts/flow/scripts/flow.sh 6_1_fill density_fill
Running density_fill.tcl, stage 6_1_fill
read_liberty /OpenROAD-flow-scripts/flow/platforms/sky130hd/lib/sky130_fd_sc_hd__tt_025C_1v80.lib
read_db ./results/sky130hd/d_nw03_cand_gemini/base/5_route.odb
read_sdc ./results/sky130hd/d_nw03_cand_gemini/base/5_route.sdc
source /OpenROAD-flow-scripts/flow/platforms/sky130hd/setRC.tcl
exec cp ./results/sky130hd/d_nw03_cand_gemini/base/5_route.odb ./results/sky130hd/d_nw03_cand_gemini/base/6_1_fill.odb
Elapsed time: 0:01.04[h:]min:sec. CPU time: user 0.81 sys 0.22 (99%). Peak memory: 483684KB.
Log                       Ext     Elapsed/s Peak Memory/MB sha1sum result [0:20)
6_1_fill                  .odb            1            472 e170d0e35259aa087f75
cp ./results/sky130hd/d_nw03_cand_gemini/base/5_route.sdc ./results/sky130hd/d_nw03_cand_gemini/base/6_1_fill.sdc
/OpenROAD-flow-scripts/flow/scripts/flow.sh 6_report final_report
Running final_report.tcl, stage 6_report
read_liberty /OpenROAD-flow-scripts/flow/platforms/sky130hd/lib/sky130_fd_sc_hd__tt_025C_1v80.lib
read_db ./results/sky130hd/d_nw03_cand_gemini/base/6_1_fill.odb
read_sdc ./results/sky130hd/d_nw03_cand_gemini/base/6_1_fill.sdc
source /OpenROAD-flow-scripts/flow/platforms/sky130hd/setRC.tcl
write_db ./results/sky130hd/d_nw03_cand_gemini/base/6_final.odb
write_sdc -no_timestamp ./results/sky130hd/d_nw03_cand_gemini/base/6_final.sdc
Deleted 0 routing obstructions
Warning: master sky130_ef_sc_hd__decap_12 has signal pins but no liberty cell
[INFO RCX-0431] Defined process_corner X with ext_model_index 0
[INFO RCX-0029] Defined extraction corner X
[WARNING RCX-0514] The ext_model_file option is deprecated. Use set_extraction_rules_file command instead.
[INFO RCX-0435] Reading extraction model file /OpenROAD-flow-scripts/flow/platforms/sky130hd/rcx_patterns.rules ...
[INFO RCX-0436] RC segment generation axis_switch_oq (max_merge_res 50.0) ...
[INFO RCX-0040] Final 103125 rc segments
[INFO RCX-0439] Coupling Cap extraction axis_switch_oq ...
[INFO RCX-0440] Coupling threshhold is 0.1000 fF, coupling capacitance less than 0.1000 fF will be grounded.
[INFO RCX-0442] 8% of 283926 wires extracted
[INFO RCX-0442] 27% of 283926 wires extracted
[INFO RCX-0442] 43% of 283926 wires extracted
[INFO RCX-0442] 69% of 283926 wires extracted
[INFO RCX-0442] 88% of 283926 wires extracted
[INFO RCX-0442] 99% of 283926 wires extracted
[INFO RCX-0045] Extract 16941 nets, 120018 rsegs, 120018 caps, 192189 ccs
[INFO RCX-0443] 16941 nets finished
[INFO PSM-0040] All shapes on net VDD are connected.
########## IR report #################
Net              : VDD
Corner           : default
Total power      : 1.23e-01 W
Supply voltage   : 1.80e+00 V
Worstcase voltage: 1.80e+00 V
Average voltage  : 1.80e+00 V
Average IR drop  : 6.62e-06 V
Worstcase IR drop: 2.71e-04 V
Percentage drop  : 0.02 %
######################################
[INFO PSM-0040] All shapes on net VSS are connected.
########## IR report #################
Net              : VSS
Corner           : default
Total power      : 1.23e-01 W
Supply voltage   : 0.00e+00 V
Worstcase voltage: 3.45e-04 V
Average voltage  : 6.64e-06 V
Average IR drop  : 6.64e-06 V
Worstcase IR drop: 3.45e-04 V
Percentage drop  : 0.02 %
######################################
Cell type report:                       Count       Area
  Fill cell                            409825 3236143.72
  Tap cell                              49345   61740.46
  Antenna cell                            296     740.71
  Clock buffer                           1112   23834.11
  Timing Repair Buffer                   1226   13231.44
  Inverter                                 53     206.45
  Clock inverter                          568    6163.41
  Sequential cell                        9716  289692.84
  Multi-Input combinational cell         4798   82614.23
  Total                                476939 3714367.37
Report metrics stage 6, finish...

==========================================================================
finish report_design_area
--------------------------------------------------------------------------
Design area 478224 um^2 13% utilization.
[WARNING GUI-0076] QStandardPaths: XDG_RUNTIME_DIR not set, defaulting to '/tmp/runtime-'
Elapsed time: 0:39.80[h:]min:sec. CPU time: user 43.00 sys 9.79 (132%). Peak memory: 1755384KB.
Log                       Ext     Elapsed/s Peak Memory/MB sha1sum result [0:20)
6_report                                 39           1714                  N/A
cp /OpenROAD-flow-scripts/flow/platforms/sky130hd/lef/sky130_fd_sc_hd.tlef ./objects/sky130hd/d_nw03_cand_gemini/base/klayout_tech.lef
/usr/bin/python3 /OpenROAD-flow-scripts/flow/util/generate_klayout_tech.py \
	--template /OpenROAD-flow-scripts/flow/platforms/sky130hd/sky130hd.lyt \
	--output ./objects/sky130hd/d_nw03_cand_gemini/base/klayout.lyt \
	--lef-files ./objects/sky130hd/d_nw03_cand_gemini/base/klayout_tech.lef /OpenROAD-flow-scripts/flow/platforms/sky130hd/lef/sky130_fd_sc_hd_merged.lef   \
	--map-files 
/usr/bin/python3 /OpenROAD-flow-scripts/flow/scripts/run_command.py --log /OpenROAD-flow-scripts/flow/logs/sky130hd/d_nw03_cand_gemini/base/6_1_merge.log --tee -- \
        /OpenROAD-flow-scripts/flow/scripts/klayout.sh -zz -rd design_name=axis_switch_oq \
        -rd in_def=./results/sky130hd/d_nw03_cand_gemini/base/6_final.def \
        -rd in_files="/OpenROAD-flow-scripts/flow/platforms/sky130hd/gds/sky130_fd_sc_hd.gds  " \
        -rd seal_file="" \
        -rd out_file=./results/sky130hd/d_nw03_cand_gemini/base/6_1_merged.gds \
        -rd tech_file=./objects/sky130hd/d_nw03_cand_gemini/base/klayout.lyt \
        -rd layer_map= \
        -r /OpenROAD-flow-scripts/flow/util/def2stream.py
KLayout 0.30.7
[INFO] Reporting cells prior to loading DEF ...
	/OpenROAD-flow-scripts/flow/platforms/sky130hd/gds/sky130_fd_sc_hd.gds
[INFO] All LEF cells have matching GDS/OAS cells
[INFO] No orphan cells in the final layout
Elapsed time: 0:04.23[h:]min:sec. CPU time: user 3.93 sys 0.29 (99%). Peak memory: 860704KB.
cp results/sky130hd/d_nw03_cand_gemini/base/6_1_merged.gds results/sky130hd/d_nw03_cand_gemini/base/6_final.gds
./logs/sky130hd/d_nw03_cand_gemini/base
Log                       Ext     Elapsed/s Peak Memory/MB sha1sum result [0:20)
1_1_yosys_canonicalize    .rtlil          0             62 147b0cb75fa928655330
1_2_yosys                 .v              9            113 c574234253c1078ba096
1_2_yosys                 .sdc                             ab167aad668cd34117cc
1_synth                   .odb            0            171 5a5172e6818db0b4bc69
1_synth                   .sdc                             19e6d65f3e7cb7ea713d
2_1_floorplan             .odb            3            209 c4d8921366b7b3a40650
2_1_floorplan             .sdc                             19e6d65f3e7cb7ea713d
2_2_floorplan_macro       .odb            0            149 c4d8921366b7b3a40650
2_3_floorplan_tapcell     .odb            0            166 ffd62a13ecb63dbc79a4
2_4_floorplan_pdn         .odb            2            336 d128e2d721405a5a53e2
3_1_place_gp_skip_io      .odb            8            239 7c487ae747c666e18b92
3_2_place_iop             .odb            0            219 1fbc7130093b3a9cb6f0
3_3_place_gp              .odb           26            651 d97c39ce113800bcf5fb
3_4_place_resized         .odb            8            356 6f3b4dce365234b59693
3_5_place_dp              .odb           10            433 54a1f566ee6044d26822
4_1_cts                   .odb           19            458 e2282addbb4c23b5cc62
5_1_grt                   .odb           49           1261 0fc80d8d4e4f00228d49
5_1_grt                   .sdc                             8fe122add3034f95fc23
5_2_route                 .odb          358           3782 c73f7be731892c3e5948
5_3_fillcell              .odb            2            733 e170d0e35259aa087f75
6_1_fill                  .odb            1            472 e170d0e35259aa087f75
6_1_fill                  .sdc                             8fe122add3034f95fc23
6_1_merge                                 4            840                  N/A
6_report                                 39           1714                  N/A
Total                                   538           3782                     
