clean build: wiped sky130hd/d_nw03_cand_gemini (results, logs, objects, reports)
constraining to CLK_PERIOD_NS=8.0000 (SDC + synthesis)
OPENROAD: /OpenROAD-flow-scripts/tools/OpenROAD
mkdir -p results/sky130hd/d_nw03_cand_gemini/base/
echo 8000 > results/sky130hd/d_nw03_cand_gemini/base/clock_period.txt
/OpenROAD-flow-scripts/flow/scripts/synth.sh /OpenROAD-flow-scripts/flow/scripts/synth_canonicalize.tcl ./logs/sky130hd/d_nw03_cand_gemini/base/1_1_yosys_canonicalize.log
Using ABC speed script.
Extracting clock period from SDC file: ./results/sky130hd/d_nw03_cand_gemini/base/clock_period.txt
Setting clock period to 8000
1. Executing Liberty frontend: /OpenROAD-flow-scripts/flow/platforms/sky130hd/lib/sky130_fd_sc_hd__tt_025C_1v80.lib
2. Executing Liberty frontend: /OpenROAD-flow-scripts/flow/platforms/sky130hd/lib/sky130_fd_sc_hd__tt_025C_1v80.lib
3. Executing SLANG frontend.
3.1. Executing PROC_CLEAN pass (remove empty switches from decision trees).
3.2. Executing TRIBUF pass.
3.3. Executing PROC_RMDEAD pass (remove dead branches from decision trees).
3.4. Executing PROC_PRUNE pass (remove redundant assignments in processes).
3.5. Executing PROC_INIT pass (extract init attributes).
3.6. Executing PROC_ROM pass (convert switches to ROMs).
3.7. Executing PROC_MUX pass (convert decision trees to multiplexers).
3.8. Executing PROC_CLEAN pass (remove empty switches from decision trees).
3.9. Executing OPT_EXPR pass (perform const folding).
4. Executing HIERARCHY pass (managing design hierarchy).
4.1. Analyzing design hierarchy..
4.2. Analyzing design hierarchy..
5. Executing OPT_CLEAN pass (remove unused cells and wires).
6. Executing RTLIL backend.
End of script. Logfile hash: 16a71c67de, time: 0.15s, user: 0.13s, system: 0.01s, MEM: 60.84 MB peak
Yosys 0.68+post (git sha1 UNKNOWN, Release, GNU /usr/local/bin/wrapped-cc/g++ 11.4.0)
Time spent: 62% 4x read_liberty (0 sec), 17% 2x read_slang (0 sec), ...
Elapsed time: 0:00.15[h:]min:sec. CPU time: user 0.14 sys 0.01 (98%). Peak memory: 63928KB.
Log                       Ext     Elapsed/s Peak Memory/MB sha1sum result [0:20)
1_1_yosys_canonicalize    .rtlil          0             62 147b0cb75fa928655330
/OpenROAD-flow-scripts/flow/scripts/synth.sh /OpenROAD-flow-scripts/flow/scripts/synth.tcl ./logs/sky130hd/d_nw03_cand_gemini/base/1_2_yosys.log
Using ABC speed script.
Extracting clock period from SDC file: ./results/sky130hd/d_nw03_cand_gemini/base/clock_period.txt
Setting clock period to 8000
1. Executing RTLIL frontend.
2. Executing HIERARCHY pass (managing design hierarchy).
2.1. Analyzing design hierarchy..
2.2. Analyzing design hierarchy..
3. Executing SYNTH pass.
3.1. Executing HIERARCHY pass (managing design hierarchy).
3.1.1. Analyzing design hierarchy..
3.1.2. Analyzing design hierarchy..
3.2. Executing PROC pass (convert processes to netlists).
3.2.1. Executing PROC_CLEAN pass (remove empty switches from decision trees).
3.2.2. Executing PROC_RMDEAD pass (remove dead branches from decision trees).
3.2.3. Executing PROC_PRUNE pass (remove redundant assignments in processes).
3.2.4. Executing PROC_INIT pass (extract init attributes).
3.2.5. Executing PROC_ARST pass (detect async resets in processes).
3.2.6. Executing PROC_ROM pass (convert switches to ROMs).
3.2.7. Executing PROC_MUX pass (convert decision trees to multiplexers).
3.2.8. Executing PROC_DLATCH pass (convert process syncs to latches).
3.2.9. Executing PROC_DFF pass (convert process syncs to FFs).
3.2.10. Executing PROC_MEMWR pass (convert process memory writes to cells).
3.2.11. Executing PROC_CLEAN pass (remove empty switches from decision trees).
3.2.12. Executing OPT_EXPR pass (perform const folding).
3.3. Executing CHECK pass (checking for obvious problems).
3.4. Executing FLATTEN pass (flatten design).
3.5. Executing OPT_EXPR pass (perform const folding).
3.6. Executing OPT_CLEAN pass (remove unused cells and wires).
3.7. Executing CHECK pass (checking for obvious problems).
3.8. Executing OPT pass (performing simple optimizations).
3.8.1. Executing OPT_EXPR pass (perform const folding).
3.8.2. Executing OPT_MERGE pass (detect identical cells).
3.8.3. Executing OPT_MUXTREE pass (detect dead branches in mux trees).
3.8.4. Executing OPT_REDUCE pass (consolidate $*mux and $reduce_* inputs).
3.8.5. Executing OPT_MERGE pass (detect identical cells).
3.8.6. Executing OPT_DFF pass (perform DFF optimizations).
3.8.7. Executing OPT_CLEAN pass (remove unused cells and wires).
3.8.8. Executing OPT_EXPR pass (perform const folding).
3.8.9. Rerunning OPT passes. (Maybe there is more to do..)
3.8.10. Executing OPT_MUXTREE pass (detect dead branches in mux trees).
3.8.11. Executing OPT_REDUCE pass (consolidate $*mux and $reduce_* inputs).
3.8.12. Executing OPT_MERGE pass (detect identical cells).
3.8.13. Executing OPT_DFF pass (perform DFF optimizations).
3.8.14. Executing OPT_CLEAN pass (remove unused cells and wires).
3.8.15. Executing OPT_EXPR pass (perform const folding).
3.8.16. Finished fast OPT passes. (There is nothing left to do.)
3.9. Executing FSM pass (extract and optimize FSM).
3.9.1. Executing FSM_DETECT pass (finding FSMs in design).
3.9.2. Executing FSM_EXTRACT pass (extracting FSM from design).
3.9.3. Executing FSM_OPT pass (simple optimizations of FSMs).
3.9.4. Executing OPT_CLEAN pass (remove unused cells and wires).
3.9.5. Executing FSM_OPT pass (simple optimizations of FSMs).
3.9.6. Executing FSM_RECODE pass (re-assigning FSM state encoding).
3.9.7. Executing FSM_INFO pass (dumping all available information on FSM cells).
3.9.8. Executing FSM_MAP pass (mapping FSMs to basic logic).
3.10. Executing OPT pass (performing simple optimizations).
3.10.1. Executing OPT_EXPR pass (perform const folding).
3.10.2. Executing OPT_MERGE pass (detect identical cells).
3.10.3. Executing OPT_MUXTREE pass (detect dead branches in mux trees).
3.10.4. Executing OPT_REDUCE pass (consolidate $*mux and $reduce_* inputs).
3.10.5. Executing OPT_MERGE pass (detect identical cells).
3.10.6. Executing OPT_DFF pass (perform DFF optimizations).
3.10.7. Executing OPT_CLEAN pass (remove unused cells and wires).
3.10.8. Executing OPT_EXPR pass (perform const folding).
3.10.9. Rerunning OPT passes. (Maybe there is more to do..)
3.10.10. Executing OPT_MUXTREE pass (detect dead branches in mux trees).
3.10.11. Executing OPT_REDUCE pass (consolidate $*mux and $reduce_* inputs).
3.10.12. Executing OPT_MERGE pass (detect identical cells).
3.10.13. Executing OPT_DFF pass (perform DFF optimizations).
3.10.14. Executing OPT_CLEAN pass (remove unused cells and wires).
3.10.15. Executing OPT_EXPR pass (perform const folding).
3.10.16. Finished fast OPT passes. (There is nothing left to do.)
3.11. Executing WREDUCE pass (reducing word size of cells).
3.12. Executing PEEPOPT pass (run peephole optimizers).
3.13. Executing OPT_CLEAN pass (remove unused cells and wires).
3.14. Executing ALUMACC pass (create $alu and $macc cells).
3.15. Executing SHARE pass (SAT-based resource sharing).
3.16. Executing OPT pass (performing simple optimizations).
3.16.1. Executing OPT_EXPR pass (perform const folding).
3.16.2. Executing OPT_MERGE pass (detect identical cells).
3.16.3. Executing OPT_MUXTREE pass (detect dead branches in mux trees).
3.16.4. Executing OPT_REDUCE pass (consolidate $*mux and $reduce_* inputs).
3.16.5. Executing OPT_MERGE pass (detect identical cells).
3.16.6. Executing OPT_DFF pass (perform DFF optimizations).
3.16.7. Executing OPT_CLEAN pass (remove unused cells and wires).
3.16.8. Executing OPT_EXPR pass (perform const folding).
3.16.9. Rerunning OPT passes. (Maybe there is more to do..)
3.16.10. Executing OPT_MUXTREE pass (detect dead branches in mux trees).
3.16.11. Executing OPT_REDUCE pass (consolidate $*mux and $reduce_* inputs).
3.16.12. Executing OPT_MERGE pass (detect identical cells).
3.16.13. Executing OPT_DFF pass (perform DFF optimizations).
3.16.14. Executing OPT_CLEAN pass (remove unused cells and wires).
3.16.15. Executing OPT_EXPR pass (perform const folding).
3.16.16. Finished fast OPT passes. (There is nothing left to do.)
3.17. Executing MEMORY pass.
3.17.1. Executing OPT_MEM pass (optimize memories).
3.17.2. Executing OPT_MEM_PRIORITY pass (removing unnecessary memory write priority relations).
3.17.3. Executing OPT_MEM_FEEDBACK pass (finding memory read-to-write feedback paths).
3.17.4. Executing MEMORY_BMUX2ROM pass (converting muxes to ROMs).
3.17.5. Executing MEMORY_DFF pass (merging $dff cells to $memrd).
3.17.6. Executing OPT_CLEAN pass (remove unused cells and wires).
3.17.7. Executing MEMORY_SHARE pass (consolidating $memrd/$memwr cells).
3.17.8. Executing OPT_MEM_WIDEN pass (optimize memories where all ports are wide).
3.17.9. Executing OPT_CLEAN pass (remove unused cells and wires).
3.17.10. Executing MEMORY_COLLECT pass (generating $mem cells).
3.18. Executing OPT_CLEAN pass (remove unused cells and wires).
4. Executing SYNTH pass.
4.1. Executing OPT pass (performing simple optimizations).
4.1.1. Executing OPT_EXPR pass (perform const folding).
4.1.2. Executing OPT_MERGE pass (detect identical cells).
4.1.3. Executing OPT_DFF pass (perform DFF optimizations).
4.1.4. Executing OPT_CLEAN pass (remove unused cells and wires).
4.1.5. Finished fast OPT passes.
4.2. Executing MEMORY_MAP pass (converting memories to logic and flip-flops).
4.3. Executing OPT pass (performing simple optimizations).
4.3.1. Executing OPT_EXPR pass (perform const folding).
4.3.2. Executing OPT_MERGE pass (detect identical cells).
4.3.3. Executing OPT_MUXTREE pass (detect dead branches in mux trees).
4.3.4. Executing OPT_REDUCE pass (consolidate $*mux and $reduce_* inputs).
4.3.5. Executing OPT_MERGE pass (detect identical cells).
4.3.6. Executing OPT_SHARE pass.
4.3.7. Executing OPT_DFF pass (perform DFF optimizations).
4.3.8. Executing OPT_CLEAN pass (remove unused cells and wires).
4.3.9. Executing OPT_EXPR pass (perform const folding).
4.3.10. Rerunning OPT passes. (Maybe there is more to do..)
4.3.11. Executing OPT_MUXTREE pass (detect dead branches in mux trees).
4.3.12. Executing OPT_REDUCE pass (consolidate $*mux and $reduce_* inputs).
4.3.13. Executing OPT_MERGE pass (detect identical cells).
4.3.14. Executing OPT_SHARE pass.
4.3.15. Executing OPT_DFF pass (perform DFF optimizations).
4.3.16. Executing OPT_CLEAN pass (remove unused cells and wires).
4.3.17. Executing OPT_EXPR pass (perform const folding).
4.3.18. Rerunning OPT passes. (Maybe there is more to do..)
4.3.19. Executing OPT_MUXTREE pass (detect dead branches in mux trees).
4.3.20. Executing OPT_REDUCE pass (consolidate $*mux and $reduce_* inputs).
4.3.21. Executing OPT_MERGE pass (detect identical cells).
4.3.22. Executing OPT_SHARE pass.
4.3.23. Executing OPT_DFF pass (perform DFF optimizations).
4.3.24. Executing OPT_CLEAN pass (remove unused cells and wires).
4.3.25. Executing OPT_EXPR pass (perform const folding).
4.3.26. Rerunning OPT passes. (Maybe there is more to do..)
4.3.27. Executing OPT_MUXTREE pass (detect dead branches in mux trees).
4.3.28. Executing OPT_REDUCE pass (consolidate $*mux and $reduce_* inputs).
4.3.29. Executing OPT_MERGE pass (detect identical cells).
4.3.30. Executing OPT_SHARE pass.
4.3.31. Executing OPT_DFF pass (perform DFF optimizations).
4.3.32. Executing OPT_CLEAN pass (remove unused cells and wires).
4.3.33. Executing OPT_EXPR pass (perform const folding).
4.3.34. Finished fast OPT passes. (There is nothing left to do.)
4.4. Executing TECHMAP pass (map to technology primitives).
4.4.1. Executing Verilog-2005 frontend: /OpenROAD-flow-scripts/tools/install/yosys/bin/../share/yosys/techmap.v
4.4.2. Executing Verilog-2005 frontend: /OpenROAD-flow-scripts/flow/platforms/common/lcu_kogge_stone.v
4.4.3. Continuing TECHMAP pass.
4.5. Executing OPT pass (performing simple optimizations).
4.5.1. Executing OPT_EXPR pass (perform const folding).
4.5.2. Executing OPT_MERGE pass (detect identical cells).
4.5.3. Executing OPT_DFF pass (perform DFF optimizations).
4.5.4. Executing OPT_CLEAN pass (remove unused cells and wires).
4.5.5. Finished fast OPT passes.
4.6. Executing HIERARCHY pass (managing design hierarchy).
4.6.1. Analyzing design hierarchy..
4.6.2. Analyzing design hierarchy..
4.7. Printing statistics.
4.8. Executing CHECK pass (checking for obvious problems).
5. Executing OPT pass (performing simple optimizations).
5.1. Executing OPT_EXPR pass (perform const folding).
5.2. Executing OPT_MERGE pass (detect identical cells).
5.3. Executing OPT_MUXTREE pass (detect dead branches in mux trees).
5.4. Executing OPT_REDUCE pass (consolidate $*mux and $reduce_* inputs).
5.5. Executing OPT_MERGE pass (detect identical cells).
5.6. Executing OPT_DFF pass (perform DFF optimizations).
5.7. Executing OPT_CLEAN pass (remove unused cells and wires).
5.8. Executing OPT_EXPR pass (perform const folding).
5.9. Finished fast OPT passes. (There is nothing left to do.)
6. Executing EXTRACT_FA pass (find and extract full/half adders).
7. Executing TECHMAP pass (map to technology primitives).
7.1. Executing Verilog-2005 frontend: /OpenROAD-flow-scripts/flow/platforms/sky130hd/cells_adders_hd.v
7.2. Continuing TECHMAP pass.
8. Executing TECHMAP pass (map to technology primitives).
8.1. Executing Verilog-2005 frontend: /OpenROAD-flow-scripts/tools/install/yosys/bin/../share/yosys/techmap.v
8.2. Continuing TECHMAP pass.
9. Executing OPT pass (performing simple optimizations).
9.1. Executing OPT_EXPR pass (perform const folding).
9.2. Executing OPT_MERGE pass (detect identical cells).
9.3. Executing OPT_DFF pass (perform DFF optimizations).
9.4. Executing OPT_CLEAN pass (remove unused cells and wires).
9.5. Finished fast OPT passes.
10. Executing DFFLEGALIZE pass (convert FFs to types supported by the target).
11. Executing TECHMAP pass (map to technology primitives).
11.1. Executing Verilog-2005 frontend: /OpenROAD-flow-scripts/flow/platforms/sky130hd/cells_latch_hd.v
11.2. Continuing TECHMAP pass.
12. Executing DFFLIBMAP pass (mapping DFF cells to sequential cells from liberty file).
12.1. Executing DFFLEGALIZE pass (convert FFs to types supported by the target).
13. Executing OPT pass (performing simple optimizations).
13.1. Executing OPT_EXPR pass (perform const folding).
13.2. Executing OPT_MERGE pass (detect identical cells).
13.3. Executing OPT_MUXTREE pass (detect dead branches in mux trees).
13.4. Executing OPT_REDUCE pass (consolidate $*mux and $reduce_* inputs).
13.5. Executing OPT_MERGE pass (detect identical cells).
13.6. Executing OPT_DFF pass (perform DFF optimizations).
13.7. Executing OPT_CLEAN pass (remove unused cells and wires).
13.8. Executing OPT_EXPR pass (perform const folding).
13.9. Rerunning OPT passes. (Maybe there is more to do..)
13.10. Executing OPT_MUXTREE pass (detect dead branches in mux trees).
13.11. Executing OPT_REDUCE pass (consolidate $*mux and $reduce_* inputs).
13.12. Executing OPT_MERGE pass (detect identical cells).
13.13. Executing OPT_DFF pass (perform DFF optimizations).
13.14. Executing OPT_CLEAN pass (remove unused cells and wires).
13.15. Executing OPT_EXPR pass (perform const folding).
13.16. Finished fast OPT passes. (There is nothing left to do.)
14. Executing SETUNDEF pass (replace undef values with defined constants).
abc -script /OpenROAD-flow-scripts/flow/scripts/abc_speed.script -liberty /OpenROAD-flow-scripts/flow/platforms/sky130hd/lib/sky130_fd_sc_hd__tt_025C_1v80.lib -dont_use sky130_fd_sc_hd__probe_p_8 -dont_use sky130_fd_sc_hd__probec_p_8 -dont_use sky130_fd_sc_hd__lpflow_bleeder_1 -dont_use sky130_fd_sc_hd__lpflow_clkbufkapwr_1 -dont_use sky130_fd_sc_hd__lpflow_clkbufkapwr_16 -dont_use sky130_fd_sc_hd__lpflow_clkbufkapwr_2 -dont_use sky130_fd_sc_hd__lpflow_clkbufkapwr_4 -dont_use sky130_fd_sc_hd__lpflow_clkbufkapwr_8 -dont_use sky130_fd_sc_hd__lpflow_clkinvkapwr_1 -dont_use sky130_fd_sc_hd__lpflow_clkinvkapwr_16 -dont_use sky130_fd_sc_hd__lpflow_clkinvkapwr_2 -dont_use sky130_fd_sc_hd__lpflow_clkinvkapwr_4 -dont_use sky130_fd_sc_hd__lpflow_clkinvkapwr_8 -dont_use sky130_fd_sc_hd__lpflow_decapkapwr_12 -dont_use sky130_fd_sc_hd__lpflow_decapkapwr_3 -dont_use sky130_fd_sc_hd__lpflow_decapkapwr_4 -dont_use sky130_fd_sc_hd__lpflow_decapkapwr_6 -dont_use sky130_fd_sc_hd__lpflow_decapkapwr_8 -dont_use sky130_fd_sc_hd__lpflow_inputiso0n_1 -dont_use sky130_fd_sc_hd__lpflow_inputiso0p_1 -dont_use sky130_fd_sc_hd__lpflow_inputiso1n_1 -dont_use sky130_fd_sc_hd__lpflow_inputiso1p_1 -dont_use sky130_fd_sc_hd__lpflow_inputisolatch_1 -dont_use sky130_fd_sc_hd__lpflow_isobufsrc_1 -dont_use sky130_fd_sc_hd__lpflow_isobufsrc_16 -dont_use sky130_fd_sc_hd__lpflow_isobufsrc_2 -dont_use sky130_fd_sc_hd__lpflow_isobufsrc_4 -dont_use sky130_fd_sc_hd__lpflow_isobufsrc_8 -dont_use sky130_fd_sc_hd__lpflow_isobufsrckapwr_16 -dont_use sky130_fd_sc_hd__lpflow_lsbuf_lh_hl_isowell_tap_1 -dont_use sky130_fd_sc_hd__lpflow_lsbuf_lh_hl_isowell_tap_2 -dont_use sky130_fd_sc_hd__lpflow_lsbuf_lh_hl_isowell_tap_4 -dont_use sky130_fd_sc_hd__lpflow_lsbuf_lh_isowell_4 -dont_use sky130_fd_sc_hd__lpflow_lsbuf_lh_isowell_tap_1 -dont_use sky130_fd_sc_hd__lpflow_lsbuf_lh_isowell_tap_2 -dont_use sky130_fd_sc_hd__lpflow_lsbuf_lh_isowell_tap_4 -constr ./objects/sky130hd/d_nw03_cand_gemini/base/abc.constr -D 8000
15. Executing ABC pass (technology mapping using ABC).
15.1. Extracting gate netlist of module `\axis_switch_oq' to `<abc-temp-dir>/input.blif'..
15.1.1. Executed ABC.
15.1.2. Re-integrating ABC results.
Took 7 seconds: abc -script /OpenROAD-flow-scripts/flow/scripts/abc_speed.script -liberty /OpenROAD-flow-scripts/flow/platforms/sky130hd/lib/sky130_fd_sc_hd__tt_025C_1v80.lib -dont_use sky130_fd_sc_hd__probe_p_8 -dont_use sky130_fd_sc_hd__probec_p_8 -dont_use sky130_fd_sc_hd__lpflow_bleeder_1 -dont_use sky130_fd_sc_hd__lpflow_clkbufkapwr_1 -dont_use sky130_fd_sc_hd__lpflow_clkbufkapwr_16 -dont_use sky130_fd_sc_hd__lpflow_clkbufkapwr_2 -dont_use sky130_fd_sc_hd__lpflow_clkbufkapwr_4 -dont_use sky130_fd_sc_hd__lpflow_clkbufkapwr_8 -dont_use sky130_fd_sc_hd__lpflow_clkinvkapwr_1 -dont_use sky130_fd_sc_hd__lpflow_clkinvkapwr_16 -dont_use sky130_fd_sc_hd__lpflow_clkinvkapwr_2 -dont_use sky130_fd_sc_hd__lpflow_clkinvkapwr_4 -dont_use sky130_fd_sc_hd__lpflow_clkinvkapwr_8 -dont_use sky130_fd_sc_hd__lpflow_decapkapwr_12 -dont_use sky130_fd_sc_hd__lpflow_decapkapwr_3 -dont_use sky130_fd_sc_hd__lpflow_decapkapwr_4 -dont_use sky130_fd_sc_hd__lpflow_decapkapwr_6 -dont_use sky130_fd_sc_hd__lpflow_decapkapwr_8 -dont_use sky130_fd_sc_hd__lpflow_inputiso0n_1 -dont_use sky130_fd_sc_hd__lpflow_inputiso0p_1 -dont_use sky130_fd_sc_hd__lpflow_inputiso1n_1 -dont_use sky130_fd_sc_hd__lpflow_inputiso1p_1 -dont_use sky130_fd_sc_hd__lpflow_inputisolatch_1 -dont_use sky130_fd_sc_hd__lpflow_isobufsrc_1 -dont_use sky130_fd_sc_hd__lpflow_isobufsrc_16 -dont_use sky130_fd_sc_hd__lpflow_isobufsrc_2 -dont_use sky130_fd_sc_hd__lpflow_isobufsrc_4 -dont_use sky130_fd_sc_hd__lpflow_isobufsrc_8 -dont_use sky130_fd_sc_hd__lpflow_isobufsrckapwr_16 -dont_use sky130_fd_sc_hd__lpflow_lsbuf_lh_hl_isowell_tap_1 -dont_use sky130_fd_sc_hd__lpflow_lsbuf_lh_hl_isowell_tap_2 -dont_use sky130_fd_sc_hd__lpflow_lsbuf_lh_hl_isowell_tap_4 -dont_use sky130_fd_sc_hd__lpflow_lsbuf_lh_isowell_4 -dont_use sky130_fd_sc_hd__lpflow_lsbuf_lh_isowell_tap_1 -dont_use sky130_fd_sc_hd__lpflow_lsbuf_lh_isowell_tap_2 -dont_use sky130_fd_sc_hd__lpflow_lsbuf_lh_isowell_tap_4 -constr ./objects/sky130hd/d_nw03_cand_gemini/base/abc.constr -D 8000
16. Executing SPLITNETS pass (splitting up multi-bit signals).
17. Executing OPT_CLEAN pass (remove unused cells and wires).
18. Executing HILOMAP pass (mapping to constant drivers).
19. Executing INSBUF pass (insert buffer cells for connected wires).
20. Executing CHECK pass (checking for obvious problems).
21. Printing statistics.
22. Executing CHECK pass (checking for obvious problems).
23. Executing Verilog backend.
23.1. Executing BMUXMAP pass.
23.2. Executing DEMUXMAP pass.
End of script. Logfile hash: 2278fa579b, time: 9.77s, user: 2.37s, system: 0.19s, MEM: 107.36 MB peak
Yosys 0.68+post (git sha1 UNKNOWN, Release, GNU /usr/local/bin/wrapped-cc/g++ 11.4.0)
Time spent: 75% 1x abc (7 sec), 5% 26x opt_clean (0 sec), ...
Elapsed time: 0:09.79[h:]min:sec. CPU time: user 9.79 sys 0.24 (102%). Peak memory: 111384KB.
Log                       Ext     Elapsed/s Peak Memory/MB sha1sum result [0:20)
1_2_yosys                 .v              9            108 c574234253c1078ba096
cp /work/domains/networking/design/d_nw03_axis_switch_oq/orfs/constraint.sdc ./results/sky130hd/d_nw03_cand_gemini/base/1_2_yosys.sdc
OpenROAD 26Q3-1080-gab6fd26351 
Features included (+) or not (-): +GPU +GUI +Python
This program is licensed under the BSD-3 license. See the LICENSE file for details.
Components of this program may be licensed under more restrictive licenses which must be honored.
[INFO ORD-0030] Using 16 thread(s).
mkdir -p ./objects/sky130hd/d_nw03_cand_gemini/base
/OpenROAD-flow-scripts/flow/scripts/flow.sh 1_synth synth_odb
Running synth_odb.tcl, stage 1_synth
read_liberty /OpenROAD-flow-scripts/flow/platforms/sky130hd/lib/sky130_fd_sc_hd__tt_025C_1v80.lib
[INFO ODB-0227] LEF file: /OpenROAD-flow-scripts/flow/platforms/sky130hd/lef/sky130_fd_sc_hd.tlef, created 13 layers, 25 vias
[INFO ODB-0227] LEF file: /OpenROAD-flow-scripts/flow/platforms/sky130hd/lef/sky130_fd_sc_hd_merged.lef, created 441 library cells
link_design axis_switch_oq
read_sdc ./results/sky130hd/d_nw03_cand_gemini/base/1_2_yosys.sdc
source /OpenROAD-flow-scripts/flow/platforms/sky130hd/setRC.tcl
eliminate_dead_logic
Removed 0 unused instances and 0 unused nets.
Design area 372247 um^2 100% utilization.
write_db ./results/sky130hd/d_nw03_cand_gemini/base/1_synth.odb
write_sdc -no_timestamp ./results/sky130hd/d_nw03_cand_gemini/base/1_synth.sdc
Elapsed time: 0:00.53[h:]min:sec. CPU time: user 0.48 sys 0.05 (99%). Peak memory: 175136KB.
Log                       Ext     Elapsed/s Peak Memory/MB sha1sum result [0:20)
1_synth                   .odb            0            171 5a5172e6818db0b4bc69
1_synth                   .sdc                             8244cb436bcadee6f88f
/OpenROAD-flow-scripts/flow/scripts/flow.sh 2_1_floorplan floorplan
Running floorplan.tcl, stage 2_1_floorplan
read_liberty /OpenROAD-flow-scripts/flow/platforms/sky130hd/lib/sky130_fd_sc_hd__tt_025C_1v80.lib
read_db ./results/sky130hd/d_nw03_cand_gemini/base/1_synth.odb
read_sdc ./results/sky130hd/d_nw03_cand_gemini/base/1_synth.sdc
source /OpenROAD-flow-scripts/flow/platforms/sky130hd/setRC.tcl
Master sky130_ef_sc_hd__decap_12 is loaded but not used in the design

==========================================================================
Floorplan check_setup
--------------------------------------------------------------------------
number instances in verilog is 15375
[INFO IFP-0107] Defining die area using utilization: 10.00% and aspect ratio: 1.
[WARNING IFP-0028] Core area lower left (1.000, 1.000) snapped to (1.380, 2.720).
[INFO IFP-0001] Added 708 rows of 4193 site unithd.
[INFO IFP-0100] Die BBox:  (  0.000  0.000 ) ( 1931.370 1931.370 ) um
[INFO IFP-0101] Core BBox: (  1.380  2.720 ) ( 1930.160 1928.480 ) um
[INFO IFP-0102] Core area:                      3714367.373 um^2
[INFO IFP-0103] Total instances area:            372247.014 um^2
[INFO IFP-0104] Effective utilization:                0.100
[INFO IFP-0105] Number of instances:                  15375
source /OpenROAD-flow-scripts/flow/platforms/sky130hd/make_tracks.tcl
source /OpenROAD-flow-scripts/flow/platforms/sky130hd/fastroute.tcl
Repair tie lo fanout...
Repair tie hi fanout...
repair_timing -setup_margin 0 -hold_margin 0 -repair_tns 100 -match_cell_footprint -setup -skip_last_gasp -sequence unbuffer,sizeup,swap,vt_swap -verbose
[WARNING EST-0027] no estimated parasitics. Using wire load models.
[INFO RSZ-0100] Repair move sequence: UnbufferMove SizeUpMove SwapPinsMove 
[INFO RSZ-0098] No setup violations found
[INFO RSZ-0505] Runtime: 0.14s
Default units for flow
 time 1ns
 capacitance 1pF
 resistance 1kohm
 voltage 1v
 current 1mA
 power 1nW
 distance 1um
   Layer   | Unit Resistance | Unit Capacitance 
           |       (kohm/um) |          (pF/um)
------------------------------------------------
       li1 |        7.18e-02 |         1.50e-04
      met1 |        1.21e-03 |         1.72e-04
      met2 |        1.22e-03 |         1.36e-04
      met3 |        1.66e-04 |         2.15e-04
      met4 |        1.68e-04 |         1.48e-04
      met5 |        1.84e-05 |         1.54e-04
------------------------------------------------

   Layer   | Via Resistance 
           |         (kohm) 
----------------------------
      mcon |       9.25e-03 
       via |       4.50e-03 
      via2 |       3.37e-03 
      via3 |       3.77e-04 
      via4 |       5.80e-06 
----------------------------
Report metrics stage 2, floorplan final...

==========================================================================
floorplan final report_design_area
--------------------------------------------------------------------------
Design area 372247 um^2 10% utilization.
write_db ./results/sky130hd/d_nw03_cand_gemini/base/2_1_floorplan.odb
write_sdc -no_timestamp ./results/sky130hd/d_nw03_cand_gemini/base/2_1_floorplan.sdc
Elapsed time: 0:03.61[h:]min:sec. CPU time: user 3.52 sys 1.12 (128%). Peak memory: 218692KB.
Log                       Ext     Elapsed/s Peak Memory/MB sha1sum result [0:20)
2_1_floorplan             .odb            3            213 c4d8921366b7b3a40650
2_1_floorplan             .sdc                             8244cb436bcadee6f88f
/OpenROAD-flow-scripts/flow/scripts/flow.sh 2_2_floorplan_macro macro_place
Running macro_place.tcl, stage 2_2_floorplan_macro
read_liberty /OpenROAD-flow-scripts/flow/platforms/sky130hd/lib/sky130_fd_sc_hd__tt_025C_1v80.lib
read_db ./results/sky130hd/d_nw03_cand_gemini/base/2_1_floorplan.odb
read_sdc ./results/sky130hd/d_nw03_cand_gemini/base/2_1_floorplan.sdc
source /OpenROAD-flow-scripts/flow/platforms/sky130hd/setRC.tcl
No macros found: Skipping macro_placement
Design area 372247 um^2 10% utilization.
write_db ./results/sky130hd/d_nw03_cand_gemini/base/2_2_floorplan_macro.odb
Elapsed time: 0:00.37[h:]min:sec. CPU time: user 0.32 sys 0.05 (99%). Peak memory: 152916KB.
Log                       Ext     Elapsed/s Peak Memory/MB sha1sum result [0:20)
2_2_floorplan_macro       .odb            0            149 c4d8921366b7b3a40650
/OpenROAD-flow-scripts/flow/scripts/flow.sh 2_3_floorplan_tapcell tapcell
Running tapcell.tcl, stage 2_3_floorplan_tapcell
read_liberty /OpenROAD-flow-scripts/flow/platforms/sky130hd/lib/sky130_fd_sc_hd__tt_025C_1v80.lib
read_db ./results/sky130hd/d_nw03_cand_gemini/base/2_2_floorplan_macro.odb
read_sdc ./results/sky130hd/d_nw03_cand_gemini/base/2_1_floorplan.sdc
source /OpenROAD-flow-scripts/flow/platforms/sky130hd/setRC.tcl
[INFO TAP-0005] Inserted 49345 tapcells.
Design area 433987 um^2 12% utilization.
write_db ./results/sky130hd/d_nw03_cand_gemini/base/2_3_floorplan_tapcell.odb
Elapsed time: 0:00.42[h:]min:sec. CPU time: user 0.37 sys 0.05 (99%). Peak memory: 170172KB.
Log                       Ext     Elapsed/s Peak Memory/MB sha1sum result [0:20)
2_3_floorplan_tapcell     .odb            0            166 ffd62a13ecb63dbc79a4
/OpenROAD-flow-scripts/flow/scripts/flow.sh 2_4_floorplan_pdn pdn
Running pdn.tcl, stage 2_4_floorplan_pdn
read_liberty /OpenROAD-flow-scripts/flow/platforms/sky130hd/lib/sky130_fd_sc_hd__tt_025C_1v80.lib
read_db ./results/sky130hd/d_nw03_cand_gemini/base/2_3_floorplan_tapcell.odb
read_sdc ./results/sky130hd/d_nw03_cand_gemini/base/2_1_floorplan.sdc
source /OpenROAD-flow-scripts/flow/platforms/sky130hd/setRC.tcl
[WARNING PDN-1051] No instances found for grid (CORE_macro_grid_1).
[WARNING PDN-1051] No instances found for grid (CORE_macro_grid_2).
[INFO PDN-0001] Inserting grid: grid
[INFO PDN-0500] Runtime: 1.13s
Design area 433987 um^2 12% utilization.
write_db ./results/sky130hd/d_nw03_cand_gemini/base/2_4_floorplan_pdn.odb
Elapsed time: 0:02.21[h:]min:sec. CPU time: user 2.09 sys 0.12 (99%). Peak memory: 344180KB.
Log                       Ext     Elapsed/s Peak Memory/MB sha1sum result [0:20)
2_4_floorplan_pdn         .odb            2            336 d128e2d721405a5a53e2
cp ./results/sky130hd/d_nw03_cand_gemini/base/2_4_floorplan_pdn.odb ./results/sky130hd/d_nw03_cand_gemini/base/2_floorplan.odb
cp ./results/sky130hd/d_nw03_cand_gemini/base/2_1_floorplan.sdc ./results/sky130hd/d_nw03_cand_gemini/base/2_floorplan.sdc
/OpenROAD-flow-scripts/flow/scripts/flow.sh 3_1_place_gp_skip_io global_place_skip_io
Running global_place_skip_io.tcl, stage 3_1_place_gp_skip_io
read_liberty /OpenROAD-flow-scripts/flow/platforms/sky130hd/lib/sky130_fd_sc_hd__tt_025C_1v80.lib
read_db ./results/sky130hd/d_nw03_cand_gemini/base/2_floorplan.odb
read_sdc ./results/sky130hd/d_nw03_cand_gemini/base/2_floorplan.sdc
source /OpenROAD-flow-scripts/flow/platforms/sky130hd/setRC.tcl
global_placement -skip_io -density 0.5 -pad_left 0 -pad_right 0
[INFO GPL-0001] ---- Initialize GPL Main Data Structures
[INFO GPL-0002] DBU: 1000
[INFO GPL-0003] SiteSize: (  0.460  2.720 ) um
[INFO GPL-0004] CoreBBox: (  1.380  2.720 ) ( 1930.160 1928.480 ) um
[INFO GPL-0016] Core area:                  3714367.373 um^2
[INFO GPL-0036] Movable instances area:     372247.014 um^2
[INFO GPL-0037] Total instances area:       433987.478 um^2
[INFO GPL-0035] Pin density area adjust:      6596.964 um^2
[INFO GPL-0032] ---- Initialize Region: Top-level
[INFO GPL-0006] Number of instances:             64720
[INFO GPL-0007] Movable instances:               15375
[INFO GPL-0008] Fixed instances:                 49345
[INFO GPL-0009] Dummy instances:                     0
[INFO GPL-0010] Number of nets:                  15621
[INFO GPL-0011] Number of pins:                  67797
[INFO GPL-0012] Die BBox:       (  0.000  0.000 ) ( 1931.370 1931.370 ) um
[INFO GPL-0013] Placement BBox: (  1.380  2.720 ) ( 1930.160 1928.480 ) um
[INFO GPL-0014] Region name: top-level.
[INFO GPL-0015] Region area:                3714367.373 um^2
[INFO GPL-0017] Fixed instances area:        61740.464 um^2
[INFO GPL-0018] Movable instances area:     378843.979 um^2
[INFO GPL-0019] Utilization:                    10.372 %
[INFO GPL-0020] Standard cells area:        378843.979 um^2
[INFO GPL-0021] Large instances area:            0.000 um^2
[INFO GPL-0005] ---- Execute Conjugate Gradient Initial Placement.
[INFO GPL-0051] Source of initial instance position counters:
	Odb location = 0	Core center = 15375	Region center = 0
[INFO GPL-0033] ---- Initialize Nesterov Region: Top-level
[INFO GPL-0023] Placement target density:       0.5000
[INFO GPL-0024] Movable insts average area:     24.640 um^2
[INFO GPL-0025] Ideal bin area:                 49.281 um^2
[INFO GPL-0026] Ideal bin count:                 75371
[INFO GPL-0027] Total bin area:             3714367.373 um^2
[INFO GPL-0028] Bin count (X, Y):         256 ,    256
[INFO GPL-0029] Bin size (W * H):       7.534 *  7.522 um
[INFO GPL-0030] Number of bins:                  65536
[INFO GPL-0084] ---- Execute Nesterov Global Placement.
[INFO GPL-0031] HPWL: Half-Perimeter Wirelength
Iteration | Overflow |     HPWL (um) |  HPWL(%) |   Penalty | Group
---------------------------------------------------------------
        0 |   0.9996 |  5.102576e+04 |   +0.00% |  5.43e-16 |      
       10 |   0.9991 |  1.058100e+04 |  -79.26% |  8.85e-16 |      
       20 |   0.9991 |  9.583141e+03 |   -9.43% |  1.44e-15 |      
       30 |   0.9991 |  9.723949e+03 |   +1.47% |  2.35e-15 |      
       40 |   0.9991 |  9.613058e+03 |   -1.14% |  3.83e-15 |      
       50 |   0.9991 |  9.490840e+03 |   -1.27% |  6.23e-15 |      
       60 |   0.9991 |  9.396976e+03 |   -0.99% |  1.02e-14 |      
       70 |   0.9991 |  9.239584e+03 |   -1.67% |  1.65e-14 |      
       80 |   0.9991 |  9.250543e+03 |   +0.12% |  2.69e-14 |      
       90 |   0.9990 |  9.979659e+03 |   +7.88% |  4.39e-14 |      
      100 |   0.9989 |  1.280745e+04 |  +28.34% |  7.14e-14 |      
      110 |   0.9979 |  1.980280e+04 |  +54.62% |  1.16e-13 |      
      120 |   0.9968 |  3.300719e+04 |  +66.68% |  1.89e-13 |      
      130 |   0.9954 |  4.994489e+04 |  +51.32% |  3.08e-13 |      
      140 |   0.9926 |  6.558874e+04 |  +31.32% |  5.00e-13 |      
      150 |   0.9905 |  8.014151e+04 |  +22.19% |  8.13e-13 |      
      160 |   0.9864 |  9.991804e+04 |  +24.68% |  1.32e-12 |      
      170 |   0.9770 |  1.274082e+05 |  +27.51% |  2.15e-12 |      
      180 |   0.9663 |  1.619749e+05 |  +27.13% |  3.48e-12 |      
      190 |   0.9518 |  1.999860e+05 |  +23.47% |  5.65e-12 |      
      200 |   0.9346 |  2.342028e+05 |  +17.11% |  9.17e-12 |      
      210 |   0.9169 |  2.739724e+05 |  +16.98% |  1.49e-11 |      
      220 |   0.8944 |  3.322497e+05 |  +21.27% |  2.41e-11 |      
      230 |   0.8656 |  3.801085e+05 |  +14.40% |  3.90e-11 |      
      240 |   0.8361 |  4.289899e+05 |  +12.86% |  6.32e-11 |      
      250 |   0.8025 |  4.662170e+05 |   +8.68% |  1.03e-10 |      
      260 |   0.7667 |  5.116545e+05 |   +9.75% |  1.66e-10 |      
      270 |   0.7260 |  5.389733e+05 |   +5.34% |  2.70e-10 |      
      280 |   0.6879 |  5.549480e+05 |   +2.96% |  4.39e-10 |      
      290 |   0.6421 |  5.648967e+05 |   +1.79% |  7.14e-10 |      
      300 |   0.5991 |  5.743615e+05 |   +1.68% |  1.16e-09 |      
      310 |   0.5554 |  5.830818e+05 |   +1.52% |  1.89e-09 |      
      320 |   0.5081 |  5.909923e+05 |   +1.36% |  3.08e-09 |      
      330 |   0.4499 |  5.942641e+05 |   +0.55% |  5.01e-09 |      
      340 |   0.4038 |  5.973581e+05 |   +0.52% |  8.16e-09 |      
      350 |   0.3576 |  6.006608e+05 |   +0.55% |  1.33e-08 |      
      360 |   0.3145 |  6.010711e+05 |   +0.07% |  2.02e-08 |      
      370 |   0.2817 |  6.032819e+05 |   +0.37% |  2.97e-08 |      
      380 |   0.2533 |  6.072905e+05 |   +0.66% |  4.37e-08 |      
      390 |   0.2290 |  6.094861e+05 |   +0.36% |  6.44e-08 |      
      400 |   0.2108 |  6.104211e+05 |   +0.15% |  9.49e-08 |      
      410 |   0.1905 |  6.108374e+05 |   +0.07% |  1.40e-07 |      
      420 |   0.1719 |  6.084554e+05 |   -0.39% |  2.06e-07 |      
      430 |   0.1519 |  6.094743e+05 |   +0.17% |  3.03e-07 |      
      440 |   0.1372 |  6.124362e+05 |   +0.49% |  4.47e-07 |      
      450 |   0.1227 |  6.162629e+05 |   +0.62% |  6.58e-07 |      
      460 |   0.1090 |  6.221767e+05 |   +0.96% |  9.68e-07 |      
      469 |   0.0998 |  6.277084e+05 |          |  1.43e-06 |      
---------------------------------------------------------------
[INFO GPL-1001] Global placement finished at iteration 469
[INFO GPL-1002] Placed Cell Area            378843.9787
[INFO GPL-1003] Available Free Area         3652626.9088
[INFO GPL-1004] Minimum Feasible Density        0.1100 (cell_area / free_area)
[INFO GPL-1006]   Suggested Target Densities:
[INFO GPL-1007]     - For 90% usage of free space: 0.1152
[INFO GPL-1008]     - For 80% usage of free space: 0.1296
[INFO GPL-1009]     - For 50% usage of free space: 0.2074
[INFO GPL-1014] Final placement area: 378843.98 (+0.00%)
Took 7 seconds: global_placement -skip_io -density 0.5 -pad_left 0 -pad_right 0
Design area 433987 um^2 12% utilization.
write_db ./results/sky130hd/d_nw03_cand_gemini/base/3_1_place_gp_skip_io.odb
Elapsed time: 0:07.87[h:]min:sec. CPU time: user 111.31 sys 0.16 (1416%). Peak memory: 245160KB.
Log                       Ext     Elapsed/s Peak Memory/MB sha1sum result [0:20)
3_1_place_gp_skip_io      .odb            7            239 7c487ae747c666e18b92
/OpenROAD-flow-scripts/flow/scripts/flow.sh 3_2_place_iop io_placement
Running io_placement.tcl, stage 3_2_place_iop
read_liberty /OpenROAD-flow-scripts/flow/platforms/sky130hd/lib/sky130_fd_sc_hd__tt_025C_1v80.lib
read_db ./results/sky130hd/d_nw03_cand_gemini/base/3_1_place_gp_skip_io.odb
read_sdc ./results/sky130hd/d_nw03_cand_gemini/base/2_floorplan.sdc
source /OpenROAD-flow-scripts/flow/platforms/sky130hd/setRC.tcl
place_pins -hor_layers met3 -ver_layers met2
Found 0 macro blocks.
Using 2 tracks default min distance between IO pins.
[INFO PPL-0001] Number of available slots 7026
[INFO PPL-0002] Number of I/O             322
[INFO PPL-0003] Number of I/O w/sink      322
[INFO PPL-0004] Number of I/O w/o sink    0
[INFO PPL-0005] Slots per section         200
[INFO PPL-0008] Successfully assigned pins to sections.
[INFO PPL-0012] I/O nets HPWL: 335029.84 um.
Design area 433987 um^2 12% utilization.
write_db ./results/sky130hd/d_nw03_cand_gemini/base/3_2_place_iop.odb
Elapsed time: 0:00.53[h:]min:sec. CPU time: user 0.45 sys 0.07 (99%). Peak memory: 225112KB.
Log                       Ext     Elapsed/s Peak Memory/MB sha1sum result [0:20)
3_2_place_iop             .odb            0            219 1fbc7130093b3a9cb6f0
/OpenROAD-flow-scripts/flow/scripts/flow.sh 3_3_place_gp global_place
Running global_place.tcl, stage 3_3_place_gp
read_liberty /OpenROAD-flow-scripts/flow/platforms/sky130hd/lib/sky130_fd_sc_hd__tt_025C_1v80.lib
read_db ./results/sky130hd/d_nw03_cand_gemini/base/3_2_place_iop.odb
read_sdc ./results/sky130hd/d_nw03_cand_gemini/base/2_floorplan.sdc
source /OpenROAD-flow-scripts/flow/platforms/sky130hd/setRC.tcl
[INFO RSZ-0026] Removed 810 buffers.
Perform port buffering...
[INFO RSZ-0027] Inserted 165 sky130_fd_sc_hd__clkdlybuf4s50_1 input buffers.
[INFO RSZ-0028] Inserted 156 sky130_fd_sc_hd__clkdlybuf4s50_1 output buffers.
global_placement -density 0.5 -pad_left 0 -pad_right 0 -routability_driven -timing_driven -force_center_initial_place -min_phi_coef 0.95 -max_phi_coef 1.05
[INFO GPL-0001] ---- Initialize GPL Main Data Structures
[INFO GPL-0002] DBU: 1000
[INFO GPL-0003] SiteSize: (  0.460  2.720 ) um
[INFO GPL-0004] CoreBBox: (  1.380  2.720 ) ( 1930.160 1928.480 ) um
[INFO GPL-0016] Core area:                  3714367.373 um^2
[INFO GPL-0036] Movable instances area:     372095.619 um^2
[INFO GPL-0037] Total instances area:       433836.083 um^2
[INFO GPL-0035] Pin density area adjust:      6599.625 um^2
[INFO GPL-0032] ---- Initialize Region: Top-level
[INFO GPL-0006] Number of instances:             64231
[INFO GPL-0007] Movable instances:               14886
[INFO GPL-0008] Fixed instances:                 49345
[INFO GPL-0009] Dummy instances:                     0
[INFO GPL-0010] Number of nets:                  15132
[INFO GPL-0011] Number of pins:                  67141
[INFO GPL-0012] Die BBox:       (  0.000  0.000 ) ( 1931.370 1931.370 ) um
[INFO GPL-0013] Placement BBox: (  1.380  2.720 ) ( 1930.160 1928.480 ) um
[INFO GPL-0014] Region name: top-level.
[INFO GPL-0015] Region area:                3714367.373 um^2
[INFO GPL-0017] Fixed instances area:        61740.464 um^2
[INFO GPL-0018] Movable instances area:     378695.244 um^2
[INFO GPL-0019] Utilization:                    10.368 %
[INFO GPL-0020] Standard cells area:        378695.244 um^2
[INFO GPL-0021] Large instances area:            0.000 um^2
[INFO GPL-0005] ---- Execute Conjugate Gradient Initial Placement.
[INFO GPL-0051] Source of initial instance position counters:
	Odb location = 0	Core center = 14886	Region center = 0
[InitialPlace]  Iter: 1 conjugate gradient residual: 0.00002319 HPWL: 958740686
[InitialPlace]  Iter: 2 conjugate gradient residual: 0.00001126 HPWL: 568616724
[InitialPlace]  Iter: 3 conjugate gradient residual: 0.00002975 HPWL: 570371152
[InitialPlace]  Iter: 4 conjugate gradient residual: 0.00008875 HPWL: 569994359
[InitialPlace]  Iter: 5 conjugate gradient residual: 0.00005818 HPWL: 569240006
[InitialPlace]  Iter: 6 conjugate gradient residual: 0.00009764 HPWL: 568926044
[InitialPlace]  Iter: 7 conjugate gradient residual: 0.00002980 HPWL: 568373122
[InitialPlace]  Iter: 8 conjugate gradient residual: 0.00033838 HPWL: 568483734
[InitialPlace]  Iter: 9 conjugate gradient residual: 0.00007811 HPWL: 568110605
[InitialPlace]  Iter: 10 conjugate gradient residual: 0.00012228 HPWL: 568164287
[InitialPlace]  Iter: 11 conjugate gradient residual: 0.00002753 HPWL: 568091584
[InitialPlace]  Iter: 12 conjugate gradient residual: 0.00001079 HPWL: 568141170
[InitialPlace]  Iter: 13 conjugate gradient residual: 0.00002409 HPWL: 567927587
[InitialPlace]  Iter: 14 conjugate gradient residual: 0.00001931 HPWL: 568065227
[InitialPlace]  Iter: 15 conjugate gradient residual: 0.00001114 HPWL: 567954234
[InitialPlace]  Iter: 16 conjugate gradient residual: 0.00000761 HPWL: 568077803
[INFO GPL-0033] ---- Initialize Nesterov Region: Top-level
[INFO GPL-0023] Placement target density:       0.5000
[INFO GPL-0024] Movable insts average area:     25.440 um^2
[INFO GPL-0025] Ideal bin area:                 50.879 um^2
[INFO GPL-0026] Ideal bin count:                 73003
[INFO GPL-0027] Total bin area:             3714367.373 um^2
[INFO GPL-0028] Bin count (X, Y):         256 ,    256
[INFO GPL-0029] Bin size (W * H):       7.534 *  7.522 um
[INFO GPL-0030] Number of bins:                  65536
[INFO GPL-0084] ---- Execute Nesterov Global Placement.
[INFO GPL-0031] HPWL: Half-Perimeter Wirelength
Iteration | Overflow |     HPWL (um) |  HPWL(%) |   Penalty | Group
---------------------------------------------------------------
        0 |   0.9910 |  3.575891e+05 |   +0.00% |  1.04e-16 |      
       10 |   0.9713 |  5.148970e+05 |  +43.99% |  1.66e-16 |      
       20 |   0.9562 |  5.285703e+05 |   +2.66% |  2.70e-16 |      
       30 |   0.9419 |  5.407189e+05 |   +2.30% |  4.39e-16 |      
       40 |   0.9328 |  5.457587e+05 |   +0.93% |  7.14e-16 |      
       50 |   0.9274 |  5.468451e+05 |   +0.20% |  1.16e-15 |      
       60 |   0.9256 |  5.473884e+05 |   +0.10% |  1.89e-15 |      
       70 |   0.9252 |  5.472400e+05 |   -0.03% |  3.09e-15 |      
       80 |   0.9266 |  5.467677e+05 |   -0.09% |  5.03e-15 |      
       90 |   0.9282 |  5.466105e+05 |   -0.03% |  8.19e-15 |      
      100 |   0.9281 |  5.471527e+05 |   +0.10% |  1.33e-14 |      
      110 |   0.9277 |  5.477815e+05 |   +0.11% |  2.17e-14 |      
      120 |   0.9270 |  5.486543e+05 |   +0.16% |  3.54e-14 |      
      130 |   0.9266 |  5.497043e+05 |   +0.19% |  5.76e-14 |      
      140 |   0.9267 |  5.500568e+05 |   +0.06% |  9.39e-14 |      
      150 |   0.9262 |  5.510819e+05 |   +0.19% |  1.53e-13 |      
      160 |   0.9255 |  5.518757e+05 |   +0.14% |  2.49e-13 |      
      170 |   0.9248 |  5.533066e+05 |   +0.26% |  4.06e-13 |      
      180 |   0.9231 |  5.555954e+05 |   +0.41% |  6.60e-13 |      
      190 |   0.9209 |  5.590613e+05 |   +0.62% |  1.08e-12 |      
      200 |   0.9176 |  5.646115e+05 |   +0.99% |  1.75e-12 |      
      210 |   0.9120 |  5.720990e+05 |   +1.33% |  2.85e-12 |      
      220 |   0.9029 |  5.823980e+05 |   +1.80% |  4.64e-12 |      
      230 |   0.8911 |  5.924822e+05 |   +1.73% |  7.54e-12 |      
      240 |   0.8777 |  5.982309e+05 |   +0.97% |  1.23e-11 |      
      250 |   0.8580 |  6.122250e+05 |   +2.34% |  2.00e-11 |      
      260 |   0.8349 |  6.387615e+05 |   +4.33% |  3.24e-11 |      
      270 |   0.8096 |  6.369040e+05 |   -0.29% |  5.28e-11 |      
      280 |   0.7780 |  6.597403e+05 |   +3.59% |  8.59e-11 |      
      290 |   0.7448 |  6.582598e+05 |   -0.22% |  1.40e-10 |      
      300 |   0.7045 |  6.766915e+05 |   +2.80% |  2.27e-10 |      
      310 |   0.6624 |  6.770945e+05 |   +0.06% |  3.70e-10 |      
[INFO GPL-0100] Timing-driven iteration 1/2, virtual: false.
[INFO GPL-0101]    Iter: 318, overflow: 0.633, keep resizer changes at: 1, HPWL: 671397468
Iteration |   Area    | Resized | Buffers | Nets repaired | Remaining
---------------------------------------------------------------------
        0 |     +0.0% |       0 |       0 |             0 |     15132
    final |     +3.6% |     577 |     644 |           536 |         0
---------------------------------------------------------------------
[INFO RSZ-0034] Found 579 slew violations.
[INFO RSZ-0036] Found 242 capacitance violations.
[INFO RSZ-0039] Resized 577 instances.
[INFO RSZ-0038] Inserted 644 buffers in 536 nets.
   Iter   |    Area   | Removed | Inserted |   Pins
          |           | Buffers | Buffers  | Remaining
-------------------------------------------------------
        0 |     +0.0% |       0 |        0 |     14966
     1400 |     -0.1% |     471 |      582 |     13566
     2800 |     -0.2% |     539 |      635 |     12166
     4200 |     -0.2% |     539 |      635 |     10766
     5600 |     -0.2% |     539 |      643 |      9366
     7000 |     -0.2% |     539 |      643 |      7966
     8400 |     -0.2% |     539 |      644 |      6566
     9800 |     -0.2% |     539 |      644 |      5166
    11200 |     -0.2% |     539 |      644 |      3766
    12600 |     -0.2% |     539 |      644 |      2366
    14000 |     -0.2% |     539 |      644 |       966
    final |     -1.2% |     791 |      847 |         0
-------------------------------------------------------
[INFO GPL-0106] Timing-driven: worst slack 5.754528e-10
[INFO GPL-0107] Timing-driven: repair_design delta area: 9999.791 um^2 (+2.64%)
[INFO GPL-0108] Timing-driven: repair_design, gpl delta gcells: 700 (+4.70%)
[INFO GPL-0109] Timing-driven: repair_design, gcells created: 1491, deleted: 791
[INFO GPL-0110] Timing-driven: new target density: 0.5027377
Iteration | Overflow |     HPWL (um) |  HPWL(%) |   Penalty | Group
---------------------------------------------------------------
      320 |   0.6295 |  7.413550e+05 |   +9.49% |  5.98e-10 |      
      330 |   0.6224 |  7.959897e+05 |   +7.37% |  9.68e-10 |      
[INFO GPL-0038] Routability snapshot saved at iter = 334
      333 |   0.5973 |  8.046333e+05 |          |           |      
      340 |   0.5395 |  8.062350e+05 |   +1.29% |  1.57e-09 |      
      350 |   0.5254 |  8.031946e+05 |   -0.38% |  2.56e-09 |      
      360 |   0.4590 |  8.046135e+05 |   +0.18% |  4.17e-09 |      
      370 |   0.4211 |  8.080792e+05 |   +0.43% |  6.80e-09 |      
      380 |   0.3772 |  8.078612e+05 |   -0.03% |  1.11e-08 |      
      390 |   0.3398 |  8.054418e+05 |   -0.30% |  1.77e-08 |      
      400 |   0.3052 |  8.040037e+05 |   -0.18% |  2.60e-08 |      
[INFO GPL-0040] Routability iteration: 1
[WARNING GRT-0281] Net clk_i has a large fanout of 9717 terminals.
[INFO GPL-0041] Total routing overflow: 1.7359
[INFO GPL-0042] Number of overflowed tiles: 22 (0.03%)
[INFO GPL-0043] Average top 0.5% routing congestion: 0.8841
[INFO GPL-0044] Average top 1.0% routing congestion: 0.8426
[INFO GPL-0045] Average top 2.0% routing congestion: 0.8008
[INFO GPL-0046] Average top 5.0% routing congestion: 0.7380
[INFO GPL-0047] Routability iteration weighted routing congestion: 0.8633
[INFO GPL-0050] Weighted routing congestion is lower than target routing congestion(1.0100), end routability optimization.
[INFO GPL-0090] Routability finished. Target routing congestion achieved succesfully.
Iteration | Overflow |     HPWL (um) |  HPWL(%) |   Penalty | Group
---------------------------------------------------------------
      410 |   0.2777 |  8.022227e+05 |   -0.22% |  3.83e-08 |      
      420 |   0.2489 |  8.016924e+05 |   -0.07% |  5.65e-08 |      
      430 |   0.2227 |  8.023003e+05 |   +0.08% |  8.32e-08 |      
      440 |   0.2014 |  8.024613e+05 |   +0.02% |  1.23e-07 |      
[INFO GPL-0100] Timing-driven iteration 2/2, virtual: false.
[INFO GPL-0101]    Iter: 444, overflow: 0.194, keep resizer changes at: 1, HPWL: 802883411
Iteration |   Area    | Resized | Buffers | Nets repaired | Remaining
---------------------------------------------------------------------
        0 |     +0.0% |       0 |       0 |             0 |     15832
    final |     +0.1% |      10 |      11 |            15 |         0
---------------------------------------------------------------------
[INFO RSZ-0034] Found 17 slew violations.
[INFO RSZ-0036] Found 2 capacitance violations.
[INFO RSZ-0037] Found 1 long wires.
[INFO RSZ-0039] Resized 10 instances.
[INFO RSZ-0038] Inserted 11 buffers in 15 nets.
   Iter   |    Area   | Removed | Inserted |   Pins
          |           | Buffers | Buffers  | Remaining
-------------------------------------------------------
        0 |     +0.0% |       0 |        0 |     14966
     1400 |     -0.4% |     435 |      400 |     13566
     2800 |     -0.5% |     492 |      442 |     12166
     4200 |     -0.5% |     492 |      442 |     10766
     5600 |     -0.5% |     503 |      452 |      9366
     7000 |     -0.5% |     503 |      452 |      7966
     8400 |     -0.5% |     504 |      452 |      6566
     9800 |     -0.5% |     504 |      452 |      5166
    11200 |     -0.5% |     504 |      452 |      3766
    12600 |     -0.5% |     504 |      452 |      2366
    14000 |     -0.5% |     504 |      452 |       966
    final |     -0.3% |     711 |      755 |         0
-------------------------------------------------------
[INFO GPL-0106] Timing-driven: worst slack 1.0733161e-09
[INFO GPL-0107] Timing-driven: repair_design delta area: -888.102 um^2 (-0.23%)
[INFO GPL-0108] Timing-driven: repair_design, gpl delta gcells: 55 (+0.35%)
[INFO GPL-0109] Timing-driven: repair_design, gcells created: 766, deleted: 711
[INFO GPL-0110] Timing-driven: new target density: 0.5024946
Iteration | Overflow |     HPWL (um) |  HPWL(%) |   Penalty | Group
---------------------------------------------------------------
      450 |   0.1819 |  8.570253e+05 |   +6.80% |  1.80e-07 |      
      460 |   0.1584 |  8.576395e+05 |   +0.07% |  2.64e-07 |      
      470 |   0.1392 |  8.580299e+05 |   +0.05% |  3.89e-07 |      
      480 |   0.1224 |  8.578666e+05 |   -0.02% |  5.74e-07 |      
      490 |   0.1085 |  8.567133e+05 |   -0.13% |  8.45e-07 |      
      499 |   0.0997 |  8.580146e+05 |          |  1.24e-06 |      
---------------------------------------------------------------
[INFO GPL-1001] Global placement finished at iteration 499
[INFO GPL-1017] Routability mode iteration count: 68
[INFO GPL-1005] Routability final weighted congestion: 0.8241
[INFO GPL-1002] Placed Cell Area            387806.9328
[INFO GPL-1003] Available Free Area         3652626.9088
[INFO GPL-1004] Minimum Feasible Density        0.1100 (cell_area / free_area)
[INFO GPL-1006]   Suggested Target Densities:
[INFO GPL-1007]     - For 90% usage of free space: 0.1180
[INFO GPL-1008]     - For 80% usage of free space: 0.1327
[INFO GPL-1009]     - For 50% usage of free space: 0.2123
[INFO GPL-1011] Original area (um^2): 378695.24
[INFO GPL-1012] Total routability artificial inflation: 0.00 (+0.00%)
[INFO GPL-1013] Total timing-driven delta area: 9111.69 (+2.41%)
[INFO GPL-1014] Final placement area: 387806.93 (+2.41%)
Took 21 seconds: global_placement -density 0.5 -pad_left 0 -pad_right 0 -routability_driven -timing_driven -force_center_initial_place -min_phi_coef 0.95 -max_phi_coef 1.05
estimate_parasitics -placement
Report metrics stage 3, global place...

==========================================================================
global place report_design_area
--------------------------------------------------------------------------
Design area 443534 um^2 12% utilization.
write_db ./results/sky130hd/d_nw03_cand_gemini/base/3_3_place_gp.odb
Elapsed time: 0:25.54[h:]min:sec. CPU time: user 150.43 sys 7.76 (619%). Peak memory: 605824KB.
Log                       Ext     Elapsed/s Peak Memory/MB sha1sum result [0:20)
3_3_place_gp              .odb           25            591 ace42492c37e8f193e0d
/OpenROAD-flow-scripts/flow/scripts/flow.sh 3_4_place_resized resize
Running resize.tcl, stage 3_4_place_resized
read_liberty /OpenROAD-flow-scripts/flow/platforms/sky130hd/lib/sky130_fd_sc_hd__tt_025C_1v80.lib
read_db ./results/sky130hd/d_nw03_cand_gemini/base/3_3_place_gp.odb
read_sdc ./results/sky130hd/d_nw03_cand_gemini/base/2_floorplan.sdc
source /OpenROAD-flow-scripts/flow/platforms/sky130hd/setRC.tcl
estimate_parasitics -placement
Perform buffer insertion and gate resizing...
repair_design -verbose -match_cell_footprint
Iteration |   Area    | Resized | Buffers | Nets repaired | Remaining
---------------------------------------------------------------------
        0 |     +0.0% |       0 |       0 |             0 |     15887
     1000 |     +0.0% |       1 |       0 |             1 |     14887
     2000 |     +0.0% |       2 |       0 |             2 |     13887
     3000 |     +0.0% |       2 |       0 |             2 |     12887
     4000 |     +0.0% |       2 |       0 |             2 |     11887
     5000 |     +0.0% |       2 |       0 |             2 |     10887
     6000 |     +0.0% |       2 |       0 |             2 |      9887
     7000 |     +0.0% |       2 |       0 |             2 |      8887
     8000 |     +0.0% |       2 |       0 |             2 |      7887
     9000 |     +0.0% |       2 |       0 |             2 |      6887
    10000 |     +0.0% |       2 |       0 |             2 |      5887
    11000 |     +0.0% |       2 |       0 |             2 |      4887
    12000 |     +0.0% |       2 |       0 |             2 |      3887
    13000 |     +0.0% |       2 |       0 |             2 |      2887
    14000 |     +0.0% |       2 |       0 |             2 |      1887
    15000 |     +0.0% |       2 |       0 |             2 |       887
    final |     +0.0% |       2 |       0 |             2 |         0
---------------------------------------------------------------------
[INFO RSZ-0034] Found 2 slew violations.
[INFO RSZ-0039] Resized 2 instances.
[INFO RSZ-0504] Runtime: 1.06s
Floating nets: 
Report metrics stage 3, resizer...

==========================================================================
resizer report_design_area
--------------------------------------------------------------------------
Design area 443539 um^2 12% utilization.
Instance count before 64986, after 64986
Pin count before 68329, after 68329
write_db ./results/sky130hd/d_nw03_cand_gemini/base/3_4_place_resized.odb
Elapsed time: 0:08.72[h:]min:sec. CPU time: user 9.99 sys 5.39 (176%). Peak memory: 276452KB.
Log                       Ext     Elapsed/s Peak Memory/MB sha1sum result [0:20)
3_4_place_resized         .odb            8            269 aaec9558edd1225e5df4
/OpenROAD-flow-scripts/flow/scripts/flow.sh 3_5_place_dp detail_place
Running detail_place.tcl, stage 3_5_place_dp
read_liberty /OpenROAD-flow-scripts/flow/platforms/sky130hd/lib/sky130_fd_sc_hd__tt_025C_1v80.lib
read_db ./results/sky130hd/d_nw03_cand_gemini/base/3_4_place_resized.odb
read_sdc ./results/sky130hd/d_nw03_cand_gemini/base/2_floorplan.sdc
source /OpenROAD-flow-scripts/flow/platforms/sky130hd/setRC.tcl
detailed_placement
[INFO DPL-0006] Core area: 3714367.37 um^2
[INFO DPL-0007] Movable instances area: 381798.68 um^2
[INFO DPL-0008] Fixed instances area within core: 61740.46 um^2
[INFO DPL-0009] Utilization: 11.9%
[INFO DPL-0005] Diamond search max displacement: +/- 500 sites horizontally, +/- 100 rows vertically.
[INFO DPL-1102] Legalizing using negotiation legalizer.
[INFO DPL-1103] Negotiation base search window: +/-20 sites horizontally, +/-5 rows vertically 
	Automatic search window extension enabled.
	Search window extendable up to the max displacement cap of +/-500 sites, +/-100 rows near walls.
[INFO DPL-1104] NegotiationLegalizer DRC penalty: 5.
[INFO DPL-0392] Negotiation cell height distribution (1 unique row-count(s)):
[INFO DPL-0393]   height 1 row(s): 64986 cells
          |      Total |  Illegal |  Illegal
Iteration | Violations |    Cells |    Sites
---------------------------------------------
        0 |        172 |        44 |       128
        1 |          0 |         0 |         0
Negotiation phase 1 converged at iteration 1.
[INFO DPL-0500] Runtime: 0.31s
Placement Analysis
---------------------------------
total displacement      64217.6 u
average displacement        1.0 u
max displacement           22.9 u
original HPWL          856628.6 u
legalized HPWL         906698.1 u
delta HPWL                    6 %

improve_placement -max_displacement "5 1"
Detailed placement improvement.
[INFO DPL-0401] Setting random seed to 1.
[INFO DPL-0402] Setting maximum displacement 5 1 to 13600 2720 units.
[INFO DPL-0320] Collected 49667 fixed cells.
[INFO DPL-0318] Collected 15641 single height cells.
[INFO DPL-0321] Collected 0 wide cells.
[INFO DPL-0322] Image (1380, 2720) - (1930160, 1928480)
[INFO DPL-0310] Assigned 15641 cells into segments.  Movement in X-direction is 0.000000, movement in Y-direction is 0.000000.
[INFO DPL-0313] Found 0 cells in wrong regions.
[INFO DPL-0315] Found 0 row alignment problems.
[INFO DPL-0314] Found 0 site alignment problems.
[INFO DPL-0311] Found 0 overlaps between adjacent cells.
[INFO DPL-0312] Found 0 edge spacing violations and 0 padding violations.
[INFO DPL-0303] Running algorithm for independent set matching.
[INFO DPL-0300] Set matching objective is wirelength.
[INFO DPL-0301] Pass   1 of matching; objective is 9.065359e+08.
[INFO DPL-0302] End of matching; objective is 9.063814e+08, improvement is 0.02 percent.
[INFO DPL-0303] Running algorithm for global swaps.
[INFO DPL-0306] Pass   1 of global swaps; hpwl is 8.984862e+08.
[INFO DPL-0307] End of global swaps; objective is 8.984862e+08, improvement is 0.87 percent.
[INFO DPL-0303] Running algorithm for vertical swaps.
[INFO DPL-0308] Pass   1 of vertical swaps; hpwl is 8.957963e+08.
[INFO DPL-0309] End of vertical swaps; objective is 8.957963e+08, improvement is 0.30 percent.
[INFO DPL-0303] Running algorithm for reordering.
[INFO DPL-0304] Pass   1 of reordering; objective is 8.957204e+08.
[INFO DPL-0305] End of reordering; objective is 8.957204e+08, improvement is 0.01 percent.
[INFO DPL-0303] Running algorithm for random improvement.
[INFO DPL-0324] Random improver is using random generator.
[INFO DPL-0325] Random improver is using hpwl objective.
[INFO DPL-0326] Random improver cost string is (a).
[INFO DPL-0332] End of pass, Generator random called 312820 times.
[INFO DPL-0335] Generator random, Cumulative attempts 312820, swaps 51312, moves 65631 since last reset.
[INFO DPL-0333] End of pass, Objective hpwl, Initial cost 8.924876e+08, Scratch cost 8.852158e+08, Incremental cost 8.852158e+08, Mismatch? N
[INFO DPL-0338] End of pass, Total cost is 8.852158e+08.
[INFO DPL-0327] Pass   1 of random improver; improvement in cost is 0.81 percent.
[INFO DPL-0328] End of random improver; improvement is 0.814781 percent.
[INFO DPL-0380] Cell flipping.
[INFO DPL-0382] Changed 0 cell orientations for row compatibility.
[INFO DPL-0383] Performed 1875 cell flips.
[INFO DPL-0384] End of flipping; objective is 8.822205e+08, improvement is 0.70 percent.
[INFO DPL-0313] Found 0 cells in wrong regions.
[INFO DPL-0315] Found 0 row alignment problems.
[INFO DPL-0314] Found 0 site alignment problems.
[INFO DPL-0311] Found 0 overlaps between adjacent cells.
[INFO DPL-0312] Found 0 edge spacing violations and 0 padding violations.
Detailed Improvement Results
------------------------------------------
Original HPWL           906698.1 u (  367603.6,   539094.5)
Final HPWL              882365.3 u (  356637.2,   525728.0)
Delta HPWL                  -2.7 % (      -3.0,       -2.5)

optimize_mirroring
[INFO DPL-0020] Mirrored 379 instances
[INFO DPL-0021] HPWL before          882365.3 u
[INFO DPL-0022] HPWL after           882170.6 u
[INFO DPL-0023] HPWL delta               -0.0 %
[INFO FLW-0012] Placement violations .
estimate_parasitics -placement
Report metrics stage 3, detailed place...

==========================================================================
detailed place report_design_area
--------------------------------------------------------------------------
Design area 443539 um^2 12% utilization.
write_db ./results/sky130hd/d_nw03_cand_gemini/base/3_5_place_dp.odb
write_sdc -no_timestamp ./results/sky130hd/d_nw03_cand_gemini/base/3_place.sdc
Elapsed time: 0:10.57[h:]min:sec. CPU time: user 11.85 sys 5.44 (163%). Peak memory: 536100KB.
Log                       Ext     Elapsed/s Peak Memory/MB sha1sum result [0:20)
3_5_place_dp              .odb           10            523 7d89c8d31674607853d9
cp ./results/sky130hd/d_nw03_cand_gemini/base/3_5_place_dp.odb ./results/sky130hd/d_nw03_cand_gemini/base/3_place.odb
/OpenROAD-flow-scripts/flow/scripts/flow.sh 4_1_cts cts
Running cts.tcl, stage 4_1_cts
read_liberty /OpenROAD-flow-scripts/flow/platforms/sky130hd/lib/sky130_fd_sc_hd__tt_025C_1v80.lib
read_db ./results/sky130hd/d_nw03_cand_gemini/base/3_place.odb
read_sdc ./results/sky130hd/d_nw03_cand_gemini/base/3_place.sdc
source /OpenROAD-flow-scripts/flow/platforms/sky130hd/setRC.tcl
clock_tree_synthesis -sink_clustering_enable -repair_clock_nets
[INFO CTS-0050] Root buffer is sky130_fd_sc_hd__clkbuf_16.
[INFO CTS-0051] Sink buffer is sky130_fd_sc_hd__clkbuf_16.
[INFO CTS-0052] The following clock buffers will be used for CTS:
                    sky130_fd_sc_hd__clkbuf_16
[INFO CTS-0049] Characterization buffer is sky130_fd_sc_hd__clkbuf_16.
[INFO CTS-0007] Net "clk_i" found for clock "core_clock".
[INFO CTS-0010]  Clock net "clk_i" has 9716 sinks.
[INFO CTS-0008] TritonCTS found 1 clock nets.
[INFO CTS-0097] Characterization used 1 buffer(s) types.
[INFO CTS-0201] 0 blockages from hard placement blockages and placed macros will be used.
[INFO CTS-0027] Generating H-Tree topology for net clk_i.
[INFO CTS-0028]  Total number of sinks: 9716.
[INFO CTS-0090]  Sinks will be clustered based on buffer max cap.
[INFO CTS-0030]  Number of static layers: 0.
[INFO CTS-0020]  Wire segment unit: 13600  dbu (13 um).
[INFO CTS-0206] Best clustering solution was found from max clustering size of 17 and max clustering diameter of 135.
[INFO CTS-0019]  Total number of sinks after clustering: 821.
[INFO CTS-0024]  Normalized sink region: [(33.539, 31.3779), (97.8781, 140.676)].
[INFO CTS-0025]     Width:  64.3391.
[INFO CTS-0026]     Height: 109.2984.
 Level 1
    Direction: Vertical
    Sinks per sub-region: 411
    Sub-region size: 64.3391 X 54.6492
[INFO CTS-0034]     Segment length (rounded): 28.
 Level 2
    Direction: Horizontal
    Sinks per sub-region: 206
    Sub-region size: 32.1696 X 54.6492
[INFO CTS-0034]     Segment length (rounded): 16.
 Level 3
    Direction: Vertical
    Sinks per sub-region: 103
    Sub-region size: 32.1696 X 27.3246
[INFO CTS-0034]     Segment length (rounded): 14.
 Level 4
    Direction: Horizontal
    Sinks per sub-region: 52
    Sub-region size: 16.0848 X 27.3246
[INFO CTS-0034]     Segment length (rounded): 8.
 Level 5
    Direction: Vertical
    Sinks per sub-region: 26
    Sub-region size: 16.0848 X 13.6623
[INFO CTS-0034]     Segment length (rounded): 6.
 Level 6
    Direction: Horizontal
    Sinks per sub-region: 13
    Sub-region size: 8.0424 X 13.6623
[INFO CTS-0034]     Segment length (rounded): 4.
[INFO CTS-0038]  Stop criterion found. Sink region hpwl is smaller than max wirelength (1911.535 um) and max number of sinks is 15.
[INFO CTS-0035]  Number of sinks covered: 821.
[INFO CTS-0018]     Created 896 clock buffers.
[INFO CTS-0012]     Minimum number of buffers in the clock path: 5.
[INFO CTS-0013]     Maximum number of buffers in the clock path: 5.
[INFO CTS-0015]     Created 896 clock nets.
[INFO CTS-0016]     Fanout distribution for the current clock = 4:3, 5:3, 6:5, 7:3, 8:7, 9:37, 10:96, 11:176, 12:220, 13:218, 14:84, 15:19, 16:6, 17:5, 19:2, 20:1..
[INFO CTS-0017]     Max level of the clock tree: 6.
[INFO CTS-0098] Clock net "clk_i"
[INFO CTS-0099]  Sinks 10490
[INFO CTS-0100]  Leaf buffers 821
[INFO CTS-0101]  Average sink wire length 2123.65 um
[INFO CTS-0102]  Path depth 4 - 5
[INFO CTS-0207]  Dummy loads inserted 774
[INFO CTS-0500] Runtime: 1.63s
estimate_parasitics -placement
detailed_placement
[INFO DPL-0006] Core area: 3714367.37 um^2
[INFO DPL-0007] Movable instances area: 411266.94 um^2
[INFO DPL-0008] Fixed instances area within core: 61740.46 um^2
[INFO DPL-0009] Utilization: 12.7%
[INFO DPL-0005] Diamond search max displacement: +/- 500 sites horizontally, +/- 100 rows vertically.
[INFO DPL-1102] Legalizing using negotiation legalizer.
[INFO DPL-1103] Negotiation base search window: +/-20 sites horizontally, +/-5 rows vertically 
	Automatic search window extension enabled.
	Search window extendable up to the max displacement cap of +/-500 sites, +/-100 rows near walls.
[INFO DPL-1104] NegotiationLegalizer DRC penalty: 5.
[INFO DPL-0392] Negotiation cell height distribution (1 unique row-count(s)):
[INFO DPL-0393]   height 1 row(s): 66656 cells
          |      Total |  Illegal |  Illegal
Iteration | Violations |    Cells |    Sites
---------------------------------------------
        0 |         31 |         9 |        22
        1 |          0 |         0 |         0
Negotiation phase 1 converged at iteration 1.
[INFO DPL-0500] Runtime: 0.29s
Placement Analysis
---------------------------------
total displacement      23904.8 u
average displacement        0.4 u
max displacement           24.7 u
original HPWL          953111.1 u
legalized HPWL         963302.7 u
delta HPWL                    1 %

estimate_parasitics -placement
repair_timing -setup_margin 0 -hold_margin 0 -repair_tns 100 -match_cell_footprint -verbose
[INFO RSZ-0100] Repair move sequence: UnbufferMove SizeUpMove SwapPinsMove BufferMove CloneMove SplitLoadMove 
[INFO RSZ-0094] Found 51 endpoints with setup violations.
[INFO RSZ-0099] Repairing 51 out of 51 (100.00%) violating endpoints...
   Iter   | Removed | Resized | Inserted | Cloned |  Pin  |   Area   |    WNS   |   StTNS    |   EnTNS    |  Viol  |  Worst  
          | Buffers |  Gates  | Buffers  |  Gates | Swaps |          |          |            |            | Endpts | St/EnPt 
------------------------------------------------------------------------------------------------------------------------------
       0* |       0 |       0 |        0 |      0 |     0 |    +0.0% |   -0.621 |      -25.2 |       -8.9 |     51 | m_data_o[99]
       6* |       0 |       5 |        0 |      0 |     0 |    +0.0% |   -0.370 |      -13.5 |       -7.1 |     51 | m_keep_o[15]
      10* |       0 |       5 |        1 |      0 |     2 |    +0.0% |   -0.330 |      -12.6 |       -6.4 |     51 | m_keep_o[15]
      11* |       0 |       5 |        1 |      1 |     2 |    +0.0% |   -0.322 |      -10.2 |       -5.7 |     51 | m_data_o[37]
      12* |       0 |       5 |        1 |      1 |     2 |    +0.0% |   -0.322 |      -10.2 |       -5.7 |     51 | m_data_o[37]
      15* |       0 |       5 |        4 |      1 |     3 |    +0.0% |   -0.314 |       -7.3 |       -3.5 |     51 | m_data_o[95]
      16* |       0 |       5 |        4 |      1 |     3 |    +0.0% |   -0.314 |       -7.3 |       -3.5 |     51 | m_data_o[95]
      18* |       0 |       6 |        4 |      1 |     3 |    +0.0% |   -0.314 |       -5.6 |       -3.4 |     51 | m_data_o[95]
      20* |       0 |       7 |        4 |      1 |     3 |    +0.0% |   -0.314 |       -5.6 |       -3.3 |     51 | m_data_o[95]
      20* |       0 |       7 |        4 |      1 |     3 |    +0.0% |   -0.314 |       -5.6 |       -3.3 |     51 | m_data_o[95]
      23* |       0 |       9 |        4 |      1 |     3 |    +0.0% |   -0.284 |       -4.7 |       -3.1 |     51 | m_keep_o[8]
      25* |       0 |      10 |        4 |      1 |     3 |    +0.0% |   -0.284 |       -4.6 |       -3.0 |     51 | m_keep_o[8]
      27* |       0 |      11 |        4 |      1 |     3 |    +0.0% |   -0.273 |       -3.7 |       -2.8 |     51 | m_data_o[91]
      29* |       0 |      12 |        4 |      1 |     3 |    +0.0% |   -0.196 |       -2.5 |       -2.5 |     51 | m_data_o[74]
      30* |       0 |      12 |        4 |      1 |     3 |    +0.0% |   -0.196 |       -2.5 |       -2.5 |     51 | m_data_o[74]
      32* |       0 |      14 |        4 |      1 |     3 |    +0.0% |   -0.196 |       -1.2 |       -1.7 |     51 | m_data_o[74]
      33* |       0 |      14 |        4 |      1 |     3 |    +0.0% |   -0.196 |       -1.2 |       -1.7 |     51 | m_data_o[74]
      34* |       0 |      14 |        4 |      1 |     3 |    +0.0% |   -0.196 |       -1.2 |       -1.7 |     51 | m_data_o[74]
      36* |       0 |      15 |        4 |      1 |     3 |    +0.0% |   -0.196 |       -1.2 |       -1.7 |     51 | m_data_o[74]
      38* |       0 |      16 |        4 |      1 |     3 |    +0.0% |   -0.196 |       -1.2 |       -1.7 |     51 | m_data_o[74]
      39* |       0 |      16 |        4 |      1 |     3 |    +0.0% |   -0.196 |       -1.2 |       -1.7 |     51 | m_data_o[74]
      40* |       0 |      16 |        4 |      1 |     3 |    +0.0% |   -0.196 |       -1.2 |       -1.7 |     51 | m_data_o[74]
      40* |       0 |      16 |        4 |      1 |     3 |    +0.0% |   -0.196 |       -1.2 |       -1.7 |     51 | m_data_o[74]
      42* |       0 |      17 |        4 |      1 |     3 |    +0.0% |   -0.196 |       -1.2 |       -1.7 |     51 | m_data_o[74]
      43* |       0 |      17 |        4 |      1 |     3 |    +0.0% |   -0.196 |       -1.2 |       -1.7 |     51 | m_data_o[74]
      50* |       0 |      20 |        4 |      2 |     5 |    +0.0% |   -0.260 |       -1.8 |       -2.2 |     51 | m_data_o[83]
      57* |       0 |      21 |        8 |      3 |     8 |    +0.0% |   -0.042 |       -0.1 |       -0.1 |     51 | m_data_o[99]
      59* |       0 |      21 |        8 |      3 |     8 |    +0.0% |   -0.042 |       -0.1 |       -0.1 |     51 | m_data_o[99]
      60* |       0 |      21 |        8 |      3 |     8 |    +0.0% |   -0.042 |       -0.1 |       -0.1 |     51 | m_data_o[99]
      60* |       0 |      21 |        8 |      3 |     8 |    +0.0% |   -0.042 |       -0.1 |       -0.1 |     51 | m_data_o[99]
      61* |       0 |      21 |        8 |      3 |     8 |    +0.0% |   -0.042 |       -0.1 |       -0.1 |     51 | m_data_o[99]
      62* |       0 |      21 |        8 |      3 |     8 |    +0.0% |   -0.042 |       -0.1 |       -0.1 |     51 | m_data_o[99]
      63* |       0 |      21 |        8 |      3 |     8 |    +0.0% |   -0.042 |       -0.1 |       -0.1 |     51 | m_data_o[99]
      64* |       0 |      21 |        8 |      3 |     8 |    +0.0% |   -0.042 |       -0.1 |       -0.1 |     51 | m_data_o[99]
      65* |       0 |      21 |        8 |      3 |     8 |    +0.0% |   -0.042 |       -0.1 |       -0.1 |     51 | m_data_o[99]
      66* |       0 |      21 |        8 |      3 |     8 |    +0.0% |   -0.042 |       -0.1 |       -0.1 |     51 | m_data_o[99]
      67* |       0 |      21 |        8 |      3 |     8 |    +0.0% |   -0.042 |       -0.1 |       -0.1 |     51 | m_data_o[99]
      68* |       0 |      21 |        8 |      3 |     8 |    +0.0% |   -0.042 |       -0.1 |       -0.1 |     51 | m_data_o[99]
      69* |       0 |      21 |        8 |      3 |     8 |    +0.0% |   -0.042 |       -0.1 |       -0.1 |     51 | m_data_o[99]
      70* |       0 |      21 |        8 |      3 |     8 |    +0.0% |   -0.042 |       -0.1 |       -0.1 |     51 | m_data_o[99]
      70* |       0 |      21 |        8 |      3 |     8 |    +0.0% |   -0.042 |       -0.1 |       -0.1 |     51 | m_data_o[99]
      71* |       0 |      21 |        8 |      3 |     8 |    +0.0% |   -0.042 |       -0.1 |       -0.1 |     51 | m_data_o[99]
      72* |       0 |      21 |        8 |      3 |     8 |    +0.0% |   -0.042 |       -0.1 |       -0.1 |     51 | m_data_o[99]
      73* |       0 |      21 |        8 |      3 |     8 |    +0.0% |   -0.042 |       -0.1 |       -0.1 |     51 | m_data_o[99]
      74* |       0 |      21 |        8 |      3 |     8 |    +0.0% |   -0.042 |       -0.1 |       -0.1 |     51 | m_data_o[99]
      75* |       0 |      21 |        8 |      3 |     8 |    +0.0% |   -0.042 |       -0.1 |       -0.1 |     51 | m_data_o[99]
      76* |       0 |      21 |        8 |      3 |     8 |    +0.0% |   -0.042 |       -0.1 |       -0.1 |     51 | m_data_o[99]
      77* |       0 |      21 |        8 |      3 |     8 |    +0.0% |   -0.042 |       -0.1 |       -0.1 |     51 | m_data_o[99]
      78* |       0 |      21 |        8 |      3 |     8 |    +0.0% |   -0.042 |       -0.1 |       -0.1 |     51 | m_data_o[99]
      79* |       0 |      21 |        8 |      3 |     8 |    +0.0% |   -0.042 |       -0.1 |       -0.1 |     51 | m_data_o[99]
      80* |       0 |      21 |        8 |      3 |     8 |    +0.0% |   -0.042 |       -0.1 |       -0.1 |     51 | m_data_o[99]
      80* |       0 |      21 |        8 |      3 |     8 |    +0.0% |   -0.042 |       -0.1 |       -0.1 |     51 | m_data_o[99]
      81* |       0 |      21 |        8 |      3 |     8 |    +0.0% |   -0.042 |       -0.1 |       -0.1 |     51 | m_data_o[99]
      82* |       0 |      21 |        8 |      3 |     8 |    +0.0% |   -0.042 |       -0.1 |       -0.1 |     51 | m_data_o[99]
      83* |       0 |      21 |        8 |      3 |     8 |    +0.0% |   -0.042 |       -0.1 |       -0.1 |     51 | m_data_o[99]
      84* |       0 |      21 |        8 |      3 |     8 |    +0.0% |   -0.042 |       -0.1 |       -0.1 |     51 | m_data_o[99]
      85* |       0 |      21 |        8 |      3 |     8 |    +0.0% |   -0.042 |       -0.1 |       -0.1 |     51 | m_data_o[99]
      86* |       0 |      21 |        8 |      3 |     8 |    +0.0% |   -0.042 |       -0.1 |       -0.1 |     51 | m_data_o[99]
      87* |       0 |      21 |        8 |      3 |     8 |    +0.0% |   -0.042 |       -0.1 |       -0.1 |     51 | m_data_o[99]
      88* |       0 |      21 |        8 |      3 |     8 |    +0.0% |   -0.042 |       -0.1 |       -0.1 |     51 | m_data_o[99]
      88* |       0 |      21 |        8 |      3 |     8 |    +0.0% |   -0.042 |       -0.1 |       -0.1 |     51 | m_data_o[99]
      89+ |       0 |      22 |        8 |      3 |     8 |    +0.0% |   -0.026 |       -0.0 |       -0.0 |      2 | m_data_o[111]
      90+ |       0 |      22 |        8 |      3 |     8 |    +0.0% |   -0.026 |       -0.0 |       -0.0 |      2 | m_data_o[111]
      90+ |       0 |      23 |        8 |      3 |     8 |    +0.0% |    0.039 |        0.0 |        0.0 |      2 | m_data_o[63]
    final |       0 |      23 |        8 |      3 |     8 |    +0.0% |    0.039 |        0.0 |        0.0 |      0 | m_data_o[63]
------------------------------------------------------------------------------------------------------------------------------
[INFO RSZ-0040] Inserted 8 buffers.
[INFO RSZ-0051] Resized 23 instances: 23 up, 0 up match, 0 down, 0 VT
[INFO RSZ-0043] Swapped pins on 8 instances.
[INFO RSZ-0049] Cloned 3 instances.
[INFO RSZ-0505] Runtime: 2.75s
[INFO RSZ-0033] No hold violations found.
[INFO RSZ-0506] Runtime: 0.08s
detailed_placement
[INFO DPL-0006] Core area: 3714367.37 um^2
[INFO DPL-0007] Movable instances area: 411460.87 um^2
[INFO DPL-0008] Fixed instances area within core: 61740.46 um^2
[INFO DPL-0009] Utilization: 12.7%
[INFO DPL-0005] Diamond search max displacement: +/- 500 sites horizontally, +/- 100 rows vertically.
[INFO DPL-1102] Legalizing using negotiation legalizer.
[INFO DPL-1103] Negotiation base search window: +/-20 sites horizontally, +/-5 rows vertically 
	Automatic search window extension enabled.
	Search window extendable up to the max displacement cap of +/-500 sites, +/-100 rows near walls.
[INFO DPL-1104] NegotiationLegalizer DRC penalty: 5.
[INFO DPL-0392] Negotiation cell height distribution (1 unique row-count(s)):
[INFO DPL-0393]   height 1 row(s): 66667 cells
          |      Total |  Illegal |  Illegal
Iteration | Violations |    Cells |    Sites
---------------------------------------------
        0 |          0 |         0 |         0
Negotiation phase 1 converged at iteration 0.
[INFO DPL-0500] Runtime: 0.18s
Placement Analysis
---------------------------------
total displacement         80.7 u
average displacement        0.0 u
max displacement            7.1 u
original HPWL          966124.2 u
legalized HPWL         966182.4 u
delta HPWL                    0 %

Report metrics stage 4, cts final...

==========================================================================
cts final report_design_area
--------------------------------------------------------------------------
Design area 473201 um^2 13% utilization.
write_db ./results/sky130hd/d_nw03_cand_gemini/base/4_1_cts.odb
write_sdc -no_timestamp ./results/sky130hd/d_nw03_cand_gemini/base/4_cts.sdc
Elapsed time: 0:13.19[h:]min:sec. CPU time: user 17.34 sys 9.45 (203%). Peak memory: 568400KB.
Log                       Ext     Elapsed/s Peak Memory/MB sha1sum result [0:20)
4_1_cts                   .odb           13            555 c3887be53b62d08e5272
cp ./results/sky130hd/d_nw03_cand_gemini/base/4_1_cts.odb ./results/sky130hd/d_nw03_cand_gemini/base/4_cts.odb
/OpenROAD-flow-scripts/flow/scripts/flow.sh 5_1_grt global_route
Running global_route.tcl, stage 5_1_grt
read_liberty /OpenROAD-flow-scripts/flow/platforms/sky130hd/lib/sky130_fd_sc_hd__tt_025C_1v80.lib
read_db ./results/sky130hd/d_nw03_cand_gemini/base/4_cts.odb
read_sdc ./results/sky130hd/d_nw03_cand_gemini/base/4_cts.sdc
source /OpenROAD-flow-scripts/flow/platforms/sky130hd/setRC.tcl
pin_access
[INFO DRT-0149] Reading tech and libs.
[WARNING DRT-0349] LEF58_ENCLOSURE with no CUTCLASS is not supported. Skipping for layer mcon
[WARNING DRT-0349] LEF58_ENCLOSURE with no CUTCLASS is not supported. Skipping for layer mcon
[WARNING DRT-0349] LEF58_ENCLOSURE with no CUTCLASS is not supported. Skipping for layer via
[WARNING DRT-0349] LEF58_ENCLOSURE with no CUTCLASS is not supported. Skipping for layer via
[WARNING DRT-0349] LEF58_ENCLOSURE with no CUTCLASS is not supported. Skipping for layer via2
[WARNING DRT-0349] LEF58_ENCLOSURE with no CUTCLASS is not supported. Skipping for layer via2
[WARNING DRT-0349] LEF58_ENCLOSURE with no CUTCLASS is not supported. Skipping for layer via3
[WARNING DRT-0349] LEF58_ENCLOSURE with no CUTCLASS is not supported. Skipping for layer via3
[WARNING DRT-0349] LEF58_ENCLOSURE with no CUTCLASS is not supported. Skipping for layer via4
[WARNING DRT-0349] LEF58_ENCLOSURE with no CUTCLASS is not supported. Skipping for layer via4

Units:                1000
Number of layers:     13
Number of macros:     441
Number of vias:       29
Number of viarulegen: 25

[INFO DRT-0150] Reading design.
[WARNING DRT-0120] Large net net2310 has 108 pins which may impact routing performance. Consider optimization.

Design:                   axis_switch_oq
Die area:                 ( 0 0 ) ( 1931370 1931370 )
Number of track patterns: 12
Number of DEF vias:       0
Number of components:     66667
Number of terminals:      324
Number of snets:          2
Number of nets:           16794

[INFO DRT-0167] List of default vias:
  Layer via
    default via: M1M2_PR
  Layer via2
    default via: M2M3_PR
  Layer via3
    default via: M3M4_PR
  Layer via4
    default via: M4M5_PR
[INFO DRT-0162] Library cell analysis.
[INFO DRT-0163] Instance analysis.
[INFO DRT-0164] Number of unique instances = 195.
[INFO DRT-0168] Init region query.
[INFO DRT-0024]   Complete FR_MASTERSLICE.
[INFO DRT-0024]   Complete Fr_VIA.
[INFO DRT-0024]   Complete li1.
[INFO DRT-0024]   Complete mcon.
[INFO DRT-0024]   Complete met1.
[INFO DRT-0024]   Complete via.
[INFO DRT-0024]   Complete met2.
[INFO DRT-0024]   Complete via2.
[INFO DRT-0024]   Complete met3.
[INFO DRT-0024]   Complete via3.
[INFO DRT-0024]   Complete met4.
[INFO DRT-0024]   Complete via4.
[INFO DRT-0024]   Complete met5.
[INFO DRT-0033] FR_MASTERSLICE shape region query size = 0.
[INFO DRT-0033] FR_VIA shape region query size = 0.
[INFO DRT-0033] li1 shape region query size = 1238317.
[INFO DRT-0033] mcon shape region query size = 879438.
[INFO DRT-0033] met1 shape region query size = 366613.
[INFO DRT-0033] via shape region query size = 251695.
[INFO DRT-0033] met2 shape region query size = 151243.
[INFO DRT-0033] via2 shape region query size = 201356.
[INFO DRT-0033] met3 shape region query size = 151113.
[INFO DRT-0033] via3 shape region query size = 201356.
[INFO DRT-0033] met4 shape region query size = 60492.
[INFO DRT-0033] via4 shape region query size = 10011.
[INFO DRT-0033] met5 shape region query size = 10293.
[INFO DRT-0165] Start pin access.
[INFO DRT-0076]   Complete 1000 pins.
[INFO DRT-0078]   Complete 1539 pins.
[INFO DRT-0079]   Complete 100 unique inst patterns.
[INFO DRT-0081]   Complete 195 unique inst patterns.
[INFO DRT-0082]   Complete 10000 groups.
[INFO DRT-0084]   Complete 14637 groups.
#scanned instances     = 66667
#unique  instances     = 195
#stdCellGenAp          = 5726
#stdCellValidPlanarAp  = 75
#stdCellValidViaAp     = 4329
#stdCellPinNoAp        = 0
#stdCellPinCnt         = 70925
#instTermValidViaApCnt = 0
#macroGenAp            = 0
#macroValidPlanarAp    = 0
#macroValidViaAp       = 0
#macroNoAp             = 0
[INFO DRT-0166] Complete pin access.
[INFO DRT-0267] cpu time = 00:03:41, elapsed time = 00:00:14, memory = 477.46 (MB), peak = 493.36 (MB)
Took 15 seconds: pin_access
global_route -congestion_report_file ./reports/sky130hd/d_nw03_cand_gemini/base/congestion.rpt -congestion_iterations 30 -congestion_report_iter_step 5 -verbose
[INFO GRT-0020] Min routing layer: met1
[INFO GRT-0021] Max routing layer: met5
[INFO GRT-0022] Global adjustment: 0%
[INFO GRT-0023] Grid origin: (0, 0)
[INFO GRT-0088] Layer li1     Track-Pitch = 0.4600  line-2-Via Pitch: 0.3400
[INFO GRT-0088] Layer met1    Track-Pitch = 0.3400  line-2-Via Pitch: 0.3400
[INFO GRT-0088] Layer met2    Track-Pitch = 0.4600  line-2-Via Pitch: 0.3500
[INFO GRT-0088] Layer met3    Track-Pitch = 0.6800  line-2-Via Pitch: 0.6150
[INFO GRT-0088] Layer met4    Track-Pitch = 0.9200  line-2-Via Pitch: 1.0400
[INFO GRT-0088] Layer met5    Track-Pitch = 3.4000  line-2-Via Pitch: 3.1100
[INFO GRT-0003] Macros: 0
[INFO GRT-0004] Blockages: 256453
[INFO GRT-0019] Found 897 clock nets.
[INFO GRT-0001] Minimum degree: 2
[INFO GRT-0002] Maximum degree: 108

[INFO GRT-0053] Routing resources analysis:
          Routing      Original      Derated      Resource
Layer     Direction    Resources     Resources    Reduction (%)
---------------------------------------------------------------
li1        Vertical            0             0          0.00%
met1       Horizontal    1068184        827484          22.53%
met2       Vertical      1004692        771172          23.24%
met3       Horizontal     737279        575982          21.88%
met4       Vertical       496786        358898          27.76%
met5       Horizontal     109810         78952          28.10%
---------------------------------------------------------------

[INFO GRT-0101] Running extra iterations to remove congestion.
[INFO GRT-0102] Start extra iteration 1/30
[INFO GRT-0197] Via related to pin nodes: 139458
[INFO GRT-0198] Via related Steiner nodes: 5435
[INFO GRT-0199] Via filling finished.
[INFO GRT-0111] Final number of vias: 184109
[INFO GRT-0112] Final usage 3D: 734615

[INFO GRT-0096] Final congestion report:
Layer         Resource        Demand        Usage (%)    Max H / Max V / Total Congestion
---------------------------------------------------------------------------------------
li1                  0             0            0.00%             0 /  0 /  0
met1            827484         53444            6.46%             0 /  0 /  0
met2            771172         92648           12.01%             0 /  0 /  0
met3            575982         27020            4.69%             0 /  0 /  0
met4            358898          8955            2.50%             0 /  0 /  0
met5             78952           221            0.28%             0 /  0 /  0
---------------------------------------------------------------------------------------
Total          2612488        182288            6.98%             0 /  0 /  0

[INFO GRT-0018] Total wirelength: 1710841 um
[INFO GRT-0014] Routed nets: 16746
[INFO GRT-0303] Global routing runtime = 00:00:02
estimate_parasitics -global_routing
Perform buffer insertion and gate resizing...
repair_design -verbose
Iteration |   Area    | Resized | Buffers | Nets repaired | Remaining
---------------------------------------------------------------------
        0 |     +0.0% |       0 |       0 |             0 |     17568
     1000 |     +0.0% |       0 |       0 |             1 |     16568
     2000 |     +0.0% |       0 |       0 |             1 |     15568
[WARNING RSZ-0104] Net _05645_ only has one pin. Check if it is intended to be dangling.
[WARNING RSZ-0104] Net _05644_ only has one pin. Check if it is intended to be dangling.
[WARNING RSZ-0104] Net _05642_ only has one pin. Check if it is intended to be dangling.
[WARNING RSZ-0104] Net _05641_ only has one pin. Check if it is intended to be dangling.
[WARNING RSZ-0104] Net _05639_ only has one pin. Check if it is intended to be dangling.
[WARNING RSZ-0104] Net _05638_ only has one pin. Check if it is intended to be dangling.
[WARNING RSZ-0104] Net _05636_ only has one pin. Check if it is intended to be dangling.
[WARNING RSZ-0104] Net _05635_ only has one pin. Check if it is intended to be dangling.
[WARNING RSZ-0104] Net _05633_ only has one pin. Check if it is intended to be dangling.
[WARNING RSZ-0104] Net _05632_ only has one pin. Check if it is intended to be dangling.
[WARNING RSZ-0104] Net _05630_ only has one pin. Check if it is intended to be dangling.
[WARNING RSZ-0104] Net _05629_ only has one pin. Check if it is intended to be dangling.
[WARNING RSZ-0104] Net _05627_ only has one pin. Check if it is intended to be dangling.
[WARNING RSZ-0104] Net _05626_ only has one pin. Check if it is intended to be dangling.
[WARNING RSZ-0104] Net _05624_ only has one pin. Check if it is intended to be dangling.
[WARNING RSZ-0104] Net _05623_ only has one pin. Check if it is intended to be dangling.
[WARNING RSZ-0104] Net _05621_ only has one pin. Check if it is intended to be dangling.
[WARNING RSZ-0104] Net _05620_ only has one pin. Check if it is intended to be dangling.
[WARNING RSZ-0104] Net _05618_ only has one pin. Check if it is intended to be dangling.
[WARNING RSZ-0104] Net _05617_ only has one pin. Check if it is intended to be dangling.
[WARNING RSZ-0104] Net _05615_ only has one pin. Check if it is intended to be dangling.
[WARNING RSZ-0104] Net _05614_ only has one pin. Check if it is intended to be dangling.
[WARNING RSZ-0104] Net _05612_ only has one pin. Check if it is intended to be dangling.
[WARNING RSZ-0104] Net _05611_ only has one pin. Check if it is intended to be dangling.
[WARNING RSZ-0104] Net _05609_ only has one pin. Check if it is intended to be dangling.
[WARNING RSZ-0104] Net _05608_ only has one pin. Check if it is intended to be dangling.
[WARNING RSZ-0104] Net _05606_ only has one pin. Check if it is intended to be dangling.
[WARNING RSZ-0104] Net _05605_ only has one pin. Check if it is intended to be dangling.
[WARNING RSZ-0104] Net _05603_ only has one pin. Check if it is intended to be dangling.
[WARNING RSZ-0104] Net _05602_ only has one pin. Check if it is intended to be dangling.
[WARNING RSZ-0104] Net _05600_ only has one pin. Check if it is intended to be dangling.
[WARNING RSZ-0104] Net _05599_ only has one pin. Check if it is intended to be dangling.
     3000 |     +0.0% |       0 |       0 |             1 |     14568
     4000 |     +0.0% |       0 |       0 |             1 |     13568
     5000 |     +0.0% |       0 |       0 |             1 |     12568
[WARNING RSZ-0104] Net _05646_ only has one pin. Check if it is intended to be dangling.
[WARNING RSZ-0104] Net _05643_ only has one pin. Check if it is intended to be dangling.
[WARNING RSZ-0104] Net _05640_ only has one pin. Check if it is intended to be dangling.
[WARNING RSZ-0104] Net _05637_ only has one pin. Check if it is intended to be dangling.
[WARNING RSZ-0104] Net _05634_ only has one pin. Check if it is intended to be dangling.
[WARNING RSZ-0104] Net _05631_ only has one pin. Check if it is intended to be dangling.
[WARNING RSZ-0104] Net _05628_ only has one pin. Check if it is intended to be dangling.
[WARNING RSZ-0104] Net _05625_ only has one pin. Check if it is intended to be dangling.
[WARNING RSZ-0104] Net _05622_ only has one pin. Check if it is intended to be dangling.
[WARNING RSZ-0104] Net _05619_ only has one pin. Check if it is intended to be dangling.
[WARNING RSZ-0104] Net _05616_ only has one pin. Check if it is intended to be dangling.
[WARNING RSZ-0104] Net _05613_ only has one pin. Check if it is intended to be dangling.
[WARNING RSZ-0104] Net _05610_ only has one pin. Check if it is intended to be dangling.
[WARNING RSZ-0104] Net _05607_ only has one pin. Check if it is intended to be dangling.
[WARNING RSZ-0104] Net _05604_ only has one pin. Check if it is intended to be dangling.
[WARNING RSZ-0104] Net _05601_ only has one pin. Check if it is intended to be dangling.
     6000 |     +0.0% |       0 |       0 |             1 |     11568
     7000 |     +0.0% |       0 |       0 |             1 |     10568
     8000 |     +0.0% |       0 |       0 |             1 |      9568
     9000 |     +0.0% |       0 |       0 |             1 |      8568
    10000 |     +0.0% |       0 |       0 |             1 |      7568
    11000 |     +0.0% |       0 |       0 |             1 |      6568
    12000 |     +0.0% |       0 |       0 |             1 |      5568
    13000 |     +0.0% |       0 |       0 |             1 |      4568
    14000 |     +0.0% |       0 |       0 |             1 |      3568
    15000 |     +0.0% |       0 |       0 |             1 |      2568
    16000 |     +0.0% |       0 |       0 |             1 |      1568
    17000 |     +0.0% |       0 |       0 |             1 |       568
    final |     +0.0% |       0 |       0 |             1 |         0
---------------------------------------------------------------------
[INFO RSZ-0036] Found 1 capacitance violations.
[INFO RSZ-0504] Runtime: 1.43s
global_route -start_incremental
detailed_placement
[INFO DPL-0006] Core area: 3714367.37 um^2
[INFO DPL-0007] Movable instances area: 411460.87 um^2
[INFO DPL-0008] Fixed instances area within core: 61740.46 um^2
[INFO DPL-0009] Utilization: 12.7%
[INFO DPL-0005] Diamond search max displacement: +/- 500 sites horizontally, +/- 100 rows vertically.
[INFO DPL-1102] Legalizing using negotiation legalizer.
[INFO DPL-1103] Negotiation base search window: +/-20 sites horizontally, +/-5 rows vertically 
	Automatic search window extension enabled.
	Search window extendable up to the max displacement cap of +/-500 sites, +/-100 rows near walls.
[INFO DPL-1104] NegotiationLegalizer DRC penalty: 5.
[INFO DPL-0392] Negotiation cell height distribution (1 unique row-count(s)):
[INFO DPL-0393]   height 1 row(s): 66667 cells
[INFO DPL-0500] Runtime: 0.18s
Placement Analysis
---------------------------------
total displacement          0.0 u
average displacement        0.0 u
max displacement            0.0 u
original HPWL          966182.4 u
legalized HPWL         966182.4 u
delta HPWL                    0 %

global_route -end_incremental -congestion_report_file ./reports/sky130hd/d_nw03_cand_gemini/base/congestion_post_repair_design.rpt
Repair setup and hold violations...
estimate_parasitics -global_routing
repair_timing -setup_margin 0 -hold_margin 0 -repair_tns 100 -verbose
[INFO RSZ-0100] Repair move sequence: UnbufferMove SizeUpMove SwapPinsMove BufferMove CloneMove SplitLoadMove 
[INFO RSZ-0094] Found 22 endpoints with setup violations.
[INFO RSZ-0099] Repairing 22 out of 22 (100.00%) violating endpoints...
   Iter   | Removed | Resized | Inserted | Cloned |  Pin  |   Area   |    WNS   |   StTNS    |   EnTNS    |  Viol  |  Worst  
          | Buffers |  Gates  | Buffers  |  Gates | Swaps |          |          |            |            | Endpts | St/EnPt 
------------------------------------------------------------------------------------------------------------------------------
       0* |       0 |       0 |        0 |      0 |     0 |    +0.0% |   -0.295 |       -4.4 |       -1.6 |     22 | m_keep_o[10]
       4* |       0 |       3 |        0 |      0 |     0 |    +0.0% |   -0.161 |       -1.4 |       -1.0 |     22 | m_data_o[84]
       6* |       0 |       4 |        0 |      0 |     0 |    +0.0% |   -0.161 |       -1.4 |       -0.9 |     22 | m_data_o[84]
       7* |       0 |       4 |        0 |      0 |     0 |    +0.0% |   -0.161 |       -1.4 |       -0.9 |     22 | m_data_o[84]
       9* |       0 |       5 |        0 |      0 |     0 |    +0.0% |   -0.113 |       -0.8 |       -0.8 |     22 | m_keep_o[8]
      10* |       0 |       5 |        0 |      0 |     0 |    +0.0% |   -0.113 |       -0.8 |       -0.8 |     22 | m_keep_o[8]
      12* |       0 |       6 |        0 |      0 |     0 |    +0.0% |   -0.070 |       -0.5 |       -0.7 |     22 | m_data_o[55]
      14* |       0 |       7 |        0 |      0 |     0 |    +0.0% |   -0.066 |       -0.4 |       -0.6 |     22 | m_data_o[90]
      18* |       0 |       7 |        0 |      0 |     0 |    +0.0% |   -0.066 |       -0.4 |       -0.6 |     22 | m_data_o[90]
      20* |       0 |       8 |        0 |      0 |     0 |    +0.0% |   -0.068 |       -0.4 |       -0.6 |     22 | m_keep_o[10]
      20* |       0 |       7 |        0 |      0 |     0 |    +0.0% |   -0.066 |       -0.4 |       -0.6 |     22 | m_data_o[90]
      22* |       0 |       7 |        0 |      0 |     0 |    +0.0% |   -0.066 |       -0.4 |       -0.6 |     22 | m_data_o[90]
      25* |       0 |       7 |        0 |      0 |     0 |    +0.0% |   -0.066 |       -0.4 |       -0.6 |     22 | m_data_o[90]
      28* |       0 |       7 |        0 |      0 |     0 |    +0.0% |   -0.066 |       -0.4 |       -0.6 |     22 | m_data_o[90]
      30* |       0 |       8 |        0 |      0 |     0 |    +0.0% |   -0.066 |       -0.4 |       -0.6 |     22 | m_data_o[90]
      30* |       0 |       8 |        0 |      0 |     0 |    +0.0% |   -0.066 |       -0.4 |       -0.6 |     22 | m_data_o[90]
      33* |       0 |       8 |        1 |      0 |     1 |    +0.0% |   -0.066 |       -0.4 |       -0.5 |     22 | m_data_o[90]
      34* |       0 |       8 |        1 |      0 |     1 |    +0.0% |   -0.066 |       -0.4 |       -0.5 |     22 | m_data_o[90]
      36* |       0 |       8 |        1 |      0 |     1 |    +0.0% |   -0.066 |       -0.4 |       -0.5 |     22 | m_data_o[90]
      38* |       0 |       8 |        1 |      0 |     1 |    +0.0% |   -0.066 |       -0.4 |       -0.5 |     22 | m_data_o[90]
      40* |       0 |       9 |        1 |      0 |     1 |    +0.0% |   -0.072 |       -0.4 |       -0.5 |     22 | m_data_o[90]
      40* |       0 |       8 |        1 |      0 |     1 |    +0.0% |   -0.066 |       -0.4 |       -0.5 |     22 | m_data_o[90]
      43* |       0 |       8 |        1 |      0 |     1 |    +0.0% |   -0.066 |       -0.4 |       -0.5 |     22 | m_data_o[90]
      45* |       0 |       8 |        1 |      0 |     2 |    +0.0% |   -0.066 |       -0.4 |       -0.5 |     22 | m_data_o[90]
      47* |       0 |       8 |        1 |      0 |     2 |    +0.0% |   -0.066 |       -0.4 |       -0.5 |     22 | m_data_o[90]
      49* |       0 |       8 |        1 |      0 |     2 |    +0.0% |   -0.066 |       -0.4 |       -0.5 |     22 | m_data_o[90]
      50* |       0 |       8 |        1 |      0 |     2 |    +0.0% |   -0.066 |       -0.4 |       -0.5 |     22 | m_data_o[90]
      51* |       0 |       8 |        1 |      0 |     2 |    +0.0% |   -0.066 |       -0.4 |       -0.5 |     22 | m_data_o[90]
      51* |       0 |       8 |        1 |      0 |     2 |    +0.0% |   -0.066 |       -0.4 |       -0.5 |     22 | m_data_o[90]
      52+ |       0 |       8 |        1 |      0 |     2 |    +0.0% |   -0.066 |       -0.4 |       -0.5 |     15 | m_data_o[90]
      53+ |       0 |       8 |        1 |      0 |     2 |    +0.0% |   -0.066 |       -0.4 |       -0.5 |     15 | m_data_o[90]
      54+ |       0 |       8 |        1 |      0 |     2 |    +0.0% |   -0.066 |       -0.4 |       -0.5 |     15 | m_data_o[90]
      55+ |       0 |       8 |        1 |      0 |     2 |    +0.0% |   -0.066 |       -0.4 |       -0.5 |     15 | m_data_o[90]
      56+ |       0 |       8 |        1 |      0 |     2 |    +0.0% |   -0.066 |       -0.4 |       -0.5 |     15 | m_data_o[90]
      57+ |       0 |       8 |        1 |      0 |     2 |    +0.0% |   -0.066 |       -0.4 |       -0.5 |     15 | m_data_o[90]
      58+ |       0 |       8 |        1 |      0 |     2 |    +0.0% |   -0.066 |       -0.4 |       -0.5 |     15 | m_data_o[90]
      59+ |       0 |       8 |        1 |      0 |     2 |    +0.0% |   -0.066 |       -0.4 |       -0.5 |     15 | m_data_o[90]
      60+ |       0 |       8 |        1 |      0 |     2 |    +0.0% |   -0.066 |       -0.4 |       -0.5 |     15 | m_data_o[90]
      60+ |       0 |       8 |        1 |      0 |     2 |    +0.0% |   -0.066 |       -0.4 |       -0.5 |     15 | m_data_o[90]
      61+ |       0 |       8 |        1 |      0 |     2 |    +0.0% |   -0.066 |       -0.4 |       -0.5 |     15 | m_data_o[90]
      62+ |       0 |       8 |        1 |      0 |     2 |    +0.0% |   -0.066 |       -0.4 |       -0.5 |     15 | m_data_o[90]
      63+ |       0 |       8 |        1 |      0 |     2 |    +0.0% |   -0.066 |       -0.4 |       -0.5 |     15 | m_data_o[90]
      64+ |       0 |       8 |        1 |      0 |     2 |    +0.0% |   -0.066 |       -0.4 |       -0.5 |     15 | m_data_o[90]
      65+ |       0 |       8 |        1 |      0 |     2 |    +0.0% |   -0.066 |       -0.4 |       -0.5 |     15 | m_data_o[90]
      66+ |       0 |       8 |        1 |      0 |     2 |    +0.0% |   -0.066 |       -0.4 |       -0.5 |     15 | m_data_o[90]
    final |       0 |       8 |        1 |      0 |     2 |    +0.0% |   -0.066 |       -0.4 |       -0.5 |     15 | m_data_o[90]
------------------------------------------------------------------------------------------------------------------------------
[INFO RSZ-0040] Inserted 1 buffers.
[INFO RSZ-0051] Resized 8 instances: 8 up, 0 up match, 0 down, 0 VT
[INFO RSZ-0043] Swapped pins on 2 instances.
[WARNING RSZ-0062] Unable to repair all setup violations.
[INFO RSZ-0505] Runtime: 13.83s
[INFO RSZ-0033] No hold violations found.
[INFO RSZ-0506] Runtime: 0.20s
Took 14 seconds: repair_timing -setup_margin 0 -hold_margin 0 -repair_tns 100 -verbose
global_route -start_incremental
detailed_placement
[INFO DPL-0006] Core area: 3714367.37 um^2
[INFO DPL-0007] Movable instances area: 411525.94 um^2
[INFO DPL-0008] Fixed instances area within core: 61740.46 um^2
[INFO DPL-0009] Utilization: 12.7%
[INFO DPL-0005] Diamond search max displacement: +/- 500 sites horizontally, +/- 100 rows vertically.
[INFO DPL-1102] Legalizing using negotiation legalizer.
[INFO DPL-1103] Negotiation base search window: +/-20 sites horizontally, +/-5 rows vertically 
	Automatic search window extension enabled.
	Search window extendable up to the max displacement cap of +/-500 sites, +/-100 rows near walls.
[INFO DPL-1104] NegotiationLegalizer DRC penalty: 5.
[INFO DPL-0392] Negotiation cell height distribution (1 unique row-count(s)):
[INFO DPL-0393]   height 1 row(s): 66668 cells
          |      Total |  Illegal |  Illegal
Iteration | Violations |    Cells |    Sites
---------------------------------------------
        0 |          0 |         0 |         0
Negotiation phase 1 converged at iteration 0.
[INFO DPL-0500] Runtime: 0.20s
Placement Analysis
---------------------------------
total displacement         14.5 u
average displacement        0.0 u
max displacement            5.4 u
original HPWL          966217.3 u
legalized HPWL         966238.8 u
delta HPWL                    0 %

check_placement -verbose
global_route -end_incremental -congestion_report_file ./reports/sky130hd/d_nw03_cand_gemini/base/congestion_post_repair_timing.rpt
estimate_parasitics -global_routing
global_route -start_incremental
global_route -end_incremental -congestion_report_file ./reports/sky130hd/d_nw03_cand_gemini/base/congestion_post_recover_power.rpt
Repair antennas...
[INFO GRT-0012] Found 222 antenna violations.
[INFO GRT-0302] Inserted 209 jumpers for 196 nets.
[INFO GRT-0012] Found 28 antenna violations.
[WARNING GRT-0243] Unable to repair antennas on net with diodes.
[INFO DPL-0006] Core area: 3714367.37 um^2
[INFO DPL-0007] Movable instances area: 411269.44 um^2
[INFO DPL-0008] Fixed instances area within core: 62357.31 um^2
[INFO DPL-0009] Utilization: 12.8%
[INFO DPL-0005] Diamond search max displacement: +/- 500 sites horizontally, +/- 100 rows vertically.
[INFO DPL-1102] Legalizing using negotiation legalizer.
[INFO DPL-1103] Negotiation base search window: +/-20 sites horizontally, +/-5 rows vertically 
	Automatic search window extension enabled.
	Search window extendable up to the max displacement cap of +/-500 sites, +/-100 rows near walls.
[INFO DPL-1104] NegotiationLegalizer DRC penalty: 5.
[INFO DPL-0392] Negotiation cell height distribution (1 unique row-count(s)):
[INFO DPL-0393]   height 1 row(s): 66812 cells
          |      Total |  Illegal |  Illegal
Iteration | Violations |    Cells |    Sites
---------------------------------------------
        0 |          8 |         2 |         6
        1 |          0 |         0 |         0
Negotiation phase 1 converged at iteration 1.
[INFO DPL-0500] Runtime: 0.23s
[INFO GRT-0015] Inserted 144 diodes.
[INFO GRT-0012] Found 8 antenna violations.
[INFO GRT-0302] Inserted 4 jumpers for 4 nets.
[INFO GRT-0012] Found 4 antenna violations.
[INFO DPL-0006] Core area: 3714367.37 um^2
[INFO DPL-0007] Movable instances area: 411862.51 um^2
[INFO DPL-0008] Fixed instances area within core: 61834.30 um^2
[INFO DPL-0009] Utilization: 12.8%
[INFO DPL-0005] Diamond search max displacement: +/- 500 sites horizontally, +/- 100 rows vertically.
[INFO DPL-1102] Legalizing using negotiation legalizer.
[INFO DPL-1103] Negotiation base search window: +/-20 sites horizontally, +/-5 rows vertically 
	Automatic search window extension enabled.
	Search window extendable up to the max displacement cap of +/-500 sites, +/-100 rows near walls.
[INFO DPL-1104] NegotiationLegalizer DRC penalty: 5.
[INFO DPL-0392] Negotiation cell height distribution (1 unique row-count(s)):
[INFO DPL-0393]   height 1 row(s): 66840 cells
          |      Total |  Illegal |  Illegal
Iteration | Violations |    Cells |    Sites
---------------------------------------------
        0 |          0 |         0 |         0
Negotiation phase 1 converged at iteration 0.
[INFO DPL-0500] Runtime: 0.20s
[INFO GRT-0015] Inserted 28 diodes.
[INFO GRT-0012] Found 2 antenna violations.
[INFO GRT-0302] Inserted 0 jumpers for 0 nets.
[INFO GRT-0012] Found 2 antenna violations.
[INFO DPL-0006] Core area: 3714367.37 um^2
[INFO DPL-0007] Movable instances area: 411943.84 um^2
[INFO DPL-0008] Fixed instances area within core: 61778.00 um^2
[INFO DPL-0009] Utilization: 12.8%
[INFO DPL-0005] Diamond search max displacement: +/- 500 sites horizontally, +/- 100 rows vertically.
[INFO DPL-1102] Legalizing using negotiation legalizer.
[INFO DPL-1103] Negotiation base search window: +/-20 sites horizontally, +/-5 rows vertically 
	Automatic search window extension enabled.
	Search window extendable up to the max displacement cap of +/-500 sites, +/-100 rows near walls.
[INFO DPL-1104] NegotiationLegalizer DRC penalty: 5.
[INFO DPL-0392] Negotiation cell height distribution (1 unique row-count(s)):
[INFO DPL-0393]   height 1 row(s): 66850 cells
          |      Total |  Illegal |  Illegal
Iteration | Violations |    Cells |    Sites
---------------------------------------------
        0 |          0 |         0 |         0
Negotiation phase 1 converged at iteration 0.
[INFO DPL-0500] Runtime: 0.21s
[INFO GRT-0015] Inserted 10 diodes.
[INFO GRT-0012] Found 0 antenna violations.
[INFO ANT-0002] Found 0 net violations.
[INFO ANT-0001] Found 0 pin violations.
Estimate parasitics...
estimate_parasitics -global_routing
Report metrics stage 5, global route...

==========================================================================
global route report_design_area
--------------------------------------------------------------------------
Design area 473722 um^2 13% utilization.
[INFO FLW-0007] clock core_clock period 8.000000
[INFO FLW-0008] Clock core_clock period 7.702
[INFO FLW-0009] Clock core_clock slack -0.107
write_sdc -no_timestamp ./results/sky130hd/d_nw03_cand_gemini/base/updated_clks.sdc
[INFO FLW-0011] Path endpoint path count 20364
write_db ./results/sky130hd/d_nw03_cand_gemini/base/5_1_grt.odb
write_sdc -no_timestamp ./results/sky130hd/d_nw03_cand_gemini/base/5_1_grt.sdc
Elapsed time: 0:57.54[h:]min:sec. CPU time: user 467.23 sys 16.90 (841%). Peak memory: 1198944KB.
Log                       Ext     Elapsed/s Peak Memory/MB sha1sum result [0:20)
5_1_grt                   .odb           57           1170 ab46546669ea885ecb28
5_1_grt                   .sdc                             86818618b38c2ca48a8a
/OpenROAD-flow-scripts/flow/scripts/flow.sh 5_2_route detail_route
Running detail_route.tcl, stage 5_2_route
read_liberty /OpenROAD-flow-scripts/flow/platforms/sky130hd/lib/sky130_fd_sc_hd__tt_025C_1v80.lib
read_db ./results/sky130hd/d_nw03_cand_gemini/base/5_1_grt.odb
read_sdc ./results/sky130hd/d_nw03_cand_gemini/base/5_1_grt.sdc
source /OpenROAD-flow-scripts/flow/platforms/sky130hd/setRC.tcl
detailed_route -output_drc ./reports/sky130hd/d_nw03_cand_gemini/base/5_route_drc.rpt -output_maze ./results/sky130hd/d_nw03_cand_gemini/base/maze.log -droute_end_iter 64 -verbose 1 -drc_report_iter_step 5
[INFO DRT-0149] Reading tech and libs.
[WARNING DRT-0349] LEF58_ENCLOSURE with no CUTCLASS is not supported. Skipping for layer mcon
[WARNING DRT-0349] LEF58_ENCLOSURE with no CUTCLASS is not supported. Skipping for layer mcon
[WARNING DRT-0349] LEF58_ENCLOSURE with no CUTCLASS is not supported. Skipping for layer via
[WARNING DRT-0349] LEF58_ENCLOSURE with no CUTCLASS is not supported. Skipping for layer via
[WARNING DRT-0349] LEF58_ENCLOSURE with no CUTCLASS is not supported. Skipping for layer via2
[WARNING DRT-0349] LEF58_ENCLOSURE with no CUTCLASS is not supported. Skipping for layer via2
[WARNING DRT-0349] LEF58_ENCLOSURE with no CUTCLASS is not supported. Skipping for layer via3
[WARNING DRT-0349] LEF58_ENCLOSURE with no CUTCLASS is not supported. Skipping for layer via3
[WARNING DRT-0349] LEF58_ENCLOSURE with no CUTCLASS is not supported. Skipping for layer via4
[WARNING DRT-0349] LEF58_ENCLOSURE with no CUTCLASS is not supported. Skipping for layer via4

Units:                1000
Number of layers:     13
Number of macros:     441
Number of vias:       29
Number of viarulegen: 25

[INFO DRT-0150] Reading design.
[WARNING DRT-0120] Large net net2310 has 108 pins which may impact routing performance. Consider optimization.

Design:                   axis_switch_oq
Die area:                 ( 0 0 ) ( 1931370 1931370 )
Number of track patterns: 12
Number of DEF vias:       0
Number of components:     66850
Number of terminals:      324
Number of snets:          2
Number of nets:           16795

[INFO DRT-0167] List of default vias:
  Layer via
    default via: M1M2_PR
  Layer via2
    default via: M2M3_PR
  Layer via3
    default via: M3M4_PR
  Layer via4
    default via: M4M5_PR
[INFO DRT-0162] Library cell analysis.
[INFO DRT-0163] Instance analysis.
[INFO DRT-0164] Number of unique instances = 198.
[INFO DRT-0168] Init region query.
[INFO DRT-0024]   Complete FR_MASTERSLICE.
[INFO DRT-0024]   Complete Fr_VIA.
[INFO DRT-0024]   Complete li1.
[INFO DRT-0024]   Complete mcon.
[INFO DRT-0024]   Complete met1.
[INFO DRT-0024]   Complete via.
[INFO DRT-0024]   Complete met2.
[INFO DRT-0024]   Complete via2.
[INFO DRT-0024]   Complete met3.
[INFO DRT-0024]   Complete via3.
[INFO DRT-0024]   Complete met4.
[INFO DRT-0024]   Complete via4.
[INFO DRT-0024]   Complete met5.
[INFO DRT-0033] FR_MASTERSLICE shape region query size = 0.
[INFO DRT-0033] FR_VIA shape region query size = 0.
[INFO DRT-0033] li1 shape region query size = 1238940.
[INFO DRT-0033] mcon shape region query size = 880272.
[INFO DRT-0033] met1 shape region query size = 366982.
[INFO DRT-0033] via shape region query size = 251695.
[INFO DRT-0033] met2 shape region query size = 151243.
[INFO DRT-0033] via2 shape region query size = 201356.
[INFO DRT-0033] met3 shape region query size = 151113.
[INFO DRT-0033] via3 shape region query size = 201356.
[INFO DRT-0033] met4 shape region query size = 60492.
[INFO DRT-0033] via4 shape region query size = 10011.
[INFO DRT-0033] met5 shape region query size = 10293.
[INFO DRT-0165] Start pin access.
[INFO DRT-0076]   Complete 1000 pins.
[INFO DRT-0078]   Complete 1557 pins.
[INFO DRT-0079]   Complete 100 unique inst patterns.
[INFO DRT-0081]   Complete 198 unique inst patterns.
[INFO DRT-0082]   Complete 10000 groups.
[INFO DRT-0084]   Complete 14729 groups.
#scanned instances     = 66850
#unique  instances     = 198
#stdCellGenAp          = 5772
#stdCellValidPlanarAp  = 75
#stdCellValidViaAp     = 4375
#stdCellPinNoAp        = 0
#stdCellPinCnt         = 70927
#instTermValidViaApCnt = 0
#macroGenAp            = 0
#macroValidPlanarAp    = 0
#macroValidViaAp       = 0
#macroNoAp             = 0
[INFO DRT-0166] Complete pin access.
[INFO DRT-0267] cpu time = 00:03:50, elapsed time = 00:00:15, memory = 742.02 (MB), peak = 757.59 (MB)
[INFO DRT-0156] guideIn read 100000 guides.
[INFO DRT-0156] guideIn read 200000 guides.

[INFO DRT-0157] Number of guides:     200063

[INFO DRT-0169] Post process guides.
[INFO DRT-0176] GCELLGRID X 0 DO 279 STEP 6900 ;
[INFO DRT-0177] GCELLGRID Y 0 DO 279 STEP 6900 ;
[INFO DRT-0026]   Complete 100000 origin guides.
[INFO DRT-0026]   Complete 200000 origin guides.
[INFO DRT-0028]   Complete FR_MASTERSLICE.
[INFO DRT-0028]   Complete Fr_VIA.
[INFO DRT-0028]   Complete li1.
[INFO DRT-0028]   Complete mcon.
[INFO DRT-0028]   Complete met1.
[INFO DRT-0028]   Complete via.
[INFO DRT-0028]   Complete met2.
[INFO DRT-0028]   Complete via2.
[INFO DRT-0028]   Complete met3.
[INFO DRT-0028]   Complete via3.
[INFO DRT-0028]   Complete met4.
[INFO DRT-0028]   Complete via4.
[INFO DRT-0028]   Complete met5.
[INFO DRT-0178] Init guide query.
[INFO DRT-0035]   Complete FR_MASTERSLICE (guide).
[INFO DRT-0035]   Complete Fr_VIA (guide).
[INFO DRT-0035]   Complete li1 (guide).
[INFO DRT-0035]   Complete mcon (guide).
[INFO DRT-0035]   Complete met1 (guide).
[INFO DRT-0035]   Complete via (guide).
[INFO DRT-0035]   Complete met2 (guide).
[INFO DRT-0035]   Complete via2 (guide).
[INFO DRT-0035]   Complete met3 (guide).
[INFO DRT-0035]   Complete via3 (guide).
[INFO DRT-0035]   Complete met4 (guide).
[INFO DRT-0035]   Complete via4 (guide).
[INFO DRT-0035]   Complete met5 (guide).
[INFO DRT-0036] FR_MASTERSLICE guide region query size = 0.
[INFO DRT-0036] FR_VIA guide region query size = 0.
[INFO DRT-0036] li1 guide region query size = 59882.
[INFO DRT-0036] mcon guide region query size = 0.
[INFO DRT-0036] met1 guide region query size = 60227.
[INFO DRT-0036] via guide region query size = 0.
[INFO DRT-0036] met2 guide region query size = 36611.
[INFO DRT-0036] via2 guide region query size = 0.
[INFO DRT-0036] met3 guide region query size = 4544.
[INFO DRT-0036] via3 guide region query size = 0.
[INFO DRT-0036] met4 guide region query size = 1162.
[INFO DRT-0036] via4 guide region query size = 0.
[INFO DRT-0036] met5 guide region query size = 80.
[INFO DRT-0179] Init gr pin query.
[INFO DRT-0267] cpu time = 00:00:01, elapsed time = 00:00:00, memory = 801.13 (MB), peak = 799.62 (MB)
[INFO DRT-0245] skipped writing guide updates to database.
[INFO DRT-0181] Start track assignment.
[INFO DRT-0184] Done with 97655 vertical wires in 6 frboxes and 64851 horizontal wires in 6 frboxes.
[INFO DRT-0186] Done with 9372 vertical wires in 6 frboxes and 15925 horizontal wires in 6 frboxes.
[INFO DRT-0182] Complete track assignment.
[INFO DRT-0267] cpu time = 00:00:11, elapsed time = 00:00:04, memory = 1396.07 (MB), peak = 1647.87 (MB)
[INFO DRT-0187] Start routing data preparation.
[INFO DRT-0267] cpu time = 00:00:00, elapsed time = 00:00:00, memory = 1396.07 (MB), peak = 1647.87 (MB)
[INFO DRT-0194] Start detail routing.
[INFO DRT-0195] Start 0th optimization iteration.
    Completing 10% with 0 violations.
    elapsed time = 00:00:03, memory = 1802.65 (MB).
    Completing 20% with 0 violations.
    elapsed time = 00:00:08, memory = 2381.80 (MB).
    Completing 30% with 2086 violations.
    elapsed time = 00:00:10, memory = 2413.83 (MB).
    Completing 40% with 2086 violations.
    elapsed time = 00:00:19, memory = 2664.14 (MB).
    Completing 50% with 2086 violations.
    elapsed time = 00:00:21, memory = 2703.15 (MB).
    Completing 60% with 4208 violations.
    elapsed time = 00:00:25, memory = 2778.83 (MB).
    Completing 70% with 4208 violations.
    elapsed time = 00:00:30, memory = 2811.31 (MB).
    Completing 80% with 6201 violations.
    elapsed time = 00:00:33, memory = 2793.43 (MB).
    Completing 90% with 6201 violations.
    elapsed time = 00:00:43, memory = 2930.53 (MB).
    Completing 100% with 8125 violations.
    elapsed time = 00:00:45, memory = 2882.04 (MB).
[INFO DRT-0199]   Number of violations = 11108.
Viol/Layer         li1   mcon   met1    via   met2   met3   met4   via4   met5
Cut Spacing          0     20      0      1      0      0      0      3      0
Metal Spacing        0      0   2863      0    549     27     11      0      2
Min Hole             0      0     27      0      0      0      0      0      0
Recheck             27      0   1833      0   1058     46     15      0      4
Short                0      1   3643      6    925     24     15      1      7
[INFO DRT-0267] cpu time = 00:10:52, elapsed time = 00:00:46, memory = 3050.68 (MB), peak = 3049.28 (MB)
Total wire length = 1297158 um.
Total wire length on LAYER li1 = 0 um.
Total wire length on LAYER met1 = 400644 um.
Total wire length on LAYER met2 = 659441 um.
Total wire length on LAYER met3 = 180521 um.
Total wire length on LAYER met4 = 54720 um.
Total wire length on LAYER met5 = 1830 um.
Total number of vias = 169491.
Up-via summary (total 169491):

-------------------------
 FR_MASTERSLICE         0
            li1     68599
           met1     92237
           met2      6912
           met3      1617
           met4       126
-------------------------
               169491


[INFO DRT-0195] Start 1st optimization iteration.
    Completing 10% with 11108 violations.
    elapsed time = 00:00:03, memory = 3067.81 (MB).
    Completing 20% with 11108 violations.
    elapsed time = 00:00:08, memory = 3098.60 (MB).
    Completing 30% with 9147 violations.
    elapsed time = 00:00:10, memory = 3095.81 (MB).
    Completing 40% with 9147 violations.
    elapsed time = 00:00:18, memory = 3112.19 (MB).
    Completing 50% with 9147 violations.
    elapsed time = 00:00:19, memory = 3112.19 (MB).
    Completing 60% with 7040 violations.
    elapsed time = 00:00:23, memory = 3116.06 (MB).
    Completing 70% with 7040 violations.
    elapsed time = 00:00:30, memory = 3116.06 (MB).
    Completing 80% with 5015 violations.
    elapsed time = 00:00:32, memory = 3126.73 (MB).
    Completing 90% with 5015 violations.
    elapsed time = 00:00:41, memory = 3148.49 (MB).
    Completing 100% with 2832 violations.
    elapsed time = 00:00:44, memory = 3133.04 (MB).
[INFO DRT-0199]   Number of violations = 2832.
Viol/Layer        mcon   met1   met2   met3   met4
Cut Spacing          1      0      0      0      0
Metal Spacing        0   1209    150      8      5
Short                0   1250    206      2      1
[INFO DRT-0267] cpu time = 00:10:17, elapsed time = 00:00:44, memory = 3111.19 (MB), peak = 3165.70 (MB)
Total wire length = 1289294 um.
Total wire length on LAYER li1 = 0 um.
Total wire length on LAYER met1 = 397907 um.
Total wire length on LAYER met2 = 655470 um.
Total wire length on LAYER met3 = 179758 um.
Total wire length on LAYER met4 = 54360 um.
Total wire length on LAYER met5 = 1797 um.
Total number of vias = 167045.
Up-via summary (total 167045):

-------------------------
 FR_MASTERSLICE         0
            li1     68619
           met1     90025
           met2      6720
           met3      1567
           met4       114
-------------------------
               167045


[INFO DRT-0195] Start 2nd optimization iteration.
    Completing 10% with 2832 violations.
    elapsed time = 00:00:02, memory = 3132.90 (MB).
    Completing 20% with 2832 violations.
    elapsed time = 00:00:08, memory = 3132.90 (MB).
    Completing 30% with 2732 violations.
    elapsed time = 00:00:10, memory = 3132.90 (MB).
    Completing 40% with 2732 violations.
    elapsed time = 00:00:17, memory = 3156.58 (MB).
    Completing 50% with 2732 violations.
    elapsed time = 00:00:18, memory = 3156.58 (MB).
    Completing 60% with 2571 violations.
    elapsed time = 00:00:22, memory = 3156.58 (MB).
    Completing 70% with 2571 violations.
    elapsed time = 00:00:28, memory = 3156.58 (MB).
    Completing 80% with 2268 violations.
    elapsed time = 00:00:29, memory = 3156.58 (MB).
    Completing 90% with 2268 violations.
    elapsed time = 00:00:37, memory = 3158.78 (MB).
    Completing 100% with 2189 violations.
    elapsed time = 00:00:39, memory = 3158.78 (MB).
[INFO DRT-0199]   Number of violations = 2189.
Viol/Layer        mcon   met1   met2   met3   met4
Cut Spacing          2      0      0      0      0
Metal Spacing        0   1034     91      5      2
Short                0    846    205      3      1
[INFO DRT-0267] cpu time = 00:09:20, elapsed time = 00:00:39, memory = 3158.78 (MB), peak = 3213.28 (MB)
Total wire length = 1287849 um.
Total wire length on LAYER li1 = 0 um.
Total wire length on LAYER met1 = 397735 um.
Total wire length on LAYER met2 = 654751 um.
Total wire length on LAYER met3 = 179615 um.
Total wire length on LAYER met4 = 53980 um.
Total wire length on LAYER met5 = 1766 um.
Total number of vias = 166292.
Up-via summary (total 166292):

-------------------------
 FR_MASTERSLICE         0
            li1     68606
           met1     89312
           met2      6727
           met3      1535
           met4       112
-------------------------
               166292


[INFO DRT-0195] Start 3rd optimization iteration.
    Completing 10% with 2189 violations.
    elapsed time = 00:00:01, memory = 3158.82 (MB).
    Completing 20% with 2189 violations.
    elapsed time = 00:00:03, memory = 3169.10 (MB).
    Completing 30% with 1697 violations.
    elapsed time = 00:00:06, memory = 3160.70 (MB).
    Completing 40% with 1697 violations.
    elapsed time = 00:00:11, memory = 3160.70 (MB).
    Completing 50% with 1697 violations.
    elapsed time = 00:00:12, memory = 3160.71 (MB).
    Completing 60% with 1201 violations.
    elapsed time = 00:00:14, memory = 3167.85 (MB).
    Completing 70% with 1201 violations.
    elapsed time = 00:00:16, memory = 3197.33 (MB).
    Completing 80% with 605 violations.
    elapsed time = 00:00:19, memory = 3167.85 (MB).
    Completing 90% with 605 violations.
    elapsed time = 00:00:22, memory = 3167.85 (MB).
    Completing 100% with 85 violations.
    elapsed time = 00:00:25, memory = 3167.85 (MB).
[INFO DRT-0199]   Number of violations = 85.
Viol/Layer        met1    via   met2
Metal Spacing       32      0      9
Short               37      1      6
[INFO DRT-0267] cpu time = 00:04:49, elapsed time = 00:00:25, memory = 3142.32 (MB), peak = 3213.28 (MB)
Total wire length = 1287639 um.
Total wire length on LAYER li1 = 0 um.
Total wire length on LAYER met1 = 393936 um.
Total wire length on LAYER met2 = 654654 um.
Total wire length on LAYER met3 = 183016 um.
Total wire length on LAYER met4 = 54277 um.
Total wire length on LAYER met5 = 1754 um.
Total number of vias = 167296.
Up-via summary (total 167296):

-------------------------
 FR_MASTERSLICE         0
            li1     68611
           met1     89757
           met2      7268
           met3      1550
           met4       110
-------------------------
               167296


[INFO DRT-0195] Start 4th guides tiles iteration.
    Completing 10% with 85 violations.
    elapsed time = 00:00:00, memory = 3142.32 (MB).
    Completing 20% with 85 violations.
    elapsed time = 00:00:00, memory = 3142.32 (MB).
    Completing 30% with 85 violations.
    elapsed time = 00:00:00, memory = 3142.32 (MB).
    Completing 40% with 28 violations.
    elapsed time = 00:00:00, memory = 3142.32 (MB).
    Completing 50% with 28 violations.
    elapsed time = 00:00:00, memory = 3142.32 (MB).
    Completing 60% with 28 violations.
    elapsed time = 00:00:00, memory = 3142.32 (MB).
    Completing 70% with 28 violations.
    elapsed time = 00:00:00, memory = 3142.32 (MB).
    Completing 80% with 28 violations.
    elapsed time = 00:00:00, memory = 3142.32 (MB).
    Completing 90% with 7 violations.
    elapsed time = 00:00:01, memory = 3242.38 (MB).
    Completing 100% with 2 violations.
    elapsed time = 00:00:03, memory = 3142.32 (MB).
[INFO DRT-0199]   Number of violations = 2.
Viol/Layer        met1
Short                2
[INFO DRT-0267] cpu time = 00:00:07, elapsed time = 00:00:03, memory = 3142.32 (MB), peak = 3241.12 (MB)
Total wire length = 1287628 um.
Total wire length on LAYER li1 = 0 um.
Total wire length on LAYER met1 = 393875 um.
Total wire length on LAYER met2 = 654345 um.
Total wire length on LAYER met3 = 183067 um.
Total wire length on LAYER met4 = 54585 um.
Total wire length on LAYER met5 = 1754 um.
Total number of vias = 167322.
Up-via summary (total 167322):

-------------------------
 FR_MASTERSLICE         0
            li1     68612
           met1     89765
           met2      7280
           met3      1555
           met4       110
-------------------------
               167322


[INFO DRT-0195] Start 5th guides tiles iteration.
    Completing 30% with 2 violations.
    elapsed time = 00:00:00, memory = 3142.32 (MB).
    Completing 60% with 2 violations.
    elapsed time = 00:00:00, memory = 3142.32 (MB).
    Completing 100% with 2 violations.
    elapsed time = 00:00:00, memory = 3142.32 (MB).
[INFO DRT-0199]   Number of violations = 2.
Viol/Layer        met1
Short                2
[INFO DRT-0267] cpu time = 00:00:00, elapsed time = 00:00:00, memory = 3142.45 (MB), peak = 3241.12 (MB)
Total wire length = 1287628 um.
Total wire length on LAYER li1 = 0 um.
Total wire length on LAYER met1 = 393875 um.
Total wire length on LAYER met2 = 654345 um.
Total wire length on LAYER met3 = 183067 um.
Total wire length on LAYER met4 = 54585 um.
Total wire length on LAYER met5 = 1754 um.
Total number of vias = 167322.
Up-via summary (total 167322):

-------------------------
 FR_MASTERSLICE         0
            li1     68612
           met1     89765
           met2      7280
           met3      1555
           met4       110
-------------------------
               167322


[INFO DRT-0195] Start 6th stubborn tiles iteration.
    Completing 10% with 2 violations.
    elapsed time = 00:00:01, memory = 3142.45 (MB).
    Completing 20% with 2 violations.
    elapsed time = 00:00:01, memory = 3142.45 (MB).
    Completing 30% with 2 violations.
    elapsed time = 00:00:02, memory = 3142.45 (MB).
    Completing 40% with 2 violations.
    elapsed time = 00:00:02, memory = 3142.45 (MB).
    Completing 50% with 2 violations.
    elapsed time = 00:00:03, memory = 3196.14 (MB).
    Completing 60% with 2 violations.
    elapsed time = 00:00:04, memory = 3196.14 (MB).
    Completing 70% with 2 violations.
    elapsed time = 00:00:05, memory = 3196.14 (MB).
    Completing 80% with 2 violations.
    elapsed time = 00:00:06, memory = 3243.60 (MB).
    Completing 90% with 2 violations.
    elapsed time = 00:00:07, memory = 3237.14 (MB).
    Completing 100% with 0 violations.
    elapsed time = 00:00:10, memory = 3133.92 (MB).
[INFO DRT-0199]   Number of violations = 0.
[INFO DRT-0267] cpu time = 00:02:05, elapsed time = 00:00:10, memory = 3133.92 (MB), peak = 3285.88 (MB)
Total wire length = 1287634 um.
Total wire length on LAYER li1 = 0 um.
Total wire length on LAYER met1 = 393850 um.
Total wire length on LAYER met2 = 654338 um.
Total wire length on LAYER met3 = 183105 um.
Total wire length on LAYER met4 = 54585 um.
Total wire length on LAYER met5 = 1754 um.
Total number of vias = 167323.
Up-via summary (total 167323):

-------------------------
 FR_MASTERSLICE         0
            li1     68612
           met1     89762
           met2      7284
           met3      1555
           met4       110
-------------------------
               167323


[INFO DRT-0198] Complete detail routing.
Total wire length = 1287634 um.
Total wire length on LAYER li1 = 0 um.
Total wire length on LAYER met1 = 393850 um.
Total wire length on LAYER met2 = 654338 um.
Total wire length on LAYER met3 = 183105 um.
Total wire length on LAYER met4 = 54585 um.
Total wire length on LAYER met5 = 1754 um.
Total number of vias = 167323.
Up-via summary (total 167323):

-------------------------
 FR_MASTERSLICE         0
            li1     68612
           met1     89762
           met2      7284
           met3      1555
           met4       110
-------------------------
               167323


[INFO DRT-0267] cpu time = 00:37:33, elapsed time = 00:02:50, memory = 3133.98 (MB), peak = 3285.88 (MB)

[INFO DRT-0180] Post processing.
[INFO DRT-0501] Runtime: 191.37s
Took 191 seconds: detailed_route -output_drc ./reports/sky130hd/d_nw03_cand_gemini/base/5_route_drc.rpt -output_maze ./results/sky130hd/d_nw03_cand_gemini/base/maze.log -droute_end_iter 64 -verbose 1 -drc_report_iter_step 5
[INFO GRT-0012] Found 39 antenna violations.
[WARNING GRT-0243] Unable to repair antennas on net with diodes.
[INFO DPL-0006] Core area: 3714367.37 um^2
[INFO DPL-0007] Movable instances area: 0.00 um^2
[INFO DPL-0008] Fixed instances area within core: 474007.11 um^2
[INFO DPL-0009] Utilization: 12.8%
[INFO DPL-0005] Diamond search max displacement: +/- 500 sites horizontally, +/- 100 rows vertically.
[INFO DPL-1102] Legalizing using negotiation legalizer.
[INFO DPL-1103] Negotiation base search window: +/-20 sites horizontally, +/-5 rows vertically 
	Automatic search window extension enabled.
	Search window extendable up to the max displacement cap of +/-500 sites, +/-100 rows near walls.
[INFO DPL-1104] NegotiationLegalizer DRC penalty: 5.
[INFO DPL-0392] Negotiation cell height distribution (1 unique row-count(s)):
[INFO DPL-0393]   height 1 row(s): 66964 cells
[INFO DPL-0500] Runtime: 0.14s
[INFO GRT-0015] Inserted 114 diodes.
[WARNING DRT-0120] Large net net2310 has 108 pins which may impact routing performance. Consider optimization.
[INFO DRT-0024]   Complete FR_MASTERSLICE.
[INFO DRT-0024]   Complete Fr_VIA.
[INFO DRT-0024]   Complete li1.
[INFO DRT-0024]   Complete mcon.
[INFO DRT-0024]   Complete met1.
[INFO DRT-0024]   Complete via.
[INFO DRT-0024]   Complete met2.
[INFO DRT-0024]   Complete via2.
[INFO DRT-0024]   Complete met3.
[INFO DRT-0024]   Complete via3.
[INFO DRT-0024]   Complete met4.
[INFO DRT-0024]   Complete via4.
[INFO DRT-0024]   Complete met5.
[INFO DRT-0165] Start pin access.
[INFO DRT-0076]   Complete 1000 pins.
[INFO DRT-0078]   Complete 1557 pins.
[INFO DRT-0079]   Complete 100 unique inst patterns.
[INFO DRT-0081]   Complete 198 unique inst patterns.
[INFO DRT-0082]   Complete 10000 groups.
[INFO DRT-0084]   Complete 14758 groups.
#scanned instances     = 66964
#unique  instances     = 198
#stdCellGenAp          = 5772
#stdCellValidPlanarAp  = 75
#stdCellValidViaAp     = 4375
#stdCellPinNoAp        = 0
#stdCellPinCnt         = 70927
#instTermValidViaApCnt = 0
#macroGenAp            = 0
#macroValidPlanarAp    = 0
#macroValidViaAp       = 0
#macroNoAp             = 0
[INFO DRT-0166] Complete pin access.
[INFO DRT-0267] cpu time = 00:03:46, elapsed time = 00:00:14, memory = 2748.22 (MB), peak = 3285.88 (MB)
[INFO DRT-0156] guideIn read 100000 guides.

[INFO DRT-0157] Number of guides:     199910

[INFO DRT-0169] Post process guides.
[INFO DRT-0176] GCELLGRID X 0 DO 279 STEP 6900 ;
[INFO DRT-0177] GCELLGRID Y 0 DO 279 STEP 6900 ;
[INFO DRT-0026]   Complete 100000 origin guides.
[INFO DRT-0028]   Complete FR_MASTERSLICE.
[INFO DRT-0028]   Complete Fr_VIA.
[INFO DRT-0028]   Complete li1.
[INFO DRT-0028]   Complete mcon.
[INFO DRT-0028]   Complete met1.
[INFO DRT-0028]   Complete via.
[INFO DRT-0028]   Complete met2.
[INFO DRT-0028]   Complete via2.
[INFO DRT-0028]   Complete met3.
[INFO DRT-0028]   Complete via3.
[INFO DRT-0028]   Complete met4.
[INFO DRT-0028]   Complete via4.
[INFO DRT-0028]   Complete met5.
[INFO DRT-0178] Init guide query.
[INFO DRT-0035]   Complete FR_MASTERSLICE (guide).
[INFO DRT-0035]   Complete Fr_VIA (guide).
[INFO DRT-0035]   Complete li1 (guide).
[INFO DRT-0035]   Complete mcon (guide).
[INFO DRT-0035]   Complete met1 (guide).
[INFO DRT-0035]   Complete via (guide).
[INFO DRT-0035]   Complete met2 (guide).
[INFO DRT-0035]   Complete via2 (guide).
[INFO DRT-0035]   Complete met3 (guide).
[INFO DRT-0035]   Complete via3 (guide).
[INFO DRT-0035]   Complete met4 (guide).
[INFO DRT-0035]   Complete via4 (guide).
[INFO DRT-0035]   Complete met5 (guide).
[INFO DRT-0036] FR_MASTERSLICE guide region query size = 0.
[INFO DRT-0036] FR_VIA guide region query size = 0.
[INFO DRT-0036] li1 guide region query size = 59914.
[INFO DRT-0036] mcon guide region query size = 0.
[INFO DRT-0036] met1 guide region query size = 60232.
[INFO DRT-0036] via guide region query size = 0.
[INFO DRT-0036] met2 guide region query size = 36597.
[INFO DRT-0036] via2 guide region query size = 0.
[INFO DRT-0036] met3 guide region query size = 4509.
[INFO DRT-0036] via3 guide region query size = 0.
[INFO DRT-0036] met4 guide region query size = 1115.
[INFO DRT-0036] via4 guide region query size = 0.
[INFO DRT-0036] met5 guide region query size = 60.
[INFO DRT-0179] Init gr pin query.
[INFO DRT-0267] cpu time = 00:00:01, elapsed time = 00:00:00, memory = 2748.22 (MB), peak = 3285.88 (MB)
[INFO DRT-0245] skipped writing guide updates to database.
[INFO DRT-0181] Start track assignment.
[INFO DRT-0184] Done with 97626 vertical wires in 6 frboxes and 64801 horizontal wires in 6 frboxes.
[INFO DRT-0186] Done with 9350 vertical wires in 6 frboxes and 15917 horizontal wires in 6 frboxes.
[INFO DRT-0182] Complete track assignment.
[INFO DRT-0267] cpu time = 00:00:11, elapsed time = 00:00:04, memory = 2961.10 (MB), peak = 3285.88 (MB)
[INFO DRT-0187] Start routing data preparation.
[INFO DRT-0267] cpu time = 00:00:00, elapsed time = 00:00:00, memory = 2961.10 (MB), peak = 3285.88 (MB)
[INFO DRT-0194] Start detail routing.
[INFO DRT-0195] Start 0th optimization iteration.
    Completing 10% with 0 violations.
    elapsed time = 00:00:01, memory = 2961.20 (MB).
    Completing 20% with 0 violations.
    elapsed time = 00:00:02, memory = 3075.34 (MB).
    Completing 30% with 221 violations.
    elapsed time = 00:00:03, memory = 3082.05 (MB).
    Completing 40% with 221 violations.
    elapsed time = 00:00:06, memory = 3178.28 (MB).
    Completing 50% with 221 violations.
    elapsed time = 00:00:07, memory = 3185.57 (MB).
    Completing 60% with 415 violations.
    elapsed time = 00:00:08, memory = 3209.77 (MB).
    Completing 70% with 415 violations.
    elapsed time = 00:00:10, memory = 3167.30 (MB).
    Completing 80% with 535 violations.
    elapsed time = 00:00:11, memory = 3150.83 (MB).
    Completing 90% with 535 violations.
    elapsed time = 00:00:14, memory = 3179.63 (MB).
    Completing 100% with 686 violations.
    elapsed time = 00:00:15, memory = 3179.63 (MB).
[INFO DRT-0199]   Number of violations = 947.
Viol/Layer         li1   mcon   met1    via   met2   met3   met4
Cut Spacing          0      1      0      0      0      0      0
Metal Spacing        0      0     61      0     46      4      1
Recheck              2      0     95      0    129     30      5
Short                0      0    215      2    289     60      7
[INFO DRT-0267] cpu time = 00:03:28, elapsed time = 00:00:15, memory = 3309.42 (MB), peak = 3307.74 (MB)
Total wire length = 1288031 um.
Total wire length on LAYER li1 = 0 um.
Total wire length on LAYER met1 = 395362 um.
Total wire length on LAYER met2 = 654204 um.
Total wire length on LAYER met3 = 181276 um.
Total wire length on LAYER met4 = 54924 um.
Total wire length on LAYER met5 = 2263 um.
Total number of vias = 167493.
Up-via summary (total 167493):

-------------------------
 FR_MASTERSLICE         0
            li1     68754
           met1     89832
           met2      7252
           met3      1543
           met4       112
-------------------------
               167493


[INFO DRT-0195] Start 1st optimization iteration.
    Completing 10% with 947 violations.
    elapsed time = 00:00:01, memory = 3309.42 (MB).
    Completing 20% with 947 violations.
    elapsed time = 00:00:03, memory = 3309.42 (MB).
    Completing 30% with 750 violations.
    elapsed time = 00:00:03, memory = 3309.42 (MB).
    Completing 40% with 750 violations.
    elapsed time = 00:00:06, memory = 3315.72 (MB).
    Completing 50% with 750 violations.
    elapsed time = 00:00:06, memory = 3315.72 (MB).
    Completing 60% with 517 violations.
    elapsed time = 00:00:08, memory = 3315.88 (MB).
    Completing 70% with 517 violations.
    elapsed time = 00:00:10, memory = 3316.30 (MB).
    Completing 80% with 362 violations.
    elapsed time = 00:00:11, memory = 3316.30 (MB).
    Completing 90% with 362 violations.
    elapsed time = 00:00:14, memory = 3318.45 (MB).
    Completing 100% with 151 violations.
    elapsed time = 00:00:14, memory = 3319.95 (MB).
[INFO DRT-0199]   Number of violations = 151.
Viol/Layer        met1   met2   met3
Metal Spacing       17     10      3
Short               52     57     12
[INFO DRT-0267] cpu time = 00:03:25, elapsed time = 00:00:15, memory = 3322.95 (MB), peak = 3321.37 (MB)
Total wire length = 1287713 um.
Total wire length on LAYER li1 = 0 um.
Total wire length on LAYER met1 = 395244 um.
Total wire length on LAYER met2 = 653997 um.
Total wire length on LAYER met3 = 181291 um.
Total wire length on LAYER met4 = 54916 um.
Total wire length on LAYER met5 = 2263 um.
Total number of vias = 167410.
Up-via summary (total 167410):

-------------------------
 FR_MASTERSLICE         0
            li1     68751
           met1     89749
           met2      7256
           met3      1542
           met4       112
-------------------------
               167410


[INFO DRT-0195] Start 2nd optimization iteration.
    Completing 10% with 151 violations.
    elapsed time = 00:00:00, memory = 3322.95 (MB).
    Completing 20% with 151 violations.
    elapsed time = 00:00:00, memory = 3322.95 (MB).
    Completing 30% with 132 violations.
    elapsed time = 00:00:01, memory = 3322.95 (MB).
    Completing 40% with 132 violations.
    elapsed time = 00:00:01, memory = 3322.95 (MB).
    Completing 50% with 132 violations.
    elapsed time = 00:00:01, memory = 3322.95 (MB).
    Completing 60% with 130 violations.
    elapsed time = 00:00:02, memory = 3322.95 (MB).
    Completing 70% with 130 violations.
    elapsed time = 00:00:02, memory = 3329.35 (MB).
    Completing 80% with 117 violations.
    elapsed time = 00:00:03, memory = 3329.35 (MB).
    Completing 90% with 117 violations.
    elapsed time = 00:00:03, memory = 3329.35 (MB).
    Completing 100% with 112 violations.
    elapsed time = 00:00:04, memory = 3329.35 (MB).
[INFO DRT-0199]   Number of violations = 112.
Viol/Layer        met1   met2   met3
Metal Spacing        5     14      1
Short               38     40     14
[INFO DRT-0267] cpu time = 00:00:33, elapsed time = 00:00:04, memory = 3329.35 (MB), peak = 3327.74 (MB)
Total wire length = 1287711 um.
Total wire length on LAYER li1 = 0 um.
Total wire length on LAYER met1 = 395263 um.
Total wire length on LAYER met2 = 653961 um.
Total wire length on LAYER met3 = 181306 um.
Total wire length on LAYER met4 = 54915 um.
Total wire length on LAYER met5 = 2263 um.
Total number of vias = 167396.
Up-via summary (total 167396):

-------------------------
 FR_MASTERSLICE         0
            li1     68752
           met1     89734
           met2      7255
           met3      1543
           met4       112
-------------------------
               167396


[INFO DRT-0195] Start 3rd optimization iteration.
    Completing 10% with 112 violations.
    elapsed time = 00:00:00, memory = 3329.35 (MB).
    Completing 20% with 112 violations.
    elapsed time = 00:00:00, memory = 3329.35 (MB).
    Completing 30% with 88 violations.
    elapsed time = 00:00:00, memory = 3329.52 (MB).
    Completing 40% with 88 violations.
    elapsed time = 00:00:00, memory = 3329.52 (MB).
    Completing 50% with 88 violations.
    elapsed time = 00:00:03, memory = 3329.52 (MB).
    Completing 60% with 53 violations.
    elapsed time = 00:00:04, memory = 3329.52 (MB).
    Completing 70% with 53 violations.
    elapsed time = 00:00:04, memory = 3329.52 (MB).
    Completing 80% with 35 violations.
    elapsed time = 00:00:04, memory = 3329.52 (MB).
    Completing 90% with 35 violations.
    elapsed time = 00:00:04, memory = 3329.52 (MB).
    Completing 100% with 6 violations.
    elapsed time = 00:00:05, memory = 3329.52 (MB).
[INFO DRT-0199]   Number of violations = 6.
Viol/Layer        met1   met2
Short                5      1
[INFO DRT-0267] cpu time = 00:00:25, elapsed time = 00:00:05, memory = 3329.52 (MB), peak = 3327.87 (MB)
Total wire length = 1287691 um.
Total wire length on LAYER li1 = 0 um.
Total wire length on LAYER met1 = 395313 um.
Total wire length on LAYER met2 = 653972 um.
Total wire length on LAYER met3 = 181204 um.
Total wire length on LAYER met4 = 54922 um.
Total wire length on LAYER met5 = 2278 um.
Total number of vias = 167471.
Up-via summary (total 167471):

-------------------------
 FR_MASTERSLICE         0
            li1     68753
           met1     89783
           met2      7278
           met3      1545
           met4       112
-------------------------
               167471


[INFO DRT-0195] Start 4th guides tiles iteration.
    Completing 20% with 6 violations.
    elapsed time = 00:00:00, memory = 3329.52 (MB).
    Completing 40% with 6 violations.
    elapsed time = 00:00:00, memory = 3329.52 (MB).
    Completing 60% with 1 violations.
    elapsed time = 00:00:00, memory = 3329.52 (MB).
    Completing 80% with 1 violations.
    elapsed time = 00:00:00, memory = 3329.52 (MB).
    Completing 100% with 0 violations.
    elapsed time = 00:00:00, memory = 3329.52 (MB).
[INFO DRT-0199]   Number of violations = 0.
[INFO DRT-0267] cpu time = 00:00:01, elapsed time = 00:00:00, memory = 3329.52 (MB), peak = 3327.87 (MB)
Total wire length = 1287700 um.
Total wire length on LAYER li1 = 0 um.
Total wire length on LAYER met1 = 395293 um.
Total wire length on LAYER met2 = 653977 um.
Total wire length on LAYER met3 = 181227 um.
Total wire length on LAYER met4 = 54922 um.
Total wire length on LAYER met5 = 2278 um.
Total number of vias = 167484.
Up-via summary (total 167484):

-------------------------
 FR_MASTERSLICE         0
            li1     68754
           met1     89789
           met2      7284
           met3      1545
           met4       112
-------------------------
               167484


[INFO DRT-0198] Complete detail routing.
Total wire length = 1287700 um.
Total wire length on LAYER li1 = 0 um.
Total wire length on LAYER met1 = 395293 um.
Total wire length on LAYER met2 = 653977 um.
Total wire length on LAYER met3 = 181227 um.
Total wire length on LAYER met4 = 54922 um.
Total wire length on LAYER met5 = 2278 um.
Total number of vias = 167484.
Up-via summary (total 167484):

-------------------------
 FR_MASTERSLICE         0
            li1     68754
           met1     89789
           met2      7284
           met3      1545
           met4       112
-------------------------
               167484


[INFO DRT-0267] cpu time = 00:07:54, elapsed time = 00:00:40, memory = 3329.52 (MB), peak = 3327.87 (MB)

[INFO DRT-0180] Post processing.
[INFO DRT-0501] Runtime: 60.93s
[INFO ANT-0002] Found 5 net violations.
[INFO ANT-0001] Found 5 pin violations.
[INFO GRT-0012] Found 5 antenna violations.
[INFO DPL-0006] Core area: 3714367.37 um^2
[INFO DPL-0007] Movable instances area: 5.00 um^2
[INFO DPL-0008] Fixed instances area within core: 474112.21 um^2
[INFO DPL-0009] Utilization: 12.8%
[INFO DPL-0005] Diamond search max displacement: +/- 500 sites horizontally, +/- 100 rows vertically.
[INFO DPL-1102] Legalizing using negotiation legalizer.
[INFO DPL-1103] Negotiation base search window: +/-20 sites horizontally, +/-5 rows vertically 
	Automatic search window extension enabled.
	Search window extendable up to the max displacement cap of +/-500 sites, +/-100 rows near walls.
[INFO DPL-1104] NegotiationLegalizer DRC penalty: 5.
[INFO DPL-0392] Negotiation cell height distribution (1 unique row-count(s)):
[INFO DPL-0393]   height 1 row(s): 67008 cells
          |      Total |  Illegal |  Illegal
Iteration | Violations |    Cells |    Sites
---------------------------------------------
        0 |          0 |         0 |         0
Negotiation phase 1 converged at iteration 0.
[INFO DPL-0500] Runtime: 0.17s
[INFO GRT-0015] Inserted 44 diodes.
[WARNING DRT-0120] Large net net2310 has 108 pins which may impact routing performance. Consider optimization.
[INFO DRT-0024]   Complete FR_MASTERSLICE.
[INFO DRT-0024]   Complete Fr_VIA.
[INFO DRT-0024]   Complete li1.
[INFO DRT-0024]   Complete mcon.
[INFO DRT-0024]   Complete met1.
[INFO DRT-0024]   Complete via.
[INFO DRT-0024]   Complete met2.
[INFO DRT-0024]   Complete via2.
[INFO DRT-0024]   Complete met3.
[INFO DRT-0024]   Complete via3.
[INFO DRT-0024]   Complete met4.
[INFO DRT-0024]   Complete via4.
[INFO DRT-0024]   Complete met5.
[INFO DRT-0165] Start pin access.
[INFO DRT-0076]   Complete 1000 pins.
[INFO DRT-0078]   Complete 1557 pins.
[INFO DRT-0079]   Complete 100 unique inst patterns.
[INFO DRT-0081]   Complete 198 unique inst patterns.
[INFO DRT-0082]   Complete 10000 groups.
[INFO DRT-0084]   Complete 14781 groups.
#scanned instances     = 67008
#unique  instances     = 198
#stdCellGenAp          = 5772
#stdCellValidPlanarAp  = 75
#stdCellValidViaAp     = 4375
#stdCellPinNoAp        = 0
#stdCellPinCnt         = 70927
#instTermValidViaApCnt = 0
#macroGenAp            = 0
#macroValidPlanarAp    = 0
#macroValidViaAp       = 0
#macroNoAp             = 0
[INFO DRT-0166] Complete pin access.
[INFO DRT-0267] cpu time = 00:03:49, elapsed time = 00:00:14, memory = 3329.64 (MB), peak = 3327.99 (MB)
[INFO DRT-0156] guideIn read 100000 guides.

[INFO DRT-0157] Number of guides:     199961

[INFO DRT-0169] Post process guides.
[INFO DRT-0176] GCELLGRID X 0 DO 279 STEP 6900 ;
[INFO DRT-0177] GCELLGRID Y 0 DO 279 STEP 6900 ;
[INFO DRT-0026]   Complete 100000 origin guides.
[INFO DRT-0028]   Complete FR_MASTERSLICE.
[INFO DRT-0028]   Complete Fr_VIA.
[INFO DRT-0028]   Complete li1.
[INFO DRT-0028]   Complete mcon.
[INFO DRT-0028]   Complete met1.
[INFO DRT-0028]   Complete via.
[INFO DRT-0028]   Complete met2.
[INFO DRT-0028]   Complete via2.
[INFO DRT-0028]   Complete met3.
[INFO DRT-0028]   Complete via3.
[INFO DRT-0028]   Complete met4.
[INFO DRT-0028]   Complete via4.
[INFO DRT-0028]   Complete met5.
[INFO DRT-0178] Init guide query.
[INFO DRT-0035]   Complete FR_MASTERSLICE (guide).
[INFO DRT-0035]   Complete Fr_VIA (guide).
[INFO DRT-0035]   Complete li1 (guide).
[INFO DRT-0035]   Complete mcon (guide).
[INFO DRT-0035]   Complete met1 (guide).
[INFO DRT-0035]   Complete via (guide).
[INFO DRT-0035]   Complete met2 (guide).
[INFO DRT-0035]   Complete via2 (guide).
[INFO DRT-0035]   Complete met3 (guide).
[INFO DRT-0035]   Complete via3 (guide).
[INFO DRT-0035]   Complete met4 (guide).
[INFO DRT-0035]   Complete via4 (guide).
[INFO DRT-0035]   Complete met5 (guide).
[INFO DRT-0036] FR_MASTERSLICE guide region query size = 0.
[INFO DRT-0036] FR_VIA guide region query size = 0.
[INFO DRT-0036] li1 guide region query size = 59934.
[INFO DRT-0036] mcon guide region query size = 0.
[INFO DRT-0036] met1 guide region query size = 60248.
[INFO DRT-0036] via guide region query size = 0.
[INFO DRT-0036] met2 guide region query size = 36607.
[INFO DRT-0036] via2 guide region query size = 0.
[INFO DRT-0036] met3 guide region query size = 4509.
[INFO DRT-0036] via3 guide region query size = 0.
[INFO DRT-0036] met4 guide region query size = 1115.
[INFO DRT-0036] via4 guide region query size = 0.
[INFO DRT-0036] met5 guide region query size = 60.
[INFO DRT-0179] Init gr pin query.
[INFO DRT-0267] cpu time = 00:00:01, elapsed time = 00:00:00, memory = 3329.64 (MB), peak = 3327.99 (MB)
[INFO DRT-0245] skipped writing guide updates to database.
[INFO DRT-0181] Start track assignment.
[INFO DRT-0184] Done with 97656 vertical wires in 6 frboxes and 64817 horizontal wires in 6 frboxes.
[INFO DRT-0186] Done with 9365 vertical wires in 6 frboxes and 16004 horizontal wires in 6 frboxes.
[INFO DRT-0182] Complete track assignment.
[INFO DRT-0267] cpu time = 00:00:11, elapsed time = 00:00:04, memory = 3331.39 (MB), peak = 3394.12 (MB)
[INFO DRT-0187] Start routing data preparation.
[INFO DRT-0267] cpu time = 00:00:00, elapsed time = 00:00:00, memory = 3331.39 (MB), peak = 3394.12 (MB)
[INFO DRT-0194] Start detail routing.
[INFO DRT-0195] Start 0th optimization iteration.
    Completing 10% with 0 violations.
    elapsed time = 00:00:01, memory = 3331.48 (MB).
    Completing 20% with 0 violations.
    elapsed time = 00:00:02, memory = 3331.48 (MB).
    Completing 30% with 26 violations.
    elapsed time = 00:00:03, memory = 3331.48 (MB).
    Completing 40% with 26 violations.
    elapsed time = 00:00:06, memory = 3331.48 (MB).
    Completing 50% with 26 violations.
    elapsed time = 00:00:06, memory = 3333.71 (MB).
    Completing 60% with 59 violations.
    elapsed time = 00:00:08, memory = 3337.55 (MB).
    Completing 70% with 59 violations.
    elapsed time = 00:00:09, memory = 3384.68 (MB).
    Completing 80% with 62 violations.
    elapsed time = 00:00:10, memory = 3384.68 (MB).
    Completing 90% with 62 violations.
    elapsed time = 00:00:13, memory = 3384.85 (MB).
    Completing 100% with 73 violations.
    elapsed time = 00:00:13, memory = 3384.85 (MB).
[INFO DRT-0199]   Number of violations = 93.
Viol/Layer        met1    via   met2   met3
Metal Spacing        3      0      5      0
Recheck              9      0      9      2
Short               18      1     43      3
[INFO DRT-0267] cpu time = 00:03:10, elapsed time = 00:00:14, memory = 3384.85 (MB), peak = 3394.12 (MB)
Total wire length = 1287796 um.
Total wire length on LAYER li1 = 0 um.
Total wire length on LAYER met1 = 395349 um.
Total wire length on LAYER met2 = 654142 um.
Total wire length on LAYER met3 = 181194 um.
Total wire length on LAYER met4 = 54845 um.
Total wire length on LAYER met5 = 2265 um.
Total number of vias = 167564.
Up-via summary (total 167564):

-------------------------
 FR_MASTERSLICE         0
            li1     68805
           met1     89827
           met2      7279
           met3      1541
           met4       112
-------------------------
               167564


[INFO DRT-0195] Start 1st optimization iteration.
    Completing 10% with 93 violations.
    elapsed time = 00:00:01, memory = 3384.85 (MB).
    Completing 20% with 93 violations.
    elapsed time = 00:00:02, memory = 3355.72 (MB).
    Completing 30% with 77 violations.
    elapsed time = 00:00:03, memory = 3355.72 (MB).
    Completing 40% with 77 violations.
    elapsed time = 00:00:05, memory = 3374.71 (MB).
    Completing 50% with 77 violations.
    elapsed time = 00:00:06, memory = 3374.71 (MB).
    Completing 60% with 52 violations.
    elapsed time = 00:00:07, memory = 3374.71 (MB).
    Completing 70% with 52 violations.
    elapsed time = 00:00:09, memory = 3374.84 (MB).
    Completing 80% with 21 violations.
    elapsed time = 00:00:10, memory = 3374.84 (MB).
    Completing 90% with 21 violations.
    elapsed time = 00:00:12, memory = 3375.18 (MB).
    Completing 100% with 7 violations.
    elapsed time = 00:00:13, memory = 3375.18 (MB).
[INFO DRT-0199]   Number of violations = 7.
Viol/Layer        met1   met2
Metal Spacing        0      5
Short                1      1
[INFO DRT-0267] cpu time = 00:03:09, elapsed time = 00:00:14, memory = 3375.18 (MB), peak = 3451.45 (MB)
Total wire length = 1287783 um.
Total wire length on LAYER li1 = 0 um.
Total wire length on LAYER met1 = 395353 um.
Total wire length on LAYER met2 = 654134 um.
Total wire length on LAYER met3 = 181190 um.
Total wire length on LAYER met4 = 54841 um.
Total wire length on LAYER met5 = 2264 um.
Total number of vias = 167559.
Up-via summary (total 167559):

-------------------------
 FR_MASTERSLICE         0
            li1     68803
           met1     89824
           met2      7279
           met3      1541
           met4       112
-------------------------
               167559


[INFO DRT-0195] Start 2nd optimization iteration.
    Completing 10% with 7 violations.
    elapsed time = 00:00:00, memory = 3375.18 (MB).
    Completing 20% with 7 violations.
    elapsed time = 00:00:00, memory = 3375.18 (MB).
    Completing 30% with 7 violations.
    elapsed time = 00:00:00, memory = 3375.18 (MB).
    Completing 40% with 7 violations.
    elapsed time = 00:00:00, memory = 3375.18 (MB).
    Completing 50% with 7 violations.
    elapsed time = 00:00:00, memory = 3375.18 (MB).
    Completing 60% with 7 violations.
    elapsed time = 00:00:00, memory = 3375.18 (MB).
    Completing 70% with 7 violations.
    elapsed time = 00:00:00, memory = 3375.18 (MB).
    Completing 80% with 7 violations.
    elapsed time = 00:00:00, memory = 3375.18 (MB).
    Completing 90% with 7 violations.
    elapsed time = 00:00:00, memory = 3375.18 (MB).
    Completing 100% with 4 violations.
    elapsed time = 00:00:00, memory = 3375.18 (MB).
[INFO DRT-0199]   Number of violations = 4.
Viol/Layer        met1   met2
Short                1      3
[INFO DRT-0267] cpu time = 00:00:01, elapsed time = 00:00:00, memory = 3375.18 (MB), peak = 3451.45 (MB)
Total wire length = 1287793 um.
Total wire length on LAYER li1 = 0 um.
Total wire length on LAYER met1 = 395361 um.
Total wire length on LAYER met2 = 654136 um.
Total wire length on LAYER met3 = 181190 um.
Total wire length on LAYER met4 = 54841 um.
Total wire length on LAYER met5 = 2264 um.
Total number of vias = 167556.
Up-via summary (total 167556):

-------------------------
 FR_MASTERSLICE         0
            li1     68802
           met1     89822
           met2      7279
           met3      1541
           met4       112
-------------------------
               167556


[INFO DRT-0195] Start 3rd guides tiles iteration.
    Completing 30% with 4 violations.
    elapsed time = 00:00:00, memory = 3375.18 (MB).
    Completing 60% with 4 violations.
    elapsed time = 00:00:00, memory = 3375.18 (MB).
    Completing 100% with 0 violations.
    elapsed time = 00:00:00, memory = 3375.18 (MB).
[INFO DRT-0199]   Number of violations = 0.
[INFO DRT-0267] cpu time = 00:00:00, elapsed time = 00:00:00, memory = 3375.18 (MB), peak = 3451.45 (MB)
Total wire length = 1287795 um.
Total wire length on LAYER li1 = 0 um.
Total wire length on LAYER met1 = 395348 um.
Total wire length on LAYER met2 = 654133 um.
Total wire length on LAYER met3 = 181207 um.
Total wire length on LAYER met4 = 54841 um.
Total wire length on LAYER met5 = 2264 um.
Total number of vias = 167562.
Up-via summary (total 167562):

-------------------------
 FR_MASTERSLICE         0
            li1     68803
           met1     89825
           met2      7281
           met3      1541
           met4       112
-------------------------
               167562


[INFO DRT-0198] Complete detail routing.
Total wire length = 1287795 um.
Total wire length on LAYER li1 = 0 um.
Total wire length on LAYER met1 = 395348 um.
Total wire length on LAYER met2 = 654133 um.
Total wire length on LAYER met3 = 181207 um.
Total wire length on LAYER met4 = 54841 um.
Total wire length on LAYER met5 = 2264 um.
Total number of vias = 167562.
Up-via summary (total 167562):

-------------------------
 FR_MASTERSLICE         0
            li1     68803
           met1     89825
           met2      7281
           met3      1541
           met4       112
-------------------------
               167562


[INFO DRT-0267] cpu time = 00:06:21, elapsed time = 00:00:28, memory = 3375.18 (MB), peak = 3451.45 (MB)

[INFO DRT-0180] Post processing.
[INFO DRT-0501] Runtime: 49.17s
[INFO ANT-0002] Found 1 net violations.
[INFO ANT-0001] Found 1 pin violations.
[INFO GRT-0012] Found 1 antenna violations.
[INFO DPL-0006] Core area: 3714367.37 um^2
[INFO DPL-0007] Movable instances area: 17.52 um^2
[INFO DPL-0008] Fixed instances area within core: 474117.22 um^2
[INFO DPL-0009] Utilization: 12.8%
[INFO DPL-0005] Diamond search max displacement: +/- 500 sites horizontally, +/- 100 rows vertically.
[INFO DPL-1102] Legalizing using negotiation legalizer.
[INFO DPL-1103] Negotiation base search window: +/-20 sites horizontally, +/-5 rows vertically 
	Automatic search window extension enabled.
	Search window extendable up to the max displacement cap of +/-500 sites, +/-100 rows near walls.
[INFO DPL-1104] NegotiationLegalizer DRC penalty: 5.
[INFO DPL-0392] Negotiation cell height distribution (1 unique row-count(s)):
[INFO DPL-0393]   height 1 row(s): 67015 cells
          |      Total |  Illegal |  Illegal
Iteration | Violations |    Cells |    Sites
---------------------------------------------
        0 |          0 |         0 |         0
Negotiation phase 1 converged at iteration 0.
[INFO DPL-0500] Runtime: 0.19s
[INFO GRT-0015] Inserted 7 diodes.
[WARNING DRT-0120] Large net net2310 has 108 pins which may impact routing performance. Consider optimization.
[INFO DRT-0024]   Complete FR_MASTERSLICE.
[INFO DRT-0024]   Complete Fr_VIA.
[INFO DRT-0024]   Complete li1.
[INFO DRT-0024]   Complete mcon.
[INFO DRT-0024]   Complete met1.
[INFO DRT-0024]   Complete via.
[INFO DRT-0024]   Complete met2.
[INFO DRT-0024]   Complete via2.
[INFO DRT-0024]   Complete met3.
[INFO DRT-0024]   Complete via3.
[INFO DRT-0024]   Complete met4.
[INFO DRT-0024]   Complete via4.
[INFO DRT-0024]   Complete met5.
[INFO DRT-0165] Start pin access.
[INFO DRT-0076]   Complete 1000 pins.
[INFO DRT-0078]   Complete 1557 pins.
[INFO DRT-0079]   Complete 100 unique inst patterns.
[INFO DRT-0081]   Complete 198 unique inst patterns.
[INFO DRT-0082]   Complete 10000 groups.
[INFO DRT-0084]   Complete 14785 groups.
#scanned instances     = 67015
#unique  instances     = 198
#stdCellGenAp          = 5772
#stdCellValidPlanarAp  = 75
#stdCellValidViaAp     = 4375
#stdCellPinNoAp        = 0
#stdCellPinCnt         = 70927
#instTermValidViaApCnt = 0
#macroGenAp            = 0
#macroValidPlanarAp    = 0
#macroValidViaAp       = 0
#macroNoAp             = 0
[INFO DRT-0166] Complete pin access.
[INFO DRT-0267] cpu time = 00:03:47, elapsed time = 00:00:14, memory = 3375.14 (MB), peak = 3451.45 (MB)
[INFO DRT-0156] guideIn read 100000 guides.

[INFO DRT-0157] Number of guides:     199964

[INFO DRT-0169] Post process guides.
[INFO DRT-0176] GCELLGRID X 0 DO 279 STEP 6900 ;
[INFO DRT-0177] GCELLGRID Y 0 DO 279 STEP 6900 ;
[INFO DRT-0026]   Complete 100000 origin guides.
[INFO DRT-0028]   Complete FR_MASTERSLICE.
[INFO DRT-0028]   Complete Fr_VIA.
[INFO DRT-0028]   Complete li1.
[INFO DRT-0028]   Complete mcon.
[INFO DRT-0028]   Complete met1.
[INFO DRT-0028]   Complete via.
[INFO DRT-0028]   Complete met2.
[INFO DRT-0028]   Complete via2.
[INFO DRT-0028]   Complete met3.
[INFO DRT-0028]   Complete via3.
[INFO DRT-0028]   Complete met4.
[INFO DRT-0028]   Complete via4.
[INFO DRT-0028]   Complete met5.
[INFO DRT-0178] Init guide query.
[INFO DRT-0035]   Complete FR_MASTERSLICE (guide).
[INFO DRT-0035]   Complete Fr_VIA (guide).
[INFO DRT-0035]   Complete li1 (guide).
[INFO DRT-0035]   Complete mcon (guide).
[INFO DRT-0035]   Complete met1 (guide).
[INFO DRT-0035]   Complete via (guide).
[INFO DRT-0035]   Complete met2 (guide).
[INFO DRT-0035]   Complete via2 (guide).
[INFO DRT-0035]   Complete met3 (guide).
[INFO DRT-0035]   Complete via3 (guide).
[INFO DRT-0035]   Complete met4 (guide).
[INFO DRT-0035]   Complete via4 (guide).
[INFO DRT-0035]   Complete met5 (guide).
[INFO DRT-0036] FR_MASTERSLICE guide region query size = 0.
[INFO DRT-0036] FR_VIA guide region query size = 0.
[INFO DRT-0036] li1 guide region query size = 59936.
[INFO DRT-0036] mcon guide region query size = 0.
[INFO DRT-0036] met1 guide region query size = 60251.
[INFO DRT-0036] via guide region query size = 0.
[INFO DRT-0036] met2 guide region query size = 36608.
[INFO DRT-0036] via2 guide region query size = 0.
[INFO DRT-0036] met3 guide region query size = 4508.
[INFO DRT-0036] via3 guide region query size = 0.
[INFO DRT-0036] met4 guide region query size = 1115.
[INFO DRT-0036] via4 guide region query size = 0.
[INFO DRT-0036] met5 guide region query size = 60.
[INFO DRT-0179] Init gr pin query.
[INFO DRT-0267] cpu time = 00:00:01, elapsed time = 00:00:00, memory = 3375.14 (MB), peak = 3451.45 (MB)
[INFO DRT-0245] skipped writing guide updates to database.
[INFO DRT-0181] Start track assignment.
[INFO DRT-0184] Done with 97659 vertical wires in 6 frboxes and 64819 horizontal wires in 6 frboxes.
[INFO DRT-0186] Done with 9389 vertical wires in 6 frboxes and 15967 horizontal wires in 6 frboxes.
[INFO DRT-0182] Complete track assignment.
[INFO DRT-0267] cpu time = 00:00:11, elapsed time = 00:00:04, memory = 3452.06 (MB), peak = 3511.62 (MB)
[INFO DRT-0187] Start routing data preparation.
[INFO DRT-0267] cpu time = 00:00:00, elapsed time = 00:00:00, memory = 3452.06 (MB), peak = 3511.62 (MB)
[INFO DRT-0194] Start detail routing.
[INFO DRT-0195] Start 0th optimization iteration.
    Completing 10% with 0 violations.
    elapsed time = 00:00:01, memory = 3469.19 (MB).
    Completing 20% with 0 violations.
    elapsed time = 00:00:02, memory = 3469.36 (MB).
    Completing 30% with 0 violations.
    elapsed time = 00:00:03, memory = 3469.36 (MB).
    Completing 40% with 0 violations.
    elapsed time = 00:00:06, memory = 3495.68 (MB).
    Completing 50% with 0 violations.
    elapsed time = 00:00:06, memory = 3496.77 (MB).
    Completing 60% with 2 violations.
    elapsed time = 00:00:08, memory = 3496.24 (MB).
    Completing 70% with 2 violations.
    elapsed time = 00:00:09, memory = 3438.37 (MB).
    Completing 80% with 2 violations.
    elapsed time = 00:00:10, memory = 3438.37 (MB).
    Completing 90% with 2 violations.
    elapsed time = 00:00:12, memory = 3439.43 (MB).
    Completing 100% with 2 violations.
    elapsed time = 00:00:13, memory = 3410.93 (MB).
[INFO DRT-0199]   Number of violations = 3.
Viol/Layer        met3
Recheck              1
Short                2
[INFO DRT-0267] cpu time = 00:03:07, elapsed time = 00:00:13, memory = 3413.80 (MB), peak = 3511.62 (MB)
Total wire length = 1287817 um.
Total wire length on LAYER li1 = 0 um.
Total wire length on LAYER met1 = 395353 um.
Total wire length on LAYER met2 = 654146 um.
Total wire length on LAYER met3 = 181211 um.
Total wire length on LAYER met4 = 54841 um.
Total wire length on LAYER met5 = 2264 um.
Total number of vias = 167570.
Up-via summary (total 167570):

-------------------------
 FR_MASTERSLICE         0
            li1     68809
           met1     89829
           met2      7279
           met3      1541
           met4       112
-------------------------
               167570


[INFO DRT-0195] Start 1st optimization iteration.
    Completing 10% with 3 violations.
    elapsed time = 00:00:01, memory = 3490.50 (MB).
    Completing 20% with 3 violations.
    elapsed time = 00:00:02, memory = 3411.36 (MB).
    Completing 30% with 1 violations.
    elapsed time = 00:00:03, memory = 3411.36 (MB).
    Completing 40% with 1 violations.
    elapsed time = 00:00:05, memory = 3492.10 (MB).
    Completing 50% with 1 violations.
    elapsed time = 00:00:06, memory = 3492.10 (MB).
    Completing 60% with 1 violations.
    elapsed time = 00:00:07, memory = 3432.54 (MB).
    Completing 70% with 1 violations.
    elapsed time = 00:00:09, memory = 3432.66 (MB).
    Completing 80% with 1 violations.
    elapsed time = 00:00:10, memory = 3432.66 (MB).
    Completing 90% with 1 violations.
    elapsed time = 00:00:12, memory = 3450.89 (MB).
    Completing 100% with 1 violations.
    elapsed time = 00:00:13, memory = 3450.89 (MB).
[INFO DRT-0199]   Number of violations = 1.
Viol/Layer        met3
Short                1
[INFO DRT-0267] cpu time = 00:03:07, elapsed time = 00:00:13, memory = 3450.89 (MB), peak = 3551.06 (MB)
Total wire length = 1287818 um.
Total wire length on LAYER li1 = 0 um.
Total wire length on LAYER met1 = 395356 um.
Total wire length on LAYER met2 = 654144 um.
Total wire length on LAYER met3 = 181211 um.
Total wire length on LAYER met4 = 54841 um.
Total wire length on LAYER met5 = 2264 um.
Total number of vias = 167570.
Up-via summary (total 167570):

-------------------------
 FR_MASTERSLICE         0
            li1     68809
           met1     89829
           met2      7279
           met3      1541
           met4       112
-------------------------
               167570


[INFO DRT-0195] Start 2nd optimization iteration.
    Completing 10% with 1 violations.
    elapsed time = 00:00:00, memory = 3450.89 (MB).
    Completing 20% with 1 violations.
    elapsed time = 00:00:00, memory = 3450.89 (MB).
    Completing 30% with 1 violations.
    elapsed time = 00:00:00, memory = 3450.89 (MB).
    Completing 40% with 1 violations.
    elapsed time = 00:00:00, memory = 3450.89 (MB).
    Completing 50% with 1 violations.
    elapsed time = 00:00:00, memory = 3450.89 (MB).
    Completing 60% with 1 violations.
    elapsed time = 00:00:00, memory = 3450.89 (MB).
    Completing 70% with 1 violations.
    elapsed time = 00:00:00, memory = 3450.89 (MB).
    Completing 80% with 1 violations.
    elapsed time = 00:00:00, memory = 3450.89 (MB).
    Completing 90% with 1 violations.
    elapsed time = 00:00:00, memory = 3450.89 (MB).
    Completing 100% with 1 violations.
    elapsed time = 00:00:00, memory = 3450.89 (MB).
[INFO DRT-0199]   Number of violations = 1.
Viol/Layer        met3
Short                1
[INFO DRT-0267] cpu time = 00:00:01, elapsed time = 00:00:00, memory = 3450.89 (MB), peak = 3551.06 (MB)
Total wire length = 1287818 um.
Total wire length on LAYER li1 = 0 um.
Total wire length on LAYER met1 = 395356 um.
Total wire length on LAYER met2 = 654144 um.
Total wire length on LAYER met3 = 181211 um.
Total wire length on LAYER met4 = 54841 um.
Total wire length on LAYER met5 = 2264 um.
Total number of vias = 167570.
Up-via summary (total 167570):

-------------------------
 FR_MASTERSLICE         0
            li1     68809
           met1     89829
           met2      7279
           met3      1541
           met4       112
-------------------------
               167570


[INFO DRT-0195] Start 3rd guides tiles iteration.
    Completing 100% with 0 violations.
    elapsed time = 00:00:02, memory = 3450.89 (MB).
[INFO DRT-0199]   Number of violations = 0.
[INFO DRT-0267] cpu time = 00:00:02, elapsed time = 00:00:02, memory = 3450.89 (MB), peak = 3668.71 (MB)
Total wire length = 1287816 um.
Total wire length on LAYER li1 = 0 um.
Total wire length on LAYER met1 = 395356 um.
Total wire length on LAYER met2 = 654143 um.
Total wire length on LAYER met3 = 181211 um.
Total wire length on LAYER met4 = 54841 um.
Total wire length on LAYER met5 = 2264 um.
Total number of vias = 167570.
Up-via summary (total 167570):

-------------------------
 FR_MASTERSLICE         0
            li1     68809
           met1     89829
           met2      7279
           met3      1541
           met4       112
-------------------------
               167570


[INFO DRT-0198] Complete detail routing.
Total wire length = 1287816 um.
Total wire length on LAYER li1 = 0 um.
Total wire length on LAYER met1 = 395356 um.
Total wire length on LAYER met2 = 654143 um.
Total wire length on LAYER met3 = 181211 um.
Total wire length on LAYER met4 = 54841 um.
Total wire length on LAYER met5 = 2264 um.
Total number of vias = 167570.
Up-via summary (total 167570):

-------------------------
 FR_MASTERSLICE         0
            li1     68809
           met1     89829
           met2      7279
           met3      1541
           met4       112
-------------------------
               167570


[INFO DRT-0267] cpu time = 00:06:19, elapsed time = 00:00:30, memory = 3450.89 (MB), peak = 3668.71 (MB)

[INFO DRT-0180] Post processing.
[INFO DRT-0501] Runtime: 50.60s
[INFO ANT-0002] Found 0 net violations.
[INFO ANT-0001] Found 0 pin violations.
[INFO ANT-0002] Found 0 net violations.
[INFO ANT-0001] Found 0 pin violations.
Design area 474135 um^2 13% utilization.
write_db ./results/sky130hd/d_nw03_cand_gemini/base/5_2_route.odb
Elapsed time: 6:13.42[h:]min:sec. CPU time: user 4721.49 sys 4.72 (1265%). Peak memory: 3756756KB.
Log                       Ext     Elapsed/s Peak Memory/MB sha1sum result [0:20)
5_2_route                 .odb          373           3668 8aac37f4fc9971ff4dea
/OpenROAD-flow-scripts/flow/scripts/flow.sh 5_3_fillcell fillcell
Running fillcell.tcl, stage 5_3_fillcell
read_liberty /OpenROAD-flow-scripts/flow/platforms/sky130hd/lib/sky130_fd_sc_hd__tt_025C_1v80.lib
read_db ./results/sky130hd/d_nw03_cand_gemini/base/5_2_route.odb
read_sdc ./results/sky130hd/d_nw03_cand_gemini/base/5_1_grt.sdc
source /OpenROAD-flow-scripts/flow/platforms/sky130hd/setRC.tcl
filler_placement "sky130_fd_sc_hd__fill_1 sky130_fd_sc_hd__fill_2 sky130_fd_sc_hd__fill_4 sky130_fd_sc_hd__fill_8"
[INFO DPL-0001] Placed 410414 filler instances.
Design area 474135 um^2 13% utilization.
write_db ./results/sky130hd/d_nw03_cand_gemini/base/5_3_fillcell.odb
Elapsed time: 0:02.31[h:]min:sec. CPU time: user 2.08 sys 0.23 (99%). Peak memory: 752144KB.
Log                       Ext     Elapsed/s Peak Memory/MB sha1sum result [0:20)
5_3_fillcell              .odb            2            734 910670909bd72c868384
cp ./results/sky130hd/d_nw03_cand_gemini/base/5_3_fillcell.odb ./results/sky130hd/d_nw03_cand_gemini/base/5_route.odb
cp ./results/sky130hd/d_nw03_cand_gemini/base/5_1_grt.sdc ./results/sky130hd/d_nw03_cand_gemini/base/5_route.sdc
/OpenROAD-flow-scripts/flow/scripts/flow.sh 6_1_fill density_fill
Running density_fill.tcl, stage 6_1_fill
read_liberty /OpenROAD-flow-scripts/flow/platforms/sky130hd/lib/sky130_fd_sc_hd__tt_025C_1v80.lib
read_db ./results/sky130hd/d_nw03_cand_gemini/base/5_route.odb
read_sdc ./results/sky130hd/d_nw03_cand_gemini/base/5_route.sdc
source /OpenROAD-flow-scripts/flow/platforms/sky130hd/setRC.tcl
exec cp ./results/sky130hd/d_nw03_cand_gemini/base/5_route.odb ./results/sky130hd/d_nw03_cand_gemini/base/6_1_fill.odb
Elapsed time: 0:01.05[h:]min:sec. CPU time: user 0.85 sys 0.19 (99%). Peak memory: 484416KB.
Log                       Ext     Elapsed/s Peak Memory/MB sha1sum result [0:20)
6_1_fill                  .odb            1            473 910670909bd72c868384
cp ./results/sky130hd/d_nw03_cand_gemini/base/5_route.sdc ./results/sky130hd/d_nw03_cand_gemini/base/6_1_fill.sdc
/OpenROAD-flow-scripts/flow/scripts/flow.sh 6_report final_report
Running final_report.tcl, stage 6_report
read_liberty /OpenROAD-flow-scripts/flow/platforms/sky130hd/lib/sky130_fd_sc_hd__tt_025C_1v80.lib
read_db ./results/sky130hd/d_nw03_cand_gemini/base/6_1_fill.odb
read_sdc ./results/sky130hd/d_nw03_cand_gemini/base/6_1_fill.sdc
source /OpenROAD-flow-scripts/flow/platforms/sky130hd/setRC.tcl
write_db ./results/sky130hd/d_nw03_cand_gemini/base/6_final.odb
write_sdc -no_timestamp ./results/sky130hd/d_nw03_cand_gemini/base/6_final.sdc
Deleted 0 routing obstructions
Warning: master sky130_ef_sc_hd__decap_12 has signal pins but no liberty cell
[INFO RCX-0431] Defined process_corner X with ext_model_index 0
[INFO RCX-0029] Defined extraction corner X
[WARNING RCX-0514] The ext_model_file option is deprecated. Use set_extraction_rules_file command instead.
[INFO RCX-0435] Reading extraction model file /OpenROAD-flow-scripts/flow/platforms/sky130hd/rcx_patterns.rules ...
[INFO RCX-0436] RC segment generation axis_switch_oq (max_merge_res 50.0) ...
[INFO RCX-0040] Final 103148 rc segments
[INFO RCX-0439] Coupling Cap extraction axis_switch_oq ...
[INFO RCX-0440] Coupling threshhold is 0.1000 fF, coupling capacitance less than 0.1000 fF will be grounded.
[INFO RCX-0442] 9% of 283509 wires extracted
[INFO RCX-0442] 27% of 283509 wires extracted
[INFO RCX-0442] 44% of 283509 wires extracted
[INFO RCX-0442] 69% of 283509 wires extracted
[INFO RCX-0442] 88% of 283509 wires extracted
[INFO RCX-0442] 99% of 283509 wires extracted
[INFO RCX-0045] Extract 16795 nets, 119894 rsegs, 119894 caps, 192019 ccs
[INFO RCX-0443] 16795 nets finished
[INFO PSM-0040] All shapes on net VDD are connected.
########## IR report #################
Net              : VDD
Corner           : default
Total power      : 1.07e-01 W
Supply voltage   : 1.80e+00 V
Worstcase voltage: 1.80e+00 V
Average voltage  : 1.80e+00 V
Average IR drop  : 5.80e-06 V
Worstcase IR drop: 2.58e-04 V
Percentage drop  : 0.01 %
######################################
[INFO PSM-0040] All shapes on net VSS are connected.
########## IR report #################
Net              : VSS
Corner           : default
Total power      : 1.07e-01 W
Supply voltage   : 0.00e+00 V
Worstcase voltage: 2.74e-04 V
Average voltage  : 5.69e-06 V
Average IR drop  : 5.69e-06 V
Worstcase IR drop: 2.74e-04 V
Percentage drop  : 0.02 %
######################################
Cell type report:                       Count       Area
  Fill cell                            410414 3240232.64
  Tap cell                              49345   61740.46
  Antenna cell                            347     868.33
  Clock buffer                           1113   23583.87
  Timing Repair Buffer                   1085   10378.70
  Inverter                                 53     206.45
  Clock inverter                          557    5884.39
  Sequential cell                        9716  289680.33
  Multi-Input combinational cell         4799   81792.20
  Total                                477429 3714367.37
Report metrics stage 6, finish...

==========================================================================
finish report_design_area
--------------------------------------------------------------------------
Design area 474135 um^2 13% utilization.
[WARNING GUI-0076] QStandardPaths: XDG_RUNTIME_DIR not set, defaulting to '/tmp/runtime-'
Elapsed time: 0:40.06[h:]min:sec. CPU time: user 42.83 sys 9.57 (130%). Peak memory: 1750800KB.
Log                       Ext     Elapsed/s Peak Memory/MB sha1sum result [0:20)
6_report                                 40           1709                  N/A
cp /OpenROAD-flow-scripts/flow/platforms/sky130hd/lef/sky130_fd_sc_hd.tlef ./objects/sky130hd/d_nw03_cand_gemini/base/klayout_tech.lef
/usr/bin/python3 /OpenROAD-flow-scripts/flow/util/generate_klayout_tech.py \
	--template /OpenROAD-flow-scripts/flow/platforms/sky130hd/sky130hd.lyt \
	--output ./objects/sky130hd/d_nw03_cand_gemini/base/klayout.lyt \
	--lef-files ./objects/sky130hd/d_nw03_cand_gemini/base/klayout_tech.lef /OpenROAD-flow-scripts/flow/platforms/sky130hd/lef/sky130_fd_sc_hd_merged.lef   \
	--map-files 
/usr/bin/python3 /OpenROAD-flow-scripts/flow/scripts/run_command.py --log /OpenROAD-flow-scripts/flow/logs/sky130hd/d_nw03_cand_gemini/base/6_1_merge.log --tee -- \
        /OpenROAD-flow-scripts/flow/scripts/klayout.sh -zz -rd design_name=axis_switch_oq \
        -rd in_def=./results/sky130hd/d_nw03_cand_gemini/base/6_final.def \
        -rd in_files="/OpenROAD-flow-scripts/flow/platforms/sky130hd/gds/sky130_fd_sc_hd.gds  " \
        -rd seal_file="" \
        -rd out_file=./results/sky130hd/d_nw03_cand_gemini/base/6_1_merged.gds \
        -rd tech_file=./objects/sky130hd/d_nw03_cand_gemini/base/klayout.lyt \
        -rd layer_map= \
        -r /OpenROAD-flow-scripts/flow/util/def2stream.py
KLayout 0.30.7
[INFO] Reporting cells prior to loading DEF ...
	/OpenROAD-flow-scripts/flow/platforms/sky130hd/gds/sky130_fd_sc_hd.gds
[INFO] All LEF cells have matching GDS/OAS cells
[INFO] No orphan cells in the final layout
Elapsed time: 0:04.23[h:]min:sec. CPU time: user 3.97 sys 0.24 (99%). Peak memory: 859904KB.
cp results/sky130hd/d_nw03_cand_gemini/base/6_1_merged.gds results/sky130hd/d_nw03_cand_gemini/base/6_final.gds
./logs/sky130hd/d_nw03_cand_gemini/base
Log                       Ext     Elapsed/s Peak Memory/MB sha1sum result [0:20)
1_1_yosys_canonicalize    .rtlil          0             62 147b0cb75fa928655330
1_2_yosys                 .v              9            108 c574234253c1078ba096
1_2_yosys                 .sdc                             ab167aad668cd34117cc
1_synth                   .odb            0            171 5a5172e6818db0b4bc69
1_synth                   .sdc                             8244cb436bcadee6f88f
2_1_floorplan             .odb            3            213 c4d8921366b7b3a40650
2_1_floorplan             .sdc                             8244cb436bcadee6f88f
2_2_floorplan_macro       .odb            0            149 c4d8921366b7b3a40650
2_3_floorplan_tapcell     .odb            0            166 ffd62a13ecb63dbc79a4
2_4_floorplan_pdn         .odb            2            336 d128e2d721405a5a53e2
3_1_place_gp_skip_io      .odb            7            239 7c487ae747c666e18b92
3_2_place_iop             .odb            0            219 1fbc7130093b3a9cb6f0
3_3_place_gp              .odb           25            591 ace42492c37e8f193e0d
3_4_place_resized         .odb            8            269 aaec9558edd1225e5df4
3_5_place_dp              .odb           10            523 7d89c8d31674607853d9
4_1_cts                   .odb           13            555 c3887be53b62d08e5272
5_1_grt                   .odb           57           1170 ab46546669ea885ecb28
5_1_grt                   .sdc                             86818618b38c2ca48a8a
5_2_route                 .odb          373           3668 8aac37f4fc9971ff4dea
5_3_fillcell              .odb            2            734 910670909bd72c868384
6_1_fill                  .odb            1            473 910670909bd72c868384
6_1_fill                  .sdc                             86818618b38c2ca48a8a
6_1_merge                                 4            839                  N/A
6_report                                 40           1709                  N/A
Total                                   554           3668                     
